run_id,trial_id,scenario,request_id,image_key,task_id,started_at,finished_at,latency_ms,http_status,response_sha256,error_type,coalesced,cache
retained-20260902-68135d3ad33f,S0-r01,S0,request-001,d4745ce8b0076d85ef4bad6643512dad50425d8f61a49108664596ff785caf3e,f4e44e9f9016,2026-09-02T01:34:22.417749992Z,2026-09-02T01:34:22.748124159Z,330.374170,200,fa5bbaa12602c6803fc911cd560f3cd567585f7b4703499b433ac2343ab380c5,,false,miss
retained-20260902-68135d3ad33f,S2-10-r01,S2-10,request-001,d4745ce8b0076d85ef4bad6643512dad50425d8f61a49108664596ff785caf3e,f4e44e9f9016,2026-09-02T01:34:22.988867238Z,2026-09-02T01:34:23.304274845Z,315.407612,200,fa5bbaa12602c6803fc911cd560f3cd567585f7b4703499b433ac2343ab380c5,,true,miss
retained-20260902-68135d3ad33f,S2-10-r01,S2-10,request-002,d4745ce8b0076d85ef4bad6643512dad50425d8f61a49108664596ff785caf3e,f4e44e9f9016,2026-09-02T01:34:22.989053599Z,2026-09-02T01:34:23.304274366Z,315.220771,200,fa5bbaa12602c6803fc911cd560f3cd567585f7b4703499b433ac2343ab380c5,,true,miss
retained-20260902-68135d3ad33f,S2-10-r01,S2-10,request-003,d4745ce8b0076d85ef4bad6643512dad50425d8f61a49108664596ff785caf3e,f4e44e9f9016,2026-09-02T01:34:22.989035586Z,2026-09-02T01:34:23.304437214Z,315.401635,200,fa5bbaa12602c6803fc911cd560f3cd567585f7b4703499b433ac2343ab380c5,,true,miss
retained-20260902-68135d3ad33f,S2-10-r01,S2-10,request-004,d4745ce8b0076d85ef4bad6643512dad50425d8f61a49108664596ff785caf3e,f4e44e9f9016,2026-09-02T01:34:22.989002603Z,2026-09-02T01:34:23.304388547Z,315.385946,200,fa5bbaa12602c6803fc911cd560f3cd567585f7b4703499b433ac2343ab380c5,,true,miss
retained-20260902-68135d3ad33f,S2-10-r01,S2-10,request-005,d4745ce8b0076d85ef4bad6643512dad50425d8f61a49108664596ff785caf3e,f4e44e9f9016,2026-09-02T01:34:22.988971686Z,2026-09-02T01:34:23.304511323Z,315.539639,200,fa5bbaa12602c6803fc911cd560f3cd567585f7b4703499b433ac2343ab380c5,,true,miss
retained-20260902-68135d3ad33f,S2-10-r01,S2-10,request-006,d4745ce8b0076d85ef4bad6643512dad50425d8f61a49108664596ff785caf3e,f4e44e9f9016,2026-09-02T01:34:22.98913605Z,2026-09-02T01:34:23.30433884Z,315.202800,200,fa5bbaa12602c6803fc911cd560f3cd567585f7b4703499b433ac2343ab380c5,,false,miss
retained-20260902-68135d3ad33f,S2-10-r01,S2-10,request-007,d4745ce8b0076d85ef4bad6643512dad50425d8f61a49108664596ff785caf3e,f4e44e9f9016,2026-09-02T01:34:22.989106256Z,2026-09-02T01:34:23.304500463Z,315.394227,200,fa5bbaa12602c6803fc911cd560f3cd567585f7b4703499b433ac2343ab380c5,,true,miss
retained-20260902-68135d3ad33f,S2-10-r01,S2-10,request-008,d4745ce8b0076d85ef4bad6643512dad50425d8f61a49108664596ff785caf3e,f4e44e9f9016,2026-09-02T01:34:22.989084038Z,2026-09-02T01:34:23.304396127Z,315.312099,200,fa5bbaa12602c6803fc911cd560f3cd567585f7b4703499b433ac2343ab380c5,,true,miss
retained-20260902-68135d3ad33f,S2-10-r01,S2-10,request-009,d4745ce8b0076d85ef4bad6643512dad50425d8f61a49108664596ff785caf3e,f4e44e9f9016,2026-09-02T01:34:22.989047736Z,2026-09-02T01:34:23.304336758Z,315.289025,200,fa5bbaa12602c6803fc911cd560f3cd567585f7b4703499b433ac2343ab380c5,,true,miss
retained-20260902-68135d3ad33f,S2-10-r01,S2-10,request-010,d4745ce8b0076d85ef4bad6643512dad50425d8f61a49108664596ff785caf3e,f4e44e9f9016,2026-09-02T01:34:22.989077949Z,2026-09-02T01:34:23.304453783Z,315.375837,200,fa5bbaa12602c6803fc911cd560f3cd567585f7b4703499b433ac2343ab380c5,,true,miss
retained-20260902-68135d3ad33f,S1-10-r01,S1-10,request-001,d4745ce8b0076d85ef4bad6643512dad50425d8f61a49108664596ff785caf3e,f4e44e9f9016,2026-09-02T01:34:23.558440525Z,2026-09-02T01:34:24.848559032Z,1290.118513,200,fa5bbaa12602c6803fc911cd560f3cd567585f7b4703499b433ac2343ab380c5,,false,miss
retained-20260902-68135d3ad33f,S1-10-r01,S1-10,request-002,d4745ce8b0076d85ef4bad6643512dad50425d8f61a49108664596ff785caf3e,f4e44e9f9016,2026-09-02T01:34:23.558420904Z,2026-09-02T01:34:26.342958113Z,2784.537219,200,fa5bbaa12602c6803fc911cd560f3cd567585f7b4703499b433ac2343ab380c5,,false,miss
retained-20260902-68135d3ad33f,S1-10-r01,S1-10,request-003,d4745ce8b0076d85ef4bad6643512dad50425d8f61a49108664596ff785caf3e,f4e44e9f9016,2026-09-02T01:34:23.558400867Z,2026-09-02T01:34:24.858248144Z,1299.847285,200,fa5bbaa12602c6803fc911cd560f3cd567585f7b4703499b433ac2343ab380c5,,false,miss
retained-20260902-68135d3ad33f,S1-10-r01,S1-10,request-004,d4745ce8b0076d85ef4bad6643512dad50425d8f61a49108664596ff785caf3e,f4e44e9f9016,2026-09-02T01:34:23.558372361Z,2026-09-02T01:34:26.847430912Z,3289.058551,200,fa5bbaa12602c6803fc911cd560f3cd567585f7b4703499b433ac2343ab380c5,,false,miss
retained-20260902-68135d3ad33f,S1-10-r01,S1-10,request-005,d4745ce8b0076d85ef4bad6643512dad50425d8f61a49108664596ff785caf3e,f4e44e9f9016,2026-09-02T01:34:23.55827963Z,2026-09-02T01:34:26.846659185Z,3288.379561,200,fa5bbaa12602c6803fc911cd560f3cd567585f7b4703499b433ac2343ab380c5,,false,miss
retained-20260902-68135d3ad33f,S1-10-r01,S1-10,request-006,d4745ce8b0076d85ef4bad6643512dad50425d8f61a49108664596ff785caf3e,f4e44e9f9016,2026-09-02T01:34:23.558433655Z,2026-09-02T01:34:24.952457646Z,1394.023995,200,fa5bbaa12602c6803fc911cd560f3cd567585f7b4703499b433ac2343ab380c5,,false,miss
retained-20260902-68135d3ad33f,S1-10-r01,S1-10,request-007,d4745ce8b0076d85ef4bad6643512dad50425d8f61a49108664596ff785caf3e,f4e44e9f9016,2026-09-02T01:34:23.558411881Z,2026-09-02T01:34:26.158154625Z,2599.742750,200,fa5bbaa12602c6803fc911cd560f3cd567585f7b4703499b433ac2343ab380c5,,false,miss
retained-20260902-68135d3ad33f,S1-10-r01,S1-10,request-008,d4745ce8b0076d85ef4bad6643512dad50425d8f61a49108664596ff785caf3e,f4e44e9f9016,2026-09-02T01:34:23.558387504Z,2026-09-02T01:34:24.94998573Z,1391.598235,200,fa5bbaa12602c6803fc911cd560f3cd567585f7b4703499b433ac2343ab380c5,,false,miss
retained-20260902-68135d3ad33f,S1-10-r01,S1-10,request-009,d4745ce8b0076d85ef4bad6643512dad50425d8f61a49108664596ff785caf3e,f4e44e9f9016,2026-09-02T01:34:23.558360936Z,2026-09-02T01:34:26.141750843Z,2583.389913,200,fa5bbaa12602c6803fc911cd560f3cd567585f7b4703499b433ac2343ab380c5,,false,miss
retained-20260902-68135d3ad33f,S1-10-r01,S1-10,request-010,d4745ce8b0076d85ef4bad6643512dad50425d8f61a49108664596ff785caf3e,f4e44e9f9016,2026-09-02T01:34:23.558209753Z,2026-09-02T01:34:26.0636199Z,2505.410144,200,fa5bbaa12602c6803fc911cd560f3cd567585f7b4703499b433ac2343ab380c5,,false,miss
retained-20260902-68135d3ad33f,S1-50-r01,S1-50,request-001,d4745ce8b0076d85ef4bad6643512dad50425d8f61a49108664596ff785caf3e,f4e44e9f9016,2026-09-02T01:34:27.198291389Z,2026-09-02T01:34:29.856835918Z,2658.544532,200,fa5bbaa12602c6803fc911cd560f3cd567585f7b4703499b433ac2343ab380c5,,false,miss
retained-20260902-68135d3ad33f,S1-50-r01,S1-50,request-002,d4745ce8b0076d85ef4bad6643512dad50425d8f61a49108664596ff785caf3e,f4e44e9f9016,2026-09-02T01:34:27.199551514Z,2026-09-02T01:34:35.418881381Z,6449.177801,200,fa5bbaa12602c6803fc911cd560f3cd567585f7b4703499b433ac2343ab380c5,,false,miss
retained-20260902-68135d3ad33f,S1-50-r01,S1-50,request-003,d4745ce8b0076d85ef4bad6643512dad50425d8f61a49108664596ff785caf3e,f4e44e9f9016,2026-09-02T01:34:27.199486558Z,2026-09-02T01:34:34.225431434Z,5255.792812,200,fa5bbaa12602c6803fc911cd560f3cd567585f7b4703499b433ac2343ab380c5,,false,miss
retained-20260902-68135d3ad33f,S1-50-r01,S1-50,request-004,d4745ce8b0076d85ef4bad6643512dad50425d8f61a49108664596ff785caf3e,f4e44e9f9016,2026-09-02T01:34:27.199406743Z,2026-09-02T01:34:34.427519269Z,5457.960464,200,fa5bbaa12602c6803fc911cd560f3cd567585f7b4703499b433ac2343ab380c5,,false,miss
retained-20260902-68135d3ad33f,S1-50-r01,S1-50,request-005,d4745ce8b0076d85ef4bad6643512dad50425d8f61a49108664596ff785caf3e,f4e44e9f9016,2026-09-02T01:34:27.199362616Z,2026-09-02T01:34:38.112294604Z,9142.779923,200,fa5bbaa12602c6803fc911cd560f3cd567585f7b4703499b433ac2343ab380c5,,false,miss
retained-20260902-68135d3ad33f,S1-50-r01,S1-50,request-006,d4745ce8b0076d85ef4bad6643512dad50425d8f61a49108664596ff785caf3e,f4e44e9f9016,2026-09-02T01:34:27.199303583Z,2026-09-02T01:34:36.817773274Z,7848.317627,200,fa5bbaa12602c6803fc911cd560f3cd567585f7b4703499b433ac2343ab380c5,,false,miss
retained-20260902-68135d3ad33f,S1-50-r01,S1-50,request-007,d4745ce8b0076d85ef4bad6643512dad50425d8f61a49108664596ff785caf3e,f4e44e9f9016,2026-09-02T01:34:27.199262949Z,2026-09-02T01:34:36.82536772Z,7855.952707,200,fa5bbaa12602c6803fc911cd560f3cd567585f7b4703499b433ac2343ab380c5,,false,miss
retained-20260902-68135d3ad33f,S1-50-r01,S1-50,request-008,d4745ce8b0076d85ef4bad6643512dad50425d8f61a49108664596ff785caf3e,f4e44e9f9016,2026-09-02T01:34:27.19921598Z,2026-09-02T01:34:44.317723535Z,15348.355493,200,fa5bbaa12602c6803fc911cd560f3cd567585f7b4703499b433ac2343ab380c5,,false,miss
retained-20260902-68135d3ad33f,S1-50-r01,S1-50,request-009,d4745ce8b0076d85ef4bad6643512dad50425d8f61a49108664596ff785caf3e,f4e44e9f9016,2026-09-02T01:34:27.199190779Z,2026-09-02T01:34:44.315831055Z,15346.488209,200,fa5bbaa12602c6803fc911cd560f3cd567585f7b4703499b433ac2343ab380c5,,false,miss
retained-20260902-68135d3ad33f,S1-50-r01,S1-50,request-010,d4745ce8b0076d85ef4bad6643512dad50425d8f61a49108664596ff785caf3e,f4e44e9f9016,2026-09-02T01:34:27.19915087Z,2026-09-02T01:34:41.920597154Z,12951.294218,200,fa5bbaa12602c6803fc911cd560f3cd567585f7b4703499b433ac2343ab380c5,,false,miss
retained-20260902-68135d3ad33f,S1-50-r01,S1-50,request-011,d4745ce8b0076d85ef4bad6643512dad50425d8f61a49108664596ff785caf3e,f4e44e9f9016,2026-09-02T01:34:27.199086838Z,2026-09-02T01:34:45.025486641Z,16056.247738,200,fa5bbaa12602c6803fc911cd560f3cd567585f7b4703499b433ac2343ab380c5,,false,miss
retained-20260902-68135d3ad33f,S1-50-r01,S1-50,request-012,d4745ce8b0076d85ef4bad6643512dad50425d8f61a49108664596ff785caf3e,f4e44e9f9016,2026-09-02T01:34:27.199010717Z,2026-09-02T01:34:39.115608545Z,10146.445749,200,fa5bbaa12602c6803fc911cd560f3cd567585f7b4703499b433ac2343ab380c5,,false,miss
retained-20260902-68135d3ad33f,S1-50-r01,S1-50,request-013,d4745ce8b0076d85ef4bad6643512dad50425d8f61a49108664596ff785caf3e,f4e44e9f9016,2026-09-02T01:34:27.198866477Z,2026-09-02T01:34:39.32207165Z,10353.053113,200,fa5bbaa12602c6803fc911cd560f3cd567585f7b4703499b433ac2343ab380c5,,false,miss
retained-20260902-68135d3ad33f,S1-50-r01,S1-50,request-014,d4745ce8b0076d85ef4bad6643512dad50425d8f61a49108664596ff785caf3e,f4e44e9f9016,2026-09-02T01:34:27.198849422Z,2026-09-02T01:34:33.014143623Z,4045.142139,200,fa5bbaa12602c6803fc911cd560f3cd567585f7b4703499b433ac2343ab380c5,,false,miss
retained-20260902-68135d3ad33f,S1-50-r01,S1-50,request-015,d4745ce8b0076d85ef4bad6643512dad50425d8f61a49108664596ff785caf3e,f4e44e9f9016,2026-09-02T01:34:27.198822455Z,2026-09-02T01:34:30.142284389Z,2943.461933,200,fa5bbaa12602c6803fc911cd560f3cd567585f7b4703499b433ac2343ab380c5,,false,miss
retained-20260902-68135d3ad33f,S1-50-r01,S1-50,request-016,d4745ce8b0076d85ef4bad6643512dad50425d8f61a49108664596ff785caf3e,f4e44e9f9016,2026-09-02T01:34:27.198781499Z,2026-09-02T01:34:45.020556183Z,16051.622620,200,fa5bbaa12602c6803fc911cd560f3cd567585f7b4703499b433ac2343ab380c5,,false,miss
retained-20260902-68135d3ad33f,S1-50-r01,S1-50,request-017,d4745ce8b0076d85ef4bad6643512dad50425d8f61a49108664596ff785caf3e,f4e44e9f9016,2026-09-02T01:34:27.198736552Z,2026-09-02T01:34:34.115683643Z,5146.795021,200,fa5bbaa12602c6803fc911cd560f3cd567585f7b4703499b433ac2343ab380c5,,false,miss
retained-20260902-68135d3ad33f,S1-50-r01,S1-50,request-018,d4745ce8b0076d85ef4bad6643512dad50425d8f61a49108664596ff785caf3e,f4e44e9f9016,2026-09-02T01:34:27.198703831Z,2026-09-02T01:34:33.219812699Z,4250.956806,200,fa5bbaa12602c6803fc911cd560f3cd567585f7b4703499b433ac2343ab380c5,,false,miss
retained-20260902-68135d3ad33f,S1-50-r01,S1-50,request-019,d4745ce8b0076d85ef4bad6643512dad50425d8f61a49108664596ff785caf3e,f4e44e9f9016,2026-09-02T01:34:27.198652545Z,2026-09-02T01:34:44.41308886Z,15444.284248,200,fa5bbaa12602c6803fc911cd560f3cd567585f7b4703499b433ac2343ab380c5,,false,miss
retained-20260902-68135d3ad33f,S1-50-r01,S1-50,request-020,d4745ce8b0076d85ef4bad6643512dad50425d8f61a49108664596ff785caf3e,f4e44e9f9016,2026-09-02T01:34:27.198558877Z,2026-09-02T01:34:34.124403272Z,5155.692324,200,fa5bbaa12602c6803fc911cd560f3cd567585f7b4703499b433ac2343ab380c5,,false,miss
retained-20260902-68135d3ad33f,S1-50-r01,S1-50,request-021,d4745ce8b0076d85ef4bad6643512dad50425d8f61a49108664596ff785caf3e,f4e44e9f9016,2026-09-02T01:34:27.198540989Z,2026-09-02T01:34:36.62030169Z,7651.608635,200,fa5bbaa12602c6803fc911cd560f3cd567585f7b4703499b433ac2343ab380c5,,false,miss
retained-20260902-68135d3ad33f,S1-50-r01,S1-50,request-022,d4745ce8b0076d85ef4bad6643512dad50425d8f61a49108664596ff785caf3e,f4e44e9f9016,2026-09-02T01:34:27.198506865Z,2026-09-02T01:34:35.614091598Z,6645.432674,200,fa5bbaa12602c6803fc911cd560f3cd567585f7b4703499b433ac2343ab380c5,,false,miss
retained-20260902-68135d3ad33f,S1-50-r01,S1-50,request-023,d4745ce8b0076d85ef4bad6643512dad50425d8f61a49108664596ff785caf3e,f4e44e9f9016,2026-09-02T01:34:27.19847481Z,2026-09-02T01:34:28.562241465Z,1363.766660,200,fa5bbaa12602c6803fc911cd560f3cd567585f7b4703499b433ac2343ab380c5,,false,miss
retained-20260902-68135d3ad33f,S1-50-r01,S1-50,request-024,d4745ce8b0076d85ef4bad6643512dad50425d8f61a49108664596ff785caf3e,f4e44e9f9016,2026-09-02T01:34:27.198443196Z,2026-09-02T01:34:28.742964052Z,1544.520858,200,fa5bbaa12602c6803fc911cd560f3cd567585f7b4703499b433ac2343ab380c5,,false,miss
retained-20260902-68135d3ad33f,S1-50-r01,S1-50,request-025,d4745ce8b0076d85ef4bad6643512dad50425d8f61a49108664596ff785caf3e,f4e44e9f9016,2026-09-02T01:34:27.198327923Z,2026-09-02T01:34:38.114258263Z,9145.778282,200,fa5bbaa12602c6803fc911cd560f3cd567585f7b4703499b433ac2343ab380c5,,false,miss
retained-20260902-68135d3ad33f,S1-50-r01,S1-50,request-026,d4745ce8b0076d85ef4bad6643512dad50425d8f61a49108664596ff785caf3e,f4e44e9f9016,2026-09-02T01:34:27.199265839Z,2026-09-02T01:34:40.623282316Z,11653.864410,200,fa5bbaa12602c6803fc911cd560f3cd567585f7b4703499b433ac2343ab380c5,,false,miss
retained-20260902-68135d3ad33f,S1-50-r01,S1-50,request-027,d4745ce8b0076d85ef4bad6643512dad50425d8f61a49108664596ff785caf3e,f4e44e9f9016,2026-09-02T01:34:27.199239002Z,2026-09-02T01:34:41.717573842Z,12748.182774,200,fa5bbaa12602c6803fc911cd560f3cd567585f7b4703499b433ac2343ab380c5,,false,miss
retained-20260902-68135d3ad33f,S1-50-r01,S1-50,request-028,d4745ce8b0076d85ef4bad6643512dad50425d8f61a49108664596ff785caf3e,f4e44e9f9016,2026-09-02T01:34:27.199195048Z,2026-09-02T01:34:40.320259151Z,11350.912038,200,fa5bbaa12602c6803fc911cd560f3cd567585f7b4703499b433ac2343ab380c5,,false,miss
retained-20260902-68135d3ad33f,S1-50-r01,S1-50,request-029,d4745ce8b0076d85ef4bad6643512dad50425d8f61a49108664596ff785caf3e,f4e44e9f9016,2026-09-02T01:34:27.199158323Z,2026-09-02T01:34:43.218011771Z,14248.701382,200,fa5bbaa12602c6803fc911cd560f3cd567585f7b4703499b433ac2343ab380c5,,false,miss
retained-20260902-68135d3ad33f,S1-50-r01,S1-50,request-030,d4745ce8b0076d85ef4bad6643512dad50425d8f61a49108664596ff785caf3e,f4e44e9f9016,2026-09-02T01:34:27.199116137Z,2026-09-02T01:34:35.328630126Z,6359.361925,200,fa5bbaa12602c6803fc911cd560f3cd567585f7b4703499b433ac2343ab380c5,,false,miss
retained-20260902-68135d3ad33f,S1-50-r01,S1-50,request-031,d4745ce8b0076d85ef4bad6643512dad50425d8f61a49108664596ff785caf3e,f4e44e9f9016,2026-09-02T01:34:27.199095064Z,2026-09-02T01:34:41.632953661Z,12663.706503,200,fa5bbaa12602c6803fc911cd560f3cd567585f7b4703499b433ac2343ab380c5,,false,miss
retained-20260902-68135d3ad33f,S1-50-r01,S1-50,request-032,d4745ce8b0076d85ef4bad6643512dad50425d8f61a49108664596ff785caf3e,f4e44e9f9016,2026-09-02T01:34:27.19907294Z,2026-09-02T01:34:44.526126434Z,15556.901429,200,fa5bbaa12602c6803fc911cd560f3cd567585f7b4703499b433ac2343ab380c5,,false,miss
retained-20260902-68135d3ad33f,S1-50-r01,S1-50,request-033,d4745ce8b0076d85ef4bad6643512dad50425d8f61a49108664596ff785caf3e,f4e44e9f9016,2026-09-02T01:34:27.199029156Z,2026-09-02T01:34:29.857927176Z,2658.898017,200,fa5bbaa12602c6803fc911cd560f3cd567585f7b4703499b433ac2343ab380c5,,false,miss
retained-20260902-68135d3ad33f,S1-50-r01,S1-50,request-034,d4745ce8b0076d85ef4bad6643512dad50425d8f61a49108664596ff785caf3e,f4e44e9f9016,2026-09-02T01:34:27.198998367Z,2026-09-02T01:34:41.919458978Z,12950.308545,200,fa5bbaa12602c6803fc911cd560f3cd567585f7b4703499b433ac2343ab380c5,,false,miss
retained-20260902-68135d3ad33f,S1-50-r01,S1-50,request-035,d4745ce8b0076d85ef4bad6643512dad50425d8f61a49108664596ff785caf3e,f4e44e9f9016,2026-09-02T01:34:27.198965152Z,2026-09-02T01:34:43.025121085Z,14056.003863,200,fa5bbaa12602c6803fc911cd560f3cd567585f7b4703499b433ac2343ab380c5,,false,miss
retained-20260902-68135d3ad33f,S1-50-r01,S1-50,request-036,d4745ce8b0076d85ef4bad6643512dad50425d8f61a49108664596ff785caf3e,f4e44e9f9016,2026-09-02T01:34:27.198927607Z,2026-09-02T01:34:43.020836388Z,14051.756716,200,fa5bbaa12602c6803fc911cd560f3cd567585f7b4703499b433ac2343ab380c5,,false,miss
retained-20260902-68135d3ad33f,S1-50-r01,S1-50,request-037,d4745ce8b0076d85ef4bad6643512dad50425d8f61a49108664596ff785caf3e,f4e44e9f9016,2026-09-02T01:34:27.198844686Z,2026-09-02T01:34:32.917944457Z,3948.947708,200,fa5bbaa12602c6803fc911cd560f3cd567585f7b4703499b433ac2343ab380c5,,false,miss
retained-20260902-68135d3ad33f,S1-50-r01,S1-50,request-038,d4745ce8b0076d85ef4bad6643512dad50425d8f61a49108664596ff785caf3e,f4e44e9f9016,2026-09-02T01:34:27.198818917Z,2026-09-02T01:34:37.917771982Z,8948.801001,200,fa5bbaa12602c6803fc911cd560f3cd567585f7b4703499b433ac2343ab380c5,,false,miss
retained-20260902-68135d3ad33f,S1-50-r01,S1-50,request-039,d4745ce8b0076d85ef4bad6643512dad50425d8f61a49108664596ff785caf3e,f4e44e9f9016,2026-09-02T01:34:27.198789986Z,2026-09-02T01:34:39.322866428Z,10353.924377,200,fa5bbaa12602c6803fc911cd560f3cd567585f7b4703499b433ac2343ab380c5,,false,miss
retained-20260902-68135d3ad33f,S1-50-r01,S1-50,request-040,d4745ce8b0076d85ef4bad6643512dad50425d8f61a49108664596ff785caf3e,f4e44e9f9016,2026-09-02T01:34:27.198771709Z,2026-09-02T01:34:29.760860425Z,2562.088713,200,fa5bbaa12602c6803fc911cd560f3cd567585f7b4703499b433ac2343ab380c5,,false,miss
retained-20260902-68135d3ad33f,S1-50-r01,S1-50,request-041,d4745ce8b0076d85ef4bad6643512dad50425d8f61a49108664596ff785caf3e,f4e44e9f9016,2026-09-02T01:34:27.198736741Z,2026-09-02T01:34:43.133415912Z,14164.527113,200,fa5bbaa12602c6803fc911cd560f3cd567585f7b4703499b433ac2343ab380c5,,false,miss
retained-20260902-68135d3ad33f,S1-50-r01,S1-50,request-042,d4745ce8b0076d85ef4bad6643512dad50425d8f61a49108664596ff785caf3e,f4e44e9f9016,2026-09-02T01:34:27.198714574Z,2026-09-02T01:34:39.117070756Z,10148.204117,200,fa5bbaa12602c6803fc911cd560f3cd567585f7b4703499b433ac2343ab380c5,,false,miss
retained-20260902-68135d3ad33f,S1-50-r01,S1-50,request-043,d4745ce8b0076d85ef4bad6643512dad50425d8f61a49108664596ff785caf3e,f4e44e9f9016,2026-09-02T01:34:27.198654265Z,2026-09-02T01:34:37.826680611Z,8857.874275,200,fa5bbaa12602c6803fc911cd560f3cd567585f7b4703499b433ac2343ab380c5,,false,miss
retained-20260902-68135d3ad33f,S1-50-r01,S1-50,request-044,d4745ce8b0076d85ef4bad6643512dad50425d8f61a49108664596ff785caf3e,f4e44e9f9016,2026-09-02T01:34:27.198588636Z,2026-09-02T01:34:35.527401036Z,6558.660339,200,fa5bbaa12602c6803fc911cd560f3cd567585f7b4703499b433ac2343ab380c5,,false,miss
retained-20260902-68135d3ad33f,S1-50-r01,S1-50,request-045,d4745ce8b0076d85ef4bad6643512dad50425d8f61a49108664596ff785caf3e,f4e44e9f9016,2026-09-02T01:34:27.198553804Z,2026-09-02T01:34:32.914570156Z,3945.864294,200,fa5bbaa12602c6803fc911cd560f3cd567585f7b4703499b433ac2343ab380c5,,false,miss
retained-20260902-68135d3ad33f,S1-50-r01,S1-50,request-046,d4745ce8b0076d85ef4bad6643512dad50425d8f61a49108664596ff785caf3e,f4e44e9f9016,2026-09-02T01:34:27.198527003Z,2026-09-02T01:34:28.562087174Z,1363.560173,200,fa5bbaa12602c6803fc911cd560f3cd567585f7b4703499b433ac2343ab380c5,,false,miss
retained-20260902-68135d3ad33f,S1-50-r01,S1-50,request-047,d4745ce8b0076d85ef4bad6643512dad50425d8f61a49108664596ff785caf3e,f4e44e9f9016,2026-09-02T01:34:27.198505628Z,2026-09-02T01:34:36.626031434Z,7657.373746,200,fa5bbaa12602c6803fc911cd560f3cd567585f7b4703499b433ac2343ab380c5,,false,miss
retained-20260902-68135d3ad33f,S1-50-r01,S1-50,request-048,d4745ce8b0076d85ef4bad6643512dad50425d8f61a49108664596ff785caf3e,f4e44e9f9016,2026-09-02T01:34:27.198476125Z,2026-09-02T01:34:28.544278514Z,1345.802391,200,fa5bbaa12602c6803fc911cd560f3cd567585f7b4703499b433ac2343ab380c5,,false,miss
retained-20260902-68135d3ad33f,S1-50-r01,S1-50,request-049,d4745ce8b0076d85ef4bad6643512dad50425d8f61a49108664596ff785caf3e,f4e44e9f9016,2026-09-02T01:34:27.198444057Z,2026-09-02T01:34:40.513297765Z,11544.701638,200,fa5bbaa12602c6803fc911cd560f3cd567585f7b4703499b433ac2343ab380c5,,false,miss
retained-20260902-68135d3ad33f,S1-50-r01,S1-50,request-050,d4745ce8b0076d85ef4bad6643512dad50425d8f61a49108664596ff785caf3e,f4e44e9f9016,2026-09-02T01:34:27.199585304Z,2026-09-02T01:34:40.420440668Z,11450.703298,200,fa5bbaa12602c6803fc911cd560f3cd567585f7b4703499b433ac2343ab380c5,,false,miss
retained-20260902-68135d3ad33f,S2-50-r01,S2-50,request-001,d4745ce8b0076d85ef4bad6643512dad50425d8f61a49108664596ff785caf3e,f4e44e9f9016,2026-09-02T01:34:45.397368768Z,2026-09-02T01:34:45.74148706Z,344.118287,200,fa5bbaa12602c6803fc911cd560f3cd567585f7b4703499b433ac2343ab380c5,,true,miss
retained-20260902-68135d3ad33f,S2-50-r01,S2-50,request-002,d4745ce8b0076d85ef4bad6643512dad50425d8f61a49108664596ff785caf3e,f4e44e9f9016,2026-09-02T01:34:45.398361943Z,2026-09-02T01:34:45.742999594Z,344.637651,200,fa5bbaa12602c6803fc911cd560f3cd567585f7b4703499b433ac2343ab380c5,,true,miss
retained-20260902-68135d3ad33f,S2-50-r01,S2-50,request-003,d4745ce8b0076d85ef4bad6643512dad50425d8f61a49108664596ff785caf3e,f4e44e9f9016,2026-09-02T01:34:45.398320432Z,2026-09-02T01:34:45.74267128Z,344.350848,200,fa5bbaa12602c6803fc911cd560f3cd567585f7b4703499b433ac2343ab380c5,,true,miss
retained-20260902-68135d3ad33f,S2-50-r01,S2-50,request-004,d4745ce8b0076d85ef4bad6643512dad50425d8f61a49108664596ff785caf3e,f4e44e9f9016,2026-09-02T01:34:45.398262219Z,2026-09-02T01:34:45.741473719Z,343.211500,200,fa5bbaa12602c6803fc911cd560f3cd567585f7b4703499b433ac2343ab380c5,,true,miss
retained-20260902-68135d3ad33f,S2-50-r01,S2-50,request-005,d4745ce8b0076d85ef4bad6643512dad50425d8f61a49108664596ff785caf3e,f4e44e9f9016,2026-09-02T01:34:45.398231126Z,2026-09-02T01:34:45.742016321Z,343.785202,200,fa5bbaa12602c6803fc911cd560f3cd567585f7b4703499b433ac2343ab380c5,,true,miss
retained-20260902-68135d3ad33f,S2-50-r01,S2-50,request-006,d4745ce8b0076d85ef4bad6643512dad50425d8f61a49108664596ff785caf3e,f4e44e9f9016,2026-09-02T01:34:45.39820926Z,2026-09-02T01:34:45.741429823Z,343.220563,200,fa5bbaa12602c6803fc911cd560f3cd567585f7b4703499b433ac2343ab380c5,,true,miss
retained-20260902-68135d3ad33f,S2-50-r01,S2-50,request-007,d4745ce8b0076d85ef4bad6643512dad50425d8f61a49108664596ff785caf3e,f4e44e9f9016,2026-09-02T01:34:45.398186899Z,2026-09-02T01:34:45.743709629Z,345.522731,200,fa5bbaa12602c6803fc911cd560f3cd567585f7b4703499b433ac2343ab380c5,,true,miss
retained-20260902-68135d3ad33f,S2-50-r01,S2-50,request-008,d4745ce8b0076d85ef4bad6643512dad50425d8f61a49108664596ff785caf3e,f4e44e9f9016,2026-09-02T01:34:45.398156265Z,2026-09-02T01:34:45.742928513Z,344.772244,200,fa5bbaa12602c6803fc911cd560f3cd567585f7b4703499b433ac2343ab380c5,,true,miss
retained-20260902-68135d3ad33f,S2-50-r01,S2-50,request-009,d4745ce8b0076d85ef4bad6643512dad50425d8f61a49108664596ff785caf3e,f4e44e9f9016,2026-09-02T01:34:45.398107128Z,2026-09-02T01:34:45.741915147Z,343.808019,200,fa5bbaa12602c6803fc911cd560f3cd567585f7b4703499b433ac2343ab380c5,,true,miss
retained-20260902-68135d3ad33f,S2-50-r01,S2-50,request-010,d4745ce8b0076d85ef4bad6643512dad50425d8f61a49108664596ff785caf3e,f4e44e9f9016,2026-09-02T01:34:45.398065142Z,2026-09-02T01:34:45.742000404Z,343.935255,200,fa5bbaa12602c6803fc911cd560f3cd567585f7b4703499b433ac2343ab380c5,,true,miss
retained-20260902-68135d3ad33f,S2-50-r01,S2-50,request-011,d4745ce8b0076d85ef4bad6643512dad50425d8f61a49108664596ff785caf3e,f4e44e9f9016,2026-09-02T01:34:45.398030209Z,2026-09-02T01:34:45.741646971Z,343.616763,200,fa5bbaa12602c6803fc911cd560f3cd567585f7b4703499b433ac2343ab380c5,,true,miss
retained-20260902-68135d3ad33f,S2-50-r01,S2-50,request-012,d4745ce8b0076d85ef4bad6643512dad50425d8f61a49108664596ff785caf3e,f4e44e9f9016,2026-09-02T01:34:45.397987154Z,2026-09-02T01:34:45.741350798Z,343.363655,200,fa5bbaa12602c6803fc911cd560f3cd567585f7b4703499b433ac2343ab380c5,,true,miss
retained-20260902-68135d3ad33f,S2-50-r01,S2-50,request-013,d4745ce8b0076d85ef4bad6643512dad50425d8f61a49108664596ff785caf3e,f4e44e9f9016,2026-09-02T01:34:45.39795124Z,2026-09-02T01:34:45.743727554Z,345.776321,200,fa5bbaa12602c6803fc911cd560f3cd567585f7b4703499b433ac2343ab380c5,,true,miss
retained-20260902-68135d3ad33f,S2-50-r01,S2-50,request-014,d4745ce8b0076d85ef4bad6643512dad50425d8f61a49108664596ff785caf3e,f4e44e9f9016,2026-09-02T01:34:45.397933882Z,2026-09-02T01:34:45.742448191Z,344.514317,200,fa5bbaa12602c6803fc911cd560f3cd567585f7b4703499b433ac2343ab380c5,,true,miss
retained-20260902-68135d3ad33f,S2-50-r01,S2-50,request-015,d4745ce8b0076d85ef4bad6643512dad50425d8f61a49108664596ff785caf3e,f4e44e9f9016,2026-09-02T01:34:45.397909335Z,2026-09-02T01:34:45.741543785Z,343.634446,200,fa5bbaa12602c6803fc911cd560f3cd567585f7b4703499b433ac2343ab380c5,,true,miss
retained-20260902-68135d3ad33f,S2-50-r01,S2-50,request-016,d4745ce8b0076d85ef4bad6643512dad50425d8f61a49108664596ff785caf3e,f4e44e9f9016,2026-09-02T01:34:45.397856981Z,2026-09-02T01:34:45.741181237Z,343.324257,200,fa5bbaa12602c6803fc911cd560f3cd567585f7b4703499b433ac2343ab380c5,,true,miss
retained-20260902-68135d3ad33f,S2-50-r01,S2-50,request-017,d4745ce8b0076d85ef4bad6643512dad50425d8f61a49108664596ff785caf3e,f4e44e9f9016,2026-09-02T01:34:45.39781424Z,2026-09-02T01:34:45.74326948Z,345.455240,200,fa5bbaa12602c6803fc911cd560f3cd567585f7b4703499b433ac2343ab380c5,,true,miss
retained-20260902-68135d3ad33f,S2-50-r01,S2-50,request-018,d4745ce8b0076d85ef4bad6643512dad50425d8f61a49108664596ff785caf3e,f4e44e9f9016,2026-09-02T01:34:45.3977769Z,2026-09-02T01:34:45.74173409Z,343.957200,200,fa5bbaa12602c6803fc911cd560f3cd567585f7b4703499b433ac2343ab380c5,,true,miss
retained-20260902-68135d3ad33f,S2-50-r01,S2-50,request-019,d4745ce8b0076d85ef4bad6643512dad50425d8f61a49108664596ff785caf3e,f4e44e9f9016,2026-09-02T01:34:45.397714956Z,2026-09-02T01:34:45.74141683Z,343.701870,200,fa5bbaa12602c6803fc911cd560f3cd567585f7b4703499b433ac2343ab380c5,,true,miss
retained-20260902-68135d3ad33f,S2-50-r01,S2-50,request-020,d4745ce8b0076d85ef4bad6643512dad50425d8f61a49108664596ff785caf3e,f4e44e9f9016,2026-09-02T01:34:45.397684536Z,2026-09-02T01:34:45.743022167Z,345.337627,200,fa5bbaa12602c6803fc911cd560f3cd567585f7b4703499b433ac2343ab380c5,,true,miss
retained-20260902-68135d3ad33f,S2-50-r01,S2-50,request-021,d4745ce8b0076d85ef4bad6643512dad50425d8f61a49108664596ff785caf3e,f4e44e9f9016,2026-09-02T01:34:45.397646199Z,2026-09-02T01:34:45.74381115Z,346.164951,200,fa5bbaa12602c6803fc911cd560f3cd567585f7b4703499b433ac2343ab380c5,,true,miss
retained-20260902-68135d3ad33f,S2-50-r01,S2-50,request-022,d4745ce8b0076d85ef4bad6643512dad50425d8f61a49108664596ff785caf3e,f4e44e9f9016,2026-09-02T01:34:45.397623069Z,2026-09-02T01:34:45.741922286Z,344.299216,200,fa5bbaa12602c6803fc911cd560f3cd567585f7b4703499b433ac2343ab380c5,,true,miss
retained-20260902-68135d3ad33f,S2-50-r01,S2-50,request-023,d4745ce8b0076d85ef4bad6643512dad50425d8f61a49108664596ff785caf3e,f4e44e9f9016,2026-09-02T01:34:45.397569644Z,2026-09-02T01:34:45.743161825Z,345.592187,200,fa5bbaa12602c6803fc911cd560f3cd567585f7b4703499b433ac2343ab380c5,,true,miss
retained-20260902-68135d3ad33f,S2-50-r01,S2-50,request-024,d4745ce8b0076d85ef4bad6643512dad50425d8f61a49108664596ff785caf3e,f4e44e9f9016,2026-09-02T01:34:45.397526379Z,2026-09-02T01:34:45.741310097Z,343.783716,200,fa5bbaa12602c6803fc911cd560f3cd567585f7b4703499b433ac2343ab380c5,,false,miss
retained-20260902-68135d3ad33f,S2-50-r01,S2-50,request-025,d4745ce8b0076d85ef4bad6643512dad50425d8f61a49108664596ff785caf3e,f4e44e9f9016,2026-09-02T01:34:45.397425214Z,2026-09-02T01:34:45.741214136Z,343.788922,200,fa5bbaa12602c6803fc911cd560f3cd567585f7b4703499b433ac2343ab380c5,,true,miss
retained-20260902-68135d3ad33f,S2-50-r01,S2-50,request-026,d4745ce8b0076d85ef4bad6643512dad50425d8f61a49108664596ff785caf3e,f4e44e9f9016,2026-09-02T01:34:45.398306427Z,2026-09-02T01:34:45.74181853Z,343.512111,200,fa5bbaa12602c6803fc911cd560f3cd567585f7b4703499b433ac2343ab380c5,,true,miss
retained-20260902-68135d3ad33f,S2-50-r01,S2-50,request-027,d4745ce8b0076d85ef4bad6643512dad50425d8f61a49108664596ff785caf3e,f4e44e9f9016,2026-09-02T01:34:45.398289351Z,2026-09-02T01:34:45.741246496Z,342.957150,200,fa5bbaa12602c6803fc911cd560f3cd567585f7b4703499b433ac2343ab380c5,,true,miss
retained-20260902-68135d3ad33f,S2-50-r01,S2-50,request-028,d4745ce8b0076d85ef4bad6643512dad50425d8f61a49108664596ff785caf3e,f4e44e9f9016,2026-09-02T01:34:45.39826985Z,2026-09-02T01:34:45.74283396Z,344.564112,200,fa5bbaa12602c6803fc911cd560f3cd567585f7b4703499b433ac2343ab380c5,,true,miss
retained-20260902-68135d3ad33f,S2-50-r01,S2-50,request-029,d4745ce8b0076d85ef4bad6643512dad50425d8f61a49108664596ff785caf3e,f4e44e9f9016,2026-09-02T01:34:45.398248679Z,2026-09-02T01:34:45.743897307Z,345.648629,200,fa5bbaa12602c6803fc911cd560f3cd567585f7b4703499b433ac2343ab380c5,,true,miss
retained-20260902-68135d3ad33f,S2-50-r01,S2-50,request-030,d4745ce8b0076d85ef4bad6643512dad50425d8f61a49108664596ff785caf3e,f4e44e9f9016,2026-09-02T01:34:45.398227193Z,2026-09-02T01:34:45.74167453Z,343.447343,200,fa5bbaa12602c6803fc911cd560f3cd567585f7b4703499b433ac2343ab380c5,,true,miss
retained-20260902-68135d3ad33f,S2-50-r01,S2-50,request-031,d4745ce8b0076d85ef4bad6643512dad50425d8f61a49108664596ff785caf3e,f4e44e9f9016,2026-09-02T01:34:45.398205044Z,2026-09-02T01:34:45.741098748Z,342.893696,200,fa5bbaa12602c6803fc911cd560f3cd567585f7b4703499b433ac2343ab380c5,,true,miss
retained-20260902-68135d3ad33f,S2-50-r01,S2-50,request-032,d4745ce8b0076d85ef4bad6643512dad50425d8f61a49108664596ff785caf3e,f4e44e9f9016,2026-09-02T01:34:45.39818089Z,2026-09-02T01:34:45.743937758Z,345.756864,200,fa5bbaa12602c6803fc911cd560f3cd567585f7b4703499b433ac2343ab380c5,,true,miss
retained-20260902-68135d3ad33f,S2-50-r01,S2-50,request-033,d4745ce8b0076d85ef4bad6643512dad50425d8f61a49108664596ff785caf3e,f4e44e9f9016,2026-09-02T01:34:45.398143974Z,2026-09-02T01:34:45.742367703Z,344.223735,200,fa5bbaa12602c6803fc911cd560f3cd567585f7b4703499b433ac2343ab380c5,,true,miss
retained-20260902-68135d3ad33f,S2-50-r01,S2-50,request-034,d4745ce8b0076d85ef4bad6643512dad50425d8f61a49108664596ff785caf3e,f4e44e9f9016,2026-09-02T01:34:45.398119526Z,2026-09-02T01:34:45.743855917Z,345.736386,200,fa5bbaa12602c6803fc911cd560f3cd567585f7b4703499b433ac2343ab380c5,,true,miss
retained-20260902-68135d3ad33f,S2-50-r01,S2-50,request-035,d4745ce8b0076d85ef4bad6643512dad50425d8f61a49108664596ff785caf3e,f4e44e9f9016,2026-09-02T01:34:45.398021761Z,2026-09-02T01:34:45.743766308Z,345.744541,200,fa5bbaa12602c6803fc911cd560f3cd567585f7b4703499b433ac2343ab380c5,,true,miss
retained-20260902-68135d3ad33f,S2-50-r01,S2-50,request-036,d4745ce8b0076d85ef4bad6643512dad50425d8f61a49108664596ff785caf3e,f4e44e9f9016,2026-09-02T01:34:45.397944503Z,2026-09-02T01:34:45.742960804Z,345.016292,200,fa5bbaa12602c6803fc911cd560f3cd567585f7b4703499b433ac2343ab380c5,,true,miss
retained-20260902-68135d3ad33f,S2-50-r01,S2-50,request-037,d4745ce8b0076d85ef4bad6643512dad50425d8f61a49108664596ff785caf3e,f4e44e9f9016,2026-09-02T01:34:45.397922757Z,2026-09-02T01:34:45.741753326Z,343.830570,200,fa5bbaa12602c6803fc911cd560f3cd567585f7b4703499b433ac2343ab380c5,,true,miss
retained-20260902-68135d3ad33f,S2-50-r01,S2-50,request-038,d4745ce8b0076d85ef4bad6643512dad50425d8f61a49108664596ff785caf3e,f4e44e9f9016,2026-09-02T01:34:45.397887042Z,2026-09-02T01:34:45.741156754Z,343.269714,200,fa5bbaa12602c6803fc911cd560f3cd567585f7b4703499b433ac2343ab380c5,,true,miss
retained-20260902-68135d3ad33f,S2-50-r01,S2-50,request-039,d4745ce8b0076d85ef4bad6643512dad50425d8f61a49108664596ff785caf3e,f4e44e9f9016,2026-09-02T01:34:45.397869292Z,2026-09-02T01:34:45.740996718Z,343.127427,200,fa5bbaa12602c6803fc911cd560f3cd567585f7b4703499b433ac2343ab380c5,,true,miss
retained-20260902-68135d3ad33f,S2-50-r01,S2-50,request-040,d4745ce8b0076d85ef4bad6643512dad50425d8f61a49108664596ff785caf3e,f4e44e9f9016,2026-09-02T01:34:45.397839262Z,2026-09-02T01:34:45.743309898Z,345.470630,200,fa5bbaa12602c6803fc911cd560f3cd567585f7b4703499b433ac2343ab380c5,,true,miss
retained-20260902-68135d3ad33f,S2-50-r01,S2-50,request-041,d4745ce8b0076d85ef4bad6643512dad50425d8f61a49108664596ff785caf3e,f4e44e9f9016,2026-09-02T01:34:45.397801386Z,2026-09-02T01:34:45.742868763Z,345.067372,200,fa5bbaa12602c6803fc911cd560f3cd567585f7b4703499b433ac2343ab380c5,,true,miss
retained-20260902-68135d3ad33f,S2-50-r01,S2-50,request-042,d4745ce8b0076d85ef4bad6643512dad50425d8f61a49108664596ff785caf3e,f4e44e9f9016,2026-09-02T01:34:45.397758555Z,2026-09-02T01:34:45.741551748Z,343.793192,200,fa5bbaa12602c6803fc911cd560f3cd567585f7b4703499b433ac2343ab380c5,,true,miss
retained-20260902-68135d3ad33f,S2-50-r01,S2-50,request-043,d4745ce8b0076d85ef4bad6643512dad50425d8f61a49108664596ff785caf3e,f4e44e9f9016,2026-09-02T01:34:45.397708505Z,2026-09-02T01:34:45.741285713Z,343.577201,200,fa5bbaa12602c6803fc911cd560f3cd567585f7b4703499b433ac2343ab380c5,,true,miss
retained-20260902-68135d3ad33f,S2-50-r01,S2-50,request-044,d4745ce8b0076d85ef4bad6643512dad50425d8f61a49108664596ff785caf3e,f4e44e9f9016,2026-09-02T01:34:45.397681113Z,2026-09-02T01:34:45.742903049Z,345.221938,200,fa5bbaa12602c6803fc911cd560f3cd567585f7b4703499b433ac2343ab380c5,,true,miss
retained-20260902-68135d3ad33f,S2-50-r01,S2-50,request-045,d4745ce8b0076d85ef4bad6643512dad50425d8f61a49108664596ff785caf3e,f4e44e9f9016,2026-09-02T01:34:45.397649872Z,2026-09-02T01:34:45.743378191Z,345.728321,200,fa5bbaa12602c6803fc911cd560f3cd567585f7b4703499b433ac2343ab380c5,,true,miss
retained-20260902-68135d3ad33f,S2-50-r01,S2-50,request-046,d4745ce8b0076d85ef4bad6643512dad50425d8f61a49108664596ff785caf3e,f4e44e9f9016,2026-09-02T01:34:45.397625877Z,2026-09-02T01:34:45.743693812Z,346.067934,200,fa5bbaa12602c6803fc911cd560f3cd567585f7b4703499b433ac2343ab380c5,,true,miss
retained-20260902-68135d3ad33f,S2-50-r01,S2-50,request-047,d4745ce8b0076d85ef4bad6643512dad50425d8f61a49108664596ff785caf3e,f4e44e9f9016,2026-09-02T01:34:45.397598528Z,2026-09-02T01:34:45.741371057Z,343.772524,200,fa5bbaa12602c6803fc911cd560f3cd567585f7b4703499b433ac2343ab380c5,,true,miss
retained-20260902-68135d3ad33f,S2-50-r01,S2-50,request-048,d4745ce8b0076d85ef4bad6643512dad50425d8f61a49108664596ff785caf3e,f4e44e9f9016,2026-09-02T01:34:45.397558704Z,2026-09-02T01:34:45.74270152Z,345.142827,200,fa5bbaa12602c6803fc911cd560f3cd567585f7b4703499b433ac2343ab380c5,,true,miss
retained-20260902-68135d3ad33f,S2-50-r01,S2-50,request-049,d4745ce8b0076d85ef4bad6643512dad50425d8f61a49108664596ff785caf3e,f4e44e9f9016,2026-09-02T01:34:45.397520858Z,2026-09-02T01:34:45.74161594Z,344.095079,200,fa5bbaa12602c6803fc911cd560f3cd567585f7b4703499b433ac2343ab380c5,,true,miss
retained-20260902-68135d3ad33f,S2-50-r01,S2-50,request-050,d4745ce8b0076d85ef4bad6643512dad50425d8f61a49108664596ff785caf3e,f4e44e9f9016,2026-09-02T01:34:45.398387844Z,2026-09-02T01:34:45.741841337Z,343.453494,200,fa5bbaa12602c6803fc911cd560f3cd567585f7b4703499b433ac2343ab380c5,,true,miss
retained-20260902-68135d3ad33f,S2-100-r01,S2-100,request-001,d4745ce8b0076d85ef4bad6643512dad50425d8f61a49108664596ff785caf3e,f4e44e9f9016,2026-09-02T01:34:46.061578641Z,2026-09-02T01:34:46.38766575Z,326.087110,200,fa5bbaa12602c6803fc911cd560f3cd567585f7b4703499b433ac2343ab380c5,,false,miss
retained-20260902-68135d3ad33f,S2-100-r01,S2-100,request-002,d4745ce8b0076d85ef4bad6643512dad50425d8f61a49108664596ff785caf3e,f4e44e9f9016,2026-09-02T01:34:46.061677621Z,2026-09-02T01:34:46.391915288Z,330.237667,200,fa5bbaa12602c6803fc911cd560f3cd567585f7b4703499b433ac2343ab380c5,,true,miss
retained-20260902-68135d3ad33f,S2-100-r01,S2-100,request-003,d4745ce8b0076d85ef4bad6643512dad50425d8f61a49108664596ff785caf3e,f4e44e9f9016,2026-09-02T01:34:46.061700988Z,2026-09-02T01:34:46.388119888Z,326.418911,200,fa5bbaa12602c6803fc911cd560f3cd567585f7b4703499b433ac2343ab380c5,,true,miss
retained-20260902-68135d3ad33f,S2-100-r01,S2-100,request-004,d4745ce8b0076d85ef4bad6643512dad50425d8f61a49108664596ff785caf3e,f4e44e9f9016,2026-09-02T01:34:46.06153637Z,2026-09-02T01:34:46.412314407Z,350.778036,200,fa5bbaa12602c6803fc911cd560f3cd567585f7b4703499b433ac2343ab380c5,,true,miss
retained-20260902-68135d3ad33f,S2-100-r01,S2-100,request-005,d4745ce8b0076d85ef4bad6643512dad50425d8f61a49108664596ff785caf3e,f4e44e9f9016,2026-09-02T01:34:46.061573566Z,2026-09-02T01:34:46.388226909Z,326.653344,200,fa5bbaa12602c6803fc911cd560f3cd567585f7b4703499b433ac2343ab380c5,,true,miss
retained-20260902-68135d3ad33f,S2-100-r01,S2-100,request-006,d4745ce8b0076d85ef4bad6643512dad50425d8f61a49108664596ff785caf3e,f4e44e9f9016,2026-09-02T01:34:46.061541747Z,2026-09-02T01:34:46.388403858Z,326.862113,200,fa5bbaa12602c6803fc911cd560f3cd567585f7b4703499b433ac2343ab380c5,,true,miss
retained-20260902-68135d3ad33f,S2-100-r01,S2-100,request-007,d4745ce8b0076d85ef4bad6643512dad50425d8f61a49108664596ff785caf3e,f4e44e9f9016,2026-09-02T01:34:46.105676661Z,2026-09-02T01:34:46.392643334Z,286.966679,200,fa5bbaa12602c6803fc911cd560f3cd567585f7b4703499b433ac2343ab380c5,,true,miss
retained-20260902-68135d3ad33f,S2-100-r01,S2-100,request-008,d4745ce8b0076d85ef4bad6643512dad50425d8f61a49108664596ff785caf3e,f4e44e9f9016,2026-09-02T01:34:46.105661661Z,2026-09-02T01:34:46.392535173Z,286.873513,200,fa5bbaa12602c6803fc911cd560f3cd567585f7b4703499b433ac2343ab380c5,,true,miss
retained-20260902-68135d3ad33f,S2-100-r01,S2-100,request-009,d4745ce8b0076d85ef4bad6643512dad50425d8f61a49108664596ff785caf3e,f4e44e9f9016,2026-09-02T01:34:46.105642448Z,2026-09-02T01:34:46.391436877Z,285.794425,200,fa5bbaa12602c6803fc911cd560f3cd567585f7b4703499b433ac2343ab380c5,,true,miss
retained-20260902-68135d3ad33f,S2-100-r01,S2-100,request-010,d4745ce8b0076d85ef4bad6643512dad50425d8f61a49108664596ff785caf3e,f4e44e9f9016,2026-09-02T01:34:46.105623822Z,2026-09-02T01:34:46.392103627Z,286.479810,200,fa5bbaa12602c6803fc911cd560f3cd567585f7b4703499b433ac2343ab380c5,,true,miss
retained-20260902-68135d3ad33f,S2-100-r01,S2-100,request-011,d4745ce8b0076d85ef4bad6643512dad50425d8f61a49108664596ff785caf3e,f4e44e9f9016,2026-09-02T01:34:46.105601125Z,2026-09-02T01:34:46.412355506Z,306.754387,200,fa5bbaa12602c6803fc911cd560f3cd567585f7b4703499b433ac2343ab380c5,,true,miss
retained-20260902-68135d3ad33f,S2-100-r01,S2-100,request-012,d4745ce8b0076d85ef4bad6643512dad50425d8f61a49108664596ff785caf3e,f4e44e9f9016,2026-09-02T01:34:46.105577487Z,2026-09-02T01:34:46.391672453Z,286.094968,200,fa5bbaa12602c6803fc911cd560f3cd567585f7b4703499b433ac2343ab380c5,,true,miss
retained-20260902-68135d3ad33f,S2-100-r01,S2-100,request-013,d4745ce8b0076d85ef4bad6643512dad50425d8f61a49108664596ff785caf3e,f4e44e9f9016,2026-09-02T01:34:46.105554308Z,2026-09-02T01:34:46.391418299Z,285.863989,200,fa5bbaa12602c6803fc911cd560f3cd567585f7b4703499b433ac2343ab380c5,,true,miss
retained-20260902-68135d3ad33f,S2-100-r01,S2-100,request-014,d4745ce8b0076d85ef4bad6643512dad50425d8f61a49108664596ff785caf3e,f4e44e9f9016,2026-09-02T01:34:46.105529153Z,2026-09-02T01:34:46.39123247Z,285.703312,200,fa5bbaa12602c6803fc911cd560f3cd567585f7b4703499b433ac2343ab380c5,,true,miss
retained-20260902-68135d3ad33f,S2-100-r01,S2-100,request-015,d4745ce8b0076d85ef4bad6643512dad50425d8f61a49108664596ff785caf3e,f4e44e9f9016,2026-09-02T01:34:46.105512126Z,2026-09-02T01:34:46.3911776Z,285.665475,200,fa5bbaa12602c6803fc911cd560f3cd567585f7b4703499b433ac2343ab380c5,,true,miss
retained-20260902-68135d3ad33f,S2-100-r01,S2-100,request-016,d4745ce8b0076d85ef4bad6643512dad50425d8f61a49108664596ff785caf3e,f4e44e9f9016,2026-09-02T01:34:46.105479238Z,2026-09-02T01:34:46.391055491Z,285.576254,200,fa5bbaa12602c6803fc911cd560f3cd567585f7b4703499b433ac2343ab380c5,,true,miss
retained-20260902-68135d3ad33f,S2-100-r01,S2-100,request-017,d4745ce8b0076d85ef4bad6643512dad50425d8f61a49108664596ff785caf3e,f4e44e9f9016,2026-09-02T01:34:46.105460726Z,2026-09-02T01:34:46.390930349Z,285.469624,200,fa5bbaa12602c6803fc911cd560f3cd567585f7b4703499b433ac2343ab380c5,,true,miss
retained-20260902-68135d3ad33f,S2-100-r01,S2-100,request-018,d4745ce8b0076d85ef4bad6643512dad50425d8f61a49108664596ff785caf3e,f4e44e9f9016,2026-09-02T01:34:46.105411936Z,2026-09-02T01:34:46.41164894Z,306.237004,200,fa5bbaa12602c6803fc911cd560f3cd567585f7b4703499b433ac2343ab380c5,,true,miss
retained-20260902-68135d3ad33f,S2-100-r01,S2-100,request-019,d4745ce8b0076d85ef4bad6643512dad50425d8f61a49108664596ff785caf3e,f4e44e9f9016,2026-09-02T01:34:46.105390433Z,2026-09-02T01:34:46.411560678Z,306.170252,200,fa5bbaa12602c6803fc911cd560f3cd567585f7b4703499b433ac2343ab380c5,,true,miss
retained-20260902-68135d3ad33f,S2-100-r01,S2-100,request-020,d4745ce8b0076d85ef4bad6643512dad50425d8f61a49108664596ff785caf3e,f4e44e9f9016,2026-09-02T01:34:46.105370934Z,2026-09-02T01:34:46.391478359Z,286.107423,200,fa5bbaa12602c6803fc911cd560f3cd567585f7b4703499b433ac2343ab380c5,,true,miss
retained-20260902-68135d3ad33f,S2-100-r01,S2-100,request-021,d4745ce8b0076d85ef4bad6643512dad50425d8f61a49108664596ff785caf3e,f4e44e9f9016,2026-09-02T01:34:46.105355539Z,2026-09-02T01:34:46.390249449Z,284.893915,200,fa5bbaa12602c6803fc911cd560f3cd567585f7b4703499b433ac2343ab380c5,,true,miss
retained-20260902-68135d3ad33f,S2-100-r01,S2-100,request-022,d4745ce8b0076d85ef4bad6643512dad50425d8f61a49108664596ff785caf3e,f4e44e9f9016,2026-09-02T01:34:46.105338236Z,2026-09-02T01:34:46.411715087Z,306.376847,200,fa5bbaa12602c6803fc911cd560f3cd567585f7b4703499b433ac2343ab380c5,,true,miss
retained-20260902-68135d3ad33f,S2-100-r01,S2-100,request-023,d4745ce8b0076d85ef4bad6643512dad50425d8f61a49108664596ff785caf3e,f4e44e9f9016,2026-09-02T01:34:46.10530355Z,2026-09-02T01:34:46.389868862Z,284.565313,200,fa5bbaa12602c6803fc911cd560f3cd567585f7b4703499b433ac2343ab380c5,,true,miss
retained-20260902-68135d3ad33f,S2-100-r01,S2-100,request-024,d4745ce8b0076d85ef4bad6643512dad50425d8f61a49108664596ff785caf3e,f4e44e9f9016,2026-09-02T01:34:46.105286249Z,2026-09-02T01:34:46.41090981Z,305.623565,200,fa5bbaa12602c6803fc911cd560f3cd567585f7b4703499b433ac2343ab380c5,,true,miss
retained-20260902-68135d3ad33f,S2-100-r01,S2-100,request-025,d4745ce8b0076d85ef4bad6643512dad50425d8f61a49108664596ff785caf3e,f4e44e9f9016,2026-09-02T01:34:46.105270802Z,2026-09-02T01:34:46.392939984Z,287.669185,200,fa5bbaa12602c6803fc911cd560f3cd567585f7b4703499b433ac2343ab380c5,,true,miss
retained-20260902-68135d3ad33f,S2-100-r01,S2-100,request-026,d4745ce8b0076d85ef4bad6643512dad50425d8f61a49108664596ff785caf3e,f4e44e9f9016,2026-09-02T01:34:46.105254188Z,2026-09-02T01:34:46.392839087Z,287.584903,200,fa5bbaa12602c6803fc911cd560f3cd567585f7b4703499b433ac2343ab380c5,,true,miss
retained-20260902-68135d3ad33f,S2-100-r01,S2-100,request-027,d4745ce8b0076d85ef4bad6643512dad50425d8f61a49108664596ff785caf3e,f4e44e9f9016,2026-09-02T01:34:46.105232434Z,2026-09-02T01:34:46.392716267Z,287.483838,200,fa5bbaa12602c6803fc911cd560f3cd567585f7b4703499b433ac2343ab380c5,,true,miss
retained-20260902-68135d3ad33f,S2-100-r01,S2-100,request-028,d4745ce8b0076d85ef4bad6643512dad50425d8f61a49108664596ff785caf3e,f4e44e9f9016,2026-09-02T01:34:46.105217006Z,2026-09-02T01:34:46.392597027Z,287.380028,200,fa5bbaa12602c6803fc911cd560f3cd567585f7b4703499b433ac2343ab380c5,,true,miss
retained-20260902-68135d3ad33f,S2-100-r01,S2-100,request-029,d4745ce8b0076d85ef4bad6643512dad50425d8f61a49108664596ff785caf3e,f4e44e9f9016,2026-09-02T01:34:46.105201022Z,2026-09-02T01:34:46.392544941Z,287.343924,200,fa5bbaa12602c6803fc911cd560f3cd567585f7b4703499b433ac2343ab380c5,,true,miss
retained-20260902-68135d3ad33f,S2-100-r01,S2-100,request-030,d4745ce8b0076d85ef4bad6643512dad50425d8f61a49108664596ff785caf3e,f4e44e9f9016,2026-09-02T01:34:46.10518205Z,2026-09-02T01:34:46.392361629Z,287.179583,200,fa5bbaa12602c6803fc911cd560f3cd567585f7b4703499b433ac2343ab380c5,,true,miss
retained-20260902-68135d3ad33f,S2-100-r01,S2-100,request-031,d4745ce8b0076d85ef4bad6643512dad50425d8f61a49108664596ff785caf3e,f4e44e9f9016,2026-09-02T01:34:46.105165163Z,2026-09-02T01:34:46.392150492Z,286.985333,200,fa5bbaa12602c6803fc911cd560f3cd567585f7b4703499b433ac2343ab380c5,,true,miss
retained-20260902-68135d3ad33f,S2-100-r01,S2-100,request-032,d4745ce8b0076d85ef4bad6643512dad50425d8f61a49108664596ff785caf3e,f4e44e9f9016,2026-09-02T01:34:46.105141033Z,2026-09-02T01:34:46.390093375Z,284.952347,200,fa5bbaa12602c6803fc911cd560f3cd567585f7b4703499b433ac2343ab380c5,,true,miss
retained-20260902-68135d3ad33f,S2-100-r01,S2-100,request-033,d4745ce8b0076d85ef4bad6643512dad50425d8f61a49108664596ff785caf3e,f4e44e9f9016,2026-09-02T01:34:46.1051235Z,2026-09-02T01:34:46.391129399Z,286.005905,200,fa5bbaa12602c6803fc911cd560f3cd567585f7b4703499b433ac2343ab380c5,,true,miss
retained-20260902-68135d3ad33f,S2-100-r01,S2-100,request-034,d4745ce8b0076d85ef4bad6643512dad50425d8f61a49108664596ff785caf3e,f4e44e9f9016,2026-09-02T01:34:46.105099203Z,2026-09-02T01:34:46.390990114Z,285.890911,200,fa5bbaa12602c6803fc911cd560f3cd567585f7b4703499b433ac2343ab380c5,,true,miss
retained-20260902-68135d3ad33f,S2-100-r01,S2-100,request-035,d4745ce8b0076d85ef4bad6643512dad50425d8f61a49108664596ff785caf3e,f4e44e9f9016,2026-09-02T01:34:46.105034323Z,2026-09-02T01:34:46.390719251Z,285.684934,200,fa5bbaa12602c6803fc911cd560f3cd567585f7b4703499b433ac2343ab380c5,,true,miss
retained-20260902-68135d3ad33f,S2-100-r01,S2-100,request-036,d4745ce8b0076d85ef4bad6643512dad50425d8f61a49108664596ff785caf3e,f4e44e9f9016,2026-09-02T01:34:46.105014623Z,2026-09-02T01:34:46.390398925Z,285.384308,200,fa5bbaa12602c6803fc911cd560f3cd567585f7b4703499b433ac2343ab380c5,,true,miss
retained-20260902-68135d3ad33f,S2-100-r01,S2-100,request-037,d4745ce8b0076d85ef4bad6643512dad50425d8f61a49108664596ff785caf3e,f4e44e9f9016,2026-09-02T01:34:46.104987636Z,2026-09-02T01:34:46.391297872Z,286.310237,200,fa5bbaa12602c6803fc911cd560f3cd567585f7b4703499b433ac2343ab380c5,,true,miss
retained-20260902-68135d3ad33f,S2-100-r01,S2-100,request-038,d4745ce8b0076d85ef4bad6643512dad50425d8f61a49108664596ff785caf3e,f4e44e9f9016,2026-09-02T01:34:46.104892691Z,2026-09-02T01:34:46.411867993Z,306.975300,200,fa5bbaa12602c6803fc911cd560f3cd567585f7b4703499b433ac2343ab380c5,,true,miss
retained-20260902-68135d3ad33f,S2-100-r01,S2-100,request-039,d4745ce8b0076d85ef4bad6643512dad50425d8f61a49108664596ff785caf3e,f4e44e9f9016,2026-09-02T01:34:46.07374699Z,2026-09-02T01:34:46.412131831Z,338.384840,200,fa5bbaa12602c6803fc911cd560f3cd567585f7b4703499b433ac2343ab380c5,,true,miss
retained-20260902-68135d3ad33f,S2-100-r01,S2-100,request-040,d4745ce8b0076d85ef4bad6643512dad50425d8f61a49108664596ff785caf3e,f4e44e9f9016,2026-09-02T01:34:46.073732339Z,2026-09-02T01:34:46.39123553Z,317.503195,200,fa5bbaa12602c6803fc911cd560f3cd567585f7b4703499b433ac2343ab380c5,,true,miss
retained-20260902-68135d3ad33f,S2-100-r01,S2-100,request-041,d4745ce8b0076d85ef4bad6643512dad50425d8f61a49108664596ff785caf3e,f4e44e9f9016,2026-09-02T01:34:46.073716046Z,2026-09-02T01:34:46.391181643Z,317.465597,200,fa5bbaa12602c6803fc911cd560f3cd567585f7b4703499b433ac2343ab380c5,,true,miss
retained-20260902-68135d3ad33f,S2-100-r01,S2-100,request-042,d4745ce8b0076d85ef4bad6643512dad50425d8f61a49108664596ff785caf3e,f4e44e9f9016,2026-09-02T01:34:46.073698959Z,2026-09-02T01:34:46.39105717Z,317.358214,200,fa5bbaa12602c6803fc911cd560f3cd567585f7b4703499b433ac2343ab380c5,,true,miss
retained-20260902-68135d3ad33f,S2-100-r01,S2-100,request-043,d4745ce8b0076d85ef4bad6643512dad50425d8f61a49108664596ff785caf3e,f4e44e9f9016,2026-09-02T01:34:46.073684183Z,2026-09-02T01:34:46.390936539Z,317.252352,200,fa5bbaa12602c6803fc911cd560f3cd567585f7b4703499b433ac2343ab380c5,,true,miss
retained-20260902-68135d3ad33f,S2-100-r01,S2-100,request-044,d4745ce8b0076d85ef4bad6643512dad50425d8f61a49108664596ff785caf3e,f4e44e9f9016,2026-09-02T01:34:46.073666449Z,2026-09-02T01:34:46.390885286Z,317.218837,200,fa5bbaa12602c6803fc911cd560f3cd567585f7b4703499b433ac2343ab380c5,,true,miss
retained-20260902-68135d3ad33f,S2-100-r01,S2-100,request-045,d4745ce8b0076d85ef4bad6643512dad50425d8f61a49108664596ff785caf3e,f4e44e9f9016,2026-09-02T01:34:46.073642925Z,2026-09-02T01:34:46.390543113Z,316.900193,200,fa5bbaa12602c6803fc911cd560f3cd567585f7b4703499b433ac2343ab380c5,,true,miss
retained-20260902-68135d3ad33f,S2-100-r01,S2-100,request-046,d4745ce8b0076d85ef4bad6643512dad50425d8f61a49108664596ff785caf3e,f4e44e9f9016,2026-09-02T01:34:46.073628066Z,2026-09-02T01:34:46.39022612Z,316.598054,200,fa5bbaa12602c6803fc911cd560f3cd567585f7b4703499b433ac2343ab380c5,,true,miss
retained-20260902-68135d3ad33f,S2-100-r01,S2-100,request-047,d4745ce8b0076d85ef4bad6643512dad50425d8f61a49108664596ff785caf3e,f4e44e9f9016,2026-09-02T01:34:46.073611198Z,2026-09-02T01:34:46.388780164Z,315.168966,200,fa5bbaa12602c6803fc911cd560f3cd567585f7b4703499b433ac2343ab380c5,,true,miss
retained-20260902-68135d3ad33f,S2-100-r01,S2-100,request-048,d4745ce8b0076d85ef4bad6643512dad50425d8f61a49108664596ff785caf3e,f4e44e9f9016,2026-09-02T01:34:46.073590193Z,2026-09-02T01:34:46.389009232Z,315.419041,200,fa5bbaa12602c6803fc911cd560f3cd567585f7b4703499b433ac2343ab380c5,,true,miss
retained-20260902-68135d3ad33f,S2-100-r01,S2-100,request-049,d4745ce8b0076d85ef4bad6643512dad50425d8f61a49108664596ff785caf3e,f4e44e9f9016,2026-09-02T01:34:46.073544797Z,2026-09-02T01:34:46.388448202Z,314.903404,200,fa5bbaa12602c6803fc911cd560f3cd567585f7b4703499b433ac2343ab380c5,,true,miss
retained-20260902-68135d3ad33f,S2-100-r01,S2-100,request-050,d4745ce8b0076d85ef4bad6643512dad50425d8f61a49108664596ff785caf3e,f4e44e9f9016,2026-09-02T01:34:46.073515677Z,2026-09-02T01:34:46.411649517Z,338.133841,200,fa5bbaa12602c6803fc911cd560f3cd567585f7b4703499b433ac2343ab380c5,,true,miss
retained-20260902-68135d3ad33f,S2-100-r01,S2-100,request-051,d4745ce8b0076d85ef4bad6643512dad50425d8f61a49108664596ff785caf3e,f4e44e9f9016,2026-09-02T01:34:46.073456952Z,2026-09-02T01:34:46.411561129Z,338.104183,200,fa5bbaa12602c6803fc911cd560f3cd567585f7b4703499b433ac2343ab380c5,,true,miss
retained-20260902-68135d3ad33f,S2-100-r01,S2-100,request-052,d4745ce8b0076d85ef4bad6643512dad50425d8f61a49108664596ff785caf3e,f4e44e9f9016,2026-09-02T01:34:46.073440763Z,2026-09-02T01:34:46.392696137Z,319.255374,200,fa5bbaa12602c6803fc911cd560f3cd567585f7b4703499b433ac2343ab380c5,,true,miss
retained-20260902-68135d3ad33f,S2-100-r01,S2-100,request-053,d4745ce8b0076d85ef4bad6643512dad50425d8f61a49108664596ff785caf3e,f4e44e9f9016,2026-09-02T01:34:46.073423367Z,2026-09-02T01:34:46.392589294Z,319.165929,200,fa5bbaa12602c6803fc911cd560f3cd567585f7b4703499b433ac2343ab380c5,,true,miss
retained-20260902-68135d3ad33f,S2-100-r01,S2-100,request-054,d4745ce8b0076d85ef4bad6643512dad50425d8f61a49108664596ff785caf3e,f4e44e9f9016,2026-09-02T01:34:46.073406495Z,2026-09-02T01:34:46.392473418Z,319.066929,200,fa5bbaa12602c6803fc911cd560f3cd567585f7b4703499b433ac2343ab380c5,,true,miss
retained-20260902-68135d3ad33f,S2-100-r01,S2-100,request-055,d4745ce8b0076d85ef4bad6643512dad50425d8f61a49108664596ff785caf3e,f4e44e9f9016,2026-09-02T01:34:46.07338836Z,2026-09-02T01:34:46.392358482Z,318.970122,200,fa5bbaa12602c6803fc911cd560f3cd567585f7b4703499b433ac2343ab380c5,,true,miss
retained-20260902-68135d3ad33f,S2-100-r01,S2-100,request-056,d4745ce8b0076d85ef4bad6643512dad50425d8f61a49108664596ff785caf3e,f4e44e9f9016,2026-09-02T01:34:46.073372311Z,2026-09-02T01:34:46.387797578Z,314.425272,200,fa5bbaa12602c6803fc911cd560f3cd567585f7b4703499b433ac2343ab380c5,,true,miss
retained-20260902-68135d3ad33f,S2-100-r01,S2-100,request-057,d4745ce8b0076d85ef4bad6643512dad50425d8f61a49108664596ff785caf3e,f4e44e9f9016,2026-09-02T01:34:46.073335971Z,2026-09-02T01:34:46.412446414Z,339.110440,200,fa5bbaa12602c6803fc911cd560f3cd567585f7b4703499b433ac2343ab380c5,,true,miss
retained-20260902-68135d3ad33f,S2-100-r01,S2-100,request-058,d4745ce8b0076d85ef4bad6643512dad50425d8f61a49108664596ff785caf3e,f4e44e9f9016,2026-09-02T01:34:46.073299805Z,2026-09-02T01:34:46.41170585Z,338.406046,200,fa5bbaa12602c6803fc911cd560f3cd567585f7b4703499b433ac2343ab380c5,,true,miss
retained-20260902-68135d3ad33f,S2-100-r01,S2-100,request-059,d4745ce8b0076d85ef4bad6643512dad50425d8f61a49108664596ff785caf3e,f4e44e9f9016,2026-09-02T01:34:46.073254344Z,2026-09-02T01:34:46.391984408Z,318.730066,200,fa5bbaa12602c6803fc911cd560f3cd567585f7b4703499b433ac2343ab380c5,,true,miss
retained-20260902-68135d3ad33f,S2-100-r01,S2-100,request-060,d4745ce8b0076d85ef4bad6643512dad50425d8f61a49108664596ff785caf3e,f4e44e9f9016,2026-09-02T01:34:46.073217099Z,2026-09-02T01:34:46.391791414Z,318.574314,200,fa5bbaa12602c6803fc911cd560f3cd567585f7b4703499b433ac2343ab380c5,,true,miss
retained-20260902-68135d3ad33f,S2-100-r01,S2-100,request-061,d4745ce8b0076d85ef4bad6643512dad50425d8f61a49108664596ff785caf3e,f4e44e9f9016,2026-09-02T01:34:46.073180813Z,2026-09-02T01:34:46.391471985Z,318.291172,200,fa5bbaa12602c6803fc911cd560f3cd567585f7b4703499b433ac2343ab380c5,,true,miss
retained-20260902-68135d3ad33f,S2-100-r01,S2-100,request-062,d4745ce8b0076d85ef4bad6643512dad50425d8f61a49108664596ff785caf3e,f4e44e9f9016,2026-09-02T01:34:46.073135505Z,2026-09-02T01:34:46.3913644Z,318.228902,200,fa5bbaa12602c6803fc911cd560f3cd567585f7b4703499b433ac2343ab380c5,,true,miss
retained-20260902-68135d3ad33f,S2-100-r01,S2-100,request-063,d4745ce8b0076d85ef4bad6643512dad50425d8f61a49108664596ff785caf3e,f4e44e9f9016,2026-09-02T01:34:46.073110295Z,2026-09-02T01:34:46.391301294Z,318.191004,200,fa5bbaa12602c6803fc911cd560f3cd567585f7b4703499b433ac2343ab380c5,,true,miss
retained-20260902-68135d3ad33f,S2-100-r01,S2-100,request-064,d4745ce8b0076d85ef4bad6643512dad50425d8f61a49108664596ff785caf3e,f4e44e9f9016,2026-09-02T01:34:46.073083612Z,2026-09-02T01:34:46.391121437Z,318.037822,200,fa5bbaa12602c6803fc911cd560f3cd567585f7b4703499b433ac2343ab380c5,,true,miss
retained-20260902-68135d3ad33f,S2-100-r01,S2-100,request-065,d4745ce8b0076d85ef4bad6643512dad50425d8f61a49108664596ff785caf3e,f4e44e9f9016,2026-09-02T01:34:46.072985502Z,2026-09-02T01:34:46.391383254Z,318.397757,200,fa5bbaa12602c6803fc911cd560f3cd567585f7b4703499b433ac2343ab380c5,,true,miss
retained-20260902-68135d3ad33f,S2-100-r01,S2-100,request-066,d4745ce8b0076d85ef4bad6643512dad50425d8f61a49108664596ff785caf3e,f4e44e9f9016,2026-09-02T01:34:46.063687482Z,2026-09-02T01:34:46.389930454Z,326.242979,200,fa5bbaa12602c6803fc911cd560f3cd567585f7b4703499b433ac2343ab380c5,,true,miss
retained-20260902-68135d3ad33f,S2-100-r01,S2-100,request-067,d4745ce8b0076d85ef4bad6643512dad50425d8f61a49108664596ff785caf3e,f4e44e9f9016,2026-09-02T01:34:46.063653672Z,2026-09-02T01:34:46.38983858Z,326.184915,200,fa5bbaa12602c6803fc911cd560f3cd567585f7b4703499b433ac2343ab380c5,,true,miss
retained-20260902-68135d3ad33f,S2-100-r01,S2-100,request-068,d4745ce8b0076d85ef4bad6643512dad50425d8f61a49108664596ff785caf3e,f4e44e9f9016,2026-09-02T01:34:46.063636191Z,2026-09-02T01:34:46.392989995Z,329.353810,200,fa5bbaa12602c6803fc911cd560f3cd567585f7b4703499b433ac2343ab380c5,,true,miss
retained-20260902-68135d3ad33f,S2-100-r01,S2-100,request-069,d4745ce8b0076d85ef4bad6643512dad50425d8f61a49108664596ff785caf3e,f4e44e9f9016,2026-09-02T01:34:46.063620528Z,2026-09-02T01:34:46.392889053Z,329.268526,200,fa5bbaa12602c6803fc911cd560f3cd567585f7b4703499b433ac2343ab380c5,,true,miss
retained-20260902-68135d3ad33f,S2-100-r01,S2-100,request-070,d4745ce8b0076d85ef4bad6643512dad50425d8f61a49108664596ff785caf3e,f4e44e9f9016,2026-09-02T01:34:46.06360573Z,2026-09-02T01:34:46.392788033Z,329.182307,200,fa5bbaa12602c6803fc911cd560f3cd567585f7b4703499b433ac2343ab380c5,,true,miss
retained-20260902-68135d3ad33f,S2-100-r01,S2-100,request-071,d4745ce8b0076d85ef4bad6643512dad50425d8f61a49108664596ff785caf3e,f4e44e9f9016,2026-09-02T01:34:46.063599847Z,2026-09-02T01:34:46.389957582Z,326.357735,200,fa5bbaa12602c6803fc911cd560f3cd567585f7b4703499b433ac2343ab380c5,,true,miss
retained-20260902-68135d3ad33f,S2-100-r01,S2-100,request-072,d4745ce8b0076d85ef4bad6643512dad50425d8f61a49108664596ff785caf3e,f4e44e9f9016,2026-09-02T01:34:46.063582716Z,2026-09-02T01:34:46.392649618Z,329.066908,200,fa5bbaa12602c6803fc911cd560f3cd567585f7b4703499b433ac2343ab380c5,,true,miss
retained-20260902-68135d3ad33f,S2-100-r01,S2-100,request-073,d4745ce8b0076d85ef4bad6643512dad50425d8f61a49108664596ff785caf3e,f4e44e9f9016,2026-09-02T01:34:46.063552395Z,2026-09-02T01:34:46.392474992Z,328.922602,200,fa5bbaa12602c6803fc911cd560f3cd567585f7b4703499b433ac2343ab380c5,,true,miss
retained-20260902-68135d3ad33f,S2-100-r01,S2-100,request-074,d4745ce8b0076d85ef4bad6643512dad50425d8f61a49108664596ff785caf3e,f4e44e9f9016,2026-09-02T01:34:46.063471483Z,2026-09-02T01:34:46.392415659Z,328.944159,200,fa5bbaa12602c6803fc911cd560f3cd567585f7b4703499b433ac2343ab380c5,,true,miss
retained-20260902-68135d3ad33f,S2-100-r01,S2-100,request-075,d4745ce8b0076d85ef4bad6643512dad50425d8f61a49108664596ff785caf3e,f4e44e9f9016,2026-09-02T01:34:46.06305982Z,2026-09-02T01:34:46.389810813Z,326.750994,200,fa5bbaa12602c6803fc911cd560f3cd567585f7b4703499b433ac2343ab380c5,,true,miss
retained-20260902-68135d3ad33f,S2-100-r01,S2-100,request-076,d4745ce8b0076d85ef4bad6643512dad50425d8f61a49108664596ff785caf3e,f4e44e9f9016,2026-09-02T01:34:46.062983712Z,2026-09-02T01:34:46.412469332Z,349.485625,200,fa5bbaa12602c6803fc911cd560f3cd567585f7b4703499b433ac2343ab380c5,,true,miss
retained-20260902-68135d3ad33f,S2-100-r01,S2-100,request-077,d4745ce8b0076d85ef4bad6643512dad50425d8f61a49108664596ff785caf3e,f4e44e9f9016,2026-09-02T01:34:46.062809467Z,2026-09-02T01:34:46.389420501Z,326.611035,200,fa5bbaa12602c6803fc911cd560f3cd567585f7b4703499b433ac2343ab380c5,,true,miss
retained-20260902-68135d3ad33f,S2-100-r01,S2-100,request-078,d4745ce8b0076d85ef4bad6643512dad50425d8f61a49108664596ff785caf3e,f4e44e9f9016,2026-09-02T01:34:46.062709221Z,2026-09-02T01:34:46.389342462Z,326.633242,200,fa5bbaa12602c6803fc911cd560f3cd567585f7b4703499b433ac2343ab380c5,,true,miss
retained-20260902-68135d3ad33f,S2-100-r01,S2-100,request-079,d4745ce8b0076d85ef4bad6643512dad50425d8f61a49108664596ff785caf3e,f4e44e9f9016,2026-09-02T01:34:46.062610369Z,2026-09-02T01:34:46.389742465Z,327.132096,200,fa5bbaa12602c6803fc911cd560f3cd567585f7b4703499b433ac2343ab380c5,,true,miss
retained-20260902-68135d3ad33f,S2-100-r01,S2-100,request-080,d4745ce8b0076d85ef4bad6643512dad50425d8f61a49108664596ff785caf3e,f4e44e9f9016,2026-09-02T01:34:46.062416546Z,2026-09-02T01:34:46.389441141Z,327.024596,200,fa5bbaa12602c6803fc911cd560f3cd567585f7b4703499b433ac2343ab380c5,,true,miss
retained-20260902-68135d3ad33f,S2-100-r01,S2-100,request-081,d4745ce8b0076d85ef4bad6643512dad50425d8f61a49108664596ff785caf3e,f4e44e9f9016,2026-09-02T01:34:46.062377548Z,2026-09-02T01:34:46.412388316Z,350.010769,200,fa5bbaa12602c6803fc911cd560f3cd567585f7b4703499b433ac2343ab380c5,,true,miss
retained-20260902-68135d3ad33f,S2-100-r01,S2-100,request-082,d4745ce8b0076d85ef4bad6643512dad50425d8f61a49108664596ff785caf3e,f4e44e9f9016,2026-09-02T01:34:46.062225853Z,2026-09-02T01:34:46.412471925Z,350.246073,200,fa5bbaa12602c6803fc911cd560f3cd567585f7b4703499b433ac2343ab380c5,,true,miss
retained-20260902-68135d3ad33f,S2-100-r01,S2-100,request-083,d4745ce8b0076d85ef4bad6643512dad50425d8f61a49108664596ff785caf3e,f4e44e9f9016,2026-09-02T01:34:46.062205152Z,2026-09-02T01:34:46.390395855Z,328.190704,200,fa5bbaa12602c6803fc911cd560f3cd567585f7b4703499b433ac2343ab380c5,,true,miss
retained-20260902-68135d3ad33f,S2-100-r01,S2-100,request-084,d4745ce8b0076d85ef4bad6643512dad50425d8f61a49108664596ff785caf3e,f4e44e9f9016,2026-09-02T01:34:46.062186436Z,2026-09-02T01:34:46.39007188Z,327.885443,200,fa5bbaa12602c6803fc911cd560f3cd567585f7b4703499b433ac2343ab380c5,,true,miss
retained-20260902-68135d3ad33f,S2-100-r01,S2-100,request-085,d4745ce8b0076d85ef4bad6643512dad50425d8f61a49108664596ff785caf3e,f4e44e9f9016,2026-09-02T01:34:46.062149917Z,2026-09-02T01:34:46.389901965Z,327.752029,200,fa5bbaa12602c6803fc911cd560f3cd567585f7b4703499b433ac2343ab380c5,,true,miss
retained-20260902-68135d3ad33f,S2-100-r01,S2-100,request-086,d4745ce8b0076d85ef4bad6643512dad50425d8f61a49108664596ff785caf3e,f4e44e9f9016,2026-09-02T01:34:46.062087753Z,2026-09-02T01:34:46.389737201Z,327.649439,200,fa5bbaa12602c6803fc911cd560f3cd567585f7b4703499b433ac2343ab380c5,,true,miss
retained-20260902-68135d3ad33f,S2-100-r01,S2-100,request-087,d4745ce8b0076d85ef4bad6643512dad50425d8f61a49108664596ff785caf3e,f4e44e9f9016,2026-09-02T01:34:46.062046402Z,2026-09-02T01:34:46.389645882Z,327.599480,200,fa5bbaa12602c6803fc911cd560f3cd567585f7b4703499b433ac2343ab380c5,,true,miss
retained-20260902-68135d3ad33f,S2-100-r01,S2-100,request-088,d4745ce8b0076d85ef4bad6643512dad50425d8f61a49108664596ff785caf3e,f4e44e9f9016,2026-09-02T01:34:46.061990145Z,2026-09-02T01:34:46.389493107Z,327.502962,200,fa5bbaa12602c6803fc911cd560f3cd567585f7b4703499b433ac2343ab380c5,,true,miss
retained-20260902-68135d3ad33f,S2-100-r01,S2-100,request-089,d4745ce8b0076d85ef4bad6643512dad50425d8f61a49108664596ff785caf3e,f4e44e9f9016,2026-09-02T01:34:46.061952878Z,2026-09-02T01:34:46.389556138Z,327.603258,200,fa5bbaa12602c6803fc911cd560f3cd567585f7b4703499b433ac2343ab380c5,,true,miss
retained-20260902-68135d3ad33f,S2-100-r01,S2-100,request-090,d4745ce8b0076d85ef4bad6643512dad50425d8f61a49108664596ff785caf3e,f4e44e9f9016,2026-09-02T01:34:46.061936987Z,2026-09-02T01:34:46.389491844Z,327.554861,200,fa5bbaa12602c6803fc911cd560f3cd567585f7b4703499b433ac2343ab380c5,,true,miss
retained-20260902-68135d3ad33f,S2-100-r01,S2-100,request-091,d4745ce8b0076d85ef4bad6643512dad50425d8f61a49108664596ff785caf3e,f4e44e9f9016,2026-09-02T01:34:46.061906924Z,2026-09-02T01:34:46.389365309Z,327.458386,200,fa5bbaa12602c6803fc911cd560f3cd567585f7b4703499b433ac2343ab380c5,,true,miss
retained-20260902-68135d3ad33f,S2-100-r01,S2-100,request-092,d4745ce8b0076d85ef4bad6643512dad50425d8f61a49108664596ff785caf3e,f4e44e9f9016,2026-09-02T01:34:46.061886453Z,2026-09-02T01:34:46.389644969Z,327.758511,200,fa5bbaa12602c6803fc911cd560f3cd567585f7b4703499b433ac2343ab380c5,,true,miss
retained-20260902-68135d3ad33f,S2-100-r01,S2-100,request-093,d4745ce8b0076d85ef4bad6643512dad50425d8f61a49108664596ff785caf3e,f4e44e9f9016,2026-09-02T01:34:46.061853207Z,2026-09-02T01:34:46.412330203Z,350.476996,200,fa5bbaa12602c6803fc911cd560f3cd567585f7b4703499b433ac2343ab380c5,,true,miss
retained-20260902-68135d3ad33f,S2-100-r01,S2-100,request-094,d4745ce8b0076d85ef4bad6643512dad50425d8f61a49108664596ff785caf3e,f4e44e9f9016,2026-09-02T01:34:46.061837042Z,2026-09-02T01:34:46.390991681Z,329.154641,200,fa5bbaa12602c6803fc911cd560f3cd567585f7b4703499b433ac2343ab380c5,,true,miss
retained-20260902-68135d3ad33f,S2-100-r01,S2-100,request-095,d4745ce8b0076d85ef4bad6643512dad50425d8f61a49108664596ff785caf3e,f4e44e9f9016,2026-09-02T01:34:46.061816955Z,2026-09-02T01:34:46.390878077Z,329.061123,200,fa5bbaa12602c6803fc911cd560f3cd567585f7b4703499b433ac2343ab380c5,,true,miss
retained-20260902-68135d3ad33f,S2-100-r01,S2-100,request-096,d4745ce8b0076d85ef4bad6643512dad50425d8f61a49108664596ff785caf3e,f4e44e9f9016,2026-09-02T01:34:46.061792597Z,2026-09-02T01:34:46.411771599Z,349.979001,200,fa5bbaa12602c6803fc911cd560f3cd567585f7b4703499b433ac2343ab380c5,,true,miss
retained-20260902-68135d3ad33f,S2-100-r01,S2-100,request-097,d4745ce8b0076d85ef4bad6643512dad50425d8f61a49108664596ff785caf3e,f4e44e9f9016,2026-09-02T01:34:46.06176203Z,2026-09-02T01:34:46.412218973Z,350.456944,200,fa5bbaa12602c6803fc911cd560f3cd567585f7b4703499b433ac2343ab380c5,,true,miss
retained-20260902-68135d3ad33f,S2-100-r01,S2-100,request-098,d4745ce8b0076d85ef4bad6643512dad50425d8f61a49108664596ff785caf3e,f4e44e9f9016,2026-09-02T01:34:46.061741357Z,2026-09-02T01:34:46.39063015Z,328.888798,200,fa5bbaa12602c6803fc911cd560f3cd567585f7b4703499b433ac2343ab380c5,,true,miss
retained-20260902-68135d3ad33f,S2-100-r01,S2-100,request-099,d4745ce8b0076d85ef4bad6643512dad50425d8f61a49108664596ff785caf3e,f4e44e9f9016,2026-09-02T01:34:46.061719612Z,2026-09-02T01:34:46.412271518Z,350.551909,200,fa5bbaa12602c6803fc911cd560f3cd567585f7b4703499b433ac2343ab380c5,,true,miss
retained-20260902-68135d3ad33f,S2-100-r01,S2-100,request-100,d4745ce8b0076d85ef4bad6643512dad50425d8f61a49108664596ff785caf3e,f4e44e9f9016,2026-09-02T01:34:46.105693417Z,2026-09-02T01:34:46.392411233Z,286.717817,200,fa5bbaa12602c6803fc911cd560f3cd567585f7b4703499b433ac2343ab380c5,,true,miss
retained-20260902-68135d3ad33f,S1-100-r01,S1-100,request-001,d4745ce8b0076d85ef4bad6643512dad50425d8f61a49108664596ff785caf3e,f4e44e9f9016,2026-09-02T01:34:46.72455117Z,2026-09-02T01:34:53.41585798Z,6691.306806,200,fa5bbaa12602c6803fc911cd560f3cd567585f7b4703499b433ac2343ab380c5,,false,miss
retained-20260902-68135d3ad33f,S1-100-r01,S1-100,request-002,d4745ce8b0076d85ef4bad6643512dad50425d8f61a49108664596ff785caf3e,f4e44e9f9016,2026-09-02T01:34:46.724384912Z,2026-09-02T01:34:50.820588559Z,4096.203654,200,fa5bbaa12602c6803fc911cd560f3cd567585f7b4703499b433ac2343ab380c5,,false,miss
retained-20260902-68135d3ad33f,S1-100-r01,S1-100,request-003,d4745ce8b0076d85ef4bad6643512dad50425d8f61a49108664596ff785caf3e,f4e44e9f9016,2026-09-02T01:34:46.724368896Z,2026-09-02T01:34:54.627105009Z,7902.736120,200,fa5bbaa12602c6803fc911cd560f3cd567585f7b4703499b433ac2343ab380c5,,false,miss
retained-20260902-68135d3ad33f,S1-100-r01,S1-100,request-004,d4745ce8b0076d85ef4bad6643512dad50425d8f61a49108664596ff785caf3e,f4e44e9f9016,2026-09-02T01:34:46.741712538Z,2026-09-02T01:35:13.210853961Z,24769.311702,200,fa5bbaa12602c6803fc911cd560f3cd567585f7b4703499b433ac2343ab380c5,,false,miss
retained-20260902-68135d3ad33f,S1-100-r01,S1-100,request-005,d4745ce8b0076d85ef4bad6643512dad50425d8f61a49108664596ff785caf3e,f4e44e9f9016,2026-09-02T01:34:46.724336816Z,2026-09-02T01:35:13.829275828Z,25405.109286,200,fa5bbaa12602c6803fc911cd560f3cd567585f7b4703499b433ac2343ab380c5,,false,miss
retained-20260902-68135d3ad33f,S1-100-r01,S1-100,request-006,d4745ce8b0076d85ef4bad6643512dad50425d8f61a49108664596ff785caf3e,f4e44e9f9016,2026-09-02T01:34:46.741279456Z,2026-09-02T01:35:05.427634333Z,16986.525159,200,fa5bbaa12602c6803fc911cd560f3cd567585f7b4703499b433ac2343ab380c5,,false,miss
retained-20260902-68135d3ad33f,S1-100-r01,S1-100,request-007,d4745ce8b0076d85ef4bad6643512dad50425d8f61a49108664596ff785caf3e,f4e44e9f9016,2026-09-02T01:34:46.741264021Z,2026-09-02T01:35:04.932319495Z,16491.225756,200,fa5bbaa12602c6803fc911cd560f3cd567585f7b4703499b433ac2343ab380c5,,false,miss
retained-20260902-68135d3ad33f,S1-100-r01,S1-100,request-008,d4745ce8b0076d85ef4bad6643512dad50425d8f61a49108664596ff785caf3e,f4e44e9f9016,2026-09-02T01:34:46.741248581Z,2026-09-02T01:35:16.526173115Z,28085.094813,200,fa5bbaa12602c6803fc911cd560f3cd567585f7b4703499b433ac2343ab380c5,,false,miss
retained-20260902-68135d3ad33f,S1-100-r01,S1-100,request-009,d4745ce8b0076d85ef4bad6643512dad50425d8f61a49108664596ff785caf3e,f4e44e9f9016,2026-09-02T01:34:46.741231324Z,2026-09-02T01:35:00.63351224Z,13892.280923,200,fa5bbaa12602c6803fc911cd560f3cd567585f7b4703499b433ac2343ab380c5,,false,miss
retained-20260902-68135d3ad33f,S1-100-r01,S1-100,request-010,d4745ce8b0076d85ef4bad6643512dad50425d8f61a49108664596ff785caf3e,f4e44e9f9016,2026-09-02T01:34:46.741203764Z,2026-09-02T01:35:01.312582283Z,14571.378526,200,fa5bbaa12602c6803fc911cd560f3cd567585f7b4703499b433ac2343ab380c5,,false,miss
retained-20260902-68135d3ad33f,S1-100-r01,S1-100,request-011,d4745ce8b0076d85ef4bad6643512dad50425d8f61a49108664596ff785caf3e,f4e44e9f9016,2026-09-02T01:34:46.741181081Z,2026-09-02T01:34:59.521003272Z,12779.822200,200,fa5bbaa12602c6803fc911cd560f3cd567585f7b4703499b433ac2343ab380c5,,false,miss
retained-20260902-68135d3ad33f,S1-100-r01,S1-100,request-012,d4745ce8b0076d85ef4bad6643512dad50425d8f61a49108664596ff785caf3e,f4e44e9f9016,2026-09-02T01:34:46.74114593Z,2026-09-02T01:34:58.617715772Z,11876.569846,200,fa5bbaa12602c6803fc911cd560f3cd567585f7b4703499b433ac2343ab380c5,,false,miss
retained-20260902-68135d3ad33f,S1-100-r01,S1-100,request-013,d4745ce8b0076d85ef4bad6643512dad50425d8f61a49108664596ff785caf3e,f4e44e9f9016,2026-09-02T01:34:46.741111433Z,2026-09-02T01:35:16.421289542Z,27980.348383,200,fa5bbaa12602c6803fc911cd560f3cd567585f7b4703499b433ac2343ab380c5,,false,miss
retained-20260902-68135d3ad33f,S1-100-r01,S1-100,request-014,d4745ce8b0076d85ef4bad6643512dad50425d8f61a49108664596ff785caf3e,f4e44e9f9016,2026-09-02T01:34:46.741082176Z,2026-09-02T01:35:15.218743885Z,26777.831983,200,fa5bbaa12602c6803fc911cd560f3cd567585f7b4703499b433ac2343ab380c5,,false,miss
retained-20260902-68135d3ad33f,S1-100-r01,S1-100,request-015,d4745ce8b0076d85ef4bad6643512dad50425d8f61a49108664596ff785caf3e,f4e44e9f9016,2026-09-02T01:34:46.741049184Z,2026-09-02T01:35:15.022793518Z,26581.914613,200,fa5bbaa12602c6803fc911cd560f3cd567585f7b4703499b433ac2343ab380c5,,false,miss
retained-20260902-68135d3ad33f,S1-100-r01,S1-100,request-016,d4745ce8b0076d85ef4bad6643512dad50425d8f61a49108664596ff785caf3e,f4e44e9f9016,2026-09-02T01:34:46.741006386Z,2026-09-02T01:35:17.828160861Z,29387.324735,200,fa5bbaa12602c6803fc911cd560f3cd567585f7b4703499b433ac2343ab380c5,,false,miss
retained-20260902-68135d3ad33f,S1-100-r01,S1-100,request-017,d4745ce8b0076d85ef4bad6643512dad50425d8f61a49108664596ff785caf3e,f4e44e9f9016,2026-09-02T01:34:46.740844382Z,2026-09-02T01:35:15.821875428Z,27381.201318,200,fa5bbaa12602c6803fc911cd560f3cd567585f7b4703499b433ac2343ab380c5,,false,miss
retained-20260902-68135d3ad33f,S1-100-r01,S1-100,request-018,d4745ce8b0076d85ef4bad6643512dad50425d8f61a49108664596ff785caf3e,f4e44e9f9016,2026-09-02T01:34:46.725491949Z,2026-09-02T01:35:12.715427422Z,24290.105750,200,fa5bbaa12602c6803fc911cd560f3cd567585f7b4703499b433ac2343ab380c5,,false,miss
retained-20260902-68135d3ad33f,S1-100-r01,S1-100,request-019,d4745ce8b0076d85ef4bad6643512dad50425d8f61a49108664596ff785caf3e,f4e44e9f9016,2026-09-02T01:34:46.725470419Z,2026-09-02T01:35:11.838409855Z,23413.109709,200,fa5bbaa12602c6803fc911cd560f3cd567585f7b4703499b433ac2343ab380c5,,false,miss
retained-20260902-68135d3ad33f,S1-100-r01,S1-100,request-020,d4745ce8b0076d85ef4bad6643512dad50425d8f61a49108664596ff785caf3e,f4e44e9f9016,2026-09-02T01:34:46.725444323Z,2026-09-02T01:35:11.413146915Z,22987.872871,200,fa5bbaa12602c6803fc911cd560f3cd567585f7b4703499b433ac2343ab380c5,,false,miss
retained-20260902-68135d3ad33f,S1-100-r01,S1-100,request-021,d4745ce8b0076d85ef4bad6643512dad50425d8f61a49108664596ff785caf3e,f4e44e9f9016,2026-09-02T01:34:46.725422483Z,2026-09-02T01:35:10.120543053Z,21695.290850,200,fa5bbaa12602c6803fc911cd560f3cd567585f7b4703499b433ac2343ab380c5,,false,miss
retained-20260902-68135d3ad33f,S1-100-r01,S1-100,request-022,d4745ce8b0076d85ef4bad6643512dad50425d8f61a49108664596ff785caf3e,f4e44e9f9016,2026-09-02T01:34:46.725402502Z,2026-09-02T01:35:10.022037966Z,21596.805743,200,fa5bbaa12602c6803fc911cd560f3cd567585f7b4703499b433ac2343ab380c5,,false,miss
retained-20260902-68135d3ad33f,S1-100-r01,S1-100,request-023,d4745ce8b0076d85ef4bad6643512dad50425d8f61a49108664596ff785caf3e,f4e44e9f9016,2026-09-02T01:34:46.725373968Z,2026-09-02T01:35:08.927256845Z,20502.053155,200,fa5bbaa12602c6803fc911cd560f3cd567585f7b4703499b433ac2343ab380c5,,false,miss
retained-20260902-68135d3ad33f,S1-100-r01,S1-100,request-024,d4745ce8b0076d85ef4bad6643512dad50425d8f61a49108664596ff785caf3e,f4e44e9f9016,2026-09-02T01:34:46.725352057Z,2026-09-02T01:35:20.217767216Z,31792.585432,200,fa5bbaa12602c6803fc911cd560f3cd567585f7b4703499b433ac2343ab380c5,,false,miss
retained-20260902-68135d3ad33f,S1-100-r01,S1-100,request-025,d4745ce8b0076d85ef4bad6643512dad50425d8f61a49108664596ff785caf3e,f4e44e9f9016,2026-09-02T01:34:46.725322751Z,2026-09-02T01:35:07.42744332Z,19002.290846,200,fa5bbaa12602c6803fc911cd560f3cd567585f7b4703499b433ac2343ab380c5,,false,miss
retained-20260902-68135d3ad33f,S1-100-r01,S1-100,request-026,d4745ce8b0076d85ef4bad6643512dad50425d8f61a49108664596ff785caf3e,f4e44e9f9016,2026-09-02T01:34:46.725258031Z,2026-09-02T01:35:07.526788481Z,19101.700720,200,fa5bbaa12602c6803fc911cd560f3cd567585f7b4703499b433ac2343ab380c5,,false,miss
retained-20260902-68135d3ad33f,S1-100-r01,S1-100,request-027,d4745ce8b0076d85ef4bad6643512dad50425d8f61a49108664596ff785caf3e,f4e44e9f9016,2026-09-02T01:34:46.725222977Z,2026-09-02T01:35:18.613038496Z,30187.985796,200,fa5bbaa12602c6803fc911cd560f3cd567585f7b4703499b433ac2343ab380c5,,false,miss
retained-20260902-68135d3ad33f,S1-100-r01,S1-100,request-028,d4745ce8b0076d85ef4bad6643512dad50425d8f61a49108664596ff785caf3e,f4e44e9f9016,2026-09-02T01:34:46.725204105Z,2026-09-02T01:35:06.318244157Z,17893.210332,200,fa5bbaa12602c6803fc911cd560f3cd567585f7b4703499b433ac2343ab380c5,,false,miss
retained-20260902-68135d3ad33f,S1-100-r01,S1-100,request-029,d4745ce8b0076d85ef4bad6643512dad50425d8f61a49108664596ff785caf3e,f4e44e9f9016,2026-09-02T01:34:46.725184626Z,2026-09-02T01:35:17.213139594Z,28788.125247,200,fa5bbaa12602c6803fc911cd560f3cd567585f7b4703499b433ac2343ab380c5,,false,miss
retained-20260902-68135d3ad33f,S1-100-r01,S1-100,request-030,d4745ce8b0076d85ef4bad6643512dad50425d8f61a49108664596ff785caf3e,f4e44e9f9016,2026-09-02T01:34:46.725164579Z,2026-09-02T01:35:05.112254906Z,16687.260696,200,fa5bbaa12602c6803fc911cd560f3cd567585f7b4703499b433ac2343ab380c5,,false,miss
retained-20260902-68135d3ad33f,S1-100-r01,S1-100,request-031,d4745ce8b0076d85ef4bad6643512dad50425d8f61a49108664596ff785caf3e,f4e44e9f9016,2026-09-02T01:34:46.725141416Z,2026-09-02T01:35:02.513102159Z,15787.960746,200,fa5bbaa12602c6803fc911cd560f3cd567585f7b4703499b433ac2343ab380c5,,false,miss
retained-20260902-68135d3ad33f,S1-100-r01,S1-100,request-032,d4745ce8b0076d85ef4bad6643512dad50425d8f61a49108664596ff785caf3e,f4e44e9f9016,2026-09-02T01:34:46.725124849Z,2026-09-02T01:35:01.226328876Z,14501.204027,200,fa5bbaa12602c6803fc911cd560f3cd567585f7b4703499b433ac2343ab380c5,,false,miss
retained-20260902-68135d3ad33f,S1-100-r01,S1-100,request-033,d4745ce8b0076d85ef4bad6643512dad50425d8f61a49108664596ff785caf3e,f4e44e9f9016,2026-09-02T01:34:46.725102068Z,2026-09-02T01:35:00.014307681Z,13289.205608,200,fa5bbaa12602c6803fc911cd560f3cd567585f7b4703499b433ac2343ab380c5,,false,miss
retained-20260902-68135d3ad33f,S1-100-r01,S1-100,request-034,d4745ce8b0076d85ef4bad6643512dad50425d8f61a49108664596ff785caf3e,f4e44e9f9016,2026-09-02T01:34:46.725074483Z,2026-09-02T01:34:59.516977562Z,12791.903085,200,fa5bbaa12602c6803fc911cd560f3cd567585f7b4703499b433ac2343ab380c5,,false,miss
retained-20260902-68135d3ad33f,S1-100-r01,S1-100,request-035,d4745ce8b0076d85ef4bad6643512dad50425d8f61a49108664596ff785caf3e,f4e44e9f9016,2026-09-02T01:34:46.72505818Z,2026-09-02T01:35:16.527660558Z,28102.772662,200,fa5bbaa12602c6803fc911cd560f3cd567585f7b4703499b433ac2343ab380c5,,false,miss
retained-20260902-68135d3ad33f,S1-100-r01,S1-100,request-036,d4745ce8b0076d85ef4bad6643512dad50425d8f61a49108664596ff785caf3e,f4e44e9f9016,2026-09-02T01:34:46.725030096Z,2026-09-02T01:34:58.228630692Z,11503.600601,200,fa5bbaa12602c6803fc911cd560f3cd567585f7b4703499b433ac2343ab380c5,,false,miss
retained-20260902-68135d3ad33f,S1-100-r01,S1-100,request-037,d4745ce8b0076d85ef4bad6643512dad50425d8f61a49108664596ff785caf3e,f4e44e9f9016,2026-09-02T01:34:46.725007324Z,2026-09-02T01:34:57.219983093Z,10494.975773,200,fa5bbaa12602c6803fc911cd560f3cd567585f7b4703499b433ac2343ab380c5,,false,miss
retained-20260902-68135d3ad33f,S1-100-r01,S1-100,request-038,d4745ce8b0076d85ef4bad6643512dad50425d8f61a49108664596ff785caf3e,f4e44e9f9016,2026-09-02T01:34:46.724990781Z,2026-09-02T01:34:56.113290751Z,9388.299967,200,fa5bbaa12602c6803fc911cd560f3cd567585f7b4703499b433ac2343ab380c5,,false,miss
retained-20260902-68135d3ad33f,S1-100-r01,S1-100,request-039,d4745ce8b0076d85ef4bad6643512dad50425d8f61a49108664596ff785caf3e,f4e44e9f9016,2026-09-02T01:34:46.72496889Z,2026-09-02T01:34:57.025836604Z,10300.867716,200,fa5bbaa12602c6803fc911cd560f3cd567585f7b4703499b433ac2343ab380c5,,false,miss
retained-20260902-68135d3ad33f,S1-100-r01,S1-100,request-040,d4745ce8b0076d85ef4bad6643512dad50425d8f61a49108664596ff785caf3e,f4e44e9f9016,2026-09-02T01:34:46.724905644Z,2026-09-02T01:34:54.527421561Z,7802.515922,200,fa5bbaa12602c6803fc911cd560f3cd567585f7b4703499b433ac2343ab380c5,,false,miss
retained-20260902-68135d3ad33f,S1-100-r01,S1-100,request-041,d4745ce8b0076d85ef4bad6643512dad50425d8f61a49108664596ff785caf3e,f4e44e9f9016,2026-09-02T01:34:46.724881362Z,2026-09-02T01:34:53.621878768Z,6896.997406,200,fa5bbaa12602c6803fc911cd560f3cd567585f7b4703499b433ac2343ab380c5,,false,miss
retained-20260902-68135d3ad33f,S1-100-r01,S1-100,request-042,d4745ce8b0076d85ef4bad6643512dad50425d8f61a49108664596ff785caf3e,f4e44e9f9016,2026-09-02T01:34:46.72485353Z,2026-09-02T01:34:55.917697762Z,9192.844232,200,fa5bbaa12602c6803fc911cd560f3cd567585f7b4703499b433ac2343ab380c5,,false,miss
retained-20260902-68135d3ad33f,S1-100-r01,S1-100,request-043,d4745ce8b0076d85ef4bad6643512dad50425d8f61a49108664596ff785caf3e,f4e44e9f9016,2026-09-02T01:34:46.724820502Z,2026-09-02T01:34:53.31663914Z,6591.818640,200,fa5bbaa12602c6803fc911cd560f3cd567585f7b4703499b433ac2343ab380c5,,false,miss
retained-20260902-68135d3ad33f,S1-100-r01,S1-100,request-044,d4745ce8b0076d85ef4bad6643512dad50425d8f61a49108664596ff785caf3e,f4e44e9f9016,2026-09-02T01:34:46.724785984Z,2026-09-02T01:34:49.814304986Z,3089.518998,200,fa5bbaa12602c6803fc911cd560f3cd567585f7b4703499b433ac2343ab380c5,,false,miss
retained-20260902-68135d3ad33f,S1-100-r01,S1-100,request-045,d4745ce8b0076d85ef4bad6643512dad50425d8f61a49108664596ff785caf3e,f4e44e9f9016,2026-09-02T01:34:46.724740307Z,2026-09-02T01:34:48.128839461Z,1404.099150,200,fa5bbaa12602c6803fc911cd560f3cd567585f7b4703499b433ac2343ab380c5,,false,miss
retained-20260902-68135d3ad33f,S1-100-r01,S1-100,request-046,d4745ce8b0076d85ef4bad6643512dad50425d8f61a49108664596ff785caf3e,f4e44e9f9016,2026-09-02T01:34:46.72468326Z,2026-09-02T01:34:50.913377175Z,4188.693919,200,fa5bbaa12602c6803fc911cd560f3cd567585f7b4703499b433ac2343ab380c5,,false,miss
retained-20260902-68135d3ad33f,S1-100-r01,S1-100,request-047,d4745ce8b0076d85ef4bad6643512dad50425d8f61a49108664596ff785caf3e,f4e44e9f9016,2026-09-02T01:34:46.72463938Z,2026-09-02T01:35:12.519186423Z,24094.717323,200,fa5bbaa12602c6803fc911cd560f3cd567585f7b4703499b433ac2343ab380c5,,false,miss
retained-20260902-68135d3ad33f,S1-100-r01,S1-100,request-048,d4745ce8b0076d85ef4bad6643512dad50425d8f61a49108664596ff785caf3e,f4e44e9f9016,2026-09-02T01:34:46.72462082Z,2026-09-02T01:34:48.119461271Z,1394.840454,200,fa5bbaa12602c6803fc911cd560f3cd567585f7b4703499b433ac2343ab380c5,,false,miss
retained-20260902-68135d3ad33f,S1-100-r01,S1-100,request-049,d4745ce8b0076d85ef4bad6643512dad50425d8f61a49108664596ff785caf3e,f4e44e9f9016,2026-09-02T01:34:46.72458791Z,2026-09-02T01:34:52.029471662Z,5304.883761,200,fa5bbaa12602c6803fc911cd560f3cd567585f7b4703499b433ac2343ab380c5,,false,miss
retained-20260902-68135d3ad33f,S1-100-r01,S1-100,request-050,d4745ce8b0076d85ef4bad6643512dad50425d8f61a49108664596ff785caf3e,f4e44e9f9016,2026-09-02T01:34:46.724515762Z,2026-09-02T01:34:48.418953992Z,1694.438227,200,fa5bbaa12602c6803fc911cd560f3cd567585f7b4703499b433ac2343ab380c5,,false,miss
retained-20260902-68135d3ad33f,S1-100-r01,S1-100,request-051,d4745ce8b0076d85ef4bad6643512dad50425d8f61a49108664596ff785caf3e,f4e44e9f9016,2026-09-02T01:34:46.724471836Z,2026-09-02T01:34:53.415766263Z,6691.294426,200,fa5bbaa12602c6803fc911cd560f3cd567585f7b4703499b433ac2343ab380c5,,false,miss
retained-20260902-68135d3ad33f,S1-100-r01,S1-100,request-052,d4745ce8b0076d85ef4bad6643512dad50425d8f61a49108664596ff785caf3e,f4e44e9f9016,2026-09-02T01:34:46.741694173Z,2026-09-02T01:35:20.597700142Z,32156.176248,200,fa5bbaa12602c6803fc911cd560f3cd567585f7b4703499b433ac2343ab380c5,,false,miss
retained-20260902-68135d3ad33f,S1-100-r01,S1-100,request-053,d4745ce8b0076d85ef4bad6643512dad50425d8f61a49108664596ff785caf3e,f4e44e9f9016,2026-09-02T01:34:46.741510676Z,2026-09-02T01:35:11.31746538Z,22876.124987,200,fa5bbaa12602c6803fc911cd560f3cd567585f7b4703499b433ac2343ab380c5,,false,miss
retained-20260902-68135d3ad33f,S1-100-r01,S1-100,request-054,d4745ce8b0076d85ef4bad6643512dad50425d8f61a49108664596ff785caf3e,f4e44e9f9016,2026-09-02T01:34:46.741491347Z,2026-09-02T01:35:10.620374727Z,22179.053656,200,fa5bbaa12602c6803fc911cd560f3cd567585f7b4703499b433ac2343ab380c5,,false,miss
retained-20260902-68135d3ad33f,S1-100-r01,S1-100,request-055,d4745ce8b0076d85ef4bad6643512dad50425d8f61a49108664596ff785caf3e,f4e44e9f9016,2026-09-02T01:34:46.741468773Z,2026-09-02T01:35:10.021401766Z,21580.103277,200,fa5bbaa12602c6803fc911cd560f3cd567585f7b4703499b433ac2343ab380c5,,false,miss
retained-20260902-68135d3ad33f,S1-100-r01,S1-100,request-056,d4745ce8b0076d85ef4bad6643512dad50425d8f61a49108664596ff785caf3e,f4e44e9f9016,2026-09-02T01:34:46.741450282Z,2026-09-02T01:35:09.410835458Z,20969.555447,200,fa5bbaa12602c6803fc911cd560f3cd567585f7b4703499b433ac2343ab380c5,,false,miss
retained-20260902-68135d3ad33f,S1-100-r01,S1-100,request-057,d4745ce8b0076d85ef4bad6643512dad50425d8f61a49108664596ff785caf3e,f4e44e9f9016,2026-09-02T01:34:46.741422759Z,2026-09-02T01:35:19.017541864Z,30576.289377,200,fa5bbaa12602c6803fc911cd560f3cd567585f7b4703499b433ac2343ab380c5,,false,miss
retained-20260902-68135d3ad33f,S1-100-r01,S1-100,request-058,d4745ce8b0076d85ef4bad6643512dad50425d8f61a49108664596ff785caf3e,f4e44e9f9016,2026-09-02T01:34:46.741402469Z,2026-09-02T01:35:08.817521492Z,20376.289296,200,fa5bbaa12602c6803fc911cd560f3cd567585f7b4703499b433ac2343ab380c5,,false,miss
retained-20260902-68135d3ad33f,S1-100-r01,S1-100,request-059,d4745ce8b0076d85ef4bad6643512dad50425d8f61a49108664596ff785caf3e,f4e44e9f9016,2026-09-02T01:34:46.741379561Z,2026-09-02T01:35:08.118452054Z,19677.242773,200,fa5bbaa12602c6803fc911cd560f3cd567585f7b4703499b433ac2343ab380c5,,false,miss
retained-20260902-68135d3ad33f,S1-100-r01,S1-100,request-060,d4745ce8b0076d85ef4bad6643512dad50425d8f61a49108664596ff785caf3e,f4e44e9f9016,2026-09-02T01:34:46.741359699Z,2026-09-02T01:35:07.720523093Z,19279.333673,200,fa5bbaa12602c6803fc911cd560f3cd567585f7b4703499b433ac2343ab380c5,,false,miss
retained-20260902-68135d3ad33f,S1-100-r01,S1-100,request-061,d4745ce8b0076d85ef4bad6643512dad50425d8f61a49108664596ff785caf3e,f4e44e9f9016,2026-09-02T01:34:46.741344506Z,2026-09-02T01:35:06.825393827Z,18384.219582,200,fa5bbaa12602c6803fc911cd560f3cd567585f7b4703499b433ac2343ab380c5,,false,miss
retained-20260902-68135d3ad33f,S1-100-r01,S1-100,request-062,d4745ce8b0076d85ef4bad6643512dad50425d8f61a49108664596ff785caf3e,f4e44e9f9016,2026-09-02T01:34:46.741322252Z,2026-09-02T01:35:06.221759387Z,17780.607404,200,fa5bbaa12602c6803fc911cd560f3cd567585f7b4703499b433ac2343ab380c5,,false,miss
retained-20260902-68135d3ad33f,S1-100-r01,S1-100,request-063,d4745ce8b0076d85ef4bad6643512dad50425d8f61a49108664596ff785caf3e,f4e44e9f9016,2026-09-02T01:34:46.741290763Z,2026-09-02T01:35:18.916496859Z,30475.376365,200,fa5bbaa12602c6803fc911cd560f3cd567585f7b4703499b433ac2343ab380c5,,false,miss
retained-20260902-68135d3ad33f,S1-100-r01,S1-100,request-064,d4745ce8b0076d85ef4bad6643512dad50425d8f61a49108664596ff785caf3e,f4e44e9f9016,2026-09-02T01:34:46.741260627Z,2026-09-02T01:35:05.313991989Z,16872.901635,200,fa5bbaa12602c6803fc911cd560f3cd567585f7b4703499b433ac2343ab380c5,,false,miss
retained-20260902-68135d3ad33f,S1-100-r01,S1-100,request-065,d4745ce8b0076d85ef4bad6643512dad50425d8f61a49108664596ff785caf3e,f4e44e9f9016,2026-09-02T01:34:46.741211041Z,2026-09-02T01:35:02.019884558Z,15278.673524,200,fa5bbaa12602c6803fc911cd560f3cd567585f7b4703499b433ac2343ab380c5,,false,miss
retained-20260902-68135d3ad33f,S1-100-r01,S1-100,request-066,d4745ce8b0076d85ef4bad6643512dad50425d8f61a49108664596ff785caf3e,f4e44e9f9016,2026-09-02T01:34:46.741178362Z,2026-09-02T01:34:59.932847472Z,13191.669110,200,fa5bbaa12602c6803fc911cd560f3cd567585f7b4703499b433ac2343ab380c5,,false,miss
retained-20260902-68135d3ad33f,S1-100-r01,S1-100,request-067,d4745ce8b0076d85ef4bad6643512dad50425d8f61a49108664596ff785caf3e,f4e44e9f9016,2026-09-02T01:34:46.741134394Z,2026-09-02T01:34:58.315311083Z,11574.176689,200,fa5bbaa12602c6803fc911cd560f3cd567585f7b4703499b433ac2343ab380c5,,false,miss
retained-20260902-68135d3ad33f,S1-100-r01,S1-100,request-068,d4745ce8b0076d85ef4bad6643512dad50425d8f61a49108664596ff785caf3e,f4e44e9f9016,2026-09-02T01:34:46.741091971Z,2026-09-02T01:34:57.414292764Z,10673.200798,200,fa5bbaa12602c6803fc911cd560f3cd567585f7b4703499b433ac2343ab380c5,,false,miss
retained-20260902-68135d3ad33f,S1-100-r01,S1-100,request-069,d4745ce8b0076d85ef4bad6643512dad50425d8f61a49108664596ff785caf3e,f4e44e9f9016,2026-09-02T01:34:46.741024702Z,2026-09-02T01:35:15.312187998Z,26871.333574,200,fa5bbaa12602c6803fc911cd560f3cd567585f7b4703499b433ac2343ab380c5,,false,miss
retained-20260902-68135d3ad33f,S1-100-r01,S1-100,request-070,d4745ce8b0076d85ef4bad6643512dad50425d8f61a49108664596ff785caf3e,f4e44e9f9016,2026-09-02T01:34:46.740956863Z,2026-09-02T01:35:17.629554972Z,29188.768391,200,fa5bbaa12602c6803fc911cd560f3cd567585f7b4703499b433ac2343ab380c5,,false,miss
retained-20260902-68135d3ad33f,S1-100-r01,S1-100,request-071,d4745ce8b0076d85ef4bad6643512dad50425d8f61a49108664596ff785caf3e,f4e44e9f9016,2026-09-02T01:34:46.740934059Z,2026-09-02T01:35:14.428615826Z,25987.852047,200,fa5bbaa12602c6803fc911cd560f3cd567585f7b4703499b433ac2343ab380c5,,false,miss
retained-20260902-68135d3ad33f,S1-100-r01,S1-100,request-072,d4745ce8b0076d85ef4bad6643512dad50425d8f61a49108664596ff785caf3e,f4e44e9f9016,2026-09-02T01:34:46.740882271Z,2026-09-02T01:35:13.729728535Z,25289.016549,200,fa5bbaa12602c6803fc911cd560f3cd567585f7b4703499b433ac2343ab380c5,,false,miss
retained-20260902-68135d3ad33f,S1-100-r01,S1-100,request-073,d4745ce8b0076d85ef4bad6643512dad50425d8f61a49108664596ff785caf3e,f4e44e9f9016,2026-09-02T01:34:46.725450101Z,2026-09-02T01:35:20.440148396Z,32014.868569,200,fa5bbaa12602c6803fc911cd560f3cd567585f7b4703499b433ac2343ab380c5,,false,miss
retained-20260902-68135d3ad33f,S1-100-r01,S1-100,request-074,d4745ce8b0076d85ef4bad6643512dad50425d8f61a49108664596ff785caf3e,f4e44e9f9016,2026-09-02T01:34:46.725393915Z,2026-09-02T01:35:11.318239075Z,22893.015424,200,fa5bbaa12602c6803fc911cd560f3cd567585f7b4703499b433ac2343ab380c5,,false,miss
retained-20260902-68135d3ad33f,S1-100-r01,S1-100,request-075,d4745ce8b0076d85ef4bad6643512dad50425d8f61a49108664596ff785caf3e,f4e44e9f9016,2026-09-02T01:34:46.725238045Z,2026-09-02T01:35:08.716914812Z,20291.847040,200,fa5bbaa12602c6803fc911cd560f3cd567585f7b4703499b433ac2343ab380c5,,false,miss
retained-20260902-68135d3ad33f,S1-100-r01,S1-100,request-076,d4745ce8b0076d85ef4bad6643512dad50425d8f61a49108664596ff785caf3e,f4e44e9f9016,2026-09-02T01:34:46.741666802Z,2026-09-02T01:35:20.132887344Z,31691.390817,200,fa5bbaa12602c6803fc911cd560f3cd567585f7b4703499b433ac2343ab380c5,,false,miss
retained-20260902-68135d3ad33f,S1-100-r01,S1-100,request-077,d4745ce8b0076d85ef4bad6643512dad50425d8f61a49108664596ff785caf3e,f4e44e9f9016,2026-09-02T01:34:46.741636664Z,2026-09-02T01:35:19.925723996Z,31484.257601,200,fa5bbaa12602c6803fc911cd560f3cd567585f7b4703499b433ac2343ab380c5,,false,miss
retained-20260902-68135d3ad33f,S1-100-r01,S1-100,request-078,d4745ce8b0076d85ef4bad6643512dad50425d8f61a49108664596ff785caf3e,f4e44e9f9016,2026-09-02T01:34:46.741554252Z,2026-09-02T01:35:19.413740027Z,30972.356049,200,fa5bbaa12602c6803fc911cd560f3cd567585f7b4703499b433ac2343ab380c5,,false,miss
retained-20260902-68135d3ad33f,S1-100-r01,S1-100,request-079,d4745ce8b0076d85ef4bad6643512dad50425d8f61a49108664596ff785caf3e,f4e44e9f9016,2026-09-02T01:34:46.741539478Z,2026-09-02T01:35:12.513551876Z,24072.182682,200,fa5bbaa12602c6803fc911cd560f3cd567585f7b4703499b433ac2343ab380c5,,false,miss
retained-20260902-68135d3ad33f,S1-100-r01,S1-100,request-080,d4745ce8b0076d85ef4bad6643512dad50425d8f61a49108664596ff785caf3e,f4e44e9f9016,2026-09-02T01:34:46.725170822Z,2026-09-02T01:35:13.921715846Z,25496.715304,200,fa5bbaa12602c6803fc911cd560f3cd567585f7b4703499b433ac2343ab380c5,,false,miss
retained-20260902-68135d3ad33f,S1-100-r01,S1-100,request-081,d4745ce8b0076d85ef4bad6643512dad50425d8f61a49108664596ff785caf3e,f4e44e9f9016,2026-09-02T01:34:46.724760095Z,2026-09-02T01:34:54.827284793Z,8102.524698,200,fa5bbaa12602c6803fc911cd560f3cd567585f7b4703499b433ac2343ab380c5,,false,miss
retained-20260902-68135d3ad33f,S1-100-r01,S1-100,request-082,d4745ce8b0076d85ef4bad6643512dad50425d8f61a49108664596ff785caf3e,f4e44e9f9016,2026-09-02T01:34:46.724686153Z,2026-09-02T01:34:54.615407579Z,7890.721433,200,fa5bbaa12602c6803fc911cd560f3cd567585f7b4703499b433ac2343ab380c5,,false,miss
retained-20260902-68135d3ad33f,S1-100-r01,S1-100,request-083,d4745ce8b0076d85ef4bad6643512dad50425d8f61a49108664596ff785caf3e,f4e44e9f9016,2026-09-02T01:34:46.724618385Z,2026-09-02T01:34:49.43374448Z,2709.126098,200,fa5bbaa12602c6803fc911cd560f3cd567585f7b4703499b433ac2343ab380c5,,false,miss
retained-20260902-68135d3ad33f,S1-100-r01,S1-100,request-084,d4745ce8b0076d85ef4bad6643512dad50425d8f61a49108664596ff785caf3e,f4e44e9f9016,2026-09-02T01:34:46.724500276Z,2026-09-02T01:34:52.122725487Z,5398.225218,200,fa5bbaa12602c6803fc911cd560f3cd567585f7b4703499b433ac2343ab380c5,,false,miss
retained-20260902-68135d3ad33f,S1-100-r01,S1-100,request-085,d4745ce8b0076d85ef4bad6643512dad50425d8f61a49108664596ff785caf3e,f4e44e9f9016,2026-09-02T01:34:46.724472963Z,2026-09-02T01:34:48.426774446Z,1702.301482,200,fa5bbaa12602c6803fc911cd560f3cd567585f7b4703499b433ac2343ab380c5,,false,miss
retained-20260902-68135d3ad33f,S1-100-r01,S1-100,request-086,d4745ce8b0076d85ef4bad6643512dad50425d8f61a49108664596ff785caf3e,f4e44e9f9016,2026-09-02T01:34:46.72471428Z,2026-09-02T01:34:51.133901181Z,4409.186907,200,fa5bbaa12602c6803fc911cd560f3cd567585f7b4703499b433ac2343ab380c5,,false,miss
retained-20260902-68135d3ad33f,S1-100-r01,S1-100,request-087,d4745ce8b0076d85ef4bad6643512dad50425d8f61a49108664596ff785caf3e,f4e44e9f9016,2026-09-02T01:34:46.724663625Z,2026-09-02T01:34:52.334409665Z,5609.746041,200,fa5bbaa12602c6803fc911cd560f3cd567585f7b4703499b433ac2343ab380c5,,false,miss
retained-20260902-68135d3ad33f,S1-100-r01,S1-100,request-088,d4745ce8b0076d85ef4bad6643512dad50425d8f61a49108664596ff785caf3e,f4e44e9f9016,2026-09-02T01:34:46.724533263Z,2026-09-02T01:34:52.113544355Z,5389.011097,200,fa5bbaa12602c6803fc911cd560f3cd567585f7b4703499b433ac2343ab380c5,,false,miss
retained-20260902-68135d3ad33f,S1-100-r01,S1-100,request-089,d4745ce8b0076d85ef4bad6643512dad50425d8f61a49108664596ff785caf3e,f4e44e9f9016,2026-09-02T01:34:46.724326015Z,2026-09-02T01:34:55.829888066Z,9105.562051,200,fa5bbaa12602c6803fc911cd560f3cd567585f7b4703499b433ac2343ab380c5,,false,miss
retained-20260902-68135d3ad33f,S1-100-r01,S1-100,request-090,d4745ce8b0076d85ef4bad6643512dad50425d8f61a49108664596ff785caf3e,f4e44e9f9016,2026-09-02T01:34:46.725191845Z,2026-09-02T01:35:18.019886008Z,29594.864439,200,fa5bbaa12602c6803fc911cd560f3cd567585f7b4703499b433ac2343ab380c5,,false,miss
retained-20260902-68135d3ad33f,S1-100-r01,S1-100,request-091,d4745ce8b0076d85ef4bad6643512dad50425d8f61a49108664596ff785caf3e,f4e44e9f9016,2026-09-02T01:34:46.725149785Z,2026-09-02T01:35:02.41948218Z,15694.332403,200,fa5bbaa12602c6803fc911cd560f3cd567585f7b4703499b433ac2343ab380c5,,false,miss
retained-20260902-68135d3ad33f,S1-100-r01,S1-100,request-092,d4745ce8b0076d85ef4bad6643512dad50425d8f61a49108664596ff785caf3e,f4e44e9f9016,2026-09-02T01:34:46.725125889Z,2026-09-02T01:35:01.922778742Z,15197.652855,200,fa5bbaa12602c6803fc911cd560f3cd567585f7b4703499b433ac2343ab380c5,,false,miss
retained-20260902-68135d3ad33f,S1-100-r01,S1-100,request-093,d4745ce8b0076d85ef4bad6643512dad50425d8f61a49108664596ff785caf3e,f4e44e9f9016,2026-09-02T01:34:46.725087529Z,2026-09-02T01:35:00.726727374Z,14001.639845,200,fa5bbaa12602c6803fc911cd560f3cd567585f7b4703499b433ac2343ab380c5,,false,miss
retained-20260902-68135d3ad33f,S1-100-r01,S1-100,request-094,d4745ce8b0076d85ef4bad6643512dad50425d8f61a49108664596ff785caf3e,f4e44e9f9016,2026-09-02T01:34:46.725031109Z,2026-09-02T01:34:58.717259141Z,11992.228030,200,fa5bbaa12602c6803fc911cd560f3cd567585f7b4703499b433ac2343ab380c5,,false,miss
retained-20260902-68135d3ad33f,S1-100-r01,S1-100,request-095,d4745ce8b0076d85ef4bad6643512dad50425d8f61a49108664596ff785caf3e,f4e44e9f9016,2026-09-02T01:34:46.724909299Z,2026-09-02T01:34:57.118043909Z,10393.134606,200,fa5bbaa12602c6803fc911cd560f3cd567585f7b4703499b433ac2343ab380c5,,false,miss
retained-20260902-68135d3ad33f,S1-100-r01,S1-100,request-096,d4745ce8b0076d85ef4bad6643512dad50425d8f61a49108664596ff785caf3e,f4e44e9f9016,2026-09-02T01:34:46.724864913Z,2026-09-02T01:34:55.914267823Z,9189.402916,200,fa5bbaa12602c6803fc911cd560f3cd567585f7b4703499b433ac2343ab380c5,,false,miss
retained-20260902-68135d3ad33f,S1-100-r01,S1-100,request-097,d4745ce8b0076d85ef4bad6643512dad50425d8f61a49108664596ff785caf3e,f4e44e9f9016,2026-09-02T01:34:46.724846363Z,2026-09-02T01:34:50.728038115Z,4003.191756,200,fa5bbaa12602c6803fc911cd560f3cd567585f7b4703499b433ac2343ab380c5,,false,miss
retained-20260902-68135d3ad33f,S1-100-r01,S1-100,request-098,d4745ce8b0076d85ef4bad6643512dad50425d8f61a49108664596ff785caf3e,f4e44e9f9016,2026-09-02T01:34:46.724818378Z,2026-09-02T01:34:49.417148369Z,2692.329999,200,fa5bbaa12602c6803fc911cd560f3cd567585f7b4703499b433ac2343ab380c5,,false,miss
retained-20260902-68135d3ad33f,S1-100-r01,S1-100,request-099,d4745ce8b0076d85ef4bad6643512dad50425d8f61a49108664596ff785caf3e,f4e44e9f9016,2026-09-02T01:34:46.724800919Z,2026-09-02T01:34:49.728176208Z,3003.375292,200,fa5bbaa12602c6803fc911cd560f3cd567585f7b4703499b433ac2343ab380c5,,false,miss
retained-20260902-68135d3ad33f,S1-100-r01,S1-100,request-100,d4745ce8b0076d85ef4bad6643512dad50425d8f61a49108664596ff785caf3e,f4e44e9f9016,2026-09-02T01:34:46.741297532Z,2026-09-02T01:35:06.430604516Z,17989.477261,200,fa5bbaa12602c6803fc911cd560f3cd567585f7b4703499b433ac2343ab380c5,,false,miss
retained-20260902-68135d3ad33f,S0-r02,S0,request-001,d4745ce8b0076d85ef4bad6643512dad50425d8f61a49108664596ff785caf3e,f4e44e9f9016,2026-09-02T01:35:20.928464105Z,2026-09-02T01:35:21.245813862Z,317.349758,200,fa5bbaa12602c6803fc911cd560f3cd567585f7b4703499b433ac2343ab380c5,,false,miss
retained-20260902-68135d3ad33f,S1-10-r02,S1-10,request-001,d4745ce8b0076d85ef4bad6643512dad50425d8f61a49108664596ff785caf3e,f4e44e9f9016,2026-09-02T01:35:21.581410036Z,2026-09-02T01:35:22.825557121Z,1244.147085,200,fa5bbaa12602c6803fc911cd560f3cd567585f7b4703499b433ac2343ab380c5,,false,miss
retained-20260902-68135d3ad33f,S1-10-r02,S1-10,request-002,d4745ce8b0076d85ef4bad6643512dad50425d8f61a49108664596ff785caf3e,f4e44e9f9016,2026-09-02T01:35:21.581347848Z,2026-09-02T01:35:24.426156259Z,2844.808413,200,fa5bbaa12602c6803fc911cd560f3cd567585f7b4703499b433ac2343ab380c5,,false,miss
retained-20260902-68135d3ad33f,S1-10-r02,S1-10,request-003,d4745ce8b0076d85ef4bad6643512dad50425d8f61a49108664596ff785caf3e,f4e44e9f9016,2026-09-02T01:35:21.581297172Z,2026-09-02T01:35:24.033899331Z,2452.602161,200,fa5bbaa12602c6803fc911cd560f3cd567585f7b4703499b433ac2343ab380c5,,false,miss
retained-20260902-68135d3ad33f,S1-10-r02,S1-10,request-004,d4745ce8b0076d85ef4bad6643512dad50425d8f61a49108664596ff785caf3e,f4e44e9f9016,2026-09-02T01:35:21.58119784Z,2026-09-02T01:35:24.228954936Z,2647.757103,200,fa5bbaa12602c6803fc911cd560f3cd567585f7b4703499b433ac2343ab380c5,,false,miss
retained-20260902-68135d3ad33f,S1-10-r02,S1-10,request-005,d4745ce8b0076d85ef4bad6643512dad50425d8f61a49108664596ff785caf3e,f4e44e9f9016,2026-09-02T01:35:21.581429248Z,2026-09-02T01:35:24.933138832Z,3351.709585,200,fa5bbaa12602c6803fc911cd560f3cd567585f7b4703499b433ac2343ab380c5,,false,miss
retained-20260902-68135d3ad33f,S1-10-r02,S1-10,request-006,d4745ce8b0076d85ef4bad6643512dad50425d8f61a49108664596ff785caf3e,f4e44e9f9016,2026-09-02T01:35:21.581335807Z,2026-09-02T01:35:24.127476751Z,2546.140948,200,fa5bbaa12602c6803fc911cd560f3cd567585f7b4703499b433ac2343ab380c5,,false,miss
retained-20260902-68135d3ad33f,S1-10-r02,S1-10,request-007,d4745ce8b0076d85ef4bad6643512dad50425d8f61a49108664596ff785caf3e,f4e44e9f9016,2026-09-02T01:35:21.581353731Z,2026-09-02T01:35:24.920088183Z,3338.734455,200,fa5bbaa12602c6803fc911cd560f3cd567585f7b4703499b433ac2343ab380c5,,false,miss
retained-20260902-68135d3ad33f,S1-10-r02,S1-10,request-008,d4745ce8b0076d85ef4bad6643512dad50425d8f61a49108664596ff785caf3e,f4e44e9f9016,2026-09-02T01:35:21.581307827Z,2026-09-02T01:35:22.933629092Z,1352.321261,200,fa5bbaa12602c6803fc911cd560f3cd567585f7b4703499b433ac2343ab380c5,,false,miss
retained-20260902-68135d3ad33f,S1-10-r02,S1-10,request-009,d4745ce8b0076d85ef4bad6643512dad50425d8f61a49108664596ff785caf3e,f4e44e9f9016,2026-09-02T01:35:21.581211318Z,2026-09-02T01:35:23.114897439Z,1533.686137,200,fa5bbaa12602c6803fc911cd560f3cd567585f7b4703499b433ac2343ab380c5,,false,miss
retained-20260902-68135d3ad33f,S1-10-r02,S1-10,request-010,d4745ce8b0076d85ef4bad6643512dad50425d8f61a49108664596ff785caf3e,f4e44e9f9016,2026-09-02T01:35:21.581174663Z,2026-09-02T01:35:22.821397969Z,1240.223306,200,fa5bbaa12602c6803fc911cd560f3cd567585f7b4703499b433ac2343ab380c5,,false,miss
retained-20260902-68135d3ad33f,S2-10-r02,S2-10,request-001,d4745ce8b0076d85ef4bad6643512dad50425d8f61a49108664596ff785caf3e,f4e44e9f9016,2026-09-02T01:35:25.249813876Z,2026-09-02T01:35:25.574221653Z,324.407777,200,fa5bbaa12602c6803fc911cd560f3cd567585f7b4703499b433ac2343ab380c5,,false,miss
retained-20260902-68135d3ad33f,S2-10-r02,S2-10,request-002,d4745ce8b0076d85ef4bad6643512dad50425d8f61a49108664596ff785caf3e,f4e44e9f9016,2026-09-02T01:35:25.249997618Z,2026-09-02T01:35:25.574275075Z,324.277452,200,fa5bbaa12602c6803fc911cd560f3cd567585f7b4703499b433ac2343ab380c5,,true,miss
retained-20260902-68135d3ad33f,S2-10-r02,S2-10,request-003,d4745ce8b0076d85ef4bad6643512dad50425d8f61a49108664596ff785caf3e,f4e44e9f9016,2026-09-02T01:35:25.249979287Z,2026-09-02T01:35:25.574089433Z,324.110090,200,fa5bbaa12602c6803fc911cd560f3cd567585f7b4703499b433ac2343ab380c5,,true,miss
retained-20260902-68135d3ad33f,S2-10-r02,S2-10,request-004,d4745ce8b0076d85ef4bad6643512dad50425d8f61a49108664596ff785caf3e,f4e44e9f9016,2026-09-02T01:35:25.249947469Z,2026-09-02T01:35:25.574223525Z,324.276059,200,fa5bbaa12602c6803fc911cd560f3cd567585f7b4703499b433ac2343ab380c5,,true,miss
retained-20260902-68135d3ad33f,S2-10-r02,S2-10,request-005,d4745ce8b0076d85ef4bad6643512dad50425d8f61a49108664596ff785caf3e,f4e44e9f9016,2026-09-02T01:35:25.249913743Z,2026-09-02T01:35:25.574324726Z,324.410982,200,fa5bbaa12602c6803fc911cd560f3cd567585f7b4703499b433ac2343ab380c5,,true,miss
retained-20260902-68135d3ad33f,S2-10-r02,S2-10,request-006,d4745ce8b0076d85ef4bad6643512dad50425d8f61a49108664596ff785caf3e,f4e44e9f9016,2026-09-02T01:35:25.250104188Z,2026-09-02T01:35:25.574157117Z,324.052929,200,fa5bbaa12602c6803fc911cd560f3cd567585f7b4703499b433ac2343ab380c5,,true,miss
retained-20260902-68135d3ad33f,S2-10-r02,S2-10,request-007,d4745ce8b0076d85ef4bad6643512dad50425d8f61a49108664596ff785caf3e,f4e44e9f9016,2026-09-02T01:35:25.250057132Z,2026-09-02T01:35:25.574391942Z,324.334807,200,fa5bbaa12602c6803fc911cd560f3cd567585f7b4703499b433ac2343ab380c5,,true,miss
retained-20260902-68135d3ad33f,S2-10-r02,S2-10,request-008,d4745ce8b0076d85ef4bad6643512dad50425d8f61a49108664596ff785caf3e,f4e44e9f9016,2026-09-02T01:35:25.250004399Z,2026-09-02T01:35:25.574411427Z,324.407030,200,fa5bbaa12602c6803fc911cd560f3cd567585f7b4703499b433ac2343ab380c5,,true,miss
retained-20260902-68135d3ad33f,S2-10-r02,S2-10,request-009,d4745ce8b0076d85ef4bad6643512dad50425d8f61a49108664596ff785caf3e,f4e44e9f9016,2026-09-02T01:35:25.249991611Z,2026-09-02T01:35:25.574285828Z,324.294222,200,fa5bbaa12602c6803fc911cd560f3cd567585f7b4703499b433ac2343ab380c5,,true,miss
retained-20260902-68135d3ad33f,S2-10-r02,S2-10,request-010,d4745ce8b0076d85ef4bad6643512dad50425d8f61a49108664596ff785caf3e,f4e44e9f9016,2026-09-02T01:35:25.250017386Z,2026-09-02T01:35:25.57433915Z,324.321766,200,fa5bbaa12602c6803fc911cd560f3cd567585f7b4703499b433ac2343ab380c5,,true,miss
retained-20260902-68135d3ad33f,S2-50-r02,S2-50,request-001,d4745ce8b0076d85ef4bad6643512dad50425d8f61a49108664596ff785caf3e,f4e44e9f9016,2026-09-02T01:35:25.862953737Z,2026-09-02T01:35:26.212695161Z,349.741424,200,fa5bbaa12602c6803fc911cd560f3cd567585f7b4703499b433ac2343ab380c5,,true,miss
retained-20260902-68135d3ad33f,S2-50-r02,S2-50,request-002,d4745ce8b0076d85ef4bad6643512dad50425d8f61a49108664596ff785caf3e,f4e44e9f9016,2026-09-02T01:35:25.862922525Z,2026-09-02T01:35:26.211580451Z,348.657929,200,fa5bbaa12602c6803fc911cd560f3cd567585f7b4703499b433ac2343ab380c5,,true,miss
retained-20260902-68135d3ad33f,S2-50-r02,S2-50,request-003,d4745ce8b0076d85ef4bad6643512dad50425d8f61a49108664596ff785caf3e,f4e44e9f9016,2026-09-02T01:35:25.862881143Z,2026-09-02T01:35:26.211826926Z,348.945787,200,fa5bbaa12602c6803fc911cd560f3cd567585f7b4703499b433ac2343ab380c5,,true,miss
retained-20260902-68135d3ad33f,S2-50-r02,S2-50,request-004,d4745ce8b0076d85ef4bad6643512dad50425d8f61a49108664596ff785caf3e,f4e44e9f9016,2026-09-02T01:35:25.862862358Z,2026-09-02T01:35:26.198416053Z,335.553692,200,fa5bbaa12602c6803fc911cd560f3cd567585f7b4703499b433ac2343ab380c5,,true,miss
retained-20260902-68135d3ad33f,S2-50-r02,S2-50,request-005,d4745ce8b0076d85ef4bad6643512dad50425d8f61a49108664596ff785caf3e,f4e44e9f9016,2026-09-02T01:35:25.862816795Z,2026-09-02T01:35:26.197973484Z,335.156688,200,fa5bbaa12602c6803fc911cd560f3cd567585f7b4703499b433ac2343ab380c5,,true,miss
retained-20260902-68135d3ad33f,S2-50-r02,S2-50,request-006,d4745ce8b0076d85ef4bad6643512dad50425d8f61a49108664596ff785caf3e,f4e44e9f9016,2026-09-02T01:35:25.862789358Z,2026-09-02T01:35:26.211695628Z,348.906275,200,fa5bbaa12602c6803fc911cd560f3cd567585f7b4703499b433ac2343ab380c5,,true,miss
retained-20260902-68135d3ad33f,S2-50-r02,S2-50,request-007,d4745ce8b0076d85ef4bad6643512dad50425d8f61a49108664596ff785caf3e,f4e44e9f9016,2026-09-02T01:35:25.862769849Z,2026-09-02T01:35:26.198301786Z,335.531937,200,fa5bbaa12602c6803fc911cd560f3cd567585f7b4703499b433ac2343ab380c5,,true,miss
retained-20260902-68135d3ad33f,S2-50-r02,S2-50,request-008,d4745ce8b0076d85ef4bad6643512dad50425d8f61a49108664596ff785caf3e,f4e44e9f9016,2026-09-02T01:35:25.862750578Z,2026-09-02T01:35:26.197964315Z,335.213738,200,fa5bbaa12602c6803fc911cd560f3cd567585f7b4703499b433ac2343ab380c5,,true,miss
retained-20260902-68135d3ad33f,S2-50-r02,S2-50,request-009,d4745ce8b0076d85ef4bad6643512dad50425d8f61a49108664596ff785caf3e,f4e44e9f9016,2026-09-02T01:35:25.86270123Z,2026-09-02T01:35:26.211762644Z,349.061414,200,fa5bbaa12602c6803fc911cd560f3cd567585f7b4703499b433ac2343ab380c5,,true,miss
retained-20260902-68135d3ad33f,S2-50-r02,S2-50,request-010,d4745ce8b0076d85ef4bad6643512dad50425d8f61a49108664596ff785caf3e,f4e44e9f9016,2026-09-02T01:35:25.86266464Z,2026-09-02T01:35:26.212314941Z,349.650301,200,fa5bbaa12602c6803fc911cd560f3cd567585f7b4703499b433ac2343ab380c5,,true,miss
retained-20260902-68135d3ad33f,S2-50-r02,S2-50,request-011,d4745ce8b0076d85ef4bad6643512dad50425d8f61a49108664596ff785caf3e,f4e44e9f9016,2026-09-02T01:35:25.862610322Z,2026-09-02T01:35:26.198098852Z,335.488526,200,fa5bbaa12602c6803fc911cd560f3cd567585f7b4703499b433ac2343ab380c5,,true,miss
retained-20260902-68135d3ad33f,S2-50-r02,S2-50,request-012,d4745ce8b0076d85ef4bad6643512dad50425d8f61a49108664596ff785caf3e,f4e44e9f9016,2026-09-02T01:35:25.862570608Z,2026-09-02T01:35:26.21263724Z,350.066632,200,fa5bbaa12602c6803fc911cd560f3cd567585f7b4703499b433ac2343ab380c5,,true,miss
retained-20260902-68135d3ad33f,S2-50-r02,S2-50,request-013,d4745ce8b0076d85ef4bad6643512dad50425d8f61a49108664596ff785caf3e,f4e44e9f9016,2026-09-02T01:35:25.862539784Z,2026-09-02T01:35:26.211556176Z,349.016399,200,fa5bbaa12602c6803fc911cd560f3cd567585f7b4703499b433ac2343ab380c5,,true,miss
retained-20260902-68135d3ad33f,S2-50-r02,S2-50,request-014,d4745ce8b0076d85ef4bad6643512dad50425d8f61a49108664596ff785caf3e,f4e44e9f9016,2026-09-02T01:35:25.862523057Z,2026-09-02T01:35:26.198179473Z,335.656412,200,fa5bbaa12602c6803fc911cd560f3cd567585f7b4703499b433ac2343ab380c5,,true,miss
retained-20260902-68135d3ad33f,S2-50-r02,S2-50,request-015,d4745ce8b0076d85ef4bad6643512dad50425d8f61a49108664596ff785caf3e,f4e44e9f9016,2026-09-02T01:35:25.86249052Z,2026-09-02T01:35:26.197835977Z,335.345459,200,fa5bbaa12602c6803fc911cd560f3cd567585f7b4703499b433ac2343ab380c5,,true,miss
retained-20260902-68135d3ad33f,S2-50-r02,S2-50,request-016,d4745ce8b0076d85ef4bad6643512dad50425d8f61a49108664596ff785caf3e,f4e44e9f9016,2026-09-02T01:35:25.862451955Z,2026-09-02T01:35:26.211449423Z,348.997467,200,fa5bbaa12602c6803fc911cd560f3cd567585f7b4703499b433ac2343ab380c5,,true,miss
retained-20260902-68135d3ad33f,S2-50-r02,S2-50,request-017,d4745ce8b0076d85ef4bad6643512dad50425d8f61a49108664596ff785caf3e,f4e44e9f9016,2026-09-02T01:35:25.86241741Z,2026-09-02T01:35:26.210744957Z,348.327548,200,fa5bbaa12602c6803fc911cd560f3cd567585f7b4703499b433ac2343ab380c5,,true,miss
retained-20260902-68135d3ad33f,S2-50-r02,S2-50,request-018,d4745ce8b0076d85ef4bad6643512dad50425d8f61a49108664596ff785caf3e,f4e44e9f9016,2026-09-02T01:35:25.8623779Z,2026-09-02T01:35:26.197784805Z,335.406906,200,fa5bbaa12602c6803fc911cd560f3cd567585f7b4703499b433ac2343ab380c5,,true,miss
retained-20260902-68135d3ad33f,S2-50-r02,S2-50,request-019,d4745ce8b0076d85ef4bad6643512dad50425d8f61a49108664596ff785caf3e,f4e44e9f9016,2026-09-02T01:35:25.862339659Z,2026-09-02T01:35:26.211759188Z,349.419535,200,fa5bbaa12602c6803fc911cd560f3cd567585f7b4703499b433ac2343ab380c5,,true,miss
retained-20260902-68135d3ad33f,S2-50-r02,S2-50,request-020,d4745ce8b0076d85ef4bad6643512dad50425d8f61a49108664596ff785caf3e,f4e44e9f9016,2026-09-02T01:35:25.862323533Z,2026-09-02T01:35:26.212394886Z,350.071359,200,fa5bbaa12602c6803fc911cd560f3cd567585f7b4703499b433ac2343ab380c5,,true,miss
retained-20260902-68135d3ad33f,S2-50-r02,S2-50,request-021,d4745ce8b0076d85ef4bad6643512dad50425d8f61a49108664596ff785caf3e,f4e44e9f9016,2026-09-02T01:35:25.86230311Z,2026-09-02T01:35:26.198036066Z,335.732961,200,fa5bbaa12602c6803fc911cd560f3cd567585f7b4703499b433ac2343ab380c5,,true,miss
retained-20260902-68135d3ad33f,S2-50-r02,S2-50,request-022,d4745ce8b0076d85ef4bad6643512dad50425d8f61a49108664596ff785caf3e,f4e44e9f9016,2026-09-02T01:35:25.862276063Z,2026-09-02T01:35:26.197901094Z,335.625040,200,fa5bbaa12602c6803fc911cd560f3cd567585f7b4703499b433ac2343ab380c5,,true,miss
retained-20260902-68135d3ad33f,S2-50-r02,S2-50,request-023,d4745ce8b0076d85ef4bad6643512dad50425d8f61a49108664596ff785caf3e,f4e44e9f9016,2026-09-02T01:35:25.862251565Z,2026-09-02T01:35:26.197671666Z,335.420111,200,fa5bbaa12602c6803fc911cd560f3cd567585f7b4703499b433ac2343ab380c5,,true,miss
retained-20260902-68135d3ad33f,S2-50-r02,S2-50,request-024,d4745ce8b0076d85ef4bad6643512dad50425d8f61a49108664596ff785caf3e,f4e44e9f9016,2026-09-02T01:35:25.862204023Z,2026-09-02T01:35:26.198230788Z,336.026761,200,fa5bbaa12602c6803fc911cd560f3cd567585f7b4703499b433ac2343ab380c5,,true,miss
retained-20260902-68135d3ad33f,S2-50-r02,S2-50,request-025,d4745ce8b0076d85ef4bad6643512dad50425d8f61a49108664596ff785caf3e,f4e44e9f9016,2026-09-02T01:35:25.862031622Z,2026-09-02T01:35:26.211644052Z,349.612432,200,fa5bbaa12602c6803fc911cd560f3cd567585f7b4703499b433ac2343ab380c5,,true,miss
retained-20260902-68135d3ad33f,S2-50-r02,S2-50,request-026,d4745ce8b0076d85ef4bad6643512dad50425d8f61a49108664596ff785caf3e,f4e44e9f9016,2026-09-02T01:35:25.862828551Z,2026-09-02T01:35:26.197772956Z,334.944402,200,fa5bbaa12602c6803fc911cd560f3cd567585f7b4703499b433ac2343ab380c5,,true,miss
retained-20260902-68135d3ad33f,S2-50-r02,S2-50,request-027,d4745ce8b0076d85ef4bad6643512dad50425d8f61a49108664596ff785caf3e,f4e44e9f9016,2026-09-02T01:35:25.862767665Z,2026-09-02T01:35:26.212704023Z,349.936353,200,fa5bbaa12602c6803fc911cd560f3cd567585f7b4703499b433ac2343ab380c5,,true,miss
retained-20260902-68135d3ad33f,S2-50-r02,S2-50,request-028,d4745ce8b0076d85ef4bad6643512dad50425d8f61a49108664596ff785caf3e,f4e44e9f9016,2026-09-02T01:35:25.862711725Z,2026-09-02T01:35:26.197726334Z,335.014614,200,fa5bbaa12602c6803fc911cd560f3cd567585f7b4703499b433ac2343ab380c5,,true,miss
retained-20260902-68135d3ad33f,S2-50-r02,S2-50,request-029,d4745ce8b0076d85ef4bad6643512dad50425d8f61a49108664596ff785caf3e,f4e44e9f9016,2026-09-02T01:35:25.862691884Z,2026-09-02T01:35:26.211702554Z,349.010676,200,fa5bbaa12602c6803fc911cd560f3cd567585f7b4703499b433ac2343ab380c5,,true,miss
retained-20260902-68135d3ad33f,S2-50-r02,S2-50,request-030,d4745ce8b0076d85ef4bad6643512dad50425d8f61a49108664596ff785caf3e,f4e44e9f9016,2026-09-02T01:35:25.862675492Z,2026-09-02T01:35:26.212590637Z,349.915150,200,fa5bbaa12602c6803fc911cd560f3cd567585f7b4703499b433ac2343ab380c5,,true,miss
retained-20260902-68135d3ad33f,S2-50-r02,S2-50,request-031,d4745ce8b0076d85ef4bad6643512dad50425d8f61a49108664596ff785caf3e,f4e44e9f9016,2026-09-02T01:35:25.862657002Z,2026-09-02T01:35:26.198229729Z,335.572733,200,fa5bbaa12602c6803fc911cd560f3cd567585f7b4703499b433ac2343ab380c5,,true,miss
retained-20260902-68135d3ad33f,S2-50-r02,S2-50,request-032,d4745ce8b0076d85ef4bad6643512dad50425d8f61a49108664596ff785caf3e,f4e44e9f9016,2026-09-02T01:35:25.862623775Z,2026-09-02T01:35:26.197851159Z,335.227390,200,fa5bbaa12602c6803fc911cd560f3cd567585f7b4703499b433ac2343ab380c5,,true,miss
retained-20260902-68135d3ad33f,S2-50-r02,S2-50,request-033,d4745ce8b0076d85ef4bad6643512dad50425d8f61a49108664596ff785caf3e,f4e44e9f9016,2026-09-02T01:35:25.86260082Z,2026-09-02T01:35:26.212670711Z,350.069892,200,fa5bbaa12602c6803fc911cd560f3cd567585f7b4703499b433ac2343ab380c5,,true,miss
retained-20260902-68135d3ad33f,S2-50-r02,S2-50,request-034,d4745ce8b0076d85ef4bad6643512dad50425d8f61a49108664596ff785caf3e,f4e44e9f9016,2026-09-02T01:35:25.862568468Z,2026-09-02T01:35:26.211824886Z,349.256426,200,fa5bbaa12602c6803fc911cd560f3cd567585f7b4703499b433ac2343ab380c5,,true,miss
retained-20260902-68135d3ad33f,S2-50-r02,S2-50,request-035,d4745ce8b0076d85ef4bad6643512dad50425d8f61a49108664596ff785caf3e,f4e44e9f9016,2026-09-02T01:35:25.862539013Z,2026-09-02T01:35:26.212511425Z,349.972422,200,fa5bbaa12602c6803fc911cd560f3cd567585f7b4703499b433ac2343ab380c5,,true,miss
retained-20260902-68135d3ad33f,S2-50-r02,S2-50,request-036,d4745ce8b0076d85ef4bad6643512dad50425d8f61a49108664596ff785caf3e,f4e44e9f9016,2026-09-02T01:35:25.862521109Z,2026-09-02T01:35:26.198068997Z,335.547890,200,fa5bbaa12602c6803fc911cd560f3cd567585f7b4703499b433ac2343ab380c5,,true,miss
retained-20260902-68135d3ad33f,S2-50-r02,S2-50,request-037,d4745ce8b0076d85ef4bad6643512dad50425d8f61a49108664596ff785caf3e,f4e44e9f9016,2026-09-02T01:35:25.862495128Z,2026-09-02T01:35:26.196265411Z,333.770283,200,fa5bbaa12602c6803fc911cd560f3cd567585f7b4703499b433ac2343ab380c5,,true,miss
retained-20260902-68135d3ad33f,S2-50-r02,S2-50,request-038,d4745ce8b0076d85ef4bad6643512dad50425d8f61a49108664596ff785caf3e,f4e44e9f9016,2026-09-02T01:35:25.862471748Z,2026-09-02T01:35:26.212604079Z,350.132332,200,fa5bbaa12602c6803fc911cd560f3cd567585f7b4703499b433ac2343ab380c5,,true,miss
retained-20260902-68135d3ad33f,S2-50-r02,S2-50,request-039,d4745ce8b0076d85ef4bad6643512dad50425d8f61a49108664596ff785caf3e,f4e44e9f9016,2026-09-02T01:35:25.862448852Z,2026-09-02T01:35:26.212644588Z,350.195741,200,fa5bbaa12602c6803fc911cd560f3cd567585f7b4703499b433ac2343ab380c5,,true,miss
retained-20260902-68135d3ad33f,S2-50-r02,S2-50,request-040,d4745ce8b0076d85ef4bad6643512dad50425d8f61a49108664596ff785caf3e,f4e44e9f9016,2026-09-02T01:35:25.862426898Z,2026-09-02T01:35:26.198308053Z,335.881151,200,fa5bbaa12602c6803fc911cd560f3cd567585f7b4703499b433ac2343ab380c5,,true,miss
retained-20260902-68135d3ad33f,S2-50-r02,S2-50,request-041,d4745ce8b0076d85ef4bad6643512dad50425d8f61a49108664596ff785caf3e,f4e44e9f9016,2026-09-02T01:35:25.862384877Z,2026-09-02T01:35:26.198151925Z,335.767048,200,fa5bbaa12602c6803fc911cd560f3cd567585f7b4703499b433ac2343ab380c5,,true,miss
retained-20260902-68135d3ad33f,S2-50-r02,S2-50,request-042,d4745ce8b0076d85ef4bad6643512dad50425d8f61a49108664596ff785caf3e,f4e44e9f9016,2026-09-02T01:35:25.862348659Z,2026-09-02T01:35:26.212566917Z,350.218261,200,fa5bbaa12602c6803fc911cd560f3cd567585f7b4703499b433ac2343ab380c5,,true,miss
retained-20260902-68135d3ad33f,S2-50-r02,S2-50,request-043,d4745ce8b0076d85ef4bad6643512dad50425d8f61a49108664596ff785caf3e,f4e44e9f9016,2026-09-02T01:35:25.862322411Z,2026-09-02T01:35:26.211633245Z,349.310825,200,fa5bbaa12602c6803fc911cd560f3cd567585f7b4703499b433ac2343ab380c5,,true,miss
retained-20260902-68135d3ad33f,S2-50-r02,S2-50,request-044,d4745ce8b0076d85ef4bad6643512dad50425d8f61a49108664596ff785caf3e,f4e44e9f9016,2026-09-02T01:35:25.862289169Z,2026-09-02T01:35:26.197909266Z,335.620094,200,fa5bbaa12602c6803fc911cd560f3cd567585f7b4703499b433ac2343ab380c5,,true,miss
retained-20260902-68135d3ad33f,S2-50-r02,S2-50,request-045,d4745ce8b0076d85ef4bad6643512dad50425d8f61a49108664596ff785caf3e,f4e44e9f9016,2026-09-02T01:35:25.862270524Z,2026-09-02T01:35:26.198017566Z,335.747039,200,fa5bbaa12602c6803fc911cd560f3cd567585f7b4703499b433ac2343ab380c5,,true,miss
retained-20260902-68135d3ad33f,S2-50-r02,S2-50,request-046,d4745ce8b0076d85ef4bad6643512dad50425d8f61a49108664596ff785caf3e,f4e44e9f9016,2026-09-02T01:35:25.862241512Z,2026-09-02T01:35:26.197714575Z,335.473064,200,fa5bbaa12602c6803fc911cd560f3cd567585f7b4703499b433ac2343ab380c5,,true,miss
retained-20260902-68135d3ad33f,S2-50-r02,S2-50,request-047,d4745ce8b0076d85ef4bad6643512dad50425d8f61a49108664596ff785caf3e,f4e44e9f9016,2026-09-02T01:35:25.862204777Z,2026-09-02T01:35:26.211459722Z,349.254941,200,fa5bbaa12602c6803fc911cd560f3cd567585f7b4703499b433ac2343ab380c5,,true,miss
retained-20260902-68135d3ad33f,S2-50-r02,S2-50,request-048,d4745ce8b0076d85ef4bad6643512dad50425d8f61a49108664596ff785caf3e,f4e44e9f9016,2026-09-02T01:35:25.862080714Z,2026-09-02T01:35:26.196193944Z,334.113232,200,fa5bbaa12602c6803fc911cd560f3cd567585f7b4703499b433ac2343ab380c5,,false,miss
retained-20260902-68135d3ad33f,S2-50-r02,S2-50,request-049,d4745ce8b0076d85ef4bad6643512dad50425d8f61a49108664596ff785caf3e,f4e44e9f9016,2026-09-02T01:35:25.862061574Z,2026-09-02T01:35:26.198125764Z,336.064196,200,fa5bbaa12602c6803fc911cd560f3cd567585f7b4703499b433ac2343ab380c5,,true,miss
retained-20260902-68135d3ad33f,S2-50-r02,S2-50,request-050,d4745ce8b0076d85ef4bad6643512dad50425d8f61a49108664596ff785caf3e,f4e44e9f9016,2026-09-02T01:35:25.862017265Z,2026-09-02T01:35:26.212727943Z,350.710678,200,fa5bbaa12602c6803fc911cd560f3cd567585f7b4703499b433ac2343ab380c5,,true,miss
retained-20260902-68135d3ad33f,S1-50-r02,S1-50,request-001,d4745ce8b0076d85ef4bad6643512dad50425d8f61a49108664596ff785caf3e,f4e44e9f9016,2026-09-02T01:35:26.460063187Z,2026-09-02T01:35:28.01583679Z,1555.773604,200,fa5bbaa12602c6803fc911cd560f3cd567585f7b4703499b433ac2343ab380c5,,false,miss
retained-20260902-68135d3ad33f,S1-50-r02,S1-50,request-002,d4745ce8b0076d85ef4bad6643512dad50425d8f61a49108664596ff785caf3e,f4e44e9f9016,2026-09-02T01:35:26.460784749Z,2026-09-02T01:35:39.949805465Z,11751.367484,200,fa5bbaa12602c6803fc911cd560f3cd567585f7b4703499b433ac2343ab380c5,,false,miss
retained-20260902-68135d3ad33f,S1-50-r02,S1-50,request-003,d4745ce8b0076d85ef4bad6643512dad50425d8f61a49108664596ff785caf3e,f4e44e9f9016,2026-09-02T01:35:26.460752656Z,2026-09-02T01:35:38.757308174Z,10558.902281,200,fa5bbaa12602c6803fc911cd560f3cd567585f7b4703499b433ac2343ab380c5,,false,miss
retained-20260902-68135d3ad33f,S1-50-r02,S1-50,request-004,d4745ce8b0076d85ef4bad6643512dad50425d8f61a49108664596ff785caf3e,f4e44e9f9016,2026-09-02T01:35:26.460718804Z,2026-09-02T01:35:41.064007478Z,12865.635442,200,fa5bbaa12602c6803fc911cd560f3cd567585f7b4703499b433ac2343ab380c5,,false,miss
retained-20260902-68135d3ad33f,S1-50-r02,S1-50,request-005,d4745ce8b0076d85ef4bad6643512dad50425d8f61a49108664596ff785caf3e,f4e44e9f9016,2026-09-02T01:35:26.460703104Z,2026-09-02T01:35:36.470401014Z,8272.044681,200,fa5bbaa12602c6803fc911cd560f3cd567585f7b4703499b433ac2343ab380c5,,false,miss
retained-20260902-68135d3ad33f,S1-50-r02,S1-50,request-006,d4745ce8b0076d85ef4bad6643512dad50425d8f61a49108664596ff785caf3e,f4e44e9f9016,2026-09-02T01:35:26.460684109Z,2026-09-02T01:35:41.65189936Z,13453.562020,200,fa5bbaa12602c6803fc911cd560f3cd567585f7b4703499b433ac2343ab380c5,,false,miss
retained-20260902-68135d3ad33f,S1-50-r02,S1-50,request-007,d4745ce8b0076d85ef4bad6643512dad50425d8f61a49108664596ff785caf3e,f4e44e9f9016,2026-09-02T01:35:26.460657895Z,2026-09-02T01:35:43.05846077Z,14860.149642,200,fa5bbaa12602c6803fc911cd560f3cd567585f7b4703499b433ac2343ab380c5,,false,miss
retained-20260902-68135d3ad33f,S1-50-r02,S1-50,request-008,d4745ce8b0076d85ef4bad6643512dad50425d8f61a49108664596ff785caf3e,f4e44e9f9016,2026-09-02T01:35:26.460635459Z,2026-09-02T01:35:44.049664359Z,15851.375667,200,fa5bbaa12602c6803fc911cd560f3cd567585f7b4703499b433ac2343ab380c5,,false,miss
retained-20260902-68135d3ad33f,S1-50-r02,S1-50,request-009,d4745ce8b0076d85ef4bad6643512dad50425d8f61a49108664596ff785caf3e,f4e44e9f9016,2026-09-02T01:35:26.460610619Z,2026-09-02T01:35:41.771525671Z,13573.261816,200,fa5bbaa12602c6803fc911cd560f3cd567585f7b4703499b433ac2343ab380c5,,false,miss
retained-20260902-68135d3ad33f,S1-50-r02,S1-50,request-010,d4745ce8b0076d85ef4bad6643512dad50425d8f61a49108664596ff785caf3e,f4e44e9f9016,2026-09-02T01:35:26.460579461Z,2026-09-02T01:35:39.455986256Z,11257.753559,200,fa5bbaa12602c6803fc911cd560f3cd567585f7b4703499b433ac2343ab380c5,,false,miss
retained-20260902-68135d3ad33f,S1-50-r02,S1-50,request-011,d4745ce8b0076d85ef4bad6643512dad50425d8f61a49108664596ff785caf3e,f4e44e9f9016,2026-09-02T01:35:26.460534334Z,2026-09-02T01:35:44.267557799Z,16069.370234,200,fa5bbaa12602c6803fc911cd560f3cd567585f7b4703499b433ac2343ab380c5,,false,miss
retained-20260902-68135d3ad33f,S1-50-r02,S1-50,request-012,d4745ce8b0076d85ef4bad6643512dad50425d8f61a49108664596ff785caf3e,f4e44e9f9016,2026-09-02T01:35:26.460505488Z,2026-09-02T01:35:31.931389198Z,5470.883712,200,fa5bbaa12602c6803fc911cd560f3cd567585f7b4703499b433ac2343ab380c5,,false,miss
retained-20260902-68135d3ad33f,S1-50-r02,S1-50,request-013,d4745ce8b0076d85ef4bad6643512dad50425d8f61a49108664596ff785caf3e,f4e44e9f9016,2026-09-02T01:35:26.460484121Z,2026-09-02T01:35:33.219299386Z,6758.815264,200,fa5bbaa12602c6803fc911cd560f3cd567585f7b4703499b433ac2343ab380c5,,false,miss
retained-20260902-68135d3ad33f,S1-50-r02,S1-50,request-014,d4745ce8b0076d85ef4bad6643512dad50425d8f61a49108664596ff785caf3e,f4e44e9f9016,2026-09-02T01:35:26.460436731Z,2026-09-02T01:35:30.829463727Z,4369.026997,200,fa5bbaa12602c6803fc911cd560f3cd567585f7b4703499b433ac2343ab380c5,,false,miss
retained-20260902-68135d3ad33f,S1-50-r02,S1-50,request-015,d4745ce8b0076d85ef4bad6643512dad50425d8f61a49108664596ff785caf3e,f4e44e9f9016,2026-09-02T01:35:26.460428006Z,2026-09-02T01:35:32.929433916Z,6469.005913,200,fa5bbaa12602c6803fc911cd560f3cd567585f7b4703499b433ac2343ab380c5,,false,miss
retained-20260902-68135d3ad33f,S1-50-r02,S1-50,request-016,d4745ce8b0076d85ef4bad6643512dad50425d8f61a49108664596ff785caf3e,f4e44e9f9016,2026-09-02T01:35:26.460405582Z,2026-09-02T01:35:37.45269577Z,9254.636955,200,fa5bbaa12602c6803fc911cd560f3cd567585f7b4703499b433ac2343ab380c5,,false,miss
retained-20260902-68135d3ad33f,S1-50-r02,S1-50,request-017,d4745ce8b0076d85ef4bad6643512dad50425d8f61a49108664596ff785caf3e,f4e44e9f9016,2026-09-02T01:35:26.460388239Z,2026-09-02T01:35:32.815770816Z,6355.382584,200,fa5bbaa12602c6803fc911cd560f3cd567585f7b4703499b433ac2343ab380c5,,false,miss
retained-20260902-68135d3ad33f,S1-50-r02,S1-50,request-018,d4745ce8b0076d85ef4bad6643512dad50425d8f61a49108664596ff785caf3e,f4e44e9f9016,2026-09-02T01:35:26.460366247Z,2026-09-02T01:35:35.036783888Z,7858.910059,200,fa5bbaa12602c6803fc911cd560f3cd567585f7b4703499b433ac2343ab380c5,,false,miss
retained-20260902-68135d3ad33f,S1-50-r02,S1-50,request-019,d4745ce8b0076d85ef4bad6643512dad50425d8f61a49108664596ff785caf3e,f4e44e9f9016,2026-09-02T01:35:26.460361282Z,2026-09-02T01:35:38.156392181Z,9958.377669,200,fa5bbaa12602c6803fc911cd560f3cd567585f7b4703499b433ac2343ab380c5,,false,miss
retained-20260902-68135d3ad33f,S1-50-r02,S1-50,request-020,d4745ce8b0076d85ef4bad6643512dad50425d8f61a49108664596ff785caf3e,f4e44e9f9016,2026-09-02T01:35:26.460355444Z,2026-09-02T01:35:34.020040414Z,7559.684977,200,fa5bbaa12602c6803fc911cd560f3cd567585f7b4703499b433ac2343ab380c5,,false,miss
retained-20260902-68135d3ad33f,S1-50-r02,S1-50,request-021,d4745ce8b0076d85ef4bad6643512dad50425d8f61a49108664596ff785caf3e,f4e44e9f9016,2026-09-02T01:35:26.460343531Z,2026-09-02T01:35:33.528007769Z,7067.664240,200,fa5bbaa12602c6803fc911cd560f3cd567585f7b4703499b433ac2343ab380c5,,false,miss
retained-20260902-68135d3ad33f,S1-50-r02,S1-50,request-022,d4745ce8b0076d85ef4bad6643512dad50425d8f61a49108664596ff785caf3e,f4e44e9f9016,2026-09-02T01:35:26.460302204Z,2026-09-02T01:35:36.958480492Z,8760.525056,200,fa5bbaa12602c6803fc911cd560f3cd567585f7b4703499b433ac2343ab380c5,,false,miss
retained-20260902-68135d3ad33f,S1-50-r02,S1-50,request-023,d4745ce8b0076d85ef4bad6643512dad50425d8f61a49108664596ff785caf3e,f4e44e9f9016,2026-09-02T01:35:26.460265659Z,2026-09-02T01:35:27.919888216Z,1459.622567,200,fa5bbaa12602c6803fc911cd560f3cd567585f7b4703499b433ac2343ab380c5,,false,miss
retained-20260902-68135d3ad33f,S1-50-r02,S1-50,request-024,d4745ce8b0076d85ef4bad6643512dad50425d8f61a49108664596ff785caf3e,f4e44e9f9016,2026-09-02T01:35:26.460226421Z,2026-09-02T01:35:28.219035165Z,1758.808741,200,fa5bbaa12602c6803fc911cd560f3cd567585f7b4703499b433ac2343ab380c5,,false,miss
retained-20260902-68135d3ad33f,S1-50-r02,S1-50,request-025,d4745ce8b0076d85ef4bad6643512dad50425d8f61a49108664596ff785caf3e,f4e44e9f9016,2026-09-02T01:35:26.460114464Z,2026-09-02T01:35:29.327131922Z,2867.017460,200,fa5bbaa12602c6803fc911cd560f3cd567585f7b4703499b433ac2343ab380c5,,false,miss
retained-20260902-68135d3ad33f,S1-50-r02,S1-50,request-026,d4745ce8b0076d85ef4bad6643512dad50425d8f61a49108664596ff785caf3e,f4e44e9f9016,2026-09-02T01:35:26.460965145Z,2026-09-02T01:35:37.263790397Z,9065.172015,200,fa5bbaa12602c6803fc911cd560f3cd567585f7b4703499b433ac2343ab380c5,,false,miss
retained-20260902-68135d3ad33f,S1-50-r02,S1-50,request-027,d4745ce8b0076d85ef4bad6643512dad50425d8f61a49108664596ff785caf3e,f4e44e9f9016,2026-09-02T01:35:26.460933814Z,2026-09-02T01:35:30.517629466Z,4056.695651,200,fa5bbaa12602c6803fc911cd560f3cd567585f7b4703499b433ac2343ab380c5,,false,miss
retained-20260902-68135d3ad33f,S1-50-r02,S1-50,request-028,d4745ce8b0076d85ef4bad6643512dad50425d8f61a49108664596ff785caf3e,f4e44e9f9016,2026-09-02T01:35:26.460917036Z,2026-09-02T01:35:41.157615004Z,12959.044731,200,fa5bbaa12602c6803fc911cd560f3cd567585f7b4703499b433ac2343ab380c5,,false,miss
retained-20260902-68135d3ad33f,S1-50-r02,S1-50,request-029,d4745ce8b0076d85ef4bad6643512dad50425d8f61a49108664596ff785caf3e,f4e44e9f9016,2026-09-02T01:35:26.460886894Z,2026-09-02T01:35:42.368234073Z,14169.693944,200,fa5bbaa12602c6803fc911cd560f3cd567585f7b4703499b433ac2343ab380c5,,false,miss
retained-20260902-68135d3ad33f,S1-50-r02,S1-50,request-030,d4745ce8b0076d85ef4bad6643512dad50425d8f61a49108664596ff785caf3e,f4e44e9f9016,2026-09-02T01:35:26.46085371Z,2026-09-02T01:35:40.564197923Z,12365.690979,200,fa5bbaa12602c6803fc911cd560f3cd567585f7b4703499b433ac2343ab380c5,,false,miss
retained-20260902-68135d3ad33f,S1-50-r02,S1-50,request-031,d4745ce8b0076d85ef4bad6643512dad50425d8f61a49108664596ff785caf3e,f4e44e9f9016,2026-09-02T01:35:26.460842851Z,2026-09-02T01:35:30.318609361Z,3857.766517,200,fa5bbaa12602c6803fc911cd560f3cd567585f7b4703499b433ac2343ab380c5,,false,miss
retained-20260902-68135d3ad33f,S1-50-r02,S1-50,request-032,d4745ce8b0076d85ef4bad6643512dad50425d8f61a49108664596ff785caf3e,f4e44e9f9016,2026-09-02T01:35:26.460812468Z,2026-09-02T01:35:44.083057199Z,15884.591498,200,fa5bbaa12602c6803fc911cd560f3cd567585f7b4703499b433ac2343ab380c5,,false,miss
retained-20260902-68135d3ad33f,S1-50-r02,S1-50,request-033,d4745ce8b0076d85ef4bad6643512dad50425d8f61a49108664596ff785caf3e,f4e44e9f9016,2026-09-02T01:35:26.460790678Z,2026-09-02T01:35:39.75864406Z,11560.200149,200,fa5bbaa12602c6803fc911cd560f3cd567585f7b4703499b433ac2343ab380c5,,false,miss
retained-20260902-68135d3ad33f,S1-50-r02,S1-50,request-034,d4745ce8b0076d85ef4bad6643512dad50425d8f61a49108664596ff785caf3e,f4e44e9f9016,2026-09-02T01:35:26.46076441Z,2026-09-02T01:35:39.052075162Z,10853.657518,200,fa5bbaa12602c6803fc911cd560f3cd567585f7b4703499b433ac2343ab380c5,,false,miss
retained-20260902-68135d3ad33f,S1-50-r02,S1-50,request-035,d4745ce8b0076d85ef4bad6643512dad50425d8f61a49108664596ff785caf3e,f4e44e9f9016,2026-09-02T01:35:26.460743964Z,2026-09-02T01:35:31.530024255Z,5069.280293,200,fa5bbaa12602c6803fc911cd560f3cd567585f7b4703499b433ac2343ab380c5,,false,miss
retained-20260902-68135d3ad33f,S1-50-r02,S1-50,request-036,d4745ce8b0076d85ef4bad6643512dad50425d8f61a49108664596ff785caf3e,f4e44e9f9016,2026-09-02T01:35:26.460716914Z,2026-09-02T01:35:29.61990308Z,3159.186164,200,fa5bbaa12602c6803fc911cd560f3cd567585f7b4703499b433ac2343ab380c5,,false,miss
retained-20260902-68135d3ad33f,S1-50-r02,S1-50,request-037,d4745ce8b0076d85ef4bad6643512dad50425d8f61a49108664596ff785caf3e,f4e44e9f9016,2026-09-02T01:35:26.460685192Z,2026-09-02T01:35:37.854988315Z,9656.649887,200,fa5bbaa12602c6803fc911cd560f3cd567585f7b4703499b433ac2343ab380c5,,false,miss
retained-20260902-68135d3ad33f,S1-50-r02,S1-50,request-038,d4745ce8b0076d85ef4bad6643512dad50425d8f61a49108664596ff785caf3e,f4e44e9f9016,2026-09-02T01:35:26.460658171Z,2026-09-02T01:35:40.365386967Z,12167.075558,200,fa5bbaa12602c6803fc911cd560f3cd567585f7b4703499b433ac2343ab380c5,,false,miss
retained-20260902-68135d3ad33f,S1-50-r02,S1-50,request-039,d4745ce8b0076d85ef4bad6643512dad50425d8f61a49108664596ff785caf3e,f4e44e9f9016,2026-09-02T01:35:26.46064102Z,2026-09-02T01:35:43.65759536Z,15459.301108,200,fa5bbaa12602c6803fc911cd560f3cd567585f7b4703499b433ac2343ab380c5,,false,miss
retained-20260902-68135d3ad33f,S1-50-r02,S1-50,request-040,d4745ce8b0076d85ef4bad6643512dad50425d8f61a49108664596ff785caf3e,f4e44e9f9016,2026-09-02T01:35:26.460623286Z,2026-09-02T01:35:38.464286865Z,10266.010341,200,fa5bbaa12602c6803fc911cd560f3cd567585f7b4703499b433ac2343ab380c5,,false,miss
retained-20260902-68135d3ad33f,S1-50-r02,S1-50,request-041,d4745ce8b0076d85ef4bad6643512dad50425d8f61a49108664596ff785caf3e,f4e44e9f9016,2026-09-02T01:35:26.460603402Z,2026-09-02T01:35:42.465027136Z,14266.770502,200,fa5bbaa12602c6803fc911cd560f3cd567585f7b4703499b433ac2343ab380c5,,false,miss
retained-20260902-68135d3ad33f,S1-50-r02,S1-50,request-042,d4745ce8b0076d85ef4bad6643512dad50425d8f61a49108664596ff785caf3e,f4e44e9f9016,2026-09-02T01:35:26.460575745Z,2026-09-02T01:35:31.732914135Z,5272.338395,200,fa5bbaa12602c6803fc911cd560f3cd567585f7b4703499b433ac2343ab380c5,,false,miss
retained-20260902-68135d3ad33f,S1-50-r02,S1-50,request-043,d4745ce8b0076d85ef4bad6643512dad50425d8f61a49108664596ff785caf3e,f4e44e9f9016,2026-09-02T01:35:26.460493748Z,2026-09-02T01:35:42.863903507Z,14665.756519,200,fa5bbaa12602c6803fc911cd560f3cd567585f7b4703499b433ac2343ab380c5,,false,miss
retained-20260902-68135d3ad33f,S1-50-r02,S1-50,request-044,d4745ce8b0076d85ef4bad6643512dad50425d8f61a49108664596ff785caf3e,f4e44e9f9016,2026-09-02T01:35:26.460420754Z,2026-09-02T01:35:32.119205493Z,5658.784739,200,fa5bbaa12602c6803fc911cd560f3cd567585f7b4703499b433ac2343ab380c5,,false,miss
retained-20260902-68135d3ad33f,S1-50-r02,S1-50,request-045,d4745ce8b0076d85ef4bad6643512dad50425d8f61a49108664596ff785caf3e,f4e44e9f9016,2026-09-02T01:35:26.460342314Z,2026-09-02T01:35:30.716365611Z,4256.023300,200,fa5bbaa12602c6803fc911cd560f3cd567585f7b4703499b433ac2343ab380c5,,false,miss
retained-20260902-68135d3ad33f,S1-50-r02,S1-50,request-046,d4745ce8b0076d85ef4bad6643512dad50425d8f61a49108664596ff785caf3e,f4e44e9f9016,2026-09-02T01:35:26.460310995Z,2026-09-02T01:35:35.151640978Z,7973.822404,200,fa5bbaa12602c6803fc911cd560f3cd567585f7b4703499b433ac2343ab380c5,,false,miss
retained-20260902-68135d3ad33f,S1-50-r02,S1-50,request-047,d4745ce8b0076d85ef4bad6643512dad50425d8f61a49108664596ff785caf3e,f4e44e9f9016,2026-09-02T01:35:26.460287361Z,2026-09-02T01:35:29.228375168Z,2768.087814,200,fa5bbaa12602c6803fc911cd560f3cd567585f7b4703499b433ac2343ab380c5,,false,miss
retained-20260902-68135d3ad33f,S1-50-r02,S1-50,request-048,d4745ce8b0076d85ef4bad6643512dad50425d8f61a49108664596ff785caf3e,f4e44e9f9016,2026-09-02T01:35:26.460255572Z,2026-09-02T01:35:27.826730193Z,1366.474625,200,fa5bbaa12602c6803fc911cd560f3cd567585f7b4703499b433ac2343ab380c5,,false,miss
retained-20260902-68135d3ad33f,S1-50-r02,S1-50,request-049,d4745ce8b0076d85ef4bad6643512dad50425d8f61a49108664596ff785caf3e,f4e44e9f9016,2026-09-02T01:35:26.46022312Z,2026-09-02T01:35:29.118564997Z,2658.341879,200,fa5bbaa12602c6803fc911cd560f3cd567585f7b4703499b433ac2343ab380c5,,false,miss
retained-20260902-68135d3ad33f,S1-50-r02,S1-50,request-050,d4745ce8b0076d85ef4bad6643512dad50425d8f61a49108664596ff785caf3e,f4e44e9f9016,2026-09-02T01:35:26.460805626Z,2026-09-02T01:35:43.570946668Z,15372.487810,200,fa5bbaa12602c6803fc911cd560f3cd567585f7b4703499b433ac2343ab380c5,,false,miss
retained-20260902-68135d3ad33f,S1-100-r02,S1-100,request-001,d4745ce8b0076d85ef4bad6643512dad50425d8f61a49108664596ff785caf3e,f4e44e9f9016,2026-09-02T01:35:44.563001991Z,2026-09-02T01:35:52.665604249Z,8102.602253,200,fa5bbaa12602c6803fc911cd560f3cd567585f7b4703499b433ac2343ab380c5,,false,miss
retained-20260902-68135d3ad33f,S1-100-r02,S1-100,request-002,d4745ce8b0076d85ef4bad6643512dad50425d8f61a49108664596ff785caf3e,f4e44e9f9016,2026-09-02T01:35:44.562985207Z,2026-09-02T01:36:00.456525042Z,15893.539835,200,fa5bbaa12602c6803fc911cd560f3cd567585f7b4703499b433ac2343ab380c5,,false,miss
retained-20260902-68135d3ad33f,S1-100-r02,S1-100,request-003,d4745ce8b0076d85ef4bad6643512dad50425d8f61a49108664596ff785caf3e,f4e44e9f9016,2026-09-02T01:35:44.562947998Z,2026-09-02T01:36:02.657948589Z,18095.000597,200,fa5bbaa12602c6803fc911cd560f3cd567585f7b4703499b433ac2343ab380c5,,false,miss
retained-20260902-68135d3ad33f,S1-100-r02,S1-100,request-004,d4745ce8b0076d85ef4bad6643512dad50425d8f61a49108664596ff785caf3e,f4e44e9f9016,2026-09-02T01:35:44.56292848Z,2026-09-02T01:35:59.057435888Z,14494.507406,200,fa5bbaa12602c6803fc911cd560f3cd567585f7b4703499b433ac2343ab380c5,,false,miss
retained-20260902-68135d3ad33f,S1-100-r02,S1-100,request-005,d4745ce8b0076d85ef4bad6643512dad50425d8f61a49108664596ff785caf3e,f4e44e9f9016,2026-09-02T01:35:44.562903348Z,2026-09-02T01:35:50.152746972Z,5589.843623,200,fa5bbaa12602c6803fc911cd560f3cd567585f7b4703499b433ac2343ab380c5,,false,miss
retained-20260902-68135d3ad33f,S1-100-r02,S1-100,request-006,d4745ce8b0076d85ef4bad6643512dad50425d8f61a49108664596ff785caf3e,f4e44e9f9016,2026-09-02T01:35:44.562849832Z,2026-09-02T01:36:01.451213239Z,16888.363414,200,fa5bbaa12602c6803fc911cd560f3cd567585f7b4703499b433ac2343ab380c5,,false,miss
retained-20260902-68135d3ad33f,S1-100-r02,S1-100,request-007,d4745ce8b0076d85ef4bad6643512dad50425d8f61a49108664596ff785caf3e,f4e44e9f9016,2026-09-02T01:35:44.562815714Z,2026-09-02T01:36:01.761211898Z,17198.396185,200,fa5bbaa12602c6803fc911cd560f3cd567585f7b4703499b433ac2343ab380c5,,false,miss
retained-20260902-68135d3ad33f,S1-100-r02,S1-100,request-008,d4745ce8b0076d85ef4bad6643512dad50425d8f61a49108664596ff785caf3e,f4e44e9f9016,2026-09-02T01:35:44.562769782Z,2026-09-02T01:35:48.752280093Z,4189.510312,200,fa5bbaa12602c6803fc911cd560f3cd567585f7b4703499b433ac2343ab380c5,,false,miss
retained-20260902-68135d3ad33f,S1-100-r02,S1-100,request-009,d4745ce8b0076d85ef4bad6643512dad50425d8f61a49108664596ff785caf3e,f4e44e9f9016,2026-09-02T01:35:44.562577213Z,2026-09-02T01:36:11.31059363Z,25005.057676,200,fa5bbaa12602c6803fc911cd560f3cd567585f7b4703499b433ac2343ab380c5,,false,miss
retained-20260902-68135d3ad33f,S1-100-r02,S1-100,request-010,d4745ce8b0076d85ef4bad6643512dad50425d8f61a49108664596ff785caf3e,f4e44e9f9016,2026-09-02T01:35:44.56254796Z,2026-09-02T01:36:13.802366018Z,27496.859317,200,fa5bbaa12602c6803fc911cd560f3cd567585f7b4703499b433ac2343ab380c5,,false,miss
retained-20260902-68135d3ad33f,S1-100-r02,S1-100,request-011,d4745ce8b0076d85ef4bad6643512dad50425d8f61a49108664596ff785caf3e,f4e44e9f9016,2026-09-02T01:35:44.562470048Z,2026-09-02T01:36:18.21265761Z,31907.228829,200,fa5bbaa12602c6803fc911cd560f3cd567585f7b4703499b433ac2343ab380c5,,false,miss
retained-20260902-68135d3ad33f,S1-100-r02,S1-100,request-012,d4745ce8b0076d85ef4bad6643512dad50425d8f61a49108664596ff785caf3e,f4e44e9f9016,2026-09-02T01:35:44.562424674Z,2026-09-02T01:36:15.80845066Z,29503.067245,200,fa5bbaa12602c6803fc911cd560f3cd567585f7b4703499b433ac2343ab380c5,,false,miss
retained-20260902-68135d3ad33f,S1-100-r02,S1-100,request-013,d4745ce8b0076d85ef4bad6643512dad50425d8f61a49108664596ff785caf3e,f4e44e9f9016,2026-09-02T01:35:44.552510327Z,2026-09-02T01:36:01.772483318Z,17219.972993,200,fa5bbaa12602c6803fc911cd560f3cd567585f7b4703499b433ac2343ab380c5,,false,miss
retained-20260902-68135d3ad33f,S1-100-r02,S1-100,request-014,d4745ce8b0076d85ef4bad6643512dad50425d8f61a49108664596ff785caf3e,f4e44e9f9016,2026-09-02T01:35:44.552483476Z,2026-09-02T01:36:01.550027759Z,16997.544279,200,fa5bbaa12602c6803fc911cd560f3cd567585f7b4703499b433ac2343ab380c5,,false,miss
retained-20260902-68135d3ad33f,S1-100-r02,S1-100,request-015,d4745ce8b0076d85ef4bad6643512dad50425d8f61a49108664596ff785caf3e,f4e44e9f9016,2026-09-02T01:35:44.552461522Z,2026-09-02T01:35:49.960325612Z,5407.864091,200,fa5bbaa12602c6803fc911cd560f3cd567585f7b4703499b433ac2343ab380c5,,false,miss
retained-20260902-68135d3ad33f,S1-100-r02,S1-100,request-016,d4745ce8b0076d85ef4bad6643512dad50425d8f61a49108664596ff785caf3e,f4e44e9f9016,2026-09-02T01:35:44.551712714Z,2026-09-02T01:35:45.963097116Z,1411.384401,200,fa5bbaa12602c6803fc911cd560f3cd567585f7b4703499b433ac2343ab380c5,,false,miss
retained-20260902-68135d3ad33f,S1-100-r02,S1-100,request-017,d4745ce8b0076d85ef4bad6643512dad50425d8f61a49108664596ff785caf3e,f4e44e9f9016,2026-09-02T01:35:44.56268551Z,2026-09-02T01:35:51.553647679Z,6990.962176,200,fa5bbaa12602c6803fc911cd560f3cd567585f7b4703499b433ac2343ab380c5,,false,miss
retained-20260902-68135d3ad33f,S1-100-r02,S1-100,request-018,d4745ce8b0076d85ef4bad6643512dad50425d8f61a49108664596ff785caf3e,f4e44e9f9016,2026-09-02T01:35:44.562658546Z,2026-09-02T01:35:47.451002917Z,2888.344372,200,fa5bbaa12602c6803fc911cd560f3cd567585f7b4703499b433ac2343ab380c5,,false,miss
retained-20260902-68135d3ad33f,S1-100-r02,S1-100,request-019,d4745ce8b0076d85ef4bad6643512dad50425d8f61a49108664596ff785caf3e,f4e44e9f9016,2026-09-02T01:35:44.56260749Z,2026-09-02T01:35:55.257470275Z,10694.862792,200,fa5bbaa12602c6803fc911cd560f3cd567585f7b4703499b433ac2343ab380c5,,false,miss
retained-20260902-68135d3ad33f,S1-100-r02,S1-100,request-020,d4745ce8b0076d85ef4bad6643512dad50425d8f61a49108664596ff785caf3e,f4e44e9f9016,2026-09-02T01:35:44.552880072Z,2026-09-02T01:36:04.450133571Z,19897.253505,200,fa5bbaa12602c6803fc911cd560f3cd567585f7b4703499b433ac2343ab380c5,,false,miss
retained-20260902-68135d3ad33f,S1-100-r02,S1-100,request-021,d4745ce8b0076d85ef4bad6643512dad50425d8f61a49108664596ff785caf3e,f4e44e9f9016,2026-09-02T01:35:44.552840814Z,2026-09-02T01:36:14.707069728Z,28411.270169,200,fa5bbaa12602c6803fc911cd560f3cd567585f7b4703499b433ac2343ab380c5,,false,miss
retained-20260902-68135d3ad33f,S1-100-r02,S1-100,request-022,d4745ce8b0076d85ef4bad6643512dad50425d8f61a49108664596ff785caf3e,f4e44e9f9016,2026-09-02T01:35:44.55274703Z,2026-09-02T01:36:18.332892026Z,32037.186257,200,fa5bbaa12602c6803fc911cd560f3cd567585f7b4703499b433ac2343ab380c5,,false,miss
retained-20260902-68135d3ad33f,S1-100-r02,S1-100,request-023,d4745ce8b0076d85ef4bad6643512dad50425d8f61a49108664596ff785caf3e,f4e44e9f9016,2026-09-02T01:35:44.552726581Z,2026-09-02T01:36:13.095077491Z,26799.392173,200,fa5bbaa12602c6803fc911cd560f3cd567585f7b4703499b433ac2343ab380c5,,false,miss
retained-20260902-68135d3ad33f,S1-100-r02,S1-100,request-024,d4745ce8b0076d85ef4bad6643512dad50425d8f61a49108664596ff785caf3e,f4e44e9f9016,2026-09-02T01:35:44.552700169Z,2026-09-02T01:36:10.602024217Z,24306.365323,200,fa5bbaa12602c6803fc911cd560f3cd567585f7b4703499b433ac2343ab380c5,,false,miss
retained-20260902-68135d3ad33f,S1-100-r02,S1-100,request-025,d4745ce8b0076d85ef4bad6643512dad50425d8f61a49108664596ff785caf3e,f4e44e9f9016,2026-09-02T01:35:44.552686298Z,2026-09-02T01:36:16.310730123Z,30015.085088,200,fa5bbaa12602c6803fc911cd560f3cd567585f7b4703499b433ac2343ab380c5,,false,miss
retained-20260902-68135d3ad33f,S1-100-r02,S1-100,request-026,d4745ce8b0076d85ef4bad6643512dad50425d8f61a49108664596ff785caf3e,f4e44e9f9016,2026-09-02T01:35:44.552664513Z,2026-09-02T01:36:18.472460895Z,32176.837644,200,fa5bbaa12602c6803fc911cd560f3cd567585f7b4703499b433ac2343ab380c5,,false,miss
retained-20260902-68135d3ad33f,S1-100-r02,S1-100,request-027,d4745ce8b0076d85ef4bad6643512dad50425d8f61a49108664596ff785caf3e,f4e44e9f9016,2026-09-02T01:35:44.552630644Z,2026-09-02T01:36:05.358687922Z,20806.057279,200,fa5bbaa12602c6803fc911cd560f3cd567585f7b4703499b433ac2343ab380c5,,false,miss
retained-20260902-68135d3ad33f,S1-100-r02,S1-100,request-028,d4745ce8b0076d85ef4bad6643512dad50425d8f61a49108664596ff785caf3e,f4e44e9f9016,2026-09-02T01:35:44.552608678Z,2026-09-02T01:36:08.406489979Z,22110.922570,200,fa5bbaa12602c6803fc911cd560f3cd567585f7b4703499b433ac2343ab380c5,,false,miss
retained-20260902-68135d3ad33f,S1-100-r02,S1-100,request-029,d4745ce8b0076d85ef4bad6643512dad50425d8f61a49108664596ff785caf3e,f4e44e9f9016,2026-09-02T01:35:44.552588029Z,2026-09-02T01:36:05.567987707Z,21015.399683,200,fa5bbaa12602c6803fc911cd560f3cd567585f7b4703499b433ac2343ab380c5,,false,miss
retained-20260902-68135d3ad33f,S1-100-r02,S1-100,request-030,d4745ce8b0076d85ef4bad6643512dad50425d8f61a49108664596ff785caf3e,f4e44e9f9016,2026-09-02T01:35:44.552547054Z,2026-09-02T01:36:00.167032548Z,15614.485500,200,fa5bbaa12602c6803fc911cd560f3cd567585f7b4703499b433ac2343ab380c5,,false,miss
retained-20260902-68135d3ad33f,S1-100-r02,S1-100,request-031,d4745ce8b0076d85ef4bad6643512dad50425d8f61a49108664596ff785caf3e,f4e44e9f9016,2026-09-02T01:35:44.552527842Z,2026-09-02T01:36:13.407181806Z,27111.695222,200,fa5bbaa12602c6803fc911cd560f3cd567585f7b4703499b433ac2343ab380c5,,false,miss
retained-20260902-68135d3ad33f,S1-100-r02,S1-100,request-032,d4745ce8b0076d85ef4bad6643512dad50425d8f61a49108664596ff785caf3e,f4e44e9f9016,2026-09-02T01:35:44.552325018Z,2026-09-02T01:35:48.761283766Z,4208.958753,200,fa5bbaa12602c6803fc911cd560f3cd567585f7b4703499b433ac2343ab380c5,,false,miss
retained-20260902-68135d3ad33f,S1-100-r02,S1-100,request-033,d4745ce8b0076d85ef4bad6643512dad50425d8f61a49108664596ff785caf3e,f4e44e9f9016,2026-09-02T01:35:44.552320625Z,2026-09-02T01:35:56.563951854Z,12011.631234,200,fa5bbaa12602c6803fc911cd560f3cd567585f7b4703499b433ac2343ab380c5,,false,miss
retained-20260902-68135d3ad33f,S1-100-r02,S1-100,request-034,d4745ce8b0076d85ef4bad6643512dad50425d8f61a49108664596ff785caf3e,f4e44e9f9016,2026-09-02T01:35:44.552312469Z,2026-09-02T01:35:59.067435429Z,14515.122967,200,fa5bbaa12602c6803fc911cd560f3cd567585f7b4703499b433ac2343ab380c5,,false,miss
retained-20260902-68135d3ad33f,S1-100-r02,S1-100,request-035,d4745ce8b0076d85ef4bad6643512dad50425d8f61a49108664596ff785caf3e,f4e44e9f9016,2026-09-02T01:35:44.552266503Z,2026-09-02T01:35:54.875228339Z,10322.961843,200,fa5bbaa12602c6803fc911cd560f3cd567585f7b4703499b433ac2343ab380c5,,false,miss
retained-20260902-68135d3ad33f,S1-100-r02,S1-100,request-036,d4745ce8b0076d85ef4bad6643512dad50425d8f61a49108664596ff785caf3e,f4e44e9f9016,2026-09-02T01:35:44.552235355Z,2026-09-02T01:35:55.16332414Z,10611.088795,200,fa5bbaa12602c6803fc911cd560f3cd567585f7b4703499b433ac2343ab380c5,,false,miss
retained-20260902-68135d3ad33f,S1-100-r02,S1-100,request-037,d4745ce8b0076d85ef4bad6643512dad50425d8f61a49108664596ff785caf3e,f4e44e9f9016,2026-09-02T01:35:44.552168816Z,2026-09-02T01:35:47.257261598Z,2705.092788,200,fa5bbaa12602c6803fc911cd560f3cd567585f7b4703499b433ac2343ab380c5,,false,miss
retained-20260902-68135d3ad33f,S1-100-r02,S1-100,request-038,d4745ce8b0076d85ef4bad6643512dad50425d8f61a49108664596ff785caf3e,f4e44e9f9016,2026-09-02T01:35:44.552144692Z,2026-09-02T01:35:54.150311876Z,9598.167188,200,fa5bbaa12602c6803fc911cd560f3cd567585f7b4703499b433ac2343ab380c5,,false,miss
retained-20260902-68135d3ad33f,S1-100-r02,S1-100,request-039,d4745ce8b0076d85ef4bad6643512dad50425d8f61a49108664596ff785caf3e,f4e44e9f9016,2026-09-02T01:35:44.552065959Z,2026-09-02T01:35:52.756078137Z,8204.012183,200,fa5bbaa12602c6803fc911cd560f3cd567585f7b4703499b433ac2343ab380c5,,false,miss
retained-20260902-68135d3ad33f,S1-100-r02,S1-100,request-040,d4745ce8b0076d85ef4bad6643512dad50425d8f61a49108664596ff785caf3e,f4e44e9f9016,2026-09-02T01:35:44.552019254Z,2026-09-02T01:35:46.256026527Z,1704.007277,200,fa5bbaa12602c6803fc911cd560f3cd567585f7b4703499b433ac2343ab380c5,,false,miss
retained-20260902-68135d3ad33f,S1-100-r02,S1-100,request-041,d4745ce8b0076d85ef4bad6643512dad50425d8f61a49108664596ff785caf3e,f4e44e9f9016,2026-09-02T01:35:44.551918355Z,2026-09-02T01:36:09.305306948Z,23010.429851,200,fa5bbaa12602c6803fc911cd560f3cd567585f7b4703499b433ac2343ab380c5,,false,miss
retained-20260902-68135d3ad33f,S1-100-r02,S1-100,request-042,d4745ce8b0076d85ef4bad6643512dad50425d8f61a49108664596ff785caf3e,f4e44e9f9016,2026-09-02T01:35:44.551724139Z,2026-09-02T01:35:53.666123764Z,9114.399623,200,fa5bbaa12602c6803fc911cd560f3cd567585f7b4703499b433ac2343ab380c5,,false,miss
retained-20260902-68135d3ad33f,S1-100-r02,S1-100,request-043,d4745ce8b0076d85ef4bad6643512dad50425d8f61a49108664596ff785caf3e,f4e44e9f9016,2026-09-02T01:35:44.562877081Z,2026-09-02T01:36:11.804030886Z,25498.195068,200,fa5bbaa12602c6803fc911cd560f3cd567585f7b4703499b433ac2343ab380c5,,false,miss
retained-20260902-68135d3ad33f,S1-100-r02,S1-100,request-044,d4745ce8b0076d85ef4bad6643512dad50425d8f61a49108664596ff785caf3e,f4e44e9f9016,2026-09-02T01:35:44.562854801Z,2026-09-02T01:35:53.857665244Z,9294.810445,200,fa5bbaa12602c6803fc911cd560f3cd567585f7b4703499b433ac2343ab380c5,,false,miss
retained-20260902-68135d3ad33f,S1-100-r02,S1-100,request-045,d4745ce8b0076d85ef4bad6643512dad50425d8f61a49108664596ff785caf3e,f4e44e9f9016,2026-09-02T01:35:44.562830978Z,2026-09-02T01:36:13.310286334Z,27004.496616,200,fa5bbaa12602c6803fc911cd560f3cd567585f7b4703499b433ac2343ab380c5,,false,miss
retained-20260902-68135d3ad33f,S1-100-r02,S1-100,request-046,d4745ce8b0076d85ef4bad6643512dad50425d8f61a49108664596ff785caf3e,f4e44e9f9016,2026-09-02T01:35:44.562809505Z,2026-09-02T01:36:00.363421865Z,15800.612361,200,fa5bbaa12602c6803fc911cd560f3cd567585f7b4703499b433ac2343ab380c5,,false,miss
retained-20260902-68135d3ad33f,S1-100-r02,S1-100,request-047,d4745ce8b0076d85ef4bad6643512dad50425d8f61a49108664596ff785caf3e,f4e44e9f9016,2026-09-02T01:35:44.562778274Z,2026-09-02T01:36:03.968457805Z,19405.679531,200,fa5bbaa12602c6803fc911cd560f3cd567585f7b4703499b433ac2343ab380c5,,false,miss
retained-20260902-68135d3ad33f,S1-100-r02,S1-100,request-048,d4745ce8b0076d85ef4bad6643512dad50425d8f61a49108664596ff785caf3e,f4e44e9f9016,2026-09-02T01:35:44.562750578Z,2026-09-02T01:36:03.153431058Z,18590.680479,200,fa5bbaa12602c6803fc911cd560f3cd567585f7b4703499b433ac2343ab380c5,,false,miss
retained-20260902-68135d3ad33f,S1-100-r02,S1-100,request-049,d4745ce8b0076d85ef4bad6643512dad50425d8f61a49108664596ff785caf3e,f4e44e9f9016,2026-09-02T01:35:44.562710424Z,2026-09-02T01:35:56.46406392Z,11901.353496,200,fa5bbaa12602c6803fc911cd560f3cd567585f7b4703499b433ac2343ab380c5,,false,miss
retained-20260902-68135d3ad33f,S1-100-r02,S1-100,request-050,d4745ce8b0076d85ef4bad6643512dad50425d8f61a49108664596ff785caf3e,f4e44e9f9016,2026-09-02T01:35:44.562686645Z,2026-09-02T01:35:56.464255031Z,11901.568389,200,fa5bbaa12602c6803fc911cd560f3cd567585f7b4703499b433ac2343ab380c5,,false,miss
retained-20260902-68135d3ad33f,S1-100-r02,S1-100,request-051,d4745ce8b0076d85ef4bad6643512dad50425d8f61a49108664596ff785caf3e,f4e44e9f9016,2026-09-02T01:35:44.562659345Z,2026-09-02T01:35:57.356580941Z,12793.921599,200,fa5bbaa12602c6803fc911cd560f3cd567585f7b4703499b433ac2343ab380c5,,false,miss
retained-20260902-68135d3ad33f,S1-100-r02,S1-100,request-052,d4745ce8b0076d85ef4bad6643512dad50425d8f61a49108664596ff785caf3e,f4e44e9f9016,2026-09-02T01:35:44.562603892Z,2026-09-02T01:35:56.063855648Z,11501.251764,200,fa5bbaa12602c6803fc911cd560f3cd567585f7b4703499b433ac2343ab380c5,,false,miss
retained-20260902-68135d3ad33f,S1-100-r02,S1-100,request-053,d4745ce8b0076d85ef4bad6643512dad50425d8f61a49108664596ff785caf3e,f4e44e9f9016,2026-09-02T01:35:44.562452733Z,2026-09-02T01:36:17.393223176Z,31087.811707,200,fa5bbaa12602c6803fc911cd560f3cd567585f7b4703499b433ac2343ab380c5,,false,miss
retained-20260902-68135d3ad33f,S1-100-r02,S1-100,request-054,d4745ce8b0076d85ef4bad6643512dad50425d8f61a49108664596ff785caf3e,f4e44e9f9016,2026-09-02T01:35:44.562430648Z,2026-09-02T01:36:16.792900963Z,30487.511578,200,fa5bbaa12602c6803fc911cd560f3cd567585f7b4703499b433ac2343ab380c5,,false,miss
retained-20260902-68135d3ad33f,S1-100-r02,S1-100,request-055,d4745ce8b0076d85ef4bad6643512dad50425d8f61a49108664596ff785caf3e,f4e44e9f9016,2026-09-02T01:35:44.562406554Z,2026-09-02T01:36:17.013992835Z,30708.627543,200,fa5bbaa12602c6803fc911cd560f3cd567585f7b4703499b433ac2343ab380c5,,false,miss
retained-20260902-68135d3ad33f,S1-100-r02,S1-100,request-056,d4745ce8b0076d85ef4bad6643512dad50425d8f61a49108664596ff785caf3e,f4e44e9f9016,2026-09-02T01:35:44.562349682Z,2026-09-02T01:36:08.102088099Z,21796.779674,200,fa5bbaa12602c6803fc911cd560f3cd567585f7b4703499b433ac2343ab380c5,,false,miss
retained-20260902-68135d3ad33f,S1-100-r02,S1-100,request-057,d4745ce8b0076d85ef4bad6643512dad50425d8f61a49108664596ff785caf3e,f4e44e9f9016,2026-09-02T01:35:44.552894056Z,2026-09-02T01:36:10.797914222Z,24502.061427,200,fa5bbaa12602c6803fc911cd560f3cd567585f7b4703499b433ac2343ab380c5,,false,miss
retained-20260902-68135d3ad33f,S1-100-r02,S1-100,request-058,d4745ce8b0076d85ef4bad6643512dad50425d8f61a49108664596ff785caf3e,f4e44e9f9016,2026-09-02T01:35:44.552875993Z,2026-09-02T01:36:15.594496607Z,29298.661872,200,fa5bbaa12602c6803fc911cd560f3cd567585f7b4703499b433ac2343ab380c5,,false,miss
retained-20260902-68135d3ad33f,S1-100-r02,S1-100,request-059,d4745ce8b0076d85ef4bad6643512dad50425d8f61a49108664596ff785caf3e,f4e44e9f9016,2026-09-02T01:35:44.552855728Z,2026-09-02T01:36:17.996452872Z,31700.638403,200,fa5bbaa12602c6803fc911cd560f3cd567585f7b4703499b433ac2343ab380c5,,false,miss
retained-20260902-68135d3ad33f,S1-100-r02,S1-100,request-060,d4745ce8b0076d85ef4bad6643512dad50425d8f61a49108664596ff785caf3e,f4e44e9f9016,2026-09-02T01:35:44.55284997Z,2026-09-02T01:36:12.598037056Z,26302.228343,200,fa5bbaa12602c6803fc911cd560f3cd567585f7b4703499b433ac2343ab380c5,,false,miss
retained-20260902-68135d3ad33f,S1-100-r02,S1-100,request-061,d4745ce8b0076d85ef4bad6643512dad50425d8f61a49108664596ff785caf3e,f4e44e9f9016,2026-09-02T01:35:44.552190791Z,2026-09-02T01:35:55.350891237Z,10798.700432,200,fa5bbaa12602c6803fc911cd560f3cd567585f7b4703499b433ac2343ab380c5,,false,miss
retained-20260902-68135d3ad33f,S1-100-r02,S1-100,request-062,d4745ce8b0076d85ef4bad6643512dad50425d8f61a49108664596ff785caf3e,f4e44e9f9016,2026-09-02T01:35:44.552095646Z,2026-09-02T01:35:51.370571279Z,6818.475635,200,fa5bbaa12602c6803fc911cd560f3cd567585f7b4703499b433ac2343ab380c5,,false,miss
retained-20260902-68135d3ad33f,S1-100-r02,S1-100,request-063,d4745ce8b0076d85ef4bad6643512dad50425d8f61a49108664596ff785caf3e,f4e44e9f9016,2026-09-02T01:35:44.55207276Z,2026-09-02T01:36:09.497389724Z,23202.358224,200,fa5bbaa12602c6803fc911cd560f3cd567585f7b4703499b433ac2343ab380c5,,false,miss
retained-20260902-68135d3ad33f,S1-100-r02,S1-100,request-064,d4745ce8b0076d85ef4bad6643512dad50425d8f61a49108664596ff785caf3e,f4e44e9f9016,2026-09-02T01:35:44.552051258Z,2026-09-02T01:35:52.664403454Z,8112.352195,200,fa5bbaa12602c6803fc911cd560f3cd567585f7b4703499b433ac2343ab380c5,,false,miss
retained-20260902-68135d3ad33f,S1-100-r02,S1-100,request-065,d4745ce8b0076d85ef4bad6643512dad50425d8f61a49108664596ff785caf3e,f4e44e9f9016,2026-09-02T01:35:44.551987093Z,2026-09-02T01:35:51.249681312Z,6697.694221,200,fa5bbaa12602c6803fc911cd560f3cd567585f7b4703499b433ac2343ab380c5,,false,miss
retained-20260902-68135d3ad33f,S1-100-r02,S1-100,request-066,d4745ce8b0076d85ef4bad6643512dad50425d8f61a49108664596ff785caf3e,f4e44e9f9016,2026-09-02T01:35:44.552348922Z,2026-09-02T01:35:57.76560878Z,13213.259861,200,fa5bbaa12602c6803fc911cd560f3cd567585f7b4703499b433ac2343ab380c5,,false,miss
retained-20260902-68135d3ad33f,S1-100-r02,S1-100,request-067,d4745ce8b0076d85ef4bad6643512dad50425d8f61a49108664596ff785caf3e,f4e44e9f9016,2026-09-02T01:35:44.552292881Z,2026-09-02T01:35:57.749958312Z,13197.665440,200,fa5bbaa12602c6803fc911cd560f3cd567585f7b4703499b433ac2343ab380c5,,false,miss
retained-20260902-68135d3ad33f,S1-100-r02,S1-100,request-068,d4745ce8b0076d85ef4bad6643512dad50425d8f61a49108664596ff785caf3e,f4e44e9f9016,2026-09-02T01:35:44.552215753Z,2026-09-02T01:35:47.45793957Z,2905.723822,200,fa5bbaa12602c6803fc911cd560f3cd567585f7b4703499b433ac2343ab380c5,,false,miss
retained-20260902-68135d3ad33f,S1-100-r02,S1-100,request-069,d4745ce8b0076d85ef4bad6643512dad50425d8f61a49108664596ff785caf3e,f4e44e9f9016,2026-09-02T01:35:44.552189635Z,2026-09-02T01:35:54.052940513Z,9500.750883,200,fa5bbaa12602c6803fc911cd560f3cd567585f7b4703499b433ac2343ab380c5,,false,miss
retained-20260902-68135d3ad33f,S1-100-r02,S1-100,request-070,d4745ce8b0076d85ef4bad6643512dad50425d8f61a49108664596ff785caf3e,f4e44e9f9016,2026-09-02T01:35:44.552087188Z,2026-09-02T01:35:51.459106853Z,6907.019671,200,fa5bbaa12602c6803fc911cd560f3cd567585f7b4703499b433ac2343ab380c5,,false,miss
retained-20260902-68135d3ad33f,S1-100-r02,S1-100,request-071,d4745ce8b0076d85ef4bad6643512dad50425d8f61a49108664596ff785caf3e,f4e44e9f9016,2026-09-02T01:35:44.552045694Z,2026-09-02T01:35:52.470785222Z,7918.739535,200,fa5bbaa12602c6803fc911cd560f3cd567585f7b4703499b433ac2343ab380c5,,false,miss
retained-20260902-68135d3ad33f,S1-100-r02,S1-100,request-072,d4745ce8b0076d85ef4bad6643512dad50425d8f61a49108664596ff785caf3e,f4e44e9f9016,2026-09-02T01:35:44.551980472Z,2026-09-02T01:36:02.758803197Z,18206.822731,200,fa5bbaa12602c6803fc911cd560f3cd567585f7b4703499b433ac2343ab380c5,,false,miss
retained-20260902-68135d3ad33f,S1-100-r02,S1-100,request-073,d4745ce8b0076d85ef4bad6643512dad50425d8f61a49108664596ff785caf3e,f4e44e9f9016,2026-09-02T01:35:44.551958661Z,2026-09-02T01:35:48.859109142Z,4307.150484,200,fa5bbaa12602c6803fc911cd560f3cd567585f7b4703499b433ac2343ab380c5,,false,miss
retained-20260902-68135d3ad33f,S1-100-r02,S1-100,request-074,d4745ce8b0076d85ef4bad6643512dad50425d8f61a49108664596ff785caf3e,f4e44e9f9016,2026-09-02T01:35:44.562584923Z,2026-09-02T01:36:09.69474423Z,23389.200565,200,fa5bbaa12602c6803fc911cd560f3cd567585f7b4703499b433ac2343ab380c5,,false,miss
retained-20260902-68135d3ad33f,S1-100-r02,S1-100,request-075,d4745ce8b0076d85ef4bad6643512dad50425d8f61a49108664596ff785caf3e,f4e44e9f9016,2026-09-02T01:35:44.562565361Z,2026-09-02T01:36:14.402342822Z,28096.818725,200,fa5bbaa12602c6803fc911cd560f3cd567585f7b4703499b433ac2343ab380c5,,false,miss
retained-20260902-68135d3ad33f,S1-100-r02,S1-100,request-076,d4745ce8b0076d85ef4bad6643512dad50425d8f61a49108664596ff785caf3e,f4e44e9f9016,2026-09-02T01:35:44.562544441Z,2026-09-02T01:36:08.299334993Z,21993.831815,200,fa5bbaa12602c6803fc911cd560f3cd567585f7b4703499b433ac2343ab380c5,,false,miss
retained-20260902-68135d3ad33f,S1-100-r02,S1-100,request-077,d4745ce8b0076d85ef4bad6643512dad50425d8f61a49108664596ff785caf3e,f4e44e9f9016,2026-09-02T01:35:44.562476846Z,2026-09-02T01:36:05.149853002Z,20587.376167,200,fa5bbaa12602c6803fc911cd560f3cd567585f7b4703499b433ac2343ab380c5,,false,miss
retained-20260902-68135d3ad33f,S1-100-r02,S1-100,request-078,d4745ce8b0076d85ef4bad6643512dad50425d8f61a49108664596ff785caf3e,f4e44e9f9016,2026-09-02T01:35:44.552824856Z,2026-09-02T01:36:04.165510259Z,19612.685404,200,fa5bbaa12602c6803fc911cd560f3cd567585f7b4703499b433ac2343ab380c5,,false,miss
retained-20260902-68135d3ad33f,S1-100-r02,S1-100,request-079,d4745ce8b0076d85ef4bad6643512dad50425d8f61a49108664596ff785caf3e,f4e44e9f9016,2026-09-02T01:35:44.552796905Z,2026-09-02T01:36:17.703573678Z,31407.818040,200,fa5bbaa12602c6803fc911cd560f3cd567585f7b4703499b433ac2343ab380c5,,false,miss
retained-20260902-68135d3ad33f,S1-100-r02,S1-100,request-080,d4745ce8b0076d85ef4bad6643512dad50425d8f61a49108664596ff785caf3e,f4e44e9f9016,2026-09-02T01:35:44.552767817Z,2026-09-02T01:36:12.194570855Z,25898.844302,200,fa5bbaa12602c6803fc911cd560f3cd567585f7b4703499b433ac2343ab380c5,,false,miss
retained-20260902-68135d3ad33f,S1-100-r02,S1-100,request-081,d4745ce8b0076d85ef4bad6643512dad50425d8f61a49108664596ff785caf3e,f4e44e9f9016,2026-09-02T01:35:44.552743817Z,2026-09-02T01:36:12.004486231Z,25708.783672,200,fa5bbaa12602c6803fc911cd560f3cd567585f7b4703499b433ac2343ab380c5,,false,miss
retained-20260902-68135d3ad33f,S1-100-r02,S1-100,request-082,d4745ce8b0076d85ef4bad6643512dad50425d8f61a49108664596ff785caf3e,f4e44e9f9016,2026-09-02T01:35:44.55272558Z,2026-09-02T01:36:14.595382754Z,28299.698435,200,fa5bbaa12602c6803fc911cd560f3cd567585f7b4703499b433ac2343ab380c5,,false,miss
retained-20260902-68135d3ad33f,S1-100-r02,S1-100,request-083,d4745ce8b0076d85ef4bad6643512dad50425d8f61a49108664596ff785caf3e,f4e44e9f9016,2026-09-02T01:35:44.552706643Z,2026-09-02T01:36:10.902794689Z,24607.129242,200,fa5bbaa12602c6803fc911cd560f3cd567585f7b4703499b433ac2343ab380c5,,false,miss
retained-20260902-68135d3ad33f,S1-100-r02,S1-100,request-084,d4745ce8b0076d85ef4bad6643512dad50425d8f61a49108664596ff785caf3e,f4e44e9f9016,2026-09-02T01:35:44.552688922Z,2026-09-02T01:36:15.201270042Z,28905.622382,200,fa5bbaa12602c6803fc911cd560f3cd567585f7b4703499b433ac2343ab380c5,,false,miss
retained-20260902-68135d3ad33f,S1-100-r02,S1-100,request-085,d4745ce8b0076d85ef4bad6643512dad50425d8f61a49108664596ff785caf3e,f4e44e9f9016,2026-09-02T01:35:44.552665639Z,2026-09-02T01:36:10.098046361Z,23802.421977,200,fa5bbaa12602c6803fc911cd560f3cd567585f7b4703499b433ac2343ab380c5,,false,miss
retained-20260902-68135d3ad33f,S1-100-r02,S1-100,request-086,d4745ce8b0076d85ef4bad6643512dad50425d8f61a49108664596ff785caf3e,f4e44e9f9016,2026-09-02T01:35:44.552623595Z,2026-09-02T01:36:16.008328979Z,29712.746643,200,fa5bbaa12602c6803fc911cd560f3cd567585f7b4703499b433ac2343ab380c5,,false,miss
retained-20260902-68135d3ad33f,S1-100-r02,S1-100,request-087,d4745ce8b0076d85ef4bad6643512dad50425d8f61a49108664596ff785caf3e,f4e44e9f9016,2026-09-02T01:35:44.552603372Z,2026-09-02T01:36:05.358658613Z,20806.055238,200,fa5bbaa12602c6803fc911cd560f3cd567585f7b4703499b433ac2343ab380c5,,false,miss
retained-20260902-68135d3ad33f,S1-100-r02,S1-100,request-088,d4745ce8b0076d85ef4bad6643512dad50425d8f61a49108664596ff785caf3e,f4e44e9f9016,2026-09-02T01:35:44.552585117Z,2026-09-02T01:36:02.966608131Z,18414.023013,200,fa5bbaa12602c6803fc911cd560f3cd567585f7b4703499b433ac2343ab380c5,,false,miss
retained-20260902-68135d3ad33f,S1-100-r02,S1-100,request-089,d4745ce8b0076d85ef4bad6643512dad50425d8f61a49108664596ff785caf3e,f4e44e9f9016,2026-09-02T01:35:44.552535979Z,2026-09-02T01:36:00.46059014Z,15908.054169,200,fa5bbaa12602c6803fc911cd560f3cd567585f7b4703499b433ac2343ab380c5,,false,miss
retained-20260902-68135d3ad33f,S1-100-r02,S1-100,request-090,d4745ce8b0076d85ef4bad6643512dad50425d8f61a49108664596ff785caf3e,f4e44e9f9016,2026-09-02T01:35:44.552512682Z,2026-09-02T01:35:59.150752882Z,14598.240202,200,fa5bbaa12602c6803fc911cd560f3cd567585f7b4703499b433ac2343ab380c5,,false,miss
retained-20260902-68135d3ad33f,S1-100-r02,S1-100,request-091,d4745ce8b0076d85ef4bad6643512dad50425d8f61a49108664596ff785caf3e,f4e44e9f9016,2026-09-02T01:35:44.552477128Z,2026-09-02T01:35:50.154185912Z,5601.708783,200,fa5bbaa12602c6803fc911cd560f3cd567585f7b4703499b433ac2343ab380c5,,false,miss
retained-20260902-68135d3ad33f,S1-100-r02,S1-100,request-092,d4745ce8b0076d85ef4bad6643512dad50425d8f61a49108664596ff785caf3e,f4e44e9f9016,2026-09-02T01:35:44.552354905Z,2026-09-02T01:35:58.763198059Z,14210.843160,200,fa5bbaa12602c6803fc911cd560f3cd567585f7b4703499b433ac2343ab380c5,,false,miss
retained-20260902-68135d3ad33f,S1-100-r02,S1-100,request-093,d4745ce8b0076d85ef4bad6643512dad50425d8f61a49108664596ff785caf3e,f4e44e9f9016,2026-09-02T01:35:44.552304107Z,2026-09-02T01:35:57.857696948Z,13305.392829,200,fa5bbaa12602c6803fc911cd560f3cd567585f7b4703499b433ac2343ab380c5,,false,miss
retained-20260902-68135d3ad33f,S1-100-r02,S1-100,request-094,d4745ce8b0076d85ef4bad6643512dad50425d8f61a49108664596ff785caf3e,f4e44e9f9016,2026-09-02T01:35:44.552090565Z,2026-09-02T01:36:03.865546074Z,19313.455514,200,fa5bbaa12602c6803fc911cd560f3cd567585f7b4703499b433ac2343ab380c5,,false,miss
retained-20260902-68135d3ad33f,S1-100-r02,S1-100,request-095,d4745ce8b0076d85ef4bad6643512dad50425d8f61a49108664596ff785caf3e,f4e44e9f9016,2026-09-02T01:35:44.552017712Z,2026-09-02T01:35:47.360546489Z,2808.528781,200,fa5bbaa12602c6803fc911cd560f3cd567585f7b4703499b433ac2343ab380c5,,false,miss
retained-20260902-68135d3ad33f,S1-100-r02,S1-100,request-096,d4745ce8b0076d85ef4bad6643512dad50425d8f61a49108664596ff785caf3e,f4e44e9f9016,2026-09-02T01:35:44.551944402Z,2026-09-02T01:35:46.063467002Z,1511.522600,200,fa5bbaa12602c6803fc911cd560f3cd567585f7b4703499b433ac2343ab380c5,,false,miss
retained-20260902-68135d3ad33f,S1-100-r02,S1-100,request-097,d4745ce8b0076d85ef4bad6643512dad50425d8f61a49108664596ff785caf3e,f4e44e9f9016,2026-09-02T01:35:44.551757761Z,2026-09-02T01:36:08.702590521Z,22407.874021,200,fa5bbaa12602c6803fc911cd560f3cd567585f7b4703499b433ac2343ab380c5,,false,miss
retained-20260902-68135d3ad33f,S1-100-r02,S1-100,request-098,d4745ce8b0076d85ef4bad6643512dad50425d8f61a49108664596ff785caf3e,f4e44e9f9016,2026-09-02T01:35:44.551892722Z,2026-09-02T01:35:50.155389405Z,5603.496684,200,fa5bbaa12602c6803fc911cd560f3cd567585f7b4703499b433ac2343ab380c5,,false,miss
retained-20260902-68135d3ad33f,S1-100-r02,S1-100,request-099,d4745ce8b0076d85ef4bad6643512dad50425d8f61a49108664596ff785caf3e,f4e44e9f9016,2026-09-02T01:35:44.551762971Z,2026-09-02T01:35:46.05905134Z,1507.288375,200,fa5bbaa12602c6803fc911cd560f3cd567585f7b4703499b433ac2343ab380c5,,false,miss
retained-20260902-68135d3ad33f,S1-100-r02,S1-100,request-100,d4745ce8b0076d85ef4bad6643512dad50425d8f61a49108664596ff785caf3e,f4e44e9f9016,2026-09-02T01:35:44.562727147Z,2026-09-02T01:35:48.563545136Z,4000.817988,200,fa5bbaa12602c6803fc911cd560f3cd567585f7b4703499b433ac2343ab380c5,,false,miss
retained-20260902-68135d3ad33f,S2-100-r02,S2-100,request-001,d4745ce8b0076d85ef4bad6643512dad50425d8f61a49108664596ff785caf3e,f4e44e9f9016,2026-09-02T01:36:18.867006295Z,2026-09-02T01:36:19.22474586Z,357.739567,200,fa5bbaa12602c6803fc911cd560f3cd567585f7b4703499b433ac2343ab380c5,,true,miss
retained-20260902-68135d3ad33f,S2-100-r02,S2-100,request-002,d4745ce8b0076d85ef4bad6643512dad50425d8f61a49108664596ff785caf3e,f4e44e9f9016,2026-09-02T01:36:18.905475369Z,2026-09-02T01:36:19.228295008Z,322.819634,200,fa5bbaa12602c6803fc911cd560f3cd567585f7b4703499b433ac2343ab380c5,,true,miss
retained-20260902-68135d3ad33f,S2-100-r02,S2-100,request-003,d4745ce8b0076d85ef4bad6643512dad50425d8f61a49108664596ff785caf3e,f4e44e9f9016,2026-09-02T01:36:18.881939778Z,2026-09-02T01:36:19.228177114Z,346.237336,200,fa5bbaa12602c6803fc911cd560f3cd567585f7b4703499b433ac2343ab380c5,,true,miss
retained-20260902-68135d3ad33f,S2-100-r02,S2-100,request-004,d4745ce8b0076d85ef4bad6643512dad50425d8f61a49108664596ff785caf3e,f4e44e9f9016,2026-09-02T01:36:18.881912606Z,2026-09-02T01:36:19.227447015Z,345.534412,200,fa5bbaa12602c6803fc911cd560f3cd567585f7b4703499b433ac2343ab380c5,,true,miss
retained-20260902-68135d3ad33f,S2-100-r02,S2-100,request-005,d4745ce8b0076d85ef4bad6643512dad50425d8f61a49108664596ff785caf3e,f4e44e9f9016,2026-09-02T01:36:18.881891889Z,2026-09-02T01:36:19.227165138Z,345.273244,200,fa5bbaa12602c6803fc911cd560f3cd567585f7b4703499b433ac2343ab380c5,,true,miss
retained-20260902-68135d3ad33f,S2-100-r02,S2-100,request-006,d4745ce8b0076d85ef4bad6643512dad50425d8f61a49108664596ff785caf3e,f4e44e9f9016,2026-09-02T01:36:18.881854511Z,2026-09-02T01:36:19.227041333Z,345.186818,200,fa5bbaa12602c6803fc911cd560f3cd567585f7b4703499b433ac2343ab380c5,,true,miss
retained-20260902-68135d3ad33f,S2-100-r02,S2-100,request-007,d4745ce8b0076d85ef4bad6643512dad50425d8f61a49108664596ff785caf3e,f4e44e9f9016,2026-09-02T01:36:18.88181424Z,2026-09-02T01:36:19.226887559Z,345.073321,200,fa5bbaa12602c6803fc911cd560f3cd567585f7b4703499b433ac2343ab380c5,,true,miss
retained-20260902-68135d3ad33f,S2-100-r02,S2-100,request-008,d4745ce8b0076d85ef4bad6643512dad50425d8f61a49108664596ff785caf3e,f4e44e9f9016,2026-09-02T01:36:18.88177777Z,2026-09-02T01:36:19.229742331Z,347.964568,200,fa5bbaa12602c6803fc911cd560f3cd567585f7b4703499b433ac2343ab380c5,,true,miss
retained-20260902-68135d3ad33f,S2-100-r02,S2-100,request-009,d4745ce8b0076d85ef4bad6643512dad50425d8f61a49108664596ff785caf3e,f4e44e9f9016,2026-09-02T01:36:18.881760577Z,2026-09-02T01:36:19.227710263Z,345.949686,200,fa5bbaa12602c6803fc911cd560f3cd567585f7b4703499b433ac2343ab380c5,,true,miss
retained-20260902-68135d3ad33f,S2-100-r02,S2-100,request-010,d4745ce8b0076d85ef4bad6643512dad50425d8f61a49108664596ff785caf3e,f4e44e9f9016,2026-09-02T01:36:18.881740411Z,2026-09-02T01:36:19.226620371Z,344.879962,200,fa5bbaa12602c6803fc911cd560f3cd567585f7b4703499b433ac2343ab380c5,,true,miss
retained-20260902-68135d3ad33f,S2-100-r02,S2-100,request-011,d4745ce8b0076d85ef4bad6643512dad50425d8f61a49108664596ff785caf3e,f4e44e9f9016,2026-09-02T01:36:18.881726046Z,2026-09-02T01:36:19.228883676Z,347.157630,200,fa5bbaa12602c6803fc911cd560f3cd567585f7b4703499b433ac2343ab380c5,,true,miss
retained-20260902-68135d3ad33f,S2-100-r02,S2-100,request-012,d4745ce8b0076d85ef4bad6643512dad50425d8f61a49108664596ff785caf3e,f4e44e9f9016,2026-09-02T01:36:18.881702469Z,2026-09-02T01:36:19.22636492Z,344.662459,200,fa5bbaa12602c6803fc911cd560f3cd567585f7b4703499b433ac2343ab380c5,,true,miss
retained-20260902-68135d3ad33f,S2-100-r02,S2-100,request-013,d4745ce8b0076d85ef4bad6643512dad50425d8f61a49108664596ff785caf3e,f4e44e9f9016,2026-09-02T01:36:18.881688701Z,2026-09-02T01:36:19.225593112Z,343.904411,200,fa5bbaa12602c6803fc911cd560f3cd567585f7b4703499b433ac2343ab380c5,,true,miss
retained-20260902-68135d3ad33f,S2-100-r02,S2-100,request-014,d4745ce8b0076d85ef4bad6643512dad50425d8f61a49108664596ff785caf3e,f4e44e9f9016,2026-09-02T01:36:18.881674284Z,2026-09-02T01:36:19.225399724Z,343.725448,200,fa5bbaa12602c6803fc911cd560f3cd567585f7b4703499b433ac2343ab380c5,,true,miss
retained-20260902-68135d3ad33f,S2-100-r02,S2-100,request-015,d4745ce8b0076d85ef4bad6643512dad50425d8f61a49108664596ff785caf3e,f4e44e9f9016,2026-09-02T01:36:18.881652058Z,2026-09-02T01:36:19.229976989Z,348.324937,200,fa5bbaa12602c6803fc911cd560f3cd567585f7b4703499b433ac2343ab380c5,,true,miss
retained-20260902-68135d3ad33f,S2-100-r02,S2-100,request-016,d4745ce8b0076d85ef4bad6643512dad50425d8f61a49108664596ff785caf3e,f4e44e9f9016,2026-09-02T01:36:18.881622808Z,2026-09-02T01:36:19.229837102Z,348.214307,200,fa5bbaa12602c6803fc911cd560f3cd567585f7b4703499b433ac2343ab380c5,,true,miss
retained-20260902-68135d3ad33f,S2-100-r02,S2-100,request-017,d4745ce8b0076d85ef4bad6643512dad50425d8f61a49108664596ff785caf3e,f4e44e9f9016,2026-09-02T01:36:18.881605666Z,2026-09-02T01:36:19.228388403Z,346.782738,200,fa5bbaa12602c6803fc911cd560f3cd567585f7b4703499b433ac2343ab380c5,,true,miss
retained-20260902-68135d3ad33f,S2-100-r02,S2-100,request-018,d4745ce8b0076d85ef4bad6643512dad50425d8f61a49108664596ff785caf3e,f4e44e9f9016,2026-09-02T01:36:18.881587913Z,2026-09-02T01:36:19.228071043Z,346.483137,200,fa5bbaa12602c6803fc911cd560f3cd567585f7b4703499b433ac2343ab380c5,,true,miss
retained-20260902-68135d3ad33f,S2-100-r02,S2-100,request-019,d4745ce8b0076d85ef4bad6643512dad50425d8f61a49108664596ff785caf3e,f4e44e9f9016,2026-09-02T01:36:18.881555178Z,2026-09-02T01:36:19.229947468Z,348.392292,200,fa5bbaa12602c6803fc911cd560f3cd567585f7b4703499b433ac2343ab380c5,,true,miss
retained-20260902-68135d3ad33f,S2-100-r02,S2-100,request-020,d4745ce8b0076d85ef4bad6643512dad50425d8f61a49108664596ff785caf3e,f4e44e9f9016,2026-09-02T01:36:18.881505566Z,2026-09-02T01:36:19.2278567Z,346.351129,200,fa5bbaa12602c6803fc911cd560f3cd567585f7b4703499b433ac2343ab380c5,,true,miss
retained-20260902-68135d3ad33f,S2-100-r02,S2-100,request-021,d4745ce8b0076d85ef4bad6643512dad50425d8f61a49108664596ff785caf3e,f4e44e9f9016,2026-09-02T01:36:18.881457762Z,2026-09-02T01:36:19.227168375Z,345.710606,200,fa5bbaa12602c6803fc911cd560f3cd567585f7b4703499b433ac2343ab380c5,,true,miss
retained-20260902-68135d3ad33f,S2-100-r02,S2-100,request-022,d4745ce8b0076d85ef4bad6643512dad50425d8f61a49108664596ff785caf3e,f4e44e9f9016,2026-09-02T01:36:18.881399335Z,2026-09-02T01:36:19.226759437Z,345.360102,200,fa5bbaa12602c6803fc911cd560f3cd567585f7b4703499b433ac2343ab380c5,,true,miss
retained-20260902-68135d3ad33f,S2-100-r02,S2-100,request-023,d4745ce8b0076d85ef4bad6643512dad50425d8f61a49108664596ff785caf3e,f4e44e9f9016,2026-09-02T01:36:18.881294471Z,2026-09-02T01:36:19.22548249Z,344.188022,200,fa5bbaa12602c6803fc911cd560f3cd567585f7b4703499b433ac2343ab380c5,,true,miss
retained-20260902-68135d3ad33f,S2-100-r02,S2-100,request-024,d4745ce8b0076d85ef4bad6643512dad50425d8f61a49108664596ff785caf3e,f4e44e9f9016,2026-09-02T01:36:18.867953977Z,2026-09-02T01:36:19.225303944Z,357.349972,200,fa5bbaa12602c6803fc911cd560f3cd567585f7b4703499b433ac2343ab380c5,,true,miss
retained-20260902-68135d3ad33f,S2-100-r02,S2-100,request-025,d4745ce8b0076d85ef4bad6643512dad50425d8f61a49108664596ff785caf3e,f4e44e9f9016,2026-09-02T01:36:18.867885033Z,2026-09-02T01:36:19.225086586Z,357.201560,200,fa5bbaa12602c6803fc911cd560f3cd567585f7b4703499b433ac2343ab380c5,,true,miss
retained-20260902-68135d3ad33f,S2-100-r02,S2-100,request-026,d4745ce8b0076d85ef4bad6643512dad50425d8f61a49108664596ff785caf3e,f4e44e9f9016,2026-09-02T01:36:18.867863076Z,2026-09-02T01:36:19.224913892Z,357.050822,200,fa5bbaa12602c6803fc911cd560f3cd567585f7b4703499b433ac2343ab380c5,,true,miss
retained-20260902-68135d3ad33f,S2-100-r02,S2-100,request-027,d4745ce8b0076d85ef4bad6643512dad50425d8f61a49108664596ff785caf3e,f4e44e9f9016,2026-09-02T01:36:18.867843066Z,2026-09-02T01:36:19.22437696Z,356.533903,200,fa5bbaa12602c6803fc911cd560f3cd567585f7b4703499b433ac2343ab380c5,,true,miss
retained-20260902-68135d3ad33f,S2-100-r02,S2-100,request-028,d4745ce8b0076d85ef4bad6643512dad50425d8f61a49108664596ff785caf3e,f4e44e9f9016,2026-09-02T01:36:18.867818116Z,2026-09-02T01:36:19.229570768Z,361.752647,200,fa5bbaa12602c6803fc911cd560f3cd567585f7b4703499b433ac2343ab380c5,,true,miss
retained-20260902-68135d3ad33f,S2-100-r02,S2-100,request-029,d4745ce8b0076d85ef4bad6643512dad50425d8f61a49108664596ff785caf3e,f4e44e9f9016,2026-09-02T01:36:18.867737762Z,2026-09-02T01:36:19.228486123Z,360.748363,200,fa5bbaa12602c6803fc911cd560f3cd567585f7b4703499b433ac2343ab380c5,,true,miss
retained-20260902-68135d3ad33f,S2-100-r02,S2-100,request-030,d4745ce8b0076d85ef4bad6643512dad50425d8f61a49108664596ff785caf3e,f4e44e9f9016,2026-09-02T01:36:18.867685686Z,2026-09-02T01:36:19.227106494Z,359.420809,200,fa5bbaa12602c6803fc911cd560f3cd567585f7b4703499b433ac2343ab380c5,,true,miss
retained-20260902-68135d3ad33f,S2-100-r02,S2-100,request-031,d4745ce8b0076d85ef4bad6643512dad50425d8f61a49108664596ff785caf3e,f4e44e9f9016,2026-09-02T01:36:18.867665686Z,2026-09-02T01:36:19.225507449Z,357.841770,200,fa5bbaa12602c6803fc911cd560f3cd567585f7b4703499b433ac2343ab380c5,,true,miss
retained-20260902-68135d3ad33f,S2-100-r02,S2-100,request-032,d4745ce8b0076d85ef4bad6643512dad50425d8f61a49108664596ff785caf3e,f4e44e9f9016,2026-09-02T01:36:18.867639176Z,2026-09-02T01:36:19.229931555Z,362.292386,200,fa5bbaa12602c6803fc911cd560f3cd567585f7b4703499b433ac2343ab380c5,,true,miss
retained-20260902-68135d3ad33f,S2-100-r02,S2-100,request-033,d4745ce8b0076d85ef4bad6643512dad50425d8f61a49108664596ff785caf3e,f4e44e9f9016,2026-09-02T01:36:18.867618933Z,2026-09-02T01:36:19.228439788Z,360.820862,200,fa5bbaa12602c6803fc911cd560f3cd567585f7b4703499b433ac2343ab380c5,,true,miss
retained-20260902-68135d3ad33f,S2-100-r02,S2-100,request-034,d4745ce8b0076d85ef4bad6643512dad50425d8f61a49108664596ff785caf3e,f4e44e9f9016,2026-09-02T01:36:18.867598394Z,2026-09-02T01:36:19.22990095Z,362.302564,200,fa5bbaa12602c6803fc911cd560f3cd567585f7b4703499b433ac2343ab380c5,,true,miss
retained-20260902-68135d3ad33f,S2-100-r02,S2-100,request-035,d4745ce8b0076d85ef4bad6643512dad50425d8f61a49108664596ff785caf3e,f4e44e9f9016,2026-09-02T01:36:18.867569486Z,2026-09-02T01:36:19.227108354Z,359.538874,200,fa5bbaa12602c6803fc911cd560f3cd567585f7b4703499b433ac2343ab380c5,,true,miss
retained-20260902-68135d3ad33f,S2-100-r02,S2-100,request-036,d4745ce8b0076d85ef4bad6643512dad50425d8f61a49108664596ff785caf3e,f4e44e9f9016,2026-09-02T01:36:18.867557243Z,2026-09-02T01:36:19.228916393Z,361.359155,200,fa5bbaa12602c6803fc911cd560f3cd567585f7b4703499b433ac2343ab380c5,,true,miss
retained-20260902-68135d3ad33f,S2-100-r02,S2-100,request-037,d4745ce8b0076d85ef4bad6643512dad50425d8f61a49108664596ff785caf3e,f4e44e9f9016,2026-09-02T01:36:18.867535768Z,2026-09-02T01:36:19.225657786Z,358.122026,200,fa5bbaa12602c6803fc911cd560f3cd567585f7b4703499b433ac2343ab380c5,,true,miss
retained-20260902-68135d3ad33f,S2-100-r02,S2-100,request-038,d4745ce8b0076d85ef4bad6643512dad50425d8f61a49108664596ff785caf3e,f4e44e9f9016,2026-09-02T01:36:18.867504468Z,2026-09-02T01:36:19.224981825Z,357.477359,200,fa5bbaa12602c6803fc911cd560f3cd567585f7b4703499b433ac2343ab380c5,,true,miss
retained-20260902-68135d3ad33f,S2-100-r02,S2-100,request-039,d4745ce8b0076d85ef4bad6643512dad50425d8f61a49108664596ff785caf3e,f4e44e9f9016,2026-09-02T01:36:18.867487291Z,2026-09-02T01:36:19.228741699Z,361.254407,200,fa5bbaa12602c6803fc911cd560f3cd567585f7b4703499b433ac2343ab380c5,,true,miss
retained-20260902-68135d3ad33f,S2-100-r02,S2-100,request-040,d4745ce8b0076d85ef4bad6643512dad50425d8f61a49108664596ff785caf3e,f4e44e9f9016,2026-09-02T01:36:18.867455173Z,2026-09-02T01:36:19.228365416Z,360.910243,200,fa5bbaa12602c6803fc911cd560f3cd567585f7b4703499b433ac2343ab380c5,,true,miss
retained-20260902-68135d3ad33f,S2-100-r02,S2-100,request-041,d4745ce8b0076d85ef4bad6643512dad50425d8f61a49108664596ff785caf3e,f4e44e9f9016,2026-09-02T01:36:18.867404132Z,2026-09-02T01:36:19.22726844Z,359.864308,200,fa5bbaa12602c6803fc911cd560f3cd567585f7b4703499b433ac2343ab380c5,,true,miss
retained-20260902-68135d3ad33f,S2-100-r02,S2-100,request-042,d4745ce8b0076d85ef4bad6643512dad50425d8f61a49108664596ff785caf3e,f4e44e9f9016,2026-09-02T01:36:18.867368594Z,2026-09-02T01:36:19.22580041Z,358.431817,200,fa5bbaa12602c6803fc911cd560f3cd567585f7b4703499b433ac2343ab380c5,,true,miss
retained-20260902-68135d3ad33f,S2-100-r02,S2-100,request-043,d4745ce8b0076d85ef4bad6643512dad50425d8f61a49108664596ff785caf3e,f4e44e9f9016,2026-09-02T01:36:18.867307912Z,2026-09-02T01:36:19.229096322Z,361.788417,200,fa5bbaa12602c6803fc911cd560f3cd567585f7b4703499b433ac2343ab380c5,,true,miss
retained-20260902-68135d3ad33f,S2-100-r02,S2-100,request-044,d4745ce8b0076d85ef4bad6643512dad50425d8f61a49108664596ff785caf3e,f4e44e9f9016,2026-09-02T01:36:18.867287992Z,2026-09-02T01:36:19.228492776Z,361.204791,200,fa5bbaa12602c6803fc911cd560f3cd567585f7b4703499b433ac2343ab380c5,,true,miss
retained-20260902-68135d3ad33f,S2-100-r02,S2-100,request-045,d4745ce8b0076d85ef4bad6643512dad50425d8f61a49108664596ff785caf3e,f4e44e9f9016,2026-09-02T01:36:18.867265064Z,2026-09-02T01:36:19.22813301Z,360.867953,200,fa5bbaa12602c6803fc911cd560f3cd567585f7b4703499b433ac2343ab380c5,,true,miss
retained-20260902-68135d3ad33f,S2-100-r02,S2-100,request-046,d4745ce8b0076d85ef4bad6643512dad50425d8f61a49108664596ff785caf3e,f4e44e9f9016,2026-09-02T01:36:18.867245455Z,2026-09-02T01:36:19.22970478Z,362.459333,200,fa5bbaa12602c6803fc911cd560f3cd567585f7b4703499b433ac2343ab380c5,,true,miss
retained-20260902-68135d3ad33f,S2-100-r02,S2-100,request-047,d4745ce8b0076d85ef4bad6643512dad50425d8f61a49108664596ff785caf3e,f4e44e9f9016,2026-09-02T01:36:18.86722002Z,2026-09-02T01:36:19.225573413Z,358.353400,200,fa5bbaa12602c6803fc911cd560f3cd567585f7b4703499b433ac2343ab380c5,,true,miss
retained-20260902-68135d3ad33f,S2-100-r02,S2-100,request-048,d4745ce8b0076d85ef4bad6643512dad50425d8f61a49108664596ff785caf3e,f4e44e9f9016,2026-09-02T01:36:18.867196906Z,2026-09-02T01:36:19.229851259Z,362.654360,200,fa5bbaa12602c6803fc911cd560f3cd567585f7b4703499b433ac2343ab380c5,,true,miss
retained-20260902-68135d3ad33f,S2-100-r02,S2-100,request-049,d4745ce8b0076d85ef4bad6643512dad50425d8f61a49108664596ff785caf3e,f4e44e9f9016,2026-09-02T01:36:18.86716415Z,2026-09-02T01:36:19.224297369Z,357.133218,200,fa5bbaa12602c6803fc911cd560f3cd567585f7b4703499b433ac2343ab380c5,,false,miss
retained-20260902-68135d3ad33f,S2-100-r02,S2-100,request-050,d4745ce8b0076d85ef4bad6643512dad50425d8f61a49108664596ff785caf3e,f4e44e9f9016,2026-09-02T01:36:18.867006564Z,2026-09-02T01:36:19.228534974Z,361.528404,200,fa5bbaa12602c6803fc911cd560f3cd567585f7b4703499b433ac2343ab380c5,,true,miss
retained-20260902-68135d3ad33f,S2-100-r02,S2-100,request-051,d4745ce8b0076d85ef4bad6643512dad50425d8f61a49108664596ff785caf3e,f4e44e9f9016,2026-09-02T01:36:18.881650751Z,2026-09-02T01:36:19.229980308Z,348.329557,200,fa5bbaa12602c6803fc911cd560f3cd567585f7b4703499b433ac2343ab380c5,,true,miss
retained-20260902-68135d3ad33f,S2-100-r02,S2-100,request-052,d4745ce8b0076d85ef4bad6643512dad50425d8f61a49108664596ff785caf3e,f4e44e9f9016,2026-09-02T01:36:18.881623572Z,2026-09-02T01:36:19.22854249Z,346.918920,200,fa5bbaa12602c6803fc911cd560f3cd567585f7b4703499b433ac2343ab380c5,,true,miss
retained-20260902-68135d3ad33f,S2-100-r02,S2-100,request-053,d4745ce8b0076d85ef4bad6643512dad50425d8f61a49108664596ff785caf3e,f4e44e9f9016,2026-09-02T01:36:18.8815619Z,2026-09-02T01:36:19.228189651Z,346.627750,200,fa5bbaa12602c6803fc911cd560f3cd567585f7b4703499b433ac2343ab380c5,,true,miss
retained-20260902-68135d3ad33f,S2-100-r02,S2-100,request-054,d4745ce8b0076d85ef4bad6643512dad50425d8f61a49108664596ff785caf3e,f4e44e9f9016,2026-09-02T01:36:18.881510945Z,2026-09-02T01:36:19.227372618Z,345.861673,200,fa5bbaa12602c6803fc911cd560f3cd567585f7b4703499b433ac2343ab380c5,,true,miss
retained-20260902-68135d3ad33f,S2-100-r02,S2-100,request-055,d4745ce8b0076d85ef4bad6643512dad50425d8f61a49108664596ff785caf3e,f4e44e9f9016,2026-09-02T01:36:18.881488786Z,2026-09-02T01:36:19.227333776Z,345.844993,200,fa5bbaa12602c6803fc911cd560f3cd567585f7b4703499b433ac2343ab380c5,,true,miss
retained-20260902-68135d3ad33f,S2-100-r02,S2-100,request-056,d4745ce8b0076d85ef4bad6643512dad50425d8f61a49108664596ff785caf3e,f4e44e9f9016,2026-09-02T01:36:18.881455733Z,2026-09-02T01:36:19.226941063Z,345.485332,200,fa5bbaa12602c6803fc911cd560f3cd567585f7b4703499b433ac2343ab380c5,,true,miss
retained-20260902-68135d3ad33f,S2-100-r02,S2-100,request-057,d4745ce8b0076d85ef4bad6643512dad50425d8f61a49108664596ff785caf3e,f4e44e9f9016,2026-09-02T01:36:18.881418696Z,2026-09-02T01:36:19.226629758Z,345.211067,200,fa5bbaa12602c6803fc911cd560f3cd567585f7b4703499b433ac2343ab380c5,,true,miss
retained-20260902-68135d3ad33f,S2-100-r02,S2-100,request-058,d4745ce8b0076d85ef4bad6643512dad50425d8f61a49108664596ff785caf3e,f4e44e9f9016,2026-09-02T01:36:18.881396631Z,2026-09-02T01:36:19.226312269Z,344.915635,200,fa5bbaa12602c6803fc911cd560f3cd567585f7b4703499b433ac2343ab380c5,,true,miss
retained-20260902-68135d3ad33f,S2-100-r02,S2-100,request-059,d4745ce8b0076d85ef4bad6643512dad50425d8f61a49108664596ff785caf3e,f4e44e9f9016,2026-09-02T01:36:18.881372585Z,2026-09-02T01:36:19.225241778Z,343.869200,200,fa5bbaa12602c6803fc911cd560f3cd567585f7b4703499b433ac2343ab380c5,,true,miss
retained-20260902-68135d3ad33f,S2-100-r02,S2-100,request-060,d4745ce8b0076d85ef4bad6643512dad50425d8f61a49108664596ff785caf3e,f4e44e9f9016,2026-09-02T01:36:18.881354776Z,2026-09-02T01:36:19.225052947Z,343.698177,200,fa5bbaa12602c6803fc911cd560f3cd567585f7b4703499b433ac2343ab380c5,,true,miss
retained-20260902-68135d3ad33f,S2-100-r02,S2-100,request-061,d4745ce8b0076d85ef4bad6643512dad50425d8f61a49108664596ff785caf3e,f4e44e9f9016,2026-09-02T01:36:18.881321739Z,2026-09-02T01:36:19.224924067Z,343.602334,200,fa5bbaa12602c6803fc911cd560f3cd567585f7b4703499b433ac2343ab380c5,,true,miss
retained-20260902-68135d3ad33f,S2-100-r02,S2-100,request-062,d4745ce8b0076d85ef4bad6643512dad50425d8f61a49108664596ff785caf3e,f4e44e9f9016,2026-09-02T01:36:18.881297938Z,2026-09-02T01:36:19.224808178Z,343.510240,200,fa5bbaa12602c6803fc911cd560f3cd567585f7b4703499b433ac2343ab380c5,,true,miss
retained-20260902-68135d3ad33f,S2-100-r02,S2-100,request-063,d4745ce8b0076d85ef4bad6643512dad50425d8f61a49108664596ff785caf3e,f4e44e9f9016,2026-09-02T01:36:18.881252902Z,2026-09-02T01:36:19.224622032Z,343.369124,200,fa5bbaa12602c6803fc911cd560f3cd567585f7b4703499b433ac2343ab380c5,,true,miss
retained-20260902-68135d3ad33f,S2-100-r02,S2-100,request-064,d4745ce8b0076d85ef4bad6643512dad50425d8f61a49108664596ff785caf3e,f4e44e9f9016,2026-09-02T01:36:18.867953674Z,2026-09-02T01:36:19.224498803Z,356.545134,200,fa5bbaa12602c6803fc911cd560f3cd567585f7b4703499b433ac2343ab380c5,,true,miss
retained-20260902-68135d3ad33f,S2-100-r02,S2-100,request-065,d4745ce8b0076d85ef4bad6643512dad50425d8f61a49108664596ff785caf3e,f4e44e9f9016,2026-09-02T01:36:18.867933401Z,2026-09-02T01:36:19.225208494Z,357.275100,200,fa5bbaa12602c6803fc911cd560f3cd567585f7b4703499b433ac2343ab380c5,,true,miss
retained-20260902-68135d3ad33f,S2-100-r02,S2-100,request-066,d4745ce8b0076d85ef4bad6643512dad50425d8f61a49108664596ff785caf3e,f4e44e9f9016,2026-09-02T01:36:18.867914462Z,2026-09-02T01:36:19.225030596Z,357.116135,200,fa5bbaa12602c6803fc911cd560f3cd567585f7b4703499b433ac2343ab380c5,,true,miss
retained-20260902-68135d3ad33f,S2-100-r02,S2-100,request-067,d4745ce8b0076d85ef4bad6643512dad50425d8f61a49108664596ff785caf3e,f4e44e9f9016,2026-09-02T01:36:18.867883135Z,2026-09-02T01:36:19.224972467Z,357.089328,200,fa5bbaa12602c6803fc911cd560f3cd567585f7b4703499b433ac2343ab380c5,,true,miss
retained-20260902-68135d3ad33f,S2-100-r02,S2-100,request-068,d4745ce8b0076d85ef4bad6643512dad50425d8f61a49108664596ff785caf3e,f4e44e9f9016,2026-09-02T01:36:18.86785376Z,2026-09-02T01:36:19.224853997Z,357.000238,200,fa5bbaa12602c6803fc911cd560f3cd567585f7b4703499b433ac2343ab380c5,,true,miss
retained-20260902-68135d3ad33f,S2-100-r02,S2-100,request-069,d4745ce8b0076d85ef4bad6643512dad50425d8f61a49108664596ff785caf3e,f4e44e9f9016,2026-09-02T01:36:18.867833434Z,2026-09-02T01:36:19.22970647Z,361.873037,200,fa5bbaa12602c6803fc911cd560f3cd567585f7b4703499b433ac2343ab380c5,,true,miss
retained-20260902-68135d3ad33f,S2-100-r02,S2-100,request-070,d4745ce8b0076d85ef4bad6643512dad50425d8f61a49108664596ff785caf3e,f4e44e9f9016,2026-09-02T01:36:18.867798404Z,2026-09-02T01:36:19.229062866Z,361.264455,200,fa5bbaa12602c6803fc911cd560f3cd567585f7b4703499b433ac2343ab380c5,,true,miss
retained-20260902-68135d3ad33f,S2-100-r02,S2-100,request-071,d4745ce8b0076d85ef4bad6643512dad50425d8f61a49108664596ff785caf3e,f4e44e9f9016,2026-09-02T01:36:18.867740778Z,2026-09-02T01:36:19.228240748Z,360.499972,200,fa5bbaa12602c6803fc911cd560f3cd567585f7b4703499b433ac2343ab380c5,,true,miss
retained-20260902-68135d3ad33f,S2-100-r02,S2-100,request-072,d4745ce8b0076d85ef4bad6643512dad50425d8f61a49108664596ff785caf3e,f4e44e9f9016,2026-09-02T01:36:18.86772098Z,2026-09-02T01:36:19.227863049Z,360.142066,200,fa5bbaa12602c6803fc911cd560f3cd567585f7b4703499b433ac2343ab380c5,,true,miss
retained-20260902-68135d3ad33f,S2-100-r02,S2-100,request-073,d4745ce8b0076d85ef4bad6643512dad50425d8f61a49108664596ff785caf3e,f4e44e9f9016,2026-09-02T01:36:18.867687831Z,2026-09-02T01:36:19.226820055Z,359.132224,200,fa5bbaa12602c6803fc911cd560f3cd567585f7b4703499b433ac2343ab380c5,,true,miss
retained-20260902-68135d3ad33f,S2-100-r02,S2-100,request-074,d4745ce8b0076d85ef4bad6643512dad50425d8f61a49108664596ff785caf3e,f4e44e9f9016,2026-09-02T01:36:18.867662631Z,2026-09-02T01:36:19.22939408Z,361.731453,200,fa5bbaa12602c6803fc911cd560f3cd567585f7b4703499b433ac2343ab380c5,,true,miss
retained-20260902-68135d3ad33f,S2-100-r02,S2-100,request-075,d4745ce8b0076d85ef4bad6643512dad50425d8f61a49108664596ff785caf3e,f4e44e9f9016,2026-09-02T01:36:18.867637522Z,2026-09-02T01:36:19.228598582Z,360.961064,200,fa5bbaa12602c6803fc911cd560f3cd567585f7b4703499b433ac2343ab380c5,,true,miss
retained-20260902-68135d3ad33f,S2-100-r02,S2-100,request-076,d4745ce8b0076d85ef4bad6643512dad50425d8f61a49108664596ff785caf3e,f4e44e9f9016,2026-09-02T01:36:18.86761575Z,2026-09-02T01:36:19.228257043Z,360.641301,200,fa5bbaa12602c6803fc911cd560f3cd567585f7b4703499b433ac2343ab380c5,,true,miss
retained-20260902-68135d3ad33f,S2-100-r02,S2-100,request-077,d4745ce8b0076d85ef4bad6643512dad50425d8f61a49108664596ff785caf3e,f4e44e9f9016,2026-09-02T01:36:18.867594538Z,2026-09-02T01:36:19.229740879Z,362.146348,200,fa5bbaa12602c6803fc911cd560f3cd567585f7b4703499b433ac2343ab380c5,,true,miss
retained-20260902-68135d3ad33f,S2-100-r02,S2-100,request-078,d4745ce8b0076d85ef4bad6643512dad50425d8f61a49108664596ff785caf3e,f4e44e9f9016,2026-09-02T01:36:18.867571001Z,2026-09-02T01:36:19.226860965Z,359.289967,200,fa5bbaa12602c6803fc911cd560f3cd567585f7b4703499b433ac2343ab380c5,,true,miss
retained-20260902-68135d3ad33f,S2-100-r02,S2-100,request-079,d4745ce8b0076d85ef4bad6643512dad50425d8f61a49108664596ff785caf3e,f4e44e9f9016,2026-09-02T01:36:18.867552561Z,2026-09-02T01:36:19.225420676Z,357.868121,200,fa5bbaa12602c6803fc911cd560f3cd567585f7b4703499b433ac2343ab380c5,,true,miss
retained-20260902-68135d3ad33f,S2-100-r02,S2-100,request-080,d4745ce8b0076d85ef4bad6643512dad50425d8f61a49108664596ff785caf3e,f4e44e9f9016,2026-09-02T01:36:18.867529806Z,2026-09-02T01:36:19.22512649Z,357.596685,200,fa5bbaa12602c6803fc911cd560f3cd567585f7b4703499b433ac2343ab380c5,,true,miss
retained-20260902-68135d3ad33f,S2-100-r02,S2-100,request-081,d4745ce8b0076d85ef4bad6643512dad50425d8f61a49108664596ff785caf3e,f4e44e9f9016,2026-09-02T01:36:18.867515251Z,2026-09-02T01:36:19.229629136Z,362.113893,200,fa5bbaa12602c6803fc911cd560f3cd567585f7b4703499b433ac2343ab380c5,,true,miss
retained-20260902-68135d3ad33f,S2-100-r02,S2-100,request-082,d4745ce8b0076d85ef4bad6643512dad50425d8f61a49108664596ff785caf3e,f4e44e9f9016,2026-09-02T01:36:18.867498478Z,2026-09-02T01:36:19.229884185Z,362.385709,200,fa5bbaa12602c6803fc911cd560f3cd567585f7b4703499b433ac2343ab380c5,,true,miss
retained-20260902-68135d3ad33f,S2-100-r02,S2-100,request-083,d4745ce8b0076d85ef4bad6643512dad50425d8f61a49108664596ff785caf3e,f4e44e9f9016,2026-09-02T01:36:18.867482934Z,2026-09-02T01:36:19.228589416Z,361.106488,200,fa5bbaa12602c6803fc911cd560f3cd567585f7b4703499b433ac2343ab380c5,,true,miss
retained-20260902-68135d3ad33f,S2-100-r02,S2-100,request-084,d4745ce8b0076d85ef4bad6643512dad50425d8f61a49108664596ff785caf3e,f4e44e9f9016,2026-09-02T01:36:18.867458975Z,2026-09-02T01:36:19.228118863Z,360.659889,200,fa5bbaa12602c6803fc911cd560f3cd567585f7b4703499b433ac2343ab380c5,,true,miss
retained-20260902-68135d3ad33f,S2-100-r02,S2-100,request-085,d4745ce8b0076d85ef4bad6643512dad50425d8f61a49108664596ff785caf3e,f4e44e9f9016,2026-09-02T01:36:18.86742652Z,2026-09-02T01:36:19.227656752Z,360.230229,200,fa5bbaa12602c6803fc911cd560f3cd567585f7b4703499b433ac2343ab380c5,,true,miss
retained-20260902-68135d3ad33f,S2-100-r02,S2-100,request-086,d4745ce8b0076d85ef4bad6643512dad50425d8f61a49108664596ff785caf3e,f4e44e9f9016,2026-09-02T01:36:18.867406463Z,2026-09-02T01:36:19.226978191Z,359.571728,200,fa5bbaa12602c6803fc911cd560f3cd567585f7b4703499b433ac2343ab380c5,,true,miss
retained-20260902-68135d3ad33f,S2-100-r02,S2-100,request-087,d4745ce8b0076d85ef4bad6643512dad50425d8f61a49108664596ff785caf3e,f4e44e9f9016,2026-09-02T01:36:18.867382633Z,2026-09-02T01:36:19.226690701Z,359.308070,200,fa5bbaa12602c6803fc911cd560f3cd567585f7b4703499b433ac2343ab380c5,,true,miss
retained-20260902-68135d3ad33f,S2-100-r02,S2-100,request-088,d4745ce8b0076d85ef4bad6643512dad50425d8f61a49108664596ff785caf3e,f4e44e9f9016,2026-09-02T01:36:18.867325125Z,2026-09-02T01:36:19.229782317Z,362.457194,200,fa5bbaa12602c6803fc911cd560f3cd567585f7b4703499b433ac2343ab380c5,,true,miss
retained-20260902-68135d3ad33f,S2-100-r02,S2-100,request-089,d4745ce8b0076d85ef4bad6643512dad50425d8f61a49108664596ff785caf3e,f4e44e9f9016,2026-09-02T01:36:18.867260149Z,2026-09-02T01:36:19.229795114Z,362.534972,200,fa5bbaa12602c6803fc911cd560f3cd567585f7b4703499b433ac2343ab380c5,,true,miss
retained-20260902-68135d3ad33f,S2-100-r02,S2-100,request-090,d4745ce8b0076d85ef4bad6643512dad50425d8f61a49108664596ff785caf3e,f4e44e9f9016,2026-09-02T01:36:18.867213682Z,2026-09-02T01:36:19.225328639Z,358.114958,200,fa5bbaa12602c6803fc911cd560f3cd567585f7b4703499b433ac2343ab380c5,,true,miss
retained-20260902-68135d3ad33f,S2-100-r02,S2-100,request-091,d4745ce8b0076d85ef4bad6643512dad50425d8f61a49108664596ff785caf3e,f4e44e9f9016,2026-09-02T01:36:18.867077725Z,2026-09-02T01:36:19.224685132Z,357.607410,200,fa5bbaa12602c6803fc911cd560f3cd567585f7b4703499b433ac2343ab380c5,,true,miss
retained-20260902-68135d3ad33f,S2-100-r02,S2-100,request-092,d4745ce8b0076d85ef4bad6643512dad50425d8f61a49108664596ff785caf3e,f4e44e9f9016,2026-09-02T01:36:18.867053056Z,2026-09-02T01:36:19.229505155Z,362.452108,200,fa5bbaa12602c6803fc911cd560f3cd567585f7b4703499b433ac2343ab380c5,,true,miss
retained-20260902-68135d3ad33f,S2-100-r02,S2-100,request-093,d4745ce8b0076d85ef4bad6643512dad50425d8f61a49108664596ff785caf3e,f4e44e9f9016,2026-09-02T01:36:18.867047396Z,2026-09-02T01:36:19.228054934Z,361.007544,200,fa5bbaa12602c6803fc911cd560f3cd567585f7b4703499b433ac2343ab380c5,,true,miss
retained-20260902-68135d3ad33f,S2-100-r02,S2-100,request-094,d4745ce8b0076d85ef4bad6643512dad50425d8f61a49108664596ff785caf3e,f4e44e9f9016,2026-09-02T01:36:18.867358187Z,2026-09-02T01:36:19.230041188Z,362.683003,200,fa5bbaa12602c6803fc911cd560f3cd567585f7b4703499b433ac2343ab380c5,,true,miss
retained-20260902-68135d3ad33f,S2-100-r02,S2-100,request-095,d4745ce8b0076d85ef4bad6643512dad50425d8f61a49108664596ff785caf3e,f4e44e9f9016,2026-09-02T01:36:18.867304567Z,2026-09-02T01:36:19.22999452Z,362.689954,200,fa5bbaa12602c6803fc911cd560f3cd567585f7b4703499b433ac2343ab380c5,,true,miss
retained-20260902-68135d3ad33f,S2-100-r02,S2-100,request-096,d4745ce8b0076d85ef4bad6643512dad50425d8f61a49108664596ff785caf3e,f4e44e9f9016,2026-09-02T01:36:18.867281885Z,2026-09-02T01:36:19.228327994Z,361.046097,200,fa5bbaa12602c6803fc911cd560f3cd567585f7b4703499b433ac2343ab380c5,,true,miss
retained-20260902-68135d3ad33f,S2-100-r02,S2-100,request-097,d4745ce8b0076d85ef4bad6643512dad50425d8f61a49108664596ff785caf3e,f4e44e9f9016,2026-09-02T01:36:18.86723607Z,2026-09-02T01:36:19.226690386Z,359.454324,200,fa5bbaa12602c6803fc911cd560f3cd567585f7b4703499b433ac2343ab380c5,,true,miss
retained-20260902-68135d3ad33f,S2-100-r02,S2-100,request-098,d4745ce8b0076d85ef4bad6643512dad50425d8f61a49108664596ff785caf3e,f4e44e9f9016,2026-09-02T01:36:18.867192622Z,2026-09-02T01:36:19.224862462Z,357.669846,200,fa5bbaa12602c6803fc911cd560f3cd567585f7b4703499b433ac2343ab380c5,,true,miss
retained-20260902-68135d3ad33f,S2-100-r02,S2-100,request-099,d4745ce8b0076d85ef4bad6643512dad50425d8f61a49108664596ff785caf3e,f4e44e9f9016,2026-09-02T01:36:18.867165191Z,2026-09-02T01:36:19.224561826Z,357.396633,200,fa5bbaa12602c6803fc911cd560f3cd567585f7b4703499b433ac2343ab380c5,,true,miss
retained-20260902-68135d3ad33f,S2-100-r02,S2-100,request-100,d4745ce8b0076d85ef4bad6643512dad50425d8f61a49108664596ff785caf3e,f4e44e9f9016,2026-09-02T01:36:18.90563701Z,2026-09-02T01:36:19.228420889Z,322.783879,200,fa5bbaa12602c6803fc911cd560f3cd567585f7b4703499b433ac2343ab380c5,,true,miss
retained-20260902-68135d3ad33f,S0-r03,S0,request-001,d4745ce8b0076d85ef4bad6643512dad50425d8f61a49108664596ff785caf3e,f4e44e9f9016,2026-09-02T01:36:19.493567381Z,2026-09-02T01:36:19.82208442Z,328.517036,200,fa5bbaa12602c6803fc911cd560f3cd567585f7b4703499b433ac2343ab380c5,,false,miss
retained-20260902-68135d3ad33f,S2-10-r03,S2-10,request-001,d4745ce8b0076d85ef4bad6643512dad50425d8f61a49108664596ff785caf3e,f4e44e9f9016,2026-09-02T01:36:20.076987552Z,2026-09-02T01:36:20.405100209Z,328.112665,200,fa5bbaa12602c6803fc911cd560f3cd567585f7b4703499b433ac2343ab380c5,,true,miss
retained-20260902-68135d3ad33f,S2-10-r03,S2-10,request-002,d4745ce8b0076d85ef4bad6643512dad50425d8f61a49108664596ff785caf3e,f4e44e9f9016,2026-09-02T01:36:20.07685929Z,2026-09-02T01:36:20.405080125Z,328.220839,200,fa5bbaa12602c6803fc911cd560f3cd567585f7b4703499b433ac2343ab380c5,,true,miss
retained-20260902-68135d3ad33f,S2-10-r03,S2-10,request-003,d4745ce8b0076d85ef4bad6643512dad50425d8f61a49108664596ff785caf3e,f4e44e9f9016,2026-09-02T01:36:20.076836357Z,2026-09-02T01:36:20.405029496Z,328.193141,200,fa5bbaa12602c6803fc911cd560f3cd567585f7b4703499b433ac2343ab380c5,,true,miss
retained-20260902-68135d3ad33f,S2-10-r03,S2-10,request-004,d4745ce8b0076d85ef4bad6643512dad50425d8f61a49108664596ff785caf3e,f4e44e9f9016,2026-09-02T01:36:20.076817727Z,2026-09-02T01:36:20.404979552Z,328.161831,200,fa5bbaa12602c6803fc911cd560f3cd567585f7b4703499b433ac2343ab380c5,,true,miss
retained-20260902-68135d3ad33f,S2-10-r03,S2-10,request-005,d4745ce8b0076d85ef4bad6643512dad50425d8f61a49108664596ff785caf3e,f4e44e9f9016,2026-09-02T01:36:20.076792127Z,2026-09-02T01:36:20.404992768Z,328.200641,200,fa5bbaa12602c6803fc911cd560f3cd567585f7b4703499b433ac2343ab380c5,,true,miss
retained-20260902-68135d3ad33f,S2-10-r03,S2-10,request-006,d4745ce8b0076d85ef4bad6643512dad50425d8f61a49108664596ff785caf3e,f4e44e9f9016,2026-09-02T01:36:20.07679019Z,2026-09-02T01:36:20.405145932Z,328.355745,200,fa5bbaa12602c6803fc911cd560f3cd567585f7b4703499b433ac2343ab380c5,,true,miss
retained-20260902-68135d3ad33f,S2-10-r03,S2-10,request-007,d4745ce8b0076d85ef4bad6643512dad50425d8f61a49108664596ff785caf3e,f4e44e9f9016,2026-09-02T01:36:20.076964002Z,2026-09-02T01:36:20.404910086Z,327.946080,200,fa5bbaa12602c6803fc911cd560f3cd567585f7b4703499b433ac2343ab380c5,,true,miss
retained-20260902-68135d3ad33f,S2-10-r03,S2-10,request-008,d4745ce8b0076d85ef4bad6643512dad50425d8f61a49108664596ff785caf3e,f4e44e9f9016,2026-09-02T01:36:20.076936479Z,2026-09-02T01:36:20.405158378Z,328.221892,200,fa5bbaa12602c6803fc911cd560f3cd567585f7b4703499b433ac2343ab380c5,,true,miss
retained-20260902-68135d3ad33f,S2-10-r03,S2-10,request-009,d4745ce8b0076d85ef4bad6643512dad50425d8f61a49108664596ff785caf3e,f4e44e9f9016,2026-09-02T01:36:20.076887166Z,2026-09-02T01:36:20.405048616Z,328.161450,200,fa5bbaa12602c6803fc911cd560f3cd567585f7b4703499b433ac2343ab380c5,,true,miss
retained-20260902-68135d3ad33f,S2-10-r03,S2-10,request-010,d4745ce8b0076d85ef4bad6643512dad50425d8f61a49108664596ff785caf3e,f4e44e9f9016,2026-09-02T01:36:20.076652449Z,2026-09-02T01:36:20.404927927Z,328.275478,200,fa5bbaa12602c6803fc911cd560f3cd567585f7b4703499b433ac2343ab380c5,,false,miss
retained-20260902-68135d3ad33f,S1-10-r03,S1-10,request-001,d4745ce8b0076d85ef4bad6643512dad50425d8f61a49108664596ff785caf3e,f4e44e9f9016,2026-09-02T01:36:20.656430019Z,2026-09-02T01:36:23.296204586Z,2639.774569,200,fa5bbaa12602c6803fc911cd560f3cd567585f7b4703499b433ac2343ab380c5,,false,miss
retained-20260902-68135d3ad33f,S1-10-r03,S1-10,request-002,d4745ce8b0076d85ef4bad6643512dad50425d8f61a49108664596ff785caf3e,f4e44e9f9016,2026-09-02T01:36:20.656344349Z,2026-09-02T01:36:22.002608812Z,1346.264464,200,fa5bbaa12602c6803fc911cd560f3cd567585f7b4703499b433ac2343ab380c5,,false,miss
retained-20260902-68135d3ad33f,S1-10-r03,S1-10,request-003,d4745ce8b0076d85ef4bad6643512dad50425d8f61a49108664596ff785caf3e,f4e44e9f9016,2026-09-02T01:36:20.656332596Z,2026-09-02T01:36:22.007299212Z,1350.966632,200,fa5bbaa12602c6803fc911cd560f3cd567585f7b4703499b433ac2343ab380c5,,false,miss
retained-20260902-68135d3ad33f,S1-10-r03,S1-10,request-004,d4745ce8b0076d85ef4bad6643512dad50425d8f61a49108664596ff785caf3e,f4e44e9f9016,2026-09-02T01:36:20.656282501Z,2026-09-02T01:36:22.005420299Z,1349.137803,200,fa5bbaa12602c6803fc911cd560f3cd567585f7b4703499b433ac2343ab380c5,,false,miss
retained-20260902-68135d3ad33f,S1-10-r03,S1-10,request-005,d4745ce8b0076d85ef4bad6643512dad50425d8f61a49108664596ff785caf3e,f4e44e9f9016,2026-09-02T01:36:20.656474214Z,2026-09-02T01:36:23.927446906Z,3270.972693,200,fa5bbaa12602c6803fc911cd560f3cd567585f7b4703499b433ac2343ab380c5,,false,miss
retained-20260902-68135d3ad33f,S1-10-r03,S1-10,request-006,d4745ce8b0076d85ef4bad6643512dad50425d8f61a49108664596ff785caf3e,f4e44e9f9016,2026-09-02T01:36:20.656455095Z,2026-09-02T01:36:23.2945684Z,2638.113308,200,fa5bbaa12602c6803fc911cd560f3cd567585f7b4703499b433ac2343ab380c5,,false,miss
retained-20260902-68135d3ad33f,S1-10-r03,S1-10,request-007,d4745ce8b0076d85ef4bad6643512dad50425d8f61a49108664596ff785caf3e,f4e44e9f9016,2026-09-02T01:36:20.656428821Z,2026-09-02T01:36:21.90596259Z,1249.533769,200,fa5bbaa12602c6803fc911cd560f3cd567585f7b4703499b433ac2343ab380c5,,false,miss
retained-20260902-68135d3ad33f,S1-10-r03,S1-10,request-008,d4745ce8b0076d85ef4bad6643512dad50425d8f61a49108664596ff785caf3e,f4e44e9f9016,2026-09-02T01:36:20.656313013Z,2026-09-02T01:36:23.298918776Z,2642.605770,200,fa5bbaa12602c6803fc911cd560f3cd567585f7b4703499b433ac2343ab380c5,,false,miss
retained-20260902-68135d3ad33f,S1-10-r03,S1-10,request-009,d4745ce8b0076d85ef4bad6643512dad50425d8f61a49108664596ff785caf3e,f4e44e9f9016,2026-09-02T01:36:20.656463318Z,2026-09-02T01:36:23.896044309Z,3239.580994,200,fa5bbaa12602c6803fc911cd560f3cd567585f7b4703499b433ac2343ab380c5,,false,miss
retained-20260902-68135d3ad33f,S1-10-r03,S1-10,request-010,d4745ce8b0076d85ef4bad6643512dad50425d8f61a49108664596ff785caf3e,f4e44e9f9016,2026-09-02T01:36:20.656491742Z,2026-09-02T01:36:23.201310912Z,2544.819176,200,fa5bbaa12602c6803fc911cd560f3cd567585f7b4703499b433ac2343ab380c5,,false,miss
retained-20260902-68135d3ad33f,S1-50-r03,S1-50,request-001,d4745ce8b0076d85ef4bad6643512dad50425d8f61a49108664596ff785caf3e,f4e44e9f9016,2026-09-02T01:36:24.20680122Z,2026-09-02T01:36:25.59889027Z,1392.089057,200,fa5bbaa12602c6803fc911cd560f3cd567585f7b4703499b433ac2343ab380c5,,false,miss
retained-20260902-68135d3ad33f,S1-50-r03,S1-50,request-002,d4745ce8b0076d85ef4bad6643512dad50425d8f61a49108664596ff785caf3e,f4e44e9f9016,2026-09-02T01:36:24.207416247Z,2026-09-02T01:36:36.796534223Z,12589.117981,200,fa5bbaa12602c6803fc911cd560f3cd567585f7b4703499b433ac2343ab380c5,,false,miss
retained-20260902-68135d3ad33f,S1-50-r03,S1-50,request-003,d4745ce8b0076d85ef4bad6643512dad50425d8f61a49108664596ff785caf3e,f4e44e9f9016,2026-09-02T01:36:24.207397835Z,2026-09-02T01:36:42.059790571Z,16087.777298,200,fa5bbaa12602c6803fc911cd560f3cd567585f7b4703499b433ac2343ab380c5,,false,miss
retained-20260902-68135d3ad33f,S1-50-r03,S1-50,request-004,d4745ce8b0076d85ef4bad6643512dad50425d8f61a49108664596ff785caf3e,f4e44e9f9016,2026-09-02T01:36:24.207371361Z,2026-09-02T01:36:41.47916412Z,15507.177322,200,fa5bbaa12602c6803fc911cd560f3cd567585f7b4703499b433ac2343ab380c5,,false,miss
retained-20260902-68135d3ad33f,S1-50-r03,S1-50,request-005,d4745ce8b0076d85ef4bad6643512dad50425d8f61a49108664596ff785caf3e,f4e44e9f9016,2026-09-02T01:36:24.207343443Z,2026-09-02T01:36:42.097970233Z,16126.011359,200,fa5bbaa12602c6803fc911cd560f3cd567585f7b4703499b433ac2343ab380c5,,false,miss
retained-20260902-68135d3ad33f,S1-50-r03,S1-50,request-006,d4745ce8b0076d85ef4bad6643512dad50425d8f61a49108664596ff785caf3e,f4e44e9f9016,2026-09-02T01:36:24.207321416Z,2026-09-02T01:36:31.997351671Z,7790.030260,200,fa5bbaa12602c6803fc911cd560f3cd567585f7b4703499b433ac2343ab380c5,,false,miss
retained-20260902-68135d3ad33f,S1-50-r03,S1-50,request-007,d4745ce8b0076d85ef4bad6643512dad50425d8f61a49108664596ff785caf3e,f4e44e9f9016,2026-09-02T01:36:24.207305427Z,2026-09-02T01:36:32.194712672Z,7987.407251,200,fa5bbaa12602c6803fc911cd560f3cd567585f7b4703499b433ac2343ab380c5,,false,miss
retained-20260902-68135d3ad33f,S1-50-r03,S1-50,request-008,d4745ce8b0076d85ef4bad6643512dad50425d8f61a49108664596ff785caf3e,f4e44e9f9016,2026-09-02T01:36:24.207296535Z,2026-09-02T01:36:27.099022939Z,2891.726413,200,fa5bbaa12602c6803fc911cd560f3cd567585f7b4703499b433ac2343ab380c5,,false,miss
retained-20260902-68135d3ad33f,S1-50-r03,S1-50,request-009,d4745ce8b0076d85ef4bad6643512dad50425d8f61a49108664596ff785caf3e,f4e44e9f9016,2026-09-02T01:36:24.207267768Z,2026-09-02T01:36:31.006423705Z,6799.155944,200,fa5bbaa12602c6803fc911cd560f3cd567585f7b4703499b433ac2343ab380c5,,false,miss
retained-20260902-68135d3ad33f,S1-50-r03,S1-50,request-010,d4745ce8b0076d85ef4bad6643512dad50425d8f61a49108664596ff785caf3e,f4e44e9f9016,2026-09-02T01:36:24.207251854Z,2026-09-02T01:36:27.108250525Z,2900.998675,200,fa5bbaa12602c6803fc911cd560f3cd567585f7b4703499b433ac2343ab380c5,,false,miss
retained-20260902-68135d3ad33f,S1-50-r03,S1-50,request-011,d4745ce8b0076d85ef4bad6643512dad50425d8f61a49108664596ff785caf3e,f4e44e9f9016,2026-09-02T01:36:24.207230138Z,2026-09-02T01:36:33.799480053Z,9592.249921,200,fa5bbaa12602c6803fc911cd560f3cd567585f7b4703499b433ac2343ab380c5,,false,miss
retained-20260902-68135d3ad33f,S1-50-r03,S1-50,request-012,d4745ce8b0076d85ef4bad6643512dad50425d8f61a49108664596ff785caf3e,f4e44e9f9016,2026-09-02T01:36:24.207209753Z,2026-09-02T01:36:34.699087538Z,10491.877792,200,fa5bbaa12602c6803fc911cd560f3cd567585f7b4703499b433ac2343ab380c5,,false,miss
retained-20260902-68135d3ad33f,S1-50-r03,S1-50,request-013,d4745ce8b0076d85ef4bad6643512dad50425d8f61a49108664596ff785caf3e,f4e44e9f9016,2026-09-02T01:36:24.207181358Z,2026-09-02T01:36:33.200160501Z,8992.979149,200,fa5bbaa12602c6803fc911cd560f3cd567585f7b4703499b433ac2343ab380c5,,false,miss
retained-20260902-68135d3ad33f,S1-50-r03,S1-50,request-014,d4745ce8b0076d85ef4bad6643512dad50425d8f61a49108664596ff785caf3e,f4e44e9f9016,2026-09-02T01:36:24.20716154Z,2026-09-02T01:36:34.599978257Z,10392.816720,200,fa5bbaa12602c6803fc911cd560f3cd567585f7b4703499b433ac2343ab380c5,,false,miss
retained-20260902-68135d3ad33f,S1-50-r03,S1-50,request-015,d4745ce8b0076d85ef4bad6643512dad50425d8f61a49108664596ff785caf3e,f4e44e9f9016,2026-09-02T01:36:24.207141354Z,2026-09-02T01:36:34.398554369Z,10191.413022,200,fa5bbaa12602c6803fc911cd560f3cd567585f7b4703499b433ac2343ab380c5,,false,miss
retained-20260902-68135d3ad33f,S1-50-r03,S1-50,request-016,d4745ce8b0076d85ef4bad6643512dad50425d8f61a49108664596ff785caf3e,f4e44e9f9016,2026-09-02T01:36:24.207125686Z,2026-09-02T01:36:35.900899666Z,11693.773986,200,fa5bbaa12602c6803fc911cd560f3cd567585f7b4703499b433ac2343ab380c5,,false,miss
retained-20260902-68135d3ad33f,S1-50-r03,S1-50,request-017,d4745ce8b0076d85ef4bad6643512dad50425d8f61a49108664596ff785caf3e,f4e44e9f9016,2026-09-02T01:36:24.207103379Z,2026-09-02T01:36:41.376209019Z,15404.490206,200,fa5bbaa12602c6803fc911cd560f3cd567585f7b4703499b433ac2343ab380c5,,false,miss
retained-20260902-68135d3ad33f,S1-50-r03,S1-50,request-018,d4745ce8b0076d85ef4bad6643512dad50425d8f61a49108664596ff785caf3e,f4e44e9f9016,2026-09-02T01:36:24.207083112Z,2026-09-02T01:36:27.299859365Z,3092.776259,200,fa5bbaa12602c6803fc911cd560f3cd567585f7b4703499b433ac2343ab380c5,,false,miss
retained-20260902-68135d3ad33f,S1-50-r03,S1-50,request-019,d4745ce8b0076d85ef4bad6643512dad50425d8f61a49108664596ff785caf3e,f4e44e9f9016,2026-09-02T01:36:24.207060291Z,2026-09-02T01:36:30.808719031Z,6601.658743,200,fa5bbaa12602c6803fc911cd560f3cd567585f7b4703499b433ac2343ab380c5,,false,miss
retained-20260902-68135d3ad33f,S1-50-r03,S1-50,request-020,d4745ce8b0076d85ef4bad6643512dad50425d8f61a49108664596ff785caf3e,f4e44e9f9016,2026-09-02T01:36:24.207039611Z,2026-09-02T01:36:29.805767256Z,5598.727654,200,fa5bbaa12602c6803fc911cd560f3cd567585f7b4703499b433ac2343ab380c5,,false,miss
retained-20260902-68135d3ad33f,S1-50-r03,S1-50,request-021,d4745ce8b0076d85ef4bad6643512dad50425d8f61a49108664596ff785caf3e,f4e44e9f9016,2026-09-02T01:36:24.207018486Z,2026-09-02T01:36:29.512103606Z,5305.085136,200,fa5bbaa12602c6803fc911cd560f3cd567585f7b4703499b433ac2343ab380c5,,false,miss
retained-20260902-68135d3ad33f,S1-50-r03,S1-50,request-022,d4745ce8b0076d85ef4bad6643512dad50425d8f61a49108664596ff785caf3e,f4e44e9f9016,2026-09-02T01:36:24.206996436Z,2026-09-02T01:36:25.707703243Z,1500.706813,200,fa5bbaa12602c6803fc911cd560f3cd567585f7b4703499b433ac2343ab380c5,,false,miss
retained-20260902-68135d3ad33f,S1-50-r03,S1-50,request-023,d4745ce8b0076d85ef4bad6643512dad50425d8f61a49108664596ff785caf3e,f4e44e9f9016,2026-09-02T01:36:24.20696122Z,2026-09-02T01:36:25.598255499Z,1391.294286,200,fa5bbaa12602c6803fc911cd560f3cd567585f7b4703499b433ac2343ab380c5,,false,miss
retained-20260902-68135d3ad33f,S1-50-r03,S1-50,request-024,d4745ce8b0076d85ef4bad6643512dad50425d8f61a49108664596ff785caf3e,f4e44e9f9016,2026-09-02T01:36:24.206930604Z,2026-09-02T01:36:30.798150418Z,6591.219818,200,fa5bbaa12602c6803fc911cd560f3cd567585f7b4703499b433ac2343ab380c5,,false,miss
retained-20260902-68135d3ad33f,S1-50-r03,S1-50,request-025,d4745ce8b0076d85ef4bad6643512dad50425d8f61a49108664596ff785caf3e,f4e44e9f9016,2026-09-02T01:36:24.206845319Z,2026-09-02T01:36:26.902993025Z,2696.147706,200,fa5bbaa12602c6803fc911cd560f3cd567585f7b4703499b433ac2343ab380c5,,false,miss
retained-20260902-68135d3ad33f,S1-50-r03,S1-50,request-026,d4745ce8b0076d85ef4bad6643512dad50425d8f61a49108664596ff785caf3e,f4e44e9f9016,2026-09-02T01:36:24.207694283Z,2026-09-02T01:36:40.267869344Z,14295.559622,200,fa5bbaa12602c6803fc911cd560f3cd567585f7b4703499b433ac2343ab380c5,,false,miss
retained-20260902-68135d3ad33f,S1-50-r03,S1-50,request-027,d4745ce8b0076d85ef4bad6643512dad50425d8f61a49108664596ff785caf3e,f4e44e9f9016,2026-09-02T01:36:24.207675063Z,2026-09-02T01:36:37.111191754Z,12903.516691,200,fa5bbaa12602c6803fc911cd560f3cd567585f7b4703499b433ac2343ab380c5,,false,miss
retained-20260902-68135d3ad33f,S1-50-r03,S1-50,request-028,d4745ce8b0076d85ef4bad6643512dad50425d8f61a49108664596ff785caf3e,f4e44e9f9016,2026-09-02T01:36:24.207656714Z,2026-09-02T01:36:37.206163339Z,12998.506629,200,fa5bbaa12602c6803fc911cd560f3cd567585f7b4703499b433ac2343ab380c5,,false,miss
retained-20260902-68135d3ad33f,S1-50-r03,S1-50,request-029,d4745ce8b0076d85ef4bad6643512dad50425d8f61a49108664596ff785caf3e,f4e44e9f9016,2026-09-02T01:36:24.207619543Z,2026-09-02T01:36:40.269839278Z,14297.604305,200,fa5bbaa12602c6803fc911cd560f3cd567585f7b4703499b433ac2343ab380c5,,false,miss
retained-20260902-68135d3ad33f,S1-50-r03,S1-50,request-030,d4745ce8b0076d85ef4bad6643512dad50425d8f61a49108664596ff785caf3e,f4e44e9f9016,2026-09-02T01:36:24.207603511Z,2026-09-02T01:36:40.157455784Z,14185.236831,200,fa5bbaa12602c6803fc911cd560f3cd567585f7b4703499b433ac2343ab380c5,,false,miss
retained-20260902-68135d3ad33f,S1-50-r03,S1-50,request-031,d4745ce8b0076d85ef4bad6643512dad50425d8f61a49108664596ff785caf3e,f4e44e9f9016,2026-09-02T01:36:24.207583444Z,2026-09-02T01:36:36.113355755Z,11905.772310,200,fa5bbaa12602c6803fc911cd560f3cd567585f7b4703499b433ac2343ab380c5,,false,miss
retained-20260902-68135d3ad33f,S1-50-r03,S1-50,request-032,d4745ce8b0076d85ef4bad6643512dad50425d8f61a49108664596ff785caf3e,f4e44e9f9016,2026-09-02T01:36:24.207560799Z,2026-09-02T01:36:37.29418256Z,13086.621759,200,fa5bbaa12602c6803fc911cd560f3cd567585f7b4703499b433ac2343ab380c5,,false,miss
retained-20260902-68135d3ad33f,S1-50-r03,S1-50,request-033,d4745ce8b0076d85ef4bad6643512dad50425d8f61a49108664596ff785caf3e,f4e44e9f9016,2026-09-02T01:36:24.207517489Z,2026-09-02T01:36:35.5095376Z,11302.020111,200,fa5bbaa12602c6803fc911cd560f3cd567585f7b4703499b433ac2343ab380c5,,false,miss
retained-20260902-68135d3ad33f,S1-50-r03,S1-50,request-034,d4745ce8b0076d85ef4bad6643512dad50425d8f61a49108664596ff785caf3e,f4e44e9f9016,2026-09-02T01:36:24.207479127Z,2026-09-02T01:36:41.56571349Z,15593.618919,200,fa5bbaa12602c6803fc911cd560f3cd567585f7b4703499b433ac2343ab380c5,,false,miss
retained-20260902-68135d3ad33f,S1-50-r03,S1-50,request-035,d4745ce8b0076d85ef4bad6643512dad50425d8f61a49108664596ff785caf3e,f4e44e9f9016,2026-09-02T01:36:24.207423597Z,2026-09-02T01:36:41.16010262Z,15188.063581,200,fa5bbaa12602c6803fc911cd560f3cd567585f7b4703499b433ac2343ab380c5,,false,miss
retained-20260902-68135d3ad33f,S1-50-r03,S1-50,request-036,d4745ce8b0076d85ef4bad6643512dad50425d8f61a49108664596ff785caf3e,f4e44e9f9016,2026-09-02T01:36:24.207362099Z,2026-09-02T01:36:34.909195332Z,10701.833237,200,fa5bbaa12602c6803fc911cd560f3cd567585f7b4703499b433ac2343ab380c5,,false,miss
retained-20260902-68135d3ad33f,S1-50-r03,S1-50,request-037,d4745ce8b0076d85ef4bad6643512dad50425d8f61a49108664596ff785caf3e,f4e44e9f9016,2026-09-02T01:36:24.207338283Z,2026-09-02T01:36:28.200705352Z,3993.367070,200,fa5bbaa12602c6803fc911cd560f3cd567585f7b4703499b433ac2343ab380c5,,false,miss
retained-20260902-68135d3ad33f,S1-50-r03,S1-50,request-038,d4745ce8b0076d85ef4bad6643512dad50425d8f61a49108664596ff785caf3e,f4e44e9f9016,2026-09-02T01:36:24.207320705Z,2026-09-02T01:36:33.295259499Z,9087.938801,200,fa5bbaa12602c6803fc911cd560f3cd567585f7b4703499b433ac2343ab380c5,,false,miss
retained-20260902-68135d3ad33f,S1-50-r03,S1-50,request-039,d4745ce8b0076d85ef4bad6643512dad50425d8f61a49108664596ff785caf3e,f4e44e9f9016,2026-09-02T01:36:24.207293105Z,2026-09-02T01:36:32.10060959Z,7893.316485,200,fa5bbaa12602c6803fc911cd560f3cd567585f7b4703499b433ac2343ab380c5,,false,miss
retained-20260902-68135d3ad33f,S1-50-r03,S1-50,request-040,d4745ce8b0076d85ef4bad6643512dad50425d8f61a49108664596ff785caf3e,f4e44e9f9016,2026-09-02T01:36:24.207265055Z,2026-09-02T01:36:31.100296085Z,6893.031025,200,fa5bbaa12602c6803fc911cd560f3cd567585f7b4703499b433ac2343ab380c5,,false,miss
retained-20260902-68135d3ad33f,S1-50-r03,S1-50,request-041,d4745ce8b0076d85ef4bad6643512dad50425d8f61a49108664596ff785caf3e,f4e44e9f9016,2026-09-02T01:36:24.207212777Z,2026-09-02T01:36:33.401255808Z,9194.043029,200,fa5bbaa12602c6803fc911cd560f3cd567585f7b4703499b433ac2343ab380c5,,false,miss
retained-20260902-68135d3ad33f,S1-50-r03,S1-50,request-042,d4745ce8b0076d85ef4bad6643512dad50425d8f61a49108664596ff785caf3e,f4e44e9f9016,2026-09-02T01:36:24.207154518Z,2026-09-02T01:36:35.892941251Z,11685.786729,200,fa5bbaa12602c6803fc911cd560f3cd567585f7b4703499b433ac2343ab380c5,,false,miss
retained-20260902-68135d3ad33f,S1-50-r03,S1-50,request-043,d4745ce8b0076d85ef4bad6643512dad50425d8f61a49108664596ff785caf3e,f4e44e9f9016,2026-09-02T01:36:24.207093465Z,2026-09-02T01:36:29.51205145Z,5304.957982,200,fa5bbaa12602c6803fc911cd560f3cd567585f7b4703499b433ac2343ab380c5,,false,miss
retained-20260902-68135d3ad33f,S1-50-r03,S1-50,request-044,d4745ce8b0076d85ef4bad6643512dad50425d8f61a49108664596ff785caf3e,f4e44e9f9016,2026-09-02T01:36:24.207071862Z,2026-09-02T01:36:28.297905718Z,4090.833857,200,fa5bbaa12602c6803fc911cd560f3cd567585f7b4703499b433ac2343ab380c5,,false,miss
retained-20260902-68135d3ad33f,S1-50-r03,S1-50,request-045,d4745ce8b0076d85ef4bad6643512dad50425d8f61a49108664596ff785caf3e,f4e44e9f9016,2026-09-02T01:36:24.207043402Z,2026-09-02T01:36:32.494527858Z,8287.484463,200,fa5bbaa12602c6803fc911cd560f3cd567585f7b4703499b433ac2343ab380c5,,false,miss
retained-20260902-68135d3ad33f,S1-50-r03,S1-50,request-046,d4745ce8b0076d85ef4bad6643512dad50425d8f61a49108664596ff785caf3e,f4e44e9f9016,2026-09-02T01:36:24.207026696Z,2026-09-02T01:36:29.793632553Z,5586.605864,200,fa5bbaa12602c6803fc911cd560f3cd567585f7b4703499b433ac2343ab380c5,,false,miss
retained-20260902-68135d3ad33f,S1-50-r03,S1-50,request-047,d4745ce8b0076d85ef4bad6643512dad50425d8f61a49108664596ff785caf3e,f4e44e9f9016,2026-09-02T01:36:24.207006084Z,2026-09-02T01:36:28.602382506Z,4395.376426,200,fa5bbaa12602c6803fc911cd560f3cd567585f7b4703499b433ac2343ab380c5,,false,miss
retained-20260902-68135d3ad33f,S1-50-r03,S1-50,request-048,d4745ce8b0076d85ef4bad6643512dad50425d8f61a49108664596ff785caf3e,f4e44e9f9016,2026-09-02T01:36:24.206982183Z,2026-09-02T01:36:25.709906571Z,1502.924388,200,fa5bbaa12602c6803fc911cd560f3cd567585f7b4703499b433ac2343ab380c5,,false,miss
retained-20260902-68135d3ad33f,S1-50-r03,S1-50,request-049,d4745ce8b0076d85ef4bad6643512dad50425d8f61a49108664596ff785caf3e,f4e44e9f9016,2026-09-02T01:36:24.206929555Z,2026-09-02T01:36:28.408434547Z,4201.504999,200,fa5bbaa12602c6803fc911cd560f3cd567585f7b4703499b433ac2343ab380c5,,false,miss
retained-20260902-68135d3ad33f,S1-50-r03,S1-50,request-050,d4745ce8b0076d85ef4bad6643512dad50425d8f61a49108664596ff785caf3e,f4e44e9f9016,2026-09-02T01:36:24.207435454Z,2026-09-02T01:36:38.731682315Z,13791.027344,200,fa5bbaa12602c6803fc911cd560f3cd567585f7b4703499b433ac2343ab380c5,,false,miss
retained-20260902-68135d3ad33f,S2-50-r03,S2-50,request-001,d4745ce8b0076d85ef4bad6643512dad50425d8f61a49108664596ff785caf3e,f4e44e9f9016,2026-09-02T01:36:42.415839858Z,2026-09-02T01:36:42.751521005Z,335.681143,200,fa5bbaa12602c6803fc911cd560f3cd567585f7b4703499b433ac2343ab380c5,,true,miss
retained-20260902-68135d3ad33f,S2-50-r03,S2-50,request-002,d4745ce8b0076d85ef4bad6643512dad50425d8f61a49108664596ff785caf3e,f4e44e9f9016,2026-09-02T01:36:42.41690605Z,2026-09-02T01:36:42.756083066Z,339.177016,200,fa5bbaa12602c6803fc911cd560f3cd567585f7b4703499b433ac2343ab380c5,,true,miss
retained-20260902-68135d3ad33f,S2-50-r03,S2-50,request-003,d4745ce8b0076d85ef4bad6643512dad50425d8f61a49108664596ff785caf3e,f4e44e9f9016,2026-09-02T01:36:42.416875804Z,2026-09-02T01:36:42.752577461Z,335.701654,200,fa5bbaa12602c6803fc911cd560f3cd567585f7b4703499b433ac2343ab380c5,,true,miss
retained-20260902-68135d3ad33f,S2-50-r03,S2-50,request-004,d4745ce8b0076d85ef4bad6643512dad50425d8f61a49108664596ff785caf3e,f4e44e9f9016,2026-09-02T01:36:42.416844739Z,2026-09-02T01:36:42.751883593Z,335.038859,200,fa5bbaa12602c6803fc911cd560f3cd567585f7b4703499b433ac2343ab380c5,,true,miss
retained-20260902-68135d3ad33f,S2-50-r03,S2-50,request-005,d4745ce8b0076d85ef4bad6643512dad50425d8f61a49108664596ff785caf3e,f4e44e9f9016,2026-09-02T01:36:42.416818078Z,2026-09-02T01:36:42.757352787Z,340.534716,200,fa5bbaa12602c6803fc911cd560f3cd567585f7b4703499b433ac2343ab380c5,,true,miss
retained-20260902-68135d3ad33f,S2-50-r03,S2-50,request-006,d4745ce8b0076d85ef4bad6643512dad50425d8f61a49108664596ff785caf3e,f4e44e9f9016,2026-09-02T01:36:42.416799321Z,2026-09-02T01:36:42.751345005Z,334.545687,200,fa5bbaa12602c6803fc911cd560f3cd567585f7b4703499b433ac2343ab380c5,,true,miss
retained-20260902-68135d3ad33f,S2-50-r03,S2-50,request-007,d4745ce8b0076d85ef4bad6643512dad50425d8f61a49108664596ff785caf3e,f4e44e9f9016,2026-09-02T01:36:42.416772019Z,2026-09-02T01:36:42.75132485Z,334.552831,200,fa5bbaa12602c6803fc911cd560f3cd567585f7b4703499b433ac2343ab380c5,,true,miss
retained-20260902-68135d3ad33f,S2-50-r03,S2-50,request-008,d4745ce8b0076d85ef4bad6643512dad50425d8f61a49108664596ff785caf3e,f4e44e9f9016,2026-09-02T01:36:42.416744061Z,2026-09-02T01:36:42.751041816Z,334.297751,200,fa5bbaa12602c6803fc911cd560f3cd567585f7b4703499b433ac2343ab380c5,,true,miss
retained-20260902-68135d3ad33f,S2-50-r03,S2-50,request-009,d4745ce8b0076d85ef4bad6643512dad50425d8f61a49108664596ff785caf3e,f4e44e9f9016,2026-09-02T01:36:42.416709569Z,2026-09-02T01:36:42.751171987Z,334.462418,200,fa5bbaa12602c6803fc911cd560f3cd567585f7b4703499b433ac2343ab380c5,,true,miss
retained-20260902-68135d3ad33f,S2-50-r03,S2-50,request-010,d4745ce8b0076d85ef4bad6643512dad50425d8f61a49108664596ff785caf3e,f4e44e9f9016,2026-09-02T01:36:42.416668894Z,2026-09-02T01:36:42.750951966Z,334.283067,200,fa5bbaa12602c6803fc911cd560f3cd567585f7b4703499b433ac2343ab380c5,,true,miss
retained-20260902-68135d3ad33f,S2-50-r03,S2-50,request-011,d4745ce8b0076d85ef4bad6643512dad50425d8f61a49108664596ff785caf3e,f4e44e9f9016,2026-09-02T01:36:42.416621556Z,2026-09-02T01:36:42.756550147Z,339.928591,200,fa5bbaa12602c6803fc911cd560f3cd567585f7b4703499b433ac2343ab380c5,,true,miss
retained-20260902-68135d3ad33f,S2-50-r03,S2-50,request-012,d4745ce8b0076d85ef4bad6643512dad50425d8f61a49108664596ff785caf3e,f4e44e9f9016,2026-09-02T01:36:42.416579639Z,2026-09-02T01:36:42.756364607Z,339.784971,200,fa5bbaa12602c6803fc911cd560f3cd567585f7b4703499b433ac2343ab380c5,,true,miss
retained-20260902-68135d3ad33f,S2-50-r03,S2-50,request-013,d4745ce8b0076d85ef4bad6643512dad50425d8f61a49108664596ff785caf3e,f4e44e9f9016,2026-09-02T01:36:42.416542825Z,2026-09-02T01:36:42.756014821Z,339.472001,200,fa5bbaa12602c6803fc911cd560f3cd567585f7b4703499b433ac2343ab380c5,,true,miss
retained-20260902-68135d3ad33f,S2-50-r03,S2-50,request-014,d4745ce8b0076d85ef4bad6643512dad50425d8f61a49108664596ff785caf3e,f4e44e9f9016,2026-09-02T01:36:42.416516457Z,2026-09-02T01:36:42.757228861Z,340.712400,200,fa5bbaa12602c6803fc911cd560f3cd567585f7b4703499b433ac2343ab380c5,,true,miss
retained-20260902-68135d3ad33f,S2-50-r03,S2-50,request-015,d4745ce8b0076d85ef4bad6643512dad50425d8f61a49108664596ff785caf3e,f4e44e9f9016,2026-09-02T01:36:42.416461505Z,2026-09-02T01:36:42.757310882Z,340.849377,200,fa5bbaa12602c6803fc911cd560f3cd567585f7b4703499b433ac2343ab380c5,,true,miss
retained-20260902-68135d3ad33f,S2-50-r03,S2-50,request-016,d4745ce8b0076d85ef4bad6643512dad50425d8f61a49108664596ff785caf3e,f4e44e9f9016,2026-09-02T01:36:42.416437904Z,2026-09-02T01:36:42.751397112Z,334.959204,200,fa5bbaa12602c6803fc911cd560f3cd567585f7b4703499b433ac2343ab380c5,,true,miss
retained-20260902-68135d3ad33f,S2-50-r03,S2-50,request-017,d4745ce8b0076d85ef4bad6643512dad50425d8f61a49108664596ff785caf3e,f4e44e9f9016,2026-09-02T01:36:42.416364023Z,2026-09-02T01:36:42.751212156Z,334.848133,200,fa5bbaa12602c6803fc911cd560f3cd567585f7b4703499b433ac2343ab380c5,,true,miss
retained-20260902-68135d3ad33f,S2-50-r03,S2-50,request-018,d4745ce8b0076d85ef4bad6643512dad50425d8f61a49108664596ff785caf3e,f4e44e9f9016,2026-09-02T01:36:42.416256038Z,2026-09-02T01:36:42.757268996Z,341.012952,200,fa5bbaa12602c6803fc911cd560f3cd567585f7b4703499b433ac2343ab380c5,,true,miss
retained-20260902-68135d3ad33f,S2-50-r03,S2-50,request-019,d4745ce8b0076d85ef4bad6643512dad50425d8f61a49108664596ff785caf3e,f4e44e9f9016,2026-09-02T01:36:42.41621489Z,2026-09-02T01:36:42.757032896Z,340.818014,200,fa5bbaa12602c6803fc911cd560f3cd567585f7b4703499b433ac2343ab380c5,,true,miss
retained-20260902-68135d3ad33f,S2-50-r03,S2-50,request-020,d4745ce8b0076d85ef4bad6643512dad50425d8f61a49108664596ff785caf3e,f4e44e9f9016,2026-09-02T01:36:42.416191351Z,2026-09-02T01:36:42.751600051Z,335.408700,200,fa5bbaa12602c6803fc911cd560f3cd567585f7b4703499b433ac2343ab380c5,,true,miss
retained-20260902-68135d3ad33f,S2-50-r03,S2-50,request-021,d4745ce8b0076d85ef4bad6643512dad50425d8f61a49108664596ff785caf3e,f4e44e9f9016,2026-09-02T01:36:42.416165171Z,2026-09-02T01:36:42.751270884Z,335.105709,200,fa5bbaa12602c6803fc911cd560f3cd567585f7b4703499b433ac2343ab380c5,,true,miss
retained-20260902-68135d3ad33f,S2-50-r03,S2-50,request-022,d4745ce8b0076d85ef4bad6643512dad50425d8f61a49108664596ff785caf3e,f4e44e9f9016,2026-09-02T01:36:42.416131956Z,2026-09-02T01:36:42.75129014Z,335.158185,200,fa5bbaa12602c6803fc911cd560f3cd567585f7b4703499b433ac2343ab380c5,,true,miss
retained-20260902-68135d3ad33f,S2-50-r03,S2-50,request-023,d4745ce8b0076d85ef4bad6643512dad50425d8f61a49108664596ff785caf3e,f4e44e9f9016,2026-09-02T01:36:42.416071628Z,2026-09-02T01:36:42.751383381Z,335.311749,200,fa5bbaa12602c6803fc911cd560f3cd567585f7b4703499b433ac2343ab380c5,,true,miss
retained-20260902-68135d3ad33f,S2-50-r03,S2-50,request-024,d4745ce8b0076d85ef4bad6643512dad50425d8f61a49108664596ff785caf3e,f4e44e9f9016,2026-09-02T01:36:42.416029043Z,2026-09-02T01:36:42.757082328Z,341.053287,200,fa5bbaa12602c6803fc911cd560f3cd567585f7b4703499b433ac2343ab380c5,,true,miss
retained-20260902-68135d3ad33f,S2-50-r03,S2-50,request-025,d4745ce8b0076d85ef4bad6643512dad50425d8f61a49108664596ff785caf3e,f4e44e9f9016,2026-09-02T01:36:42.415866194Z,2026-09-02T01:36:42.756292731Z,340.426536,200,fa5bbaa12602c6803fc911cd560f3cd567585f7b4703499b433ac2343ab380c5,,true,miss
retained-20260902-68135d3ad33f,S2-50-r03,S2-50,request-026,d4745ce8b0076d85ef4bad6643512dad50425d8f61a49108664596ff785caf3e,f4e44e9f9016,2026-09-02T01:36:42.41658024Z,2026-09-02T01:36:42.757181006Z,340.600760,200,fa5bbaa12602c6803fc911cd560f3cd567585f7b4703499b433ac2343ab380c5,,true,miss
retained-20260902-68135d3ad33f,S2-50-r03,S2-50,request-027,d4745ce8b0076d85ef4bad6643512dad50425d8f61a49108664596ff785caf3e,f4e44e9f9016,2026-09-02T01:36:42.416548112Z,2026-09-02T01:36:42.75622582Z,339.677708,200,fa5bbaa12602c6803fc911cd560f3cd567585f7b4703499b433ac2343ab380c5,,true,miss
retained-20260902-68135d3ad33f,S2-50-r03,S2-50,request-028,d4745ce8b0076d85ef4bad6643512dad50425d8f61a49108664596ff785caf3e,f4e44e9f9016,2026-09-02T01:36:42.416531091Z,2026-09-02T01:36:42.751803707Z,335.272612,200,fa5bbaa12602c6803fc911cd560f3cd567585f7b4703499b433ac2343ab380c5,,true,miss
retained-20260902-68135d3ad33f,S2-50-r03,S2-50,request-029,d4745ce8b0076d85ef4bad6643512dad50425d8f61a49108664596ff785caf3e,f4e44e9f9016,2026-09-02T01:36:42.41650623Z,2026-09-02T01:36:42.751449761Z,334.943534,200,fa5bbaa12602c6803fc911cd560f3cd567585f7b4703499b433ac2343ab380c5,,true,miss
retained-20260902-68135d3ad33f,S2-50-r03,S2-50,request-030,d4745ce8b0076d85ef4bad6643512dad50425d8f61a49108664596ff785caf3e,f4e44e9f9016,2026-09-02T01:36:42.416486409Z,2026-09-02T01:36:42.756372535Z,339.886133,200,fa5bbaa12602c6803fc911cd560f3cd567585f7b4703499b433ac2343ab380c5,,true,miss
retained-20260902-68135d3ad33f,S2-50-r03,S2-50,request-031,d4745ce8b0076d85ef4bad6643512dad50425d8f61a49108664596ff785caf3e,f4e44e9f9016,2026-09-02T01:36:42.416467369Z,2026-09-02T01:36:42.757096195Z,340.628821,200,fa5bbaa12602c6803fc911cd560f3cd567585f7b4703499b433ac2343ab380c5,,true,miss
retained-20260902-68135d3ad33f,S2-50-r03,S2-50,request-032,d4745ce8b0076d85ef4bad6643512dad50425d8f61a49108664596ff785caf3e,f4e44e9f9016,2026-09-02T01:36:42.416424599Z,2026-09-02T01:36:42.751799599Z,335.375004,200,fa5bbaa12602c6803fc911cd560f3cd567585f7b4703499b433ac2343ab380c5,,true,miss
retained-20260902-68135d3ad33f,S2-50-r03,S2-50,request-033,d4745ce8b0076d85ef4bad6643512dad50425d8f61a49108664596ff785caf3e,f4e44e9f9016,2026-09-02T01:36:42.416392165Z,2026-09-02T01:36:42.751508773Z,335.116609,200,fa5bbaa12602c6803fc911cd560f3cd567585f7b4703499b433ac2343ab380c5,,true,miss
retained-20260902-68135d3ad33f,S2-50-r03,S2-50,request-034,d4745ce8b0076d85ef4bad6643512dad50425d8f61a49108664596ff785caf3e,f4e44e9f9016,2026-09-02T01:36:42.416340298Z,2026-09-02T01:36:42.751633519Z,335.293226,200,fa5bbaa12602c6803fc911cd560f3cd567585f7b4703499b433ac2343ab380c5,,true,miss
retained-20260902-68135d3ad33f,S2-50-r03,S2-50,request-035,d4745ce8b0076d85ef4bad6643512dad50425d8f61a49108664596ff785caf3e,f4e44e9f9016,2026-09-02T01:36:42.416318739Z,2026-09-02T01:36:42.752164409Z,335.845676,200,fa5bbaa12602c6803fc911cd560f3cd567585f7b4703499b433ac2343ab380c5,,true,miss
retained-20260902-68135d3ad33f,S2-50-r03,S2-50,request-036,d4745ce8b0076d85ef4bad6643512dad50425d8f61a49108664596ff785caf3e,f4e44e9f9016,2026-09-02T01:36:42.41630322Z,2026-09-02T01:36:42.750102636Z,333.799425,200,fa5bbaa12602c6803fc911cd560f3cd567585f7b4703499b433ac2343ab380c5,,false,miss
retained-20260902-68135d3ad33f,S2-50-r03,S2-50,request-037,d4745ce8b0076d85ef4bad6643512dad50425d8f61a49108664596ff785caf3e,f4e44e9f9016,2026-09-02T01:36:42.416279538Z,2026-09-02T01:36:42.756426049Z,340.146518,200,fa5bbaa12602c6803fc911cd560f3cd567585f7b4703499b433ac2343ab380c5,,true,miss
retained-20260902-68135d3ad33f,S2-50-r03,S2-50,request-038,d4745ce8b0076d85ef4bad6643512dad50425d8f61a49108664596ff785caf3e,f4e44e9f9016,2026-09-02T01:36:42.416263123Z,2026-09-02T01:36:42.756321837Z,340.058716,200,fa5bbaa12602c6803fc911cd560f3cd567585f7b4703499b433ac2343ab380c5,,true,miss
retained-20260902-68135d3ad33f,S2-50-r03,S2-50,request-039,d4745ce8b0076d85ef4bad6643512dad50425d8f61a49108664596ff785caf3e,f4e44e9f9016,2026-09-02T01:36:42.416245981Z,2026-09-02T01:36:42.756080868Z,339.834898,200,fa5bbaa12602c6803fc911cd560f3cd567585f7b4703499b433ac2343ab380c5,,true,miss
retained-20260902-68135d3ad33f,S2-50-r03,S2-50,request-040,d4745ce8b0076d85ef4bad6643512dad50425d8f61a49108664596ff785caf3e,f4e44e9f9016,2026-09-02T01:36:42.41622643Z,2026-09-02T01:36:42.757008805Z,340.782381,200,fa5bbaa12602c6803fc911cd560f3cd567585f7b4703499b433ac2343ab380c5,,true,miss
retained-20260902-68135d3ad33f,S2-50-r03,S2-50,request-041,d4745ce8b0076d85ef4bad6643512dad50425d8f61a49108664596ff785caf3e,f4e44e9f9016,2026-09-02T01:36:42.416192422Z,2026-09-02T01:36:42.751704195Z,335.511778,200,fa5bbaa12602c6803fc911cd560f3cd567585f7b4703499b433ac2343ab380c5,,true,miss
retained-20260902-68135d3ad33f,S2-50-r03,S2-50,request-042,d4745ce8b0076d85ef4bad6643512dad50425d8f61a49108664596ff785caf3e,f4e44e9f9016,2026-09-02T01:36:42.416172467Z,2026-09-02T01:36:42.751457502Z,335.285038,200,fa5bbaa12602c6803fc911cd560f3cd567585f7b4703499b433ac2343ab380c5,,true,miss
retained-20260902-68135d3ad33f,S2-50-r03,S2-50,request-043,d4745ce8b0076d85ef4bad6643512dad50425d8f61a49108664596ff785caf3e,f4e44e9f9016,2026-09-02T01:36:42.416144475Z,2026-09-02T01:36:42.751152032Z,335.007560,200,fa5bbaa12602c6803fc911cd560f3cd567585f7b4703499b433ac2343ab380c5,,true,miss
retained-20260902-68135d3ad33f,S2-50-r03,S2-50,request-044,d4745ce8b0076d85ef4bad6643512dad50425d8f61a49108664596ff785caf3e,f4e44e9f9016,2026-09-02T01:36:42.416116965Z,2026-09-02T01:36:42.751237844Z,335.120881,200,fa5bbaa12602c6803fc911cd560f3cd567585f7b4703499b433ac2343ab380c5,,true,miss
retained-20260902-68135d3ad33f,S2-50-r03,S2-50,request-045,d4745ce8b0076d85ef4bad6643512dad50425d8f61a49108664596ff785caf3e,f4e44e9f9016,2026-09-02T01:36:42.41608053Z,2026-09-02T01:36:42.756585356Z,340.504831,200,fa5bbaa12602c6803fc911cd560f3cd567585f7b4703499b433ac2343ab380c5,,true,miss
retained-20260902-68135d3ad33f,S2-50-r03,S2-50,request-046,d4745ce8b0076d85ef4bad6643512dad50425d8f61a49108664596ff785caf3e,f4e44e9f9016,2026-09-02T01:36:42.416058806Z,2026-09-02T01:36:42.756265365Z,340.206560,200,fa5bbaa12602c6803fc911cd560f3cd567585f7b4703499b433ac2343ab380c5,,true,miss
retained-20260902-68135d3ad33f,S2-50-r03,S2-50,request-047,d4745ce8b0076d85ef4bad6643512dad50425d8f61a49108664596ff785caf3e,f4e44e9f9016,2026-09-02T01:36:42.416023899Z,2026-09-02T01:36:42.751895458Z,335.871561,200,fa5bbaa12602c6803fc911cd560f3cd567585f7b4703499b433ac2343ab380c5,,true,miss
retained-20260902-68135d3ad33f,S2-50-r03,S2-50,request-048,d4745ce8b0076d85ef4bad6643512dad50425d8f61a49108664596ff785caf3e,f4e44e9f9016,2026-09-02T01:36:42.415910366Z,2026-09-02T01:36:42.75109436Z,335.183993,200,fa5bbaa12602c6803fc911cd560f3cd567585f7b4703499b433ac2343ab380c5,,true,miss
retained-20260902-68135d3ad33f,S2-50-r03,S2-50,request-049,d4745ce8b0076d85ef4bad6643512dad50425d8f61a49108664596ff785caf3e,f4e44e9f9016,2026-09-02T01:36:42.415885265Z,2026-09-02T01:36:42.756427112Z,340.541853,200,fa5bbaa12602c6803fc911cd560f3cd567585f7b4703499b433ac2343ab380c5,,true,miss
retained-20260902-68135d3ad33f,S2-50-r03,S2-50,request-050,d4745ce8b0076d85ef4bad6643512dad50425d8f61a49108664596ff785caf3e,f4e44e9f9016,2026-09-02T01:36:42.429899006Z,2026-09-02T01:36:42.751706903Z,321.807893,200,fa5bbaa12602c6803fc911cd560f3cd567585f7b4703499b433ac2343ab380c5,,true,miss
retained-20260902-68135d3ad33f,S2-100-r03,S2-100,request-001,d4745ce8b0076d85ef4bad6643512dad50425d8f61a49108664596ff785caf3e,f4e44e9f9016,2026-09-02T01:36:43.090512954Z,2026-09-02T01:36:43.394895859Z,304.382906,200,fa5bbaa12602c6803fc911cd560f3cd567585f7b4703499b433ac2343ab380c5,,true,miss
retained-20260902-68135d3ad33f,S2-100-r03,S2-100,request-002,d4745ce8b0076d85ef4bad6643512dad50425d8f61a49108664596ff785caf3e,f4e44e9f9016,2026-09-02T01:36:43.090497197Z,2026-09-02T01:36:43.399058799Z,308.561604,200,fa5bbaa12602c6803fc911cd560f3cd567585f7b4703499b433ac2343ab380c5,,true,miss
retained-20260902-68135d3ad33f,S2-100-r03,S2-100,request-003,d4745ce8b0076d85ef4bad6643512dad50425d8f61a49108664596ff785caf3e,f4e44e9f9016,2026-09-02T01:36:43.090481631Z,2026-09-02T01:36:43.398544436Z,308.062801,200,fa5bbaa12602c6803fc911cd560f3cd567585f7b4703499b433ac2343ab380c5,,true,miss
retained-20260902-68135d3ad33f,S2-100-r03,S2-100,request-004,d4745ce8b0076d85ef4bad6643512dad50425d8f61a49108664596ff785caf3e,f4e44e9f9016,2026-09-02T01:36:43.090453374Z,2026-09-02T01:36:43.398391735Z,307.938364,200,fa5bbaa12602c6803fc911cd560f3cd567585f7b4703499b433ac2343ab380c5,,true,miss
retained-20260902-68135d3ad33f,S2-100-r03,S2-100,request-005,d4745ce8b0076d85ef4bad6643512dad50425d8f61a49108664596ff785caf3e,f4e44e9f9016,2026-09-02T01:36:43.090191195Z,2026-09-02T01:36:43.39556345Z,305.372255,200,fa5bbaa12602c6803fc911cd560f3cd567585f7b4703499b433ac2343ab380c5,,true,miss
retained-20260902-68135d3ad33f,S2-100-r03,S2-100,request-006,d4745ce8b0076d85ef4bad6643512dad50425d8f61a49108664596ff785caf3e,f4e44e9f9016,2026-09-02T01:36:43.064757033Z,2026-09-02T01:36:43.395218314Z,330.461283,200,fa5bbaa12602c6803fc911cd560f3cd567585f7b4703499b433ac2343ab380c5,,true,miss
retained-20260902-68135d3ad33f,S2-100-r03,S2-100,request-007,d4745ce8b0076d85ef4bad6643512dad50425d8f61a49108664596ff785caf3e,f4e44e9f9016,2026-09-02T01:36:43.090600558Z,2026-09-02T01:36:43.399454374Z,308.853821,200,fa5bbaa12602c6803fc911cd560f3cd567585f7b4703499b433ac2343ab380c5,,true,miss
retained-20260902-68135d3ad33f,S2-100-r03,S2-100,request-008,d4745ce8b0076d85ef4bad6643512dad50425d8f61a49108664596ff785caf3e,f4e44e9f9016,2026-09-02T01:36:43.09058257Z,2026-09-02T01:36:43.396670032Z,306.087467,200,fa5bbaa12602c6803fc911cd560f3cd567585f7b4703499b433ac2343ab380c5,,true,miss
retained-20260902-68135d3ad33f,S2-100-r03,S2-100,request-009,d4745ce8b0076d85ef4bad6643512dad50425d8f61a49108664596ff785caf3e,f4e44e9f9016,2026-09-02T01:36:43.090567002Z,2026-09-02T01:36:43.396122569Z,305.555572,200,fa5bbaa12602c6803fc911cd560f3cd567585f7b4703499b433ac2343ab380c5,,true,miss
retained-20260902-68135d3ad33f,S2-100-r03,S2-100,request-010,d4745ce8b0076d85ef4bad6643512dad50425d8f61a49108664596ff785caf3e,f4e44e9f9016,2026-09-02T01:36:43.090545339Z,2026-09-02T01:36:43.395414667Z,304.869336,200,fa5bbaa12602c6803fc911cd560f3cd567585f7b4703499b433ac2343ab380c5,,true,miss
retained-20260902-68135d3ad33f,S2-100-r03,S2-100,request-011,d4745ce8b0076d85ef4bad6643512dad50425d8f61a49108664596ff785caf3e,f4e44e9f9016,2026-09-02T01:36:43.090516753Z,2026-09-02T01:36:43.396367127Z,305.850380,200,fa5bbaa12602c6803fc911cd560f3cd567585f7b4703499b433ac2343ab380c5,,true,miss
retained-20260902-68135d3ad33f,S2-100-r03,S2-100,request-012,d4745ce8b0076d85ef4bad6643512dad50425d8f61a49108664596ff785caf3e,f4e44e9f9016,2026-09-02T01:36:43.090500342Z,2026-09-02T01:36:43.398386206Z,307.885865,200,fa5bbaa12602c6803fc911cd560f3cd567585f7b4703499b433ac2343ab380c5,,true,miss
retained-20260902-68135d3ad33f,S2-100-r03,S2-100,request-013,d4745ce8b0076d85ef4bad6643512dad50425d8f61a49108664596ff785caf3e,f4e44e9f9016,2026-09-02T01:36:43.090484661Z,2026-09-02T01:36:43.398735993Z,308.251332,200,fa5bbaa12602c6803fc911cd560f3cd567585f7b4703499b433ac2343ab380c5,,true,miss
retained-20260902-68135d3ad33f,S2-100-r03,S2-100,request-014,d4745ce8b0076d85ef4bad6643512dad50425d8f61a49108664596ff785caf3e,f4e44e9f9016,2026-09-02T01:36:43.090459147Z,2026-09-02T01:36:43.398441673Z,307.982523,200,fa5bbaa12602c6803fc911cd560f3cd567585f7b4703499b433ac2343ab380c5,,true,miss
retained-20260902-68135d3ad33f,S2-100-r03,S2-100,request-015,d4745ce8b0076d85ef4bad6643512dad50425d8f61a49108664596ff785caf3e,f4e44e9f9016,2026-09-02T01:36:43.090427062Z,2026-09-02T01:36:43.398281216Z,307.854156,200,fa5bbaa12602c6803fc911cd560f3cd567585f7b4703499b433ac2343ab380c5,,true,miss
retained-20260902-68135d3ad33f,S2-100-r03,S2-100,request-016,d4745ce8b0076d85ef4bad6643512dad50425d8f61a49108664596ff785caf3e,f4e44e9f9016,2026-09-02T01:36:43.090411802Z,2026-09-02T01:36:43.397105185Z,306.693386,200,fa5bbaa12602c6803fc911cd560f3cd567585f7b4703499b433ac2343ab380c5,,true,miss
retained-20260902-68135d3ad33f,S2-100-r03,S2-100,request-017,d4745ce8b0076d85ef4bad6643512dad50425d8f61a49108664596ff785caf3e,f4e44e9f9016,2026-09-02T01:36:43.090394599Z,2026-09-02T01:36:43.396838023Z,306.443432,200,fa5bbaa12602c6803fc911cd560f3cd567585f7b4703499b433ac2343ab380c5,,true,miss
retained-20260902-68135d3ad33f,S2-100-r03,S2-100,request-018,d4745ce8b0076d85ef4bad6643512dad50425d8f61a49108664596ff785caf3e,f4e44e9f9016,2026-09-02T01:36:43.090374436Z,2026-09-02T01:36:43.396619004Z,306.244569,200,fa5bbaa12602c6803fc911cd560f3cd567585f7b4703499b433ac2343ab380c5,,true,miss
retained-20260902-68135d3ad33f,S2-100-r03,S2-100,request-019,d4745ce8b0076d85ef4bad6643512dad50425d8f61a49108664596ff785caf3e,f4e44e9f9016,2026-09-02T01:36:43.090358166Z,2026-09-02T01:36:43.396425709Z,306.067550,200,fa5bbaa12602c6803fc911cd560f3cd567585f7b4703499b433ac2343ab380c5,,true,miss
retained-20260902-68135d3ad33f,S2-100-r03,S2-100,request-020,d4745ce8b0076d85ef4bad6643512dad50425d8f61a49108664596ff785caf3e,f4e44e9f9016,2026-09-02T01:36:43.090341466Z,2026-09-02T01:36:43.399580714Z,309.239249,200,fa5bbaa12602c6803fc911cd560f3cd567585f7b4703499b433ac2343ab380c5,,true,miss
retained-20260902-68135d3ad33f,S2-100-r03,S2-100,request-021,d4745ce8b0076d85ef4bad6643512dad50425d8f61a49108664596ff785caf3e,f4e44e9f9016,2026-09-02T01:36:43.090319692Z,2026-09-02T01:36:43.395378496Z,305.058808,200,fa5bbaa12602c6803fc911cd560f3cd567585f7b4703499b433ac2343ab380c5,,true,miss
retained-20260902-68135d3ad33f,S2-100-r03,S2-100,request-022,d4745ce8b0076d85ef4bad6643512dad50425d8f61a49108664596ff785caf3e,f4e44e9f9016,2026-09-02T01:36:43.090303074Z,2026-09-02T01:36:43.394808243Z,304.505176,200,fa5bbaa12602c6803fc911cd560f3cd567585f7b4703499b433ac2343ab380c5,,true,miss
retained-20260902-68135d3ad33f,S2-100-r03,S2-100,request-023,d4745ce8b0076d85ef4bad6643512dad50425d8f61a49108664596ff785caf3e,f4e44e9f9016,2026-09-02T01:36:43.090286449Z,2026-09-02T01:36:43.397640484Z,307.354042,200,fa5bbaa12602c6803fc911cd560f3cd567585f7b4703499b433ac2343ab380c5,,true,miss
retained-20260902-68135d3ad33f,S2-100-r03,S2-100,request-024,d4745ce8b0076d85ef4bad6643512dad50425d8f61a49108664596ff785caf3e,f4e44e9f9016,2026-09-02T01:36:43.090268533Z,2026-09-02T01:36:43.397001516Z,306.732988,200,fa5bbaa12602c6803fc911cd560f3cd567585f7b4703499b433ac2343ab380c5,,true,miss
retained-20260902-68135d3ad33f,S2-100-r03,S2-100,request-025,d4745ce8b0076d85ef4bad6643512dad50425d8f61a49108664596ff785caf3e,f4e44e9f9016,2026-09-02T01:36:43.090246873Z,2026-09-02T01:36:43.398045268Z,307.798393,200,fa5bbaa12602c6803fc911cd560f3cd567585f7b4703499b433ac2343ab380c5,,true,miss
retained-20260902-68135d3ad33f,S2-100-r03,S2-100,request-026,d4745ce8b0076d85ef4bad6643512dad50425d8f61a49108664596ff785caf3e,f4e44e9f9016,2026-09-02T01:36:43.090220843Z,2026-09-02T01:36:43.396481906Z,306.261065,200,fa5bbaa12602c6803fc911cd560f3cd567585f7b4703499b433ac2343ab380c5,,true,miss
retained-20260902-68135d3ad33f,S2-100-r03,S2-100,request-027,d4745ce8b0076d85ef4bad6643512dad50425d8f61a49108664596ff785caf3e,f4e44e9f9016,2026-09-02T01:36:43.090203745Z,2026-09-02T01:36:43.39964436Z,309.440616,200,fa5bbaa12602c6803fc911cd560f3cd567585f7b4703499b433ac2343ab380c5,,true,miss
retained-20260902-68135d3ad33f,S2-100-r03,S2-100,request-028,d4745ce8b0076d85ef4bad6643512dad50425d8f61a49108664596ff785caf3e,f4e44e9f9016,2026-09-02T01:36:43.090171131Z,2026-09-02T01:36:43.395144913Z,304.973781,200,fa5bbaa12602c6803fc911cd560f3cd567585f7b4703499b433ac2343ab380c5,,true,miss
retained-20260902-68135d3ad33f,S2-100-r03,S2-100,request-029,d4745ce8b0076d85ef4bad6643512dad50425d8f61a49108664596ff785caf3e,f4e44e9f9016,2026-09-02T01:36:43.090151205Z,2026-09-02T01:36:43.394018863Z,303.867661,200,fa5bbaa12602c6803fc911cd560f3cd567585f7b4703499b433ac2343ab380c5,,true,miss
retained-20260902-68135d3ad33f,S2-100-r03,S2-100,request-030,d4745ce8b0076d85ef4bad6643512dad50425d8f61a49108664596ff785caf3e,f4e44e9f9016,2026-09-02T01:36:43.090133725Z,2026-09-02T01:36:43.399512042Z,309.378325,200,fa5bbaa12602c6803fc911cd560f3cd567585f7b4703499b433ac2343ab380c5,,true,miss
retained-20260902-68135d3ad33f,S2-100-r03,S2-100,request-031,d4745ce8b0076d85ef4bad6643512dad50425d8f61a49108664596ff785caf3e,f4e44e9f9016,2026-09-02T01:36:43.090111283Z,2026-09-02T01:36:43.399075906Z,308.964623,200,fa5bbaa12602c6803fc911cd560f3cd567585f7b4703499b433ac2343ab380c5,,true,miss
retained-20260902-68135d3ad33f,S2-100-r03,S2-100,request-032,d4745ce8b0076d85ef4bad6643512dad50425d8f61a49108664596ff785caf3e,f4e44e9f9016,2026-09-02T01:36:43.09004961Z,2026-09-02T01:36:43.396830009Z,306.780399,200,fa5bbaa12602c6803fc911cd560f3cd567585f7b4703499b433ac2343ab380c5,,true,miss
retained-20260902-68135d3ad33f,S2-100-r03,S2-100,request-033,d4745ce8b0076d85ef4bad6643512dad50425d8f61a49108664596ff785caf3e,f4e44e9f9016,2026-09-02T01:36:43.08999574Z,2026-09-02T01:36:43.395973524Z,305.977788,200,fa5bbaa12602c6803fc911cd560f3cd567585f7b4703499b433ac2343ab380c5,,true,miss
retained-20260902-68135d3ad33f,S2-100-r03,S2-100,request-034,d4745ce8b0076d85ef4bad6643512dad50425d8f61a49108664596ff785caf3e,f4e44e9f9016,2026-09-02T01:36:43.08993211Z,2026-09-02T01:36:43.394975891Z,305.043778,200,fa5bbaa12602c6803fc911cd560f3cd567585f7b4703499b433ac2343ab380c5,,true,miss
retained-20260902-68135d3ad33f,S2-100-r03,S2-100,request-035,d4745ce8b0076d85ef4bad6643512dad50425d8f61a49108664596ff785caf3e,f4e44e9f9016,2026-09-02T01:36:43.083098222Z,2026-09-02T01:36:43.398336243Z,315.238020,200,fa5bbaa12602c6803fc911cd560f3cd567585f7b4703499b433ac2343ab380c5,,true,miss
retained-20260902-68135d3ad33f,S2-100-r03,S2-100,request-036,d4745ce8b0076d85ef4bad6643512dad50425d8f61a49108664596ff785caf3e,f4e44e9f9016,2026-09-02T01:36:43.118272673Z,2026-09-02T01:36:43.397545633Z,279.272960,200,fa5bbaa12602c6803fc911cd560f3cd567585f7b4703499b433ac2343ab380c5,,true,miss
retained-20260902-68135d3ad33f,S2-100-r03,S2-100,request-037,d4745ce8b0076d85ef4bad6643512dad50425d8f61a49108664596ff785caf3e,f4e44e9f9016,2026-09-02T01:36:43.118244834Z,2026-09-02T01:36:43.39677762Z,278.532783,200,fa5bbaa12602c6803fc911cd560f3cd567585f7b4703499b433ac2343ab380c5,,true,miss
retained-20260902-68135d3ad33f,S2-100-r03,S2-100,request-038,d4745ce8b0076d85ef4bad6643512dad50425d8f61a49108664596ff785caf3e,f4e44e9f9016,2026-09-02T01:36:43.118216241Z,2026-09-02T01:36:43.39641837Z,278.202129,200,fa5bbaa12602c6803fc911cd560f3cd567585f7b4703499b433ac2343ab380c5,,true,miss
retained-20260902-68135d3ad33f,S2-100-r03,S2-100,request-039,d4745ce8b0076d85ef4bad6643512dad50425d8f61a49108664596ff785caf3e,f4e44e9f9016,2026-09-02T01:36:43.118135936Z,2026-09-02T01:36:43.395803837Z,277.667902,200,fa5bbaa12602c6803fc911cd560f3cd567585f7b4703499b433ac2343ab380c5,,true,miss
retained-20260902-68135d3ad33f,S2-100-r03,S2-100,request-040,d4745ce8b0076d85ef4bad6643512dad50425d8f61a49108664596ff785caf3e,f4e44e9f9016,2026-09-02T01:36:43.118118346Z,2026-09-02T01:36:43.395468648Z,277.350303,200,fa5bbaa12602c6803fc911cd560f3cd567585f7b4703499b433ac2343ab380c5,,true,miss
retained-20260902-68135d3ad33f,S2-100-r03,S2-100,request-041,d4745ce8b0076d85ef4bad6643512dad50425d8f61a49108664596ff785caf3e,f4e44e9f9016,2026-09-02T01:36:43.118099985Z,2026-09-02T01:36:43.395299282Z,277.199303,200,fa5bbaa12602c6803fc911cd560f3cd567585f7b4703499b433ac2343ab380c5,,true,miss
retained-20260902-68135d3ad33f,S2-100-r03,S2-100,request-042,d4745ce8b0076d85ef4bad6643512dad50425d8f61a49108664596ff785caf3e,f4e44e9f9016,2026-09-02T01:36:43.118081514Z,2026-09-02T01:36:43.395075194Z,276.993674,200,fa5bbaa12602c6803fc911cd560f3cd567585f7b4703499b433ac2343ab380c5,,true,miss
retained-20260902-68135d3ad33f,S2-100-r03,S2-100,request-043,d4745ce8b0076d85ef4bad6643512dad50425d8f61a49108664596ff785caf3e,f4e44e9f9016,2026-09-02T01:36:43.11804113Z,2026-09-02T01:36:43.398437142Z,280.396009,200,fa5bbaa12602c6803fc911cd560f3cd567585f7b4703499b433ac2343ab380c5,,true,miss
retained-20260902-68135d3ad33f,S2-100-r03,S2-100,request-044,d4745ce8b0076d85ef4bad6643512dad50425d8f61a49108664596ff785caf3e,f4e44e9f9016,2026-09-02T01:36:43.117971805Z,2026-09-02T01:36:43.39816396Z,280.192165,200,fa5bbaa12602c6803fc911cd560f3cd567585f7b4703499b433ac2343ab380c5,,true,miss
retained-20260902-68135d3ad33f,S2-100-r03,S2-100,request-045,d4745ce8b0076d85ef4bad6643512dad50425d8f61a49108664596ff785caf3e,f4e44e9f9016,2026-09-02T01:36:43.117844034Z,2026-09-02T01:36:43.399530498Z,281.686455,200,fa5bbaa12602c6803fc911cd560f3cd567585f7b4703499b433ac2343ab380c5,,true,miss
retained-20260902-68135d3ad33f,S2-100-r03,S2-100,request-046,d4745ce8b0076d85ef4bad6643512dad50425d8f61a49108664596ff785caf3e,f4e44e9f9016,2026-09-02T01:36:43.090616293Z,2026-09-02T01:36:43.395880309Z,305.264017,200,fa5bbaa12602c6803fc911cd560f3cd567585f7b4703499b433ac2343ab380c5,,true,miss
retained-20260902-68135d3ad33f,S2-100-r03,S2-100,request-047,d4745ce8b0076d85ef4bad6643512dad50425d8f61a49108664596ff785caf3e,f4e44e9f9016,2026-09-02T01:36:43.090591082Z,2026-09-02T01:36:43.396883618Z,306.292532,200,fa5bbaa12602c6803fc911cd560f3cd567585f7b4703499b433ac2343ab380c5,,true,miss
retained-20260902-68135d3ad33f,S2-100-r03,S2-100,request-048,d4745ce8b0076d85ef4bad6643512dad50425d8f61a49108664596ff785caf3e,f4e44e9f9016,2026-09-02T01:36:43.090563149Z,2026-09-02T01:36:43.396552131Z,305.988982,200,fa5bbaa12602c6803fc911cd560f3cd567585f7b4703499b433ac2343ab380c5,,true,miss
retained-20260902-68135d3ad33f,S2-100-r03,S2-100,request-049,d4745ce8b0076d85ef4bad6643512dad50425d8f61a49108664596ff785caf3e,f4e44e9f9016,2026-09-02T01:36:43.090541708Z,2026-09-02T01:36:43.395363221Z,304.821514,200,fa5bbaa12602c6803fc911cd560f3cd567585f7b4703499b433ac2343ab380c5,,true,miss
retained-20260902-68135d3ad33f,S2-100-r03,S2-100,request-050,d4745ce8b0076d85ef4bad6643512dad50425d8f61a49108664596ff785caf3e,f4e44e9f9016,2026-09-02T01:36:43.090431762Z,2026-09-02T01:36:43.398170134Z,307.738373,200,fa5bbaa12602c6803fc911cd560f3cd567585f7b4703499b433ac2343ab380c5,,true,miss
retained-20260902-68135d3ad33f,S2-100-r03,S2-100,request-051,d4745ce8b0076d85ef4bad6643512dad50425d8f61a49108664596ff785caf3e,f4e44e9f9016,2026-09-02T01:36:43.090403914Z,2026-09-02T01:36:43.397384816Z,306.980901,200,fa5bbaa12602c6803fc911cd560f3cd567585f7b4703499b433ac2343ab380c5,,true,miss
retained-20260902-68135d3ad33f,S2-100-r03,S2-100,request-052,d4745ce8b0076d85ef4bad6643512dad50425d8f61a49108664596ff785caf3e,f4e44e9f9016,2026-09-02T01:36:43.090373368Z,2026-09-02T01:36:43.396729972Z,306.356601,200,fa5bbaa12602c6803fc911cd560f3cd567585f7b4703499b433ac2343ab380c5,,true,miss
retained-20260902-68135d3ad33f,S2-100-r03,S2-100,request-053,d4745ce8b0076d85ef4bad6643512dad50425d8f61a49108664596ff785caf3e,f4e44e9f9016,2026-09-02T01:36:43.090340181Z,2026-09-02T01:36:43.398953812Z,308.613630,200,fa5bbaa12602c6803fc911cd560f3cd567585f7b4703499b433ac2343ab380c5,,true,miss
retained-20260902-68135d3ad33f,S2-100-r03,S2-100,request-054,d4745ce8b0076d85ef4bad6643512dad50425d8f61a49108664596ff785caf3e,f4e44e9f9016,2026-09-02T01:36:43.090311818Z,2026-09-02T01:36:43.395311422Z,304.999605,200,fa5bbaa12602c6803fc911cd560f3cd567585f7b4703499b433ac2343ab380c5,,true,miss
retained-20260902-68135d3ad33f,S2-100-r03,S2-100,request-055,d4745ce8b0076d85ef4bad6643512dad50425d8f61a49108664596ff785caf3e,f4e44e9f9016,2026-09-02T01:36:43.090282266Z,2026-09-02T01:36:43.391606146Z,301.323882,200,fa5bbaa12602c6803fc911cd560f3cd567585f7b4703499b433ac2343ab380c5,,true,miss
retained-20260902-68135d3ad33f,S2-100-r03,S2-100,request-056,d4745ce8b0076d85ef4bad6643512dad50425d8f61a49108664596ff785caf3e,f4e44e9f9016,2026-09-02T01:36:43.090227702Z,2026-09-02T01:36:43.39482235Z,304.594652,200,fa5bbaa12602c6803fc911cd560f3cd567585f7b4703499b433ac2343ab380c5,,true,miss
retained-20260902-68135d3ad33f,S2-100-r03,S2-100,request-057,d4745ce8b0076d85ef4bad6643512dad50425d8f61a49108664596ff785caf3e,f4e44e9f9016,2026-09-02T01:36:43.09020836Z,2026-09-02T01:36:43.399401428Z,309.193070,200,fa5bbaa12602c6803fc911cd560f3cd567585f7b4703499b433ac2343ab380c5,,true,miss
retained-20260902-68135d3ad33f,S2-100-r03,S2-100,request-058,d4745ce8b0076d85ef4bad6643512dad50425d8f61a49108664596ff785caf3e,f4e44e9f9016,2026-09-02T01:36:43.090089608Z,2026-09-02T01:36:43.396725165Z,306.635558,200,fa5bbaa12602c6803fc911cd560f3cd567585f7b4703499b433ac2343ab380c5,,true,miss
retained-20260902-68135d3ad33f,S2-100-r03,S2-100,request-059,d4745ce8b0076d85ef4bad6643512dad50425d8f61a49108664596ff785caf3e,f4e44e9f9016,2026-09-02T01:36:43.090121929Z,2026-09-02T01:36:43.399649182Z,309.527248,200,fa5bbaa12602c6803fc911cd560f3cd567585f7b4703499b433ac2343ab380c5,,true,miss
retained-20260902-68135d3ad33f,S2-100-r03,S2-100,request-060,d4745ce8b0076d85ef4bad6643512dad50425d8f61a49108664596ff785caf3e,f4e44e9f9016,2026-09-02T01:36:43.090105589Z,2026-09-02T01:36:43.397349388Z,307.243806,200,fa5bbaa12602c6803fc911cd560f3cd567585f7b4703499b433ac2343ab380c5,,true,miss
retained-20260902-68135d3ad33f,S2-100-r03,S2-100,request-061,d4745ce8b0076d85ef4bad6643512dad50425d8f61a49108664596ff785caf3e,f4e44e9f9016,2026-09-02T01:36:43.089998604Z,2026-09-02T01:36:43.395648115Z,305.649518,200,fa5bbaa12602c6803fc911cd560f3cd567585f7b4703499b433ac2343ab380c5,,true,miss
retained-20260902-68135d3ad33f,S2-100-r03,S2-100,request-062,d4745ce8b0076d85ef4bad6643512dad50425d8f61a49108664596ff785caf3e,f4e44e9f9016,2026-09-02T01:36:43.089949762Z,2026-09-02T01:36:43.395217084Z,305.267330,200,fa5bbaa12602c6803fc911cd560f3cd567585f7b4703499b433ac2343ab380c5,,true,miss
retained-20260902-68135d3ad33f,S2-100-r03,S2-100,request-063,d4745ce8b0076d85ef4bad6643512dad50425d8f61a49108664596ff785caf3e,f4e44e9f9016,2026-09-02T01:36:43.083211279Z,2026-09-02T01:36:43.397982002Z,314.770714,200,fa5bbaa12602c6803fc911cd560f3cd567585f7b4703499b433ac2343ab380c5,,true,miss
retained-20260902-68135d3ad33f,S2-100-r03,S2-100,request-064,d4745ce8b0076d85ef4bad6643512dad50425d8f61a49108664596ff785caf3e,f4e44e9f9016,2026-09-02T01:36:43.066583193Z,2026-09-02T01:36:43.397115674Z,330.532483,200,fa5bbaa12602c6803fc911cd560f3cd567585f7b4703499b433ac2343ab380c5,,true,miss
retained-20260902-68135d3ad33f,S2-100-r03,S2-100,request-065,d4745ce8b0076d85ef4bad6643512dad50425d8f61a49108664596ff785caf3e,f4e44e9f9016,2026-09-02T01:36:43.066554089Z,2026-09-02T01:36:43.398228274Z,331.674190,200,fa5bbaa12602c6803fc911cd560f3cd567585f7b4703499b433ac2343ab380c5,,true,miss
retained-20260902-68135d3ad33f,S2-100-r03,S2-100,request-066,d4745ce8b0076d85ef4bad6643512dad50425d8f61a49108664596ff785caf3e,f4e44e9f9016,2026-09-02T01:36:43.066529583Z,2026-09-02T01:36:43.398103796Z,331.574220,200,fa5bbaa12602c6803fc911cd560f3cd567585f7b4703499b433ac2343ab380c5,,true,miss
retained-20260902-68135d3ad33f,S2-100-r03,S2-100,request-067,d4745ce8b0076d85ef4bad6643512dad50425d8f61a49108664596ff785caf3e,f4e44e9f9016,2026-09-02T01:36:43.066510742Z,2026-09-02T01:36:43.397591512Z,331.080774,200,fa5bbaa12602c6803fc911cd560f3cd567585f7b4703499b433ac2343ab380c5,,true,miss
retained-20260902-68135d3ad33f,S2-100-r03,S2-100,request-068,d4745ce8b0076d85ef4bad6643512dad50425d8f61a49108664596ff785caf3e,f4e44e9f9016,2026-09-02T01:36:43.0664753Z,2026-09-02T01:36:43.396920407Z,330.445109,200,fa5bbaa12602c6803fc911cd560f3cd567585f7b4703499b433ac2343ab380c5,,true,miss
retained-20260902-68135d3ad33f,S2-100-r03,S2-100,request-069,d4745ce8b0076d85ef4bad6643512dad50425d8f61a49108664596ff785caf3e,f4e44e9f9016,2026-09-02T01:36:43.066345093Z,2026-09-02T01:36:43.396370529Z,330.025441,200,fa5bbaa12602c6803fc911cd560f3cd567585f7b4703499b433ac2343ab380c5,,true,miss
retained-20260902-68135d3ad33f,S2-100-r03,S2-100,request-070,d4745ce8b0076d85ef4bad6643512dad50425d8f61a49108664596ff785caf3e,f4e44e9f9016,2026-09-02T01:36:43.066270504Z,2026-09-02T01:36:43.394877182Z,328.606677,200,fa5bbaa12602c6803fc911cd560f3cd567585f7b4703499b433ac2343ab380c5,,true,miss
retained-20260902-68135d3ad33f,S2-100-r03,S2-100,request-071,d4745ce8b0076d85ef4bad6643512dad50425d8f61a49108664596ff785caf3e,f4e44e9f9016,2026-09-02T01:36:43.06547402Z,2026-09-02T01:36:43.399548051Z,334.074036,200,fa5bbaa12602c6803fc911cd560f3cd567585f7b4703499b433ac2343ab380c5,,true,miss
retained-20260902-68135d3ad33f,S2-100-r03,S2-100,request-072,d4745ce8b0076d85ef4bad6643512dad50425d8f61a49108664596ff785caf3e,f4e44e9f9016,2026-09-02T01:36:43.065184349Z,2026-09-02T01:36:43.39849289Z,333.308548,200,fa5bbaa12602c6803fc911cd560f3cd567585f7b4703499b433ac2343ab380c5,,true,miss
retained-20260902-68135d3ad33f,S2-100-r03,S2-100,request-073,d4745ce8b0076d85ef4bad6643512dad50425d8f61a49108664596ff785caf3e,f4e44e9f9016,2026-09-02T01:36:43.0650683Z,2026-09-02T01:36:43.398300645Z,333.232351,200,fa5bbaa12602c6803fc911cd560f3cd567585f7b4703499b433ac2343ab380c5,,true,miss
retained-20260902-68135d3ad33f,S2-100-r03,S2-100,request-074,d4745ce8b0076d85ef4bad6643512dad50425d8f61a49108664596ff785caf3e,f4e44e9f9016,2026-09-02T01:36:43.064997662Z,2026-09-02T01:36:43.395005447Z,330.007793,200,fa5bbaa12602c6803fc911cd560f3cd567585f7b4703499b433ac2343ab380c5,,true,miss
retained-20260902-68135d3ad33f,S2-100-r03,S2-100,request-075,d4745ce8b0076d85ef4bad6643512dad50425d8f61a49108664596ff785caf3e,f4e44e9f9016,2026-09-02T01:36:43.064948133Z,2026-09-02T01:36:43.396113956Z,331.165829,200,fa5bbaa12602c6803fc911cd560f3cd567585f7b4703499b433ac2343ab380c5,,true,miss
retained-20260902-68135d3ad33f,S2-100-r03,S2-100,request-076,d4745ce8b0076d85ef4bad6643512dad50425d8f61a49108664596ff785caf3e,f4e44e9f9016,2026-09-02T01:36:43.064928726Z,2026-09-02T01:36:43.395691507Z,330.762781,200,fa5bbaa12602c6803fc911cd560f3cd567585f7b4703499b433ac2343ab380c5,,true,miss
retained-20260902-68135d3ad33f,S2-100-r03,S2-100,request-077,d4745ce8b0076d85ef4bad6643512dad50425d8f61a49108664596ff785caf3e,f4e44e9f9016,2026-09-02T01:36:43.064804283Z,2026-09-02T01:36:43.399497018Z,334.692741,200,fa5bbaa12602c6803fc911cd560f3cd567585f7b4703499b433ac2343ab380c5,,true,miss
retained-20260902-68135d3ad33f,S2-100-r03,S2-100,request-078,d4745ce8b0076d85ef4bad6643512dad50425d8f61a49108664596ff785caf3e,f4e44e9f9016,2026-09-02T01:36:43.064795833Z,2026-09-02T01:36:43.395430554Z,330.634725,200,fa5bbaa12602c6803fc911cd560f3cd567585f7b4703499b433ac2343ab380c5,,true,miss
retained-20260902-68135d3ad33f,S2-100-r03,S2-100,request-079,d4745ce8b0076d85ef4bad6643512dad50425d8f61a49108664596ff785caf3e,f4e44e9f9016,2026-09-02T01:36:43.090160989Z,2026-09-02T01:36:43.394945295Z,304.784306,200,fa5bbaa12602c6803fc911cd560f3cd567585f7b4703499b433ac2343ab380c5,,true,miss
retained-20260902-68135d3ad33f,S2-100-r03,S2-100,request-080,d4745ce8b0076d85ef4bad6643512dad50425d8f61a49108664596ff785caf3e,f4e44e9f9016,2026-09-02T01:36:43.090072058Z,2026-09-02T01:36:43.396615243Z,306.543192,200,fa5bbaa12602c6803fc911cd560f3cd567585f7b4703499b433ac2343ab380c5,,true,miss
retained-20260902-68135d3ad33f,S2-100-r03,S2-100,request-081,d4745ce8b0076d85ef4bad6643512dad50425d8f61a49108664596ff785caf3e,f4e44e9f9016,2026-09-02T01:36:43.090051156Z,2026-09-02T01:36:43.396481305Z,306.430151,200,fa5bbaa12602c6803fc911cd560f3cd567585f7b4703499b433ac2343ab380c5,,true,miss
retained-20260902-68135d3ad33f,S2-100-r03,S2-100,request-082,d4745ce8b0076d85ef4bad6643512dad50425d8f61a49108664596ff785caf3e,f4e44e9f9016,2026-09-02T01:36:43.09003026Z,2026-09-02T01:36:43.39848648Z,308.456227,200,fa5bbaa12602c6803fc911cd560f3cd567585f7b4703499b433ac2343ab380c5,,true,miss
retained-20260902-68135d3ad33f,S2-100-r03,S2-100,request-083,d4745ce8b0076d85ef4bad6643512dad50425d8f61a49108664596ff785caf3e,f4e44e9f9016,2026-09-02T01:36:43.066458455Z,2026-09-02T01:36:43.396784321Z,330.325870,200,fa5bbaa12602c6803fc911cd560f3cd567585f7b4703499b433ac2343ab380c5,,true,miss
retained-20260902-68135d3ad33f,S2-100-r03,S2-100,request-084,d4745ce8b0076d85ef4bad6643512dad50425d8f61a49108664596ff785caf3e,f4e44e9f9016,2026-09-02T01:36:43.0664278Z,2026-09-02T01:36:43.396675644Z,330.247849,200,fa5bbaa12602c6803fc911cd560f3cd567585f7b4703499b433ac2343ab380c5,,true,miss
retained-20260902-68135d3ad33f,S2-100-r03,S2-100,request-085,d4745ce8b0076d85ef4bad6643512dad50425d8f61a49108664596ff785caf3e,f4e44e9f9016,2026-09-02T01:36:43.066400108Z,2026-09-02T01:36:43.39656407Z,330.163960,200,fa5bbaa12602c6803fc911cd560f3cd567585f7b4703499b433ac2343ab380c5,,true,miss
retained-20260902-68135d3ad33f,S2-100-r03,S2-100,request-086,d4745ce8b0076d85ef4bad6643512dad50425d8f61a49108664596ff785caf3e,f4e44e9f9016,2026-09-02T01:36:43.065848623Z,2026-09-02T01:36:43.398538936Z,332.690314,200,fa5bbaa12602c6803fc911cd560f3cd567585f7b4703499b433ac2343ab380c5,,true,miss
retained-20260902-68135d3ad33f,S2-100-r03,S2-100,request-087,d4745ce8b0076d85ef4bad6643512dad50425d8f61a49108664596ff785caf3e,f4e44e9f9016,2026-09-02T01:36:43.06571507Z,2026-09-02T01:36:43.399444072Z,333.729001,200,fa5bbaa12602c6803fc911cd560f3cd567585f7b4703499b433ac2343ab380c5,,true,miss
retained-20260902-68135d3ad33f,S2-100-r03,S2-100,request-088,d4745ce8b0076d85ef4bad6643512dad50425d8f61a49108664596ff785caf3e,f4e44e9f9016,2026-09-02T01:36:43.065615423Z,2026-09-02T01:36:43.394359244Z,328.743821,200,fa5bbaa12602c6803fc911cd560f3cd567585f7b4703499b433ac2343ab380c5,,true,miss
retained-20260902-68135d3ad33f,S2-100-r03,S2-100,request-089,d4745ce8b0076d85ef4bad6643512dad50425d8f61a49108664596ff785caf3e,f4e44e9f9016,2026-09-02T01:36:43.065442015Z,2026-09-02T01:36:43.398917477Z,333.475462,200,fa5bbaa12602c6803fc911cd560f3cd567585f7b4703499b433ac2343ab380c5,,true,miss
retained-20260902-68135d3ad33f,S2-100-r03,S2-100,request-090,d4745ce8b0076d85ef4bad6643512dad50425d8f61a49108664596ff785caf3e,f4e44e9f9016,2026-09-02T01:36:43.065314092Z,2026-09-02T01:36:43.398751945Z,333.437855,200,fa5bbaa12602c6803fc911cd560f3cd567585f7b4703499b433ac2343ab380c5,,true,miss
retained-20260902-68135d3ad33f,S2-100-r03,S2-100,request-091,d4745ce8b0076d85ef4bad6643512dad50425d8f61a49108664596ff785caf3e,f4e44e9f9016,2026-09-02T01:36:43.065163205Z,2026-09-02T01:36:43.399380447Z,334.217248,200,fa5bbaa12602c6803fc911cd560f3cd567585f7b4703499b433ac2343ab380c5,,true,miss
retained-20260902-68135d3ad33f,S2-100-r03,S2-100,request-092,d4745ce8b0076d85ef4bad6643512dad50425d8f61a49108664596ff785caf3e,f4e44e9f9016,2026-09-02T01:36:43.065128642Z,2026-09-02T01:36:43.393744471Z,328.615833,200,fa5bbaa12602c6803fc911cd560f3cd567585f7b4703499b433ac2343ab380c5,,true,miss
retained-20260902-68135d3ad33f,S2-100-r03,S2-100,request-093,d4745ce8b0076d85ef4bad6643512dad50425d8f61a49108664596ff785caf3e,f4e44e9f9016,2026-09-02T01:36:43.06510849Z,2026-09-02T01:36:43.393666423Z,328.557937,200,fa5bbaa12602c6803fc911cd560f3cd567585f7b4703499b433ac2343ab380c5,,true,miss
retained-20260902-68135d3ad33f,S2-100-r03,S2-100,request-094,d4745ce8b0076d85ef4bad6643512dad50425d8f61a49108664596ff785caf3e,f4e44e9f9016,2026-09-02T01:36:43.065088834Z,2026-09-02T01:36:43.398352076Z,333.263243,200,fa5bbaa12602c6803fc911cd560f3cd567585f7b4703499b433ac2343ab380c5,,true,miss
retained-20260902-68135d3ad33f,S2-100-r03,S2-100,request-095,d4745ce8b0076d85ef4bad6643512dad50425d8f61a49108664596ff785caf3e,f4e44e9f9016,2026-09-02T01:36:43.065047669Z,2026-09-02T01:36:43.398244738Z,333.197077,200,fa5bbaa12602c6803fc911cd560f3cd567585f7b4703499b433ac2343ab380c5,,true,miss
retained-20260902-68135d3ad33f,S2-100-r03,S2-100,request-096,d4745ce8b0076d85ef4bad6643512dad50425d8f61a49108664596ff785caf3e,f4e44e9f9016,2026-09-02T01:36:43.065020783Z,2026-09-02T01:36:43.398647304Z,333.626527,200,fa5bbaa12602c6803fc911cd560f3cd567585f7b4703499b433ac2343ab380c5,,true,miss
retained-20260902-68135d3ad33f,S2-100-r03,S2-100,request-097,d4745ce8b0076d85ef4bad6643512dad50425d8f61a49108664596ff785caf3e,f4e44e9f9016,2026-09-02T01:36:43.064977473Z,2026-09-02T01:36:43.399616637Z,334.639165,200,fa5bbaa12602c6803fc911cd560f3cd567585f7b4703499b433ac2343ab380c5,,true,miss
retained-20260902-68135d3ad33f,S2-100-r03,S2-100,request-098,d4745ce8b0076d85ef4bad6643512dad50425d8f61a49108664596ff785caf3e,f4e44e9f9016,2026-09-02T01:36:43.064904121Z,2026-09-02T01:36:43.398077346Z,333.173223,200,fa5bbaa12602c6803fc911cd560f3cd567585f7b4703499b433ac2343ab380c5,,true,miss
retained-20260902-68135d3ad33f,S2-100-r03,S2-100,request-099,d4745ce8b0076d85ef4bad6643512dad50425d8f61a49108664596ff785caf3e,f4e44e9f9016,2026-09-02T01:36:43.064755099Z,2026-09-02T01:36:43.393515254Z,328.760165,200,fa5bbaa12602c6803fc911cd560f3cd567585f7b4703499b433ac2343ab380c5,,false,miss
retained-20260902-68135d3ad33f,S2-100-r03,S2-100,request-100,d4745ce8b0076d85ef4bad6643512dad50425d8f61a49108664596ff785caf3e,f4e44e9f9016,2026-09-02T01:36:43.117940775Z,2026-09-02T01:36:43.399612573Z,281.671801,200,fa5bbaa12602c6803fc911cd560f3cd567585f7b4703499b433ac2343ab380c5,,true,miss
retained-20260902-68135d3ad33f,S1-100-r03,S1-100,request-001,d4745ce8b0076d85ef4bad6643512dad50425d8f61a49108664596ff785caf3e,f4e44e9f9016,2026-09-02T01:36:43.730329739Z,2026-09-02T01:37:01.559210356Z,17828.880617,200,fa5bbaa12602c6803fc911cd560f3cd567585f7b4703499b433ac2343ab380c5,,false,miss
retained-20260902-68135d3ad33f,S1-100-r03,S1-100,request-002,d4745ce8b0076d85ef4bad6643512dad50425d8f61a49108664596ff785caf3e,f4e44e9f9016,2026-09-02T01:36:43.730306729Z,2026-09-02T01:37:00.357879093Z,16627.572367,200,fa5bbaa12602c6803fc911cd560f3cd567585f7b4703499b433ac2343ab380c5,,false,miss
retained-20260902-68135d3ad33f,S1-100-r03,S1-100,request-003,d4745ce8b0076d85ef4bad6643512dad50425d8f61a49108664596ff785caf3e,f4e44e9f9016,2026-09-02T01:36:43.730282278Z,2026-09-02T01:36:59.081552166Z,15351.269886,200,fa5bbaa12602c6803fc911cd560f3cd567585f7b4703499b433ac2343ab380c5,,false,miss
retained-20260902-68135d3ad33f,S1-100-r03,S1-100,request-004,d4745ce8b0076d85ef4bad6643512dad50425d8f61a49108664596ff785caf3e,f4e44e9f9016,2026-09-02T01:36:43.730258084Z,2026-09-02T01:36:56.957802828Z,13227.544749,200,fa5bbaa12602c6803fc911cd560f3cd567585f7b4703499b433ac2343ab380c5,,false,miss
retained-20260902-68135d3ad33f,S1-100-r03,S1-100,request-005,d4745ce8b0076d85ef4bad6643512dad50425d8f61a49108664596ff785caf3e,f4e44e9f9016,2026-09-02T01:36:43.730233649Z,2026-09-02T01:36:55.275476831Z,11545.243185,200,fa5bbaa12602c6803fc911cd560f3cd567585f7b4703499b433ac2343ab380c5,,false,miss
retained-20260902-68135d3ad33f,S1-100-r03,S1-100,request-006,d4745ce8b0076d85ef4bad6643512dad50425d8f61a49108664596ff785caf3e,f4e44e9f9016,2026-09-02T01:36:43.73020167Z,2026-09-02T01:36:53.177967658Z,9447.765993,200,fa5bbaa12602c6803fc911cd560f3cd567585f7b4703499b433ac2343ab380c5,,false,miss
retained-20260902-68135d3ad33f,S1-100-r03,S1-100,request-007,d4745ce8b0076d85ef4bad6643512dad50425d8f61a49108664596ff785caf3e,f4e44e9f9016,2026-09-02T01:36:43.730174112Z,2026-09-02T01:37:14.085277242Z,28636.206252,200,fa5bbaa12602c6803fc911cd560f3cd567585f7b4703499b433ac2343ab380c5,,false,miss
retained-20260902-68135d3ad33f,S1-100-r03,S1-100,request-008,d4745ce8b0076d85ef4bad6643512dad50425d8f61a49108664596ff785caf3e,f4e44e9f9016,2026-09-02T01:36:43.730151925Z,2026-09-02T01:37:10.350799152Z,25943.857694,200,fa5bbaa12602c6803fc911cd560f3cd567585f7b4703499b433ac2343ab380c5,,false,miss
retained-20260902-68135d3ad33f,S1-100-r03,S1-100,request-009,d4745ce8b0076d85ef4bad6643512dad50425d8f61a49108664596ff785caf3e,f4e44e9f9016,2026-09-02T01:36:43.73012043Z,2026-09-02T01:37:08.068042457Z,24337.922033,200,fa5bbaa12602c6803fc911cd560f3cd567585f7b4703499b433ac2343ab380c5,,false,miss
retained-20260902-68135d3ad33f,S1-100-r03,S1-100,request-010,d4745ce8b0076d85ef4bad6643512dad50425d8f61a49108664596ff785caf3e,f4e44e9f9016,2026-09-02T01:36:43.730100566Z,2026-09-02T01:37:11.790682272Z,26341.684834,200,fa5bbaa12602c6803fc911cd560f3cd567585f7b4703499b433ac2343ab380c5,,false,miss
retained-20260902-68135d3ad33f,S1-100-r03,S1-100,request-011,d4745ce8b0076d85ef4bad6643512dad50425d8f61a49108664596ff785caf3e,f4e44e9f9016,2026-09-02T01:36:43.730082603Z,2026-09-02T01:37:08.859558698Z,25129.476098,200,fa5bbaa12602c6803fc911cd560f3cd567585f7b4703499b433ac2343ab380c5,,false,miss
retained-20260902-68135d3ad33f,S1-100-r03,S1-100,request-012,d4745ce8b0076d85ef4bad6643512dad50425d8f61a49108664596ff785caf3e,f4e44e9f9016,2026-09-02T01:36:43.730351188Z,2026-09-02T01:37:02.764423777Z,19034.072584,200,fa5bbaa12602c6803fc911cd560f3cd567585f7b4703499b433ac2343ab380c5,,false,miss
retained-20260902-68135d3ad33f,S1-100-r03,S1-100,request-013,d4745ce8b0076d85ef4bad6643512dad50425d8f61a49108664596ff785caf3e,f4e44e9f9016,2026-09-02T01:36:43.730015183Z,2026-09-02T01:37:06.776098795Z,23046.083612,200,fa5bbaa12602c6803fc911cd560f3cd567585f7b4703499b433ac2343ab380c5,,false,miss
retained-20260902-68135d3ad33f,S1-100-r03,S1-100,request-014,d4745ce8b0076d85ef4bad6643512dad50425d8f61a49108664596ff785caf3e,f4e44e9f9016,2026-09-02T01:36:43.729989283Z,2026-09-02T01:37:07.360406755Z,23630.417472,200,fa5bbaa12602c6803fc911cd560f3cd567585f7b4703499b433ac2343ab380c5,,false,miss
retained-20260902-68135d3ad33f,S1-100-r03,S1-100,request-015,d4745ce8b0076d85ef4bad6643512dad50425d8f61a49108664596ff785caf3e,f4e44e9f9016,2026-09-02T01:36:43.729948718Z,2026-09-02T01:36:49.359403687Z,5629.454973,200,fa5bbaa12602c6803fc911cd560f3cd567585f7b4703499b433ac2343ab380c5,,false,miss
retained-20260902-68135d3ad33f,S1-100-r03,S1-100,request-016,d4745ce8b0076d85ef4bad6643512dad50425d8f61a49108664596ff785caf3e,f4e44e9f9016,2026-09-02T01:36:43.729897618Z,2026-09-02T01:36:45.263985582Z,1534.087964,200,fa5bbaa12602c6803fc911cd560f3cd567585f7b4703499b433ac2343ab380c5,,false,miss
retained-20260902-68135d3ad33f,S1-100-r03,S1-100,request-017,d4745ce8b0076d85ef4bad6643512dad50425d8f61a49108664596ff785caf3e,f4e44e9f9016,2026-09-02T01:36:43.729874401Z,2026-09-02T01:37:09.063191436Z,25333.317039,200,fa5bbaa12602c6803fc911cd560f3cd567585f7b4703499b433ac2343ab380c5,,false,miss
retained-20260902-68135d3ad33f,S1-100-r03,S1-100,request-018,d4745ce8b0076d85ef4bad6643512dad50425d8f61a49108664596ff785caf3e,f4e44e9f9016,2026-09-02T01:36:43.730047026Z,2026-09-02T01:37:06.565297344Z,22835.250322,200,fa5bbaa12602c6803fc911cd560f3cd567585f7b4703499b433ac2343ab380c5,,false,miss
retained-20260902-68135d3ad33f,S1-100-r03,S1-100,request-019,d4745ce8b0076d85ef4bad6643512dad50425d8f61a49108664596ff785caf3e,f4e44e9f9016,2026-09-02T01:36:43.729830572Z,2026-09-02T01:36:46.366102358Z,2636.271789,200,fa5bbaa12602c6803fc911cd560f3cd567585f7b4703499b433ac2343ab380c5,,false,miss
retained-20260902-68135d3ad33f,S1-100-r03,S1-100,request-020,d4745ce8b0076d85ef4bad6643512dad50425d8f61a49108664596ff785caf3e,f4e44e9f9016,2026-09-02T01:36:43.729807007Z,2026-09-02T01:36:46.759280827Z,3029.473815,200,fa5bbaa12602c6803fc911cd560f3cd567585f7b4703499b433ac2343ab380c5,,false,miss
retained-20260902-68135d3ad33f,S1-100-r03,S1-100,request-021,d4745ce8b0076d85ef4bad6643512dad50425d8f61a49108664596ff785caf3e,f4e44e9f9016,2026-09-02T01:36:43.729847593Z,2026-09-02T01:36:45.379218044Z,1649.370459,200,fa5bbaa12602c6803fc911cd560f3cd567585f7b4703499b433ac2343ab380c5,,false,miss
retained-20260902-68135d3ad33f,S1-100-r03,S1-100,request-022,d4745ce8b0076d85ef4bad6643512dad50425d8f61a49108664596ff785caf3e,f4e44e9f9016,2026-09-02T01:36:43.729612945Z,2026-09-02T01:36:49.281169916Z,5551.556981,200,fa5bbaa12602c6803fc911cd560f3cd567585f7b4703499b433ac2343ab380c5,,false,miss
retained-20260902-68135d3ad33f,S1-100-r03,S1-100,request-023,d4745ce8b0076d85ef4bad6643512dad50425d8f61a49108664596ff785caf3e,f4e44e9f9016,2026-09-02T01:36:43.729748036Z,2026-09-02T01:36:48.759196247Z,5029.448210,200,fa5bbaa12602c6803fc911cd560f3cd567585f7b4703499b433ac2343ab380c5,,false,miss
retained-20260902-68135d3ad33f,S1-100-r03,S1-100,request-024,d4745ce8b0076d85ef4bad6643512dad50425d8f61a49108664596ff785caf3e,f4e44e9f9016,2026-09-02T01:36:43.729700404Z,2026-09-02T01:36:46.661669059Z,2931.968660,200,fa5bbaa12602c6803fc911cd560f3cd567585f7b4703499b433ac2343ab380c5,,false,miss
retained-20260902-68135d3ad33f,S1-100-r03,S1-100,request-025,d4745ce8b0076d85ef4bad6643512dad50425d8f61a49108664596ff785caf3e,f4e44e9f9016,2026-09-02T01:36:43.729559309Z,2026-09-02T01:36:47.567744897Z,3838.185586,200,fa5bbaa12602c6803fc911cd560f3cd567585f7b4703499b433ac2343ab380c5,,false,miss
retained-20260902-68135d3ad33f,S1-100-r03,S1-100,request-026,d4745ce8b0076d85ef4bad6643512dad50425d8f61a49108664596ff785caf3e,f4e44e9f9016,2026-09-02T01:36:43.754506113Z,2026-09-02T01:37:01.371280402Z,17616.774293,200,fa5bbaa12602c6803fc911cd560f3cd567585f7b4703499b433ac2343ab380c5,,false,miss
retained-20260902-68135d3ad33f,S1-100-r03,S1-100,request-027,d4745ce8b0076d85ef4bad6643512dad50425d8f61a49108664596ff785caf3e,f4e44e9f9016,2026-09-02T01:36:43.754480624Z,2026-09-02T01:37:00.171525807Z,16417.045181,200,fa5bbaa12602c6803fc911cd560f3cd567585f7b4703499b433ac2343ab380c5,,false,miss
retained-20260902-68135d3ad33f,S1-100-r03,S1-100,request-028,d4745ce8b0076d85ef4bad6643512dad50425d8f61a49108664596ff785caf3e,f4e44e9f9016,2026-09-02T01:36:43.754465278Z,2026-09-02T01:37:12.693871103Z,27220.508961,200,fa5bbaa12602c6803fc911cd560f3cd567585f7b4703499b433ac2343ab380c5,,false,miss
retained-20260902-68135d3ad33f,S1-100-r03,S1-100,request-029,d4745ce8b0076d85ef4bad6643512dad50425d8f61a49108664596ff785caf3e,f4e44e9f9016,2026-09-02T01:36:43.754445609Z,2026-09-02T01:36:58.661150976Z,14906.705370,200,fa5bbaa12602c6803fc911cd560f3cd567585f7b4703499b433ac2343ab380c5,,false,miss
retained-20260902-68135d3ad33f,S1-100-r03,S1-100,request-030,d4745ce8b0076d85ef4bad6643512dad50425d8f61a49108664596ff785caf3e,f4e44e9f9016,2026-09-02T01:36:43.754428905Z,2026-09-02T01:36:57.466929851Z,13712.500955,200,fa5bbaa12602c6803fc911cd560f3cd567585f7b4703499b433ac2343ab380c5,,false,miss
retained-20260902-68135d3ad33f,S1-100-r03,S1-100,request-031,d4745ce8b0076d85ef4bad6643512dad50425d8f61a49108664596ff785caf3e,f4e44e9f9016,2026-09-02T01:36:43.754399828Z,2026-09-02T01:36:57.672601Z,13918.201178,200,fa5bbaa12602c6803fc911cd560f3cd567585f7b4703499b433ac2343ab380c5,,false,miss
retained-20260902-68135d3ad33f,S1-100-r03,S1-100,request-032,d4745ce8b0076d85ef4bad6643512dad50425d8f61a49108664596ff785caf3e,f4e44e9f9016,2026-09-02T01:36:43.754371528Z,2026-09-02T01:36:56.471947457Z,12717.575931,200,fa5bbaa12602c6803fc911cd560f3cd567585f7b4703499b433ac2343ab380c5,,false,miss
retained-20260902-68135d3ad33f,S1-100-r03,S1-100,request-033,d4745ce8b0076d85ef4bad6643512dad50425d8f61a49108664596ff785caf3e,f4e44e9f9016,2026-09-02T01:36:43.754316208Z,2026-09-02T01:36:55.578632357Z,11824.316147,200,fa5bbaa12602c6803fc911cd560f3cd567585f7b4703499b433ac2343ab380c5,,false,miss
retained-20260902-68135d3ad33f,S1-100-r03,S1-100,request-034,d4745ce8b0076d85ef4bad6643512dad50425d8f61a49108664596ff785caf3e,f4e44e9f9016,2026-09-02T01:36:43.754231852Z,2026-09-02T01:36:54.06267316Z,10308.441313,200,fa5bbaa12602c6803fc911cd560f3cd567585f7b4703499b433ac2343ab380c5,,false,miss
retained-20260902-68135d3ad33f,S1-100-r03,S1-100,request-035,d4745ce8b0076d85ef4bad6643512dad50425d8f61a49108664596ff785caf3e,f4e44e9f9016,2026-09-02T01:36:43.754213142Z,2026-09-02T01:36:52.362150688Z,8607.937552,200,fa5bbaa12602c6803fc911cd560f3cd567585f7b4703499b433ac2343ab380c5,,false,miss
retained-20260902-68135d3ad33f,S1-100-r03,S1-100,request-036,d4745ce8b0076d85ef4bad6643512dad50425d8f61a49108664596ff785caf3e,f4e44e9f9016,2026-09-02T01:36:43.754187688Z,2026-09-02T01:37:09.373967669Z,25619.779988,200,fa5bbaa12602c6803fc911cd560f3cd567585f7b4703499b433ac2343ab380c5,,false,miss
retained-20260902-68135d3ad33f,S1-100-r03,S1-100,request-037,d4745ce8b0076d85ef4bad6643512dad50425d8f61a49108664596ff785caf3e,f4e44e9f9016,2026-09-02T01:36:43.754168272Z,2026-09-02T01:37:16.091036498Z,30617.971353,200,fa5bbaa12602c6803fc911cd560f3cd567585f7b4703499b433ac2343ab380c5,,false,miss
retained-20260902-68135d3ad33f,S1-100-r03,S1-100,request-038,d4745ce8b0076d85ef4bad6643512dad50425d8f61a49108664596ff785caf3e,f4e44e9f9016,2026-09-02T01:36:43.754139986Z,2026-09-02T01:37:12.084615773Z,26611.578906,200,fa5bbaa12602c6803fc911cd560f3cd567585f7b4703499b433ac2343ab380c5,,false,miss
retained-20260902-68135d3ad33f,S1-100-r03,S1-100,request-039,d4745ce8b0076d85ef4bad6643512dad50425d8f61a49108664596ff785caf3e,f4e44e9f9016,2026-09-02T01:36:43.754094834Z,2026-09-02T01:37:07.572591268Z,23818.496439,200,fa5bbaa12602c6803fc911cd560f3cd567585f7b4703499b433ac2343ab380c5,,false,miss
retained-20260902-68135d3ad33f,S1-100-r03,S1-100,request-040,d4745ce8b0076d85ef4bad6643512dad50425d8f61a49108664596ff785caf3e,f4e44e9f9016,2026-09-02T01:36:43.754068071Z,2026-09-02T01:37:07.772172261Z,24018.104191,200,fa5bbaa12602c6803fc911cd560f3cd567585f7b4703499b433ac2343ab380c5,,false,miss
retained-20260902-68135d3ad33f,S1-100-r03,S1-100,request-041,d4745ce8b0076d85ef4bad6643512dad50425d8f61a49108664596ff785caf3e,f4e44e9f9016,2026-09-02T01:36:43.754026834Z,2026-09-02T01:37:15.790693766Z,30317.770050,200,fa5bbaa12602c6803fc911cd560f3cd567585f7b4703499b433ac2343ab380c5,,false,miss
retained-20260902-68135d3ad33f,S1-100-r03,S1-100,request-042,d4745ce8b0076d85ef4bad6643512dad50425d8f61a49108664596ff785caf3e,f4e44e9f9016,2026-09-02T01:36:43.753932965Z,2026-09-02T01:37:16.801742439Z,31328.912598,200,fa5bbaa12602c6803fc911cd560f3cd567585f7b4703499b433ac2343ab380c5,,false,miss
retained-20260902-68135d3ad33f,S1-100-r03,S1-100,request-043,d4745ce8b0076d85ef4bad6643512dad50425d8f61a49108664596ff785caf3e,f4e44e9f9016,2026-09-02T01:36:43.753827973Z,2026-09-02T01:37:05.270744783Z,21516.916810,200,fa5bbaa12602c6803fc911cd560f3cd567585f7b4703499b433ac2343ab380c5,,false,miss
retained-20260902-68135d3ad33f,S1-100-r03,S1-100,request-044,d4745ce8b0076d85ef4bad6643512dad50425d8f61a49108664596ff785caf3e,f4e44e9f9016,2026-09-02T01:36:43.730467953Z,2026-09-02T01:37:13.091915799Z,27642.550970,200,fa5bbaa12602c6803fc911cd560f3cd567585f7b4703499b433ac2343ab380c5,,false,miss
retained-20260902-68135d3ad33f,S1-100-r03,S1-100,request-045,d4745ce8b0076d85ef4bad6643512dad50425d8f61a49108664596ff785caf3e,f4e44e9f9016,2026-09-02T01:36:43.730439629Z,2026-09-02T01:37:04.766541788Z,21036.102159,200,fa5bbaa12602c6803fc911cd560f3cd567585f7b4703499b433ac2343ab380c5,,false,miss
retained-20260902-68135d3ad33f,S1-100-r03,S1-100,request-046,d4745ce8b0076d85ef4bad6643512dad50425d8f61a49108664596ff785caf3e,f4e44e9f9016,2026-09-02T01:36:43.730405537Z,2026-09-02T01:37:04.059655259Z,20329.249722,200,fa5bbaa12602c6803fc911cd560f3cd567585f7b4703499b433ac2343ab380c5,,false,miss
retained-20260902-68135d3ad33f,S1-100-r03,S1-100,request-047,d4745ce8b0076d85ef4bad6643512dad50425d8f61a49108664596ff785caf3e,f4e44e9f9016,2026-09-02T01:36:43.730356504Z,2026-09-02T01:37:14.881261835Z,29432.008451,200,fa5bbaa12602c6803fc911cd560f3cd567585f7b4703499b433ac2343ab380c5,,false,miss
retained-20260902-68135d3ad33f,S1-100-r03,S1-100,request-048,d4745ce8b0076d85ef4bad6643512dad50425d8f61a49108664596ff785caf3e,f4e44e9f9016,2026-09-02T01:36:43.730340198Z,2026-09-02T01:37:02.280585528Z,18550.245335,200,fa5bbaa12602c6803fc911cd560f3cd567585f7b4703499b433ac2343ab380c5,,false,miss
retained-20260902-68135d3ad33f,S1-100-r03,S1-100,request-049,d4745ce8b0076d85ef4bad6643512dad50425d8f61a49108664596ff785caf3e,f4e44e9f9016,2026-09-02T01:36:43.730323787Z,2026-09-02T01:37:01.072104275Z,17341.780494,200,fa5bbaa12602c6803fc911cd560f3cd567585f7b4703499b433ac2343ab380c5,,false,miss
retained-20260902-68135d3ad33f,S1-100-r03,S1-100,request-050,d4745ce8b0076d85ef4bad6643512dad50425d8f61a49108664596ff785caf3e,f4e44e9f9016,2026-09-02T01:36:43.730293077Z,2026-09-02T01:36:59.780865003Z,16050.571933,200,fa5bbaa12602c6803fc911cd560f3cd567585f7b4703499b433ac2343ab380c5,,false,miss
retained-20260902-68135d3ad33f,S1-100-r03,S1-100,request-051,d4745ce8b0076d85ef4bad6643512dad50425d8f61a49108664596ff785caf3e,f4e44e9f9016,2026-09-02T01:36:43.730271717Z,2026-09-02T01:36:57.960611401Z,14230.339686,200,fa5bbaa12602c6803fc911cd560f3cd567585f7b4703499b433ac2343ab380c5,,false,miss
retained-20260902-68135d3ad33f,S1-100-r03,S1-100,request-052,d4745ce8b0076d85ef4bad6643512dad50425d8f61a49108664596ff785caf3e,f4e44e9f9016,2026-09-02T01:36:43.730238454Z,2026-09-02T01:36:56.178319616Z,12448.081166,200,fa5bbaa12602c6803fc911cd560f3cd567585f7b4703499b433ac2343ab380c5,,false,miss
retained-20260902-68135d3ad33f,S1-100-r03,S1-100,request-053,d4745ce8b0076d85ef4bad6643512dad50425d8f61a49108664596ff785caf3e,f4e44e9f9016,2026-09-02T01:36:43.730221542Z,2026-09-02T01:36:54.268349608Z,10538.128072,200,fa5bbaa12602c6803fc911cd560f3cd567585f7b4703499b433ac2343ab380c5,,false,miss
retained-20260902-68135d3ad33f,S1-100-r03,S1-100,request-054,d4745ce8b0076d85ef4bad6643512dad50425d8f61a49108664596ff785caf3e,f4e44e9f9016,2026-09-02T01:36:43.730203344Z,2026-09-02T01:37:16.992192026Z,31543.091807,200,fa5bbaa12602c6803fc911cd560f3cd567585f7b4703499b433ac2343ab380c5,,false,miss
retained-20260902-68135d3ad33f,S1-100-r03,S1-100,request-055,d4745ce8b0076d85ef4bad6643512dad50425d8f61a49108664596ff785caf3e,f4e44e9f9016,2026-09-02T01:36:43.730176136Z,2026-09-02T01:37:03.072022827Z,19341.846699,200,fa5bbaa12602c6803fc911cd560f3cd567585f7b4703499b433ac2343ab380c5,,false,miss
retained-20260902-68135d3ad33f,S1-100-r03,S1-100,request-056,d4745ce8b0076d85ef4bad6643512dad50425d8f61a49108664596ff785caf3e,f4e44e9f9016,2026-09-02T01:36:43.730156126Z,2026-09-02T01:37:12.384672171Z,26935.619169,200,fa5bbaa12602c6803fc911cd560f3cd567585f7b4703499b433ac2343ab380c5,,false,miss
retained-20260902-68135d3ad33f,S1-100-r03,S1-100,request-057,d4745ce8b0076d85ef4bad6643512dad50425d8f61a49108664596ff785caf3e,f4e44e9f9016,2026-09-02T01:36:43.730127758Z,2026-09-02T01:37:14.583693286Z,29134.668650,200,fa5bbaa12602c6803fc911cd560f3cd567585f7b4703499b433ac2343ab380c5,,false,miss
retained-20260902-68135d3ad33f,S1-100-r03,S1-100,request-058,d4745ce8b0076d85ef4bad6643512dad50425d8f61a49108664596ff785caf3e,f4e44e9f9016,2026-09-02T01:36:43.730104582Z,2026-09-02T01:36:51.565398838Z,7835.294259,200,fa5bbaa12602c6803fc911cd560f3cd567585f7b4703499b433ac2343ab380c5,,false,miss
retained-20260902-68135d3ad33f,S1-100-r03,S1-100,request-059,d4745ce8b0076d85ef4bad6643512dad50425d8f61a49108664596ff785caf3e,f4e44e9f9016,2026-09-02T01:36:43.730081729Z,2026-09-02T01:37:08.560809648Z,24830.727927,200,fa5bbaa12602c6803fc911cd560f3cd567585f7b4703499b433ac2343ab380c5,,false,miss
retained-20260902-68135d3ad33f,S1-100-r03,S1-100,request-060,d4745ce8b0076d85ef4bad6643512dad50425d8f61a49108664596ff785caf3e,f4e44e9f9016,2026-09-02T01:36:43.730049564Z,2026-09-02T01:36:50.172660024Z,6442.610465,200,fa5bbaa12602c6803fc911cd560f3cd567585f7b4703499b433ac2343ab380c5,,false,miss
retained-20260902-68135d3ad33f,S1-100-r03,S1-100,request-061,d4745ce8b0076d85ef4bad6643512dad50425d8f61a49108664596ff785caf3e,f4e44e9f9016,2026-09-02T01:36:43.730029556Z,2026-09-02T01:36:50.673933757Z,6943.904211,200,fa5bbaa12602c6803fc911cd560f3cd567585f7b4703499b433ac2343ab380c5,,false,miss
retained-20260902-68135d3ad33f,S1-100-r03,S1-100,request-062,d4745ce8b0076d85ef4bad6643512dad50425d8f61a49108664596ff785caf3e,f4e44e9f9016,2026-09-02T01:36:43.729987171Z,2026-09-02T01:37:13.390658463Z,27941.774417,200,fa5bbaa12602c6803fc911cd560f3cd567585f7b4703499b433ac2343ab380c5,,false,miss
retained-20260902-68135d3ad33f,S1-100-r03,S1-100,request-063,d4745ce8b0076d85ef4bad6643512dad50425d8f61a49108664596ff785caf3e,f4e44e9f9016,2026-09-02T01:36:43.729971361Z,2026-09-02T01:37:06.363753354Z,22633.781995,200,fa5bbaa12602c6803fc911cd560f3cd567585f7b4703499b433ac2343ab380c5,,false,miss
retained-20260902-68135d3ad33f,S1-100-r03,S1-100,request-064,d4745ce8b0076d85ef4bad6643512dad50425d8f61a49108664596ff785caf3e,f4e44e9f9016,2026-09-02T01:36:43.729954931Z,2026-09-02T01:36:46.563150746Z,2833.195823,200,fa5bbaa12602c6803fc911cd560f3cd567585f7b4703499b433ac2343ab380c5,,false,miss
retained-20260902-68135d3ad33f,S1-100-r03,S1-100,request-065,d4745ce8b0076d85ef4bad6643512dad50425d8f61a49108664596ff785caf3e,f4e44e9f9016,2026-09-02T01:36:43.729937948Z,2026-09-02T01:37:03.975547533Z,20245.609607,200,fa5bbaa12602c6803fc911cd560f3cd567585f7b4703499b433ac2343ab380c5,,false,miss
retained-20260902-68135d3ad33f,S1-100-r03,S1-100,request-066,d4745ce8b0076d85ef4bad6643512dad50425d8f61a49108664596ff785caf3e,f4e44e9f9016,2026-09-02T01:36:43.729916242Z,2026-09-02T01:36:45.262304403Z,1532.388159,200,fa5bbaa12602c6803fc911cd560f3cd567585f7b4703499b433ac2343ab380c5,,false,miss
retained-20260902-68135d3ad33f,S1-100-r03,S1-100,request-067,d4745ce8b0076d85ef4bad6643512dad50425d8f61a49108664596ff785caf3e,f4e44e9f9016,2026-09-02T01:36:43.729892054Z,2026-09-02T01:36:45.067199729Z,1337.307677,200,fa5bbaa12602c6803fc911cd560f3cd567585f7b4703499b433ac2343ab380c5,,false,miss
retained-20260902-68135d3ad33f,S1-100-r03,S1-100,request-068,d4745ce8b0076d85ef4bad6643512dad50425d8f61a49108664596ff785caf3e,f4e44e9f9016,2026-09-02T01:36:43.729859761Z,2026-09-02T01:36:47.979348804Z,4249.489043,200,fa5bbaa12602c6803fc911cd560f3cd567585f7b4703499b433ac2343ab380c5,,false,miss
retained-20260902-68135d3ad33f,S1-100-r03,S1-100,request-069,d4745ce8b0076d85ef4bad6643512dad50425d8f61a49108664596ff785caf3e,f4e44e9f9016,2026-09-02T01:36:43.729819427Z,2026-09-02T01:36:47.879383549Z,4149.564128,200,fa5bbaa12602c6803fc911cd560f3cd567585f7b4703499b433ac2343ab380c5,,false,miss
retained-20260902-68135d3ad33f,S1-100-r03,S1-100,request-070,d4745ce8b0076d85ef4bad6643512dad50425d8f61a49108664596ff785caf3e,f4e44e9f9016,2026-09-02T01:36:43.729793435Z,2026-09-02T01:36:48.971708992Z,5241.915564,200,fa5bbaa12602c6803fc911cd560f3cd567585f7b4703499b433ac2343ab380c5,,false,miss
retained-20260902-68135d3ad33f,S1-100-r03,S1-100,request-071,d4745ce8b0076d85ef4bad6643512dad50425d8f61a49108664596ff785caf3e,f4e44e9f9016,2026-09-02T01:36:43.729762931Z,2026-09-02T01:36:49.965275078Z,6235.512153,200,fa5bbaa12602c6803fc911cd560f3cd567585f7b4703499b433ac2343ab380c5,,false,miss
retained-20260902-68135d3ad33f,S1-100-r03,S1-100,request-072,d4745ce8b0076d85ef4bad6643512dad50425d8f61a49108664596ff785caf3e,f4e44e9f9016,2026-09-02T01:36:43.729742696Z,2026-09-02T01:37:06.069119566Z,22339.376873,200,fa5bbaa12602c6803fc911cd560f3cd567585f7b4703499b433ac2343ab380c5,,false,miss
retained-20260902-68135d3ad33f,S1-100-r03,S1-100,request-073,d4745ce8b0076d85ef4bad6643512dad50425d8f61a49108664596ff785caf3e,f4e44e9f9016,2026-09-02T01:36:43.729702196Z,2026-09-02T01:36:47.679582105Z,3949.879904,200,fa5bbaa12602c6803fc911cd560f3cd567585f7b4703499b433ac2343ab380c5,,false,miss
retained-20260902-68135d3ad33f,S1-100-r03,S1-100,request-074,d4745ce8b0076d85ef4bad6643512dad50425d8f61a49108664596ff785caf3e,f4e44e9f9016,2026-09-02T01:36:43.729574836Z,2026-09-02T01:37:02.667129844Z,18937.555007,200,fa5bbaa12602c6803fc911cd560f3cd567585f7b4703499b433ac2343ab380c5,,false,miss
retained-20260902-68135d3ad33f,S1-100-r03,S1-100,request-075,d4745ce8b0076d85ef4bad6643512dad50425d8f61a49108664596ff785caf3e,f4e44e9f9016,2026-09-02T01:36:43.75447504Z,2026-09-02T01:36:59.480822695Z,15726.347658,200,fa5bbaa12602c6803fc911cd560f3cd567585f7b4703499b433ac2343ab380c5,,false,miss
retained-20260902-68135d3ad33f,S1-100-r03,S1-100,request-076,d4745ce8b0076d85ef4bad6643512dad50425d8f61a49108664596ff785caf3e,f4e44e9f9016,2026-09-02T01:36:43.754458277Z,2026-09-02T01:36:58.959783277Z,15205.325001,200,fa5bbaa12602c6803fc911cd560f3cd567585f7b4703499b433ac2343ab380c5,,false,miss
retained-20260902-68135d3ad33f,S1-100-r03,S1-100,request-077,d4745ce8b0076d85ef4bad6643512dad50425d8f61a49108664596ff785caf3e,f4e44e9f9016,2026-09-02T01:36:43.754440304Z,2026-09-02T01:36:58.18056942Z,14426.129117,200,fa5bbaa12602c6803fc911cd560f3cd567585f7b4703499b433ac2343ab380c5,,false,miss
retained-20260902-68135d3ad33f,S1-100-r03,S1-100,request-078,d4745ce8b0076d85ef4bad6643512dad50425d8f61a49108664596ff785caf3e,f4e44e9f9016,2026-09-02T01:36:43.754417112Z,2026-09-02T01:37:00.673620724Z,16919.203613,200,fa5bbaa12602c6803fc911cd560f3cd567585f7b4703499b433ac2343ab380c5,,false,miss
retained-20260902-68135d3ad33f,S1-100-r03,S1-100,request-079,d4745ce8b0076d85ef4bad6643512dad50425d8f61a49108664596ff785caf3e,f4e44e9f9016,2026-09-02T01:36:43.75436708Z,2026-09-02T01:36:56.663884866Z,12909.517792,200,fa5bbaa12602c6803fc911cd560f3cd567585f7b4703499b433ac2343ab380c5,,false,miss
retained-20260902-68135d3ad33f,S1-100-r03,S1-100,request-080,d4745ce8b0076d85ef4bad6643512dad50425d8f61a49108664596ff785caf3e,f4e44e9f9016,2026-09-02T01:36:43.754337432Z,2026-09-02T01:36:55.458485542Z,11704.148110,200,fa5bbaa12602c6803fc911cd560f3cd567585f7b4703499b433ac2343ab380c5,,false,miss
retained-20260902-68135d3ad33f,S1-100-r03,S1-100,request-081,d4745ce8b0076d85ef4bad6643512dad50425d8f61a49108664596ff785caf3e,f4e44e9f9016,2026-09-02T01:36:43.754317176Z,2026-09-02T01:36:54.970595214Z,11216.278043,200,fa5bbaa12602c6803fc911cd560f3cd567585f7b4703499b433ac2343ab380c5,,false,miss
retained-20260902-68135d3ad33f,S1-100-r03,S1-100,request-082,d4745ce8b0076d85ef4bad6643512dad50425d8f61a49108664596ff785caf3e,f4e44e9f9016,2026-09-02T01:36:43.754291641Z,2026-09-02T01:36:54.459172352Z,10704.880716,200,fa5bbaa12602c6803fc911cd560f3cd567585f7b4703499b433ac2343ab380c5,,false,miss
retained-20260902-68135d3ad33f,S1-100-r03,S1-100,request-083,d4745ce8b0076d85ef4bad6643512dad50425d8f61a49108664596ff785caf3e,f4e44e9f9016,2026-09-02T01:36:43.754275514Z,2026-09-02T01:36:53.66560389Z,9911.328384,200,fa5bbaa12602c6803fc911cd560f3cd567585f7b4703499b433ac2343ab380c5,,false,miss
retained-20260902-68135d3ad33f,S1-100-r03,S1-100,request-084,d4745ce8b0076d85ef4bad6643512dad50425d8f61a49108664596ff785caf3e,f4e44e9f9016,2026-09-02T01:36:43.75424647Z,2026-09-02T01:36:53.065715333Z,9311.468869,200,fa5bbaa12602c6803fc911cd560f3cd567585f7b4703499b433ac2343ab380c5,,false,miss
retained-20260902-68135d3ad33f,S1-100-r03,S1-100,request-085,d4745ce8b0076d85ef4bad6643512dad50425d8f61a49108664596ff785caf3e,f4e44e9f9016,2026-09-02T01:36:43.7542255Z,2026-09-02T01:36:52.865832071Z,9111.606577,200,fa5bbaa12602c6803fc911cd560f3cd567585f7b4703499b433ac2343ab380c5,,false,miss
retained-20260902-68135d3ad33f,S1-100-r03,S1-100,request-086,d4745ce8b0076d85ef4bad6643512dad50425d8f61a49108664596ff785caf3e,f4e44e9f9016,2026-09-02T01:36:43.754205627Z,2026-09-02T01:36:51.871554843Z,8117.349221,200,fa5bbaa12602c6803fc911cd560f3cd567585f7b4703499b433ac2343ab380c5,,false,miss
retained-20260902-68135d3ad33f,S1-100-r03,S1-100,request-087,d4745ce8b0076d85ef4bad6643512dad50425d8f61a49108664596ff785caf3e,f4e44e9f9016,2026-09-02T01:36:43.754183464Z,2026-09-02T01:36:51.958706556Z,8204.523094,200,fa5bbaa12602c6803fc911cd560f3cd567585f7b4703499b433ac2343ab380c5,,false,miss
retained-20260902-68135d3ad33f,S1-100-r03,S1-100,request-088,d4745ce8b0076d85ef4bad6643512dad50425d8f61a49108664596ff785caf3e,f4e44e9f9016,2026-09-02T01:36:43.754158233Z,2026-09-02T01:37:05.561356728Z,21807.198496,200,fa5bbaa12602c6803fc911cd560f3cd567585f7b4703499b433ac2343ab380c5,,false,miss
retained-20260902-68135d3ad33f,S1-100-r03,S1-100,request-089,d4745ce8b0076d85ef4bad6643512dad50425d8f61a49108664596ff785caf3e,f4e44e9f9016,2026-09-02T01:36:43.754139242Z,2026-09-02T01:36:50.658640062Z,6904.500815,200,fa5bbaa12602c6803fc911cd560f3cd567585f7b4703499b433ac2343ab380c5,,false,miss
retained-20260902-68135d3ad33f,S1-100-r03,S1-100,request-090,d4745ce8b0076d85ef4bad6643512dad50425d8f61a49108664596ff785caf3e,f4e44e9f9016,2026-09-02T01:36:43.754090759Z,2026-09-02T01:36:51.165298419Z,7411.207667,200,fa5bbaa12602c6803fc911cd560f3cd567585f7b4703499b433ac2343ab380c5,,false,miss
retained-20260902-68135d3ad33f,S1-100-r03,S1-100,request-091,d4745ce8b0076d85ef4bad6643512dad50425d8f61a49108664596ff785caf3e,f4e44e9f9016,2026-09-02T01:36:43.754063531Z,2026-09-02T01:37:16.882440636Z,31409.480217,200,fa5bbaa12602c6803fc911cd560f3cd567585f7b4703499b433ac2343ab380c5,,false,miss
retained-20260902-68135d3ad33f,S1-100-r03,S1-100,request-092,d4745ce8b0076d85ef4bad6643512dad50425d8f61a49108664596ff785caf3e,f4e44e9f9016,2026-09-02T01:36:43.754024174Z,2026-09-02T01:37:15.2916681Z,29818.747053,200,fa5bbaa12602c6803fc911cd560f3cd567585f7b4703499b433ac2343ab380c5,,false,miss
retained-20260902-68135d3ad33f,S1-100-r03,S1-100,request-093,d4745ce8b0076d85ef4bad6643512dad50425d8f61a49108664596ff785caf3e,f4e44e9f9016,2026-09-02T01:36:43.753969112Z,2026-09-02T01:37:14.485555218Z,29012.689229,200,fa5bbaa12602c6803fc911cd560f3cd567585f7b4703499b433ac2343ab380c5,,false,miss
retained-20260902-68135d3ad33f,S1-100-r03,S1-100,request-094,d4745ce8b0076d85ef4bad6643512dad50425d8f61a49108664596ff785caf3e,f4e44e9f9016,2026-09-02T01:36:43.753915128Z,2026-09-02T01:37:15.693777739Z,30220.965745,200,fa5bbaa12602c6803fc911cd560f3cd567585f7b4703499b433ac2343ab380c5,,false,miss
retained-20260902-68135d3ad33f,S1-100-r03,S1-100,request-095,d4745ce8b0076d85ef4bad6643512dad50425d8f61a49108664596ff785caf3e,f4e44e9f9016,2026-09-02T01:36:43.730484144Z,2026-09-02T01:37:13.591754641Z,28142.373617,200,fa5bbaa12602c6803fc911cd560f3cd567585f7b4703499b433ac2343ab380c5,,false,miss
retained-20260902-68135d3ad33f,S1-100-r03,S1-100,request-096,d4745ce8b0076d85ef4bad6643512dad50425d8f61a49108664596ff785caf3e,f4e44e9f9016,2026-09-02T01:36:43.730453849Z,2026-09-02T01:37:05.17134226Z,21440.888410,200,fa5bbaa12602c6803fc911cd560f3cd567585f7b4703499b433ac2343ab380c5,,false,miss
retained-20260902-68135d3ad33f,S1-100-r03,S1-100,request-097,d4745ce8b0076d85ef4bad6643512dad50425d8f61a49108664596ff785caf3e,f4e44e9f9016,2026-09-02T01:36:43.730418122Z,2026-09-02T01:37:04.358187376Z,20627.769262,200,fa5bbaa12602c6803fc911cd560f3cd567585f7b4703499b433ac2343ab380c5,,false,miss
retained-20260902-68135d3ad33f,S1-100-r03,S1-100,request-098,d4745ce8b0076d85ef4bad6643512dad50425d8f61a49108664596ff785caf3e,f4e44e9f9016,2026-09-02T01:36:43.730401165Z,2026-09-02T01:37:16.489485688Z,31040.187648,200,fa5bbaa12602c6803fc911cd560f3cd567585f7b4703499b433ac2343ab380c5,,false,miss
retained-20260902-68135d3ad33f,S1-100-r03,S1-100,request-099,d4745ce8b0076d85ef4bad6643512dad50425d8f61a49108664596ff785caf3e,f4e44e9f9016,2026-09-02T01:36:43.730376485Z,2026-09-02T01:37:03.556177637Z,19825.801160,200,fa5bbaa12602c6803fc911cd560f3cd567585f7b4703499b433ac2343ab380c5,,false,miss
retained-20260902-68135d3ad33f,S1-100-r03,S1-100,request-100,d4745ce8b0076d85ef4bad6643512dad50425d8f61a49108664596ff785caf3e,f4e44e9f9016,2026-09-02T01:36:43.754536306Z,2026-09-02T01:37:01.957898164Z,18203.361861,200,fa5bbaa12602c6803fc911cd560f3cd567585f7b4703499b433ac2343ab380c5,,false,miss
retained-20260902-68135d3ad33f,S0-r04,S0,request-001,d4745ce8b0076d85ef4bad6643512dad50425d8f61a49108664596ff785caf3e,f4e44e9f9016,2026-09-02T01:37:17.306875083Z,2026-09-02T01:37:17.627867934Z,320.992861,200,fa5bbaa12602c6803fc911cd560f3cd567585f7b4703499b433ac2343ab380c5,,false,miss
retained-20260902-68135d3ad33f,S1-10-r04,S1-10,request-001,d4745ce8b0076d85ef4bad6643512dad50425d8f61a49108664596ff785caf3e,f4e44e9f9016,2026-09-02T01:37:17.891261642Z,2026-09-02T01:37:21.19011708Z,3298.855443,200,fa5bbaa12602c6803fc911cd560f3cd567585f7b4703499b433ac2343ab380c5,,false,miss
retained-20260902-68135d3ad33f,S1-10-r04,S1-10,request-002,d4745ce8b0076d85ef4bad6643512dad50425d8f61a49108664596ff785caf3e,f4e44e9f9016,2026-09-02T01:37:17.89123957Z,2026-09-02T01:37:19.276360721Z,1385.121157,200,fa5bbaa12602c6803fc911cd560f3cd567585f7b4703499b433ac2343ab380c5,,false,miss
retained-20260902-68135d3ad33f,S1-10-r04,S1-10,request-003,d4745ce8b0076d85ef4bad6643512dad50425d8f61a49108664596ff785caf3e,f4e44e9f9016,2026-09-02T01:37:17.891211081Z,2026-09-02T01:37:19.279738524Z,1388.527445,200,fa5bbaa12602c6803fc911cd560f3cd567585f7b4703499b433ac2343ab380c5,,false,miss
retained-20260902-68135d3ad33f,S1-10-r04,S1-10,request-004,d4745ce8b0076d85ef4bad6643512dad50425d8f61a49108664596ff785caf3e,f4e44e9f9016,2026-09-02T01:37:17.891084674Z,2026-09-02T01:37:20.582347496Z,2691.262823,200,fa5bbaa12602c6803fc911cd560f3cd567585f7b4703499b433ac2343ab380c5,,false,miss
retained-20260902-68135d3ad33f,S1-10-r04,S1-10,request-005,d4745ce8b0076d85ef4bad6643512dad50425d8f61a49108664596ff785caf3e,f4e44e9f9016,2026-09-02T01:37:17.89128015Z,2026-09-02T01:37:20.490217222Z,2598.937077,200,fa5bbaa12602c6803fc911cd560f3cd567585f7b4703499b433ac2343ab380c5,,false,miss
retained-20260902-68135d3ad33f,S1-10-r04,S1-10,request-006,d4745ce8b0076d85ef4bad6643512dad50425d8f61a49108664596ff785caf3e,f4e44e9f9016,2026-09-02T01:37:17.891211244Z,2026-09-02T01:37:21.182850177Z,3291.638939,200,fa5bbaa12602c6803fc911cd560f3cd567585f7b4703499b433ac2343ab380c5,,false,miss
retained-20260902-68135d3ad33f,S1-10-r04,S1-10,request-007,d4745ce8b0076d85ef4bad6643512dad50425d8f61a49108664596ff785caf3e,f4e44e9f9016,2026-09-02T01:37:17.89123357Z,2026-09-02T01:37:20.578735964Z,2687.502402,200,fa5bbaa12602c6803fc911cd560f3cd567585f7b4703499b433ac2343ab380c5,,false,miss
retained-20260902-68135d3ad33f,S1-10-r04,S1-10,request-008,d4745ce8b0076d85ef4bad6643512dad50425d8f61a49108664596ff785caf3e,f4e44e9f9016,2026-09-02T01:37:17.891114952Z,2026-09-02T01:37:20.486868747Z,2595.753801,200,fa5bbaa12602c6803fc911cd560f3cd567585f7b4703499b433ac2343ab380c5,,false,miss
retained-20260902-68135d3ad33f,S1-10-r04,S1-10,request-009,d4745ce8b0076d85ef4bad6643512dad50425d8f61a49108664596ff785caf3e,f4e44e9f9016,2026-09-02T01:37:17.891108696Z,2026-09-02T01:37:19.192477085Z,1301.368397,200,fa5bbaa12602c6803fc911cd560f3cd567585f7b4703499b433ac2343ab380c5,,false,miss
retained-20260902-68135d3ad33f,S1-10-r04,S1-10,request-010,d4745ce8b0076d85ef4bad6643512dad50425d8f61a49108664596ff785caf3e,f4e44e9f9016,2026-09-02T01:37:17.891062064Z,2026-09-02T01:37:19.191618753Z,1300.556689,200,fa5bbaa12602c6803fc911cd560f3cd567585f7b4703499b433ac2343ab380c5,,false,miss
retained-20260902-68135d3ad33f,S2-10-r04,S2-10,request-001,d4745ce8b0076d85ef4bad6643512dad50425d8f61a49108664596ff785caf3e,f4e44e9f9016,2026-09-02T01:37:21.513745245Z,2026-09-02T01:37:21.836340407Z,322.595164,200,fa5bbaa12602c6803fc911cd560f3cd567585f7b4703499b433ac2343ab380c5,,true,miss
retained-20260902-68135d3ad33f,S2-10-r04,S2-10,request-002,d4745ce8b0076d85ef4bad6643512dad50425d8f61a49108664596ff785caf3e,f4e44e9f9016,2026-09-02T01:37:21.513700916Z,2026-09-02T01:37:21.836065965Z,322.365055,200,fa5bbaa12602c6803fc911cd560f3cd567585f7b4703499b433ac2343ab380c5,,true,miss
retained-20260902-68135d3ad33f,S2-10-r04,S2-10,request-003,d4745ce8b0076d85ef4bad6643512dad50425d8f61a49108664596ff785caf3e,f4e44e9f9016,2026-09-02T01:37:21.51362235Z,2026-09-02T01:37:21.83634159Z,322.719244,200,fa5bbaa12602c6803fc911cd560f3cd567585f7b4703499b433ac2343ab380c5,,true,miss
retained-20260902-68135d3ad33f,S2-10-r04,S2-10,request-004,d4745ce8b0076d85ef4bad6643512dad50425d8f61a49108664596ff785caf3e,f4e44e9f9016,2026-09-02T01:37:21.513562211Z,2026-09-02T01:37:21.836277649Z,322.715441,200,fa5bbaa12602c6803fc911cd560f3cd567585f7b4703499b433ac2343ab380c5,,true,miss
retained-20260902-68135d3ad33f,S2-10-r04,S2-10,request-005,d4745ce8b0076d85ef4bad6643512dad50425d8f61a49108664596ff785caf3e,f4e44e9f9016,2026-09-02T01:37:21.513747502Z,2026-09-02T01:37:21.836396448Z,322.648948,200,fa5bbaa12602c6803fc911cd560f3cd567585f7b4703499b433ac2343ab380c5,,true,miss
retained-20260902-68135d3ad33f,S2-10-r04,S2-10,request-006,d4745ce8b0076d85ef4bad6643512dad50425d8f61a49108664596ff785caf3e,f4e44e9f9016,2026-09-02T01:37:21.513728375Z,2026-09-02T01:37:21.836276649Z,322.548282,200,fa5bbaa12602c6803fc911cd560f3cd567585f7b4703499b433ac2343ab380c5,,true,miss
retained-20260902-68135d3ad33f,S2-10-r04,S2-10,request-007,d4745ce8b0076d85ef4bad6643512dad50425d8f61a49108664596ff785caf3e,f4e44e9f9016,2026-09-02T01:37:21.513703831Z,2026-09-02T01:37:21.836396306Z,322.692478,200,fa5bbaa12602c6803fc911cd560f3cd567585f7b4703499b433ac2343ab380c5,,true,miss
retained-20260902-68135d3ad33f,S2-10-r04,S2-10,request-008,d4745ce8b0076d85ef4bad6643512dad50425d8f61a49108664596ff785caf3e,f4e44e9f9016,2026-09-02T01:37:21.513593852Z,2026-09-02T01:37:21.836202495Z,322.608638,200,fa5bbaa12602c6803fc911cd560f3cd567585f7b4703499b433ac2343ab380c5,,false,miss
retained-20260902-68135d3ad33f,S2-10-r04,S2-10,request-009,d4745ce8b0076d85ef4bad6643512dad50425d8f61a49108664596ff785caf3e,f4e44e9f9016,2026-09-02T01:37:21.513764825Z,2026-09-02T01:37:21.836458361Z,322.693536,200,fa5bbaa12602c6803fc911cd560f3cd567585f7b4703499b433ac2343ab380c5,,true,miss
retained-20260902-68135d3ad33f,S2-10-r04,S2-10,request-010,d4745ce8b0076d85ef4bad6643512dad50425d8f61a49108664596ff785caf3e,f4e44e9f9016,2026-09-02T01:37:21.513768516Z,2026-09-02T01:37:21.836455748Z,322.687233,200,fa5bbaa12602c6803fc911cd560f3cd567585f7b4703499b433ac2343ab380c5,,true,miss
retained-20260902-68135d3ad33f,S2-50-r04,S2-50,request-001,d4745ce8b0076d85ef4bad6643512dad50425d8f61a49108664596ff785caf3e,f4e44e9f9016,2026-09-02T01:37:22.106239464Z,2026-09-02T01:37:22.437899972Z,331.660514,200,fa5bbaa12602c6803fc911cd560f3cd567585f7b4703499b433ac2343ab380c5,,true,miss
retained-20260902-68135d3ad33f,S2-50-r04,S2-50,request-002,d4745ce8b0076d85ef4bad6643512dad50425d8f61a49108664596ff785caf3e,f4e44e9f9016,2026-09-02T01:37:22.106213484Z,2026-09-02T01:37:22.437519662Z,331.306185,200,fa5bbaa12602c6803fc911cd560f3cd567585f7b4703499b433ac2343ab380c5,,true,miss
retained-20260902-68135d3ad33f,S2-50-r04,S2-50,request-003,d4745ce8b0076d85ef4bad6643512dad50425d8f61a49108664596ff785caf3e,f4e44e9f9016,2026-09-02T01:37:22.106262448Z,2026-09-02T01:37:22.438777149Z,332.514706,200,fa5bbaa12602c6803fc911cd560f3cd567585f7b4703499b433ac2343ab380c5,,true,miss
retained-20260902-68135d3ad33f,S2-50-r04,S2-50,request-004,d4745ce8b0076d85ef4bad6643512dad50425d8f61a49108664596ff785caf3e,f4e44e9f9016,2026-09-02T01:37:22.106177293Z,2026-09-02T01:37:22.4367499Z,330.572612,200,fa5bbaa12602c6803fc911cd560f3cd567585f7b4703499b433ac2343ab380c5,,true,miss
retained-20260902-68135d3ad33f,S2-50-r04,S2-50,request-005,d4745ce8b0076d85ef4bad6643512dad50425d8f61a49108664596ff785caf3e,f4e44e9f9016,2026-09-02T01:37:22.106144439Z,2026-09-02T01:37:22.435379574Z,329.235137,200,fa5bbaa12602c6803fc911cd560f3cd567585f7b4703499b433ac2343ab380c5,,false,miss
retained-20260902-68135d3ad33f,S2-50-r04,S2-50,request-006,d4745ce8b0076d85ef4bad6643512dad50425d8f61a49108664596ff785caf3e,f4e44e9f9016,2026-09-02T01:37:22.105986897Z,2026-09-02T01:37:22.438820968Z,332.834068,200,fa5bbaa12602c6803fc911cd560f3cd567585f7b4703499b433ac2343ab380c5,,true,miss
retained-20260902-68135d3ad33f,S2-50-r04,S2-50,request-007,d4745ce8b0076d85ef4bad6643512dad50425d8f61a49108664596ff785caf3e,f4e44e9f9016,2026-09-02T01:37:22.106821246Z,2026-09-02T01:37:22.438228641Z,331.407402,200,fa5bbaa12602c6803fc911cd560f3cd567585f7b4703499b433ac2343ab380c5,,true,miss
retained-20260902-68135d3ad33f,S2-50-r04,S2-50,request-008,d4745ce8b0076d85ef4bad6643512dad50425d8f61a49108664596ff785caf3e,f4e44e9f9016,2026-09-02T01:37:22.106800816Z,2026-09-02T01:37:22.436712757Z,329.911947,200,fa5bbaa12602c6803fc911cd560f3cd567585f7b4703499b433ac2343ab380c5,,true,miss
retained-20260902-68135d3ad33f,S2-50-r04,S2-50,request-009,d4745ce8b0076d85ef4bad6643512dad50425d8f61a49108664596ff785caf3e,f4e44e9f9016,2026-09-02T01:37:22.106776548Z,2026-09-02T01:37:22.43880866Z,332.032112,200,fa5bbaa12602c6803fc911cd560f3cd567585f7b4703499b433ac2343ab380c5,,true,miss
retained-20260902-68135d3ad33f,S2-50-r04,S2-50,request-010,d4745ce8b0076d85ef4bad6643512dad50425d8f61a49108664596ff785caf3e,f4e44e9f9016,2026-09-02T01:37:22.106726212Z,2026-09-02T01:37:22.437212063Z,330.485852,200,fa5bbaa12602c6803fc911cd560f3cd567585f7b4703499b433ac2343ab380c5,,true,miss
retained-20260902-68135d3ad33f,S2-50-r04,S2-50,request-011,d4745ce8b0076d85ef4bad6643512dad50425d8f61a49108664596ff785caf3e,f4e44e9f9016,2026-09-02T01:37:22.106682164Z,2026-09-02T01:37:22.436312077Z,329.629910,200,fa5bbaa12602c6803fc911cd560f3cd567585f7b4703499b433ac2343ab380c5,,true,miss
retained-20260902-68135d3ad33f,S2-50-r04,S2-50,request-012,d4745ce8b0076d85ef4bad6643512dad50425d8f61a49108664596ff785caf3e,f4e44e9f9016,2026-09-02T01:37:22.106646158Z,2026-09-02T01:37:22.436380442Z,329.734283,200,fa5bbaa12602c6803fc911cd560f3cd567585f7b4703499b433ac2343ab380c5,,true,miss
retained-20260902-68135d3ad33f,S2-50-r04,S2-50,request-013,d4745ce8b0076d85ef4bad6643512dad50425d8f61a49108664596ff785caf3e,f4e44e9f9016,2026-09-02T01:37:22.106590175Z,2026-09-02T01:37:22.438725019Z,332.134844,200,fa5bbaa12602c6803fc911cd560f3cd567585f7b4703499b433ac2343ab380c5,,true,miss
retained-20260902-68135d3ad33f,S2-50-r04,S2-50,request-014,d4745ce8b0076d85ef4bad6643512dad50425d8f61a49108664596ff785caf3e,f4e44e9f9016,2026-09-02T01:37:22.106523472Z,2026-09-02T01:37:22.436767323Z,330.243853,200,fa5bbaa12602c6803fc911cd560f3cd567585f7b4703499b433ac2343ab380c5,,true,miss
retained-20260902-68135d3ad33f,S2-50-r04,S2-50,request-015,d4745ce8b0076d85ef4bad6643512dad50425d8f61a49108664596ff785caf3e,f4e44e9f9016,2026-09-02T01:37:22.106503052Z,2026-09-02T01:37:22.437970235Z,331.467183,200,fa5bbaa12602c6803fc911cd560f3cd567585f7b4703499b433ac2343ab380c5,,true,miss
retained-20260902-68135d3ad33f,S2-50-r04,S2-50,request-016,d4745ce8b0076d85ef4bad6643512dad50425d8f61a49108664596ff785caf3e,f4e44e9f9016,2026-09-02T01:37:22.106471859Z,2026-09-02T01:37:22.436819044Z,330.347186,200,fa5bbaa12602c6803fc911cd560f3cd567585f7b4703499b433ac2343ab380c5,,true,miss
retained-20260902-68135d3ad33f,S2-50-r04,S2-50,request-017,d4745ce8b0076d85ef4bad6643512dad50425d8f61a49108664596ff785caf3e,f4e44e9f9016,2026-09-02T01:37:22.106421332Z,2026-09-02T01:37:22.438254395Z,331.833070,200,fa5bbaa12602c6803fc911cd560f3cd567585f7b4703499b433ac2343ab380c5,,true,miss
retained-20260902-68135d3ad33f,S2-50-r04,S2-50,request-018,d4745ce8b0076d85ef4bad6643512dad50425d8f61a49108664596ff785caf3e,f4e44e9f9016,2026-09-02T01:37:22.106397108Z,2026-09-02T01:37:22.436949322Z,330.552214,200,fa5bbaa12602c6803fc911cd560f3cd567585f7b4703499b433ac2343ab380c5,,true,miss
retained-20260902-68135d3ad33f,S2-50-r04,S2-50,request-019,d4745ce8b0076d85ef4bad6643512dad50425d8f61a49108664596ff785caf3e,f4e44e9f9016,2026-09-02T01:37:22.106358446Z,2026-09-02T01:37:22.436443716Z,330.085272,200,fa5bbaa12602c6803fc911cd560f3cd567585f7b4703499b433ac2343ab380c5,,true,miss
retained-20260902-68135d3ad33f,S2-50-r04,S2-50,request-020,d4745ce8b0076d85ef4bad6643512dad50425d8f61a49108664596ff785caf3e,f4e44e9f9016,2026-09-02T01:37:22.106325171Z,2026-09-02T01:37:22.437910134Z,331.584963,200,fa5bbaa12602c6803fc911cd560f3cd567585f7b4703499b433ac2343ab380c5,,true,miss
retained-20260902-68135d3ad33f,S2-50-r04,S2-50,request-021,d4745ce8b0076d85ef4bad6643512dad50425d8f61a49108664596ff785caf3e,f4e44e9f9016,2026-09-02T01:37:22.106284663Z,2026-09-02T01:37:22.436639901Z,330.355240,200,fa5bbaa12602c6803fc911cd560f3cd567585f7b4703499b433ac2343ab380c5,,true,miss
retained-20260902-68135d3ad33f,S2-50-r04,S2-50,request-022,d4745ce8b0076d85ef4bad6643512dad50425d8f61a49108664596ff785caf3e,f4e44e9f9016,2026-09-02T01:37:22.106264362Z,2026-09-02T01:37:22.4386378Z,332.373435,200,fa5bbaa12602c6803fc911cd560f3cd567585f7b4703499b433ac2343ab380c5,,true,miss
retained-20260902-68135d3ad33f,S2-50-r04,S2-50,request-023,d4745ce8b0076d85ef4bad6643512dad50425d8f61a49108664596ff785caf3e,f4e44e9f9016,2026-09-02T01:37:22.106218404Z,2026-09-02T01:37:22.438010481Z,331.792083,200,fa5bbaa12602c6803fc911cd560f3cd567585f7b4703499b433ac2343ab380c5,,true,miss
retained-20260902-68135d3ad33f,S2-50-r04,S2-50,request-024,d4745ce8b0076d85ef4bad6643512dad50425d8f61a49108664596ff785caf3e,f4e44e9f9016,2026-09-02T01:37:22.106196798Z,2026-09-02T01:37:22.436695726Z,330.498930,200,fa5bbaa12602c6803fc911cd560f3cd567585f7b4703499b433ac2343ab380c5,,true,miss
retained-20260902-68135d3ad33f,S2-50-r04,S2-50,request-025,d4745ce8b0076d85ef4bad6643512dad50425d8f61a49108664596ff785caf3e,f4e44e9f9016,2026-09-02T01:37:22.106170056Z,2026-09-02T01:37:22.436871545Z,330.701494,200,fa5bbaa12602c6803fc911cd560f3cd567585f7b4703499b433ac2343ab380c5,,true,miss
retained-20260902-68135d3ad33f,S2-50-r04,S2-50,request-026,d4745ce8b0076d85ef4bad6643512dad50425d8f61a49108664596ff785caf3e,f4e44e9f9016,2026-09-02T01:37:22.106141792Z,2026-09-02T01:37:22.436372717Z,330.230921,200,fa5bbaa12602c6803fc911cd560f3cd567585f7b4703499b433ac2343ab380c5,,true,miss
retained-20260902-68135d3ad33f,S2-50-r04,S2-50,request-027,d4745ce8b0076d85ef4bad6643512dad50425d8f61a49108664596ff785caf3e,f4e44e9f9016,2026-09-02T01:37:22.106050329Z,2026-09-02T01:37:22.436570751Z,330.520427,200,fa5bbaa12602c6803fc911cd560f3cd567585f7b4703499b433ac2343ab380c5,,true,miss
retained-20260902-68135d3ad33f,S2-50-r04,S2-50,request-028,d4745ce8b0076d85ef4bad6643512dad50425d8f61a49108664596ff785caf3e,f4e44e9f9016,2026-09-02T01:37:22.106031272Z,2026-09-02T01:37:22.438756818Z,332.725554,200,fa5bbaa12602c6803fc911cd560f3cd567585f7b4703499b433ac2343ab380c5,,true,miss
retained-20260902-68135d3ad33f,S2-50-r04,S2-50,request-029,d4745ce8b0076d85ef4bad6643512dad50425d8f61a49108664596ff785caf3e,f4e44e9f9016,2026-09-02T01:37:22.106025058Z,2026-09-02T01:37:22.437846767Z,331.821715,200,fa5bbaa12602c6803fc911cd560f3cd567585f7b4703499b433ac2343ab380c5,,true,miss
retained-20260902-68135d3ad33f,S2-50-r04,S2-50,request-030,d4745ce8b0076d85ef4bad6643512dad50425d8f61a49108664596ff785caf3e,f4e44e9f9016,2026-09-02T01:37:22.105996724Z,2026-09-02T01:37:22.436253282Z,330.256557,200,fa5bbaa12602c6803fc911cd560f3cd567585f7b4703499b433ac2343ab380c5,,true,miss
retained-20260902-68135d3ad33f,S2-50-r04,S2-50,request-031,d4745ce8b0076d85ef4bad6643512dad50425d8f61a49108664596ff785caf3e,f4e44e9f9016,2026-09-02T01:37:22.106796972Z,2026-09-02T01:37:22.436975778Z,330.178793,200,fa5bbaa12602c6803fc911cd560f3cd567585f7b4703499b433ac2343ab380c5,,true,miss
retained-20260902-68135d3ad33f,S2-50-r04,S2-50,request-032,d4745ce8b0076d85ef4bad6643512dad50425d8f61a49108664596ff785caf3e,f4e44e9f9016,2026-09-02T01:37:22.106778393Z,2026-09-02T01:37:22.437952775Z,331.174377,200,fa5bbaa12602c6803fc911cd560f3cd567585f7b4703499b433ac2343ab380c5,,true,miss
retained-20260902-68135d3ad33f,S2-50-r04,S2-50,request-033,d4745ce8b0076d85ef4bad6643512dad50425d8f61a49108664596ff785caf3e,f4e44e9f9016,2026-09-02T01:37:22.106732872Z,2026-09-02T01:37:22.436801968Z,330.069101,200,fa5bbaa12602c6803fc911cd560f3cd567585f7b4703499b433ac2343ab380c5,,true,miss
retained-20260902-68135d3ad33f,S2-50-r04,S2-50,request-034,d4745ce8b0076d85ef4bad6643512dad50425d8f61a49108664596ff785caf3e,f4e44e9f9016,2026-09-02T01:37:22.106691827Z,2026-09-02T01:37:22.436500082Z,329.808262,200,fa5bbaa12602c6803fc911cd560f3cd567585f7b4703499b433ac2343ab380c5,,true,miss
retained-20260902-68135d3ad33f,S2-50-r04,S2-50,request-035,d4745ce8b0076d85ef4bad6643512dad50425d8f61a49108664596ff785caf3e,f4e44e9f9016,2026-09-02T01:37:22.106667876Z,2026-09-02T01:37:22.436510437Z,329.842561,200,fa5bbaa12602c6803fc911cd560f3cd567585f7b4703499b433ac2343ab380c5,,true,miss
retained-20260902-68135d3ad33f,S2-50-r04,S2-50,request-036,d4745ce8b0076d85ef4bad6643512dad50425d8f61a49108664596ff785caf3e,f4e44e9f9016,2026-09-02T01:37:22.106638032Z,2026-09-02T01:37:22.438026986Z,331.388956,200,fa5bbaa12602c6803fc911cd560f3cd567585f7b4703499b433ac2343ab380c5,,true,miss
retained-20260902-68135d3ad33f,S2-50-r04,S2-50,request-037,d4745ce8b0076d85ef4bad6643512dad50425d8f61a49108664596ff785caf3e,f4e44e9f9016,2026-09-02T01:37:22.106602726Z,2026-09-02T01:37:22.438839641Z,332.236916,200,fa5bbaa12602c6803fc911cd560f3cd567585f7b4703499b433ac2343ab380c5,,true,miss
retained-20260902-68135d3ad33f,S2-50-r04,S2-50,request-038,d4745ce8b0076d85ef4bad6643512dad50425d8f61a49108664596ff785caf3e,f4e44e9f9016,2026-09-02T01:37:22.106525961Z,2026-09-02T01:37:22.437052571Z,330.526611,200,fa5bbaa12602c6803fc911cd560f3cd567585f7b4703499b433ac2343ab380c5,,true,miss
retained-20260902-68135d3ad33f,S2-50-r04,S2-50,request-039,d4745ce8b0076d85ef4bad6643512dad50425d8f61a49108664596ff785caf3e,f4e44e9f9016,2026-09-02T01:37:22.10650414Z,2026-09-02T01:37:22.438105201Z,331.601065,200,fa5bbaa12602c6803fc911cd560f3cd567585f7b4703499b433ac2343ab380c5,,true,miss
retained-20260902-68135d3ad33f,S2-50-r04,S2-50,request-040,d4745ce8b0076d85ef4bad6643512dad50425d8f61a49108664596ff785caf3e,f4e44e9f9016,2026-09-02T01:37:22.106475319Z,2026-09-02T01:37:22.437216697Z,330.741387,200,fa5bbaa12602c6803fc911cd560f3cd567585f7b4703499b433ac2343ab380c5,,true,miss
retained-20260902-68135d3ad33f,S2-50-r04,S2-50,request-041,d4745ce8b0076d85ef4bad6643512dad50425d8f61a49108664596ff785caf3e,f4e44e9f9016,2026-09-02T01:37:22.106459027Z,2026-09-02T01:37:22.436569826Z,330.110807,200,fa5bbaa12602c6803fc911cd560f3cd567585f7b4703499b433ac2343ab380c5,,true,miss
retained-20260902-68135d3ad33f,S2-50-r04,S2-50,request-042,d4745ce8b0076d85ef4bad6643512dad50425d8f61a49108664596ff785caf3e,f4e44e9f9016,2026-09-02T01:37:22.106420549Z,2026-09-02T01:37:22.437846984Z,331.426443,200,fa5bbaa12602c6803fc911cd560f3cd567585f7b4703499b433ac2343ab380c5,,true,miss
retained-20260902-68135d3ad33f,S2-50-r04,S2-50,request-043,d4745ce8b0076d85ef4bad6643512dad50425d8f61a49108664596ff785caf3e,f4e44e9f9016,2026-09-02T01:37:22.106401501Z,2026-09-02T01:37:22.436633066Z,330.231563,200,fa5bbaa12602c6803fc911cd560f3cd567585f7b4703499b433ac2343ab380c5,,true,miss
retained-20260902-68135d3ad33f,S2-50-r04,S2-50,request-044,d4745ce8b0076d85ef4bad6643512dad50425d8f61a49108664596ff785caf3e,f4e44e9f9016,2026-09-02T01:37:22.10638146Z,2026-09-02T01:37:22.436439954Z,330.058502,200,fa5bbaa12602c6803fc911cd560f3cd567585f7b4703499b433ac2343ab380c5,,true,miss
retained-20260902-68135d3ad33f,S2-50-r04,S2-50,request-045,d4745ce8b0076d85ef4bad6643512dad50425d8f61a49108664596ff785caf3e,f4e44e9f9016,2026-09-02T01:37:22.106363022Z,2026-09-02T01:37:22.435395688Z,329.032672,200,fa5bbaa12602c6803fc911cd560f3cd567585f7b4703499b433ac2343ab380c5,,true,miss
retained-20260902-68135d3ad33f,S2-50-r04,S2-50,request-046,d4745ce8b0076d85ef4bad6643512dad50425d8f61a49108664596ff785caf3e,f4e44e9f9016,2026-09-02T01:37:22.106347432Z,2026-09-02T01:37:22.438787601Z,332.440176,200,fa5bbaa12602c6803fc911cd560f3cd567585f7b4703499b433ac2343ab380c5,,true,miss
retained-20260902-68135d3ad33f,S2-50-r04,S2-50,request-047,d4745ce8b0076d85ef4bad6643512dad50425d8f61a49108664596ff785caf3e,f4e44e9f9016,2026-09-02T01:37:22.106327523Z,2026-09-02T01:37:22.438547687Z,332.220117,200,fa5bbaa12602c6803fc911cd560f3cd567585f7b4703499b433ac2343ab380c5,,true,miss
retained-20260902-68135d3ad33f,S2-50-r04,S2-50,request-048,d4745ce8b0076d85ef4bad6643512dad50425d8f61a49108664596ff785caf3e,f4e44e9f9016,2026-09-02T01:37:22.106307817Z,2026-09-02T01:37:22.436902828Z,330.595018,200,fa5bbaa12602c6803fc911cd560f3cd567585f7b4703499b433ac2343ab380c5,,true,miss
retained-20260902-68135d3ad33f,S2-50-r04,S2-50,request-049,d4745ce8b0076d85ef4bad6643512dad50425d8f61a49108664596ff785caf3e,f4e44e9f9016,2026-09-02T01:37:22.106287004Z,2026-09-02T01:37:22.438746146Z,332.459150,200,fa5bbaa12602c6803fc911cd560f3cd567585f7b4703499b433ac2343ab380c5,,true,miss
retained-20260902-68135d3ad33f,S2-50-r04,S2-50,request-050,d4745ce8b0076d85ef4bad6643512dad50425d8f61a49108664596ff785caf3e,f4e44e9f9016,2026-09-02T01:37:22.106884242Z,2026-09-02T01:37:22.4370274Z,330.143154,200,fa5bbaa12602c6803fc911cd560f3cd567585f7b4703499b433ac2343ab380c5,,true,miss
retained-20260902-68135d3ad33f,S1-50-r04,S1-50,request-001,d4745ce8b0076d85ef4bad6643512dad50425d8f61a49108664596ff785caf3e,f4e44e9f9016,2026-09-02T01:37:22.749091898Z,2026-09-02T01:37:37.091357795Z,14342.265900,200,fa5bbaa12602c6803fc911cd560f3cd567585f7b4703499b433ac2343ab380c5,,false,miss
retained-20260902-68135d3ad33f,S1-50-r04,S1-50,request-002,d4745ce8b0076d85ef4bad6643512dad50425d8f61a49108664596ff785caf3e,f4e44e9f9016,2026-09-02T01:37:22.74981458Z,2026-09-02T01:37:31.881167708Z,9131.353131,200,fa5bbaa12602c6803fc911cd560f3cd567585f7b4703499b433ac2343ab380c5,,false,miss
retained-20260902-68135d3ad33f,S1-50-r04,S1-50,request-003,d4745ce8b0076d85ef4bad6643512dad50425d8f61a49108664596ff785caf3e,f4e44e9f9016,2026-09-02T01:37:22.749787991Z,2026-09-02T01:37:31.679304762Z,8929.516777,200,fa5bbaa12602c6803fc911cd560f3cd567585f7b4703499b433ac2343ab380c5,,false,miss
retained-20260902-68135d3ad33f,S1-50-r04,S1-50,request-004,d4745ce8b0076d85ef4bad6643512dad50425d8f61a49108664596ff785caf3e,f4e44e9f9016,2026-09-02T01:37:22.749771523Z,2026-09-02T01:37:31.578443406Z,8828.671886,200,fa5bbaa12602c6803fc911cd560f3cd567585f7b4703499b433ac2343ab380c5,,false,miss
retained-20260902-68135d3ad33f,S1-50-r04,S1-50,request-005,d4745ce8b0076d85ef4bad6643512dad50425d8f61a49108664596ff785caf3e,f4e44e9f9016,2026-09-02T01:37:22.749753728Z,2026-09-02T01:37:35.577931218Z,12828.177493,200,fa5bbaa12602c6803fc911cd560f3cd567585f7b4703499b433ac2343ab380c5,,false,miss
retained-20260902-68135d3ad33f,S1-50-r04,S1-50,request-006,d4745ce8b0076d85ef4bad6643512dad50425d8f61a49108664596ff785caf3e,f4e44e9f9016,2026-09-02T01:37:22.749725952Z,2026-09-02T01:37:26.697981004Z,3948.255051,200,fa5bbaa12602c6803fc911cd560f3cd567585f7b4703499b433ac2343ab380c5,,false,miss
retained-20260902-68135d3ad33f,S1-50-r04,S1-50,request-007,d4745ce8b0076d85ef4bad6643512dad50425d8f61a49108664596ff785caf3e,f4e44e9f9016,2026-09-02T01:37:22.749707101Z,2026-09-02T01:37:37.997496521Z,15247.789420,200,fa5bbaa12602c6803fc911cd560f3cd567585f7b4703499b433ac2343ab380c5,,false,miss
retained-20260902-68135d3ad33f,S1-50-r04,S1-50,request-008,d4745ce8b0076d85ef4bad6643512dad50425d8f61a49108664596ff785caf3e,f4e44e9f9016,2026-09-02T01:37:22.749680867Z,2026-09-02T01:37:30.492812301Z,7743.131441,200,fa5bbaa12602c6803fc911cd560f3cd567585f7b4703499b433ac2343ab380c5,,false,miss
retained-20260902-68135d3ad33f,S1-50-r04,S1-50,request-009,d4745ce8b0076d85ef4bad6643512dad50425d8f61a49108664596ff785caf3e,f4e44e9f9016,2026-09-02T01:37:22.749656624Z,2026-09-02T01:37:34.281770999Z,11532.114383,200,fa5bbaa12602c6803fc911cd560f3cd567585f7b4703499b433ac2343ab380c5,,false,miss
retained-20260902-68135d3ad33f,S1-50-r04,S1-50,request-010,d4745ce8b0076d85ef4bad6643512dad50425d8f61a49108664596ff785caf3e,f4e44e9f9016,2026-09-02T01:37:22.749632083Z,2026-09-02T01:37:30.398746413Z,7649.114336,200,fa5bbaa12602c6803fc911cd560f3cd567585f7b4703499b433ac2343ab380c5,,false,miss
retained-20260902-68135d3ad33f,S1-50-r04,S1-50,request-011,d4745ce8b0076d85ef4bad6643512dad50425d8f61a49108664596ff785caf3e,f4e44e9f9016,2026-09-02T01:37:22.749614982Z,2026-09-02T01:37:34.185099618Z,11435.484637,200,fa5bbaa12602c6803fc911cd560f3cd567585f7b4703499b433ac2343ab380c5,,false,miss
retained-20260902-68135d3ad33f,S1-50-r04,S1-50,request-012,d4745ce8b0076d85ef4bad6643512dad50425d8f61a49108664596ff785caf3e,f4e44e9f9016,2026-09-02T01:37:22.749590093Z,2026-09-02T01:37:24.188262827Z,1438.672742,200,fa5bbaa12602c6803fc911cd560f3cd567585f7b4703499b433ac2343ab380c5,,false,miss
retained-20260902-68135d3ad33f,S1-50-r04,S1-50,request-013,d4745ce8b0076d85ef4bad6643512dad50425d8f61a49108664596ff785caf3e,f4e44e9f9016,2026-09-02T01:37:22.749557332Z,2026-09-02T01:37:37.591002424Z,14841.445099,200,fa5bbaa12602c6803fc911cd560f3cd567585f7b4703499b433ac2343ab380c5,,false,miss
retained-20260902-68135d3ad33f,S1-50-r04,S1-50,request-014,d4745ce8b0076d85ef4bad6643512dad50425d8f61a49108664596ff785caf3e,f4e44e9f9016,2026-09-02T01:37:22.749535819Z,2026-09-02T01:37:29.28592316Z,6536.387350,200,fa5bbaa12602c6803fc911cd560f3cd567585f7b4703499b433ac2343ab380c5,,false,miss
retained-20260902-68135d3ad33f,S1-50-r04,S1-50,request-015,d4745ce8b0076d85ef4bad6643512dad50425d8f61a49108664596ff785caf3e,f4e44e9f9016,2026-09-02T01:37:22.749512549Z,2026-09-02T01:37:29.182283269Z,6432.770728,200,fa5bbaa12602c6803fc911cd560f3cd567585f7b4703499b433ac2343ab380c5,,false,miss
retained-20260902-68135d3ad33f,S1-50-r04,S1-50,request-016,d4745ce8b0076d85ef4bad6643512dad50425d8f61a49108664596ff785caf3e,f4e44e9f9016,2026-09-02T01:37:22.749493267Z,2026-09-02T01:37:27.988488391Z,5238.995134,200,fa5bbaa12602c6803fc911cd560f3cd567585f7b4703499b433ac2343ab380c5,,false,miss
retained-20260902-68135d3ad33f,S1-50-r04,S1-50,request-017,d4745ce8b0076d85ef4bad6643512dad50425d8f61a49108664596ff785caf3e,f4e44e9f9016,2026-09-02T01:37:22.749475861Z,2026-09-02T01:37:27.976423324Z,5226.947477,200,fa5bbaa12602c6803fc911cd560f3cd567585f7b4703499b433ac2343ab380c5,,false,miss
retained-20260902-68135d3ad33f,S1-50-r04,S1-50,request-018,d4745ce8b0076d85ef4bad6643512dad50425d8f61a49108664596ff785caf3e,f4e44e9f9016,2026-09-02T01:37:22.749457948Z,2026-09-02T01:37:36.882148974Z,14132.691035,200,fa5bbaa12602c6803fc911cd560f3cd567585f7b4703499b433ac2343ab380c5,,false,miss
retained-20260902-68135d3ad33f,S1-50-r04,S1-50,request-019,d4745ce8b0076d85ef4bad6643512dad50425d8f61a49108664596ff785caf3e,f4e44e9f9016,2026-09-02T01:37:22.74943785Z,2026-09-02T01:37:26.678459676Z,3929.021834,200,fa5bbaa12602c6803fc911cd560f3cd567585f7b4703499b433ac2343ab380c5,,false,miss
retained-20260902-68135d3ad33f,S1-50-r04,S1-50,request-020,d4745ce8b0076d85ef4bad6643512dad50425d8f61a49108664596ff785caf3e,f4e44e9f9016,2026-09-02T01:37:22.749414228Z,2026-09-02T01:37:35.276531962Z,12527.117731,200,fa5bbaa12602c6803fc911cd560f3cd567585f7b4703499b433ac2343ab380c5,,false,miss
retained-20260902-68135d3ad33f,S1-50-r04,S1-50,request-021,d4745ce8b0076d85ef4bad6643512dad50425d8f61a49108664596ff785caf3e,f4e44e9f9016,2026-09-02T01:37:22.749382832Z,2026-09-02T01:37:25.384114155Z,2634.731319,200,fa5bbaa12602c6803fc911cd560f3cd567585f7b4703499b433ac2343ab380c5,,false,miss
retained-20260902-68135d3ad33f,S1-50-r04,S1-50,request-022,d4745ce8b0076d85ef4bad6643512dad50425d8f61a49108664596ff785caf3e,f4e44e9f9016,2026-09-02T01:37:22.749362531Z,2026-09-02T01:37:25.490357815Z,2740.995288,200,fa5bbaa12602c6803fc911cd560f3cd567585f7b4703499b433ac2343ab380c5,,false,miss
retained-20260902-68135d3ad33f,S1-50-r04,S1-50,request-023,d4745ce8b0076d85ef4bad6643512dad50425d8f61a49108664596ff785caf3e,f4e44e9f9016,2026-09-02T01:37:22.749301767Z,2026-09-02T01:37:38.58956564Z,15840.263879,200,fa5bbaa12602c6803fc911cd560f3cd567585f7b4703499b433ac2343ab380c5,,false,miss
retained-20260902-68135d3ad33f,S1-50-r04,S1-50,request-024,d4745ce8b0076d85ef4bad6643512dad50425d8f61a49108664596ff785caf3e,f4e44e9f9016,2026-09-02T01:37:22.749261517Z,2026-09-02T01:37:33.07809897Z,10328.837452,200,fa5bbaa12602c6803fc911cd560f3cd567585f7b4703499b433ac2343ab380c5,,false,miss
retained-20260902-68135d3ad33f,S1-50-r04,S1-50,request-025,d4745ce8b0076d85ef4bad6643512dad50425d8f61a49108664596ff785caf3e,f4e44e9f9016,2026-09-02T01:37:22.749122784Z,2026-09-02T01:37:31.691576719Z,8942.453936,200,fa5bbaa12602c6803fc911cd560f3cd567585f7b4703499b433ac2343ab380c5,,false,miss
retained-20260902-68135d3ad33f,S1-50-r04,S1-50,request-026,d4745ce8b0076d85ef4bad6643512dad50425d8f61a49108664596ff785caf3e,f4e44e9f9016,2026-09-02T01:37:22.749751522Z,2026-09-02T01:37:35.684695214Z,12934.943691,200,fa5bbaa12602c6803fc911cd560f3cd567585f7b4703499b433ac2343ab380c5,,false,miss
retained-20260902-68135d3ad33f,S1-50-r04,S1-50,request-027,d4745ce8b0076d85ef4bad6643512dad50425d8f61a49108664596ff785caf3e,f4e44e9f9016,2026-09-02T01:37:22.749725501Z,2026-09-02T01:37:35.389954195Z,12640.228683,200,fa5bbaa12602c6803fc911cd560f3cd567585f7b4703499b433ac2343ab380c5,,false,miss
retained-20260902-68135d3ad33f,S1-50-r04,S1-50,request-028,d4745ce8b0076d85ef4bad6643512dad50425d8f61a49108664596ff785caf3e,f4e44e9f9016,2026-09-02T01:37:22.749709568Z,2026-09-02T01:37:25.3772469Z,2627.537337,200,fa5bbaa12602c6803fc911cd560f3cd567585f7b4703499b433ac2343ab380c5,,false,miss
retained-20260902-68135d3ad33f,S1-50-r04,S1-50,request-029,d4745ce8b0076d85ef4bad6643512dad50425d8f61a49108664596ff785caf3e,f4e44e9f9016,2026-09-02T01:37:22.749689212Z,2026-09-02T01:37:30.481499867Z,7731.810659,200,fa5bbaa12602c6803fc911cd560f3cd567585f7b4703499b433ac2343ab380c5,,false,miss
retained-20260902-68135d3ad33f,S1-50-r04,S1-50,request-030,d4745ce8b0076d85ef4bad6643512dad50425d8f61a49108664596ff785caf3e,f4e44e9f9016,2026-09-02T01:37:22.749669944Z,2026-09-02T01:37:38.290497804Z,15540.827864,200,fa5bbaa12602c6803fc911cd560f3cd567585f7b4703499b433ac2343ab380c5,,false,miss
retained-20260902-68135d3ad33f,S1-50-r04,S1-50,request-031,d4745ce8b0076d85ef4bad6643512dad50425d8f61a49108664596ff785caf3e,f4e44e9f9016,2026-09-02T01:37:22.749648316Z,2026-09-02T01:37:38.609787464Z,15860.139148,200,fa5bbaa12602c6803fc911cd560f3cd567585f7b4703499b433ac2343ab380c5,,false,miss
retained-20260902-68135d3ad33f,S1-50-r04,S1-50,request-032,d4745ce8b0076d85ef4bad6643512dad50425d8f61a49108664596ff785caf3e,f4e44e9f9016,2026-09-02T01:37:22.749625364Z,2026-09-02T01:37:34.380352571Z,11630.727213,200,fa5bbaa12602c6803fc911cd560f3cd567585f7b4703499b433ac2343ab380c5,,false,miss
retained-20260902-68135d3ad33f,S1-50-r04,S1-50,request-033,d4745ce8b0076d85ef4bad6643512dad50425d8f61a49108664596ff785caf3e,f4e44e9f9016,2026-09-02T01:37:22.749598941Z,2026-09-02T01:37:32.983392892Z,10233.793956,200,fa5bbaa12602c6803fc911cd560f3cd567585f7b4703499b433ac2343ab380c5,,false,miss
retained-20260902-68135d3ad33f,S1-50-r04,S1-50,request-034,d4745ce8b0076d85ef4bad6643512dad50425d8f61a49108664596ff785caf3e,f4e44e9f9016,2026-09-02T01:37:22.749582196Z,2026-09-02T01:37:32.889627754Z,10140.045568,200,fa5bbaa12602c6803fc911cd560f3cd567585f7b4703499b433ac2343ab380c5,,false,miss
retained-20260902-68135d3ad33f,S1-50-r04,S1-50,request-035,d4745ce8b0076d85ef4bad6643512dad50425d8f61a49108664596ff785caf3e,f4e44e9f9016,2026-09-02T01:37:22.749556377Z,2026-09-02T01:37:30.389398698Z,7639.842292,200,fa5bbaa12602c6803fc911cd560f3cd567585f7b4703499b433ac2343ab380c5,,false,miss
retained-20260902-68135d3ad33f,S1-50-r04,S1-50,request-036,d4745ce8b0076d85ef4bad6643512dad50425d8f61a49108664596ff785caf3e,f4e44e9f9016,2026-09-02T01:37:22.749534056Z,2026-09-02T01:37:29.190925927Z,6441.391874,200,fa5bbaa12602c6803fc911cd560f3cd567585f7b4703499b433ac2343ab380c5,,false,miss
retained-20260902-68135d3ad33f,S1-50-r04,S1-50,request-037,d4745ce8b0076d85ef4bad6643512dad50425d8f61a49108664596ff785caf3e,f4e44e9f9016,2026-09-02T01:37:22.749511823Z,2026-09-02T01:37:29.188183242Z,6438.671419,200,fa5bbaa12602c6803fc911cd560f3cd567585f7b4703499b433ac2343ab380c5,,false,miss
retained-20260902-68135d3ad33f,S1-50-r04,S1-50,request-038,d4745ce8b0076d85ef4bad6643512dad50425d8f61a49108664596ff785caf3e,f4e44e9f9016,2026-09-02T01:37:22.749490239Z,2026-09-02T01:37:27.903424281Z,5153.934047,200,fa5bbaa12602c6803fc911cd560f3cd567585f7b4703499b433ac2343ab380c5,,false,miss
retained-20260902-68135d3ad33f,S1-50-r04,S1-50,request-039,d4745ce8b0076d85ef4bad6643512dad50425d8f61a49108664596ff785caf3e,f4e44e9f9016,2026-09-02T01:37:22.749470444Z,2026-09-02T01:37:27.903309883Z,5153.839444,200,fa5bbaa12602c6803fc911cd560f3cd567585f7b4703499b433ac2343ab380c5,,false,miss
retained-20260902-68135d3ad33f,S1-50-r04,S1-50,request-040,d4745ce8b0076d85ef4bad6643512dad50425d8f61a49108664596ff785caf3e,f4e44e9f9016,2026-09-02T01:37:22.74944946Z,2026-09-02T01:37:26.777313387Z,4027.863931,200,fa5bbaa12602c6803fc911cd560f3cd567585f7b4703499b433ac2343ab380c5,,false,miss
retained-20260902-68135d3ad33f,S1-50-r04,S1-50,request-041,d4745ce8b0076d85ef4bad6643512dad50425d8f61a49108664596ff785caf3e,f4e44e9f9016,2026-09-02T01:37:22.749415584Z,2026-09-02T01:37:26.5877343Z,3838.318731,200,fa5bbaa12602c6803fc911cd560f3cd567585f7b4703499b433ac2343ab380c5,,false,miss
retained-20260902-68135d3ad33f,S1-50-r04,S1-50,request-042,d4745ce8b0076d85ef4bad6643512dad50425d8f61a49108664596ff785caf3e,f4e44e9f9016,2026-09-02T01:37:22.749395106Z,2026-09-02T01:37:37.783502943Z,15034.107852,200,fa5bbaa12602c6803fc911cd560f3cd567585f7b4703499b433ac2343ab380c5,,false,miss
retained-20260902-68135d3ad33f,S1-50-r04,S1-50,request-043,d4745ce8b0076d85ef4bad6643512dad50425d8f61a49108664596ff785caf3e,f4e44e9f9016,2026-09-02T01:37:22.749368777Z,2026-09-02T01:37:25.290333902Z,2540.965133,200,fa5bbaa12602c6803fc911cd560f3cd567585f7b4703499b433ac2343ab380c5,,false,miss
retained-20260902-68135d3ad33f,S1-50-r04,S1-50,request-044,d4745ce8b0076d85ef4bad6643512dad50425d8f61a49108664596ff785caf3e,f4e44e9f9016,2026-09-02T01:37:22.749340529Z,2026-09-02T01:37:33.992136614Z,11242.796089,200,fa5bbaa12602c6803fc911cd560f3cd567585f7b4703499b433ac2343ab380c5,,false,miss
retained-20260902-68135d3ad33f,S1-50-r04,S1-50,request-045,d4745ce8b0076d85ef4bad6643512dad50425d8f61a49108664596ff785caf3e,f4e44e9f9016,2026-09-02T01:37:22.749334598Z,2026-09-02T01:37:24.093370218Z,1344.035624,200,fa5bbaa12602c6803fc911cd560f3cd567585f7b4703499b433ac2343ab380c5,,false,miss
retained-20260902-68135d3ad33f,S1-50-r04,S1-50,request-046,d4745ce8b0076d85ef4bad6643512dad50425d8f61a49108664596ff785caf3e,f4e44e9f9016,2026-09-02T01:37:22.749304877Z,2026-09-02T01:37:32.783300818Z,10033.995941,200,fa5bbaa12602c6803fc911cd560f3cd567585f7b4703499b433ac2343ab380c5,,false,miss
retained-20260902-68135d3ad33f,S1-50-r04,S1-50,request-047,d4745ce8b0076d85ef4bad6643512dad50425d8f61a49108664596ff785caf3e,f4e44e9f9016,2026-09-02T01:37:22.749286191Z,2026-09-02T01:37:36.497195169Z,13747.908984,200,fa5bbaa12602c6803fc911cd560f3cd567585f7b4703499b433ac2343ab380c5,,false,miss
retained-20260902-68135d3ad33f,S1-50-r04,S1-50,request-048,d4745ce8b0076d85ef4bad6643512dad50425d8f61a49108664596ff785caf3e,f4e44e9f9016,2026-09-02T01:37:22.749256297Z,2026-09-02T01:37:24.079394159Z,1330.137865,200,fa5bbaa12602c6803fc911cd560f3cd567585f7b4703499b433ac2343ab380c5,,false,miss
retained-20260902-68135d3ad33f,S1-50-r04,S1-50,request-049,d4745ce8b0076d85ef4bad6643512dad50425d8f61a49108664596ff785caf3e,f4e44e9f9016,2026-09-02T01:37:22.749134791Z,2026-09-02T01:37:24.176448032Z,1427.313246,200,fa5bbaa12602c6803fc911cd560f3cd567585f7b4703499b433ac2343ab380c5,,false,miss
retained-20260902-68135d3ad33f,S1-50-r04,S1-50,request-050,d4745ce8b0076d85ef4bad6643512dad50425d8f61a49108664596ff785caf3e,f4e44e9f9016,2026-09-02T01:37:22.749837643Z,2026-09-02T01:37:36.389237096Z,13639.399452,200,fa5bbaa12602c6803fc911cd560f3cd567585f7b4703499b433ac2343ab380c5,,false,miss
retained-20260902-68135d3ad33f,S1-100-r04,S1-100,request-001,d4745ce8b0076d85ef4bad6643512dad50425d8f61a49108664596ff785caf3e,f4e44e9f9016,2026-09-02T01:37:38.978422002Z,2026-09-02T01:37:40.382503039Z,1404.081044,200,fa5bbaa12602c6803fc911cd560f3cd567585f7b4703499b433ac2343ab380c5,,false,miss
retained-20260902-68135d3ad33f,S1-100-r04,S1-100,request-002,d4745ce8b0076d85ef4bad6643512dad50425d8f61a49108664596ff785caf3e,f4e44e9f9016,2026-09-02T01:37:38.978239221Z,2026-09-02T01:38:12.543454354Z,31812.679815,200,fa5bbaa12602c6803fc911cd560f3cd567585f7b4703499b433ac2343ab380c5,,false,miss
retained-20260902-68135d3ad33f,S1-100-r04,S1-100,request-003,d4745ce8b0076d85ef4bad6643512dad50425d8f61a49108664596ff785caf3e,f4e44e9f9016,2026-09-02T01:37:38.978208776Z,2026-09-02T01:37:45.95025543Z,5219.511333,200,fa5bbaa12602c6803fc911cd560f3cd567585f7b4703499b433ac2343ab380c5,,false,miss
retained-20260902-68135d3ad33f,S1-100-r04,S1-100,request-004,d4745ce8b0076d85ef4bad6643512dad50425d8f61a49108664596ff785caf3e,f4e44e9f9016,2026-09-02T01:37:39.005603384Z,2026-09-02T01:38:11.132505324Z,30374.366621,200,fa5bbaa12602c6803fc911cd560f3cd567585f7b4703499b433ac2343ab380c5,,false,miss
retained-20260902-68135d3ad33f,S1-100-r04,S1-100,request-005,d4745ce8b0076d85ef4bad6643512dad50425d8f61a49108664596ff785caf3e,f4e44e9f9016,2026-09-02T01:37:39.005572001Z,2026-09-02T01:38:05.951602828Z,25193.495505,200,fa5bbaa12602c6803fc911cd560f3cd567585f7b4703499b433ac2343ab380c5,,false,miss
retained-20260902-68135d3ad33f,S1-100-r04,S1-100,request-006,d4745ce8b0076d85ef4bad6643512dad50425d8f61a49108664596ff785caf3e,f4e44e9f9016,2026-09-02T01:37:39.005512799Z,2026-09-02T01:38:04.843543317Z,24085.495196,200,fa5bbaa12602c6803fc911cd560f3cd567585f7b4703499b433ac2343ab380c5,,false,miss
retained-20260902-68135d3ad33f,S1-100-r04,S1-100,request-007,d4745ce8b0076d85ef4bad6643512dad50425d8f61a49108664596ff785caf3e,f4e44e9f9016,2026-09-02T01:37:39.005450593Z,2026-09-02T01:38:04.747882611Z,23989.896691,200,fa5bbaa12602c6803fc911cd560f3cd567585f7b4703499b433ac2343ab380c5,,false,miss
retained-20260902-68135d3ad33f,S1-100-r04,S1-100,request-008,d4745ce8b0076d85ef4bad6643512dad50425d8f61a49108664596ff785caf3e,f4e44e9f9016,2026-09-02T01:37:39.005396336Z,2026-09-02T01:38:02.142744092Z,21384.812433,200,fa5bbaa12602c6803fc911cd560f3cd567585f7b4703499b433ac2343ab380c5,,false,miss
retained-20260902-68135d3ad33f,S1-100-r04,S1-100,request-009,d4745ce8b0076d85ef4bad6643512dad50425d8f61a49108664596ff785caf3e,f4e44e9f9016,2026-09-02T01:37:39.005325413Z,2026-09-02T01:38:01.231054435Z,20473.193705,200,fa5bbaa12602c6803fc911cd560f3cd567585f7b4703499b433ac2343ab380c5,,false,miss
retained-20260902-68135d3ad33f,S1-100-r04,S1-100,request-010,d4745ce8b0076d85ef4bad6643512dad50425d8f61a49108664596ff785caf3e,f4e44e9f9016,2026-09-02T01:37:39.005289495Z,2026-09-02T01:38:11.230745368Z,30472.920556,200,fa5bbaa12602c6803fc911cd560f3cd567585f7b4703499b433ac2343ab380c5,,false,miss
retained-20260902-68135d3ad33f,S1-100-r04,S1-100,request-011,d4745ce8b0076d85ef4bad6643512dad50425d8f61a49108664596ff785caf3e,f4e44e9f9016,2026-09-02T01:37:39.005251971Z,2026-09-02T01:38:12.427623499Z,31669.836215,200,fa5bbaa12602c6803fc911cd560f3cd567585f7b4703499b433ac2343ab380c5,,false,miss
retained-20260902-68135d3ad33f,S1-100-r04,S1-100,request-012,d4745ce8b0076d85ef4bad6643512dad50425d8f61a49108664596ff785caf3e,f4e44e9f9016,2026-09-02T01:37:39.005230549Z,2026-09-02T01:38:13.973304766Z,32493.386263,200,fa5bbaa12602c6803fc911cd560f3cd567585f7b4703499b433ac2343ab380c5,,false,miss
retained-20260902-68135d3ad33f,S1-100-r04,S1-100,request-013,d4745ce8b0076d85ef4bad6643512dad50425d8f61a49108664596ff785caf3e,f4e44e9f9016,2026-09-02T01:37:39.005201358Z,2026-09-02T01:38:11.24560786Z,30487.871184,200,fa5bbaa12602c6803fc911cd560f3cd567585f7b4703499b433ac2343ab380c5,,false,miss
retained-20260902-68135d3ad33f,S1-100-r04,S1-100,request-014,d4745ce8b0076d85ef4bad6643512dad50425d8f61a49108664596ff785caf3e,f4e44e9f9016,2026-09-02T01:37:39.005171976Z,2026-09-02T01:38:08.544477375Z,27786.770088,200,fa5bbaa12602c6803fc911cd560f3cd567585f7b4703499b433ac2343ab380c5,,false,miss
retained-20260902-68135d3ad33f,S1-100-r04,S1-100,request-015,d4745ce8b0076d85ef4bad6643512dad50425d8f61a49108664596ff785caf3e,f4e44e9f9016,2026-09-02T01:37:39.005145486Z,2026-09-02T01:38:05.243017322Z,24485.336517,200,fa5bbaa12602c6803fc911cd560f3cd567585f7b4703499b433ac2343ab380c5,,false,miss
retained-20260902-68135d3ad33f,S1-100-r04,S1-100,request-016,d4745ce8b0076d85ef4bad6643512dad50425d8f61a49108664596ff785caf3e,f4e44e9f9016,2026-09-02T01:37:39.00512646Z,2026-09-02T01:38:06.637048788Z,25879.387012,200,fa5bbaa12602c6803fc911cd560f3cd567585f7b4703499b433ac2343ab380c5,,false,miss
retained-20260902-68135d3ad33f,S1-100-r04,S1-100,request-017,d4745ce8b0076d85ef4bad6643512dad50425d8f61a49108664596ff785caf3e,f4e44e9f9016,2026-09-02T01:37:39.005090808Z,2026-09-02T01:38:07.333582517Z,26575.956388,200,fa5bbaa12602c6803fc911cd560f3cd567585f7b4703499b433ac2343ab380c5,,false,miss
retained-20260902-68135d3ad33f,S1-100-r04,S1-100,request-018,d4745ce8b0076d85ef4bad6643512dad50425d8f61a49108664596ff785caf3e,f4e44e9f9016,2026-09-02T01:37:38.979008554Z,2026-09-02T01:37:56.738640365Z,16007.096494,200,fa5bbaa12602c6803fc911cd560f3cd567585f7b4703499b433ac2343ab380c5,,false,miss
retained-20260902-68135d3ad33f,S1-100-r04,S1-100,request-019,d4745ce8b0076d85ef4bad6643512dad50425d8f61a49108664596ff785caf3e,f4e44e9f9016,2026-09-02T01:37:38.978979475Z,2026-09-02T01:37:56.249958725Z,15518.443931,200,fa5bbaa12602c6803fc911cd560f3cd567585f7b4703499b433ac2343ab380c5,,false,miss
retained-20260902-68135d3ad33f,S1-100-r04,S1-100,request-020,d4745ce8b0076d85ef4bad6643512dad50425d8f61a49108664596ff785caf3e,f4e44e9f9016,2026-09-02T01:37:38.978944059Z,2026-09-02T01:37:54.64967513Z,13918.195749,200,fa5bbaa12602c6803fc911cd560f3cd567585f7b4703499b433ac2343ab380c5,,false,miss
retained-20260902-68135d3ad33f,S1-100-r04,S1-100,request-021,d4745ce8b0076d85ef4bad6643512dad50425d8f61a49108664596ff785caf3e,f4e44e9f9016,2026-09-02T01:37:38.978873062Z,2026-09-02T01:37:58.440864325Z,17709.455938,200,fa5bbaa12602c6803fc911cd560f3cd567585f7b4703499b433ac2343ab380c5,,false,miss
retained-20260902-68135d3ad33f,S1-100-r04,S1-100,request-022,d4745ce8b0076d85ef4bad6643512dad50425d8f61a49108664596ff785caf3e,f4e44e9f9016,2026-09-02T01:37:38.97882595Z,2026-09-02T01:37:44.731271366Z,3999.910087,200,fa5bbaa12602c6803fc911cd560f3cd567585f7b4703499b433ac2343ab380c5,,false,miss
retained-20260902-68135d3ad33f,S1-100-r04,S1-100,request-023,d4745ce8b0076d85ef4bad6643512dad50425d8f61a49108664596ff785caf3e,f4e44e9f9016,2026-09-02T01:37:38.978804749Z,2026-09-02T01:37:49.936564726Z,9205.224659,200,fa5bbaa12602c6803fc911cd560f3cd567585f7b4703499b433ac2343ab380c5,,false,miss
retained-20260902-68135d3ad33f,S1-100-r04,S1-100,request-024,d4745ce8b0076d85ef4bad6643512dad50425d8f61a49108664596ff785caf3e,f4e44e9f9016,2026-09-02T01:37:38.978781349Z,2026-09-02T01:37:50.242760162Z,9511.443491,200,fa5bbaa12602c6803fc911cd560f3cd567585f7b4703499b433ac2343ab380c5,,false,miss
retained-20260902-68135d3ad33f,S1-100-r04,S1-100,request-025,d4745ce8b0076d85ef4bad6643512dad50425d8f61a49108664596ff785caf3e,f4e44e9f9016,2026-09-02T01:37:38.97875932Z,2026-09-02T01:37:48.44753409Z,7716.239448,200,fa5bbaa12602c6803fc911cd560f3cd567585f7b4703499b433ac2343ab380c5,,false,miss
retained-20260902-68135d3ad33f,S1-100-r04,S1-100,request-026,d4745ce8b0076d85ef4bad6643512dad50425d8f61a49108664596ff785caf3e,f4e44e9f9016,2026-09-02T01:37:38.978734311Z,2026-09-02T01:37:55.05006514Z,14318.795505,200,fa5bbaa12602c6803fc911cd560f3cd567585f7b4703499b433ac2343ab380c5,,false,miss
retained-20260902-68135d3ad33f,S1-100-r04,S1-100,request-027,d4745ce8b0076d85ef4bad6643512dad50425d8f61a49108664596ff785caf3e,f4e44e9f9016,2026-09-02T01:37:38.978701478Z,2026-09-02T01:38:10.445354656Z,29714.117870,200,fa5bbaa12602c6803fc911cd560f3cd567585f7b4703499b433ac2343ab380c5,,false,miss
retained-20260902-68135d3ad33f,S1-100-r04,S1-100,request-028,d4745ce8b0076d85ef4bad6643512dad50425d8f61a49108664596ff785caf3e,f4e44e9f9016,2026-09-02T01:37:38.978665649Z,2026-09-02T01:37:40.384787357Z,1406.121715,200,fa5bbaa12602c6803fc911cd560f3cd567585f7b4703499b433ac2343ab380c5,,false,miss
retained-20260902-68135d3ad33f,S1-100-r04,S1-100,request-029,d4745ce8b0076d85ef4bad6643512dad50425d8f61a49108664596ff785caf3e,f4e44e9f9016,2026-09-02T01:37:38.978641323Z,2026-09-02T01:37:53.529180869Z,12798.004223,200,fa5bbaa12602c6803fc911cd560f3cd567585f7b4703499b433ac2343ab380c5,,false,miss
retained-20260902-68135d3ad33f,S1-100-r04,S1-100,request-030,d4745ce8b0076d85ef4bad6643512dad50425d8f61a49108664596ff785caf3e,f4e44e9f9016,2026-09-02T01:37:38.978450213Z,2026-09-02T01:37:55.84957273Z,15118.587199,200,fa5bbaa12602c6803fc911cd560f3cd567585f7b4703499b433ac2343ab380c5,,false,miss
retained-20260902-68135d3ad33f,S1-100-r04,S1-100,request-031,d4745ce8b0076d85ef4bad6643512dad50425d8f61a49108664596ff785caf3e,f4e44e9f9016,2026-09-02T01:37:38.978364821Z,2026-09-02T01:37:40.589792775Z,1611.427955,200,fa5bbaa12602c6803fc911cd560f3cd567585f7b4703499b433ac2343ab380c5,,false,miss
retained-20260902-68135d3ad33f,S1-100-r04,S1-100,request-032,d4745ce8b0076d85ef4bad6643512dad50425d8f61a49108664596ff785caf3e,f4e44e9f9016,2026-09-02T01:37:38.978411216Z,2026-09-02T01:37:53.739135084Z,13008.188545,200,fa5bbaa12602c6803fc911cd560f3cd567585f7b4703499b433ac2343ab380c5,,false,miss
retained-20260902-68135d3ad33f,S1-100-r04,S1-100,request-033,d4745ce8b0076d85ef4bad6643512dad50425d8f61a49108664596ff785caf3e,f4e44e9f9016,2026-09-02T01:37:38.978430488Z,2026-09-02T01:37:43.332987255Z,2602.021450,200,fa5bbaa12602c6803fc911cd560f3cd567585f7b4703499b433ac2343ab380c5,,false,miss
retained-20260902-68135d3ad33f,S1-100-r04,S1-100,request-034,d4745ce8b0076d85ef4bad6643512dad50425d8f61a49108664596ff785caf3e,f4e44e9f9016,2026-09-02T01:37:38.978196099Z,2026-09-02T01:38:11.732581633Z,31001.850226,200,fa5bbaa12602c6803fc911cd560f3cd567585f7b4703499b433ac2343ab380c5,,false,miss
retained-20260902-68135d3ad33f,S1-100-r04,S1-100,request-035,d4745ce8b0076d85ef4bad6643512dad50425d8f61a49108664596ff785caf3e,f4e44e9f9016,2026-09-02T01:37:39.005292172Z,2026-09-02T01:38:13.959021951Z,32479.041829,200,fa5bbaa12602c6803fc911cd560f3cd567585f7b4703499b433ac2343ab380c5,,false,miss
retained-20260902-68135d3ad33f,S1-100-r04,S1-100,request-036,d4745ce8b0076d85ef4bad6643512dad50425d8f61a49108664596ff785caf3e,f4e44e9f9016,2026-09-02T01:37:39.005270775Z,2026-09-02T01:38:12.844958152Z,32087.152061,200,fa5bbaa12602c6803fc911cd560f3cd567585f7b4703499b433ac2343ab380c5,,false,miss
retained-20260902-68135d3ad33f,S1-100-r04,S1-100,request-037,d4745ce8b0076d85ef4bad6643512dad50425d8f61a49108664596ff785caf3e,f4e44e9f9016,2026-09-02T01:37:39.005248298Z,2026-09-02T01:38:12.528935435Z,31771.151829,200,fa5bbaa12602c6803fc911cd560f3cd567585f7b4703499b433ac2343ab380c5,,false,miss
retained-20260902-68135d3ad33f,S1-100-r04,S1-100,request-038,d4745ce8b0076d85ef4bad6643512dad50425d8f61a49108664596ff785caf3e,f4e44e9f9016,2026-09-02T01:37:39.005219215Z,2026-09-02T01:38:09.938729328Z,29180.974798,200,fa5bbaa12602c6803fc911cd560f3cd567585f7b4703499b433ac2343ab380c5,,false,miss
retained-20260902-68135d3ad33f,S1-100-r04,S1-100,request-039,d4745ce8b0076d85ef4bad6643512dad50425d8f61a49108664596ff785caf3e,f4e44e9f9016,2026-09-02T01:37:39.005185049Z,2026-09-02T01:38:08.6421409Z,27884.420527,200,fa5bbaa12602c6803fc911cd560f3cd567585f7b4703499b433ac2343ab380c5,,false,miss
retained-20260902-68135d3ad33f,S1-100-r04,S1-100,request-040,d4745ce8b0076d85ef4bad6643512dad50425d8f61a49108664596ff785caf3e,f4e44e9f9016,2026-09-02T01:37:39.005145179Z,2026-09-02T01:38:09.138377165Z,28380.696663,200,fa5bbaa12602c6803fc911cd560f3cd567585f7b4703499b433ac2343ab380c5,,false,miss
retained-20260902-68135d3ad33f,S1-100-r04,S1-100,request-041,d4745ce8b0076d85ef4bad6643512dad50425d8f61a49108664596ff785caf3e,f4e44e9f9016,2026-09-02T01:37:39.005113945Z,2026-09-02T01:38:07.852051161Z,27094.401900,200,fa5bbaa12602c6803fc911cd560f3cd567585f7b4703499b433ac2343ab380c5,,false,miss
retained-20260902-68135d3ad33f,S1-100-r04,S1-100,request-042,d4745ce8b0076d85ef4bad6643512dad50425d8f61a49108664596ff785caf3e,f4e44e9f9016,2026-09-02T01:37:39.005095792Z,2026-09-02T01:38:02.450499284Z,21692.868172,200,fa5bbaa12602c6803fc911cd560f3cd567585f7b4703499b433ac2343ab380c5,,false,miss
retained-20260902-68135d3ad33f,S1-100-r04,S1-100,request-043,d4745ce8b0076d85ef4bad6643512dad50425d8f61a49108664596ff785caf3e,f4e44e9f9016,2026-09-02T01:37:39.005066698Z,2026-09-02T01:38:06.129034638Z,25371.432623,200,fa5bbaa12602c6803fc911cd560f3cd567585f7b4703499b433ac2343ab380c5,,false,miss
retained-20260902-68135d3ad33f,S1-100-r04,S1-100,request-044,d4745ce8b0076d85ef4bad6643512dad50425d8f61a49108664596ff785caf3e,f4e44e9f9016,2026-09-02T01:37:39.005047676Z,2026-09-02T01:38:04.732546988Z,23974.963996,200,fa5bbaa12602c6803fc911cd560f3cd567585f7b4703499b433ac2343ab380c5,,false,miss
retained-20260902-68135d3ad33f,S1-100-r04,S1-100,request-045,d4745ce8b0076d85ef4bad6643512dad50425d8f61a49108664596ff785caf3e,f4e44e9f9016,2026-09-02T01:37:39.005024903Z,2026-09-02T01:38:01.435016359Z,20677.456134,200,fa5bbaa12602c6803fc911cd560f3cd567585f7b4703499b433ac2343ab380c5,,false,miss
retained-20260902-68135d3ad33f,S1-100-r04,S1-100,request-046,d4745ce8b0076d85ef4bad6643512dad50425d8f61a49108664596ff785caf3e,f4e44e9f9016,2026-09-02T01:37:39.00492226Z,2026-09-02T01:38:00.745748517Z,19988.290945,200,fa5bbaa12602c6803fc911cd560f3cd567585f7b4703499b433ac2343ab380c5,,false,miss
retained-20260902-68135d3ad33f,S1-100-r04,S1-100,request-047,d4745ce8b0076d85ef4bad6643512dad50425d8f61a49108664596ff785caf3e,f4e44e9f9016,2026-09-02T01:37:39.004895346Z,2026-09-02T01:37:59.841724027Z,19084.293372,200,fa5bbaa12602c6803fc911cd560f3cd567585f7b4703499b433ac2343ab380c5,,false,miss
retained-20260902-68135d3ad33f,S1-100-r04,S1-100,request-048,d4745ce8b0076d85ef4bad6643512dad50425d8f61a49108664596ff785caf3e,f4e44e9f9016,2026-09-02T01:37:39.004871525Z,2026-09-02T01:37:57.538529691Z,16781.122853,200,fa5bbaa12602c6803fc911cd560f3cd567585f7b4703499b433ac2343ab380c5,,false,miss
retained-20260902-68135d3ad33f,S1-100-r04,S1-100,request-049,d4745ce8b0076d85ef4bad6643512dad50425d8f61a49108664596ff785caf3e,f4e44e9f9016,2026-09-02T01:37:39.004745497Z,2026-09-02T01:37:59.349180782Z,18591.899965,200,fa5bbaa12602c6803fc911cd560f3cd567585f7b4703499b433ac2343ab380c5,,false,miss
retained-20260902-68135d3ad33f,S1-100-r04,S1-100,request-050,d4745ce8b0076d85ef4bad6643512dad50425d8f61a49108664596ff785caf3e,f4e44e9f9016,2026-09-02T01:37:38.97910527Z,2026-09-02T01:38:02.838614306Z,22106.973715,200,fa5bbaa12602c6803fc911cd560f3cd567585f7b4703499b433ac2343ab380c5,,false,miss
retained-20260902-68135d3ad33f,S1-100-r04,S1-100,request-051,d4745ce8b0076d85ef4bad6643512dad50425d8f61a49108664596ff785caf3e,f4e44e9f9016,2026-09-02T01:37:38.979061253Z,2026-09-02T01:37:59.03887345Z,18307.276874,200,fa5bbaa12602c6803fc911cd560f3cd567585f7b4703499b433ac2343ab380c5,,false,miss
retained-20260902-68135d3ad33f,S1-100-r04,S1-100,request-052,d4745ce8b0076d85ef4bad6643512dad50425d8f61a49108664596ff785caf3e,f4e44e9f9016,2026-09-02T01:37:38.979056608Z,2026-09-02T01:38:08.6436319Z,27912.039969,200,fa5bbaa12602c6803fc911cd560f3cd567585f7b4703499b433ac2343ab380c5,,false,miss
retained-20260902-68135d3ad33f,S1-100-r04,S1-100,request-053,d4745ce8b0076d85ef4bad6643512dad50425d8f61a49108664596ff785caf3e,f4e44e9f9016,2026-09-02T01:37:38.978988106Z,2026-09-02T01:37:57.642096905Z,16910.573476,200,fa5bbaa12602c6803fc911cd560f3cd567585f7b4703499b433ac2343ab380c5,,false,miss
retained-20260902-68135d3ad33f,S1-100-r04,S1-100,request-054,d4745ce8b0076d85ef4bad6643512dad50425d8f61a49108664596ff785caf3e,f4e44e9f9016,2026-09-02T01:37:38.97892412Z,2026-09-02T01:37:56.335389209Z,15603.929773,200,fa5bbaa12602c6803fc911cd560f3cd567585f7b4703499b433ac2343ab380c5,,false,miss
retained-20260902-68135d3ad33f,S1-100-r04,S1-100,request-055,d4745ce8b0076d85ef4bad6643512dad50425d8f61a49108664596ff785caf3e,f4e44e9f9016,2026-09-02T01:37:38.978897834Z,2026-09-02T01:37:52.843200051Z,12111.766899,200,fa5bbaa12602c6803fc911cd560f3cd567585f7b4703499b433ac2343ab380c5,,false,miss
retained-20260902-68135d3ad33f,S1-100-r04,S1-100,request-056,d4745ce8b0076d85ef4bad6643512dad50425d8f61a49108664596ff785caf3e,f4e44e9f9016,2026-09-02T01:37:38.978880745Z,2026-09-02T01:37:46.049938766Z,5318.522700,200,fa5bbaa12602c6803fc911cd560f3cd567585f7b4703499b433ac2343ab380c5,,false,miss
retained-20260902-68135d3ad33f,S1-100-r04,S1-100,request-057,d4745ce8b0076d85ef4bad6643512dad50425d8f61a49108664596ff785caf3e,f4e44e9f9016,2026-09-02T01:37:38.978863587Z,2026-09-02T01:37:44.944204602Z,4212.805690,200,fa5bbaa12602c6803fc911cd560f3cd567585f7b4703499b433ac2343ab380c5,,false,miss
retained-20260902-68135d3ad33f,S1-100-r04,S1-100,request-058,d4745ce8b0076d85ef4bad6643512dad50425d8f61a49108664596ff785caf3e,f4e44e9f9016,2026-09-02T01:37:38.978827323Z,2026-09-02T01:37:51.544249682Z,10812.887044,200,fa5bbaa12602c6803fc911cd560f3cd567585f7b4703499b433ac2343ab380c5,,false,miss
retained-20260902-68135d3ad33f,S1-100-r04,S1-100,request-059,d4745ce8b0076d85ef4bad6643512dad50425d8f61a49108664596ff785caf3e,f4e44e9f9016,2026-09-02T01:37:38.978809528Z,2026-09-02T01:37:50.030952581Z,9299.607730,200,fa5bbaa12602c6803fc911cd560f3cd567585f7b4703499b433ac2343ab380c5,,false,miss
retained-20260902-68135d3ad33f,S1-100-r04,S1-100,request-060,d4745ce8b0076d85ef4bad6643512dad50425d8f61a49108664596ff785caf3e,f4e44e9f9016,2026-09-02T01:37:38.978791096Z,2026-09-02T01:37:48.629232963Z,7897.906545,200,fa5bbaa12602c6803fc911cd560f3cd567585f7b4703499b433ac2343ab380c5,,false,miss
retained-20260902-68135d3ad33f,S1-100-r04,S1-100,request-061,d4745ce8b0076d85ef4bad6643512dad50425d8f61a49108664596ff785caf3e,f4e44e9f9016,2026-09-02T01:37:38.978763118Z,2026-09-02T01:37:43.53082874Z,2799.530308,200,fa5bbaa12602c6803fc911cd560f3cd567585f7b4703499b433ac2343ab380c5,,false,miss
retained-20260902-68135d3ad33f,S1-100-r04,S1-100,request-062,d4745ce8b0076d85ef4bad6643512dad50425d8f61a49108664596ff785caf3e,f4e44e9f9016,2026-09-02T01:37:38.978743756Z,2026-09-02T01:37:47.536248096Z,6804.969024,200,fa5bbaa12602c6803fc911cd560f3cd567585f7b4703499b433ac2343ab380c5,,false,miss
retained-20260902-68135d3ad33f,S1-100-r04,S1-100,request-063,d4745ce8b0076d85ef4bad6643512dad50425d8f61a49108664596ff785caf3e,f4e44e9f9016,2026-09-02T01:37:38.978714426Z,2026-09-02T01:37:51.035219615Z,10303.969872,200,fa5bbaa12602c6803fc911cd560f3cd567585f7b4703499b433ac2343ab380c5,,false,miss
retained-20260902-68135d3ad33f,S1-100-r04,S1-100,request-064,d4745ce8b0076d85ef4bad6643512dad50425d8f61a49108664596ff785caf3e,f4e44e9f9016,2026-09-02T01:37:38.978679352Z,2026-09-02T01:37:46.235204171Z,5503.989504,200,fa5bbaa12602c6803fc911cd560f3cd567585f7b4703499b433ac2343ab380c5,,false,miss
retained-20260902-68135d3ad33f,S1-100-r04,S1-100,request-065,d4745ce8b0076d85ef4bad6643512dad50425d8f61a49108664596ff785caf3e,f4e44e9f9016,2026-09-02T01:37:38.978659574Z,2026-09-02T01:37:45.9369096Z,5205.714706,200,fa5bbaa12602c6803fc911cd560f3cd567585f7b4703499b433ac2343ab380c5,,false,miss
retained-20260902-68135d3ad33f,S1-100-r04,S1-100,request-066,d4745ce8b0076d85ef4bad6643512dad50425d8f61a49108664596ff785caf3e,f4e44e9f9016,2026-09-02T01:37:38.978641652Z,2026-09-02T01:37:51.243966449Z,10512.789480,200,fa5bbaa12602c6803fc911cd560f3cd567585f7b4703499b433ac2343ab380c5,,false,miss
retained-20260902-68135d3ad33f,S1-100-r04,S1-100,request-067,d4745ce8b0076d85ef4bad6643512dad50425d8f61a49108664596ff785caf3e,f4e44e9f9016,2026-09-02T01:37:38.978623588Z,2026-09-02T01:37:44.651621967Z,3920.463056,200,fa5bbaa12602c6803fc911cd560f3cd567585f7b4703499b433ac2343ab380c5,,false,miss
retained-20260902-68135d3ad33f,S1-100-r04,S1-100,request-068,d4745ce8b0076d85ef4bad6643512dad50425d8f61a49108664596ff785caf3e,f4e44e9f9016,2026-09-02T01:37:38.978592961Z,2026-09-02T01:37:48.94209358Z,8210.965302,200,fa5bbaa12602c6803fc911cd560f3cd567585f7b4703499b433ac2343ab380c5,,false,miss
retained-20260902-68135d3ad33f,S1-100-r04,S1-100,request-069,d4745ce8b0076d85ef4bad6643512dad50425d8f61a49108664596ff785caf3e,f4e44e9f9016,2026-09-02T01:37:38.978577637Z,2026-09-02T01:37:55.446222529Z,14715.109581,200,fa5bbaa12602c6803fc911cd560f3cd567585f7b4703499b433ac2343ab380c5,,false,miss
retained-20260902-68135d3ad33f,S1-100-r04,S1-100,request-070,d4745ce8b0076d85ef4bad6643512dad50425d8f61a49108664596ff785caf3e,f4e44e9f9016,2026-09-02T01:37:38.978555183Z,2026-09-02T01:37:58.037483517Z,17306.393018,200,fa5bbaa12602c6803fc911cd560f3cd567585f7b4703499b433ac2343ab380c5,,false,miss
retained-20260902-68135d3ad33f,S1-100-r04,S1-100,request-071,d4745ce8b0076d85ef4bad6643512dad50425d8f61a49108664596ff785caf3e,f4e44e9f9016,2026-09-02T01:37:38.978537747Z,2026-09-02T01:37:47.144527541Z,6413.454479,200,fa5bbaa12602c6803fc911cd560f3cd567585f7b4703499b433ac2343ab380c5,,false,miss
retained-20260902-68135d3ad33f,S1-100-r04,S1-100,request-072,d4745ce8b0076d85ef4bad6643512dad50425d8f61a49108664596ff785caf3e,f4e44e9f9016,2026-09-02T01:37:38.97851852Z,2026-09-02T01:37:43.443746064Z,2712.692227,200,fa5bbaa12602c6803fc911cd560f3cd567585f7b4703499b433ac2343ab380c5,,false,miss
retained-20260902-68135d3ad33f,S1-100-r04,S1-100,request-073,d4745ce8b0076d85ef4bad6643512dad50425d8f61a49108664596ff785caf3e,f4e44e9f9016,2026-09-02T01:37:38.978495617Z,2026-09-02T01:37:52.630938854Z,11899.907922,200,fa5bbaa12602c6803fc911cd560f3cd567585f7b4703499b433ac2343ab380c5,,false,miss
retained-20260902-68135d3ad33f,S1-100-r04,S1-100,request-074,d4745ce8b0076d85ef4bad6643512dad50425d8f61a49108664596ff785caf3e,f4e44e9f9016,2026-09-02T01:37:38.978474146Z,2026-09-02T01:37:52.528818151Z,11797.808689,200,fa5bbaa12602c6803fc911cd560f3cd567585f7b4703499b433ac2343ab380c5,,false,miss
retained-20260902-68135d3ad33f,S1-100-r04,S1-100,request-075,d4745ce8b0076d85ef4bad6643512dad50425d8f61a49108664596ff785caf3e,f4e44e9f9016,2026-09-02T01:37:38.978454211Z,2026-09-02T01:37:48.742492367Z,8011.502842,200,fa5bbaa12602c6803fc911cd560f3cd567585f7b4703499b433ac2343ab380c5,,false,miss
retained-20260902-68135d3ad33f,S1-100-r04,S1-100,request-076,d4745ce8b0076d85ef4bad6643512dad50425d8f61a49108664596ff785caf3e,f4e44e9f9016,2026-09-02T01:37:38.978438198Z,2026-09-02T01:38:03.53125397Z,22800.280455,200,fa5bbaa12602c6803fc911cd560f3cd567585f7b4703499b433ac2343ab380c5,,false,miss
retained-20260902-68135d3ad33f,S1-100-r04,S1-100,request-077,d4745ce8b0076d85ef4bad6643512dad50425d8f61a49108664596ff785caf3e,f4e44e9f9016,2026-09-02T01:37:38.978401887Z,2026-09-02T01:37:40.482374223Z,1503.972332,200,fa5bbaa12602c6803fc911cd560f3cd567585f7b4703499b433ac2343ab380c5,,false,miss
retained-20260902-68135d3ad33f,S1-100-r04,S1-100,request-078,d4745ce8b0076d85ef4bad6643512dad50425d8f61a49108664596ff785caf3e,f4e44e9f9016,2026-09-02T01:37:38.978365154Z,2026-09-02T01:37:43.645115348Z,2914.214872,200,fa5bbaa12602c6803fc911cd560f3cd567585f7b4703499b433ac2343ab380c5,,false,miss
retained-20260902-68135d3ad33f,S1-100-r04,S1-100,request-079,d4745ce8b0076d85ef4bad6643512dad50425d8f61a49108664596ff785caf3e,f4e44e9f9016,2026-09-02T01:37:38.978260583Z,2026-09-02T01:37:51.240397806Z,10509.601907,200,fa5bbaa12602c6803fc911cd560f3cd567585f7b4703499b433ac2343ab380c5,,false,miss
retained-20260902-68135d3ad33f,S1-100-r04,S1-100,request-080,d4745ce8b0076d85ef4bad6643512dad50425d8f61a49108664596ff785caf3e,f4e44e9f9016,2026-09-02T01:37:38.978245613Z,2026-09-02T01:38:07.15136608Z,26420.585153,200,fa5bbaa12602c6803fc911cd560f3cd567585f7b4703499b433ac2343ab380c5,,false,miss
retained-20260902-68135d3ad33f,S1-100-r04,S1-100,request-081,d4745ce8b0076d85ef4bad6643512dad50425d8f61a49108664596ff785caf3e,f4e44e9f9016,2026-09-02T01:37:39.005070007Z,2026-09-02T01:38:05.94558129Z,25187.975961,200,fa5bbaa12602c6803fc911cd560f3cd567585f7b4703499b433ac2343ab380c5,,false,miss
retained-20260902-68135d3ad33f,S1-100-r04,S1-100,request-082,d4745ce8b0076d85ef4bad6643512dad50425d8f61a49108664596ff785caf3e,f4e44e9f9016,2026-09-02T01:37:39.00504342Z,2026-09-02T01:38:01.936441165Z,21178.862426,200,fa5bbaa12602c6803fc911cd560f3cd567585f7b4703499b433ac2343ab380c5,,false,miss
retained-20260902-68135d3ad33f,S1-100-r04,S1-100,request-083,d4745ce8b0076d85ef4bad6643512dad50425d8f61a49108664596ff785caf3e,f4e44e9f9016,2026-09-02T01:37:39.005019486Z,2026-09-02T01:38:03.341635739Z,22584.080936,200,fa5bbaa12602c6803fc911cd560f3cd567585f7b4703499b433ac2343ab380c5,,false,miss
retained-20260902-68135d3ad33f,S1-100-r04,S1-100,request-084,d4745ce8b0076d85ef4bad6643512dad50425d8f61a49108664596ff785caf3e,f4e44e9f9016,2026-09-02T01:37:39.004993477Z,2026-09-02T01:38:10.034527639Z,29276.998839,200,fa5bbaa12602c6803fc911cd560f3cd567585f7b4703499b433ac2343ab380c5,,false,miss
retained-20260902-68135d3ad33f,S1-100-r04,S1-100,request-085,d4745ce8b0076d85ef4bad6643512dad50425d8f61a49108664596ff785caf3e,f4e44e9f9016,2026-09-02T01:37:39.004914618Z,2026-09-02T01:38:00.233749957Z,19476.300021,200,fa5bbaa12602c6803fc911cd560f3cd567585f7b4703499b433ac2343ab380c5,,false,miss
retained-20260902-68135d3ad33f,S1-100-r04,S1-100,request-086,d4745ce8b0076d85ef4bad6643512dad50425d8f61a49108664596ff785caf3e,f4e44e9f9016,2026-09-02T01:37:39.004838829Z,2026-09-02T01:37:58.750336606Z,17992.962486,200,fa5bbaa12602c6803fc911cd560f3cd567585f7b4703499b433ac2343ab380c5,,false,miss
retained-20260902-68135d3ad33f,S1-100-r04,S1-100,request-087,d4745ce8b0076d85ef4bad6643512dad50425d8f61a49108664596ff785caf3e,f4e44e9f9016,2026-09-02T01:37:38.979091344Z,2026-09-02T01:38:07.336425351Z,26604.798684,200,fa5bbaa12602c6803fc911cd560f3cd567585f7b4703499b433ac2343ab380c5,,false,miss
retained-20260902-68135d3ad33f,S1-100-r04,S1-100,request-088,d4745ce8b0076d85ef4bad6643512dad50425d8f61a49108664596ff785caf3e,f4e44e9f9016,2026-09-02T01:37:38.979054891Z,2026-09-02T01:38:00.534374532Z,19802.784314,200,fa5bbaa12602c6803fc911cd560f3cd567585f7b4703499b433ac2343ab380c5,,false,miss
retained-20260902-68135d3ad33f,S1-100-r04,S1-100,request-089,d4745ce8b0076d85ef4bad6643512dad50425d8f61a49108664596ff785caf3e,f4e44e9f9016,2026-09-02T01:37:38.978993897Z,2026-09-02T01:37:55.035804401Z,14304.275187,200,fa5bbaa12602c6803fc911cd560f3cd567585f7b4703499b433ac2343ab380c5,,false,miss
retained-20260902-68135d3ad33f,S1-100-r04,S1-100,request-090,d4745ce8b0076d85ef4bad6643512dad50425d8f61a49108664596ff785caf3e,f4e44e9f9016,2026-09-02T01:37:38.978964263Z,2026-09-02T01:37:54.142754615Z,13411.255036,200,fa5bbaa12602c6803fc911cd560f3cd567585f7b4703499b433ac2343ab380c5,,false,miss
retained-20260902-68135d3ad33f,S1-100-r04,S1-100,request-091,d4745ce8b0076d85ef4bad6643512dad50425d8f61a49108664596ff785caf3e,f4e44e9f9016,2026-09-02T01:37:38.97889649Z,2026-09-02T01:37:53.837799179Z,13106.367372,200,fa5bbaa12602c6803fc911cd560f3cd567585f7b4703499b433ac2343ab380c5,,false,miss
retained-20260902-68135d3ad33f,S1-100-r04,S1-100,request-092,d4745ce8b0076d85ef4bad6643512dad50425d8f61a49108664596ff785caf3e,f4e44e9f9016,2026-09-02T01:37:38.978852024Z,2026-09-02T01:37:52.236224068Z,11504.836725,200,fa5bbaa12602c6803fc911cd560f3cd567585f7b4703499b433ac2343ab380c5,,false,miss
retained-20260902-68135d3ad33f,S1-100-r04,S1-100,request-093,d4745ce8b0076d85ef4bad6643512dad50425d8f61a49108664596ff785caf3e,f4e44e9f9016,2026-09-02T01:37:38.978614117Z,2026-09-02T01:37:49.83702581Z,9105.876369,200,fa5bbaa12602c6803fc911cd560f3cd567585f7b4703499b433ac2343ab380c5,,false,miss
retained-20260902-68135d3ad33f,S1-100-r04,S1-100,request-094,d4745ce8b0076d85ef4bad6643512dad50425d8f61a49108664596ff785caf3e,f4e44e9f9016,2026-09-02T01:37:38.978587815Z,2026-09-02T01:37:44.645418864Z,3914.295726,200,fa5bbaa12602c6803fc911cd560f3cd567585f7b4703499b433ac2343ab380c5,,false,miss
retained-20260902-68135d3ad33f,S1-100-r04,S1-100,request-095,d4745ce8b0076d85ef4bad6643512dad50425d8f61a49108664596ff785caf3e,f4e44e9f9016,2026-09-02T01:37:38.978567429Z,2026-09-02T01:38:04.043216463Z,23312.113710,200,fa5bbaa12602c6803fc911cd560f3cd567585f7b4703499b433ac2343ab380c5,,false,miss
retained-20260902-68135d3ad33f,S1-100-r04,S1-100,request-096,d4745ce8b0076d85ef4bad6643512dad50425d8f61a49108664596ff785caf3e,f4e44e9f9016,2026-09-02T01:37:38.978545687Z,2026-09-02T01:37:47.3433958Z,6612.314789,200,fa5bbaa12602c6803fc911cd560f3cd567585f7b4703499b433ac2343ab380c5,,false,miss
retained-20260902-68135d3ad33f,S1-100-r04,S1-100,request-097,d4745ce8b0076d85ef4bad6643512dad50425d8f61a49108664596ff785caf3e,f4e44e9f9016,2026-09-02T01:37:38.978521339Z,2026-09-02T01:37:47.23339172Z,6502.335062,200,fa5bbaa12602c6803fc911cd560f3cd567585f7b4703499b433ac2343ab380c5,,false,miss
retained-20260902-68135d3ad33f,S1-100-r04,S1-100,request-098,d4745ce8b0076d85ef4bad6643512dad50425d8f61a49108664596ff785caf3e,f4e44e9f9016,2026-09-02T01:37:38.978502112Z,2026-09-02T01:37:57.134627473Z,16403.590039,200,fa5bbaa12602c6803fc911cd560f3cd567585f7b4703499b433ac2343ab380c5,,false,miss
retained-20260902-68135d3ad33f,S1-100-r04,S1-100,request-099,d4745ce8b0076d85ef4bad6643512dad50425d8f61a49108664596ff785caf3e,f4e44e9f9016,2026-09-02T01:37:38.978468784Z,2026-09-02T01:38:03.738154482Z,23007.150387,200,fa5bbaa12602c6803fc911cd560f3cd567585f7b4703499b433ac2343ab380c5,,false,miss
retained-20260902-68135d3ad33f,S1-100-r04,S1-100,request-100,d4745ce8b0076d85ef4bad6643512dad50425d8f61a49108664596ff785caf3e,f4e44e9f9016,2026-09-02T01:37:39.005321047Z,2026-09-02T01:38:09.84446481Z,29086.608440,200,fa5bbaa12602c6803fc911cd560f3cd567585f7b4703499b433ac2343ab380c5,,false,miss
retained-20260902-68135d3ad33f,S2-100-r04,S2-100,request-001,d4745ce8b0076d85ef4bad6643512dad50425d8f61a49108664596ff785caf3e,f4e44e9f9016,2026-09-02T01:38:15.40246548Z,2026-09-02T01:38:15.749430513Z,346.965034,200,fa5bbaa12602c6803fc911cd560f3cd567585f7b4703499b433ac2343ab380c5,,true,miss
retained-20260902-68135d3ad33f,S2-100-r04,S2-100,request-002,d4745ce8b0076d85ef4bad6643512dad50425d8f61a49108664596ff785caf3e,f4e44e9f9016,2026-09-02T01:38:15.41619509Z,2026-09-02T01:38:15.749774178Z,333.579097,200,fa5bbaa12602c6803fc911cd560f3cd567585f7b4703499b433ac2343ab380c5,,true,miss
retained-20260902-68135d3ad33f,S2-100-r04,S2-100,request-003,d4745ce8b0076d85ef4bad6643512dad50425d8f61a49108664596ff785caf3e,f4e44e9f9016,2026-09-02T01:38:15.41617735Z,2026-09-02T01:38:15.749173238Z,332.995895,200,fa5bbaa12602c6803fc911cd560f3cd567585f7b4703499b433ac2343ab380c5,,true,miss
retained-20260902-68135d3ad33f,S2-100-r04,S2-100,request-004,d4745ce8b0076d85ef4bad6643512dad50425d8f61a49108664596ff785caf3e,f4e44e9f9016,2026-09-02T01:38:15.416162472Z,2026-09-02T01:38:15.749016329Z,332.853858,200,fa5bbaa12602c6803fc911cd560f3cd567585f7b4703499b433ac2343ab380c5,,true,miss
retained-20260902-68135d3ad33f,S2-100-r04,S2-100,request-005,d4745ce8b0076d85ef4bad6643512dad50425d8f61a49108664596ff785caf3e,f4e44e9f9016,2026-09-02T01:38:15.416138598Z,2026-09-02T01:38:15.748933609Z,332.795009,200,fa5bbaa12602c6803fc911cd560f3cd567585f7b4703499b433ac2343ab380c5,,true,miss
retained-20260902-68135d3ad33f,S2-100-r04,S2-100,request-006,d4745ce8b0076d85ef4bad6643512dad50425d8f61a49108664596ff785caf3e,f4e44e9f9016,2026-09-02T01:38:15.416121656Z,2026-09-02T01:38:15.751465763Z,335.344114,200,fa5bbaa12602c6803fc911cd560f3cd567585f7b4703499b433ac2343ab380c5,,true,miss
retained-20260902-68135d3ad33f,S2-100-r04,S2-100,request-007,d4745ce8b0076d85ef4bad6643512dad50425d8f61a49108664596ff785caf3e,f4e44e9f9016,2026-09-02T01:38:15.416091236Z,2026-09-02T01:38:15.751576315Z,335.485073,200,fa5bbaa12602c6803fc911cd560f3cd567585f7b4703499b433ac2343ab380c5,,true,miss
retained-20260902-68135d3ad33f,S2-100-r04,S2-100,request-008,d4745ce8b0076d85ef4bad6643512dad50425d8f61a49108664596ff785caf3e,f4e44e9f9016,2026-09-02T01:38:15.416056123Z,2026-09-02T01:38:15.750478Z,334.421878,200,fa5bbaa12602c6803fc911cd560f3cd567585f7b4703499b433ac2343ab380c5,,true,miss
retained-20260902-68135d3ad33f,S2-100-r04,S2-100,request-009,d4745ce8b0076d85ef4bad6643512dad50425d8f61a49108664596ff785caf3e,f4e44e9f9016,2026-09-02T01:38:15.416012189Z,2026-09-02T01:38:15.750852698Z,334.840507,200,fa5bbaa12602c6803fc911cd560f3cd567585f7b4703499b433ac2343ab380c5,,true,miss
retained-20260902-68135d3ad33f,S2-100-r04,S2-100,request-010,d4745ce8b0076d85ef4bad6643512dad50425d8f61a49108664596ff785caf3e,f4e44e9f9016,2026-09-02T01:38:15.415990782Z,2026-09-02T01:38:15.748067663Z,332.076884,200,fa5bbaa12602c6803fc911cd560f3cd567585f7b4703499b433ac2343ab380c5,,true,miss
retained-20260902-68135d3ad33f,S2-100-r04,S2-100,request-011,d4745ce8b0076d85ef4bad6643512dad50425d8f61a49108664596ff785caf3e,f4e44e9f9016,2026-09-02T01:38:15.415958005Z,2026-09-02T01:38:15.747200581Z,331.242577,200,fa5bbaa12602c6803fc911cd560f3cd567585f7b4703499b433ac2343ab380c5,,true,miss
retained-20260902-68135d3ad33f,S2-100-r04,S2-100,request-012,d4745ce8b0076d85ef4bad6643512dad50425d8f61a49108664596ff785caf3e,f4e44e9f9016,2026-09-02T01:38:15.415936852Z,2026-09-02T01:38:15.750785069Z,334.848224,200,fa5bbaa12602c6803fc911cd560f3cd567585f7b4703499b433ac2343ab380c5,,true,miss
retained-20260902-68135d3ad33f,S2-100-r04,S2-100,request-013,d4745ce8b0076d85ef4bad6643512dad50425d8f61a49108664596ff785caf3e,f4e44e9f9016,2026-09-02T01:38:15.415914923Z,2026-09-02T01:38:15.7504459Z,334.530984,200,fa5bbaa12602c6803fc911cd560f3cd567585f7b4703499b433ac2343ab380c5,,true,miss
retained-20260902-68135d3ad33f,S2-100-r04,S2-100,request-014,d4745ce8b0076d85ef4bad6643512dad50425d8f61a49108664596ff785caf3e,f4e44e9f9016,2026-09-02T01:38:15.415896742Z,2026-09-02T01:38:15.750166988Z,334.270257,200,fa5bbaa12602c6803fc911cd560f3cd567585f7b4703499b433ac2343ab380c5,,true,miss
retained-20260902-68135d3ad33f,S2-100-r04,S2-100,request-015,d4745ce8b0076d85ef4bad6643512dad50425d8f61a49108664596ff785caf3e,f4e44e9f9016,2026-09-02T01:38:15.415868456Z,2026-09-02T01:38:15.749303089Z,333.434638,200,fa5bbaa12602c6803fc911cd560f3cd567585f7b4703499b433ac2343ab380c5,,true,miss
retained-20260902-68135d3ad33f,S2-100-r04,S2-100,request-016,d4745ce8b0076d85ef4bad6643512dad50425d8f61a49108664596ff785caf3e,f4e44e9f9016,2026-09-02T01:38:15.415853245Z,2026-09-02T01:38:15.749600266Z,333.747029,200,fa5bbaa12602c6803fc911cd560f3cd567585f7b4703499b433ac2343ab380c5,,true,miss
retained-20260902-68135d3ad33f,S2-100-r04,S2-100,request-017,d4745ce8b0076d85ef4bad6643512dad50425d8f61a49108664596ff785caf3e,f4e44e9f9016,2026-09-02T01:38:15.415833312Z,2026-09-02T01:38:15.749201696Z,333.368392,200,fa5bbaa12602c6803fc911cd560f3cd567585f7b4703499b433ac2343ab380c5,,true,miss
retained-20260902-68135d3ad33f,S2-100-r04,S2-100,request-018,d4745ce8b0076d85ef4bad6643512dad50425d8f61a49108664596ff785caf3e,f4e44e9f9016,2026-09-02T01:38:15.415801349Z,2026-09-02T01:38:15.749819619Z,334.018272,200,fa5bbaa12602c6803fc911cd560f3cd567585f7b4703499b433ac2343ab380c5,,true,miss
retained-20260902-68135d3ad33f,S2-100-r04,S2-100,request-019,d4745ce8b0076d85ef4bad6643512dad50425d8f61a49108664596ff785caf3e,f4e44e9f9016,2026-09-02T01:38:15.415769591Z,2026-09-02T01:38:15.747219238Z,331.449657,200,fa5bbaa12602c6803fc911cd560f3cd567585f7b4703499b433ac2343ab380c5,,true,miss
retained-20260902-68135d3ad33f,S2-100-r04,S2-100,request-020,d4745ce8b0076d85ef4bad6643512dad50425d8f61a49108664596ff785caf3e,f4e44e9f9016,2026-09-02T01:38:15.415718324Z,2026-09-02T01:38:15.747028269Z,331.309947,200,fa5bbaa12602c6803fc911cd560f3cd567585f7b4703499b433ac2343ab380c5,,true,miss
retained-20260902-68135d3ad33f,S2-100-r04,S2-100,request-021,d4745ce8b0076d85ef4bad6643512dad50425d8f61a49108664596ff785caf3e,f4e44e9f9016,2026-09-02T01:38:15.403366195Z,2026-09-02T01:38:15.751415158Z,348.048963,200,fa5bbaa12602c6803fc911cd560f3cd567585f7b4703499b433ac2343ab380c5,,true,miss
retained-20260902-68135d3ad33f,S2-100-r04,S2-100,request-022,d4745ce8b0076d85ef4bad6643512dad50425d8f61a49108664596ff785caf3e,f4e44e9f9016,2026-09-02T01:38:15.403319123Z,2026-09-02T01:38:15.750526516Z,347.207399,200,fa5bbaa12602c6803fc911cd560f3cd567585f7b4703499b433ac2343ab380c5,,true,miss
retained-20260902-68135d3ad33f,S2-100-r04,S2-100,request-023,d4745ce8b0076d85ef4bad6643512dad50425d8f61a49108664596ff785caf3e,f4e44e9f9016,2026-09-02T01:38:15.403296293Z,2026-09-02T01:38:15.749870757Z,346.574472,200,fa5bbaa12602c6803fc911cd560f3cd567585f7b4703499b433ac2343ab380c5,,true,miss
retained-20260902-68135d3ad33f,S2-100-r04,S2-100,request-024,d4745ce8b0076d85ef4bad6643512dad50425d8f61a49108664596ff785caf3e,f4e44e9f9016,2026-09-02T01:38:15.403272447Z,2026-09-02T01:38:15.749082412Z,345.809971,200,fa5bbaa12602c6803fc911cd560f3cd567585f7b4703499b433ac2343ab380c5,,true,miss
retained-20260902-68135d3ad33f,S2-100-r04,S2-100,request-025,d4745ce8b0076d85ef4bad6643512dad50425d8f61a49108664596ff785caf3e,f4e44e9f9016,2026-09-02T01:38:15.403252682Z,2026-09-02T01:38:15.748656385Z,345.403706,200,fa5bbaa12602c6803fc911cd560f3cd567585f7b4703499b433ac2343ab380c5,,true,miss
retained-20260902-68135d3ad33f,S2-100-r04,S2-100,request-026,d4745ce8b0076d85ef4bad6643512dad50425d8f61a49108664596ff785caf3e,f4e44e9f9016,2026-09-02T01:38:15.403231267Z,2026-09-02T01:38:15.751003194Z,347.771930,200,fa5bbaa12602c6803fc911cd560f3cd567585f7b4703499b433ac2343ab380c5,,true,miss
retained-20260902-68135d3ad33f,S2-100-r04,S2-100,request-027,d4745ce8b0076d85ef4bad6643512dad50425d8f61a49108664596ff785caf3e,f4e44e9f9016,2026-09-02T01:38:15.403210283Z,2026-09-02T01:38:15.747117313Z,343.907033,200,fa5bbaa12602c6803fc911cd560f3cd567585f7b4703499b433ac2343ab380c5,,true,miss
retained-20260902-68135d3ad33f,S2-100-r04,S2-100,request-028,d4745ce8b0076d85ef4bad6643512dad50425d8f61a49108664596ff785caf3e,f4e44e9f9016,2026-09-02T01:38:15.403190173Z,2026-09-02T01:38:15.74709069Z,343.900523,200,fa5bbaa12602c6803fc911cd560f3cd567585f7b4703499b433ac2343ab380c5,,true,miss
retained-20260902-68135d3ad33f,S2-100-r04,S2-100,request-029,d4745ce8b0076d85ef4bad6643512dad50425d8f61a49108664596ff785caf3e,f4e44e9f9016,2026-09-02T01:38:15.403169489Z,2026-09-02T01:38:15.745878572Z,342.709090,200,fa5bbaa12602c6803fc911cd560f3cd567585f7b4703499b433ac2343ab380c5,,true,miss
retained-20260902-68135d3ad33f,S2-100-r04,S2-100,request-030,d4745ce8b0076d85ef4bad6643512dad50425d8f61a49108664596ff785caf3e,f4e44e9f9016,2026-09-02T01:38:15.403152224Z,2026-09-02T01:38:15.75136203Z,348.209812,200,fa5bbaa12602c6803fc911cd560f3cd567585f7b4703499b433ac2343ab380c5,,true,miss
retained-20260902-68135d3ad33f,S2-100-r04,S2-100,request-031,d4745ce8b0076d85ef4bad6643512dad50425d8f61a49108664596ff785caf3e,f4e44e9f9016,2026-09-02T01:38:15.403130462Z,2026-09-02T01:38:15.750428826Z,347.298371,200,fa5bbaa12602c6803fc911cd560f3cd567585f7b4703499b433ac2343ab380c5,,true,miss
retained-20260902-68135d3ad33f,S2-100-r04,S2-100,request-032,d4745ce8b0076d85ef4bad6643512dad50425d8f61a49108664596ff785caf3e,f4e44e9f9016,2026-09-02T01:38:15.403109822Z,2026-09-02T01:38:15.749616723Z,346.506902,200,fa5bbaa12602c6803fc911cd560f3cd567585f7b4703499b433ac2343ab380c5,,true,miss
retained-20260902-68135d3ad33f,S2-100-r04,S2-100,request-033,d4745ce8b0076d85ef4bad6643512dad50425d8f61a49108664596ff785caf3e,f4e44e9f9016,2026-09-02T01:38:15.403089736Z,2026-09-02T01:38:15.749070848Z,345.981119,200,fa5bbaa12602c6803fc911cd560f3cd567585f7b4703499b433ac2343ab380c5,,true,miss
retained-20260902-68135d3ad33f,S2-100-r04,S2-100,request-034,d4745ce8b0076d85ef4bad6643512dad50425d8f61a49108664596ff785caf3e,f4e44e9f9016,2026-09-02T01:38:15.403066854Z,2026-09-02T01:38:15.751860124Z,348.793276,200,fa5bbaa12602c6803fc911cd560f3cd567585f7b4703499b433ac2343ab380c5,,true,miss
retained-20260902-68135d3ad33f,S2-100-r04,S2-100,request-035,d4745ce8b0076d85ef4bad6643512dad50425d8f61a49108664596ff785caf3e,f4e44e9f9016,2026-09-02T01:38:15.403046943Z,2026-09-02T01:38:15.748637742Z,345.590800,200,fa5bbaa12602c6803fc911cd560f3cd567585f7b4703499b433ac2343ab380c5,,true,miss
retained-20260902-68135d3ad33f,S2-100-r04,S2-100,request-036,d4745ce8b0076d85ef4bad6643512dad50425d8f61a49108664596ff785caf3e,f4e44e9f9016,2026-09-02T01:38:15.403009606Z,2026-09-02T01:38:15.74778095Z,344.771351,200,fa5bbaa12602c6803fc911cd560f3cd567585f7b4703499b433ac2343ab380c5,,true,miss
retained-20260902-68135d3ad33f,S2-100-r04,S2-100,request-037,d4745ce8b0076d85ef4bad6643512dad50425d8f61a49108664596ff785caf3e,f4e44e9f9016,2026-09-02T01:38:15.402986823Z,2026-09-02T01:38:15.751139822Z,348.153000,200,fa5bbaa12602c6803fc911cd560f3cd567585f7b4703499b433ac2343ab380c5,,true,miss
retained-20260902-68135d3ad33f,S2-100-r04,S2-100,request-038,d4745ce8b0076d85ef4bad6643512dad50425d8f61a49108664596ff785caf3e,f4e44e9f9016,2026-09-02T01:38:15.402959004Z,2026-09-02T01:38:15.750649576Z,347.690577,200,fa5bbaa12602c6803fc911cd560f3cd567585f7b4703499b433ac2343ab380c5,,true,miss
retained-20260902-68135d3ad33f,S2-100-r04,S2-100,request-039,d4745ce8b0076d85ef4bad6643512dad50425d8f61a49108664596ff785caf3e,f4e44e9f9016,2026-09-02T01:38:15.402939124Z,2026-09-02T01:38:15.750398031Z,347.458914,200,fa5bbaa12602c6803fc911cd560f3cd567585f7b4703499b433ac2343ab380c5,,true,miss
retained-20260902-68135d3ad33f,S2-100-r04,S2-100,request-040,d4745ce8b0076d85ef4bad6643512dad50425d8f61a49108664596ff785caf3e,f4e44e9f9016,2026-09-02T01:38:15.402901503Z,2026-09-02T01:38:15.749030152Z,346.128657,200,fa5bbaa12602c6803fc911cd560f3cd567585f7b4703499b433ac2343ab380c5,,true,miss
retained-20260902-68135d3ad33f,S2-100-r04,S2-100,request-041,d4745ce8b0076d85ef4bad6643512dad50425d8f61a49108664596ff785caf3e,f4e44e9f9016,2026-09-02T01:38:15.40288105Z,2026-09-02T01:38:15.74826438Z,345.383333,200,fa5bbaa12602c6803fc911cd560f3cd567585f7b4703499b433ac2343ab380c5,,true,miss
retained-20260902-68135d3ad33f,S2-100-r04,S2-100,request-042,d4745ce8b0076d85ef4bad6643512dad50425d8f61a49108664596ff785caf3e,f4e44e9f9016,2026-09-02T01:38:15.402860867Z,2026-09-02T01:38:15.751746659Z,348.885792,200,fa5bbaa12602c6803fc911cd560f3cd567585f7b4703499b433ac2343ab380c5,,true,miss
retained-20260902-68135d3ad33f,S2-100-r04,S2-100,request-043,d4745ce8b0076d85ef4bad6643512dad50425d8f61a49108664596ff785caf3e,f4e44e9f9016,2026-09-02T01:38:15.402839875Z,2026-09-02T01:38:15.749133439Z,346.293566,200,fa5bbaa12602c6803fc911cd560f3cd567585f7b4703499b433ac2343ab380c5,,true,miss
retained-20260902-68135d3ad33f,S2-100-r04,S2-100,request-044,d4745ce8b0076d85ef4bad6643512dad50425d8f61a49108664596ff785caf3e,f4e44e9f9016,2026-09-02T01:38:15.402810372Z,2026-09-02T01:38:15.747288482Z,344.478126,200,fa5bbaa12602c6803fc911cd560f3cd567585f7b4703499b433ac2343ab380c5,,true,miss
retained-20260902-68135d3ad33f,S2-100-r04,S2-100,request-045,d4745ce8b0076d85ef4bad6643512dad50425d8f61a49108664596ff785caf3e,f4e44e9f9016,2026-09-02T01:38:15.402789145Z,2026-09-02T01:38:15.746930578Z,344.141435,200,fa5bbaa12602c6803fc911cd560f3cd567585f7b4703499b433ac2343ab380c5,,true,miss
retained-20260902-68135d3ad33f,S2-100-r04,S2-100,request-046,d4745ce8b0076d85ef4bad6643512dad50425d8f61a49108664596ff785caf3e,f4e44e9f9016,2026-09-02T01:38:15.402765148Z,2026-09-02T01:38:15.751503991Z,348.738845,200,fa5bbaa12602c6803fc911cd560f3cd567585f7b4703499b433ac2343ab380c5,,true,miss
retained-20260902-68135d3ad33f,S2-100-r04,S2-100,request-047,d4745ce8b0076d85ef4bad6643512dad50425d8f61a49108664596ff785caf3e,f4e44e9f9016,2026-09-02T01:38:15.402737153Z,2026-09-02T01:38:15.748782861Z,346.045709,200,fa5bbaa12602c6803fc911cd560f3cd567585f7b4703499b433ac2343ab380c5,,true,miss
retained-20260902-68135d3ad33f,S2-100-r04,S2-100,request-048,d4745ce8b0076d85ef4bad6643512dad50425d8f61a49108664596ff785caf3e,f4e44e9f9016,2026-09-02T01:38:15.402670837Z,2026-09-02T01:38:15.751677898Z,349.007055,200,fa5bbaa12602c6803fc911cd560f3cd567585f7b4703499b433ac2343ab380c5,,true,miss
retained-20260902-68135d3ad33f,S2-100-r04,S2-100,request-049,d4745ce8b0076d85ef4bad6643512dad50425d8f61a49108664596ff785caf3e,f4e44e9f9016,2026-09-02T01:38:15.402633095Z,2026-09-02T01:38:15.750232809Z,347.599717,200,fa5bbaa12602c6803fc911cd560f3cd567585f7b4703499b433ac2343ab380c5,,true,miss
retained-20260902-68135d3ad33f,S2-100-r04,S2-100,request-050,d4745ce8b0076d85ef4bad6643512dad50425d8f61a49108664596ff785caf3e,f4e44e9f9016,2026-09-02T01:38:15.402470988Z,2026-09-02T01:38:15.746073972Z,343.602983,200,fa5bbaa12602c6803fc911cd560f3cd567585f7b4703499b433ac2343ab380c5,,false,miss
retained-20260902-68135d3ad33f,S2-100-r04,S2-100,request-051,d4745ce8b0076d85ef4bad6643512dad50425d8f61a49108664596ff785caf3e,f4e44e9f9016,2026-09-02T01:38:15.416114694Z,2026-09-02T01:38:15.750371173Z,334.256479,200,fa5bbaa12602c6803fc911cd560f3cd567585f7b4703499b433ac2343ab380c5,,true,miss
retained-20260902-68135d3ad33f,S2-100-r04,S2-100,request-052,d4745ce8b0076d85ef4bad6643512dad50425d8f61a49108664596ff785caf3e,f4e44e9f9016,2026-09-02T01:38:15.416057672Z,2026-09-02T01:38:15.751349393Z,335.291728,200,fa5bbaa12602c6803fc911cd560f3cd567585f7b4703499b433ac2343ab380c5,,true,miss
retained-20260902-68135d3ad33f,S2-100-r04,S2-100,request-053,d4745ce8b0076d85ef4bad6643512dad50425d8f61a49108664596ff785caf3e,f4e44e9f9016,2026-09-02T01:38:15.416043613Z,2026-09-02T01:38:15.75150566Z,335.462047,200,fa5bbaa12602c6803fc911cd560f3cd567585f7b4703499b433ac2343ab380c5,,true,miss
retained-20260902-68135d3ad33f,S2-100-r04,S2-100,request-054,d4745ce8b0076d85ef4bad6643512dad50425d8f61a49108664596ff785caf3e,f4e44e9f9016,2026-09-02T01:38:15.416028115Z,2026-09-02T01:38:15.75192518Z,335.897080,200,fa5bbaa12602c6803fc911cd560f3cd567585f7b4703499b433ac2343ab380c5,,true,miss
retained-20260902-68135d3ad33f,S2-100-r04,S2-100,request-055,d4745ce8b0076d85ef4bad6643512dad50425d8f61a49108664596ff785caf3e,f4e44e9f9016,2026-09-02T01:38:15.416008812Z,2026-09-02T01:38:15.748585882Z,332.577074,200,fa5bbaa12602c6803fc911cd560f3cd567585f7b4703499b433ac2343ab380c5,,true,miss
retained-20260902-68135d3ad33f,S2-100-r04,S2-100,request-056,d4745ce8b0076d85ef4bad6643512dad50425d8f61a49108664596ff785caf3e,f4e44e9f9016,2026-09-02T01:38:15.415991581Z,2026-09-02T01:38:15.747554781Z,331.563207,200,fa5bbaa12602c6803fc911cd560f3cd567585f7b4703499b433ac2343ab380c5,,true,miss
retained-20260902-68135d3ad33f,S2-100-r04,S2-100,request-057,d4745ce8b0076d85ef4bad6643512dad50425d8f61a49108664596ff785caf3e,f4e44e9f9016,2026-09-02T01:38:15.415959242Z,2026-09-02T01:38:15.747356048Z,331.396807,200,fa5bbaa12602c6803fc911cd560f3cd567585f7b4703499b433ac2343ab380c5,,true,miss
retained-20260902-68135d3ad33f,S2-100-r04,S2-100,request-058,d4745ce8b0076d85ef4bad6643512dad50425d8f61a49108664596ff785caf3e,f4e44e9f9016,2026-09-02T01:38:15.415940742Z,2026-09-02T01:38:15.74714806Z,331.207322,200,fa5bbaa12602c6803fc911cd560f3cd567585f7b4703499b433ac2343ab380c5,,true,miss
retained-20260902-68135d3ad33f,S2-100-r04,S2-100,request-059,d4745ce8b0076d85ef4bad6643512dad50425d8f61a49108664596ff785caf3e,f4e44e9f9016,2026-09-02T01:38:15.415917557Z,2026-09-02T01:38:15.750542897Z,334.625340,200,fa5bbaa12602c6803fc911cd560f3cd567585f7b4703499b433ac2343ab380c5,,true,miss
retained-20260902-68135d3ad33f,S2-100-r04,S2-100,request-060,d4745ce8b0076d85ef4bad6643512dad50425d8f61a49108664596ff785caf3e,f4e44e9f9016,2026-09-02T01:38:15.415902927Z,2026-09-02T01:38:15.750340703Z,334.437776,200,fa5bbaa12602c6803fc911cd560f3cd567585f7b4703499b433ac2343ab380c5,,true,miss
retained-20260902-68135d3ad33f,S2-100-r04,S2-100,request-061,d4745ce8b0076d85ef4bad6643512dad50425d8f61a49108664596ff785caf3e,f4e44e9f9016,2026-09-02T01:38:15.415887187Z,2026-09-02T01:38:15.750046691Z,334.159514,200,fa5bbaa12602c6803fc911cd560f3cd567585f7b4703499b433ac2343ab380c5,,true,miss
retained-20260902-68135d3ad33f,S2-100-r04,S2-100,request-062,d4745ce8b0076d85ef4bad6643512dad50425d8f61a49108664596ff785caf3e,f4e44e9f9016,2026-09-02T01:38:15.415866547Z,2026-09-02T01:38:15.751471417Z,335.604877,200,fa5bbaa12602c6803fc911cd560f3cd567585f7b4703499b433ac2343ab380c5,,true,miss
retained-20260902-68135d3ad33f,S2-100-r04,S2-100,request-063,d4745ce8b0076d85ef4bad6643512dad50425d8f61a49108664596ff785caf3e,f4e44e9f9016,2026-09-02T01:38:15.415844266Z,2026-09-02T01:38:15.749442504Z,333.598242,200,fa5bbaa12602c6803fc911cd560f3cd567585f7b4703499b433ac2343ab380c5,,true,miss
retained-20260902-68135d3ad33f,S2-100-r04,S2-100,request-064,d4745ce8b0076d85ef4bad6643512dad50425d8f61a49108664596ff785caf3e,f4e44e9f9016,2026-09-02T01:38:15.415639156Z,2026-09-02T01:38:15.751518615Z,335.879460,200,fa5bbaa12602c6803fc911cd560f3cd567585f7b4703499b433ac2343ab380c5,,true,miss
retained-20260902-68135d3ad33f,S2-100-r04,S2-100,request-065,d4745ce8b0076d85ef4bad6643512dad50425d8f61a49108664596ff785caf3e,f4e44e9f9016,2026-09-02T01:38:15.403378976Z,2026-09-02T01:38:15.750998792Z,347.619818,200,fa5bbaa12602c6803fc911cd560f3cd567585f7b4703499b433ac2343ab380c5,,true,miss
retained-20260902-68135d3ad33f,S2-100-r04,S2-100,request-066,d4745ce8b0076d85ef4bad6643512dad50425d8f61a49108664596ff785caf3e,f4e44e9f9016,2026-09-02T01:38:15.403356527Z,2026-09-02T01:38:15.748748591Z,345.392064,200,fa5bbaa12602c6803fc911cd560f3cd567585f7b4703499b433ac2343ab380c5,,true,miss
retained-20260902-68135d3ad33f,S2-100-r04,S2-100,request-067,d4745ce8b0076d85ef4bad6643512dad50425d8f61a49108664596ff785caf3e,f4e44e9f9016,2026-09-02T01:38:15.403283983Z,2026-09-02T01:38:15.747273317Z,343.989323,200,fa5bbaa12602c6803fc911cd560f3cd567585f7b4703499b433ac2343ab380c5,,true,miss
retained-20260902-68135d3ad33f,S2-100-r04,S2-100,request-068,d4745ce8b0076d85ef4bad6643512dad50425d8f61a49108664596ff785caf3e,f4e44e9f9016,2026-09-02T01:38:15.403224997Z,2026-09-02T01:38:15.74738307Z,344.158076,200,fa5bbaa12602c6803fc911cd560f3cd567585f7b4703499b433ac2343ab380c5,,true,miss
retained-20260902-68135d3ad33f,S2-100-r04,S2-100,request-069,d4745ce8b0076d85ef4bad6643512dad50425d8f61a49108664596ff785caf3e,f4e44e9f9016,2026-09-02T01:38:15.403185083Z,2026-09-02T01:38:15.746975628Z,343.790552,200,fa5bbaa12602c6803fc911cd560f3cd567585f7b4703499b433ac2343ab380c5,,true,miss
retained-20260902-68135d3ad33f,S2-100-r04,S2-100,request-070,d4745ce8b0076d85ef4bad6643512dad50425d8f61a49108664596ff785caf3e,f4e44e9f9016,2026-09-02T01:38:15.403166871Z,2026-09-02T01:38:15.751399623Z,348.232754,200,fa5bbaa12602c6803fc911cd560f3cd567585f7b4703499b433ac2343ab380c5,,true,miss
retained-20260902-68135d3ad33f,S2-100-r04,S2-100,request-071,d4745ce8b0076d85ef4bad6643512dad50425d8f61a49108664596ff785caf3e,f4e44e9f9016,2026-09-02T01:38:15.403145567Z,2026-09-02T01:38:15.750755253Z,347.609687,200,fa5bbaa12602c6803fc911cd560f3cd567585f7b4703499b433ac2343ab380c5,,true,miss
retained-20260902-68135d3ad33f,S2-100-r04,S2-100,request-072,d4745ce8b0076d85ef4bad6643512dad50425d8f61a49108664596ff785caf3e,f4e44e9f9016,2026-09-02T01:38:15.402894506Z,2026-09-02T01:38:15.750106144Z,347.211642,200,fa5bbaa12602c6803fc911cd560f3cd567585f7b4703499b433ac2343ab380c5,,true,miss
retained-20260902-68135d3ad33f,S2-100-r04,S2-100,request-073,d4745ce8b0076d85ef4bad6643512dad50425d8f61a49108664596ff785caf3e,f4e44e9f9016,2026-09-02T01:38:15.402799986Z,2026-09-02T01:38:15.747049946Z,344.249967,200,fa5bbaa12602c6803fc911cd560f3cd567585f7b4703499b433ac2343ab380c5,,true,miss
retained-20260902-68135d3ad33f,S2-100-r04,S2-100,request-074,d4745ce8b0076d85ef4bad6643512dad50425d8f61a49108664596ff785caf3e,f4e44e9f9016,2026-09-02T01:38:15.402756531Z,2026-09-02T01:38:15.748883376Z,346.126841,200,fa5bbaa12602c6803fc911cd560f3cd567585f7b4703499b433ac2343ab380c5,,true,miss
retained-20260902-68135d3ad33f,S2-100-r04,S2-100,request-075,d4745ce8b0076d85ef4bad6643512dad50425d8f61a49108664596ff785caf3e,f4e44e9f9016,2026-09-02T01:38:15.40268087Z,2026-09-02T01:38:15.751784401Z,349.103525,200,fa5bbaa12602c6803fc911cd560f3cd567585f7b4703499b433ac2343ab380c5,,true,miss
retained-20260902-68135d3ad33f,S2-100-r04,S2-100,request-076,d4745ce8b0076d85ef4bad6643512dad50425d8f61a49108664596ff785caf3e,f4e44e9f9016,2026-09-02T01:38:15.402870368Z,2026-09-02T01:38:15.747911057Z,345.040692,200,fa5bbaa12602c6803fc911cd560f3cd567585f7b4703499b433ac2343ab380c5,,true,miss
retained-20260902-68135d3ad33f,S2-100-r04,S2-100,request-077,d4745ce8b0076d85ef4bad6643512dad50425d8f61a49108664596ff785caf3e,f4e44e9f9016,2026-09-02T01:38:15.402838225Z,2026-09-02T01:38:15.747461544Z,344.623314,200,fa5bbaa12602c6803fc911cd560f3cd567585f7b4703499b433ac2343ab380c5,,true,miss
retained-20260902-68135d3ad33f,S2-100-r04,S2-100,request-078,d4745ce8b0076d85ef4bad6643512dad50425d8f61a49108664596ff785caf3e,f4e44e9f9016,2026-09-02T01:38:15.402779027Z,2026-09-02T01:38:15.746817941Z,344.038920,200,fa5bbaa12602c6803fc911cd560f3cd567585f7b4703499b433ac2343ab380c5,,true,miss
retained-20260902-68135d3ad33f,S2-100-r04,S2-100,request-079,d4745ce8b0076d85ef4bad6643512dad50425d8f61a49108664596ff785caf3e,f4e44e9f9016,2026-09-02T01:38:15.402726158Z,2026-09-02T01:38:15.748597846Z,345.871691,200,fa5bbaa12602c6803fc911cd560f3cd567585f7b4703499b433ac2343ab380c5,,true,miss
retained-20260902-68135d3ad33f,S2-100-r04,S2-100,request-080,d4745ce8b0076d85ef4bad6643512dad50425d8f61a49108664596ff785caf3e,f4e44e9f9016,2026-09-02T01:38:15.402634834Z,2026-09-02T01:38:15.748946605Z,346.311765,200,fa5bbaa12602c6803fc911cd560f3cd567585f7b4703499b433ac2343ab380c5,,true,miss
retained-20260902-68135d3ad33f,S2-100-r04,S2-100,request-081,d4745ce8b0076d85ef4bad6643512dad50425d8f61a49108664596ff785caf3e,f4e44e9f9016,2026-09-02T01:38:15.415822435Z,2026-09-02T01:38:15.750666098Z,334.843668,200,fa5bbaa12602c6803fc911cd560f3cd567585f7b4703499b433ac2343ab380c5,,true,miss
retained-20260902-68135d3ad33f,S2-100-r04,S2-100,request-082,d4745ce8b0076d85ef4bad6643512dad50425d8f61a49108664596ff785caf3e,f4e44e9f9016,2026-09-02T01:38:15.415799632Z,2026-09-02T01:38:15.747560952Z,331.761324,200,fa5bbaa12602c6803fc911cd560f3cd567585f7b4703499b433ac2343ab380c5,,true,miss
retained-20260902-68135d3ad33f,S2-100-r04,S2-100,request-083,d4745ce8b0076d85ef4bad6643512dad50425d8f61a49108664596ff785caf3e,f4e44e9f9016,2026-09-02T01:38:15.415777349Z,2026-09-02T01:38:15.746988481Z,331.211139,200,fa5bbaa12602c6803fc911cd560f3cd567585f7b4703499b433ac2343ab380c5,,true,miss
retained-20260902-68135d3ad33f,S2-100-r04,S2-100,request-084,d4745ce8b0076d85ef4bad6643512dad50425d8f61a49108664596ff785caf3e,f4e44e9f9016,2026-09-02T01:38:15.415743938Z,2026-09-02T01:38:15.746762703Z,331.018771,200,fa5bbaa12602c6803fc911cd560f3cd567585f7b4703499b433ac2343ab380c5,,true,miss
retained-20260902-68135d3ad33f,S2-100-r04,S2-100,request-085,d4745ce8b0076d85ef4bad6643512dad50425d8f61a49108664596ff785caf3e,f4e44e9f9016,2026-09-02T01:38:15.415717898Z,2026-09-02T01:38:15.74692232Z,331.204427,200,fa5bbaa12602c6803fc911cd560f3cd567585f7b4703499b433ac2343ab380c5,,true,miss
retained-20260902-68135d3ad33f,S2-100-r04,S2-100,request-086,d4745ce8b0076d85ef4bad6643512dad50425d8f61a49108664596ff785caf3e,f4e44e9f9016,2026-09-02T01:38:15.403318588Z,2026-09-02T01:38:15.75030057Z,346.981983,200,fa5bbaa12602c6803fc911cd560f3cd567585f7b4703499b433ac2343ab380c5,,true,miss
retained-20260902-68135d3ad33f,S2-100-r04,S2-100,request-087,d4745ce8b0076d85ef4bad6643512dad50425d8f61a49108664596ff785caf3e,f4e44e9f9016,2026-09-02T01:38:15.403268577Z,2026-09-02T01:38:15.748711759Z,345.443192,200,fa5bbaa12602c6803fc911cd560f3cd567585f7b4703499b433ac2343ab380c5,,true,miss
retained-20260902-68135d3ad33f,S2-100-r04,S2-100,request-088,d4745ce8b0076d85ef4bad6643512dad50425d8f61a49108664596ff785caf3e,f4e44e9f9016,2026-09-02T01:38:15.403251238Z,2026-09-02T01:38:15.750058458Z,346.807228,200,fa5bbaa12602c6803fc911cd560f3cd567585f7b4703499b433ac2343ab380c5,,true,miss
retained-20260902-68135d3ad33f,S2-100-r04,S2-100,request-089,d4745ce8b0076d85ef4bad6643512dad50425d8f61a49108664596ff785caf3e,f4e44e9f9016,2026-09-02T01:38:15.403205806Z,2026-09-02T01:38:15.746868224Z,343.662424,200,fa5bbaa12602c6803fc911cd560f3cd567585f7b4703499b433ac2343ab380c5,,true,miss
retained-20260902-68135d3ad33f,S2-100-r04,S2-100,request-090,d4745ce8b0076d85ef4bad6643512dad50425d8f61a49108664596ff785caf3e,f4e44e9f9016,2026-09-02T01:38:15.403127398Z,2026-09-02T01:38:15.750185613Z,347.058225,200,fa5bbaa12602c6803fc911cd560f3cd567585f7b4703499b433ac2343ab380c5,,true,miss
retained-20260902-68135d3ad33f,S2-100-r04,S2-100,request-091,d4745ce8b0076d85ef4bad6643512dad50425d8f61a49108664596ff785caf3e,f4e44e9f9016,2026-09-02T01:38:15.403107037Z,2026-09-02T01:38:15.74912187Z,346.014835,200,fa5bbaa12602c6803fc911cd560f3cd567585f7b4703499b433ac2343ab380c5,,true,miss
retained-20260902-68135d3ad33f,S2-100-r04,S2-100,request-092,d4745ce8b0076d85ef4bad6643512dad50425d8f61a49108664596ff785caf3e,f4e44e9f9016,2026-09-02T01:38:15.403086993Z,2026-09-02T01:38:15.74887144Z,345.784447,200,fa5bbaa12602c6803fc911cd560f3cd567585f7b4703499b433ac2343ab380c5,,true,miss
retained-20260902-68135d3ad33f,S2-100-r04,S2-100,request-093,d4745ce8b0076d85ef4bad6643512dad50425d8f61a49108664596ff785caf3e,f4e44e9f9016,2026-09-02T01:38:15.403062848Z,2026-09-02T01:38:15.748697157Z,345.634305,200,fa5bbaa12602c6803fc911cd560f3cd567585f7b4703499b433ac2343ab380c5,,true,miss
retained-20260902-68135d3ad33f,S2-100-r04,S2-100,request-094,d4745ce8b0076d85ef4bad6643512dad50425d8f61a49108664596ff785caf3e,f4e44e9f9016,2026-09-02T01:38:15.403018778Z,2026-09-02T01:38:15.748311246Z,345.292475,200,fa5bbaa12602c6803fc911cd560f3cd567585f7b4703499b433ac2343ab380c5,,true,miss
retained-20260902-68135d3ad33f,S2-100-r04,S2-100,request-095,d4745ce8b0076d85ef4bad6643512dad50425d8f61a49108664596ff785caf3e,f4e44e9f9016,2026-09-02T01:38:15.403012982Z,2026-09-02T01:38:15.750249973Z,347.236992,200,fa5bbaa12602c6803fc911cd560f3cd567585f7b4703499b433ac2343ab380c5,,true,miss
retained-20260902-68135d3ad33f,S2-100-r04,S2-100,request-096,d4745ce8b0076d85ef4bad6643512dad50425d8f61a49108664596ff785caf3e,f4e44e9f9016,2026-09-02T01:38:15.402994776Z,2026-09-02T01:38:15.747452293Z,344.457533,200,fa5bbaa12602c6803fc911cd560f3cd567585f7b4703499b433ac2343ab380c5,,true,miss
retained-20260902-68135d3ad33f,S2-100-r04,S2-100,request-097,d4745ce8b0076d85ef4bad6643512dad50425d8f61a49108664596ff785caf3e,f4e44e9f9016,2026-09-02T01:38:15.402963909Z,2026-09-02T01:38:15.750969833Z,348.005931,200,fa5bbaa12602c6803fc911cd560f3cd567585f7b4703499b433ac2343ab380c5,,true,miss
retained-20260902-68135d3ad33f,S2-100-r04,S2-100,request-098,d4745ce8b0076d85ef4bad6643512dad50425d8f61a49108664596ff785caf3e,f4e44e9f9016,2026-09-02T01:38:15.402939644Z,2026-09-02T01:38:15.750494584Z,347.554946,200,fa5bbaa12602c6803fc911cd560f3cd567585f7b4703499b433ac2343ab380c5,,true,miss
retained-20260902-68135d3ad33f,S2-100-r04,S2-100,request-099,d4745ce8b0076d85ef4bad6643512dad50425d8f61a49108664596ff785caf3e,f4e44e9f9016,2026-09-02T01:38:15.402918459Z,2026-09-02T01:38:15.750288557Z,347.370098,200,fa5bbaa12602c6803fc911cd560f3cd567585f7b4703499b433ac2343ab380c5,,true,miss
retained-20260902-68135d3ad33f,S2-100-r04,S2-100,request-100,d4745ce8b0076d85ef4bad6643512dad50425d8f61a49108664596ff785caf3e,f4e44e9f9016,2026-09-02T01:38:15.416224779Z,2026-09-02T01:38:15.750118642Z,333.893868,200,fa5bbaa12602c6803fc911cd560f3cd567585f7b4703499b433ac2343ab380c5,,true,miss
retained-20260902-68135d3ad33f,S0-r05,S0,request-001,d4745ce8b0076d85ef4bad6643512dad50425d8f61a49108664596ff785caf3e,f4e44e9f9016,2026-09-02T01:38:16.136007485Z,2026-09-02T01:38:16.455521712Z,319.514227,200,fa5bbaa12602c6803fc911cd560f3cd567585f7b4703499b433ac2343ab380c5,,false,miss
retained-20260902-68135d3ad33f,S2-10-r05,S2-10,request-001,d4745ce8b0076d85ef4bad6643512dad50425d8f61a49108664596ff785caf3e,f4e44e9f9016,2026-09-02T01:38:16.81128042Z,2026-09-02T01:38:17.127130713Z,315.850294,200,fa5bbaa12602c6803fc911cd560f3cd567585f7b4703499b433ac2343ab380c5,,true,miss
retained-20260902-68135d3ad33f,S2-10-r05,S2-10,request-002,d4745ce8b0076d85ef4bad6643512dad50425d8f61a49108664596ff785caf3e,f4e44e9f9016,2026-09-02T01:38:16.811259234Z,2026-09-02T01:38:17.127179409Z,315.920182,200,fa5bbaa12602c6803fc911cd560f3cd567585f7b4703499b433ac2343ab380c5,,true,miss
retained-20260902-68135d3ad33f,S2-10-r05,S2-10,request-003,d4745ce8b0076d85ef4bad6643512dad50425d8f61a49108664596ff785caf3e,f4e44e9f9016,2026-09-02T01:38:16.811213876Z,2026-09-02T01:38:17.126966454Z,315.752579,200,fa5bbaa12602c6803fc911cd560f3cd567585f7b4703499b433ac2343ab380c5,,true,miss
retained-20260902-68135d3ad33f,S2-10-r05,S2-10,request-004,d4745ce8b0076d85ef4bad6643512dad50425d8f61a49108664596ff785caf3e,f4e44e9f9016,2026-09-02T01:38:16.811070651Z,2026-09-02T01:38:17.127027205Z,315.956556,200,fa5bbaa12602c6803fc911cd560f3cd567585f7b4703499b433ac2343ab380c5,,true,miss
retained-20260902-68135d3ad33f,S2-10-r05,S2-10,request-005,d4745ce8b0076d85ef4bad6643512dad50425d8f61a49108664596ff785caf3e,f4e44e9f9016,2026-09-02T01:38:16.811266131Z,2026-09-02T01:38:17.127112465Z,315.846343,200,fa5bbaa12602c6803fc911cd560f3cd567585f7b4703499b433ac2343ab380c5,,true,miss
retained-20260902-68135d3ad33f,S2-10-r05,S2-10,request-006,d4745ce8b0076d85ef4bad6643512dad50425d8f61a49108664596ff785caf3e,f4e44e9f9016,2026-09-02T01:38:16.811243795Z,2026-09-02T01:38:17.127007409Z,315.763613,200,fa5bbaa12602c6803fc911cd560f3cd567585f7b4703499b433ac2343ab380c5,,true,miss
retained-20260902-68135d3ad33f,S2-10-r05,S2-10,request-007,d4745ce8b0076d85ef4bad6643512dad50425d8f61a49108664596ff785caf3e,f4e44e9f9016,2026-09-02T01:38:16.811212743Z,2026-09-02T01:38:17.127079553Z,315.866813,200,fa5bbaa12602c6803fc911cd560f3cd567585f7b4703499b433ac2343ab380c5,,true,miss
retained-20260902-68135d3ad33f,S2-10-r05,S2-10,request-008,d4745ce8b0076d85ef4bad6643512dad50425d8f61a49108664596ff785caf3e,f4e44e9f9016,2026-09-02T01:38:16.811102419Z,2026-09-02T01:38:17.127062231Z,315.959818,200,fa5bbaa12602c6803fc911cd560f3cd567585f7b4703499b433ac2343ab380c5,,true,miss
retained-20260902-68135d3ad33f,S2-10-r05,S2-10,request-009,d4745ce8b0076d85ef4bad6643512dad50425d8f61a49108664596ff785caf3e,f4e44e9f9016,2026-09-02T01:38:16.811309633Z,2026-09-02T01:38:17.126795032Z,315.485401,200,fa5bbaa12602c6803fc911cd560f3cd567585f7b4703499b433ac2343ab380c5,,false,miss
retained-20260902-68135d3ad33f,S2-10-r05,S2-10,request-010,d4745ce8b0076d85ef4bad6643512dad50425d8f61a49108664596ff785caf3e,f4e44e9f9016,2026-09-02T01:38:16.811288566Z,2026-09-02T01:38:17.127189239Z,315.900680,200,fa5bbaa12602c6803fc911cd560f3cd567585f7b4703499b433ac2343ab380c5,,true,miss
retained-20260902-68135d3ad33f,S1-10-r05,S1-10,request-001,d4745ce8b0076d85ef4bad6643512dad50425d8f61a49108664596ff785caf3e,f4e44e9f9016,2026-09-02T01:38:17.495637593Z,2026-09-02T01:38:18.979442883Z,1483.805298,200,fa5bbaa12602c6803fc911cd560f3cd567585f7b4703499b433ac2343ab380c5,,false,miss
retained-20260902-68135d3ad33f,S1-10-r05,S1-10,request-002,d4745ce8b0076d85ef4bad6643512dad50425d8f61a49108664596ff785caf3e,f4e44e9f9016,2026-09-02T01:38:17.495861081Z,2026-09-02T01:38:20.775771816Z,3279.910734,200,fa5bbaa12602c6803fc911cd560f3cd567585f7b4703499b433ac2343ab380c5,,false,miss
retained-20260902-68135d3ad33f,S1-10-r05,S1-10,request-003,d4745ce8b0076d85ef4bad6643512dad50425d8f61a49108664596ff785caf3e,f4e44e9f9016,2026-09-02T01:38:17.495830878Z,2026-09-02T01:38:20.088274783Z,2592.443911,200,fa5bbaa12602c6803fc911cd560f3cd567585f7b4703499b433ac2343ab380c5,,false,miss
retained-20260902-68135d3ad33f,S1-10-r05,S1-10,request-004,d4745ce8b0076d85ef4bad6643512dad50425d8f61a49108664596ff785caf3e,f4e44e9f9016,2026-09-02T01:38:17.495798693Z,2026-09-02T01:38:20.274939244Z,2779.140549,200,fa5bbaa12602c6803fc911cd560f3cd567585f7b4703499b433ac2343ab380c5,,false,miss
retained-20260902-68135d3ad33f,S1-10-r05,S1-10,request-005,d4745ce8b0076d85ef4bad6643512dad50425d8f61a49108664596ff785caf3e,f4e44e9f9016,2026-09-02T01:38:17.495724139Z,2026-09-02T01:38:20.183781837Z,2688.057701,200,fa5bbaa12602c6803fc911cd560f3cd567585f7b4703499b433ac2343ab380c5,,false,miss
retained-20260902-68135d3ad33f,S1-10-r05,S1-10,request-006,d4745ce8b0076d85ef4bad6643512dad50425d8f61a49108664596ff785caf3e,f4e44e9f9016,2026-09-02T01:38:17.495874928Z,2026-09-02T01:38:19.981474685Z,2485.599762,200,fa5bbaa12602c6803fc911cd560f3cd567585f7b4703499b433ac2343ab380c5,,false,miss
retained-20260902-68135d3ad33f,S1-10-r05,S1-10,request-007,d4745ce8b0076d85ef4bad6643512dad50425d8f61a49108664596ff785caf3e,f4e44e9f9016,2026-09-02T01:38:17.495853141Z,2026-09-02T01:38:18.776694328Z,1280.841196,200,fa5bbaa12602c6803fc911cd560f3cd567585f7b4703499b433ac2343ab380c5,,false,miss
retained-20260902-68135d3ad33f,S1-10-r05,S1-10,request-008,d4745ce8b0076d85ef4bad6643512dad50425d8f61a49108664596ff785caf3e,f4e44e9f9016,2026-09-02T01:38:17.49582953Z,2026-09-02T01:38:18.691171812Z,1195.342284,200,fa5bbaa12602c6803fc911cd560f3cd567585f7b4703499b433ac2343ab380c5,,false,miss
retained-20260902-68135d3ad33f,S1-10-r05,S1-10,request-009,d4745ce8b0076d85ef4bad6643512dad50425d8f61a49108664596ff785caf3e,f4e44e9f9016,2026-09-02T01:38:17.495799042Z,2026-09-02T01:38:20.780666822Z,3284.867791,200,fa5bbaa12602c6803fc911cd560f3cd567585f7b4703499b433ac2343ab380c5,,false,miss
retained-20260902-68135d3ad33f,S1-10-r05,S1-10,request-010,d4745ce8b0076d85ef4bad6643512dad50425d8f61a49108664596ff785caf3e,f4e44e9f9016,2026-09-02T01:38:17.495882171Z,2026-09-02T01:38:18.883489763Z,1387.607589,200,fa5bbaa12602c6803fc911cd560f3cd567585f7b4703499b433ac2343ab380c5,,false,miss
retained-20260902-68135d3ad33f,S1-50-r05,S1-50,request-001,d4745ce8b0076d85ef4bad6643512dad50425d8f61a49108664596ff785caf3e,f4e44e9f9016,2026-09-02T01:38:21.054067939Z,2026-09-02T01:38:26.192116386Z,5138.048471,200,fa5bbaa12602c6803fc911cd560f3cd567585f7b4703499b433ac2343ab380c5,,false,miss
retained-20260902-68135d3ad33f,S1-50-r05,S1-50,request-002,d4745ce8b0076d85ef4bad6643512dad50425d8f61a49108664596ff785caf3e,f4e44e9f9016,2026-09-02T01:38:21.054094902Z,2026-09-02T01:38:22.380308096Z,1326.213199,200,fa5bbaa12602c6803fc911cd560f3cd567585f7b4703499b433ac2343ab380c5,,false,miss
retained-20260902-68135d3ad33f,S1-50-r05,S1-50,request-003,d4745ce8b0076d85ef4bad6643512dad50425d8f61a49108664596ff785caf3e,f4e44e9f9016,2026-09-02T01:38:21.054034389Z,2026-09-02T01:38:24.999964181Z,3945.929796,200,fa5bbaa12602c6803fc911cd560f3cd567585f7b4703499b433ac2343ab380c5,,false,miss
retained-20260902-68135d3ad33f,S1-50-r05,S1-50,request-004,d4745ce8b0076d85ef4bad6643512dad50425d8f61a49108664596ff785caf3e,f4e44e9f9016,2026-09-02T01:38:21.053909169Z,2026-09-02T01:38:22.380975614Z,1327.066453,200,fa5bbaa12602c6803fc911cd560f3cd567585f7b4703499b433ac2343ab380c5,,false,miss
retained-20260902-68135d3ad33f,S1-50-r05,S1-50,request-005,d4745ce8b0076d85ef4bad6643512dad50425d8f61a49108664596ff785caf3e,f4e44e9f9016,2026-09-02T01:38:21.053866606Z,2026-09-02T01:38:24.998305958Z,3944.439358,200,fa5bbaa12602c6803fc911cd560f3cd567585f7b4703499b433ac2343ab380c5,,false,miss
retained-20260902-68135d3ad33f,S1-50-r05,S1-50,request-006,d4745ce8b0076d85ef4bad6643512dad50425d8f61a49108664596ff785caf3e,f4e44e9f9016,2026-09-02T01:38:21.054634176Z,2026-09-02T01:38:34.484106781Z,13429.472605,200,fa5bbaa12602c6803fc911cd560f3cd567585f7b4703499b433ac2343ab380c5,,false,miss
retained-20260902-68135d3ad33f,S1-50-r05,S1-50,request-007,d4745ce8b0076d85ef4bad6643512dad50425d8f61a49108664596ff785caf3e,f4e44e9f9016,2026-09-02T01:38:21.054609251Z,2026-09-02T01:38:34.092434983Z,13037.825735,200,fa5bbaa12602c6803fc911cd560f3cd567585f7b4703499b433ac2343ab380c5,,false,miss
retained-20260902-68135d3ad33f,S1-50-r05,S1-50,request-008,d4745ce8b0076d85ef4bad6643512dad50425d8f61a49108664596ff785caf3e,f4e44e9f9016,2026-09-02T01:38:21.054569824Z,2026-09-02T01:38:32.99221998Z,11937.650157,200,fa5bbaa12602c6803fc911cd560f3cd567585f7b4703499b433ac2343ab380c5,,false,miss
retained-20260902-68135d3ad33f,S1-50-r05,S1-50,request-009,d4745ce8b0076d85ef4bad6643512dad50425d8f61a49108664596ff785caf3e,f4e44e9f9016,2026-09-02T01:38:21.054548491Z,2026-09-02T01:38:37.389870725Z,16335.322241,200,fa5bbaa12602c6803fc911cd560f3cd567585f7b4703499b433ac2343ab380c5,,false,miss
retained-20260902-68135d3ad33f,S1-50-r05,S1-50,request-010,d4745ce8b0076d85ef4bad6643512dad50425d8f61a49108664596ff785caf3e,f4e44e9f9016,2026-09-02T01:38:21.054523322Z,2026-09-02T01:38:36.988923797Z,15934.400480,200,fa5bbaa12602c6803fc911cd560f3cd567585f7b4703499b433ac2343ab380c5,,false,miss
retained-20260902-68135d3ad33f,S1-50-r05,S1-50,request-011,d4745ce8b0076d85ef4bad6643512dad50425d8f61a49108664596ff785caf3e,f4e44e9f9016,2026-09-02T01:38:21.05450258Z,2026-09-02T01:38:35.37840848Z,14323.905901,200,fa5bbaa12602c6803fc911cd560f3cd567585f7b4703499b433ac2343ab380c5,,false,miss
retained-20260902-68135d3ad33f,S1-50-r05,S1-50,request-012,d4745ce8b0076d85ef4bad6643512dad50425d8f61a49108664596ff785caf3e,f4e44e9f9016,2026-09-02T01:38:21.054484202Z,2026-09-02T01:38:34.079133586Z,13024.649387,200,fa5bbaa12602c6803fc911cd560f3cd567585f7b4703499b433ac2343ab380c5,,false,miss
retained-20260902-68135d3ad33f,S1-50-r05,S1-50,request-013,d4745ce8b0076d85ef4bad6643512dad50425d8f61a49108664596ff785caf3e,f4e44e9f9016,2026-09-02T01:38:21.054461665Z,2026-09-02T01:38:32.775293018Z,11720.831357,200,fa5bbaa12602c6803fc911cd560f3cd567585f7b4703499b433ac2343ab380c5,,false,miss
retained-20260902-68135d3ad33f,S1-50-r05,S1-50,request-014,d4745ce8b0076d85ef4bad6643512dad50425d8f61a49108664596ff785caf3e,f4e44e9f9016,2026-09-02T01:38:21.054444399Z,2026-09-02T01:38:31.284715124Z,10230.270729,200,fa5bbaa12602c6803fc911cd560f3cd567585f7b4703499b433ac2343ab380c5,,false,miss
retained-20260902-68135d3ad33f,S1-50-r05,S1-50,request-015,d4745ce8b0076d85ef4bad6643512dad50425d8f61a49108664596ff785caf3e,f4e44e9f9016,2026-09-02T01:38:21.054427099Z,2026-09-02T01:38:27.594746871Z,6540.319774,200,fa5bbaa12602c6803fc911cd560f3cd567585f7b4703499b433ac2343ab380c5,,false,miss
retained-20260902-68135d3ad33f,S1-50-r05,S1-50,request-016,d4745ce8b0076d85ef4bad6643512dad50425d8f61a49108664596ff785caf3e,f4e44e9f9016,2026-09-02T01:38:21.054392443Z,2026-09-02T01:38:26.290190475Z,5235.798036,200,fa5bbaa12602c6803fc911cd560f3cd567585f7b4703499b433ac2343ab380c5,,false,miss
retained-20260902-68135d3ad33f,S1-50-r05,S1-50,request-017,d4745ce8b0076d85ef4bad6643512dad50425d8f61a49108664596ff785caf3e,f4e44e9f9016,2026-09-02T01:38:21.054371869Z,2026-09-02T01:38:26.283619144Z,5229.247272,200,fa5bbaa12602c6803fc911cd560f3cd567585f7b4703499b433ac2343ab380c5,,false,miss
retained-20260902-68135d3ad33f,S1-50-r05,S1-50,request-018,d4745ce8b0076d85ef4bad6643512dad50425d8f61a49108664596ff785caf3e,f4e44e9f9016,2026-09-02T01:38:21.054347756Z,2026-09-02T01:38:28.781344579Z,7726.996824,200,fa5bbaa12602c6803fc911cd560f3cd567585f7b4703499b433ac2343ab380c5,,false,miss
retained-20260902-68135d3ad33f,S1-50-r05,S1-50,request-019,d4745ce8b0076d85ef4bad6643512dad50425d8f61a49108664596ff785caf3e,f4e44e9f9016,2026-09-02T01:38:21.054288264Z,2026-09-02T01:38:31.19165156Z,10137.363314,200,fa5bbaa12602c6803fc911cd560f3cd567585f7b4703499b433ac2343ab380c5,,false,miss
retained-20260902-68135d3ad33f,S1-50-r05,S1-50,request-020,d4745ce8b0076d85ef4bad6643512dad50425d8f61a49108664596ff785caf3e,f4e44e9f9016,2026-09-02T01:38:21.054274129Z,2026-09-02T01:38:30.395753793Z,9341.479663,200,fa5bbaa12602c6803fc911cd560f3cd567585f7b4703499b433ac2343ab380c5,,false,miss
retained-20260902-68135d3ad33f,S1-50-r05,S1-50,request-021,d4745ce8b0076d85ef4bad6643512dad50425d8f61a49108664596ff785caf3e,f4e44e9f9016,2026-09-02T01:38:21.054259137Z,2026-09-02T01:38:23.67787781Z,2623.618680,200,fa5bbaa12602c6803fc911cd560f3cd567585f7b4703499b433ac2343ab380c5,,false,miss
retained-20260902-68135d3ad33f,S1-50-r05,S1-50,request-022,d4745ce8b0076d85ef4bad6643512dad50425d8f61a49108664596ff785caf3e,f4e44e9f9016,2026-09-02T01:38:21.054241904Z,2026-09-02T01:38:24.998101157Z,3943.859256,200,fa5bbaa12602c6803fc911cd560f3cd567585f7b4703499b433ac2343ab380c5,,false,miss
retained-20260902-68135d3ad33f,S1-50-r05,S1-50,request-023,d4745ce8b0076d85ef4bad6643512dad50425d8f61a49108664596ff785caf3e,f4e44e9f9016,2026-09-02T01:38:21.054216626Z,2026-09-02T01:38:30.077916237Z,9023.699610,200,fa5bbaa12602c6803fc911cd560f3cd567585f7b4703499b433ac2343ab380c5,,false,miss
retained-20260902-68135d3ad33f,S1-50-r05,S1-50,request-024,d4745ce8b0076d85ef4bad6643512dad50425d8f61a49108664596ff785caf3e,f4e44e9f9016,2026-09-02T01:38:21.054182065Z,2026-09-02T01:38:36.475369815Z,15421.187751,200,fa5bbaa12602c6803fc911cd560f3cd567585f7b4703499b433ac2343ab380c5,,false,miss
retained-20260902-68135d3ad33f,S1-50-r05,S1-50,request-025,d4745ce8b0076d85ef4bad6643512dad50425d8f61a49108664596ff785caf3e,f4e44e9f9016,2026-09-02T01:38:21.054141904Z,2026-09-02T01:38:23.690520651Z,2636.378746,200,fa5bbaa12602c6803fc911cd560f3cd567585f7b4703499b433ac2343ab380c5,,false,miss
retained-20260902-68135d3ad33f,S1-50-r05,S1-50,request-026,d4745ce8b0076d85ef4bad6643512dad50425d8f61a49108664596ff785caf3e,f4e44e9f9016,2026-09-02T01:38:21.054111433Z,2026-09-02T01:38:23.696228242Z,2642.116808,200,fa5bbaa12602c6803fc911cd560f3cd567585f7b4703499b433ac2343ab380c5,,false,miss
retained-20260902-68135d3ad33f,S1-50-r05,S1-50,request-027,d4745ce8b0076d85ef4bad6643512dad50425d8f61a49108664596ff785caf3e,f4e44e9f9016,2026-09-02T01:38:21.054077809Z,2026-09-02T01:38:22.389260428Z,1335.182625,200,fa5bbaa12602c6803fc911cd560f3cd567585f7b4703499b433ac2343ab380c5,,false,miss
retained-20260902-68135d3ad33f,S1-50-r05,S1-50,request-028,d4745ce8b0076d85ef4bad6643512dad50425d8f61a49108664596ff785caf3e,f4e44e9f9016,2026-09-02T01:38:21.054035634Z,2026-09-02T01:38:24.998213301Z,3944.177665,200,fa5bbaa12602c6803fc911cd560f3cd567585f7b4703499b433ac2343ab380c5,,false,miss
retained-20260902-68135d3ad33f,S1-50-r05,S1-50,request-029,d4745ce8b0076d85ef4bad6643512dad50425d8f61a49108664596ff785caf3e,f4e44e9f9016,2026-09-02T01:38:21.053865406Z,2026-09-02T01:38:35.884220554Z,14830.355149,200,fa5bbaa12602c6803fc911cd560f3cd567585f7b4703499b433ac2343ab380c5,,false,miss
retained-20260902-68135d3ad33f,S1-50-r05,S1-50,request-030,d4745ce8b0076d85ef4bad6643512dad50425d8f61a49108664596ff785caf3e,f4e44e9f9016,2026-09-02T01:38:21.054558461Z,2026-09-02T01:38:32.487266443Z,11432.707984,200,fa5bbaa12602c6803fc911cd560f3cd567585f7b4703499b433ac2343ab380c5,,false,miss
retained-20260902-68135d3ad33f,S1-50-r05,S1-50,request-031,d4745ce8b0076d85ef4bad6643512dad50425d8f61a49108664596ff785caf3e,f4e44e9f9016,2026-09-02T01:38:21.054538016Z,2026-09-02T01:38:37.321616178Z,16267.078168,200,fa5bbaa12602c6803fc911cd560f3cd567585f7b4703499b433ac2343ab380c5,,false,miss
retained-20260902-68135d3ad33f,S1-50-r05,S1-50,request-032,d4745ce8b0076d85ef4bad6643512dad50425d8f61a49108664596ff785caf3e,f4e44e9f9016,2026-09-02T01:38:21.054517602Z,2026-09-02T01:38:36.58993885Z,15535.421250,200,fa5bbaa12602c6803fc911cd560f3cd567585f7b4703499b433ac2343ab380c5,,false,miss
retained-20260902-68135d3ad33f,S1-50-r05,S1-50,request-033,d4745ce8b0076d85ef4bad6643512dad50425d8f61a49108664596ff785caf3e,f4e44e9f9016,2026-09-02T01:38:21.054497956Z,2026-09-02T01:38:35.089745851Z,14035.247902,200,fa5bbaa12602c6803fc911cd560f3cd567585f7b4703499b433ac2343ab380c5,,false,miss
retained-20260902-68135d3ad33f,S1-50-r05,S1-50,request-034,d4745ce8b0076d85ef4bad6643512dad50425d8f61a49108664596ff785caf3e,f4e44e9f9016,2026-09-02T01:38:21.054478055Z,2026-09-02T01:38:33.775333582Z,12720.855532,200,fa5bbaa12602c6803fc911cd560f3cd567585f7b4703499b433ac2343ab380c5,,false,miss
retained-20260902-68135d3ad33f,S1-50-r05,S1-50,request-035,d4745ce8b0076d85ef4bad6643512dad50425d8f61a49108664596ff785caf3e,f4e44e9f9016,2026-09-02T01:38:21.054454092Z,2026-09-02T01:38:32.778251579Z,11723.797493,200,fa5bbaa12602c6803fc911cd560f3cd567585f7b4703499b433ac2343ab380c5,,false,miss
retained-20260902-68135d3ad33f,S1-50-r05,S1-50,request-036,d4745ce8b0076d85ef4bad6643512dad50425d8f61a49108664596ff785caf3e,f4e44e9f9016,2026-09-02T01:38:21.054428108Z,2026-09-02T01:38:31.596813536Z,10542.385436,200,fa5bbaa12602c6803fc911cd560f3cd567585f7b4703499b433ac2343ab380c5,,false,miss
retained-20260902-68135d3ad33f,S1-50-r05,S1-50,request-037,d4745ce8b0076d85ef4bad6643512dad50425d8f61a49108664596ff785caf3e,f4e44e9f9016,2026-09-02T01:38:21.05440135Z,2026-09-02T01:38:27.68585688Z,6631.455528,200,fa5bbaa12602c6803fc911cd560f3cd567585f7b4703499b433ac2343ab380c5,,false,miss
retained-20260902-68135d3ad33f,S1-50-r05,S1-50,request-038,d4745ce8b0076d85ef4bad6643512dad50425d8f61a49108664596ff785caf3e,f4e44e9f9016,2026-09-02T01:38:21.054393545Z,2026-09-02T01:38:26.279517447Z,5225.123899,200,fa5bbaa12602c6803fc911cd560f3cd567585f7b4703499b433ac2343ab380c5,,false,miss
retained-20260902-68135d3ad33f,S1-50-r05,S1-50,request-039,d4745ce8b0076d85ef4bad6643512dad50425d8f61a49108664596ff785caf3e,f4e44e9f9016,2026-09-02T01:38:21.054366662Z,2026-09-02T01:38:31.389139141Z,10334.772472,200,fa5bbaa12602c6803fc911cd560f3cd567585f7b4703499b433ac2343ab380c5,,false,miss
retained-20260902-68135d3ad33f,S1-50-r05,S1-50,request-040,d4745ce8b0076d85ef4bad6643512dad50425d8f61a49108664596ff785caf3e,f4e44e9f9016,2026-09-02T01:38:21.054332307Z,2026-09-02T01:38:28.984440024Z,7930.107713,200,fa5bbaa12602c6803fc911cd560f3cd567585f7b4703499b433ac2343ab380c5,,false,miss
retained-20260902-68135d3ad33f,S1-50-r05,S1-50,request-041,d4745ce8b0076d85ef4bad6643512dad50425d8f61a49108664596ff785caf3e,f4e44e9f9016,2026-09-02T01:38:21.054278921Z,2026-09-02T01:38:27.480688987Z,6426.410072,200,fa5bbaa12602c6803fc911cd560f3cd567585f7b4703499b433ac2343ab380c5,,false,miss
retained-20260902-68135d3ad33f,S1-50-r05,S1-50,request-042,d4745ce8b0076d85ef4bad6643512dad50425d8f61a49108664596ff785caf3e,f4e44e9f9016,2026-09-02T01:38:21.054263466Z,2026-09-02T01:38:36.77529013Z,15721.026668,200,fa5bbaa12602c6803fc911cd560f3cd567585f7b4703499b433ac2343ab380c5,,false,miss
retained-20260902-68135d3ad33f,S1-50-r05,S1-50,request-043,d4745ce8b0076d85ef4bad6643512dad50425d8f61a49108664596ff785caf3e,f4e44e9f9016,2026-09-02T01:38:21.054247122Z,2026-09-02T01:38:22.585110472Z,1530.863353,200,fa5bbaa12602c6803fc911cd560f3cd567585f7b4703499b433ac2343ab380c5,,false,miss
retained-20260902-68135d3ad33f,S1-50-r05,S1-50,request-044,d4745ce8b0076d85ef4bad6643512dad50425d8f61a49108664596ff785caf3e,f4e44e9f9016,2026-09-02T01:38:21.0542223Z,2026-09-02T01:38:27.389922921Z,6335.700627,200,fa5bbaa12602c6803fc911cd560f3cd567585f7b4703499b433ac2343ab380c5,,false,miss
retained-20260902-68135d3ad33f,S1-50-r05,S1-50,request-045,d4745ce8b0076d85ef4bad6643512dad50425d8f61a49108664596ff785caf3e,f4e44e9f9016,2026-09-02T01:38:21.054188737Z,2026-09-02T01:38:28.783257481Z,7729.068745,200,fa5bbaa12602c6803fc911cd560f3cd567585f7b4703499b433ac2343ab380c5,,false,miss
retained-20260902-68135d3ad33f,S1-50-r05,S1-50,request-046,d4745ce8b0076d85ef4bad6643512dad50425d8f61a49108664596ff785caf3e,f4e44e9f9016,2026-09-02T01:38:21.05418296Z,2026-09-02T01:38:30.082335223Z,9028.152265,200,fa5bbaa12602c6803fc911cd560f3cd567585f7b4703499b433ac2343ab380c5,,false,miss
retained-20260902-68135d3ad33f,S1-50-r05,S1-50,request-047,d4745ce8b0076d85ef4bad6643512dad50425d8f61a49108664596ff785caf3e,f4e44e9f9016,2026-09-02T01:38:21.054160016Z,2026-09-02T01:38:23.796947833Z,2742.787823,200,fa5bbaa12602c6803fc911cd560f3cd567585f7b4703499b433ac2343ab380c5,,false,miss
retained-20260902-68135d3ad33f,S1-50-r05,S1-50,request-048,d4745ce8b0076d85ef4bad6643512dad50425d8f61a49108664596ff785caf3e,f4e44e9f9016,2026-09-02T01:38:21.054142473Z,2026-09-02T01:38:29.986417294Z,8932.274822,200,fa5bbaa12602c6803fc911cd560f3cd567585f7b4703499b433ac2343ab380c5,,false,miss
retained-20260902-68135d3ad33f,S1-50-r05,S1-50,request-049,d4745ce8b0076d85ef4bad6643512dad50425d8f61a49108664596ff785caf3e,f4e44e9f9016,2026-09-02T01:38:21.054114724Z,2026-09-02T01:38:28.97527318Z,7921.158464,200,fa5bbaa12602c6803fc911cd560f3cd567585f7b4703499b433ac2343ab380c5,,false,miss
retained-20260902-68135d3ad33f,S1-50-r05,S1-50,request-050,d4745ce8b0076d85ef4bad6643512dad50425d8f61a49108664596ff785caf3e,f4e44e9f9016,2026-09-02T01:38:21.054649049Z,2026-09-02T01:38:35.389041099Z,14334.392050,200,fa5bbaa12602c6803fc911cd560f3cd567585f7b4703499b433ac2343ab380c5,,false,miss
retained-20260902-68135d3ad33f,S2-50-r05,S2-50,request-001,d4745ce8b0076d85ef4bad6643512dad50425d8f61a49108664596ff785caf3e,f4e44e9f9016,2026-09-02T01:38:37.697133954Z,2026-09-02T01:38:38.075082129Z,377.948176,200,fa5bbaa12602c6803fc911cd560f3cd567585f7b4703499b433ac2343ab380c5,,true,miss
retained-20260902-68135d3ad33f,S2-50-r05,S2-50,request-002,d4745ce8b0076d85ef4bad6643512dad50425d8f61a49108664596ff785caf3e,f4e44e9f9016,2026-09-02T01:38:37.697093935Z,2026-09-02T01:38:38.063386299Z,366.292363,200,fa5bbaa12602c6803fc911cd560f3cd567585f7b4703499b433ac2343ab380c5,,true,miss
retained-20260902-68135d3ad33f,S2-50-r05,S2-50,request-003,d4745ce8b0076d85ef4bad6643512dad50425d8f61a49108664596ff785caf3e,f4e44e9f9016,2026-09-02T01:38:37.697153787Z,2026-09-02T01:38:38.075177513Z,378.023733,200,fa5bbaa12602c6803fc911cd560f3cd567585f7b4703499b433ac2343ab380c5,,true,miss
retained-20260902-68135d3ad33f,S2-50-r05,S2-50,request-004,d4745ce8b0076d85ef4bad6643512dad50425d8f61a49108664596ff785caf3e,f4e44e9f9016,2026-09-02T01:38:37.697066865Z,2026-09-02T01:38:38.075246455Z,378.179592,200,fa5bbaa12602c6803fc911cd560f3cd567585f7b4703499b433ac2343ab380c5,,true,miss
retained-20260902-68135d3ad33f,S2-50-r05,S2-50,request-005,d4745ce8b0076d85ef4bad6643512dad50425d8f61a49108664596ff785caf3e,f4e44e9f9016,2026-09-02T01:38:37.697021536Z,2026-09-02T01:38:38.06306025Z,366.038716,200,fa5bbaa12602c6803fc911cd560f3cd567585f7b4703499b433ac2343ab380c5,,true,miss
retained-20260902-68135d3ad33f,S2-50-r05,S2-50,request-006,d4745ce8b0076d85ef4bad6643512dad50425d8f61a49108664596ff785caf3e,f4e44e9f9016,2026-09-02T01:38:37.696875712Z,2026-09-02T01:38:38.074464359Z,377.588648,200,fa5bbaa12602c6803fc911cd560f3cd567585f7b4703499b433ac2343ab380c5,,true,miss
retained-20260902-68135d3ad33f,S2-50-r05,S2-50,request-007,d4745ce8b0076d85ef4bad6643512dad50425d8f61a49108664596ff785caf3e,f4e44e9f9016,2026-09-02T01:38:37.697483003Z,2026-09-02T01:38:38.07531409Z,377.831092,200,fa5bbaa12602c6803fc911cd560f3cd567585f7b4703499b433ac2343ab380c5,,true,miss
retained-20260902-68135d3ad33f,S2-50-r05,S2-50,request-008,d4745ce8b0076d85ef4bad6643512dad50425d8f61a49108664596ff785caf3e,f4e44e9f9016,2026-09-02T01:38:37.697461124Z,2026-09-02T01:38:38.062651922Z,365.190804,200,fa5bbaa12602c6803fc911cd560f3cd567585f7b4703499b433ac2343ab380c5,,true,miss
retained-20260902-68135d3ad33f,S2-50-r05,S2-50,request-009,d4745ce8b0076d85ef4bad6643512dad50425d8f61a49108664596ff785caf3e,f4e44e9f9016,2026-09-02T01:38:37.697440797Z,2026-09-02T01:38:38.07504886Z,377.608056,200,fa5bbaa12602c6803fc911cd560f3cd567585f7b4703499b433ac2343ab380c5,,true,miss
retained-20260902-68135d3ad33f,S2-50-r05,S2-50,request-010,d4745ce8b0076d85ef4bad6643512dad50425d8f61a49108664596ff785caf3e,f4e44e9f9016,2026-09-02T01:38:37.697421114Z,2026-09-02T01:38:38.06327733Z,365.856223,200,fa5bbaa12602c6803fc911cd560f3cd567585f7b4703499b433ac2343ab380c5,,true,miss
retained-20260902-68135d3ad33f,S2-50-r05,S2-50,request-011,d4745ce8b0076d85ef4bad6643512dad50425d8f61a49108664596ff785caf3e,f4e44e9f9016,2026-09-02T01:38:37.697401602Z,2026-09-02T01:38:38.075204154Z,377.802559,200,fa5bbaa12602c6803fc911cd560f3cd567585f7b4703499b433ac2343ab380c5,,true,miss
retained-20260902-68135d3ad33f,S2-50-r05,S2-50,request-012,d4745ce8b0076d85ef4bad6643512dad50425d8f61a49108664596ff785caf3e,f4e44e9f9016,2026-09-02T01:38:37.697381893Z,2026-09-02T01:38:38.075012847Z,377.630962,200,fa5bbaa12602c6803fc911cd560f3cd567585f7b4703499b433ac2343ab380c5,,true,miss
retained-20260902-68135d3ad33f,S2-50-r05,S2-50,request-013,d4745ce8b0076d85ef4bad6643512dad50425d8f61a49108664596ff785caf3e,f4e44e9f9016,2026-09-02T01:38:37.697356188Z,2026-09-02T01:38:38.063355568Z,365.999388,200,fa5bbaa12602c6803fc911cd560f3cd567585f7b4703499b433ac2343ab380c5,,true,miss
retained-20260902-68135d3ad33f,S2-50-r05,S2-50,request-014,d4745ce8b0076d85ef4bad6643512dad50425d8f61a49108664596ff785caf3e,f4e44e9f9016,2026-09-02T01:38:37.697316864Z,2026-09-02T01:38:38.062880282Z,365.563424,200,fa5bbaa12602c6803fc911cd560f3cd567585f7b4703499b433ac2343ab380c5,,true,miss
retained-20260902-68135d3ad33f,S2-50-r05,S2-50,request-015,d4745ce8b0076d85ef4bad6643512dad50425d8f61a49108664596ff785caf3e,f4e44e9f9016,2026-09-02T01:38:37.697295348Z,2026-09-02T01:38:38.074463627Z,377.168285,200,fa5bbaa12602c6803fc911cd560f3cd567585f7b4703499b433ac2343ab380c5,,true,miss
retained-20260902-68135d3ad33f,S2-50-r05,S2-50,request-016,d4745ce8b0076d85ef4bad6643512dad50425d8f61a49108664596ff785caf3e,f4e44e9f9016,2026-09-02T01:38:37.697269439Z,2026-09-02T01:38:38.063112294Z,365.842862,200,fa5bbaa12602c6803fc911cd560f3cd567585f7b4703499b433ac2343ab380c5,,true,miss
retained-20260902-68135d3ad33f,S2-50-r05,S2-50,request-017,d4745ce8b0076d85ef4bad6643512dad50425d8f61a49108664596ff785caf3e,f4e44e9f9016,2026-09-02T01:38:37.697246378Z,2026-09-02T01:38:38.07527999Z,378.033607,200,fa5bbaa12602c6803fc911cd560f3cd567585f7b4703499b433ac2343ab380c5,,true,miss
retained-20260902-68135d3ad33f,S2-50-r05,S2-50,request-018,d4745ce8b0076d85ef4bad6643512dad50425d8f61a49108664596ff785caf3e,f4e44e9f9016,2026-09-02T01:38:37.697216881Z,2026-09-02T01:38:38.063439119Z,366.222241,200,fa5bbaa12602c6803fc911cd560f3cd567585f7b4703499b433ac2343ab380c5,,true,miss
retained-20260902-68135d3ad33f,S2-50-r05,S2-50,request-019,d4745ce8b0076d85ef4bad6643512dad50425d8f61a49108664596ff785caf3e,f4e44e9f9016,2026-09-02T01:38:37.697193368Z,2026-09-02T01:38:38.06282407Z,365.630702,200,fa5bbaa12602c6803fc911cd560f3cd567585f7b4703499b433ac2343ab380c5,,true,miss
retained-20260902-68135d3ad33f,S2-50-r05,S2-50,request-020,d4745ce8b0076d85ef4bad6643512dad50425d8f61a49108664596ff785caf3e,f4e44e9f9016,2026-09-02T01:38:37.697161893Z,2026-09-02T01:38:38.074523636Z,377.361750,200,fa5bbaa12602c6803fc911cd560f3cd567585f7b4703499b433ac2343ab380c5,,true,miss
retained-20260902-68135d3ad33f,S2-50-r05,S2-50,request-021,d4745ce8b0076d85ef4bad6643512dad50425d8f61a49108664596ff785caf3e,f4e44e9f9016,2026-09-02T01:38:37.697156737Z,2026-09-02T01:38:38.075272801Z,378.116072,200,fa5bbaa12602c6803fc911cd560f3cd567585f7b4703499b433ac2343ab380c5,,true,miss
retained-20260902-68135d3ad33f,S2-50-r05,S2-50,request-022,d4745ce8b0076d85ef4bad6643512dad50425d8f61a49108664596ff785caf3e,f4e44e9f9016,2026-09-02T01:38:37.697133405Z,2026-09-02T01:38:38.062709262Z,365.575863,200,fa5bbaa12602c6803fc911cd560f3cd567585f7b4703499b433ac2343ab380c5,,true,miss
retained-20260902-68135d3ad33f,S2-50-r05,S2-50,request-023,d4745ce8b0076d85ef4bad6643512dad50425d8f61a49108664596ff785caf3e,f4e44e9f9016,2026-09-02T01:38:37.697102419Z,2026-09-02T01:38:38.074671498Z,377.569082,200,fa5bbaa12602c6803fc911cd560f3cd567585f7b4703499b433ac2343ab380c5,,true,miss
retained-20260902-68135d3ad33f,S2-50-r05,S2-50,request-024,d4745ce8b0076d85ef4bad6643512dad50425d8f61a49108664596ff785caf3e,f4e44e9f9016,2026-09-02T01:38:37.697077615Z,2026-09-02T01:38:38.075135937Z,378.058328,200,fa5bbaa12602c6803fc911cd560f3cd567585f7b4703499b433ac2343ab380c5,,true,miss
retained-20260902-68135d3ad33f,S2-50-r05,S2-50,request-025,d4745ce8b0076d85ef4bad6643512dad50425d8f61a49108664596ff785caf3e,f4e44e9f9016,2026-09-02T01:38:37.69705519Z,2026-09-02T01:38:38.062580885Z,365.525702,200,fa5bbaa12602c6803fc911cd560f3cd567585f7b4703499b433ac2343ab380c5,,false,miss
retained-20260902-68135d3ad33f,S2-50-r05,S2-50,request-026,d4745ce8b0076d85ef4bad6643512dad50425d8f61a49108664596ff785caf3e,f4e44e9f9016,2026-09-02T01:38:37.697019958Z,2026-09-02T01:38:38.06276294Z,365.742975,200,fa5bbaa12602c6803fc911cd560f3cd567585f7b4703499b433ac2343ab380c5,,true,miss
retained-20260902-68135d3ad33f,S2-50-r05,S2-50,request-027,d4745ce8b0076d85ef4bad6643512dad50425d8f61a49108664596ff785caf3e,f4e44e9f9016,2026-09-02T01:38:37.696949528Z,2026-09-02T01:38:38.062693434Z,365.743908,200,fa5bbaa12602c6803fc911cd560f3cd567585f7b4703499b433ac2343ab380c5,,true,miss
retained-20260902-68135d3ad33f,S2-50-r05,S2-50,request-028,d4745ce8b0076d85ef4bad6643512dad50425d8f61a49108664596ff785caf3e,f4e44e9f9016,2026-09-02T01:38:37.696928868Z,2026-09-02T01:38:38.075011656Z,378.082795,200,fa5bbaa12602c6803fc911cd560f3cd567585f7b4703499b433ac2343ab380c5,,true,miss
retained-20260902-68135d3ad33f,S2-50-r05,S2-50,request-029,d4745ce8b0076d85ef4bad6643512dad50425d8f61a49108664596ff785caf3e,f4e44e9f9016,2026-09-02T01:38:37.696923501Z,2026-09-02T01:38:38.062883024Z,365.959520,200,fa5bbaa12602c6803fc911cd560f3cd567585f7b4703499b433ac2343ab380c5,,true,miss
retained-20260902-68135d3ad33f,S2-50-r05,S2-50,request-030,d4745ce8b0076d85ef4bad6643512dad50425d8f61a49108664596ff785caf3e,f4e44e9f9016,2026-09-02T01:38:37.696897253Z,2026-09-02T01:38:38.063198516Z,366.301268,200,fa5bbaa12602c6803fc911cd560f3cd567585f7b4703499b433ac2343ab380c5,,true,miss
retained-20260902-68135d3ad33f,S2-50-r05,S2-50,request-031,d4745ce8b0076d85ef4bad6643512dad50425d8f61a49108664596ff785caf3e,f4e44e9f9016,2026-09-02T01:38:37.69759256Z,2026-09-02T01:38:38.063216846Z,365.624282,200,fa5bbaa12602c6803fc911cd560f3cd567585f7b4703499b433ac2343ab380c5,,true,miss
retained-20260902-68135d3ad33f,S2-50-r05,S2-50,request-032,d4745ce8b0076d85ef4bad6643512dad50425d8f61a49108664596ff785caf3e,f4e44e9f9016,2026-09-02T01:38:37.697577213Z,2026-09-02T01:38:38.062997096Z,365.419884,200,fa5bbaa12602c6803fc911cd560f3cd567585f7b4703499b433ac2343ab380c5,,true,miss
retained-20260902-68135d3ad33f,S2-50-r05,S2-50,request-033,d4745ce8b0076d85ef4bad6643512dad50425d8f61a49108664596ff785caf3e,f4e44e9f9016,2026-09-02T01:38:37.697552949Z,2026-09-02T01:38:38.074655558Z,377.102609,200,fa5bbaa12602c6803fc911cd560f3cd567585f7b4703499b433ac2343ab380c5,,true,miss
retained-20260902-68135d3ad33f,S2-50-r05,S2-50,request-034,d4745ce8b0076d85ef4bad6643512dad50425d8f61a49108664596ff785caf3e,f4e44e9f9016,2026-09-02T01:38:37.697524939Z,2026-09-02T01:38:38.075238816Z,377.713882,200,fa5bbaa12602c6803fc911cd560f3cd567585f7b4703499b433ac2343ab380c5,,true,miss
retained-20260902-68135d3ad33f,S2-50-r05,S2-50,request-035,d4745ce8b0076d85ef4bad6643512dad50425d8f61a49108664596ff785caf3e,f4e44e9f9016,2026-09-02T01:38:37.697503077Z,2026-09-02T01:38:38.07509042Z,377.587348,200,fa5bbaa12602c6803fc911cd560f3cd567585f7b4703499b433ac2343ab380c5,,true,miss
retained-20260902-68135d3ad33f,S2-50-r05,S2-50,request-036,d4745ce8b0076d85ef4bad6643512dad50425d8f61a49108664596ff785caf3e,f4e44e9f9016,2026-09-02T01:38:37.697483582Z,2026-09-02T01:38:38.063299229Z,365.815651,200,fa5bbaa12602c6803fc911cd560f3cd567585f7b4703499b433ac2343ab380c5,,true,miss
retained-20260902-68135d3ad33f,S2-50-r05,S2-50,request-037,d4745ce8b0076d85ef4bad6643512dad50425d8f61a49108664596ff785caf3e,f4e44e9f9016,2026-09-02T01:38:37.6974625Z,2026-09-02T01:38:38.063005841Z,365.543343,200,fa5bbaa12602c6803fc911cd560f3cd567585f7b4703499b433ac2343ab380c5,,true,miss
retained-20260902-68135d3ad33f,S2-50-r05,S2-50,request-038,d4745ce8b0076d85ef4bad6643512dad50425d8f61a49108664596ff785caf3e,f4e44e9f9016,2026-09-02T01:38:37.697445187Z,2026-09-02T01:38:38.075212582Z,377.767402,200,fa5bbaa12602c6803fc911cd560f3cd567585f7b4703499b433ac2343ab380c5,,true,miss
retained-20260902-68135d3ad33f,S2-50-r05,S2-50,request-039,d4745ce8b0076d85ef4bad6643512dad50425d8f61a49108664596ff785caf3e,f4e44e9f9016,2026-09-02T01:38:37.697425718Z,2026-09-02T01:38:38.07452697Z,377.101259,200,fa5bbaa12602c6803fc911cd560f3cd567585f7b4703499b433ac2343ab380c5,,true,miss
retained-20260902-68135d3ad33f,S2-50-r05,S2-50,request-040,d4745ce8b0076d85ef4bad6643512dad50425d8f61a49108664596ff785caf3e,f4e44e9f9016,2026-09-02T01:38:37.697402817Z,2026-09-02T01:38:38.063053083Z,365.650272,200,fa5bbaa12602c6803fc911cd560f3cd567585f7b4703499b433ac2343ab380c5,,true,miss
retained-20260902-68135d3ad33f,S2-50-r05,S2-50,request-041,d4745ce8b0076d85ef4bad6643512dad50425d8f61a49108664596ff785caf3e,f4e44e9f9016,2026-09-02T01:38:37.697380732Z,2026-09-02T01:38:38.075306489Z,377.925764,200,fa5bbaa12602c6803fc911cd560f3cd567585f7b4703499b433ac2343ab380c5,,true,miss
retained-20260902-68135d3ad33f,S2-50-r05,S2-50,request-042,d4745ce8b0076d85ef4bad6643512dad50425d8f61a49108664596ff785caf3e,f4e44e9f9016,2026-09-02T01:38:37.697345629Z,2026-09-02T01:38:38.06310685Z,365.761218,200,fa5bbaa12602c6803fc911cd560f3cd567585f7b4703499b433ac2343ab380c5,,true,miss
retained-20260902-68135d3ad33f,S2-50-r05,S2-50,request-043,d4745ce8b0076d85ef4bad6643512dad50425d8f61a49108664596ff785caf3e,f4e44e9f9016,2026-09-02T01:38:37.697311925Z,2026-09-02T01:38:38.062753512Z,365.441590,200,fa5bbaa12602c6803fc911cd560f3cd567585f7b4703499b433ac2343ab380c5,,true,miss
retained-20260902-68135d3ad33f,S2-50-r05,S2-50,request-044,d4745ce8b0076d85ef4bad6643512dad50425d8f61a49108664596ff785caf3e,f4e44e9f9016,2026-09-02T01:38:37.697292078Z,2026-09-02T01:38:38.074708464Z,377.416386,200,fa5bbaa12602c6803fc911cd560f3cd567585f7b4703499b433ac2343ab380c5,,true,miss
retained-20260902-68135d3ad33f,S2-50-r05,S2-50,request-045,d4745ce8b0076d85ef4bad6643512dad50425d8f61a49108664596ff785caf3e,f4e44e9f9016,2026-09-02T01:38:37.697276655Z,2026-09-02T01:38:38.062952473Z,365.675825,200,fa5bbaa12602c6803fc911cd560f3cd567585f7b4703499b433ac2343ab380c5,,true,miss
retained-20260902-68135d3ad33f,S2-50-r05,S2-50,request-046,d4745ce8b0076d85ef4bad6643512dad50425d8f61a49108664596ff785caf3e,f4e44e9f9016,2026-09-02T01:38:37.697259696Z,2026-09-02T01:38:38.062827379Z,365.567690,200,fa5bbaa12602c6803fc911cd560f3cd567585f7b4703499b433ac2343ab380c5,,true,miss
retained-20260902-68135d3ad33f,S2-50-r05,S2-50,request-047,d4745ce8b0076d85ef4bad6643512dad50425d8f61a49108664596ff785caf3e,f4e44e9f9016,2026-09-02T01:38:37.697243226Z,2026-09-02T01:38:38.075143218Z,377.899997,200,fa5bbaa12602c6803fc911cd560f3cd567585f7b4703499b433ac2343ab380c5,,true,miss
retained-20260902-68135d3ad33f,S2-50-r05,S2-50,request-048,d4745ce8b0076d85ef4bad6643512dad50425d8f61a49108664596ff785caf3e,f4e44e9f9016,2026-09-02T01:38:37.697219113Z,2026-09-02T01:38:38.063160334Z,365.941221,200,fa5bbaa12602c6803fc911cd560f3cd567585f7b4703499b433ac2343ab380c5,,true,miss
retained-20260902-68135d3ad33f,S2-50-r05,S2-50,request-049,d4745ce8b0076d85ef4bad6643512dad50425d8f61a49108664596ff785caf3e,f4e44e9f9016,2026-09-02T01:38:37.697188623Z,2026-09-02T01:38:38.06294272Z,365.754098,200,fa5bbaa12602c6803fc911cd560f3cd567585f7b4703499b433ac2343ab380c5,,true,miss
retained-20260902-68135d3ad33f,S2-50-r05,S2-50,request-050,d4745ce8b0076d85ef4bad6643512dad50425d8f61a49108664596ff785caf3e,f4e44e9f9016,2026-09-02T01:38:37.697518258Z,2026-09-02T01:38:38.075169448Z,377.651193,200,fa5bbaa12602c6803fc911cd560f3cd567585f7b4703499b433ac2343ab380c5,,true,miss
retained-20260902-68135d3ad33f,S2-100-r05,S2-100,request-001,d4745ce8b0076d85ef4bad6643512dad50425d8f61a49108664596ff785caf3e,f4e44e9f9016,2026-09-02T01:38:38.531597771Z,2026-09-02T01:38:38.802046135Z,270.448366,200,fa5bbaa12602c6803fc911cd560f3cd567585f7b4703499b433ac2343ab380c5,,true,miss
retained-20260902-68135d3ad33f,S2-100-r05,S2-100,request-002,d4745ce8b0076d85ef4bad6643512dad50425d8f61a49108664596ff785caf3e,f4e44e9f9016,2026-09-02T01:38:38.488441954Z,2026-09-02T01:38:38.805303317Z,316.861369,200,fa5bbaa12602c6803fc911cd560f3cd567585f7b4703499b433ac2343ab380c5,,true,miss
retained-20260902-68135d3ad33f,S2-100-r05,S2-100,request-003,d4745ce8b0076d85ef4bad6643512dad50425d8f61a49108664596ff785caf3e,f4e44e9f9016,2026-09-02T01:38:38.488423565Z,2026-09-02T01:38:38.802831027Z,314.407486,200,fa5bbaa12602c6803fc911cd560f3cd567585f7b4703499b433ac2343ab380c5,,true,miss
retained-20260902-68135d3ad33f,S2-100-r05,S2-100,request-004,d4745ce8b0076d85ef4bad6643512dad50425d8f61a49108664596ff785caf3e,f4e44e9f9016,2026-09-02T01:38:38.488408507Z,2026-09-02T01:38:38.801541874Z,313.133375,200,fa5bbaa12602c6803fc911cd560f3cd567585f7b4703499b433ac2343ab380c5,,true,miss
retained-20260902-68135d3ad33f,S2-100-r05,S2-100,request-005,d4745ce8b0076d85ef4bad6643512dad50425d8f61a49108664596ff785caf3e,f4e44e9f9016,2026-09-02T01:38:38.488386696Z,2026-09-02T01:38:38.801430176Z,313.043488,200,fa5bbaa12602c6803fc911cd560f3cd567585f7b4703499b433ac2343ab380c5,,true,miss
retained-20260902-68135d3ad33f,S2-100-r05,S2-100,request-006,d4745ce8b0076d85ef4bad6643512dad50425d8f61a49108664596ff785caf3e,f4e44e9f9016,2026-09-02T01:38:38.488368853Z,2026-09-02T01:38:38.807080197Z,318.711368,200,fa5bbaa12602c6803fc911cd560f3cd567585f7b4703499b433ac2343ab380c5,,true,miss
retained-20260902-68135d3ad33f,S2-100-r05,S2-100,request-007,d4745ce8b0076d85ef4bad6643512dad50425d8f61a49108664596ff785caf3e,f4e44e9f9016,2026-09-02T01:38:38.48835301Z,2026-09-02T01:38:38.805272313Z,316.919309,200,fa5bbaa12602c6803fc911cd560f3cd567585f7b4703499b433ac2343ab380c5,,true,miss
retained-20260902-68135d3ad33f,S2-100-r05,S2-100,request-008,d4745ce8b0076d85ef4bad6643512dad50425d8f61a49108664596ff785caf3e,f4e44e9f9016,2026-09-02T01:38:38.488336386Z,2026-09-02T01:38:38.801737396Z,313.401013,200,fa5bbaa12602c6803fc911cd560f3cd567585f7b4703499b433ac2343ab380c5,,true,miss
retained-20260902-68135d3ad33f,S2-100-r05,S2-100,request-009,d4745ce8b0076d85ef4bad6643512dad50425d8f61a49108664596ff785caf3e,f4e44e9f9016,2026-09-02T01:38:38.488319041Z,2026-09-02T01:38:38.800220308Z,311.901270,200,fa5bbaa12602c6803fc911cd560f3cd567585f7b4703499b433ac2343ab380c5,,true,miss
retained-20260902-68135d3ad33f,S2-100-r05,S2-100,request-010,d4745ce8b0076d85ef4bad6643512dad50425d8f61a49108664596ff785caf3e,f4e44e9f9016,2026-09-02T01:38:38.488295516Z,2026-09-02T01:38:38.798544761Z,310.249247,200,fa5bbaa12602c6803fc911cd560f3cd567585f7b4703499b433ac2343ab380c5,,true,miss
retained-20260902-68135d3ad33f,S2-100-r05,S2-100,request-011,d4745ce8b0076d85ef4bad6643512dad50425d8f61a49108664596ff785caf3e,f4e44e9f9016,2026-09-02T01:38:38.488270313Z,2026-09-02T01:38:38.796690183Z,308.419869,200,fa5bbaa12602c6803fc911cd560f3cd567585f7b4703499b433ac2343ab380c5,,true,miss
retained-20260902-68135d3ad33f,S2-100-r05,S2-100,request-012,d4745ce8b0076d85ef4bad6643512dad50425d8f61a49108664596ff785caf3e,f4e44e9f9016,2026-09-02T01:38:38.488247755Z,2026-09-02T01:38:38.796083798Z,307.836054,200,fa5bbaa12602c6803fc911cd560f3cd567585f7b4703499b433ac2343ab380c5,,true,miss
retained-20260902-68135d3ad33f,S2-100-r05,S2-100,request-013,d4745ce8b0076d85ef4bad6643512dad50425d8f61a49108664596ff785caf3e,f4e44e9f9016,2026-09-02T01:38:38.488230868Z,2026-09-02T01:38:38.807293329Z,319.062471,200,fa5bbaa12602c6803fc911cd560f3cd567585f7b4703499b433ac2343ab380c5,,true,miss
retained-20260902-68135d3ad33f,S2-100-r05,S2-100,request-014,d4745ce8b0076d85ef4bad6643512dad50425d8f61a49108664596ff785caf3e,f4e44e9f9016,2026-09-02T01:38:38.488205968Z,2026-09-02T01:38:38.802810691Z,314.604729,200,fa5bbaa12602c6803fc911cd560f3cd567585f7b4703499b433ac2343ab380c5,,true,miss
retained-20260902-68135d3ad33f,S2-100-r05,S2-100,request-015,d4745ce8b0076d85ef4bad6643512dad50425d8f61a49108664596ff785caf3e,f4e44e9f9016,2026-09-02T01:38:38.488189796Z,2026-09-02T01:38:38.807036411Z,318.846625,200,fa5bbaa12602c6803fc911cd560f3cd567585f7b4703499b433ac2343ab380c5,,true,miss
retained-20260902-68135d3ad33f,S2-100-r05,S2-100,request-016,d4745ce8b0076d85ef4bad6643512dad50425d8f61a49108664596ff785caf3e,f4e44e9f9016,2026-09-02T01:38:38.488170494Z,2026-09-02T01:38:38.802216982Z,314.046512,200,fa5bbaa12602c6803fc911cd560f3cd567585f7b4703499b433ac2343ab380c5,,true,miss
retained-20260902-68135d3ad33f,S2-100-r05,S2-100,request-017,d4745ce8b0076d85ef4bad6643512dad50425d8f61a49108664596ff785caf3e,f4e44e9f9016,2026-09-02T01:38:38.488138589Z,2026-09-02T01:38:38.805229762Z,317.091279,200,fa5bbaa12602c6803fc911cd560f3cd567585f7b4703499b433ac2343ab380c5,,true,miss
retained-20260902-68135d3ad33f,S2-100-r05,S2-100,request-018,d4745ce8b0076d85ef4bad6643512dad50425d8f61a49108664596ff785caf3e,f4e44e9f9016,2026-09-02T01:38:38.488109206Z,2026-09-02T01:38:38.805349293Z,317.240095,200,fa5bbaa12602c6803fc911cd560f3cd567585f7b4703499b433ac2343ab380c5,,true,miss
retained-20260902-68135d3ad33f,S2-100-r05,S2-100,request-019,d4745ce8b0076d85ef4bad6643512dad50425d8f61a49108664596ff785caf3e,f4e44e9f9016,2026-09-02T01:38:38.488088491Z,2026-09-02T01:38:38.806993613Z,318.905129,200,fa5bbaa12602c6803fc911cd560f3cd567585f7b4703499b433ac2343ab380c5,,true,miss
retained-20260902-68135d3ad33f,S2-100-r05,S2-100,request-020,d4745ce8b0076d85ef4bad6643512dad50425d8f61a49108664596ff785caf3e,f4e44e9f9016,2026-09-02T01:38:38.488066417Z,2026-09-02T01:38:38.806902981Z,318.836568,200,fa5bbaa12602c6803fc911cd560f3cd567585f7b4703499b433ac2343ab380c5,,true,miss
retained-20260902-68135d3ad33f,S2-100-r05,S2-100,request-021,d4745ce8b0076d85ef4bad6643512dad50425d8f61a49108664596ff785caf3e,f4e44e9f9016,2026-09-02T01:38:38.488060443Z,2026-09-02T01:38:38.807347264Z,319.286829,200,fa5bbaa12602c6803fc911cd560f3cd567585f7b4703499b433ac2343ab380c5,,true,miss
retained-20260902-68135d3ad33f,S2-100-r05,S2-100,request-022,d4745ce8b0076d85ef4bad6643512dad50425d8f61a49108664596ff785caf3e,f4e44e9f9016,2026-09-02T01:38:38.488036007Z,2026-09-02T01:38:38.806259267Z,318.223273,200,fa5bbaa12602c6803fc911cd560f3cd567585f7b4703499b433ac2343ab380c5,,true,miss
retained-20260902-68135d3ad33f,S2-100-r05,S2-100,request-023,d4745ce8b0076d85ef4bad6643512dad50425d8f61a49108664596ff785caf3e,f4e44e9f9016,2026-09-02T01:38:38.488007679Z,2026-09-02T01:38:38.806231951Z,318.224274,200,fa5bbaa12602c6803fc911cd560f3cd567585f7b4703499b433ac2343ab380c5,,true,miss
retained-20260902-68135d3ad33f,S2-100-r05,S2-100,request-024,d4745ce8b0076d85ef4bad6643512dad50425d8f61a49108664596ff785caf3e,f4e44e9f9016,2026-09-02T01:38:38.487982384Z,2026-09-02T01:38:38.805868177Z,317.885800,200,fa5bbaa12602c6803fc911cd560f3cd567585f7b4703499b433ac2343ab380c5,,true,miss
retained-20260902-68135d3ad33f,S2-100-r05,S2-100,request-025,d4745ce8b0076d85ef4bad6643512dad50425d8f61a49108664596ff785caf3e,f4e44e9f9016,2026-09-02T01:38:38.487963642Z,2026-09-02T01:38:38.801822658Z,313.859024,200,fa5bbaa12602c6803fc911cd560f3cd567585f7b4703499b433ac2343ab380c5,,true,miss
retained-20260902-68135d3ad33f,S2-100-r05,S2-100,request-026,d4745ce8b0076d85ef4bad6643512dad50425d8f61a49108664596ff785caf3e,f4e44e9f9016,2026-09-02T01:38:38.487932107Z,2026-09-02T01:38:38.80724313Z,319.311024,200,fa5bbaa12602c6803fc911cd560f3cd567585f7b4703499b433ac2343ab380c5,,true,miss
retained-20260902-68135d3ad33f,S2-100-r05,S2-100,request-027,d4745ce8b0076d85ef4bad6643512dad50425d8f61a49108664596ff785caf3e,f4e44e9f9016,2026-09-02T01:38:38.487896835Z,2026-09-02T01:38:38.807168031Z,319.271199,200,fa5bbaa12602c6803fc911cd560f3cd567585f7b4703499b433ac2343ab380c5,,true,miss
retained-20260902-68135d3ad33f,S2-100-r05,S2-100,request-028,d4745ce8b0076d85ef4bad6643512dad50425d8f61a49108664596ff785caf3e,f4e44e9f9016,2026-09-02T01:38:38.487860063Z,2026-09-02T01:38:38.800142094Z,312.282032,200,fa5bbaa12602c6803fc911cd560f3cd567585f7b4703499b433ac2343ab380c5,,true,miss
retained-20260902-68135d3ad33f,S2-100-r05,S2-100,request-029,d4745ce8b0076d85ef4bad6643512dad50425d8f61a49108664596ff785caf3e,f4e44e9f9016,2026-09-02T01:38:38.487818318Z,2026-09-02T01:38:38.798845757Z,311.027442,200,fa5bbaa12602c6803fc911cd560f3cd567585f7b4703499b433ac2343ab380c5,,true,miss
retained-20260902-68135d3ad33f,S2-100-r05,S2-100,request-030,d4745ce8b0076d85ef4bad6643512dad50425d8f61a49108664596ff785caf3e,f4e44e9f9016,2026-09-02T01:38:38.487778558Z,2026-09-02T01:38:38.807352663Z,319.574117,200,fa5bbaa12602c6803fc911cd560f3cd567585f7b4703499b433ac2343ab380c5,,true,miss
retained-20260902-68135d3ad33f,S2-100-r05,S2-100,request-031,d4745ce8b0076d85ef4bad6643512dad50425d8f61a49108664596ff785caf3e,f4e44e9f9016,2026-09-02T01:38:38.487589805Z,2026-09-02T01:38:38.805027954Z,317.438141,200,fa5bbaa12602c6803fc911cd560f3cd567585f7b4703499b433ac2343ab380c5,,true,miss
retained-20260902-68135d3ad33f,S2-100-r05,S2-100,request-032,d4745ce8b0076d85ef4bad6643512dad50425d8f61a49108664596ff785caf3e,f4e44e9f9016,2026-09-02T01:38:38.462604206Z,2026-09-02T01:38:38.80270314Z,340.098936,200,fa5bbaa12602c6803fc911cd560f3cd567585f7b4703499b433ac2343ab380c5,,true,miss
retained-20260902-68135d3ad33f,S2-100-r05,S2-100,request-033,d4745ce8b0076d85ef4bad6643512dad50425d8f61a49108664596ff785caf3e,f4e44e9f9016,2026-09-02T01:38:38.531811124Z,2026-09-02T01:38:38.801139699Z,269.328581,200,fa5bbaa12602c6803fc911cd560f3cd567585f7b4703499b433ac2343ab380c5,,true,miss
retained-20260902-68135d3ad33f,S2-100-r05,S2-100,request-034,d4745ce8b0076d85ef4bad6643512dad50425d8f61a49108664596ff785caf3e,f4e44e9f9016,2026-09-02T01:38:38.531784615Z,2026-09-02T01:38:38.805129944Z,273.345331,200,fa5bbaa12602c6803fc911cd560f3cd567585f7b4703499b433ac2343ab380c5,,true,miss
retained-20260902-68135d3ad33f,S2-100-r05,S2-100,request-035,d4745ce8b0076d85ef4bad6643512dad50425d8f61a49108664596ff785caf3e,f4e44e9f9016,2026-09-02T01:38:38.531695602Z,2026-09-02T01:38:38.8051672Z,273.471605,200,fa5bbaa12602c6803fc911cd560f3cd567585f7b4703499b433ac2343ab380c5,,true,miss
retained-20260902-68135d3ad33f,S2-100-r05,S2-100,request-036,d4745ce8b0076d85ef4bad6643512dad50425d8f61a49108664596ff785caf3e,f4e44e9f9016,2026-09-02T01:38:38.488443627Z,2026-09-02T01:38:38.806162356Z,317.718730,200,fa5bbaa12602c6803fc911cd560f3cd567585f7b4703499b433ac2343ab380c5,,true,miss
retained-20260902-68135d3ad33f,S2-100-r05,S2-100,request-037,d4745ce8b0076d85ef4bad6643512dad50425d8f61a49108664596ff785caf3e,f4e44e9f9016,2026-09-02T01:38:38.488426756Z,2026-09-02T01:38:38.801638446Z,313.211693,200,fa5bbaa12602c6803fc911cd560f3cd567585f7b4703499b433ac2343ab380c5,,true,miss
retained-20260902-68135d3ad33f,S2-100-r05,S2-100,request-038,d4745ce8b0076d85ef4bad6643512dad50425d8f61a49108664596ff785caf3e,f4e44e9f9016,2026-09-02T01:38:38.488399378Z,2026-09-02T01:38:38.801729398Z,313.330020,200,fa5bbaa12602c6803fc911cd560f3cd567585f7b4703499b433ac2343ab380c5,,true,miss
retained-20260902-68135d3ad33f,S2-100-r05,S2-100,request-039,d4745ce8b0076d85ef4bad6643512dad50425d8f61a49108664596ff785caf3e,f4e44e9f9016,2026-09-02T01:38:38.488381995Z,2026-09-02T01:38:38.807210472Z,318.828483,200,fa5bbaa12602c6803fc911cd560f3cd567585f7b4703499b433ac2343ab380c5,,true,miss
retained-20260902-68135d3ad33f,S2-100-r05,S2-100,request-040,d4745ce8b0076d85ef4bad6643512dad50425d8f61a49108664596ff785caf3e,f4e44e9f9016,2026-09-02T01:38:38.488365894Z,2026-09-02T01:38:38.799072943Z,310.707057,200,fa5bbaa12602c6803fc911cd560f3cd567585f7b4703499b433ac2343ab380c5,,true,miss
retained-20260902-68135d3ad33f,S2-100-r05,S2-100,request-041,d4745ce8b0076d85ef4bad6643512dad50425d8f61a49108664596ff785caf3e,f4e44e9f9016,2026-09-02T01:38:38.488350621Z,2026-09-02T01:38:38.803202069Z,314.851455,200,fa5bbaa12602c6803fc911cd560f3cd567585f7b4703499b433ac2343ab380c5,,true,miss
retained-20260902-68135d3ad33f,S2-100-r05,S2-100,request-042,d4745ce8b0076d85ef4bad6643512dad50425d8f61a49108664596ff785caf3e,f4e44e9f9016,2026-09-02T01:38:38.488331592Z,2026-09-02T01:38:38.801493466Z,313.161881,200,fa5bbaa12602c6803fc911cd560f3cd567585f7b4703499b433ac2343ab380c5,,true,miss
retained-20260902-68135d3ad33f,S2-100-r05,S2-100,request-043,d4745ce8b0076d85ef4bad6643512dad50425d8f61a49108664596ff785caf3e,f4e44e9f9016,2026-09-02T01:38:38.488314168Z,2026-09-02T01:38:38.798832044Z,310.517878,200,fa5bbaa12602c6803fc911cd560f3cd567585f7b4703499b433ac2343ab380c5,,true,miss
retained-20260902-68135d3ad33f,S2-100-r05,S2-100,request-044,d4745ce8b0076d85ef4bad6643512dad50425d8f61a49108664596ff785caf3e,f4e44e9f9016,2026-09-02T01:38:38.488298906Z,2026-09-02T01:38:38.804955962Z,316.657057,200,fa5bbaa12602c6803fc911cd560f3cd567585f7b4703499b433ac2343ab380c5,,true,miss
retained-20260902-68135d3ad33f,S2-100-r05,S2-100,request-045,d4745ce8b0076d85ef4bad6643512dad50425d8f61a49108664596ff785caf3e,f4e44e9f9016,2026-09-02T01:38:38.488281014Z,2026-09-02T01:38:38.798293252Z,310.012238,200,fa5bbaa12602c6803fc911cd560f3cd567585f7b4703499b433ac2343ab380c5,,true,miss
retained-20260902-68135d3ad33f,S2-100-r05,S2-100,request-046,d4745ce8b0076d85ef4bad6643512dad50425d8f61a49108664596ff785caf3e,f4e44e9f9016,2026-09-02T01:38:38.488263967Z,2026-09-02T01:38:38.79620541Z,307.941450,200,fa5bbaa12602c6803fc911cd560f3cd567585f7b4703499b433ac2343ab380c5,,true,miss
retained-20260902-68135d3ad33f,S2-100-r05,S2-100,request-047,d4745ce8b0076d85ef4bad6643512dad50425d8f61a49108664596ff785caf3e,f4e44e9f9016,2026-09-02T01:38:38.48824752Z,2026-09-02T01:38:38.807188546Z,318.941033,200,fa5bbaa12602c6803fc911cd560f3cd567585f7b4703499b433ac2343ab380c5,,true,miss
retained-20260902-68135d3ad33f,S2-100-r05,S2-100,request-048,d4745ce8b0076d85ef4bad6643512dad50425d8f61a49108664596ff785caf3e,f4e44e9f9016,2026-09-02T01:38:38.488228149Z,2026-09-02T01:38:38.807134156Z,318.906018,200,fa5bbaa12602c6803fc911cd560f3cd567585f7b4703499b433ac2343ab380c5,,true,miss
retained-20260902-68135d3ad33f,S2-100-r05,S2-100,request-049,d4745ce8b0076d85ef4bad6643512dad50425d8f61a49108664596ff785caf3e,f4e44e9f9016,2026-09-02T01:38:38.488206861Z,2026-09-02T01:38:38.799863375Z,311.656515,200,fa5bbaa12602c6803fc911cd560f3cd567585f7b4703499b433ac2343ab380c5,,true,miss
retained-20260902-68135d3ad33f,S2-100-r05,S2-100,request-050,d4745ce8b0076d85ef4bad6643512dad50425d8f61a49108664596ff785caf3e,f4e44e9f9016,2026-09-02T01:38:38.48818818Z,2026-09-02T01:38:38.798695764Z,310.507585,200,fa5bbaa12602c6803fc911cd560f3cd567585f7b4703499b433ac2343ab380c5,,true,miss
retained-20260902-68135d3ad33f,S2-100-r05,S2-100,request-051,d4745ce8b0076d85ef4bad6643512dad50425d8f61a49108664596ff785caf3e,f4e44e9f9016,2026-09-02T01:38:38.488171344Z,2026-09-02T01:38:38.801621025Z,313.449682,200,fa5bbaa12602c6803fc911cd560f3cd567585f7b4703499b433ac2343ab380c5,,true,miss
retained-20260902-68135d3ad33f,S2-100-r05,S2-100,request-052,d4745ce8b0076d85ef4bad6643512dad50425d8f61a49108664596ff785caf3e,f4e44e9f9016,2026-09-02T01:38:38.488146271Z,2026-09-02T01:38:38.801214336Z,313.068065,200,fa5bbaa12602c6803fc911cd560f3cd567585f7b4703499b433ac2343ab380c5,,true,miss
retained-20260902-68135d3ad33f,S2-100-r05,S2-100,request-053,d4745ce8b0076d85ef4bad6643512dad50425d8f61a49108664596ff785caf3e,f4e44e9f9016,2026-09-02T01:38:38.488105612Z,2026-09-02T01:38:38.805553007Z,317.447426,200,fa5bbaa12602c6803fc911cd560f3cd567585f7b4703499b433ac2343ab380c5,,true,miss
retained-20260902-68135d3ad33f,S2-100-r05,S2-100,request-054,d4745ce8b0076d85ef4bad6643512dad50425d8f61a49108664596ff785caf3e,f4e44e9f9016,2026-09-02T01:38:38.488082071Z,2026-09-02T01:38:38.806953099Z,318.871036,200,fa5bbaa12602c6803fc911cd560f3cd567585f7b4703499b433ac2343ab380c5,,true,miss
retained-20260902-68135d3ad33f,S2-100-r05,S2-100,request-055,d4745ce8b0076d85ef4bad6643512dad50425d8f61a49108664596ff785caf3e,f4e44e9f9016,2026-09-02T01:38:38.488019149Z,2026-09-02T01:38:38.805449984Z,317.430830,200,fa5bbaa12602c6803fc911cd560f3cd567585f7b4703499b433ac2343ab380c5,,true,miss
retained-20260902-68135d3ad33f,S2-100-r05,S2-100,request-056,d4745ce8b0076d85ef4bad6643512dad50425d8f61a49108664596ff785caf3e,f4e44e9f9016,2026-09-02T01:38:38.488039319Z,2026-09-02T01:38:38.805607534Z,317.568186,200,fa5bbaa12602c6803fc911cd560f3cd567585f7b4703499b433ac2343ab380c5,,true,miss
retained-20260902-68135d3ad33f,S2-100-r05,S2-100,request-057,d4745ce8b0076d85ef4bad6643512dad50425d8f61a49108664596ff785caf3e,f4e44e9f9016,2026-09-02T01:38:38.487968182Z,2026-09-02T01:38:38.803218496Z,315.250316,200,fa5bbaa12602c6803fc911cd560f3cd567585f7b4703499b433ac2343ab380c5,,true,miss
retained-20260902-68135d3ad33f,S2-100-r05,S2-100,request-058,d4745ce8b0076d85ef4bad6643512dad50425d8f61a49108664596ff785caf3e,f4e44e9f9016,2026-09-02T01:38:38.487919255Z,2026-09-02T01:38:38.807251739Z,319.332494,200,fa5bbaa12602c6803fc911cd560f3cd567585f7b4703499b433ac2343ab380c5,,true,miss
retained-20260902-68135d3ad33f,S2-100-r05,S2-100,request-059,d4745ce8b0076d85ef4bad6643512dad50425d8f61a49108664596ff785caf3e,f4e44e9f9016,2026-09-02T01:38:38.487841028Z,2026-09-02T01:38:38.798969956Z,311.128938,200,fa5bbaa12602c6803fc911cd560f3cd567585f7b4703499b433ac2343ab380c5,,true,miss
retained-20260902-68135d3ad33f,S2-100-r05,S2-100,request-060,d4745ce8b0076d85ef4bad6643512dad50425d8f61a49108664596ff785caf3e,f4e44e9f9016,2026-09-02T01:38:38.487791036Z,2026-09-02T01:38:38.798362946Z,310.571917,200,fa5bbaa12602c6803fc911cd560f3cd567585f7b4703499b433ac2343ab380c5,,true,miss
retained-20260902-68135d3ad33f,S2-100-r05,S2-100,request-061,d4745ce8b0076d85ef4bad6643512dad50425d8f61a49108664596ff785caf3e,f4e44e9f9016,2026-09-02T01:38:38.455858763Z,2026-09-02T01:38:38.801434206Z,345.575449,200,fa5bbaa12602c6803fc911cd560f3cd567585f7b4703499b433ac2343ab380c5,,true,miss
retained-20260902-68135d3ad33f,S2-100-r05,S2-100,request-062,d4745ce8b0076d85ef4bad6643512dad50425d8f61a49108664596ff785caf3e,f4e44e9f9016,2026-09-02T01:38:38.455368652Z,2026-09-02T01:38:38.798355113Z,342.986461,200,fa5bbaa12602c6803fc911cd560f3cd567585f7b4703499b433ac2343ab380c5,,true,miss
retained-20260902-68135d3ad33f,S2-100-r05,S2-100,request-063,d4745ce8b0076d85ef4bad6643512dad50425d8f61a49108664596ff785caf3e,f4e44e9f9016,2026-09-02T01:38:38.455249731Z,2026-09-02T01:38:38.8051978Z,349.948077,200,fa5bbaa12602c6803fc911cd560f3cd567585f7b4703499b433ac2343ab380c5,,true,miss
retained-20260902-68135d3ad33f,S2-100-r05,S2-100,request-064,d4745ce8b0076d85ef4bad6643512dad50425d8f61a49108664596ff785caf3e,f4e44e9f9016,2026-09-02T01:38:38.455164425Z,2026-09-02T01:38:38.802261264Z,347.096848,200,fa5bbaa12602c6803fc911cd560f3cd567585f7b4703499b433ac2343ab380c5,,true,miss
retained-20260902-68135d3ad33f,S2-100-r05,S2-100,request-065,d4745ce8b0076d85ef4bad6643512dad50425d8f61a49108664596ff785caf3e,f4e44e9f9016,2026-09-02T01:38:38.454728204Z,2026-09-02T01:38:38.798745103Z,344.016899,200,fa5bbaa12602c6803fc911cd560f3cd567585f7b4703499b433ac2343ab380c5,,true,miss
retained-20260902-68135d3ad33f,S2-100-r05,S2-100,request-066,d4745ce8b0076d85ef4bad6643512dad50425d8f61a49108664596ff785caf3e,f4e44e9f9016,2026-09-02T01:38:38.454693166Z,2026-09-02T01:38:38.798221682Z,343.528517,200,fa5bbaa12602c6803fc911cd560f3cd567585f7b4703499b433ac2343ab380c5,,true,miss
retained-20260902-68135d3ad33f,S2-100-r05,S2-100,request-067,d4745ce8b0076d85ef4bad6643512dad50425d8f61a49108664596ff785caf3e,f4e44e9f9016,2026-09-02T01:38:38.454678109Z,2026-09-02T01:38:38.798163777Z,343.485670,200,fa5bbaa12602c6803fc911cd560f3cd567585f7b4703499b433ac2343ab380c5,,true,miss
retained-20260902-68135d3ad33f,S2-100-r05,S2-100,request-068,d4745ce8b0076d85ef4bad6643512dad50425d8f61a49108664596ff785caf3e,f4e44e9f9016,2026-09-02T01:38:38.454658648Z,2026-09-02T01:38:38.798078158Z,343.419510,200,fa5bbaa12602c6803fc911cd560f3cd567585f7b4703499b433ac2343ab380c5,,true,miss
retained-20260902-68135d3ad33f,S2-100-r05,S2-100,request-069,d4745ce8b0076d85ef4bad6643512dad50425d8f61a49108664596ff785caf3e,f4e44e9f9016,2026-09-02T01:38:38.454310347Z,2026-09-02T01:38:38.805067629Z,350.757283,200,fa5bbaa12602c6803fc911cd560f3cd567585f7b4703499b433ac2343ab380c5,,true,miss
retained-20260902-68135d3ad33f,S2-100-r05,S2-100,request-070,d4745ce8b0076d85ef4bad6643512dad50425d8f61a49108664596ff785caf3e,f4e44e9f9016,2026-09-02T01:38:38.454545778Z,2026-09-02T01:38:38.796989713Z,342.443941,200,fa5bbaa12602c6803fc911cd560f3cd567585f7b4703499b433ac2343ab380c5,,true,miss
retained-20260902-68135d3ad33f,S2-100-r05,S2-100,request-071,d4745ce8b0076d85ef4bad6643512dad50425d8f61a49108664596ff785caf3e,f4e44e9f9016,2026-09-02T01:38:38.454519452Z,2026-09-02T01:38:38.796328799Z,341.809352,200,fa5bbaa12602c6803fc911cd560f3cd567585f7b4703499b433ac2343ab380c5,,true,miss
retained-20260902-68135d3ad33f,S2-100-r05,S2-100,request-072,d4745ce8b0076d85ef4bad6643512dad50425d8f61a49108664596ff785caf3e,f4e44e9f9016,2026-09-02T01:38:38.454492874Z,2026-09-02T01:38:38.7992806Z,344.787727,200,fa5bbaa12602c6803fc911cd560f3cd567585f7b4703499b433ac2343ab380c5,,true,miss
retained-20260902-68135d3ad33f,S2-100-r05,S2-100,request-073,d4745ce8b0076d85ef4bad6643512dad50425d8f61a49108664596ff785caf3e,f4e44e9f9016,2026-09-02T01:38:38.454572629Z,2026-09-02T01:38:38.797346672Z,342.774043,200,fa5bbaa12602c6803fc911cd560f3cd567585f7b4703499b433ac2343ab380c5,,true,miss
retained-20260902-68135d3ad33f,S2-100-r05,S2-100,request-074,d4745ce8b0076d85ef4bad6643512dad50425d8f61a49108664596ff785caf3e,f4e44e9f9016,2026-09-02T01:38:38.454349372Z,2026-09-02T01:38:38.795889528Z,341.540165,200,fa5bbaa12602c6803fc911cd560f3cd567585f7b4703499b433ac2343ab380c5,,false,miss
retained-20260902-68135d3ad33f,S2-100-r05,S2-100,request-075,d4745ce8b0076d85ef4bad6643512dad50425d8f61a49108664596ff785caf3e,f4e44e9f9016,2026-09-02T01:38:38.45444889Z,2026-09-02T01:38:38.801295563Z,346.846674,200,fa5bbaa12602c6803fc911cd560f3cd567585f7b4703499b433ac2343ab380c5,,true,miss
retained-20260902-68135d3ad33f,S2-100-r05,S2-100,request-076,d4745ce8b0076d85ef4bad6643512dad50425d8f61a49108664596ff785caf3e,f4e44e9f9016,2026-09-02T01:38:38.454344284Z,2026-09-02T01:38:38.801140267Z,346.795985,200,fa5bbaa12602c6803fc911cd560f3cd567585f7b4703499b433ac2343ab380c5,,true,miss
retained-20260902-68135d3ad33f,S2-100-r05,S2-100,request-077,d4745ce8b0076d85ef4bad6643512dad50425d8f61a49108664596ff785caf3e,f4e44e9f9016,2026-09-02T01:38:38.488059301Z,2026-09-02T01:38:38.806466283Z,318.406983,200,fa5bbaa12602c6803fc911cd560f3cd567585f7b4703499b433ac2343ab380c5,,true,miss
retained-20260902-68135d3ad33f,S2-100-r05,S2-100,request-078,d4745ce8b0076d85ef4bad6643512dad50425d8f61a49108664596ff785caf3e,f4e44e9f9016,2026-09-02T01:38:38.488001187Z,2026-09-02T01:38:38.805877163Z,317.875989,200,fa5bbaa12602c6803fc911cd560f3cd567585f7b4703499b433ac2343ab380c5,,true,miss
retained-20260902-68135d3ad33f,S2-100-r05,S2-100,request-079,d4745ce8b0076d85ef4bad6643512dad50425d8f61a49108664596ff785caf3e,f4e44e9f9016,2026-09-02T01:38:38.487985653Z,2026-09-02T01:38:38.791274643Z,303.288992,200,fa5bbaa12602c6803fc911cd560f3cd567585f7b4703499b433ac2343ab380c5,,true,miss
retained-20260902-68135d3ad33f,S2-100-r05,S2-100,request-080,d4745ce8b0076d85ef4bad6643512dad50425d8f61a49108664596ff785caf3e,f4e44e9f9016,2026-09-02T01:38:38.487936661Z,2026-09-02T01:38:38.801045855Z,313.109201,200,fa5bbaa12602c6803fc911cd560f3cd567585f7b4703499b433ac2343ab380c5,,true,miss
retained-20260902-68135d3ad33f,S2-100-r05,S2-100,request-081,d4745ce8b0076d85ef4bad6643512dad50425d8f61a49108664596ff785caf3e,f4e44e9f9016,2026-09-02T01:38:38.487899838Z,2026-09-02T01:38:38.807126022Z,319.226191,200,fa5bbaa12602c6803fc911cd560f3cd567585f7b4703499b433ac2343ab380c5,,true,miss
retained-20260902-68135d3ad33f,S2-100-r05,S2-100,request-082,d4745ce8b0076d85ef4bad6643512dad50425d8f61a49108664596ff785caf3e,f4e44e9f9016,2026-09-02T01:38:38.487879791Z,2026-09-02T01:38:38.805020533Z,317.140744,200,fa5bbaa12602c6803fc911cd560f3cd567585f7b4703499b433ac2343ab380c5,,true,miss
retained-20260902-68135d3ad33f,S2-100-r05,S2-100,request-083,d4745ce8b0076d85ef4bad6643512dad50425d8f61a49108664596ff785caf3e,f4e44e9f9016,2026-09-02T01:38:38.487862981Z,2026-09-02T01:38:38.799667101Z,311.804117,200,fa5bbaa12602c6803fc911cd560f3cd567585f7b4703499b433ac2343ab380c5,,true,miss
retained-20260902-68135d3ad33f,S2-100-r05,S2-100,request-084,d4745ce8b0076d85ef4bad6643512dad50425d8f61a49108664596ff785caf3e,f4e44e9f9016,2026-09-02T01:38:38.487821851Z,2026-09-02T01:38:38.7985195Z,310.697658,200,fa5bbaa12602c6803fc911cd560f3cd567585f7b4703499b433ac2343ab380c5,,true,miss
retained-20260902-68135d3ad33f,S2-100-r05,S2-100,request-085,d4745ce8b0076d85ef4bad6643512dad50425d8f61a49108664596ff785caf3e,f4e44e9f9016,2026-09-02T01:38:38.487726318Z,2026-09-02T01:38:38.807296806Z,319.570489,200,fa5bbaa12602c6803fc911cd560f3cd567585f7b4703499b433ac2343ab380c5,,true,miss
retained-20260902-68135d3ad33f,S2-100-r05,S2-100,request-086,d4745ce8b0076d85ef4bad6643512dad50425d8f61a49108664596ff785caf3e,f4e44e9f9016,2026-09-02T01:38:38.462675184Z,2026-09-02T01:38:38.802487965Z,339.812789,200,fa5bbaa12602c6803fc911cd560f3cd567585f7b4703499b433ac2343ab380c5,,true,miss
retained-20260902-68135d3ad33f,S2-100-r05,S2-100,request-087,d4745ce8b0076d85ef4bad6643512dad50425d8f61a49108664596ff785caf3e,f4e44e9f9016,2026-09-02T01:38:38.455893608Z,2026-09-02T01:38:38.801257869Z,345.364269,200,fa5bbaa12602c6803fc911cd560f3cd567585f7b4703499b433ac2343ab380c5,,true,miss
retained-20260902-68135d3ad33f,S2-100-r05,S2-100,request-088,d4745ce8b0076d85ef4bad6643512dad50425d8f61a49108664596ff785caf3e,f4e44e9f9016,2026-09-02T01:38:38.455875514Z,2026-09-02T01:38:38.801679488Z,345.803981,200,fa5bbaa12602c6803fc911cd560f3cd567585f7b4703499b433ac2343ab380c5,,true,miss
retained-20260902-68135d3ad33f,S2-100-r05,S2-100,request-089,d4745ce8b0076d85ef4bad6643512dad50425d8f61a49108664596ff785caf3e,f4e44e9f9016,2026-09-02T01:38:38.455822653Z,2026-09-02T01:38:38.799037732Z,343.215085,200,fa5bbaa12602c6803fc911cd560f3cd567585f7b4703499b433ac2343ab380c5,,true,miss
retained-20260902-68135d3ad33f,S2-100-r05,S2-100,request-090,d4745ce8b0076d85ef4bad6643512dad50425d8f61a49108664596ff785caf3e,f4e44e9f9016,2026-09-02T01:38:38.455806939Z,2026-09-02T01:38:38.798973886Z,343.166953,200,fa5bbaa12602c6803fc911cd560f3cd567585f7b4703499b433ac2343ab380c5,,true,miss
retained-20260902-68135d3ad33f,S2-100-r05,S2-100,request-091,d4745ce8b0076d85ef4bad6643512dad50425d8f61a49108664596ff785caf3e,f4e44e9f9016,2026-09-02T01:38:38.455780119Z,2026-09-02T01:38:38.798900117Z,343.120047,200,fa5bbaa12602c6803fc911cd560f3cd567585f7b4703499b433ac2343ab380c5,,true,miss
retained-20260902-68135d3ad33f,S2-100-r05,S2-100,request-092,d4745ce8b0076d85ef4bad6643512dad50425d8f61a49108664596ff785caf3e,f4e44e9f9016,2026-09-02T01:38:38.455751543Z,2026-09-02T01:38:38.798665741Z,342.914200,200,fa5bbaa12602c6803fc911cd560f3cd567585f7b4703499b433ac2343ab380c5,,true,miss
retained-20260902-68135d3ad33f,S2-100-r05,S2-100,request-093,d4745ce8b0076d85ef4bad6643512dad50425d8f61a49108664596ff785caf3e,f4e44e9f9016,2026-09-02T01:38:38.45509247Z,2026-09-02T01:38:38.801857391Z,346.764924,200,fa5bbaa12602c6803fc911cd560f3cd567585f7b4703499b433ac2343ab380c5,,true,miss
retained-20260902-68135d3ad33f,S2-100-r05,S2-100,request-094,d4745ce8b0076d85ef4bad6643512dad50425d8f61a49108664596ff785caf3e,f4e44e9f9016,2026-09-02T01:38:38.454988586Z,2026-09-02T01:38:38.801800179Z,346.811593,200,fa5bbaa12602c6803fc911cd560f3cd567585f7b4703499b433ac2343ab380c5,,true,miss
retained-20260902-68135d3ad33f,S2-100-r05,S2-100,request-095,d4745ce8b0076d85ef4bad6643512dad50425d8f61a49108664596ff785caf3e,f4e44e9f9016,2026-09-02T01:38:38.454906575Z,2026-09-02T01:38:38.801558285Z,346.651715,200,fa5bbaa12602c6803fc911cd560f3cd567585f7b4703499b433ac2343ab380c5,,true,miss
retained-20260902-68135d3ad33f,S2-100-r05,S2-100,request-096,d4745ce8b0076d85ef4bad6643512dad50425d8f61a49108664596ff785caf3e,f4e44e9f9016,2026-09-02T01:38:38.454818395Z,2026-09-02T01:38:38.801370516Z,346.552122,200,fa5bbaa12602c6803fc911cd560f3cd567585f7b4703499b433ac2343ab380c5,,true,miss
retained-20260902-68135d3ad33f,S2-100-r05,S2-100,request-097,d4745ce8b0076d85ef4bad6643512dad50425d8f61a49108664596ff785caf3e,f4e44e9f9016,2026-09-02T01:38:38.454642066Z,2026-09-02T01:38:38.798265961Z,343.623902,200,fa5bbaa12602c6803fc911cd560f3cd567585f7b4703499b433ac2343ab380c5,,true,miss
retained-20260902-68135d3ad33f,S2-100-r05,S2-100,request-098,d4745ce8b0076d85ef4bad6643512dad50425d8f61a49108664596ff785caf3e,f4e44e9f9016,2026-09-02T01:38:38.454620874Z,2026-09-02T01:38:38.807075182Z,352.454314,200,fa5bbaa12602c6803fc911cd560f3cd567585f7b4703499b433ac2343ab380c5,,true,miss
retained-20260902-68135d3ad33f,S2-100-r05,S2-100,request-099,d4745ce8b0076d85ef4bad6643512dad50425d8f61a49108664596ff785caf3e,f4e44e9f9016,2026-09-02T01:38:38.454601761Z,2026-09-02T01:38:38.798090172Z,343.488418,200,fa5bbaa12602c6803fc911cd560f3cd567585f7b4703499b433ac2343ab380c5,,true,miss
retained-20260902-68135d3ad33f,S2-100-r05,S2-100,request-100,d4745ce8b0076d85ef4bad6643512dad50425d8f61a49108664596ff785caf3e,f4e44e9f9016,2026-09-02T01:38:38.454308892Z,2026-09-02T01:38:38.800571328Z,346.262437,200,fa5bbaa12602c6803fc911cd560f3cd567585f7b4703499b433ac2343ab380c5,,true,miss
retained-20260902-68135d3ad33f,S1-100-r05,S1-100,request-001,d4745ce8b0076d85ef4bad6643512dad50425d8f61a49108664596ff785caf3e,f4e44e9f9016,2026-09-02T01:38:39.102017332Z,2026-09-02T01:38:56.138182715Z,15281.898907,200,fa5bbaa12602c6803fc911cd560f3cd567585f7b4703499b433ac2343ab380c5,,false,miss
retained-20260902-68135d3ad33f,S1-100-r05,S1-100,request-002,d4745ce8b0076d85ef4bad6643512dad50425d8f61a49108664596ff785caf3e,f4e44e9f9016,2026-09-02T01:38:39.101821278Z,2026-09-02T01:39:05.334375429Z,24478.287667,200,fa5bbaa12602c6803fc911cd560f3cd567585f7b4703499b433ac2343ab380c5,,false,miss
retained-20260902-68135d3ad33f,S1-100-r05,S1-100,request-003,d4745ce8b0076d85ef4bad6643512dad50425d8f61a49108664596ff785caf3e,f4e44e9f9016,2026-09-02T01:38:39.124202736Z,2026-09-02T01:39:00.056489095Z,19178.019886,200,fa5bbaa12602c6803fc911cd560f3cd567585f7b4703499b433ac2343ab380c5,,false,miss
retained-20260902-68135d3ad33f,S1-100-r05,S1-100,request-004,d4745ce8b0076d85ef4bad6643512dad50425d8f61a49108664596ff785caf3e,f4e44e9f9016,2026-09-02T01:38:39.124178324Z,2026-09-02T01:39:03.732808486Z,22854.363687,200,fa5bbaa12602c6803fc911cd560f3cd567585f7b4703499b433ac2343ab380c5,,false,miss
retained-20260902-68135d3ad33f,S1-100-r05,S1-100,request-005,d4745ce8b0076d85ef4bad6643512dad50425d8f61a49108664596ff785caf3e,f4e44e9f9016,2026-09-02T01:38:39.124146298Z,2026-09-02T01:38:52.432763119Z,11554.350344,200,fa5bbaa12602c6803fc911cd560f3cd567585f7b4703499b433ac2343ab380c5,,false,miss
retained-20260902-68135d3ad33f,S1-100-r05,S1-100,request-006,d4745ce8b0076d85ef4bad6643512dad50425d8f61a49108664596ff785caf3e,f4e44e9f9016,2026-09-02T01:38:39.101818286Z,2026-09-02T01:38:41.879798651Z,2777.980366,200,fa5bbaa12602c6803fc911cd560f3cd567585f7b4703499b433ac2343ab380c5,,false,miss
retained-20260902-68135d3ad33f,S1-100-r05,S1-100,request-007,d4745ce8b0076d85ef4bad6643512dad50425d8f61a49108664596ff785caf3e,f4e44e9f9016,2026-09-02T01:38:39.124325539Z,2026-09-02T01:39:04.037237993Z,23158.645976,200,fa5bbaa12602c6803fc911cd560f3cd567585f7b4703499b433ac2343ab380c5,,false,miss
retained-20260902-68135d3ad33f,S1-100-r05,S1-100,request-008,d4745ce8b0076d85ef4bad6643512dad50425d8f61a49108664596ff785caf3e,f4e44e9f9016,2026-09-02T01:38:39.124292463Z,2026-09-02T01:39:01.136061101Z,20257.502157,200,fa5bbaa12602c6803fc911cd560f3cd567585f7b4703499b433ac2343ab380c5,,false,miss
retained-20260902-68135d3ad33f,S1-100-r05,S1-100,request-009,d4745ce8b0076d85ef4bad6643512dad50425d8f61a49108664596ff785caf3e,f4e44e9f9016,2026-09-02T01:38:39.124265632Z,2026-09-02T01:38:54.634079042Z,13755.546933,200,fa5bbaa12602c6803fc911cd560f3cd567585f7b4703499b433ac2343ab380c5,,false,miss
retained-20260902-68135d3ad33f,S1-100-r05,S1-100,request-010,d4745ce8b0076d85ef4bad6643512dad50425d8f61a49108664596ff785caf3e,f4e44e9f9016,2026-09-02T01:38:39.124208394Z,2026-09-02T01:39:02.5393849Z,21660.910024,200,fa5bbaa12602c6803fc911cd560f3cd567585f7b4703499b433ac2343ab380c5,,false,miss
retained-20260902-68135d3ad33f,S1-100-r05,S1-100,request-011,d4745ce8b0076d85ef4bad6643512dad50425d8f61a49108664596ff785caf3e,f4e44e9f9016,2026-09-02T01:38:39.124170607Z,2026-09-02T01:38:51.537859679Z,10659.422593,200,fa5bbaa12602c6803fc911cd560f3cd567585f7b4703499b433ac2343ab380c5,,false,miss
retained-20260902-68135d3ad33f,S1-100-r05,S1-100,request-012,d4745ce8b0076d85ef4bad6643512dad50425d8f61a49108664596ff785caf3e,f4e44e9f9016,2026-09-02T01:38:39.124121521Z,2026-09-02T01:38:52.133296647Z,11254.908650,200,fa5bbaa12602c6803fc911cd560f3cd567585f7b4703499b433ac2343ab380c5,,false,miss
retained-20260902-68135d3ad33f,S1-100-r05,S1-100,request-013,d4745ce8b0076d85ef4bad6643512dad50425d8f61a49108664596ff785caf3e,f4e44e9f9016,2026-09-02T01:38:39.124089105Z,2026-09-02T01:39:09.646961111Z,28768.605527,200,fa5bbaa12602c6803fc911cd560f3cd567585f7b4703499b433ac2343ab380c5,,false,miss
retained-20260902-68135d3ad33f,S1-100-r05,S1-100,request-014,d4745ce8b0076d85ef4bad6643512dad50425d8f61a49108664596ff785caf3e,f4e44e9f9016,2026-09-02T01:38:39.124044632Z,2026-09-02T01:38:50.931779782Z,10053.468672,200,fa5bbaa12602c6803fc911cd560f3cd567585f7b4703499b433ac2343ab380c5,,false,miss
retained-20260902-68135d3ad33f,S1-100-r05,S1-100,request-015,d4745ce8b0076d85ef4bad6643512dad50425d8f61a49108664596ff785caf3e,f4e44e9f9016,2026-09-02T01:38:39.123907842Z,2026-09-02T01:39:10.143910067Z,29265.735750,200,fa5bbaa12602c6803fc911cd560f3cd567585f7b4703499b433ac2343ab380c5,,false,miss
retained-20260902-68135d3ad33f,S1-100-r05,S1-100,request-016,d4745ce8b0076d85ef4bad6643512dad50425d8f61a49108664596ff785caf3e,f4e44e9f9016,2026-09-02T01:38:39.123885953Z,2026-09-02T01:39:07.435107414Z,26556.954983,200,fa5bbaa12602c6803fc911cd560f3cd567585f7b4703499b433ac2343ab380c5,,false,miss
retained-20260902-68135d3ad33f,S1-100-r05,S1-100,request-017,d4745ce8b0076d85ef4bad6643512dad50425d8f61a49108664596ff785caf3e,f4e44e9f9016,2026-09-02T01:38:39.123866043Z,2026-09-02T01:39:12.542813547Z,31664.680993,200,fa5bbaa12602c6803fc911cd560f3cd567585f7b4703499b433ac2343ab380c5,,false,miss
retained-20260902-68135d3ad33f,S1-100-r05,S1-100,request-018,d4745ce8b0076d85ef4bad6643512dad50425d8f61a49108664596ff785caf3e,f4e44e9f9016,2026-09-02T01:38:39.123835763Z,2026-09-02T01:39:05.745444173Z,24867.341937,200,fa5bbaa12602c6803fc911cd560f3cd567585f7b4703499b433ac2343ab380c5,,false,miss
retained-20260902-68135d3ad33f,S1-100-r05,S1-100,request-019,d4745ce8b0076d85ef4bad6643512dad50425d8f61a49108664596ff785caf3e,f4e44e9f9016,2026-09-02T01:38:39.123815034Z,2026-09-02T01:39:02.538756341Z,21660.674831,200,fa5bbaa12602c6803fc911cd560f3cd567585f7b4703499b433ac2343ab380c5,,false,miss
retained-20260902-68135d3ad33f,S1-100-r05,S1-100,request-020,d4745ce8b0076d85ef4bad6643512dad50425d8f61a49108664596ff785caf3e,f4e44e9f9016,2026-09-02T01:38:39.123791948Z,2026-09-02T01:38:59.838592302Z,18960.533885,200,fa5bbaa12602c6803fc911cd560f3cd567585f7b4703499b433ac2343ab380c5,,false,miss
retained-20260902-68135d3ad33f,S1-100-r05,S1-100,request-021,d4745ce8b0076d85ef4bad6643512dad50425d8f61a49108664596ff785caf3e,f4e44e9f9016,2026-09-02T01:38:39.123773122Z,2026-09-02T01:39:01.346934432Z,20468.894832,200,fa5bbaa12602c6803fc911cd560f3cd567585f7b4703499b433ac2343ab380c5,,false,miss
retained-20260902-68135d3ad33f,S1-100-r05,S1-100,request-022,d4745ce8b0076d85ef4bad6643512dad50425d8f61a49108664596ff785caf3e,f4e44e9f9016,2026-09-02T01:38:39.12374718Z,2026-09-02T01:38:52.74319561Z,11865.181955,200,fa5bbaa12602c6803fc911cd560f3cd567585f7b4703499b433ac2343ab380c5,,false,miss
retained-20260902-68135d3ad33f,S1-100-r05,S1-100,request-023,d4745ce8b0076d85ef4bad6643512dad50425d8f61a49108664596ff785caf3e,f4e44e9f9016,2026-09-02T01:38:39.123701391Z,2026-09-02T01:39:00.056521342Z,19178.553479,200,fa5bbaa12602c6803fc911cd560f3cd567585f7b4703499b433ac2343ab380c5,,false,miss
retained-20260902-68135d3ad33f,S1-100-r05,S1-100,request-024,d4745ce8b0076d85ef4bad6643512dad50425d8f61a49108664596ff785caf3e,f4e44e9f9016,2026-09-02T01:38:39.123604034Z,2026-09-02T01:39:01.74837845Z,20870.507930,200,fa5bbaa12602c6803fc911cd560f3cd567585f7b4703499b433ac2343ab380c5,,false,miss
retained-20260902-68135d3ad33f,S1-100-r05,S1-100,request-025,d4745ce8b0076d85ef4bad6643512dad50425d8f61a49108664596ff785caf3e,f4e44e9f9016,2026-09-02T01:38:39.102765346Z,2026-09-02T01:39:11.539405108Z,30682.373289,200,fa5bbaa12602c6803fc911cd560f3cd567585f7b4703499b433ac2343ab380c5,,false,miss
retained-20260902-68135d3ad33f,S1-100-r05,S1-100,request-026,d4745ce8b0076d85ef4bad6643512dad50425d8f61a49108664596ff785caf3e,f4e44e9f9016,2026-09-02T01:38:39.102730067Z,2026-09-02T01:38:58.743124955Z,17886.128415,200,fa5bbaa12602c6803fc911cd560f3cd567585f7b4703499b433ac2343ab380c5,,false,miss
retained-20260902-68135d3ad33f,S1-100-r05,S1-100,request-027,d4745ce8b0076d85ef4bad6643512dad50425d8f61a49108664596ff785caf3e,f4e44e9f9016,2026-09-02T01:38:39.102703645Z,2026-09-02T01:38:53.341917353Z,12484.947235,200,fa5bbaa12602c6803fc911cd560f3cd567585f7b4703499b433ac2343ab380c5,,false,miss
retained-20260902-68135d3ad33f,S1-100-r05,S1-100,request-028,d4745ce8b0076d85ef4bad6643512dad50425d8f61a49108664596ff785caf3e,f4e44e9f9016,2026-09-02T01:38:39.102679021Z,2026-09-02T01:38:58.54365324Z,17686.707746,200,fa5bbaa12602c6803fc911cd560f3cd567585f7b4703499b433ac2343ab380c5,,false,miss
retained-20260902-68135d3ad33f,S1-100-r05,S1-100,request-029,d4745ce8b0076d85ef4bad6643512dad50425d8f61a49108664596ff785caf3e,f4e44e9f9016,2026-09-02T01:38:39.102656631Z,2026-09-02T01:38:57.534890239Z,16677.967131,200,fa5bbaa12602c6803fc911cd560f3cd567585f7b4703499b433ac2343ab380c5,,false,miss
retained-20260902-68135d3ad33f,S1-100-r05,S1-100,request-030,d4745ce8b0076d85ef4bad6643512dad50425d8f61a49108664596ff785caf3e,f4e44e9f9016,2026-09-02T01:38:39.102630925Z,2026-09-02T01:39:11.438323459Z,30581.426059,200,fa5bbaa12602c6803fc911cd560f3cd567585f7b4703499b433ac2343ab380c5,,false,miss
retained-20260902-68135d3ad33f,S1-100-r05,S1-100,request-031,d4745ce8b0076d85ef4bad6643512dad50425d8f61a49108664596ff785caf3e,f4e44e9f9016,2026-09-02T01:38:39.102597062Z,2026-09-02T01:38:51.346495933Z,10489.632393,200,fa5bbaa12602c6803fc911cd560f3cd567585f7b4703499b433ac2343ab380c5,,false,miss
retained-20260902-68135d3ad33f,S1-100-r05,S1-100,request-032,d4745ce8b0076d85ef4bad6643512dad50425d8f61a49108664596ff785caf3e,f4e44e9f9016,2026-09-02T01:38:39.102574304Z,2026-09-02T01:39:10.935257058Z,30078.416273,200,fa5bbaa12602c6803fc911cd560f3cd567585f7b4703499b433ac2343ab380c5,,false,miss
retained-20260902-68135d3ad33f,S1-100-r05,S1-100,request-033,d4745ce8b0076d85ef4bad6643512dad50425d8f61a49108664596ff785caf3e,f4e44e9f9016,2026-09-02T01:38:39.102567635Z,2026-09-02T01:39:12.140551784Z,31283.717670,200,fa5bbaa12602c6803fc911cd560f3cd567585f7b4703499b433ac2343ab380c5,,false,miss
retained-20260902-68135d3ad33f,S1-100-r05,S1-100,request-034,d4745ce8b0076d85ef4bad6643512dad50425d8f61a49108664596ff785caf3e,f4e44e9f9016,2026-09-02T01:38:39.102510719Z,2026-09-02T01:39:08.344938918Z,27488.161725,200,fa5bbaa12602c6803fc911cd560f3cd567585f7b4703499b433ac2343ab380c5,,false,miss
retained-20260902-68135d3ad33f,S1-100-r05,S1-100,request-035,d4745ce8b0076d85ef4bad6643512dad50425d8f61a49108664596ff785caf3e,f4e44e9f9016,2026-09-02T01:38:39.102492169Z,2026-09-02T01:38:48.536093488Z,7679.334845,200,fa5bbaa12602c6803fc911cd560f3cd567585f7b4703499b433ac2343ab380c5,,false,miss
retained-20260902-68135d3ad33f,S1-100-r05,S1-100,request-036,d4745ce8b0076d85ef4bad6643512dad50425d8f61a49108664596ff785caf3e,f4e44e9f9016,2026-09-02T01:38:39.102472873Z,2026-09-02T01:39:07.04252354Z,26185.784195,200,fa5bbaa12602c6803fc911cd560f3cd567585f7b4703499b433ac2343ab380c5,,false,miss
retained-20260902-68135d3ad33f,S1-100-r05,S1-100,request-037,d4745ce8b0076d85ef4bad6643512dad50425d8f61a49108664596ff785caf3e,f4e44e9f9016,2026-09-02T01:38:39.102444539Z,2026-09-02T01:38:47.431322742Z,6574.611734,200,fa5bbaa12602c6803fc911cd560f3cd567585f7b4703499b433ac2343ab380c5,,false,miss
retained-20260902-68135d3ad33f,S1-100-r05,S1-100,request-038,d4745ce8b0076d85ef4bad6643512dad50425d8f61a49108664596ff785caf3e,f4e44e9f9016,2026-09-02T01:38:39.102428842Z,2026-09-02T01:38:47.550570297Z,6693.874983,200,fa5bbaa12602c6803fc911cd560f3cd567585f7b4703499b433ac2343ab380c5,,false,miss
retained-20260902-68135d3ad33f,S1-100-r05,S1-100,request-039,d4745ce8b0076d85ef4bad6643512dad50425d8f61a49108664596ff785caf3e,f4e44e9f9016,2026-09-02T01:38:39.102412414Z,2026-09-02T01:38:43.289298439Z,4186.886028,200,fa5bbaa12602c6803fc911cd560f3cd567585f7b4703499b433ac2343ab380c5,,false,miss
retained-20260902-68135d3ad33f,S1-100-r05,S1-100,request-040,d4745ce8b0076d85ef4bad6643512dad50425d8f61a49108664596ff785caf3e,f4e44e9f9016,2026-09-02T01:38:39.10239344Z,2026-09-02T01:39:07.444466846Z,26587.806933,200,fa5bbaa12602c6803fc911cd560f3cd567585f7b4703499b433ac2343ab380c5,,false,miss
retained-20260902-68135d3ad33f,S1-100-r05,S1-100,request-041,d4745ce8b0076d85ef4bad6643512dad50425d8f61a49108664596ff785caf3e,f4e44e9f9016,2026-09-02T01:38:39.102346483Z,2026-09-02T01:38:47.445707672Z,6589.094718,200,fa5bbaa12602c6803fc911cd560f3cd567585f7b4703499b433ac2343ab380c5,,false,miss
retained-20260902-68135d3ad33f,S1-100-r05,S1-100,request-042,d4745ce8b0076d85ef4bad6643512dad50425d8f61a49108664596ff785caf3e,f4e44e9f9016,2026-09-02T01:38:39.102326817Z,2026-09-02T01:38:41.990451018Z,2888.124202,200,fa5bbaa12602c6803fc911cd560f3cd567585f7b4703499b433ac2343ab380c5,,false,miss
retained-20260902-68135d3ad33f,S1-100-r05,S1-100,request-043,d4745ce8b0076d85ef4bad6643512dad50425d8f61a49108664596ff785caf3e,f4e44e9f9016,2026-09-02T01:38:39.102313511Z,2026-09-02T01:38:41.883701324Z,2781.387816,200,fa5bbaa12602c6803fc911cd560f3cd567585f7b4703499b433ac2343ab380c5,,false,miss
retained-20260902-68135d3ad33f,S1-100-r05,S1-100,request-044,d4745ce8b0076d85ef4bad6643512dad50425d8f61a49108664596ff785caf3e,f4e44e9f9016,2026-09-02T01:38:39.102293653Z,2026-09-02T01:38:48.636889758Z,7780.329633,200,fa5bbaa12602c6803fc911cd560f3cd567585f7b4703499b433ac2343ab380c5,,false,miss
retained-20260902-68135d3ad33f,S1-100-r05,S1-100,request-045,d4745ce8b0076d85ef4bad6643512dad50425d8f61a49108664596ff785caf3e,f4e44e9f9016,2026-09-02T01:38:39.102276125Z,2026-09-02T01:39:12.330564512Z,31474.021916,200,fa5bbaa12602c6803fc911cd560f3cd567585f7b4703499b433ac2343ab380c5,,false,miss
retained-20260902-68135d3ad33f,S1-100-r05,S1-100,request-046,d4745ce8b0076d85ef4bad6643512dad50425d8f61a49108664596ff785caf3e,f4e44e9f9016,2026-09-02T01:38:39.102254557Z,2026-09-02T01:38:57.534874986Z,16678.353958,200,fa5bbaa12602c6803fc911cd560f3cd567585f7b4703499b433ac2343ab380c5,,false,miss
retained-20260902-68135d3ad33f,S1-100-r05,S1-100,request-047,d4745ce8b0076d85ef4bad6643512dad50425d8f61a49108664596ff785caf3e,f4e44e9f9016,2026-09-02T01:38:39.102238202Z,2026-09-02T01:38:52.634487397Z,11777.982722,200,fa5bbaa12602c6803fc911cd560f3cd567585f7b4703499b433ac2343ab380c5,,false,miss
retained-20260902-68135d3ad33f,S1-100-r05,S1-100,request-048,d4745ce8b0076d85ef4bad6643512dad50425d8f61a49108664596ff785caf3e,f4e44e9f9016,2026-09-02T01:38:39.102210041Z,2026-09-02T01:39:06.64500615Z,25788.529655,200,fa5bbaa12602c6803fc911cd560f3cd567585f7b4703499b433ac2343ab380c5,,false,miss
retained-20260902-68135d3ad33f,S1-100-r05,S1-100,request-049,d4745ce8b0076d85ef4bad6643512dad50425d8f61a49108664596ff785caf3e,f4e44e9f9016,2026-09-02T01:38:39.102182328Z,2026-09-02T01:38:47.332826973Z,6476.378177,200,fa5bbaa12602c6803fc911cd560f3cd567585f7b4703499b433ac2343ab380c5,,false,miss
retained-20260902-68135d3ad33f,S1-100-r05,S1-100,request-050,d4745ce8b0076d85ef4bad6643512dad50425d8f61a49108664596ff785caf3e,f4e44e9f9016,2026-09-02T01:38:39.102131354Z,2026-09-02T01:38:44.293098808Z,5190.967455,200,fa5bbaa12602c6803fc911cd560f3cd567585f7b4703499b433ac2343ab380c5,,false,miss
retained-20260902-68135d3ad33f,S1-100-r05,S1-100,request-051,d4745ce8b0076d85ef4bad6643512dad50425d8f61a49108664596ff785caf3e,f4e44e9f9016,2026-09-02T01:38:39.102103372Z,2026-09-02T01:38:40.780319339Z,1678.215978,200,fa5bbaa12602c6803fc911cd560f3cd567585f7b4703499b433ac2343ab380c5,,false,miss
retained-20260902-68135d3ad33f,S1-100-r05,S1-100,request-052,d4745ce8b0076d85ef4bad6643512dad50425d8f61a49108664596ff785caf3e,f4e44e9f9016,2026-09-02T01:38:39.102077369Z,2026-09-02T01:38:43.183151738Z,4081.074377,200,fa5bbaa12602c6803fc911cd560f3cd567585f7b4703499b433ac2343ab380c5,,false,miss
retained-20260902-68135d3ad33f,S1-100-r05,S1-100,request-053,d4745ce8b0076d85ef4bad6643512dad50425d8f61a49108664596ff785caf3e,f4e44e9f9016,2026-09-02T01:38:39.102052183Z,2026-09-02T01:38:55.229353745Z,14373.035093,200,fa5bbaa12602c6803fc911cd560f3cd567585f7b4703499b433ac2343ab380c5,,false,miss
retained-20260902-68135d3ad33f,S1-100-r05,S1-100,request-054,d4745ce8b0076d85ef4bad6643512dad50425d8f61a49108664596ff785caf3e,f4e44e9f9016,2026-09-02T01:38:39.12393171Z,2026-09-02T01:39:08.830794918Z,27952.596740,200,fa5bbaa12602c6803fc911cd560f3cd567585f7b4703499b433ac2343ab380c5,,false,miss
retained-20260902-68135d3ad33f,S1-100-r05,S1-100,request-055,d4745ce8b0076d85ef4bad6643512dad50425d8f61a49108664596ff785caf3e,f4e44e9f9016,2026-09-02T01:38:39.124080126Z,2026-09-02T01:38:53.636873894Z,12758.527290,200,fa5bbaa12602c6803fc911cd560f3cd567585f7b4703499b433ac2343ab380c5,,false,miss
retained-20260902-68135d3ad33f,S1-100-r05,S1-100,request-056,d4745ce8b0076d85ef4bad6643512dad50425d8f61a49108664596ff785caf3e,f4e44e9f9016,2026-09-02T01:38:39.124008979Z,2026-09-02T01:39:10.334464822Z,29456.189366,200,fa5bbaa12602c6803fc911cd560f3cd567585f7b4703499b433ac2343ab380c5,,false,miss
retained-20260902-68135d3ad33f,S1-100-r05,S1-100,request-057,d4745ce8b0076d85ef4bad6643512dad50425d8f61a49108664596ff785caf3e,f4e44e9f9016,2026-09-02T01:38:39.123993376Z,2026-09-02T01:38:49.852675356Z,8974.415503,200,fa5bbaa12602c6803fc911cd560f3cd567585f7b4703499b433ac2343ab380c5,,false,miss
retained-20260902-68135d3ad33f,S1-100-r05,S1-100,request-058,d4745ce8b0076d85ef4bad6643512dad50425d8f61a49108664596ff785caf3e,f4e44e9f9016,2026-09-02T01:38:39.12397298Z,2026-09-02T01:38:50.229958204Z,9351.718749,200,fa5bbaa12602c6803fc911cd560f3cd567585f7b4703499b433ac2343ab380c5,,false,miss
retained-20260902-68135d3ad33f,S1-100-r05,S1-100,request-059,d4745ce8b0076d85ef4bad6643512dad50425d8f61a49108664596ff785caf3e,f4e44e9f9016,2026-09-02T01:38:39.123956214Z,2026-09-02T01:39:12.803166312Z,31924.943624,200,fa5bbaa12602c6803fc911cd560f3cd567585f7b4703499b433ac2343ab380c5,,false,miss
retained-20260902-68135d3ad33f,S1-100-r05,S1-100,request-060,d4745ce8b0076d85ef4bad6643512dad50425d8f61a49108664596ff785caf3e,f4e44e9f9016,2026-09-02T01:38:39.123912043Z,2026-09-02T01:39:09.132174816Z,28253.996300,200,fa5bbaa12602c6803fc911cd560f3cd567585f7b4703499b433ac2343ab380c5,,false,miss
retained-20260902-68135d3ad33f,S1-100-r05,S1-100,request-061,d4745ce8b0076d85ef4bad6643512dad50425d8f61a49108664596ff785caf3e,f4e44e9f9016,2026-09-02T01:38:39.123811106Z,2026-09-02T01:39:01.338378126Z,20460.300551,200,fa5bbaa12602c6803fc911cd560f3cd567585f7b4703499b433ac2343ab380c5,,false,miss
retained-20260902-68135d3ad33f,S1-100-r05,S1-100,request-062,d4745ce8b0076d85ef4bad6643512dad50425d8f61a49108664596ff785caf3e,f4e44e9f9016,2026-09-02T01:38:39.123784173Z,2026-09-02T01:39:03.037915386Z,22159.864739,200,fa5bbaa12602c6803fc911cd560f3cd567585f7b4703499b433ac2343ab380c5,,false,miss
retained-20260902-68135d3ad33f,S1-100-r05,S1-100,request-063,d4745ce8b0076d85ef4bad6643512dad50425d8f61a49108664596ff785caf3e,f4e44e9f9016,2026-09-02T01:38:39.102773412Z,2026-09-02T01:38:56.737720904Z,15880.681016,200,fa5bbaa12602c6803fc911cd560f3cd567585f7b4703499b433ac2343ab380c5,,false,miss
retained-20260902-68135d3ad33f,S1-100-r05,S1-100,request-064,d4745ce8b0076d85ef4bad6643512dad50425d8f61a49108664596ff785caf3e,f4e44e9f9016,2026-09-02T01:38:39.102726705Z,2026-09-02T01:38:54.830177422Z,13973.184245,200,fa5bbaa12602c6803fc911cd560f3cd567585f7b4703499b433ac2343ab380c5,,false,miss
retained-20260902-68135d3ad33f,S1-100-r05,S1-100,request-065,d4745ce8b0076d85ef4bad6643512dad50425d8f61a49108664596ff785caf3e,f4e44e9f9016,2026-09-02T01:38:39.102652727Z,2026-09-02T01:38:51.134544645Z,10277.625446,200,fa5bbaa12602c6803fc911cd560f3cd567585f7b4703499b433ac2343ab380c5,,false,miss
retained-20260902-68135d3ad33f,S1-100-r05,S1-100,request-066,d4745ce8b0076d85ef4bad6643512dad50425d8f61a49108664596ff785caf3e,f4e44e9f9016,2026-09-02T01:38:39.10263237Z,2026-09-02T01:38:53.932644086Z,13075.745254,200,fa5bbaa12602c6803fc911cd560f3cd567585f7b4703499b433ac2343ab380c5,,false,miss
retained-20260902-68135d3ad33f,S1-100-r05,S1-100,request-067,d4745ce8b0076d85ef4bad6643512dad50425d8f61a49108664596ff785caf3e,f4e44e9f9016,2026-09-02T01:38:39.102607702Z,2026-09-02T01:39:10.85013746Z,29993.263286,200,fa5bbaa12602c6803fc911cd560f3cd567585f7b4703499b433ac2343ab380c5,,false,miss
retained-20260902-68135d3ad33f,S1-100-r05,S1-100,request-068,d4745ce8b0076d85ef4bad6643512dad50425d8f61a49108664596ff785caf3e,f4e44e9f9016,2026-09-02T01:38:39.102586668Z,2026-09-02T01:38:50.043396983Z,9186.543841,200,fa5bbaa12602c6803fc911cd560f3cd567585f7b4703499b433ac2343ab380c5,,false,miss
retained-20260902-68135d3ad33f,S1-100-r05,S1-100,request-069,d4745ce8b0076d85ef4bad6643512dad50425d8f61a49108664596ff785caf3e,f4e44e9f9016,2026-09-02T01:38:39.102568128Z,2026-09-02T01:39:04.936943545Z,24080.108943,200,fa5bbaa12602c6803fc911cd560f3cd567585f7b4703499b433ac2343ab380c5,,false,miss
retained-20260902-68135d3ad33f,S1-100-r05,S1-100,request-070,d4745ce8b0076d85ef4bad6643512dad50425d8f61a49108664596ff785caf3e,f4e44e9f9016,2026-09-02T01:38:39.102536414Z,2026-09-02T01:39:08.543015709Z,27686.212821,200,fa5bbaa12602c6803fc911cd560f3cd567585f7b4703499b433ac2343ab380c5,,false,miss
retained-20260902-68135d3ad33f,S1-100-r05,S1-100,request-071,d4745ce8b0076d85ef4bad6643512dad50425d8f61a49108664596ff785caf3e,f4e44e9f9016,2026-09-02T01:38:39.102518976Z,2026-09-02T01:38:49.650393563Z,8793.608109,200,fa5bbaa12602c6803fc911cd560f3cd567585f7b4703499b433ac2343ab380c5,,false,miss
retained-20260902-68135d3ad33f,S1-100-r05,S1-100,request-072,d4745ce8b0076d85ef4bad6643512dad50425d8f61a49108664596ff785caf3e,f4e44e9f9016,2026-09-02T01:38:39.102500905Z,2026-09-02T01:39:07.836489128Z,26979.721746,200,fa5bbaa12602c6803fc911cd560f3cd567585f7b4703499b433ac2343ab380c5,,false,miss
retained-20260902-68135d3ad33f,S1-100-r05,S1-100,request-073,d4745ce8b0076d85ef4bad6643512dad50425d8f61a49108664596ff785caf3e,f4e44e9f9016,2026-09-02T01:38:39.102484697Z,2026-09-02T01:38:48.829553357Z,7972.802177,200,fa5bbaa12602c6803fc911cd560f3cd567585f7b4703499b433ac2343ab380c5,,false,miss
retained-20260902-68135d3ad33f,S1-100-r05,S1-100,request-074,d4745ce8b0076d85ef4bad6643512dad50425d8f61a49108664596ff785caf3e,f4e44e9f9016,2026-09-02T01:38:39.102463683Z,2026-09-02T01:38:44.576192307Z,5473.728626,200,fa5bbaa12602c6803fc911cd560f3cd567585f7b4703499b433ac2343ab380c5,,false,miss
retained-20260902-68135d3ad33f,S1-100-r05,S1-100,request-075,d4745ce8b0076d85ef4bad6643512dad50425d8f61a49108664596ff785caf3e,f4e44e9f9016,2026-09-02T01:38:39.10242602Z,2026-09-02T01:38:41.878464992Z,2776.038983,200,fa5bbaa12602c6803fc911cd560f3cd567585f7b4703499b433ac2343ab380c5,,false,miss
retained-20260902-68135d3ad33f,S1-100-r05,S1-100,request-076,d4745ce8b0076d85ef4bad6643512dad50425d8f61a49108664596ff785caf3e,f4e44e9f9016,2026-09-02T01:38:39.102403914Z,2026-09-02T01:38:55.737934226Z,14881.263843,200,fa5bbaa12602c6803fc911cd560f3cd567585f7b4703499b433ac2343ab380c5,,false,miss
retained-20260902-68135d3ad33f,S1-100-r05,S1-100,request-077,d4745ce8b0076d85ef4bad6643512dad50425d8f61a49108664596ff785caf3e,f4e44e9f9016,2026-09-02T01:38:39.124109464Z,2026-09-02T01:39:09.731573686Z,28853.197743,200,fa5bbaa12602c6803fc911cd560f3cd567585f7b4703499b433ac2343ab380c5,,false,miss
retained-20260902-68135d3ad33f,S1-100-r05,S1-100,request-078,d4745ce8b0076d85ef4bad6643512dad50425d8f61a49108664596ff785caf3e,f4e44e9f9016,2026-09-02T01:38:39.123889581Z,2026-09-02T01:38:48.842386826Z,7964.230773,200,fa5bbaa12602c6803fc911cd560f3cd567585f7b4703499b433ac2343ab380c5,,false,miss
retained-20260902-68135d3ad33f,S1-100-r05,S1-100,request-079,d4745ce8b0076d85ef4bad6643512dad50425d8f61a49108664596ff785caf3e,f4e44e9f9016,2026-09-02T01:38:39.123860545Z,2026-09-02T01:39:12.651148821Z,31773.021806,200,fa5bbaa12602c6803fc911cd560f3cd567585f7b4703499b433ac2343ab380c5,,false,miss
retained-20260902-68135d3ad33f,S1-100-r05,S1-100,request-080,d4745ce8b0076d85ef4bad6643512dad50425d8f61a49108664596ff785caf3e,f4e44e9f9016,2026-09-02T01:38:39.123832523Z,2026-09-02T01:39:02.738216408Z,21860.117415,200,fa5bbaa12602c6803fc911cd560f3cd567585f7b4703499b433ac2343ab380c5,,false,miss
retained-20260902-68135d3ad33f,S1-100-r05,S1-100,request-081,d4745ce8b0076d85ef4bad6643512dad50425d8f61a49108664596ff785caf3e,f4e44e9f9016,2026-09-02T01:38:39.123699121Z,2026-09-02T01:38:54.044879942Z,13166.914357,200,fa5bbaa12602c6803fc911cd560f3cd567585f7b4703499b433ac2343ab380c5,,false,miss
retained-20260902-68135d3ad33f,S1-100-r05,S1-100,request-082,d4745ce8b0076d85ef4bad6643512dad50425d8f61a49108664596ff785caf3e,f4e44e9f9016,2026-09-02T01:38:39.102754998Z,2026-09-02T01:38:59.335575506Z,18478.554032,200,fa5bbaa12602c6803fc911cd560f3cd567585f7b4703499b433ac2343ab380c5,,false,miss
retained-20260902-68135d3ad33f,S1-100-r05,S1-100,request-083,d4745ce8b0076d85ef4bad6643512dad50425d8f61a49108664596ff785caf3e,f4e44e9f9016,2026-09-02T01:38:39.102696468Z,2026-09-02T01:38:58.745971918Z,17889.008978,200,fa5bbaa12602c6803fc911cd560f3cd567585f7b4703499b433ac2343ab380c5,,false,miss
retained-20260902-68135d3ad33f,S1-100-r05,S1-100,request-084,d4745ce8b0076d85ef4bad6643512dad50425d8f61a49108664596ff785caf3e,f4e44e9f9016,2026-09-02T01:38:39.102676371Z,2026-09-02T01:38:58.03457308Z,17177.630239,200,fa5bbaa12602c6803fc911cd560f3cd567585f7b4703499b433ac2343ab380c5,,false,miss
retained-20260902-68135d3ad33f,S1-100-r05,S1-100,request-085,d4745ce8b0076d85ef4bad6643512dad50425d8f61a49108664596ff785caf3e,f4e44e9f9016,2026-09-02T01:38:39.102267366Z,2026-09-02T01:39:06.14925122Z,25292.717380,200,fa5bbaa12602c6803fc911cd560f3cd567585f7b4703499b433ac2343ab380c5,,false,miss
retained-20260902-68135d3ad33f,S1-100-r05,S1-100,request-086,d4745ce8b0076d85ef4bad6643512dad50425d8f61a49108664596ff785caf3e,f4e44e9f9016,2026-09-02T01:38:39.10234292Z,2026-09-02T01:39:00.542319196Z,19685.709807,200,fa5bbaa12602c6803fc911cd560f3cd567585f7b4703499b433ac2343ab380c5,,false,miss
retained-20260902-68135d3ad33f,S1-100-r05,S1-100,request-087,d4745ce8b0076d85ef4bad6643512dad50425d8f61a49108664596ff785caf3e,f4e44e9f9016,2026-09-02T01:38:39.102313129Z,2026-09-02T01:39:03.736475762Z,22879.896159,200,fa5bbaa12602c6803fc911cd560f3cd567585f7b4703499b433ac2343ab380c5,,false,miss
retained-20260902-68135d3ad33f,S1-100-r05,S1-100,request-088,d4745ce8b0076d85ef4bad6643512dad50425d8f61a49108664596ff785caf3e,f4e44e9f9016,2026-09-02T01:38:39.102292523Z,2026-09-02T01:38:57.048060493Z,16191.501499,200,fa5bbaa12602c6803fc911cd560f3cd567585f7b4703499b433ac2343ab380c5,,false,miss
retained-20260902-68135d3ad33f,S1-100-r05,S1-100,request-089,d4745ce8b0076d85ef4bad6643512dad50425d8f61a49108664596ff785caf3e,f4e44e9f9016,2026-09-02T01:38:39.102185091Z,2026-09-02T01:38:44.487717679Z,5385.532583,200,fa5bbaa12602c6803fc911cd560f3cd567585f7b4703499b433ac2343ab380c5,,false,miss
retained-20260902-68135d3ad33f,S1-100-r05,S1-100,request-090,d4745ce8b0076d85ef4bad6643512dad50425d8f61a49108664596ff785caf3e,f4e44e9f9016,2026-09-02T01:38:39.102108929Z,2026-09-02T01:38:40.577185079Z,1475.076152,200,fa5bbaa12602c6803fc911cd560f3cd567585f7b4703499b433ac2343ab380c5,,false,miss
retained-20260902-68135d3ad33f,S1-100-r05,S1-100,request-091,d4745ce8b0076d85ef4bad6643512dad50425d8f61a49108664596ff785caf3e,f4e44e9f9016,2026-09-02T01:38:39.102063286Z,2026-09-02T01:38:55.252582296Z,14396.252532,200,fa5bbaa12602c6803fc911cd560f3cd567585f7b4703499b433ac2343ab380c5,,false,miss
retained-20260902-68135d3ad33f,S1-100-r05,S1-100,request-092,d4745ce8b0076d85ef4bad6643512dad50425d8f61a49108664596ff785caf3e,f4e44e9f9016,2026-09-02T01:38:39.102368521Z,2026-09-02T01:39:06.150599541Z,25293.964543,200,fa5bbaa12602c6803fc911cd560f3cd567585f7b4703499b433ac2343ab380c5,,false,miss
retained-20260902-68135d3ad33f,S1-100-r05,S1-100,request-093,d4745ce8b0076d85ef4bad6643512dad50425d8f61a49108664596ff785caf3e,f4e44e9f9016,2026-09-02T01:38:39.102243187Z,2026-09-02T01:38:56.336148417Z,15479.638755,200,fa5bbaa12602c6803fc911cd560f3cd567585f7b4703499b433ac2343ab380c5,,false,miss
retained-20260902-68135d3ad33f,S1-100-r05,S1-100,request-094,d4745ce8b0076d85ef4bad6643512dad50425d8f61a49108664596ff785caf3e,f4e44e9f9016,2026-09-02T01:38:39.102127205Z,2026-09-02T01:38:44.389404981Z,5287.277776,200,fa5bbaa12602c6803fc911cd560f3cd567585f7b4703499b433ac2343ab380c5,,false,miss
retained-20260902-68135d3ad33f,S1-100-r05,S1-100,request-095,d4745ce8b0076d85ef4bad6643512dad50425d8f61a49108664596ff785caf3e,f4e44e9f9016,2026-09-02T01:38:39.102085364Z,2026-09-02T01:38:40.588979955Z,1486.894591,200,fa5bbaa12602c6803fc911cd560f3cd567585f7b4703499b433ac2343ab380c5,,false,miss
retained-20260902-68135d3ad33f,S1-100-r05,S1-100,request-096,d4745ce8b0076d85ef4bad6643512dad50425d8f61a49108664596ff785caf3e,f4e44e9f9016,2026-09-02T01:38:39.101888201Z,2026-09-02T01:38:43.188651842Z,4086.763648,200,fa5bbaa12602c6803fc911cd560f3cd567585f7b4703499b433ac2343ab380c5,,false,miss
retained-20260902-68135d3ad33f,S1-100-r05,S1-100,request-097,d4745ce8b0076d85ef4bad6643512dad50425d8f61a49108664596ff785caf3e,f4e44e9f9016,2026-09-02T01:38:39.102015242Z,2026-09-02T01:38:40.577079963Z,1475.064716,200,fa5bbaa12602c6803fc911cd560f3cd567585f7b4703499b433ac2343ab380c5,,false,miss
retained-20260902-68135d3ad33f,S1-100-r05,S1-100,request-098,d4745ce8b0076d85ef4bad6643512dad50425d8f61a49108664596ff785caf3e,f4e44e9f9016,2026-09-02T01:38:39.102041242Z,2026-09-02T01:38:43.098442047Z,3996.400810,200,fa5bbaa12602c6803fc911cd560f3cd567585f7b4703499b433ac2343ab380c5,,false,miss
retained-20260902-68135d3ad33f,S1-100-r05,S1-100,request-099,d4745ce8b0076d85ef4bad6643512dad50425d8f61a49108664596ff785caf3e,f4e44e9f9016,2026-09-02T01:38:39.101876429Z,2026-09-02T01:39:04.943842194Z,24087.699294,200,fa5bbaa12602c6803fc911cd560f3cd567585f7b4703499b433ac2343ab380c5,,false,miss
retained-20260902-68135d3ad33f,S1-100-r05,S1-100,request-100,d4745ce8b0076d85ef4bad6643512dad50425d8f61a49108664596ff785caf3e,f4e44e9f9016,2026-09-02T01:38:39.124348999Z,2026-09-02T01:39:04.43988752Z,23561.272044,200,fa5bbaa12602c6803fc911cd560f3cd567585f7b4703499b433ac2343ab380c5,,false,miss
retained-20260902-68135d3ad33f,S0-r06,S0,request-001,d4745ce8b0076d85ef4bad6643512dad50425d8f61a49108664596ff785caf3e,f4e44e9f9016,2026-09-02T01:39:13.121051236Z,2026-09-02T01:39:13.444545417Z,323.494186,200,fa5bbaa12602c6803fc911cd560f3cd567585f7b4703499b433ac2343ab380c5,,false,miss
retained-20260902-68135d3ad33f,S1-10-r06,S1-10,request-001,d4745ce8b0076d85ef4bad6643512dad50425d8f61a49108664596ff785caf3e,f4e44e9f9016,2026-09-02T01:39:13.799898634Z,2026-09-02T01:39:15.137616936Z,1337.718309,200,fa5bbaa12602c6803fc911cd560f3cd567585f7b4703499b433ac2343ab380c5,,false,miss
retained-20260902-68135d3ad33f,S1-10-r06,S1-10,request-002,d4745ce8b0076d85ef4bad6643512dad50425d8f61a49108664596ff785caf3e,f4e44e9f9016,2026-09-02T01:39:13.799877487Z,2026-09-02T01:39:16.444590563Z,2644.713084,200,fa5bbaa12602c6803fc911cd560f3cd567585f7b4703499b433ac2343ab380c5,,false,miss
retained-20260902-68135d3ad33f,S1-10-r06,S1-10,request-003,d4745ce8b0076d85ef4bad6643512dad50425d8f61a49108664596ff785caf3e,f4e44e9f9016,2026-09-02T01:39:13.799856498Z,2026-09-02T01:39:15.048297134Z,1248.440646,200,fa5bbaa12602c6803fc911cd560f3cd567585f7b4703499b433ac2343ab380c5,,false,miss
retained-20260902-68135d3ad33f,S1-10-r06,S1-10,request-004,d4745ce8b0076d85ef4bad6643512dad50425d8f61a49108664596ff785caf3e,f4e44e9f9016,2026-09-02T01:39:13.799822992Z,2026-09-02T01:39:17.659821268Z,3172.687440,200,fa5bbaa12602c6803fc911cd560f3cd567585f7b4703499b433ac2343ab380c5,,false,miss
retained-20260902-68135d3ad33f,S1-10-r06,S1-10,request-005,d4745ce8b0076d85ef4bad6643512dad50425d8f61a49108664596ff785caf3e,f4e44e9f9016,2026-09-02T01:39:13.799814888Z,2026-09-02T01:39:15.048321881Z,1248.506992,200,fa5bbaa12602c6803fc911cd560f3cd567585f7b4703499b433ac2343ab380c5,,false,miss
retained-20260902-68135d3ad33f,S1-10-r06,S1-10,request-006,d4745ce8b0076d85ef4bad6643512dad50425d8f61a49108664596ff785caf3e,f4e44e9f9016,2026-09-02T01:39:13.799971708Z,2026-09-02T01:39:15.230121743Z,1430.150037,200,fa5bbaa12602c6803fc911cd560f3cd567585f7b4703499b433ac2343ab380c5,,false,miss
retained-20260902-68135d3ad33f,S1-10-r06,S1-10,request-007,d4745ce8b0076d85ef4bad6643512dad50425d8f61a49108664596ff785caf3e,f4e44e9f9016,2026-09-02T01:39:13.799940559Z,2026-09-02T01:39:16.245716584Z,2445.776028,200,fa5bbaa12602c6803fc911cd560f3cd567585f7b4703499b433ac2343ab380c5,,false,miss
retained-20260902-68135d3ad33f,S1-10-r06,S1-10,request-008,d4745ce8b0076d85ef4bad6643512dad50425d8f61a49108664596ff785caf3e,f4e44e9f9016,2026-09-02T01:39:13.799919398Z,2026-09-02T01:39:16.341199039Z,2541.279646,200,fa5bbaa12602c6803fc911cd560f3cd567585f7b4703499b433ac2343ab380c5,,false,miss
retained-20260902-68135d3ad33f,S1-10-r06,S1-10,request-009,d4745ce8b0076d85ef4bad6643512dad50425d8f61a49108664596ff785caf3e,f4e44e9f9016,2026-09-02T01:39:13.799895242Z,2026-09-02T01:39:17.656553232Z,3169.347162,200,fa5bbaa12602c6803fc911cd560f3cd567585f7b4703499b433ac2343ab380c5,,false,miss
retained-20260902-68135d3ad33f,S1-10-r06,S1-10,request-010,d4745ce8b0076d85ef4bad6643512dad50425d8f61a49108664596ff785caf3e,f4e44e9f9016,2026-09-02T01:39:13.799697001Z,2026-09-02T01:39:16.350729703Z,2551.032703,200,fa5bbaa12602c6803fc911cd560f3cd567585f7b4703499b433ac2343ab380c5,,false,miss
retained-20260902-68135d3ad33f,S2-10-r06,S2-10,request-001,d4745ce8b0076d85ef4bad6643512dad50425d8f61a49108664596ff785caf3e,f4e44e9f9016,2026-09-02T01:39:18.095260817Z,2026-09-02T01:39:18.416788185Z,321.527366,200,fa5bbaa12602c6803fc911cd560f3cd567585f7b4703499b433ac2343ab380c5,,true,miss
retained-20260902-68135d3ad33f,S2-10-r06,S2-10,request-002,d4745ce8b0076d85ef4bad6643512dad50425d8f61a49108664596ff785caf3e,f4e44e9f9016,2026-09-02T01:39:18.095240199Z,2026-09-02T01:39:18.416730864Z,321.490668,200,fa5bbaa12602c6803fc911cd560f3cd567585f7b4703499b433ac2343ab380c5,,true,miss
retained-20260902-68135d3ad33f,S2-10-r06,S2-10,request-003,d4745ce8b0076d85ef4bad6643512dad50425d8f61a49108664596ff785caf3e,f4e44e9f9016,2026-09-02T01:39:18.095193169Z,2026-09-02T01:39:18.416714536Z,321.521372,200,fa5bbaa12602c6803fc911cd560f3cd567585f7b4703499b433ac2343ab380c5,,true,miss
retained-20260902-68135d3ad33f,S2-10-r06,S2-10,request-004,d4745ce8b0076d85ef4bad6643512dad50425d8f61a49108664596ff785caf3e,f4e44e9f9016,2026-09-02T01:39:18.095310996Z,2026-09-02T01:39:18.4166299Z,321.318908,200,fa5bbaa12602c6803fc911cd560f3cd567585f7b4703499b433ac2343ab380c5,,false,miss
retained-20260902-68135d3ad33f,S2-10-r06,S2-10,request-005,d4745ce8b0076d85ef4bad6643512dad50425d8f61a49108664596ff785caf3e,f4e44e9f9016,2026-09-02T01:39:18.095269322Z,2026-09-02T01:39:18.416845134Z,321.575810,200,fa5bbaa12602c6803fc911cd560f3cd567585f7b4703499b433ac2343ab380c5,,true,miss
retained-20260902-68135d3ad33f,S2-10-r06,S2-10,request-006,d4745ce8b0076d85ef4bad6643512dad50425d8f61a49108664596ff785caf3e,f4e44e9f9016,2026-09-02T01:39:18.095233652Z,2026-09-02T01:39:18.416831121Z,321.597465,200,fa5bbaa12602c6803fc911cd560f3cd567585f7b4703499b433ac2343ab380c5,,true,miss
retained-20260902-68135d3ad33f,S2-10-r06,S2-10,request-007,d4745ce8b0076d85ef4bad6643512dad50425d8f61a49108664596ff785caf3e,f4e44e9f9016,2026-09-02T01:39:18.095196299Z,2026-09-02T01:39:18.416902262Z,321.705964,200,fa5bbaa12602c6803fc911cd560f3cd567585f7b4703499b433ac2343ab380c5,,true,miss
retained-20260902-68135d3ad33f,S2-10-r06,S2-10,request-008,d4745ce8b0076d85ef4bad6643512dad50425d8f61a49108664596ff785caf3e,f4e44e9f9016,2026-09-02T01:39:18.09511861Z,2026-09-02T01:39:18.416671579Z,321.552963,200,fa5bbaa12602c6803fc911cd560f3cd567585f7b4703499b433ac2343ab380c5,,true,miss
retained-20260902-68135d3ad33f,S2-10-r06,S2-10,request-009,d4745ce8b0076d85ef4bad6643512dad50425d8f61a49108664596ff785caf3e,f4e44e9f9016,2026-09-02T01:39:18.095287677Z,2026-09-02T01:39:18.416883281Z,321.595611,200,fa5bbaa12602c6803fc911cd560f3cd567585f7b4703499b433ac2343ab380c5,,true,miss
retained-20260902-68135d3ad33f,S2-10-r06,S2-10,request-010,d4745ce8b0076d85ef4bad6643512dad50425d8f61a49108664596ff785caf3e,f4e44e9f9016,2026-09-02T01:39:18.095064792Z,2026-09-02T01:39:18.416777714Z,321.712921,200,fa5bbaa12602c6803fc911cd560f3cd567585f7b4703499b433ac2343ab380c5,,true,miss
retained-20260902-68135d3ad33f,S2-50-r06,S2-50,request-001,d4745ce8b0076d85ef4bad6643512dad50425d8f61a49108664596ff785caf3e,f4e44e9f9016,2026-09-02T01:39:18.739001709Z,2026-09-02T01:39:19.076482294Z,337.480590,200,fa5bbaa12602c6803fc911cd560f3cd567585f7b4703499b433ac2343ab380c5,,true,miss
retained-20260902-68135d3ad33f,S2-50-r06,S2-50,request-002,d4745ce8b0076d85ef4bad6643512dad50425d8f61a49108664596ff785caf3e,f4e44e9f9016,2026-09-02T01:39:18.738979284Z,2026-09-02T01:39:19.07594787Z,336.968593,200,fa5bbaa12602c6803fc911cd560f3cd567585f7b4703499b433ac2343ab380c5,,true,miss
retained-20260902-68135d3ad33f,S2-50-r06,S2-50,request-003,d4745ce8b0076d85ef4bad6643512dad50425d8f61a49108664596ff785caf3e,f4e44e9f9016,2026-09-02T01:39:18.739030219Z,2026-09-02T01:39:19.077484598Z,338.454381,200,fa5bbaa12602c6803fc911cd560f3cd567585f7b4703499b433ac2343ab380c5,,true,miss
retained-20260902-68135d3ad33f,S2-50-r06,S2-50,request-004,d4745ce8b0076d85ef4bad6643512dad50425d8f61a49108664596ff785caf3e,f4e44e9f9016,2026-09-02T01:39:18.738957281Z,2026-09-02T01:39:19.076734588Z,337.777306,200,fa5bbaa12602c6803fc911cd560f3cd567585f7b4703499b433ac2343ab380c5,,true,miss
retained-20260902-68135d3ad33f,S2-50-r06,S2-50,request-005,d4745ce8b0076d85ef4bad6643512dad50425d8f61a49108664596ff785caf3e,f4e44e9f9016,2026-09-02T01:39:18.738933262Z,2026-09-02T01:39:19.075471568Z,336.538309,200,fa5bbaa12602c6803fc911cd560f3cd567585f7b4703499b433ac2343ab380c5,,false,miss
retained-20260902-68135d3ad33f,S2-50-r06,S2-50,request-006,d4745ce8b0076d85ef4bad6643512dad50425d8f61a49108664596ff785caf3e,f4e44e9f9016,2026-09-02T01:39:18.738802399Z,2026-09-02T01:39:19.07715334Z,338.350940,200,fa5bbaa12602c6803fc911cd560f3cd567585f7b4703499b433ac2343ab380c5,,true,miss
retained-20260902-68135d3ad33f,S2-50-r06,S2-50,request-007,d4745ce8b0076d85ef4bad6643512dad50425d8f61a49108664596ff785caf3e,f4e44e9f9016,2026-09-02T01:39:18.739522692Z,2026-09-02T01:39:19.076279796Z,336.757115,200,fa5bbaa12602c6803fc911cd560f3cd567585f7b4703499b433ac2343ab380c5,,true,miss
retained-20260902-68135d3ad33f,S2-50-r06,S2-50,request-008,d4745ce8b0076d85ef4bad6643512dad50425d8f61a49108664596ff785caf3e,f4e44e9f9016,2026-09-02T01:39:18.739494963Z,2026-09-02T01:39:19.076127791Z,336.632833,200,fa5bbaa12602c6803fc911cd560f3cd567585f7b4703499b433ac2343ab380c5,,true,miss
retained-20260902-68135d3ad33f,S2-50-r06,S2-50,request-009,d4745ce8b0076d85ef4bad6643512dad50425d8f61a49108664596ff785caf3e,f4e44e9f9016,2026-09-02T01:39:18.739474705Z,2026-09-02T01:39:19.075892195Z,336.417490,200,fa5bbaa12602c6803fc911cd560f3cd567585f7b4703499b433ac2343ab380c5,,true,miss
retained-20260902-68135d3ad33f,S2-50-r06,S2-50,request-010,d4745ce8b0076d85ef4bad6643512dad50425d8f61a49108664596ff785caf3e,f4e44e9f9016,2026-09-02T01:39:18.739455395Z,2026-09-02T01:39:19.07567251Z,336.217115,200,fa5bbaa12602c6803fc911cd560f3cd567585f7b4703499b433ac2343ab380c5,,true,miss
retained-20260902-68135d3ad33f,S2-50-r06,S2-50,request-011,d4745ce8b0076d85ef4bad6643512dad50425d8f61a49108664596ff785caf3e,f4e44e9f9016,2026-09-02T01:39:18.739419302Z,2026-09-02T01:39:19.075558626Z,336.139332,200,fa5bbaa12602c6803fc911cd560f3cd567585f7b4703499b433ac2343ab380c5,,true,miss
retained-20260902-68135d3ad33f,S2-50-r06,S2-50,request-012,d4745ce8b0076d85ef4bad6643512dad50425d8f61a49108664596ff785caf3e,f4e44e9f9016,2026-09-02T01:39:18.739405363Z,2026-09-02T01:39:19.078043785Z,338.638422,200,fa5bbaa12602c6803fc911cd560f3cd567585f7b4703499b433ac2343ab380c5,,true,miss
retained-20260902-68135d3ad33f,S2-50-r06,S2-50,request-013,d4745ce8b0076d85ef4bad6643512dad50425d8f61a49108664596ff785caf3e,f4e44e9f9016,2026-09-02T01:39:18.739383281Z,2026-09-02T01:39:19.077455922Z,338.072649,200,fa5bbaa12602c6803fc911cd560f3cd567585f7b4703499b433ac2343ab380c5,,true,miss
retained-20260902-68135d3ad33f,S2-50-r06,S2-50,request-014,d4745ce8b0076d85ef4bad6643512dad50425d8f61a49108664596ff785caf3e,f4e44e9f9016,2026-09-02T01:39:18.739366131Z,2026-09-02T01:39:19.077124612Z,337.758486,200,fa5bbaa12602c6803fc911cd560f3cd567585f7b4703499b433ac2343ab380c5,,true,miss
retained-20260902-68135d3ad33f,S2-50-r06,S2-50,request-015,d4745ce8b0076d85ef4bad6643512dad50425d8f61a49108664596ff785caf3e,f4e44e9f9016,2026-09-02T01:39:18.739348318Z,2026-09-02T01:39:19.076184709Z,336.836394,200,fa5bbaa12602c6803fc911cd560f3cd567585f7b4703499b433ac2343ab380c5,,true,miss
retained-20260902-68135d3ad33f,S2-50-r06,S2-50,request-016,d4745ce8b0076d85ef4bad6643512dad50425d8f61a49108664596ff785caf3e,f4e44e9f9016,2026-09-02T01:39:18.739328467Z,2026-09-02T01:39:19.078115352Z,338.786888,200,fa5bbaa12602c6803fc911cd560f3cd567585f7b4703499b433ac2343ab380c5,,true,miss
retained-20260902-68135d3ad33f,S2-50-r06,S2-50,request-017,d4745ce8b0076d85ef4bad6643512dad50425d8f61a49108664596ff785caf3e,f4e44e9f9016,2026-09-02T01:39:18.739297647Z,2026-09-02T01:39:19.077627238Z,338.329599,200,fa5bbaa12602c6803fc911cd560f3cd567585f7b4703499b433ac2343ab380c5,,true,miss
retained-20260902-68135d3ad33f,S2-50-r06,S2-50,request-018,d4745ce8b0076d85ef4bad6643512dad50425d8f61a49108664596ff785caf3e,f4e44e9f9016,2026-09-02T01:39:18.739273149Z,2026-09-02T01:39:19.077874684Z,338.601541,200,fa5bbaa12602c6803fc911cd560f3cd567585f7b4703499b433ac2343ab380c5,,true,miss
retained-20260902-68135d3ad33f,S2-50-r06,S2-50,request-019,d4745ce8b0076d85ef4bad6643512dad50425d8f61a49108664596ff785caf3e,f4e44e9f9016,2026-09-02T01:39:18.739248337Z,2026-09-02T01:39:19.07729592Z,338.047578,200,fa5bbaa12602c6803fc911cd560f3cd567585f7b4703499b433ac2343ab380c5,,true,miss
retained-20260902-68135d3ad33f,S2-50-r06,S2-50,request-020,d4745ce8b0076d85ef4bad6643512dad50425d8f61a49108664596ff785caf3e,f4e44e9f9016,2026-09-02T01:39:18.73920929Z,2026-09-02T01:39:19.076766972Z,337.557681,200,fa5bbaa12602c6803fc911cd560f3cd567585f7b4703499b433ac2343ab380c5,,true,miss
retained-20260902-68135d3ad33f,S2-50-r06,S2-50,request-021,d4745ce8b0076d85ef4bad6643512dad50425d8f61a49108664596ff785caf3e,f4e44e9f9016,2026-09-02T01:39:18.739163164Z,2026-09-02T01:39:19.076103913Z,336.940749,200,fa5bbaa12602c6803fc911cd560f3cd567585f7b4703499b433ac2343ab380c5,,true,miss
retained-20260902-68135d3ad33f,S2-50-r06,S2-50,request-022,d4745ce8b0076d85ef4bad6643512dad50425d8f61a49108664596ff785caf3e,f4e44e9f9016,2026-09-02T01:39:18.739142758Z,2026-09-02T01:39:19.075621272Z,336.478517,200,fa5bbaa12602c6803fc911cd560f3cd567585f7b4703499b433ac2343ab380c5,,true,miss
retained-20260902-68135d3ad33f,S2-50-r06,S2-50,request-023,d4745ce8b0076d85ef4bad6643512dad50425d8f61a49108664596ff785caf3e,f4e44e9f9016,2026-09-02T01:39:18.739120972Z,2026-09-02T01:39:19.077274166Z,338.153194,200,fa5bbaa12602c6803fc911cd560f3cd567585f7b4703499b433ac2343ab380c5,,true,miss
retained-20260902-68135d3ad33f,S2-50-r06,S2-50,request-024,d4745ce8b0076d85ef4bad6643512dad50425d8f61a49108664596ff785caf3e,f4e44e9f9016,2026-09-02T01:39:18.73908892Z,2026-09-02T01:39:19.076032699Z,336.943786,200,fa5bbaa12602c6803fc911cd560f3cd567585f7b4703499b433ac2343ab380c5,,true,miss
retained-20260902-68135d3ad33f,S2-50-r06,S2-50,request-025,d4745ce8b0076d85ef4bad6643512dad50425d8f61a49108664596ff785caf3e,f4e44e9f9016,2026-09-02T01:39:18.73906477Z,2026-09-02T01:39:19.075686973Z,336.622206,200,fa5bbaa12602c6803fc911cd560f3cd567585f7b4703499b433ac2343ab380c5,,true,miss
retained-20260902-68135d3ad33f,S2-50-r06,S2-50,request-026,d4745ce8b0076d85ef4bad6643512dad50425d8f61a49108664596ff785caf3e,f4e44e9f9016,2026-09-02T01:39:18.739004711Z,2026-09-02T01:39:19.077047116Z,338.042410,200,fa5bbaa12602c6803fc911cd560f3cd567585f7b4703499b433ac2343ab380c5,,true,miss
retained-20260902-68135d3ad33f,S2-50-r06,S2-50,request-027,d4745ce8b0076d85ef4bad6643512dad50425d8f61a49108664596ff785caf3e,f4e44e9f9016,2026-09-02T01:39:18.738984698Z,2026-09-02T01:39:19.076203754Z,337.219063,200,fa5bbaa12602c6803fc911cd560f3cd567585f7b4703499b433ac2343ab380c5,,true,miss
retained-20260902-68135d3ad33f,S2-50-r06,S2-50,request-028,d4745ce8b0076d85ef4bad6643512dad50425d8f61a49108664596ff785caf3e,f4e44e9f9016,2026-09-02T01:39:18.738957628Z,2026-09-02T01:39:19.077779884Z,338.822262,200,fa5bbaa12602c6803fc911cd560f3cd567585f7b4703499b433ac2343ab380c5,,true,miss
retained-20260902-68135d3ad33f,S2-50-r06,S2-50,request-029,d4745ce8b0076d85ef4bad6643512dad50425d8f61a49108664596ff785caf3e,f4e44e9f9016,2026-09-02T01:39:18.738924878Z,2026-09-02T01:39:19.076052163Z,337.127292,200,fa5bbaa12602c6803fc911cd560f3cd567585f7b4703499b433ac2343ab380c5,,true,miss
retained-20260902-68135d3ad33f,S2-50-r06,S2-50,request-030,d4745ce8b0076d85ef4bad6643512dad50425d8f61a49108664596ff785caf3e,f4e44e9f9016,2026-09-02T01:39:18.738852299Z,2026-09-02T01:39:19.075726633Z,336.874335,200,fa5bbaa12602c6803fc911cd560f3cd567585f7b4703499b433ac2343ab380c5,,true,miss
retained-20260902-68135d3ad33f,S2-50-r06,S2-50,request-031,d4745ce8b0076d85ef4bad6643512dad50425d8f61a49108664596ff785caf3e,f4e44e9f9016,2026-09-02T01:39:18.739493902Z,2026-09-02T01:39:19.075998087Z,336.504186,200,fa5bbaa12602c6803fc911cd560f3cd567585f7b4703499b433ac2343ab380c5,,true,miss
retained-20260902-68135d3ad33f,S2-50-r06,S2-50,request-032,d4745ce8b0076d85ef4bad6643512dad50425d8f61a49108664596ff785caf3e,f4e44e9f9016,2026-09-02T01:39:18.739471052Z,2026-09-02T01:39:19.075779658Z,336.308613,200,fa5bbaa12602c6803fc911cd560f3cd567585f7b4703499b433ac2343ab380c5,,true,miss
retained-20260902-68135d3ad33f,S2-50-r06,S2-50,request-033,d4745ce8b0076d85ef4bad6643512dad50425d8f61a49108664596ff785caf3e,f4e44e9f9016,2026-09-02T01:39:18.739446001Z,2026-09-02T01:39:19.075626138Z,336.180143,200,fa5bbaa12602c6803fc911cd560f3cd567585f7b4703499b433ac2343ab380c5,,true,miss
retained-20260902-68135d3ad33f,S2-50-r06,S2-50,request-034,d4745ce8b0076d85ef4bad6643512dad50425d8f61a49108664596ff785caf3e,f4e44e9f9016,2026-09-02T01:39:18.739421569Z,2026-09-02T01:39:19.078167188Z,338.745620,200,fa5bbaa12602c6803fc911cd560f3cd567585f7b4703499b433ac2343ab380c5,,true,miss
retained-20260902-68135d3ad33f,S2-50-r06,S2-50,request-035,d4745ce8b0076d85ef4bad6643512dad50425d8f61a49108664596ff785caf3e,f4e44e9f9016,2026-09-02T01:39:18.739404327Z,2026-09-02T01:39:19.077970021Z,338.565693,200,fa5bbaa12602c6803fc911cd560f3cd567585f7b4703499b433ac2343ab380c5,,true,miss
retained-20260902-68135d3ad33f,S2-50-r06,S2-50,request-036,d4745ce8b0076d85ef4bad6643512dad50425d8f61a49108664596ff785caf3e,f4e44e9f9016,2026-09-02T01:39:18.739379463Z,2026-09-02T01:39:19.077243274Z,337.863813,200,fa5bbaa12602c6803fc911cd560f3cd567585f7b4703499b433ac2343ab380c5,,true,miss
retained-20260902-68135d3ad33f,S2-50-r06,S2-50,request-037,d4745ce8b0076d85ef4bad6643512dad50425d8f61a49108664596ff785caf3e,f4e44e9f9016,2026-09-02T01:39:18.739358819Z,2026-09-02T01:39:19.076344418Z,336.985598,200,fa5bbaa12602c6803fc911cd560f3cd567585f7b4703499b433ac2343ab380c5,,true,miss
retained-20260902-68135d3ad33f,S2-50-r06,S2-50,request-038,d4745ce8b0076d85ef4bad6643512dad50425d8f61a49108664596ff785caf3e,f4e44e9f9016,2026-09-02T01:39:18.7393342Z,2026-09-02T01:39:19.075812932Z,336.478728,200,fa5bbaa12602c6803fc911cd560f3cd567585f7b4703499b433ac2343ab380c5,,true,miss
retained-20260902-68135d3ad33f,S2-50-r06,S2-50,request-039,d4745ce8b0076d85ef4bad6643512dad50425d8f61a49108664596ff785caf3e,f4e44e9f9016,2026-09-02T01:39:18.739280787Z,2026-09-02T01:39:19.078223672Z,338.942884,200,fa5bbaa12602c6803fc911cd560f3cd567585f7b4703499b433ac2343ab380c5,,true,miss
retained-20260902-68135d3ad33f,S2-50-r06,S2-50,request-040,d4745ce8b0076d85ef4bad6643512dad50425d8f61a49108664596ff785caf3e,f4e44e9f9016,2026-09-02T01:39:18.739261004Z,2026-09-02T01:39:19.076260386Z,336.999383,200,fa5bbaa12602c6803fc911cd560f3cd567585f7b4703499b433ac2343ab380c5,,true,miss
retained-20260902-68135d3ad33f,S2-50-r06,S2-50,request-041,d4745ce8b0076d85ef4bad6643512dad50425d8f61a49108664596ff785caf3e,f4e44e9f9016,2026-09-02T01:39:18.739243404Z,2026-09-02T01:39:19.077192448Z,337.949046,200,fa5bbaa12602c6803fc911cd560f3cd567585f7b4703499b433ac2343ab380c5,,true,miss
retained-20260902-68135d3ad33f,S2-50-r06,S2-50,request-042,d4745ce8b0076d85ef4bad6643512dad50425d8f61a49108664596ff785caf3e,f4e44e9f9016,2026-09-02T01:39:18.739207156Z,2026-09-02T01:39:19.077840471Z,338.633325,200,fa5bbaa12602c6803fc911cd560f3cd567585f7b4703499b433ac2343ab380c5,,true,miss
retained-20260902-68135d3ad33f,S2-50-r06,S2-50,request-043,d4745ce8b0076d85ef4bad6643512dad50425d8f61a49108664596ff785caf3e,f4e44e9f9016,2026-09-02T01:39:18.739184819Z,2026-09-02T01:39:19.075980243Z,336.795429,200,fa5bbaa12602c6803fc911cd560f3cd567585f7b4703499b433ac2343ab380c5,,true,miss
retained-20260902-68135d3ad33f,S2-50-r06,S2-50,request-044,d4745ce8b0076d85ef4bad6643512dad50425d8f61a49108664596ff785caf3e,f4e44e9f9016,2026-09-02T01:39:18.739163789Z,2026-09-02T01:39:19.075870262Z,336.706479,200,fa5bbaa12602c6803fc911cd560f3cd567585f7b4703499b433ac2343ab380c5,,true,miss
retained-20260902-68135d3ad33f,S2-50-r06,S2-50,request-045,d4745ce8b0076d85ef4bad6643512dad50425d8f61a49108664596ff785caf3e,f4e44e9f9016,2026-09-02T01:39:18.739143476Z,2026-09-02T01:39:19.075747724Z,336.604258,200,fa5bbaa12602c6803fc911cd560f3cd567585f7b4703499b433ac2343ab380c5,,true,miss
retained-20260902-68135d3ad33f,S2-50-r06,S2-50,request-046,d4745ce8b0076d85ef4bad6643512dad50425d8f61a49108664596ff785caf3e,f4e44e9f9016,2026-09-02T01:39:18.739123661Z,2026-09-02T01:39:19.077902544Z,338.778883,200,fa5bbaa12602c6803fc911cd560f3cd567585f7b4703499b433ac2343ab380c5,,true,miss
retained-20260902-68135d3ad33f,S2-50-r06,S2-50,request-047,d4745ce8b0076d85ef4bad6643512dad50425d8f61a49108664596ff785caf3e,f4e44e9f9016,2026-09-02T01:39:18.739094251Z,2026-09-02T01:39:19.077217253Z,338.123003,200,fa5bbaa12602c6803fc911cd560f3cd567585f7b4703499b433ac2343ab380c5,,true,miss
retained-20260902-68135d3ad33f,S2-50-r06,S2-50,request-048,d4745ce8b0076d85ef4bad6643512dad50425d8f61a49108664596ff785caf3e,f4e44e9f9016,2026-09-02T01:39:18.739076429Z,2026-09-02T01:39:19.075928446Z,336.852019,200,fa5bbaa12602c6803fc911cd560f3cd567585f7b4703499b433ac2343ab380c5,,true,miss
retained-20260902-68135d3ad33f,S2-50-r06,S2-50,request-049,d4745ce8b0076d85ef4bad6643512dad50425d8f61a49108664596ff785caf3e,f4e44e9f9016,2026-09-02T01:39:18.739056967Z,2026-09-02T01:39:19.077651573Z,338.594614,200,fa5bbaa12602c6803fc911cd560f3cd567585f7b4703499b433ac2343ab380c5,,true,miss
retained-20260902-68135d3ad33f,S2-50-r06,S2-50,request-050,d4745ce8b0076d85ef4bad6643512dad50425d8f61a49108664596ff785caf3e,f4e44e9f9016,2026-09-02T01:39:18.73954257Z,2026-09-02T01:39:19.075841248Z,336.298680,200,fa5bbaa12602c6803fc911cd560f3cd567585f7b4703499b433ac2343ab380c5,,true,miss
retained-20260902-68135d3ad33f,S1-50-r06,S1-50,request-001,d4745ce8b0076d85ef4bad6643512dad50425d8f61a49108664596ff785caf3e,f4e44e9f9016,2026-09-02T01:39:19.400223596Z,2026-09-02T01:39:20.732964029Z,1332.740441,200,fa5bbaa12602c6803fc911cd560f3cd567585f7b4703499b433ac2343ab380c5,,false,miss
retained-20260902-68135d3ad33f,S1-50-r06,S1-50,request-002,d4745ce8b0076d85ef4bad6643512dad50425d8f61a49108664596ff785caf3e,f4e44e9f9016,2026-09-02T01:39:19.40019721Z,2026-09-02T01:39:26.037224592Z,6637.027389,200,fa5bbaa12602c6803fc911cd560f3cd567585f7b4703499b433ac2343ab380c5,,false,miss
retained-20260902-68135d3ad33f,S1-50-r06,S1-50,request-003,d4745ce8b0076d85ef4bad6643512dad50425d8f61a49108664596ff785caf3e,f4e44e9f9016,2026-09-02T01:39:19.400252834Z,2026-09-02T01:39:21.930898416Z,2530.645588,200,fa5bbaa12602c6803fc911cd560f3cd567585f7b4703499b433ac2343ab380c5,,false,miss
retained-20260902-68135d3ad33f,S1-50-r06,S1-50,request-004,d4745ce8b0076d85ef4bad6643512dad50425d8f61a49108664596ff785caf3e,f4e44e9f9016,2026-09-02T01:39:19.400173378Z,2026-09-02T01:39:20.723298488Z,1323.125120,200,fa5bbaa12602c6803fc911cd560f3cd567585f7b4703499b433ac2343ab380c5,,false,miss
retained-20260902-68135d3ad33f,S1-50-r06,S1-50,request-005,d4745ce8b0076d85ef4bad6643512dad50425d8f61a49108664596ff785caf3e,f4e44e9f9016,2026-09-02T01:39:19.400141986Z,2026-09-02T01:39:22.116598305Z,2716.456321,200,fa5bbaa12602c6803fc911cd560f3cd567585f7b4703499b433ac2343ab380c5,,false,miss
retained-20260902-68135d3ad33f,S1-50-r06,S1-50,request-006,d4745ce8b0076d85ef4bad6643512dad50425d8f61a49108664596ff785caf3e,f4e44e9f9016,2026-09-02T01:39:19.400003004Z,2026-09-02T01:39:36.384414333Z,15120.646804,200,fa5bbaa12602c6803fc911cd560f3cd567585f7b4703499b433ac2343ab380c5,,false,miss
retained-20260902-68135d3ad33f,S1-50-r06,S1-50,request-007,d4745ce8b0076d85ef4bad6643512dad50425d8f61a49108664596ff785caf3e,f4e44e9f9016,2026-09-02T01:39:19.400577967Z,2026-09-02T01:39:36.296634615Z,15032.292130,200,fa5bbaa12602c6803fc911cd560f3cd567585f7b4703499b433ac2343ab380c5,,false,miss
retained-20260902-68135d3ad33f,S1-50-r06,S1-50,request-008,d4745ce8b0076d85ef4bad6643512dad50425d8f61a49108664596ff785caf3e,f4e44e9f9016,2026-09-02T01:39:19.400561974Z,2026-09-02T01:39:29.917924688Z,10517.362720,200,fa5bbaa12602c6803fc911cd560f3cd567585f7b4703499b433ac2343ab380c5,,false,miss
retained-20260902-68135d3ad33f,S1-50-r06,S1-50,request-009,d4745ce8b0076d85ef4bad6643512dad50425d8f61a49108664596ff785caf3e,f4e44e9f9016,2026-09-02T01:39:19.400539892Z,2026-09-02T01:39:28.533314038Z,9132.774153,200,fa5bbaa12602c6803fc911cd560f3cd567585f7b4703499b433ac2343ab380c5,,false,miss
retained-20260902-68135d3ad33f,S1-50-r06,S1-50,request-010,d4745ce8b0076d85ef4bad6643512dad50425d8f61a49108664596ff785caf3e,f4e44e9f9016,2026-09-02T01:39:19.400522569Z,2026-09-02T01:39:28.237367147Z,8836.844586,200,fa5bbaa12602c6803fc911cd560f3cd567585f7b4703499b433ac2343ab380c5,,false,miss
retained-20260902-68135d3ad33f,S1-50-r06,S1-50,request-011,d4745ce8b0076d85ef4bad6643512dad50425d8f61a49108664596ff785caf3e,f4e44e9f9016,2026-09-02T01:39:19.400504789Z,2026-09-02T01:39:27.233221807Z,7832.717025,200,fa5bbaa12602c6803fc911cd560f3cd567585f7b4703499b433ac2343ab380c5,,false,miss
retained-20260902-68135d3ad33f,S1-50-r06,S1-50,request-012,d4745ce8b0076d85ef4bad6643512dad50425d8f61a49108664596ff785caf3e,f4e44e9f9016,2026-09-02T01:39:19.400488874Z,2026-09-02T01:39:27.12947678Z,7728.987910,200,fa5bbaa12602c6803fc911cd560f3cd567585f7b4703499b433ac2343ab380c5,,false,miss
retained-20260902-68135d3ad33f,S1-50-r06,S1-50,request-013,d4745ce8b0076d85ef4bad6643512dad50425d8f61a49108664596ff785caf3e,f4e44e9f9016,2026-09-02T01:39:19.400466823Z,2026-09-02T01:39:27.83275847Z,8432.291669,200,fa5bbaa12602c6803fc911cd560f3cd567585f7b4703499b433ac2343ab380c5,,false,miss
retained-20260902-68135d3ad33f,S1-50-r06,S1-50,request-014,d4745ce8b0076d85ef4bad6643512dad50425d8f61a49108664596ff785caf3e,f4e44e9f9016,2026-09-02T01:39:19.400440663Z,2026-09-02T01:39:28.330714728Z,8930.274072,200,fa5bbaa12602c6803fc911cd560f3cd567585f7b4703499b433ac2343ab380c5,,false,miss
retained-20260902-68135d3ad33f,S1-50-r06,S1-50,request-015,d4745ce8b0076d85ef4bad6643512dad50425d8f61a49108664596ff785caf3e,f4e44e9f9016,2026-09-02T01:39:19.400418765Z,2026-09-02T01:39:24.638354845Z,5237.936076,200,fa5bbaa12602c6803fc911cd560f3cd567585f7b4703499b433ac2343ab380c5,,false,miss
retained-20260902-68135d3ad33f,S1-50-r06,S1-50,request-016,d4745ce8b0076d85ef4bad6643512dad50425d8f61a49108664596ff785caf3e,f4e44e9f9016,2026-09-02T01:39:19.400402893Z,2026-09-02T01:39:24.325967917Z,4925.565020,200,fa5bbaa12602c6803fc911cd560f3cd567585f7b4703499b433ac2343ab380c5,,false,miss
retained-20260902-68135d3ad33f,S1-50-r06,S1-50,request-017,d4745ce8b0076d85ef4bad6643512dad50425d8f61a49108664596ff785caf3e,f4e44e9f9016,2026-09-02T01:39:19.400369508Z,2026-09-02T01:39:35.081447164Z,13817.313137,200,fa5bbaa12602c6803fc911cd560f3cd567585f7b4703499b433ac2343ab380c5,,false,miss
retained-20260902-68135d3ad33f,S1-50-r06,S1-50,request-018,d4745ce8b0076d85ef4bad6643512dad50425d8f61a49108664596ff785caf3e,f4e44e9f9016,2026-09-02T01:39:19.400347884Z,2026-09-02T01:39:25.825098385Z,6424.750508,200,fa5bbaa12602c6803fc911cd560f3cd567585f7b4703499b433ac2343ab380c5,,false,miss
retained-20260902-68135d3ad33f,S1-50-r06,S1-50,request-019,d4745ce8b0076d85ef4bad6643512dad50425d8f61a49108664596ff785caf3e,f4e44e9f9016,2026-09-02T01:39:19.400323172Z,2026-09-02T01:39:25.921593819Z,6521.270648,200,fa5bbaa12602c6803fc911cd560f3cd567585f7b4703499b433ac2343ab380c5,,false,miss
retained-20260902-68135d3ad33f,S1-50-r06,S1-50,request-020,d4745ce8b0076d85ef4bad6643512dad50425d8f61a49108664596ff785caf3e,f4e44e9f9016,2026-09-02T01:39:19.400300946Z,2026-09-02T01:39:32.627327023Z,13227.026077,200,fa5bbaa12602c6803fc911cd560f3cd567585f7b4703499b433ac2343ab380c5,,false,miss
retained-20260902-68135d3ad33f,S1-50-r06,S1-50,request-021,d4745ce8b0076d85ef4bad6643512dad50425d8f61a49108664596ff785caf3e,f4e44e9f9016,2026-09-02T01:39:19.400272367Z,2026-09-02T01:39:24.728448347Z,5328.175985,200,fa5bbaa12602c6803fc911cd560f3cd567585f7b4703499b433ac2343ab380c5,,false,miss
retained-20260902-68135d3ad33f,S1-50-r06,S1-50,request-022,d4745ce8b0076d85ef4bad6643512dad50425d8f61a49108664596ff785caf3e,f4e44e9f9016,2026-09-02T01:39:19.400254065Z,2026-09-02T01:39:23.326314052Z,3926.059990,200,fa5bbaa12602c6803fc911cd560f3cd567585f7b4703499b433ac2343ab380c5,,false,miss
retained-20260902-68135d3ad33f,S1-50-r06,S1-50,request-023,d4745ce8b0076d85ef4bad6643512dad50425d8f61a49108664596ff785caf3e,f4e44e9f9016,2026-09-02T01:39:19.400218559Z,2026-09-02T01:39:20.834134836Z,1433.916279,200,fa5bbaa12602c6803fc911cd560f3cd567585f7b4703499b433ac2343ab380c5,,false,miss
retained-20260902-68135d3ad33f,S1-50-r06,S1-50,request-024,d4745ce8b0076d85ef4bad6643512dad50425d8f61a49108664596ff785caf3e,f4e44e9f9016,2026-09-02T01:39:19.400200211Z,2026-09-02T01:39:23.430327234Z,4030.127023,200,fa5bbaa12602c6803fc911cd560f3cd567585f7b4703499b433ac2343ab380c5,,false,miss
retained-20260902-68135d3ad33f,S1-50-r06,S1-50,request-025,d4745ce8b0076d85ef4bad6643512dad50425d8f61a49108664596ff785caf3e,f4e44e9f9016,2026-09-02T01:39:19.400172916Z,2026-09-02T01:39:20.823076466Z,1422.903551,200,fa5bbaa12602c6803fc911cd560f3cd567585f7b4703499b433ac2343ab380c5,,false,miss
retained-20260902-68135d3ad33f,S1-50-r06,S1-50,request-026,d4745ce8b0076d85ef4bad6643512dad50425d8f61a49108664596ff785caf3e,f4e44e9f9016,2026-09-02T01:39:19.400140143Z,2026-09-02T01:39:23.120915994Z,3720.775851,200,fa5bbaa12602c6803fc911cd560f3cd567585f7b4703499b433ac2343ab380c5,,false,miss
retained-20260902-68135d3ad33f,S1-50-r06,S1-50,request-027,d4745ce8b0076d85ef4bad6643512dad50425d8f61a49108664596ff785caf3e,f4e44e9f9016,2026-09-02T01:39:19.400061586Z,2026-09-02T01:39:22.135398442Z,2735.336867,200,fa5bbaa12602c6803fc911cd560f3cd567585f7b4703499b433ac2343ab380c5,,false,miss
retained-20260902-68135d3ad33f,S1-50-r06,S1-50,request-028,d4745ce8b0076d85ef4bad6643512dad50425d8f61a49108664596ff785caf3e,f4e44e9f9016,2026-09-02T01:39:19.400047764Z,2026-09-02T01:39:24.621720663Z,5221.672904,200,fa5bbaa12602c6803fc911cd560f3cd567585f7b4703499b433ac2343ab380c5,,false,miss
retained-20260902-68135d3ad33f,S1-50-r06,S1-50,request-029,d4745ce8b0076d85ef4bad6643512dad50425d8f61a49108664596ff785caf3e,f4e44e9f9016,2026-09-02T01:39:19.400041592Z,2026-09-02T01:39:35.614154602Z,14350.348495,200,fa5bbaa12602c6803fc911cd560f3cd567585f7b4703499b433ac2343ab380c5,,false,miss
retained-20260902-68135d3ad33f,S1-50-r06,S1-50,request-030,d4745ce8b0076d85ef4bad6643512dad50425d8f61a49108664596ff785caf3e,f4e44e9f9016,2026-09-02T01:39:19.40001707Z,2026-09-02T01:39:36.928401872Z,15664.620283,200,fa5bbaa12602c6803fc911cd560f3cd567585f7b4703499b433ac2343ab380c5,,false,miss
retained-20260902-68135d3ad33f,S1-50-r06,S1-50,request-031,d4745ce8b0076d85ef4bad6643512dad50425d8f61a49108664596ff785caf3e,f4e44e9f9016,2026-09-02T01:39:19.422364697Z,2026-09-02T01:39:36.6820811Z,15395.951879,200,fa5bbaa12602c6803fc911cd560f3cd567585f7b4703499b433ac2343ab380c5,,false,miss
retained-20260902-68135d3ad33f,S1-50-r06,S1-50,request-032,d4745ce8b0076d85ef4bad6643512dad50425d8f61a49108664596ff785caf3e,f4e44e9f9016,2026-09-02T01:39:19.422318625Z,2026-09-02T01:39:36.715235434Z,15429.152284,200,fa5bbaa12602c6803fc911cd560f3cd567585f7b4703499b433ac2343ab380c5,,false,miss
retained-20260902-68135d3ad33f,S1-50-r06,S1-50,request-033,d4745ce8b0076d85ef4bad6643512dad50425d8f61a49108664596ff785caf3e,f4e44e9f9016,2026-09-02T01:39:19.421959169Z,2026-09-02T01:39:35.495638002Z,14209.914308,200,fa5bbaa12602c6803fc911cd560f3cd567585f7b4703499b433ac2343ab380c5,,false,miss
retained-20260902-68135d3ad33f,S1-50-r06,S1-50,request-034,d4745ce8b0076d85ef4bad6643512dad50425d8f61a49108664596ff785caf3e,f4e44e9f9016,2026-09-02T01:39:19.421850955Z,2026-09-02T01:39:31.126926473Z,11705.075523,200,fa5bbaa12602c6803fc911cd560f3cd567585f7b4703499b433ac2343ab380c5,,false,miss
retained-20260902-68135d3ad33f,S1-50-r06,S1-50,request-035,d4745ce8b0076d85ef4bad6643512dad50425d8f61a49108664596ff785caf3e,f4e44e9f9016,2026-09-02T01:39:19.421769658Z,2026-09-02T01:39:32.427851975Z,13006.082323,200,fa5bbaa12602c6803fc911cd560f3cd567585f7b4703499b433ac2343ab380c5,,false,miss
retained-20260902-68135d3ad33f,S1-50-r06,S1-50,request-036,d4745ce8b0076d85ef4bad6643512dad50425d8f61a49108664596ff785caf3e,f4e44e9f9016,2026-09-02T01:39:19.42170418Z,2026-09-02T01:39:35.003854189Z,13718.385501,200,fa5bbaa12602c6803fc911cd560f3cd567585f7b4703499b433ac2343ab380c5,,false,miss
retained-20260902-68135d3ad33f,S1-50-r06,S1-50,request-037,d4745ce8b0076d85ef4bad6643512dad50425d8f61a49108664596ff785caf3e,f4e44e9f9016,2026-09-02T01:39:19.421584698Z,2026-09-02T01:39:31.938025425Z,12516.440735,200,fa5bbaa12602c6803fc911cd560f3cd567585f7b4703499b433ac2343ab380c5,,false,miss
retained-20260902-68135d3ad33f,S1-50-r06,S1-50,request-038,d4745ce8b0076d85ef4bad6643512dad50425d8f61a49108664596ff785caf3e,f4e44e9f9016,2026-09-02T01:39:19.421502346Z,2026-09-02T01:39:30.224969319Z,10803.466973,200,fa5bbaa12602c6803fc911cd560f3cd567585f7b4703499b433ac2343ab380c5,,false,miss
retained-20260902-68135d3ad33f,S1-50-r06,S1-50,request-039,d4745ce8b0076d85ef4bad6643512dad50425d8f61a49108664596ff785caf3e,f4e44e9f9016,2026-09-02T01:39:19.421394661Z,2026-09-02T01:39:30.729516631Z,11308.121972,200,fa5bbaa12602c6803fc911cd560f3cd567585f7b4703499b433ac2343ab380c5,,false,miss
retained-20260902-68135d3ad33f,S1-50-r06,S1-50,request-040,d4745ce8b0076d85ef4bad6643512dad50425d8f61a49108664596ff785caf3e,f4e44e9f9016,2026-09-02T01:39:19.421224437Z,2026-09-02T01:39:31.931754817Z,12510.530382,200,fa5bbaa12602c6803fc911cd560f3cd567585f7b4703499b433ac2343ab380c5,,false,miss
retained-20260902-68135d3ad33f,S1-50-r06,S1-50,request-041,d4745ce8b0076d85ef4bad6643512dad50425d8f61a49108664596ff785caf3e,f4e44e9f9016,2026-09-02T01:39:19.400913109Z,2026-09-02T01:39:26.638724045Z,7237.810941,200,fa5bbaa12602c6803fc911cd560f3cd567585f7b4703499b433ac2343ab380c5,,false,miss
retained-20260902-68135d3ad33f,S1-50-r06,S1-50,request-042,d4745ce8b0076d85ef4bad6643512dad50425d8f61a49108664596ff785caf3e,f4e44e9f9016,2026-09-02T01:39:19.400884769Z,2026-09-02T01:39:27.022903654Z,7622.018891,200,fa5bbaa12602c6803fc911cd560f3cd567585f7b4703499b433ac2343ab380c5,,false,miss
retained-20260902-68135d3ad33f,S1-50-r06,S1-50,request-043,d4745ce8b0076d85ef4bad6643512dad50425d8f61a49108664596ff785caf3e,f4e44e9f9016,2026-09-02T01:39:19.40086556Z,2026-09-02T01:39:29.52390915Z,10123.043593,200,fa5bbaa12602c6803fc911cd560f3cd567585f7b4703499b433ac2343ab380c5,,false,miss
retained-20260902-68135d3ad33f,S1-50-r06,S1-50,request-044,d4745ce8b0076d85ef4bad6643512dad50425d8f61a49108664596ff785caf3e,f4e44e9f9016,2026-09-02T01:39:19.400850532Z,2026-09-02T01:39:30.725776528Z,11324.926002,200,fa5bbaa12602c6803fc911cd560f3cd567585f7b4703499b433ac2343ab380c5,,false,miss
retained-20260902-68135d3ad33f,S1-50-r06,S1-50,request-045,d4745ce8b0076d85ef4bad6643512dad50425d8f61a49108664596ff785caf3e,f4e44e9f9016,2026-09-02T01:39:19.400831526Z,2026-09-02T01:39:29.523031285Z,10122.199758,200,fa5bbaa12602c6803fc911cd560f3cd567585f7b4703499b433ac2343ab380c5,,false,miss
retained-20260902-68135d3ad33f,S1-50-r06,S1-50,request-046,d4745ce8b0076d85ef4bad6643512dad50425d8f61a49108664596ff785caf3e,f4e44e9f9016,2026-09-02T01:39:19.400353557Z,2026-09-02T01:39:29.032003504Z,9631.649953,200,fa5bbaa12602c6803fc911cd560f3cd567585f7b4703499b433ac2343ab380c5,,false,miss
retained-20260902-68135d3ad33f,S1-50-r06,S1-50,request-047,d4745ce8b0076d85ef4bad6643512dad50425d8f61a49108664596ff785caf3e,f4e44e9f9016,2026-09-02T01:39:19.400334093Z,2026-09-02T01:39:25.431811121Z,6031.477033,200,fa5bbaa12602c6803fc911cd560f3cd567585f7b4703499b433ac2343ab380c5,,false,miss
retained-20260902-68135d3ad33f,S1-50-r06,S1-50,request-048,d4745ce8b0076d85ef4bad6643512dad50425d8f61a49108664596ff785caf3e,f4e44e9f9016,2026-09-02T01:39:19.400308525Z,2026-09-02T01:39:23.431805973Z,4031.497449,200,fa5bbaa12602c6803fc911cd560f3cd567585f7b4703499b433ac2343ab380c5,,false,miss
retained-20260902-68135d3ad33f,S1-50-r06,S1-50,request-049,d4745ce8b0076d85ef4bad6643512dad50425d8f61a49108664596ff785caf3e,f4e44e9f9016,2026-09-02T01:39:19.400288481Z,2026-09-02T01:39:22.121362377Z,2721.073893,200,fa5bbaa12602c6803fc911cd560f3cd567585f7b4703499b433ac2343ab380c5,,false,miss
retained-20260902-68135d3ad33f,S1-50-r06,S1-50,request-050,d4745ce8b0076d85ef4bad6643512dad50425d8f61a49108664596ff785caf3e,f4e44e9f9016,2026-09-02T01:39:19.400614783Z,2026-09-02T01:39:31.424190225Z,12023.575442,200,fa5bbaa12602c6803fc911cd560f3cd567585f7b4703499b433ac2343ab380c5,,false,miss
retained-20260902-68135d3ad33f,S1-100-r06,S1-100,request-001,d4745ce8b0076d85ef4bad6643512dad50425d8f61a49108664596ff785caf3e,f4e44e9f9016,2026-09-02T01:39:37.279915881Z,2026-09-02T01:40:00.864728861Z,22713.561343,200,fa5bbaa12602c6803fc911cd560f3cd567585f7b4703499b433ac2343ab380c5,,false,miss
retained-20260902-68135d3ad33f,S1-100-r06,S1-100,request-002,d4745ce8b0076d85ef4bad6643512dad50425d8f61a49108664596ff785caf3e,f4e44e9f9016,2026-09-02T01:39:37.279880634Z,2026-09-02T01:39:57.0738Z,18922.667733,200,fa5bbaa12602c6803fc911cd560f3cd567585f7b4703499b433ac2343ab380c5,,false,miss
retained-20260902-68135d3ad33f,S1-100-r06,S1-100,request-003,d4745ce8b0076d85ef4bad6643512dad50425d8f61a49108664596ff785caf3e,f4e44e9f9016,2026-09-02T01:39:37.279856912Z,2026-09-02T01:39:54.95220225Z,16801.093708,200,fa5bbaa12602c6803fc911cd560f3cd567585f7b4703499b433ac2343ab380c5,,false,miss
retained-20260902-68135d3ad33f,S1-100-r06,S1-100,request-004,d4745ce8b0076d85ef4bad6643512dad50425d8f61a49108664596ff785caf3e,f4e44e9f9016,2026-09-02T01:39:37.279836501Z,2026-09-02T01:39:58.668899029Z,20517.810891,200,fa5bbaa12602c6803fc911cd560f3cd567585f7b4703499b433ac2343ab380c5,,false,miss
retained-20260902-68135d3ad33f,S1-100-r06,S1-100,request-005,d4745ce8b0076d85ef4bad6643512dad50425d8f61a49108664596ff785caf3e,f4e44e9f9016,2026-09-02T01:39:37.279810205Z,2026-09-02T01:39:57.165789762Z,19014.727922,200,fa5bbaa12602c6803fc911cd560f3cd567585f7b4703499b433ac2343ab380c5,,false,miss
retained-20260902-68135d3ad33f,S1-100-r06,S1-100,request-006,d4745ce8b0076d85ef4bad6643512dad50425d8f61a49108664596ff785caf3e,f4e44e9f9016,2026-09-02T01:39:37.279752407Z,2026-09-02T01:39:56.373879399Z,18222.875357,200,fa5bbaa12602c6803fc911cd560f3cd567585f7b4703499b433ac2343ab380c5,,false,miss
retained-20260902-68135d3ad33f,S1-100-r06,S1-100,request-007,d4745ce8b0076d85ef4bad6643512dad50425d8f61a49108664596ff785caf3e,f4e44e9f9016,2026-09-02T01:39:37.279713605Z,2026-09-02T01:39:54.666462409Z,16515.497170,200,fa5bbaa12602c6803fc911cd560f3cd567585f7b4703499b433ac2343ab380c5,,false,miss
retained-20260902-68135d3ad33f,S1-100-r06,S1-100,request-008,d4745ce8b0076d85ef4bad6643512dad50425d8f61a49108664596ff785caf3e,f4e44e9f9016,2026-09-02T01:39:37.279658034Z,2026-09-02T01:39:54.659115694Z,16508.206027,200,fa5bbaa12602c6803fc911cd560f3cd567585f7b4703499b433ac2343ab380c5,,false,miss
retained-20260902-68135d3ad33f,S1-100-r06,S1-100,request-009,d4745ce8b0076d85ef4bad6643512dad50425d8f61a49108664596ff785caf3e,f4e44e9f9016,2026-09-02T01:39:37.279629098Z,2026-09-02T01:39:53.952480307Z,15801.599568,200,fa5bbaa12602c6803fc911cd560f3cd567585f7b4703499b433ac2343ab380c5,,false,miss
retained-20260902-68135d3ad33f,S1-100-r06,S1-100,request-010,d4745ce8b0076d85ef4bad6643512dad50425d8f61a49108664596ff785caf3e,f4e44e9f9016,2026-09-02T01:39:37.279548997Z,2026-09-02T01:39:53.75065816Z,15599.857529,200,fa5bbaa12602c6803fc911cd560f3cd567585f7b4703499b433ac2343ab380c5,,false,miss
retained-20260902-68135d3ad33f,S1-100-r06,S1-100,request-011,d4745ce8b0076d85ef4bad6643512dad50425d8f61a49108664596ff785caf3e,f4e44e9f9016,2026-09-02T01:39:37.279529733Z,2026-09-02T01:39:53.469069355Z,15318.287982,200,fa5bbaa12602c6803fc911cd560f3cd567585f7b4703499b433ac2343ab380c5,,false,miss
retained-20260902-68135d3ad33f,S1-100-r06,S1-100,request-012,d4745ce8b0076d85ef4bad6643512dad50425d8f61a49108664596ff785caf3e,f4e44e9f9016,2026-09-02T01:39:37.279492727Z,2026-09-02T01:39:53.262079649Z,15111.335282,200,fa5bbaa12602c6803fc911cd560f3cd567585f7b4703499b433ac2343ab380c5,,false,miss
retained-20260902-68135d3ad33f,S1-100-r06,S1-100,request-013,d4745ce8b0076d85ef4bad6643512dad50425d8f61a49108664596ff785caf3e,f4e44e9f9016,2026-09-02T01:39:37.279462093Z,2026-09-02T01:39:52.655736144Z,14505.022409,200,fa5bbaa12602c6803fc911cd560f3cd567585f7b4703499b433ac2343ab380c5,,false,miss
retained-20260902-68135d3ad33f,S1-100-r06,S1-100,request-014,d4745ce8b0076d85ef4bad6643512dad50425d8f61a49108664596ff785caf3e,f4e44e9f9016,2026-09-02T01:39:37.27944636Z,2026-09-02T01:39:52.253642355Z,14102.944360,200,fa5bbaa12602c6803fc911cd560f3cd567585f7b4703499b433ac2343ab380c5,,false,miss
retained-20260902-68135d3ad33f,S1-100-r06,S1-100,request-015,d4745ce8b0076d85ef4bad6643512dad50425d8f61a49108664596ff785caf3e,f4e44e9f9016,2026-09-02T01:39:37.279424319Z,2026-09-02T01:39:52.061113162Z,13910.437206,200,fa5bbaa12602c6803fc911cd560f3cd567585f7b4703499b433ac2343ab380c5,,false,miss
retained-20260902-68135d3ad33f,S1-100-r06,S1-100,request-016,d4745ce8b0076d85ef4bad6643512dad50425d8f61a49108664596ff785caf3e,f4e44e9f9016,2026-09-02T01:39:37.279406713Z,2026-09-02T01:39:51.261360839Z,13110.702491,200,fa5bbaa12602c6803fc911cd560f3cd567585f7b4703499b433ac2343ab380c5,,false,miss
retained-20260902-68135d3ad33f,S1-100-r06,S1-100,request-017,d4745ce8b0076d85ef4bad6643512dad50425d8f61a49108664596ff785caf3e,f4e44e9f9016,2026-09-02T01:39:37.279387305Z,2026-09-02T01:39:51.357094035Z,13206.455096,200,fa5bbaa12602c6803fc911cd560f3cd567585f7b4703499b433ac2343ab380c5,,false,miss
retained-20260902-68135d3ad33f,S1-100-r06,S1-100,request-018,d4745ce8b0076d85ef4bad6643512dad50425d8f61a49108664596ff785caf3e,f4e44e9f9016,2026-09-02T01:39:37.279370041Z,2026-09-02T01:39:51.054854919Z,12904.233244,200,fa5bbaa12602c6803fc911cd560f3cd567585f7b4703499b433ac2343ab380c5,,false,miss
retained-20260902-68135d3ad33f,S1-100-r06,S1-100,request-019,d4745ce8b0076d85ef4bad6643512dad50425d8f61a49108664596ff785caf3e,f4e44e9f9016,2026-09-02T01:39:37.279354124Z,2026-09-02T01:39:50.858991175Z,12708.385408,200,fa5bbaa12602c6803fc911cd560f3cd567585f7b4703499b433ac2343ab380c5,,false,miss
retained-20260902-68135d3ad33f,S1-100-r06,S1-100,request-020,d4745ce8b0076d85ef4bad6643512dad50425d8f61a49108664596ff785caf3e,f4e44e9f9016,2026-09-02T01:39:37.279335892Z,2026-09-02T01:39:49.101782402Z,11822.446516,200,fa5bbaa12602c6803fc911cd560f3cd567585f7b4703499b433ac2343ab380c5,,false,miss
retained-20260902-68135d3ad33f,S1-100-r06,S1-100,request-021,d4745ce8b0076d85ef4bad6643512dad50425d8f61a49108664596ff785caf3e,f4e44e9f9016,2026-09-02T01:39:37.279311126Z,2026-09-02T01:39:49.085867181Z,11806.556060,200,fa5bbaa12602c6803fc911cd560f3cd567585f7b4703499b433ac2343ab380c5,,false,miss
retained-20260902-68135d3ad33f,S1-100-r06,S1-100,request-022,d4745ce8b0076d85ef4bad6643512dad50425d8f61a49108664596ff785caf3e,f4e44e9f9016,2026-09-02T01:39:37.279286078Z,2026-09-02T01:39:48.884328368Z,11605.042290,200,fa5bbaa12602c6803fc911cd560f3cd567585f7b4703499b433ac2343ab380c5,,false,miss
retained-20260902-68135d3ad33f,S1-100-r06,S1-100,request-023,d4745ce8b0076d85ef4bad6643512dad50425d8f61a49108664596ff785caf3e,f4e44e9f9016,2026-09-02T01:39:37.279232231Z,2026-09-02T01:39:48.78695123Z,11507.719005,200,fa5bbaa12602c6803fc911cd560f3cd567585f7b4703499b433ac2343ab380c5,,false,miss
retained-20260902-68135d3ad33f,S1-100-r06,S1-100,request-024,d4745ce8b0076d85ef4bad6643512dad50425d8f61a49108664596ff785caf3e,f4e44e9f9016,2026-09-02T01:39:37.27921322Z,2026-09-02T01:39:47.597626772Z,10318.413558,200,fa5bbaa12602c6803fc911cd560f3cd567585f7b4703499b433ac2343ab380c5,,false,miss
retained-20260902-68135d3ad33f,S1-100-r06,S1-100,request-025,d4745ce8b0076d85ef4bad6643512dad50425d8f61a49108664596ff785caf3e,f4e44e9f9016,2026-09-02T01:39:37.279192911Z,2026-09-02T01:39:47.58664335Z,10307.450444,200,fa5bbaa12602c6803fc911cd560f3cd567585f7b4703499b433ac2343ab380c5,,false,miss
retained-20260902-68135d3ad33f,S1-100-r06,S1-100,request-026,d4745ce8b0076d85ef4bad6643512dad50425d8f61a49108664596ff785caf3e,f4e44e9f9016,2026-09-02T01:39:37.279175652Z,2026-09-02T01:39:46.598187838Z,9319.012190,200,fa5bbaa12602c6803fc911cd560f3cd567585f7b4703499b433ac2343ab380c5,,false,miss
retained-20260902-68135d3ad33f,S1-100-r06,S1-100,request-027,d4745ce8b0076d85ef4bad6643512dad50425d8f61a49108664596ff785caf3e,f4e44e9f9016,2026-09-02T01:39:37.279150114Z,2026-09-02T01:39:45.287591252Z,8008.441146,200,fa5bbaa12602c6803fc911cd560f3cd567585f7b4703499b433ac2343ab380c5,,false,miss
retained-20260902-68135d3ad33f,S1-100-r06,S1-100,request-028,d4745ce8b0076d85ef4bad6643512dad50425d8f61a49108664596ff785caf3e,f4e44e9f9016,2026-09-02T01:39:37.279128317Z,2026-09-02T01:39:55.16736903Z,17016.989074,200,fa5bbaa12602c6803fc911cd560f3cd567585f7b4703499b433ac2343ab380c5,,false,miss
retained-20260902-68135d3ad33f,S1-100-r06,S1-100,request-029,d4745ce8b0076d85ef4bad6643512dad50425d8f61a49108664596ff785caf3e,f4e44e9f9016,2026-09-02T01:39:37.279100113Z,2026-09-02T01:39:43.988811525Z,6709.711418,200,fa5bbaa12602c6803fc911cd560f3cd567585f7b4703499b433ac2343ab380c5,,false,miss
retained-20260902-68135d3ad33f,S1-100-r06,S1-100,request-030,d4745ce8b0076d85ef4bad6643512dad50425d8f61a49108664596ff785caf3e,f4e44e9f9016,2026-09-02T01:39:37.279069977Z,2026-09-02T01:39:43.786583116Z,6507.513141,200,fa5bbaa12602c6803fc911cd560f3cd567585f7b4703499b433ac2343ab380c5,,false,miss
retained-20260902-68135d3ad33f,S1-100-r06,S1-100,request-031,d4745ce8b0076d85ef4bad6643512dad50425d8f61a49108664596ff785caf3e,f4e44e9f9016,2026-09-02T01:39:37.279036817Z,2026-09-02T01:39:42.602456906Z,5323.420096,200,fa5bbaa12602c6803fc911cd560f3cd567585f7b4703499b433ac2343ab380c5,,false,miss
retained-20260902-68135d3ad33f,S1-100-r06,S1-100,request-032,d4745ce8b0076d85ef4bad6643512dad50425d8f61a49108664596ff785caf3e,f4e44e9f9016,2026-09-02T01:39:37.278922708Z,2026-09-02T01:39:42.483410246Z,5204.487539,200,fa5bbaa12602c6803fc911cd560f3cd567585f7b4703499b433ac2343ab380c5,,false,miss
retained-20260902-68135d3ad33f,S1-100-r06,S1-100,request-033,d4745ce8b0076d85ef4bad6643512dad50425d8f61a49108664596ff785caf3e,f4e44e9f9016,2026-09-02T01:39:37.261565625Z,2026-09-02T01:40:09.560435837Z,31427.618579,200,fa5bbaa12602c6803fc911cd560f3cd567585f7b4703499b433ac2343ab380c5,,false,miss
retained-20260902-68135d3ad33f,S1-100-r06,S1-100,request-034,d4745ce8b0076d85ef4bad6643512dad50425d8f61a49108664596ff785caf3e,f4e44e9f9016,2026-09-02T01:39:37.261543057Z,2026-09-02T01:40:03.268159984Z,25135.365293,200,fa5bbaa12602c6803fc911cd560f3cd567585f7b4703499b433ac2343ab380c5,,false,miss
retained-20260902-68135d3ad33f,S1-100-r06,S1-100,request-035,d4745ce8b0076d85ef4bad6643512dad50425d8f61a49108664596ff785caf3e,f4e44e9f9016,2026-09-02T01:39:37.261519933Z,2026-09-02T01:40:08.664371703Z,30531.600137,200,fa5bbaa12602c6803fc911cd560f3cd567585f7b4703499b433ac2343ab380c5,,false,miss
retained-20260902-68135d3ad33f,S1-100-r06,S1-100,request-036,d4745ce8b0076d85ef4bad6643512dad50425d8f61a49108664596ff785caf3e,f4e44e9f9016,2026-09-02T01:39:37.261494075Z,2026-09-02T01:40:02.466443089Z,24333.697381,200,fa5bbaa12602c6803fc911cd560f3cd567585f7b4703499b433ac2343ab380c5,,false,miss
retained-20260902-68135d3ad33f,S1-100-r06,S1-100,request-037,d4745ce8b0076d85ef4bad6643512dad50425d8f61a49108664596ff785caf3e,f4e44e9f9016,2026-09-02T01:39:37.261473794Z,2026-09-02T01:40:02.356677609Z,24223.952172,200,fa5bbaa12602c6803fc911cd560f3cd567585f7b4703499b433ac2343ab380c5,,false,miss
retained-20260902-68135d3ad33f,S1-100-r06,S1-100,request-038,d4745ce8b0076d85ef4bad6643512dad50425d8f61a49108664596ff785caf3e,f4e44e9f9016,2026-09-02T01:39:37.261410278Z,2026-09-02T01:40:06.16850789Z,28035.845978,200,fa5bbaa12602c6803fc911cd560f3cd567585f7b4703499b433ac2343ab380c5,,false,miss
retained-20260902-68135d3ad33f,S1-100-r06,S1-100,request-039,d4745ce8b0076d85ef4bad6643512dad50425d8f61a49108664596ff785caf3e,f4e44e9f9016,2026-09-02T01:39:37.227608512Z,2026-09-02T01:39:56.164027087Z,18065.166937,200,fa5bbaa12602c6803fc911cd560f3cd567585f7b4703499b433ac2343ab380c5,,false,miss
retained-20260902-68135d3ad33f,S1-100-r06,S1-100,request-040,d4745ce8b0076d85ef4bad6643512dad50425d8f61a49108664596ff785caf3e,f4e44e9f9016,2026-09-02T01:39:37.227490125Z,2026-09-02T01:39:46.39751888Z,9170.028764,200,fa5bbaa12602c6803fc911cd560f3cd567585f7b4703499b433ac2343ab380c5,,false,miss
retained-20260902-68135d3ad33f,S1-100-r06,S1-100,request-041,d4745ce8b0076d85ef4bad6643512dad50425d8f61a49108664596ff785caf3e,f4e44e9f9016,2026-09-02T01:39:37.22740458Z,2026-09-02T01:39:46.293737312Z,9066.332728,200,fa5bbaa12602c6803fc911cd560f3cd567585f7b4703499b433ac2343ab380c5,,false,miss
retained-20260902-68135d3ad33f,S1-100-r06,S1-100,request-042,d4745ce8b0076d85ef4bad6643512dad50425d8f61a49108664596ff785caf3e,f4e44e9f9016,2026-09-02T01:39:37.227308874Z,2026-09-02T01:39:52.462491035Z,14363.930525,200,fa5bbaa12602c6803fc911cd560f3cd567585f7b4703499b433ac2343ab380c5,,false,miss
retained-20260902-68135d3ad33f,S1-100-r06,S1-100,request-043,d4745ce8b0076d85ef4bad6643512dad50425d8f61a49108664596ff785caf3e,f4e44e9f9016,2026-09-02T01:39:37.226748484Z,2026-09-02T01:40:01.061972288Z,22963.972170,200,fa5bbaa12602c6803fc911cd560f3cd567585f7b4703499b433ac2343ab380c5,,false,miss
retained-20260902-68135d3ad33f,S1-100-r06,S1-100,request-044,d4745ce8b0076d85ef4bad6643512dad50425d8f61a49108664596ff785caf3e,f4e44e9f9016,2026-09-02T01:39:37.226845125Z,2026-09-02T01:39:43.792218815Z,6565.373696,200,fa5bbaa12602c6803fc911cd560f3cd567585f7b4703499b433ac2343ab380c5,,false,miss
retained-20260902-68135d3ad33f,S1-100-r06,S1-100,request-045,d4745ce8b0076d85ef4bad6643512dad50425d8f61a49108664596ff785caf3e,f4e44e9f9016,2026-09-02T01:39:37.226826233Z,2026-09-02T01:39:43.689689663Z,6462.863435,200,fa5bbaa12602c6803fc911cd560f3cd567585f7b4703499b433ac2343ab380c5,,false,miss
retained-20260902-68135d3ad33f,S1-100-r06,S1-100,request-046,d4745ce8b0076d85ef4bad6643512dad50425d8f61a49108664596ff785caf3e,f4e44e9f9016,2026-09-02T01:39:37.226811278Z,2026-09-02T01:39:42.585727446Z,5358.916174,200,fa5bbaa12602c6803fc911cd560f3cd567585f7b4703499b433ac2343ab380c5,,false,miss
retained-20260902-68135d3ad33f,S1-100-r06,S1-100,request-047,d4745ce8b0076d85ef4bad6643512dad50425d8f61a49108664596ff785caf3e,f4e44e9f9016,2026-09-02T01:39:37.226789431Z,2026-09-02T01:39:42.39053635Z,5163.746923,200,fa5bbaa12602c6803fc911cd560f3cd567585f7b4703499b433ac2343ab380c5,,false,miss
retained-20260902-68135d3ad33f,S1-100-r06,S1-100,request-048,d4745ce8b0076d85ef4bad6643512dad50425d8f61a49108664596ff785caf3e,f4e44e9f9016,2026-09-02T01:39:37.226772848Z,2026-09-02T01:39:41.298147484Z,4071.374639,200,fa5bbaa12602c6803fc911cd560f3cd567585f7b4703499b433ac2343ab380c5,,false,miss
retained-20260902-68135d3ad33f,S1-100-r06,S1-100,request-049,d4745ce8b0076d85ef4bad6643512dad50425d8f61a49108664596ff785caf3e,f4e44e9f9016,2026-09-02T01:39:37.226303681Z,2026-09-02T01:39:38.698481409Z,1472.177731,200,fa5bbaa12602c6803fc911cd560f3cd567585f7b4703499b433ac2343ab380c5,,false,miss
retained-20260902-68135d3ad33f,S1-100-r06,S1-100,request-050,d4745ce8b0076d85ef4bad6643512dad50425d8f61a49108664596ff785caf3e,f4e44e9f9016,2026-09-02T01:39:37.226411742Z,2026-09-02T01:39:38.782948096Z,1556.536357,200,fa5bbaa12602c6803fc911cd560f3cd567585f7b4703499b433ac2343ab380c5,,false,miss
retained-20260902-68135d3ad33f,S1-100-r06,S1-100,request-051,d4745ce8b0076d85ef4bad6643512dad50425d8f61a49108664596ff785caf3e,f4e44e9f9016,2026-09-02T01:39:37.226322524Z,2026-09-02T01:39:41.486460431Z,4260.137915,200,fa5bbaa12602c6803fc911cd560f3cd567585f7b4703499b433ac2343ab380c5,,false,miss
retained-20260902-68135d3ad33f,S1-100-r06,S1-100,request-052,d4745ce8b0076d85ef4bad6643512dad50425d8f61a49108664596ff785caf3e,f4e44e9f9016,2026-09-02T01:39:37.226447448Z,2026-09-02T01:39:38.596183282Z,1369.735835,200,fa5bbaa12602c6803fc911cd560f3cd567585f7b4703499b433ac2343ab380c5,,false,miss
retained-20260902-68135d3ad33f,S1-100-r06,S1-100,request-053,d4745ce8b0076d85ef4bad6643512dad50425d8f61a49108664596ff785caf3e,f4e44e9f9016,2026-09-02T01:39:37.226258426Z,2026-09-02T01:39:38.594714015Z,1368.455586,200,fa5bbaa12602c6803fc911cd560f3cd567585f7b4703499b433ac2343ab380c5,,false,miss
retained-20260902-68135d3ad33f,S1-100-r06,S1-100,request-054,d4745ce8b0076d85ef4bad6643512dad50425d8f61a49108664596ff785caf3e,f4e44e9f9016,2026-09-02T01:39:37.226295802Z,2026-09-02T01:39:47.782282728Z,10555.986931,200,fa5bbaa12602c6803fc911cd560f3cd567585f7b4703499b433ac2343ab380c5,,false,miss
retained-20260902-68135d3ad33f,S1-100-r06,S1-100,request-055,d4745ce8b0076d85ef4bad6643512dad50425d8f61a49108664596ff785caf3e,f4e44e9f9016,2026-09-02T01:39:37.227036061Z,2026-09-02T01:39:45.091134204Z,7864.098143,200,fa5bbaa12602c6803fc911cd560f3cd567585f7b4703499b433ac2343ab380c5,,false,miss
retained-20260902-68135d3ad33f,S1-100-r06,S1-100,request-056,d4745ce8b0076d85ef4bad6643512dad50425d8f61a49108664596ff785caf3e,f4e44e9f9016,2026-09-02T01:39:37.226732589Z,2026-09-02T01:39:58.558447558Z,20460.463338,200,fa5bbaa12602c6803fc911cd560f3cd567585f7b4703499b433ac2343ab380c5,,false,miss
retained-20260902-68135d3ad33f,S1-100-r06,S1-100,request-057,d4745ce8b0076d85ef4bad6643512dad50425d8f61a49108664596ff785caf3e,f4e44e9f9016,2026-09-02T01:39:37.226711867Z,2026-09-02T01:39:41.196293792Z,3969.581928,200,fa5bbaa12602c6803fc911cd560f3cd567585f7b4703499b433ac2343ab380c5,,false,miss
retained-20260902-68135d3ad33f,S1-100-r06,S1-100,request-058,d4745ce8b0076d85ef4bad6643512dad50425d8f61a49108664596ff785caf3e,f4e44e9f9016,2026-09-02T01:39:37.226681791Z,2026-09-02T01:39:55.866124571Z,17768.191142,200,fa5bbaa12602c6803fc911cd560f3cd567585f7b4703499b433ac2343ab380c5,,false,miss
retained-20260902-68135d3ad33f,S1-100-r06,S1-100,request-059,d4745ce8b0076d85ef4bad6643512dad50425d8f61a49108664596ff785caf3e,f4e44e9f9016,2026-09-02T01:39:37.226661571Z,2026-09-02T01:39:41.093222998Z,3866.561433,200,fa5bbaa12602c6803fc911cd560f3cd567585f7b4703499b433ac2343ab380c5,,false,miss
retained-20260902-68135d3ad33f,S1-100-r06,S1-100,request-060,d4745ce8b0076d85ef4bad6643512dad50425d8f61a49108664596ff785caf3e,f4e44e9f9016,2026-09-02T01:39:37.226639515Z,2026-09-02T01:39:40.181011131Z,2954.371618,200,fa5bbaa12602c6803fc911cd560f3cd567585f7b4703499b433ac2343ab380c5,,false,miss
retained-20260902-68135d3ad33f,S1-100-r06,S1-100,request-061,d4745ce8b0076d85ef4bad6643512dad50425d8f61a49108664596ff785caf3e,f4e44e9f9016,2026-09-02T01:39:37.226613959Z,2026-09-02T01:39:39.995680795Z,2769.066842,200,fa5bbaa12602c6803fc911cd560f3cd567585f7b4703499b433ac2343ab380c5,,false,miss
retained-20260902-68135d3ad33f,S1-100-r06,S1-100,request-062,d4745ce8b0076d85ef4bad6643512dad50425d8f61a49108664596ff785caf3e,f4e44e9f9016,2026-09-02T01:39:37.226594731Z,2026-09-02T01:39:39.89647938Z,2669.884655,200,fa5bbaa12602c6803fc911cd560f3cd567585f7b4703499b433ac2343ab380c5,,false,miss
retained-20260902-68135d3ad33f,S1-100-r06,S1-100,request-063,d4745ce8b0076d85ef4bad6643512dad50425d8f61a49108664596ff785caf3e,f4e44e9f9016,2026-09-02T01:39:37.226574614Z,2026-09-02T01:39:39.887658687Z,2661.084089,200,fa5bbaa12602c6803fc911cd560f3cd567585f7b4703499b433ac2343ab380c5,,false,miss
retained-20260902-68135d3ad33f,S1-100-r06,S1-100,request-064,d4745ce8b0076d85ef4bad6643512dad50425d8f61a49108664596ff785caf3e,f4e44e9f9016,2026-09-02T01:39:37.226555453Z,2026-09-02T01:39:57.561660192Z,19463.853105,200,fa5bbaa12602c6803fc911cd560f3cd567585f7b4703499b433ac2343ab380c5,,false,miss
retained-20260902-68135d3ad33f,S1-100-r06,S1-100,request-065,d4745ce8b0076d85ef4bad6643512dad50425d8f61a49108664596ff785caf3e,f4e44e9f9016,2026-09-02T01:39:37.226540082Z,2026-09-02T01:40:02.55481464Z,24457.022945,200,fa5bbaa12602c6803fc911cd560f3cd567585f7b4703499b433ac2343ab380c5,,false,miss
retained-20260902-68135d3ad33f,S1-100-r06,S1-100,request-066,d4745ce8b0076d85ef4bad6643512dad50425d8f61a49108664596ff785caf3e,f4e44e9f9016,2026-09-02T01:39:37.226521144Z,2026-09-02T01:39:58.360233309Z,20262.460524,200,fa5bbaa12602c6803fc911cd560f3cd567585f7b4703499b433ac2343ab380c5,,false,miss
retained-20260902-68135d3ad33f,S1-100-r06,S1-100,request-067,d4745ce8b0076d85ef4bad6643512dad50425d8f61a49108664596ff785caf3e,f4e44e9f9016,2026-09-02T01:39:37.226484602Z,2026-09-02T01:39:57.473205831Z,19375.469591,200,fa5bbaa12602c6803fc911cd560f3cd567585f7b4703499b433ac2343ab380c5,,false,miss
retained-20260902-68135d3ad33f,S1-100-r06,S1-100,request-068,d4745ce8b0076d85ef4bad6643512dad50425d8f61a49108664596ff785caf3e,f4e44e9f9016,2026-09-02T01:39:37.261430801Z,2026-09-02T01:40:07.557424419Z,29424.741980,200,fa5bbaa12602c6803fc911cd560f3cd567585f7b4703499b433ac2343ab380c5,,false,miss
retained-20260902-68135d3ad33f,S1-100-r06,S1-100,request-069,d4745ce8b0076d85ef4bad6643512dad50425d8f61a49108664596ff785caf3e,f4e44e9f9016,2026-09-02T01:39:37.2614533Z,2026-09-02T01:40:01.259109012Z,23126.404078,200,fa5bbaa12602c6803fc911cd560f3cd567585f7b4703499b433ac2343ab380c5,,false,miss
retained-20260902-68135d3ad33f,S1-100-r06,S1-100,request-070,d4745ce8b0076d85ef4bad6643512dad50425d8f61a49108664596ff785caf3e,f4e44e9f9016,2026-09-02T01:39:37.261389349Z,2026-09-02T01:40:07.157844753Z,29025.203763,200,fa5bbaa12602c6803fc911cd560f3cd567585f7b4703499b433ac2343ab380c5,,false,miss
retained-20260902-68135d3ad33f,S1-100-r06,S1-100,request-071,d4745ce8b0076d85ef4bad6643512dad50425d8f61a49108664596ff785caf3e,f4e44e9f9016,2026-09-02T01:39:37.261356352Z,2026-09-02T01:39:59.853906342Z,21721.298355,200,fa5bbaa12602c6803fc911cd560f3cd567585f7b4703499b433ac2343ab380c5,,false,miss
retained-20260902-68135d3ad33f,S1-100-r06,S1-100,request-072,d4745ce8b0076d85ef4bad6643512dad50425d8f61a49108664596ff785caf3e,f4e44e9f9016,2026-09-02T01:39:37.261272484Z,2026-09-02T01:40:02.060154887Z,23927.630768,200,fa5bbaa12602c6803fc911cd560f3cd567585f7b4703499b433ac2343ab380c5,,false,miss
retained-20260902-68135d3ad33f,S1-100-r06,S1-100,request-073,d4745ce8b0076d85ef4bad6643512dad50425d8f61a49108664596ff785caf3e,f4e44e9f9016,2026-09-02T01:39:37.261248533Z,2026-09-02T01:40:06.173180039Z,28040.679873,200,fa5bbaa12602c6803fc911cd560f3cd567585f7b4703499b433ac2343ab380c5,,false,miss
retained-20260902-68135d3ad33f,S1-100-r06,S1-100,request-074,d4745ce8b0076d85ef4bad6643512dad50425d8f61a49108664596ff785caf3e,f4e44e9f9016,2026-09-02T01:39:37.261226946Z,2026-09-02T01:40:00.051859488Z,21919.380906,200,fa5bbaa12602c6803fc911cd560f3cd567585f7b4703499b433ac2343ab380c5,,false,miss
retained-20260902-68135d3ad33f,S1-100-r06,S1-100,request-075,d4745ce8b0076d85ef4bad6643512dad50425d8f61a49108664596ff785caf3e,f4e44e9f9016,2026-09-02T01:39:37.261210529Z,2026-09-02T01:40:04.973930513Z,26841.468334,200,fa5bbaa12602c6803fc911cd560f3cd567585f7b4703499b433ac2343ab380c5,,false,miss
retained-20260902-68135d3ad33f,S1-100-r06,S1-100,request-076,d4745ce8b0076d85ef4bad6643512dad50425d8f61a49108664596ff785caf3e,f4e44e9f9016,2026-09-02T01:39:37.261187879Z,2026-09-02T01:40:03.767540582Z,25635.101070,200,fa5bbaa12602c6803fc911cd560f3cd567585f7b4703499b433ac2343ab380c5,,false,miss
retained-20260902-68135d3ad33f,S1-100-r06,S1-100,request-077,d4745ce8b0076d85ef4bad6643512dad50425d8f61a49108664596ff785caf3e,f4e44e9f9016,2026-09-02T01:39:37.261167155Z,2026-09-02T01:40:09.854511533Z,31722.092745,200,fa5bbaa12602c6803fc911cd560f3cd567585f7b4703499b433ac2343ab380c5,,false,miss
retained-20260902-68135d3ad33f,S1-100-r06,S1-100,request-078,d4745ce8b0076d85ef4bad6643512dad50425d8f61a49108664596ff785caf3e,f4e44e9f9016,2026-09-02T01:39:37.261147442Z,2026-09-02T01:39:59.572593842Z,21440.194766,200,fa5bbaa12602c6803fc911cd560f3cd567585f7b4703499b433ac2343ab380c5,,false,miss
retained-20260902-68135d3ad33f,S1-100-r06,S1-100,request-079,d4745ce8b0076d85ef4bad6643512dad50425d8f61a49108664596ff785caf3e,f4e44e9f9016,2026-09-02T01:39:37.261103662Z,2026-09-02T01:40:01.168273182Z,23035.917882,200,fa5bbaa12602c6803fc911cd560f3cd567585f7b4703499b433ac2343ab380c5,,false,miss
retained-20260902-68135d3ad33f,S1-100-r06,S1-100,request-080,d4745ce8b0076d85ef4bad6643512dad50425d8f61a49108664596ff785caf3e,f4e44e9f9016,2026-09-02T01:39:37.261073112Z,2026-09-02T01:40:04.553000014Z,26420.675268,200,fa5bbaa12602c6803fc911cd560f3cd567585f7b4703499b433ac2343ab380c5,,false,miss
retained-20260902-68135d3ad33f,S1-100-r06,S1-100,request-081,d4745ce8b0076d85ef4bad6643512dad50425d8f61a49108664596ff785caf3e,f4e44e9f9016,2026-09-02T01:39:37.260934398Z,2026-09-02T01:40:03.559732831Z,25427.546783,200,fa5bbaa12602c6803fc911cd560f3cd567585f7b4703499b433ac2343ab380c5,,false,miss
retained-20260902-68135d3ad33f,S1-100-r06,S1-100,request-082,d4745ce8b0076d85ef4bad6643512dad50425d8f61a49108664596ff785caf3e,f4e44e9f9016,2026-09-02T01:39:37.243773177Z,2026-09-02T01:40:09.85452772Z,31739.502909,200,fa5bbaa12602c6803fc911cd560f3cd567585f7b4703499b433ac2343ab380c5,,false,miss
retained-20260902-68135d3ad33f,S1-100-r06,S1-100,request-083,d4745ce8b0076d85ef4bad6643512dad50425d8f61a49108664596ff785caf3e,f4e44e9f9016,2026-09-02T01:39:37.243752813Z,2026-09-02T01:40:08.756295727Z,30641.291279,200,fa5bbaa12602c6803fc911cd560f3cd567585f7b4703499b433ac2343ab380c5,,false,miss
retained-20260902-68135d3ad33f,S1-100-r06,S1-100,request-084,d4745ce8b0076d85ef4bad6643512dad50425d8f61a49108664596ff785caf3e,f4e44e9f9016,2026-09-02T01:39:37.243735669Z,2026-09-02T01:40:07.369700191Z,29254.712887,200,fa5bbaa12602c6803fc911cd560f3cd567585f7b4703499b433ac2343ab380c5,,false,miss
retained-20260902-68135d3ad33f,S1-100-r06,S1-100,request-085,d4745ce8b0076d85ef4bad6643512dad50425d8f61a49108664596ff785caf3e,f4e44e9f9016,2026-09-02T01:39:37.243710245Z,2026-09-02T01:40:09.870261571Z,31755.299691,200,fa5bbaa12602c6803fc911cd560f3cd567585f7b4703499b433ac2343ab380c5,,false,miss
retained-20260902-68135d3ad33f,S1-100-r06,S1-100,request-086,d4745ce8b0076d85ef4bad6643512dad50425d8f61a49108664596ff785caf3e,f4e44e9f9016,2026-09-02T01:39:37.243689802Z,2026-09-02T01:40:08.368119344Z,30253.177909,200,fa5bbaa12602c6803fc911cd560f3cd567585f7b4703499b433ac2343ab380c5,,false,miss
retained-20260902-68135d3ad33f,S1-100-r06,S1-100,request-087,d4745ce8b0076d85ef4bad6643512dad50425d8f61a49108664596ff785caf3e,f4e44e9f9016,2026-09-02T01:39:37.243662617Z,2026-09-02T01:40:06.259332093Z,28144.417841,200,fa5bbaa12602c6803fc911cd560f3cd567585f7b4703499b433ac2343ab380c5,,false,miss
retained-20260902-68135d3ad33f,S1-100-r06,S1-100,request-088,d4745ce8b0076d85ef4bad6643512dad50425d8f61a49108664596ff785caf3e,f4e44e9f9016,2026-09-02T01:39:37.243637546Z,2026-09-02T01:40:08.662184818Z,30547.295637,200,fa5bbaa12602c6803fc911cd560f3cd567585f7b4703499b433ac2343ab380c5,,false,miss
retained-20260902-68135d3ad33f,S1-100-r06,S1-100,request-089,d4745ce8b0076d85ef4bad6643512dad50425d8f61a49108664596ff785caf3e,f4e44e9f9016,2026-09-02T01:39:37.243587907Z,2026-09-02T01:40:07.359953367Z,29245.113822,200,fa5bbaa12602c6803fc911cd560f3cd567585f7b4703499b433ac2343ab380c5,,false,miss
retained-20260902-68135d3ad33f,S1-100-r06,S1-100,request-090,d4745ce8b0076d85ef4bad6643512dad50425d8f61a49108664596ff785caf3e,f4e44e9f9016,2026-09-02T01:39:37.243498995Z,2026-09-02T01:39:59.951999209Z,21837.248582,200,fa5bbaa12602c6803fc911cd560f3cd567585f7b4703499b433ac2343ab380c5,,false,miss
retained-20260902-68135d3ad33f,S1-100-r06,S1-100,request-091,d4745ce8b0076d85ef4bad6643512dad50425d8f61a49108664596ff785caf3e,f4e44e9f9016,2026-09-02T01:39:37.243476009Z,2026-09-02T01:40:04.973133536Z,26858.405892,200,fa5bbaa12602c6803fc911cd560f3cd567585f7b4703499b433ac2343ab380c5,,false,miss
retained-20260902-68135d3ad33f,S1-100-r06,S1-100,request-092,d4745ce8b0076d85ef4bad6643512dad50425d8f61a49108664596ff785caf3e,f4e44e9f9016,2026-09-02T01:39:37.243440175Z,2026-09-02T01:40:05.859325052Z,27744.633240,200,fa5bbaa12602c6803fc911cd560f3cd567585f7b4703499b433ac2343ab380c5,,false,miss
retained-20260902-68135d3ad33f,S1-100-r06,S1-100,request-093,d4745ce8b0076d85ef4bad6643512dad50425d8f61a49108664596ff785caf3e,f4e44e9f9016,2026-09-02T01:39:37.243233302Z,2026-09-02T01:40:03.854185853Z,25739.700911,200,fa5bbaa12602c6803fc911cd560f3cd567585f7b4703499b433ac2343ab380c5,,false,miss
retained-20260902-68135d3ad33f,S1-100-r06,S1-100,request-094,d4745ce8b0076d85ef4bad6643512dad50425d8f61a49108664596ff785caf3e,f4e44e9f9016,2026-09-02T01:39:37.291372446Z,2026-09-02T01:39:58.758878522Z,20596.254530,200,fa5bbaa12602c6803fc911cd560f3cd567585f7b4703499b433ac2343ab380c5,,false,miss
retained-20260902-68135d3ad33f,S1-100-r06,S1-100,request-095,d4745ce8b0076d85ef4bad6643512dad50425d8f61a49108664596ff785caf3e,f4e44e9f9016,2026-09-02T01:39:37.228154212Z,2026-09-02T01:40:04.868827368Z,26769.421526,200,fa5bbaa12602c6803fc911cd560f3cd567585f7b4703499b433ac2343ab380c5,,false,miss
retained-20260902-68135d3ad33f,S1-100-r06,S1-100,request-096,d4745ce8b0076d85ef4bad6643512dad50425d8f61a49108664596ff785caf3e,f4e44e9f9016,2026-09-02T01:39:37.228026447Z,2026-09-02T01:39:47.889828086Z,10661.801646,200,fa5bbaa12602c6803fc911cd560f3cd567585f7b4703499b433ac2343ab380c5,,false,miss
retained-20260902-68135d3ad33f,S1-100-r06,S1-100,request-097,d4745ce8b0076d85ef4bad6643512dad50425d8f61a49108664596ff785caf3e,f4e44e9f9016,2026-09-02T01:39:37.22796956Z,2026-09-02T01:39:46.293722575Z,9065.753013,200,fa5bbaa12602c6803fc911cd560f3cd567585f7b4703499b433ac2343ab380c5,,false,miss
retained-20260902-68135d3ad33f,S1-100-r06,S1-100,request-098,d4745ce8b0076d85ef4bad6643512dad50425d8f61a49108664596ff785caf3e,f4e44e9f9016,2026-09-02T01:39:37.227202037Z,2026-09-02T01:39:45.086246333Z,7859.044301,200,fa5bbaa12602c6803fc911cd560f3cd567585f7b4703499b433ac2343ab380c5,,false,miss
retained-20260902-68135d3ad33f,S1-100-r06,S1-100,request-099,d4745ce8b0076d85ef4bad6643512dad50425d8f61a49108664596ff785caf3e,f4e44e9f9016,2026-09-02T01:39:37.227079687Z,2026-09-02T01:39:45.00263291Z,7775.553239,200,fa5bbaa12602c6803fc911cd560f3cd567585f7b4703499b433ac2343ab380c5,,false,miss
retained-20260902-68135d3ad33f,S1-100-r06,S1-100,request-100,d4745ce8b0076d85ef4bad6643512dad50425d8f61a49108664596ff785caf3e,f4e44e9f9016,2026-09-02T01:39:37.226258436Z,2026-09-02T01:39:55.86615015Z,17768.640072,200,fa5bbaa12602c6803fc911cd560f3cd567585f7b4703499b433ac2343ab380c5,,false,miss
retained-20260902-68135d3ad33f,S2-100-r06,S2-100,request-001,d4745ce8b0076d85ef4bad6643512dad50425d8f61a49108664596ff785caf3e,f4e44e9f9016,2026-09-02T01:40:10.31682323Z,2026-09-02T01:40:10.656555816Z,339.732594,200,fa5bbaa12602c6803fc911cd560f3cd567585f7b4703499b433ac2343ab380c5,,true,miss
retained-20260902-68135d3ad33f,S2-100-r06,S2-100,request-002,d4745ce8b0076d85ef4bad6643512dad50425d8f61a49108664596ff785caf3e,f4e44e9f9016,2026-09-02T01:40:10.316782911Z,2026-09-02T01:40:10.656206145Z,339.423241,200,fa5bbaa12602c6803fc911cd560f3cd567585f7b4703499b433ac2343ab380c5,,true,miss
retained-20260902-68135d3ad33f,S2-100-r06,S2-100,request-003,d4745ce8b0076d85ef4bad6643512dad50425d8f61a49108664596ff785caf3e,f4e44e9f9016,2026-09-02T01:40:10.316758292Z,2026-09-02T01:40:10.656077338Z,339.319053,200,fa5bbaa12602c6803fc911cd560f3cd567585f7b4703499b433ac2343ab380c5,,true,miss
retained-20260902-68135d3ad33f,S2-100-r06,S2-100,request-004,d4745ce8b0076d85ef4bad6643512dad50425d8f61a49108664596ff785caf3e,f4e44e9f9016,2026-09-02T01:40:10.316717319Z,2026-09-02T01:40:10.655377348Z,338.660025,200,fa5bbaa12602c6803fc911cd560f3cd567585f7b4703499b433ac2343ab380c5,,true,miss
retained-20260902-68135d3ad33f,S2-100-r06,S2-100,request-005,d4745ce8b0076d85ef4bad6643512dad50425d8f61a49108664596ff785caf3e,f4e44e9f9016,2026-09-02T01:40:10.316434389Z,2026-09-02T01:40:10.657503447Z,341.069059,200,fa5bbaa12602c6803fc911cd560f3cd567585f7b4703499b433ac2343ab380c5,,true,miss
retained-20260902-68135d3ad33f,S2-100-r06,S2-100,request-006,d4745ce8b0076d85ef4bad6643512dad50425d8f61a49108664596ff785caf3e,f4e44e9f9016,2026-09-02T01:40:10.316353117Z,2026-09-02T01:40:10.656576433Z,340.223315,200,fa5bbaa12602c6803fc911cd560f3cd567585f7b4703499b433ac2343ab380c5,,true,miss
retained-20260902-68135d3ad33f,S2-100-r06,S2-100,request-007,d4745ce8b0076d85ef4bad6643512dad50425d8f61a49108664596ff785caf3e,f4e44e9f9016,2026-09-02T01:40:10.300185132Z,2026-09-02T01:40:10.655109385Z,354.924253,200,fa5bbaa12602c6803fc911cd560f3cd567585f7b4703499b433ac2343ab380c5,,true,miss
retained-20260902-68135d3ad33f,S2-100-r06,S2-100,request-008,d4745ce8b0076d85ef4bad6643512dad50425d8f61a49108664596ff785caf3e,f4e44e9f9016,2026-09-02T01:40:10.300151513Z,2026-09-02T01:40:10.654765938Z,354.614426,200,fa5bbaa12602c6803fc911cd560f3cd567585f7b4703499b433ac2343ab380c5,,true,miss
retained-20260902-68135d3ad33f,S2-100-r06,S2-100,request-009,d4745ce8b0076d85ef4bad6643512dad50425d8f61a49108664596ff785caf3e,f4e44e9f9016,2026-09-02T01:40:10.300135844Z,2026-09-02T01:40:10.654503045Z,354.367206,200,fa5bbaa12602c6803fc911cd560f3cd567585f7b4703499b433ac2343ab380c5,,true,miss
retained-20260902-68135d3ad33f,S2-100-r06,S2-100,request-010,d4745ce8b0076d85ef4bad6643512dad50425d8f61a49108664596ff785caf3e,f4e44e9f9016,2026-09-02T01:40:10.300108745Z,2026-09-02T01:40:10.654254988Z,354.146243,200,fa5bbaa12602c6803fc911cd560f3cd567585f7b4703499b433ac2343ab380c5,,true,miss
retained-20260902-68135d3ad33f,S2-100-r06,S2-100,request-011,d4745ce8b0076d85ef4bad6643512dad50425d8f61a49108664596ff785caf3e,f4e44e9f9016,2026-09-02T01:40:10.300080599Z,2026-09-02T01:40:10.659519513Z,359.438914,200,fa5bbaa12602c6803fc911cd560f3cd567585f7b4703499b433ac2343ab380c5,,true,miss
retained-20260902-68135d3ad33f,S2-100-r06,S2-100,request-012,d4745ce8b0076d85ef4bad6643512dad50425d8f61a49108664596ff785caf3e,f4e44e9f9016,2026-09-02T01:40:10.30005103Z,2026-09-02T01:40:10.658553455Z,358.502419,200,fa5bbaa12602c6803fc911cd560f3cd567585f7b4703499b433ac2343ab380c5,,true,miss
retained-20260902-68135d3ad33f,S2-100-r06,S2-100,request-013,d4745ce8b0076d85ef4bad6643512dad50425d8f61a49108664596ff785caf3e,f4e44e9f9016,2026-09-02T01:40:10.300019989Z,2026-09-02T01:40:10.657685836Z,357.665849,200,fa5bbaa12602c6803fc911cd560f3cd567585f7b4703499b433ac2343ab380c5,,true,miss
retained-20260902-68135d3ad33f,S2-100-r06,S2-100,request-014,d4745ce8b0076d85ef4bad6643512dad50425d8f61a49108664596ff785caf3e,f4e44e9f9016,2026-09-02T01:40:10.299254095Z,2026-09-02T01:40:10.657561871Z,358.307776,200,fa5bbaa12602c6803fc911cd560f3cd567585f7b4703499b433ac2343ab380c5,,true,miss
retained-20260902-68135d3ad33f,S2-100-r06,S2-100,request-015,d4745ce8b0076d85ef4bad6643512dad50425d8f61a49108664596ff785caf3e,f4e44e9f9016,2026-09-02T01:40:10.316912722Z,2026-09-02T01:40:10.658008867Z,341.096151,200,fa5bbaa12602c6803fc911cd560f3cd567585f7b4703499b433ac2343ab380c5,,true,miss
retained-20260902-68135d3ad33f,S2-100-r06,S2-100,request-016,d4745ce8b0076d85ef4bad6643512dad50425d8f61a49108664596ff785caf3e,f4e44e9f9016,2026-09-02T01:40:10.316896124Z,2026-09-02T01:40:10.659470512Z,342.574395,200,fa5bbaa12602c6803fc911cd560f3cd567585f7b4703499b433ac2343ab380c5,,true,miss
retained-20260902-68135d3ad33f,S2-100-r06,S2-100,request-017,d4745ce8b0076d85ef4bad6643512dad50425d8f61a49108664596ff785caf3e,f4e44e9f9016,2026-09-02T01:40:10.316871934Z,2026-09-02T01:40:10.657793725Z,340.921797,200,fa5bbaa12602c6803fc911cd560f3cd567585f7b4703499b433ac2343ab380c5,,true,miss
retained-20260902-68135d3ad33f,S2-100-r06,S2-100,request-018,d4745ce8b0076d85ef4bad6643512dad50425d8f61a49108664596ff785caf3e,f4e44e9f9016,2026-09-02T01:40:10.316850358Z,2026-09-02T01:40:10.659418201Z,342.567848,200,fa5bbaa12602c6803fc911cd560f3cd567585f7b4703499b433ac2343ab380c5,,true,miss
retained-20260902-68135d3ad33f,S2-100-r06,S2-100,request-019,d4745ce8b0076d85ef4bad6643512dad50425d8f61a49108664596ff785caf3e,f4e44e9f9016,2026-09-02T01:40:10.316828703Z,2026-09-02T01:40:10.656864337Z,340.035628,200,fa5bbaa12602c6803fc911cd560f3cd567585f7b4703499b433ac2343ab380c5,,true,miss
retained-20260902-68135d3ad33f,S2-100-r06,S2-100,request-020,d4745ce8b0076d85ef4bad6643512dad50425d8f61a49108664596ff785caf3e,f4e44e9f9016,2026-09-02T01:40:10.316768091Z,2026-09-02T01:40:10.656497251Z,339.729166,200,fa5bbaa12602c6803fc911cd560f3cd567585f7b4703499b433ac2343ab380c5,,true,miss
retained-20260902-68135d3ad33f,S2-100-r06,S2-100,request-021,d4745ce8b0076d85ef4bad6643512dad50425d8f61a49108664596ff785caf3e,f4e44e9f9016,2026-09-02T01:40:10.316738868Z,2026-09-02T01:40:10.657897437Z,341.158570,200,fa5bbaa12602c6803fc911cd560f3cd567585f7b4703499b433ac2343ab380c5,,true,miss
retained-20260902-68135d3ad33f,S2-100-r06,S2-100,request-022,d4745ce8b0076d85ef4bad6643512dad50425d8f61a49108664596ff785caf3e,f4e44e9f9016,2026-09-02T01:40:10.316705795Z,2026-09-02T01:40:10.65501474Z,338.308951,200,fa5bbaa12602c6803fc911cd560f3cd567585f7b4703499b433ac2343ab380c5,,true,miss
retained-20260902-68135d3ad33f,S2-100-r06,S2-100,request-023,d4745ce8b0076d85ef4bad6643512dad50425d8f61a49108664596ff785caf3e,f4e44e9f9016,2026-09-02T01:40:10.316678477Z,2026-09-02T01:40:10.654667017Z,337.988548,200,fa5bbaa12602c6803fc911cd560f3cd567585f7b4703499b433ac2343ab380c5,,true,miss
retained-20260902-68135d3ad33f,S2-100-r06,S2-100,request-024,d4745ce8b0076d85ef4bad6643512dad50425d8f61a49108664596ff785caf3e,f4e44e9f9016,2026-09-02T01:40:10.316639728Z,2026-09-02T01:40:10.654314191Z,337.674471,200,fa5bbaa12602c6803fc911cd560f3cd567585f7b4703499b433ac2343ab380c5,,true,miss
retained-20260902-68135d3ad33f,S2-100-r06,S2-100,request-025,d4745ce8b0076d85ef4bad6643512dad50425d8f61a49108664596ff785caf3e,f4e44e9f9016,2026-09-02T01:40:10.316598634Z,2026-09-02T01:40:10.659574721Z,342.976089,200,fa5bbaa12602c6803fc911cd560f3cd567585f7b4703499b433ac2343ab380c5,,true,miss
retained-20260902-68135d3ad33f,S2-100-r06,S2-100,request-026,d4745ce8b0076d85ef4bad6643512dad50425d8f61a49108664596ff785caf3e,f4e44e9f9016,2026-09-02T01:40:10.316527586Z,2026-09-02T01:40:10.658418571Z,341.890992,200,fa5bbaa12602c6803fc911cd560f3cd567585f7b4703499b433ac2343ab380c5,,true,miss
retained-20260902-68135d3ad33f,S2-100-r06,S2-100,request-027,d4745ce8b0076d85ef4bad6643512dad50425d8f61a49108664596ff785caf3e,f4e44e9f9016,2026-09-02T01:40:10.316507534Z,2026-09-02T01:40:10.657962584Z,341.455060,200,fa5bbaa12602c6803fc911cd560f3cd567585f7b4703499b433ac2343ab380c5,,true,miss
retained-20260902-68135d3ad33f,S2-100-r06,S2-100,request-028,d4745ce8b0076d85ef4bad6643512dad50425d8f61a49108664596ff785caf3e,f4e44e9f9016,2026-09-02T01:40:10.316486554Z,2026-09-02T01:40:10.657757316Z,341.270770,200,fa5bbaa12602c6803fc911cd560f3cd567585f7b4703499b433ac2343ab380c5,,true,miss
retained-20260902-68135d3ad33f,S2-100-r06,S2-100,request-029,d4745ce8b0076d85ef4bad6643512dad50425d8f61a49108664596ff785caf3e,f4e44e9f9016,2026-09-02T01:40:10.316452398Z,2026-09-02T01:40:10.657620399Z,341.168004,200,fa5bbaa12602c6803fc911cd560f3cd567585f7b4703499b433ac2343ab380c5,,true,miss
retained-20260902-68135d3ad33f,S2-100-r06,S2-100,request-030,d4745ce8b0076d85ef4bad6643512dad50425d8f61a49108664596ff785caf3e,f4e44e9f9016,2026-09-02T01:40:10.316434032Z,2026-09-02T01:40:10.657219822Z,340.785786,200,fa5bbaa12602c6803fc911cd560f3cd567585f7b4703499b433ac2343ab380c5,,true,miss
retained-20260902-68135d3ad33f,S2-100-r06,S2-100,request-031,d4745ce8b0076d85ef4bad6643512dad50425d8f61a49108664596ff785caf3e,f4e44e9f9016,2026-09-02T01:40:10.316409353Z,2026-09-02T01:40:10.656906161Z,340.496810,200,fa5bbaa12602c6803fc911cd560f3cd567585f7b4703499b433ac2343ab380c5,,true,miss
retained-20260902-68135d3ad33f,S2-100-r06,S2-100,request-032,d4745ce8b0076d85ef4bad6643512dad50425d8f61a49108664596ff785caf3e,f4e44e9f9016,2026-09-02T01:40:10.316386272Z,2026-09-02T01:40:10.656460727Z,340.074461,200,fa5bbaa12602c6803fc911cd560f3cd567585f7b4703499b433ac2343ab380c5,,true,miss
retained-20260902-68135d3ad33f,S2-100-r06,S2-100,request-033,d4745ce8b0076d85ef4bad6643512dad50425d8f61a49108664596ff785caf3e,f4e44e9f9016,2026-09-02T01:40:10.316361399Z,2026-09-02T01:40:10.656261977Z,339.900574,200,fa5bbaa12602c6803fc911cd560f3cd567585f7b4703499b433ac2343ab380c5,,true,miss
retained-20260902-68135d3ad33f,S2-100-r06,S2-100,request-034,d4745ce8b0076d85ef4bad6643512dad50425d8f61a49108664596ff785caf3e,f4e44e9f9016,2026-09-02T01:40:10.316261669Z,2026-09-02T01:40:10.656087873Z,339.826193,200,fa5bbaa12602c6803fc911cd560f3cd567585f7b4703499b433ac2343ab380c5,,true,miss
retained-20260902-68135d3ad33f,S2-100-r06,S2-100,request-035,d4745ce8b0076d85ef4bad6643512dad50425d8f61a49108664596ff785caf3e,f4e44e9f9016,2026-09-02T01:40:10.300198024Z,2026-09-02T01:40:10.659235077Z,359.037053,200,fa5bbaa12602c6803fc911cd560f3cd567585f7b4703499b433ac2343ab380c5,,true,miss
retained-20260902-68135d3ad33f,S2-100-r06,S2-100,request-036,d4745ce8b0076d85ef4bad6643512dad50425d8f61a49108664596ff785caf3e,f4e44e9f9016,2026-09-02T01:40:10.300177413Z,2026-09-02T01:40:10.654937586Z,354.760173,200,fa5bbaa12602c6803fc911cd560f3cd567585f7b4703499b433ac2343ab380c5,,true,miss
retained-20260902-68135d3ad33f,S2-100-r06,S2-100,request-037,d4745ce8b0076d85ef4bad6643512dad50425d8f61a49108664596ff785caf3e,f4e44e9f9016,2026-09-02T01:40:10.300140738Z,2026-09-02T01:40:10.654624101Z,354.483375,200,fa5bbaa12602c6803fc911cd560f3cd567585f7b4703499b433ac2343ab380c5,,true,miss
retained-20260902-68135d3ad33f,S2-100-r06,S2-100,request-038,d4745ce8b0076d85ef4bad6643512dad50425d8f61a49108664596ff785caf3e,f4e44e9f9016,2026-09-02T01:40:10.300116362Z,2026-09-02T01:40:10.654380934Z,354.264578,200,fa5bbaa12602c6803fc911cd560f3cd567585f7b4703499b433ac2343ab380c5,,true,miss
retained-20260902-68135d3ad33f,S2-100-r06,S2-100,request-039,d4745ce8b0076d85ef4bad6643512dad50425d8f61a49108664596ff785caf3e,f4e44e9f9016,2026-09-02T01:40:10.300079936Z,2026-09-02T01:40:10.653524749Z,353.444817,200,fa5bbaa12602c6803fc911cd560f3cd567585f7b4703499b433ac2343ab380c5,,true,miss
retained-20260902-68135d3ad33f,S2-100-r06,S2-100,request-040,d4745ce8b0076d85ef4bad6643512dad50425d8f61a49108664596ff785caf3e,f4e44e9f9016,2026-09-02T01:40:10.300056447Z,2026-09-02T01:40:10.65817067Z,358.114224,200,fa5bbaa12602c6803fc911cd560f3cd567585f7b4703499b433ac2343ab380c5,,true,miss
retained-20260902-68135d3ad33f,S2-100-r06,S2-100,request-041,d4745ce8b0076d85ef4bad6643512dad50425d8f61a49108664596ff785caf3e,f4e44e9f9016,2026-09-02T01:40:10.300026207Z,2026-09-02T01:40:10.659355019Z,359.328808,200,fa5bbaa12602c6803fc911cd560f3cd567585f7b4703499b433ac2343ab380c5,,true,miss
retained-20260902-68135d3ad33f,S2-100-r06,S2-100,request-042,d4745ce8b0076d85ef4bad6643512dad50425d8f61a49108664596ff785caf3e,f4e44e9f9016,2026-09-02T01:40:10.299997715Z,2026-09-02T01:40:10.657844654Z,357.846940,200,fa5bbaa12602c6803fc911cd560f3cd567585f7b4703499b433ac2343ab380c5,,true,miss
retained-20260902-68135d3ad33f,S2-100-r06,S2-100,request-043,d4745ce8b0076d85ef4bad6643512dad50425d8f61a49108664596ff785caf3e,f4e44e9f9016,2026-09-02T01:40:10.299968299Z,2026-09-02T01:40:10.657620117Z,357.651819,200,fa5bbaa12602c6803fc911cd560f3cd567585f7b4703499b433ac2343ab380c5,,true,miss
retained-20260902-68135d3ad33f,S2-100-r06,S2-100,request-044,d4745ce8b0076d85ef4bad6643512dad50425d8f61a49108664596ff785caf3e,f4e44e9f9016,2026-09-02T01:40:10.299950517Z,2026-09-02T01:40:10.659474732Z,359.524216,200,fa5bbaa12602c6803fc911cd560f3cd567585f7b4703499b433ac2343ab380c5,,true,miss
retained-20260902-68135d3ad33f,S2-100-r06,S2-100,request-045,d4745ce8b0076d85ef4bad6643512dad50425d8f61a49108664596ff785caf3e,f4e44e9f9016,2026-09-02T01:40:10.299903582Z,2026-09-02T01:40:10.656765835Z,356.862254,200,fa5bbaa12602c6803fc911cd560f3cd567585f7b4703499b433ac2343ab380c5,,true,miss
retained-20260902-68135d3ad33f,S2-100-r06,S2-100,request-046,d4745ce8b0076d85ef4bad6643512dad50425d8f61a49108664596ff785caf3e,f4e44e9f9016,2026-09-02T01:40:10.299864391Z,2026-09-02T01:40:10.656617848Z,356.753464,200,fa5bbaa12602c6803fc911cd560f3cd567585f7b4703499b433ac2343ab380c5,,true,miss
retained-20260902-68135d3ad33f,S2-100-r06,S2-100,request-047,d4745ce8b0076d85ef4bad6643512dad50425d8f61a49108664596ff785caf3e,f4e44e9f9016,2026-09-02T01:40:10.299843351Z,2026-09-02T01:40:10.656148687Z,356.305340,200,fa5bbaa12602c6803fc911cd560f3cd567585f7b4703499b433ac2343ab380c5,,true,miss
retained-20260902-68135d3ad33f,S2-100-r06,S2-100,request-048,d4745ce8b0076d85ef4bad6643512dad50425d8f61a49108664596ff785caf3e,f4e44e9f9016,2026-09-02T01:40:10.299823383Z,2026-09-02T01:40:10.659322579Z,359.499204,200,fa5bbaa12602c6803fc911cd560f3cd567585f7b4703499b433ac2343ab380c5,,true,miss
retained-20260902-68135d3ad33f,S2-100-r06,S2-100,request-049,d4745ce8b0076d85ef4bad6643512dad50425d8f61a49108664596ff785caf3e,f4e44e9f9016,2026-09-02T01:40:10.29979152Z,2026-09-02T01:40:10.659201817Z,359.410298,200,fa5bbaa12602c6803fc911cd560f3cd567585f7b4703499b433ac2343ab380c5,,true,miss
retained-20260902-68135d3ad33f,S2-100-r06,S2-100,request-050,d4745ce8b0076d85ef4bad6643512dad50425d8f61a49108664596ff785caf3e,f4e44e9f9016,2026-09-02T01:40:10.299769707Z,2026-09-02T01:40:10.658836905Z,359.067204,200,fa5bbaa12602c6803fc911cd560f3cd567585f7b4703499b433ac2343ab380c5,,true,miss
retained-20260902-68135d3ad33f,S2-100-r06,S2-100,request-051,d4745ce8b0076d85ef4bad6643512dad50425d8f61a49108664596ff785caf3e,f4e44e9f9016,2026-09-02T01:40:10.29974768Z,2026-09-02T01:40:10.658264537Z,358.516859,200,fa5bbaa12602c6803fc911cd560f3cd567585f7b4703499b433ac2343ab380c5,,true,miss
retained-20260902-68135d3ad33f,S2-100-r06,S2-100,request-052,d4745ce8b0076d85ef4bad6643512dad50425d8f61a49108664596ff785caf3e,f4e44e9f9016,2026-09-02T01:40:10.299720718Z,2026-09-02T01:40:10.657911915Z,358.191197,200,fa5bbaa12602c6803fc911cd560f3cd567585f7b4703499b433ac2343ab380c5,,true,miss
retained-20260902-68135d3ad33f,S2-100-r06,S2-100,request-053,d4745ce8b0076d85ef4bad6643512dad50425d8f61a49108664596ff785caf3e,f4e44e9f9016,2026-09-02T01:40:10.299692792Z,2026-09-02T01:40:10.657700617Z,358.007821,200,fa5bbaa12602c6803fc911cd560f3cd567585f7b4703499b433ac2343ab380c5,,true,miss
retained-20260902-68135d3ad33f,S2-100-r06,S2-100,request-054,d4745ce8b0076d85ef4bad6643512dad50425d8f61a49108664596ff785caf3e,f4e44e9f9016,2026-09-02T01:40:10.299668618Z,2026-09-02T01:40:10.656756519Z,357.087899,200,fa5bbaa12602c6803fc911cd560f3cd567585f7b4703499b433ac2343ab380c5,,true,miss
retained-20260902-68135d3ad33f,S2-100-r06,S2-100,request-055,d4745ce8b0076d85ef4bad6643512dad50425d8f61a49108664596ff785caf3e,f4e44e9f9016,2026-09-02T01:40:10.299632024Z,2026-09-02T01:40:10.656520573Z,356.888545,200,fa5bbaa12602c6803fc911cd560f3cd567585f7b4703499b433ac2343ab380c5,,true,miss
retained-20260902-68135d3ad33f,S2-100-r06,S2-100,request-056,d4745ce8b0076d85ef4bad6643512dad50425d8f61a49108664596ff785caf3e,f4e44e9f9016,2026-09-02T01:40:10.299580555Z,2026-09-02T01:40:10.655663183Z,356.082635,200,fa5bbaa12602c6803fc911cd560f3cd567585f7b4703499b433ac2343ab380c5,,true,miss
retained-20260902-68135d3ad33f,S2-100-r06,S2-100,request-057,d4745ce8b0076d85ef4bad6643512dad50425d8f61a49108664596ff785caf3e,f4e44e9f9016,2026-09-02T01:40:10.299559604Z,2026-09-02T01:40:10.654837931Z,355.278323,200,fa5bbaa12602c6803fc911cd560f3cd567585f7b4703499b433ac2343ab380c5,,true,miss
retained-20260902-68135d3ad33f,S2-100-r06,S2-100,request-058,d4745ce8b0076d85ef4bad6643512dad50425d8f61a49108664596ff785caf3e,f4e44e9f9016,2026-09-02T01:40:10.299550372Z,2026-09-02T01:40:10.654696658Z,355.146303,200,fa5bbaa12602c6803fc911cd560f3cd567585f7b4703499b433ac2343ab380c5,,true,miss
retained-20260902-68135d3ad33f,S2-100-r06,S2-100,request-059,d4745ce8b0076d85ef4bad6643512dad50425d8f61a49108664596ff785caf3e,f4e44e9f9016,2026-09-02T01:40:10.299512139Z,2026-09-02T01:40:10.654442719Z,354.930586,200,fa5bbaa12602c6803fc911cd560f3cd567585f7b4703499b433ac2343ab380c5,,true,miss
retained-20260902-68135d3ad33f,S2-100-r06,S2-100,request-060,d4745ce8b0076d85ef4bad6643512dad50425d8f61a49108664596ff785caf3e,f4e44e9f9016,2026-09-02T01:40:10.29948343Z,2026-09-02T01:40:10.653499659Z,354.016234,200,fa5bbaa12602c6803fc911cd560f3cd567585f7b4703499b433ac2343ab380c5,,false,miss
retained-20260902-68135d3ad33f,S2-100-r06,S2-100,request-061,d4745ce8b0076d85ef4bad6643512dad50425d8f61a49108664596ff785caf3e,f4e44e9f9016,2026-09-02T01:40:10.299452139Z,2026-09-02T01:40:10.655104054Z,355.651922,200,fa5bbaa12602c6803fc911cd560f3cd567585f7b4703499b433ac2343ab380c5,,true,miss
retained-20260902-68135d3ad33f,S2-100-r06,S2-100,request-062,d4745ce8b0076d85ef4bad6643512dad50425d8f61a49108664596ff785caf3e,f4e44e9f9016,2026-09-02T01:40:10.299421861Z,2026-09-02T01:40:10.654749201Z,355.327340,200,fa5bbaa12602c6803fc911cd560f3cd567585f7b4703499b433ac2343ab380c5,,true,miss
retained-20260902-68135d3ad33f,S2-100-r06,S2-100,request-063,d4745ce8b0076d85ef4bad6643512dad50425d8f61a49108664596ff785caf3e,f4e44e9f9016,2026-09-02T01:40:10.299260028Z,2026-09-02T01:40:10.658414918Z,359.154889,200,fa5bbaa12602c6803fc911cd560f3cd567585f7b4703499b433ac2343ab380c5,,true,miss
retained-20260902-68135d3ad33f,S2-100-r06,S2-100,request-064,d4745ce8b0076d85ef4bad6643512dad50425d8f61a49108664596ff785caf3e,f4e44e9f9016,2026-09-02T01:40:10.31683942Z,2026-09-02T01:40:10.659267692Z,342.428279,200,fa5bbaa12602c6803fc911cd560f3cd567585f7b4703499b433ac2343ab380c5,,true,miss
retained-20260902-68135d3ad33f,S2-100-r06,S2-100,request-065,d4745ce8b0076d85ef4bad6643512dad50425d8f61a49108664596ff785caf3e,f4e44e9f9016,2026-09-02T01:40:10.316805931Z,2026-09-02T01:40:10.656362894Z,339.556966,200,fa5bbaa12602c6803fc911cd560f3cd567585f7b4703499b433ac2343ab380c5,,true,miss
retained-20260902-68135d3ad33f,S2-100-r06,S2-100,request-066,d4745ce8b0076d85ef4bad6643512dad50425d8f61a49108664596ff785caf3e,f4e44e9f9016,2026-09-02T01:40:10.316699111Z,2026-09-02T01:40:10.654838028Z,338.138918,200,fa5bbaa12602c6803fc911cd560f3cd567585f7b4703499b433ac2343ab380c5,,true,miss
retained-20260902-68135d3ad33f,S2-100-r06,S2-100,request-067,d4745ce8b0076d85ef4bad6643512dad50425d8f61a49108664596ff785caf3e,f4e44e9f9016,2026-09-02T01:40:10.316678701Z,2026-09-02T01:40:10.654555385Z,337.876685,200,fa5bbaa12602c6803fc911cd560f3cd567585f7b4703499b433ac2343ab380c5,,true,miss
retained-20260902-68135d3ad33f,S2-100-r06,S2-100,request-068,d4745ce8b0076d85ef4bad6643512dad50425d8f61a49108664596ff785caf3e,f4e44e9f9016,2026-09-02T01:40:10.316640065Z,2026-09-02T01:40:10.654426411Z,337.786351,200,fa5bbaa12602c6803fc911cd560f3cd567585f7b4703499b433ac2343ab380c5,,true,miss
retained-20260902-68135d3ad33f,S2-100-r06,S2-100,request-069,d4745ce8b0076d85ef4bad6643512dad50425d8f61a49108664596ff785caf3e,f4e44e9f9016,2026-09-02T01:40:10.316616358Z,2026-09-02T01:40:10.659149884Z,342.533530,200,fa5bbaa12602c6803fc911cd560f3cd567585f7b4703499b433ac2343ab380c5,,true,miss
retained-20260902-68135d3ad33f,S2-100-r06,S2-100,request-070,d4745ce8b0076d85ef4bad6643512dad50425d8f61a49108664596ff785caf3e,f4e44e9f9016,2026-09-02T01:40:10.316592902Z,2026-09-02T01:40:10.659001163Z,342.408260,200,fa5bbaa12602c6803fc911cd560f3cd567585f7b4703499b433ac2343ab380c5,,true,miss
retained-20260902-68135d3ad33f,S2-100-r06,S2-100,request-071,d4745ce8b0076d85ef4bad6643512dad50425d8f61a49108664596ff785caf3e,f4e44e9f9016,2026-09-02T01:40:10.316543739Z,2026-09-02T01:40:10.658924548Z,342.380808,200,fa5bbaa12602c6803fc911cd560f3cd567585f7b4703499b433ac2343ab380c5,,true,miss
retained-20260902-68135d3ad33f,S2-100-r06,S2-100,request-072,d4745ce8b0076d85ef4bad6643512dad50425d8f61a49108664596ff785caf3e,f4e44e9f9016,2026-09-02T01:40:10.316514889Z,2026-09-02T01:40:10.658143784Z,341.628895,200,fa5bbaa12602c6803fc911cd560f3cd567585f7b4703499b433ac2343ab380c5,,true,miss
retained-20260902-68135d3ad33f,S2-100-r06,S2-100,request-073,d4745ce8b0076d85ef4bad6643512dad50425d8f61a49108664596ff785caf3e,f4e44e9f9016,2026-09-02T01:40:10.316464115Z,2026-09-02T01:40:10.657859772Z,341.395665,200,fa5bbaa12602c6803fc911cd560f3cd567585f7b4703499b433ac2343ab380c5,,true,miss
retained-20260902-68135d3ad33f,S2-100-r06,S2-100,request-074,d4745ce8b0076d85ef4bad6643512dad50425d8f61a49108664596ff785caf3e,f4e44e9f9016,2026-09-02T01:40:10.299998443Z,2026-09-02T01:40:10.657955113Z,357.956672,200,fa5bbaa12602c6803fc911cd560f3cd567585f7b4703499b433ac2343ab380c5,,true,miss
retained-20260902-68135d3ad33f,S2-100-r06,S2-100,request-075,d4745ce8b0076d85ef4bad6643512dad50425d8f61a49108664596ff785caf3e,f4e44e9f9016,2026-09-02T01:40:10.299952047Z,2026-09-02T01:40:10.657512873Z,357.560827,200,fa5bbaa12602c6803fc911cd560f3cd567585f7b4703499b433ac2343ab380c5,,true,miss
retained-20260902-68135d3ad33f,S2-100-r06,S2-100,request-076,d4745ce8b0076d85ef4bad6643512dad50425d8f61a49108664596ff785caf3e,f4e44e9f9016,2026-09-02T01:40:10.299902642Z,2026-09-02T01:40:10.657042744Z,357.140110,200,fa5bbaa12602c6803fc911cd560f3cd567585f7b4703499b433ac2343ab380c5,,true,miss
retained-20260902-68135d3ad33f,S2-100-r06,S2-100,request-077,d4745ce8b0076d85ef4bad6643512dad50425d8f61a49108664596ff785caf3e,f4e44e9f9016,2026-09-02T01:40:10.299831499Z,2026-09-02T01:40:10.659374279Z,359.542782,200,fa5bbaa12602c6803fc911cd560f3cd567585f7b4703499b433ac2343ab380c5,,true,miss
retained-20260902-68135d3ad33f,S2-100-r06,S2-100,request-078,d4745ce8b0076d85ef4bad6643512dad50425d8f61a49108664596ff785caf3e,f4e44e9f9016,2026-09-02T01:40:10.299611123Z,2026-09-02T01:40:10.656188159Z,356.577041,200,fa5bbaa12602c6803fc911cd560f3cd567585f7b4703499b433ac2343ab380c5,,true,miss
retained-20260902-68135d3ad33f,S2-100-r06,S2-100,request-079,d4745ce8b0076d85ef4bad6643512dad50425d8f61a49108664596ff785caf3e,f4e44e9f9016,2026-09-02T01:40:10.299595206Z,2026-09-02T01:40:10.659274457Z,359.679259,200,fa5bbaa12602c6803fc911cd560f3cd567585f7b4703499b433ac2343ab380c5,,true,miss
retained-20260902-68135d3ad33f,S2-100-r06,S2-100,request-080,d4745ce8b0076d85ef4bad6643512dad50425d8f61a49108664596ff785caf3e,f4e44e9f9016,2026-09-02T01:40:10.299574517Z,2026-09-02T01:40:10.655023378Z,355.448862,200,fa5bbaa12602c6803fc911cd560f3cd567585f7b4703499b433ac2343ab380c5,,true,miss
retained-20260902-68135d3ad33f,S2-100-r06,S2-100,request-081,d4745ce8b0076d85ef4bad6643512dad50425d8f61a49108664596ff785caf3e,f4e44e9f9016,2026-09-02T01:40:10.299548728Z,2026-09-02T01:40:10.657567965Z,358.019244,200,fa5bbaa12602c6803fc911cd560f3cd567585f7b4703499b433ac2343ab380c5,,true,miss
retained-20260902-68135d3ad33f,S2-100-r06,S2-100,request-082,d4745ce8b0076d85ef4bad6643512dad50425d8f61a49108664596ff785caf3e,f4e44e9f9016,2026-09-02T01:40:10.299524242Z,2026-09-02T01:40:10.654567767Z,355.043531,200,fa5bbaa12602c6803fc911cd560f3cd567585f7b4703499b433ac2343ab380c5,,true,miss
retained-20260902-68135d3ad33f,S2-100-r06,S2-100,request-083,d4745ce8b0076d85ef4bad6643512dad50425d8f61a49108664596ff785caf3e,f4e44e9f9016,2026-09-02T01:40:10.299488137Z,2026-09-02T01:40:10.654247304Z,354.759170,200,fa5bbaa12602c6803fc911cd560f3cd567585f7b4703499b433ac2343ab380c5,,true,miss
retained-20260902-68135d3ad33f,S2-100-r06,S2-100,request-084,d4745ce8b0076d85ef4bad6643512dad50425d8f61a49108664596ff785caf3e,f4e44e9f9016,2026-09-02T01:40:10.299466394Z,2026-09-02T01:40:10.659310425Z,359.844036,200,fa5bbaa12602c6803fc911cd560f3cd567585f7b4703499b433ac2343ab380c5,,true,miss
retained-20260902-68135d3ad33f,S2-100-r06,S2-100,request-085,d4745ce8b0076d85ef4bad6643512dad50425d8f61a49108664596ff785caf3e,f4e44e9f9016,2026-09-02T01:40:10.299446524Z,2026-09-02T01:40:10.654926619Z,355.480102,200,fa5bbaa12602c6803fc911cd560f3cd567585f7b4703499b433ac2343ab380c5,,true,miss
retained-20260902-68135d3ad33f,S2-100-r06,S2-100,request-086,d4745ce8b0076d85ef4bad6643512dad50425d8f61a49108664596ff785caf3e,f4e44e9f9016,2026-09-02T01:40:10.299298627Z,2026-09-02T01:40:10.657068536Z,357.769916,200,fa5bbaa12602c6803fc911cd560f3cd567585f7b4703499b433ac2343ab380c5,,true,miss
retained-20260902-68135d3ad33f,S2-100-r06,S2-100,request-087,d4745ce8b0076d85ef4bad6643512dad50425d8f61a49108664596ff785caf3e,f4e44e9f9016,2026-09-02T01:40:10.299972816Z,2026-09-02T01:40:10.657742234Z,357.769420,200,fa5bbaa12602c6803fc911cd560f3cd567585f7b4703499b433ac2343ab380c5,,true,miss
retained-20260902-68135d3ad33f,S2-100-r06,S2-100,request-088,d4745ce8b0076d85ef4bad6643512dad50425d8f61a49108664596ff785caf3e,f4e44e9f9016,2026-09-02T01:40:10.299869686Z,2026-09-02T01:40:10.656429474Z,356.559787,200,fa5bbaa12602c6803fc911cd560f3cd567585f7b4703499b433ac2343ab380c5,,true,miss
retained-20260902-68135d3ad33f,S2-100-r06,S2-100,request-089,d4745ce8b0076d85ef4bad6643512dad50425d8f61a49108664596ff785caf3e,f4e44e9f9016,2026-09-02T01:40:10.299848987Z,2026-09-02T01:40:10.659421995Z,359.573013,200,fa5bbaa12602c6803fc911cd560f3cd567585f7b4703499b433ac2343ab380c5,,true,miss
retained-20260902-68135d3ad33f,S2-100-r06,S2-100,request-090,d4745ce8b0076d85ef4bad6643512dad50425d8f61a49108664596ff785caf3e,f4e44e9f9016,2026-09-02T01:40:10.299802518Z,2026-09-02T01:40:10.654318767Z,354.516256,200,fa5bbaa12602c6803fc911cd560f3cd567585f7b4703499b433ac2343ab380c5,,true,miss
retained-20260902-68135d3ad33f,S2-100-r06,S2-100,request-091,d4745ce8b0076d85ef4bad6643512dad50425d8f61a49108664596ff785caf3e,f4e44e9f9016,2026-09-02T01:40:10.29977809Z,2026-09-02T01:40:10.659079589Z,359.301505,200,fa5bbaa12602c6803fc911cd560f3cd567585f7b4703499b433ac2343ab380c5,,true,miss
retained-20260902-68135d3ad33f,S2-100-r06,S2-100,request-092,d4745ce8b0076d85ef4bad6643512dad50425d8f61a49108664596ff785caf3e,f4e44e9f9016,2026-09-02T01:40:10.299759752Z,2026-09-02T01:40:10.658580777Z,358.821027,200,fa5bbaa12602c6803fc911cd560f3cd567585f7b4703499b433ac2343ab380c5,,true,miss
retained-20260902-68135d3ad33f,S2-100-r06,S2-100,request-093,d4745ce8b0076d85ef4bad6643512dad50425d8f61a49108664596ff785caf3e,f4e44e9f9016,2026-09-02T01:40:10.299739335Z,2026-09-02T01:40:10.658013292Z,358.273963,200,fa5bbaa12602c6803fc911cd560f3cd567585f7b4703499b433ac2343ab380c5,,true,miss
retained-20260902-68135d3ad33f,S2-100-r06,S2-100,request-094,d4745ce8b0076d85ef4bad6643512dad50425d8f61a49108664596ff785caf3e,f4e44e9f9016,2026-09-02T01:40:10.299701603Z,2026-09-02T01:40:10.657808887Z,358.107291,200,fa5bbaa12602c6803fc911cd560f3cd567585f7b4703499b433ac2343ab380c5,,true,miss
retained-20260902-68135d3ad33f,S2-100-r06,S2-100,request-095,d4745ce8b0076d85ef4bad6643512dad50425d8f61a49108664596ff785caf3e,f4e44e9f9016,2026-09-02T01:40:10.299684978Z,2026-09-02T01:40:10.657307438Z,357.622468,200,fa5bbaa12602c6803fc911cd560f3cd567585f7b4703499b433ac2343ab380c5,,true,miss
retained-20260902-68135d3ad33f,S2-100-r06,S2-100,request-096,d4745ce8b0076d85ef4bad6643512dad50425d8f61a49108664596ff785caf3e,f4e44e9f9016,2026-09-02T01:40:10.299654144Z,2026-09-02T01:40:10.656632212Z,356.978069,200,fa5bbaa12602c6803fc911cd560f3cd567585f7b4703499b433ac2343ab380c5,,true,miss
retained-20260902-68135d3ad33f,S2-100-r06,S2-100,request-097,d4745ce8b0076d85ef4bad6643512dad50425d8f61a49108664596ff785caf3e,f4e44e9f9016,2026-09-02T01:40:10.299632043Z,2026-09-02T01:40:10.656377196Z,356.745154,200,fa5bbaa12602c6803fc911cd560f3cd567585f7b4703499b433ac2343ab380c5,,true,miss
retained-20260902-68135d3ad33f,S2-100-r06,S2-100,request-098,d4745ce8b0076d85ef4bad6643512dad50425d8f61a49108664596ff785caf3e,f4e44e9f9016,2026-09-02T01:40:10.299420385Z,2026-09-02T01:40:10.654611213Z,355.190829,200,fa5bbaa12602c6803fc911cd560f3cd567585f7b4703499b433ac2343ab380c5,,true,miss
retained-20260902-68135d3ad33f,S2-100-r06,S2-100,request-099,d4745ce8b0076d85ef4bad6643512dad50425d8f61a49108664596ff785caf3e,f4e44e9f9016,2026-09-02T01:40:10.299293491Z,2026-09-02T01:40:10.654495037Z,355.201552,200,fa5bbaa12602c6803fc911cd560f3cd567585f7b4703499b433ac2343ab380c5,,true,miss
retained-20260902-68135d3ad33f,S2-100-r06,S2-100,request-100,d4745ce8b0076d85ef4bad6643512dad50425d8f61a49108664596ff785caf3e,f4e44e9f9016,2026-09-02T01:40:10.316934041Z,2026-09-02T01:40:10.659525507Z,342.591472,200,fa5bbaa12602c6803fc911cd560f3cd567585f7b4703499b433ac2343ab380c5,,true,miss
retained-20260902-68135d3ad33f,S0-r07,S0,request-001,d4745ce8b0076d85ef4bad6643512dad50425d8f61a49108664596ff785caf3e,f4e44e9f9016,2026-09-02T01:40:10.93001079Z,2026-09-02T01:40:11.267646985Z,337.636200,200,fa5bbaa12602c6803fc911cd560f3cd567585f7b4703499b433ac2343ab380c5,,false,miss
retained-20260902-68135d3ad33f,S2-10-r07,S2-10,request-001,d4745ce8b0076d85ef4bad6643512dad50425d8f61a49108664596ff785caf3e,f4e44e9f9016,2026-09-02T01:40:11.559355048Z,2026-09-02T01:40:11.889329696Z,329.974649,200,fa5bbaa12602c6803fc911cd560f3cd567585f7b4703499b433ac2343ab380c5,,true,miss
retained-20260902-68135d3ad33f,S2-10-r07,S2-10,request-002,d4745ce8b0076d85ef4bad6643512dad50425d8f61a49108664596ff785caf3e,f4e44e9f9016,2026-09-02T01:40:11.559339072Z,2026-09-02T01:40:11.88943669Z,330.097619,200,fa5bbaa12602c6803fc911cd560f3cd567585f7b4703499b433ac2343ab380c5,,true,miss
retained-20260902-68135d3ad33f,S2-10-r07,S2-10,request-003,d4745ce8b0076d85ef4bad6643512dad50425d8f61a49108664596ff785caf3e,f4e44e9f9016,2026-09-02T01:40:11.559320362Z,2026-09-02T01:40:11.889593748Z,330.273389,200,fa5bbaa12602c6803fc911cd560f3cd567585f7b4703499b433ac2343ab380c5,,true,miss
retained-20260902-68135d3ad33f,S2-10-r07,S2-10,request-004,d4745ce8b0076d85ef4bad6643512dad50425d8f61a49108664596ff785caf3e,f4e44e9f9016,2026-09-02T01:40:11.559292186Z,2026-09-02T01:40:11.889455701Z,330.163520,200,fa5bbaa12602c6803fc911cd560f3cd567585f7b4703499b433ac2343ab380c5,,true,miss
retained-20260902-68135d3ad33f,S2-10-r07,S2-10,request-005,d4745ce8b0076d85ef4bad6643512dad50425d8f61a49108664596ff785caf3e,f4e44e9f9016,2026-09-02T01:40:11.559251494Z,2026-09-02T01:40:11.889568564Z,330.317067,200,fa5bbaa12602c6803fc911cd560f3cd567585f7b4703499b433ac2343ab380c5,,true,miss
retained-20260902-68135d3ad33f,S2-10-r07,S2-10,request-006,d4745ce8b0076d85ef4bad6643512dad50425d8f61a49108664596ff785caf3e,f4e44e9f9016,2026-09-02T01:40:11.559421172Z,2026-09-02T01:40:11.889384713Z,329.963544,200,fa5bbaa12602c6803fc911cd560f3cd567585f7b4703499b433ac2343ab380c5,,false,miss
retained-20260902-68135d3ad33f,S2-10-r07,S2-10,request-007,d4745ce8b0076d85ef4bad6643512dad50425d8f61a49108664596ff785caf3e,f4e44e9f9016,2026-09-02T01:40:11.559387125Z,2026-09-02T01:40:11.889492274Z,330.105149,200,fa5bbaa12602c6803fc911cd560f3cd567585f7b4703499b433ac2343ab380c5,,true,miss
retained-20260902-68135d3ad33f,S2-10-r07,S2-10,request-008,d4745ce8b0076d85ef4bad6643512dad50425d8f61a49108664596ff785caf3e,f4e44e9f9016,2026-09-02T01:40:11.559350829Z,2026-09-02T01:40:11.8895436Z,330.192774,200,fa5bbaa12602c6803fc911cd560f3cd567585f7b4703499b433ac2343ab380c5,,true,miss
retained-20260902-68135d3ad33f,S2-10-r07,S2-10,request-009,d4745ce8b0076d85ef4bad6643512dad50425d8f61a49108664596ff785caf3e,f4e44e9f9016,2026-09-02T01:40:11.559327552Z,2026-09-02T01:40:11.889509337Z,330.181785,200,fa5bbaa12602c6803fc911cd560f3cd567585f7b4703499b433ac2343ab380c5,,true,miss
retained-20260902-68135d3ad33f,S2-10-r07,S2-10,request-010,d4745ce8b0076d85ef4bad6643512dad50425d8f61a49108664596ff785caf3e,f4e44e9f9016,2026-09-02T01:40:11.559169987Z,2026-09-02T01:40:11.889398958Z,330.228972,200,fa5bbaa12602c6803fc911cd560f3cd567585f7b4703499b433ac2343ab380c5,,true,miss
retained-20260902-68135d3ad33f,S1-10-r07,S1-10,request-001,d4745ce8b0076d85ef4bad6643512dad50425d8f61a49108664596ff785caf3e,f4e44e9f9016,2026-09-02T01:40:12.234005326Z,2026-09-02T01:40:13.552010754Z,1318.005434,200,fa5bbaa12602c6803fc911cd560f3cd567585f7b4703499b433ac2343ab380c5,,false,miss
retained-20260902-68135d3ad33f,S1-10-r07,S1-10,request-002,d4745ce8b0076d85ef4bad6643512dad50425d8f61a49108664596ff785caf3e,f4e44e9f9016,2026-09-02T01:40:12.233982687Z,2026-09-02T01:40:14.755223517Z,2521.240837,200,fa5bbaa12602c6803fc911cd560f3cd567585f7b4703499b433ac2343ab380c5,,false,miss
retained-20260902-68135d3ad33f,S1-10-r07,S1-10,request-003,d4745ce8b0076d85ef4bad6643512dad50425d8f61a49108664596ff785caf3e,f4e44e9f9016,2026-09-02T01:40:12.233957411Z,2026-09-02T01:40:13.551011923Z,1317.054519,200,fa5bbaa12602c6803fc911cd560f3cd567585f7b4703499b433ac2343ab380c5,,false,miss
retained-20260902-68135d3ad33f,S1-10-r07,S1-10,request-004,d4745ce8b0076d85ef4bad6643512dad50425d8f61a49108664596ff785caf3e,f4e44e9f9016,2026-09-02T01:40:12.233822522Z,2026-09-02T01:40:13.564415671Z,1330.593131,200,fa5bbaa12602c6803fc911cd560f3cd567585f7b4703499b433ac2343ab380c5,,false,miss
retained-20260902-68135d3ad33f,S1-10-r07,S1-10,request-005,d4745ce8b0076d85ef4bad6643512dad50425d8f61a49108664596ff785caf3e,f4e44e9f9016,2026-09-02T01:40:12.233982495Z,2026-09-02T01:40:14.861631745Z,2627.649254,200,fa5bbaa12602c6803fc911cd560f3cd567585f7b4703499b433ac2343ab380c5,,false,miss
retained-20260902-68135d3ad33f,S1-10-r07,S1-10,request-006,d4745ce8b0076d85ef4bad6643512dad50425d8f61a49108664596ff785caf3e,f4e44e9f9016,2026-09-02T01:40:12.23388877Z,2026-09-02T01:40:15.461403022Z,3227.514258,200,fa5bbaa12602c6803fc911cd560f3cd567585f7b4703499b433ac2343ab380c5,,false,miss
retained-20260902-68135d3ad33f,S1-10-r07,S1-10,request-007,d4745ce8b0076d85ef4bad6643512dad50425d8f61a49108664596ff785caf3e,f4e44e9f9016,2026-09-02T01:40:12.233866842Z,2026-09-02T01:40:15.453706971Z,3219.840135,200,fa5bbaa12602c6803fc911cd560f3cd567585f7b4703499b433ac2343ab380c5,,false,miss
retained-20260902-68135d3ad33f,S1-10-r07,S1-10,request-008,d4745ce8b0076d85ef4bad6643512dad50425d8f61a49108664596ff785caf3e,f4e44e9f9016,2026-09-02T01:40:12.233843748Z,2026-09-02T01:40:14.765732467Z,2531.888727,200,fa5bbaa12602c6803fc911cd560f3cd567585f7b4703499b433ac2343ab380c5,,false,miss
retained-20260902-68135d3ad33f,S1-10-r07,S1-10,request-009,d4745ce8b0076d85ef4bad6643512dad50425d8f61a49108664596ff785caf3e,f4e44e9f9016,2026-09-02T01:40:12.234034636Z,2026-09-02T01:40:13.554462722Z,1320.428093,200,fa5bbaa12602c6803fc911cd560f3cd567585f7b4703499b433ac2343ab380c5,,false,miss
retained-20260902-68135d3ad33f,S1-10-r07,S1-10,request-010,d4745ce8b0076d85ef4bad6643512dad50425d8f61a49108664596ff785caf3e,f4e44e9f9016,2026-09-02T01:40:12.2340084Z,2026-09-02T01:40:14.758332618Z,2524.324227,200,fa5bbaa12602c6803fc911cd560f3cd567585f7b4703499b433ac2343ab380c5,,false,miss
retained-20260902-68135d3ad33f,S1-50-r07,S1-50,request-001,d4745ce8b0076d85ef4bad6643512dad50425d8f61a49108664596ff785caf3e,f4e44e9f9016,2026-09-02T01:40:15.800653346Z,2026-09-02T01:40:33.563829604Z,15965.526213,200,fa5bbaa12602c6803fc911cd560f3cd567585f7b4703499b433ac2343ab380c5,,false,miss
retained-20260902-68135d3ad33f,S1-50-r07,S1-50,request-002,d4745ce8b0076d85ef4bad6643512dad50425d8f61a49108664596ff785caf3e,f4e44e9f9016,2026-09-02T01:40:15.800630978Z,2026-09-02T01:40:33.617873616Z,16019.592587,200,fa5bbaa12602c6803fc911cd560f3cd567585f7b4703499b433ac2343ab380c5,,false,miss
retained-20260902-68135d3ad33f,S1-50-r07,S1-50,request-003,d4745ce8b0076d85ef4bad6643512dad50425d8f61a49108664596ff785caf3e,f4e44e9f9016,2026-09-02T01:40:15.800671219Z,2026-09-02T01:40:30.75119978Z,13152.878509,200,fa5bbaa12602c6803fc911cd560f3cd567585f7b4703499b433ac2343ab380c5,,false,miss
retained-20260902-68135d3ad33f,S1-50-r07,S1-50,request-004,d4745ce8b0076d85ef4bad6643512dad50425d8f61a49108664596ff785caf3e,f4e44e9f9016,2026-09-02T01:40:15.80055107Z,2026-09-02T01:40:24.158641886Z,6560.440771,200,fa5bbaa12602c6803fc911cd560f3cd567585f7b4703499b433ac2343ab380c5,,false,miss
retained-20260902-68135d3ad33f,S1-50-r07,S1-50,request-005,d4745ce8b0076d85ef4bad6643512dad50425d8f61a49108664596ff785caf3e,f4e44e9f9016,2026-09-02T01:40:15.800544298Z,2026-09-02T01:40:28.152590128Z,10554.395790,200,fa5bbaa12602c6803fc911cd560f3cd567585f7b4703499b433ac2343ab380c5,,false,miss
retained-20260902-68135d3ad33f,S1-50-r07,S1-50,request-006,d4745ce8b0076d85ef4bad6643512dad50425d8f61a49108664596ff785caf3e,f4e44e9f9016,2026-09-02T01:40:15.800494993Z,2026-09-02T01:40:19.871033974Z,4070.538982,200,fa5bbaa12602c6803fc911cd560f3cd567585f7b4703499b433ac2343ab380c5,,false,miss
retained-20260902-68135d3ad33f,S1-50-r07,S1-50,request-007,d4745ce8b0076d85ef4bad6643512dad50425d8f61a49108664596ff785caf3e,f4e44e9f9016,2026-09-02T01:40:15.801164155Z,2026-09-02T01:40:31.953029475Z,14354.215277,200,fa5bbaa12602c6803fc911cd560f3cd567585f7b4703499b433ac2343ab380c5,,false,miss
retained-20260902-68135d3ad33f,S1-50-r07,S1-50,request-008,d4745ce8b0076d85ef4bad6643512dad50425d8f61a49108664596ff785caf3e,f4e44e9f9016,2026-09-02T01:40:15.801144802Z,2026-09-02T01:40:31.666140282Z,14067.345436,200,fa5bbaa12602c6803fc911cd560f3cd567585f7b4703499b433ac2343ab380c5,,false,miss
retained-20260902-68135d3ad33f,S1-50-r07,S1-50,request-009,d4745ce8b0076d85ef4bad6643512dad50425d8f61a49108664596ff785caf3e,f4e44e9f9016,2026-09-02T01:40:15.801139621Z,2026-09-02T01:40:32.957526151Z,15358.736486,200,fa5bbaa12602c6803fc911cd560f3cd567585f7b4703499b433ac2343ab380c5,,false,miss
retained-20260902-68135d3ad33f,S1-50-r07,S1-50,request-010,d4745ce8b0076d85ef4bad6643512dad50425d8f61a49108664596ff785caf3e,f4e44e9f9016,2026-09-02T01:40:15.801121483Z,2026-09-02T01:40:31.863501606Z,14264.730082,200,fa5bbaa12602c6803fc911cd560f3cd567585f7b4703499b433ac2343ab380c5,,false,miss
retained-20260902-68135d3ad33f,S1-50-r07,S1-50,request-011,d4745ce8b0076d85ef4bad6643512dad50425d8f61a49108664596ff785caf3e,f4e44e9f9016,2026-09-02T01:40:15.80109175Z,2026-09-02T01:40:27.853451348Z,10254.709554,200,fa5bbaa12602c6803fc911cd560f3cd567585f7b4703499b433ac2343ab380c5,,false,miss
retained-20260902-68135d3ad33f,S1-50-r07,S1-50,request-012,d4745ce8b0076d85ef4bad6643512dad50425d8f61a49108664596ff785caf3e,f4e44e9f9016,2026-09-02T01:40:15.801071078Z,2026-09-02T01:40:26.657031133Z,9058.310006,200,fa5bbaa12602c6803fc911cd560f3cd567585f7b4703499b433ac2343ab380c5,,false,miss
retained-20260902-68135d3ad33f,S1-50-r07,S1-50,request-013,d4745ce8b0076d85ef4bad6643512dad50425d8f61a49108664596ff785caf3e,f4e44e9f9016,2026-09-02T01:40:15.801048114Z,2026-09-02T01:40:19.854239869Z,4053.191756,200,fa5bbaa12602c6803fc911cd560f3cd567585f7b4703499b433ac2343ab380c5,,false,miss
retained-20260902-68135d3ad33f,S1-50-r07,S1-50,request-014,d4745ce8b0076d85ef4bad6643512dad50425d8f61a49108664596ff785caf3e,f4e44e9f9016,2026-09-02T01:40:15.801028764Z,2026-09-02T01:40:29.362004803Z,11763.325995,200,fa5bbaa12602c6803fc911cd560f3cd567585f7b4703499b433ac2343ab380c5,,false,miss
retained-20260902-68135d3ad33f,S1-50-r07,S1-50,request-015,d4745ce8b0076d85ef4bad6643512dad50425d8f61a49108664596ff785caf3e,f4e44e9f9016,2026-09-02T01:40:15.800996119Z,2026-09-02T01:40:22.962602343Z,5363.956180,200,fa5bbaa12602c6803fc911cd560f3cd567585f7b4703499b433ac2343ab380c5,,false,miss
retained-20260902-68135d3ad33f,S1-50-r07,S1-50,request-016,d4745ce8b0076d85ef4bad6643512dad50425d8f61a49108664596ff785caf3e,f4e44e9f9016,2026-09-02T01:40:15.800973381Z,2026-09-02T01:40:18.652661658Z,2851.688285,200,fa5bbaa12602c6803fc911cd560f3cd567585f7b4703499b433ac2343ab380c5,,false,miss
retained-20260902-68135d3ad33f,S1-50-r07,S1-50,request-017,d4745ce8b0076d85ef4bad6643512dad50425d8f61a49108664596ff785caf3e,f4e44e9f9016,2026-09-02T01:40:15.800937014Z,2026-09-02T01:40:17.169596697Z,1368.659694,200,fa5bbaa12602c6803fc911cd560f3cd567585f7b4703499b433ac2343ab380c5,,false,miss
retained-20260902-68135d3ad33f,S1-50-r07,S1-50,request-018,d4745ce8b0076d85ef4bad6643512dad50425d8f61a49108664596ff785caf3e,f4e44e9f9016,2026-09-02T01:40:15.800907304Z,2026-09-02T01:40:30.357094317Z,12758.536947,200,fa5bbaa12602c6803fc911cd560f3cd567585f7b4703499b433ac2343ab380c5,,false,miss
retained-20260902-68135d3ad33f,S1-50-r07,S1-50,request-019,d4745ce8b0076d85ef4bad6643512dad50425d8f61a49108664596ff785caf3e,f4e44e9f9016,2026-09-02T01:40:15.800882631Z,2026-09-02T01:40:30.264242153Z,12665.709481,200,fa5bbaa12602c6803fc911cd560f3cd567585f7b4703499b433ac2343ab380c5,,false,miss
retained-20260902-68135d3ad33f,S1-50-r07,S1-50,request-020,d4745ce8b0076d85ef4bad6643512dad50425d8f61a49108664596ff785caf3e,f4e44e9f9016,2026-09-02T01:40:15.800856602Z,2026-09-02T01:40:29.46463696Z,11866.130314,200,fa5bbaa12602c6803fc911cd560f3cd567585f7b4703499b433ac2343ab380c5,,false,miss
retained-20260902-68135d3ad33f,S1-50-r07,S1-50,request-021,d4745ce8b0076d85ef4bad6643512dad50425d8f61a49108664596ff785caf3e,f4e44e9f9016,2026-09-02T01:40:15.800835838Z,2026-09-02T01:40:26.464941828Z,8866.455946,200,fa5bbaa12602c6803fc911cd560f3cd567585f7b4703499b433ac2343ab380c5,,false,miss
retained-20260902-68135d3ad33f,S1-50-r07,S1-50,request-022,d4745ce8b0076d85ef4bad6643512dad50425d8f61a49108664596ff785caf3e,f4e44e9f9016,2026-09-02T01:40:15.800815288Z,2026-09-02T01:40:26.859217163Z,9260.751832,200,fa5bbaa12602c6803fc911cd560f3cd567585f7b4703499b433ac2343ab380c5,,false,miss
retained-20260902-68135d3ad33f,S1-50-r07,S1-50,request-023,d4745ce8b0076d85ef4bad6643512dad50425d8f61a49108664596ff785caf3e,f4e44e9f9016,2026-09-02T01:40:15.800791697Z,2026-09-02T01:40:22.855489805Z,5257.048064,200,fa5bbaa12602c6803fc911cd560f3cd567585f7b4703499b433ac2343ab380c5,,false,miss
retained-20260902-68135d3ad33f,S1-50-r07,S1-50,request-024,d4745ce8b0076d85ef4bad6643512dad50425d8f61a49108664596ff785caf3e,f4e44e9f9016,2026-09-02T01:40:15.800769831Z,2026-09-02T01:40:18.565263489Z,2764.493668,200,fa5bbaa12602c6803fc911cd560f3cd567585f7b4703499b433ac2343ab380c5,,false,miss
retained-20260902-68135d3ad33f,S1-50-r07,S1-50,request-025,d4745ce8b0076d85ef4bad6643512dad50425d8f61a49108664596ff785caf3e,f4e44e9f9016,2026-09-02T01:40:15.800742866Z,2026-09-02T01:40:19.87097965Z,4070.236788,200,fa5bbaa12602c6803fc911cd560f3cd567585f7b4703499b433ac2343ab380c5,,false,miss
retained-20260902-68135d3ad33f,S1-50-r07,S1-50,request-026,d4745ce8b0076d85ef4bad6643512dad50425d8f61a49108664596ff785caf3e,f4e44e9f9016,2026-09-02T01:40:15.80070857Z,2026-09-02T01:40:24.048122366Z,6449.763754,200,fa5bbaa12602c6803fc911cd560f3cd567585f7b4703499b433ac2343ab380c5,,false,miss
retained-20260902-68135d3ad33f,S1-50-r07,S1-50,request-027,d4745ce8b0076d85ef4bad6643512dad50425d8f61a49108664596ff785caf3e,f4e44e9f9016,2026-09-02T01:40:15.800684821Z,2026-09-02T01:40:17.366217729Z,1565.532915,200,fa5bbaa12602c6803fc911cd560f3cd567585f7b4703499b433ac2343ab380c5,,false,miss
retained-20260902-68135d3ad33f,S1-50-r07,S1-50,request-028,d4745ce8b0076d85ef4bad6643512dad50425d8f61a49108664596ff785caf3e,f4e44e9f9016,2026-09-02T01:40:15.800661903Z,2026-09-02T01:40:25.25807908Z,7659.767129,200,fa5bbaa12602c6803fc911cd560f3cd567585f7b4703499b433ac2343ab380c5,,false,miss
retained-20260902-68135d3ad33f,S1-50-r07,S1-50,request-029,d4745ce8b0076d85ef4bad6643512dad50425d8f61a49108664596ff785caf3e,f4e44e9f9016,2026-09-02T01:40:15.800630513Z,2026-09-02T01:40:17.265873463Z,1465.242949,200,fa5bbaa12602c6803fc911cd560f3cd567585f7b4703499b433ac2343ab380c5,,false,miss
retained-20260902-68135d3ad33f,S1-50-r07,S1-50,request-030,d4745ce8b0076d85ef4bad6643512dad50425d8f61a49108664596ff785caf3e,f4e44e9f9016,2026-09-02T01:40:15.800512661Z,2026-09-02T01:40:33.068554754Z,15470.392049,200,fa5bbaa12602c6803fc911cd560f3cd567585f7b4703499b433ac2343ab380c5,,false,miss
retained-20260902-68135d3ad33f,S1-50-r07,S1-50,request-031,d4745ce8b0076d85ef4bad6643512dad50425d8f61a49108664596ff785caf3e,f4e44e9f9016,2026-09-02T01:40:15.801137016Z,2026-09-02T01:40:32.759260614Z,15160.473554,200,fa5bbaa12602c6803fc911cd560f3cd567585f7b4703499b433ac2343ab380c5,,false,miss
retained-20260902-68135d3ad33f,S1-50-r07,S1-50,request-032,d4745ce8b0076d85ef4bad6643512dad50425d8f61a49108664596ff785caf3e,f4e44e9f9016,2026-09-02T01:40:15.801120598Z,2026-09-02T01:40:29.054362561Z,11455.591919,200,fa5bbaa12602c6803fc911cd560f3cd567585f7b4703499b433ac2343ab380c5,,false,miss
retained-20260902-68135d3ad33f,S1-50-r07,S1-50,request-033,d4745ce8b0076d85ef4bad6643512dad50425d8f61a49108664596ff785caf3e,f4e44e9f9016,2026-09-02T01:40:15.801096087Z,2026-09-02T01:40:24.253175453Z,6654.429324,200,fa5bbaa12602c6803fc911cd560f3cd567585f7b4703499b433ac2343ab380c5,,false,miss
retained-20260902-68135d3ad33f,S1-50-r07,S1-50,request-034,d4745ce8b0076d85ef4bad6643512dad50425d8f61a49108664596ff785caf3e,f4e44e9f9016,2026-09-02T01:40:15.801073278Z,2026-09-02T01:40:25.461847014Z,7863.123694,200,fa5bbaa12602c6803fc911cd560f3cd567585f7b4703499b433ac2343ab380c5,,false,miss
retained-20260902-68135d3ad33f,S1-50-r07,S1-50,request-035,d4745ce8b0076d85ef4bad6643512dad50425d8f61a49108664596ff785caf3e,f4e44e9f9016,2026-09-02T01:40:15.801047508Z,2026-09-02T01:40:22.771603571Z,5172.906021,200,fa5bbaa12602c6803fc911cd560f3cd567585f7b4703499b433ac2343ab380c5,,false,miss
retained-20260902-68135d3ad33f,S1-50-r07,S1-50,request-036,d4745ce8b0076d85ef4bad6643512dad50425d8f61a49108664596ff785caf3e,f4e44e9f9016,2026-09-02T01:40:15.801027774Z,2026-09-02T01:40:25.478578642Z,7879.900822,200,fa5bbaa12602c6803fc911cd560f3cd567585f7b4703499b433ac2343ab380c5,,false,miss
retained-20260902-68135d3ad33f,S1-50-r07,S1-50,request-037,d4745ce8b0076d85ef4bad6643512dad50425d8f61a49108664596ff785caf3e,f4e44e9f9016,2026-09-02T01:40:15.80099545Z,2026-09-02T01:40:23.058378856Z,5459.733357,200,fa5bbaa12602c6803fc911cd560f3cd567585f7b4703499b433ac2343ab380c5,,false,miss
retained-20260902-68135d3ad33f,S1-50-r07,S1-50,request-038,d4745ce8b0076d85ef4bad6643512dad50425d8f61a49108664596ff785caf3e,f4e44e9f9016,2026-09-02T01:40:15.800972056Z,2026-09-02T01:40:26.870818732Z,9272.196635,200,fa5bbaa12602c6803fc911cd560f3cd567585f7b4703499b433ac2343ab380c5,,false,miss
retained-20260902-68135d3ad33f,S1-50-r07,S1-50,request-039,d4745ce8b0076d85ef4bad6643512dad50425d8f61a49108664596ff785caf3e,f4e44e9f9016,2026-09-02T01:40:15.80094476Z,2026-09-02T01:40:17.259180285Z,1458.235531,200,fa5bbaa12602c6803fc911cd560f3cd567585f7b4703499b433ac2343ab380c5,,false,miss
retained-20260902-68135d3ad33f,S1-50-r07,S1-50,request-040,d4745ce8b0076d85ef4bad6643512dad50425d8f61a49108664596ff785caf3e,f4e44e9f9016,2026-09-02T01:40:15.800908229Z,2026-09-02T01:40:31.468821663Z,13870.263389,200,fa5bbaa12602c6803fc911cd560f3cd567585f7b4703499b433ac2343ab380c5,,false,miss
retained-20260902-68135d3ad33f,S1-50-r07,S1-50,request-041,d4745ce8b0076d85ef4bad6643512dad50425d8f61a49108664596ff785caf3e,f4e44e9f9016,2026-09-02T01:40:15.800890081Z,2026-09-02T01:40:30.649465191Z,13050.925066,200,fa5bbaa12602c6803fc911cd560f3cd567585f7b4703499b433ac2343ab380c5,,false,miss
retained-20260902-68135d3ad33f,S1-50-r07,S1-50,request-042,d4745ce8b0076d85ef4bad6643512dad50425d8f61a49108664596ff785caf3e,f4e44e9f9016,2026-09-02T01:40:15.800859109Z,2026-09-02T01:40:29.154234921Z,11555.725768,200,fa5bbaa12602c6803fc911cd560f3cd567585f7b4703499b433ac2343ab380c5,,false,miss
retained-20260902-68135d3ad33f,S1-50-r07,S1-50,request-043,d4745ce8b0076d85ef4bad6643512dad50425d8f61a49108664596ff785caf3e,f4e44e9f9016,2026-09-02T01:40:15.800842546Z,2026-09-02T01:40:27.770034903Z,10171.542315,200,fa5bbaa12602c6803fc911cd560f3cd567585f7b4703499b433ac2343ab380c5,,false,miss
retained-20260902-68135d3ad33f,S1-50-r07,S1-50,request-044,d4745ce8b0076d85ef4bad6643512dad50425d8f61a49108664596ff785caf3e,f4e44e9f9016,2026-09-02T01:40:15.800824913Z,2026-09-02T01:40:24.354737528Z,6756.262565,200,fa5bbaa12602c6803fc911cd560f3cd567585f7b4703499b433ac2343ab380c5,,false,miss
retained-20260902-68135d3ad33f,S1-50-r07,S1-50,request-045,d4745ce8b0076d85ef4bad6643512dad50425d8f61a49108664596ff785caf3e,f4e44e9f9016,2026-09-02T01:40:15.800797254Z,2026-09-02T01:40:28.155546852Z,10557.099558,200,fa5bbaa12602c6803fc911cd560f3cd567585f7b4703499b433ac2343ab380c5,,false,miss
retained-20260902-68135d3ad33f,S1-50-r07,S1-50,request-046,d4745ce8b0076d85ef4bad6643512dad50425d8f61a49108664596ff785caf3e,f4e44e9f9016,2026-09-02T01:40:15.800770268Z,2026-09-02T01:40:25.566104901Z,7967.684593,200,fa5bbaa12602c6803fc911cd560f3cd567585f7b4703499b433ac2343ab380c5,,false,miss
retained-20260902-68135d3ad33f,S1-50-r07,S1-50,request-047,d4745ce8b0076d85ef4bad6643512dad50425d8f61a49108664596ff785caf3e,f4e44e9f9016,2026-09-02T01:40:15.800743461Z,2026-09-02T01:40:19.766545231Z,3965.801786,200,fa5bbaa12602c6803fc911cd560f3cd567585f7b4703499b433ac2343ab380c5,,false,miss
retained-20260902-68135d3ad33f,S1-50-r07,S1-50,request-048,d4745ce8b0076d85ef4bad6643512dad50425d8f61a49108664596ff785caf3e,f4e44e9f9016,2026-09-02T01:40:15.800717337Z,2026-09-02T01:40:18.556943873Z,2756.226543,200,fa5bbaa12602c6803fc911cd560f3cd567585f7b4703499b433ac2343ab380c5,,false,miss
retained-20260902-68135d3ad33f,S1-50-r07,S1-50,request-049,d4745ce8b0076d85ef4bad6643512dad50425d8f61a49108664596ff785caf3e,f4e44e9f9016,2026-09-02T01:40:15.800689517Z,2026-09-02T01:40:18.559104257Z,2758.414749,200,fa5bbaa12602c6803fc911cd560f3cd567585f7b4703499b433ac2343ab380c5,,false,miss
retained-20260902-68135d3ad33f,S1-50-r07,S1-50,request-050,d4745ce8b0076d85ef4bad6643512dad50425d8f61a49108664596ff785caf3e,f4e44e9f9016,2026-09-02T01:40:15.801187998Z,2026-09-02T01:40:33.151237962Z,15552.399924,200,fa5bbaa12602c6803fc911cd560f3cd567585f7b4703499b433ac2343ab380c5,,false,miss
retained-20260902-68135d3ad33f,S2-50-r07,S2-50,request-001,d4745ce8b0076d85ef4bad6643512dad50425d8f61a49108664596ff785caf3e,f4e44e9f9016,2026-09-02T01:40:33.948582454Z,2026-09-02T01:40:34.294202758Z,345.620306,200,fa5bbaa12602c6803fc911cd560f3cd567585f7b4703499b433ac2343ab380c5,,true,miss
retained-20260902-68135d3ad33f,S2-50-r07,S2-50,request-002,d4745ce8b0076d85ef4bad6643512dad50425d8f61a49108664596ff785caf3e,f4e44e9f9016,2026-09-02T01:40:33.949208636Z,2026-09-02T01:40:34.296022329Z,346.813687,200,fa5bbaa12602c6803fc911cd560f3cd567585f7b4703499b433ac2343ab380c5,,true,miss
retained-20260902-68135d3ad33f,S2-50-r07,S2-50,request-003,d4745ce8b0076d85ef4bad6643512dad50425d8f61a49108664596ff785caf3e,f4e44e9f9016,2026-09-02T01:40:33.949191513Z,2026-09-02T01:40:34.295951313Z,346.759794,200,fa5bbaa12602c6803fc911cd560f3cd567585f7b4703499b433ac2343ab380c5,,true,miss
retained-20260902-68135d3ad33f,S2-50-r07,S2-50,request-004,d4745ce8b0076d85ef4bad6643512dad50425d8f61a49108664596ff785caf3e,f4e44e9f9016,2026-09-02T01:40:33.949161467Z,2026-09-02T01:40:34.295170018Z,346.008554,200,fa5bbaa12602c6803fc911cd560f3cd567585f7b4703499b433ac2343ab380c5,,true,miss
retained-20260902-68135d3ad33f,S2-50-r07,S2-50,request-005,d4745ce8b0076d85ef4bad6643512dad50425d8f61a49108664596ff785caf3e,f4e44e9f9016,2026-09-02T01:40:33.949139461Z,2026-09-02T01:40:34.295888653Z,346.749187,200,fa5bbaa12602c6803fc911cd560f3cd567585f7b4703499b433ac2343ab380c5,,true,miss
retained-20260902-68135d3ad33f,S2-50-r07,S2-50,request-006,d4745ce8b0076d85ef4bad6643512dad50425d8f61a49108664596ff785caf3e,f4e44e9f9016,2026-09-02T01:40:33.949135358Z,2026-09-02T01:40:34.295842776Z,346.707426,200,fa5bbaa12602c6803fc911cd560f3cd567585f7b4703499b433ac2343ab380c5,,true,miss
retained-20260902-68135d3ad33f,S2-50-r07,S2-50,request-007,d4745ce8b0076d85ef4bad6643512dad50425d8f61a49108664596ff785caf3e,f4e44e9f9016,2026-09-02T01:40:33.949118861Z,2026-09-02T01:40:34.294439068Z,345.320213,200,fa5bbaa12602c6803fc911cd560f3cd567585f7b4703499b433ac2343ab380c5,,true,miss
retained-20260902-68135d3ad33f,S2-50-r07,S2-50,request-008,d4745ce8b0076d85ef4bad6643512dad50425d8f61a49108664596ff785caf3e,f4e44e9f9016,2026-09-02T01:40:33.949096336Z,2026-09-02T01:40:34.294132504Z,345.036165,200,fa5bbaa12602c6803fc911cd560f3cd567585f7b4703499b433ac2343ab380c5,,true,miss
retained-20260902-68135d3ad33f,S2-50-r07,S2-50,request-009,d4745ce8b0076d85ef4bad6643512dad50425d8f61a49108664596ff785caf3e,f4e44e9f9016,2026-09-02T01:40:33.949078209Z,2026-09-02T01:40:34.293862029Z,344.783820,200,fa5bbaa12602c6803fc911cd560f3cd567585f7b4703499b433ac2343ab380c5,,true,miss
retained-20260902-68135d3ad33f,S2-50-r07,S2-50,request-010,d4745ce8b0076d85ef4bad6643512dad50425d8f61a49108664596ff785caf3e,f4e44e9f9016,2026-09-02T01:40:33.949042197Z,2026-09-02T01:40:34.295842499Z,346.800279,200,fa5bbaa12602c6803fc911cd560f3cd567585f7b4703499b433ac2343ab380c5,,true,miss
retained-20260902-68135d3ad33f,S2-50-r07,S2-50,request-011,d4745ce8b0076d85ef4bad6643512dad50425d8f61a49108664596ff785caf3e,f4e44e9f9016,2026-09-02T01:40:33.949026157Z,2026-09-02T01:40:34.295401072Z,346.374921,200,fa5bbaa12602c6803fc911cd560f3cd567585f7b4703499b433ac2343ab380c5,,true,miss
retained-20260902-68135d3ad33f,S2-50-r07,S2-50,request-012,d4745ce8b0076d85ef4bad6643512dad50425d8f61a49108664596ff785caf3e,f4e44e9f9016,2026-09-02T01:40:33.949004449Z,2026-09-02T01:40:34.295101162Z,346.096719,200,fa5bbaa12602c6803fc911cd560f3cd567585f7b4703499b433ac2343ab380c5,,true,miss
retained-20260902-68135d3ad33f,S2-50-r07,S2-50,request-013,d4745ce8b0076d85ef4bad6643512dad50425d8f61a49108664596ff785caf3e,f4e44e9f9016,2026-09-02T01:40:33.948983424Z,2026-09-02T01:40:34.296166519Z,347.183098,200,fa5bbaa12602c6803fc911cd560f3cd567585f7b4703499b433ac2343ab380c5,,true,miss
retained-20260902-68135d3ad33f,S2-50-r07,S2-50,request-014,d4745ce8b0076d85ef4bad6643512dad50425d8f61a49108664596ff785caf3e,f4e44e9f9016,2026-09-02T01:40:33.948962604Z,2026-09-02T01:40:34.294330802Z,345.368200,200,fa5bbaa12602c6803fc911cd560f3cd567585f7b4703499b433ac2343ab380c5,,true,miss
retained-20260902-68135d3ad33f,S2-50-r07,S2-50,request-015,d4745ce8b0076d85ef4bad6643512dad50425d8f61a49108664596ff785caf3e,f4e44e9f9016,2026-09-02T01:40:33.948944841Z,2026-09-02T01:40:34.294241152Z,345.296314,200,fa5bbaa12602c6803fc911cd560f3cd567585f7b4703499b433ac2343ab380c5,,true,miss
retained-20260902-68135d3ad33f,S2-50-r07,S2-50,request-016,d4745ce8b0076d85ef4bad6643512dad50425d8f61a49108664596ff785caf3e,f4e44e9f9016,2026-09-02T01:40:33.948924156Z,2026-09-02T01:40:34.295290698Z,346.366547,200,fa5bbaa12602c6803fc911cd560f3cd567585f7b4703499b433ac2343ab380c5,,true,miss
retained-20260902-68135d3ad33f,S2-50-r07,S2-50,request-017,d4745ce8b0076d85ef4bad6643512dad50425d8f61a49108664596ff785caf3e,f4e44e9f9016,2026-09-02T01:40:33.948907131Z,2026-09-02T01:40:34.29385136Z,344.944231,200,fa5bbaa12602c6803fc911cd560f3cd567585f7b4703499b433ac2343ab380c5,,true,miss
retained-20260902-68135d3ad33f,S2-50-r07,S2-50,request-018,d4745ce8b0076d85ef4bad6643512dad50425d8f61a49108664596ff785caf3e,f4e44e9f9016,2026-09-02T01:40:33.948885026Z,2026-09-02T01:40:34.293727903Z,344.842881,200,fa5bbaa12602c6803fc911cd560f3cd567585f7b4703499b433ac2343ab380c5,,true,miss
retained-20260902-68135d3ad33f,S2-50-r07,S2-50,request-019,d4745ce8b0076d85ef4bad6643512dad50425d8f61a49108664596ff785caf3e,f4e44e9f9016,2026-09-02T01:40:33.948859516Z,2026-09-02T01:40:34.296103909Z,347.244395,200,fa5bbaa12602c6803fc911cd560f3cd567585f7b4703499b433ac2343ab380c5,,true,miss
retained-20260902-68135d3ad33f,S2-50-r07,S2-50,request-020,d4745ce8b0076d85ef4bad6643512dad50425d8f61a49108664596ff785caf3e,f4e44e9f9016,2026-09-02T01:40:33.948831542Z,2026-09-02T01:40:34.296203247Z,347.371709,200,fa5bbaa12602c6803fc911cd560f3cd567585f7b4703499b433ac2343ab380c5,,true,miss
retained-20260902-68135d3ad33f,S2-50-r07,S2-50,request-021,d4745ce8b0076d85ef4bad6643512dad50425d8f61a49108664596ff785caf3e,f4e44e9f9016,2026-09-02T01:40:33.948821579Z,2026-09-02T01:40:34.295609808Z,346.788232,200,fa5bbaa12602c6803fc911cd560f3cd567585f7b4703499b433ac2343ab380c5,,true,miss
retained-20260902-68135d3ad33f,S2-50-r07,S2-50,request-022,d4745ce8b0076d85ef4bad6643512dad50425d8f61a49108664596ff785caf3e,f4e44e9f9016,2026-09-02T01:40:33.948794021Z,2026-09-02T01:40:34.294081797Z,345.287778,200,fa5bbaa12602c6803fc911cd560f3cd567585f7b4703499b433ac2343ab380c5,,true,miss
retained-20260902-68135d3ad33f,S2-50-r07,S2-50,request-023,d4745ce8b0076d85ef4bad6643512dad50425d8f61a49108664596ff785caf3e,f4e44e9f9016,2026-09-02T01:40:33.948751988Z,2026-09-02T01:40:34.295811781Z,347.059799,200,fa5bbaa12602c6803fc911cd560f3cd567585f7b4703499b433ac2343ab380c5,,true,miss
retained-20260902-68135d3ad33f,S2-50-r07,S2-50,request-024,d4745ce8b0076d85ef4bad6643512dad50425d8f61a49108664596ff785caf3e,f4e44e9f9016,2026-09-02T01:40:33.948720197Z,2026-09-02T01:40:34.293571916Z,344.851722,200,fa5bbaa12602c6803fc911cd560f3cd567585f7b4703499b433ac2343ab380c5,,false,miss
retained-20260902-68135d3ad33f,S2-50-r07,S2-50,request-025,d4745ce8b0076d85ef4bad6643512dad50425d8f61a49108664596ff785caf3e,f4e44e9f9016,2026-09-02T01:40:33.948657959Z,2026-09-02T01:40:34.295112335Z,346.454378,200,fa5bbaa12602c6803fc911cd560f3cd567585f7b4703499b433ac2343ab380c5,,true,miss
retained-20260902-68135d3ad33f,S2-50-r07,S2-50,request-026,d4745ce8b0076d85ef4bad6643512dad50425d8f61a49108664596ff785caf3e,f4e44e9f9016,2026-09-02T01:40:33.949532384Z,2026-09-02T01:40:34.295300739Z,345.768357,200,fa5bbaa12602c6803fc911cd560f3cd567585f7b4703499b433ac2343ab380c5,,true,miss
retained-20260902-68135d3ad33f,S2-50-r07,S2-50,request-027,d4745ce8b0076d85ef4bad6643512dad50425d8f61a49108664596ff785caf3e,f4e44e9f9016,2026-09-02T01:40:33.949509523Z,2026-09-02T01:40:34.29515278Z,345.643256,200,fa5bbaa12602c6803fc911cd560f3cd567585f7b4703499b433ac2343ab380c5,,true,miss
retained-20260902-68135d3ad33f,S2-50-r07,S2-50,request-028,d4745ce8b0076d85ef4bad6643512dad50425d8f61a49108664596ff785caf3e,f4e44e9f9016,2026-09-02T01:40:33.94949418Z,2026-09-02T01:40:34.29504291Z,345.548731,200,fa5bbaa12602c6803fc911cd560f3cd567585f7b4703499b433ac2343ab380c5,,true,miss
retained-20260902-68135d3ad33f,S2-50-r07,S2-50,request-029,d4745ce8b0076d85ef4bad6643512dad50425d8f61a49108664596ff785caf3e,f4e44e9f9016,2026-09-02T01:40:33.949485834Z,2026-09-02T01:40:34.295889959Z,346.404121,200,fa5bbaa12602c6803fc911cd560f3cd567585f7b4703499b433ac2343ab380c5,,true,miss
retained-20260902-68135d3ad33f,S2-50-r07,S2-50,request-030,d4745ce8b0076d85ef4bad6643512dad50425d8f61a49108664596ff785caf3e,f4e44e9f9016,2026-09-02T01:40:33.949423711Z,2026-09-02T01:40:34.295790621Z,346.366915,200,fa5bbaa12602c6803fc911cd560f3cd567585f7b4703499b433ac2343ab380c5,,true,miss
retained-20260902-68135d3ad33f,S2-50-r07,S2-50,request-031,d4745ce8b0076d85ef4bad6643512dad50425d8f61a49108664596ff785caf3e,f4e44e9f9016,2026-09-02T01:40:33.949408837Z,2026-09-02T01:40:34.294551489Z,345.142654,200,fa5bbaa12602c6803fc911cd560f3cd567585f7b4703499b433ac2343ab380c5,,true,miss
retained-20260902-68135d3ad33f,S2-50-r07,S2-50,request-032,d4745ce8b0076d85ef4bad6643512dad50425d8f61a49108664596ff785caf3e,f4e44e9f9016,2026-09-02T01:40:33.94939378Z,2026-09-02T01:40:34.294169074Z,344.775296,200,fa5bbaa12602c6803fc911cd560f3cd567585f7b4703499b433ac2343ab380c5,,true,miss
retained-20260902-68135d3ad33f,S2-50-r07,S2-50,request-033,d4745ce8b0076d85ef4bad6643512dad50425d8f61a49108664596ff785caf3e,f4e44e9f9016,2026-09-02T01:40:33.949366649Z,2026-09-02T01:40:34.294026744Z,344.660095,200,fa5bbaa12602c6803fc911cd560f3cd567585f7b4703499b433ac2343ab380c5,,true,miss
retained-20260902-68135d3ad33f,S2-50-r07,S2-50,request-034,d4745ce8b0076d85ef4bad6643512dad50425d8f61a49108664596ff785caf3e,f4e44e9f9016,2026-09-02T01:40:33.949326699Z,2026-09-02T01:40:34.293913063Z,344.586360,200,fa5bbaa12602c6803fc911cd560f3cd567585f7b4703499b433ac2343ab380c5,,true,miss
retained-20260902-68135d3ad33f,S2-50-r07,S2-50,request-035,d4745ce8b0076d85ef4bad6643512dad50425d8f61a49108664596ff785caf3e,f4e44e9f9016,2026-09-02T01:40:33.949294292Z,2026-09-02T01:40:34.293794441Z,344.500143,200,fa5bbaa12602c6803fc911cd560f3cd567585f7b4703499b433ac2343ab380c5,,true,miss
retained-20260902-68135d3ad33f,S2-50-r07,S2-50,request-036,d4745ce8b0076d85ef4bad6643512dad50425d8f61a49108664596ff785caf3e,f4e44e9f9016,2026-09-02T01:40:33.949234547Z,2026-09-02T01:40:34.293733352Z,344.498805,200,fa5bbaa12602c6803fc911cd560f3cd567585f7b4703499b433ac2343ab380c5,,true,miss
retained-20260902-68135d3ad33f,S2-50-r07,S2-50,request-037,d4745ce8b0076d85ef4bad6643512dad50425d8f61a49108664596ff785caf3e,f4e44e9f9016,2026-09-02T01:40:33.94915155Z,2026-09-02T01:40:34.296336352Z,347.184808,200,fa5bbaa12602c6803fc911cd560f3cd567585f7b4703499b433ac2343ab380c5,,true,miss
retained-20260902-68135d3ad33f,S2-50-r07,S2-50,request-038,d4745ce8b0076d85ef4bad6643512dad50425d8f61a49108664596ff785caf3e,f4e44e9f9016,2026-09-02T01:40:33.949132469Z,2026-09-02T01:40:34.293972907Z,344.840440,200,fa5bbaa12602c6803fc911cd560f3cd567585f7b4703499b433ac2343ab380c5,,true,miss
retained-20260902-68135d3ad33f,S2-50-r07,S2-50,request-039,d4745ce8b0076d85ef4bad6643512dad50425d8f61a49108664596ff785caf3e,f4e44e9f9016,2026-09-02T01:40:33.949112286Z,2026-09-02T01:40:34.294280202Z,345.167912,200,fa5bbaa12602c6803fc911cd560f3cd567585f7b4703499b433ac2343ab380c5,,true,miss
retained-20260902-68135d3ad33f,S2-50-r07,S2-50,request-040,d4745ce8b0076d85ef4bad6643512dad50425d8f61a49108664596ff785caf3e,f4e44e9f9016,2026-09-02T01:40:33.949078706Z,2026-09-02T01:40:34.294028739Z,344.950036,200,fa5bbaa12602c6803fc911cd560f3cd567585f7b4703499b433ac2343ab380c5,,true,miss
retained-20260902-68135d3ad33f,S2-50-r07,S2-50,request-041,d4745ce8b0076d85ef4bad6643512dad50425d8f61a49108664596ff785caf3e,f4e44e9f9016,2026-09-02T01:40:33.949057539Z,2026-09-02T01:40:34.293654822Z,344.597285,200,fa5bbaa12602c6803fc911cd560f3cd567585f7b4703499b433ac2343ab380c5,,true,miss
retained-20260902-68135d3ad33f,S2-50-r07,S2-50,request-042,d4745ce8b0076d85ef4bad6643512dad50425d8f61a49108664596ff785caf3e,f4e44e9f9016,2026-09-02T01:40:33.948998028Z,2026-09-02T01:40:34.295455224Z,346.457203,200,fa5bbaa12602c6803fc911cd560f3cd567585f7b4703499b433ac2343ab380c5,,true,miss
retained-20260902-68135d3ad33f,S2-50-r07,S2-50,request-043,d4745ce8b0076d85ef4bad6643512dad50425d8f61a49108664596ff785caf3e,f4e44e9f9016,2026-09-02T01:40:33.94896301Z,2026-09-02T01:40:34.295057357Z,346.094346,200,fa5bbaa12602c6803fc911cd560f3cd567585f7b4703499b433ac2343ab380c5,,true,miss
retained-20260902-68135d3ad33f,S2-50-r07,S2-50,request-044,d4745ce8b0076d85ef4bad6643512dad50425d8f61a49108664596ff785caf3e,f4e44e9f9016,2026-09-02T01:40:33.94886811Z,2026-09-02T01:40:34.294096804Z,345.228695,200,fa5bbaa12602c6803fc911cd560f3cd567585f7b4703499b433ac2343ab380c5,,true,miss
retained-20260902-68135d3ad33f,S2-50-r07,S2-50,request-045,d4745ce8b0076d85ef4bad6643512dad50425d8f61a49108664596ff785caf3e,f4e44e9f9016,2026-09-02T01:40:33.948849802Z,2026-09-02T01:40:34.295544832Z,346.695031,200,fa5bbaa12602c6803fc911cd560f3cd567585f7b4703499b433ac2343ab380c5,,true,miss
retained-20260902-68135d3ad33f,S2-50-r07,S2-50,request-046,d4745ce8b0076d85ef4bad6643512dad50425d8f61a49108664596ff785caf3e,f4e44e9f9016,2026-09-02T01:40:33.948818144Z,2026-09-02T01:40:34.293975501Z,345.157359,200,fa5bbaa12602c6803fc911cd560f3cd567585f7b4703499b433ac2343ab380c5,,true,miss
retained-20260902-68135d3ad33f,S2-50-r07,S2-50,request-047,d4745ce8b0076d85ef4bad6643512dad50425d8f61a49108664596ff785caf3e,f4e44e9f9016,2026-09-02T01:40:33.948794756Z,2026-09-02T01:40:34.293802567Z,345.007818,200,fa5bbaa12602c6803fc911cd560f3cd567585f7b4703499b433ac2343ab380c5,,true,miss
retained-20260902-68135d3ad33f,S2-50-r07,S2-50,request-048,d4745ce8b0076d85ef4bad6643512dad50425d8f61a49108664596ff785caf3e,f4e44e9f9016,2026-09-02T01:40:33.948765715Z,2026-09-02T01:40:34.293677862Z,344.912146,200,fa5bbaa12602c6803fc911cd560f3cd567585f7b4703499b433ac2343ab380c5,,true,miss
retained-20260902-68135d3ad33f,S2-50-r07,S2-50,request-049,d4745ce8b0076d85ef4bad6643512dad50425d8f61a49108664596ff785caf3e,f4e44e9f9016,2026-09-02T01:40:33.948735879Z,2026-09-02T01:40:34.293918577Z,345.182704,200,fa5bbaa12602c6803fc911cd560f3cd567585f7b4703499b433ac2343ab380c5,,true,miss
retained-20260902-68135d3ad33f,S2-50-r07,S2-50,request-050,d4745ce8b0076d85ef4bad6643512dad50425d8f61a49108664596ff785caf3e,f4e44e9f9016,2026-09-02T01:40:33.949227207Z,2026-09-02T01:40:34.295777353Z,346.550147,200,fa5bbaa12602c6803fc911cd560f3cd567585f7b4703499b433ac2343ab380c5,,true,miss
retained-20260902-68135d3ad33f,S2-100-r07,S2-100,request-001,d4745ce8b0076d85ef4bad6643512dad50425d8f61a49108664596ff785caf3e,f4e44e9f9016,2026-09-02T01:40:34.694493153Z,2026-09-02T01:40:35.025650409Z,331.157255,200,fa5bbaa12602c6803fc911cd560f3cd567585f7b4703499b433ac2343ab380c5,,false,miss
retained-20260902-68135d3ad33f,S2-100-r07,S2-100,request-002,d4745ce8b0076d85ef4bad6643512dad50425d8f61a49108664596ff785caf3e,f4e44e9f9016,2026-09-02T01:40:34.726641797Z,2026-09-02T01:40:35.030298785Z,303.656988,200,fa5bbaa12602c6803fc911cd560f3cd567585f7b4703499b433ac2343ab380c5,,true,miss
retained-20260902-68135d3ad33f,S2-100-r07,S2-100,request-003,d4745ce8b0076d85ef4bad6643512dad50425d8f61a49108664596ff785caf3e,f4e44e9f9016,2026-09-02T01:40:34.726620488Z,2026-09-02T01:40:35.03043067Z,303.810190,200,fa5bbaa12602c6803fc911cd560f3cd567585f7b4703499b433ac2343ab380c5,,true,miss
retained-20260902-68135d3ad33f,S2-100-r07,S2-100,request-004,d4745ce8b0076d85ef4bad6643512dad50425d8f61a49108664596ff785caf3e,f4e44e9f9016,2026-09-02T01:40:34.726593317Z,2026-09-02T01:40:35.030003961Z,303.410645,200,fa5bbaa12602c6803fc911cd560f3cd567585f7b4703499b433ac2343ab380c5,,true,miss
retained-20260902-68135d3ad33f,S2-100-r07,S2-100,request-005,d4745ce8b0076d85ef4bad6643512dad50425d8f61a49108664596ff785caf3e,f4e44e9f9016,2026-09-02T01:40:34.72657124Z,2026-09-02T01:40:35.029902038Z,303.330800,200,fa5bbaa12602c6803fc911cd560f3cd567585f7b4703499b433ac2343ab380c5,,true,miss
retained-20260902-68135d3ad33f,S2-100-r07,S2-100,request-006,d4745ce8b0076d85ef4bad6643512dad50425d8f61a49108664596ff785caf3e,f4e44e9f9016,2026-09-02T01:40:34.726521725Z,2026-09-02T01:40:35.029455618Z,302.933891,200,fa5bbaa12602c6803fc911cd560f3cd567585f7b4703499b433ac2343ab380c5,,true,miss
retained-20260902-68135d3ad33f,S2-100-r07,S2-100,request-007,d4745ce8b0076d85ef4bad6643512dad50425d8f61a49108664596ff785caf3e,f4e44e9f9016,2026-09-02T01:40:34.726492358Z,2026-09-02T01:40:35.02867337Z,302.181018,200,fa5bbaa12602c6803fc911cd560f3cd567585f7b4703499b433ac2343ab380c5,,true,miss
retained-20260902-68135d3ad33f,S2-100-r07,S2-100,request-008,d4745ce8b0076d85ef4bad6643512dad50425d8f61a49108664596ff785caf3e,f4e44e9f9016,2026-09-02T01:40:34.726476017Z,2026-09-02T01:40:35.030583102Z,304.107085,200,fa5bbaa12602c6803fc911cd560f3cd567585f7b4703499b433ac2343ab380c5,,true,miss
retained-20260902-68135d3ad33f,S2-100-r07,S2-100,request-009,d4745ce8b0076d85ef4bad6643512dad50425d8f61a49108664596ff785caf3e,f4e44e9f9016,2026-09-02T01:40:34.726460351Z,2026-09-02T01:40:35.027471948Z,301.011594,200,fa5bbaa12602c6803fc911cd560f3cd567585f7b4703499b433ac2343ab380c5,,true,miss
retained-20260902-68135d3ad33f,S2-100-r07,S2-100,request-010,d4745ce8b0076d85ef4bad6643512dad50425d8f61a49108664596ff785caf3e,f4e44e9f9016,2026-09-02T01:40:34.726442141Z,2026-09-02T01:40:35.030039353Z,303.597209,200,fa5bbaa12602c6803fc911cd560f3cd567585f7b4703499b433ac2343ab380c5,,true,miss
retained-20260902-68135d3ad33f,S2-100-r07,S2-100,request-011,d4745ce8b0076d85ef4bad6643512dad50425d8f61a49108664596ff785caf3e,f4e44e9f9016,2026-09-02T01:40:34.726413164Z,2026-09-02T01:40:35.031233266Z,304.820108,200,fa5bbaa12602c6803fc911cd560f3cd567585f7b4703499b433ac2343ab380c5,,true,miss
retained-20260902-68135d3ad33f,S2-100-r07,S2-100,request-012,d4745ce8b0076d85ef4bad6643512dad50425d8f61a49108664596ff785caf3e,f4e44e9f9016,2026-09-02T01:40:34.726396826Z,2026-09-02T01:40:35.029402551Z,303.005730,200,fa5bbaa12602c6803fc911cd560f3cd567585f7b4703499b433ac2343ab380c5,,true,miss
retained-20260902-68135d3ad33f,S2-100-r07,S2-100,request-013,d4745ce8b0076d85ef4bad6643512dad50425d8f61a49108664596ff785caf3e,f4e44e9f9016,2026-09-02T01:40:34.726381615Z,2026-09-02T01:40:35.029027868Z,302.646254,200,fa5bbaa12602c6803fc911cd560f3cd567585f7b4703499b433ac2343ab380c5,,true,miss
retained-20260902-68135d3ad33f,S2-100-r07,S2-100,request-014,d4745ce8b0076d85ef4bad6643512dad50425d8f61a49108664596ff785caf3e,f4e44e9f9016,2026-09-02T01:40:34.726364014Z,2026-09-02T01:40:35.0272181Z,300.854092,200,fa5bbaa12602c6803fc911cd560f3cd567585f7b4703499b433ac2343ab380c5,,true,miss
retained-20260902-68135d3ad33f,S2-100-r07,S2-100,request-015,d4745ce8b0076d85ef4bad6643512dad50425d8f61a49108664596ff785caf3e,f4e44e9f9016,2026-09-02T01:40:34.726345515Z,2026-09-02T01:40:35.029993691Z,303.648179,200,fa5bbaa12602c6803fc911cd560f3cd567585f7b4703499b433ac2343ab380c5,,true,miss
retained-20260902-68135d3ad33f,S2-100-r07,S2-100,request-016,d4745ce8b0076d85ef4bad6643512dad50425d8f61a49108664596ff785caf3e,f4e44e9f9016,2026-09-02T01:40:34.726306446Z,2026-09-02T01:40:35.030902566Z,304.596128,200,fa5bbaa12602c6803fc911cd560f3cd567585f7b4703499b433ac2343ab380c5,,true,miss
retained-20260902-68135d3ad33f,S2-100-r07,S2-100,request-017,d4745ce8b0076d85ef4bad6643512dad50425d8f61a49108664596ff785caf3e,f4e44e9f9016,2026-09-02T01:40:34.726290893Z,2026-09-02T01:40:35.028588637Z,302.297737,200,fa5bbaa12602c6803fc911cd560f3cd567585f7b4703499b433ac2343ab380c5,,true,miss
retained-20260902-68135d3ad33f,S2-100-r07,S2-100,request-018,d4745ce8b0076d85ef4bad6643512dad50425d8f61a49108664596ff785caf3e,f4e44e9f9016,2026-09-02T01:40:34.726271828Z,2026-09-02T01:40:35.028145383Z,301.873557,200,fa5bbaa12602c6803fc911cd560f3cd567585f7b4703499b433ac2343ab380c5,,true,miss
retained-20260902-68135d3ad33f,S2-100-r07,S2-100,request-019,d4745ce8b0076d85ef4bad6643512dad50425d8f61a49108664596ff785caf3e,f4e44e9f9016,2026-09-02T01:40:34.726244543Z,2026-09-02T01:40:35.02746692Z,301.222379,200,fa5bbaa12602c6803fc911cd560f3cd567585f7b4703499b433ac2343ab380c5,,true,miss
retained-20260902-68135d3ad33f,S2-100-r07,S2-100,request-020,d4745ce8b0076d85ef4bad6643512dad50425d8f61a49108664596ff785caf3e,f4e44e9f9016,2026-09-02T01:40:34.726223177Z,2026-09-02T01:40:35.030299474Z,304.076292,200,fa5bbaa12602c6803fc911cd560f3cd567585f7b4703499b433ac2343ab380c5,,true,miss
retained-20260902-68135d3ad33f,S2-100-r07,S2-100,request-021,d4745ce8b0076d85ef4bad6643512dad50425d8f61a49108664596ff785caf3e,f4e44e9f9016,2026-09-02T01:40:34.72620435Z,2026-09-02T01:40:35.026796204Z,300.591855,200,fa5bbaa12602c6803fc911cd560f3cd567585f7b4703499b433ac2343ab380c5,,true,miss
retained-20260902-68135d3ad33f,S2-100-r07,S2-100,request-022,d4745ce8b0076d85ef4bad6643512dad50425d8f61a49108664596ff785caf3e,f4e44e9f9016,2026-09-02T01:40:34.72615701Z,2026-09-02T01:40:35.031119821Z,304.962812,200,fa5bbaa12602c6803fc911cd560f3cd567585f7b4703499b433ac2343ab380c5,,true,miss
retained-20260902-68135d3ad33f,S2-100-r07,S2-100,request-023,d4745ce8b0076d85ef4bad6643512dad50425d8f61a49108664596ff785caf3e,f4e44e9f9016,2026-09-02T01:40:34.726108757Z,2026-09-02T01:40:35.029720354Z,303.611598,200,fa5bbaa12602c6803fc911cd560f3cd567585f7b4703499b433ac2343ab380c5,,true,miss
retained-20260902-68135d3ad33f,S2-100-r07,S2-100,request-024,d4745ce8b0076d85ef4bad6643512dad50425d8f61a49108664596ff785caf3e,f4e44e9f9016,2026-09-02T01:40:34.726055062Z,2026-09-02T01:40:35.028728116Z,302.673061,200,fa5bbaa12602c6803fc911cd560f3cd567585f7b4703499b433ac2343ab380c5,,true,miss
retained-20260902-68135d3ad33f,S2-100-r07,S2-100,request-025,d4745ce8b0076d85ef4bad6643512dad50425d8f61a49108664596ff785caf3e,f4e44e9f9016,2026-09-02T01:40:34.726033214Z,2026-09-02T01:40:35.028506963Z,302.473752,200,fa5bbaa12602c6803fc911cd560f3cd567585f7b4703499b433ac2343ab380c5,,true,miss
retained-20260902-68135d3ad33f,S2-100-r07,S2-100,request-026,d4745ce8b0076d85ef4bad6643512dad50425d8f61a49108664596ff785caf3e,f4e44e9f9016,2026-09-02T01:40:34.726006072Z,2026-09-02T01:40:35.031185269Z,305.179204,200,fa5bbaa12602c6803fc911cd560f3cd567585f7b4703499b433ac2343ab380c5,,true,miss
retained-20260902-68135d3ad33f,S2-100-r07,S2-100,request-027,d4745ce8b0076d85ef4bad6643512dad50425d8f61a49108664596ff785caf3e,f4e44e9f9016,2026-09-02T01:40:34.725936576Z,2026-09-02T01:40:35.027360318Z,301.423748,200,fa5bbaa12602c6803fc911cd560f3cd567585f7b4703499b433ac2343ab380c5,,true,miss
retained-20260902-68135d3ad33f,S2-100-r07,S2-100,request-028,d4745ce8b0076d85ef4bad6643512dad50425d8f61a49108664596ff785caf3e,f4e44e9f9016,2026-09-02T01:40:34.702571652Z,2026-09-02T01:40:35.027302263Z,324.730612,200,fa5bbaa12602c6803fc911cd560f3cd567585f7b4703499b433ac2343ab380c5,,true,miss
retained-20260902-68135d3ad33f,S2-100-r07,S2-100,request-029,d4745ce8b0076d85ef4bad6643512dad50425d8f61a49108664596ff785caf3e,f4e44e9f9016,2026-09-02T01:40:34.750035365Z,2026-09-02T01:40:35.029671481Z,279.636117,200,fa5bbaa12602c6803fc911cd560f3cd567585f7b4703499b433ac2343ab380c5,,true,miss
retained-20260902-68135d3ad33f,S2-100-r07,S2-100,request-030,d4745ce8b0076d85ef4bad6643512dad50425d8f61a49108664596ff785caf3e,f4e44e9f9016,2026-09-02T01:40:34.749852121Z,2026-09-02T01:40:35.027817873Z,277.965752,200,fa5bbaa12602c6803fc911cd560f3cd567585f7b4703499b433ac2343ab380c5,,true,miss
retained-20260902-68135d3ad33f,S2-100-r07,S2-100,request-031,d4745ce8b0076d85ef4bad6643512dad50425d8f61a49108664596ff785caf3e,f4e44e9f9016,2026-09-02T01:40:34.726645579Z,2026-09-02T01:40:35.0300503Z,303.404728,200,fa5bbaa12602c6803fc911cd560f3cd567585f7b4703499b433ac2343ab380c5,,true,miss
retained-20260902-68135d3ad33f,S2-100-r07,S2-100,request-032,d4745ce8b0076d85ef4bad6643512dad50425d8f61a49108664596ff785caf3e,f4e44e9f9016,2026-09-02T01:40:34.726628266Z,2026-09-02T01:40:35.030096599Z,303.468334,200,fa5bbaa12602c6803fc911cd560f3cd567585f7b4703499b433ac2343ab380c5,,true,miss
retained-20260902-68135d3ad33f,S2-100-r07,S2-100,request-033,d4745ce8b0076d85ef4bad6643512dad50425d8f61a49108664596ff785caf3e,f4e44e9f9016,2026-09-02T01:40:34.726593052Z,2026-09-02T01:40:35.0301424Z,303.549348,200,fa5bbaa12602c6803fc911cd560f3cd567585f7b4703499b433ac2343ab380c5,,true,miss
retained-20260902-68135d3ad33f,S2-100-r07,S2-100,request-034,d4745ce8b0076d85ef4bad6643512dad50425d8f61a49108664596ff785caf3e,f4e44e9f9016,2026-09-02T01:40:34.726568559Z,2026-09-02T01:40:35.029794594Z,303.226036,200,fa5bbaa12602c6803fc911cd560f3cd567585f7b4703499b433ac2343ab380c5,,true,miss
retained-20260902-68135d3ad33f,S2-100-r07,S2-100,request-035,d4745ce8b0076d85ef4bad6643512dad50425d8f61a49108664596ff785caf3e,f4e44e9f9016,2026-09-02T01:40:34.726551714Z,2026-09-02T01:40:35.029047102Z,302.495390,200,fa5bbaa12602c6803fc911cd560f3cd567585f7b4703499b433ac2343ab380c5,,true,miss
retained-20260902-68135d3ad33f,S2-100-r07,S2-100,request-036,d4745ce8b0076d85ef4bad6643512dad50425d8f61a49108664596ff785caf3e,f4e44e9f9016,2026-09-02T01:40:34.726528496Z,2026-09-02T01:40:35.028878569Z,302.350075,200,fa5bbaa12602c6803fc911cd560f3cd567585f7b4703499b433ac2343ab380c5,,true,miss
retained-20260902-68135d3ad33f,S2-100-r07,S2-100,request-037,d4745ce8b0076d85ef4bad6643512dad50425d8f61a49108664596ff785caf3e,f4e44e9f9016,2026-09-02T01:40:34.726493613Z,2026-09-02T01:40:35.028774985Z,302.281377,200,fa5bbaa12602c6803fc911cd560f3cd567585f7b4703499b433ac2343ab380c5,,true,miss
retained-20260902-68135d3ad33f,S2-100-r07,S2-100,request-038,d4745ce8b0076d85ef4bad6643512dad50425d8f61a49108664596ff785caf3e,f4e44e9f9016,2026-09-02T01:40:34.726477229Z,2026-09-02T01:40:35.028445253Z,301.968030,200,fa5bbaa12602c6803fc911cd560f3cd567585f7b4703499b433ac2343ab380c5,,true,miss
retained-20260902-68135d3ad33f,S2-100-r07,S2-100,request-039,d4745ce8b0076d85ef4bad6643512dad50425d8f61a49108664596ff785caf3e,f4e44e9f9016,2026-09-02T01:40:34.726460928Z,2026-09-02T01:40:35.030483586Z,304.022661,200,fa5bbaa12602c6803fc911cd560f3cd567585f7b4703499b433ac2343ab380c5,,true,miss
retained-20260902-68135d3ad33f,S2-100-r07,S2-100,request-040,d4745ce8b0076d85ef4bad6643512dad50425d8f61a49108664596ff785caf3e,f4e44e9f9016,2026-09-02T01:40:34.726442269Z,2026-09-02T01:40:35.026993745Z,300.551476,200,fa5bbaa12602c6803fc911cd560f3cd567585f7b4703499b433ac2343ab380c5,,true,miss
retained-20260902-68135d3ad33f,S2-100-r07,S2-100,request-041,d4745ce8b0076d85ef4bad6643512dad50425d8f61a49108664596ff785caf3e,f4e44e9f9016,2026-09-02T01:40:34.726424834Z,2026-09-02T01:40:35.029789682Z,303.364853,200,fa5bbaa12602c6803fc911cd560f3cd567585f7b4703499b433ac2343ab380c5,,true,miss
retained-20260902-68135d3ad33f,S2-100-r07,S2-100,request-042,d4745ce8b0076d85ef4bad6643512dad50425d8f61a49108664596ff785caf3e,f4e44e9f9016,2026-09-02T01:40:34.726410146Z,2026-09-02T01:40:35.031191007Z,304.780856,200,fa5bbaa12602c6803fc911cd560f3cd567585f7b4703499b433ac2343ab380c5,,true,miss
retained-20260902-68135d3ad33f,S2-100-r07,S2-100,request-043,d4745ce8b0076d85ef4bad6643512dad50425d8f61a49108664596ff785caf3e,f4e44e9f9016,2026-09-02T01:40:34.726393364Z,2026-09-02T01:40:35.02913656Z,302.743194,200,fa5bbaa12602c6803fc911cd560f3cd567585f7b4703499b433ac2343ab380c5,,true,miss
retained-20260902-68135d3ad33f,S2-100-r07,S2-100,request-044,d4745ce8b0076d85ef4bad6643512dad50425d8f61a49108664596ff785caf3e,f4e44e9f9016,2026-09-02T01:40:34.726376328Z,2026-09-02T01:40:35.028754189Z,302.377850,200,fa5bbaa12602c6803fc911cd560f3cd567585f7b4703499b433ac2343ab380c5,,true,miss
retained-20260902-68135d3ad33f,S2-100-r07,S2-100,request-045,d4745ce8b0076d85ef4bad6643512dad50425d8f61a49108664596ff785caf3e,f4e44e9f9016,2026-09-02T01:40:34.726361586Z,2026-09-02T01:40:35.030129462Z,303.767883,200,fa5bbaa12602c6803fc911cd560f3cd567585f7b4703499b433ac2343ab380c5,,true,miss
retained-20260902-68135d3ad33f,S2-100-r07,S2-100,request-046,d4745ce8b0076d85ef4bad6643512dad50425d8f61a49108664596ff785caf3e,f4e44e9f9016,2026-09-02T01:40:34.726345281Z,2026-09-02T01:40:35.029893262Z,303.547997,200,fa5bbaa12602c6803fc911cd560f3cd567585f7b4703499b433ac2343ab380c5,,true,miss
retained-20260902-68135d3ad33f,S2-100-r07,S2-100,request-047,d4745ce8b0076d85ef4bad6643512dad50425d8f61a49108664596ff785caf3e,f4e44e9f9016,2026-09-02T01:40:34.726312349Z,2026-09-02T01:40:35.029666549Z,303.354202,200,fa5bbaa12602c6803fc911cd560f3cd567585f7b4703499b433ac2343ab380c5,,true,miss
retained-20260902-68135d3ad33f,S2-100-r07,S2-100,request-048,d4745ce8b0076d85ef4bad6643512dad50425d8f61a49108664596ff785caf3e,f4e44e9f9016,2026-09-02T01:40:34.726296429Z,2026-09-02T01:40:35.028641042Z,302.344616,200,fa5bbaa12602c6803fc911cd560f3cd567585f7b4703499b433ac2343ab380c5,,true,miss
retained-20260902-68135d3ad33f,S2-100-r07,S2-100,request-049,d4745ce8b0076d85ef4bad6643512dad50425d8f61a49108664596ff785caf3e,f4e44e9f9016,2026-09-02T01:40:34.726281028Z,2026-09-02T01:40:35.028461173Z,302.180153,200,fa5bbaa12602c6803fc911cd560f3cd567585f7b4703499b433ac2343ab380c5,,true,miss
retained-20260902-68135d3ad33f,S2-100-r07,S2-100,request-050,d4745ce8b0076d85ef4bad6643512dad50425d8f61a49108664596ff785caf3e,f4e44e9f9016,2026-09-02T01:40:34.7262658Z,2026-09-02T01:40:35.027796958Z,301.531152,200,fa5bbaa12602c6803fc911cd560f3cd567585f7b4703499b433ac2343ab380c5,,true,miss
retained-20260902-68135d3ad33f,S2-100-r07,S2-100,request-051,d4745ce8b0076d85ef4bad6643512dad50425d8f61a49108664596ff785caf3e,f4e44e9f9016,2026-09-02T01:40:34.726250848Z,2026-09-02T01:40:35.027353283Z,301.102437,200,fa5bbaa12602c6803fc911cd560f3cd567585f7b4703499b433ac2343ab380c5,,true,miss
retained-20260902-68135d3ad33f,S2-100-r07,S2-100,request-052,d4745ce8b0076d85ef4bad6643512dad50425d8f61a49108664596ff785caf3e,f4e44e9f9016,2026-09-02T01:40:34.726231947Z,2026-09-02T01:40:35.027222451Z,300.990507,200,fa5bbaa12602c6803fc911cd560f3cd567585f7b4703499b433ac2343ab380c5,,true,miss
retained-20260902-68135d3ad33f,S2-100-r07,S2-100,request-053,d4745ce8b0076d85ef4bad6643512dad50425d8f61a49108664596ff785caf3e,f4e44e9f9016,2026-09-02T01:40:34.726215648Z,2026-09-02T01:40:35.026929315Z,300.713670,200,fa5bbaa12602c6803fc911cd560f3cd567585f7b4703499b433ac2343ab380c5,,true,miss
retained-20260902-68135d3ad33f,S2-100-r07,S2-100,request-054,d4745ce8b0076d85ef4bad6643512dad50425d8f61a49108664596ff785caf3e,f4e44e9f9016,2026-09-02T01:40:34.726196162Z,2026-09-02T01:40:35.03024643Z,304.050273,200,fa5bbaa12602c6803fc911cd560f3cd567585f7b4703499b433ac2343ab380c5,,true,miss
retained-20260902-68135d3ad33f,S2-100-r07,S2-100,request-055,d4745ce8b0076d85ef4bad6643512dad50425d8f61a49108664596ff785caf3e,f4e44e9f9016,2026-09-02T01:40:34.726180591Z,2026-09-02T01:40:35.030613412Z,304.432823,200,fa5bbaa12602c6803fc911cd560f3cd567585f7b4703499b433ac2343ab380c5,,true,miss
retained-20260902-68135d3ad33f,S2-100-r07,S2-100,request-056,d4745ce8b0076d85ef4bad6643512dad50425d8f61a49108664596ff785caf3e,f4e44e9f9016,2026-09-02T01:40:34.726161027Z,2026-09-02T01:40:35.029950645Z,303.789619,200,fa5bbaa12602c6803fc911cd560f3cd567585f7b4703499b433ac2343ab380c5,,true,miss
retained-20260902-68135d3ad33f,S2-100-r07,S2-100,request-057,d4745ce8b0076d85ef4bad6643512dad50425d8f61a49108664596ff785caf3e,f4e44e9f9016,2026-09-02T01:40:34.726143191Z,2026-09-02T01:40:35.029848678Z,303.705488,200,fa5bbaa12602c6803fc911cd560f3cd567585f7b4703499b433ac2343ab380c5,,true,miss
retained-20260902-68135d3ad33f,S2-100-r07,S2-100,request-058,d4745ce8b0076d85ef4bad6643512dad50425d8f61a49108664596ff785caf3e,f4e44e9f9016,2026-09-02T01:40:34.726125432Z,2026-09-02T01:40:35.029241803Z,303.116367,200,fa5bbaa12602c6803fc911cd560f3cd567585f7b4703499b433ac2343ab380c5,,true,miss
retained-20260902-68135d3ad33f,S2-100-r07,S2-100,request-059,d4745ce8b0076d85ef4bad6643512dad50425d8f61a49108664596ff785caf3e,f4e44e9f9016,2026-09-02T01:40:34.725957545Z,2026-09-02T01:40:35.02799358Z,302.036041,200,fa5bbaa12602c6803fc911cd560f3cd567585f7b4703499b433ac2343ab380c5,,true,miss
retained-20260902-68135d3ad33f,S2-100-r07,S2-100,request-060,d4745ce8b0076d85ef4bad6643512dad50425d8f61a49108664596ff785caf3e,f4e44e9f9016,2026-09-02T01:40:34.725844156Z,2026-09-02T01:40:35.03089152Z,305.047365,200,fa5bbaa12602c6803fc911cd560f3cd567585f7b4703499b433ac2343ab380c5,,true,miss
retained-20260902-68135d3ad33f,S2-100-r07,S2-100,request-061,d4745ce8b0076d85ef4bad6643512dad50425d8f61a49108664596ff785caf3e,f4e44e9f9016,2026-09-02T01:40:34.702617578Z,2026-09-02T01:40:35.028564377Z,325.946807,200,fa5bbaa12602c6803fc911cd560f3cd567585f7b4703499b433ac2343ab380c5,,true,miss
retained-20260902-68135d3ad33f,S2-100-r07,S2-100,request-062,d4745ce8b0076d85ef4bad6643512dad50425d8f61a49108664596ff785caf3e,f4e44e9f9016,2026-09-02T01:40:34.696159851Z,2026-09-02T01:40:35.02834127Z,332.181425,200,fa5bbaa12602c6803fc911cd560f3cd567585f7b4703499b433ac2343ab380c5,,true,miss
retained-20260902-68135d3ad33f,S2-100-r07,S2-100,request-063,d4745ce8b0076d85ef4bad6643512dad50425d8f61a49108664596ff785caf3e,f4e44e9f9016,2026-09-02T01:40:34.696146172Z,2026-09-02T01:40:35.026812928Z,330.666756,200,fa5bbaa12602c6803fc911cd560f3cd567585f7b4703499b433ac2343ab380c5,,true,miss
retained-20260902-68135d3ad33f,S2-100-r07,S2-100,request-064,d4745ce8b0076d85ef4bad6643512dad50425d8f61a49108664596ff785caf3e,f4e44e9f9016,2026-09-02T01:40:34.69612978Z,2026-09-02T01:40:35.029942151Z,333.812376,200,fa5bbaa12602c6803fc911cd560f3cd567585f7b4703499b433ac2343ab380c5,,true,miss
retained-20260902-68135d3ad33f,S2-100-r07,S2-100,request-065,d4745ce8b0076d85ef4bad6643512dad50425d8f61a49108664596ff785caf3e,f4e44e9f9016,2026-09-02T01:40:34.696113268Z,2026-09-02T01:40:35.02971842Z,333.605158,200,fa5bbaa12602c6803fc911cd560f3cd567585f7b4703499b433ac2343ab380c5,,true,miss
retained-20260902-68135d3ad33f,S2-100-r07,S2-100,request-066,d4745ce8b0076d85ef4bad6643512dad50425d8f61a49108664596ff785caf3e,f4e44e9f9016,2026-09-02T01:40:34.696075182Z,2026-09-02T01:40:35.030954819Z,334.879648,200,fa5bbaa12602c6803fc911cd560f3cd567585f7b4703499b433ac2343ab380c5,,true,miss
retained-20260902-68135d3ad33f,S2-100-r07,S2-100,request-067,d4745ce8b0076d85ef4bad6643512dad50425d8f61a49108664596ff785caf3e,f4e44e9f9016,2026-09-02T01:40:34.696058607Z,2026-09-02T01:40:35.029273541Z,333.214940,200,fa5bbaa12602c6803fc911cd560f3cd567585f7b4703499b433ac2343ab380c5,,true,miss
retained-20260902-68135d3ad33f,S2-100-r07,S2-100,request-068,d4745ce8b0076d85ef4bad6643512dad50425d8f61a49108664596ff785caf3e,f4e44e9f9016,2026-09-02T01:40:34.696027184Z,2026-09-02T01:40:35.028804266Z,332.777086,200,fa5bbaa12602c6803fc911cd560f3cd567585f7b4703499b433ac2343ab380c5,,true,miss
retained-20260902-68135d3ad33f,S2-100-r07,S2-100,request-069,d4745ce8b0076d85ef4bad6643512dad50425d8f61a49108664596ff785caf3e,f4e44e9f9016,2026-09-02T01:40:34.696003963Z,2026-09-02T01:40:35.027975758Z,331.971800,200,fa5bbaa12602c6803fc911cd560f3cd567585f7b4703499b433ac2343ab380c5,,true,miss
retained-20260902-68135d3ad33f,S2-100-r07,S2-100,request-070,d4745ce8b0076d85ef4bad6643512dad50425d8f61a49108664596ff785caf3e,f4e44e9f9016,2026-09-02T01:40:34.695986477Z,2026-09-02T01:40:35.027632571Z,331.646100,200,fa5bbaa12602c6803fc911cd560f3cd567585f7b4703499b433ac2343ab380c5,,true,miss
retained-20260902-68135d3ad33f,S2-100-r07,S2-100,request-071,d4745ce8b0076d85ef4bad6643512dad50425d8f61a49108664596ff785caf3e,f4e44e9f9016,2026-09-02T01:40:34.69596359Z,2026-09-02T01:40:35.027413312Z,331.449719,200,fa5bbaa12602c6803fc911cd560f3cd567585f7b4703499b433ac2343ab380c5,,true,miss
retained-20260902-68135d3ad33f,S2-100-r07,S2-100,request-072,d4745ce8b0076d85ef4bad6643512dad50425d8f61a49108664596ff785caf3e,f4e44e9f9016,2026-09-02T01:40:34.695944443Z,2026-09-02T01:40:35.030703029Z,334.758591,200,fa5bbaa12602c6803fc911cd560f3cd567585f7b4703499b433ac2343ab380c5,,true,miss
retained-20260902-68135d3ad33f,S2-100-r07,S2-100,request-073,d4745ce8b0076d85ef4bad6643512dad50425d8f61a49108664596ff785caf3e,f4e44e9f9016,2026-09-02T01:40:34.695927835Z,2026-09-02T01:40:35.027299675Z,331.371840,200,fa5bbaa12602c6803fc911cd560f3cd567585f7b4703499b433ac2343ab380c5,,true,miss
retained-20260902-68135d3ad33f,S2-100-r07,S2-100,request-074,d4745ce8b0076d85ef4bad6643512dad50425d8f61a49108664596ff785caf3e,f4e44e9f9016,2026-09-02T01:40:34.695911465Z,2026-09-02T01:40:35.027150198Z,331.238732,200,fa5bbaa12602c6803fc911cd560f3cd567585f7b4703499b433ac2343ab380c5,,true,miss
retained-20260902-68135d3ad33f,S2-100-r07,S2-100,request-075,d4745ce8b0076d85ef4bad6643512dad50425d8f61a49108664596ff785caf3e,f4e44e9f9016,2026-09-02T01:40:34.695820144Z,2026-09-02T01:40:35.028537214Z,332.717076,200,fa5bbaa12602c6803fc911cd560f3cd567585f7b4703499b433ac2343ab380c5,,true,miss
retained-20260902-68135d3ad33f,S2-100-r07,S2-100,request-076,d4745ce8b0076d85ef4bad6643512dad50425d8f61a49108664596ff785caf3e,f4e44e9f9016,2026-09-02T01:40:34.69536478Z,2026-09-02T01:40:35.027074732Z,331.709954,200,fa5bbaa12602c6803fc911cd560f3cd567585f7b4703499b433ac2343ab380c5,,true,miss
retained-20260902-68135d3ad33f,S2-100-r07,S2-100,request-077,d4745ce8b0076d85ef4bad6643512dad50425d8f61a49108664596ff785caf3e,f4e44e9f9016,2026-09-02T01:40:34.695135838Z,2026-09-02T01:40:35.029843962Z,334.708131,200,fa5bbaa12602c6803fc911cd560f3cd567585f7b4703499b433ac2343ab380c5,,true,miss
retained-20260902-68135d3ad33f,S2-100-r07,S2-100,request-078,d4745ce8b0076d85ef4bad6643512dad50425d8f61a49108664596ff785caf3e,f4e44e9f9016,2026-09-02T01:40:34.695082764Z,2026-09-02T01:40:35.030957116Z,335.874356,200,fa5bbaa12602c6803fc911cd560f3cd567585f7b4703499b433ac2343ab380c5,,true,miss
retained-20260902-68135d3ad33f,S2-100-r07,S2-100,request-079,d4745ce8b0076d85ef4bad6643512dad50425d8f61a49108664596ff785caf3e,f4e44e9f9016,2026-09-02T01:40:34.726045261Z,2026-09-02T01:40:35.028615867Z,302.570613,200,fa5bbaa12602c6803fc911cd560f3cd567585f7b4703499b433ac2343ab380c5,,true,miss
retained-20260902-68135d3ad33f,S2-100-r07,S2-100,request-080,d4745ce8b0076d85ef4bad6643512dad50425d8f61a49108664596ff785caf3e,f4e44e9f9016,2026-09-02T01:40:34.726081551Z,2026-09-02T01:40:35.031255197Z,305.173654,200,fa5bbaa12602c6803fc911cd560f3cd567585f7b4703499b433ac2343ab380c5,,true,miss
retained-20260902-68135d3ad33f,S2-100-r07,S2-100,request-081,d4745ce8b0076d85ef4bad6643512dad50425d8f61a49108664596ff785caf3e,f4e44e9f9016,2026-09-02T01:40:34.726065196Z,2026-09-02T01:40:35.028826443Z,302.761253,200,fa5bbaa12602c6803fc911cd560f3cd567585f7b4703499b433ac2343ab380c5,,true,miss
retained-20260902-68135d3ad33f,S2-100-r07,S2-100,request-082,d4745ce8b0076d85ef4bad6643512dad50425d8f61a49108664596ff785caf3e,f4e44e9f9016,2026-09-02T01:40:34.726022788Z,2026-09-02T01:40:35.028391027Z,302.368244,200,fa5bbaa12602c6803fc911cd560f3cd567585f7b4703499b433ac2343ab380c5,,true,miss
retained-20260902-68135d3ad33f,S2-100-r07,S2-100,request-083,d4745ce8b0076d85ef4bad6643512dad50425d8f61a49108664596ff785caf3e,f4e44e9f9016,2026-09-02T01:40:34.726006249Z,2026-09-02T01:40:35.030637395Z,304.631152,200,fa5bbaa12602c6803fc911cd560f3cd567585f7b4703499b433ac2343ab380c5,,true,miss
retained-20260902-68135d3ad33f,S2-100-r07,S2-100,request-084,d4745ce8b0076d85ef4bad6643512dad50425d8f61a49108664596ff785caf3e,f4e44e9f9016,2026-09-02T01:40:34.725987023Z,2026-09-02T01:40:35.028343872Z,302.356856,200,fa5bbaa12602c6803fc911cd560f3cd567585f7b4703499b433ac2343ab380c5,,true,miss
retained-20260902-68135d3ad33f,S2-100-r07,S2-100,request-085,d4745ce8b0076d85ef4bad6643512dad50425d8f61a49108664596ff785caf3e,f4e44e9f9016,2026-09-02T01:40:34.695889321Z,2026-09-02T01:40:35.027000742Z,331.111423,200,fa5bbaa12602c6803fc911cd560f3cd567585f7b4703499b433ac2343ab380c5,,true,miss
retained-20260902-68135d3ad33f,S2-100-r07,S2-100,request-086,d4745ce8b0076d85ef4bad6643512dad50425d8f61a49108664596ff785caf3e,f4e44e9f9016,2026-09-02T01:40:34.695859251Z,2026-09-02T01:40:35.026865321Z,331.006066,200,fa5bbaa12602c6803fc911cd560f3cd567585f7b4703499b433ac2343ab380c5,,true,miss
retained-20260902-68135d3ad33f,S2-100-r07,S2-100,request-087,d4745ce8b0076d85ef4bad6643512dad50425d8f61a49108664596ff785caf3e,f4e44e9f9016,2026-09-02T01:40:34.695753835Z,2026-09-02T01:40:35.028404207Z,332.650373,200,fa5bbaa12602c6803fc911cd560f3cd567585f7b4703499b433ac2343ab380c5,,true,miss
retained-20260902-68135d3ad33f,S2-100-r07,S2-100,request-088,d4745ce8b0076d85ef4bad6643512dad50425d8f61a49108664596ff785caf3e,f4e44e9f9016,2026-09-02T01:40:34.695268718Z,2026-09-02T01:40:35.030084066Z,334.815348,200,fa5bbaa12602c6803fc911cd560f3cd567585f7b4703499b433ac2343ab380c5,,true,miss
retained-20260902-68135d3ad33f,S2-100-r07,S2-100,request-089,d4745ce8b0076d85ef4bad6643512dad50425d8f61a49108664596ff785caf3e,f4e44e9f9016,2026-09-02T01:40:34.694986457Z,2026-09-02T01:40:35.030845222Z,335.858763,200,fa5bbaa12602c6803fc911cd560f3cd567585f7b4703499b433ac2343ab380c5,,true,miss
retained-20260902-68135d3ad33f,S2-100-r07,S2-100,request-090,d4745ce8b0076d85ef4bad6643512dad50425d8f61a49108664596ff785caf3e,f4e44e9f9016,2026-09-02T01:40:34.694749327Z,2026-09-02T01:40:35.026811294Z,332.061971,200,fa5bbaa12602c6803fc911cd560f3cd567585f7b4703499b433ac2343ab380c5,,true,miss
retained-20260902-68135d3ad33f,S2-100-r07,S2-100,request-091,d4745ce8b0076d85ef4bad6643512dad50425d8f61a49108664596ff785caf3e,f4e44e9f9016,2026-09-02T01:40:34.69477301Z,2026-09-02T01:40:35.026192121Z,331.419113,200,fa5bbaa12602c6803fc911cd560f3cd567585f7b4703499b433ac2343ab380c5,,true,miss
retained-20260902-68135d3ad33f,S2-100-r07,S2-100,request-092,d4745ce8b0076d85ef4bad6643512dad50425d8f61a49108664596ff785caf3e,f4e44e9f9016,2026-09-02T01:40:34.694487537Z,2026-09-02T01:40:35.026149119Z,331.661573,200,fa5bbaa12602c6803fc911cd560f3cd567585f7b4703499b433ac2343ab380c5,,true,miss
retained-20260902-68135d3ad33f,S2-100-r07,S2-100,request-093,d4745ce8b0076d85ef4bad6643512dad50425d8f61a49108664596ff785caf3e,f4e44e9f9016,2026-09-02T01:40:34.694678987Z,2026-09-02T01:40:35.031032433Z,336.353445,200,fa5bbaa12602c6803fc911cd560f3cd567585f7b4703499b433ac2343ab380c5,,true,miss
retained-20260902-68135d3ad33f,S2-100-r07,S2-100,request-094,d4745ce8b0076d85ef4bad6643512dad50425d8f61a49108664596ff785caf3e,f4e44e9f9016,2026-09-02T01:40:34.694723292Z,2026-09-02T01:40:35.026899933Z,332.176636,200,fa5bbaa12602c6803fc911cd560f3cd567585f7b4703499b433ac2343ab380c5,,true,miss
retained-20260902-68135d3ad33f,S2-100-r07,S2-100,request-095,d4745ce8b0076d85ef4bad6643512dad50425d8f61a49108664596ff785caf3e,f4e44e9f9016,2026-09-02T01:40:34.694873638Z,2026-09-02T01:40:35.028871743Z,333.998111,200,fa5bbaa12602c6803fc911cd560f3cd567585f7b4703499b433ac2343ab380c5,,true,miss
retained-20260902-68135d3ad33f,S2-100-r07,S2-100,request-096,d4745ce8b0076d85ef4bad6643512dad50425d8f61a49108664596ff785caf3e,f4e44e9f9016,2026-09-02T01:40:34.694857868Z,2026-09-02T01:40:35.02741917Z,332.561304,200,fa5bbaa12602c6803fc911cd560f3cd567585f7b4703499b433ac2343ab380c5,,true,miss
retained-20260902-68135d3ad33f,S2-100-r07,S2-100,request-097,d4745ce8b0076d85ef4bad6643512dad50425d8f61a49108664596ff785caf3e,f4e44e9f9016,2026-09-02T01:40:34.694834802Z,2026-09-02T01:40:35.027678773Z,332.843977,200,fa5bbaa12602c6803fc911cd560f3cd567585f7b4703499b433ac2343ab380c5,,true,miss
retained-20260902-68135d3ad33f,S2-100-r07,S2-100,request-098,d4745ce8b0076d85ef4bad6643512dad50425d8f61a49108664596ff785caf3e,f4e44e9f9016,2026-09-02T01:40:34.694818444Z,2026-09-02T01:40:35.02587416Z,331.055722,200,fa5bbaa12602c6803fc911cd560f3cd567585f7b4703499b433ac2343ab380c5,,true,miss
retained-20260902-68135d3ad33f,S2-100-r07,S2-100,request-099,d4745ce8b0076d85ef4bad6643512dad50425d8f61a49108664596ff785caf3e,f4e44e9f9016,2026-09-02T01:40:34.694795269Z,2026-09-02T01:40:35.028695093Z,333.899831,200,fa5bbaa12602c6803fc911cd560f3cd567585f7b4703499b433ac2343ab380c5,,true,miss
retained-20260902-68135d3ad33f,S2-100-r07,S2-100,request-100,d4745ce8b0076d85ef4bad6643512dad50425d8f61a49108664596ff785caf3e,f4e44e9f9016,2026-09-02T01:40:34.726657779Z,2026-09-02T01:40:35.022942011Z,296.284232,200,fa5bbaa12602c6803fc911cd560f3cd567585f7b4703499b433ac2343ab380c5,,true,miss
retained-20260902-68135d3ad33f,S1-100-r07,S1-100,request-001,d4745ce8b0076d85ef4bad6643512dad50425d8f61a49108664596ff785caf3e,f4e44e9f9016,2026-09-02T01:40:35.391315854Z,2026-09-02T01:40:46.95603971Z,11564.723852,200,fa5bbaa12602c6803fc911cd560f3cd567585f7b4703499b433ac2343ab380c5,,false,miss
retained-20260902-68135d3ad33f,S1-100-r07,S1-100,request-002,d4745ce8b0076d85ef4bad6643512dad50425d8f61a49108664596ff785caf3e,f4e44e9f9016,2026-09-02T01:40:35.391254759Z,2026-09-02T01:40:50.664552537Z,15273.297778,200,fa5bbaa12602c6803fc911cd560f3cd567585f7b4703499b433ac2343ab380c5,,false,miss
retained-20260902-68135d3ad33f,S1-100-r07,S1-100,request-003,d4745ce8b0076d85ef4bad6643512dad50425d8f61a49108664596ff785caf3e,f4e44e9f9016,2026-09-02T01:40:35.391234326Z,2026-09-02T01:40:45.661856235Z,10270.621921,200,fa5bbaa12602c6803fc911cd560f3cd567585f7b4703499b433ac2343ab380c5,,false,miss
retained-20260902-68135d3ad33f,S1-100-r07,S1-100,request-004,d4745ce8b0076d85ef4bad6643512dad50425d8f61a49108664596ff785caf3e,f4e44e9f9016,2026-09-02T01:40:35.391203214Z,2026-09-02T01:40:48.156999655Z,12765.796449,200,fa5bbaa12602c6803fc911cd560f3cd567585f7b4703499b433ac2343ab380c5,,false,miss
retained-20260902-68135d3ad33f,S1-100-r07,S1-100,request-005,d4745ce8b0076d85ef4bad6643512dad50425d8f61a49108664596ff785caf3e,f4e44e9f9016,2026-09-02T01:40:35.391186063Z,2026-09-02T01:40:45.658421853Z,10267.235795,200,fa5bbaa12602c6803fc911cd560f3cd567585f7b4703499b433ac2343ab380c5,,false,miss
retained-20260902-68135d3ad33f,S1-100-r07,S1-100,request-006,d4745ce8b0076d85ef4bad6643512dad50425d8f61a49108664596ff785caf3e,f4e44e9f9016,2026-09-02T01:40:35.391148328Z,2026-09-02T01:40:44.555777771Z,9164.629450,200,fa5bbaa12602c6803fc911cd560f3cd567585f7b4703499b433ac2343ab380c5,,false,miss
retained-20260902-68135d3ad33f,S1-100-r07,S1-100,request-007,d4745ce8b0076d85ef4bad6643512dad50425d8f61a49108664596ff785caf3e,f4e44e9f9016,2026-09-02T01:40:35.391129953Z,2026-09-02T01:41:07.302614985Z,30172.695297,200,fa5bbaa12602c6803fc911cd560f3cd567585f7b4703499b433ac2343ab380c5,,false,miss
retained-20260902-68135d3ad33f,S1-100-r07,S1-100,request-008,d4745ce8b0076d85ef4bad6643512dad50425d8f61a49108664596ff785caf3e,f4e44e9f9016,2026-09-02T01:40:35.391107708Z,2026-09-02T01:40:56.096014322Z,18966.116886,200,fa5bbaa12602c6803fc911cd560f3cd567585f7b4703499b433ac2343ab380c5,,false,miss
retained-20260902-68135d3ad33f,S1-100-r07,S1-100,request-009,d4745ce8b0076d85ef4bad6643512dad50425d8f61a49108664596ff785caf3e,f4e44e9f9016,2026-09-02T01:40:35.391083769Z,2026-09-02T01:40:44.457348704Z,9066.264940,200,fa5bbaa12602c6803fc911cd560f3cd567585f7b4703499b433ac2343ab380c5,,false,miss
retained-20260902-68135d3ad33f,S1-100-r07,S1-100,request-010,d4745ce8b0076d85ef4bad6643512dad50425d8f61a49108664596ff785caf3e,f4e44e9f9016,2026-09-02T01:40:35.391065421Z,2026-09-02T01:40:44.364646213Z,8973.580799,200,fa5bbaa12602c6803fc911cd560f3cd567585f7b4703499b433ac2343ab380c5,,false,miss
retained-20260902-68135d3ad33f,S1-100-r07,S1-100,request-011,d4745ce8b0076d85ef4bad6643512dad50425d8f61a49108664596ff785caf3e,f4e44e9f9016,2026-09-02T01:40:35.391044508Z,2026-09-02T01:40:43.251299881Z,7860.255382,200,fa5bbaa12602c6803fc911cd560f3cd567585f7b4703499b433ac2343ab380c5,,false,miss
retained-20260902-68135d3ad33f,S1-100-r07,S1-100,request-012,d4745ce8b0076d85ef4bad6643512dad50425d8f61a49108664596ff785caf3e,f4e44e9f9016,2026-09-02T01:40:35.391017132Z,2026-09-02T01:40:43.064337691Z,7673.320562,200,fa5bbaa12602c6803fc911cd560f3cd567585f7b4703499b433ac2343ab380c5,,false,miss
retained-20260902-68135d3ad33f,S1-100-r07,S1-100,request-013,d4745ce8b0076d85ef4bad6643512dad50425d8f61a49108664596ff785caf3e,f4e44e9f9016,2026-09-02T01:40:35.390996208Z,2026-09-02T01:40:41.95695465Z,6565.958443,200,fa5bbaa12602c6803fc911cd560f3cd567585f7b4703499b433ac2343ab380c5,,false,miss
retained-20260902-68135d3ad33f,S1-100-r07,S1-100,request-014,d4745ce8b0076d85ef4bad6643512dad50425d8f61a49108664596ff785caf3e,f4e44e9f9016,2026-09-02T01:40:35.390965616Z,2026-09-02T01:40:45.662671334Z,10271.705725,200,fa5bbaa12602c6803fc911cd560f3cd567585f7b4703499b433ac2343ab380c5,,false,miss
retained-20260902-68135d3ad33f,S1-100-r07,S1-100,request-015,d4745ce8b0076d85ef4bad6643512dad50425d8f61a49108664596ff785caf3e,f4e44e9f9016,2026-09-02T01:40:35.390944727Z,2026-09-02T01:40:39.455356775Z,4064.412050,200,fa5bbaa12602c6803fc911cd560f3cd567585f7b4703499b433ac2343ab380c5,,false,miss
retained-20260902-68135d3ad33f,S1-100-r07,S1-100,request-016,d4745ce8b0076d85ef4bad6643512dad50425d8f61a49108664596ff785caf3e,f4e44e9f9016,2026-09-02T01:40:35.391335689Z,2026-09-02T01:40:52.659809755Z,16579.779894,200,fa5bbaa12602c6803fc911cd560f3cd567585f7b4703499b433ac2343ab380c5,,false,miss
retained-20260902-68135d3ad33f,S1-100-r07,S1-100,request-017,d4745ce8b0076d85ef4bad6643512dad50425d8f61a49108664596ff785caf3e,f4e44e9f9016,2026-09-02T01:40:35.390901676Z,2026-09-02T01:40:39.553256747Z,4162.355073,200,fa5bbaa12602c6803fc911cd560f3cd567585f7b4703499b433ac2343ab380c5,,false,miss
retained-20260902-68135d3ad33f,S1-100-r07,S1-100,request-018,d4745ce8b0076d85ef4bad6643512dad50425d8f61a49108664596ff785caf3e,f4e44e9f9016,2026-09-02T01:40:35.390883096Z,2026-09-02T01:40:38.165757014Z,2774.873924,200,fa5bbaa12602c6803fc911cd560f3cd567585f7b4703499b433ac2343ab380c5,,false,miss
retained-20260902-68135d3ad33f,S1-100-r07,S1-100,request-019,d4745ce8b0076d85ef4bad6643512dad50425d8f61a49108664596ff785caf3e,f4e44e9f9016,2026-09-02T01:40:35.390798574Z,2026-09-02T01:40:49.464411349Z,14073.612775,200,fa5bbaa12602c6803fc911cd560f3cd567585f7b4703499b433ac2343ab380c5,,false,miss
retained-20260902-68135d3ad33f,S1-100-r07,S1-100,request-020,d4745ce8b0076d85ef4bad6643512dad50425d8f61a49108664596ff785caf3e,f4e44e9f9016,2026-09-02T01:40:35.390745466Z,2026-09-02T01:41:04.808653847Z,27679.118651,200,fa5bbaa12602c6803fc911cd560f3cd567585f7b4703499b433ac2343ab380c5,,false,miss
retained-20260902-68135d3ad33f,S1-100-r07,S1-100,request-021,d4745ce8b0076d85ef4bad6643512dad50425d8f61a49108664596ff785caf3e,f4e44e9f9016,2026-09-02T01:40:35.390705356Z,2026-09-02T01:40:36.951588413Z,1560.883064,200,fa5bbaa12602c6803fc911cd560f3cd567585f7b4703499b433ac2343ab380c5,,false,miss
retained-20260902-68135d3ad33f,S1-100-r07,S1-100,request-022,d4745ce8b0076d85ef4bad6643512dad50425d8f61a49108664596ff785caf3e,f4e44e9f9016,2026-09-02T01:40:35.390629571Z,2026-09-02T01:40:50.766813728Z,15376.184160,200,fa5bbaa12602c6803fc911cd560f3cd567585f7b4703499b433ac2343ab380c5,,false,miss
retained-20260902-68135d3ad33f,S1-100-r07,S1-100,request-023,d4745ce8b0076d85ef4bad6643512dad50425d8f61a49108664596ff785caf3e,f4e44e9f9016,2026-09-02T01:40:35.390516946Z,2026-09-02T01:40:36.859481037Z,1468.964097,200,fa5bbaa12602c6803fc911cd560f3cd567585f7b4703499b433ac2343ab380c5,,false,miss
retained-20260902-68135d3ad33f,S1-100-r07,S1-100,request-024,d4745ce8b0076d85ef4bad6643512dad50425d8f61a49108664596ff785caf3e,f4e44e9f9016,2026-09-02T01:40:35.390510445Z,2026-09-02T01:40:59.895984542Z,22766.684368,200,fa5bbaa12602c6803fc911cd560f3cd567585f7b4703499b433ac2343ab380c5,,false,miss
retained-20260902-68135d3ad33f,S1-100-r07,S1-100,request-025,d4745ce8b0076d85ef4bad6643512dad50425d8f61a49108664596ff785caf3e,f4e44e9f9016,2026-09-02T01:40:35.390818992Z,2026-09-02T01:40:36.858393032Z,1467.574048,200,fa5bbaa12602c6803fc911cd560f3cd567585f7b4703499b433ac2343ab380c5,,false,miss
retained-20260902-68135d3ad33f,S1-100-r07,S1-100,request-026,d4745ce8b0076d85ef4bad6643512dad50425d8f61a49108664596ff785caf3e,f4e44e9f9016,2026-09-02T01:40:35.390852323Z,2026-09-02T01:40:38.070565243Z,2679.712929,200,fa5bbaa12602c6803fc911cd560f3cd567585f7b4703499b433ac2343ab380c5,,false,miss
retained-20260902-68135d3ad33f,S1-100-r07,S1-100,request-027,d4745ce8b0076d85ef4bad6643512dad50425d8f61a49108664596ff785caf3e,f4e44e9f9016,2026-09-02T01:40:35.390837495Z,2026-09-02T01:40:41.771973471Z,6381.135984,200,fa5bbaa12602c6803fc911cd560f3cd567585f7b4703499b433ac2343ab380c5,,false,miss
retained-20260902-68135d3ad33f,S1-100-r07,S1-100,request-028,d4745ce8b0076d85ef4bad6643512dad50425d8f61a49108664596ff785caf3e,f4e44e9f9016,2026-09-02T01:40:35.390778741Z,2026-09-02T01:40:47.054997376Z,11664.218641,200,fa5bbaa12602c6803fc911cd560f3cd567585f7b4703499b433ac2343ab380c5,,false,miss
retained-20260902-68135d3ad33f,S1-100-r07,S1-100,request-029,d4745ce8b0076d85ef4bad6643512dad50425d8f61a49108664596ff785caf3e,f4e44e9f9016,2026-09-02T01:40:35.390728521Z,2026-09-02T01:40:40.863251933Z,5472.523418,200,fa5bbaa12602c6803fc911cd560f3cd567585f7b4703499b433ac2343ab380c5,,false,miss
retained-20260902-68135d3ad33f,S1-100-r07,S1-100,request-030,d4745ce8b0076d85ef4bad6643512dad50425d8f61a49108664596ff785caf3e,f4e44e9f9016,2026-09-02T01:40:35.390675755Z,2026-09-02T01:40:40.780785489Z,5390.109738,200,fa5bbaa12602c6803fc911cd560f3cd567585f7b4703499b433ac2343ab380c5,,false,miss
retained-20260902-68135d3ad33f,S1-100-r07,S1-100,request-031,d4745ce8b0076d85ef4bad6643512dad50425d8f61a49108664596ff785caf3e,f4e44e9f9016,2026-09-02T01:40:35.390654792Z,2026-09-02T01:40:40.651436669Z,5260.781880,200,fa5bbaa12602c6803fc911cd560f3cd567585f7b4703499b433ac2343ab380c5,,false,miss
retained-20260902-68135d3ad33f,S1-100-r07,S1-100,request-032,d4745ce8b0076d85ef4bad6643512dad50425d8f61a49108664596ff785caf3e,f4e44e9f9016,2026-09-02T01:40:35.390474898Z,2026-09-02T01:41:01.10341981Z,23974.155172,200,fa5bbaa12602c6803fc911cd560f3cd567585f7b4703499b433ac2343ab380c5,,false,miss
retained-20260902-68135d3ad33f,S1-100-r07,S1-100,request-033,d4745ce8b0076d85ef4bad6643512dad50425d8f61a49108664596ff785caf3e,f4e44e9f9016,2026-09-02T01:40:35.406386576Z,2026-09-02T01:40:54.995131743Z,17849.955437,200,fa5bbaa12602c6803fc911cd560f3cd567585f7b4703499b433ac2343ab380c5,,false,miss
retained-20260902-68135d3ad33f,S1-100-r07,S1-100,request-034,d4745ce8b0076d85ef4bad6643512dad50425d8f61a49108664596ff785caf3e,f4e44e9f9016,2026-09-02T01:40:35.406369877Z,2026-09-02T01:40:58.695014987Z,21549.855380,200,fa5bbaa12602c6803fc911cd560f3cd567585f7b4703499b433ac2343ab380c5,,false,miss
retained-20260902-68135d3ad33f,S1-100-r07,S1-100,request-035,d4745ce8b0076d85ef4bad6643512dad50425d8f61a49108664596ff785caf3e,f4e44e9f9016,2026-09-02T01:40:35.406345529Z,2026-09-02T01:41:02.40072117Z,25255.585912,200,fa5bbaa12602c6803fc911cd560f3cd567585f7b4703499b433ac2343ab380c5,,false,miss
retained-20260902-68135d3ad33f,S1-100-r07,S1-100,request-036,d4745ce8b0076d85ef4bad6643512dad50425d8f61a49108664596ff785caf3e,f4e44e9f9016,2026-09-02T01:40:35.406329889Z,2026-09-02T01:41:02.296307119Z,25151.187499,200,fa5bbaa12602c6803fc911cd560f3cd567585f7b4703499b433ac2343ab380c5,,false,miss
retained-20260902-68135d3ad33f,S1-100-r07,S1-100,request-037,d4745ce8b0076d85ef4bad6643512dad50425d8f61a49108664596ff785caf3e,f4e44e9f9016,2026-09-02T01:40:35.40630926Z,2026-09-02T01:40:56.096035676Z,18950.936682,200,fa5bbaa12602c6803fc911cd560f3cd567585f7b4703499b433ac2343ab380c5,,false,miss
retained-20260902-68135d3ad33f,S1-100-r07,S1-100,request-038,d4745ce8b0076d85ef4bad6643512dad50425d8f61a49108664596ff785caf3e,f4e44e9f9016,2026-09-02T01:40:35.40627302Z,2026-09-02T01:40:57.497474356Z,20352.411605,200,fa5bbaa12602c6803fc911cd560f3cd567585f7b4703499b433ac2343ab380c5,,false,miss
retained-20260902-68135d3ad33f,S1-100-r07,S1-100,request-039,d4745ce8b0076d85ef4bad6643512dad50425d8f61a49108664596ff785caf3e,f4e44e9f9016,2026-09-02T01:40:35.406236841Z,2026-09-02T01:41:01.090976733Z,23945.950158,200,fa5bbaa12602c6803fc911cd560f3cd567585f7b4703499b433ac2343ab380c5,,false,miss
retained-20260902-68135d3ad33f,S1-100-r07,S1-100,request-040,d4745ce8b0076d85ef4bad6643512dad50425d8f61a49108664596ff785caf3e,f4e44e9f9016,2026-09-02T01:40:35.406211301Z,2026-09-02T01:40:59.995307491Z,22850.306456,200,fa5bbaa12602c6803fc911cd560f3cd567585f7b4703499b433ac2343ab380c5,,false,miss
retained-20260902-68135d3ad33f,S1-100-r07,S1-100,request-041,d4745ce8b0076d85ef4bad6643512dad50425d8f61a49108664596ff785caf3e,f4e44e9f9016,2026-09-02T01:40:35.406194428Z,2026-09-02T01:41:07.489507109Z,30344.522945,200,fa5bbaa12602c6803fc911cd560f3cd567585f7b4703499b433ac2343ab380c5,,false,miss
retained-20260902-68135d3ad33f,S1-100-r07,S1-100,request-042,d4745ce8b0076d85ef4bad6643512dad50425d8f61a49108664596ff785caf3e,f4e44e9f9016,2026-09-02T01:40:35.406152465Z,2026-09-02T01:41:08.304701551Z,31159.759358,200,fa5bbaa12602c6803fc911cd560f3cd567585f7b4703499b433ac2343ab380c5,,false,miss
retained-20260902-68135d3ad33f,S1-100-r07,S1-100,request-043,d4745ce8b0076d85ef4bad6643512dad50425d8f61a49108664596ff785caf3e,f4e44e9f9016,2026-09-02T01:40:35.406140372Z,2026-09-02T01:41:08.597637032Z,31452.706933,200,fa5bbaa12602c6803fc911cd560f3cd567585f7b4703499b433ac2343ab380c5,,false,miss
retained-20260902-68135d3ad33f,S1-100-r07,S1-100,request-044,d4745ce8b0076d85ef4bad6643512dad50425d8f61a49108664596ff785caf3e,f4e44e9f9016,2026-09-02T01:40:35.406114148Z,2026-09-02T01:41:08.603660589Z,31458.756713,200,fa5bbaa12602c6803fc911cd560f3cd567585f7b4703499b433ac2343ab380c5,,false,miss
retained-20260902-68135d3ad33f,S1-100-r07,S1-100,request-045,d4745ce8b0076d85ef4bad6643512dad50425d8f61a49108664596ff785caf3e,f4e44e9f9016,2026-09-02T01:40:35.406091147Z,2026-09-02T01:41:06.204206295Z,29059.325417,200,fa5bbaa12602c6803fc911cd560f3cd567585f7b4703499b433ac2343ab380c5,,false,miss
retained-20260902-68135d3ad33f,S1-100-r07,S1-100,request-046,d4745ce8b0076d85ef4bad6643512dad50425d8f61a49108664596ff785caf3e,f4e44e9f9016,2026-09-02T01:40:35.406073922Z,2026-09-02T01:41:07.088326815Z,29943.463163,200,fa5bbaa12602c6803fc911cd560f3cd567585f7b4703499b433ac2343ab380c5,,false,miss
retained-20260902-68135d3ad33f,S1-100-r07,S1-100,request-047,d4745ce8b0076d85ef4bad6643512dad50425d8f61a49108664596ff785caf3e,f4e44e9f9016,2026-09-02T01:40:35.406036172Z,2026-09-02T01:41:06.198293419Z,29053.467512,200,fa5bbaa12602c6803fc911cd560f3cd567585f7b4703499b433ac2343ab380c5,,false,miss
retained-20260902-68135d3ad33f,S1-100-r07,S1-100,request-048,d4745ce8b0076d85ef4bad6643512dad50425d8f61a49108664596ff785caf3e,f4e44e9f9016,2026-09-02T01:40:35.40601986Z,2026-09-02T01:41:04.906038917Z,27761.229337,200,fa5bbaa12602c6803fc911cd560f3cd567585f7b4703499b433ac2343ab380c5,,false,miss
retained-20260902-68135d3ad33f,S1-100-r07,S1-100,request-049,d4745ce8b0076d85ef4bad6643512dad50425d8f61a49108664596ff785caf3e,f4e44e9f9016,2026-09-02T01:40:35.40599805Z,2026-09-02T01:40:58.592469696Z,21447.681916,200,fa5bbaa12602c6803fc911cd560f3cd567585f7b4703499b433ac2343ab380c5,,false,miss
retained-20260902-68135d3ad33f,S1-100-r07,S1-100,request-050,d4745ce8b0076d85ef4bad6643512dad50425d8f61a49108664596ff785caf3e,f4e44e9f9016,2026-09-02T01:40:35.405971959Z,2026-09-02T01:41:04.688245585Z,27543.483901,200,fa5bbaa12602c6803fc911cd560f3cd567585f7b4703499b433ac2343ab380c5,,false,miss
retained-20260902-68135d3ad33f,S1-100-r07,S1-100,request-051,d4745ce8b0076d85ef4bad6643512dad50425d8f61a49108664596ff785caf3e,f4e44e9f9016,2026-09-02T01:40:35.405951052Z,2026-09-02T01:40:52.659895519Z,16565.250292,200,fa5bbaa12602c6803fc911cd560f3cd567585f7b4703499b433ac2343ab380c5,,false,miss
retained-20260902-68135d3ad33f,S1-100-r07,S1-100,request-052,d4745ce8b0076d85ef4bad6643512dad50425d8f61a49108664596ff785caf3e,f4e44e9f9016,2026-09-02T01:40:35.405873088Z,2026-09-02T01:40:57.393450335Z,20248.787511,200,fa5bbaa12602c6803fc911cd560f3cd567585f7b4703499b433ac2343ab380c5,,false,miss
retained-20260902-68135d3ad33f,S1-100-r07,S1-100,request-053,d4745ce8b0076d85ef4bad6643512dad50425d8f61a49108664596ff785caf3e,f4e44e9f9016,2026-09-02T01:40:35.391338494Z,2026-09-02T01:40:58.593292172Z,21463.163940,200,fa5bbaa12602c6803fc911cd560f3cd567585f7b4703499b433ac2343ab380c5,,false,miss
retained-20260902-68135d3ad33f,S1-100-r07,S1-100,request-054,d4745ce8b0076d85ef4bad6643512dad50425d8f61a49108664596ff785caf3e,f4e44e9f9016,2026-09-02T01:40:35.391310552Z,2026-09-02T01:40:53.79919404Z,16669.093759,200,fa5bbaa12602c6803fc911cd560f3cd567585f7b4703499b433ac2343ab380c5,,false,miss
retained-20260902-68135d3ad33f,S1-100-r07,S1-100,request-055,d4745ce8b0076d85ef4bad6643512dad50425d8f61a49108664596ff785caf3e,f4e44e9f9016,2026-09-02T01:40:35.391280633Z,2026-09-02T01:40:50.65883194Z,15267.551311,200,fa5bbaa12602c6803fc911cd560f3cd567585f7b4703499b433ac2343ab380c5,,false,miss
retained-20260902-68135d3ad33f,S1-100-r07,S1-100,request-056,d4745ce8b0076d85ef4bad6643512dad50425d8f61a49108664596ff785caf3e,f4e44e9f9016,2026-09-02T01:40:35.39125568Z,2026-09-02T01:40:50.66386967Z,15272.613992,200,fa5bbaa12602c6803fc911cd560f3cd567585f7b4703499b433ac2343ab380c5,,false,miss
retained-20260902-68135d3ad33f,S1-100-r07,S1-100,request-057,d4745ce8b0076d85ef4bad6643512dad50425d8f61a49108664596ff785caf3e,f4e44e9f9016,2026-09-02T01:40:35.391235386Z,2026-09-02T01:40:49.554950494Z,14163.715115,200,fa5bbaa12602c6803fc911cd560f3cd567585f7b4703499b433ac2343ab380c5,,false,miss
retained-20260902-68135d3ad33f,S1-100-r07,S1-100,request-058,d4745ce8b0076d85ef4bad6643512dad50425d8f61a49108664596ff785caf3e,f4e44e9f9016,2026-09-02T01:40:35.391206881Z,2026-09-02T01:40:49.454751456Z,14063.544578,200,fa5bbaa12602c6803fc911cd560f3cd567585f7b4703499b433ac2343ab380c5,,false,miss
retained-20260902-68135d3ad33f,S1-100-r07,S1-100,request-059,d4745ce8b0076d85ef4bad6643512dad50425d8f61a49108664596ff785caf3e,f4e44e9f9016,2026-09-02T01:40:35.391192026Z,2026-09-02T01:40:48.258820958Z,12867.628933,200,fa5bbaa12602c6803fc911cd560f3cd567585f7b4703499b433ac2343ab380c5,,false,miss
retained-20260902-68135d3ad33f,S1-100-r07,S1-100,request-060,d4745ce8b0076d85ef4bad6643512dad50425d8f61a49108664596ff785caf3e,f4e44e9f9016,2026-09-02T01:40:35.391174078Z,2026-09-02T01:40:54.991882748Z,17861.918939,200,fa5bbaa12602c6803fc911cd560f3cd567585f7b4703499b433ac2343ab380c5,,false,miss
retained-20260902-68135d3ad33f,S1-100-r07,S1-100,request-061,d4745ce8b0076d85ef4bad6643512dad50425d8f61a49108664596ff785caf3e,f4e44e9f9016,2026-09-02T01:40:35.391150575Z,2026-09-02T01:40:56.194826061Z,19064.885757,200,fa5bbaa12602c6803fc911cd560f3cd567585f7b4703499b433ac2343ab380c5,,false,miss
retained-20260902-68135d3ad33f,S1-100-r07,S1-100,request-062,d4745ce8b0076d85ef4bad6643512dad50425d8f61a49108664596ff785caf3e,f4e44e9f9016,2026-09-02T01:40:35.391130918Z,2026-09-02T01:40:57.395417975Z,20265.497329,200,fa5bbaa12602c6803fc911cd560f3cd567585f7b4703499b433ac2343ab380c5,,false,miss
retained-20260902-68135d3ad33f,S1-100-r07,S1-100,request-063,d4745ce8b0076d85ef4bad6643512dad50425d8f61a49108664596ff785caf3e,f4e44e9f9016,2026-09-02T01:40:35.391109633Z,2026-09-02T01:40:56.204927666Z,19075.028303,200,fa5bbaa12602c6803fc911cd560f3cd567585f7b4703499b433ac2343ab380c5,,false,miss
retained-20260902-68135d3ad33f,S1-100-r07,S1-100,request-064,d4745ce8b0076d85ef4bad6643512dad50425d8f61a49108664596ff785caf3e,f4e44e9f9016,2026-09-02T01:40:35.391089939Z,2026-09-02T01:40:48.264398246Z,12873.308314,200,fa5bbaa12602c6803fc911cd560f3cd567585f7b4703499b433ac2343ab380c5,,false,miss
retained-20260902-68135d3ad33f,S1-100-r07,S1-100,request-065,d4745ce8b0076d85ef4bad6643512dad50425d8f61a49108664596ff785caf3e,f4e44e9f9016,2026-09-02T01:40:35.391073241Z,2026-09-02T01:40:44.470152341Z,9079.079105,200,fa5bbaa12602c6803fc911cd560f3cd567585f7b4703499b433ac2343ab380c5,,false,miss
retained-20260902-68135d3ad33f,S1-100-r07,S1-100,request-066,d4745ce8b0076d85ef4bad6643512dad50425d8f61a49108664596ff785caf3e,f4e44e9f9016,2026-09-02T01:40:35.391056995Z,2026-09-02T01:40:43.356315863Z,7965.258876,200,fa5bbaa12602c6803fc911cd560f3cd567585f7b4703499b433ac2343ab380c5,,false,miss
retained-20260902-68135d3ad33f,S1-100-r07,S1-100,request-067,d4745ce8b0076d85ef4bad6643512dad50425d8f61a49108664596ff785caf3e,f4e44e9f9016,2026-09-02T01:40:35.391037435Z,2026-09-02T01:40:43.249333301Z,7858.295874,200,fa5bbaa12602c6803fc911cd560f3cd567585f7b4703499b433ac2343ab380c5,,false,miss
retained-20260902-68135d3ad33f,S1-100-r07,S1-100,request-068,d4745ce8b0076d85ef4bad6643512dad50425d8f61a49108664596ff785caf3e,f4e44e9f9016,2026-09-02T01:40:35.391010274Z,2026-09-02T01:40:42.071287759Z,6680.277491,200,fa5bbaa12602c6803fc911cd560f3cd567585f7b4703499b433ac2343ab380c5,,false,miss
retained-20260902-68135d3ad33f,S1-100-r07,S1-100,request-069,d4745ce8b0076d85ef4bad6643512dad50425d8f61a49108664596ff785caf3e,f4e44e9f9016,2026-09-02T01:40:35.390989368Z,2026-09-02T01:40:38.164494353Z,2773.504991,200,fa5bbaa12602c6803fc911cd560f3cd567585f7b4703499b433ac2343ab380c5,,false,miss
retained-20260902-68135d3ad33f,S1-100-r07,S1-100,request-070,d4745ce8b0076d85ef4bad6643512dad50425d8f61a49108664596ff785caf3e,f4e44e9f9016,2026-09-02T01:40:35.390962919Z,2026-09-02T01:40:36.956788772Z,1565.825853,200,fa5bbaa12602c6803fc911cd560f3cd567585f7b4703499b433ac2343ab380c5,,false,miss
retained-20260902-68135d3ad33f,S1-100-r07,S1-100,request-071,d4745ce8b0076d85ef4bad6643512dad50425d8f61a49108664596ff785caf3e,f4e44e9f9016,2026-09-02T01:40:35.390935542Z,2026-09-02T01:40:46.957102393Z,11566.166852,200,fa5bbaa12602c6803fc911cd560f3cd567585f7b4703499b433ac2343ab380c5,,false,miss
retained-20260902-68135d3ad33f,S1-100-r07,S1-100,request-072,d4745ce8b0076d85ef4bad6643512dad50425d8f61a49108664596ff785caf3e,f4e44e9f9016,2026-09-02T01:40:35.390903935Z,2026-09-02T01:40:39.463986384Z,4073.082450,200,fa5bbaa12602c6803fc911cd560f3cd567585f7b4703499b433ac2343ab380c5,,false,miss
retained-20260902-68135d3ad33f,S1-100-r07,S1-100,request-073,d4745ce8b0076d85ef4bad6643512dad50425d8f61a49108664596ff785caf3e,f4e44e9f9016,2026-09-02T01:40:35.390865375Z,2026-09-02T01:40:38.164641901Z,2773.776527,200,fa5bbaa12602c6803fc911cd560f3cd567585f7b4703499b433ac2343ab380c5,,false,miss
retained-20260902-68135d3ad33f,S1-100-r07,S1-100,request-074,d4745ce8b0076d85ef4bad6643512dad50425d8f61a49108664596ff785caf3e,f4e44e9f9016,2026-09-02T01:40:35.390796772Z,2026-09-02T01:40:48.171084597Z,12780.287830,200,fa5bbaa12602c6803fc911cd560f3cd567585f7b4703499b433ac2343ab380c5,,false,miss
retained-20260902-68135d3ad33f,S1-100-r07,S1-100,request-075,d4745ce8b0076d85ef4bad6643512dad50425d8f61a49108664596ff785caf3e,f4e44e9f9016,2026-09-02T01:40:35.39072414Z,2026-09-02T01:40:46.860271812Z,11469.547680,200,fa5bbaa12602c6803fc911cd560f3cd567585f7b4703499b433ac2343ab380c5,,false,miss
retained-20260902-68135d3ad33f,S1-100-r07,S1-100,request-076,d4745ce8b0076d85ef4bad6643512dad50425d8f61a49108664596ff785caf3e,f4e44e9f9016,2026-09-02T01:40:35.390702435Z,2026-09-02T01:40:41.964161486Z,6573.459054,200,fa5bbaa12602c6803fc911cd560f3cd567585f7b4703499b433ac2343ab380c5,,false,miss
retained-20260902-68135d3ad33f,S1-100-r07,S1-100,request-077,d4745ce8b0076d85ef4bad6643512dad50425d8f61a49108664596ff785caf3e,f4e44e9f9016,2026-09-02T01:40:35.390674753Z,2026-09-02T01:40:40.570777814Z,5180.103068,200,fa5bbaa12602c6803fc911cd560f3cd567585f7b4703499b433ac2343ab380c5,,false,miss
retained-20260902-68135d3ad33f,S1-100-r07,S1-100,request-078,d4745ce8b0076d85ef4bad6643512dad50425d8f61a49108664596ff785caf3e,f4e44e9f9016,2026-09-02T01:40:35.390653336Z,2026-09-02T01:40:39.368126454Z,3977.473128,200,fa5bbaa12602c6803fc911cd560f3cd567585f7b4703499b433ac2343ab380c5,,false,miss
retained-20260902-68135d3ad33f,S1-100-r07,S1-100,request-079,d4745ce8b0076d85ef4bad6643512dad50425d8f61a49108664596ff785caf3e,f4e44e9f9016,2026-09-02T01:40:35.390629775Z,2026-09-02T01:40:52.544871404Z,16465.547457,200,fa5bbaa12602c6803fc911cd560f3cd567585f7b4703499b433ac2343ab380c5,,false,miss
retained-20260902-68135d3ad33f,S1-100-r07,S1-100,request-080,d4745ce8b0076d85ef4bad6643512dad50425d8f61a49108664596ff785caf3e,f4e44e9f9016,2026-09-02T01:40:35.390602111Z,2026-09-02T01:40:45.766121694Z,10375.519584,200,fa5bbaa12602c6803fc911cd560f3cd567585f7b4703499b433ac2343ab380c5,,false,miss
retained-20260902-68135d3ad33f,S1-100-r07,S1-100,request-081,d4745ce8b0076d85ef4bad6643512dad50425d8f61a49108664596ff785caf3e,f4e44e9f9016,2026-09-02T01:40:35.390481621Z,2026-09-02T01:40:59.809193764Z,22679.922412,200,fa5bbaa12602c6803fc911cd560f3cd567585f7b4703499b433ac2343ab380c5,,false,miss
retained-20260902-68135d3ad33f,S1-100-r07,S1-100,request-082,d4745ce8b0076d85ef4bad6643512dad50425d8f61a49108664596ff785caf3e,f4e44e9f9016,2026-09-02T01:40:35.426049858Z,2026-09-02T01:41:03.488492028Z,26323.652434,200,fa5bbaa12602c6803fc911cd560f3cd567585f7b4703499b433ac2343ab380c5,,false,miss
retained-20260902-68135d3ad33f,S1-100-r07,S1-100,request-083,d4745ce8b0076d85ef4bad6643512dad50425d8f61a49108664596ff785caf3e,f4e44e9f9016,2026-09-02T01:40:35.425959278Z,2026-09-02T01:41:03.692939071Z,26528.190065,200,fa5bbaa12602c6803fc911cd560f3cd567585f7b4703499b433ac2343ab380c5,,false,miss
retained-20260902-68135d3ad33f,S1-100-r07,S1-100,request-084,d4745ce8b0076d85ef4bad6643512dad50425d8f61a49108664596ff785caf3e,f4e44e9f9016,2026-09-02T01:40:35.425941129Z,2026-09-02T01:41:02.489180909Z,25324.450054,200,fa5bbaa12602c6803fc911cd560f3cd567585f7b4703499b433ac2343ab380c5,,false,miss
retained-20260902-68135d3ad33f,S1-100-r07,S1-100,request-085,d4745ce8b0076d85ef4bad6643512dad50425d8f61a49108664596ff785caf3e,f4e44e9f9016,2026-09-02T01:40:35.425904959Z,2026-09-02T01:41:03.59029792Z,26425.603231,200,fa5bbaa12602c6803fc911cd560f3cd567585f7b4703499b433ac2343ab380c5,,false,miss
retained-20260902-68135d3ad33f,S1-100-r07,S1-100,request-086,d4745ce8b0076d85ef4bad6643512dad50425d8f61a49108664596ff785caf3e,f4e44e9f9016,2026-09-02T01:40:35.425861628Z,2026-09-02T01:41:02.295839769Z,25131.188410,200,fa5bbaa12602c6803fc911cd560f3cd567585f7b4703499b433ac2343ab380c5,,false,miss
retained-20260902-68135d3ad33f,S1-100-r07,S1-100,request-087,d4745ce8b0076d85ef4bad6643512dad50425d8f61a49108664596ff785caf3e,f4e44e9f9016,2026-09-02T01:40:35.417483799Z,2026-09-02T01:41:03.700087643Z,26543.814101,200,fa5bbaa12602c6803fc911cd560f3cd567585f7b4703499b433ac2343ab380c5,,false,miss
retained-20260902-68135d3ad33f,S1-100-r07,S1-100,request-088,d4745ce8b0076d85ef4bad6643512dad50425d8f61a49108664596ff785caf3e,f4e44e9f9016,2026-09-02T01:40:35.406303469Z,2026-09-02T01:40:49.456994598Z,14050.691125,200,fa5bbaa12602c6803fc911cd560f3cd567585f7b4703499b433ac2343ab380c5,,false,miss
retained-20260902-68135d3ad33f,S1-100-r07,S1-100,request-089,d4745ce8b0076d85ef4bad6643512dad50425d8f61a49108664596ff785caf3e,f4e44e9f9016,2026-09-02T01:40:35.406262452Z,2026-09-02T01:41:01.004535482Z,23859.483304,200,fa5bbaa12602c6803fc911cd560f3cd567585f7b4703499b433ac2343ab380c5,,false,miss
retained-20260902-68135d3ad33f,S1-100-r07,S1-100,request-090,d4745ce8b0076d85ef4bad6643512dad50425d8f61a49108664596ff785caf3e,f4e44e9f9016,2026-09-02T01:40:35.406234601Z,2026-09-02T01:40:59.802728402Z,22657.704066,200,fa5bbaa12602c6803fc911cd560f3cd567585f7b4703499b433ac2343ab380c5,,false,miss
retained-20260902-68135d3ad33f,S1-100-r07,S1-100,request-091,d4745ce8b0076d85ef4bad6643512dad50425d8f61a49108664596ff785caf3e,f4e44e9f9016,2026-09-02T01:40:35.406189252Z,2026-09-02T01:40:58.694364598Z,21549.385610,200,fa5bbaa12602c6803fc911cd560f3cd567585f7b4703499b433ac2343ab380c5,,false,miss
retained-20260902-68135d3ad33f,S1-100-r07,S1-100,request-092,d4745ce8b0076d85ef4bad6643512dad50425d8f61a49108664596ff785caf3e,f4e44e9f9016,2026-09-02T01:40:35.406172082Z,2026-09-02T01:41:08.489443418Z,31344.481609,200,fa5bbaa12602c6803fc911cd560f3cd567585f7b4703499b433ac2343ab380c5,,false,miss
retained-20260902-68135d3ad33f,S1-100-r07,S1-100,request-093,d4745ce8b0076d85ef4bad6643512dad50425d8f61a49108664596ff785caf3e,f4e44e9f9016,2026-09-02T01:40:35.406141103Z,2026-09-02T01:41:01.202603174Z,24057.672343,200,fa5bbaa12602c6803fc911cd560f3cd567585f7b4703499b433ac2343ab380c5,,false,miss
retained-20260902-68135d3ad33f,S1-100-r07,S1-100,request-094,d4745ce8b0076d85ef4bad6643512dad50425d8f61a49108664596ff785caf3e,f4e44e9f9016,2026-09-02T01:40:35.406117535Z,2026-09-02T01:41:06.094482489Z,28949.575222,200,fa5bbaa12602c6803fc911cd560f3cd567585f7b4703499b433ac2343ab380c5,,false,miss
retained-20260902-68135d3ad33f,S1-100-r07,S1-100,request-095,d4745ce8b0076d85ef4bad6643512dad50425d8f61a49108664596ff785caf3e,f4e44e9f9016,2026-09-02T01:40:35.406092404Z,2026-09-02T01:41:07.488688565Z,30343.806428,200,fa5bbaa12602c6803fc911cd560f3cd567585f7b4703499b433ac2343ab380c5,,false,miss
retained-20260902-68135d3ad33f,S1-100-r07,S1-100,request-096,d4745ce8b0076d85ef4bad6643512dad50425d8f61a49108664596ff785caf3e,f4e44e9f9016,2026-09-02T01:40:35.406068925Z,2026-09-02T01:41:05.888229004Z,28743.370349,200,fa5bbaa12602c6803fc911cd560f3cd567585f7b4703499b433ac2343ab380c5,,false,miss
retained-20260902-68135d3ad33f,S1-100-r07,S1-100,request-097,d4745ce8b0076d85ef4bad6643512dad50425d8f61a49108664596ff785caf3e,f4e44e9f9016,2026-09-02T01:40:35.40603428Z,2026-09-02T01:40:54.796640424Z,17651.816414,200,fa5bbaa12602c6803fc911cd560f3cd567585f7b4703499b433ac2343ab380c5,,false,miss
retained-20260902-68135d3ad33f,S1-100-r07,S1-100,request-098,d4745ce8b0076d85ef4bad6643512dad50425d8f61a49108664596ff785caf3e,f4e44e9f9016,2026-09-02T01:40:35.405978952Z,2026-09-02T01:41:04.889501843Z,27744.733151,200,fa5bbaa12602c6803fc911cd560f3cd567585f7b4703499b433ac2343ab380c5,,false,miss
retained-20260902-68135d3ad33f,S1-100-r07,S1-100,request-099,d4745ce8b0076d85ef4bad6643512dad50425d8f61a49108664596ff785caf3e,f4e44e9f9016,2026-09-02T01:40:35.391353514Z,2026-09-02T01:40:57.303069823Z,20172.926580,200,fa5bbaa12602c6803fc911cd560f3cd567585f7b4703499b433ac2343ab380c5,,false,miss
retained-20260902-68135d3ad33f,S1-100-r07,S1-100,request-100,d4745ce8b0076d85ef4bad6643512dad50425d8f61a49108664596ff785caf3e,f4e44e9f9016,2026-09-02T01:40:35.406405342Z,2026-09-02T01:40:54.903438561Z,17758.243488,200,fa5bbaa12602c6803fc911cd560f3cd567585f7b4703499b433ac2343ab380c5,,false,miss
retained-20260902-68135d3ad33f,S0-r08,S0,request-001,d4745ce8b0076d85ef4bad6643512dad50425d8f61a49108664596ff785caf3e,f4e44e9f9016,2026-09-02T01:41:09.049113547Z,2026-09-02T01:41:09.388886167Z,339.772621,200,fa5bbaa12602c6803fc911cd560f3cd567585f7b4703499b433ac2343ab380c5,,false,miss
retained-20260902-68135d3ad33f,S1-10-r08,S1-10,request-001,d4745ce8b0076d85ef4bad6643512dad50425d8f61a49108664596ff785caf3e,f4e44e9f9016,2026-09-02T01:41:09.675873875Z,2026-09-02T01:41:12.907039547Z,3231.165688,200,fa5bbaa12602c6803fc911cd560f3cd567585f7b4703499b433ac2343ab380c5,,false,miss
retained-20260902-68135d3ad33f,S1-10-r08,S1-10,request-002,d4745ce8b0076d85ef4bad6643512dad50425d8f61a49108664596ff785caf3e,f4e44e9f9016,2026-09-02T01:41:09.675834268Z,2026-09-02T01:41:12.812482143Z,3136.647880,200,fa5bbaa12602c6803fc911cd560f3cd567585f7b4703499b433ac2343ab380c5,,false,miss
retained-20260902-68135d3ad33f,S1-10-r08,S1-10,request-003,d4745ce8b0076d85ef4bad6643512dad50425d8f61a49108664596ff785caf3e,f4e44e9f9016,2026-09-02T01:41:09.675805284Z,2026-09-02T01:41:12.09631337Z,2420.508180,200,fa5bbaa12602c6803fc911cd560f3cd567585f7b4703499b433ac2343ab380c5,,false,miss
retained-20260902-68135d3ad33f,S1-10-r08,S1-10,request-004,d4745ce8b0076d85ef4bad6643512dad50425d8f61a49108664596ff785caf3e,f4e44e9f9016,2026-09-02T01:41:09.675666896Z,2026-09-02T01:41:12.296369707Z,2620.702813,200,fa5bbaa12602c6803fc911cd560f3cd567585f7b4703499b433ac2343ab380c5,,false,miss
retained-20260902-68135d3ad33f,S1-10-r08,S1-10,request-005,d4745ce8b0076d85ef4bad6643512dad50425d8f61a49108664596ff785caf3e,f4e44e9f9016,2026-09-02T01:41:09.675874513Z,2026-09-02T01:41:10.995790781Z,1319.916273,200,fa5bbaa12602c6803fc911cd560f3cd567585f7b4703499b433ac2343ab380c5,,false,miss
retained-20260902-68135d3ad33f,S1-10-r08,S1-10,request-006,d4745ce8b0076d85ef4bad6643512dad50425d8f61a49108664596ff785caf3e,f4e44e9f9016,2026-09-02T01:41:09.675835429Z,2026-09-02T01:41:12.304033527Z,2628.198105,200,fa5bbaa12602c6803fc911cd560f3cd567585f7b4703499b433ac2343ab380c5,,false,miss
retained-20260902-68135d3ad33f,S1-10-r08,S1-10,request-007,d4745ce8b0076d85ef4bad6643512dad50425d8f61a49108664596ff785caf3e,f4e44e9f9016,2026-09-02T01:41:09.675806495Z,2026-09-02T01:41:11.002414597Z,1326.608113,200,fa5bbaa12602c6803fc911cd560f3cd567585f7b4703499b433ac2343ab380c5,,false,miss
retained-20260902-68135d3ad33f,S1-10-r08,S1-10,request-008,d4745ce8b0076d85ef4bad6643512dad50425d8f61a49108664596ff785caf3e,f4e44e9f9016,2026-09-02T01:41:09.675721369Z,2026-09-02T01:41:10.909814739Z,1234.093367,200,fa5bbaa12602c6803fc911cd560f3cd567585f7b4703499b433ac2343ab380c5,,false,miss
retained-20260902-68135d3ad33f,S1-10-r08,S1-10,request-009,d4745ce8b0076d85ef4bad6643512dad50425d8f61a49108664596ff785caf3e,f4e44e9f9016,2026-09-02T01:41:09.67589937Z,2026-09-02T01:41:10.89231394Z,1216.414571,200,fa5bbaa12602c6803fc911cd560f3cd567585f7b4703499b433ac2343ab380c5,,false,miss
retained-20260902-68135d3ad33f,S1-10-r08,S1-10,request-010,d4745ce8b0076d85ef4bad6643512dad50425d8f61a49108664596ff785caf3e,f4e44e9f9016,2026-09-02T01:41:09.675904366Z,2026-09-02T01:41:12.309745856Z,2633.841497,200,fa5bbaa12602c6803fc911cd560f3cd567585f7b4703499b433ac2343ab380c5,,false,miss
retained-20260902-68135d3ad33f,S2-10-r08,S2-10,request-001,d4745ce8b0076d85ef4bad6643512dad50425d8f61a49108664596ff785caf3e,f4e44e9f9016,2026-09-02T01:41:13.230346761Z,2026-09-02T01:41:13.552563687Z,322.216926,200,fa5bbaa12602c6803fc911cd560f3cd567585f7b4703499b433ac2343ab380c5,,false,miss
retained-20260902-68135d3ad33f,S2-10-r08,S2-10,request-002,d4745ce8b0076d85ef4bad6643512dad50425d8f61a49108664596ff785caf3e,f4e44e9f9016,2026-09-02T01:41:13.230525263Z,2026-09-02T01:41:13.55278349Z,322.258237,200,fa5bbaa12602c6803fc911cd560f3cd567585f7b4703499b433ac2343ab380c5,,true,miss
retained-20260902-68135d3ad33f,S2-10-r08,S2-10,request-003,d4745ce8b0076d85ef4bad6643512dad50425d8f61a49108664596ff785caf3e,f4e44e9f9016,2026-09-02T01:41:13.230506433Z,2026-09-02T01:41:13.552611079Z,322.104654,200,fa5bbaa12602c6803fc911cd560f3cd567585f7b4703499b433ac2343ab380c5,,true,miss
retained-20260902-68135d3ad33f,S2-10-r08,S2-10,request-004,d4745ce8b0076d85ef4bad6643512dad50425d8f61a49108664596ff785caf3e,f4e44e9f9016,2026-09-02T01:41:13.230473758Z,2026-09-02T01:41:13.552931506Z,322.457755,200,fa5bbaa12602c6803fc911cd560f3cd567585f7b4703499b433ac2343ab380c5,,true,miss
retained-20260902-68135d3ad33f,S2-10-r08,S2-10,request-005,d4745ce8b0076d85ef4bad6643512dad50425d8f61a49108664596ff785caf3e,f4e44e9f9016,2026-09-02T01:41:13.230443929Z,2026-09-02T01:41:13.552781882Z,322.337960,200,fa5bbaa12602c6803fc911cd560f3cd567585f7b4703499b433ac2343ab380c5,,true,miss
retained-20260902-68135d3ad33f,S2-10-r08,S2-10,request-006,d4745ce8b0076d85ef4bad6643512dad50425d8f61a49108664596ff785caf3e,f4e44e9f9016,2026-09-02T01:41:13.230608469Z,2026-09-02T01:41:13.552846918Z,322.238461,200,fa5bbaa12602c6803fc911cd560f3cd567585f7b4703499b433ac2343ab380c5,,true,miss
retained-20260902-68135d3ad33f,S2-10-r08,S2-10,request-007,d4745ce8b0076d85ef4bad6643512dad50425d8f61a49108664596ff785caf3e,f4e44e9f9016,2026-09-02T01:41:13.230580324Z,2026-09-02T01:41:13.552847018Z,322.266701,200,fa5bbaa12602c6803fc911cd560f3cd567585f7b4703499b433ac2343ab380c5,,true,miss
retained-20260902-68135d3ad33f,S2-10-r08,S2-10,request-008,d4745ce8b0076d85ef4bad6643512dad50425d8f61a49108664596ff785caf3e,f4e44e9f9016,2026-09-02T01:41:13.230570167Z,2026-09-02T01:41:13.552680411Z,322.110238,200,fa5bbaa12602c6803fc911cd560f3cd567585f7b4703499b433ac2343ab380c5,,true,miss
retained-20260902-68135d3ad33f,S2-10-r08,S2-10,request-009,d4745ce8b0076d85ef4bad6643512dad50425d8f61a49108664596ff785caf3e,f4e44e9f9016,2026-09-02T01:41:13.230520379Z,2026-09-02T01:41:13.552727027Z,322.206651,200,fa5bbaa12602c6803fc911cd560f3cd567585f7b4703499b433ac2343ab380c5,,true,miss
retained-20260902-68135d3ad33f,S2-10-r08,S2-10,request-010,d4745ce8b0076d85ef4bad6643512dad50425d8f61a49108664596ff785caf3e,f4e44e9f9016,2026-09-02T01:41:13.230532567Z,2026-09-02T01:41:13.552731076Z,322.198509,200,fa5bbaa12602c6803fc911cd560f3cd567585f7b4703499b433ac2343ab380c5,,true,miss
retained-20260902-68135d3ad33f,S2-50-r08,S2-50,request-001,d4745ce8b0076d85ef4bad6643512dad50425d8f61a49108664596ff785caf3e,f4e44e9f9016,2026-09-02T01:41:13.842986424Z,2026-09-02T01:41:14.196101347Z,353.114916,200,fa5bbaa12602c6803fc911cd560f3cd567585f7b4703499b433ac2343ab380c5,,true,miss
retained-20260902-68135d3ad33f,S2-50-r08,S2-50,request-002,d4745ce8b0076d85ef4bad6643512dad50425d8f61a49108664596ff785caf3e,f4e44e9f9016,2026-09-02T01:41:13.843717688Z,2026-09-02T01:41:14.19669712Z,352.979437,200,fa5bbaa12602c6803fc911cd560f3cd567585f7b4703499b433ac2343ab380c5,,true,miss
retained-20260902-68135d3ad33f,S2-50-r08,S2-50,request-003,d4745ce8b0076d85ef4bad6643512dad50425d8f61a49108664596ff785caf3e,f4e44e9f9016,2026-09-02T01:41:13.843690146Z,2026-09-02T01:41:14.196157569Z,352.467432,200,fa5bbaa12602c6803fc911cd560f3cd567585f7b4703499b433ac2343ab380c5,,true,miss
retained-20260902-68135d3ad33f,S2-50-r08,S2-50,request-004,d4745ce8b0076d85ef4bad6643512dad50425d8f61a49108664596ff785caf3e,f4e44e9f9016,2026-09-02T01:41:13.843657664Z,2026-09-02T01:41:14.195937051Z,352.279388,200,fa5bbaa12602c6803fc911cd560f3cd567585f7b4703499b433ac2343ab380c5,,true,miss
retained-20260902-68135d3ad33f,S2-50-r08,S2-50,request-005,d4745ce8b0076d85ef4bad6643512dad50425d8f61a49108664596ff785caf3e,f4e44e9f9016,2026-09-02T01:41:13.843639236Z,2026-09-02T01:41:14.197051185Z,353.411957,200,fa5bbaa12602c6803fc911cd560f3cd567585f7b4703499b433ac2343ab380c5,,true,miss
retained-20260902-68135d3ad33f,S2-50-r08,S2-50,request-006,d4745ce8b0076d85ef4bad6643512dad50425d8f61a49108664596ff785caf3e,f4e44e9f9016,2026-09-02T01:41:13.84361906Z,2026-09-02T01:41:14.198258395Z,354.639337,200,fa5bbaa12602c6803fc911cd560f3cd567585f7b4703499b433ac2343ab380c5,,true,miss
retained-20260902-68135d3ad33f,S2-50-r08,S2-50,request-007,d4745ce8b0076d85ef4bad6643512dad50425d8f61a49108664596ff785caf3e,f4e44e9f9016,2026-09-02T01:41:13.843597047Z,2026-09-02T01:41:14.195962226Z,352.365186,200,fa5bbaa12602c6803fc911cd560f3cd567585f7b4703499b433ac2343ab380c5,,true,miss
retained-20260902-68135d3ad33f,S2-50-r08,S2-50,request-008,d4745ce8b0076d85ef4bad6643512dad50425d8f61a49108664596ff785caf3e,f4e44e9f9016,2026-09-02T01:41:13.843532908Z,2026-09-02T01:41:14.19759431Z,354.061405,200,fa5bbaa12602c6803fc911cd560f3cd567585f7b4703499b433ac2343ab380c5,,true,miss
retained-20260902-68135d3ad33f,S2-50-r08,S2-50,request-009,d4745ce8b0076d85ef4bad6643512dad50425d8f61a49108664596ff785caf3e,f4e44e9f9016,2026-09-02T01:41:13.843504295Z,2026-09-02T01:41:14.197457844Z,353.953557,200,fa5bbaa12602c6803fc911cd560f3cd567585f7b4703499b433ac2343ab380c5,,true,miss
retained-20260902-68135d3ad33f,S2-50-r08,S2-50,request-010,d4745ce8b0076d85ef4bad6643512dad50425d8f61a49108664596ff785caf3e,f4e44e9f9016,2026-09-02T01:41:13.843499632Z,2026-09-02T01:41:14.198561461Z,355.061826,200,fa5bbaa12602c6803fc911cd560f3cd567585f7b4703499b433ac2343ab380c5,,true,miss
retained-20260902-68135d3ad33f,S2-50-r08,S2-50,request-011,d4745ce8b0076d85ef4bad6643512dad50425d8f61a49108664596ff785caf3e,f4e44e9f9016,2026-09-02T01:41:13.843478017Z,2026-09-02T01:41:14.196462881Z,352.984866,200,fa5bbaa12602c6803fc911cd560f3cd567585f7b4703499b433ac2343ab380c5,,true,miss
retained-20260902-68135d3ad33f,S2-50-r08,S2-50,request-012,d4745ce8b0076d85ef4bad6643512dad50425d8f61a49108664596ff785caf3e,f4e44e9f9016,2026-09-02T01:41:13.843447922Z,2026-09-02T01:41:14.196990678Z,353.542756,200,fa5bbaa12602c6803fc911cd560f3cd567585f7b4703499b433ac2343ab380c5,,true,miss
retained-20260902-68135d3ad33f,S2-50-r08,S2-50,request-013,d4745ce8b0076d85ef4bad6643512dad50425d8f61a49108664596ff785caf3e,f4e44e9f9016,2026-09-02T01:41:13.843407224Z,2026-09-02T01:41:14.196237936Z,352.830715,200,fa5bbaa12602c6803fc911cd560f3cd567585f7b4703499b433ac2343ab380c5,,true,miss
retained-20260902-68135d3ad33f,S2-50-r08,S2-50,request-014,d4745ce8b0076d85ef4bad6643512dad50425d8f61a49108664596ff785caf3e,f4e44e9f9016,2026-09-02T01:41:13.843387344Z,2026-09-02T01:41:14.197381112Z,353.993773,200,fa5bbaa12602c6803fc911cd560f3cd567585f7b4703499b433ac2343ab380c5,,true,miss
retained-20260902-68135d3ad33f,S2-50-r08,S2-50,request-015,d4745ce8b0076d85ef4bad6643512dad50425d8f61a49108664596ff785caf3e,f4e44e9f9016,2026-09-02T01:41:13.843365786Z,2026-09-02T01:41:14.196702251Z,353.336471,200,fa5bbaa12602c6803fc911cd560f3cd567585f7b4703499b433ac2343ab380c5,,true,miss
retained-20260902-68135d3ad33f,S2-50-r08,S2-50,request-016,d4745ce8b0076d85ef4bad6643512dad50425d8f61a49108664596ff785caf3e,f4e44e9f9016,2026-09-02T01:41:13.843344986Z,2026-09-02T01:41:14.196097534Z,352.752554,200,fa5bbaa12602c6803fc911cd560f3cd567585f7b4703499b433ac2343ab380c5,,true,miss
retained-20260902-68135d3ad33f,S2-50-r08,S2-50,request-017,d4745ce8b0076d85ef4bad6643512dad50425d8f61a49108664596ff785caf3e,f4e44e9f9016,2026-09-02T01:41:13.843320653Z,2026-09-02T01:41:14.197823829Z,354.503177,200,fa5bbaa12602c6803fc911cd560f3cd567585f7b4703499b433ac2343ab380c5,,true,miss
retained-20260902-68135d3ad33f,S2-50-r08,S2-50,request-018,d4745ce8b0076d85ef4bad6643512dad50425d8f61a49108664596ff785caf3e,f4e44e9f9016,2026-09-02T01:41:13.843310209Z,2026-09-02T01:41:14.198512728Z,355.202527,200,fa5bbaa12602c6803fc911cd560f3cd567585f7b4703499b433ac2343ab380c5,,true,miss
retained-20260902-68135d3ad33f,S2-50-r08,S2-50,request-019,d4745ce8b0076d85ef4bad6643512dad50425d8f61a49108664596ff785caf3e,f4e44e9f9016,2026-09-02T01:41:13.843288291Z,2026-09-02T01:41:14.196153399Z,352.865115,200,fa5bbaa12602c6803fc911cd560f3cd567585f7b4703499b433ac2343ab380c5,,true,miss
retained-20260902-68135d3ad33f,S2-50-r08,S2-50,request-020,d4745ce8b0076d85ef4bad6643512dad50425d8f61a49108664596ff785caf3e,f4e44e9f9016,2026-09-02T01:41:13.843266452Z,2026-09-02T01:41:14.197470559Z,354.204115,200,fa5bbaa12602c6803fc911cd560f3cd567585f7b4703499b433ac2343ab380c5,,true,miss
retained-20260902-68135d3ad33f,S2-50-r08,S2-50,request-021,d4745ce8b0076d85ef4bad6643512dad50425d8f61a49108664596ff785caf3e,f4e44e9f9016,2026-09-02T01:41:13.843239059Z,2026-09-02T01:41:14.196343925Z,353.104865,200,fa5bbaa12602c6803fc911cd560f3cd567585f7b4703499b433ac2343ab380c5,,true,miss
retained-20260902-68135d3ad33f,S2-50-r08,S2-50,request-022,d4745ce8b0076d85ef4bad6643512dad50425d8f61a49108664596ff785caf3e,f4e44e9f9016,2026-09-02T01:41:13.843216947Z,2026-09-02T01:41:14.195993061Z,352.776124,200,fa5bbaa12602c6803fc911cd560f3cd567585f7b4703499b433ac2343ab380c5,,true,miss
retained-20260902-68135d3ad33f,S2-50-r08,S2-50,request-023,d4745ce8b0076d85ef4bad6643512dad50425d8f61a49108664596ff785caf3e,f4e44e9f9016,2026-09-02T01:41:13.843180122Z,2026-09-02T01:41:14.195778893Z,352.598771,200,fa5bbaa12602c6803fc911cd560f3cd567585f7b4703499b433ac2343ab380c5,,true,miss
retained-20260902-68135d3ad33f,S2-50-r08,S2-50,request-024,d4745ce8b0076d85ef4bad6643512dad50425d8f61a49108664596ff785caf3e,f4e44e9f9016,2026-09-02T01:41:13.843128193Z,2026-09-02T01:41:14.198305178Z,355.176985,200,fa5bbaa12602c6803fc911cd560f3cd567585f7b4703499b433ac2343ab380c5,,true,miss
retained-20260902-68135d3ad33f,S2-50-r08,S2-50,request-025,d4745ce8b0076d85ef4bad6643512dad50425d8f61a49108664596ff785caf3e,f4e44e9f9016,2026-09-02T01:41:13.843020663Z,2026-09-02T01:41:14.195185487Z,352.164829,200,fa5bbaa12602c6803fc911cd560f3cd567585f7b4703499b433ac2343ab380c5,,false,miss
retained-20260902-68135d3ad33f,S2-50-r08,S2-50,request-026,d4745ce8b0076d85ef4bad6643512dad50425d8f61a49108664596ff785caf3e,f4e44e9f9016,2026-09-02T01:41:13.843762901Z,2026-09-02T01:41:14.19804812Z,354.285221,200,fa5bbaa12602c6803fc911cd560f3cd567585f7b4703499b433ac2343ab380c5,,true,miss
retained-20260902-68135d3ad33f,S2-50-r08,S2-50,request-027,d4745ce8b0076d85ef4bad6643512dad50425d8f61a49108664596ff785caf3e,f4e44e9f9016,2026-09-02T01:41:13.84373839Z,2026-09-02T01:41:14.197536086Z,353.797698,200,fa5bbaa12602c6803fc911cd560f3cd567585f7b4703499b433ac2343ab380c5,,true,miss
retained-20260902-68135d3ad33f,S2-50-r08,S2-50,request-028,d4745ce8b0076d85ef4bad6643512dad50425d8f61a49108664596ff785caf3e,f4e44e9f9016,2026-09-02T01:41:13.843720021Z,2026-09-02T01:41:14.196424457Z,352.704444,200,fa5bbaa12602c6803fc911cd560f3cd567585f7b4703499b433ac2343ab380c5,,true,miss
retained-20260902-68135d3ad33f,S2-50-r08,S2-50,request-029,d4745ce8b0076d85ef4bad6643512dad50425d8f61a49108664596ff785caf3e,f4e44e9f9016,2026-09-02T01:41:13.843698884Z,2026-09-02T01:41:14.196271365Z,352.572489,200,fa5bbaa12602c6803fc911cd560f3cd567585f7b4703499b433ac2343ab380c5,,true,miss
retained-20260902-68135d3ad33f,S2-50-r08,S2-50,request-030,d4745ce8b0076d85ef4bad6643512dad50425d8f61a49108664596ff785caf3e,f4e44e9f9016,2026-09-02T01:41:13.84368249Z,2026-09-02T01:41:14.196047798Z,352.365315,200,fa5bbaa12602c6803fc911cd560f3cd567585f7b4703499b433ac2343ab380c5,,true,miss
retained-20260902-68135d3ad33f,S2-50-r08,S2-50,request-031,d4745ce8b0076d85ef4bad6643512dad50425d8f61a49108664596ff785caf3e,f4e44e9f9016,2026-09-02T01:41:13.843659049Z,2026-09-02T01:41:14.195679826Z,352.020786,200,fa5bbaa12602c6803fc911cd560f3cd567585f7b4703499b433ac2343ab380c5,,true,miss
retained-20260902-68135d3ad33f,S2-50-r08,S2-50,request-032,d4745ce8b0076d85ef4bad6643512dad50425d8f61a49108664596ff785caf3e,f4e44e9f9016,2026-09-02T01:41:13.843639817Z,2026-09-02T01:41:14.19751885Z,353.879038,200,fa5bbaa12602c6803fc911cd560f3cd567585f7b4703499b433ac2343ab380c5,,true,miss
retained-20260902-68135d3ad33f,S2-50-r08,S2-50,request-033,d4745ce8b0076d85ef4bad6643512dad50425d8f61a49108664596ff785caf3e,f4e44e9f9016,2026-09-02T01:41:13.843618694Z,2026-09-02T01:41:14.196349886Z,352.731191,200,fa5bbaa12602c6803fc911cd560f3cd567585f7b4703499b433ac2343ab380c5,,true,miss
retained-20260902-68135d3ad33f,S2-50-r08,S2-50,request-034,d4745ce8b0076d85ef4bad6643512dad50425d8f61a49108664596ff785caf3e,f4e44e9f9016,2026-09-02T01:41:13.84359509Z,2026-09-02T01:41:14.198619019Z,355.023918,200,fa5bbaa12602c6803fc911cd560f3cd567585f7b4703499b433ac2343ab380c5,,true,miss
retained-20260902-68135d3ad33f,S2-50-r08,S2-50,request-035,d4745ce8b0076d85ef4bad6643512dad50425d8f61a49108664596ff785caf3e,f4e44e9f9016,2026-09-02T01:41:13.8435326Z,2026-09-02T01:41:14.198461604Z,354.929004,200,fa5bbaa12602c6803fc911cd560f3cd567585f7b4703499b433ac2343ab380c5,,true,miss
retained-20260902-68135d3ad33f,S2-50-r08,S2-50,request-036,d4745ce8b0076d85ef4bad6643512dad50425d8f61a49108664596ff785caf3e,f4e44e9f9016,2026-09-02T01:41:13.843498228Z,2026-09-02T01:41:14.197584247Z,354.086020,200,fa5bbaa12602c6803fc911cd560f3cd567585f7b4703499b433ac2343ab380c5,,true,miss
retained-20260902-68135d3ad33f,S2-50-r08,S2-50,request-037,d4745ce8b0076d85ef4bad6643512dad50425d8f61a49108664596ff785caf3e,f4e44e9f9016,2026-09-02T01:41:13.843480159Z,2026-09-02T01:41:14.197849611Z,354.369454,200,fa5bbaa12602c6803fc911cd560f3cd567585f7b4703499b433ac2343ab380c5,,true,miss
retained-20260902-68135d3ad33f,S2-50-r08,S2-50,request-038,d4745ce8b0076d85ef4bad6643512dad50425d8f61a49108664596ff785caf3e,f4e44e9f9016,2026-09-02T01:41:13.843410965Z,2026-09-02T01:41:14.198401866Z,354.990908,200,fa5bbaa12602c6803fc911cd560f3cd567585f7b4703499b433ac2343ab380c5,,true,miss
retained-20260902-68135d3ad33f,S2-50-r08,S2-50,request-039,d4745ce8b0076d85ef4bad6643512dad50425d8f61a49108664596ff785caf3e,f4e44e9f9016,2026-09-02T01:41:13.843391046Z,2026-09-02T01:41:14.197646939Z,354.255900,200,fa5bbaa12602c6803fc911cd560f3cd567585f7b4703499b433ac2343ab380c5,,true,miss
retained-20260902-68135d3ad33f,S2-50-r08,S2-50,request-040,d4745ce8b0076d85ef4bad6643512dad50425d8f61a49108664596ff785caf3e,f4e44e9f9016,2026-09-02T01:41:13.843373135Z,2026-09-02T01:41:14.198701862Z,355.328725,200,fa5bbaa12602c6803fc911cd560f3cd567585f7b4703499b433ac2343ab380c5,,true,miss
retained-20260902-68135d3ad33f,S2-50-r08,S2-50,request-041,d4745ce8b0076d85ef4bad6643512dad50425d8f61a49108664596ff785caf3e,f4e44e9f9016,2026-09-02T01:41:13.843356492Z,2026-09-02T01:41:14.196291911Z,352.935421,200,fa5bbaa12602c6803fc911cd560f3cd567585f7b4703499b433ac2343ab380c5,,true,miss
retained-20260902-68135d3ad33f,S2-50-r08,S2-50,request-042,d4745ce8b0076d85ef4bad6643512dad50425d8f61a49108664596ff785caf3e,f4e44e9f9016,2026-09-02T01:41:13.843339469Z,2026-09-02T01:41:14.195882741Z,352.543275,200,fa5bbaa12602c6803fc911cd560f3cd567585f7b4703499b433ac2343ab380c5,,true,miss
retained-20260902-68135d3ad33f,S2-50-r08,S2-50,request-043,d4745ce8b0076d85ef4bad6643512dad50425d8f61a49108664596ff785caf3e,f4e44e9f9016,2026-09-02T01:41:13.843309461Z,2026-09-02T01:41:14.198094529Z,354.785073,200,fa5bbaa12602c6803fc911cd560f3cd567585f7b4703499b433ac2343ab380c5,,true,miss
retained-20260902-68135d3ad33f,S2-50-r08,S2-50,request-044,d4745ce8b0076d85ef4bad6643512dad50425d8f61a49108664596ff785caf3e,f4e44e9f9016,2026-09-02T01:41:13.843289043Z,2026-09-02T01:41:14.196022687Z,352.733649,200,fa5bbaa12602c6803fc911cd560f3cd567585f7b4703499b433ac2343ab380c5,,true,miss
retained-20260902-68135d3ad33f,S2-50-r08,S2-50,request-045,d4745ce8b0076d85ef4bad6643512dad50425d8f61a49108664596ff785caf3e,f4e44e9f9016,2026-09-02T01:41:13.843269832Z,2026-09-02T01:41:14.195898659Z,352.628835,200,fa5bbaa12602c6803fc911cd560f3cd567585f7b4703499b433ac2343ab380c5,,true,miss
retained-20260902-68135d3ad33f,S2-50-r08,S2-50,request-046,d4745ce8b0076d85ef4bad6643512dad50425d8f61a49108664596ff785caf3e,f4e44e9f9016,2026-09-02T01:41:13.843241286Z,2026-09-02T01:41:14.196499682Z,353.258399,200,fa5bbaa12602c6803fc911cd560f3cd567585f7b4703499b433ac2343ab380c5,,true,miss
retained-20260902-68135d3ad33f,S2-50-r08,S2-50,request-047,d4745ce8b0076d85ef4bad6643512dad50425d8f61a49108664596ff785caf3e,f4e44e9f9016,2026-09-02T01:41:13.843217219Z,2026-09-02T01:41:14.196216955Z,352.999744,200,fa5bbaa12602c6803fc911cd560f3cd567585f7b4703499b433ac2343ab380c5,,true,miss
retained-20260902-68135d3ad33f,S2-50-r08,S2-50,request-048,d4745ce8b0076d85ef4bad6643512dad50425d8f61a49108664596ff785caf3e,f4e44e9f9016,2026-09-02T01:41:13.843194374Z,2026-09-02T01:41:14.195833284Z,352.638907,200,fa5bbaa12602c6803fc911cd560f3cd567585f7b4703499b433ac2343ab380c5,,true,miss
retained-20260902-68135d3ad33f,S2-50-r08,S2-50,request-049,d4745ce8b0076d85ef4bad6643512dad50425d8f61a49108664596ff785caf3e,f4e44e9f9016,2026-09-02T01:41:13.843129027Z,2026-09-02T01:41:14.195818083Z,352.689057,200,fa5bbaa12602c6803fc911cd560f3cd567585f7b4703499b433ac2343ab380c5,,true,miss
retained-20260902-68135d3ad33f,S2-50-r08,S2-50,request-050,d4745ce8b0076d85ef4bad6643512dad50425d8f61a49108664596ff785caf3e,f4e44e9f9016,2026-09-02T01:41:13.843744915Z,2026-09-02T01:41:14.197651578Z,353.906665,200,fa5bbaa12602c6803fc911cd560f3cd567585f7b4703499b433ac2343ab380c5,,true,miss
retained-20260902-68135d3ad33f,S1-50-r08,S1-50,request-001,d4745ce8b0076d85ef4bad6643512dad50425d8f61a49108664596ff785caf3e,f4e44e9f9016,2026-09-02T01:41:14.511351298Z,2026-09-02T01:41:17.092965829Z,2581.614534,200,fa5bbaa12602c6803fc911cd560f3cd567585f7b4703499b433ac2343ab380c5,,false,miss
retained-20260902-68135d3ad33f,S1-50-r08,S1-50,request-002,d4745ce8b0076d85ef4bad6643512dad50425d8f61a49108664596ff785caf3e,f4e44e9f9016,2026-09-02T01:41:14.511325857Z,2026-09-02T01:41:15.803956639Z,1292.630779,200,fa5bbaa12602c6803fc911cd560f3cd567585f7b4703499b433ac2343ab380c5,,false,miss
retained-20260902-68135d3ad33f,S1-50-r08,S1-50,request-003,d4745ce8b0076d85ef4bad6643512dad50425d8f61a49108664596ff785caf3e,f4e44e9f9016,2026-09-02T01:41:14.511372571Z,2026-09-02T01:41:19.705583841Z,5194.211281,200,fa5bbaa12602c6803fc911cd560f3cd567585f7b4703499b433ac2343ab380c5,,false,miss
retained-20260902-68135d3ad33f,S1-50-r08,S1-50,request-004,d4745ce8b0076d85ef4bad6643512dad50425d8f61a49108664596ff785caf3e,f4e44e9f9016,2026-09-02T01:41:14.51118805Z,2026-09-02T01:41:17.29144686Z,2780.258818,200,fa5bbaa12602c6803fc911cd560f3cd567585f7b4703499b433ac2343ab380c5,,false,miss
retained-20260902-68135d3ad33f,S1-50-r08,S1-50,request-005,d4745ce8b0076d85ef4bad6643512dad50425d8f61a49108664596ff785caf3e,f4e44e9f9016,2026-09-02T01:41:14.511179766Z,2026-09-02T01:41:18.397416248Z,3886.236487,200,fa5bbaa12602c6803fc911cd560f3cd567585f7b4703499b433ac2343ab380c5,,false,miss
retained-20260902-68135d3ad33f,S1-50-r08,S1-50,request-006,d4745ce8b0076d85ef4bad6643512dad50425d8f61a49108664596ff785caf3e,f4e44e9f9016,2026-09-02T01:41:14.511137519Z,2026-09-02T01:41:17.105294472Z,2594.156955,200,fa5bbaa12602c6803fc911cd560f3cd567585f7b4703499b433ac2343ab380c5,,false,miss
retained-20260902-68135d3ad33f,S1-50-r08,S1-50,request-007,d4745ce8b0076d85ef4bad6643512dad50425d8f61a49108664596ff785caf3e,f4e44e9f9016,2026-09-02T01:41:14.511825368Z,2026-09-02T01:41:19.70604876Z,5194.223399,200,fa5bbaa12602c6803fc911cd560f3cd567585f7b4703499b433ac2343ab380c5,,false,miss
retained-20260902-68135d3ad33f,S1-50-r08,S1-50,request-008,d4745ce8b0076d85ef4bad6643512dad50425d8f61a49108664596ff785caf3e,f4e44e9f9016,2026-09-02T01:41:14.511807714Z,2026-09-02T01:41:29.92818485Z,13683.493207,200,fa5bbaa12602c6803fc911cd560f3cd567585f7b4703499b433ac2343ab380c5,,false,miss
retained-20260902-68135d3ad33f,S1-50-r08,S1-50,request-009,d4745ce8b0076d85ef4bad6643512dad50425d8f61a49108664596ff785caf3e,f4e44e9f9016,2026-09-02T01:41:14.511789893Z,2026-09-02T01:41:19.608760468Z,5096.970576,200,fa5bbaa12602c6803fc911cd560f3cd567585f7b4703499b433ac2343ab380c5,,false,miss
retained-20260902-68135d3ad33f,S1-50-r08,S1-50,request-010,d4745ce8b0076d85ef4bad6643512dad50425d8f61a49108664596ff785caf3e,f4e44e9f9016,2026-09-02T01:41:14.511773746Z,2026-09-02T01:41:18.388272297Z,3876.498554,200,fa5bbaa12602c6803fc911cd560f3cd567585f7b4703499b433ac2343ab380c5,,false,miss
retained-20260902-68135d3ad33f,S1-50-r08,S1-50,request-011,d4745ce8b0076d85ef4bad6643512dad50425d8f61a49108664596ff785caf3e,f4e44e9f9016,2026-09-02T01:41:14.511735995Z,2026-09-02T01:41:31.234940588Z,14990.320681,200,fa5bbaa12602c6803fc911cd560f3cd567585f7b4703499b433ac2343ab380c5,,false,miss
retained-20260902-68135d3ad33f,S1-50-r08,S1-50,request-012,d4745ce8b0076d85ef4bad6643512dad50425d8f61a49108664596ff785caf3e,f4e44e9f9016,2026-09-02T01:41:14.511714554Z,2026-09-02T01:41:30.129077794Z,13884.479329,200,fa5bbaa12602c6803fc911cd560f3cd567585f7b4703499b433ac2343ab380c5,,false,miss
retained-20260902-68135d3ad33f,S1-50-r08,S1-50,request-013,d4745ce8b0076d85ef4bad6643512dad50425d8f61a49108664596ff785caf3e,f4e44e9f9016,2026-09-02T01:41:14.511694377Z,2026-09-02T01:41:29.136922365Z,12892.344074,200,fa5bbaa12602c6803fc911cd560f3cd567585f7b4703499b433ac2343ab380c5,,false,miss
retained-20260902-68135d3ad33f,S1-50-r08,S1-50,request-014,d4745ce8b0076d85ef4bad6643512dad50425d8f61a49108664596ff785caf3e,f4e44e9f9016,2026-09-02T01:41:14.51167208Z,2026-09-02T01:41:28.823045688Z,12578.489693,200,fa5bbaa12602c6803fc911cd560f3cd567585f7b4703499b433ac2343ab380c5,,false,miss
retained-20260902-68135d3ad33f,S1-50-r08,S1-50,request-015,d4745ce8b0076d85ef4bad6643512dad50425d8f61a49108664596ff785caf3e,f4e44e9f9016,2026-09-02T01:41:14.511648292Z,2026-09-02T01:41:28.728333309Z,12483.801103,200,fa5bbaa12602c6803fc911cd560f3cd567585f7b4703499b433ac2343ab380c5,,false,miss
retained-20260902-68135d3ad33f,S1-50-r08,S1-50,request-016,d4745ce8b0076d85ef4bad6643512dad50425d8f61a49108664596ff785caf3e,f4e44e9f9016,2026-09-02T01:41:14.511621326Z,2026-09-02T01:41:27.624080815Z,11379.575578,200,fa5bbaa12602c6803fc911cd560f3cd567585f7b4703499b433ac2343ab380c5,,false,miss
retained-20260902-68135d3ad33f,S1-50-r08,S1-50,request-017,d4745ce8b0076d85ef4bad6643512dad50425d8f61a49108664596ff785caf3e,f4e44e9f9016,2026-09-02T01:41:14.511588378Z,2026-09-02T01:41:27.837805835Z,11593.333543,200,fa5bbaa12602c6803fc911cd560f3cd567585f7b4703499b433ac2343ab380c5,,false,miss
retained-20260902-68135d3ad33f,S1-50-r08,S1-50,request-018,d4745ce8b0076d85ef4bad6643512dad50425d8f61a49108664596ff785caf3e,f4e44e9f9016,2026-09-02T01:41:14.511548176Z,2026-09-02T01:41:26.536540661Z,10292.108577,200,fa5bbaa12602c6803fc911cd560f3cd567585f7b4703499b433ac2343ab380c5,,false,miss
retained-20260902-68135d3ad33f,S1-50-r08,S1-50,request-019,d4745ce8b0076d85ef4bad6643512dad50425d8f61a49108664596ff785caf3e,f4e44e9f9016,2026-09-02T01:41:14.51152715Z,2026-09-02T01:41:26.338938752Z,10094.527690,200,fa5bbaa12602c6803fc911cd560f3cd567585f7b4703499b433ac2343ab380c5,,false,miss
retained-20260902-68135d3ad33f,S1-50-r08,S1-50,request-020,d4745ce8b0076d85ef4bad6643512dad50425d8f61a49108664596ff785caf3e,f4e44e9f9016,2026-09-02T01:41:14.511502771Z,2026-09-02T01:41:26.422107398Z,10177.720709,200,fa5bbaa12602c6803fc911cd560f3cd567585f7b4703499b433ac2343ab380c5,,false,miss
retained-20260902-68135d3ad33f,S1-50-r08,S1-50,request-021,d4745ce8b0076d85ef4bad6643512dad50425d8f61a49108664596ff785caf3e,f4e44e9f9016,2026-09-02T01:41:14.511480452Z,2026-09-02T01:41:23.396892134Z,8885.411688,200,fa5bbaa12602c6803fc911cd560f3cd567585f7b4703499b433ac2343ab380c5,,false,miss
retained-20260902-68135d3ad33f,S1-50-r08,S1-50,request-022,d4745ce8b0076d85ef4bad6643512dad50425d8f61a49108664596ff785caf3e,f4e44e9f9016,2026-09-02T01:41:14.5114581Z,2026-09-02T01:41:22.294523513Z,7783.065412,200,fa5bbaa12602c6803fc911cd560f3cd567585f7b4703499b433ac2343ab380c5,,false,miss
retained-20260902-68135d3ad33f,S1-50-r08,S1-50,request-023,d4745ce8b0076d85ef4bad6643512dad50425d8f61a49108664596ff785caf3e,f4e44e9f9016,2026-09-02T01:41:14.511436536Z,2026-09-02T01:41:22.197929616Z,7686.493086,200,fa5bbaa12602c6803fc911cd560f3cd567585f7b4703499b433ac2343ab380c5,,false,miss
retained-20260902-68135d3ad33f,S1-50-r08,S1-50,request-024,d4745ce8b0076d85ef4bad6643512dad50425d8f61a49108664596ff785caf3e,f4e44e9f9016,2026-09-02T01:41:14.511413883Z,2026-09-02T01:41:21.096672824Z,6585.258947,200,fa5bbaa12602c6803fc911cd560f3cd567585f7b4703499b433ac2343ab380c5,,false,miss
retained-20260902-68135d3ad33f,S1-50-r08,S1-50,request-025,d4745ce8b0076d85ef4bad6643512dad50425d8f61a49108664596ff785caf3e,f4e44e9f9016,2026-09-02T01:41:14.511390491Z,2026-09-02T01:41:20.894896666Z,6383.506181,200,fa5bbaa12602c6803fc911cd560f3cd567585f7b4703499b433ac2343ab380c5,,false,miss
retained-20260902-68135d3ad33f,S1-50-r08,S1-50,request-026,d4745ce8b0076d85ef4bad6643512dad50425d8f61a49108664596ff785caf3e,f4e44e9f9016,2026-09-02T01:41:14.511358029Z,2026-09-02T01:41:15.890444327Z,1379.086306,200,fa5bbaa12602c6803fc911cd560f3cd567585f7b4703499b433ac2343ab380c5,,false,miss
retained-20260902-68135d3ad33f,S1-50-r08,S1-50,request-027,d4745ce8b0076d85ef4bad6643512dad50425d8f61a49108664596ff785caf3e,f4e44e9f9016,2026-09-02T01:41:14.511336416Z,2026-09-02T01:41:15.997140783Z,1485.804373,200,fa5bbaa12602c6803fc911cd560f3cd567585f7b4703499b433ac2343ab380c5,,false,miss
retained-20260902-68135d3ad33f,S1-50-r08,S1-50,request-028,d4745ce8b0076d85ef4bad6643512dad50425d8f61a49108664596ff785caf3e,f4e44e9f9016,2026-09-02T01:41:14.511309273Z,2026-09-02T01:41:17.103910832Z,2592.601566,200,fa5bbaa12602c6803fc911cd560f3cd567585f7b4703499b433ac2343ab380c5,,false,miss
retained-20260902-68135d3ad33f,S1-50-r08,S1-50,request-029,d4745ce8b0076d85ef4bad6643512dad50425d8f61a49108664596ff785caf3e,f4e44e9f9016,2026-09-02T01:41:14.511281325Z,2026-09-02T01:41:15.803123768Z,1291.842442,200,fa5bbaa12602c6803fc911cd560f3cd567585f7b4703499b433ac2343ab380c5,,false,miss
retained-20260902-68135d3ad33f,S1-50-r08,S1-50,request-030,d4745ce8b0076d85ef4bad6643512dad50425d8f61a49108664596ff785caf3e,f4e44e9f9016,2026-09-02T01:41:14.51115836Z,2026-09-02T01:41:19.705959769Z,5194.801404,200,fa5bbaa12602c6803fc911cd560f3cd567585f7b4703499b433ac2343ab380c5,,false,miss
retained-20260902-68135d3ad33f,S1-50-r08,S1-50,request-031,d4745ce8b0076d85ef4bad6643512dad50425d8f61a49108664596ff785caf3e,f4e44e9f9016,2026-09-02T01:41:14.511820624Z,2026-09-02T01:41:20.894890049Z,6383.069430,200,fa5bbaa12602c6803fc911cd560f3cd567585f7b4703499b433ac2343ab380c5,,false,miss
retained-20260902-68135d3ad33f,S1-50-r08,S1-50,request-032,d4745ce8b0076d85ef4bad6643512dad50425d8f61a49108664596ff785caf3e,f4e44e9f9016,2026-09-02T01:41:14.511800415Z,2026-09-02T01:41:18.407147015Z,3895.346597,200,fa5bbaa12602c6803fc911cd560f3cd567585f7b4703499b433ac2343ab380c5,,false,miss
retained-20260902-68135d3ad33f,S1-50-r08,S1-50,request-033,d4745ce8b0076d85ef4bad6643512dad50425d8f61a49108664596ff785caf3e,f4e44e9f9016,2026-09-02T01:41:14.511780507Z,2026-09-02T01:41:18.494158141Z,3982.377642,200,fa5bbaa12602c6803fc911cd560f3cd567585f7b4703499b433ac2343ab380c5,,false,miss
retained-20260902-68135d3ad33f,S1-50-r08,S1-50,request-034,d4745ce8b0076d85ef4bad6643512dad50425d8f61a49108664596ff785caf3e,f4e44e9f9016,2026-09-02T01:41:14.511760063Z,2026-09-02T01:41:31.342232764Z,15097.588788,200,fa5bbaa12602c6803fc911cd560f3cd567585f7b4703499b433ac2343ab380c5,,false,miss
retained-20260902-68135d3ad33f,S1-50-r08,S1-50,request-035,d4745ce8b0076d85ef4bad6643512dad50425d8f61a49108664596ff785caf3e,f4e44e9f9016,2026-09-02T01:41:14.511734341Z,2026-09-02T01:41:31.130724743Z,14886.106486,200,fa5bbaa12602c6803fc911cd560f3cd567585f7b4703499b433ac2343ab380c5,,false,miss
retained-20260902-68135d3ad33f,S1-50-r08,S1-50,request-036,d4745ce8b0076d85ef4bad6643512dad50425d8f61a49108664596ff785caf3e,f4e44e9f9016,2026-09-02T01:41:14.511717806Z,2026-09-02T01:41:29.935911454Z,13691.309737,200,fa5bbaa12602c6803fc911cd560f3cd567585f7b4703499b433ac2343ab380c5,,false,miss
retained-20260902-68135d3ad33f,S1-50-r08,S1-50,request-037,d4745ce8b0076d85ef4bad6643512dad50425d8f61a49108664596ff785caf3e,f4e44e9f9016,2026-09-02T01:41:14.511693835Z,2026-09-02T01:41:30.531894208Z,14287.316461,200,fa5bbaa12602c6803fc911cd560f3cd567585f7b4703499b433ac2343ab380c5,,false,miss
retained-20260902-68135d3ad33f,S1-50-r08,S1-50,request-038,d4745ce8b0076d85ef4bad6643512dad50425d8f61a49108664596ff785caf3e,f4e44e9f9016,2026-09-02T01:41:14.511671538Z,2026-09-02T01:41:28.83670147Z,12592.146021,200,fa5bbaa12602c6803fc911cd560f3cd567585f7b4703499b433ac2343ab380c5,,false,miss
retained-20260902-68135d3ad33f,S1-50-r08,S1-50,request-039,d4745ce8b0076d85ef4bad6643512dad50425d8f61a49108664596ff785caf3e,f4e44e9f9016,2026-09-02T01:41:14.511655076Z,2026-09-02T01:41:27.534636241Z,11290.097254,200,fa5bbaa12602c6803fc911cd560f3cd567585f7b4703499b433ac2343ab380c5,,false,miss
retained-20260902-68135d3ad33f,S1-50-r08,S1-50,request-040,d4745ce8b0076d85ef4bad6643512dad50425d8f61a49108664596ff785caf3e,f4e44e9f9016,2026-09-02T01:41:14.511616879Z,2026-09-02T01:41:27.531534635Z,11287.033845,200,fa5bbaa12602c6803fc911cd560f3cd567585f7b4703499b433ac2343ab380c5,,false,miss
retained-20260902-68135d3ad33f,S1-50-r08,S1-50,request-041,d4745ce8b0076d85ef4bad6643512dad50425d8f61a49108664596ff785caf3e,f4e44e9f9016,2026-09-02T01:41:14.511588882Z,2026-09-02T01:41:31.94595705Z,15701.484256,200,fa5bbaa12602c6803fc911cd560f3cd567585f7b4703499b433ac2343ab380c5,,false,miss
retained-20260902-68135d3ad33f,S1-50-r08,S1-50,request-042,d4745ce8b0076d85ef4bad6643512dad50425d8f61a49108664596ff785caf3e,f4e44e9f9016,2026-09-02T01:41:14.511547742Z,2026-09-02T01:41:32.028530377Z,15784.098723,200,fa5bbaa12602c6803fc911cd560f3cd567585f7b4703499b433ac2343ab380c5,,false,miss
retained-20260902-68135d3ad33f,S1-50-r08,S1-50,request-043,d4745ce8b0076d85ef4bad6643512dad50425d8f61a49108664596ff785caf3e,f4e44e9f9016,2026-09-02T01:41:14.511526063Z,2026-09-02T01:41:26.33904825Z,10094.638275,200,fa5bbaa12602c6803fc911cd560f3cd567585f7b4703499b433ac2343ab380c5,,false,miss
retained-20260902-68135d3ad33f,S1-50-r08,S1-50,request-044,d4745ce8b0076d85ef4bad6643512dad50425d8f61a49108664596ff785caf3e,f4e44e9f9016,2026-09-02T01:41:14.511502542Z,2026-09-02T01:41:24.272501788Z,9084.304393,200,fa5bbaa12602c6803fc911cd560f3cd567585f7b4703499b433ac2343ab380c5,,false,miss
retained-20260902-68135d3ad33f,S1-50-r08,S1-50,request-045,d4745ce8b0076d85ef4bad6643512dad50425d8f61a49108664596ff785caf3e,f4e44e9f9016,2026-09-02T01:41:14.51148538Z,2026-09-02T01:41:23.305344926Z,8793.859554,200,fa5bbaa12602c6803fc911cd560f3cd567585f7b4703499b433ac2343ab380c5,,false,miss
retained-20260902-68135d3ad33f,S1-50-r08,S1-50,request-046,d4745ce8b0076d85ef4bad6643512dad50425d8f61a49108664596ff785caf3e,f4e44e9f9016,2026-09-02T01:41:14.511465437Z,2026-09-02T01:41:23.397716226Z,8886.250792,200,fa5bbaa12602c6803fc911cd560f3cd567585f7b4703499b433ac2343ab380c5,,false,miss
retained-20260902-68135d3ad33f,S1-50-r08,S1-50,request-047,d4745ce8b0076d85ef4bad6643512dad50425d8f61a49108664596ff785caf3e,f4e44e9f9016,2026-09-02T01:41:14.511442841Z,2026-09-02T01:41:22.105600801Z,7594.157967,200,fa5bbaa12602c6803fc911cd560f3cd567585f7b4703499b433ac2343ab380c5,,false,miss
retained-20260902-68135d3ad33f,S1-50-r08,S1-50,request-048,d4745ce8b0076d85ef4bad6643512dad50425d8f61a49108664596ff785caf3e,f4e44e9f9016,2026-09-02T01:41:14.51142517Z,2026-09-02T01:41:22.198530963Z,7687.105800,200,fa5bbaa12602c6803fc911cd560f3cd567585f7b4703499b433ac2343ab380c5,,false,miss
retained-20260902-68135d3ad33f,S1-50-r08,S1-50,request-049,d4745ce8b0076d85ef4bad6643512dad50425d8f61a49108664596ff785caf3e,f4e44e9f9016,2026-09-02T01:41:14.511405647Z,2026-09-02T01:41:31.644002124Z,15399.712562,200,fa5bbaa12602c6803fc911cd560f3cd567585f7b4703499b433ac2343ab380c5,,false,miss
retained-20260902-68135d3ad33f,S1-50-r08,S1-50,request-050,d4745ce8b0076d85ef4bad6643512dad50425d8f61a49108664596ff785caf3e,f4e44e9f9016,2026-09-02T01:41:14.511830718Z,2026-09-02T01:41:20.994945538Z,6483.114819,200,fa5bbaa12602c6803fc911cd560f3cd567585f7b4703499b433ac2343ab380c5,,false,miss
retained-20260902-68135d3ad33f,S1-100-r08,S1-100,request-001,d4745ce8b0076d85ef4bad6643512dad50425d8f61a49108664596ff785caf3e,f4e44e9f9016,2026-09-02T01:41:32.461385629Z,2026-09-02T01:41:33.933845965Z,1472.460337,200,fa5bbaa12602c6803fc911cd560f3cd567585f7b4703499b433ac2343ab380c5,,false,miss
retained-20260902-68135d3ad33f,S1-100-r08,S1-100,request-002,d4745ce8b0076d85ef4bad6643512dad50425d8f61a49108664596ff785caf3e,f4e44e9f9016,2026-09-02T01:41:32.489939476Z,2026-09-02T01:41:49.227798889Z,16737.859416,200,fa5bbaa12602c6803fc911cd560f3cd567585f7b4703499b433ac2343ab380c5,,false,miss
retained-20260902-68135d3ad33f,S1-100-r08,S1-100,request-003,d4745ce8b0076d85ef4bad6643512dad50425d8f61a49108664596ff785caf3e,f4e44e9f9016,2026-09-02T01:41:32.489923678Z,2026-09-02T01:41:48.027918067Z,15537.994394,200,fa5bbaa12602c6803fc911cd560f3cd567585f7b4703499b433ac2343ab380c5,,false,miss
retained-20260902-68135d3ad33f,S1-100-r08,S1-100,request-004,d4745ce8b0076d85ef4bad6643512dad50425d8f61a49108664596ff785caf3e,f4e44e9f9016,2026-09-02T01:41:32.489906278Z,2026-09-02T01:41:47.829960754Z,15340.054482,200,fa5bbaa12602c6803fc911cd560f3cd567585f7b4703499b433ac2343ab380c5,,false,miss
retained-20260902-68135d3ad33f,S1-100-r08,S1-100,request-005,d4745ce8b0076d85ef4bad6643512dad50425d8f61a49108664596ff785caf3e,f4e44e9f9016,2026-09-02T01:41:32.489886179Z,2026-09-02T01:41:49.433757792Z,16943.871624,200,fa5bbaa12602c6803fc911cd560f3cd567585f7b4703499b433ac2343ab380c5,,false,miss
retained-20260902-68135d3ad33f,S1-100-r08,S1-100,request-006,d4745ce8b0076d85ef4bad6643512dad50425d8f61a49108664596ff785caf3e,f4e44e9f9016,2026-09-02T01:41:32.489861468Z,2026-09-02T01:42:04.713746286Z,30444.459039,200,fa5bbaa12602c6803fc911cd560f3cd567585f7b4703499b433ac2343ab380c5,,false,miss
retained-20260902-68135d3ad33f,S1-100-r08,S1-100,request-007,d4745ce8b0076d85ef4bad6643512dad50425d8f61a49108664596ff785caf3e,f4e44e9f9016,2026-09-02T01:41:32.489844212Z,2026-09-02T01:42:04.610709161Z,30341.439173,200,fa5bbaa12602c6803fc911cd560f3cd567585f7b4703499b433ac2343ab380c5,,false,miss
retained-20260902-68135d3ad33f,S1-100-r08,S1-100,request-008,d4745ce8b0076d85ef4bad6643512dad50425d8f61a49108664596ff785caf3e,f4e44e9f9016,2026-09-02T01:41:32.489821002Z,2026-09-02T01:42:03.300702822Z,29031.456042,200,fa5bbaa12602c6803fc911cd560f3cd567585f7b4703499b433ac2343ab380c5,,false,miss
retained-20260902-68135d3ad33f,S1-100-r08,S1-100,request-009,d4745ce8b0076d85ef4bad6643512dad50425d8f61a49108664596ff785caf3e,f4e44e9f9016,2026-09-02T01:41:32.489795566Z,2026-09-02T01:42:00.513790489Z,26244.569143,200,fa5bbaa12602c6803fc911cd560f3cd567585f7b4703499b433ac2343ab380c5,,false,miss
retained-20260902-68135d3ad33f,S1-100-r08,S1-100,request-010,d4745ce8b0076d85ef4bad6643512dad50425d8f61a49108664596ff785caf3e,f4e44e9f9016,2026-09-02T01:41:32.489766401Z,2026-09-02T01:42:01.406977212Z,27137.785038,200,fa5bbaa12602c6803fc911cd560f3cd567585f7b4703499b433ac2343ab380c5,,false,miss
retained-20260902-68135d3ad33f,S1-100-r08,S1-100,request-011,d4745ce8b0076d85ef4bad6643512dad50425d8f61a49108664596ff785caf3e,f4e44e9f9016,2026-09-02T01:41:32.489741236Z,2026-09-02T01:41:58.507337831Z,24238.170814,200,fa5bbaa12602c6803fc911cd560f3cd567585f7b4703499b433ac2343ab380c5,,false,miss
retained-20260902-68135d3ad33f,S1-100-r08,S1-100,request-012,d4745ce8b0076d85ef4bad6643512dad50425d8f61a49108664596ff785caf3e,f4e44e9f9016,2026-09-02T01:41:32.489711362Z,2026-09-02T01:42:01.714048701Z,27444.911562,200,fa5bbaa12602c6803fc911cd560f3cd567585f7b4703499b433ac2343ab380c5,,false,miss
retained-20260902-68135d3ad33f,S1-100-r08,S1-100,request-013,d4745ce8b0076d85ef4bad6643512dad50425d8f61a49108664596ff785caf3e,f4e44e9f9016,2026-09-02T01:41:32.489683498Z,2026-09-02T01:41:54.124665819Z,21634.982323,200,fa5bbaa12602c6803fc911cd560f3cd567585f7b4703499b433ac2343ab380c5,,false,miss
retained-20260902-68135d3ad33f,S1-100-r08,S1-100,request-014,d4745ce8b0076d85ef4bad6643512dad50425d8f61a49108664596ff785caf3e,f4e44e9f9016,2026-09-02T01:41:32.489541005Z,2026-09-02T01:41:53.535432379Z,21045.891372,200,fa5bbaa12602c6803fc911cd560f3cd567585f7b4703499b433ac2343ab380c5,,false,miss
retained-20260902-68135d3ad33f,S1-100-r08,S1-100,request-015,d4745ce8b0076d85ef4bad6643512dad50425d8f61a49108664596ff785caf3e,f4e44e9f9016,2026-09-02T01:41:32.462498679Z,2026-09-02T01:41:59.30557984Z,25063.655384,200,fa5bbaa12602c6803fc911cd560f3cd567585f7b4703499b433ac2343ab380c5,,false,miss
retained-20260902-68135d3ad33f,S1-100-r08,S1-100,request-016,d4745ce8b0076d85ef4bad6643512dad50425d8f61a49108664596ff785caf3e,f4e44e9f9016,2026-09-02T01:41:32.462473473Z,2026-09-02T01:41:53.338287842Z,20875.814376,200,fa5bbaa12602c6803fc911cd560f3cd567585f7b4703499b433ac2343ab380c5,,false,miss
retained-20260902-68135d3ad33f,S1-100-r08,S1-100,request-017,d4745ce8b0076d85ef4bad6643512dad50425d8f61a49108664596ff785caf3e,f4e44e9f9016,2026-09-02T01:41:32.462454005Z,2026-09-02T01:41:52.329686519Z,19867.232516,200,fa5bbaa12602c6803fc911cd560f3cd567585f7b4703499b433ac2343ab380c5,,false,miss
retained-20260902-68135d3ad33f,S1-100-r08,S1-100,request-018,d4745ce8b0076d85ef4bad6643512dad50425d8f61a49108664596ff785caf3e,f4e44e9f9016,2026-09-02T01:41:32.46243532Z,2026-09-02T01:41:51.519731566Z,19057.296252,200,fa5bbaa12602c6803fc911cd560f3cd567585f7b4703499b433ac2343ab380c5,,false,miss
retained-20260902-68135d3ad33f,S1-100-r08,S1-100,request-019,d4745ce8b0076d85ef4bad6643512dad50425d8f61a49108664596ff785caf3e,f4e44e9f9016,2026-09-02T01:41:32.46240639Z,2026-09-02T01:42:02.913911779Z,28672.079614,200,fa5bbaa12602c6803fc911cd560f3cd567585f7b4703499b433ac2343ab380c5,,false,miss
retained-20260902-68135d3ad33f,S1-100-r08,S1-100,request-020,d4745ce8b0076d85ef4bad6643512dad50425d8f61a49108664596ff785caf3e,f4e44e9f9016,2026-09-02T01:41:32.462388377Z,2026-09-02T01:42:00.904473977Z,26662.659824,200,fa5bbaa12602c6803fc911cd560f3cd567585f7b4703499b433ac2343ab380c5,,false,miss
retained-20260902-68135d3ad33f,S1-100-r08,S1-100,request-021,d4745ce8b0076d85ef4bad6643512dad50425d8f61a49108664596ff785caf3e,f4e44e9f9016,2026-09-02T01:41:32.462355456Z,2026-09-02T01:41:58.814321424Z,24572.540191,200,fa5bbaa12602c6803fc911cd560f3cd567585f7b4703499b433ac2343ab380c5,,false,miss
retained-20260902-68135d3ad33f,S1-100-r08,S1-100,request-022,d4745ce8b0076d85ef4bad6643512dad50425d8f61a49108664596ff785caf3e,f4e44e9f9016,2026-09-02T01:41:32.462338711Z,2026-09-02T01:41:48.137353435Z,15675.014724,200,fa5bbaa12602c6803fc911cd560f3cd567585f7b4703499b433ac2343ab380c5,,false,miss
retained-20260902-68135d3ad33f,S1-100-r08,S1-100,request-023,d4745ce8b0076d85ef4bad6643512dad50425d8f61a49108664596ff785caf3e,f4e44e9f9016,2026-09-02T01:41:32.462318505Z,2026-09-02T01:41:46.835191838Z,14372.873333,200,fa5bbaa12602c6803fc911cd560f3cd567585f7b4703499b433ac2343ab380c5,,false,miss
retained-20260902-68135d3ad33f,S1-100-r08,S1-100,request-024,d4745ce8b0076d85ef4bad6643512dad50425d8f61a49108664596ff785caf3e,f4e44e9f9016,2026-09-02T01:41:32.462259964Z,2026-09-02T01:41:46.534318588Z,14072.058633,200,fa5bbaa12602c6803fc911cd560f3cd567585f7b4703499b433ac2343ab380c5,,false,miss
retained-20260902-68135d3ad33f,S1-100-r08,S1-100,request-025,d4745ce8b0076d85ef4bad6643512dad50425d8f61a49108664596ff785caf3e,f4e44e9f9016,2026-09-02T01:41:32.462239987Z,2026-09-02T01:41:43.220042647Z,10757.802661,200,fa5bbaa12602c6803fc911cd560f3cd567585f7b4703499b433ac2343ab380c5,,false,miss
retained-20260902-68135d3ad33f,S1-100-r08,S1-100,request-026,d4745ce8b0076d85ef4bad6643512dad50425d8f61a49108664596ff785caf3e,f4e44e9f9016,2026-09-02T01:41:32.462215411Z,2026-09-02T01:41:37.827715966Z,5365.500559,200,fa5bbaa12602c6803fc911cd560f3cd567585f7b4703499b433ac2343ab380c5,,false,miss
retained-20260902-68135d3ad33f,S1-100-r08,S1-100,request-027,d4745ce8b0076d85ef4bad6643512dad50425d8f61a49108664596ff785caf3e,f4e44e9f9016,2026-09-02T01:41:32.462192997Z,2026-09-02T01:41:42.923264513Z,10461.071527,200,fa5bbaa12602c6803fc911cd560f3cd567585f7b4703499b433ac2343ab380c5,,false,miss
retained-20260902-68135d3ad33f,S1-100-r08,S1-100,request-028,d4745ce8b0076d85ef4bad6643512dad50425d8f61a49108664596ff785caf3e,f4e44e9f9016,2026-09-02T01:41:32.46217484Z,2026-09-02T01:41:37.535585877Z,5073.411042,200,fa5bbaa12602c6803fc911cd560f3cd567585f7b4703499b433ac2343ab380c5,,false,miss
retained-20260902-68135d3ad33f,S1-100-r08,S1-100,request-029,d4745ce8b0076d85ef4bad6643512dad50425d8f61a49108664596ff785caf3e,f4e44e9f9016,2026-09-02T01:41:32.462159534Z,2026-09-02T01:41:42.719960504Z,10257.800973,200,fa5bbaa12602c6803fc911cd560f3cd567585f7b4703499b433ac2343ab380c5,,false,miss
retained-20260902-68135d3ad33f,S1-100-r08,S1-100,request-030,d4745ce8b0076d85ef4bad6643512dad50425d8f61a49108664596ff785caf3e,f4e44e9f9016,2026-09-02T01:41:32.462134235Z,2026-09-02T01:41:55.228911981Z,22766.777751,200,fa5bbaa12602c6803fc911cd560f3cd567585f7b4703499b433ac2343ab380c5,,false,miss
retained-20260902-68135d3ad33f,S1-100-r08,S1-100,request-031,d4745ce8b0076d85ef4bad6643512dad50425d8f61a49108664596ff785caf3e,f4e44e9f9016,2026-09-02T01:41:32.462097358Z,2026-09-02T01:41:45.528019697Z,13065.922344,200,fa5bbaa12602c6803fc911cd560f3cd567585f7b4703499b433ac2343ab380c5,,false,miss
retained-20260902-68135d3ad33f,S1-100-r08,S1-100,request-032,d4745ce8b0076d85ef4bad6643512dad50425d8f61a49108664596ff785caf3e,f4e44e9f9016,2026-09-02T01:41:32.462080916Z,2026-09-02T01:41:43.130200177Z,10668.119266,200,fa5bbaa12602c6803fc911cd560f3cd567585f7b4703499b433ac2343ab380c5,,false,miss
retained-20260902-68135d3ad33f,S1-100-r08,S1-100,request-033,d4745ce8b0076d85ef4bad6643512dad50425d8f61a49108664596ff785caf3e,f4e44e9f9016,2026-09-02T01:41:32.462048557Z,2026-09-02T01:41:40.030456526Z,7568.407974,200,fa5bbaa12602c6803fc911cd560f3cd567585f7b4703499b433ac2343ab380c5,,false,miss
retained-20260902-68135d3ad33f,S1-100-r08,S1-100,request-034,d4745ce8b0076d85ef4bad6643512dad50425d8f61a49108664596ff785caf3e,f4e44e9f9016,2026-09-02T01:41:32.462019988Z,2026-09-02T01:41:41.831842056Z,9369.822075,200,fa5bbaa12602c6803fc911cd560f3cd567585f7b4703499b433ac2343ab380c5,,false,miss
retained-20260902-68135d3ad33f,S1-100-r08,S1-100,request-035,d4745ce8b0076d85ef4bad6643512dad50425d8f61a49108664596ff785caf3e,f4e44e9f9016,2026-09-02T01:41:32.461988554Z,2026-09-02T01:41:36.334202556Z,3872.214005,200,fa5bbaa12602c6803fc911cd560f3cd567585f7b4703499b433ac2343ab380c5,,false,miss
retained-20260902-68135d3ad33f,S1-100-r08,S1-100,request-036,d4745ce8b0076d85ef4bad6643512dad50425d8f61a49108664596ff785caf3e,f4e44e9f9016,2026-09-02T01:41:32.461966072Z,2026-09-02T01:41:36.642452993Z,4180.486931,200,fa5bbaa12602c6803fc911cd560f3cd567585f7b4703499b433ac2343ab380c5,,false,miss
retained-20260902-68135d3ad33f,S1-100-r08,S1-100,request-037,d4745ce8b0076d85ef4bad6643512dad50425d8f61a49108664596ff785caf3e,f4e44e9f9016,2026-09-02T01:41:32.461947528Z,2026-09-02T01:41:35.335547206Z,2873.599684,200,fa5bbaa12602c6803fc911cd560f3cd567585f7b4703499b433ac2343ab380c5,,false,miss
retained-20260902-68135d3ad33f,S1-100-r08,S1-100,request-038,d4745ce8b0076d85ef4bad6643512dad50425d8f61a49108664596ff785caf3e,f4e44e9f9016,2026-09-02T01:41:32.461910772Z,2026-09-02T01:41:41.333600196Z,8871.689428,200,fa5bbaa12602c6803fc911cd560f3cd567585f7b4703499b433ac2343ab380c5,,false,miss
retained-20260902-68135d3ad33f,S1-100-r08,S1-100,request-039,d4745ce8b0076d85ef4bad6643512dad50425d8f61a49108664596ff785caf3e,f4e44e9f9016,2026-09-02T01:41:32.461887013Z,2026-09-02T01:41:35.23644166Z,2774.554647,200,fa5bbaa12602c6803fc911cd560f3cd567585f7b4703499b433ac2343ab380c5,,false,miss
retained-20260902-68135d3ad33f,S1-100-r08,S1-100,request-040,d4745ce8b0076d85ef4bad6643512dad50425d8f61a49108664596ff785caf3e,f4e44e9f9016,2026-09-02T01:41:32.461867432Z,2026-09-02T01:41:35.127052887Z,2665.185461,200,fa5bbaa12602c6803fc911cd560f3cd567585f7b4703499b433ac2343ab380c5,,false,miss
retained-20260902-68135d3ad33f,S1-100-r08,S1-100,request-041,d4745ce8b0076d85ef4bad6643512dad50425d8f61a49108664596ff785caf3e,f4e44e9f9016,2026-09-02T01:41:32.461843774Z,2026-09-02T01:41:40.330177924Z,7868.334161,200,fa5bbaa12602c6803fc911cd560f3cd567585f7b4703499b433ac2343ab380c5,,false,miss
retained-20260902-68135d3ad33f,S1-100-r08,S1-100,request-042,d4745ce8b0076d85ef4bad6643512dad50425d8f61a49108664596ff785caf3e,f4e44e9f9016,2026-09-02T01:41:32.461805766Z,2026-09-02T01:41:41.836099921Z,9374.294152,200,fa5bbaa12602c6803fc911cd560f3cd567585f7b4703499b433ac2343ab380c5,,false,miss
retained-20260902-68135d3ad33f,S1-100-r08,S1-100,request-043,d4745ce8b0076d85ef4bad6643512dad50425d8f61a49108664596ff785caf3e,f4e44e9f9016,2026-09-02T01:41:32.461711482Z,2026-09-02T01:41:34.03865649Z,1576.945014,200,fa5bbaa12602c6803fc911cd560f3cd567585f7b4703499b433ac2343ab380c5,,false,miss
retained-20260902-68135d3ad33f,S1-100-r08,S1-100,request-044,d4745ce8b0076d85ef4bad6643512dad50425d8f61a49108664596ff785caf3e,f4e44e9f9016,2026-09-02T01:41:32.461693154Z,2026-09-02T01:41:33.929098078Z,1467.404922,200,fa5bbaa12602c6803fc911cd560f3cd567585f7b4703499b433ac2343ab380c5,,false,miss
retained-20260902-68135d3ad33f,S1-100-r08,S1-100,request-045,d4745ce8b0076d85ef4bad6643512dad50425d8f61a49108664596ff785caf3e,f4e44e9f9016,2026-09-02T01:41:32.461661384Z,2026-09-02T01:41:44.434317686Z,11972.656307,200,fa5bbaa12602c6803fc911cd560f3cd567585f7b4703499b433ac2343ab380c5,,false,miss
retained-20260902-68135d3ad33f,S1-100-r08,S1-100,request-046,d4745ce8b0076d85ef4bad6643512dad50425d8f61a49108664596ff785caf3e,f4e44e9f9016,2026-09-02T01:41:32.461640017Z,2026-09-02T01:41:39.127749967Z,6666.109956,200,fa5bbaa12602c6803fc911cd560f3cd567585f7b4703499b433ac2343ab380c5,,false,miss
retained-20260902-68135d3ad33f,S1-100-r08,S1-100,request-047,d4745ce8b0076d85ef4bad6643512dad50425d8f61a49108664596ff785caf3e,f4e44e9f9016,2026-09-02T01:41:32.461622874Z,2026-09-02T01:41:37.932024334Z,5470.401465,200,fa5bbaa12602c6803fc911cd560f3cd567585f7b4703499b433ac2343ab380c5,,false,miss
retained-20260902-68135d3ad33f,S1-100-r08,S1-100,request-048,d4745ce8b0076d85ef4bad6643512dad50425d8f61a49108664596ff785caf3e,f4e44e9f9016,2026-09-02T01:41:32.461598601Z,2026-09-02T01:41:40.630130049Z,8168.531452,200,fa5bbaa12602c6803fc911cd560f3cd567585f7b4703499b433ac2343ab380c5,,false,miss
retained-20260902-68135d3ad33f,S1-100-r08,S1-100,request-049,d4745ce8b0076d85ef4bad6643512dad50425d8f61a49108664596ff785caf3e,f4e44e9f9016,2026-09-02T01:41:32.461565539Z,2026-09-02T01:41:36.642491777Z,4180.926243,200,fa5bbaa12602c6803fc911cd560f3cd567585f7b4703499b433ac2343ab380c5,,false,miss
retained-20260902-68135d3ad33f,S1-100-r08,S1-100,request-050,d4745ce8b0076d85ef4bad6643512dad50425d8f61a49108664596ff785caf3e,f4e44e9f9016,2026-09-02T01:41:32.461420058Z,2026-09-02T01:41:41.625597332Z,9164.177269,200,fa5bbaa12602c6803fc911cd560f3cd567585f7b4703499b433ac2343ab380c5,,false,miss
retained-20260902-68135d3ad33f,S1-100-r08,S1-100,request-051,d4745ce8b0076d85ef4bad6643512dad50425d8f61a49108664596ff785caf3e,f4e44e9f9016,2026-09-02T01:41:32.518857289Z,2026-09-02T01:41:54.921838191Z,22402.980903,200,fa5bbaa12602c6803fc911cd560f3cd567585f7b4703499b433ac2343ab380c5,,false,miss
retained-20260902-68135d3ad33f,S1-100-r08,S1-100,request-052,d4745ce8b0076d85ef4bad6643512dad50425d8f61a49108664596ff785caf3e,f4e44e9f9016,2026-09-02T01:41:32.518775427Z,2026-09-02T01:41:54.730285365Z,22211.509937,200,fa5bbaa12602c6803fc911cd560f3cd567585f7b4703499b433ac2343ab380c5,,false,miss
retained-20260902-68135d3ad33f,S1-100-r08,S1-100,request-053,d4745ce8b0076d85ef4bad6643512dad50425d8f61a49108664596ff785caf3e,f4e44e9f9016,2026-09-02T01:41:32.518654158Z,2026-09-02T01:41:54.027112683Z,21508.458527,200,fa5bbaa12602c6803fc911cd560f3cd567585f7b4703499b433ac2343ab380c5,,false,miss
retained-20260902-68135d3ad33f,S1-100-r08,S1-100,request-054,d4745ce8b0076d85ef4bad6643512dad50425d8f61a49108664596ff785caf3e,f4e44e9f9016,2026-09-02T01:41:32.51855428Z,2026-09-02T01:41:52.85176159Z,20333.207306,200,fa5bbaa12602c6803fc911cd560f3cd567585f7b4703499b433ac2343ab380c5,,false,miss
retained-20260902-68135d3ad33f,S1-100-r08,S1-100,request-055,d4745ce8b0076d85ef4bad6643512dad50425d8f61a49108664596ff785caf3e,f4e44e9f9016,2026-09-02T01:41:32.518490996Z,2026-09-02T01:41:52.127633264Z,19609.142273,200,fa5bbaa12602c6803fc911cd560f3cd567585f7b4703499b433ac2343ab380c5,,false,miss
retained-20260902-68135d3ad33f,S1-100-r08,S1-100,request-056,d4745ce8b0076d85ef4bad6643512dad50425d8f61a49108664596ff785caf3e,f4e44e9f9016,2026-09-02T01:41:32.518388248Z,2026-09-02T01:41:57.916996808Z,23619.182778,200,fa5bbaa12602c6803fc911cd560f3cd567585f7b4703499b433ac2343ab380c5,,false,miss
retained-20260902-68135d3ad33f,S1-100-r08,S1-100,request-057,d4745ce8b0076d85ef4bad6643512dad50425d8f61a49108664596ff785caf3e,f4e44e9f9016,2026-09-02T01:41:32.518296853Z,2026-09-02T01:42:03.404005295Z,29106.282663,200,fa5bbaa12602c6803fc911cd560f3cd567585f7b4703499b433ac2343ab380c5,,false,miss
retained-20260902-68135d3ad33f,S1-100-r08,S1-100,request-058,d4745ce8b0076d85ef4bad6643512dad50425d8f61a49108664596ff785caf3e,f4e44e9f9016,2026-09-02T01:41:32.518115886Z,2026-09-02T01:41:58.21589016Z,23918.348498,200,fa5bbaa12602c6803fc911cd560f3cd567585f7b4703499b433ac2343ab380c5,,false,miss
retained-20260902-68135d3ad33f,S1-100-r08,S1-100,request-059,d4745ce8b0076d85ef4bad6643512dad50425d8f61a49108664596ff785caf3e,f4e44e9f9016,2026-09-02T01:41:32.518004947Z,2026-09-02T01:42:02.108371341Z,27810.940617,200,fa5bbaa12602c6803fc911cd560f3cd567585f7b4703499b433ac2343ab380c5,,false,miss
retained-20260902-68135d3ad33f,S1-100-r08,S1-100,request-060,d4745ce8b0076d85ef4bad6643512dad50425d8f61a49108664596ff785caf3e,f4e44e9f9016,2026-09-02T01:41:32.51796497Z,2026-09-02T01:41:57.700654133Z,23403.263384,200,fa5bbaa12602c6803fc911cd560f3cd567585f7b4703499b433ac2343ab380c5,,false,miss
retained-20260902-68135d3ad33f,S1-100-r08,S1-100,request-061,d4745ce8b0076d85ef4bad6643512dad50425d8f61a49108664596ff785caf3e,f4e44e9f9016,2026-09-02T01:41:32.517851629Z,2026-09-02T01:42:05.603069691Z,31305.792275,200,fa5bbaa12602c6803fc911cd560f3cd567585f7b4703499b433ac2343ab380c5,,false,miss
retained-20260902-68135d3ad33f,S1-100-r08,S1-100,request-062,d4745ce8b0076d85ef4bad6643512dad50425d8f61a49108664596ff785caf3e,f4e44e9f9016,2026-09-02T01:41:32.517718859Z,2026-09-02T01:42:06.409041999Z,32111.897359,200,fa5bbaa12602c6803fc911cd560f3cd567585f7b4703499b433ac2343ab380c5,,false,miss
retained-20260902-68135d3ad33f,S1-100-r08,S1-100,request-063,d4745ce8b0076d85ef4bad6643512dad50425d8f61a49108664596ff785caf3e,f4e44e9f9016,2026-09-02T01:41:32.517698383Z,2026-09-02T01:42:05.212846514Z,30915.722358,200,fa5bbaa12602c6803fc911cd560f3cd567585f7b4703499b433ac2343ab380c5,,false,miss
retained-20260902-68135d3ad33f,S1-100-r08,S1-100,request-064,d4745ce8b0076d85ef4bad6643512dad50425d8f61a49108664596ff785caf3e,f4e44e9f9016,2026-09-02T01:41:32.517619984Z,2026-09-02T01:42:00.115340043Z,25818.294272,200,fa5bbaa12602c6803fc911cd560f3cd567585f7b4703499b433ac2343ab380c5,,false,miss
retained-20260902-68135d3ad33f,S1-100-r08,S1-100,request-065,d4745ce8b0076d85ef4bad6643512dad50425d8f61a49108664596ff785caf3e,f4e44e9f9016,2026-09-02T01:41:32.507437168Z,2026-09-02T01:41:50.92996246Z,18422.525290,200,fa5bbaa12602c6803fc911cd560f3cd567585f7b4703499b433ac2343ab380c5,,false,miss
retained-20260902-68135d3ad33f,S1-100-r08,S1-100,request-066,d4745ce8b0076d85ef4bad6643512dad50425d8f61a49108664596ff785caf3e,f4e44e9f9016,2026-09-02T01:41:32.490007313Z,2026-09-02T01:41:39.22494613Z,6734.938822,200,fa5bbaa12602c6803fc911cd560f3cd567585f7b4703499b433ac2343ab380c5,,false,miss
retained-20260902-68135d3ad33f,S1-100-r08,S1-100,request-067,d4745ce8b0076d85ef4bad6643512dad50425d8f61a49108664596ff785caf3e,f4e44e9f9016,2026-09-02T01:41:32.489984986Z,2026-09-02T01:41:49.734165796Z,17244.180813,200,fa5bbaa12602c6803fc911cd560f3cd567585f7b4703499b433ac2343ab380c5,,false,miss
retained-20260902-68135d3ad33f,S1-100-r08,S1-100,request-068,d4745ce8b0076d85ef4bad6643512dad50425d8f61a49108664596ff785caf3e,f4e44e9f9016,2026-09-02T01:41:32.489770737Z,2026-09-02T01:42:03.917159491Z,29647.962978,200,fa5bbaa12602c6803fc911cd560f3cd567585f7b4703499b433ac2343ab380c5,,false,miss
retained-20260902-68135d3ad33f,S1-100-r08,S1-100,request-069,d4745ce8b0076d85ef4bad6643512dad50425d8f61a49108664596ff785caf3e,f4e44e9f9016,2026-09-02T01:41:32.489748329Z,2026-09-02T01:42:00.7202489Z,26451.074822,200,fa5bbaa12602c6803fc911cd560f3cd567585f7b4703499b433ac2343ab380c5,,false,miss
retained-20260902-68135d3ad33f,S1-100-r08,S1-100,request-070,d4745ce8b0076d85ef4bad6643512dad50425d8f61a49108664596ff785caf3e,f4e44e9f9016,2026-09-02T01:41:32.489720665Z,2026-09-02T01:42:02.001494768Z,27732.348336,200,fa5bbaa12602c6803fc911cd560f3cd567585f7b4703499b433ac2343ab380c5,,false,miss
retained-20260902-68135d3ad33f,S1-100-r08,S1-100,request-071,d4745ce8b0076d85ef4bad6643512dad50425d8f61a49108664596ff785caf3e,f4e44e9f9016,2026-09-02T01:41:32.489641831Z,2026-09-02T01:42:06.001373719Z,31732.306114,200,fa5bbaa12602c6803fc911cd560f3cd567585f7b4703499b433ac2343ab380c5,,false,miss
retained-20260902-68135d3ad33f,S1-100-r08,S1-100,request-072,d4745ce8b0076d85ef4bad6643512dad50425d8f61a49108664596ff785caf3e,f4e44e9f9016,2026-09-02T01:41:32.462480105Z,2026-09-02T01:41:59.710310822Z,25468.404938,200,fa5bbaa12602c6803fc911cd560f3cd567585f7b4703499b433ac2343ab380c5,,false,miss
retained-20260902-68135d3ad33f,S1-100-r08,S1-100,request-073,d4745ce8b0076d85ef4bad6643512dad50425d8f61a49108664596ff785caf3e,f4e44e9f9016,2026-09-02T01:41:32.462459654Z,2026-09-02T01:41:52.72787723Z,20265.417581,200,fa5bbaa12602c6803fc911cd560f3cd567585f7b4703499b433ac2343ab380c5,,false,miss
retained-20260902-68135d3ad33f,S1-100-r08,S1-100,request-074,d4745ce8b0076d85ef4bad6643512dad50425d8f61a49108664596ff785caf3e,f4e44e9f9016,2026-09-02T01:41:32.46244212Z,2026-09-02T01:41:51.730961263Z,19268.519151,200,fa5bbaa12602c6803fc911cd560f3cd567585f7b4703499b433ac2343ab380c5,,false,miss
retained-20260902-68135d3ad33f,S1-100-r08,S1-100,request-075,d4745ce8b0076d85ef4bad6643512dad50425d8f61a49108664596ff785caf3e,f4e44e9f9016,2026-09-02T01:41:32.462422242Z,2026-09-02T01:41:59.506958212Z,25265.110193,200,fa5bbaa12602c6803fc911cd560f3cd567585f7b4703499b433ac2343ab380c5,,false,miss
retained-20260902-68135d3ad33f,S1-100-r08,S1-100,request-076,d4745ce8b0076d85ef4bad6643512dad50425d8f61a49108664596ff785caf3e,f4e44e9f9016,2026-09-02T01:41:32.462091288Z,2026-09-02T01:41:56.078694203Z,22879.926060,200,fa5bbaa12602c6803fc911cd560f3cd567585f7b4703499b433ac2343ab380c5,,false,miss
retained-20260902-68135d3ad33f,S1-100-r08,S1-100,request-077,d4745ce8b0076d85ef4bad6643512dad50425d8f61a49108664596ff785caf3e,f4e44e9f9016,2026-09-02T01:41:32.461705228Z,2026-09-02T01:41:35.235600082Z,2773.894851,200,fa5bbaa12602c6803fc911cd560f3cd567585f7b4703499b433ac2343ab380c5,,false,miss
retained-20260902-68135d3ad33f,S1-100-r08,S1-100,request-078,d4745ce8b0076d85ef4bad6643512dad50425d8f61a49108664596ff785caf3e,f4e44e9f9016,2026-09-02T01:41:32.461588155Z,2026-09-02T01:41:38.734447967Z,6272.859810,200,fa5bbaa12602c6803fc911cd560f3cd567585f7b4703499b433ac2343ab380c5,,false,miss
retained-20260902-68135d3ad33f,S1-100-r08,S1-100,request-079,d4745ce8b0076d85ef4bad6643512dad50425d8f61a49108664596ff785caf3e,f4e44e9f9016,2026-09-02T01:41:32.461807937Z,2026-09-02T01:41:34.030170896Z,1568.362954,200,fa5bbaa12602c6803fc911cd560f3cd567585f7b4703499b433ac2343ab380c5,,false,miss
retained-20260902-68135d3ad33f,S1-100-r08,S1-100,request-080,d4745ce8b0076d85ef4bad6643512dad50425d8f61a49108664596ff785caf3e,f4e44e9f9016,2026-09-02T01:41:32.461989368Z,2026-09-02T01:41:44.230192433Z,11768.203084,200,fa5bbaa12602c6803fc911cd560f3cd567585f7b4703499b433ac2343ab380c5,,false,miss
retained-20260902-68135d3ad33f,S1-100-r08,S1-100,request-081,d4745ce8b0076d85ef4bad6643512dad50425d8f61a49108664596ff785caf3e,f4e44e9f9016,2026-09-02T01:41:32.46191567Z,2026-09-02T01:41:37.925559321Z,5463.643649,200,fa5bbaa12602c6803fc911cd560f3cd567585f7b4703499b433ac2343ab380c5,,false,miss
retained-20260902-68135d3ad33f,S1-100-r08,S1-100,request-082,d4745ce8b0076d85ef4bad6643512dad50425d8f61a49108664596ff785caf3e,f4e44e9f9016,2026-09-02T01:41:32.461648901Z,2026-09-02T01:41:45.821782916Z,13360.134007,200,fa5bbaa12602c6803fc911cd560f3cd567585f7b4703499b433ac2343ab380c5,,false,miss
retained-20260902-68135d3ad33f,S1-100-r08,S1-100,request-083,d4745ce8b0076d85ef4bad6643512dad50425d8f61a49108664596ff785caf3e,f4e44e9f9016,2026-09-02T01:41:32.489951647Z,2026-09-02T01:41:50.526834975Z,18036.883330,200,fa5bbaa12602c6803fc911cd560f3cd567585f7b4703499b433ac2343ab380c5,,false,miss
retained-20260902-68135d3ad33f,S1-100-r08,S1-100,request-084,d4745ce8b0076d85ef4bad6643512dad50425d8f61a49108664596ff785caf3e,f4e44e9f9016,2026-09-02T01:41:32.489922952Z,2026-09-02T01:41:48.432312085Z,15942.389139,200,fa5bbaa12602c6803fc911cd560f3cd567585f7b4703499b433ac2343ab380c5,,false,miss
retained-20260902-68135d3ad33f,S1-100-r08,S1-100,request-085,d4745ce8b0076d85ef4bad6643512dad50425d8f61a49108664596ff785caf3e,f4e44e9f9016,2026-09-02T01:41:32.489905906Z,2026-09-02T01:41:47.123133973Z,14633.228073,200,fa5bbaa12602c6803fc911cd560f3cd567585f7b4703499b433ac2343ab380c5,,false,miss
retained-20260902-68135d3ad33f,S1-100-r08,S1-100,request-086,d4745ce8b0076d85ef4bad6643512dad50425d8f61a49108664596ff785caf3e,f4e44e9f9016,2026-09-02T01:41:32.489884333Z,2026-09-02T01:42:06.102820065Z,31833.509955,200,fa5bbaa12602c6803fc911cd560f3cd567585f7b4703499b433ac2343ab380c5,,false,miss
retained-20260902-68135d3ad33f,S1-100-r08,S1-100,request-087,d4745ce8b0076d85ef4bad6643512dad50425d8f61a49108664596ff785caf3e,f4e44e9f9016,2026-09-02T01:41:32.489847475Z,2026-09-02T01:42:06.314087978Z,32044.814720,200,fa5bbaa12602c6803fc911cd560f3cd567585f7b4703499b433ac2343ab380c5,,false,miss
retained-20260902-68135d3ad33f,S1-100-r08,S1-100,request-088,d4745ce8b0076d85ef4bad6643512dad50425d8f61a49108664596ff785caf3e,f4e44e9f9016,2026-09-02T01:41:32.462401258Z,2026-09-02T01:42:04.314605086Z,30072.778052,200,fa5bbaa12602c6803fc911cd560f3cd567585f7b4703499b433ac2343ab380c5,,false,miss
retained-20260902-68135d3ad33f,S1-100-r08,S1-100,request-089,d4745ce8b0076d85ef4bad6643512dad50425d8f61a49108664596ff785caf3e,f4e44e9f9016,2026-09-02T01:41:32.462373187Z,2026-09-02T01:42:02.613995332Z,28372.196369,200,fa5bbaa12602c6803fc911cd560f3cd567585f7b4703499b433ac2343ab380c5,,false,miss
retained-20260902-68135d3ad33f,S1-100-r08,S1-100,request-090,d4745ce8b0076d85ef4bad6643512dad50425d8f61a49108664596ff785caf3e,f4e44e9f9016,2026-09-02T01:41:32.462346507Z,2026-09-02T01:41:50.330631385Z,17868.284885,200,fa5bbaa12602c6803fc911cd560f3cd567585f7b4703499b433ac2343ab380c5,,false,miss
retained-20260902-68135d3ad33f,S1-100-r08,S1-100,request-091,d4745ce8b0076d85ef4bad6643512dad50425d8f61a49108664596ff785caf3e,f4e44e9f9016,2026-09-02T01:41:32.462325052Z,2026-09-02T01:41:49.038317094Z,16575.992046,200,fa5bbaa12602c6803fc911cd560f3cd567585f7b4703499b433ac2343ab380c5,,false,miss
retained-20260902-68135d3ad33f,S1-100-r08,S1-100,request-092,d4745ce8b0076d85ef4bad6643512dad50425d8f61a49108664596ff785caf3e,f4e44e9f9016,2026-09-02T01:41:32.462298047Z,2026-09-02T01:41:46.735681837Z,14273.383798,200,fa5bbaa12602c6803fc911cd560f3cd567585f7b4703499b433ac2343ab380c5,,false,miss
retained-20260902-68135d3ad33f,S1-100-r08,S1-100,request-093,d4745ce8b0076d85ef4bad6643512dad50425d8f61a49108664596ff785caf3e,f4e44e9f9016,2026-09-02T01:41:32.462265696Z,2026-09-02T01:41:45.635813881Z,13173.548191,200,fa5bbaa12602c6803fc911cd560f3cd567585f7b4703499b433ac2343ab380c5,,false,miss
retained-20260902-68135d3ad33f,S1-100-r08,S1-100,request-094,d4745ce8b0076d85ef4bad6643512dad50425d8f61a49108664596ff785caf3e,f4e44e9f9016,2026-09-02T01:41:32.462247756Z,2026-09-02T01:41:44.435119338Z,11972.871591,200,fa5bbaa12602c6803fc911cd560f3cd567585f7b4703499b433ac2343ab380c5,,false,miss
retained-20260902-68135d3ad33f,S1-100-r08,S1-100,request-095,d4745ce8b0076d85ef4bad6643512dad50425d8f61a49108664596ff785caf3e,f4e44e9f9016,2026-09-02T01:41:32.46222768Z,2026-09-02T01:41:44.032170809Z,11569.943123,200,fa5bbaa12602c6803fc911cd560f3cd567585f7b4703499b433ac2343ab380c5,,false,miss
retained-20260902-68135d3ad33f,S1-100-r08,S1-100,request-096,d4745ce8b0076d85ef4bad6643512dad50425d8f61a49108664596ff785caf3e,f4e44e9f9016,2026-09-02T01:41:32.46220892Z,2026-09-02T01:41:39.223408869Z,6761.199957,200,fa5bbaa12602c6803fc911cd560f3cd567585f7b4703499b433ac2343ab380c5,,false,miss
retained-20260902-68135d3ad33f,S1-100-r08,S1-100,request-097,d4745ce8b0076d85ef4bad6643512dad50425d8f61a49108664596ff785caf3e,f4e44e9f9016,2026-09-02T01:41:32.462191891Z,2026-09-02T01:41:36.642552166Z,4180.360272,200,fa5bbaa12602c6803fc911cd560f3cd567585f7b4703499b433ac2343ab380c5,,false,miss
retained-20260902-68135d3ad33f,S1-100-r08,S1-100,request-098,d4745ce8b0076d85ef4bad6643512dad50425d8f61a49108664596ff785caf3e,f4e44e9f9016,2026-09-02T01:41:32.4621718Z,2026-09-02T01:41:40.621002275Z,8158.830483,200,fa5bbaa12602c6803fc911cd560f3cd567585f7b4703499b433ac2343ab380c5,,false,miss
retained-20260902-68135d3ad33f,S1-100-r08,S1-100,request-099,d4745ce8b0076d85ef4bad6643512dad50425d8f61a49108664596ff785caf3e,f4e44e9f9016,2026-09-02T01:41:32.462133292Z,2026-09-02T01:41:45.236521296Z,12774.388005,200,fa5bbaa12602c6803fc911cd560f3cd567585f7b4703499b433ac2343ab380c5,,false,miss
retained-20260902-68135d3ad33f,S1-100-r08,S1-100,request-100,d4745ce8b0076d85ef4bad6643512dad50425d8f61a49108664596ff785caf3e,f4e44e9f9016,2026-09-02T01:41:32.489967251Z,2026-09-02T01:41:50.830991171Z,18341.023928,200,fa5bbaa12602c6803fc911cd560f3cd567585f7b4703499b433ac2343ab380c5,,false,miss
retained-20260902-68135d3ad33f,S2-100-r08,S2-100,request-001,d4745ce8b0076d85ef4bad6643512dad50425d8f61a49108664596ff785caf3e,f4e44e9f9016,2026-09-02T01:42:06.757479906Z,2026-09-02T01:42:07.11020523Z,352.725322,200,fa5bbaa12602c6803fc911cd560f3cd567585f7b4703499b433ac2343ab380c5,,true,miss
retained-20260902-68135d3ad33f,S2-100-r08,S2-100,request-002,d4745ce8b0076d85ef4bad6643512dad50425d8f61a49108664596ff785caf3e,f4e44e9f9016,2026-09-02T01:42:06.757431867Z,2026-09-02T01:42:07.109771643Z,352.339769,200,fa5bbaa12602c6803fc911cd560f3cd567585f7b4703499b433ac2343ab380c5,,true,miss
retained-20260902-68135d3ad33f,S2-100-r08,S2-100,request-003,d4745ce8b0076d85ef4bad6643512dad50425d8f61a49108664596ff785caf3e,f4e44e9f9016,2026-09-02T01:42:06.757360035Z,2026-09-02T01:42:07.108844327Z,351.484292,200,fa5bbaa12602c6803fc911cd560f3cd567585f7b4703499b433ac2343ab380c5,,true,miss
retained-20260902-68135d3ad33f,S2-100-r08,S2-100,request-004,d4745ce8b0076d85ef4bad6643512dad50425d8f61a49108664596ff785caf3e,f4e44e9f9016,2026-09-02T01:42:06.757296374Z,2026-09-02T01:42:07.108427717Z,351.131337,200,fa5bbaa12602c6803fc911cd560f3cd567585f7b4703499b433ac2343ab380c5,,true,miss
retained-20260902-68135d3ad33f,S2-100-r08,S2-100,request-005,d4745ce8b0076d85ef4bad6643512dad50425d8f61a49108664596ff785caf3e,f4e44e9f9016,2026-09-02T01:42:06.757232996Z,2026-09-02T01:42:07.109739352Z,352.506357,200,fa5bbaa12602c6803fc911cd560f3cd567585f7b4703499b433ac2343ab380c5,,true,miss
retained-20260902-68135d3ad33f,S2-100-r08,S2-100,request-006,d4745ce8b0076d85ef4bad6643512dad50425d8f61a49108664596ff785caf3e,f4e44e9f9016,2026-09-02T01:42:06.727247114Z,2026-09-02T01:42:07.108951974Z,381.704858,200,fa5bbaa12602c6803fc911cd560f3cd567585f7b4703499b433ac2343ab380c5,,true,miss
retained-20260902-68135d3ad33f,S2-100-r08,S2-100,request-007,d4745ce8b0076d85ef4bad6643512dad50425d8f61a49108664596ff785caf3e,f4e44e9f9016,2026-09-02T01:42:06.757651727Z,2026-09-02T01:42:07.107085992Z,349.434271,200,fa5bbaa12602c6803fc911cd560f3cd567585f7b4703499b433ac2343ab380c5,,true,miss
retained-20260902-68135d3ad33f,S2-100-r08,S2-100,request-008,d4745ce8b0076d85ef4bad6643512dad50425d8f61a49108664596ff785caf3e,f4e44e9f9016,2026-09-02T01:42:06.757632788Z,2026-09-02T01:42:07.106898828Z,349.266043,200,fa5bbaa12602c6803fc911cd560f3cd567585f7b4703499b433ac2343ab380c5,,true,miss
retained-20260902-68135d3ad33f,S2-100-r08,S2-100,request-009,d4745ce8b0076d85ef4bad6643512dad50425d8f61a49108664596ff785caf3e,f4e44e9f9016,2026-09-02T01:42:06.757616267Z,2026-09-02T01:42:07.106783947Z,349.167684,200,fa5bbaa12602c6803fc911cd560f3cd567585f7b4703499b433ac2343ab380c5,,true,miss
retained-20260902-68135d3ad33f,S2-100-r08,S2-100,request-010,d4745ce8b0076d85ef4bad6643512dad50425d8f61a49108664596ff785caf3e,f4e44e9f9016,2026-09-02T01:42:06.757596276Z,2026-09-02T01:42:07.106664748Z,349.068480,200,fa5bbaa12602c6803fc911cd560f3cd567585f7b4703499b433ac2343ab380c5,,true,miss
retained-20260902-68135d3ad33f,S2-100-r08,S2-100,request-011,d4745ce8b0076d85ef4bad6643512dad50425d8f61a49108664596ff785caf3e,f4e44e9f9016,2026-09-02T01:42:06.757575458Z,2026-09-02T01:42:07.111712181Z,354.136723,200,fa5bbaa12602c6803fc911cd560f3cd567585f7b4703499b433ac2343ab380c5,,true,miss
retained-20260902-68135d3ad33f,S2-100-r08,S2-100,request-012,d4745ce8b0076d85ef4bad6643512dad50425d8f61a49108664596ff785caf3e,f4e44e9f9016,2026-09-02T01:42:06.757540741Z,2026-09-02T01:42:07.110710615Z,353.169881,200,fa5bbaa12602c6803fc911cd560f3cd567585f7b4703499b433ac2343ab380c5,,true,miss
retained-20260902-68135d3ad33f,S2-100-r08,S2-100,request-013,d4745ce8b0076d85ef4bad6643512dad50425d8f61a49108664596ff785caf3e,f4e44e9f9016,2026-09-02T01:42:06.757500666Z,2026-09-02T01:42:07.110392492Z,352.891832,200,fa5bbaa12602c6803fc911cd560f3cd567585f7b4703499b433ac2343ab380c5,,true,miss
retained-20260902-68135d3ad33f,S2-100-r08,S2-100,request-014,d4745ce8b0076d85ef4bad6643512dad50425d8f61a49108664596ff785caf3e,f4e44e9f9016,2026-09-02T01:42:06.757478365Z,2026-09-02T01:42:07.110102434Z,352.624076,200,fa5bbaa12602c6803fc911cd560f3cd567585f7b4703499b433ac2343ab380c5,,true,miss
retained-20260902-68135d3ad33f,S2-100-r08,S2-100,request-015,d4745ce8b0076d85ef4bad6643512dad50425d8f61a49108664596ff785caf3e,f4e44e9f9016,2026-09-02T01:42:06.757461233Z,2026-09-02T01:42:07.109881644Z,352.420416,200,fa5bbaa12602c6803fc911cd560f3cd567585f7b4703499b433ac2343ab380c5,,true,miss
retained-20260902-68135d3ad33f,S2-100-r08,S2-100,request-016,d4745ce8b0076d85ef4bad6643512dad50425d8f61a49108664596ff785caf3e,f4e44e9f9016,2026-09-02T01:42:06.757439932Z,2026-09-02T01:42:07.10943188Z,351.991953,200,fa5bbaa12602c6803fc911cd560f3cd567585f7b4703499b433ac2343ab380c5,,true,miss
retained-20260902-68135d3ad33f,S2-100-r08,S2-100,request-017,d4745ce8b0076d85ef4bad6643512dad50425d8f61a49108664596ff785caf3e,f4e44e9f9016,2026-09-02T01:42:06.757396638Z,2026-09-02T01:42:07.109059534Z,351.662903,200,fa5bbaa12602c6803fc911cd560f3cd567585f7b4703499b433ac2343ab380c5,,true,miss
retained-20260902-68135d3ad33f,S2-100-r08,S2-100,request-018,d4745ce8b0076d85ef4bad6643512dad50425d8f61a49108664596ff785caf3e,f4e44e9f9016,2026-09-02T01:42:06.757370761Z,2026-09-02T01:42:07.108739672Z,351.368914,200,fa5bbaa12602c6803fc911cd560f3cd567585f7b4703499b433ac2343ab380c5,,true,miss
retained-20260902-68135d3ad33f,S2-100-r08,S2-100,request-019,d4745ce8b0076d85ef4bad6643512dad50425d8f61a49108664596ff785caf3e,f4e44e9f9016,2026-09-02T01:42:06.757351451Z,2026-09-02T01:42:07.108588363Z,351.236920,200,fa5bbaa12602c6803fc911cd560f3cd567585f7b4703499b433ac2343ab380c5,,true,miss
retained-20260902-68135d3ad33f,S2-100-r08,S2-100,request-020,d4745ce8b0076d85ef4bad6643512dad50425d8f61a49108664596ff785caf3e,f4e44e9f9016,2026-09-02T01:42:06.757333666Z,2026-09-02T01:42:07.108323827Z,350.990166,200,fa5bbaa12602c6803fc911cd560f3cd567585f7b4703499b433ac2343ab380c5,,true,miss
retained-20260902-68135d3ad33f,S2-100-r08,S2-100,request-021,d4745ce8b0076d85ef4bad6643512dad50425d8f61a49108664596ff785caf3e,f4e44e9f9016,2026-09-02T01:42:06.757307715Z,2026-09-02T01:42:07.107538857Z,350.231149,200,fa5bbaa12602c6803fc911cd560f3cd567585f7b4703499b433ac2343ab380c5,,true,miss
retained-20260902-68135d3ad33f,S2-100-r08,S2-100,request-022,d4745ce8b0076d85ef4bad6643512dad50425d8f61a49108664596ff785caf3e,f4e44e9f9016,2026-09-02T01:42:06.757296819Z,2026-09-02T01:42:07.109860925Z,352.564107,200,fa5bbaa12602c6803fc911cd560f3cd567585f7b4703499b433ac2343ab380c5,,true,miss
retained-20260902-68135d3ad33f,S2-100-r08,S2-100,request-023,d4745ce8b0076d85ef4bad6643512dad50425d8f61a49108664596ff785caf3e,f4e44e9f9016,2026-09-02T01:42:06.757264298Z,2026-09-02T01:42:07.111439154Z,354.174856,200,fa5bbaa12602c6803fc911cd560f3cd567585f7b4703499b433ac2343ab380c5,,true,miss
retained-20260902-68135d3ad33f,S2-100-r08,S2-100,request-024,d4745ce8b0076d85ef4bad6643512dad50425d8f61a49108664596ff785caf3e,f4e44e9f9016,2026-09-02T01:42:06.757235064Z,2026-09-02T01:42:07.111737506Z,354.502448,200,fa5bbaa12602c6803fc911cd560f3cd567585f7b4703499b433ac2343ab380c5,,true,miss
retained-20260902-68135d3ad33f,S2-100-r08,S2-100,request-025,d4745ce8b0076d85ef4bad6643512dad50425d8f61a49108664596ff785caf3e,f4e44e9f9016,2026-09-02T01:42:06.757151904Z,2026-09-02T01:42:07.107503515Z,350.351618,200,fa5bbaa12602c6803fc911cd560f3cd567585f7b4703499b433ac2343ab380c5,,true,miss
retained-20260902-68135d3ad33f,S2-100-r08,S2-100,request-026,d4745ce8b0076d85ef4bad6643512dad50425d8f61a49108664596ff785caf3e,f4e44e9f9016,2026-09-02T01:42:06.72810223Z,2026-09-02T01:42:07.110106307Z,382.004079,200,fa5bbaa12602c6803fc911cd560f3cd567585f7b4703499b433ac2343ab380c5,,true,miss
retained-20260902-68135d3ad33f,S2-100-r08,S2-100,request-027,d4745ce8b0076d85ef4bad6643512dad50425d8f61a49108664596ff785caf3e,f4e44e9f9016,2026-09-02T01:42:06.728077655Z,2026-09-02T01:42:07.107060721Z,378.983068,200,fa5bbaa12602c6803fc911cd560f3cd567585f7b4703499b433ac2343ab380c5,,true,miss
retained-20260902-68135d3ad33f,S2-100-r08,S2-100,request-028,d4745ce8b0076d85ef4bad6643512dad50425d8f61a49108664596ff785caf3e,f4e44e9f9016,2026-09-02T01:42:06.728042009Z,2026-09-02T01:42:07.106800942Z,378.758935,200,fa5bbaa12602c6803fc911cd560f3cd567585f7b4703499b433ac2343ab380c5,,true,miss
retained-20260902-68135d3ad33f,S2-100-r08,S2-100,request-029,d4745ce8b0076d85ef4bad6643512dad50425d8f61a49108664596ff785caf3e,f4e44e9f9016,2026-09-02T01:42:06.728019143Z,2026-09-02T01:42:07.106540261Z,378.521125,200,fa5bbaa12602c6803fc911cd560f3cd567585f7b4703499b433ac2343ab380c5,,true,miss
retained-20260902-68135d3ad33f,S2-100-r08,S2-100,request-030,d4745ce8b0076d85ef4bad6643512dad50425d8f61a49108664596ff785caf3e,f4e44e9f9016,2026-09-02T01:42:06.727999537Z,2026-09-02T01:42:07.110454485Z,382.454954,200,fa5bbaa12602c6803fc911cd560f3cd567585f7b4703499b433ac2343ab380c5,,true,miss
retained-20260902-68135d3ad33f,S2-100-r08,S2-100,request-031,d4745ce8b0076d85ef4bad6643512dad50425d8f61a49108664596ff785caf3e,f4e44e9f9016,2026-09-02T01:42:06.727982881Z,2026-09-02T01:42:07.110206761Z,382.223856,200,fa5bbaa12602c6803fc911cd560f3cd567585f7b4703499b433ac2343ab380c5,,true,miss
retained-20260902-68135d3ad33f,S2-100-r08,S2-100,request-032,d4745ce8b0076d85ef4bad6643512dad50425d8f61a49108664596ff785caf3e,f4e44e9f9016,2026-09-02T01:42:06.727967127Z,2026-09-02T01:42:07.110044308Z,382.077183,200,fa5bbaa12602c6803fc911cd560f3cd567585f7b4703499b433ac2343ab380c5,,true,miss
retained-20260902-68135d3ad33f,S2-100-r08,S2-100,request-033,d4745ce8b0076d85ef4bad6643512dad50425d8f61a49108664596ff785caf3e,f4e44e9f9016,2026-09-02T01:42:06.727948164Z,2026-09-02T01:42:07.109802782Z,381.854622,200,fa5bbaa12602c6803fc911cd560f3cd567585f7b4703499b433ac2343ab380c5,,true,miss
retained-20260902-68135d3ad33f,S2-100-r08,S2-100,request-034,d4745ce8b0076d85ef4bad6643512dad50425d8f61a49108664596ff785caf3e,f4e44e9f9016,2026-09-02T01:42:06.727928676Z,2026-09-02T01:42:07.111367907Z,383.439225,200,fa5bbaa12602c6803fc911cd560f3cd567585f7b4703499b433ac2343ab380c5,,true,miss
retained-20260902-68135d3ad33f,S2-100-r08,S2-100,request-035,d4745ce8b0076d85ef4bad6643512dad50425d8f61a49108664596ff785caf3e,f4e44e9f9016,2026-09-02T01:42:06.727896554Z,2026-09-02T01:42:07.109060757Z,381.164209,200,fa5bbaa12602c6803fc911cd560f3cd567585f7b4703499b433ac2343ab380c5,,true,miss
retained-20260902-68135d3ad33f,S2-100-r08,S2-100,request-036,d4745ce8b0076d85ef4bad6643512dad50425d8f61a49108664596ff785caf3e,f4e44e9f9016,2026-09-02T01:42:06.727878977Z,2026-09-02T01:42:07.108709117Z,380.830143,200,fa5bbaa12602c6803fc911cd560f3cd567585f7b4703499b433ac2343ab380c5,,true,miss
retained-20260902-68135d3ad33f,S2-100-r08,S2-100,request-037,d4745ce8b0076d85ef4bad6643512dad50425d8f61a49108664596ff785caf3e,f4e44e9f9016,2026-09-02T01:42:06.727857912Z,2026-09-02T01:42:07.108422058Z,380.564153,200,fa5bbaa12602c6803fc911cd560f3cd567585f7b4703499b433ac2343ab380c5,,true,miss
retained-20260902-68135d3ad33f,S2-100-r08,S2-100,request-038,d4745ce8b0076d85ef4bad6643512dad50425d8f61a49108664596ff785caf3e,f4e44e9f9016,2026-09-02T01:42:06.727837783Z,2026-09-02T01:42:07.10894327Z,381.105486,200,fa5bbaa12602c6803fc911cd560f3cd567585f7b4703499b433ac2343ab380c5,,true,miss
retained-20260902-68135d3ad33f,S2-100-r08,S2-100,request-039,d4745ce8b0076d85ef4bad6643512dad50425d8f61a49108664596ff785caf3e,f4e44e9f9016,2026-09-02T01:42:06.727820441Z,2026-09-02T01:42:07.106957095Z,379.136650,200,fa5bbaa12602c6803fc911cd560f3cd567585f7b4703499b433ac2343ab380c5,,true,miss
retained-20260902-68135d3ad33f,S2-100-r08,S2-100,request-040,d4745ce8b0076d85ef4bad6643512dad50425d8f61a49108664596ff785caf3e,f4e44e9f9016,2026-09-02T01:42:06.727793404Z,2026-09-02T01:42:07.106725816Z,378.932412,200,fa5bbaa12602c6803fc911cd560f3cd567585f7b4703499b433ac2343ab380c5,,true,miss
retained-20260902-68135d3ad33f,S2-100-r08,S2-100,request-041,d4745ce8b0076d85ef4bad6643512dad50425d8f61a49108664596ff785caf3e,f4e44e9f9016,2026-09-02T01:42:06.72776778Z,2026-09-02T01:42:07.111562493Z,383.794714,200,fa5bbaa12602c6803fc911cd560f3cd567585f7b4703499b433ac2343ab380c5,,true,miss
retained-20260902-68135d3ad33f,S2-100-r08,S2-100,request-042,d4745ce8b0076d85ef4bad6643512dad50425d8f61a49108664596ff785caf3e,f4e44e9f9016,2026-09-02T01:42:06.727728339Z,2026-09-02T01:42:07.110261338Z,382.533006,200,fa5bbaa12602c6803fc911cd560f3cd567585f7b4703499b433ac2343ab380c5,,true,miss
retained-20260902-68135d3ad33f,S2-100-r08,S2-100,request-043,d4745ce8b0076d85ef4bad6643512dad50425d8f61a49108664596ff785caf3e,f4e44e9f9016,2026-09-02T01:42:06.727706793Z,2026-09-02T01:42:07.109987298Z,382.280512,200,fa5bbaa12602c6803fc911cd560f3cd567585f7b4703499b433ac2343ab380c5,,true,miss
retained-20260902-68135d3ad33f,S2-100-r08,S2-100,request-044,d4745ce8b0076d85ef4bad6643512dad50425d8f61a49108664596ff785caf3e,f4e44e9f9016,2026-09-02T01:42:06.727690158Z,2026-09-02T01:42:07.109939049Z,382.248894,200,fa5bbaa12602c6803fc911cd560f3cd567585f7b4703499b433ac2343ab380c5,,true,miss
retained-20260902-68135d3ad33f,S2-100-r08,S2-100,request-045,d4745ce8b0076d85ef4bad6643512dad50425d8f61a49108664596ff785caf3e,f4e44e9f9016,2026-09-02T01:42:06.727674683Z,2026-09-02T01:42:07.111679691Z,384.005015,200,fa5bbaa12602c6803fc911cd560f3cd567585f7b4703499b433ac2343ab380c5,,true,miss
retained-20260902-68135d3ad33f,S2-100-r08,S2-100,request-046,d4745ce8b0076d85ef4bad6643512dad50425d8f61a49108664596ff785caf3e,f4e44e9f9016,2026-09-02T01:42:06.727655509Z,2026-09-02T01:42:07.107628192Z,379.972690,200,fa5bbaa12602c6803fc911cd560f3cd567585f7b4703499b433ac2343ab380c5,,true,miss
retained-20260902-68135d3ad33f,S2-100-r08,S2-100,request-047,d4745ce8b0076d85ef4bad6643512dad50425d8f61a49108664596ff785caf3e,f4e44e9f9016,2026-09-02T01:42:06.727635679Z,2026-09-02T01:42:07.107421503Z,379.785823,200,fa5bbaa12602c6803fc911cd560f3cd567585f7b4703499b433ac2343ab380c5,,true,miss
retained-20260902-68135d3ad33f,S2-100-r08,S2-100,request-048,d4745ce8b0076d85ef4bad6643512dad50425d8f61a49108664596ff785caf3e,f4e44e9f9016,2026-09-02T01:42:06.727612848Z,2026-09-02T01:42:07.106993481Z,379.380640,200,fa5bbaa12602c6803fc911cd560f3cd567585f7b4703499b433ac2343ab380c5,,true,miss
retained-20260902-68135d3ad33f,S2-100-r08,S2-100,request-049,d4745ce8b0076d85ef4bad6643512dad50425d8f61a49108664596ff785caf3e,f4e44e9f9016,2026-09-02T01:42:06.727587825Z,2026-09-02T01:42:07.109258383Z,381.670566,200,fa5bbaa12602c6803fc911cd560f3cd567585f7b4703499b433ac2343ab380c5,,true,miss
retained-20260902-68135d3ad33f,S2-100-r08,S2-100,request-050,d4745ce8b0076d85ef4bad6643512dad50425d8f61a49108664596ff785caf3e,f4e44e9f9016,2026-09-02T01:42:06.727559557Z,2026-09-02T01:42:07.106687655Z,379.128106,200,fa5bbaa12602c6803fc911cd560f3cd567585f7b4703499b433ac2343ab380c5,,true,miss
retained-20260902-68135d3ad33f,S2-100-r08,S2-100,request-051,d4745ce8b0076d85ef4bad6643512dad50425d8f61a49108664596ff785caf3e,f4e44e9f9016,2026-09-02T01:42:06.72753502Z,2026-09-02T01:42:07.104853763Z,377.318752,200,fa5bbaa12602c6803fc911cd560f3cd567585f7b4703499b433ac2343ab380c5,,true,miss
retained-20260902-68135d3ad33f,S2-100-r08,S2-100,request-052,d4745ce8b0076d85ef4bad6643512dad50425d8f61a49108664596ff785caf3e,f4e44e9f9016,2026-09-02T01:42:06.727508534Z,2026-09-02T01:42:07.10879334Z,381.284810,200,fa5bbaa12602c6803fc911cd560f3cd567585f7b4703499b433ac2343ab380c5,,true,miss
retained-20260902-68135d3ad33f,S2-100-r08,S2-100,request-053,d4745ce8b0076d85ef4bad6643512dad50425d8f61a49108664596ff785caf3e,f4e44e9f9016,2026-09-02T01:42:06.72748407Z,2026-09-02T01:42:07.108510862Z,381.026787,200,fa5bbaa12602c6803fc911cd560f3cd567585f7b4703499b433ac2343ab380c5,,true,miss
retained-20260902-68135d3ad33f,S2-100-r08,S2-100,request-054,d4745ce8b0076d85ef4bad6643512dad50425d8f61a49108664596ff785caf3e,f4e44e9f9016,2026-09-02T01:42:06.727443775Z,2026-09-02T01:42:07.111660153Z,384.216380,200,fa5bbaa12602c6803fc911cd560f3cd567585f7b4703499b433ac2343ab380c5,,true,miss
retained-20260902-68135d3ad33f,S2-100-r08,S2-100,request-055,d4745ce8b0076d85ef4bad6643512dad50425d8f61a49108664596ff785caf3e,f4e44e9f9016,2026-09-02T01:42:06.727302526Z,2026-09-02T01:42:07.106537374Z,379.234853,200,fa5bbaa12602c6803fc911cd560f3cd567585f7b4703499b433ac2343ab380c5,,false,miss
retained-20260902-68135d3ad33f,S2-100-r08,S2-100,request-056,d4745ce8b0076d85ef4bad6643512dad50425d8f61a49108664596ff785caf3e,f4e44e9f9016,2026-09-02T01:42:06.758225664Z,2026-09-02T01:42:07.111504426Z,353.278770,200,fa5bbaa12602c6803fc911cd560f3cd567585f7b4703499b433ac2343ab380c5,,true,miss
retained-20260902-68135d3ad33f,S2-100-r08,S2-100,request-057,d4745ce8b0076d85ef4bad6643512dad50425d8f61a49108664596ff785caf3e,f4e44e9f9016,2026-09-02T01:42:06.758207396Z,2026-09-02T01:42:07.111787894Z,353.580499,200,fa5bbaa12602c6803fc911cd560f3cd567585f7b4703499b433ac2343ab380c5,,true,miss
retained-20260902-68135d3ad33f,S2-100-r08,S2-100,request-058,d4745ce8b0076d85ef4bad6643512dad50425d8f61a49108664596ff785caf3e,f4e44e9f9016,2026-09-02T01:42:06.758189162Z,2026-09-02T01:42:07.111546781Z,353.357620,200,fa5bbaa12602c6803fc911cd560f3cd567585f7b4703499b433ac2343ab380c5,,true,miss
retained-20260902-68135d3ad33f,S2-100-r08,S2-100,request-059,d4745ce8b0076d85ef4bad6643512dad50425d8f61a49108664596ff785caf3e,f4e44e9f9016,2026-09-02T01:42:06.758164746Z,2026-09-02T01:42:07.109485011Z,351.320261,200,fa5bbaa12602c6803fc911cd560f3cd567585f7b4703499b433ac2343ab380c5,,true,miss
retained-20260902-68135d3ad33f,S2-100-r08,S2-100,request-060,d4745ce8b0076d85ef4bad6643512dad50425d8f61a49108664596ff785caf3e,f4e44e9f9016,2026-09-02T01:42:06.758137529Z,2026-09-02T01:42:07.109220863Z,351.083332,200,fa5bbaa12602c6803fc911cd560f3cd567585f7b4703499b433ac2343ab380c5,,true,miss
retained-20260902-68135d3ad33f,S2-100-r08,S2-100,request-061,d4745ce8b0076d85ef4bad6643512dad50425d8f61a49108664596ff785caf3e,f4e44e9f9016,2026-09-02T01:42:06.758069177Z,2026-09-02T01:42:07.111290582Z,353.222924,200,fa5bbaa12602c6803fc911cd560f3cd567585f7b4703499b433ac2343ab380c5,,true,miss
retained-20260902-68135d3ad33f,S2-100-r08,S2-100,request-062,d4745ce8b0076d85ef4bad6643512dad50425d8f61a49108664596ff785caf3e,f4e44e9f9016,2026-09-02T01:42:06.757986465Z,2026-09-02T01:42:07.108773101Z,350.786634,200,fa5bbaa12602c6803fc911cd560f3cd567585f7b4703499b433ac2343ab380c5,,true,miss
retained-20260902-68135d3ad33f,S2-100-r08,S2-100,request-063,d4745ce8b0076d85ef4bad6643512dad50425d8f61a49108664596ff785caf3e,f4e44e9f9016,2026-09-02T01:42:06.757964592Z,2026-09-02T01:42:07.109989848Z,352.025250,200,fa5bbaa12602c6803fc911cd560f3cd567585f7b4703499b433ac2343ab380c5,,true,miss
retained-20260902-68135d3ad33f,S2-100-r08,S2-100,request-064,d4745ce8b0076d85ef4bad6643512dad50425d8f61a49108664596ff785caf3e,f4e44e9f9016,2026-09-02T01:42:06.757896526Z,2026-09-02T01:42:07.108646955Z,350.750421,200,fa5bbaa12602c6803fc911cd560f3cd567585f7b4703499b433ac2343ab380c5,,true,miss
retained-20260902-68135d3ad33f,S2-100-r08,S2-100,request-065,d4745ce8b0076d85ef4bad6643512dad50425d8f61a49108664596ff785caf3e,f4e44e9f9016,2026-09-02T01:42:06.757844106Z,2026-09-02T01:42:07.111208446Z,353.364332,200,fa5bbaa12602c6803fc911cd560f3cd567585f7b4703499b433ac2343ab380c5,,true,miss
retained-20260902-68135d3ad33f,S2-100-r08,S2-100,request-066,d4745ce8b0076d85ef4bad6643512dad50425d8f61a49108664596ff785caf3e,f4e44e9f9016,2026-09-02T01:42:06.757785748Z,2026-09-02T01:42:07.108357905Z,350.572160,200,fa5bbaa12602c6803fc911cd560f3cd567585f7b4703499b433ac2343ab380c5,,true,miss
retained-20260902-68135d3ad33f,S2-100-r08,S2-100,request-067,d4745ce8b0076d85ef4bad6643512dad50425d8f61a49108664596ff785caf3e,f4e44e9f9016,2026-09-02T01:42:06.757729703Z,2026-09-02T01:42:07.110676288Z,352.946585,200,fa5bbaa12602c6803fc911cd560f3cd567585f7b4703499b433ac2343ab380c5,,true,miss
retained-20260902-68135d3ad33f,S2-100-r08,S2-100,request-068,d4745ce8b0076d85ef4bad6643512dad50425d8f61a49108664596ff785caf3e,f4e44e9f9016,2026-09-02T01:42:06.757608348Z,2026-09-02T01:42:07.107158592Z,349.550241,200,fa5bbaa12602c6803fc911cd560f3cd567585f7b4703499b433ac2343ab380c5,,true,miss
retained-20260902-68135d3ad33f,S2-100-r08,S2-100,request-069,d4745ce8b0076d85ef4bad6643512dad50425d8f61a49108664596ff785caf3e,f4e44e9f9016,2026-09-02T01:42:06.75754445Z,2026-09-02T01:42:07.111610512Z,354.066055,200,fa5bbaa12602c6803fc911cd560f3cd567585f7b4703499b433ac2343ab380c5,,true,miss
retained-20260902-68135d3ad33f,S2-100-r08,S2-100,request-070,d4745ce8b0076d85ef4bad6643512dad50425d8f61a49108664596ff785caf3e,f4e44e9f9016,2026-09-02T01:42:06.727970126Z,2026-09-02T01:42:07.110154993Z,382.184875,200,fa5bbaa12602c6803fc911cd560f3cd567585f7b4703499b433ac2343ab380c5,,true,miss
retained-20260902-68135d3ad33f,S2-100-r08,S2-100,request-071,d4745ce8b0076d85ef4bad6643512dad50425d8f61a49108664596ff785caf3e,f4e44e9f9016,2026-09-02T01:42:06.728089442Z,2026-09-02T01:42:07.110263152Z,382.173711,200,fa5bbaa12602c6803fc911cd560f3cd567585f7b4703499b433ac2343ab380c5,,true,miss
retained-20260902-68135d3ad33f,S2-100-r08,S2-100,request-072,d4745ce8b0076d85ef4bad6643512dad50425d8f61a49108664596ff785caf3e,f4e44e9f9016,2026-09-02T01:42:06.728063313Z,2026-09-02T01:42:07.106908068Z,378.844759,200,fa5bbaa12602c6803fc911cd560f3cd567585f7b4703499b433ac2343ab380c5,,true,miss
retained-20260902-68135d3ad33f,S2-100-r08,S2-100,request-073,d4745ce8b0076d85ef4bad6643512dad50425d8f61a49108664596ff785caf3e,f4e44e9f9016,2026-09-02T01:42:06.728037496Z,2026-09-02T01:42:07.11055035Z,382.512856,200,fa5bbaa12602c6803fc911cd560f3cd567585f7b4703499b433ac2343ab380c5,,true,miss
retained-20260902-68135d3ad33f,S2-100-r08,S2-100,request-074,d4745ce8b0076d85ef4bad6643512dad50425d8f61a49108664596ff785caf3e,f4e44e9f9016,2026-09-02T01:42:06.728016681Z,2026-09-02T01:42:07.106415211Z,378.398538,200,fa5bbaa12602c6803fc911cd560f3cd567585f7b4703499b433ac2343ab380c5,,true,miss
retained-20260902-68135d3ad33f,S2-100-r08,S2-100,request-075,d4745ce8b0076d85ef4bad6643512dad50425d8f61a49108664596ff785caf3e,f4e44e9f9016,2026-09-02T01:42:06.727995262Z,2026-09-02T01:42:07.11158735Z,383.592096,200,fa5bbaa12602c6803fc911cd560f3cd567585f7b4703499b433ac2343ab380c5,,true,miss
retained-20260902-68135d3ad33f,S2-100-r08,S2-100,request-076,d4745ce8b0076d85ef4bad6643512dad50425d8f61a49108664596ff785caf3e,f4e44e9f9016,2026-09-02T01:42:06.727852847Z,2026-09-02T01:42:07.110797212Z,382.944371,200,fa5bbaa12602c6803fc911cd560f3cd567585f7b4703499b433ac2343ab380c5,,true,miss
retained-20260902-68135d3ad33f,S2-100-r08,S2-100,request-077,d4745ce8b0076d85ef4bad6643512dad50425d8f61a49108664596ff785caf3e,f4e44e9f9016,2026-09-02T01:42:06.727800782Z,2026-09-02T01:42:07.10684046Z,379.039684,200,fa5bbaa12602c6803fc911cd560f3cd567585f7b4703499b433ac2343ab380c5,,true,miss
retained-20260902-68135d3ad33f,S2-100-r08,S2-100,request-078,d4745ce8b0076d85ef4bad6643512dad50425d8f61a49108664596ff785caf3e,f4e44e9f9016,2026-09-02T01:42:06.727745684Z,2026-09-02T01:42:07.110560571Z,382.814888,200,fa5bbaa12602c6803fc911cd560f3cd567585f7b4703499b433ac2343ab380c5,,true,miss
retained-20260902-68135d3ad33f,S2-100-r08,S2-100,request-079,d4745ce8b0076d85ef4bad6643512dad50425d8f61a49108664596ff785caf3e,f4e44e9f9016,2026-09-02T01:42:06.727729712Z,2026-09-02T01:42:07.110151688Z,382.421976,200,fa5bbaa12602c6803fc911cd560f3cd567585f7b4703499b433ac2343ab380c5,,true,miss
retained-20260902-68135d3ad33f,S2-100-r08,S2-100,request-080,d4745ce8b0076d85ef4bad6643512dad50425d8f61a49108664596ff785caf3e,f4e44e9f9016,2026-09-02T01:42:06.727700496Z,2026-09-02T01:42:07.11004018Z,382.339681,200,fa5bbaa12602c6803fc911cd560f3cd567585f7b4703499b433ac2343ab380c5,,true,miss
retained-20260902-68135d3ad33f,S2-100-r08,S2-100,request-081,d4745ce8b0076d85ef4bad6643512dad50425d8f61a49108664596ff785caf3e,f4e44e9f9016,2026-09-02T01:42:06.72747223Z,2026-09-02T01:42:07.108375859Z,380.903635,200,fa5bbaa12602c6803fc911cd560f3cd567585f7b4703499b433ac2343ab380c5,,true,miss
retained-20260902-68135d3ad33f,S2-100-r08,S2-100,request-082,d4745ce8b0076d85ef4bad6643512dad50425d8f61a49108664596ff785caf3e,f4e44e9f9016,2026-09-02T01:42:06.727258001Z,2026-09-02T01:42:07.107344534Z,380.086513,200,fa5bbaa12602c6803fc911cd560f3cd567585f7b4703499b433ac2343ab380c5,,true,miss
retained-20260902-68135d3ad33f,S2-100-r08,S2-100,request-083,d4745ce8b0076d85ef4bad6643512dad50425d8f61a49108664596ff785caf3e,f4e44e9f9016,2026-09-02T01:42:06.727500636Z,2026-09-02T01:42:07.108678352Z,381.177716,200,fa5bbaa12602c6803fc911cd560f3cd567585f7b4703499b433ac2343ab380c5,,true,miss
retained-20260902-68135d3ad33f,S2-100-r08,S2-100,request-084,d4745ce8b0076d85ef4bad6643512dad50425d8f61a49108664596ff785caf3e,f4e44e9f9016,2026-09-02T01:42:06.727440188Z,2026-09-02T01:42:07.111710226Z,384.270035,200,fa5bbaa12602c6803fc911cd560f3cd567585f7b4703499b433ac2343ab380c5,,true,miss
retained-20260902-68135d3ad33f,S2-100-r08,S2-100,request-085,d4745ce8b0076d85ef4bad6643512dad50425d8f61a49108664596ff785caf3e,f4e44e9f9016,2026-09-02T01:42:06.757008372Z,2026-09-02T01:42:07.107324916Z,350.316544,200,fa5bbaa12602c6803fc911cd560f3cd567585f7b4703499b433ac2343ab380c5,,true,miss
retained-20260902-68135d3ad33f,S2-100-r08,S2-100,request-086,d4745ce8b0076d85ef4bad6643512dad50425d8f61a49108664596ff785caf3e,f4e44e9f9016,2026-09-02T01:42:06.727954214Z,2026-09-02T01:42:07.10991979Z,381.965583,200,fa5bbaa12602c6803fc911cd560f3cd567585f7b4703499b433ac2343ab380c5,,true,miss
retained-20260902-68135d3ad33f,S2-100-r08,S2-100,request-087,d4745ce8b0076d85ef4bad6643512dad50425d8f61a49108664596ff785caf3e,f4e44e9f9016,2026-09-02T01:42:06.727934946Z,2026-09-02T01:42:07.111152391Z,383.217447,200,fa5bbaa12602c6803fc911cd560f3cd567585f7b4703499b433ac2343ab380c5,,true,miss
retained-20260902-68135d3ad33f,S2-100-r08,S2-100,request-088,d4745ce8b0076d85ef4bad6643512dad50425d8f61a49108664596ff785caf3e,f4e44e9f9016,2026-09-02T01:42:06.727914016Z,2026-09-02T01:42:07.111727649Z,383.813637,200,fa5bbaa12602c6803fc911cd560f3cd567585f7b4703499b433ac2343ab380c5,,true,miss
retained-20260902-68135d3ad33f,S2-100-r08,S2-100,request-089,d4745ce8b0076d85ef4bad6643512dad50425d8f61a49108664596ff785caf3e,f4e44e9f9016,2026-09-02T01:42:06.727891913Z,2026-09-02T01:42:07.108825564Z,380.933660,200,fa5bbaa12602c6803fc911cd560f3cd567585f7b4703499b433ac2343ab380c5,,true,miss
retained-20260902-68135d3ad33f,S2-100-r08,S2-100,request-090,d4745ce8b0076d85ef4bad6643512dad50425d8f61a49108664596ff785caf3e,f4e44e9f9016,2026-09-02T01:42:06.727871795Z,2026-09-02T01:42:07.108568527Z,380.696737,200,fa5bbaa12602c6803fc911cd560f3cd567585f7b4703499b433ac2343ab380c5,,true,miss
retained-20260902-68135d3ad33f,S2-100-r08,S2-100,request-091,d4745ce8b0076d85ef4bad6643512dad50425d8f61a49108664596ff785caf3e,f4e44e9f9016,2026-09-02T01:42:06.727832075Z,2026-09-02T01:42:07.107457208Z,379.625141,200,fa5bbaa12602c6803fc911cd560f3cd567585f7b4703499b433ac2343ab380c5,,true,miss
retained-20260902-68135d3ad33f,S2-100-r08,S2-100,request-092,d4745ce8b0076d85ef4bad6643512dad50425d8f61a49108664596ff785caf3e,f4e44e9f9016,2026-09-02T01:42:06.727775421Z,2026-09-02T01:42:07.106607372Z,378.831951,200,fa5bbaa12602c6803fc911cd560f3cd567585f7b4703499b433ac2343ab380c5,,true,miss
retained-20260902-68135d3ad33f,S2-100-r08,S2-100,request-093,d4745ce8b0076d85ef4bad6643512dad50425d8f61a49108664596ff785caf3e,f4e44e9f9016,2026-09-02T01:42:06.727675898Z,2026-09-02T01:42:07.109712682Z,382.036786,200,fa5bbaa12602c6803fc911cd560f3cd567585f7b4703499b433ac2343ab380c5,,true,miss
retained-20260902-68135d3ad33f,S2-100-r08,S2-100,request-094,d4745ce8b0076d85ef4bad6643512dad50425d8f61a49108664596ff785caf3e,f4e44e9f9016,2026-09-02T01:42:06.727641591Z,2026-09-02T01:42:07.111633678Z,383.992094,200,fa5bbaa12602c6803fc911cd560f3cd567585f7b4703499b433ac2343ab380c5,,true,miss
retained-20260902-68135d3ad33f,S2-100-r08,S2-100,request-095,d4745ce8b0076d85ef4bad6643512dad50425d8f61a49108664596ff785caf3e,f4e44e9f9016,2026-09-02T01:42:06.727624438Z,2026-09-02T01:42:07.107140336Z,379.515905,200,fa5bbaa12602c6803fc911cd560f3cd567585f7b4703499b433ac2343ab380c5,,true,miss
retained-20260902-68135d3ad33f,S2-100-r08,S2-100,request-096,d4745ce8b0076d85ef4bad6643512dad50425d8f61a49108664596ff785caf3e,f4e44e9f9016,2026-09-02T01:42:06.727603785Z,2026-09-02T01:42:07.106852561Z,379.248777,200,fa5bbaa12602c6803fc911cd560f3cd567585f7b4703499b433ac2343ab380c5,,true,miss
retained-20260902-68135d3ad33f,S2-100-r08,S2-100,request-097,d4745ce8b0076d85ef4bad6643512dad50425d8f61a49108664596ff785caf3e,f4e44e9f9016,2026-09-02T01:42:06.727574833Z,2026-09-02T01:42:07.106740598Z,379.165772,200,fa5bbaa12602c6803fc911cd560f3cd567585f7b4703499b433ac2343ab380c5,,true,miss
retained-20260902-68135d3ad33f,S2-100-r08,S2-100,request-098,d4745ce8b0076d85ef4bad6643512dad50425d8f61a49108664596ff785caf3e,f4e44e9f9016,2026-09-02T01:42:06.727539508Z,2026-09-02T01:42:07.106600695Z,379.061188,200,fa5bbaa12602c6803fc911cd560f3cd567585f7b4703499b433ac2343ab380c5,,true,miss
retained-20260902-68135d3ad33f,S2-100-r08,S2-100,request-099,d4745ce8b0076d85ef4bad6643512dad50425d8f61a49108664596ff785caf3e,f4e44e9f9016,2026-09-02T01:42:06.727520724Z,2026-09-02T01:42:07.109828173Z,382.307443,200,fa5bbaa12602c6803fc911cd560f3cd567585f7b4703499b433ac2343ab380c5,,true,miss
retained-20260902-68135d3ad33f,S2-100-r08,S2-100,request-100,d4745ce8b0076d85ef4bad6643512dad50425d8f61a49108664596ff785caf3e,f4e44e9f9016,2026-09-02T01:42:06.757706612Z,2026-09-02T01:42:07.107247193Z,349.540581,200,fa5bbaa12602c6803fc911cd560f3cd567585f7b4703499b433ac2343ab380c5,,true,miss
retained-20260902-68135d3ad33f,S0-r09,S0,request-001,d4745ce8b0076d85ef4bad6643512dad50425d8f61a49108664596ff785caf3e,f4e44e9f9016,2026-09-02T01:42:07.484301151Z,2026-09-02T01:42:07.824429736Z,340.128591,200,fa5bbaa12602c6803fc911cd560f3cd567585f7b4703499b433ac2343ab380c5,,false,miss
retained-20260902-68135d3ad33f,S2-10-r09,S2-10,request-001,d4745ce8b0076d85ef4bad6643512dad50425d8f61a49108664596ff785caf3e,f4e44e9f9016,2026-09-02T01:42:08.11535956Z,2026-09-02T01:42:08.437876811Z,322.517247,200,fa5bbaa12602c6803fc911cd560f3cd567585f7b4703499b433ac2343ab380c5,,true,miss
retained-20260902-68135d3ad33f,S2-10-r09,S2-10,request-002,d4745ce8b0076d85ef4bad6643512dad50425d8f61a49108664596ff785caf3e,f4e44e9f9016,2026-09-02T01:42:08.115270316Z,2026-09-02T01:42:08.43792475Z,322.654443,200,fa5bbaa12602c6803fc911cd560f3cd567585f7b4703499b433ac2343ab380c5,,true,miss
retained-20260902-68135d3ad33f,S2-10-r09,S2-10,request-003,d4745ce8b0076d85ef4bad6643512dad50425d8f61a49108664596ff785caf3e,f4e44e9f9016,2026-09-02T01:42:08.11526475Z,2026-09-02T01:42:08.438111015Z,322.846272,200,fa5bbaa12602c6803fc911cd560f3cd567585f7b4703499b433ac2343ab380c5,,true,miss
retained-20260902-68135d3ad33f,S2-10-r09,S2-10,request-004,d4745ce8b0076d85ef4bad6643512dad50425d8f61a49108664596ff785caf3e,f4e44e9f9016,2026-09-02T01:42:08.115225212Z,2026-09-02T01:42:08.437861679Z,322.636469,200,fa5bbaa12602c6803fc911cd560f3cd567585f7b4703499b433ac2343ab380c5,,false,miss
retained-20260902-68135d3ad33f,S2-10-r09,S2-10,request-005,d4745ce8b0076d85ef4bad6643512dad50425d8f61a49108664596ff785caf3e,f4e44e9f9016,2026-09-02T01:42:08.115417014Z,2026-09-02T01:42:08.437993271Z,322.576266,200,fa5bbaa12602c6803fc911cd560f3cd567585f7b4703499b433ac2343ab380c5,,true,miss
retained-20260902-68135d3ad33f,S2-10-r09,S2-10,request-006,d4745ce8b0076d85ef4bad6643512dad50425d8f61a49108664596ff785caf3e,f4e44e9f9016,2026-09-02T01:42:08.11538966Z,2026-09-02T01:42:08.438121033Z,322.731380,200,fa5bbaa12602c6803fc911cd560f3cd567585f7b4703499b433ac2343ab380c5,,true,miss
retained-20260902-68135d3ad33f,S2-10-r09,S2-10,request-007,d4745ce8b0076d85ef4bad6643512dad50425d8f61a49108664596ff785caf3e,f4e44e9f9016,2026-09-02T01:42:08.115362043Z,2026-09-02T01:42:08.438045275Z,322.683238,200,fa5bbaa12602c6803fc911cd560f3cd567585f7b4703499b433ac2343ab380c5,,true,miss
retained-20260902-68135d3ad33f,S2-10-r09,S2-10,request-008,d4745ce8b0076d85ef4bad6643512dad50425d8f61a49108664596ff785caf3e,f4e44e9f9016,2026-09-02T01:42:08.115246329Z,2026-09-02T01:42:08.437933846Z,322.687521,200,fa5bbaa12602c6803fc911cd560f3cd567585f7b4703499b433ac2343ab380c5,,true,miss
retained-20260902-68135d3ad33f,S2-10-r09,S2-10,request-009,d4745ce8b0076d85ef4bad6643512dad50425d8f61a49108664596ff785caf3e,f4e44e9f9016,2026-09-02T01:42:08.115382163Z,2026-09-02T01:42:08.438051045Z,322.668890,200,fa5bbaa12602c6803fc911cd560f3cd567585f7b4703499b433ac2343ab380c5,,true,miss
retained-20260902-68135d3ad33f,S2-10-r09,S2-10,request-010,d4745ce8b0076d85ef4bad6643512dad50425d8f61a49108664596ff785caf3e,f4e44e9f9016,2026-09-02T01:42:08.115446507Z,2026-09-02T01:42:08.437987353Z,322.540851,200,fa5bbaa12602c6803fc911cd560f3cd567585f7b4703499b433ac2343ab380c5,,true,miss
retained-20260902-68135d3ad33f,S1-10-r09,S1-10,request-001,d4745ce8b0076d85ef4bad6643512dad50425d8f61a49108664596ff785caf3e,f4e44e9f9016,2026-09-02T01:42:08.742787935Z,2026-09-02T01:42:10.008946424Z,1266.158494,200,fa5bbaa12602c6803fc911cd560f3cd567585f7b4703499b433ac2343ab380c5,,false,miss
retained-20260902-68135d3ad33f,S1-10-r09,S1-10,request-002,d4745ce8b0076d85ef4bad6643512dad50425d8f61a49108664596ff785caf3e,f4e44e9f9016,2026-09-02T01:42:08.742763671Z,2026-09-02T01:42:11.312285487Z,2569.521818,200,fa5bbaa12602c6803fc911cd560f3cd567585f7b4703499b433ac2343ab380c5,,false,miss
retained-20260902-68135d3ad33f,S1-10-r09,S1-10,request-003,d4745ce8b0076d85ef4bad6643512dad50425d8f61a49108664596ff785caf3e,f4e44e9f9016,2026-09-02T01:42:08.74273859Z,2026-09-02T01:42:10.015658867Z,1272.920282,200,fa5bbaa12602c6803fc911cd560f3cd567585f7b4703499b433ac2343ab380c5,,false,miss
retained-20260902-68135d3ad33f,S1-10-r09,S1-10,request-004,d4745ce8b0076d85ef4bad6643512dad50425d8f61a49108664596ff785caf3e,f4e44e9f9016,2026-09-02T01:42:08.742711011Z,2026-09-02T01:42:12.000928872Z,3258.217866,200,fa5bbaa12602c6803fc911cd560f3cd567585f7b4703499b433ac2343ab380c5,,false,miss
retained-20260902-68135d3ad33f,S1-10-r09,S1-10,request-005,d4745ce8b0076d85ef4bad6643512dad50425d8f61a49108664596ff785caf3e,f4e44e9f9016,2026-09-02T01:42:08.74265985Z,2026-09-02T01:42:11.318791617Z,2576.131769,200,fa5bbaa12602c6803fc911cd560f3cd567585f7b4703499b433ac2343ab380c5,,false,miss
retained-20260902-68135d3ad33f,S1-10-r09,S1-10,request-006,d4745ce8b0076d85ef4bad6643512dad50425d8f61a49108664596ff785caf3e,f4e44e9f9016,2026-09-02T01:42:08.742785034Z,2026-09-02T01:42:12.00094377Z,3258.158749,200,fa5bbaa12602c6803fc911cd560f3cd567585f7b4703499b433ac2343ab380c5,,false,miss
retained-20260902-68135d3ad33f,S1-10-r09,S1-10,request-007,d4745ce8b0076d85ef4bad6643512dad50425d8f61a49108664596ff785caf3e,f4e44e9f9016,2026-09-02T01:42:08.742763312Z,2026-09-02T01:42:10.108777527Z,1366.014223,200,fa5bbaa12602c6803fc911cd560f3cd567585f7b4703499b433ac2343ab380c5,,false,miss
retained-20260902-68135d3ad33f,S1-10-r09,S1-10,request-008,d4745ce8b0076d85ef4bad6643512dad50425d8f61a49108664596ff785caf3e,f4e44e9f9016,2026-09-02T01:42:08.742744671Z,2026-09-02T01:42:11.311468418Z,2568.723763,200,fa5bbaa12602c6803fc911cd560f3cd567585f7b4703499b433ac2343ab380c5,,false,miss
retained-20260902-68135d3ad33f,S1-10-r09,S1-10,request-009,d4745ce8b0076d85ef4bad6643512dad50425d8f61a49108664596ff785caf3e,f4e44e9f9016,2026-09-02T01:42:08.742720968Z,2026-09-02T01:42:10.016385015Z,1273.664050,200,fa5bbaa12602c6803fc911cd560f3cd567585f7b4703499b433ac2343ab380c5,,false,miss
retained-20260902-68135d3ad33f,S1-10-r09,S1-10,request-010,d4745ce8b0076d85ef4bad6643512dad50425d8f61a49108664596ff785caf3e,f4e44e9f9016,2026-09-02T01:42:08.742580572Z,2026-09-02T01:42:11.314542885Z,2571.962315,200,fa5bbaa12602c6803fc911cd560f3cd567585f7b4703499b433ac2343ab380c5,,false,miss
retained-20260902-68135d3ad33f,S1-50-r09,S1-50,request-001,d4745ce8b0076d85ef4bad6643512dad50425d8f61a49108664596ff785caf3e,f4e44e9f9016,2026-09-02T01:42:12.319083014Z,2026-09-02T01:42:29.259984084Z,15195.522339,200,fa5bbaa12602c6803fc911cd560f3cd567585f7b4703499b433ac2343ab380c5,,false,miss
retained-20260902-68135d3ad33f,S1-50-r09,S1-50,request-002,d4745ce8b0076d85ef4bad6643512dad50425d8f61a49108664596ff785caf3e,f4e44e9f9016,2026-09-02T01:42:12.319044285Z,2026-09-02T01:42:21.71016496Z,9391.120682,200,fa5bbaa12602c6803fc911cd560f3cd567585f7b4703499b433ac2343ab380c5,,false,miss
retained-20260902-68135d3ad33f,S1-50-r09,S1-50,request-003,d4745ce8b0076d85ef4bad6643512dad50425d8f61a49108664596ff785caf3e,f4e44e9f9016,2026-09-02T01:42:12.319102032Z,2026-09-02T01:42:25.600582094Z,13281.480070,200,fa5bbaa12602c6803fc911cd560f3cd567585f7b4703499b433ac2343ab380c5,,false,miss
retained-20260902-68135d3ad33f,S1-50-r09,S1-50,request-004,d4745ce8b0076d85ef4bad6643512dad50425d8f61a49108664596ff785caf3e,f4e44e9f9016,2026-09-02T01:42:12.319023905Z,2026-09-02T01:42:13.706558959Z,1387.535060,200,fa5bbaa12602c6803fc911cd560f3cd567585f7b4703499b433ac2343ab380c5,,false,miss
retained-20260902-68135d3ad33f,S1-50-r09,S1-50,request-005,d4745ce8b0076d85ef4bad6643512dad50425d8f61a49108664596ff785caf3e,f4e44e9f9016,2026-09-02T01:42:12.318987481Z,2026-09-02T01:42:23.808238223Z,11489.250751,200,fa5bbaa12602c6803fc911cd560f3cd567585f7b4703499b433ac2343ab380c5,,false,miss
retained-20260902-68135d3ad33f,S1-50-r09,S1-50,request-006,d4745ce8b0076d85ef4bad6643512dad50425d8f61a49108664596ff785caf3e,f4e44e9f9016,2026-09-02T01:42:12.318833931Z,2026-09-02T01:42:20.016001813Z,7697.167887,200,fa5bbaa12602c6803fc911cd560f3cd567585f7b4703499b433ac2343ab380c5,,false,miss
retained-20260902-68135d3ad33f,S1-50-r09,S1-50,request-007,d4745ce8b0076d85ef4bad6643512dad50425d8f61a49108664596ff785caf3e,f4e44e9f9016,2026-09-02T01:42:12.319498837Z,2026-09-02T01:42:18.90995233Z,6590.453491,200,fa5bbaa12602c6803fc911cd560f3cd567585f7b4703499b433ac2343ab380c5,,false,miss
retained-20260902-68135d3ad33f,S1-50-r09,S1-50,request-008,d4745ce8b0076d85ef4bad6643512dad50425d8f61a49108664596ff785caf3e,f4e44e9f9016,2026-09-02T01:42:12.319474492Z,2026-09-02T01:42:17.506941744Z,5187.467257,200,fa5bbaa12602c6803fc911cd560f3cd567585f7b4703499b433ac2343ab380c5,,false,miss
retained-20260902-68135d3ad33f,S1-50-r09,S1-50,request-009,d4745ce8b0076d85ef4bad6643512dad50425d8f61a49108664596ff785caf3e,f4e44e9f9016,2026-09-02T01:42:12.319450147Z,2026-09-02T01:42:16.307767454Z,3988.317292,200,fa5bbaa12602c6803fc911cd560f3cd567585f7b4703499b433ac2343ab380c5,,false,miss
retained-20260902-68135d3ad33f,S1-50-r09,S1-50,request-010,d4745ce8b0076d85ef4bad6643512dad50425d8f61a49108664596ff785caf3e,f4e44e9f9016,2026-09-02T01:42:12.319441862Z,2026-09-02T01:42:30.072400154Z,16007.579558,200,fa5bbaa12602c6803fc911cd560f3cd567585f7b4703499b433ac2343ab380c5,,false,miss
retained-20260902-68135d3ad33f,S1-50-r09,S1-50,request-011,d4745ce8b0076d85ef4bad6643512dad50425d8f61a49108664596ff785caf3e,f4e44e9f9016,2026-09-02T01:42:12.319420309Z,2026-09-02T01:42:25.115570755Z,12796.150452,200,fa5bbaa12602c6803fc911cd560f3cd567585f7b4703499b433ac2343ab380c5,,false,miss
retained-20260902-68135d3ad33f,S1-50-r09,S1-50,request-012,d4745ce8b0076d85ef4bad6643512dad50425d8f61a49108664596ff785caf3e,f4e44e9f9016,2026-09-02T01:42:12.319400416Z,2026-09-02T01:42:24.909667969Z,12590.267559,200,fa5bbaa12602c6803fc911cd560f3cd567585f7b4703499b433ac2343ab380c5,,false,miss
retained-20260902-68135d3ad33f,S1-50-r09,S1-50,request-013,d4745ce8b0076d85ef4bad6643512dad50425d8f61a49108664596ff785caf3e,f4e44e9f9016,2026-09-02T01:42:12.319379428Z,2026-09-02T01:42:18.718127863Z,6398.748440,200,fa5bbaa12602c6803fc911cd560f3cd567585f7b4703499b433ac2343ab380c5,,false,miss
retained-20260902-68135d3ad33f,S1-50-r09,S1-50,request-014,d4745ce8b0076d85ef4bad6643512dad50425d8f61a49108664596ff785caf3e,f4e44e9f9016,2026-09-02T01:42:12.319355295Z,2026-09-02T01:42:17.514750827Z,5195.395542,200,fa5bbaa12602c6803fc911cd560f3cd567585f7b4703499b433ac2343ab380c5,,false,miss
retained-20260902-68135d3ad33f,S1-50-r09,S1-50,request-015,d4745ce8b0076d85ef4bad6643512dad50425d8f61a49108664596ff785caf3e,f4e44e9f9016,2026-09-02T01:42:12.319319592Z,2026-09-02T01:42:16.207397055Z,3888.077468,200,fa5bbaa12602c6803fc911cd560f3cd567585f7b4703499b433ac2343ab380c5,,false,miss
retained-20260902-68135d3ad33f,S1-50-r09,S1-50,request-016,d4745ce8b0076d85ef4bad6643512dad50425d8f61a49108664596ff785caf3e,f4e44e9f9016,2026-09-02T01:42:12.319298399Z,2026-09-02T01:42:16.212175873Z,3892.877480,200,fa5bbaa12602c6803fc911cd560f3cd567585f7b4703499b433ac2343ab380c5,,false,miss
retained-20260902-68135d3ad33f,S1-50-r09,S1-50,request-017,d4745ce8b0076d85ef4bad6643512dad50425d8f61a49108664596ff785caf3e,f4e44e9f9016,2026-09-02T01:42:12.319265552Z,2026-09-02T01:42:26.10638761Z,13787.122063,200,fa5bbaa12602c6803fc911cd560f3cd567585f7b4703499b433ac2343ab380c5,,false,miss
retained-20260902-68135d3ad33f,S1-50-r09,S1-50,request-018,d4745ce8b0076d85ef4bad6643512dad50425d8f61a49108664596ff785caf3e,f4e44e9f9016,2026-09-02T01:42:12.319234443Z,2026-09-02T01:42:25.303511156Z,12984.276716,200,fa5bbaa12602c6803fc911cd560f3cd567585f7b4703499b433ac2343ab380c5,,false,miss
retained-20260902-68135d3ad33f,S1-50-r09,S1-50,request-019,d4745ce8b0076d85ef4bad6643512dad50425d8f61a49108664596ff785caf3e,f4e44e9f9016,2026-09-02T01:42:12.319212963Z,2026-09-02T01:42:24.007559427Z,11688.346465,200,fa5bbaa12602c6803fc911cd560f3cd567585f7b4703499b433ac2343ab380c5,,false,miss
retained-20260902-68135d3ad33f,S1-50-r09,S1-50,request-020,d4745ce8b0076d85ef4bad6643512dad50425d8f61a49108664596ff785caf3e,f4e44e9f9016,2026-09-02T01:42:12.319192316Z,2026-09-02T01:42:15.029235018Z,2710.042702,200,fa5bbaa12602c6803fc911cd560f3cd567585f7b4703499b433ac2343ab380c5,,false,miss
retained-20260902-68135d3ad33f,S1-50-r09,S1-50,request-021,d4745ce8b0076d85ef4bad6643512dad50425d8f61a49108664596ff785caf3e,f4e44e9f9016,2026-09-02T01:42:12.319164785Z,2026-09-02T01:42:23.717414006Z,11398.249224,200,fa5bbaa12602c6803fc911cd560f3cd567585f7b4703499b433ac2343ab380c5,,false,miss
retained-20260902-68135d3ad33f,S1-50-r09,S1-50,request-022,d4745ce8b0076d85ef4bad6643512dad50425d8f61a49108664596ff785caf3e,f4e44e9f9016,2026-09-02T01:42:12.319130389Z,2026-09-02T01:42:21.507580026Z,9188.449646,200,fa5bbaa12602c6803fc911cd560f3cd567585f7b4703499b433ac2343ab380c5,,false,miss
retained-20260902-68135d3ad33f,S1-50-r09,S1-50,request-023,d4745ce8b0076d85ef4bad6643512dad50425d8f61a49108664596ff785caf3e,f4e44e9f9016,2026-09-02T01:42:12.319110336Z,2026-09-02T01:42:20.119455873Z,7800.345546,200,fa5bbaa12602c6803fc911cd560f3cd567585f7b4703499b433ac2343ab380c5,,false,miss
retained-20260902-68135d3ad33f,S1-50-r09,S1-50,request-024,d4745ce8b0076d85ef4bad6643512dad50425d8f61a49108664596ff785caf3e,f4e44e9f9016,2026-09-02T01:42:12.319088355Z,2026-09-02T01:42:29.549712469Z,15485.245383,200,fa5bbaa12602c6803fc911cd560f3cd567585f7b4703499b433ac2343ab380c5,,false,miss
retained-20260902-68135d3ad33f,S1-50-r09,S1-50,request-025,d4745ce8b0076d85ef4bad6643512dad50425d8f61a49108664596ff785caf3e,f4e44e9f9016,2026-09-02T01:42:12.31906098Z,2026-09-02T01:42:21.30858233Z,8989.521356,200,fa5bbaa12602c6803fc911cd560f3cd567585f7b4703499b433ac2343ab380c5,,false,miss
retained-20260902-68135d3ad33f,S1-50-r09,S1-50,request-026,d4745ce8b0076d85ef4bad6643512dad50425d8f61a49108664596ff785caf3e,f4e44e9f9016,2026-09-02T01:42:12.319031469Z,2026-09-02T01:42:14.909043384Z,2590.011915,200,fa5bbaa12602c6803fc911cd560f3cd567585f7b4703499b433ac2343ab380c5,,false,miss
retained-20260902-68135d3ad33f,S1-50-r09,S1-50,request-027,d4745ce8b0076d85ef4bad6643512dad50425d8f61a49108664596ff785caf3e,f4e44e9f9016,2026-09-02T01:42:12.318985765Z,2026-09-02T01:42:13.714633247Z,1395.647480,200,fa5bbaa12602c6803fc911cd560f3cd567585f7b4703499b433ac2343ab380c5,,false,miss
retained-20260902-68135d3ad33f,S1-50-r09,S1-50,request-028,d4745ce8b0076d85ef4bad6643512dad50425d8f61a49108664596ff785caf3e,f4e44e9f9016,2026-09-02T01:42:12.318888135Z,2026-09-02T01:42:13.813345796Z,1494.457669,200,fa5bbaa12602c6803fc911cd560f3cd567585f7b4703499b433ac2343ab380c5,,false,miss
retained-20260902-68135d3ad33f,S1-50-r09,S1-50,request-029,d4745ce8b0076d85ef4bad6643512dad50425d8f61a49108664596ff785caf3e,f4e44e9f9016,2026-09-02T01:42:12.318881659Z,2026-09-02T01:42:14.920944091Z,2602.062436,200,fa5bbaa12602c6803fc911cd560f3cd567585f7b4703499b433ac2343ab380c5,,false,miss
retained-20260902-68135d3ad33f,S1-50-r09,S1-50,request-030,d4745ce8b0076d85ef4bad6643512dad50425d8f61a49108664596ff785caf3e,f4e44e9f9016,2026-09-02T01:42:12.318856575Z,2026-09-02T01:42:13.702862766Z,1384.006196,200,fa5bbaa12602c6803fc911cd560f3cd567585f7b4703499b433ac2343ab380c5,,false,miss
retained-20260902-68135d3ad33f,S1-50-r09,S1-50,request-031,d4745ce8b0076d85ef4bad6643512dad50425d8f61a49108664596ff785caf3e,f4e44e9f9016,2026-09-02T01:42:12.319547895Z,2026-09-02T01:42:20.010136923Z,7690.589035,200,fa5bbaa12602c6803fc911cd560f3cd567585f7b4703499b433ac2343ab380c5,,false,miss
retained-20260902-68135d3ad33f,S1-50-r09,S1-50,request-032,d4745ce8b0076d85ef4bad6643512dad50425d8f61a49108664596ff785caf3e,f4e44e9f9016,2026-09-02T01:42:12.319526703Z,2026-09-02T01:42:19.007836206Z,6688.309511,200,fa5bbaa12602c6803fc911cd560f3cd567585f7b4703499b433ac2343ab380c5,,false,miss
retained-20260902-68135d3ad33f,S1-50-r09,S1-50,request-033,d4745ce8b0076d85ef4bad6643512dad50425d8f61a49108664596ff785caf3e,f4e44e9f9016,2026-09-02T01:42:12.319507626Z,2026-09-02T01:42:30.071168643Z,16006.282286,200,fa5bbaa12602c6803fc911cd560f3cd567585f7b4703499b433ac2343ab380c5,,false,miss
retained-20260902-68135d3ad33f,S1-50-r09,S1-50,request-034,d4745ce8b0076d85ef4bad6643512dad50425d8f61a49108664596ff785caf3e,f4e44e9f9016,2026-09-02T01:42:12.319484444Z,2026-09-02T01:42:18.712574568Z,6393.090126,200,fa5bbaa12602c6803fc911cd560f3cd567585f7b4703499b433ac2343ab380c5,,false,miss
retained-20260902-68135d3ad33f,S1-50-r09,S1-50,request-035,d4745ce8b0076d85ef4bad6643512dad50425d8f61a49108664596ff785caf3e,f4e44e9f9016,2026-09-02T01:42:12.31946496Z,2026-09-02T01:42:17.40047099Z,5081.006034,200,fa5bbaa12602c6803fc911cd560f3cd567585f7b4703499b433ac2343ab380c5,,false,miss
retained-20260902-68135d3ad33f,S1-50-r09,S1-50,request-036,d4745ce8b0076d85ef4bad6643512dad50425d8f61a49108664596ff785caf3e,f4e44e9f9016,2026-09-02T01:42:12.319440355Z,2026-09-02T01:42:20.408506294Z,8089.065948,200,fa5bbaa12602c6803fc911cd560f3cd567585f7b4703499b433ac2343ab380c5,,false,miss
retained-20260902-68135d3ad33f,S1-50-r09,S1-50,request-037,d4745ce8b0076d85ef4bad6643512dad50425d8f61a49108664596ff785caf3e,f4e44e9f9016,2026-09-02T01:42:12.319423256Z,2026-09-02T01:42:26.315178203Z,13995.754949,200,fa5bbaa12602c6803fc911cd560f3cd567585f7b4703499b433ac2343ab380c5,,false,miss
retained-20260902-68135d3ad33f,S1-50-r09,S1-50,request-038,d4745ce8b0076d85ef4bad6643512dad50425d8f61a49108664596ff785caf3e,f4e44e9f9016,2026-09-02T01:42:12.319406226Z,2026-09-02T01:42:26.608719563Z,14289.313345,200,fa5bbaa12602c6803fc911cd560f3cd567585f7b4703499b433ac2343ab380c5,,false,miss
retained-20260902-68135d3ad33f,S1-50-r09,S1-50,request-039,d4745ce8b0076d85ef4bad6643512dad50425d8f61a49108664596ff785caf3e,f4e44e9f9016,2026-09-02T01:42:12.319387281Z,2026-09-02T01:42:22.520575719Z,10201.188440,200,fa5bbaa12602c6803fc911cd560f3cd567585f7b4703499b433ac2343ab380c5,,false,miss
retained-20260902-68135d3ad33f,S1-50-r09,S1-50,request-040,d4745ce8b0076d85ef4bad6643512dad50425d8f61a49108664596ff785caf3e,f4e44e9f9016,2026-09-02T01:42:12.319368154Z,2026-09-02T01:42:22.905583754Z,10586.215601,200,fa5bbaa12602c6803fc911cd560f3cd567585f7b4703499b433ac2343ab380c5,,false,miss
retained-20260902-68135d3ad33f,S1-50-r09,S1-50,request-041,d4745ce8b0076d85ef4bad6643512dad50425d8f61a49108664596ff785caf3e,f4e44e9f9016,2026-09-02T01:42:12.319344215Z,2026-09-02T01:42:17.506240047Z,5186.895832,200,fa5bbaa12602c6803fc911cd560f3cd567585f7b4703499b433ac2343ab380c5,,false,miss
retained-20260902-68135d3ad33f,S1-50-r09,S1-50,request-042,d4745ce8b0076d85ef4bad6643512dad50425d8f61a49108664596ff785caf3e,f4e44e9f9016,2026-09-02T01:42:12.31931192Z,2026-09-02T01:42:16.216528273Z,3897.216354,200,fa5bbaa12602c6803fc911cd560f3cd567585f7b4703499b433ac2343ab380c5,,false,miss
retained-20260902-68135d3ad33f,S1-50-r09,S1-50,request-043,d4745ce8b0076d85ef4bad6643512dad50425d8f61a49108664596ff785caf3e,f4e44e9f9016,2026-09-02T01:42:12.319280273Z,2026-09-02T01:42:22.808570449Z,10489.290175,200,fa5bbaa12602c6803fc911cd560f3cd567585f7b4703499b433ac2343ab380c5,,false,miss
retained-20260902-68135d3ad33f,S1-50-r09,S1-50,request-044,d4745ce8b0076d85ef4bad6643512dad50425d8f61a49108664596ff785caf3e,f4e44e9f9016,2026-09-02T01:42:12.319238586Z,2026-09-02T01:42:24.221750624Z,11902.512045,200,fa5bbaa12602c6803fc911cd560f3cd567585f7b4703499b433ac2343ab380c5,,false,miss
retained-20260902-68135d3ad33f,S1-50-r09,S1-50,request-045,d4745ce8b0076d85ef4bad6643512dad50425d8f61a49108664596ff785caf3e,f4e44e9f9016,2026-09-02T01:42:12.319222565Z,2026-09-02T01:42:15.016309041Z,2697.086482,200,fa5bbaa12602c6803fc911cd560f3cd567585f7b4703499b433ac2343ab380c5,,false,miss
retained-20260902-68135d3ad33f,S1-50-r09,S1-50,request-046,d4745ce8b0076d85ef4bad6643512dad50425d8f61a49108664596ff785caf3e,f4e44e9f9016,2026-09-02T01:42:12.319204713Z,2026-09-02T01:42:29.747599116Z,15683.015668,200,fa5bbaa12602c6803fc911cd560f3cd567585f7b4703499b433ac2343ab380c5,,false,miss
retained-20260902-68135d3ad33f,S1-50-r09,S1-50,request-047,d4745ce8b0076d85ef4bad6643512dad50425d8f61a49108664596ff785caf3e,f4e44e9f9016,2026-09-02T01:42:12.319158271Z,2026-09-02T01:42:22.60999801Z,10290.839751,200,fa5bbaa12602c6803fc911cd560f3cd567585f7b4703499b433ac2343ab380c5,,false,miss
retained-20260902-68135d3ad33f,S1-50-r09,S1-50,request-048,d4745ce8b0076d85ef4bad6643512dad50425d8f61a49108664596ff785caf3e,f4e44e9f9016,2026-09-02T01:42:12.31913641Z,2026-09-02T01:42:21.303606776Z,8984.470406,200,fa5bbaa12602c6803fc911cd560f3cd567585f7b4703499b433ac2343ab380c5,,false,miss
retained-20260902-68135d3ad33f,S1-50-r09,S1-50,request-049,d4745ce8b0076d85ef4bad6643512dad50425d8f61a49108664596ff785caf3e,f4e44e9f9016,2026-09-02T01:42:12.319119475Z,2026-09-02T01:42:26.812167217Z,14493.047745,200,fa5bbaa12602c6803fc911cd560f3cd567585f7b4703499b433ac2343ab380c5,,false,miss
retained-20260902-68135d3ad33f,S1-50-r09,S1-50,request-050,d4745ce8b0076d85ef4bad6643512dad50425d8f61a49108664596ff785caf3e,f4e44e9f9016,2026-09-02T01:42:12.319521712Z,2026-09-02T01:42:29.260897143Z,15195.996700,200,fa5bbaa12602c6803fc911cd560f3cd567585f7b4703499b433ac2343ab380c5,,false,miss
retained-20260902-68135d3ad33f,S2-50-r09,S2-50,request-001,d4745ce8b0076d85ef4bad6643512dad50425d8f61a49108664596ff785caf3e,f4e44e9f9016,2026-09-02T01:42:30.586626531Z,2026-09-02T01:42:30.918450449Z,331.823917,200,fa5bbaa12602c6803fc911cd560f3cd567585f7b4703499b433ac2343ab380c5,,true,miss
retained-20260902-68135d3ad33f,S2-50-r09,S2-50,request-002,d4745ce8b0076d85ef4bad6643512dad50425d8f61a49108664596ff785caf3e,f4e44e9f9016,2026-09-02T01:42:30.586600313Z,2026-09-02T01:42:30.919786561Z,333.186254,200,fa5bbaa12602c6803fc911cd560f3cd567585f7b4703499b433ac2343ab380c5,,true,miss
retained-20260902-68135d3ad33f,S2-50-r09,S2-50,request-003,d4745ce8b0076d85ef4bad6643512dad50425d8f61a49108664596ff785caf3e,f4e44e9f9016,2026-09-02T01:42:30.586578869Z,2026-09-02T01:42:30.920713775Z,334.134913,200,fa5bbaa12602c6803fc911cd560f3cd567585f7b4703499b433ac2343ab380c5,,true,miss
retained-20260902-68135d3ad33f,S2-50-r09,S2-50,request-004,d4745ce8b0076d85ef4bad6643512dad50425d8f61a49108664596ff785caf3e,f4e44e9f9016,2026-09-02T01:42:30.586560113Z,2026-09-02T01:42:30.920016096Z,333.455990,200,fa5bbaa12602c6803fc911cd560f3cd567585f7b4703499b433ac2343ab380c5,,true,miss
retained-20260902-68135d3ad33f,S2-50-r09,S2-50,request-005,d4745ce8b0076d85ef4bad6643512dad50425d8f61a49108664596ff785caf3e,f4e44e9f9016,2026-09-02T01:42:30.586659109Z,2026-09-02T01:42:30.918625835Z,331.966727,200,fa5bbaa12602c6803fc911cd560f3cd567585f7b4703499b433ac2343ab380c5,,true,miss
retained-20260902-68135d3ad33f,S2-50-r09,S2-50,request-006,d4745ce8b0076d85ef4bad6643512dad50425d8f61a49108664596ff785caf3e,f4e44e9f9016,2026-09-02T01:42:30.586283714Z,2026-09-02T01:42:30.920835377Z,334.551662,200,fa5bbaa12602c6803fc911cd560f3cd567585f7b4703499b433ac2343ab380c5,,true,miss
retained-20260902-68135d3ad33f,S2-50-r09,S2-50,request-007,d4745ce8b0076d85ef4bad6643512dad50425d8f61a49108664596ff785caf3e,f4e44e9f9016,2026-09-02T01:42:30.586538948Z,2026-09-02T01:42:30.918995373Z,332.456428,200,fa5bbaa12602c6803fc911cd560f3cd567585f7b4703499b433ac2343ab380c5,,true,miss
retained-20260902-68135d3ad33f,S2-50-r09,S2-50,request-008,d4745ce8b0076d85ef4bad6643512dad50425d8f61a49108664596ff785caf3e,f4e44e9f9016,2026-09-02T01:42:30.586494943Z,2026-09-02T01:42:30.919909082Z,333.414138,200,fa5bbaa12602c6803fc911cd560f3cd567585f7b4703499b433ac2343ab380c5,,true,miss
retained-20260902-68135d3ad33f,S2-50-r09,S2-50,request-009,d4745ce8b0076d85ef4bad6643512dad50425d8f61a49108664596ff785caf3e,f4e44e9f9016,2026-09-02T01:42:30.586345277Z,2026-09-02T01:42:30.920011194Z,333.665916,200,fa5bbaa12602c6803fc911cd560f3cd567585f7b4703499b433ac2343ab380c5,,true,miss
retained-20260902-68135d3ad33f,S2-50-r09,S2-50,request-010,d4745ce8b0076d85ef4bad6643512dad50425d8f61a49108664596ff785caf3e,f4e44e9f9016,2026-09-02T01:42:30.586944929Z,2026-09-02T01:42:30.918808364Z,331.863441,200,fa5bbaa12602c6803fc911cd560f3cd567585f7b4703499b433ac2343ab380c5,,true,miss
retained-20260902-68135d3ad33f,S2-50-r09,S2-50,request-011,d4745ce8b0076d85ef4bad6643512dad50425d8f61a49108664596ff785caf3e,f4e44e9f9016,2026-09-02T01:42:30.586925855Z,2026-09-02T01:42:30.918515094Z,331.589248,200,fa5bbaa12602c6803fc911cd560f3cd567585f7b4703499b433ac2343ab380c5,,true,miss
retained-20260902-68135d3ad33f,S2-50-r09,S2-50,request-012,d4745ce8b0076d85ef4bad6643512dad50425d8f61a49108664596ff785caf3e,f4e44e9f9016,2026-09-02T01:42:30.586907928Z,2026-09-02T01:42:30.919962741Z,333.054813,200,fa5bbaa12602c6803fc911cd560f3cd567585f7b4703499b433ac2343ab380c5,,true,miss
retained-20260902-68135d3ad33f,S2-50-r09,S2-50,request-013,d4745ce8b0076d85ef4bad6643512dad50425d8f61a49108664596ff785caf3e,f4e44e9f9016,2026-09-02T01:42:30.586891951Z,2026-09-02T01:42:30.920802946Z,333.910995,200,fa5bbaa12602c6803fc911cd560f3cd567585f7b4703499b433ac2343ab380c5,,true,miss
retained-20260902-68135d3ad33f,S2-50-r09,S2-50,request-014,d4745ce8b0076d85ef4bad6643512dad50425d8f61a49108664596ff785caf3e,f4e44e9f9016,2026-09-02T01:42:30.586874273Z,2026-09-02T01:42:30.919072964Z,332.198691,200,fa5bbaa12602c6803fc911cd560f3cd567585f7b4703499b433ac2343ab380c5,,true,miss
retained-20260902-68135d3ad33f,S2-50-r09,S2-50,request-015,d4745ce8b0076d85ef4bad6643512dad50425d8f61a49108664596ff785caf3e,f4e44e9f9016,2026-09-02T01:42:30.586838976Z,2026-09-02T01:42:30.91891477Z,332.075796,200,fa5bbaa12602c6803fc911cd560f3cd567585f7b4703499b433ac2343ab380c5,,true,miss
retained-20260902-68135d3ad33f,S2-50-r09,S2-50,request-016,d4745ce8b0076d85ef4bad6643512dad50425d8f61a49108664596ff785caf3e,f4e44e9f9016,2026-09-02T01:42:30.586809753Z,2026-09-02T01:42:30.920264289Z,333.454543,200,fa5bbaa12602c6803fc911cd560f3cd567585f7b4703499b433ac2343ab380c5,,true,miss
retained-20260902-68135d3ad33f,S2-50-r09,S2-50,request-017,d4745ce8b0076d85ef4bad6643512dad50425d8f61a49108664596ff785caf3e,f4e44e9f9016,2026-09-02T01:42:30.586778143Z,2026-09-02T01:42:30.918794164Z,332.016028,200,fa5bbaa12602c6803fc911cd560f3cd567585f7b4703499b433ac2343ab380c5,,true,miss
retained-20260902-68135d3ad33f,S2-50-r09,S2-50,request-018,d4745ce8b0076d85ef4bad6643512dad50425d8f61a49108664596ff785caf3e,f4e44e9f9016,2026-09-02T01:42:30.586747429Z,2026-09-02T01:42:30.918426647Z,331.679226,200,fa5bbaa12602c6803fc911cd560f3cd567585f7b4703499b433ac2343ab380c5,,true,miss
retained-20260902-68135d3ad33f,S2-50-r09,S2-50,request-019,d4745ce8b0076d85ef4bad6643512dad50425d8f61a49108664596ff785caf3e,f4e44e9f9016,2026-09-02T01:42:30.586719107Z,2026-09-02T01:42:30.920797153Z,334.078056,200,fa5bbaa12602c6803fc911cd560f3cd567585f7b4703499b433ac2343ab380c5,,true,miss
retained-20260902-68135d3ad33f,S2-50-r09,S2-50,request-020,d4745ce8b0076d85ef4bad6643512dad50425d8f61a49108664596ff785caf3e,f4e44e9f9016,2026-09-02T01:42:30.586696475Z,2026-09-02T01:42:30.920208332Z,333.511858,200,fa5bbaa12602c6803fc911cd560f3cd567585f7b4703499b433ac2343ab380c5,,true,miss
retained-20260902-68135d3ad33f,S2-50-r09,S2-50,request-021,d4745ce8b0076d85ef4bad6643512dad50425d8f61a49108664596ff785caf3e,f4e44e9f9016,2026-09-02T01:42:30.5866782Z,2026-09-02T01:42:30.918922091Z,332.243892,200,fa5bbaa12602c6803fc911cd560f3cd567585f7b4703499b433ac2343ab380c5,,true,miss
retained-20260902-68135d3ad33f,S2-50-r09,S2-50,request-022,d4745ce8b0076d85ef4bad6643512dad50425d8f61a49108664596ff785caf3e,f4e44e9f9016,2026-09-02T01:42:30.586281067Z,2026-09-02T01:42:30.918713651Z,332.432595,200,fa5bbaa12602c6803fc911cd560f3cd567585f7b4703499b433ac2343ab380c5,,true,miss
retained-20260902-68135d3ad33f,S2-50-r09,S2-50,request-023,d4745ce8b0076d85ef4bad6643512dad50425d8f61a49108664596ff785caf3e,f4e44e9f9016,2026-09-02T01:42:30.586958893Z,2026-09-02T01:42:30.918864364Z,331.905477,200,fa5bbaa12602c6803fc911cd560f3cd567585f7b4703499b433ac2343ab380c5,,true,miss
retained-20260902-68135d3ad33f,S2-50-r09,S2-50,request-024,d4745ce8b0076d85ef4bad6643512dad50425d8f61a49108664596ff785caf3e,f4e44e9f9016,2026-09-02T01:42:30.586938521Z,2026-09-02T01:42:30.918678178Z,331.739664,200,fa5bbaa12602c6803fc911cd560f3cd567585f7b4703499b433ac2343ab380c5,,true,miss
retained-20260902-68135d3ad33f,S2-50-r09,S2-50,request-025,d4745ce8b0076d85ef4bad6643512dad50425d8f61a49108664596ff785caf3e,f4e44e9f9016,2026-09-02T01:42:30.586915238Z,2026-09-02T01:42:30.918388459Z,331.473230,200,fa5bbaa12602c6803fc911cd560f3cd567585f7b4703499b433ac2343ab380c5,,true,miss
retained-20260902-68135d3ad33f,S2-50-r09,S2-50,request-026,d4745ce8b0076d85ef4bad6643512dad50425d8f61a49108664596ff785caf3e,f4e44e9f9016,2026-09-02T01:42:30.586895249Z,2026-09-02T01:42:30.919854097Z,332.958854,200,fa5bbaa12602c6803fc911cd560f3cd567585f7b4703499b433ac2343ab380c5,,true,miss
retained-20260902-68135d3ad33f,S2-50-r09,S2-50,request-027,d4745ce8b0076d85ef4bad6643512dad50425d8f61a49108664596ff785caf3e,f4e44e9f9016,2026-09-02T01:42:30.586873612Z,2026-09-02T01:42:30.920654945Z,333.781332,200,fa5bbaa12602c6803fc911cd560f3cd567585f7b4703499b433ac2343ab380c5,,true,miss
retained-20260902-68135d3ad33f,S2-50-r09,S2-50,request-028,d4745ce8b0076d85ef4bad6643512dad50425d8f61a49108664596ff785caf3e,f4e44e9f9016,2026-09-02T01:42:30.586843456Z,2026-09-02T01:42:30.918544966Z,331.701517,200,fa5bbaa12602c6803fc911cd560f3cd567585f7b4703499b433ac2343ab380c5,,true,miss
retained-20260902-68135d3ad33f,S2-50-r09,S2-50,request-029,d4745ce8b0076d85ef4bad6643512dad50425d8f61a49108664596ff785caf3e,f4e44e9f9016,2026-09-02T01:42:30.586822607Z,2026-09-02T01:42:30.919900997Z,333.078399,200,fa5bbaa12602c6803fc911cd560f3cd567585f7b4703499b433ac2343ab380c5,,true,miss
retained-20260902-68135d3ad33f,S2-50-r09,S2-50,request-030,d4745ce8b0076d85ef4bad6643512dad50425d8f61a49108664596ff785caf3e,f4e44e9f9016,2026-09-02T01:42:30.586794937Z,2026-09-02T01:42:30.920755358Z,333.960428,200,fa5bbaa12602c6803fc911cd560f3cd567585f7b4703499b433ac2343ab380c5,,true,miss
retained-20260902-68135d3ad33f,S2-50-r09,S2-50,request-031,d4745ce8b0076d85ef4bad6643512dad50425d8f61a49108664596ff785caf3e,f4e44e9f9016,2026-09-02T01:42:30.586772013Z,2026-09-02T01:42:30.918658652Z,331.886646,200,fa5bbaa12602c6803fc911cd560f3cd567585f7b4703499b433ac2343ab380c5,,true,miss
retained-20260902-68135d3ad33f,S2-50-r09,S2-50,request-032,d4745ce8b0076d85ef4bad6643512dad50425d8f61a49108664596ff785caf3e,f4e44e9f9016,2026-09-02T01:42:30.586740298Z,2026-09-02T01:42:30.918320719Z,331.580428,200,fa5bbaa12602c6803fc911cd560f3cd567585f7b4703499b433ac2343ab380c5,,true,miss
retained-20260902-68135d3ad33f,S2-50-r09,S2-50,request-033,d4745ce8b0076d85ef4bad6643512dad50425d8f61a49108664596ff785caf3e,f4e44e9f9016,2026-09-02T01:42:30.586711872Z,2026-09-02T01:42:30.920366943Z,333.655079,200,fa5bbaa12602c6803fc911cd560f3cd567585f7b4703499b433ac2343ab380c5,,true,miss
retained-20260902-68135d3ad33f,S2-50-r09,S2-50,request-034,d4745ce8b0076d85ef4bad6643512dad50425d8f61a49108664596ff785caf3e,f4e44e9f9016,2026-09-02T01:42:30.586685723Z,2026-09-02T01:42:30.918488964Z,331.803241,200,fa5bbaa12602c6803fc911cd560f3cd567585f7b4703499b433ac2343ab380c5,,true,miss
retained-20260902-68135d3ad33f,S2-50-r09,S2-50,request-035,d4745ce8b0076d85ef4bad6643512dad50425d8f61a49108664596ff785caf3e,f4e44e9f9016,2026-09-02T01:42:30.586664238Z,2026-09-02T01:42:30.918733006Z,332.068762,200,fa5bbaa12602c6803fc911cd560f3cd567585f7b4703499b433ac2343ab380c5,,true,miss
retained-20260902-68135d3ad33f,S2-50-r09,S2-50,request-036,d4745ce8b0076d85ef4bad6643512dad50425d8f61a49108664596ff785caf3e,f4e44e9f9016,2026-09-02T01:42:30.58663121Z,2026-09-02T01:42:30.918570714Z,331.939510,200,fa5bbaa12602c6803fc911cd560f3cd567585f7b4703499b433ac2343ab380c5,,true,miss
retained-20260902-68135d3ad33f,S2-50-r09,S2-50,request-037,d4745ce8b0076d85ef4bad6643512dad50425d8f61a49108664596ff785caf3e,f4e44e9f9016,2026-09-02T01:42:30.586609924Z,2026-09-02T01:42:30.918367037Z,331.757122,200,fa5bbaa12602c6803fc911cd560f3cd567585f7b4703499b433ac2343ab380c5,,true,miss
retained-20260902-68135d3ad33f,S2-50-r09,S2-50,request-038,d4745ce8b0076d85ef4bad6643512dad50425d8f61a49108664596ff785caf3e,f4e44e9f9016,2026-09-02T01:42:30.58660118Z,2026-09-02T01:42:30.91829263Z,331.691459,200,fa5bbaa12602c6803fc911cd560f3cd567585f7b4703499b433ac2343ab380c5,,true,miss
retained-20260902-68135d3ad33f,S2-50-r09,S2-50,request-039,d4745ce8b0076d85ef4bad6643512dad50425d8f61a49108664596ff785caf3e,f4e44e9f9016,2026-09-02T01:42:30.586575191Z,2026-09-02T01:42:30.920849545Z,334.274357,200,fa5bbaa12602c6803fc911cd560f3cd567585f7b4703499b433ac2343ab380c5,,true,miss
retained-20260902-68135d3ad33f,S2-50-r09,S2-50,request-040,d4745ce8b0076d85ef4bad6643512dad50425d8f61a49108664596ff785caf3e,f4e44e9f9016,2026-09-02T01:42:30.586552599Z,2026-09-02T01:42:30.920619837Z,334.067243,200,fa5bbaa12602c6803fc911cd560f3cd567585f7b4703499b433ac2343ab380c5,,true,miss
retained-20260902-68135d3ad33f,S2-50-r09,S2-50,request-041,d4745ce8b0076d85ef4bad6643512dad50425d8f61a49108664596ff785caf3e,f4e44e9f9016,2026-09-02T01:42:30.586528037Z,2026-09-02T01:42:30.918851895Z,332.323865,200,fa5bbaa12602c6803fc911cd560f3cd567585f7b4703499b433ac2343ab380c5,,true,miss
retained-20260902-68135d3ad33f,S2-50-r09,S2-50,request-042,d4745ce8b0076d85ef4bad6643512dad50425d8f61a49108664596ff785caf3e,f4e44e9f9016,2026-09-02T01:42:30.586508588Z,2026-09-02T01:42:30.91946905Z,332.960466,200,fa5bbaa12602c6803fc911cd560f3cd567585f7b4703499b433ac2343ab380c5,,true,miss
retained-20260902-68135d3ad33f,S2-50-r09,S2-50,request-043,d4745ce8b0076d85ef4bad6643512dad50425d8f61a49108664596ff785caf3e,f4e44e9f9016,2026-09-02T01:42:30.586476225Z,2026-09-02T01:42:30.918996288Z,332.520069,200,fa5bbaa12602c6803fc911cd560f3cd567585f7b4703499b433ac2343ab380c5,,true,miss
retained-20260902-68135d3ad33f,S2-50-r09,S2-50,request-044,d4745ce8b0076d85ef4bad6643512dad50425d8f61a49108664596ff785caf3e,f4e44e9f9016,2026-09-02T01:42:30.586452106Z,2026-09-02T01:42:30.917036522Z,330.584422,200,fa5bbaa12602c6803fc911cd560f3cd567585f7b4703499b433ac2343ab380c5,,false,miss
retained-20260902-68135d3ad33f,S2-50-r09,S2-50,request-045,d4745ce8b0076d85ef4bad6643512dad50425d8f61a49108664596ff785caf3e,f4e44e9f9016,2026-09-02T01:42:30.586426298Z,2026-09-02T01:42:30.91860739Z,332.181092,200,fa5bbaa12602c6803fc911cd560f3cd567585f7b4703499b433ac2343ab380c5,,true,miss
retained-20260902-68135d3ad33f,S2-50-r09,S2-50,request-046,d4745ce8b0076d85ef4bad6643512dad50425d8f61a49108664596ff785caf3e,f4e44e9f9016,2026-09-02T01:42:30.586330654Z,2026-09-02T01:42:30.920679636Z,334.348981,200,fa5bbaa12602c6803fc911cd560f3cd567585f7b4703499b433ac2343ab380c5,,true,miss
retained-20260902-68135d3ad33f,S2-50-r09,S2-50,request-047,d4745ce8b0076d85ef4bad6643512dad50425d8f61a49108664596ff785caf3e,f4e44e9f9016,2026-09-02T01:42:30.587019381Z,2026-09-02T01:42:30.920739695Z,333.720312,200,fa5bbaa12602c6803fc911cd560f3cd567585f7b4703499b433ac2343ab380c5,,true,miss
retained-20260902-68135d3ad33f,S2-50-r09,S2-50,request-048,d4745ce8b0076d85ef4bad6643512dad50425d8f61a49108664596ff785caf3e,f4e44e9f9016,2026-09-02T01:42:30.586987505Z,2026-09-02T01:42:30.919955435Z,332.967937,200,fa5bbaa12602c6803fc911cd560f3cd567585f7b4703499b433ac2343ab380c5,,true,miss
retained-20260902-68135d3ad33f,S2-50-r09,S2-50,request-049,d4745ce8b0076d85ef4bad6643512dad50425d8f61a49108664596ff785caf3e,f4e44e9f9016,2026-09-02T01:42:30.586964392Z,2026-09-02T01:42:30.919075126Z,332.110736,200,fa5bbaa12602c6803fc911cd560f3cd567585f7b4703499b433ac2343ab380c5,,true,miss
retained-20260902-68135d3ad33f,S2-50-r09,S2-50,request-050,d4745ce8b0076d85ef4bad6643512dad50425d8f61a49108664596ff785caf3e,f4e44e9f9016,2026-09-02T01:42:30.586978653Z,2026-09-02T01:42:30.919845134Z,332.866486,200,fa5bbaa12602c6803fc911cd560f3cd567585f7b4703499b433ac2343ab380c5,,true,miss
retained-20260902-68135d3ad33f,S2-100-r09,S2-100,request-001,d4745ce8b0076d85ef4bad6643512dad50425d8f61a49108664596ff785caf3e,f4e44e9f9016,2026-09-02T01:42:31.265029866Z,2026-09-02T01:42:31.600597863Z,335.567998,200,fa5bbaa12602c6803fc911cd560f3cd567585f7b4703499b433ac2343ab380c5,,true,miss
retained-20260902-68135d3ad33f,S2-100-r09,S2-100,request-002,d4745ce8b0076d85ef4bad6643512dad50425d8f61a49108664596ff785caf3e,f4e44e9f9016,2026-09-02T01:42:31.303221799Z,2026-09-02T01:42:31.596936199Z,293.714406,200,fa5bbaa12602c6803fc911cd560f3cd567585f7b4703499b433ac2343ab380c5,,true,miss
retained-20260902-68135d3ad33f,S2-100-r09,S2-100,request-003,d4745ce8b0076d85ef4bad6643512dad50425d8f61a49108664596ff785caf3e,f4e44e9f9016,2026-09-02T01:42:31.303205638Z,2026-09-02T01:42:31.599684232Z,296.478600,200,fa5bbaa12602c6803fc911cd560f3cd567585f7b4703499b433ac2343ab380c5,,true,miss
retained-20260902-68135d3ad33f,S2-100-r09,S2-100,request-004,d4745ce8b0076d85ef4bad6643512dad50425d8f61a49108664596ff785caf3e,f4e44e9f9016,2026-09-02T01:42:31.303189723Z,2026-09-02T01:42:31.601182198Z,297.992477,200,fa5bbaa12602c6803fc911cd560f3cd567585f7b4703499b433ac2343ab380c5,,true,miss
retained-20260902-68135d3ad33f,S2-100-r09,S2-100,request-005,d4745ce8b0076d85ef4bad6643512dad50425d8f61a49108664596ff785caf3e,f4e44e9f9016,2026-09-02T01:42:31.303167816Z,2026-09-02T01:42:31.598793878Z,295.626064,200,fa5bbaa12602c6803fc911cd560f3cd567585f7b4703499b433ac2343ab380c5,,true,miss
retained-20260902-68135d3ad33f,S2-100-r09,S2-100,request-006,d4745ce8b0076d85ef4bad6643512dad50425d8f61a49108664596ff785caf3e,f4e44e9f9016,2026-09-02T01:42:31.303149443Z,2026-09-02T01:42:31.598458016Z,295.308576,200,fa5bbaa12602c6803fc911cd560f3cd567585f7b4703499b433ac2343ab380c5,,true,miss
retained-20260902-68135d3ad33f,S2-100-r09,S2-100,request-007,d4745ce8b0076d85ef4bad6643512dad50425d8f61a49108664596ff785caf3e,f4e44e9f9016,2026-09-02T01:42:31.303132069Z,2026-09-02T01:42:31.598785369Z,295.653292,200,fa5bbaa12602c6803fc911cd560f3cd567585f7b4703499b433ac2343ab380c5,,true,miss
retained-20260902-68135d3ad33f,S2-100-r09,S2-100,request-008,d4745ce8b0076d85ef4bad6643512dad50425d8f61a49108664596ff785caf3e,f4e44e9f9016,2026-09-02T01:42:31.303105706Z,2026-09-02T01:42:31.598679231Z,295.573531,200,fa5bbaa12602c6803fc911cd560f3cd567585f7b4703499b433ac2343ab380c5,,true,miss
retained-20260902-68135d3ad33f,S2-100-r09,S2-100,request-009,d4745ce8b0076d85ef4bad6643512dad50425d8f61a49108664596ff785caf3e,f4e44e9f9016,2026-09-02T01:42:31.303081936Z,2026-09-02T01:42:31.598286797Z,295.204861,200,fa5bbaa12602c6803fc911cd560f3cd567585f7b4703499b433ac2343ab380c5,,true,miss
retained-20260902-68135d3ad33f,S2-100-r09,S2-100,request-010,d4745ce8b0076d85ef4bad6643512dad50425d8f61a49108664596ff785caf3e,f4e44e9f9016,2026-09-02T01:42:31.302957924Z,2026-09-02T01:42:31.59777274Z,294.814823,200,fa5bbaa12602c6803fc911cd560f3cd567585f7b4703499b433ac2343ab380c5,,true,miss
retained-20260902-68135d3ad33f,S2-100-r09,S2-100,request-011,d4745ce8b0076d85ef4bad6643512dad50425d8f61a49108664596ff785caf3e,f4e44e9f9016,2026-09-02T01:42:31.302937753Z,2026-09-02T01:42:31.599924659Z,296.986906,200,fa5bbaa12602c6803fc911cd560f3cd567585f7b4703499b433ac2343ab380c5,,true,miss
retained-20260902-68135d3ad33f,S2-100-r09,S2-100,request-012,d4745ce8b0076d85ef4bad6643512dad50425d8f61a49108664596ff785caf3e,f4e44e9f9016,2026-09-02T01:42:31.302906115Z,2026-09-02T01:42:31.599823967Z,296.917848,200,fa5bbaa12602c6803fc911cd560f3cd567585f7b4703499b433ac2343ab380c5,,true,miss
retained-20260902-68135d3ad33f,S2-100-r09,S2-100,request-013,d4745ce8b0076d85ef4bad6643512dad50425d8f61a49108664596ff785caf3e,f4e44e9f9016,2026-09-02T01:42:31.302841204Z,2026-09-02T01:42:31.600122573Z,297.281372,200,fa5bbaa12602c6803fc911cd560f3cd567585f7b4703499b433ac2343ab380c5,,true,miss
retained-20260902-68135d3ad33f,S2-100-r09,S2-100,request-014,d4745ce8b0076d85ef4bad6643512dad50425d8f61a49108664596ff785caf3e,f4e44e9f9016,2026-09-02T01:42:31.302825644Z,2026-09-02T01:42:31.601170794Z,298.345166,200,fa5bbaa12602c6803fc911cd560f3cd567585f7b4703499b433ac2343ab380c5,,true,miss
retained-20260902-68135d3ad33f,S2-100-r09,S2-100,request-015,d4745ce8b0076d85ef4bad6643512dad50425d8f61a49108664596ff785caf3e,f4e44e9f9016,2026-09-02T01:42:31.302807277Z,2026-09-02T01:42:31.597742397Z,294.935122,200,fa5bbaa12602c6803fc911cd560f3cd567585f7b4703499b433ac2343ab380c5,,true,miss
retained-20260902-68135d3ad33f,S2-100-r09,S2-100,request-016,d4745ce8b0076d85ef4bad6643512dad50425d8f61a49108664596ff785caf3e,f4e44e9f9016,2026-09-02T01:42:31.302788683Z,2026-09-02T01:42:31.597344127Z,294.555450,200,fa5bbaa12602c6803fc911cd560f3cd567585f7b4703499b433ac2343ab380c5,,true,miss
retained-20260902-68135d3ad33f,S2-100-r09,S2-100,request-017,d4745ce8b0076d85ef4bad6643512dad50425d8f61a49108664596ff785caf3e,f4e44e9f9016,2026-09-02T01:42:31.30277408Z,2026-09-02T01:42:31.596695809Z,293.921731,200,fa5bbaa12602c6803fc911cd560f3cd567585f7b4703499b433ac2343ab380c5,,true,miss
retained-20260902-68135d3ad33f,S2-100-r09,S2-100,request-018,d4745ce8b0076d85ef4bad6643512dad50425d8f61a49108664596ff785caf3e,f4e44e9f9016,2026-09-02T01:42:31.302758823Z,2026-09-02T01:42:31.600289898Z,297.531079,200,fa5bbaa12602c6803fc911cd560f3cd567585f7b4703499b433ac2343ab380c5,,true,miss
retained-20260902-68135d3ad33f,S2-100-r09,S2-100,request-019,d4745ce8b0076d85ef4bad6643512dad50425d8f61a49108664596ff785caf3e,f4e44e9f9016,2026-09-02T01:42:31.302741917Z,2026-09-02T01:42:31.600073347Z,297.331432,200,fa5bbaa12602c6803fc911cd560f3cd567585f7b4703499b433ac2343ab380c5,,true,miss
retained-20260902-68135d3ad33f,S2-100-r09,S2-100,request-020,d4745ce8b0076d85ef4bad6643512dad50425d8f61a49108664596ff785caf3e,f4e44e9f9016,2026-09-02T01:42:31.30272489Z,2026-09-02T01:42:31.599874106Z,297.149223,200,fa5bbaa12602c6803fc911cd560f3cd567585f7b4703499b433ac2343ab380c5,,true,miss
retained-20260902-68135d3ad33f,S2-100-r09,S2-100,request-021,d4745ce8b0076d85ef4bad6643512dad50425d8f61a49108664596ff785caf3e,f4e44e9f9016,2026-09-02T01:42:31.302709605Z,2026-09-02T01:42:31.599457854Z,296.748252,200,fa5bbaa12602c6803fc911cd560f3cd567585f7b4703499b433ac2343ab380c5,,true,miss
retained-20260902-68135d3ad33f,S2-100-r09,S2-100,request-022,d4745ce8b0076d85ef4bad6643512dad50425d8f61a49108664596ff785caf3e,f4e44e9f9016,2026-09-02T01:42:31.302687104Z,2026-09-02T01:42:31.598838949Z,296.151851,200,fa5bbaa12602c6803fc911cd560f3cd567585f7b4703499b433ac2343ab380c5,,true,miss
retained-20260902-68135d3ad33f,S2-100-r09,S2-100,request-023,d4745ce8b0076d85ef4bad6643512dad50425d8f61a49108664596ff785caf3e,f4e44e9f9016,2026-09-02T01:42:31.302667654Z,2026-09-02T01:42:31.598621761Z,295.954109,200,fa5bbaa12602c6803fc911cd560f3cd567585f7b4703499b433ac2343ab380c5,,true,miss
retained-20260902-68135d3ad33f,S2-100-r09,S2-100,request-024,d4745ce8b0076d85ef4bad6643512dad50425d8f61a49108664596ff785caf3e,f4e44e9f9016,2026-09-02T01:42:31.302650887Z,2026-09-02T01:42:31.598429003Z,295.778118,200,fa5bbaa12602c6803fc911cd560f3cd567585f7b4703499b433ac2343ab380c5,,true,miss
retained-20260902-68135d3ad33f,S2-100-r09,S2-100,request-025,d4745ce8b0076d85ef4bad6643512dad50425d8f61a49108664596ff785caf3e,f4e44e9f9016,2026-09-02T01:42:31.302633424Z,2026-09-02T01:42:31.597172063Z,294.538646,200,fa5bbaa12602c6803fc911cd560f3cd567585f7b4703499b433ac2343ab380c5,,true,miss
retained-20260902-68135d3ad33f,S2-100-r09,S2-100,request-026,d4745ce8b0076d85ef4bad6643512dad50425d8f61a49108664596ff785caf3e,f4e44e9f9016,2026-09-02T01:42:31.302616175Z,2026-09-02T01:42:31.596550984Z,293.934818,200,fa5bbaa12602c6803fc911cd560f3cd567585f7b4703499b433ac2343ab380c5,,true,miss
retained-20260902-68135d3ad33f,S2-100-r09,S2-100,request-027,d4745ce8b0076d85ef4bad6643512dad50425d8f61a49108664596ff785caf3e,f4e44e9f9016,2026-09-02T01:42:31.302583104Z,2026-09-02T01:42:31.59655338Z,293.970284,200,fa5bbaa12602c6803fc911cd560f3cd567585f7b4703499b433ac2343ab380c5,,true,miss
retained-20260902-68135d3ad33f,S2-100-r09,S2-100,request-028,d4745ce8b0076d85ef4bad6643512dad50425d8f61a49108664596ff785caf3e,f4e44e9f9016,2026-09-02T01:42:31.302559773Z,2026-09-02T01:42:31.59989688Z,297.337114,200,fa5bbaa12602c6803fc911cd560f3cd567585f7b4703499b433ac2343ab380c5,,true,miss
retained-20260902-68135d3ad33f,S2-100-r09,S2-100,request-029,d4745ce8b0076d85ef4bad6643512dad50425d8f61a49108664596ff785caf3e,f4e44e9f9016,2026-09-02T01:42:31.302529349Z,2026-09-02T01:42:31.600518358Z,297.989005,200,fa5bbaa12602c6803fc911cd560f3cd567585f7b4703499b433ac2343ab380c5,,true,miss
retained-20260902-68135d3ad33f,S2-100-r09,S2-100,request-030,d4745ce8b0076d85ef4bad6643512dad50425d8f61a49108664596ff785caf3e,f4e44e9f9016,2026-09-02T01:42:31.302490153Z,2026-09-02T01:42:31.596913049Z,294.422902,200,fa5bbaa12602c6803fc911cd560f3cd567585f7b4703499b433ac2343ab380c5,,true,miss
retained-20260902-68135d3ad33f,S2-100-r09,S2-100,request-031,d4745ce8b0076d85ef4bad6643512dad50425d8f61a49108664596ff785caf3e,f4e44e9f9016,2026-09-02T01:42:31.30242603Z,2026-09-02T01:42:31.596627722Z,294.201699,200,fa5bbaa12602c6803fc911cd560f3cd567585f7b4703499b433ac2343ab380c5,,true,miss
retained-20260902-68135d3ad33f,S2-100-r09,S2-100,request-032,d4745ce8b0076d85ef4bad6643512dad50425d8f61a49108664596ff785caf3e,f4e44e9f9016,2026-09-02T01:42:31.268236825Z,2026-09-02T01:42:31.600962503Z,332.725673,200,fa5bbaa12602c6803fc911cd560f3cd567585f7b4703499b433ac2343ab380c5,,true,miss
retained-20260902-68135d3ad33f,S2-100-r09,S2-100,request-033,d4745ce8b0076d85ef4bad6643512dad50425d8f61a49108664596ff785caf3e,f4e44e9f9016,2026-09-02T01:42:31.33449166Z,2026-09-02T01:42:31.600486294Z,265.994645,200,fa5bbaa12602c6803fc911cd560f3cd567585f7b4703499b433ac2343ab380c5,,true,miss
retained-20260902-68135d3ad33f,S2-100-r09,S2-100,request-034,d4745ce8b0076d85ef4bad6643512dad50425d8f61a49108664596ff785caf3e,f4e44e9f9016,2026-09-02T01:42:31.334463007Z,2026-09-02T01:42:31.600106484Z,265.643483,200,fa5bbaa12602c6803fc911cd560f3cd567585f7b4703499b433ac2343ab380c5,,true,miss
retained-20260902-68135d3ad33f,S2-100-r09,S2-100,request-035,d4745ce8b0076d85ef4bad6643512dad50425d8f61a49108664596ff785caf3e,f4e44e9f9016,2026-09-02T01:42:31.33432856Z,2026-09-02T01:42:31.599951667Z,265.623099,200,fa5bbaa12602c6803fc911cd560f3cd567585f7b4703499b433ac2343ab380c5,,true,miss
retained-20260902-68135d3ad33f,S2-100-r09,S2-100,request-036,d4745ce8b0076d85ef4bad6643512dad50425d8f61a49108664596ff785caf3e,f4e44e9f9016,2026-09-02T01:42:31.303218193Z,2026-09-02T01:42:31.595632315Z,292.414127,200,fa5bbaa12602c6803fc911cd560f3cd567585f7b4703499b433ac2343ab380c5,,true,miss
retained-20260902-68135d3ad33f,S2-100-r09,S2-100,request-037,d4745ce8b0076d85ef4bad6643512dad50425d8f61a49108664596ff785caf3e,f4e44e9f9016,2026-09-02T01:42:31.303201923Z,2026-09-02T01:42:31.601220582Z,298.018664,200,fa5bbaa12602c6803fc911cd560f3cd567585f7b4703499b433ac2343ab380c5,,true,miss
retained-20260902-68135d3ad33f,S2-100-r09,S2-100,request-038,d4745ce8b0076d85ef4bad6643512dad50425d8f61a49108664596ff785caf3e,f4e44e9f9016,2026-09-02T01:42:31.303184796Z,2026-09-02T01:42:31.599010213Z,295.825423,200,fa5bbaa12602c6803fc911cd560f3cd567585f7b4703499b433ac2343ab380c5,,true,miss
retained-20260902-68135d3ad33f,S2-100-r09,S2-100,request-039,d4745ce8b0076d85ef4bad6643512dad50425d8f61a49108664596ff785caf3e,f4e44e9f9016,2026-09-02T01:42:31.303169209Z,2026-09-02T01:42:31.5986923Z,295.523093,200,fa5bbaa12602c6803fc911cd560f3cd567585f7b4703499b433ac2343ab380c5,,true,miss
retained-20260902-68135d3ad33f,S2-100-r09,S2-100,request-040,d4745ce8b0076d85ef4bad6643512dad50425d8f61a49108664596ff785caf3e,f4e44e9f9016,2026-09-02T01:42:31.303152319Z,2026-09-02T01:42:31.598577973Z,295.425657,200,fa5bbaa12602c6803fc911cd560f3cd567585f7b4703499b433ac2343ab380c5,,true,miss
retained-20260902-68135d3ad33f,S2-100-r09,S2-100,request-041,d4745ce8b0076d85ef4bad6643512dad50425d8f61a49108664596ff785caf3e,f4e44e9f9016,2026-09-02T01:42:31.303130312Z,2026-09-02T01:42:31.600390568Z,297.260260,200,fa5bbaa12602c6803fc911cd560f3cd567585f7b4703499b433ac2343ab380c5,,true,miss
retained-20260902-68135d3ad33f,S2-100-r09,S2-100,request-042,d4745ce8b0076d85ef4bad6643512dad50425d8f61a49108664596ff785caf3e,f4e44e9f9016,2026-09-02T01:42:31.303115094Z,2026-09-02T01:42:31.598504335Z,295.389247,200,fa5bbaa12602c6803fc911cd560f3cd567585f7b4703499b433ac2343ab380c5,,true,miss
retained-20260902-68135d3ad33f,S2-100-r09,S2-100,request-043,d4745ce8b0076d85ef4bad6643512dad50425d8f61a49108664596ff785caf3e,f4e44e9f9016,2026-09-02T01:42:31.303096797Z,2026-09-02T01:42:31.598362067Z,295.265280,200,fa5bbaa12602c6803fc911cd560f3cd567585f7b4703499b433ac2343ab380c5,,true,miss
retained-20260902-68135d3ad33f,S2-100-r09,S2-100,request-044,d4745ce8b0076d85ef4bad6643512dad50425d8f61a49108664596ff785caf3e,f4e44e9f9016,2026-09-02T01:42:31.303061942Z,2026-09-02T01:42:31.597963183Z,294.901248,200,fa5bbaa12602c6803fc911cd560f3cd567585f7b4703499b433ac2343ab380c5,,true,miss
retained-20260902-68135d3ad33f,S2-100-r09,S2-100,request-045,d4745ce8b0076d85ef4bad6643512dad50425d8f61a49108664596ff785caf3e,f4e44e9f9016,2026-09-02T01:42:31.303045324Z,2026-09-02T01:42:31.599700592Z,296.655272,200,fa5bbaa12602c6803fc911cd560f3cd567585f7b4703499b433ac2343ab380c5,,true,miss
retained-20260902-68135d3ad33f,S2-100-r09,S2-100,request-046,d4745ce8b0076d85ef4bad6643512dad50425d8f61a49108664596ff785caf3e,f4e44e9f9016,2026-09-02T01:42:31.303011082Z,2026-09-02T01:42:31.599645828Z,296.634745,200,fa5bbaa12602c6803fc911cd560f3cd567585f7b4703499b433ac2343ab380c5,,true,miss
retained-20260902-68135d3ad33f,S2-100-r09,S2-100,request-047,d4745ce8b0076d85ef4bad6643512dad50425d8f61a49108664596ff785caf3e,f4e44e9f9016,2026-09-02T01:42:31.302984875Z,2026-09-02T01:42:31.599340526Z,296.355647,200,fa5bbaa12602c6803fc911cd560f3cd567585f7b4703499b433ac2343ab380c5,,true,miss
retained-20260902-68135d3ad33f,S2-100-r09,S2-100,request-048,d4745ce8b0076d85ef4bad6643512dad50425d8f61a49108664596ff785caf3e,f4e44e9f9016,2026-09-02T01:42:31.302926418Z,2026-09-02T01:42:31.599017981Z,296.091568,200,fa5bbaa12602c6803fc911cd560f3cd567585f7b4703499b433ac2343ab380c5,,true,miss
retained-20260902-68135d3ad33f,S2-100-r09,S2-100,request-049,d4745ce8b0076d85ef4bad6643512dad50425d8f61a49108664596ff785caf3e,f4e44e9f9016,2026-09-02T01:42:31.302903718Z,2026-09-02T01:42:31.600025546Z,297.121835,200,fa5bbaa12602c6803fc911cd560f3cd567585f7b4703499b433ac2343ab380c5,,true,miss
retained-20260902-68135d3ad33f,S2-100-r09,S2-100,request-050,d4745ce8b0076d85ef4bad6643512dad50425d8f61a49108664596ff785caf3e,f4e44e9f9016,2026-09-02T01:42:31.302843353Z,2026-09-02T01:42:31.598339695Z,295.496339,200,fa5bbaa12602c6803fc911cd560f3cd567585f7b4703499b433ac2343ab380c5,,true,miss
retained-20260902-68135d3ad33f,S2-100-r09,S2-100,request-051,d4745ce8b0076d85ef4bad6643512dad50425d8f61a49108664596ff785caf3e,f4e44e9f9016,2026-09-02T01:42:31.3028271Z,2026-09-02T01:42:31.601136523Z,298.309431,200,fa5bbaa12602c6803fc911cd560f3cd567585f7b4703499b433ac2343ab380c5,,true,miss
retained-20260902-68135d3ad33f,S2-100-r09,S2-100,request-052,d4745ce8b0076d85ef4bad6643512dad50425d8f61a49108664596ff785caf3e,f4e44e9f9016,2026-09-02T01:42:31.302811918Z,2026-09-02T01:42:31.601086259Z,298.274348,200,fa5bbaa12602c6803fc911cd560f3cd567585f7b4703499b433ac2343ab380c5,,true,miss
retained-20260902-68135d3ad33f,S2-100-r09,S2-100,request-053,d4745ce8b0076d85ef4bad6643512dad50425d8f61a49108664596ff785caf3e,f4e44e9f9016,2026-09-02T01:42:31.302795568Z,2026-09-02T01:42:31.600918974Z,298.123412,200,fa5bbaa12602c6803fc911cd560f3cd567585f7b4703499b433ac2343ab380c5,,true,miss
retained-20260902-68135d3ad33f,S2-100-r09,S2-100,request-054,d4745ce8b0076d85ef4bad6643512dad50425d8f61a49108664596ff785caf3e,f4e44e9f9016,2026-09-02T01:42:31.302778317Z,2026-09-02T01:42:31.597107798Z,294.329482,200,fa5bbaa12602c6803fc911cd560f3cd567585f7b4703499b433ac2343ab380c5,,true,miss
retained-20260902-68135d3ad33f,S2-100-r09,S2-100,request-055,d4745ce8b0076d85ef4bad6643512dad50425d8f61a49108664596ff785caf3e,f4e44e9f9016,2026-09-02T01:42:31.302757595Z,2026-09-02T01:42:31.593279513Z,290.521927,200,fa5bbaa12602c6803fc911cd560f3cd567585f7b4703499b433ac2343ab380c5,,true,miss
retained-20260902-68135d3ad33f,S2-100-r09,S2-100,request-056,d4745ce8b0076d85ef4bad6643512dad50425d8f61a49108664596ff785caf3e,f4e44e9f9016,2026-09-02T01:42:31.302741173Z,2026-09-02T01:42:31.599976319Z,297.235147,200,fa5bbaa12602c6803fc911cd560f3cd567585f7b4703499b433ac2343ab380c5,,true,miss
retained-20260902-68135d3ad33f,S2-100-r09,S2-100,request-057,d4745ce8b0076d85ef4bad6643512dad50425d8f61a49108664596ff785caf3e,f4e44e9f9016,2026-09-02T01:42:31.302718648Z,2026-09-02T01:42:31.599766763Z,297.048110,200,fa5bbaa12602c6803fc911cd560f3cd567585f7b4703499b433ac2343ab380c5,,true,miss
retained-20260902-68135d3ad33f,S2-100-r09,S2-100,request-058,d4745ce8b0076d85ef4bad6643512dad50425d8f61a49108664596ff785caf3e,f4e44e9f9016,2026-09-02T01:42:31.302693702Z,2026-09-02T01:42:31.599190442Z,296.496742,200,fa5bbaa12602c6803fc911cd560f3cd567585f7b4703499b433ac2343ab380c5,,true,miss
retained-20260902-68135d3ad33f,S2-100-r09,S2-100,request-059,d4745ce8b0076d85ef4bad6643512dad50425d8f61a49108664596ff785caf3e,f4e44e9f9016,2026-09-02T01:42:31.302676012Z,2026-09-02T01:42:31.601121137Z,298.445132,200,fa5bbaa12602c6803fc911cd560f3cd567585f7b4703499b433ac2343ab380c5,,true,miss
retained-20260902-68135d3ad33f,S2-100-r09,S2-100,request-060,d4745ce8b0076d85ef4bad6643512dad50425d8f61a49108664596ff785caf3e,f4e44e9f9016,2026-09-02T01:42:31.302659602Z,2026-09-02T01:42:31.598560497Z,295.900892,200,fa5bbaa12602c6803fc911cd560f3cd567585f7b4703499b433ac2343ab380c5,,true,miss
retained-20260902-68135d3ad33f,S2-100-r09,S2-100,request-061,d4745ce8b0076d85ef4bad6643512dad50425d8f61a49108664596ff785caf3e,f4e44e9f9016,2026-09-02T01:42:31.302638401Z,2026-09-02T01:42:31.597624835Z,294.986437,200,fa5bbaa12602c6803fc911cd560f3cd567585f7b4703499b433ac2343ab380c5,,true,miss
retained-20260902-68135d3ad33f,S2-100-r09,S2-100,request-062,d4745ce8b0076d85ef4bad6643512dad50425d8f61a49108664596ff785caf3e,f4e44e9f9016,2026-09-02T01:42:31.302586106Z,2026-09-02T01:42:31.597056358Z,294.470259,200,fa5bbaa12602c6803fc911cd560f3cd567585f7b4703499b433ac2343ab380c5,,true,miss
retained-20260902-68135d3ad33f,S2-100-r09,S2-100,request-063,d4745ce8b0076d85ef4bad6643512dad50425d8f61a49108664596ff785caf3e,f4e44e9f9016,2026-09-02T01:42:31.302567625Z,2026-09-02T01:42:31.600229844Z,297.662224,200,fa5bbaa12602c6803fc911cd560f3cd567585f7b4703499b433ac2343ab380c5,,true,miss
retained-20260902-68135d3ad33f,S2-100-r09,S2-100,request-064,d4745ce8b0076d85ef4bad6643512dad50425d8f61a49108664596ff785caf3e,f4e44e9f9016,2026-09-02T01:42:31.302534499Z,2026-09-02T01:42:31.599796705Z,297.262213,200,fa5bbaa12602c6803fc911cd560f3cd567585f7b4703499b433ac2343ab380c5,,true,miss
retained-20260902-68135d3ad33f,S2-100-r09,S2-100,request-065,d4745ce8b0076d85ef4bad6643512dad50425d8f61a49108664596ff785caf3e,f4e44e9f9016,2026-09-02T01:42:31.302515755Z,2026-09-02T01:42:31.597117701Z,294.601953,200,fa5bbaa12602c6803fc911cd560f3cd567585f7b4703499b433ac2343ab380c5,,true,miss
retained-20260902-68135d3ad33f,S2-100-r09,S2-100,request-066,d4745ce8b0076d85ef4bad6643512dad50425d8f61a49108664596ff785caf3e,f4e44e9f9016,2026-09-02T01:42:31.302498345Z,2026-09-02T01:42:31.596980929Z,294.482587,200,fa5bbaa12602c6803fc911cd560f3cd567585f7b4703499b433ac2343ab380c5,,true,miss
retained-20260902-68135d3ad33f,S2-100-r09,S2-100,request-067,d4745ce8b0076d85ef4bad6643512dad50425d8f61a49108664596ff785caf3e,f4e44e9f9016,2026-09-02T01:42:31.302478709Z,2026-09-02T01:42:31.596686037Z,294.207331,200,fa5bbaa12602c6803fc911cd560f3cd567585f7b4703499b433ac2343ab380c5,,true,miss
retained-20260902-68135d3ad33f,S2-100-r09,S2-100,request-068,d4745ce8b0076d85ef4bad6643512dad50425d8f61a49108664596ff785caf3e,f4e44e9f9016,2026-09-02T01:42:31.302455275Z,2026-09-02T01:42:31.600981632Z,298.526361,200,fa5bbaa12602c6803fc911cd560f3cd567585f7b4703499b433ac2343ab380c5,,true,miss
retained-20260902-68135d3ad33f,S2-100-r09,S2-100,request-069,d4745ce8b0076d85ef4bad6643512dad50425d8f61a49108664596ff785caf3e,f4e44e9f9016,2026-09-02T01:42:31.302324621Z,2026-09-02T01:42:31.597332614Z,295.007984,200,fa5bbaa12602c6803fc911cd560f3cd567585f7b4703499b433ac2343ab380c5,,true,miss
retained-20260902-68135d3ad33f,S2-100-r09,S2-100,request-070,d4745ce8b0076d85ef4bad6643512dad50425d8f61a49108664596ff785caf3e,f4e44e9f9016,2026-09-02T01:42:31.26827545Z,2026-09-02T01:42:31.598734762Z,330.459314,200,fa5bbaa12602c6803fc911cd560f3cd567585f7b4703499b433ac2343ab380c5,,true,miss
retained-20260902-68135d3ad33f,S2-100-r09,S2-100,request-071,d4745ce8b0076d85ef4bad6643512dad50425d8f61a49108664596ff785caf3e,f4e44e9f9016,2026-09-02T01:42:31.266783643Z,2026-09-02T01:42:31.599742216Z,332.958580,200,fa5bbaa12602c6803fc911cd560f3cd567585f7b4703499b433ac2343ab380c5,,true,miss
retained-20260902-68135d3ad33f,S2-100-r09,S2-100,request-072,d4745ce8b0076d85ef4bad6643512dad50425d8f61a49108664596ff785caf3e,f4e44e9f9016,2026-09-02T01:42:31.266723116Z,2026-09-02T01:42:31.599183048Z,332.459931,200,fa5bbaa12602c6803fc911cd560f3cd567585f7b4703499b433ac2343ab380c5,,true,miss
retained-20260902-68135d3ad33f,S2-100-r09,S2-100,request-073,d4745ce8b0076d85ef4bad6643512dad50425d8f61a49108664596ff785caf3e,f4e44e9f9016,2026-09-02T01:42:31.26661666Z,2026-09-02T01:42:31.598523245Z,331.906591,200,fa5bbaa12602c6803fc911cd560f3cd567585f7b4703499b433ac2343ab380c5,,true,miss
retained-20260902-68135d3ad33f,S2-100-r09,S2-100,request-074,d4745ce8b0076d85ef4bad6643512dad50425d8f61a49108664596ff785caf3e,f4e44e9f9016,2026-09-02T01:42:31.266067762Z,2026-09-02T01:42:31.596760772Z,330.693016,200,fa5bbaa12602c6803fc911cd560f3cd567585f7b4703499b433ac2343ab380c5,,true,miss
retained-20260902-68135d3ad33f,S2-100-r09,S2-100,request-075,d4745ce8b0076d85ef4bad6643512dad50425d8f61a49108664596ff785caf3e,f4e44e9f9016,2026-09-02T01:42:31.26598759Z,2026-09-02T01:42:31.600725519Z,334.737936,200,fa5bbaa12602c6803fc911cd560f3cd567585f7b4703499b433ac2343ab380c5,,true,miss
retained-20260902-68135d3ad33f,S2-100-r09,S2-100,request-076,d4745ce8b0076d85ef4bad6643512dad50425d8f61a49108664596ff785caf3e,f4e44e9f9016,2026-09-02T01:42:31.265902923Z,2026-09-02T01:42:31.59790681Z,332.003894,200,fa5bbaa12602c6803fc911cd560f3cd567585f7b4703499b433ac2343ab380c5,,true,miss
retained-20260902-68135d3ad33f,S2-100-r09,S2-100,request-077,d4745ce8b0076d85ef4bad6643512dad50425d8f61a49108664596ff785caf3e,f4e44e9f9016,2026-09-02T01:42:31.265349429Z,2026-09-02T01:42:31.595925877Z,330.576456,200,fa5bbaa12602c6803fc911cd560f3cd567585f7b4703499b433ac2343ab380c5,,true,miss
retained-20260902-68135d3ad33f,S2-100-r09,S2-100,request-078,d4745ce8b0076d85ef4bad6643512dad50425d8f61a49108664596ff785caf3e,f4e44e9f9016,2026-09-02T01:42:31.265308749Z,2026-09-02T01:42:31.60124404Z,335.935287,200,fa5bbaa12602c6803fc911cd560f3cd567585f7b4703499b433ac2343ab380c5,,true,miss
retained-20260902-68135d3ad33f,S2-100-r09,S2-100,request-079,d4745ce8b0076d85ef4bad6643512dad50425d8f61a49108664596ff785caf3e,f4e44e9f9016,2026-09-02T01:42:31.265248173Z,2026-09-02T01:42:31.598281531Z,333.033361,200,fa5bbaa12602c6803fc911cd560f3cd567585f7b4703499b433ac2343ab380c5,,true,miss
retained-20260902-68135d3ad33f,S2-100-r09,S2-100,request-080,d4745ce8b0076d85ef4bad6643512dad50425d8f61a49108664596ff785caf3e,f4e44e9f9016,2026-09-02T01:42:31.265227414Z,2026-09-02T01:42:31.601065726Z,335.838317,200,fa5bbaa12602c6803fc911cd560f3cd567585f7b4703499b433ac2343ab380c5,,true,miss
retained-20260902-68135d3ad33f,S2-100-r09,S2-100,request-081,d4745ce8b0076d85ef4bad6643512dad50425d8f61a49108664596ff785caf3e,f4e44e9f9016,2026-09-02T01:42:31.265180173Z,2026-09-02T01:42:31.598060865Z,332.880691,200,fa5bbaa12602c6803fc911cd560f3cd567585f7b4703499b433ac2343ab380c5,,true,miss
retained-20260902-68135d3ad33f,S2-100-r09,S2-100,request-082,d4745ce8b0076d85ef4bad6643512dad50425d8f61a49108664596ff785caf3e,f4e44e9f9016,2026-09-02T01:42:31.265026152Z,2026-09-02T01:42:31.59614613Z,331.119975,200,fa5bbaa12602c6803fc911cd560f3cd567585f7b4703499b433ac2343ab380c5,,true,miss
retained-20260902-68135d3ad33f,S2-100-r09,S2-100,request-083,d4745ce8b0076d85ef4bad6643512dad50425d8f61a49108664596ff785caf3e,f4e44e9f9016,2026-09-02T01:42:31.265208951Z,2026-09-02T01:42:31.601032754Z,335.823802,200,fa5bbaa12602c6803fc911cd560f3cd567585f7b4703499b433ac2343ab380c5,,true,miss
retained-20260902-68135d3ad33f,S2-100-r09,S2-100,request-084,d4745ce8b0076d85ef4bad6643512dad50425d8f61a49108664596ff785caf3e,f4e44e9f9016,2026-09-02T01:42:31.265094522Z,2026-09-02T01:42:31.598847064Z,333.752550,200,fa5bbaa12602c6803fc911cd560f3cd567585f7b4703499b433ac2343ab380c5,,true,miss
retained-20260902-68135d3ad33f,S2-100-r09,S2-100,request-085,d4745ce8b0076d85ef4bad6643512dad50425d8f61a49108664596ff785caf3e,f4e44e9f9016,2026-09-02T01:42:31.265070991Z,2026-09-02T01:42:31.594101871Z,329.030884,200,fa5bbaa12602c6803fc911cd560f3cd567585f7b4703499b433ac2343ab380c5,,false,miss
retained-20260902-68135d3ad33f,S2-100-r09,S2-100,request-086,d4745ce8b0076d85ef4bad6643512dad50425d8f61a49108664596ff785caf3e,f4e44e9f9016,2026-09-02T01:42:31.266750798Z,2026-09-02T01:42:31.599385453Z,332.634665,200,fa5bbaa12602c6803fc911cd560f3cd567585f7b4703499b433ac2343ab380c5,,true,miss
retained-20260902-68135d3ad33f,S2-100-r09,S2-100,request-087,d4745ce8b0076d85ef4bad6643512dad50425d8f61a49108664596ff785caf3e,f4e44e9f9016,2026-09-02T01:42:31.26670026Z,2026-09-02T01:42:31.59874425Z,332.043986,200,fa5bbaa12602c6803fc911cd560f3cd567585f7b4703499b433ac2343ab380c5,,true,miss
retained-20260902-68135d3ad33f,S2-100-r09,S2-100,request-088,d4745ce8b0076d85ef4bad6643512dad50425d8f61a49108664596ff785caf3e,f4e44e9f9016,2026-09-02T01:42:31.266661765Z,2026-09-02T01:42:31.59863668Z,331.974918,200,fa5bbaa12602c6803fc911cd560f3cd567585f7b4703499b433ac2343ab380c5,,true,miss
retained-20260902-68135d3ad33f,S2-100-r09,S2-100,request-089,d4745ce8b0076d85ef4bad6643512dad50425d8f61a49108664596ff785caf3e,f4e44e9f9016,2026-09-02T01:42:31.266556006Z,2026-09-02T01:42:31.598398566Z,331.842559,200,fa5bbaa12602c6803fc911cd560f3cd567585f7b4703499b433ac2343ab380c5,,true,miss
retained-20260902-68135d3ad33f,S2-100-r09,S2-100,request-090,d4745ce8b0076d85ef4bad6643512dad50425d8f61a49108664596ff785caf3e,f4e44e9f9016,2026-09-02T01:42:31.265825173Z,2026-09-02T01:42:31.600319105Z,334.493938,200,fa5bbaa12602c6803fc911cd560f3cd567585f7b4703499b433ac2343ab380c5,,true,miss
retained-20260902-68135d3ad33f,S2-100-r09,S2-100,request-091,d4745ce8b0076d85ef4bad6643512dad50425d8f61a49108664596ff785caf3e,f4e44e9f9016,2026-09-02T01:42:31.265754042Z,2026-09-02T01:42:31.600007744Z,334.253698,200,fa5bbaa12602c6803fc911cd560f3cd567585f7b4703499b433ac2343ab380c5,,true,miss
retained-20260902-68135d3ad33f,S2-100-r09,S2-100,request-092,d4745ce8b0076d85ef4bad6643512dad50425d8f61a49108664596ff785caf3e,f4e44e9f9016,2026-09-02T01:42:31.265647444Z,2026-09-02T01:42:31.599848327Z,334.200887,200,fa5bbaa12602c6803fc911cd560f3cd567585f7b4703499b433ac2343ab380c5,,true,miss
retained-20260902-68135d3ad33f,S2-100-r09,S2-100,request-093,d4745ce8b0076d85ef4bad6643512dad50425d8f61a49108664596ff785caf3e,f4e44e9f9016,2026-09-02T01:42:31.265445671Z,2026-09-02T01:42:31.601013401Z,335.567735,200,fa5bbaa12602c6803fc911cd560f3cd567585f7b4703499b433ac2343ab380c5,,true,miss
retained-20260902-68135d3ad33f,S2-100-r09,S2-100,request-094,d4745ce8b0076d85ef4bad6643512dad50425d8f61a49108664596ff785caf3e,f4e44e9f9016,2026-09-02T01:42:31.265426836Z,2026-09-02T01:42:31.597164438Z,331.737609,200,fa5bbaa12602c6803fc911cd560f3cd567585f7b4703499b433ac2343ab380c5,,true,miss
retained-20260902-68135d3ad33f,S2-100-r09,S2-100,request-095,d4745ce8b0076d85ef4bad6643512dad50425d8f61a49108664596ff785caf3e,f4e44e9f9016,2026-09-02T01:42:31.265402821Z,2026-09-02T01:42:31.597043684Z,331.640869,200,fa5bbaa12602c6803fc911cd560f3cd567585f7b4703499b433ac2343ab380c5,,true,miss
retained-20260902-68135d3ad33f,S2-100-r09,S2-100,request-096,d4745ce8b0076d85ef4bad6643512dad50425d8f61a49108664596ff785caf3e,f4e44e9f9016,2026-09-02T01:42:31.265385664Z,2026-09-02T01:42:31.596843436Z,331.457777,200,fa5bbaa12602c6803fc911cd560f3cd567585f7b4703499b433ac2343ab380c5,,true,miss
retained-20260902-68135d3ad33f,S2-100-r09,S2-100,request-097,d4745ce8b0076d85ef4bad6643512dad50425d8f61a49108664596ff785caf3e,f4e44e9f9016,2026-09-02T01:42:31.265366024Z,2026-09-02T01:42:31.596629521Z,331.263503,200,fa5bbaa12602c6803fc911cd560f3cd567585f7b4703499b433ac2343ab380c5,,true,miss
retained-20260902-68135d3ad33f,S2-100-r09,S2-100,request-098,d4745ce8b0076d85ef4bad6643512dad50425d8f61a49108664596ff785caf3e,f4e44e9f9016,2026-09-02T01:42:31.265327328Z,2026-09-02T01:42:31.595519875Z,330.192549,200,fa5bbaa12602c6803fc911cd560f3cd567585f7b4703499b433ac2343ab380c5,,true,miss
retained-20260902-68135d3ad33f,S2-100-r09,S2-100,request-099,d4745ce8b0076d85ef4bad6643512dad50425d8f61a49108664596ff785caf3e,f4e44e9f9016,2026-09-02T01:42:31.265268452Z,2026-09-02T01:42:31.601194178Z,335.925725,200,fa5bbaa12602c6803fc911cd560f3cd567585f7b4703499b433ac2343ab380c5,,true,miss
retained-20260902-68135d3ad33f,S2-100-r09,S2-100,request-100,d4745ce8b0076d85ef4bad6643512dad50425d8f61a49108664596ff785caf3e,f4e44e9f9016,2026-09-02T01:42:31.334408715Z,2026-09-02T01:42:31.600057593Z,265.648880,200,fa5bbaa12602c6803fc911cd560f3cd567585f7b4703499b433ac2343ab380c5,,true,miss
retained-20260902-68135d3ad33f,S1-100-r09,S1-100,request-001,d4745ce8b0076d85ef4bad6643512dad50425d8f61a49108664596ff785caf3e,f4e44e9f9016,2026-09-02T01:42:32.122676533Z,2026-09-02T01:42:56.054173202Z,23931.496677,200,fa5bbaa12602c6803fc911cd560f3cd567585f7b4703499b433ac2343ab380c5,,false,miss
retained-20260902-68135d3ad33f,S1-100-r09,S1-100,request-002,d4745ce8b0076d85ef4bad6643512dad50425d8f61a49108664596ff785caf3e,f4e44e9f9016,2026-09-02T01:42:32.122651166Z,2026-09-02T01:43:06.030935146Z,32141.742074,200,fa5bbaa12602c6803fc911cd560f3cd567585f7b4703499b433ac2343ab380c5,,false,miss
retained-20260902-68135d3ad33f,S1-100-r09,S1-100,request-003,d4745ce8b0076d85ef4bad6643512dad50425d8f61a49108664596ff785caf3e,f4e44e9f9016,2026-09-02T01:42:32.122606255Z,2026-09-02T01:43:06.127646567Z,32238.498407,200,fa5bbaa12602c6803fc911cd560f3cd567585f7b4703499b433ac2343ab380c5,,false,miss
retained-20260902-68135d3ad33f,S1-100-r09,S1-100,request-004,d4745ce8b0076d85ef4bad6643512dad50425d8f61a49108664596ff785caf3e,f4e44e9f9016,2026-09-02T01:42:32.122627439Z,2026-09-02T01:43:03.63111476Z,29741.945409,200,fa5bbaa12602c6803fc911cd560f3cd567585f7b4703499b433ac2343ab380c5,,false,miss
retained-20260902-68135d3ad33f,S1-100-r09,S1-100,request-005,d4745ce8b0076d85ef4bad6643512dad50425d8f61a49108664596ff785caf3e,f4e44e9f9016,2026-09-02T01:42:32.144356028Z,2026-09-02T01:42:43.346071077Z,11201.715048,200,fa5bbaa12602c6803fc911cd560f3cd567585f7b4703499b433ac2343ab380c5,,false,miss
retained-20260902-68135d3ad33f,S1-100-r09,S1-100,request-006,d4745ce8b0076d85ef4bad6643512dad50425d8f61a49108664596ff785caf3e,f4e44e9f9016,2026-09-02T01:42:32.122587762Z,2026-09-02T01:42:54.747517485Z,22624.929730,200,fa5bbaa12602c6803fc911cd560f3cd567585f7b4703499b433ac2343ab380c5,,false,miss
retained-20260902-68135d3ad33f,S1-100-r09,S1-100,request-007,d4745ce8b0076d85ef4bad6643512dad50425d8f61a49108664596ff785caf3e,f4e44e9f9016,2026-09-02T01:42:32.122564337Z,2026-09-02T01:42:54.357076259Z,22234.511927,200,fa5bbaa12602c6803fc911cd560f3cd567585f7b4703499b433ac2343ab380c5,,false,miss
retained-20260902-68135d3ad33f,S1-100-r09,S1-100,request-008,d4745ce8b0076d85ef4bad6643512dad50425d8f61a49108664596ff785caf3e,f4e44e9f9016,2026-09-02T01:42:32.122543099Z,2026-09-02T01:42:53.756689068Z,21634.145970,200,fa5bbaa12602c6803fc911cd560f3cd567585f7b4703499b433ac2343ab380c5,,false,miss
retained-20260902-68135d3ad33f,S1-100-r09,S1-100,request-009,d4745ce8b0076d85ef4bad6643512dad50425d8f61a49108664596ff785caf3e,f4e44e9f9016,2026-09-02T01:42:32.122503801Z,2026-09-02T01:43:02.425378223Z,28536.332513,200,fa5bbaa12602c6803fc911cd560f3cd567585f7b4703499b433ac2343ab380c5,,false,miss
retained-20260902-68135d3ad33f,S1-100-r09,S1-100,request-010,d4745ce8b0076d85ef4bad6643512dad50425d8f61a49108664596ff785caf3e,f4e44e9f9016,2026-09-02T01:42:32.083768761Z,2026-09-02T01:42:50.360136822Z,18276.368067,200,fa5bbaa12602c6803fc911cd560f3cd567585f7b4703499b433ac2343ab380c5,,false,miss
retained-20260902-68135d3ad33f,S1-100-r09,S1-100,request-011,d4745ce8b0076d85ef4bad6643512dad50425d8f61a49108664596ff785caf3e,f4e44e9f9016,2026-09-02T01:42:32.12232424Z,2026-09-02T01:42:52.259038404Z,20136.714168,200,fa5bbaa12602c6803fc911cd560f3cd567585f7b4703499b433ac2343ab380c5,,false,miss
retained-20260902-68135d3ad33f,S1-100-r09,S1-100,request-012,d4745ce8b0076d85ef4bad6643512dad50425d8f61a49108664596ff785caf3e,f4e44e9f9016,2026-09-02T01:42:32.083853302Z,2026-09-02T01:42:44.054656937Z,11970.803640,200,fa5bbaa12602c6803fc911cd560f3cd567585f7b4703499b433ac2343ab380c5,,false,miss
retained-20260902-68135d3ad33f,S1-100-r09,S1-100,request-013,d4745ce8b0076d85ef4bad6643512dad50425d8f61a49108664596ff785caf3e,f4e44e9f9016,2026-09-02T01:42:32.083843137Z,2026-09-02T01:42:41.449850657Z,9366.007526,200,fa5bbaa12602c6803fc911cd560f3cd567585f7b4703499b433ac2343ab380c5,,false,miss
retained-20260902-68135d3ad33f,S1-100-r09,S1-100,request-014,d4745ce8b0076d85ef4bad6643512dad50425d8f61a49108664596ff785caf3e,f4e44e9f9016,2026-09-02T01:42:32.083829843Z,2026-09-02T01:42:53.059267662Z,20975.437832,200,fa5bbaa12602c6803fc911cd560f3cd567585f7b4703499b433ac2343ab380c5,,false,miss
retained-20260902-68135d3ad33f,S1-100-r09,S1-100,request-015,d4745ce8b0076d85ef4bad6643512dad50425d8f61a49108664596ff785caf3e,f4e44e9f9016,2026-09-02T01:42:32.083816226Z,2026-09-02T01:42:51.649497217Z,19565.680998,200,fa5bbaa12602c6803fc911cd560f3cd567585f7b4703499b433ac2343ab380c5,,false,miss
retained-20260902-68135d3ad33f,S1-100-r09,S1-100,request-016,d4745ce8b0076d85ef4bad6643512dad50425d8f61a49108664596ff785caf3e,f4e44e9f9016,2026-09-02T01:42:32.083808713Z,2026-09-02T01:42:50.85420016Z,18770.391455,200,fa5bbaa12602c6803fc911cd560f3cd567585f7b4703499b433ac2343ab380c5,,false,miss
retained-20260902-68135d3ad33f,S1-100-r09,S1-100,request-017,d4745ce8b0076d85ef4bad6643512dad50425d8f61a49108664596ff785caf3e,f4e44e9f9016,2026-09-02T01:42:32.083788652Z,2026-09-02T01:42:49.657234602Z,17573.445952,200,fa5bbaa12602c6803fc911cd560f3cd567585f7b4703499b433ac2343ab380c5,,false,miss
retained-20260902-68135d3ad33f,S1-100-r09,S1-100,request-018,d4745ce8b0076d85ef4bad6643512dad50425d8f61a49108664596ff785caf3e,f4e44e9f9016,2026-09-02T01:42:32.08377974Z,2026-09-02T01:42:48.359462465Z,16275.682730,200,fa5bbaa12602c6803fc911cd560f3cd567585f7b4703499b433ac2343ab380c5,,false,miss
retained-20260902-68135d3ad33f,S1-100-r09,S1-100,request-019,d4745ce8b0076d85ef4bad6643512dad50425d8f61a49108664596ff785caf3e,f4e44e9f9016,2026-09-02T01:42:32.083364483Z,2026-09-02T01:42:52.061643027Z,19978.278550,200,fa5bbaa12602c6803fc911cd560f3cd567585f7b4703499b433ac2343ab380c5,,false,miss
retained-20260902-68135d3ad33f,S1-100-r09,S1-100,request-020,d4745ce8b0076d85ef4bad6643512dad50425d8f61a49108664596ff785caf3e,f4e44e9f9016,2026-09-02T01:42:32.083747536Z,2026-09-02T01:42:49.1764687Z,17092.721171,200,fa5bbaa12602c6803fc911cd560f3cd567585f7b4703499b433ac2343ab380c5,,false,miss
retained-20260902-68135d3ad33f,S1-100-r09,S1-100,request-021,d4745ce8b0076d85ef4bad6643512dad50425d8f61a49108664596ff785caf3e,f4e44e9f9016,2026-09-02T01:42:32.083748157Z,2026-09-02T01:42:47.854923553Z,15771.175404,200,fa5bbaa12602c6803fc911cd560f3cd567585f7b4703499b433ac2343ab380c5,,false,miss
retained-20260902-68135d3ad33f,S1-100-r09,S1-100,request-022,d4745ce8b0076d85ef4bad6643512dad50425d8f61a49108664596ff785caf3e,f4e44e9f9016,2026-09-02T01:42:32.08370468Z,2026-09-02T01:43:04.220561554Z,30370.314964,200,fa5bbaa12602c6803fc911cd560f3cd567585f7b4703499b433ac2343ab380c5,,false,miss
retained-20260902-68135d3ad33f,S1-100-r09,S1-100,request-023,d4745ce8b0076d85ef4bad6643512dad50425d8f61a49108664596ff785caf3e,f4e44e9f9016,2026-09-02T01:42:32.083709908Z,2026-09-02T01:43:01.723412972Z,27873.161157,200,fa5bbaa12602c6803fc911cd560f3cd567585f7b4703499b433ac2343ab380c5,,false,miss
retained-20260902-68135d3ad33f,S1-100-r09,S1-100,request-024,d4745ce8b0076d85ef4bad6643512dad50425d8f61a49108664596ff785caf3e,f4e44e9f9016,2026-09-02T01:42:32.083678146Z,2026-09-02T01:43:01.418149184Z,27567.929123,200,fa5bbaa12602c6803fc911cd560f3cd567585f7b4703499b433ac2343ab380c5,,false,miss
retained-20260902-68135d3ad33f,S1-100-r09,S1-100,request-025,d4745ce8b0076d85ef4bad6643512dad50425d8f61a49108664596ff785caf3e,f4e44e9f9016,2026-09-02T01:42:32.083632901Z,2026-09-02T01:42:58.253407651Z,26169.774751,200,fa5bbaa12602c6803fc911cd560f3cd567585f7b4703499b433ac2343ab380c5,,false,miss
retained-20260902-68135d3ad33f,S1-100-r09,S1-100,request-026,d4745ce8b0076d85ef4bad6643512dad50425d8f61a49108664596ff785caf3e,f4e44e9f9016,2026-09-02T01:42:32.083666764Z,2026-09-02T01:42:45.848797978Z,13765.131221,200,fa5bbaa12602c6803fc911cd560f3cd567585f7b4703499b433ac2343ab380c5,,false,miss
retained-20260902-68135d3ad33f,S1-100-r09,S1-100,request-027,d4745ce8b0076d85ef4bad6643512dad50425d8f61a49108664596ff785caf3e,f4e44e9f9016,2026-09-02T01:42:32.083613357Z,2026-09-02T01:42:58.662871378Z,26579.258026,200,fa5bbaa12602c6803fc911cd560f3cd567585f7b4703499b433ac2343ab380c5,,false,miss
retained-20260902-68135d3ad33f,S1-100-r09,S1-100,request-028,d4745ce8b0076d85ef4bad6643512dad50425d8f61a49108664596ff785caf3e,f4e44e9f9016,2026-09-02T01:42:32.083587138Z,2026-09-02T01:42:57.86375057Z,25780.163435,200,fa5bbaa12602c6803fc911cd560f3cd567585f7b4703499b433ac2343ab380c5,,false,miss
retained-20260902-68135d3ad33f,S1-100-r09,S1-100,request-029,d4745ce8b0076d85ef4bad6643512dad50425d8f61a49108664596ff785caf3e,f4e44e9f9016,2026-09-02T01:42:32.08356532Z,2026-09-02T01:42:58.347879506Z,26264.314193,200,fa5bbaa12602c6803fc911cd560f3cd567585f7b4703499b433ac2343ab380c5,,false,miss
retained-20260902-68135d3ad33f,S1-100-r09,S1-100,request-030,d4745ce8b0076d85ef4bad6643512dad50425d8f61a49108664596ff785caf3e,f4e44e9f9016,2026-09-02T01:42:32.083546793Z,2026-09-02T01:43:03.927363446Z,30077.274745,200,fa5bbaa12602c6803fc911cd560f3cd567585f7b4703499b433ac2343ab380c5,,false,miss
retained-20260902-68135d3ad33f,S1-100-r09,S1-100,request-031,d4745ce8b0076d85ef4bad6643512dad50425d8f61a49108664596ff785caf3e,f4e44e9f9016,2026-09-02T01:42:32.083513176Z,2026-09-02T01:42:44.654193914Z,12570.680735,200,fa5bbaa12602c6803fc911cd560f3cd567585f7b4703499b433ac2343ab380c5,,false,miss
retained-20260902-68135d3ad33f,S1-100-r09,S1-100,request-032,d4745ce8b0076d85ef4bad6643512dad50425d8f61a49108664596ff785caf3e,f4e44e9f9016,2026-09-02T01:42:32.083461605Z,2026-09-02T01:42:57.347302244Z,25263.840645,200,fa5bbaa12602c6803fc911cd560f3cd567585f7b4703499b433ac2343ab380c5,,false,miss
retained-20260902-68135d3ad33f,S1-100-r09,S1-100,request-033,d4745ce8b0076d85ef4bad6643512dad50425d8f61a49108664596ff785caf3e,f4e44e9f9016,2026-09-02T01:42:32.083442546Z,2026-09-02T01:43:03.717828901Z,29867.844448,200,fa5bbaa12602c6803fc911cd560f3cd567585f7b4703499b433ac2343ab380c5,,false,miss
retained-20260902-68135d3ad33f,S1-100-r09,S1-100,request-034,d4745ce8b0076d85ef4bad6643512dad50425d8f61a49108664596ff785caf3e,f4e44e9f9016,2026-09-02T01:42:32.083426702Z,2026-09-02T01:42:54.458205132Z,22374.778439,200,fa5bbaa12602c6803fc911cd560f3cd567585f7b4703499b433ac2343ab380c5,,false,miss
retained-20260902-68135d3ad33f,S1-100-r09,S1-100,request-035,d4745ce8b0076d85ef4bad6643512dad50425d8f61a49108664596ff785caf3e,f4e44e9f9016,2026-09-02T01:42:32.083405439Z,2026-09-02T01:42:53.058231139Z,20974.825703,200,fa5bbaa12602c6803fc911cd560f3cd567585f7b4703499b433ac2343ab380c5,,false,miss
retained-20260902-68135d3ad33f,S1-100-r09,S1-100,request-036,d4745ce8b0076d85ef4bad6643512dad50425d8f61a49108664596ff785caf3e,f4e44e9f9016,2026-09-02T01:42:32.083389971Z,2026-09-02T01:42:53.456350763Z,21372.960798,200,fa5bbaa12602c6803fc911cd560f3cd567585f7b4703499b433ac2343ab380c5,,false,miss
retained-20260902-68135d3ad33f,S1-100-r09,S1-100,request-037,d4745ce8b0076d85ef4bad6643512dad50425d8f61a49108664596ff785caf3e,f4e44e9f9016,2026-09-02T01:42:32.068034579Z,2026-09-02T01:42:39.763301709Z,7695.267130,200,fa5bbaa12602c6803fc911cd560f3cd567585f7b4703499b433ac2343ab380c5,,false,miss
retained-20260902-68135d3ad33f,S1-100-r09,S1-100,request-038,d4745ce8b0076d85ef4bad6643512dad50425d8f61a49108664596ff785caf3e,f4e44e9f9016,2026-09-02T01:42:32.083337784Z,2026-09-02T01:42:51.652336214Z,19568.998431,200,fa5bbaa12602c6803fc911cd560f3cd567585f7b4703499b433ac2343ab380c5,,false,miss
retained-20260902-68135d3ad33f,S1-100-r09,S1-100,request-039,d4745ce8b0076d85ef4bad6643512dad50425d8f61a49108664596ff785caf3e,f4e44e9f9016,2026-09-02T01:42:32.083316152Z,2026-09-02T01:42:50.950050883Z,18866.734733,200,fa5bbaa12602c6803fc911cd560f3cd567585f7b4703499b433ac2343ab380c5,,false,miss
retained-20260902-68135d3ad33f,S1-100-r09,S1-100,request-040,d4745ce8b0076d85ef4bad6643512dad50425d8f61a49108664596ff785caf3e,f4e44e9f9016,2026-09-02T01:42:32.083299071Z,2026-09-02T01:42:50.360912053Z,18277.612983,200,fa5bbaa12602c6803fc911cd560f3cd567585f7b4703499b433ac2343ab380c5,,false,miss
retained-20260902-68135d3ad33f,S1-100-r09,S1-100,request-041,d4745ce8b0076d85ef4bad6643512dad50425d8f61a49108664596ff785caf3e,f4e44e9f9016,2026-09-02T01:42:32.083279193Z,2026-09-02T01:42:49.560908254Z,17477.629063,200,fa5bbaa12602c6803fc911cd560f3cd567585f7b4703499b433ac2343ab380c5,,false,miss
retained-20260902-68135d3ad33f,S1-100-r09,S1-100,request-042,d4745ce8b0076d85ef4bad6643512dad50425d8f61a49108664596ff785caf3e,f4e44e9f9016,2026-09-02T01:42:32.08326355Z,2026-09-02T01:43:02.319675117Z,28469.869657,200,fa5bbaa12602c6803fc911cd560f3cd567585f7b4703499b433ac2343ab380c5,,false,miss
retained-20260902-68135d3ad33f,S1-100-r09,S1-100,request-043,d4745ce8b0076d85ef4bad6643512dad50425d8f61a49108664596ff785caf3e,f4e44e9f9016,2026-09-02T01:42:32.083244179Z,2026-09-02T01:43:02.627038637Z,28777.252547,200,fa5bbaa12602c6803fc911cd560f3cd567585f7b4703499b433ac2343ab380c5,,false,miss
retained-20260902-68135d3ad33f,S1-100-r09,S1-100,request-044,d4745ce8b0076d85ef4bad6643512dad50425d8f61a49108664596ff785caf3e,f4e44e9f9016,2026-09-02T01:42:32.083210033Z,2026-09-02T01:42:48.349559296Z,16266.349270,200,fa5bbaa12602c6803fc911cd560f3cd567585f7b4703499b433ac2343ab380c5,,false,miss
retained-20260902-68135d3ad33f,S1-100-r09,S1-100,request-045,d4745ce8b0076d85ef4bad6643512dad50425d8f61a49108664596ff785caf3e,f4e44e9f9016,2026-09-02T01:42:32.083192728Z,2026-09-02T01:42:47.955613664Z,15872.420946,200,fa5bbaa12602c6803fc911cd560f3cd567585f7b4703499b433ac2343ab380c5,,false,miss
retained-20260902-68135d3ad33f,S1-100-r09,S1-100,request-046,d4745ce8b0076d85ef4bad6643512dad50425d8f61a49108664596ff785caf3e,f4e44e9f9016,2026-09-02T01:42:32.083172402Z,2026-09-02T01:42:49.176583274Z,17093.410879,200,fa5bbaa12602c6803fc911cd560f3cd567585f7b4703499b433ac2343ab380c5,,false,miss
retained-20260902-68135d3ad33f,S1-100-r09,S1-100,request-047,d4745ce8b0076d85ef4bad6643512dad50425d8f61a49108664596ff785caf3e,f4e44e9f9016,2026-09-02T01:42:32.083151045Z,2026-09-02T01:43:05.023290374Z,31173.597432,200,fa5bbaa12602c6803fc911cd560f3cd567585f7b4703499b433ac2343ab380c5,,false,miss
retained-20260902-68135d3ad33f,S1-100-r09,S1-100,request-048,d4745ce8b0076d85ef4bad6643512dad50425d8f61a49108664596ff785caf3e,f4e44e9f9016,2026-09-02T01:42:32.083117936Z,2026-09-02T01:43:01.133402295Z,27283.742453,200,fa5bbaa12602c6803fc911cd560f3cd567585f7b4703499b433ac2343ab380c5,,false,miss
retained-20260902-68135d3ad33f,S1-100-r09,S1-100,request-049,d4745ce8b0076d85ef4bad6643512dad50425d8f61a49108664596ff785caf3e,f4e44e9f9016,2026-09-02T01:42:32.083098185Z,2026-09-02T01:42:46.746704221Z,14663.606042,200,fa5bbaa12602c6803fc911cd560f3cd567585f7b4703499b433ac2343ab380c5,,false,miss
retained-20260902-68135d3ad33f,S1-100-r09,S1-100,request-050,d4745ce8b0076d85ef4bad6643512dad50425d8f61a49108664596ff785caf3e,f4e44e9f9016,2026-09-02T01:42:32.083079659Z,2026-09-02T01:42:45.947922231Z,13864.842688,200,fa5bbaa12602c6803fc911cd560f3cd567585f7b4703499b433ac2343ab380c5,,false,miss
retained-20260902-68135d3ad33f,S1-100-r09,S1-100,request-051,d4745ce8b0076d85ef4bad6643512dad50425d8f61a49108664596ff785caf3e,f4e44e9f9016,2026-09-02T01:42:32.083051726Z,2026-09-02T01:43:00.920558434Z,27070.964798,200,fa5bbaa12602c6803fc911cd560f3cd567585f7b4703499b433ac2343ab380c5,,false,miss
retained-20260902-68135d3ad33f,S1-100-r09,S1-100,request-052,d4745ce8b0076d85ef4bad6643512dad50425d8f61a49108664596ff785caf3e,f4e44e9f9016,2026-09-02T01:42:32.083026735Z,2026-09-02T01:42:47.060771444Z,14977.744714,200,fa5bbaa12602c6803fc911cd560f3cd567585f7b4703499b433ac2343ab380c5,,false,miss
retained-20260902-68135d3ad33f,S1-100-r09,S1-100,request-053,d4745ce8b0076d85ef4bad6643512dad50425d8f61a49108664596ff785caf3e,f4e44e9f9016,2026-09-02T01:42:32.083001403Z,2026-09-02T01:42:45.261994078Z,13178.992683,200,fa5bbaa12602c6803fc911cd560f3cd567585f7b4703499b433ac2343ab380c5,,false,miss
retained-20260902-68135d3ad33f,S1-100-r09,S1-100,request-054,d4745ce8b0076d85ef4bad6643512dad50425d8f61a49108664596ff785caf3e,f4e44e9f9016,2026-09-02T01:42:32.082983136Z,2026-09-02T01:42:46.661088989Z,14578.105859,200,fa5bbaa12602c6803fc911cd560f3cd567585f7b4703499b433ac2343ab380c5,,false,miss
retained-20260902-68135d3ad33f,S1-100-r09,S1-100,request-055,d4745ce8b0076d85ef4bad6643512dad50425d8f61a49108664596ff785caf3e,f4e44e9f9016,2026-09-02T01:42:32.082962174Z,2026-09-02T01:43:05.018522973Z,31169.018893,200,fa5bbaa12602c6803fc911cd560f3cd567585f7b4703499b433ac2343ab380c5,,false,miss
retained-20260902-68135d3ad33f,S1-100-r09,S1-100,request-056,d4745ce8b0076d85ef4bad6643512dad50425d8f61a49108664596ff785caf3e,f4e44e9f9016,2026-09-02T01:42:32.082801187Z,2026-09-02T01:42:44.055426568Z,11972.625384,200,fa5bbaa12602c6803fc911cd560f3cd567585f7b4703499b433ac2343ab380c5,,false,miss
retained-20260902-68135d3ad33f,S1-100-r09,S1-100,request-057,d4745ce8b0076d85ef4bad6643512dad50425d8f61a49108664596ff785caf3e,f4e44e9f9016,2026-09-02T01:42:32.082755673Z,2026-09-02T01:42:45.361793641Z,13279.037965,200,fa5bbaa12602c6803fc911cd560f3cd567585f7b4703499b433ac2343ab380c5,,false,miss
retained-20260902-68135d3ad33f,S1-100-r09,S1-100,request-058,d4745ce8b0076d85ef4bad6643512dad50425d8f61a49108664596ff785caf3e,f4e44e9f9016,2026-09-02T01:42:32.082673088Z,2026-09-02T01:42:55.752858068Z,23670.184989,200,fa5bbaa12602c6803fc911cd560f3cd567585f7b4703499b433ac2343ab380c5,,false,miss
retained-20260902-68135d3ad33f,S1-100-r09,S1-100,request-059,d4745ce8b0076d85ef4bad6643512dad50425d8f61a49108664596ff785caf3e,f4e44e9f9016,2026-09-02T01:42:32.082631742Z,2026-09-02T01:42:55.149117273Z,23066.485536,200,fa5bbaa12602c6803fc911cd560f3cd567585f7b4703499b433ac2343ab380c5,,false,miss
retained-20260902-68135d3ad33f,S1-100-r09,S1-100,request-060,d4745ce8b0076d85ef4bad6643512dad50425d8f61a49108664596ff785caf3e,f4e44e9f9016,2026-09-02T01:42:32.082560237Z,2026-09-02T01:42:43.34785543Z,11265.295196,200,fa5bbaa12602c6803fc911cd560f3cd567585f7b4703499b433ac2343ab380c5,,false,miss
retained-20260902-68135d3ad33f,S1-100-r09,S1-100,request-061,d4745ce8b0076d85ef4bad6643512dad50425d8f61a49108664596ff785caf3e,f4e44e9f9016,2026-09-02T01:42:32.03726318Z,2026-09-02T01:42:42.153676028Z,10116.412851,200,fa5bbaa12602c6803fc911cd560f3cd567585f7b4703499b433ac2343ab380c5,,false,miss
retained-20260902-68135d3ad33f,S1-100-r09,S1-100,request-062,d4745ce8b0076d85ef4bad6643512dad50425d8f61a49108664596ff785caf3e,f4e44e9f9016,2026-09-02T01:42:32.037138268Z,2026-09-02T01:42:40.1550042Z,8117.865937,200,fa5bbaa12602c6803fc911cd560f3cd567585f7b4703499b433ac2343ab380c5,,false,miss
retained-20260902-68135d3ad33f,S1-100-r09,S1-100,request-063,d4745ce8b0076d85ef4bad6643512dad50425d8f61a49108664596ff785caf3e,f4e44e9f9016,2026-09-02T01:42:32.036993865Z,2026-09-02T01:42:38.253370726Z,6216.376867,200,fa5bbaa12602c6803fc911cd560f3cd567585f7b4703499b433ac2343ab380c5,,false,miss
retained-20260902-68135d3ad33f,S1-100-r09,S1-100,request-064,d4745ce8b0076d85ef4bad6643512dad50425d8f61a49108664596ff785caf3e,f4e44e9f9016,2026-09-02T01:42:32.036862457Z,2026-09-02T01:42:40.960266505Z,8923.404047,200,fa5bbaa12602c6803fc911cd560f3cd567585f7b4703499b433ac2343ab380c5,,false,miss
retained-20260902-68135d3ad33f,S1-100-r09,S1-100,request-065,d4745ce8b0076d85ef4bad6643512dad50425d8f61a49108664596ff785caf3e,f4e44e9f9016,2026-09-02T01:42:32.036669865Z,2026-09-02T01:42:35.86406181Z,3827.391953,200,fa5bbaa12602c6803fc911cd560f3cd567585f7b4703499b433ac2343ab380c5,,false,miss
retained-20260902-68135d3ad33f,S1-100-r09,S1-100,request-066,d4745ce8b0076d85ef4bad6643512dad50425d8f61a49108664596ff785caf3e,f4e44e9f9016,2026-09-02T01:42:32.036652477Z,2026-09-02T01:42:40.361896948Z,8325.244477,200,fa5bbaa12602c6803fc911cd560f3cd567585f7b4703499b433ac2343ab380c5,,false,miss
retained-20260902-68135d3ad33f,S1-100-r09,S1-100,request-067,d4745ce8b0076d85ef4bad6643512dad50425d8f61a49108664596ff785caf3e,f4e44e9f9016,2026-09-02T01:42:32.036632713Z,2026-09-02T01:42:35.055375631Z,3018.742926,200,fa5bbaa12602c6803fc911cd560f3cd567585f7b4703499b433ac2343ab380c5,,false,miss
retained-20260902-68135d3ad33f,S1-100-r09,S1-100,request-068,d4745ce8b0076d85ef4bad6643512dad50425d8f61a49108664596ff785caf3e,f4e44e9f9016,2026-09-02T01:42:32.03661631Z,2026-09-02T01:42:36.257114627Z,4220.498325,200,fa5bbaa12602c6803fc911cd560f3cd567585f7b4703499b433ac2343ab380c5,,false,miss
retained-20260902-68135d3ad33f,S1-100-r09,S1-100,request-069,d4745ce8b0076d85ef4bad6643512dad50425d8f61a49108664596ff785caf3e,f4e44e9f9016,2026-09-02T01:42:32.036581819Z,2026-09-02T01:42:34.663555112Z,2626.973295,200,fa5bbaa12602c6803fc911cd560f3cd567585f7b4703499b433ac2343ab380c5,,false,miss
retained-20260902-68135d3ad33f,S1-100-r09,S1-100,request-070,d4745ce8b0076d85ef4bad6643512dad50425d8f61a49108664596ff785caf3e,f4e44e9f9016,2026-09-02T01:42:32.036557945Z,2026-09-02T01:42:34.659977972Z,2623.420046,200,fa5bbaa12602c6803fc911cd560f3cd567585f7b4703499b433ac2343ab380c5,,false,miss
retained-20260902-68135d3ad33f,S1-100-r09,S1-100,request-071,d4745ce8b0076d85ef4bad6643512dad50425d8f61a49108664596ff785caf3e,f4e44e9f9016,2026-09-02T01:42:32.036534249Z,2026-09-02T01:42:38.464228429Z,6427.694186,200,fa5bbaa12602c6803fc911cd560f3cd567585f7b4703499b433ac2343ab380c5,,false,miss
retained-20260902-68135d3ad33f,S1-100-r09,S1-100,request-072,d4745ce8b0076d85ef4bad6643512dad50425d8f61a49108664596ff785caf3e,f4e44e9f9016,2026-09-02T01:42:32.036509417Z,2026-09-02T01:42:40.667407613Z,8630.898197,200,fa5bbaa12602c6803fc911cd560f3cd567585f7b4703499b433ac2343ab380c5,,false,miss
retained-20260902-68135d3ad33f,S1-100-r09,S1-100,request-073,d4745ce8b0076d85ef4bad6643512dad50425d8f61a49108664596ff785caf3e,f4e44e9f9016,2026-09-02T01:42:32.036486419Z,2026-09-02T01:42:39.06144575Z,7024.959333,200,fa5bbaa12602c6803fc911cd560f3cd567585f7b4703499b433ac2343ab380c5,,false,miss
retained-20260902-68135d3ad33f,S1-100-r09,S1-100,request-074,d4745ce8b0076d85ef4bad6643512dad50425d8f61a49108664596ff785caf3e,f4e44e9f9016,2026-09-02T01:42:32.036468509Z,2026-09-02T01:42:37.661061938Z,5624.593438,200,fa5bbaa12602c6803fc911cd560f3cd567585f7b4703499b433ac2343ab380c5,,false,miss
retained-20260902-68135d3ad33f,S1-100-r09,S1-100,request-075,d4745ce8b0076d85ef4bad6643512dad50425d8f61a49108664596ff785caf3e,f4e44e9f9016,2026-09-02T01:42:32.036447006Z,2026-09-02T01:42:41.963721336Z,9927.274335,200,fa5bbaa12602c6803fc911cd560f3cd567585f7b4703499b433ac2343ab380c5,,false,miss
retained-20260902-68135d3ad33f,S1-100-r09,S1-100,request-076,d4745ce8b0076d85ef4bad6643512dad50425d8f61a49108664596ff785caf3e,f4e44e9f9016,2026-09-02T01:42:32.036431923Z,2026-09-02T01:42:41.460524963Z,9424.093046,200,fa5bbaa12602c6803fc911cd560f3cd567585f7b4703499b433ac2343ab380c5,,false,miss
retained-20260902-68135d3ad33f,S1-100-r09,S1-100,request-077,d4745ce8b0076d85ef4bad6643512dad50425d8f61a49108664596ff785caf3e,f4e44e9f9016,2026-09-02T01:42:32.082941586Z,2026-09-02T01:43:06.152849785Z,32303.366294,200,fa5bbaa12602c6803fc911cd560f3cd567585f7b4703499b433ac2343ab380c5,,false,miss
retained-20260902-68135d3ad33f,S1-100-r09,S1-100,request-078,d4745ce8b0076d85ef4bad6643512dad50425d8f61a49108664596ff785caf3e,f4e44e9f9016,2026-09-02T01:42:32.082913831Z,2026-09-02T01:43:05.213489363Z,31364.033626,200,fa5bbaa12602c6803fc911cd560f3cd567585f7b4703499b433ac2343ab380c5,,false,miss
retained-20260902-68135d3ad33f,S1-100-r09,S1-100,request-079,d4745ce8b0076d85ef4bad6643512dad50425d8f61a49108664596ff785caf3e,f4e44e9f9016,2026-09-02T01:42:32.08286277Z,2026-09-02T01:43:05.520015709Z,31670.611023,200,fa5bbaa12602c6803fc911cd560f3cd567585f7b4703499b433ac2343ab380c5,,false,miss
retained-20260902-68135d3ad33f,S1-100-r09,S1-100,request-080,d4745ce8b0076d85ef4bad6643512dad50425d8f61a49108664596ff785caf3e,f4e44e9f9016,2026-09-02T01:42:32.082779117Z,2026-09-02T01:42:44.547719414Z,12464.940305,200,fa5bbaa12602c6803fc911cd560f3cd567585f7b4703499b433ac2343ab380c5,,false,miss
retained-20260902-68135d3ad33f,S1-100-r09,S1-100,request-081,d4745ce8b0076d85ef4bad6643512dad50425d8f61a49108664596ff785caf3e,f4e44e9f9016,2026-09-02T01:42:32.082736248Z,2026-09-02T01:42:57.062223909Z,24979.487661,200,fa5bbaa12602c6803fc911cd560f3cd567585f7b4703499b433ac2343ab380c5,,false,miss
retained-20260902-68135d3ad33f,S1-100-r09,S1-100,request-082,d4745ce8b0076d85ef4bad6643512dad50425d8f61a49108664596ff785caf3e,f4e44e9f9016,2026-09-02T01:42:32.082713978Z,2026-09-02T01:42:56.463196578Z,24380.482601,200,fa5bbaa12602c6803fc911cd560f3cd567585f7b4703499b433ac2343ab380c5,,false,miss
retained-20260902-68135d3ad33f,S1-100-r09,S1-100,request-083,d4745ce8b0076d85ef4bad6643512dad50425d8f61a49108664596ff785caf3e,f4e44e9f9016,2026-09-02T01:42:32.082614258Z,2026-09-02T01:42:56.954513469Z,24871.899216,200,fa5bbaa12602c6803fc911cd560f3cd567585f7b4703499b433ac2343ab380c5,,false,miss
retained-20260902-68135d3ad33f,S1-100-r09,S1-100,request-084,d4745ce8b0076d85ef4bad6643512dad50425d8f61a49108664596ff785caf3e,f4e44e9f9016,2026-09-02T01:42:32.082593208Z,2026-09-02T01:42:55.662891551Z,23580.298340,200,fa5bbaa12602c6803fc911cd560f3cd567585f7b4703499b433ac2343ab380c5,,false,miss
retained-20260902-68135d3ad33f,S1-100-r09,S1-100,request-085,d4745ce8b0076d85ef4bad6643512dad50425d8f61a49108664596ff785caf3e,f4e44e9f9016,2026-09-02T01:42:32.082513151Z,2026-09-02T01:42:42.746371171Z,10663.858017,200,fa5bbaa12602c6803fc911cd560f3cd567585f7b4703499b433ac2343ab380c5,,false,miss
retained-20260902-68135d3ad33f,S1-100-r09,S1-100,request-086,d4745ce8b0076d85ef4bad6643512dad50425d8f61a49108664596ff785caf3e,f4e44e9f9016,2026-09-02T01:42:32.083599178Z,2026-09-02T01:42:47.060732672Z,14977.133487,200,fa5bbaa12602c6803fc911cd560f3cd567585f7b4703499b433ac2343ab380c5,,false,miss
retained-20260902-68135d3ad33f,S1-100-r09,S1-100,request-087,d4745ce8b0076d85ef4bad6643512dad50425d8f61a49108664596ff785caf3e,f4e44e9f9016,2026-09-02T01:42:32.082428737Z,2026-09-02T01:42:42.760422176Z,10677.993435,200,fa5bbaa12602c6803fc911cd560f3cd567585f7b4703499b433ac2343ab380c5,,false,miss
retained-20260902-68135d3ad33f,S1-100-r09,S1-100,request-088,d4745ce8b0076d85ef4bad6643512dad50425d8f61a49108664596ff785caf3e,f4e44e9f9016,2026-09-02T01:42:32.069120753Z,2026-09-02T01:43:02.932773775Z,29097.111119,200,fa5bbaa12602c6803fc911cd560f3cd567585f7b4703499b433ac2343ab380c5,,false,miss
retained-20260902-68135d3ad33f,S1-100-r09,S1-100,request-089,d4745ce8b0076d85ef4bad6643512dad50425d8f61a49108664596ff785caf3e,f4e44e9f9016,2026-09-02T01:42:32.037068735Z,2026-09-02T01:42:35.864058Z,3826.989270,200,fa5bbaa12602c6803fc911cd560f3cd567585f7b4703499b433ac2343ab380c5,,false,miss
retained-20260902-68135d3ad33f,S1-100-r09,S1-100,request-090,d4745ce8b0076d85ef4bad6643512dad50425d8f61a49108664596ff785caf3e,f4e44e9f9016,2026-09-02T01:42:32.036910603Z,2026-09-02T01:42:37.061744586Z,5024.833991,200,fa5bbaa12602c6803fc911cd560f3cd567585f7b4703499b433ac2343ab380c5,,false,miss
retained-20260902-68135d3ad33f,S1-100-r09,S1-100,request-091,d4745ce8b0076d85ef4bad6643512dad50425d8f61a49108664596ff785caf3e,f4e44e9f9016,2026-09-02T01:42:32.036793865Z,2026-09-02T01:42:37.15344212Z,5116.648252,200,fa5bbaa12602c6803fc911cd560f3cd567585f7b4703499b433ac2343ab380c5,,false,miss
retained-20260902-68135d3ad33f,S1-100-r09,S1-100,request-092,d4745ce8b0076d85ef4bad6643512dad50425d8f61a49108664596ff785caf3e,f4e44e9f9016,2026-09-02T01:42:32.036716864Z,2026-09-02T01:42:37.554866694Z,5518.149826,200,fa5bbaa12602c6803fc911cd560f3cd567585f7b4703499b433ac2343ab380c5,,false,miss
retained-20260902-68135d3ad33f,S1-100-r09,S1-100,request-093,d4745ce8b0076d85ef4bad6643512dad50425d8f61a49108664596ff785caf3e,f4e44e9f9016,2026-09-02T01:42:32.036266323Z,2026-09-02T01:42:33.46466925Z,1428.402929,200,fa5bbaa12602c6803fc911cd560f3cd567585f7b4703499b433ac2343ab380c5,,false,miss
retained-20260902-68135d3ad33f,S1-100-r09,S1-100,request-094,d4745ce8b0076d85ef4bad6643512dad50425d8f61a49108664596ff785caf3e,f4e44e9f9016,2026-09-02T01:42:32.036395299Z,2026-09-02T01:42:34.853219443Z,2816.824150,200,fa5bbaa12602c6803fc911cd560f3cd567585f7b4703499b433ac2343ab380c5,,false,miss
retained-20260902-68135d3ad33f,S1-100-r09,S1-100,request-095,d4745ce8b0076d85ef4bad6643512dad50425d8f61a49108664596ff785caf3e,f4e44e9f9016,2026-09-02T01:42:32.03637696Z,2026-09-02T01:42:36.360542714Z,4324.165760,200,fa5bbaa12602c6803fc911cd560f3cd567585f7b4703499b433ac2343ab380c5,,false,miss
retained-20260902-68135d3ad33f,S1-100-r09,S1-100,request-096,d4745ce8b0076d85ef4bad6643512dad50425d8f61a49108664596ff785caf3e,f4e44e9f9016,2026-09-02T01:42:32.036415316Z,2026-09-02T01:42:38.852703947Z,6816.288636,200,fa5bbaa12602c6803fc911cd560f3cd567585f7b4703499b433ac2343ab380c5,,false,miss
retained-20260902-68135d3ad33f,S1-100-r09,S1-100,request-097,d4745ce8b0076d85ef4bad6643512dad50425d8f61a49108664596ff785caf3e,f4e44e9f9016,2026-09-02T01:42:32.036223949Z,2026-09-02T01:42:33.553416367Z,1517.192420,200,fa5bbaa12602c6803fc911cd560f3cd567585f7b4703499b433ac2343ab380c5,,false,miss
retained-20260902-68135d3ad33f,S1-100-r09,S1-100,request-098,d4745ce8b0076d85ef4bad6643512dad50425d8f61a49108664596ff785caf3e,f4e44e9f9016,2026-09-02T01:42:32.036351923Z,2026-09-02T01:42:33.655342501Z,1618.990584,200,fa5bbaa12602c6803fc911cd560f3cd567585f7b4703499b433ac2343ab380c5,,false,miss
retained-20260902-68135d3ad33f,S1-100-r09,S1-100,request-099,d4745ce8b0076d85ef4bad6643512dad50425d8f61a49108664596ff785caf3e,f4e44e9f9016,2026-09-02T01:42:32.036260202Z,2026-09-02T01:42:39.548691041Z,7512.430841,200,fa5bbaa12602c6803fc911cd560f3cd567585f7b4703499b433ac2343ab380c5,,false,miss
retained-20260902-68135d3ad33f,S1-100-r09,S1-100,request-100,d4745ce8b0076d85ef4bad6643512dad50425d8f61a49108664596ff785caf3e,f4e44e9f9016,2026-09-02T01:42:32.036223706Z,2026-09-02T01:42:33.455111382Z,1418.887672,200,fa5bbaa12602c6803fc911cd560f3cd567585f7b4703499b433ac2343ab380c5,,false,miss
retained-20260902-68135d3ad33f,S0-r10,S0,request-001,d4745ce8b0076d85ef4bad6643512dad50425d8f61a49108664596ff785caf3e,f4e44e9f9016,2026-09-02T01:43:06.562527765Z,2026-09-02T01:43:06.887703354Z,325.175595,200,fa5bbaa12602c6803fc911cd560f3cd567585f7b4703499b433ac2343ab380c5,,false,miss
retained-20260902-68135d3ad33f,S1-10-r10,S1-10,request-001,d4745ce8b0076d85ef4bad6643512dad50425d8f61a49108664596ff785caf3e,f4e44e9f9016,2026-09-02T01:43:07.227396652Z,2026-09-02T01:43:09.826266252Z,2598.869595,200,fa5bbaa12602c6803fc911cd560f3cd567585f7b4703499b433ac2343ab380c5,,false,miss
retained-20260902-68135d3ad33f,S1-10-r10,S1-10,request-002,d4745ce8b0076d85ef4bad6643512dad50425d8f61a49108664596ff785caf3e,f4e44e9f9016,2026-09-02T01:43:07.227298478Z,2026-09-02T01:43:09.918615462Z,2691.316956,200,fa5bbaa12602c6803fc911cd560f3cd567585f7b4703499b433ac2343ab380c5,,false,miss
retained-20260902-68135d3ad33f,S1-10-r10,S1-10,request-003,d4745ce8b0076d85ef4bad6643512dad50425d8f61a49108664596ff785caf3e,f4e44e9f9016,2026-09-02T01:43:07.227292613Z,2026-09-02T01:43:08.518723337Z,1291.430717,200,fa5bbaa12602c6803fc911cd560f3cd567585f7b4703499b433ac2343ab380c5,,false,miss
retained-20260902-68135d3ad33f,S1-10-r10,S1-10,request-004,d4745ce8b0076d85ef4bad6643512dad50425d8f61a49108664596ff785caf3e,f4e44e9f9016,2026-09-02T01:43:07.227475261Z,2026-09-02T01:43:10.44609279Z,3218.617538,200,fa5bbaa12602c6803fc911cd560f3cd567585f7b4703499b433ac2343ab380c5,,false,miss
retained-20260902-68135d3ad33f,S1-10-r10,S1-10,request-005,d4745ce8b0076d85ef4bad6643512dad50425d8f61a49108664596ff785caf3e,f4e44e9f9016,2026-09-02T01:43:07.227451733Z,2026-09-02T01:43:10.453760984Z,3226.309257,200,fa5bbaa12602c6803fc911cd560f3cd567585f7b4703499b433ac2343ab380c5,,false,miss
retained-20260902-68135d3ad33f,S1-10-r10,S1-10,request-006,d4745ce8b0076d85ef4bad6643512dad50425d8f61a49108664596ff785caf3e,f4e44e9f9016,2026-09-02T01:43:07.227428423Z,2026-09-02T01:43:09.733494897Z,2506.066473,200,fa5bbaa12602c6803fc911cd560f3cd567585f7b4703499b433ac2343ab380c5,,false,miss
retained-20260902-68135d3ad33f,S1-10-r10,S1-10,request-007,d4745ce8b0076d85ef4bad6643512dad50425d8f61a49108664596ff785caf3e,f4e44e9f9016,2026-09-02T01:43:07.227396525Z,2026-09-02T01:43:08.526033857Z,1298.637331,200,fa5bbaa12602c6803fc911cd560f3cd567585f7b4703499b433ac2343ab380c5,,false,miss
retained-20260902-68135d3ad33f,S1-10-r10,S1-10,request-008,d4745ce8b0076d85ef4bad6643512dad50425d8f61a49108664596ff785caf3e,f4e44e9f9016,2026-09-02T01:43:07.227276959Z,2026-09-02T01:43:08.629915663Z,1402.638713,200,fa5bbaa12602c6803fc911cd560f3cd567585f7b4703499b433ac2343ab380c5,,false,miss
retained-20260902-68135d3ad33f,S1-10-r10,S1-10,request-009,d4745ce8b0076d85ef4bad6643512dad50425d8f61a49108664596ff785caf3e,f4e44e9f9016,2026-09-02T01:43:07.227424228Z,2026-09-02T01:43:09.727937736Z,2500.513510,200,fa5bbaa12602c6803fc911cd560f3cd567585f7b4703499b433ac2343ab380c5,,false,miss
retained-20260902-68135d3ad33f,S1-10-r10,S1-10,request-010,d4745ce8b0076d85ef4bad6643512dad50425d8f61a49108664596ff785caf3e,f4e44e9f9016,2026-09-02T01:43:07.227254301Z,2026-09-02T01:43:08.517502415Z,1290.248114,200,fa5bbaa12602c6803fc911cd560f3cd567585f7b4703499b433ac2343ab380c5,,false,miss
retained-20260902-68135d3ad33f,S2-10-r10,S2-10,request-001,d4745ce8b0076d85ef4bad6643512dad50425d8f61a49108664596ff785caf3e,f4e44e9f9016,2026-09-02T01:43:10.823251244Z,2026-09-02T01:43:11.165277301Z,342.026065,200,fa5bbaa12602c6803fc911cd560f3cd567585f7b4703499b433ac2343ab380c5,,true,miss
retained-20260902-68135d3ad33f,S2-10-r10,S2-10,request-002,d4745ce8b0076d85ef4bad6643512dad50425d8f61a49108664596ff785caf3e,f4e44e9f9016,2026-09-02T01:43:10.823223712Z,2026-09-02T01:43:11.165257065Z,342.033355,200,fa5bbaa12602c6803fc911cd560f3cd567585f7b4703499b433ac2343ab380c5,,true,miss
retained-20260902-68135d3ad33f,S2-10-r10,S2-10,request-003,d4745ce8b0076d85ef4bad6643512dad50425d8f61a49108664596ff785caf3e,f4e44e9f9016,2026-09-02T01:43:10.823198624Z,2026-09-02T01:43:11.165197095Z,341.998476,200,fa5bbaa12602c6803fc911cd560f3cd567585f7b4703499b433ac2343ab380c5,,true,miss
retained-20260902-68135d3ad33f,S2-10-r10,S2-10,request-004,d4745ce8b0076d85ef4bad6643512dad50425d8f61a49108664596ff785caf3e,f4e44e9f9016,2026-09-02T01:43:10.823179049Z,2026-09-02T01:43:11.165166039Z,341.986997,200,fa5bbaa12602c6803fc911cd560f3cd567585f7b4703499b433ac2343ab380c5,,true,miss
retained-20260902-68135d3ad33f,S2-10-r10,S2-10,request-005,d4745ce8b0076d85ef4bad6643512dad50425d8f61a49108664596ff785caf3e,f4e44e9f9016,2026-09-02T01:43:10.823146718Z,2026-09-02T01:43:11.165217303Z,342.070587,200,fa5bbaa12602c6803fc911cd560f3cd567585f7b4703499b433ac2343ab380c5,,true,miss
retained-20260902-68135d3ad33f,S2-10-r10,S2-10,request-006,d4745ce8b0076d85ef4bad6643512dad50425d8f61a49108664596ff785caf3e,f4e44e9f9016,2026-09-02T01:43:10.823123691Z,2026-09-02T01:43:11.165025544Z,341.901862,200,fa5bbaa12602c6803fc911cd560f3cd567585f7b4703499b433ac2343ab380c5,,true,miss
retained-20260902-68135d3ad33f,S2-10-r10,S2-10,request-007,d4745ce8b0076d85ef4bad6643512dad50425d8f61a49108664596ff785caf3e,f4e44e9f9016,2026-09-02T01:43:10.82328644Z,2026-09-02T01:43:11.164761482Z,341.475041,200,fa5bbaa12602c6803fc911cd560f3cd567585f7b4703499b433ac2343ab380c5,,false,miss
retained-20260902-68135d3ad33f,S2-10-r10,S2-10,request-008,d4745ce8b0076d85ef4bad6643512dad50425d8f61a49108664596ff785caf3e,f4e44e9f9016,2026-09-02T01:43:10.823223741Z,2026-09-02T01:43:11.165102039Z,341.878302,200,fa5bbaa12602c6803fc911cd560f3cd567585f7b4703499b433ac2343ab380c5,,true,miss
retained-20260902-68135d3ad33f,S2-10-r10,S2-10,request-009,d4745ce8b0076d85ef4bad6643512dad50425d8f61a49108664596ff785caf3e,f4e44e9f9016,2026-09-02T01:43:10.823197322Z,2026-09-02T01:43:11.16509578Z,341.898467,200,fa5bbaa12602c6803fc911cd560f3cd567585f7b4703499b433ac2343ab380c5,,true,miss
retained-20260902-68135d3ad33f,S2-10-r10,S2-10,request-010,d4745ce8b0076d85ef4bad6643512dad50425d8f61a49108664596ff785caf3e,f4e44e9f9016,2026-09-02T01:43:10.823016855Z,2026-09-02T01:43:11.16532618Z,342.309331,200,fa5bbaa12602c6803fc911cd560f3cd567585f7b4703499b433ac2343ab380c5,,true,miss
retained-20260902-68135d3ad33f,S2-50-r10,S2-50,request-001,d4745ce8b0076d85ef4bad6643512dad50425d8f61a49108664596ff785caf3e,f4e44e9f9016,2026-09-02T01:43:11.480204868Z,2026-09-02T01:43:11.856185049Z,375.980188,200,fa5bbaa12602c6803fc911cd560f3cd567585f7b4703499b433ac2343ab380c5,,true,miss
retained-20260902-68135d3ad33f,S2-50-r10,S2-50,request-002,d4745ce8b0076d85ef4bad6643512dad50425d8f61a49108664596ff785caf3e,f4e44e9f9016,2026-09-02T01:43:11.480182183Z,2026-09-02T01:43:11.855491301Z,375.309122,200,fa5bbaa12602c6803fc911cd560f3cd567585f7b4703499b433ac2343ab380c5,,true,miss
retained-20260902-68135d3ad33f,S2-50-r10,S2-50,request-003,d4745ce8b0076d85ef4bad6643512dad50425d8f61a49108664596ff785caf3e,f4e44e9f9016,2026-09-02T01:43:11.480235392Z,2026-09-02T01:43:11.85695097Z,376.715583,200,fa5bbaa12602c6803fc911cd560f3cd567585f7b4703499b433ac2343ab380c5,,true,miss
retained-20260902-68135d3ad33f,S2-50-r10,S2-50,request-004,d4745ce8b0076d85ef4bad6643512dad50425d8f61a49108664596ff785caf3e,f4e44e9f9016,2026-09-02T01:43:11.480134034Z,2026-09-02T01:43:11.855519237Z,375.385208,200,fa5bbaa12602c6803fc911cd560f3cd567585f7b4703499b433ac2343ab380c5,,false,miss
retained-20260902-68135d3ad33f,S2-50-r10,S2-50,request-005,d4745ce8b0076d85ef4bad6643512dad50425d8f61a49108664596ff785caf3e,f4e44e9f9016,2026-09-02T01:43:11.480007153Z,2026-09-02T01:43:11.85559143Z,375.584284,200,fa5bbaa12602c6803fc911cd560f3cd567585f7b4703499b433ac2343ab380c5,,true,miss
retained-20260902-68135d3ad33f,S2-50-r10,S2-50,request-006,d4745ce8b0076d85ef4bad6643512dad50425d8f61a49108664596ff785caf3e,f4e44e9f9016,2026-09-02T01:43:11.479948366Z,2026-09-02T01:43:11.855955217Z,376.006848,200,fa5bbaa12602c6803fc911cd560f3cd567585f7b4703499b433ac2343ab380c5,,true,miss
retained-20260902-68135d3ad33f,S2-50-r10,S2-50,request-007,d4745ce8b0076d85ef4bad6643512dad50425d8f61a49108664596ff785caf3e,f4e44e9f9016,2026-09-02T01:43:11.48072638Z,2026-09-02T01:43:11.856050419Z,375.324041,200,fa5bbaa12602c6803fc911cd560f3cd567585f7b4703499b433ac2343ab380c5,,true,miss
retained-20260902-68135d3ad33f,S2-50-r10,S2-50,request-008,d4745ce8b0076d85ef4bad6643512dad50425d8f61a49108664596ff785caf3e,f4e44e9f9016,2026-09-02T01:43:11.48068624Z,2026-09-02T01:43:11.855784943Z,375.098702,200,fa5bbaa12602c6803fc911cd560f3cd567585f7b4703499b433ac2343ab380c5,,true,miss
retained-20260902-68135d3ad33f,S2-50-r10,S2-50,request-009,d4745ce8b0076d85ef4bad6643512dad50425d8f61a49108664596ff785caf3e,f4e44e9f9016,2026-09-02T01:43:11.480662001Z,2026-09-02T01:43:11.858133483Z,377.471483,200,fa5bbaa12602c6803fc911cd560f3cd567585f7b4703499b433ac2343ab380c5,,true,miss
retained-20260902-68135d3ad33f,S2-50-r10,S2-50,request-010,d4745ce8b0076d85ef4bad6643512dad50425d8f61a49108664596ff785caf3e,f4e44e9f9016,2026-09-02T01:43:11.480637736Z,2026-09-02T01:43:11.856270505Z,375.632769,200,fa5bbaa12602c6803fc911cd560f3cd567585f7b4703499b433ac2343ab380c5,,true,miss
retained-20260902-68135d3ad33f,S2-50-r10,S2-50,request-011,d4745ce8b0076d85ef4bad6643512dad50425d8f61a49108664596ff785caf3e,f4e44e9f9016,2026-09-02T01:43:11.480579556Z,2026-09-02T01:43:11.857827909Z,377.248361,200,fa5bbaa12602c6803fc911cd560f3cd567585f7b4703499b433ac2343ab380c5,,true,miss
retained-20260902-68135d3ad33f,S2-50-r10,S2-50,request-012,d4745ce8b0076d85ef4bad6643512dad50425d8f61a49108664596ff785caf3e,f4e44e9f9016,2026-09-02T01:43:11.480564885Z,2026-09-02T01:43:11.85660344Z,376.038548,200,fa5bbaa12602c6803fc911cd560f3cd567585f7b4703499b433ac2343ab380c5,,true,miss
retained-20260902-68135d3ad33f,S2-50-r10,S2-50,request-013,d4745ce8b0076d85ef4bad6643512dad50425d8f61a49108664596ff785caf3e,f4e44e9f9016,2026-09-02T01:43:11.48054363Z,2026-09-02T01:43:11.855722695Z,375.179067,200,fa5bbaa12602c6803fc911cd560f3cd567585f7b4703499b433ac2343ab380c5,,true,miss
retained-20260902-68135d3ad33f,S2-50-r10,S2-50,request-014,d4745ce8b0076d85ef4bad6643512dad50425d8f61a49108664596ff785caf3e,f4e44e9f9016,2026-09-02T01:43:11.480513741Z,2026-09-02T01:43:11.85776159Z,377.247850,200,fa5bbaa12602c6803fc911cd560f3cd567585f7b4703499b433ac2343ab380c5,,true,miss
retained-20260902-68135d3ad33f,S2-50-r10,S2-50,request-015,d4745ce8b0076d85ef4bad6643512dad50425d8f61a49108664596ff785caf3e,f4e44e9f9016,2026-09-02T01:43:11.480487632Z,2026-09-02T01:43:11.858465691Z,377.978059,200,fa5bbaa12602c6803fc911cd560f3cd567585f7b4703499b433ac2343ab380c5,,true,miss
retained-20260902-68135d3ad33f,S2-50-r10,S2-50,request-016,d4745ce8b0076d85ef4bad6643512dad50425d8f61a49108664596ff785caf3e,f4e44e9f9016,2026-09-02T01:43:11.480458918Z,2026-09-02T01:43:11.857486747Z,377.027825,200,fa5bbaa12602c6803fc911cd560f3cd567585f7b4703499b433ac2343ab380c5,,true,miss
retained-20260902-68135d3ad33f,S2-50-r10,S2-50,request-017,d4745ce8b0076d85ef4bad6643512dad50425d8f61a49108664596ff785caf3e,f4e44e9f9016,2026-09-02T01:43:11.480435952Z,2026-09-02T01:43:11.856195968Z,375.760015,200,fa5bbaa12602c6803fc911cd560f3cd567585f7b4703499b433ac2343ab380c5,,true,miss
retained-20260902-68135d3ad33f,S2-50-r10,S2-50,request-018,d4745ce8b0076d85ef4bad6643512dad50425d8f61a49108664596ff785caf3e,f4e44e9f9016,2026-09-02T01:43:11.480414787Z,2026-09-02T01:43:11.857348656Z,376.933868,200,fa5bbaa12602c6803fc911cd560f3cd567585f7b4703499b433ac2343ab380c5,,true,miss
retained-20260902-68135d3ad33f,S2-50-r10,S2-50,request-019,d4745ce8b0076d85ef4bad6643512dad50425d8f61a49108664596ff785caf3e,f4e44e9f9016,2026-09-02T01:43:11.480382595Z,2026-09-02T01:43:11.858226681Z,377.844091,200,fa5bbaa12602c6803fc911cd560f3cd567585f7b4703499b433ac2343ab380c5,,true,miss
retained-20260902-68135d3ad33f,S2-50-r10,S2-50,request-020,d4745ce8b0076d85ef4bad6643512dad50425d8f61a49108664596ff785caf3e,f4e44e9f9016,2026-09-02T01:43:11.480360678Z,2026-09-02T01:43:11.856598799Z,376.238126,200,fa5bbaa12602c6803fc911cd560f3cd567585f7b4703499b433ac2343ab380c5,,true,miss
retained-20260902-68135d3ad33f,S2-50-r10,S2-50,request-021,d4745ce8b0076d85ef4bad6643512dad50425d8f61a49108664596ff785caf3e,f4e44e9f9016,2026-09-02T01:43:11.48034052Z,2026-09-02T01:43:11.855826248Z,375.485735,200,fa5bbaa12602c6803fc911cd560f3cd567585f7b4703499b433ac2343ab380c5,,true,miss
retained-20260902-68135d3ad33f,S2-50-r10,S2-50,request-022,d4745ce8b0076d85ef4bad6643512dad50425d8f61a49108664596ff785caf3e,f4e44e9f9016,2026-09-02T01:43:11.480318983Z,2026-09-02T01:43:11.857613044Z,377.294063,200,fa5bbaa12602c6803fc911cd560f3cd567585f7b4703499b433ac2343ab380c5,,true,miss
retained-20260902-68135d3ad33f,S2-50-r10,S2-50,request-023,d4745ce8b0076d85ef4bad6643512dad50425d8f61a49108664596ff785caf3e,f4e44e9f9016,2026-09-02T01:43:11.480296003Z,2026-09-02T01:43:11.856276307Z,375.980306,200,fa5bbaa12602c6803fc911cd560f3cd567585f7b4703499b433ac2343ab380c5,,true,miss
retained-20260902-68135d3ad33f,S2-50-r10,S2-50,request-024,d4745ce8b0076d85ef4bad6643512dad50425d8f61a49108664596ff785caf3e,f4e44e9f9016,2026-09-02T01:43:11.480267149Z,2026-09-02T01:43:11.855862635Z,375.595492,200,fa5bbaa12602c6803fc911cd560f3cd567585f7b4703499b433ac2343ab380c5,,true,miss
retained-20260902-68135d3ad33f,S2-50-r10,S2-50,request-025,d4745ce8b0076d85ef4bad6643512dad50425d8f61a49108664596ff785caf3e,f4e44e9f9016,2026-09-02T01:43:11.480244998Z,2026-09-02T01:43:11.857603283Z,377.358290,200,fa5bbaa12602c6803fc911cd560f3cd567585f7b4703499b433ac2343ab380c5,,true,miss
retained-20260902-68135d3ad33f,S2-50-r10,S2-50,request-026,d4745ce8b0076d85ef4bad6643512dad50425d8f61a49108664596ff785caf3e,f4e44e9f9016,2026-09-02T01:43:11.480205787Z,2026-09-02T01:43:11.856363388Z,376.157606,200,fa5bbaa12602c6803fc911cd560f3cd567585f7b4703499b433ac2343ab380c5,,true,miss
retained-20260902-68135d3ad33f,S2-50-r10,S2-50,request-027,d4745ce8b0076d85ef4bad6643512dad50425d8f61a49108664596ff785caf3e,f4e44e9f9016,2026-09-02T01:43:11.480181203Z,2026-09-02T01:43:11.858515563Z,378.334362,200,fa5bbaa12602c6803fc911cd560f3cd567585f7b4703499b433ac2343ab380c5,,true,miss
retained-20260902-68135d3ad33f,S2-50-r10,S2-50,request-028,d4745ce8b0076d85ef4bad6643512dad50425d8f61a49108664596ff785caf3e,f4e44e9f9016,2026-09-02T01:43:11.480161159Z,2026-09-02T01:43:11.856066571Z,375.905420,200,fa5bbaa12602c6803fc911cd560f3cd567585f7b4703499b433ac2343ab380c5,,true,miss
retained-20260902-68135d3ad33f,S2-50-r10,S2-50,request-029,d4745ce8b0076d85ef4bad6643512dad50425d8f61a49108664596ff785caf3e,f4e44e9f9016,2026-09-02T01:43:11.480129249Z,2026-09-02T01:43:11.855679433Z,375.550184,200,fa5bbaa12602c6803fc911cd560f3cd567585f7b4703499b433ac2343ab380c5,,true,miss
retained-20260902-68135d3ad33f,S2-50-r10,S2-50,request-030,d4745ce8b0076d85ef4bad6643512dad50425d8f61a49108664596ff785caf3e,f4e44e9f9016,2026-09-02T01:43:11.479979538Z,2026-09-02T01:43:11.857945334Z,377.965796,200,fa5bbaa12602c6803fc911cd560f3cd567585f7b4703499b433ac2343ab380c5,,true,miss
retained-20260902-68135d3ad33f,S2-50-r10,S2-50,request-031,d4745ce8b0076d85ef4bad6643512dad50425d8f61a49108664596ff785caf3e,f4e44e9f9016,2026-09-02T01:43:11.480779201Z,2026-09-02T01:43:11.855901898Z,375.122700,200,fa5bbaa12602c6803fc911cd560f3cd567585f7b4703499b433ac2343ab380c5,,true,miss
retained-20260902-68135d3ad33f,S2-50-r10,S2-50,request-032,d4745ce8b0076d85ef4bad6643512dad50425d8f61a49108664596ff785caf3e,f4e44e9f9016,2026-09-02T01:43:11.480749733Z,2026-09-02T01:43:11.85754623Z,376.796501,200,fa5bbaa12602c6803fc911cd560f3cd567585f7b4703499b433ac2343ab380c5,,true,miss
retained-20260902-68135d3ad33f,S2-50-r10,S2-50,request-033,d4745ce8b0076d85ef4bad6643512dad50425d8f61a49108664596ff785caf3e,f4e44e9f9016,2026-09-02T01:43:11.480725384Z,2026-09-02T01:43:11.856357173Z,375.631786,200,fa5bbaa12602c6803fc911cd560f3cd567585f7b4703499b433ac2343ab380c5,,true,miss
retained-20260902-68135d3ad33f,S2-50-r10,S2-50,request-034,d4745ce8b0076d85ef4bad6643512dad50425d8f61a49108664596ff785caf3e,f4e44e9f9016,2026-09-02T01:43:11.480691209Z,2026-09-02T01:43:11.857435769Z,376.744568,200,fa5bbaa12602c6803fc911cd560f3cd567585f7b4703499b433ac2343ab380c5,,true,miss
retained-20260902-68135d3ad33f,S2-50-r10,S2-50,request-035,d4745ce8b0076d85ef4bad6643512dad50425d8f61a49108664596ff785caf3e,f4e44e9f9016,2026-09-02T01:43:11.480656793Z,2026-09-02T01:43:11.858301523Z,377.644723,200,fa5bbaa12602c6803fc911cd560f3cd567585f7b4703499b433ac2343ab380c5,,true,miss
retained-20260902-68135d3ad33f,S2-50-r10,S2-50,request-036,d4745ce8b0076d85ef4bad6643512dad50425d8f61a49108664596ff785caf3e,f4e44e9f9016,2026-09-02T01:43:11.480586896Z,2026-09-02T01:43:11.856011266Z,375.424372,200,fa5bbaa12602c6803fc911cd560f3cd567585f7b4703499b433ac2343ab380c5,,true,miss
retained-20260902-68135d3ad33f,S2-50-r10,S2-50,request-037,d4745ce8b0076d85ef4bad6643512dad50425d8f61a49108664596ff785caf3e,f4e44e9f9016,2026-09-02T01:43:11.480567302Z,2026-09-02T01:43:11.857430024Z,376.862723,200,fa5bbaa12602c6803fc911cd560f3cd567585f7b4703499b433ac2343ab380c5,,true,miss
retained-20260902-68135d3ad33f,S2-50-r10,S2-50,request-038,d4745ce8b0076d85ef4bad6643512dad50425d8f61a49108664596ff785caf3e,f4e44e9f9016,2026-09-02T01:43:11.480544469Z,2026-09-02T01:43:11.855981838Z,375.437386,200,fa5bbaa12602c6803fc911cd560f3cd567585f7b4703499b433ac2343ab380c5,,true,miss
retained-20260902-68135d3ad33f,S2-50-r10,S2-50,request-039,d4745ce8b0076d85ef4bad6643512dad50425d8f61a49108664596ff785caf3e,f4e44e9f9016,2026-09-02T01:43:11.480510225Z,2026-09-02T01:43:11.85561016Z,375.099939,200,fa5bbaa12602c6803fc911cd560f3cd567585f7b4703499b433ac2343ab380c5,,true,miss
retained-20260902-68135d3ad33f,S2-50-r10,S2-50,request-040,d4745ce8b0076d85ef4bad6643512dad50425d8f61a49108664596ff785caf3e,f4e44e9f9016,2026-09-02T01:43:11.480483993Z,2026-09-02T01:43:11.858222344Z,377.738352,200,fa5bbaa12602c6803fc911cd560f3cd567585f7b4703499b433ac2343ab380c5,,true,miss
retained-20260902-68135d3ad33f,S2-50-r10,S2-50,request-041,d4745ce8b0076d85ef4bad6643512dad50425d8f61a49108664596ff785caf3e,f4e44e9f9016,2026-09-02T01:43:11.480455546Z,2026-09-02T01:43:11.856918934Z,376.463394,200,fa5bbaa12602c6803fc911cd560f3cd567585f7b4703499b433ac2343ab380c5,,true,miss
retained-20260902-68135d3ad33f,S2-50-r10,S2-50,request-042,d4745ce8b0076d85ef4bad6643512dad50425d8f61a49108664596ff785caf3e,f4e44e9f9016,2026-09-02T01:43:11.480437728Z,2026-09-02T01:43:11.855918767Z,375.481036,200,fa5bbaa12602c6803fc911cd560f3cd567585f7b4703499b433ac2343ab380c5,,true,miss
retained-20260902-68135d3ad33f,S2-50-r10,S2-50,request-043,d4745ce8b0076d85ef4bad6643512dad50425d8f61a49108664596ff785caf3e,f4e44e9f9016,2026-09-02T01:43:11.480396475Z,2026-09-02T01:43:11.855655811Z,375.259336,200,fa5bbaa12602c6803fc911cd560f3cd567585f7b4703499b433ac2343ab380c5,,true,miss
retained-20260902-68135d3ad33f,S2-50-r10,S2-50,request-044,d4745ce8b0076d85ef4bad6643512dad50425d8f61a49108664596ff785caf3e,f4e44e9f9016,2026-09-02T01:43:11.48037633Z,2026-09-02T01:43:11.858395026Z,378.018700,200,fa5bbaa12602c6803fc911cd560f3cd567585f7b4703499b433ac2343ab380c5,,true,miss
retained-20260902-68135d3ad33f,S2-50-r10,S2-50,request-045,d4745ce8b0076d85ef4bad6643512dad50425d8f61a49108664596ff785caf3e,f4e44e9f9016,2026-09-02T01:43:11.480357324Z,2026-09-02T01:43:11.85613102Z,375.773700,200,fa5bbaa12602c6803fc911cd560f3cd567585f7b4703499b433ac2343ab380c5,,true,miss
retained-20260902-68135d3ad33f,S2-50-r10,S2-50,request-046,d4745ce8b0076d85ef4bad6643512dad50425d8f61a49108664596ff785caf3e,f4e44e9f9016,2026-09-02T01:43:11.48033782Z,2026-09-02T01:43:11.858187586Z,377.849769,200,fa5bbaa12602c6803fc911cd560f3cd567585f7b4703499b433ac2343ab380c5,,true,miss
retained-20260902-68135d3ad33f,S2-50-r10,S2-50,request-047,d4745ce8b0076d85ef4bad6643512dad50425d8f61a49108664596ff785caf3e,f4e44e9f9016,2026-09-02T01:43:11.48031317Z,2026-09-02T01:43:11.857274339Z,376.961173,200,fa5bbaa12602c6803fc911cd560f3cd567585f7b4703499b433ac2343ab380c5,,true,miss
retained-20260902-68135d3ad33f,S2-50-r10,S2-50,request-048,d4745ce8b0076d85ef4bad6643512dad50425d8f61a49108664596ff785caf3e,f4e44e9f9016,2026-09-02T01:43:11.480289497Z,2026-09-02T01:43:11.85611728Z,375.827788,200,fa5bbaa12602c6803fc911cd560f3cd567585f7b4703499b433ac2343ab380c5,,true,miss
retained-20260902-68135d3ad33f,S2-50-r10,S2-50,request-049,d4745ce8b0076d85ef4bad6643512dad50425d8f61a49108664596ff785caf3e,f4e44e9f9016,2026-09-02T01:43:11.480262297Z,2026-09-02T01:43:11.857538714Z,377.276423,200,fa5bbaa12602c6803fc911cd560f3cd567585f7b4703499b433ac2343ab380c5,,true,miss
retained-20260902-68135d3ad33f,S2-50-r10,S2-50,request-050,d4745ce8b0076d85ef4bad6643512dad50425d8f61a49108664596ff785caf3e,f4e44e9f9016,2026-09-02T01:43:11.480743773Z,2026-09-02T01:43:11.857358355Z,376.614581,200,fa5bbaa12602c6803fc911cd560f3cd567585f7b4703499b433ac2343ab380c5,,true,miss
retained-20260902-68135d3ad33f,S1-50-r10,S1-50,request-001,d4745ce8b0076d85ef4bad6643512dad50425d8f61a49108664596ff785caf3e,f4e44e9f9016,2026-09-02T01:43:12.160479078Z,2026-09-02T01:43:17.619334506Z,5458.855428,200,fa5bbaa12602c6803fc911cd560f3cd567585f7b4703499b433ac2343ab380c5,,false,miss
retained-20260902-68135d3ad33f,S1-50-r10,S1-50,request-002,d4745ce8b0076d85ef4bad6643512dad50425d8f61a49108664596ff785caf3e,f4e44e9f9016,2026-09-02T01:43:12.161267968Z,2026-09-02T01:43:19.919766141Z,7758.498180,200,fa5bbaa12602c6803fc911cd560f3cd567585f7b4703499b433ac2343ab380c5,,false,miss
retained-20260902-68135d3ad33f,S1-50-r10,S1-50,request-003,d4745ce8b0076d85ef4bad6643512dad50425d8f61a49108664596ff785caf3e,f4e44e9f9016,2026-09-02T01:43:12.161247492Z,2026-09-02T01:43:27.52801711Z,15366.769627,200,fa5bbaa12602c6803fc911cd560f3cd567585f7b4703499b433ac2343ab380c5,,false,miss
retained-20260902-68135d3ad33f,S1-50-r10,S1-50,request-004,d4745ce8b0076d85ef4bad6643512dad50425d8f61a49108664596ff785caf3e,f4e44e9f9016,2026-09-02T01:43:12.161226924Z,2026-09-02T01:43:18.921832982Z,6760.606063,200,fa5bbaa12602c6803fc911cd560f3cd567585f7b4703499b433ac2343ab380c5,,false,miss
retained-20260902-68135d3ad33f,S1-50-r10,S1-50,request-005,d4745ce8b0076d85ef4bad6643512dad50425d8f61a49108664596ff785caf3e,f4e44e9f9016,2026-09-02T01:43:12.161208004Z,2026-09-02T01:43:15.017696111Z,2856.488109,200,fa5bbaa12602c6803fc911cd560f3cd567585f7b4703499b433ac2343ab380c5,,false,miss
retained-20260902-68135d3ad33f,S1-50-r10,S1-50,request-006,d4745ce8b0076d85ef4bad6643512dad50425d8f61a49108664596ff785caf3e,f4e44e9f9016,2026-09-02T01:43:12.161183363Z,2026-09-02T01:43:27.720966555Z,15559.783193,200,fa5bbaa12602c6803fc911cd560f3cd567585f7b4703499b433ac2343ab380c5,,false,miss
retained-20260902-68135d3ad33f,S1-50-r10,S1-50,request-007,d4745ce8b0076d85ef4bad6643512dad50425d8f61a49108664596ff785caf3e,f4e44e9f9016,2026-09-02T01:43:12.161161166Z,2026-09-02T01:43:21.417817243Z,9256.656081,200,fa5bbaa12602c6803fc911cd560f3cd567585f7b4703499b433ac2343ab380c5,,false,miss
retained-20260902-68135d3ad33f,S1-50-r10,S1-50,request-008,d4745ce8b0076d85ef4bad6643512dad50425d8f61a49108664596ff785caf3e,f4e44e9f9016,2026-09-02T01:43:12.161137707Z,2026-09-02T01:43:26.514218051Z,14353.080349,200,fa5bbaa12602c6803fc911cd560f3cd567585f7b4703499b433ac2343ab380c5,,false,miss
retained-20260902-68135d3ad33f,S1-50-r10,S1-50,request-009,d4745ce8b0076d85ef4bad6643512dad50425d8f61a49108664596ff785caf3e,f4e44e9f9016,2026-09-02T01:43:12.161113217Z,2026-09-02T01:43:23.818117838Z,11657.004631,200,fa5bbaa12602c6803fc911cd560f3cd567585f7b4703499b433ac2343ab380c5,,false,miss
retained-20260902-68135d3ad33f,S1-50-r10,S1-50,request-010,d4745ce8b0076d85ef4bad6643512dad50425d8f61a49108664596ff785caf3e,f4e44e9f9016,2026-09-02T01:43:12.161083626Z,2026-09-02T01:43:25.329485665Z,13168.402050,200,fa5bbaa12602c6803fc911cd560f3cd567585f7b4703499b433ac2343ab380c5,,false,miss
retained-20260902-68135d3ad33f,S1-50-r10,S1-50,request-011,d4745ce8b0076d85ef4bad6643512dad50425d8f61a49108664596ff785caf3e,f4e44e9f9016,2026-09-02T01:43:12.161056216Z,2026-09-02T01:43:22.814386979Z,10653.330769,200,fa5bbaa12602c6803fc911cd560f3cd567585f7b4703499b433ac2343ab380c5,,false,miss
retained-20260902-68135d3ad33f,S1-50-r10,S1-50,request-012,d4745ce8b0076d85ef4bad6643512dad50425d8f61a49108664596ff785caf3e,f4e44e9f9016,2026-09-02T01:43:12.161042126Z,2026-09-02T01:43:22.716161908Z,10555.119791,200,fa5bbaa12602c6803fc911cd560f3cd567585f7b4703499b433ac2343ab380c5,,false,miss
retained-20260902-68135d3ad33f,S1-50-r10,S1-50,request-013,d4745ce8b0076d85ef4bad6643512dad50425d8f61a49108664596ff785caf3e,f4e44e9f9016,2026-09-02T01:43:12.161007508Z,2026-09-02T01:43:17.7251185Z,5564.110998,200,fa5bbaa12602c6803fc911cd560f3cd567585f7b4703499b433ac2343ab380c5,,false,miss
retained-20260902-68135d3ad33f,S1-50-r10,S1-50,request-014,d4745ce8b0076d85ef4bad6643512dad50425d8f61a49108664596ff785caf3e,f4e44e9f9016,2026-09-02T01:43:12.160982651Z,2026-09-02T01:43:18.820472329Z,6659.489686,200,fa5bbaa12602c6803fc911cd560f3cd567585f7b4703499b433ac2343ab380c5,,false,miss
retained-20260902-68135d3ad33f,S1-50-r10,S1-50,request-015,d4745ce8b0076d85ef4bad6643512dad50425d8f61a49108664596ff785caf3e,f4e44e9f9016,2026-09-02T01:43:12.160956018Z,2026-09-02T01:43:27.918678275Z,15757.722258,200,fa5bbaa12602c6803fc911cd560f3cd567585f7b4703499b433ac2343ab380c5,,false,miss
retained-20260902-68135d3ad33f,S1-50-r10,S1-50,request-016,d4745ce8b0076d85ef4bad6643512dad50425d8f61a49108664596ff785caf3e,f4e44e9f9016,2026-09-02T01:43:12.160938026Z,2026-09-02T01:43:24.119354448Z,11958.416428,200,fa5bbaa12602c6803fc911cd560f3cd567585f7b4703499b433ac2343ab380c5,,false,miss
retained-20260902-68135d3ad33f,S1-50-r10,S1-50,request-017,d4745ce8b0076d85ef4bad6643512dad50425d8f61a49108664596ff785caf3e,f4e44e9f9016,2026-09-02T01:43:12.16091913Z,2026-09-02T01:43:25.221916107Z,13060.996984,200,fa5bbaa12602c6803fc911cd560f3cd567585f7b4703499b433ac2343ab380c5,,false,miss
retained-20260902-68135d3ad33f,S1-50-r10,S1-50,request-018,d4745ce8b0076d85ef4bad6643512dad50425d8f61a49108664596ff785caf3e,f4e44e9f9016,2026-09-02T01:43:12.16089002Z,2026-09-02T01:43:16.312366693Z,4151.476681,200,fa5bbaa12602c6803fc911cd560f3cd567585f7b4703499b433ac2343ab380c5,,false,miss
retained-20260902-68135d3ad33f,S1-50-r10,S1-50,request-019,d4745ce8b0076d85ef4bad6643512dad50425d8f61a49108664596ff785caf3e,f4e44e9f9016,2026-09-02T01:43:12.160807219Z,2026-09-02T01:43:17.421193938Z,5260.386719,200,fa5bbaa12602c6803fc911cd560f3cd567585f7b4703499b433ac2343ab380c5,,false,miss
retained-20260902-68135d3ad33f,S1-50-r10,S1-50,request-020,d4745ce8b0076d85ef4bad6643512dad50425d8f61a49108664596ff785caf3e,f4e44e9f9016,2026-09-02T01:43:12.160772664Z,2026-09-02T01:43:16.220088008Z,4059.315344,200,fa5bbaa12602c6803fc911cd560f3cd567585f7b4703499b433ac2343ab380c5,,false,miss
retained-20260902-68135d3ad33f,S1-50-r10,S1-50,request-021,d4745ce8b0076d85ef4bad6643512dad50425d8f61a49108664596ff785caf3e,f4e44e9f9016,2026-09-02T01:43:12.160748709Z,2026-09-02T01:43:20.127732698Z,7966.983993,200,fa5bbaa12602c6803fc911cd560f3cd567585f7b4703499b433ac2343ab380c5,,false,miss
retained-20260902-68135d3ad33f,S1-50-r10,S1-50,request-022,d4745ce8b0076d85ef4bad6643512dad50425d8f61a49108664596ff785caf3e,f4e44e9f9016,2026-09-02T01:43:12.160706773Z,2026-09-02T01:43:22.71723586Z,10556.529085,200,fa5bbaa12602c6803fc911cd560f3cd567585f7b4703499b433ac2343ab380c5,,false,miss
retained-20260902-68135d3ad33f,S1-50-r10,S1-50,request-023,d4745ce8b0076d85ef4bad6643512dad50425d8f61a49108664596ff785caf3e,f4e44e9f9016,2026-09-02T01:43:12.160657367Z,2026-09-02T01:43:21.21996506Z,9059.307699,200,fa5bbaa12602c6803fc911cd560f3cd567585f7b4703499b433ac2343ab380c5,,false,miss
retained-20260902-68135d3ad33f,S1-50-r10,S1-50,request-024,d4745ce8b0076d85ef4bad6643512dad50425d8f61a49108664596ff785caf3e,f4e44e9f9016,2026-09-02T01:43:12.160619915Z,2026-09-02T01:43:13.711770376Z,1551.150458,200,fa5bbaa12602c6803fc911cd560f3cd567585f7b4703499b433ac2343ab380c5,,false,miss
retained-20260902-68135d3ad33f,S1-50-r10,S1-50,request-025,d4745ce8b0076d85ef4bad6643512dad50425d8f61a49108664596ff785caf3e,f4e44e9f9016,2026-09-02T01:43:12.160524917Z,2026-09-02T01:43:14.928651516Z,2768.126607,200,fa5bbaa12602c6803fc911cd560f3cd567585f7b4703499b433ac2343ab380c5,,false,miss
retained-20260902-68135d3ad33f,S1-50-r10,S1-50,request-026,d4745ce8b0076d85ef4bad6643512dad50425d8f61a49108664596ff785caf3e,f4e44e9f9016,2026-09-02T01:43:12.16125219Z,2026-09-02T01:43:28.414398692Z,16253.146510,200,fa5bbaa12602c6803fc911cd560f3cd567585f7b4703499b433ac2343ab380c5,,false,miss
retained-20260902-68135d3ad33f,S1-50-r10,S1-50,request-027,d4745ce8b0076d85ef4bad6643512dad50425d8f61a49108664596ff785caf3e,f4e44e9f9016,2026-09-02T01:43:12.16123052Z,2026-09-02T01:43:24.018497114Z,11857.266601,200,fa5bbaa12602c6803fc911cd560f3cd567585f7b4703499b433ac2343ab380c5,,false,miss
retained-20260902-68135d3ad33f,S1-50-r10,S1-50,request-028,d4745ce8b0076d85ef4bad6643512dad50425d8f61a49108664596ff785caf3e,f4e44e9f9016,2026-09-02T01:43:12.161211172Z,2026-09-02T01:43:15.020280857Z,2859.069689,200,fa5bbaa12602c6803fc911cd560f3cd567585f7b4703499b433ac2343ab380c5,,false,miss
retained-20260902-68135d3ad33f,S1-50-r10,S1-50,request-029,d4745ce8b0076d85ef4bad6643512dad50425d8f61a49108664596ff785caf3e,f4e44e9f9016,2026-09-02T01:43:12.161188292Z,2026-09-02T01:43:25.321901857Z,13160.713571,200,fa5bbaa12602c6803fc911cd560f3cd567585f7b4703499b433ac2343ab380c5,,false,miss
retained-20260902-68135d3ad33f,S1-50-r10,S1-50,request-030,d4745ce8b0076d85ef4bad6643512dad50425d8f61a49108664596ff785caf3e,f4e44e9f9016,2026-09-02T01:43:12.161163652Z,2026-09-02T01:43:24.019279838Z,11858.115976,200,fa5bbaa12602c6803fc911cd560f3cd567585f7b4703499b433ac2343ab380c5,,false,miss
retained-20260902-68135d3ad33f,S1-50-r10,S1-50,request-031,d4745ce8b0076d85ef4bad6643512dad50425d8f61a49108664596ff785caf3e,f4e44e9f9016,2026-09-02T01:43:12.161142409Z,2026-09-02T01:43:28.341825876Z,16180.683472,200,fa5bbaa12602c6803fc911cd560f3cd567585f7b4703499b433ac2343ab380c5,,false,miss
retained-20260902-68135d3ad33f,S1-50-r10,S1-50,request-032,d4745ce8b0076d85ef4bad6643512dad50425d8f61a49108664596ff785caf3e,f4e44e9f9016,2026-09-02T01:43:12.161122469Z,2026-09-02T01:43:26.327063068Z,14165.940605,200,fa5bbaa12602c6803fc911cd560f3cd567585f7b4703499b433ac2343ab380c5,,false,miss
retained-20260902-68135d3ad33f,S1-50-r10,S1-50,request-033,d4745ce8b0076d85ef4bad6643512dad50425d8f61a49108664596ff785caf3e,f4e44e9f9016,2026-09-02T01:43:12.161102997Z,2026-09-02T01:43:21.417877105Z,9256.774115,200,fa5bbaa12602c6803fc911cd560f3cd567585f7b4703499b433ac2343ab380c5,,false,miss
retained-20260902-68135d3ad33f,S1-50-r10,S1-50,request-034,d4745ce8b0076d85ef4bad6643512dad50425d8f61a49108664596ff785caf3e,f4e44e9f9016,2026-09-02T01:43:12.161074906Z,2026-09-02T01:43:20.313698786Z,8152.623886,200,fa5bbaa12602c6803fc911cd560f3cd567585f7b4703499b433ac2343ab380c5,,false,miss
retained-20260902-68135d3ad33f,S1-50-r10,S1-50,request-035,d4745ce8b0076d85ef4bad6643512dad50425d8f61a49108664596ff785caf3e,f4e44e9f9016,2026-09-02T01:43:12.161037598Z,2026-09-02T01:43:27.825214724Z,15664.177133,200,fa5bbaa12602c6803fc911cd560f3cd567585f7b4703499b433ac2343ab380c5,,false,miss
retained-20260902-68135d3ad33f,S1-50-r10,S1-50,request-036,d4745ce8b0076d85ef4bad6643512dad50425d8f61a49108664596ff785caf3e,f4e44e9f9016,2026-09-02T01:43:12.161000859Z,2026-09-02T01:43:17.529814795Z,5368.813943,200,fa5bbaa12602c6803fc911cd560f3cd567585f7b4703499b433ac2343ab380c5,,false,miss
retained-20260902-68135d3ad33f,S1-50-r10,S1-50,request-037,d4745ce8b0076d85ef4bad6643512dad50425d8f61a49108664596ff785caf3e,f4e44e9f9016,2026-09-02T01:43:12.160974445Z,2026-09-02T01:43:18.717747031Z,6556.772591,200,fa5bbaa12602c6803fc911cd560f3cd567585f7b4703499b433ac2343ab380c5,,false,miss
retained-20260902-68135d3ad33f,S1-50-r10,S1-50,request-038,d4745ce8b0076d85ef4bad6643512dad50425d8f61a49108664596ff785caf3e,f4e44e9f9016,2026-09-02T01:43:12.160953295Z,2026-09-02T01:43:26.71964148Z,14558.688191,200,fa5bbaa12602c6803fc911cd560f3cd567585f7b4703499b433ac2343ab380c5,,false,miss
retained-20260902-68135d3ad33f,S1-50-r10,S1-50,request-039,d4745ce8b0076d85ef4bad6643512dad50425d8f61a49108664596ff785caf3e,f4e44e9f9016,2026-09-02T01:43:12.16093272Z,2026-09-02T01:43:25.120701256Z,12959.768543,200,fa5bbaa12602c6803fc911cd560f3cd567585f7b4703499b433ac2343ab380c5,,false,miss
retained-20260902-68135d3ad33f,S1-50-r10,S1-50,request-040,d4745ce8b0076d85ef4bad6643512dad50425d8f61a49108664596ff785caf3e,f4e44e9f9016,2026-09-02T01:43:12.160912746Z,2026-09-02T01:43:16.318997512Z,4158.084771,200,fa5bbaa12602c6803fc911cd560f3cd567585f7b4703499b433ac2343ab380c5,,false,miss
retained-20260902-68135d3ad33f,S1-50-r10,S1-50,request-041,d4745ce8b0076d85ef4bad6643512dad50425d8f61a49108664596ff785caf3e,f4e44e9f9016,2026-09-02T01:43:12.16089205Z,2026-09-02T01:43:18.92595425Z,6765.062211,200,fa5bbaa12602c6803fc911cd560f3cd567585f7b4703499b433ac2343ab380c5,,false,miss
retained-20260902-68135d3ad33f,S1-50-r10,S1-50,request-042,d4745ce8b0076d85ef4bad6643512dad50425d8f61a49108664596ff785caf3e,f4e44e9f9016,2026-09-02T01:43:12.160873605Z,2026-09-02T01:43:15.014625882Z,2853.752283,200,fa5bbaa12602c6803fc911cd560f3cd567585f7b4703499b433ac2343ab380c5,,false,miss
retained-20260902-68135d3ad33f,S1-50-r10,S1-50,request-043,d4745ce8b0076d85ef4bad6643512dad50425d8f61a49108664596ff785caf3e,f4e44e9f9016,2026-09-02T01:43:12.160848348Z,2026-09-02T01:43:26.52591024Z,14365.061895,200,fa5bbaa12602c6803fc911cd560f3cd567585f7b4703499b433ac2343ab380c5,,false,miss
retained-20260902-68135d3ad33f,S1-50-r10,S1-50,request-044,d4745ce8b0076d85ef4bad6643512dad50425d8f61a49108664596ff785caf3e,f4e44e9f9016,2026-09-02T01:43:12.160791068Z,2026-09-02T01:43:22.517539838Z,10356.748776,200,fa5bbaa12602c6803fc911cd560f3cd567585f7b4703499b433ac2343ab380c5,,false,miss
retained-20260902-68135d3ad33f,S1-50-r10,S1-50,request-045,d4745ce8b0076d85ef4bad6643512dad50425d8f61a49108664596ff785caf3e,f4e44e9f9016,2026-09-02T01:43:12.160762046Z,2026-09-02T01:43:21.528346023Z,9367.583976,200,fa5bbaa12602c6803fc911cd560f3cd567585f7b4703499b433ac2343ab380c5,,false,miss
retained-20260902-68135d3ad33f,S1-50-r10,S1-50,request-046,d4745ce8b0076d85ef4bad6643512dad50425d8f61a49108664596ff785caf3e,f4e44e9f9016,2026-09-02T01:43:12.160724485Z,2026-09-02T01:43:13.726306242Z,1565.581752,200,fa5bbaa12602c6803fc911cd560f3cd567585f7b4703499b433ac2343ab380c5,,false,miss
retained-20260902-68135d3ad33f,S1-50-r10,S1-50,request-047,d4745ce8b0076d85ef4bad6643512dad50425d8f61a49108664596ff785caf3e,f4e44e9f9016,2026-09-02T01:43:12.160684207Z,2026-09-02T01:43:13.629255489Z,1468.571283,200,fa5bbaa12602c6803fc911cd560f3cd567585f7b4703499b433ac2343ab380c5,,false,miss
retained-20260902-68135d3ad33f,S1-50-r10,S1-50,request-048,d4745ce8b0076d85ef4bad6643512dad50425d8f61a49108664596ff785caf3e,f4e44e9f9016,2026-09-02T01:43:12.160656657Z,2026-09-02T01:43:16.418288992Z,4257.632340,200,fa5bbaa12602c6803fc911cd560f3cd567585f7b4703499b433ac2343ab380c5,,false,miss
retained-20260902-68135d3ad33f,S1-50-r10,S1-50,request-049,d4745ce8b0076d85ef4bad6643512dad50425d8f61a49108664596ff785caf3e,f4e44e9f9016,2026-09-02T01:43:12.160620679Z,2026-09-02T01:43:13.728024055Z,1567.403379,200,fa5bbaa12602c6803fc911cd560f3cd567585f7b4703499b433ac2343ab380c5,,false,miss
retained-20260902-68135d3ad33f,S1-50-r10,S1-50,request-050,d4745ce8b0076d85ef4bad6643512dad50425d8f61a49108664596ff785caf3e,f4e44e9f9016,2026-09-02T01:43:12.161291666Z,2026-09-02T01:43:20.121683144Z,7960.391484,200,fa5bbaa12602c6803fc911cd560f3cd567585f7b4703499b433ac2343ab380c5,,false,miss
retained-20260902-68135d3ad33f,S1-100-r10,S1-100,request-001,d4745ce8b0076d85ef4bad6643512dad50425d8f61a49108664596ff785caf3e,f4e44e9f9016,2026-09-02T01:43:28.731687814Z,2026-09-02T01:43:48.242753739Z,17781.558644,200,fa5bbaa12602c6803fc911cd560f3cd567585f7b4703499b433ac2343ab380c5,,false,miss
retained-20260902-68135d3ad33f,S1-100-r10,S1-100,request-002,d4745ce8b0076d85ef4bad6643512dad50425d8f61a49108664596ff785caf3e,f4e44e9f9016,2026-09-02T01:43:28.731626127Z,2026-09-02T01:43:47.254780321Z,16793.646914,200,fa5bbaa12602c6803fc911cd560f3cd567585f7b4703499b433ac2343ab380c5,,false,miss
retained-20260902-68135d3ad33f,S1-100-r10,S1-100,request-003,d4745ce8b0076d85ef4bad6643512dad50425d8f61a49108664596ff785caf3e,f4e44e9f9016,2026-09-02T01:43:28.731588839Z,2026-09-02T01:44:01.144518013Z,30683.421922,200,fa5bbaa12602c6803fc911cd560f3cd567585f7b4703499b433ac2343ab380c5,,false,miss
retained-20260902-68135d3ad33f,S1-100-r10,S1-100,request-004,d4745ce8b0076d85ef4bad6643512dad50425d8f61a49108664596ff785caf3e,f4e44e9f9016,2026-09-02T01:43:28.731564148Z,2026-09-02T01:44:03.044901444Z,31844.180338,200,fa5bbaa12602c6803fc911cd560f3cd567585f7b4703499b433ac2343ab380c5,,false,miss
retained-20260902-68135d3ad33f,S1-100-r10,S1-100,request-005,d4745ce8b0076d85ef4bad6643512dad50425d8f61a49108664596ff785caf3e,f4e44e9f9016,2026-09-02T01:43:28.731054684Z,2026-09-02T01:43:30.321606371Z,1590.551692,200,fa5bbaa12602c6803fc911cd560f3cd567585f7b4703499b433ac2343ab380c5,,false,miss
retained-20260902-68135d3ad33f,S1-100-r10,S1-100,request-006,d4745ce8b0076d85ef4bad6643512dad50425d8f61a49108664596ff785caf3e,f4e44e9f9016,2026-09-02T01:43:28.730758856Z,2026-09-02T01:43:54.749803486Z,24289.537351,200,fa5bbaa12602c6803fc911cd560f3cd567585f7b4703499b433ac2343ab380c5,,false,miss
retained-20260902-68135d3ad33f,S1-100-r10,S1-100,request-007,d4745ce8b0076d85ef4bad6643512dad50425d8f61a49108664596ff785caf3e,f4e44e9f9016,2026-09-02T01:43:28.761543478Z,2026-09-02T01:43:59.343467714Z,28852.416953,200,fa5bbaa12602c6803fc911cd560f3cd567585f7b4703499b433ac2343ab380c5,,false,miss
retained-20260902-68135d3ad33f,S1-100-r10,S1-100,request-008,d4745ce8b0076d85ef4bad6643512dad50425d8f61a49108664596ff785caf3e,f4e44e9f9016,2026-09-02T01:43:28.761508442Z,2026-09-02T01:43:48.356177455Z,17865.161742,200,fa5bbaa12602c6803fc911cd560f3cd567585f7b4703499b433ac2343ab380c5,,false,miss
retained-20260902-68135d3ad33f,S1-100-r10,S1-100,request-009,d4745ce8b0076d85ef4bad6643512dad50425d8f61a49108664596ff785caf3e,f4e44e9f9016,2026-09-02T01:43:28.761477939Z,2026-09-02T01:43:50.755548495Z,20264.563298,200,fa5bbaa12602c6803fc911cd560f3cd567585f7b4703499b433ac2343ab380c5,,false,miss
retained-20260902-68135d3ad33f,S1-100-r10,S1-100,request-010,d4745ce8b0076d85ef4bad6643512dad50425d8f61a49108664596ff785caf3e,f4e44e9f9016,2026-09-02T01:43:28.761444502Z,2026-09-02T01:43:46.956638543Z,16465.686762,200,fa5bbaa12602c6803fc911cd560f3cd567585f7b4703499b433ac2343ab380c5,,false,miss
retained-20260902-68135d3ad33f,S1-100-r10,S1-100,request-011,d4745ce8b0076d85ef4bad6643512dad50425d8f61a49108664596ff785caf3e,f4e44e9f9016,2026-09-02T01:43:28.76141777Z,2026-09-02T01:44:01.748512966Z,31257.587922,200,fa5bbaa12602c6803fc911cd560f3cd567585f7b4703499b433ac2343ab380c5,,false,miss
retained-20260902-68135d3ad33f,S1-100-r10,S1-100,request-012,d4745ce8b0076d85ef4bad6643512dad50425d8f61a49108664596ff785caf3e,f4e44e9f9016,2026-09-02T01:43:28.761389474Z,2026-09-02T01:43:45.847457339Z,15356.560586,200,fa5bbaa12602c6803fc911cd560f3cd567585f7b4703499b433ac2343ab380c5,,false,miss
retained-20260902-68135d3ad33f,S1-100-r10,S1-100,request-013,d4745ce8b0076d85ef4bad6643512dad50425d8f61a49108664596ff785caf3e,f4e44e9f9016,2026-09-02T01:43:28.761382201Z,2026-09-02T01:43:49.461397603Z,18970.508126,200,fa5bbaa12602c6803fc911cd560f3cd567585f7b4703499b433ac2343ab380c5,,false,miss
retained-20260902-68135d3ad33f,S1-100-r10,S1-100,request-014,d4745ce8b0076d85ef4bad6643512dad50425d8f61a49108664596ff785caf3e,f4e44e9f9016,2026-09-02T01:43:28.761362419Z,2026-09-02T01:43:44.554144504Z,14063.274804,200,fa5bbaa12602c6803fc911cd560f3cd567585f7b4703499b433ac2343ab380c5,,false,miss
retained-20260902-68135d3ad33f,S1-100-r10,S1-100,request-015,d4745ce8b0076d85ef4bad6643512dad50425d8f61a49108664596ff785caf3e,f4e44e9f9016,2026-09-02T01:43:28.761325348Z,2026-09-02T01:43:43.348191513Z,12857.358892,200,fa5bbaa12602c6803fc911cd560f3cd567585f7b4703499b433ac2343ab380c5,,false,miss
retained-20260902-68135d3ad33f,S1-100-r10,S1-100,request-016,d4745ce8b0076d85ef4bad6643512dad50425d8f61a49108664596ff785caf3e,f4e44e9f9016,2026-09-02T01:43:28.761297963Z,2026-09-02T01:43:54.456596129Z,23965.790891,200,fa5bbaa12602c6803fc911cd560f3cd567585f7b4703499b433ac2343ab380c5,,false,miss
retained-20260902-68135d3ad33f,S1-100-r10,S1-100,request-017,d4745ce8b0076d85ef4bad6643512dad50425d8f61a49108664596ff785caf3e,f4e44e9f9016,2026-09-02T01:43:28.761274619Z,2026-09-02T01:43:41.957440847Z,11466.658952,200,fa5bbaa12602c6803fc911cd560f3cd567585f7b4703499b433ac2343ab380c5,,false,miss
retained-20260902-68135d3ad33f,S1-100-r10,S1-100,request-018,d4745ce8b0076d85ef4bad6643512dad50425d8f61a49108664596ff785caf3e,f4e44e9f9016,2026-09-02T01:43:28.761246346Z,2026-09-02T01:43:40.741875607Z,10251.121987,200,fa5bbaa12602c6803fc911cd560f3cd567585f7b4703499b433ac2343ab380c5,,false,miss
retained-20260902-68135d3ad33f,S1-100-r10,S1-100,request-019,d4745ce8b0076d85ef4bad6643512dad50425d8f61a49108664596ff785caf3e,f4e44e9f9016,2026-09-02T01:43:28.76122205Z,2026-09-02T01:43:40.656210232Z,10165.480908,200,fa5bbaa12602c6803fc911cd560f3cd567585f7b4703499b433ac2343ab380c5,,false,miss
retained-20260902-68135d3ad33f,S1-100-r10,S1-100,request-020,d4745ce8b0076d85ef4bad6643512dad50425d8f61a49108664596ff785caf3e,f4e44e9f9016,2026-09-02T01:43:28.761190583Z,2026-09-02T01:43:45.947698944Z,15457.001082,200,fa5bbaa12602c6803fc911cd560f3cd567585f7b4703499b433ac2343ab380c5,,false,miss
retained-20260902-68135d3ad33f,S1-100-r10,S1-100,request-021,d4745ce8b0076d85ef4bad6643512dad50425d8f61a49108664596ff785caf3e,f4e44e9f9016,2026-09-02T01:43:28.761165071Z,2026-09-02T01:43:56.858657013Z,26367.984657,200,fa5bbaa12602c6803fc911cd560f3cd567585f7b4703499b433ac2343ab380c5,,false,miss
retained-20260902-68135d3ad33f,S1-100-r10,S1-100,request-022,d4745ce8b0076d85ef4bad6643512dad50425d8f61a49108664596ff785caf3e,f4e44e9f9016,2026-09-02T01:43:28.761125335Z,2026-09-02T01:44:02.157571443Z,31666.938830,200,fa5bbaa12602c6803fc911cd560f3cd567585f7b4703499b433ac2343ab380c5,,false,miss
retained-20260902-68135d3ad33f,S1-100-r10,S1-100,request-023,d4745ce8b0076d85ef4bad6643512dad50425d8f61a49108664596ff785caf3e,f4e44e9f9016,2026-09-02T01:43:28.761092096Z,2026-09-02T01:43:58.649521093Z,28158.921719,200,fa5bbaa12602c6803fc911cd560f3cd567585f7b4703499b433ac2343ab380c5,,false,miss
retained-20260902-68135d3ad33f,S1-100-r10,S1-100,request-024,d4745ce8b0076d85ef4bad6643512dad50425d8f61a49108664596ff785caf3e,f4e44e9f9016,2026-09-02T01:43:28.760976434Z,2026-09-02T01:43:52.150153962Z,21659.670252,200,fa5bbaa12602c6803fc911cd560f3cd567585f7b4703499b433ac2343ab380c5,,false,miss
retained-20260902-68135d3ad33f,S1-100-r10,S1-100,request-025,d4745ce8b0076d85ef4bad6643512dad50425d8f61a49108664596ff785caf3e,f4e44e9f9016,2026-09-02T01:43:28.73176101Z,2026-09-02T01:43:51.442002903Z,20980.734614,200,fa5bbaa12602c6803fc911cd560f3cd567585f7b4703499b433ac2343ab380c5,,false,miss
retained-20260902-68135d3ad33f,S1-100-r10,S1-100,request-026,d4745ce8b0076d85ef4bad6643512dad50425d8f61a49108664596ff785caf3e,f4e44e9f9016,2026-09-02T01:43:28.731693222Z,2026-09-02T01:43:49.44944829Z,18988.247797,200,fa5bbaa12602c6803fc911cd560f3cd567585f7b4703499b433ac2343ab380c5,,false,miss
retained-20260902-68135d3ad33f,S1-100-r10,S1-100,request-027,d4745ce8b0076d85ef4bad6643512dad50425d8f61a49108664596ff785caf3e,f4e44e9f9016,2026-09-02T01:43:28.731661651Z,2026-09-02T01:44:01.056688065Z,30595.519141,200,fa5bbaa12602c6803fc911cd560f3cd567585f7b4703499b433ac2343ab380c5,,false,miss
retained-20260902-68135d3ad33f,S1-100-r10,S1-100,request-028,d4745ce8b0076d85ef4bad6643512dad50425d8f61a49108664596ff785caf3e,f4e44e9f9016,2026-09-02T01:43:28.731636559Z,2026-09-02T01:44:00.464898584Z,30003.754751,200,fa5bbaa12602c6803fc911cd560f3cd567585f7b4703499b433ac2343ab380c5,,false,miss
retained-20260902-68135d3ad33f,S1-100-r10,S1-100,request-029,d4745ce8b0076d85ef4bad6643512dad50425d8f61a49108664596ff785caf3e,f4e44e9f9016,2026-09-02T01:43:28.731600396Z,2026-09-02T01:43:40.962801634Z,10501.693964,200,fa5bbaa12602c6803fc911cd560f3cd567585f7b4703499b433ac2343ab380c5,,false,miss
retained-20260902-68135d3ad33f,S1-100-r10,S1-100,request-030,d4745ce8b0076d85ef4bad6643512dad50425d8f61a49108664596ff785caf3e,f4e44e9f9016,2026-09-02T01:43:28.731578306Z,2026-09-02T01:43:59.764572264Z,29303.486685,200,fa5bbaa12602c6803fc911cd560f3cd567585f7b4703499b433ac2343ab380c5,,false,miss
retained-20260902-68135d3ad33f,S1-100-r10,S1-100,request-031,d4745ce8b0076d85ef4bad6643512dad50425d8f61a49108664596ff785caf3e,f4e44e9f9016,2026-09-02T01:43:28.731555892Z,2026-09-02T01:44:00.145440846Z,29684.377684,200,fa5bbaa12602c6803fc911cd560f3cd567585f7b4703499b433ac2343ab380c5,,false,miss
retained-20260902-68135d3ad33f,S1-100-r10,S1-100,request-032,d4745ce8b0076d85ef4bad6643512dad50425d8f61a49108664596ff785caf3e,f4e44e9f9016,2026-09-02T01:43:28.731513216Z,2026-09-02T01:43:47.056578958Z,16595.558453,200,fa5bbaa12602c6803fc911cd560f3cd567585f7b4703499b433ac2343ab380c5,,false,miss
retained-20260902-68135d3ad33f,S1-100-r10,S1-100,request-033,d4745ce8b0076d85ef4bad6643512dad50425d8f61a49108664596ff785caf3e,f4e44e9f9016,2026-09-02T01:43:28.73143036Z,2026-09-02T01:43:57.257251932Z,26796.314298,200,fa5bbaa12602c6803fc911cd560f3cd567585f7b4703499b433ac2343ab380c5,,false,miss
retained-20260902-68135d3ad33f,S1-100-r10,S1-100,request-034,d4745ce8b0076d85ef4bad6643512dad50425d8f61a49108664596ff785caf3e,f4e44e9f9016,2026-09-02T01:43:28.731415889Z,2026-09-02T01:43:44.547452176Z,14086.529015,200,fa5bbaa12602c6803fc911cd560f3cd567585f7b4703499b433ac2343ab380c5,,false,miss
retained-20260902-68135d3ad33f,S1-100-r10,S1-100,request-035,d4745ce8b0076d85ef4bad6643512dad50425d8f61a49108664596ff785caf3e,f4e44e9f9016,2026-09-02T01:43:28.73140135Z,2026-09-02T01:43:43.640781089Z,13179.872466,200,fa5bbaa12602c6803fc911cd560f3cd567585f7b4703499b433ac2343ab380c5,,false,miss
retained-20260902-68135d3ad33f,S1-100-r10,S1-100,request-036,d4745ce8b0076d85ef4bad6643512dad50425d8f61a49108664596ff785caf3e,f4e44e9f9016,2026-09-02T01:43:28.73138214Z,2026-09-02T01:43:43.345447141Z,12884.557717,200,fa5bbaa12602c6803fc911cd560f3cd567585f7b4703499b433ac2343ab380c5,,false,miss
retained-20260902-68135d3ad33f,S1-100-r10,S1-100,request-037,d4745ce8b0076d85ef4bad6643512dad50425d8f61a49108664596ff785caf3e,f4e44e9f9016,2026-09-02T01:43:28.731338717Z,2026-09-02T01:43:55.159798611Z,24698.952615,200,fa5bbaa12602c6803fc911cd560f3cd567585f7b4703499b433ac2343ab380c5,,false,miss
retained-20260902-68135d3ad33f,S1-100-r10,S1-100,request-038,d4745ce8b0076d85ef4bad6643512dad50425d8f61a49108664596ff785caf3e,f4e44e9f9016,2026-09-02T01:43:28.731295219Z,2026-09-02T01:44:01.444053122Z,30983.250630,200,fa5bbaa12602c6803fc911cd560f3cd567585f7b4703499b433ac2343ab380c5,,false,miss
retained-20260902-68135d3ad33f,S1-100-r10,S1-100,request-039,d4745ce8b0076d85ef4bad6643512dad50425d8f61a49108664596ff785caf3e,f4e44e9f9016,2026-09-02T01:43:28.731267663Z,2026-09-02T01:43:49.558615234Z,19097.840299,200,fa5bbaa12602c6803fc911cd560f3cd567585f7b4703499b433ac2343ab380c5,,false,miss
retained-20260902-68135d3ad33f,S1-100-r10,S1-100,request-040,d4745ce8b0076d85ef4bad6643512dad50425d8f61a49108664596ff785caf3e,f4e44e9f9016,2026-09-02T01:43:28.731246983Z,2026-09-02T01:43:37.050520795Z,6589.766538,200,fa5bbaa12602c6803fc911cd560f3cd567585f7b4703499b433ac2343ab380c5,,false,miss
retained-20260902-68135d3ad33f,S1-100-r10,S1-100,request-041,d4745ce8b0076d85ef4bad6643512dad50425d8f61a49108664596ff785caf3e,f4e44e9f9016,2026-09-02T01:43:28.73122337Z,2026-09-02T01:43:35.762602015Z,5301.871364,200,fa5bbaa12602c6803fc911cd560f3cd567585f7b4703499b433ac2343ab380c5,,false,miss
retained-20260902-68135d3ad33f,S1-100-r10,S1-100,request-042,d4745ce8b0076d85ef4bad6643512dad50425d8f61a49108664596ff785caf3e,f4e44e9f9016,2026-09-02T01:43:28.731202654Z,2026-09-02T01:43:33.164043606Z,2703.333674,200,fa5bbaa12602c6803fc911cd560f3cd567585f7b4703499b433ac2343ab380c5,,false,miss
retained-20260902-68135d3ad33f,S1-100-r10,S1-100,request-043,d4745ce8b0076d85ef4bad6643512dad50425d8f61a49108664596ff785caf3e,f4e44e9f9016,2026-09-02T01:43:28.731172539Z,2026-09-02T01:43:42.241805188Z,11781.125375,200,fa5bbaa12602c6803fc911cd560f3cd567585f7b4703499b433ac2343ab380c5,,false,miss
retained-20260902-68135d3ad33f,S1-100-r10,S1-100,request-044,d4745ce8b0076d85ef4bad6643512dad50425d8f61a49108664596ff785caf3e,f4e44e9f9016,2026-09-02T01:43:28.731150279Z,2026-09-02T01:43:39.46427346Z,9003.615907,200,fa5bbaa12602c6803fc911cd560f3cd567585f7b4703499b433ac2343ab380c5,,false,miss
retained-20260902-68135d3ad33f,S1-100-r10,S1-100,request-045,d4745ce8b0076d85ef4bad6643512dad50425d8f61a49108664596ff785caf3e,f4e44e9f9016,2026-09-02T01:43:28.731131407Z,2026-09-02T01:43:35.748375681Z,5287.736995,200,fa5bbaa12602c6803fc911cd560f3cd567585f7b4703499b433ac2343ab380c5,,false,miss
retained-20260902-68135d3ad33f,S1-100-r10,S1-100,request-046,d4745ce8b0076d85ef4bad6643512dad50425d8f61a49108664596ff785caf3e,f4e44e9f9016,2026-09-02T01:43:28.731112537Z,2026-09-02T01:43:35.7456456Z,5285.025787,200,fa5bbaa12602c6803fc911cd560f3cd567585f7b4703499b433ac2343ab380c5,,false,miss
retained-20260902-68135d3ad33f,S1-100-r10,S1-100,request-047,d4745ce8b0076d85ef4bad6643512dad50425d8f61a49108664596ff785caf3e,f4e44e9f9016,2026-09-02T01:43:28.731080113Z,2026-09-02T01:43:34.450978175Z,3990.390792,200,fa5bbaa12602c6803fc911cd560f3cd567585f7b4703499b433ac2343ab380c5,,false,miss
retained-20260902-68135d3ad33f,S1-100-r10,S1-100,request-048,d4745ce8b0076d85ef4bad6643512dad50425d8f61a49108664596ff785caf3e,f4e44e9f9016,2026-09-02T01:43:28.731049016Z,2026-09-02T01:43:30.228525342Z,1497.476336,200,fa5bbaa12602c6803fc911cd560f3cd567585f7b4703499b433ac2343ab380c5,,false,miss
retained-20260902-68135d3ad33f,S1-100-r10,S1-100,request-049,d4745ce8b0076d85ef4bad6643512dad50425d8f61a49108664596ff785caf3e,f4e44e9f9016,2026-09-02T01:43:28.731023649Z,2026-09-02T01:43:37.059841684Z,6599.310758,200,fa5bbaa12602c6803fc911cd560f3cd567585f7b4703499b433ac2343ab380c5,,false,miss
retained-20260902-68135d3ad33f,S1-100-r10,S1-100,request-050,d4745ce8b0076d85ef4bad6643512dad50425d8f61a49108664596ff785caf3e,f4e44e9f9016,2026-09-02T01:43:28.730993091Z,2026-09-02T01:43:34.543924946Z,4083.424580,200,fa5bbaa12602c6803fc911cd560f3cd567585f7b4703499b433ac2343ab380c5,,false,miss
retained-20260902-68135d3ad33f,S1-100-r10,S1-100,request-051,d4745ce8b0076d85ef4bad6643512dad50425d8f61a49108664596ff785caf3e,f4e44e9f9016,2026-09-02T01:43:28.730962444Z,2026-09-02T01:43:53.456603577Z,22996.133853,200,fa5bbaa12602c6803fc911cd560f3cd567585f7b4703499b433ac2343ab380c5,,false,miss
retained-20260902-68135d3ad33f,S1-100-r10,S1-100,request-052,d4745ce8b0076d85ef4bad6643512dad50425d8f61a49108664596ff785caf3e,f4e44e9f9016,2026-09-02T01:43:28.730864031Z,2026-09-02T01:43:53.363392902Z,22903.021598,200,fa5bbaa12602c6803fc911cd560f3cd567585f7b4703499b433ac2343ab380c5,,false,miss
retained-20260902-68135d3ad33f,S1-100-r10,S1-100,request-053,d4745ce8b0076d85ef4bad6643512dad50425d8f61a49108664596ff785caf3e,f4e44e9f9016,2026-09-02T01:43:28.730859653Z,2026-09-02T01:43:50.845954961Z,20385.588034,200,fa5bbaa12602c6803fc911cd560f3cd567585f7b4703499b433ac2343ab380c5,,false,miss
retained-20260902-68135d3ad33f,S1-100-r10,S1-100,request-054,d4745ce8b0076d85ef4bad6643512dad50425d8f61a49108664596ff785caf3e,f4e44e9f9016,2026-09-02T01:43:28.73085305Z,2026-09-02T01:43:57.34466309Z,26884.302755,200,fa5bbaa12602c6803fc911cd560f3cd567585f7b4703499b433ac2343ab380c5,,false,miss
retained-20260902-68135d3ad33f,S1-100-r10,S1-100,request-055,d4745ce8b0076d85ef4bad6643512dad50425d8f61a49108664596ff785caf3e,f4e44e9f9016,2026-09-02T01:43:28.730772297Z,2026-09-02T01:43:48.150092957Z,17689.813358,200,fa5bbaa12602c6803fc911cd560f3cd567585f7b4703499b433ac2343ab380c5,,false,miss
retained-20260902-68135d3ad33f,S1-100-r10,S1-100,request-056,d4745ce8b0076d85ef4bad6643512dad50425d8f61a49108664596ff785caf3e,f4e44e9f9016,2026-09-02T01:43:28.761371702Z,2026-09-02T01:43:44.762684726Z,14271.805750,200,fa5bbaa12602c6803fc911cd560f3cd567585f7b4703499b433ac2343ab380c5,,false,miss
retained-20260902-68135d3ad33f,S1-100-r10,S1-100,request-057,d4745ce8b0076d85ef4bad6643512dad50425d8f61a49108664596ff785caf3e,f4e44e9f9016,2026-09-02T01:43:28.76135466Z,2026-09-02T01:43:44.455596779Z,13964.734848,200,fa5bbaa12602c6803fc911cd560f3cd567585f7b4703499b433ac2343ab380c5,,false,miss
retained-20260902-68135d3ad33f,S1-100-r10,S1-100,request-058,d4745ce8b0076d85ef4bad6643512dad50425d8f61a49108664596ff785caf3e,f4e44e9f9016,2026-09-02T01:43:28.761324914Z,2026-09-02T01:43:43.25122414Z,12760.391950,200,fa5bbaa12602c6803fc911cd560f3cd567585f7b4703499b433ac2343ab380c5,,false,miss
retained-20260902-68135d3ad33f,S1-100-r10,S1-100,request-059,d4745ce8b0076d85ef4bad6643512dad50425d8f61a49108664596ff785caf3e,f4e44e9f9016,2026-09-02T01:43:28.761305261Z,2026-09-02T01:43:42.347306785Z,11856.494249,200,fa5bbaa12602c6803fc911cd560f3cd567585f7b4703499b433ac2343ab380c5,,false,miss
retained-20260902-68135d3ad33f,S1-100-r10,S1-100,request-060,d4745ce8b0076d85ef4bad6643512dad50425d8f61a49108664596ff785caf3e,f4e44e9f9016,2026-09-02T01:43:28.76128722Z,2026-09-02T01:43:42.043813777Z,11553.019285,200,fa5bbaa12602c6803fc911cd560f3cd567585f7b4703499b433ac2343ab380c5,,false,miss
retained-20260902-68135d3ad33f,S1-100-r10,S1-100,request-061,d4745ce8b0076d85ef4bad6643512dad50425d8f61a49108664596ff785caf3e,f4e44e9f9016,2026-09-02T01:43:28.761264445Z,2026-09-02T01:43:40.955780366Z,10465.008645,200,fa5bbaa12602c6803fc911cd560f3cd567585f7b4703499b433ac2343ab380c5,,false,miss
retained-20260902-68135d3ad33f,S1-100-r10,S1-100,request-062,d4745ce8b0076d85ef4bad6643512dad50425d8f61a49108664596ff785caf3e,f4e44e9f9016,2026-09-02T01:43:28.761234435Z,2026-09-02T01:43:39.748622311Z,9257.880601,200,fa5bbaa12602c6803fc911cd560f3cd567585f7b4703499b433ac2343ab380c5,,false,miss
retained-20260902-68135d3ad33f,S1-100-r10,S1-100,request-063,d4745ce8b0076d85ef4bad6643512dad50425d8f61a49108664596ff785caf3e,f4e44e9f9016,2026-09-02T01:43:28.761213317Z,2026-09-02T01:43:39.657197179Z,9166.476589,200,fa5bbaa12602c6803fc911cd560f3cd567585f7b4703499b433ac2343ab380c5,,false,miss
retained-20260902-68135d3ad33f,S1-100-r10,S1-100,request-064,d4745ce8b0076d85ef4bad6643512dad50425d8f61a49108664596ff785caf3e,f4e44e9f9016,2026-09-02T01:43:28.76119576Z,2026-09-02T01:43:55.744830506Z,25254.127473,200,fa5bbaa12602c6803fc911cd560f3cd567585f7b4703499b433ac2343ab380c5,,false,miss
retained-20260902-68135d3ad33f,S1-100-r10,S1-100,request-065,d4745ce8b0076d85ef4bad6643512dad50425d8f61a49108664596ff785caf3e,f4e44e9f9016,2026-09-02T01:43:28.761172479Z,2026-09-02T01:43:56.045487932Z,25554.808174,200,fa5bbaa12602c6803fc911cd560f3cd567585f7b4703499b433ac2343ab380c5,,false,miss
retained-20260902-68135d3ad33f,S1-100-r10,S1-100,request-066,d4745ce8b0076d85ef4bad6643512dad50425d8f61a49108664596ff785caf3e,f4e44e9f9016,2026-09-02T01:43:28.761148149Z,2026-09-02T01:43:56.356909732Z,25866.254305,200,fa5bbaa12602c6803fc911cd560f3cd567585f7b4703499b433ac2343ab380c5,,false,miss
retained-20260902-68135d3ad33f,S1-100-r10,S1-100,request-067,d4745ce8b0076d85ef4bad6643512dad50425d8f61a49108664596ff785caf3e,f4e44e9f9016,2026-09-02T01:43:28.761119915Z,2026-09-02T01:43:54.750765096Z,24260.137902,200,fa5bbaa12602c6803fc911cd560f3cd567585f7b4703499b433ac2343ab380c5,,false,miss
retained-20260902-68135d3ad33f,S1-100-r10,S1-100,request-068,d4745ce8b0076d85ef4bad6643512dad50425d8f61a49108664596ff785caf3e,f4e44e9f9016,2026-09-02T01:43:28.761075007Z,2026-09-02T01:43:53.952168849Z,23461.586562,200,fa5bbaa12602c6803fc911cd560f3cd567585f7b4703499b433ac2343ab380c5,,false,miss
retained-20260902-68135d3ad33f,S1-100-r10,S1-100,request-069,d4745ce8b0076d85ef4bad6643512dad50425d8f61a49108664596ff785caf3e,f4e44e9f9016,2026-09-02T01:43:28.761044933Z,2026-09-02T01:43:49.956290923Z,19465.738713,200,fa5bbaa12602c6803fc911cd560f3cd567585f7b4703499b433ac2343ab380c5,,false,miss
retained-20260902-68135d3ad33f,S1-100-r10,S1-100,request-070,d4745ce8b0076d85ef4bad6643512dad50425d8f61a49108664596ff785caf3e,f4e44e9f9016,2026-09-02T01:43:28.760877082Z,2026-09-02T01:43:58.558870846Z,28068.486497,200,fa5bbaa12602c6803fc911cd560f3cd567585f7b4703499b433ac2343ab380c5,,false,miss
retained-20260902-68135d3ad33f,S1-100-r10,S1-100,request-071,d4745ce8b0076d85ef4bad6643512dad50425d8f61a49108664596ff785caf3e,f4e44e9f9016,2026-09-02T01:43:28.731788052Z,2026-09-02T01:43:30.129706543Z,1397.918490,200,fa5bbaa12602c6803fc911cd560f3cd567585f7b4703499b433ac2343ab380c5,,false,miss
retained-20260902-68135d3ad33f,S1-100-r10,S1-100,request-072,d4745ce8b0076d85ef4bad6643512dad50425d8f61a49108664596ff785caf3e,f4e44e9f9016,2026-09-02T01:43:28.731743058Z,2026-09-02T01:43:50.846803284Z,20385.552948,200,fa5bbaa12602c6803fc911cd560f3cd567585f7b4703499b433ac2343ab380c5,,false,miss
retained-20260902-68135d3ad33f,S1-100-r10,S1-100,request-073,d4745ce8b0076d85ef4bad6643512dad50425d8f61a49108664596ff785caf3e,f4e44e9f9016,2026-09-02T01:43:28.731726264Z,2026-09-02T01:43:48.642221067Z,18180.987523,200,fa5bbaa12602c6803fc911cd560f3cd567585f7b4703499b433ac2343ab380c5,,false,miss
retained-20260902-68135d3ad33f,S1-100-r10,S1-100,request-074,d4745ce8b0076d85ef4bad6643512dad50425d8f61a49108664596ff785caf3e,f4e44e9f9016,2026-09-02T01:43:28.731541592Z,2026-09-02T01:43:58.05663052Z,27595.581654,200,fa5bbaa12602c6803fc911cd560f3cd567585f7b4703499b433ac2343ab380c5,,false,miss
retained-20260902-68135d3ad33f,S1-100-r10,S1-100,request-075,d4745ce8b0076d85ef4bad6643512dad50425d8f61a49108664596ff785caf3e,f4e44e9f9016,2026-09-02T01:43:28.731518637Z,2026-09-02T01:43:59.942077775Z,29481.051866,200,fa5bbaa12602c6803fc911cd560f3cd567585f7b4703499b433ac2343ab380c5,,false,miss
retained-20260902-68135d3ad33f,S1-100-r10,S1-100,request-076,d4745ce8b0076d85ef4bad6643512dad50425d8f61a49108664596ff785caf3e,f4e44e9f9016,2026-09-02T01:43:28.731495388Z,2026-09-02T01:43:57.563236683Z,27102.234020,200,fa5bbaa12602c6803fc911cd560f3cd567585f7b4703499b433ac2343ab380c5,,false,miss
retained-20260902-68135d3ad33f,S1-100-r10,S1-100,request-077,d4745ce8b0076d85ef4bad6643512dad50425d8f61a49108664596ff785caf3e,f4e44e9f9016,2026-09-02T01:43:28.731472753Z,2026-09-02T01:43:58.855398958Z,28394.418922,200,fa5bbaa12602c6803fc911cd560f3cd567585f7b4703499b433ac2343ab380c5,,false,miss
retained-20260902-68135d3ad33f,S1-100-r10,S1-100,request-078,d4745ce8b0076d85ef4bad6643512dad50425d8f61a49108664596ff785caf3e,f4e44e9f9016,2026-09-02T01:43:28.731433636Z,2026-09-02T01:43:47.043511213Z,16582.570300,200,fa5bbaa12602c6803fc911cd560f3cd567585f7b4703499b433ac2343ab380c5,,false,miss
retained-20260902-68135d3ad33f,S1-100-r10,S1-100,request-079,d4745ce8b0076d85ef4bad6643512dad50425d8f61a49108664596ff785caf3e,f4e44e9f9016,2026-09-02T01:43:28.731398779Z,2026-09-02T01:43:45.760215277Z,15299.309217,200,fa5bbaa12602c6803fc911cd560f3cd567585f7b4703499b433ac2343ab380c5,,false,miss
retained-20260902-68135d3ad33f,S1-100-r10,S1-100,request-080,d4745ce8b0076d85ef4bad6643512dad50425d8f61a49108664596ff785caf3e,f4e44e9f9016,2026-09-02T01:43:28.731382453Z,2026-09-02T01:43:38.344829946Z,7883.940215,200,fa5bbaa12602c6803fc911cd560f3cd567585f7b4703499b433ac2343ab380c5,,false,miss
retained-20260902-68135d3ad33f,S1-100-r10,S1-100,request-081,d4745ce8b0076d85ef4bad6643512dad50425d8f61a49108664596ff785caf3e,f4e44e9f9016,2026-09-02T01:43:28.731359996Z,2026-09-02T01:43:38.270615882Z,7809.748611,200,fa5bbaa12602c6803fc911cd560f3cd567585f7b4703499b433ac2343ab380c5,,false,miss
retained-20260902-68135d3ad33f,S1-100-r10,S1-100,request-082,d4745ce8b0076d85ef4bad6643512dad50425d8f61a49108664596ff785caf3e,f4e44e9f9016,2026-09-02T01:43:28.731337575Z,2026-09-02T01:43:38.270680346Z,7809.835489,200,fa5bbaa12602c6803fc911cd560f3cd567585f7b4703499b433ac2343ab380c5,,false,miss
retained-20260902-68135d3ad33f,S1-100-r10,S1-100,request-083,d4745ce8b0076d85ef4bad6643512dad50425d8f61a49108664596ff785caf3e,f4e44e9f9016,2026-09-02T01:43:28.731307472Z,2026-09-02T01:43:45.759617136Z,15298.802386,200,fa5bbaa12602c6803fc911cd560f3cd567585f7b4703499b433ac2343ab380c5,,false,miss
retained-20260902-68135d3ad33f,S1-100-r10,S1-100,request-084,d4745ce8b0076d85ef4bad6643512dad50425d8f61a49108664596ff785caf3e,f4e44e9f9016,2026-09-02T01:43:28.731298942Z,2026-09-02T01:43:39.454433207Z,8993.626993,200,fa5bbaa12602c6803fc911cd560f3cd567585f7b4703499b433ac2343ab380c5,,false,miss
retained-20260902-68135d3ad33f,S1-100-r10,S1-100,request-085,d4745ce8b0076d85ef4bad6643512dad50425d8f61a49108664596ff785caf3e,f4e44e9f9016,2026-09-02T01:43:28.731281487Z,2026-09-02T01:43:37.355116441Z,6894.327677,200,fa5bbaa12602c6803fc911cd560f3cd567585f7b4703499b433ac2343ab380c5,,false,miss
retained-20260902-68135d3ad33f,S1-100-r10,S1-100,request-086,d4745ce8b0076d85ef4bad6643512dad50425d8f61a49108664596ff785caf3e,f4e44e9f9016,2026-09-02T01:43:28.731247311Z,2026-09-02T01:43:36.956086944Z,6495.332360,200,fa5bbaa12602c6803fc911cd560f3cd567585f7b4703499b433ac2343ab380c5,,false,miss
retained-20260902-68135d3ad33f,S1-100-r10,S1-100,request-087,d4745ce8b0076d85ef4bad6643512dad50425d8f61a49108664596ff785caf3e,f4e44e9f9016,2026-09-02T01:43:28.731225134Z,2026-09-02T01:43:38.454093117Z,7993.360704,200,fa5bbaa12602c6803fc911cd560f3cd567585f7b4703499b433ac2343ab380c5,,false,miss
retained-20260902-68135d3ad33f,S1-100-r10,S1-100,request-088,d4745ce8b0076d85ef4bad6643512dad50425d8f61a49108664596ff785caf3e,f4e44e9f9016,2026-09-02T01:43:28.731199576Z,2026-09-02T01:43:34.350529908Z,3889.823058,200,fa5bbaa12602c6803fc911cd560f3cd567585f7b4703499b433ac2343ab380c5,,false,miss
retained-20260902-68135d3ad33f,S1-100-r10,S1-100,request-089,d4745ce8b0076d85ef4bad6643512dad50425d8f61a49108664596ff785caf3e,f4e44e9f9016,2026-09-02T01:43:28.731176938Z,2026-09-02T01:43:52.159328119Z,21698.643906,200,fa5bbaa12602c6803fc911cd560f3cd567585f7b4703499b433ac2343ab380c5,,false,miss
retained-20260902-68135d3ad33f,S1-100-r10,S1-100,request-090,d4745ce8b0076d85ef4bad6643512dad50425d8f61a49108664596ff785caf3e,f4e44e9f9016,2026-09-02T01:43:28.731157334Z,2026-09-02T01:43:52.049868431Z,21589.203823,200,fa5bbaa12602c6803fc911cd560f3cd567585f7b4703499b433ac2343ab380c5,,false,miss
retained-20260902-68135d3ad33f,S1-100-r10,S1-100,request-091,d4745ce8b0076d85ef4bad6643512dad50425d8f61a49108664596ff785caf3e,f4e44e9f9016,2026-09-02T01:43:28.731130916Z,2026-09-02T01:43:34.756740364Z,4296.102168,200,fa5bbaa12602c6803fc911cd560f3cd567585f7b4703499b433ac2343ab380c5,,false,miss
retained-20260902-68135d3ad33f,S1-100-r10,S1-100,request-092,d4745ce8b0076d85ef4bad6643512dad50425d8f61a49108664596ff785caf3e,f4e44e9f9016,2026-09-02T01:43:28.731109469Z,2026-09-02T01:43:33.451252975Z,2990.636231,200,fa5bbaa12602c6803fc911cd560f3cd567585f7b4703499b433ac2343ab380c5,,false,miss
retained-20260902-68135d3ad33f,S1-100-r10,S1-100,request-093,d4745ce8b0076d85ef4bad6643512dad50425d8f61a49108664596ff785caf3e,f4e44e9f9016,2026-09-02T01:43:28.731086298Z,2026-09-02T01:43:33.24931725Z,2788.723679,200,fa5bbaa12602c6803fc911cd560f3cd567585f7b4703499b433ac2343ab380c5,,false,miss
retained-20260902-68135d3ad33f,S1-100-r10,S1-100,request-094,d4745ce8b0076d85ef4bad6643512dad50425d8f61a49108664596ff785caf3e,f4e44e9f9016,2026-09-02T01:43:28.731030276Z,2026-09-02T01:43:30.217266325Z,1486.236055,200,fa5bbaa12602c6803fc911cd560f3cd567585f7b4703499b433ac2343ab380c5,,false,miss
retained-20260902-68135d3ad33f,S1-100-r10,S1-100,request-095,d4745ce8b0076d85ef4bad6643512dad50425d8f61a49108664596ff785caf3e,f4e44e9f9016,2026-09-02T01:43:28.731012894Z,2026-09-02T01:43:33.156628882Z,2696.108718,200,fa5bbaa12602c6803fc911cd560f3cd567585f7b4703499b433ac2343ab380c5,,false,miss
retained-20260902-68135d3ad33f,S1-100-r10,S1-100,request-096,d4745ce8b0076d85ef4bad6643512dad50425d8f61a49108664596ff785caf3e,f4e44e9f9016,2026-09-02T01:43:28.730993777Z,2026-09-02T01:43:53.34725451Z,22886.753457,200,fa5bbaa12602c6803fc911cd560f3cd567585f7b4703499b433ac2343ab380c5,,false,miss
retained-20260902-68135d3ad33f,S1-100-r10,S1-100,request-097,d4745ce8b0076d85ef4bad6643512dad50425d8f61a49108664596ff785caf3e,f4e44e9f9016,2026-09-02T01:43:28.730825531Z,2026-09-02T01:43:56.047263711Z,25586.930896,200,fa5bbaa12602c6803fc911cd560f3cd567585f7b4703499b433ac2343ab380c5,,false,miss
retained-20260902-68135d3ad33f,S1-100-r10,S1-100,request-098,d4745ce8b0076d85ef4bad6643512dad50425d8f61a49108664596ff785caf3e,f4e44e9f9016,2026-09-02T01:43:28.730831726Z,2026-09-02T01:43:52.646481008Z,22186.142018,200,fa5bbaa12602c6803fc911cd560f3cd567585f7b4703499b433ac2343ab380c5,,false,miss
retained-20260902-68135d3ad33f,S1-100-r10,S1-100,request-099,d4745ce8b0076d85ef4bad6643512dad50425d8f61a49108664596ff785caf3e,f4e44e9f9016,2026-09-02T01:43:28.730964819Z,2026-09-02T01:43:36.050217123Z,5589.745018,200,fa5bbaa12602c6803fc911cd560f3cd567585f7b4703499b433ac2343ab380c5,,false,miss
retained-20260902-68135d3ad33f,S1-100-r10,S1-100,request-100,d4745ce8b0076d85ef4bad6643512dad50425d8f61a49108664596ff785caf3e,f4e44e9f9016,2026-09-02T01:43:28.761565827Z,2026-09-02T01:44:02.161821092Z,31670.747985,200,fa5bbaa12602c6803fc911cd560f3cd567585f7b4703499b433ac2343ab380c5,,false,miss
retained-20260902-68135d3ad33f,S2-100-r10,S2-100,request-001,d4745ce8b0076d85ef4bad6643512dad50425d8f61a49108664596ff785caf3e,f4e44e9f9016,2026-09-02T01:44:04.637950645Z,2026-09-02T01:44:05.012829433Z,374.878790,200,fa5bbaa12602c6803fc911cd560f3cd567585f7b4703499b433ac2343ab380c5,,true,miss
retained-20260902-68135d3ad33f,S2-100-r10,S2-100,request-002,d4745ce8b0076d85ef4bad6643512dad50425d8f61a49108664596ff785caf3e,f4e44e9f9016,2026-09-02T01:44:04.637636055Z,2026-09-02T01:44:05.031688746Z,394.052699,200,fa5bbaa12602c6803fc911cd560f3cd567585f7b4703499b433ac2343ab380c5,,true,miss
retained-20260902-68135d3ad33f,S2-100-r10,S2-100,request-003,d4745ce8b0076d85ef4bad6643512dad50425d8f61a49108664596ff785caf3e,f4e44e9f9016,2026-09-02T01:44:04.637610803Z,2026-09-02T01:44:05.011627306Z,374.016507,200,fa5bbaa12602c6803fc911cd560f3cd567585f7b4703499b433ac2343ab380c5,,false,miss
retained-20260902-68135d3ad33f,S2-100-r10,S2-100,request-004,d4745ce8b0076d85ef4bad6643512dad50425d8f61a49108664596ff785caf3e,f4e44e9f9016,2026-09-02T01:44:04.637560073Z,2026-09-02T01:44:05.032084996Z,394.524925,200,fa5bbaa12602c6803fc911cd560f3cd567585f7b4703499b433ac2343ab380c5,,true,miss
retained-20260902-68135d3ad33f,S2-100-r10,S2-100,request-005,d4745ce8b0076d85ef4bad6643512dad50425d8f61a49108664596ff785caf3e,f4e44e9f9016,2026-09-02T01:44:04.637499364Z,2026-09-02T01:44:05.013105746Z,375.606388,200,fa5bbaa12602c6803fc911cd560f3cd567585f7b4703499b433ac2343ab380c5,,true,miss
retained-20260902-68135d3ad33f,S2-100-r10,S2-100,request-006,d4745ce8b0076d85ef4bad6643512dad50425d8f61a49108664596ff785caf3e,f4e44e9f9016,2026-09-02T01:44:04.673936596Z,2026-09-02T01:44:05.029172372Z,355.235776,200,fa5bbaa12602c6803fc911cd560f3cd567585f7b4703499b433ac2343ab380c5,,true,miss
retained-20260902-68135d3ad33f,S2-100-r10,S2-100,request-007,d4745ce8b0076d85ef4bad6643512dad50425d8f61a49108664596ff785caf3e,f4e44e9f9016,2026-09-02T01:44:04.673914459Z,2026-09-02T01:44:05.028812858Z,354.898402,200,fa5bbaa12602c6803fc911cd560f3cd567585f7b4703499b433ac2343ab380c5,,true,miss
retained-20260902-68135d3ad33f,S2-100-r10,S2-100,request-008,d4745ce8b0076d85ef4bad6643512dad50425d8f61a49108664596ff785caf3e,f4e44e9f9016,2026-09-02T01:44:04.67378762Z,2026-09-02T01:44:05.012729804Z,338.942181,200,fa5bbaa12602c6803fc911cd560f3cd567585f7b4703499b433ac2343ab380c5,,true,miss
retained-20260902-68135d3ad33f,S2-100-r10,S2-100,request-009,d4745ce8b0076d85ef4bad6643512dad50425d8f61a49108664596ff785caf3e,f4e44e9f9016,2026-09-02T01:44:04.673763694Z,2026-09-02T01:44:05.030539759Z,356.776072,200,fa5bbaa12602c6803fc911cd560f3cd567585f7b4703499b433ac2343ab380c5,,true,miss
retained-20260902-68135d3ad33f,S2-100-r10,S2-100,request-010,d4745ce8b0076d85ef4bad6643512dad50425d8f61a49108664596ff785caf3e,f4e44e9f9016,2026-09-02T01:44:04.638109526Z,2026-09-02T01:44:05.029898045Z,391.788521,200,fa5bbaa12602c6803fc911cd560f3cd567585f7b4703499b433ac2343ab380c5,,true,miss
retained-20260902-68135d3ad33f,S2-100-r10,S2-100,request-011,d4745ce8b0076d85ef4bad6643512dad50425d8f61a49108664596ff785caf3e,f4e44e9f9016,2026-09-02T01:44:04.63808706Z,2026-09-02T01:44:05.029910643Z,391.823584,200,fa5bbaa12602c6803fc911cd560f3cd567585f7b4703499b433ac2343ab380c5,,true,miss
retained-20260902-68135d3ad33f,S2-100-r10,S2-100,request-012,d4745ce8b0076d85ef4bad6643512dad50425d8f61a49108664596ff785caf3e,f4e44e9f9016,2026-09-02T01:44:04.637294693Z,2026-09-02T01:44:05.012736994Z,375.442297,200,fa5bbaa12602c6803fc911cd560f3cd567585f7b4703499b433ac2343ab380c5,,true,miss
retained-20260902-68135d3ad33f,S2-100-r10,S2-100,request-013,d4745ce8b0076d85ef4bad6643512dad50425d8f61a49108664596ff785caf3e,f4e44e9f9016,2026-09-02T01:44:04.674252908Z,2026-09-02T01:44:05.031577948Z,357.325043,200,fa5bbaa12602c6803fc911cd560f3cd567585f7b4703499b433ac2343ab380c5,,true,miss
retained-20260902-68135d3ad33f,S2-100-r10,S2-100,request-014,d4745ce8b0076d85ef4bad6643512dad50425d8f61a49108664596ff785caf3e,f4e44e9f9016,2026-09-02T01:44:04.67423703Z,2026-09-02T01:44:05.031296648Z,357.059621,200,fa5bbaa12602c6803fc911cd560f3cd567585f7b4703499b433ac2343ab380c5,,true,miss
retained-20260902-68135d3ad33f,S2-100-r10,S2-100,request-015,d4745ce8b0076d85ef4bad6643512dad50425d8f61a49108664596ff785caf3e,f4e44e9f9016,2026-09-02T01:44:04.674215642Z,2026-09-02T01:44:05.031182919Z,356.967278,200,fa5bbaa12602c6803fc911cd560f3cd567585f7b4703499b433ac2343ab380c5,,true,miss
retained-20260902-68135d3ad33f,S2-100-r10,S2-100,request-016,d4745ce8b0076d85ef4bad6643512dad50425d8f61a49108664596ff785caf3e,f4e44e9f9016,2026-09-02T01:44:04.674185635Z,2026-09-02T01:44:05.030197689Z,356.012057,200,fa5bbaa12602c6803fc911cd560f3cd567585f7b4703499b433ac2343ab380c5,,true,miss
retained-20260902-68135d3ad33f,S2-100-r10,S2-100,request-017,d4745ce8b0076d85ef4bad6643512dad50425d8f61a49108664596ff785caf3e,f4e44e9f9016,2026-09-02T01:44:04.674160177Z,2026-09-02T01:44:05.028630286Z,354.470110,200,fa5bbaa12602c6803fc911cd560f3cd567585f7b4703499b433ac2343ab380c5,,true,miss
retained-20260902-68135d3ad33f,S2-100-r10,S2-100,request-018,d4745ce8b0076d85ef4bad6643512dad50425d8f61a49108664596ff785caf3e,f4e44e9f9016,2026-09-02T01:44:04.674108906Z,2026-09-02T01:44:05.031741957Z,357.633053,200,fa5bbaa12602c6803fc911cd560f3cd567585f7b4703499b433ac2343ab380c5,,true,miss
retained-20260902-68135d3ad33f,S2-100-r10,S2-100,request-019,d4745ce8b0076d85ef4bad6643512dad50425d8f61a49108664596ff785caf3e,f4e44e9f9016,2026-09-02T01:44:04.674084941Z,2026-09-02T01:44:05.0126071Z,338.522155,200,fa5bbaa12602c6803fc911cd560f3cd567585f7b4703499b433ac2343ab380c5,,true,miss
retained-20260902-68135d3ad33f,S2-100-r10,S2-100,request-020,d4745ce8b0076d85ef4bad6643512dad50425d8f61a49108664596ff785caf3e,f4e44e9f9016,2026-09-02T01:44:04.674038897Z,2026-09-02T01:44:05.030186046Z,356.147149,200,fa5bbaa12602c6803fc911cd560f3cd567585f7b4703499b433ac2343ab380c5,,true,miss
retained-20260902-68135d3ad33f,S2-100-r10,S2-100,request-021,d4745ce8b0076d85ef4bad6643512dad50425d8f61a49108664596ff785caf3e,f4e44e9f9016,2026-09-02T01:44:04.674002481Z,2026-09-02T01:44:05.029836685Z,355.834205,200,fa5bbaa12602c6803fc911cd560f3cd567585f7b4703499b433ac2343ab380c5,,true,miss
retained-20260902-68135d3ad33f,S2-100-r10,S2-100,request-022,d4745ce8b0076d85ef4bad6643512dad50425d8f61a49108664596ff785caf3e,f4e44e9f9016,2026-09-02T01:44:04.673967285Z,2026-09-02T01:44:05.031792116Z,357.824827,200,fa5bbaa12602c6803fc911cd560f3cd567585f7b4703499b433ac2343ab380c5,,true,miss
retained-20260902-68135d3ad33f,S2-100-r10,S2-100,request-023,d4745ce8b0076d85ef4bad6643512dad50425d8f61a49108664596ff785caf3e,f4e44e9f9016,2026-09-02T01:44:04.673938497Z,2026-09-02T01:44:05.013600909Z,339.662420,200,fa5bbaa12602c6803fc911cd560f3cd567585f7b4703499b433ac2343ab380c5,,true,miss
retained-20260902-68135d3ad33f,S2-100-r10,S2-100,request-024,d4745ce8b0076d85ef4bad6643512dad50425d8f61a49108664596ff785caf3e,f4e44e9f9016,2026-09-02T01:44:04.673915933Z,2026-09-02T01:44:05.028951742Z,355.035811,200,fa5bbaa12602c6803fc911cd560f3cd567585f7b4703499b433ac2343ab380c5,,true,miss
retained-20260902-68135d3ad33f,S2-100-r10,S2-100,request-025,d4745ce8b0076d85ef4bad6643512dad50425d8f61a49108664596ff785caf3e,f4e44e9f9016,2026-09-02T01:44:04.673890602Z,2026-09-02T01:44:05.028657207Z,354.766611,200,fa5bbaa12602c6803fc911cd560f3cd567585f7b4703499b433ac2343ab380c5,,true,miss
retained-20260902-68135d3ad33f,S2-100-r10,S2-100,request-026,d4745ce8b0076d85ef4bad6643512dad50425d8f61a49108664596ff785caf3e,f4e44e9f9016,2026-09-02T01:44:04.673871045Z,2026-09-02T01:44:05.013411045Z,339.540002,200,fa5bbaa12602c6803fc911cd560f3cd567585f7b4703499b433ac2343ab380c5,,true,miss
retained-20260902-68135d3ad33f,S2-100-r10,S2-100,request-027,d4745ce8b0076d85ef4bad6643512dad50425d8f61a49108664596ff785caf3e,f4e44e9f9016,2026-09-02T01:44:04.673848013Z,2026-09-02T01:44:05.012961922Z,339.113910,200,fa5bbaa12602c6803fc911cd560f3cd567585f7b4703499b433ac2343ab380c5,,true,miss
retained-20260902-68135d3ad33f,S2-100-r10,S2-100,request-028,d4745ce8b0076d85ef4bad6643512dad50425d8f61a49108664596ff785caf3e,f4e44e9f9016,2026-09-02T01:44:04.673793272Z,2026-09-02T01:44:05.031640797Z,357.847521,200,fa5bbaa12602c6803fc911cd560f3cd567585f7b4703499b433ac2343ab380c5,,true,miss
retained-20260902-68135d3ad33f,S2-100-r10,S2-100,request-029,d4745ce8b0076d85ef4bad6643512dad50425d8f61a49108664596ff785caf3e,f4e44e9f9016,2026-09-02T01:44:04.673767952Z,2026-09-02T01:44:05.031443186Z,357.675226,200,fa5bbaa12602c6803fc911cd560f3cd567585f7b4703499b433ac2343ab380c5,,true,miss
retained-20260902-68135d3ad33f,S2-100-r10,S2-100,request-030,d4745ce8b0076d85ef4bad6643512dad50425d8f61a49108664596ff785caf3e,f4e44e9f9016,2026-09-02T01:44:04.673745214Z,2026-09-02T01:44:05.030455206Z,356.709991,200,fa5bbaa12602c6803fc911cd560f3cd567585f7b4703499b433ac2343ab380c5,,true,miss
retained-20260902-68135d3ad33f,S2-100-r10,S2-100,request-031,d4745ce8b0076d85ef4bad6643512dad50425d8f61a49108664596ff785caf3e,f4e44e9f9016,2026-09-02T01:44:04.673694145Z,2026-09-02T01:44:05.028782395Z,355.088257,200,fa5bbaa12602c6803fc911cd560f3cd567585f7b4703499b433ac2343ab380c5,,true,miss
retained-20260902-68135d3ad33f,S2-100-r10,S2-100,request-032,d4745ce8b0076d85ef4bad6643512dad50425d8f61a49108664596ff785caf3e,f4e44e9f9016,2026-09-02T01:44:04.67356936Z,2026-09-02T01:44:05.013430305Z,339.860945,200,fa5bbaa12602c6803fc911cd560f3cd567585f7b4703499b433ac2343ab380c5,,true,miss
retained-20260902-68135d3ad33f,S2-100-r10,S2-100,request-033,d4745ce8b0076d85ef4bad6643512dad50425d8f61a49108664596ff785caf3e,f4e44e9f9016,2026-09-02T01:44:04.638279412Z,2026-09-02T01:44:05.028536362Z,390.256950,200,fa5bbaa12602c6803fc911cd560f3cd567585f7b4703499b433ac2343ab380c5,,true,miss
retained-20260902-68135d3ad33f,S2-100-r10,S2-100,request-034,d4745ce8b0076d85ef4bad6643512dad50425d8f61a49108664596ff785caf3e,f4e44e9f9016,2026-09-02T01:44:04.638209769Z,2026-09-02T01:44:05.013266451Z,375.056685,200,fa5bbaa12602c6803fc911cd560f3cd567585f7b4703499b433ac2343ab380c5,,true,miss
retained-20260902-68135d3ad33f,S2-100-r10,S2-100,request-035,d4745ce8b0076d85ef4bad6643512dad50425d8f61a49108664596ff785caf3e,f4e44e9f9016,2026-09-02T01:44:04.638183698Z,2026-09-02T01:44:05.031172499Z,392.988809,200,fa5bbaa12602c6803fc911cd560f3cd567585f7b4703499b433ac2343ab380c5,,true,miss
retained-20260902-68135d3ad33f,S2-100-r10,S2-100,request-036,d4745ce8b0076d85ef4bad6643512dad50425d8f61a49108664596ff785caf3e,f4e44e9f9016,2026-09-02T01:44:04.638167019Z,2026-09-02T01:44:05.030878754Z,392.711742,200,fa5bbaa12602c6803fc911cd560f3cd567585f7b4703499b433ac2343ab380c5,,true,miss
retained-20260902-68135d3ad33f,S2-100-r10,S2-100,request-037,d4745ce8b0076d85ef4bad6643512dad50425d8f61a49108664596ff785caf3e,f4e44e9f9016,2026-09-02T01:44:04.638142453Z,2026-09-02T01:44:05.030240285Z,392.097834,200,fa5bbaa12602c6803fc911cd560f3cd567585f7b4703499b433ac2343ab380c5,,true,miss
retained-20260902-68135d3ad33f,S2-100-r10,S2-100,request-038,d4745ce8b0076d85ef4bad6643512dad50425d8f61a49108664596ff785caf3e,f4e44e9f9016,2026-09-02T01:44:04.638124064Z,2026-09-02T01:44:05.030019463Z,391.895405,200,fa5bbaa12602c6803fc911cd560f3cd567585f7b4703499b433ac2343ab380c5,,true,miss
retained-20260902-68135d3ad33f,S2-100-r10,S2-100,request-039,d4745ce8b0076d85ef4bad6643512dad50425d8f61a49108664596ff785caf3e,f4e44e9f9016,2026-09-02T01:44:04.638104869Z,2026-09-02T01:44:05.032118916Z,394.014049,200,fa5bbaa12602c6803fc911cd560f3cd567585f7b4703499b433ac2343ab380c5,,true,miss
retained-20260902-68135d3ad33f,S2-100-r10,S2-100,request-040,d4745ce8b0076d85ef4bad6643512dad50425d8f61a49108664596ff785caf3e,f4e44e9f9016,2026-09-02T01:44:04.63803137Z,2026-09-02T01:44:05.02900883Z,390.977462,200,fa5bbaa12602c6803fc911cd560f3cd567585f7b4703499b433ac2343ab380c5,,true,miss
retained-20260902-68135d3ad33f,S2-100-r10,S2-100,request-041,d4745ce8b0076d85ef4bad6643512dad50425d8f61a49108664596ff785caf3e,f4e44e9f9016,2026-09-02T01:44:04.637986885Z,2026-09-02T01:44:05.028591203Z,390.604319,200,fa5bbaa12602c6803fc911cd560f3cd567585f7b4703499b433ac2343ab380c5,,true,miss
retained-20260902-68135d3ad33f,S2-100-r10,S2-100,request-042,d4745ce8b0076d85ef4bad6643512dad50425d8f61a49108664596ff785caf3e,f4e44e9f9016,2026-09-02T01:44:04.637968276Z,2026-09-02T01:44:05.013319547Z,375.351270,200,fa5bbaa12602c6803fc911cd560f3cd567585f7b4703499b433ac2343ab380c5,,true,miss
retained-20260902-68135d3ad33f,S2-100-r10,S2-100,request-043,d4745ce8b0076d85ef4bad6643512dad50425d8f61a49108664596ff785caf3e,f4e44e9f9016,2026-09-02T01:44:04.637933826Z,2026-09-02T01:44:05.031522493Z,393.588668,200,fa5bbaa12602c6803fc911cd560f3cd567585f7b4703499b433ac2343ab380c5,,true,miss
retained-20260902-68135d3ad33f,S2-100-r10,S2-100,request-044,d4745ce8b0076d85ef4bad6643512dad50425d8f61a49108664596ff785caf3e,f4e44e9f9016,2026-09-02T01:44:04.637916291Z,2026-09-02T01:44:05.031242491Z,393.326207,200,fa5bbaa12602c6803fc911cd560f3cd567585f7b4703499b433ac2343ab380c5,,true,miss
retained-20260902-68135d3ad33f,S2-100-r10,S2-100,request-045,d4745ce8b0076d85ef4bad6643512dad50425d8f61a49108664596ff785caf3e,f4e44e9f9016,2026-09-02T01:44:04.637880949Z,2026-09-02T01:44:05.01312407Z,375.243126,200,fa5bbaa12602c6803fc911cd560f3cd567585f7b4703499b433ac2343ab380c5,,true,miss
retained-20260902-68135d3ad33f,S2-100-r10,S2-100,request-046,d4745ce8b0076d85ef4bad6643512dad50425d8f61a49108664596ff785caf3e,f4e44e9f9016,2026-09-02T01:44:04.637859358Z,2026-09-02T01:44:05.031117735Z,393.258384,200,fa5bbaa12602c6803fc911cd560f3cd567585f7b4703499b433ac2343ab380c5,,true,miss
retained-20260902-68135d3ad33f,S2-100-r10,S2-100,request-047,d4745ce8b0076d85ef4bad6643512dad50425d8f61a49108664596ff785caf3e,f4e44e9f9016,2026-09-02T01:44:04.63783131Z,2026-09-02T01:44:05.030144281Z,392.312975,200,fa5bbaa12602c6803fc911cd560f3cd567585f7b4703499b433ac2343ab380c5,,true,miss
retained-20260902-68135d3ad33f,S2-100-r10,S2-100,request-048,d4745ce8b0076d85ef4bad6643512dad50425d8f61a49108664596ff785caf3e,f4e44e9f9016,2026-09-02T01:44:04.637794271Z,2026-09-02T01:44:05.030035487Z,392.241221,200,fa5bbaa12602c6803fc911cd560f3cd567585f7b4703499b433ac2343ab380c5,,true,miss
retained-20260902-68135d3ad33f,S2-100-r10,S2-100,request-049,d4745ce8b0076d85ef4bad6643512dad50425d8f61a49108664596ff785caf3e,f4e44e9f9016,2026-09-02T01:44:04.637772747Z,2026-09-02T01:44:05.028849392Z,391.076644,200,fa5bbaa12602c6803fc911cd560f3cd567585f7b4703499b433ac2343ab380c5,,true,miss
retained-20260902-68135d3ad33f,S2-100-r10,S2-100,request-050,d4745ce8b0076d85ef4bad6643512dad50425d8f61a49108664596ff785caf3e,f4e44e9f9016,2026-09-02T01:44:04.637749661Z,2026-09-02T01:44:05.028718261Z,390.968599,200,fa5bbaa12602c6803fc911cd560f3cd567585f7b4703499b433ac2343ab380c5,,true,miss
retained-20260902-68135d3ad33f,S2-100-r10,S2-100,request-051,d4745ce8b0076d85ef4bad6643512dad50425d8f61a49108664596ff785caf3e,f4e44e9f9016,2026-09-02T01:44:04.637728731Z,2026-09-02T01:44:05.029455979Z,391.727254,200,fa5bbaa12602c6803fc911cd560f3cd567585f7b4703499b433ac2343ab380c5,,true,miss
retained-20260902-68135d3ad33f,S2-100-r10,S2-100,request-052,d4745ce8b0076d85ef4bad6643512dad50425d8f61a49108664596ff785caf3e,f4e44e9f9016,2026-09-02T01:44:04.637708Z,2026-09-02T01:44:05.013496001Z,375.788012,200,fa5bbaa12602c6803fc911cd560f3cd567585f7b4703499b433ac2343ab380c5,,true,miss
retained-20260902-68135d3ad33f,S2-100-r10,S2-100,request-053,d4745ce8b0076d85ef4bad6643512dad50425d8f61a49108664596ff785caf3e,f4e44e9f9016,2026-09-02T01:44:04.637684682Z,2026-09-02T01:44:05.030251841Z,392.567162,200,fa5bbaa12602c6803fc911cd560f3cd567585f7b4703499b433ac2343ab380c5,,true,miss
retained-20260902-68135d3ad33f,S2-100-r10,S2-100,request-054,d4745ce8b0076d85ef4bad6643512dad50425d8f61a49108664596ff785caf3e,f4e44e9f9016,2026-09-02T01:44:04.637662753Z,2026-09-02T01:44:05.029812588Z,392.149842,200,fa5bbaa12602c6803fc911cd560f3cd567585f7b4703499b433ac2343ab380c5,,true,miss
retained-20260902-68135d3ad33f,S2-100-r10,S2-100,request-055,d4745ce8b0076d85ef4bad6643512dad50425d8f61a49108664596ff785caf3e,f4e44e9f9016,2026-09-02T01:44:04.637469994Z,2026-09-02T01:44:05.013036295Z,375.566297,200,fa5bbaa12602c6803fc911cd560f3cd567585f7b4703499b433ac2343ab380c5,,true,miss
retained-20260902-68135d3ad33f,S2-100-r10,S2-100,request-056,d4745ce8b0076d85ef4bad6643512dad50425d8f61a49108664596ff785caf3e,f4e44e9f9016,2026-09-02T01:44:04.637303867Z,2026-09-02T01:44:05.03173676Z,394.432895,200,fa5bbaa12602c6803fc911cd560f3cd567585f7b4703499b433ac2343ab380c5,,true,miss
retained-20260902-68135d3ad33f,S2-100-r10,S2-100,request-057,d4745ce8b0076d85ef4bad6643512dad50425d8f61a49108664596ff785caf3e,f4e44e9f9016,2026-09-02T01:44:04.674179024Z,2026-09-02T01:44:05.028973574Z,354.794552,200,fa5bbaa12602c6803fc911cd560f3cd567585f7b4703499b433ac2343ab380c5,,true,miss
retained-20260902-68135d3ad33f,S2-100-r10,S2-100,request-058,d4745ce8b0076d85ef4bad6643512dad50425d8f61a49108664596ff785caf3e,f4e44e9f9016,2026-09-02T01:44:04.674153712Z,2026-09-02T01:44:05.028448563Z,354.294852,200,fa5bbaa12602c6803fc911cd560f3cd567585f7b4703499b433ac2343ab380c5,,true,miss
retained-20260902-68135d3ad33f,S2-100-r10,S2-100,request-059,d4745ce8b0076d85ef4bad6643512dad50425d8f61a49108664596ff785caf3e,f4e44e9f9016,2026-09-02T01:44:04.67413628Z,2026-09-02T01:44:05.013181421Z,339.045143,200,fa5bbaa12602c6803fc911cd560f3cd567585f7b4703499b433ac2343ab380c5,,true,miss
retained-20260902-68135d3ad33f,S2-100-r10,S2-100,request-060,d4745ce8b0076d85ef4bad6643512dad50425d8f61a49108664596ff785caf3e,f4e44e9f9016,2026-09-02T01:44:04.674107796Z,2026-09-02T01:44:05.012904683Z,338.796899,200,fa5bbaa12602c6803fc911cd560f3cd567585f7b4703499b433ac2343ab380c5,,true,miss
retained-20260902-68135d3ad33f,S2-100-r10,S2-100,request-061,d4745ce8b0076d85ef4bad6643512dad50425d8f61a49108664596ff785caf3e,f4e44e9f9016,2026-09-02T01:44:04.67406646Z,2026-09-02T01:44:05.030383482Z,356.317029,200,fa5bbaa12602c6803fc911cd560f3cd567585f7b4703499b433ac2343ab380c5,,true,miss
retained-20260902-68135d3ad33f,S2-100-r10,S2-100,request-062,d4745ce8b0076d85ef4bad6643512dad50425d8f61a49108664596ff785caf3e,f4e44e9f9016,2026-09-02T01:44:04.67404269Z,2026-09-02T01:44:05.030080348Z,356.037664,200,fa5bbaa12602c6803fc911cd560f3cd567585f7b4703499b433ac2343ab380c5,,true,miss
retained-20260902-68135d3ad33f,S2-100-r10,S2-100,request-063,d4745ce8b0076d85ef4bad6643512dad50425d8f61a49108664596ff785caf3e,f4e44e9f9016,2026-09-02T01:44:04.674010844Z,2026-09-02T01:44:05.029962954Z,355.952117,200,fa5bbaa12602c6803fc911cd560f3cd567585f7b4703499b433ac2343ab380c5,,true,miss
retained-20260902-68135d3ad33f,S2-100-r10,S2-100,request-064,d4745ce8b0076d85ef4bad6643512dad50425d8f61a49108664596ff785caf3e,f4e44e9f9016,2026-09-02T01:44:04.673976872Z,2026-09-02T01:44:05.031918461Z,357.941585,200,fa5bbaa12602c6803fc911cd560f3cd567585f7b4703499b433ac2343ab380c5,,true,miss
retained-20260902-68135d3ad33f,S2-100-r10,S2-100,request-065,d4745ce8b0076d85ef4bad6643512dad50425d8f61a49108664596ff785caf3e,f4e44e9f9016,2026-09-02T01:44:04.673955329Z,2026-09-02T01:44:05.031779743Z,357.824422,200,fa5bbaa12602c6803fc911cd560f3cd567585f7b4703499b433ac2343ab380c5,,true,miss
retained-20260902-68135d3ad33f,S2-100-r10,S2-100,request-066,d4745ce8b0076d85ef4bad6643512dad50425d8f61a49108664596ff785caf3e,f4e44e9f9016,2026-09-02T01:44:04.673869274Z,2026-09-02T01:44:05.028421404Z,354.552118,200,fa5bbaa12602c6803fc911cd560f3cd567585f7b4703499b433ac2343ab380c5,,true,miss
retained-20260902-68135d3ad33f,S2-100-r10,S2-100,request-067,d4745ce8b0076d85ef4bad6643512dad50425d8f61a49108664596ff785caf3e,f4e44e9f9016,2026-09-02T01:44:04.673730131Z,2026-09-02T01:44:05.030093317Z,356.363193,200,fa5bbaa12602c6803fc911cd560f3cd567585f7b4703499b433ac2343ab380c5,,true,miss
retained-20260902-68135d3ad33f,S2-100-r10,S2-100,request-068,d4745ce8b0076d85ef4bad6643512dad50425d8f61a49108664596ff785caf3e,f4e44e9f9016,2026-09-02T01:44:04.673662361Z,2026-09-02T01:44:05.028511944Z,354.849594,200,fa5bbaa12602c6803fc911cd560f3cd567585f7b4703499b433ac2343ab380c5,,true,miss
retained-20260902-68135d3ad33f,S2-100-r10,S2-100,request-069,d4745ce8b0076d85ef4bad6643512dad50425d8f61a49108664596ff785caf3e,f4e44e9f9016,2026-09-02T01:44:04.638272232Z,2026-09-02T01:44:05.0126103Z,374.338071,200,fa5bbaa12602c6803fc911cd560f3cd567585f7b4703499b433ac2343ab380c5,,true,miss
retained-20260902-68135d3ad33f,S2-100-r10,S2-100,request-070,d4745ce8b0076d85ef4bad6643512dad50425d8f61a49108664596ff785caf3e,f4e44e9f9016,2026-09-02T01:44:04.638247036Z,2026-09-02T01:44:05.012961419Z,374.714384,200,fa5bbaa12602c6803fc911cd560f3cd567585f7b4703499b433ac2343ab380c5,,true,miss
retained-20260902-68135d3ad33f,S2-100-r10,S2-100,request-071,d4745ce8b0076d85ef4bad6643512dad50425d8f61a49108664596ff785caf3e,f4e44e9f9016,2026-09-02T01:44:04.638211152Z,2026-09-02T01:44:05.012796254Z,374.585103,200,fa5bbaa12602c6803fc911cd560f3cd567585f7b4703499b433ac2343ab380c5,,true,miss
retained-20260902-68135d3ad33f,S2-100-r10,S2-100,request-072,d4745ce8b0076d85ef4bad6643512dad50425d8f61a49108664596ff785caf3e,f4e44e9f9016,2026-09-02T01:44:04.638178355Z,2026-09-02T01:44:05.031288783Z,393.110429,200,fa5bbaa12602c6803fc911cd560f3cd567585f7b4703499b433ac2343ab380c5,,true,miss
retained-20260902-68135d3ad33f,S2-100-r10,S2-100,request-073,d4745ce8b0076d85ef4bad6643512dad50425d8f61a49108664596ff785caf3e,f4e44e9f9016,2026-09-02T01:44:04.638155979Z,2026-09-02T01:44:05.030646081Z,392.490099,200,fa5bbaa12602c6803fc911cd560f3cd567585f7b4703499b433ac2343ab380c5,,true,miss
retained-20260902-68135d3ad33f,S2-100-r10,S2-100,request-074,d4745ce8b0076d85ef4bad6643512dad50425d8f61a49108664596ff785caf3e,f4e44e9f9016,2026-09-02T01:44:04.638133397Z,2026-09-02T01:44:05.030133056Z,391.999660,200,fa5bbaa12602c6803fc911cd560f3cd567585f7b4703499b433ac2343ab380c5,,true,miss
retained-20260902-68135d3ad33f,S2-100-r10,S2-100,request-075,d4745ce8b0076d85ef4bad6643512dad50425d8f61a49108664596ff785caf3e,f4e44e9f9016,2026-09-02T01:44:04.637891583Z,2026-09-02T01:44:05.031119532Z,393.227957,200,fa5bbaa12602c6803fc911cd560f3cd567585f7b4703499b433ac2343ab380c5,,true,miss
retained-20260902-68135d3ad33f,S2-100-r10,S2-100,request-076,d4745ce8b0076d85ef4bad6643512dad50425d8f61a49108664596ff785caf3e,f4e44e9f9016,2026-09-02T01:44:04.637997096Z,2026-09-02T01:44:05.030899666Z,392.902572,200,fa5bbaa12602c6803fc911cd560f3cd567585f7b4703499b433ac2343ab380c5,,true,miss
retained-20260902-68135d3ad33f,S2-100-r10,S2-100,request-077,d4745ce8b0076d85ef4bad6643512dad50425d8f61a49108664596ff785caf3e,f4e44e9f9016,2026-09-02T01:44:04.637980636Z,2026-09-02T01:44:05.028480226Z,390.499593,200,fa5bbaa12602c6803fc911cd560f3cd567585f7b4703499b433ac2343ab380c5,,true,miss
retained-20260902-68135d3ad33f,S2-100-r10,S2-100,request-078,d4745ce8b0076d85ef4bad6643512dad50425d8f61a49108664596ff785caf3e,f4e44e9f9016,2026-09-02T01:44:04.637957632Z,2026-09-02T01:44:05.01323196Z,375.274335,200,fa5bbaa12602c6803fc911cd560f3cd567585f7b4703499b433ac2343ab380c5,,true,miss
retained-20260902-68135d3ad33f,S2-100-r10,S2-100,request-079,d4745ce8b0076d85ef4bad6643512dad50425d8f61a49108664596ff785caf3e,f4e44e9f9016,2026-09-02T01:44:04.637937351Z,2026-09-02T01:44:05.031701674Z,393.764324,200,fa5bbaa12602c6803fc911cd560f3cd567585f7b4703499b433ac2343ab380c5,,true,miss
retained-20260902-68135d3ad33f,S2-100-r10,S2-100,request-080,d4745ce8b0076d85ef4bad6643512dad50425d8f61a49108664596ff785caf3e,f4e44e9f9016,2026-09-02T01:44:04.637916935Z,2026-09-02T01:44:05.031351807Z,393.434877,200,fa5bbaa12602c6803fc911cd560f3cd567585f7b4703499b433ac2343ab380c5,,true,miss
retained-20260902-68135d3ad33f,S2-100-r10,S2-100,request-081,d4745ce8b0076d85ef4bad6643512dad50425d8f61a49108664596ff785caf3e,f4e44e9f9016,2026-09-02T01:44:04.637617994Z,2026-09-02T01:44:05.031343944Z,393.725950,200,fa5bbaa12602c6803fc911cd560f3cd567585f7b4703499b433ac2343ab380c5,,true,miss
retained-20260902-68135d3ad33f,S2-100-r10,S2-100,request-082,d4745ce8b0076d85ef4bad6643512dad50425d8f61a49108664596ff785caf3e,f4e44e9f9016,2026-09-02T01:44:04.637588185Z,2026-09-02T01:44:05.013349925Z,375.761742,200,fa5bbaa12602c6803fc911cd560f3cd567585f7b4703499b433ac2343ab380c5,,true,miss
retained-20260902-68135d3ad33f,S2-100-r10,S2-100,request-083,d4745ce8b0076d85ef4bad6643512dad50425d8f61a49108664596ff785caf3e,f4e44e9f9016,2026-09-02T01:44:04.637562437Z,2026-09-02T01:44:05.029977533Z,392.415093,200,fa5bbaa12602c6803fc911cd560f3cd567585f7b4703499b433ac2343ab380c5,,true,miss
retained-20260902-68135d3ad33f,S2-100-r10,S2-100,request-084,d4745ce8b0076d85ef4bad6643512dad50425d8f61a49108664596ff785caf3e,f4e44e9f9016,2026-09-02T01:44:04.637498987Z,2026-09-02T01:44:05.013511368Z,376.012371,200,fa5bbaa12602c6803fc911cd560f3cd567585f7b4703499b433ac2343ab380c5,,true,miss
retained-20260902-68135d3ad33f,S2-100-r10,S2-100,request-085,d4745ce8b0076d85ef4bad6643512dad50425d8f61a49108664596ff785caf3e,f4e44e9f9016,2026-09-02T01:44:04.637377376Z,2026-09-02T01:44:05.012666114Z,375.288744,200,fa5bbaa12602c6803fc911cd560f3cd567585f7b4703499b433ac2343ab380c5,,true,miss
retained-20260902-68135d3ad33f,S2-100-r10,S2-100,request-086,d4745ce8b0076d85ef4bad6643512dad50425d8f61a49108664596ff785caf3e,f4e44e9f9016,2026-09-02T01:44:04.637351154Z,2026-09-02T01:44:05.032048676Z,394.697524,200,fa5bbaa12602c6803fc911cd560f3cd567585f7b4703499b433ac2343ab380c5,,true,miss
retained-20260902-68135d3ad33f,S2-100-r10,S2-100,request-087,d4745ce8b0076d85ef4bad6643512dad50425d8f61a49108664596ff785caf3e,f4e44e9f9016,2026-09-02T01:44:04.63802408Z,2026-09-02T01:44:05.028895273Z,390.871199,200,fa5bbaa12602c6803fc911cd560f3cd567585f7b4703499b433ac2343ab380c5,,true,miss
retained-20260902-68135d3ad33f,S2-100-r10,S2-100,request-088,d4745ce8b0076d85ef4bad6643512dad50425d8f61a49108664596ff785caf3e,f4e44e9f9016,2026-09-02T01:44:04.637881391Z,2026-09-02T01:44:05.030729859Z,392.848473,200,fa5bbaa12602c6803fc911cd560f3cd567585f7b4703499b433ac2343ab380c5,,true,miss
retained-20260902-68135d3ad33f,S2-100-r10,S2-100,request-089,d4745ce8b0076d85ef4bad6643512dad50425d8f61a49108664596ff785caf3e,f4e44e9f9016,2026-09-02T01:44:04.637862097Z,2026-09-02T01:44:05.031235266Z,393.373178,200,fa5bbaa12602c6803fc911cd560f3cd567585f7b4703499b433ac2343ab380c5,,true,miss
retained-20260902-68135d3ad33f,S2-100-r10,S2-100,request-090,d4745ce8b0076d85ef4bad6643512dad50425d8f61a49108664596ff785caf3e,f4e44e9f9016,2026-09-02T01:44:04.637826126Z,2026-09-02T01:44:05.031934761Z,394.108642,200,fa5bbaa12602c6803fc911cd560f3cd567585f7b4703499b433ac2343ab380c5,,true,miss
retained-20260902-68135d3ad33f,S2-100-r10,S2-100,request-091,d4745ce8b0076d85ef4bad6643512dad50425d8f61a49108664596ff785caf3e,f4e44e9f9016,2026-09-02T01:44:04.637794529Z,2026-09-02T01:44:05.029166836Z,391.372313,200,fa5bbaa12602c6803fc911cd560f3cd567585f7b4703499b433ac2343ab380c5,,true,miss
retained-20260902-68135d3ad33f,S2-100-r10,S2-100,request-092,d4745ce8b0076d85ef4bad6643512dad50425d8f61a49108664596ff785caf3e,f4e44e9f9016,2026-09-02T01:44:04.637772072Z,2026-09-02T01:44:05.02902824Z,391.256174,200,fa5bbaa12602c6803fc911cd560f3cd567585f7b4703499b433ac2343ab380c5,,true,miss
retained-20260902-68135d3ad33f,S2-100-r10,S2-100,request-093,d4745ce8b0076d85ef4bad6643512dad50425d8f61a49108664596ff785caf3e,f4e44e9f9016,2026-09-02T01:44:04.637748659Z,2026-09-02T01:44:05.028571458Z,390.822805,200,fa5bbaa12602c6803fc911cd560f3cd567585f7b4703499b433ac2343ab380c5,,true,miss
retained-20260902-68135d3ad33f,S2-100-r10,S2-100,request-094,d4745ce8b0076d85ef4bad6643512dad50425d8f61a49108664596ff785caf3e,f4e44e9f9016,2026-09-02T01:44:04.637729539Z,2026-09-02T01:44:05.028748214Z,391.018677,200,fa5bbaa12602c6803fc911cd560f3cd567585f7b4703499b433ac2343ab380c5,,true,miss
retained-20260902-68135d3ad33f,S2-100-r10,S2-100,request-095,d4745ce8b0076d85ef4bad6643512dad50425d8f61a49108664596ff785caf3e,f4e44e9f9016,2026-09-02T01:44:04.63770862Z,2026-09-02T01:44:05.027669891Z,389.961273,200,fa5bbaa12602c6803fc911cd560f3cd567585f7b4703499b433ac2343ab380c5,,true,miss
retained-20260902-68135d3ad33f,S2-100-r10,S2-100,request-096,d4745ce8b0076d85ef4bad6643512dad50425d8f61a49108664596ff785caf3e,f4e44e9f9016,2026-09-02T01:44:04.637687246Z,2026-09-02T01:44:05.013042367Z,375.355123,200,fa5bbaa12602c6803fc911cd560f3cd567585f7b4703499b433ac2343ab380c5,,true,miss
retained-20260902-68135d3ad33f,S2-100-r10,S2-100,request-097,d4745ce8b0076d85ef4bad6643512dad50425d8f61a49108664596ff785caf3e,f4e44e9f9016,2026-09-02T01:44:04.637667881Z,2026-09-02T01:44:05.010898162Z,373.230102,200,fa5bbaa12602c6803fc911cd560f3cd567585f7b4703499b433ac2343ab380c5,,true,miss
retained-20260902-68135d3ad33f,S2-100-r10,S2-100,request-098,d4745ce8b0076d85ef4bad6643512dad50425d8f61a49108664596ff785caf3e,f4e44e9f9016,2026-09-02T01:44:04.637645574Z,2026-09-02T01:44:05.028909362Z,391.263724,200,fa5bbaa12602c6803fc911cd560f3cd567585f7b4703499b433ac2343ab380c5,,true,miss
retained-20260902-68135d3ad33f,S2-100-r10,S2-100,request-099,d4745ce8b0076d85ef4bad6643512dad50425d8f61a49108664596ff785caf3e,f4e44e9f9016,2026-09-02T01:44:04.6374683Z,2026-09-02T01:44:05.012849293Z,375.380995,200,fa5bbaa12602c6803fc911cd560f3cd567585f7b4703499b433ac2343ab380c5,,true,miss
retained-20260902-68135d3ad33f,S2-100-r10,S2-100,request-100,d4745ce8b0076d85ef4bad6643512dad50425d8f61a49108664596ff785caf3e,f4e44e9f9016,2026-09-02T01:44:04.674274152Z,2026-09-02T01:44:05.012684016Z,338.409870,200,fa5bbaa12602c6803fc911cd560f3cd567585f7b4703499b433ac2343ab380c5,,true,miss
retained-20260902-68135d3ad33f,F1-r01,F1,request-001,d4745ce8b0076d85ef4bad6643512dad50425d8f61a49108664596ff785caf3e,f4e44e9f9016,2026-09-02T01:44:05.337101801Z,2026-09-02T01:44:05.540150426Z,203.048624,500,,http_500,true,miss
retained-20260902-68135d3ad33f,F1-r01,F1,request-002,d4745ce8b0076d85ef4bad6643512dad50425d8f61a49108664596ff785caf3e,f4e44e9f9016,2026-09-02T01:44:05.337318676Z,2026-09-02T01:44:05.540170946Z,202.852276,500,,http_500,true,miss
retained-20260902-68135d3ad33f,F1-r01,F1,request-003,d4745ce8b0076d85ef4bad6643512dad50425d8f61a49108664596ff785caf3e,f4e44e9f9016,2026-09-02T01:44:05.337294012Z,2026-09-02T01:44:05.54024034Z,202.946334,500,,http_500,true,miss
retained-20260902-68135d3ad33f,F1-r01,F1,request-004,d4745ce8b0076d85ef4bad6643512dad50425d8f61a49108664596ff785caf3e,f4e44e9f9016,2026-09-02T01:44:05.337257395Z,2026-09-02T01:44:05.540186981Z,202.929578,500,,http_500,true,miss
retained-20260902-68135d3ad33f,F1-r01,F1,request-005,d4745ce8b0076d85ef4bad6643512dad50425d8f61a49108664596ff785caf3e,f4e44e9f9016,2026-09-02T01:44:05.337208787Z,2026-09-02T01:44:05.540186308Z,202.977527,500,,http_500,true,miss
retained-20260902-68135d3ad33f,F1-r01,F1,request-006,d4745ce8b0076d85ef4bad6643512dad50425d8f61a49108664596ff785caf3e,f4e44e9f9016,2026-09-02T01:44:05.337391809Z,2026-09-02T01:44:05.540171021Z,202.779211,500,,http_500,false,miss
retained-20260902-68135d3ad33f,F1-r01,F1,request-007,d4745ce8b0076d85ef4bad6643512dad50425d8f61a49108664596ff785caf3e,f4e44e9f9016,2026-09-02T01:44:05.337364544Z,2026-09-02T01:44:05.540218515Z,202.853976,500,,http_500,true,miss
retained-20260902-68135d3ad33f,F1-r01,F1,request-008,d4745ce8b0076d85ef4bad6643512dad50425d8f61a49108664596ff785caf3e,f4e44e9f9016,2026-09-02T01:44:05.337338956Z,2026-09-02T01:44:05.540183992Z,202.845037,500,,http_500,true,miss
retained-20260902-68135d3ad33f,F1-r01,F1,request-009,d4745ce8b0076d85ef4bad6643512dad50425d8f61a49108664596ff785caf3e,f4e44e9f9016,2026-09-02T01:44:05.33730269Z,2026-09-02T01:44:05.540136595Z,202.833899,500,,http_500,true,miss
retained-20260902-68135d3ad33f,F1-r01,F1,request-010,d4745ce8b0076d85ef4bad6643512dad50425d8f61a49108664596ff785caf3e,f4e44e9f9016,2026-09-02T01:44:05.337350518Z,2026-09-02T01:44:05.540158547Z,202.808029,500,,http_500,true,miss
retained-20260902-68135d3ad33f,F1-r01,F1,recovery-001,d4745ce8b0076d85ef4bad6643512dad50425d8f61a49108664596ff785caf3e,f4e44e9f9016,2026-09-02T01:44:05.540348007Z,2026-09-02T01:44:05.744649649Z,204.301642,200,389ecd3df03641adaf3931dcd784a722606c6dae8d165970c7dae02e90d0ff34,,false,miss
