run_id,trial_id,timestamp,elapsed_ms,cpu_usage_usec,rss_bytes,cgroup_memory_bytes
retained-20260902-f3945ac,S3-COLD-CONTROL-r01,2026-09-02T07:51:53.790109674Z,0.061460,270418,58970112,91197440
retained-20260902-f3945ac,S3-COLD-CONTROL-r01,2026-09-02T07:51:53.800565263Z,10.517038,283300,92917760,125014016
retained-20260902-f3945ac,S3-COLD-CONTROL-r01,2026-09-02T07:51:53.810750134Z,20.701909,292379,114708480,146571264
retained-20260902-f3945ac,S3-COLD-CONTROL-r01,2026-09-02T07:51:53.82102423Z,30.976005,305976,114708480,146571264
retained-20260902-f3945ac,S3-COLD-CONTROL-r01,2026-09-02T07:51:53.831177018Z,41.128793,306187,114708480,146571264
retained-20260902-f3945ac,S3-COLD-CONTROL-r01,2026-09-02T07:51:53.841271575Z,51.223351,315550,114708480,146571264
retained-20260902-f3945ac,S3-COLD-CONTROL-r01,2026-09-02T07:51:53.850480388Z,60.432163,324625,114708480,146571264
retained-20260902-f3945ac,S3-COLD-CONTROL-r01,2026-09-02T07:51:53.860666255Z,70.618030,338152,114708480,146571264
retained-20260902-f3945ac,S3-COLD-CONTROL-r01,2026-09-02T07:51:53.870818365Z,80.770140,347211,114708480,146485248
retained-20260902-f3945ac,S3-COLD-CONTROL-r01,2026-09-02T07:51:53.881032714Z,90.984489,360800,114708480,146485248
retained-20260902-f3945ac,S3-COLD-CONTROL-r01,2026-09-02T07:51:53.891227134Z,101.178909,369904,114708480,146485248
retained-20260902-f3945ac,S3-COLD-CONTROL-r01,2026-09-02T07:51:53.900414802Z,110.366577,383413,114708480,146485248
retained-20260902-f3945ac,S3-COLD-CONTROL-r01,2026-09-02T07:51:53.910621062Z,120.572837,392667,126636032,158543872
retained-20260902-f3945ac,S3-COLD-CONTROL-r01,2026-09-02T07:51:53.920754904Z,130.706679,406469,143609856,175583232
retained-20260902-f3945ac,S3-COLD-CONTROL-r01,2026-09-02T07:51:53.930981763Z,140.933538,406712,143609856,175583232
retained-20260902-f3945ac,S3-COLD-CONTROL-r01,2026-09-02T07:51:53.94117247Z,151.124246,416411,162189312,194195456
retained-20260902-f3945ac,S3-COLD-CONTROL-r01,2026-09-02T07:51:53.950361785Z,160.313562,425684,172740608,204681216
retained-20260902-f3945ac,S3-COLD-CONTROL-r01,2026-09-02T07:51:53.960522888Z,170.474664,439207,172740608,204681216
retained-20260902-f3945ac,S3-COLD-CONTROL-r01,2026-09-02T07:51:53.970800261Z,180.752036,448415,172740608,204681216
retained-20260902-f3945ac,S3-COLD-CONTROL-r01,2026-09-02T07:51:53.981096998Z,191.048773,462082,173199360,205205504
retained-20260902-f3945ac,S3-COLD-CONTROL-r01,2026-09-02T07:51:53.991280161Z,201.231936,471219,173199360,205205504
retained-20260902-f3945ac,S3-COLD-CONTROL-r01,2026-09-02T07:51:54.000537781Z,210.489583,484800,173658112,205467648
retained-20260902-f3945ac,S3-COLD-CONTROL-r01,2026-09-02T07:51:54.010838372Z,220.790148,494021,173658112,205467648
retained-20260902-f3945ac,S3-COLD-CONTROL-r01,2026-09-02T07:51:54.020994029Z,230.945804,507600,173887488,205991936
retained-20260902-f3945ac,S3-COLD-CONTROL-r01,2026-09-02T07:51:54.031258807Z,241.210583,507915,173887488,205991936
retained-20260902-f3945ac,S3-COLD-CONTROL-r01,2026-09-02T07:51:54.040475058Z,250.426834,517299,173887488,205991936
retained-20260902-f3945ac,S3-COLD-CONTROL-r01,2026-09-02T07:51:54.050660316Z,260.612091,526428,173887488,205991936
retained-20260902-f3945ac,S3-COLD-CONTROL-r01,2026-09-02T07:51:54.060980114Z,270.931889,540241,174346240,206254080
retained-20260902-f3945ac,S3-COLD-CONTROL-r01,2026-09-02T07:51:54.07127126Z,281.223035,549431,174346240,206254080
retained-20260902-f3945ac,S3-COLD-CONTROL-r01,2026-09-02T07:51:54.080444118Z,290.395895,563477,175722496,207826944
retained-20260902-f3945ac,S3-COLD-CONTROL-r01,2026-09-02T07:51:54.09068237Z,300.634145,572583,175722496,207826944
retained-20260902-f3945ac,S3-COLD-CONTROL-r01,2026-09-02T07:51:54.100883849Z,310.835648,586558,136118272,193171456
retained-20260902-f3945ac,S3-COLD-CONTROL-r01,2026-09-02T07:51:54.106942578Z,316.894353,590414,127582208,159723520
retained-20260902-f3945ac,S3-COLD-r01,2026-09-02T07:51:54.341238773Z,0.051479,816042,58773504,90669056
retained-20260902-f3945ac,S3-COLD-r01,2026-09-02T07:51:54.359835206Z,18.647906,818879,60837888,92299264
retained-20260902-f3945ac,S3-COLD-r01,2026-09-02T07:51:54.361334529Z,20.147229,825114,65425408,98066432
retained-20260902-f3945ac,S3-COLD-r01,2026-09-02T07:51:54.388689619Z,47.502319,825114,65654784,98328576
retained-20260902-f3945ac,S3-COLD-r01,2026-09-02T07:51:54.407446046Z,66.258746,859236,168644608,201306112
retained-20260902-f3945ac,S3-COLD-r01,2026-09-02T07:51:54.411795582Z,70.608288,877628,168644608,201306112
retained-20260902-f3945ac,S3-COLD-r01,2026-09-02T07:51:54.422020829Z,80.833536,895620,168644608,201039872
retained-20260902-f3945ac,S3-COLD-r01,2026-09-02T07:51:54.432214745Z,91.027451,909800,168644608,201302016
retained-20260902-f3945ac,S3-COLD-r01,2026-09-02T07:51:54.441463592Z,100.276297,927829,168644608,201302016
retained-20260902-f3945ac,S3-COLD-r01,2026-09-02T07:51:54.451673271Z,110.485976,954820,168644608,201302016
retained-20260902-f3945ac,S3-COLD-r01,2026-09-02T07:51:54.462028862Z,120.841589,972957,168644608,201236480
retained-20260902-f3945ac,S3-COLD-r01,2026-09-02T07:51:54.47226814Z,131.080846,1000047,168644608,201224192
retained-20260902-f3945ac,S3-COLD-r01,2026-09-02T07:51:54.531499661Z,190.312367,1009668,168644608,201228288
retained-20260902-f3945ac,S3-COLD-r01,2026-09-02T07:51:54.541676944Z,200.489649,1028162,168644608,201228288
retained-20260902-f3945ac,S3-COLD-r01,2026-09-02T07:51:54.551931887Z,210.744592,1055096,173690880,206733312
retained-20260902-f3945ac,S3-COLD-r01,2026-09-02T07:51:54.562174044Z,220.986749,1078426,196169728,229539840
retained-20260902-f3945ac,S3-COLD-r01,2026-09-02T07:51:54.57136647Z,230.179175,1091658,233787392,267026432
retained-20260902-f3945ac,S3-COLD-r01,2026-09-02T07:51:54.581626603Z,240.439308,1109912,249384960,282755072
retained-20260902-f3945ac,S3-COLD-r01,2026-09-02T07:51:54.591817772Z,250.630478,1110056,249384960,282755072
retained-20260902-f3945ac,S3-COLD-r01,2026-09-02T07:51:54.602030459Z,260.843164,1110235,249384960,282759168
retained-20260902-f3945ac,S3-COLD-r01,2026-09-02T07:51:54.612222627Z,271.035333,1110413,249384960,282759168
retained-20260902-f3945ac,S3-COLD-r01,2026-09-02T07:51:54.621377221Z,280.189926,1110545,249384960,282759168
retained-20260902-f3945ac,S3-COLD-r01,2026-09-02T07:51:54.631608666Z,290.421371,1110800,249843712,283283456
retained-20260902-f3945ac,S3-COLD-r01,2026-09-02T07:51:54.641848476Z,300.661182,1129697,274386944,308187136
retained-20260902-f3945ac,S3-COLD-r01,2026-09-02T07:51:54.652026794Z,310.839493,1156939,285855744,319721472
retained-20260902-f3945ac,S3-COLD-r01,2026-09-02T07:51:54.662234865Z,321.047570,1175006,290672640,324440064
retained-20260902-f3945ac,S3-COLD-r01,2026-09-02T07:51:54.671462804Z,330.275509,1193060,290902016,324702208
retained-20260902-f3945ac,S3-COLD-r01,2026-09-02T07:51:54.681701427Z,340.514132,1206662,290902016,324702208
retained-20260902-f3945ac,S3-COLD-r01,2026-09-02T07:51:54.691940199Z,350.752904,1206943,290902016,324702208
retained-20260902-f3945ac,S3-COLD-r01,2026-09-02T07:51:54.702158581Z,360.971286,1207152,290902016,324964352
retained-20260902-f3945ac,S3-COLD-r01,2026-09-02T07:51:54.712359921Z,371.172627,1207413,290902016,324964352
retained-20260902-f3945ac,S3-COLD-r01,2026-09-02T07:51:54.721620314Z,380.433020,1207632,290902016,324964352
retained-20260902-f3945ac,S3-COLD-r01,2026-09-02T07:51:54.731821456Z,390.634161,1208370,290902016,324964352
retained-20260902-f3945ac,S3-COLD-r01,2026-09-02T07:51:54.742016352Z,400.829057,1226359,291131392,325488640
retained-20260902-f3945ac,S3-COLD-r01,2026-09-02T07:51:54.752288087Z,411.100792,1253364,291590144,325750784
retained-20260902-f3945ac,S3-COLD-r01,2026-09-02T07:51:54.761513554Z,420.326259,1271354,292048896,326012928
retained-20260902-f3945ac,S3-COLD-r01,2026-09-02T07:51:54.771719071Z,430.531776,1298289,292048896,326012928
retained-20260902-f3945ac,S3-COLD-r01,2026-09-02T07:51:54.831492626Z,490.305331,1312007,292507648,326537216
retained-20260902-f3945ac,S3-COLD-r01,2026-09-02T07:51:54.841766855Z,500.579560,1330687,292737024,326799360
retained-20260902-f3945ac,S3-COLD-r01,2026-09-02T07:51:54.851916252Z,510.728957,1357647,292966400,327061504
retained-20260902-f3945ac,S3-COLD-r01,2026-09-02T07:51:54.862095394Z,520.908099,1375700,292966400,327061504
retained-20260902-f3945ac,S3-COLD-r01,2026-09-02T07:51:54.872255524Z,531.068224,1403201,295030784,329158656
retained-20260902-f3945ac,S3-COLD-r01,2026-09-02T07:51:54.881502017Z,540.314723,1407875,295030784,329158656
retained-20260902-f3945ac,S3-COLD-r01,2026-09-02T07:51:54.891687656Z,550.500362,1408157,295030784,329158656
retained-20260902-f3945ac,S3-COLD-r01,2026-09-02T07:51:54.901982349Z,560.795054,1408388,295030784,328912896
retained-20260902-f3945ac,S3-COLD-r01,2026-09-02T07:51:54.912124931Z,570.937637,1408652,295030784,329170944
retained-20260902-f3945ac,S3-COLD-r01,2026-09-02T07:51:54.922374583Z,581.187289,1408910,295030784,329170944
retained-20260902-f3945ac,S3-COLD-r01,2026-09-02T07:51:54.931655252Z,590.467958,1409893,295030784,329170944
retained-20260902-f3945ac,S3-COLD-r01,2026-09-02T07:51:54.941927117Z,600.739823,1427860,295030784,329170944
retained-20260902-f3945ac,S3-COLD-r01,2026-09-02T07:51:54.951321345Z,610.134051,1450193,248979456,283242496
retained-20260902-f3945ac,S3-COLD-r01,2026-09-02T07:51:54.961446404Z,620.259109,1464321,248979456,283504640
retained-20260902-f3945ac,S3-COLD-r01,2026-09-02T07:51:54.971666547Z,630.479247,1476116,200900608,235155456
retained-20260902-f3945ac,S3-COLD-r01,2026-09-02T07:51:54.98075945Z,639.572156,1493523,195403776,229826560
retained-20260902-f3945ac,S3-WARM-CONTROL-r01,2026-09-02T07:51:55.548164181Z,0.022926,2024592,126955520,160415744
retained-20260902-f3945ac,S3-WARM-CONTROL-r01,2026-09-02T07:51:55.549310246Z,1.168992,2025889,127184896,160264192
retained-20260902-f3945ac,S3-WARM-r01,2026-09-02T07:51:56.076755103Z,0.074761,2549476,118829056,152997888
retained-20260902-f3945ac,S3-WARM-r01,2026-09-02T07:51:56.099764056Z,23.083714,2551421,119287808,153522176
retained-20260902-f3945ac,S3-WARM-r01,2026-09-02T07:51:56.115262465Z,38.582118,2558504,125022208,159936512
retained-20260902-f3945ac,S3-WARM-r01,2026-09-02T07:51:56.125817444Z,49.137096,2558504,125022208,159936512
retained-20260902-f3945ac,S3-WARM-r01,2026-09-02T07:51:56.126907747Z,50.227400,2559342,125251584,160411648
retained-20260902-f3945ac,S3-WARM-r01,2026-09-02T07:51:56.13686315Z,60.182803,2573055,125251584,159821824
retained-20260902-f3945ac,S3-WARM-r01,2026-09-02T07:51:56.147119888Z,70.439545,2582176,125251584,159821824
retained-20260902-f3945ac,S3-WARM-r01,2026-09-02T07:51:56.157337816Z,80.657473,2595707,125251584,160083968
retained-20260902-f3945ac,S3-WARM-r01,2026-09-02T07:51:56.167531439Z,90.851096,2604830,125251584,160083968
retained-20260902-f3945ac,S3-WARM-r01,2026-09-02T07:51:56.177713323Z,101.032981,2618409,125251584,160083968
retained-20260902-f3945ac,S3-WARM-r01,2026-09-02T07:51:56.18687101Z,110.190667,2627474,125251584,160083968
retained-20260902-f3945ac,S3-WARM-r01,2026-09-02T07:51:56.197068867Z,120.388532,2640960,125251584,160083968
retained-20260902-f3945ac,S3-WARM-r01,2026-09-02T07:51:56.207276969Z,130.596627,2650042,125480960,159637504
retained-20260902-f3945ac,S3-WARM-r01,2026-09-02T07:51:56.217487462Z,140.807120,2665533,125480960,159895552
retained-20260902-f3945ac,S3-WARM-r01,2026-09-02T07:51:56.227696019Z,151.015676,2672946,136032256,170381312
retained-20260902-f3945ac,S3-WARM-r01,2026-09-02T07:51:56.23687582Z,160.195477,2678039,145895424,180342784
retained-20260902-f3945ac,S3-WARM-r01,2026-09-02T07:51:56.247064026Z,170.383683,2687321,165621760,200265728
retained-20260902-f3945ac,S3-WARM-r01,2026-09-02T07:51:56.257225318Z,180.544970,2701205,174338048,208666624
retained-20260902-f3945ac,S3-WARM-r01,2026-09-02T07:51:56.267412714Z,190.732370,2710299,174338048,208666624
retained-20260902-f3945ac,S3-WARM-r01,2026-09-02T07:51:56.27762436Z,200.944018,2723815,174338048,208666624
retained-20260902-f3945ac,S3-WARM-r01,2026-09-02T07:51:56.287809186Z,211.128844,2737368,174796800,208928768
retained-20260902-f3945ac,S3-WARM-r01,2026-09-02T07:51:56.297023892Z,220.343550,2746482,174796800,208928768
retained-20260902-f3945ac,S3-WARM-r01,2026-09-02T07:51:56.307222938Z,230.542595,2755572,175026176,208928768
retained-20260902-f3945ac,S3-WARM-r01,2026-09-02T07:51:56.317409477Z,240.729135,2769150,175026176,208928768
retained-20260902-f3945ac,S3-WARM-r01,2026-09-02T07:51:56.327602631Z,250.922289,2773808,175026176,208928768
retained-20260902-f3945ac,S3-WARM-r01,2026-09-02T07:51:56.337863286Z,261.182944,2778843,175026176,209190912
retained-20260902-f3945ac,S3-WARM-r01,2026-09-02T07:51:56.347005653Z,270.325311,2787900,175484928,209715200
retained-20260902-f3945ac,S3-WARM-r01,2026-09-02T07:51:56.357192878Z,280.512536,2801418,175484928,209715200
retained-20260902-f3945ac,S3-WARM-r01,2026-09-02T07:51:56.367345846Z,290.665504,2810554,175714304,209977344
retained-20260902-f3945ac,S3-WARM-r01,2026-09-02T07:51:56.377499039Z,300.818696,2824120,175714304,209977344
retained-20260902-f3945ac,S3-WARM-r01,2026-09-02T07:51:56.387729014Z,311.048667,2838215,178008064,212336640
retained-20260902-f3945ac,S3-WARM-r01,2026-09-02T07:51:56.396904173Z,320.223831,2847253,178466816,212860928
retained-20260902-f3945ac,S3-WARM-r01,2026-09-02T07:51:56.407098471Z,330.418128,2856354,179154944,213647360
retained-20260902-f3945ac,S3-WARM-r01,2026-09-02T07:51:56.432065815Z,355.385473,2870223,132546560,171450368
retained-20260902-f3945ac,S3-WARM-r01,2026-09-02T07:51:56.436849036Z,360.168693,2879139,128577536,162881536
retained-20260902-f3945ac,S3-WARM-r01,2026-09-02T07:51:56.437057286Z,360.376943,2879139,128577536,162873344
retained-20260902-f3945ac,F2-r01,2026-09-02T07:51:56.463505754Z,0.050455,2911299,33488896,75046912
retained-20260902-f3945ac,F2-r01,2026-09-02T07:51:56.474349228Z,10.893918,2915254,38535168,80015360
retained-20260902-f3945ac,F2-r01,2026-09-02T07:51:56.484540156Z,21.084846,2915419,38535168,80015360
retained-20260902-f3945ac,F2-r01,2026-09-02T07:51:56.493692097Z,30.236786,2915560,38535168,79441920
retained-20260902-f3945ac,F2-r01,2026-09-02T07:51:56.503860445Z,40.405135,2915685,38535168,79249408
retained-20260902-f3945ac,F2-r01,2026-09-02T07:51:56.514002867Z,50.547556,2915824,38535168,79249408
retained-20260902-f3945ac,F2-r01,2026-09-02T07:51:56.524120487Z,60.665176,2915965,38535168,79249408
retained-20260902-f3945ac,F2-r01,2026-09-02T07:51:56.53432663Z,70.871319,2916129,38535168,79249408
retained-20260902-f3945ac,F2-r01,2026-09-02T07:51:56.544494917Z,81.039606,2916260,38535168,79249408
retained-20260902-f3945ac,F2-r01,2026-09-02T07:51:56.553691703Z,90.236393,2916397,38535168,79249408
retained-20260902-f3945ac,F2-r01,2026-09-02T07:51:56.563853614Z,100.398304,2916536,38535168,79249408
retained-20260902-f3945ac,F2-r01,2026-09-02T07:51:56.573990765Z,110.535455,2916670,38535168,79249408
retained-20260902-f3945ac,F2-r01,2026-09-02T07:51:56.584117764Z,120.662454,2916794,38535168,78991360
retained-20260902-f3945ac,F2-r01,2026-09-02T07:51:56.594306965Z,130.851654,2916932,38535168,78991360
retained-20260902-f3945ac,F2-r01,2026-09-02T07:51:56.604482382Z,141.027071,2917076,38535168,78991360
retained-20260902-f3945ac,F2-r01,2026-09-02T07:51:56.613685644Z,150.230333,2917221,38535168,78991360
retained-20260902-f3945ac,F2-r01,2026-09-02T07:51:56.623811035Z,160.355724,2917328,38535168,78991360
retained-20260902-f3945ac,F2-r01,2026-09-02T07:51:56.633924409Z,170.469099,2917469,38535168,78991360
retained-20260902-f3945ac,F2-r01,2026-09-02T07:51:56.644070346Z,180.615035,2917611,38535168,78991360
retained-20260902-f3945ac,F2-r01,2026-09-02T07:51:56.654261438Z,190.806128,2917753,38535168,78991360
retained-20260902-f3945ac,F2-r01,2026-09-02T07:51:56.664418956Z,200.963645,2917873,38535168,78991360
retained-20260902-f3945ac,F2-r01,2026-09-02T07:51:56.674618636Z,211.163325,2918035,38535168,78991360
retained-20260902-f3945ac,F2-r01,2026-09-02T07:51:56.683785505Z,220.330194,2918155,38535168,78991360
retained-20260902-f3945ac,F2-r01,2026-09-02T07:51:56.693970782Z,230.515471,2918301,38535168,78991360
retained-20260902-f3945ac,F2-r01,2026-09-02T07:51:56.704137061Z,240.681750,2918475,38535168,78991360
retained-20260902-f3945ac,F2-r01,2026-09-02T07:51:56.714333244Z,250.877934,2918625,38535168,78991360
retained-20260902-f3945ac,F2-r01,2026-09-02T07:51:56.724489432Z,261.034121,2918749,38535168,78991360
retained-20260902-f3945ac,F2-r01,2026-09-02T07:51:56.733623128Z,270.167817,2918862,38535168,78991360
retained-20260902-f3945ac,F2-r01,2026-09-02T07:51:56.743794901Z,280.339590,2919009,38535168,78991360
retained-20260902-f3945ac,F2-r01,2026-09-02T07:51:56.753951193Z,290.495882,2919168,38535168,78991360
retained-20260902-f3945ac,F2-r01,2026-09-02T07:51:56.764101752Z,300.646442,2919312,38535168,78991360
retained-20260902-f3945ac,F2-r01,2026-09-02T07:51:56.774255552Z,310.800241,2919447,38535168,78991360
retained-20260902-f3945ac,F2-r01,2026-09-02T07:51:56.78439693Z,320.941619,2919559,38535168,78991360
retained-20260902-f3945ac,F2-r01,2026-09-02T07:51:56.79458256Z,331.127249,2919696,38535168,78991360
retained-20260902-f3945ac,F2-r01,2026-09-02T07:51:56.803744873Z,340.289562,2919849,38535168,79253504
retained-20260902-f3945ac,F2-r01,2026-09-02T07:51:56.813953997Z,350.498686,2920022,38764544,79253504
retained-20260902-f3945ac,F2-r01,2026-09-02T07:51:56.824100942Z,360.645631,2920171,38764544,79253504
retained-20260902-f3945ac,F2-r01,2026-09-02T07:51:56.83429063Z,370.835319,2920309,38764544,79253504
retained-20260902-f3945ac,F2-r01,2026-09-02T07:51:56.844442507Z,380.987196,2920423,38764544,79253504
retained-20260902-f3945ac,F2-r01,2026-09-02T07:51:56.854577431Z,391.122119,2920543,38764544,79253504
retained-20260902-f3945ac,F2-r01,2026-09-02T07:51:56.863743515Z,400.288206,2920654,38764544,79253504
retained-20260902-f3945ac,F2-r01,2026-09-02T07:51:56.873914066Z,410.458756,2920787,38764544,79220736
retained-20260902-f3945ac,F2-r01,2026-09-02T07:51:56.884006857Z,420.551546,2920898,38764544,79220736
retained-20260902-f3945ac,F2-r01,2026-09-02T07:51:56.894184463Z,430.729153,2921017,38764544,79220736
retained-20260902-f3945ac,F2-r01,2026-09-02T07:51:56.904310896Z,440.855586,2921155,38764544,79220736
retained-20260902-f3945ac,F2-r01,2026-09-02T07:51:56.914491985Z,451.036674,2921277,38764544,79220736
retained-20260902-f3945ac,F2-r01,2026-09-02T07:51:56.924604273Z,461.148962,2921387,38764544,79220736
retained-20260902-f3945ac,F2-r01,2026-09-02T07:51:56.933739462Z,470.284152,2921493,38764544,78790656
retained-20260902-f3945ac,F2-r01,2026-09-02T07:51:56.943864282Z,480.408972,2921614,38764544,78790656
retained-20260902-f3945ac,F2-r01,2026-09-02T07:51:56.954047956Z,490.592646,2921740,38764544,78790656
retained-20260902-f3945ac,F2-r01,2026-09-02T07:51:56.964135896Z,500.680586,2921863,38764544,78790656
retained-20260902-f3945ac,F2-r01,2026-09-02T07:51:56.968160621Z,504.705311,2922810,38764544,79048704
retained-20260902-f3945ac,S4-2-r01,2026-09-02T07:51:57.385653971Z,0.096428,3358145,32800768,124710912
retained-20260902-f3945ac,S4-2-r01,2026-09-02T07:51:57.41576943Z,30.211883,3363049,34635776,127389696
retained-20260902-f3945ac,S4-2-r01,2026-09-02T07:51:57.426681338Z,41.123795,3388321,36929536,197120000
retained-20260902-f3945ac,S4-2-r01,2026-09-02T07:51:57.435925671Z,50.368130,3411082,36929536,237748224
retained-20260902-f3945ac,S4-2-r01,2026-09-02T07:51:57.446153826Z,60.596283,3429022,36929536,241680384
retained-20260902-f3945ac,S4-2-r01,2026-09-02T07:51:57.456315994Z,70.758451,3455870,37158912,241680384
retained-20260902-f3945ac,S4-2-r01,2026-09-02T07:51:57.46651597Z,80.958428,3473798,37158912,241680384
retained-20260902-f3945ac,S4-2-r01,2026-09-02T07:51:57.476634523Z,91.076980,3496139,37158912,241680384
retained-20260902-f3945ac,S4-2-r01,2026-09-02T07:51:57.485767339Z,100.209796,3500702,37158912,241680384
retained-20260902-f3945ac,S4-2-r01,2026-09-02T07:51:57.531524961Z,145.967418,3500904,37158912,241680384
retained-20260902-f3945ac,S4-2-r01,2026-09-02T07:51:57.53674811Z,151.190568,3510565,37158912,241938432
retained-20260902-f3945ac,S4-2-r01,2026-09-02T07:51:57.545945359Z,160.387816,3528503,37158912,241938432
retained-20260902-f3945ac,S4-2-r01,2026-09-02T07:51:57.556115572Z,170.558030,3555345,37158912,241938432
retained-20260902-f3945ac,S4-2-r01,2026-09-02T07:51:57.566232681Z,180.675138,3573272,37388288,241938432
retained-20260902-f3945ac,S4-2-r01,2026-09-02T07:51:57.576424665Z,190.867122,3595844,37388288,251375616
retained-20260902-f3945ac,S4-2-r01,2026-09-02T07:51:57.586581009Z,201.023466,3600532,37388288,256880640
retained-20260902-f3945ac,S4-2-r01,2026-09-02T07:51:57.595767711Z,210.210173,3600657,37388288,256880640
retained-20260902-f3945ac,S4-2-r01,2026-09-02T07:51:57.605959191Z,220.401648,3600820,37388288,256880640
retained-20260902-f3945ac,S4-2-r01,2026-09-02T07:51:57.616114022Z,230.556481,3600939,37388288,256880640
retained-20260902-f3945ac,S4-2-r01,2026-09-02T07:51:57.62627706Z,240.719518,3601069,37388288,256880640
retained-20260902-f3945ac,S4-2-r01,2026-09-02T07:51:57.636420349Z,250.862806,3610825,37388288,266055680
retained-20260902-f3945ac,S4-2-r01,2026-09-02T07:51:57.646649904Z,261.092361,3629311,37388288,293580800
retained-20260902-f3945ac,S4-2-r01,2026-09-02T07:51:57.655869575Z,270.312032,3656816,37388288,319270912
retained-20260902-f3945ac,S4-2-r01,2026-09-02T07:51:57.666122128Z,280.564586,3675171,37388288,338931712
retained-20260902-f3945ac,S4-2-r01,2026-09-02T07:51:57.67632464Z,290.767097,3702300,37388288,353087488
retained-20260902-f3945ac,S4-2-r01,2026-09-02T07:51:57.686541879Z,300.984336,3702478,37388288,353087488
retained-20260902-f3945ac,S4-2-r01,2026-09-02T07:51:57.696732929Z,311.175405,3702631,37388288,353087488
retained-20260902-f3945ac,S4-2-r01,2026-09-02T07:51:57.705957548Z,320.400006,3702767,37388288,353087488
retained-20260902-f3945ac,S4-2-r01,2026-09-02T07:51:57.716055023Z,330.497481,3702930,37388288,353087488
retained-20260902-f3945ac,S4-2-r01,2026-09-02T07:51:57.726419301Z,340.861758,3703060,37388288,353087488
retained-20260902-f3945ac,S4-2-r01,2026-09-02T07:51:57.736644443Z,351.086900,3712722,37388288,358854656
retained-20260902-f3945ac,S4-2-r01,2026-09-02T07:51:57.745780057Z,360.222514,3730632,37388288,360689664
retained-20260902-f3945ac,S4-2-r01,2026-09-02T07:51:57.755935623Z,370.378080,3757503,37388288,360689664
retained-20260902-f3945ac,S4-2-r01,2026-09-02T07:51:57.766142558Z,380.585016,3775486,37388288,361213952
retained-20260902-f3945ac,S4-2-r01,2026-09-02T07:51:57.776260338Z,390.702795,3797899,37388288,361213952
retained-20260902-f3945ac,S4-2-r01,2026-09-02T07:51:57.786408141Z,400.850598,3802489,37388288,361213952
retained-20260902-f3945ac,S4-2-r01,2026-09-02T07:51:57.79658626Z,411.028717,3802640,37388288,361213952
retained-20260902-f3945ac,S4-2-r01,2026-09-02T07:51:57.8067823Z,421.224757,3802800,37388288,361213952
retained-20260902-f3945ac,S4-2-r01,2026-09-02T07:51:57.815992544Z,430.435002,3802972,37388288,361472000
retained-20260902-f3945ac,S4-2-r01,2026-09-02T07:51:57.826203188Z,440.645645,3803126,37388288,361472000
retained-20260902-f3945ac,S4-2-r01,2026-09-02T07:51:57.836316086Z,450.758543,3812790,37388288,361472000
retained-20260902-f3945ac,S4-2-r01,2026-09-02T07:51:57.846544552Z,460.987009,3830803,37388288,361996288
retained-20260902-f3945ac,S4-2-r01,2026-09-02T07:51:57.856803696Z,471.246154,3857700,37388288,362520576
retained-20260902-f3945ac,S4-2-r01,2026-09-02T07:51:57.866019587Z,480.462044,3875669,37388288,362782720
retained-20260902-f3945ac,S4-2-r01,2026-09-02T07:51:57.876232519Z,490.675002,3898151,37388288,362799104
retained-20260902-f3945ac,S4-2-r01,2026-09-02T07:51:57.886617052Z,501.059509,3903008,37388288,362799104
retained-20260902-f3945ac,S4-2-r01,2026-09-02T07:51:57.931503077Z,545.945534,3903301,37617664,362799104
retained-20260902-f3945ac,S4-2-r01,2026-09-02T07:51:57.936669739Z,551.112196,3913010,37617664,362799104
retained-20260902-f3945ac,S4-2-r01,2026-09-02T07:51:57.94580491Z,560.247367,3930986,37617664,363061248
retained-20260902-f3945ac,S4-2-r01,2026-09-02T07:51:57.956003312Z,570.445769,3958150,37847040,364634112
retained-20260902-f3945ac,S4-2-r01,2026-09-02T07:51:57.966225658Z,580.668116,3979224,37847040,365944832
retained-20260902-f3945ac,S4-2-r01,2026-09-02T07:51:58.032975179Z,647.417635,4008642,36421632,317693952
retained-20260902-f3945ac,S4-2-r01,2026-09-02T07:51:58.035890421Z,650.332879,4015096,36880384,317218816
retained-20260902-f3945ac,S4-2-r01,2026-09-02T07:51:58.045827297Z,660.269755,4026577,36880384,269221888
retained-20260902-f3945ac,S4-2-r01,2026-09-02T07:51:58.05091075Z,665.353207,4037655,37314560,269615104
retained-20260902-f3945ac,S4-4-r01,2026-09-02T07:51:58.941578766Z,0.026877,4899344,32800768,179228672
retained-20260902-f3945ac,S4-4-r01,2026-09-02T07:51:58.979781765Z,38.229870,4904805,35323904,182104064
retained-20260902-f3945ac,S4-4-r01,2026-09-02T07:51:58.981697338Z,40.145448,4918769,37617664,194908160
retained-20260902-f3945ac,S4-4-r01,2026-09-02T07:51:58.991856058Z,50.304169,4968778,37617664,309202944
retained-20260902-f3945ac,S4-4-r01,2026-09-02T07:51:59.002105225Z,60.553342,5004585,37617664,392040448
retained-20260902-f3945ac,S4-4-r01,2026-09-02T07:51:59.012340813Z,70.788923,5009293,37617664,392040448
retained-20260902-f3945ac,S4-4-r01,2026-09-02T07:51:59.022543806Z,80.991917,5009449,37617664,392040448
retained-20260902-f3945ac,S4-4-r01,2026-09-02T07:51:59.032741039Z,91.189150,5010691,37617664,403836928
retained-20260902-f3945ac,S4-4-r01,2026-09-02T07:51:59.041995969Z,100.444080,5046447,37617664,404623360
retained-20260902-f3945ac,S4-4-r01,2026-09-02T07:51:59.052170161Z,110.618271,5095549,37617664,404623360
retained-20260902-f3945ac,S4-4-r01,2026-09-02T07:51:59.0623915Z,120.839611,5109087,37617664,404881408
retained-20260902-f3945ac,S4-4-r01,2026-09-02T07:51:59.072609928Z,131.058039,5109283,37617664,404881408
retained-20260902-f3945ac,S4-4-r01,2026-09-02T07:51:59.081797007Z,140.245117,5109457,37617664,404881408
retained-20260902-f3945ac,S4-4-r01,2026-09-02T07:51:59.091972284Z,150.420395,5109604,37617664,404881408
retained-20260902-f3945ac,S4-4-r01,2026-09-02T07:51:59.102144818Z,160.592923,5109715,37617664,404881408
retained-20260902-f3945ac,S4-4-r01,2026-09-02T07:51:59.112240244Z,170.688355,5109797,37617664,404881408
retained-20260902-f3945ac,S4-4-r01,2026-09-02T07:51:59.122396025Z,180.844136,5109881,37617664,404881408
retained-20260902-f3945ac,S4-4-r01,2026-09-02T07:51:59.132600636Z,191.048770,5111137,37617664,404881408
retained-20260902-f3945ac,S4-4-r01,2026-09-02T07:51:59.141861149Z,200.309259,5146958,37617664,404881408
retained-20260902-f3945ac,S4-4-r01,2026-09-02T07:51:59.152011036Z,210.459147,5196051,37617664,404881408
retained-20260902-f3945ac,S4-4-r01,2026-09-02T07:51:59.162284379Z,220.732490,5209636,37617664,404881408
retained-20260902-f3945ac,S4-4-r01,2026-09-02T07:51:59.172503578Z,230.951688,5209840,37617664,405139456
retained-20260902-f3945ac,S4-4-r01,2026-09-02T07:51:59.182720276Z,241.168387,5210019,37617664,405139456
retained-20260902-f3945ac,S4-4-r01,2026-09-02T07:51:59.191898496Z,250.346607,5210237,37617664,405139456
retained-20260902-f3945ac,S4-4-r01,2026-09-02T07:51:59.202063823Z,260.511933,5210438,37617664,405139456
retained-20260902-f3945ac,S4-4-r01,2026-09-02T07:51:59.212225311Z,270.673422,5210643,37617664,405139456
retained-20260902-f3945ac,S4-4-r01,2026-09-02T07:51:59.222487062Z,280.935173,5210848,37617664,405139456
retained-20260902-f3945ac,S4-4-r01,2026-09-02T07:51:59.232588475Z,291.036584,5212096,37617664,405139456
retained-20260902-f3945ac,S4-4-r01,2026-09-02T07:51:59.241859805Z,300.307917,5247878,37617664,405139456
retained-20260902-f3945ac,S4-4-r01,2026-09-02T07:51:59.252086572Z,310.534682,5297018,37617664,405139456
retained-20260902-f3945ac,S4-4-r01,2026-09-02T07:51:59.262304679Z,320.752790,5310568,37617664,405139456
retained-20260902-f3945ac,S4-4-r01,2026-09-02T07:51:59.272470081Z,330.918192,5310776,37617664,405139456
retained-20260902-f3945ac,S4-4-r01,2026-09-02T07:51:59.282731025Z,341.179135,5311001,37617664,405139456
retained-20260902-f3945ac,S4-4-r01,2026-09-02T07:51:59.291973424Z,350.421535,5311248,37847040,405139456
retained-20260902-f3945ac,S4-4-r01,2026-09-02T07:51:59.302233448Z,360.681558,5311478,37847040,405139456
retained-20260902-f3945ac,S4-4-r01,2026-09-02T07:51:59.312501849Z,370.949959,5311727,37847040,405139456
retained-20260902-f3945ac,S4-4-r01,2026-09-02T07:51:59.321705014Z,380.153124,5311924,37847040,405139456
retained-20260902-f3945ac,S4-4-r01,2026-09-02T07:51:59.331946289Z,390.394399,5313232,37847040,405139456
retained-20260902-f3945ac,S4-4-r01,2026-09-02T07:51:59.342266883Z,400.714993,5349034,37847040,405139456
retained-20260902-f3945ac,S4-4-r01,2026-09-02T07:51:59.352498048Z,410.946157,5398393,37847040,424538112
retained-20260902-f3945ac,S4-4-r01,2026-09-02T07:51:59.36169063Z,420.138735,5412103,37847040,431091712
retained-20260902-f3945ac,S4-4-r01,2026-09-02T07:51:59.371943991Z,430.392095,5412311,37847040,431091712
retained-20260902-f3945ac,S4-4-r01,2026-09-02T07:51:59.382171525Z,440.619636,5412699,37847040,431091712
retained-20260902-f3945ac,S4-4-r01,2026-09-02T07:51:59.392378575Z,450.826680,5412868,37847040,431091712
retained-20260902-f3945ac,S4-4-r01,2026-09-02T07:51:59.402598126Z,461.046231,5413031,37847040,431091712
retained-20260902-f3945ac,S4-4-r01,2026-09-02T07:51:59.431532105Z,489.980210,5413436,37847040,431353856
retained-20260902-f3945ac,S4-4-r01,2026-09-02T07:51:59.431672369Z,490.120478,5413465,37847040,431616000
retained-20260902-f3945ac,S4-4-r01,2026-09-02T07:51:59.441886955Z,500.335066,5451261,37847040,492171264
retained-20260902-f3945ac,S4-4-r01,2026-09-02T07:51:59.452093147Z,510.541258,5501484,37847040,527073280
retained-20260902-f3945ac,S4-4-r01,2026-09-02T07:51:59.462418982Z,520.867092,5510923,37847040,534937600
retained-20260902-f3945ac,S4-4-r01,2026-09-02T07:51:59.47259454Z,531.042650,5511201,37847040,535195648
retained-20260902-f3945ac,S4-4-r01,2026-09-02T07:51:59.481871459Z,540.319569,5511420,37847040,535195648
retained-20260902-f3945ac,S4-4-r01,2026-09-02T07:51:59.492124993Z,550.573104,5511647,37847040,535195648
retained-20260902-f3945ac,S4-4-r01,2026-09-02T07:51:59.502354081Z,560.802186,5511833,37847040,535195648
retained-20260902-f3945ac,S4-4-r01,2026-09-02T07:51:59.512535686Z,570.983797,5511972,37847040,535195648
retained-20260902-f3945ac,S4-4-r01,2026-09-02T07:51:59.522720643Z,581.168749,5512095,37847040,535195648
retained-20260902-f3945ac,S4-4-r01,2026-09-02T07:51:59.532572748Z,591.020858,5513485,37847040,540700672
retained-20260902-f3945ac,S4-4-r01,2026-09-02T07:51:59.54182292Z,600.271031,5550058,37847040,587886592
retained-20260902-f3945ac,S4-4-r01,2026-09-02T07:51:59.552061937Z,610.510047,5599555,37847040,620392448
retained-20260902-f3945ac,S4-4-r01,2026-09-02T07:51:59.56227665Z,620.724759,5608695,37847040,621178880
retained-20260902-f3945ac,S4-4-r01,2026-09-02T07:51:59.572465184Z,630.913294,5608866,38076416,621178880
retained-20260902-f3945ac,S4-4-r01,2026-09-02T07:51:59.582673304Z,641.121414,5609024,38076416,621178880
retained-20260902-f3945ac,S4-4-r01,2026-09-02T07:51:59.591853015Z,650.301125,5609186,38076416,621441024
retained-20260902-f3945ac,S4-4-r01,2026-09-02T07:51:59.602049288Z,660.497398,5609335,38076416,621174784
retained-20260902-f3945ac,S4-4-r01,2026-09-02T07:51:59.612195458Z,670.643569,5609480,38076416,621436928
retained-20260902-f3945ac,S4-4-r01,2026-09-02T07:51:59.622385588Z,680.833698,5609618,38076416,621436928
retained-20260902-f3945ac,S4-4-r01,2026-09-02T07:51:59.63251442Z,690.962530,5610858,38076416,622485504
retained-20260902-f3945ac,S4-4-r01,2026-09-02T07:51:59.642709323Z,701.157457,5647095,38076416,635854848
retained-20260902-f3945ac,S4-4-r01,2026-09-02T07:51:59.651999344Z,710.447454,5696390,38076416,636903424
retained-20260902-f3945ac,S4-4-r01,2026-09-02T07:51:59.662303333Z,720.751443,5710136,38076416,637165568
retained-20260902-f3945ac,S4-4-r01,2026-09-02T07:51:59.672584399Z,731.032510,5710455,38076416,637165568
retained-20260902-f3945ac,S4-4-r01,2026-09-02T07:51:59.681835798Z,740.283908,5710721,38076416,637165568
retained-20260902-f3945ac,S4-4-r01,2026-09-02T07:51:59.692003594Z,750.451705,5710909,38076416,637165568
retained-20260902-f3945ac,S4-4-r01,2026-09-02T07:51:59.702227801Z,760.675911,5711213,38076416,637165568
retained-20260902-f3945ac,S4-4-r01,2026-09-02T07:51:59.712384613Z,770.832718,5711316,38076416,637165568
retained-20260902-f3945ac,S4-4-r01,2026-09-02T07:51:59.722544608Z,780.992713,5711399,38076416,637165568
retained-20260902-f3945ac,S4-4-r01,2026-09-02T07:51:59.732721811Z,791.169922,5712573,38076416,638214144
retained-20260902-f3945ac,S4-4-r01,2026-09-02T07:51:59.741966322Z,800.414432,5748421,38076416,638214144
retained-20260902-f3945ac,S4-4-r01,2026-09-02T07:51:59.752154869Z,810.602980,5797641,38076416,638738432
retained-20260902-f3945ac,S4-4-r01,2026-09-02T07:51:59.762411409Z,820.859519,5806767,38076416,639262720
retained-20260902-f3945ac,S4-4-r01,2026-09-02T07:51:59.831504728Z,889.952839,5806997,38076416,639262720
retained-20260902-f3945ac,S4-4-r01,2026-09-02T07:51:59.831703645Z,890.151755,5807019,38076416,639262720
retained-20260902-f3945ac,S4-4-r01,2026-09-02T07:51:59.841766197Z,900.214308,5844104,38076416,639524864
retained-20260902-f3945ac,S4-4-r01,2026-09-02T07:51:59.851909604Z,910.357714,5893413,38076416,639787008
retained-20260902-f3945ac,S4-4-r01,2026-09-02T07:51:59.862151516Z,920.599627,5906981,38076416,640049152
retained-20260902-f3945ac,S4-4-r01,2026-09-02T07:51:59.872364231Z,930.812342,5907190,38076416,640270336
retained-20260902-f3945ac,S4-4-r01,2026-09-02T07:51:59.882575166Z,941.023277,5907351,38305792,640270336
retained-20260902-f3945ac,S4-4-r01,2026-09-02T07:51:59.891783106Z,950.231216,5907510,38305792,640270336
retained-20260902-f3945ac,S4-4-r01,2026-09-02T07:51:59.931532261Z,989.980372,5907657,38305792,640270336
retained-20260902-f3945ac,S4-4-r01,2026-09-02T07:51:59.931671546Z,990.119655,5907663,38305792,640270336
retained-20260902-f3945ac,S4-4-r01,2026-09-02T07:51:59.941903935Z,1000.352046,5944662,38305792,640638976
retained-20260902-f3945ac,S4-4-r01,2026-09-02T07:51:59.952041631Z,1010.489741,5993862,38305792,640901120
retained-20260902-f3945ac,S4-4-r01,2026-09-02T07:51:59.962285615Z,1020.733725,6007433,38305792,641425408
retained-20260902-f3945ac,S4-4-r01,2026-09-02T07:51:59.972430642Z,1030.878754,6007631,38305792,641425408
retained-20260902-f3945ac,S4-4-r01,2026-09-02T07:51:59.982653247Z,1041.101357,6007800,38305792,641425408
retained-20260902-f3945ac,S4-4-r01,2026-09-02T07:51:59.991866751Z,1050.314861,6007974,38305792,641425408
retained-20260902-f3945ac,S4-4-r01,2026-09-02T07:52:00.002127802Z,1060.575919,6008242,38535168,641425408
retained-20260902-f3945ac,S4-4-r01,2026-09-02T07:52:00.012383085Z,1070.831195,6008450,38535168,641425408
retained-20260902-f3945ac,S4-4-r01,2026-09-02T07:52:00.022515197Z,1080.963307,6008569,38535168,641425408
retained-20260902-f3945ac,S4-4-r01,2026-09-02T07:52:00.03271312Z,1091.161231,6009572,38535168,641425408
retained-20260902-f3945ac,S4-4-r01,2026-09-02T07:52:00.041915022Z,1100.363133,6045353,38535168,641687552
retained-20260902-f3945ac,S4-4-r01,2026-09-02T07:52:00.052097746Z,1110.545857,6094644,38535168,641949696
retained-20260902-f3945ac,S4-4-r01,2026-09-02T07:52:00.062309822Z,1120.757932,6108276,38535168,641949696
retained-20260902-f3945ac,S4-4-r01,2026-09-02T07:52:00.131494433Z,1189.942544,6108579,38535168,642211840
retained-20260902-f3945ac,S4-4-r01,2026-09-02T07:52:00.132766795Z,1191.214910,6109785,38535168,642473984
retained-20260902-f3945ac,S4-4-r01,2026-09-02T07:52:00.141994845Z,1200.442955,6146318,38535168,645095424
retained-20260902-f3945ac,S4-4-r01,2026-09-02T07:52:00.152173122Z,1210.621232,6195522,38535168,645095424
retained-20260902-f3945ac,S4-4-r01,2026-09-02T07:52:00.162411047Z,1220.859157,6205822,38535168,646144000
retained-20260902-f3945ac,S4-4-r01,2026-09-02T07:52:00.172566988Z,1231.015099,6206180,38535168,646144000
retained-20260902-f3945ac,S4-4-r01,2026-09-02T07:52:00.181833603Z,1240.281713,6206393,38535168,646144000
retained-20260902-f3945ac,S4-4-r01,2026-09-02T07:52:00.19203163Z,1250.479740,6206610,38535168,646144000
retained-20260902-f3945ac,S4-4-r01,2026-09-02T07:52:00.202251522Z,1260.699632,6206799,38535168,646070272
retained-20260902-f3945ac,S4-4-r01,2026-09-02T07:52:00.212450433Z,1270.898544,6206994,38535168,645812224
retained-20260902-f3945ac,S4-4-r01,2026-09-02T07:52:00.222639476Z,1281.087587,6207140,38535168,645812224
retained-20260902-f3945ac,S4-4-r01,2026-09-02T07:52:00.231762338Z,1290.210448,6208485,38535168,646598656
retained-20260902-f3945ac,S4-4-r01,2026-09-02T07:52:00.241680859Z,1300.128964,6246824,39682048,604491776
retained-20260902-f3945ac,S4-4-r01,2026-09-02T07:52:00.252252851Z,1310.700960,6291950,36458496,599977984
retained-20260902-f3945ac,S4-4-r01,2026-09-02T07:52:00.262430048Z,1320.878159,6301734,36458496,595767296
retained-20260902-f3945ac,S4-4-r01,2026-09-02T07:52:00.272610129Z,1331.058240,6301915,36458496,595668992
retained-20260902-f3945ac,S4-4-r01,2026-09-02T07:52:00.281818269Z,1340.266379,6302068,36458496,595668992
retained-20260902-f3945ac,S4-4-r01,2026-09-02T07:52:00.291965177Z,1350.413288,6302196,36458496,595668992
retained-20260902-f3945ac,S4-4-r01,2026-09-02T07:52:00.302152213Z,1360.600323,6302358,36458496,595668992
retained-20260902-f3945ac,S4-4-r01,2026-09-02T07:52:00.331549357Z,1389.997500,6302668,36458496,580993024
retained-20260902-f3945ac,S4-4-r01,2026-09-02T07:52:00.331772268Z,1390.220379,6303690,36458496,574726144
retained-20260902-f3945ac,S4-4-r01,2026-09-02T07:52:00.340264063Z,1398.712173,6330740,37040128,455585792
retained-20260902-f3945ac,S3-COLD-r02,2026-09-02T07:52:00.605920176Z,0.063626,6575981,58556416,94527488
retained-20260902-f3945ac,S3-COLD-r02,2026-09-02T07:52:00.631765595Z,25.909040,6578747,60620800,96423936
retained-20260902-f3945ac,S3-COLD-r02,2026-09-02T07:52:00.645426442Z,39.569893,6618672,158105600,194711552
retained-20260902-f3945ac,S3-COLD-r02,2026-09-02T07:52:00.680502679Z,74.646124,6618676,158564352,194711552
retained-20260902-f3945ac,S3-COLD-r02,2026-09-02T07:52:00.68632078Z,80.464231,6630433,167739392,203620352
retained-20260902-f3945ac,S3-COLD-r02,2026-09-02T07:52:00.696472009Z,90.615459,6657310,167739392,203620352
retained-20260902-f3945ac,S3-COLD-r02,2026-09-02T07:52:00.706708981Z,100.852431,6675335,167739392,203620352
retained-20260902-f3945ac,S3-COLD-r02,2026-09-02T07:52:00.716937118Z,111.080569,6688964,167739392,203620352
retained-20260902-f3945ac,S3-COLD-r02,2026-09-02T07:52:00.726147154Z,120.290604,6689123,167739392,203620352
retained-20260902-f3945ac,S3-COLD-r02,2026-09-02T07:52:00.736313522Z,130.456973,6698807,167739392,203620352
retained-20260902-f3945ac,S3-COLD-r02,2026-09-02T07:52:00.746591337Z,140.734788,6716873,167739392,203620352
retained-20260902-f3945ac,S3-COLD-r02,2026-09-02T07:52:00.756789769Z,150.933219,6743761,167739392,203620352
retained-20260902-f3945ac,S3-COLD-r02,2026-09-02T07:52:00.767077215Z,161.220665,6761918,167739392,203620352
retained-20260902-f3945ac,S3-COLD-r02,2026-09-02T07:52:00.776360753Z,170.504203,6784427,167739392,203620352
retained-20260902-f3945ac,S3-COLD-r02,2026-09-02T07:52:00.786517998Z,180.661448,6789050,167739392,203517952
retained-20260902-f3945ac,S3-COLD-r02,2026-09-02T07:52:00.796727987Z,190.871438,6789308,167739392,203517952
retained-20260902-f3945ac,S3-COLD-r02,2026-09-02T07:52:00.806953239Z,201.096690,6789551,167739392,203517952
retained-20260902-f3945ac,S3-COLD-r02,2026-09-02T07:52:00.816135594Z,210.279045,6789718,167739392,203517952
retained-20260902-f3945ac,S3-COLD-r02,2026-09-02T07:52:00.82628801Z,220.431460,6789921,167739392,203517952
retained-20260902-f3945ac,S3-COLD-r02,2026-09-02T07:52:00.836425397Z,230.568847,6799540,167739392,203517952
retained-20260902-f3945ac,S3-COLD-r02,2026-09-02T07:52:00.846570382Z,240.713833,6817798,180813824,216625152
retained-20260902-f3945ac,S3-COLD-r02,2026-09-02T07:52:00.856844364Z,250.987816,6845222,210632704,246755328
retained-20260902-f3945ac,S3-COLD-r02,2026-09-02T07:52:00.867050296Z,261.193745,6863661,242515968,278736896
retained-20260902-f3945ac,S3-COLD-r02,2026-09-02T07:52:00.876234388Z,270.377839,6886666,262930432,299380736
retained-20260902-f3945ac,S3-COLD-r02,2026-09-02T07:52:00.886471463Z,280.614914,6886901,262930432,299380736
retained-20260902-f3945ac,S3-COLD-r02,2026-09-02T07:52:00.896683467Z,290.826917,6887123,262930432,299397120
retained-20260902-f3945ac,S3-COLD-r02,2026-09-02T07:52:00.906857046Z,301.000496,6887312,262930432,299397120
retained-20260902-f3945ac,S3-COLD-r02,2026-09-02T07:52:00.931513867Z,325.657318,6887677,263389184,299921408
retained-20260902-f3945ac,S3-COLD-r02,2026-09-02T07:52:00.936722815Z,330.866260,6897555,279216128,315650048
retained-20260902-f3945ac,S3-COLD-r02,2026-09-02T07:52:00.946923342Z,341.066792,6915595,287473664,324038656
retained-20260902-f3945ac,S3-COLD-r02,2026-09-02T07:52:00.956153214Z,350.296664,6942602,287473664,324038656
retained-20260902-f3945ac,S3-COLD-r02,2026-09-02T07:52:00.966400159Z,360.543609,6960695,287703040,324300800
retained-20260902-f3945ac,S3-COLD-r02,2026-09-02T07:52:00.976676888Z,370.820339,6987708,288161792,324562944
retained-20260902-f3945ac,S3-COLD-r02,2026-09-02T07:52:00.98682545Z,380.968901,6987956,288161792,324562944
retained-20260902-f3945ac,S3-COLD-r02,2026-09-02T07:52:00.996998332Z,391.141783,6988162,288161792,324562944
retained-20260902-f3945ac,S3-COLD-r02,2026-09-02T07:52:01.031512062Z,425.655513,6988394,288161792,324558848
retained-20260902-f3945ac,S3-COLD-r02,2026-09-02T07:52:01.036672654Z,430.816104,6998043,288161792,324820992
retained-20260902-f3945ac,S3-COLD-r02,2026-09-02T07:52:01.046891527Z,441.034977,7016047,288620544,325083136
retained-20260902-f3945ac,S3-COLD-r02,2026-09-02T07:52:01.056039448Z,450.182899,7042914,289079296,325607424
retained-20260902-f3945ac,S3-COLD-r02,2026-09-02T07:52:01.066307168Z,460.450618,7061031,289079296,325607424
retained-20260902-f3945ac,S3-COLD-r02,2026-09-02T07:52:01.076542799Z,470.686250,7083553,289767424,326393856
retained-20260902-f3945ac,S3-COLD-r02,2026-09-02T07:52:01.086776399Z,480.919850,7088259,289767424,326393856
retained-20260902-f3945ac,S3-COLD-r02,2026-09-02T07:52:01.096979537Z,491.122983,7088586,289767424,326393856
retained-20260902-f3945ac,S3-COLD-r02,2026-09-02T07:52:01.106204233Z,500.347679,7088751,289767424,326656000
retained-20260902-f3945ac,S3-COLD-r02,2026-09-02T07:52:01.116408354Z,510.551799,7088910,289767424,326656000
retained-20260902-f3945ac,S3-COLD-r02,2026-09-02T07:52:01.126609345Z,520.752791,7089050,289767424,326656000
retained-20260902-f3945ac,S3-COLD-r02,2026-09-02T07:52:01.13678681Z,530.930260,7098639,289767424,326656000
retained-20260902-f3945ac,S3-COLD-r02,2026-09-02T07:52:01.146998512Z,541.141964,7116677,289767424,326656000
retained-20260902-f3945ac,S3-COLD-r02,2026-09-02T07:52:01.156225437Z,550.368887,7143611,290684928,327180288
retained-20260902-f3945ac,S3-COLD-r02,2026-09-02T07:52:01.166496419Z,560.639870,7161668,290684928,327180288
retained-20260902-f3945ac,S3-COLD-r02,2026-09-02T07:52:01.176166357Z,570.309802,7188768,292519936,329277440
retained-20260902-f3945ac,S3-COLD-r02,2026-09-02T07:52:01.186427495Z,580.570945,7189039,292749312,329277440
retained-20260902-f3945ac,S3-COLD-r02,2026-09-02T07:52:01.196548998Z,590.692448,7189256,292749312,329277440
retained-20260902-f3945ac,S3-COLD-r02,2026-09-02T07:52:01.206707667Z,600.851118,7189454,292749312,329277440
retained-20260902-f3945ac,S3-COLD-r02,2026-09-02T07:52:01.216991905Z,611.135355,7189784,292749312,329277440
retained-20260902-f3945ac,S3-COLD-r02,2026-09-02T07:52:01.226237994Z,620.381445,7190009,292749312,329277440
retained-20260902-f3945ac,S3-COLD-r02,2026-09-02T07:52:01.236125062Z,630.268506,7202564,294125568,330588160
retained-20260902-f3945ac,S3-COLD-r02,2026-09-02T07:52:01.246365649Z,640.509099,7220550,294125568,330588160
retained-20260902-f3945ac,S3-COLD-r02,2026-09-02T07:52:01.256495691Z,650.639136,7245300,199245824,235249664
retained-20260902-f3945ac,S3-COLD-r02,2026-09-02T07:52:01.264810674Z,658.954125,7261911,210485248,247128064
retained-20260902-f3945ac,S3-COLD-CONTROL-r02,2026-09-02T07:52:01.53743327Z,0.026052,7488647,58560512,94257152
retained-20260902-f3945ac,S3-COLD-CONTROL-r02,2026-09-02T07:52:01.54784885Z,10.441632,7501938,91820032,126763008
retained-20260902-f3945ac,S3-COLD-CONTROL-r02,2026-09-02T07:52:01.558059649Z,20.652430,7511029,114987008,149999616
retained-20260902-f3945ac,S3-COLD-CONTROL-r02,2026-09-02T07:52:01.568389747Z,30.982529,7524826,114987008,149999616
retained-20260902-f3945ac,S3-COLD-CONTROL-r02,2026-09-02T07:52:01.57764519Z,40.237972,7533946,114987008,149893120
retained-20260902-f3945ac,S3-COLD-CONTROL-r02,2026-09-02T07:52:01.587846037Z,50.438818,7547461,114987008,149893120
retained-20260902-f3945ac,S3-COLD-CONTROL-r02,2026-09-02T07:52:01.598082789Z,60.675570,7556602,114987008,150155264
retained-20260902-f3945ac,S3-COLD-CONTROL-r02,2026-09-02T07:52:01.608265425Z,70.858207,7570208,114987008,149889024
retained-20260902-f3945ac,S3-COLD-CONTROL-r02,2026-09-02T07:52:01.618537718Z,81.130500,7579394,114987008,150151168
retained-20260902-f3945ac,S3-COLD-CONTROL-r02,2026-09-02T07:52:01.627740653Z,90.333435,7584050,114987008,150151168
retained-20260902-f3945ac,S3-COLD-CONTROL-r02,2026-09-02T07:52:01.637956832Z,100.549613,7589085,114987008,150151168
retained-20260902-f3945ac,S3-COLD-CONTROL-r02,2026-09-02T07:52:01.648140627Z,110.733408,7602647,114987008,150151168
retained-20260902-f3945ac,S3-COLD-CONTROL-r02,2026-09-02T07:52:01.658303469Z,120.896250,7611990,124391424,159850496
retained-20260902-f3945ac,S3-COLD-CONTROL-r02,2026-09-02T07:52:01.668522512Z,131.115294,7625926,140677120,176103424
retained-20260902-f3945ac,S3-COLD-CONTROL-r02,2026-09-02T07:52:01.677754786Z,140.347568,7635228,151687168,187084800
retained-20260902-f3945ac,S3-COLD-CONTROL-r02,2026-09-02T07:52:01.687944273Z,150.537049,7649111,168431616,203599872
retained-20260902-f3945ac,S3-COLD-CONTROL-r02,2026-09-02T07:52:01.69810081Z,160.693592,7658213,173248512,208318464
retained-20260902-f3945ac,S3-COLD-CONTROL-r02,2026-09-02T07:52:01.708246576Z,170.839358,7671746,173248512,208318464
retained-20260902-f3945ac,S3-COLD-CONTROL-r02,2026-09-02T07:52:01.718489521Z,181.082302,7680949,173477888,208842752
retained-20260902-f3945ac,S3-COLD-CONTROL-r02,2026-09-02T07:52:01.72769462Z,190.287401,7685648,173477888,208842752
retained-20260902-f3945ac,S3-COLD-CONTROL-r02,2026-09-02T07:52:01.737867564Z,200.460345,7690514,173477888,208842752
retained-20260902-f3945ac,S3-COLD-CONTROL-r02,2026-09-02T07:52:01.748026244Z,210.619026,7704061,173477888,208842752
retained-20260902-f3945ac,S3-COLD-CONTROL-r02,2026-09-02T07:52:01.758271134Z,220.863915,7713236,173936640,209104896
retained-20260902-f3945ac,S3-COLD-CONTROL-r02,2026-09-02T07:52:01.768399857Z,230.992638,7726764,173936640,209104896
retained-20260902-f3945ac,S3-COLD-CONTROL-r02,2026-09-02T07:52:01.777551134Z,240.143915,7735821,174395392,209629184
retained-20260902-f3945ac,S3-COLD-CONTROL-r02,2026-09-02T07:52:01.787818349Z,250.411130,7749497,174395392,209629184
retained-20260902-f3945ac,S3-COLD-CONTROL-r02,2026-09-02T07:52:01.798064017Z,260.656799,7758658,174395392,209629184
retained-20260902-f3945ac,S3-COLD-CONTROL-r02,2026-09-02T07:52:01.808262384Z,270.855177,7772270,174624768,209891328
retained-20260902-f3945ac,S3-COLD-CONTROL-r02,2026-09-02T07:52:01.817542766Z,280.135548,7781596,174624768,209731584
retained-20260902-f3945ac,S3-COLD-CONTROL-r02,2026-09-02T07:52:01.827892519Z,290.485301,7781973,174624768,209817600
retained-20260902-f3945ac,S3-COLD-CONTROL-r02,2026-09-02T07:52:01.838093954Z,300.686736,7787017,174624768,209817600
retained-20260902-f3945ac,S3-COLD-CONTROL-r02,2026-09-02T07:52:01.848357789Z,310.950572,7801100,176001024,211390464
retained-20260902-f3945ac,S3-COLD-CONTROL-r02,2026-09-02T07:52:01.85751963Z,320.112411,7810170,176001024,211386368
retained-20260902-f3945ac,S3-COLD-CONTROL-r02,2026-09-02T07:52:01.867741992Z,330.334768,7821472,127983616,163127296
retained-20260902-f3945ac,S3-COLD-CONTROL-r02,2026-09-02T07:52:01.868622656Z,331.215437,7822603,128212992,162996224
retained-20260902-f3945ac,S3-WARM-r02,2026-09-02T07:52:02.400569222Z,0.082831,8362554,127090688,162938880
retained-20260902-f3945ac,S3-WARM-r02,2026-09-02T07:52:02.427785128Z,27.298731,8364478,127320064,163102720
retained-20260902-f3945ac,S3-WARM-r02,2026-09-02T07:52:02.440436689Z,39.950292,8371388,131907584,168341504
retained-20260902-f3945ac,S3-WARM-r02,2026-09-02T07:52:02.445254694Z,44.768296,8371388,131907584,168341504
retained-20260902-f3945ac,S3-WARM-r02,2026-09-02T07:52:02.450923712Z,50.437320,8378822,144064512,180318208
retained-20260902-f3945ac,S3-WARM-r02,2026-09-02T07:52:02.461121343Z,60.634952,8392363,161726464,198139904
retained-20260902-f3945ac,S3-WARM-r02,2026-09-02T07:52:02.471354222Z,70.867831,8401498,161726464,198131712
retained-20260902-f3945ac,S3-WARM-r02,2026-09-02T07:52:02.481567251Z,81.080860,8415050,161726464,198127616
retained-20260902-f3945ac,S3-WARM-r02,2026-09-02T07:52:02.490819428Z,90.333037,8424189,161726464,198389760
retained-20260902-f3945ac,S3-WARM-r02,2026-09-02T07:52:02.501055596Z,100.569204,8437790,161726464,198389760
retained-20260902-f3945ac,S3-WARM-r02,2026-09-02T07:52:02.511304675Z,110.818283,8446934,161726464,198389760
retained-20260902-f3945ac,S3-WARM-r02,2026-09-02T07:52:02.521520651Z,121.034259,8460544,161726464,197955584
retained-20260902-f3945ac,S3-WARM-r02,2026-09-02T07:52:02.53084775Z,130.361358,8469703,161726464,197955584
retained-20260902-f3945ac,S3-WARM-r02,2026-09-02T07:52:02.54102285Z,140.536459,8479068,161726464,197955584
retained-20260902-f3945ac,S3-WARM-r02,2026-09-02T07:52:02.551259216Z,150.772824,8488300,168378368,204771328
retained-20260902-f3945ac,S3-WARM-r02,2026-09-02T07:52:02.561509063Z,161.022671,8502132,186499072,222859264
retained-20260902-f3945ac,S3-WARM-r02,2026-09-02T07:52:02.571722339Z,171.235948,8516061,203014144,239616000
retained-20260902-f3945ac,S3-WARM-r02,2026-09-02T07:52:02.580941627Z,180.455230,8525470,210583552,246956032
retained-20260902-f3945ac,S3-WARM-r02,2026-09-02T07:52:02.59110964Z,190.623248,8534587,210812928,247480320
retained-20260902-f3945ac,S3-WARM-r02,2026-09-02T07:52:02.601297793Z,200.811400,8548178,210812928,247582720
retained-20260902-f3945ac,S3-WARM-r02,2026-09-02T07:52:02.611539163Z,211.052771,8557348,211271680,247844864
retained-20260902-f3945ac,S3-WARM-r02,2026-09-02T07:52:02.621734709Z,221.248317,8570941,211271680,247844864
retained-20260902-f3945ac,S3-WARM-r02,2026-09-02T07:52:02.630944958Z,230.458566,8571163,211271680,247844864
retained-20260902-f3945ac,S3-WARM-r02,2026-09-02T07:52:02.641196135Z,240.709745,8580664,211271680,248102912
retained-20260902-f3945ac,S3-WARM-r02,2026-09-02T07:52:02.651486254Z,250.999862,8589927,211730432,248365056
retained-20260902-f3945ac,S3-WARM-r02,2026-09-02T07:52:02.661714083Z,261.227691,8603586,211730432,248156160
retained-20260902-f3945ac,S3-WARM-r02,2026-09-02T07:52:02.670962343Z,270.475952,8612754,211959808,248680448
retained-20260902-f3945ac,S3-WARM-r02,2026-09-02T07:52:02.681205972Z,280.719579,8626415,211959808,248414208
retained-20260902-f3945ac,S3-WARM-r02,2026-09-02T07:52:02.691427767Z,290.941375,8635582,211959808,248414208
retained-20260902-f3945ac,S3-WARM-r02,2026-09-02T07:52:02.701712821Z,301.226429,8649288,212418560,248676352
retained-20260902-f3945ac,S3-WARM-r02,2026-09-02T07:52:02.710924773Z,310.438381,8658480,212418560,248676352
retained-20260902-f3945ac,S3-WARM-r02,2026-09-02T07:52:02.72115458Z,320.668184,8672657,214024192,250249216
retained-20260902-f3945ac,S3-WARM-r02,2026-09-02T07:52:02.731486985Z,331.000593,8672786,214024192,250032128
retained-20260902-f3945ac,S3-WARM-r02,2026-09-02T07:52:02.741657479Z,341.171087,8682204,214024192,250032128
retained-20260902-f3945ac,S3-WARM-r02,2026-09-02T07:52:02.750858383Z,350.371986,8693303,165928960,202182656
retained-20260902-f3945ac,S3-WARM-r02,2026-09-02T07:52:02.760672744Z,360.186352,8710292,169369600,205352960
retained-20260902-f3945ac,S3-WARM-r02,2026-09-02T07:52:02.761529415Z,361.043023,8711757,169369600,205328384
retained-20260902-f3945ac,S3-WARM-CONTROL-r02,2026-09-02T07:52:03.310242612Z,0.046691,9253542,126296064,162287616
retained-20260902-f3945ac,S3-WARM-CONTROL-r02,2026-09-02T07:52:03.31152103Z,1.325109,9254992,127213568,162660352
retained-20260902-f3945ac,F2-r02,2026-09-02T07:52:03.351022572Z,0.047187,9288285,33488896,76304384
retained-20260902-f3945ac,F2-r02,2026-09-02T07:52:03.361839506Z,10.864120,9292250,38535168,81715200
retained-20260902-f3945ac,F2-r02,2026-09-02T07:52:03.371983207Z,21.007821,9292368,38535168,81715200
retained-20260902-f3945ac,F2-r02,2026-09-02T07:52:03.382138268Z,31.162881,9292520,38535168,81715200
retained-20260902-f3945ac,F2-r02,2026-09-02T07:52:03.391358305Z,40.382918,9292695,38535168,81715200
retained-20260902-f3945ac,F2-r02,2026-09-02T07:52:03.40151335Z,50.537963,9292842,38535168,81715200
retained-20260902-f3945ac,F2-r02,2026-09-02T07:52:03.411668451Z,60.693064,9293071,38535168,81715200
retained-20260902-f3945ac,F2-r02,2026-09-02T07:52:03.421940079Z,70.964693,9293228,38535168,81481728
retained-20260902-f3945ac,F2-r02,2026-09-02T07:52:03.432128367Z,81.152981,9293384,38535168,81481728
retained-20260902-f3945ac,F2-r02,2026-09-02T07:52:03.441293905Z,90.318518,9293534,38535168,81481728
retained-20260902-f3945ac,F2-r02,2026-09-02T07:52:03.451511749Z,100.536362,9293726,38535168,81481728
retained-20260902-f3945ac,F2-r02,2026-09-02T07:52:03.461683865Z,110.708478,9293898,38535168,81481728
retained-20260902-f3945ac,F2-r02,2026-09-02T07:52:03.471891592Z,120.916206,9294042,38535168,81481728
retained-20260902-f3945ac,F2-r02,2026-09-02T07:52:03.482071353Z,131.095967,9294207,38535168,81481728
retained-20260902-f3945ac,F2-r02,2026-09-02T07:52:03.491255714Z,140.280327,9294350,38535168,81481728
retained-20260902-f3945ac,F2-r02,2026-09-02T07:52:03.50145825Z,150.482863,9294506,38535168,81481728
retained-20260902-f3945ac,F2-r02,2026-09-02T07:52:03.511670844Z,160.695458,9294746,38535168,81481728
retained-20260902-f3945ac,F2-r02,2026-09-02T07:52:03.521902704Z,170.927317,9294857,38535168,81481728
retained-20260902-f3945ac,F2-r02,2026-09-02T07:52:03.532015497Z,181.040110,9294987,38535168,81481728
retained-20260902-f3945ac,F2-r02,2026-09-02T07:52:03.54117664Z,190.201254,9295111,38535168,81481728
retained-20260902-f3945ac,F2-r02,2026-09-02T07:52:03.551349097Z,200.373710,9295268,38535168,81481728
retained-20260902-f3945ac,F2-r02,2026-09-02T07:52:03.561528727Z,210.553340,9295432,38535168,81481728
retained-20260902-f3945ac,F2-r02,2026-09-02T07:52:03.571773822Z,220.798435,9295624,38535168,81481728
retained-20260902-f3945ac,F2-r02,2026-09-02T07:52:03.582027355Z,231.051969,9295824,38535168,81481728
retained-20260902-f3945ac,F2-r02,2026-09-02T07:52:03.591282469Z,240.307084,9296040,38535168,81481728
retained-20260902-f3945ac,F2-r02,2026-09-02T07:52:03.601497899Z,250.522513,9296288,38535168,81481728
retained-20260902-f3945ac,F2-r02,2026-09-02T07:52:03.611671343Z,260.695956,9296577,38535168,81481728
retained-20260902-f3945ac,F2-r02,2026-09-02T07:52:03.621834353Z,270.858966,9296677,38535168,81481728
retained-20260902-f3945ac,F2-r02,2026-09-02T07:52:03.632009592Z,281.034205,9296833,38535168,81481728
retained-20260902-f3945ac,F2-r02,2026-09-02T07:52:03.641232425Z,290.257038,9297048,38535168,81481728
retained-20260902-f3945ac,F2-r02,2026-09-02T07:52:03.651554362Z,300.578998,9297302,38535168,81481728
retained-20260902-f3945ac,F2-r02,2026-09-02T07:52:03.662009856Z,311.034500,9297808,38535168,81481728
retained-20260902-f3945ac,F2-r02,2026-09-02T07:52:03.671429538Z,320.454151,9298251,38535168,81481728
retained-20260902-f3945ac,F2-r02,2026-09-02T07:52:03.68165925Z,330.683863,9298528,38535168,81481728
retained-20260902-f3945ac,F2-r02,2026-09-02T07:52:03.691920331Z,340.944944,9298770,38535168,81481728
retained-20260902-f3945ac,F2-r02,2026-09-02T07:52:03.70213078Z,351.155393,9298991,38535168,81448960
retained-20260902-f3945ac,F2-r02,2026-09-02T07:52:03.711359647Z,360.384260,9299177,38535168,81448960
retained-20260902-f3945ac,F2-r02,2026-09-02T07:52:03.721587736Z,370.612350,9299399,38535168,81448960
retained-20260902-f3945ac,F2-r02,2026-09-02T07:52:03.731804265Z,380.828878,9299636,38535168,81448960
retained-20260902-f3945ac,F2-r02,2026-09-02T07:52:03.742035384Z,391.059997,9299829,38535168,81448960
retained-20260902-f3945ac,F2-r02,2026-09-02T07:52:03.751245321Z,400.269935,9299983,38535168,81448960
retained-20260902-f3945ac,F2-r02,2026-09-02T07:52:03.761472136Z,410.496749,9300165,38535168,81448960
retained-20260902-f3945ac,F2-r02,2026-09-02T07:52:03.771652858Z,420.677471,9300454,38535168,81448960
retained-20260902-f3945ac,F2-r02,2026-09-02T07:52:03.78188015Z,430.904763,9300592,38535168,81448960
retained-20260902-f3945ac,F2-r02,2026-09-02T07:52:03.792070546Z,441.095159,9300764,38535168,81448960
retained-20260902-f3945ac,F2-r02,2026-09-02T07:52:03.801257901Z,450.282515,9300920,38535168,81448960
retained-20260902-f3945ac,F2-r02,2026-09-02T07:52:03.811486829Z,460.511442,9301134,38535168,81448960
retained-20260902-f3945ac,F2-r02,2026-09-02T07:52:03.8217167Z,470.741313,9301317,38535168,81448960
retained-20260902-f3945ac,F2-r02,2026-09-02T07:52:03.831914623Z,480.939237,9301493,38535168,81448960
retained-20260902-f3945ac,F2-r02,2026-09-02T07:52:03.842145282Z,491.169896,9301685,38535168,81448960
retained-20260902-f3945ac,F2-r02,2026-09-02T07:52:03.85136804Z,500.392653,9301929,38535168,81448960
retained-20260902-f3945ac,F2-r02,2026-09-02T07:52:03.858395333Z,507.419949,9303977,38535168,81448960
retained-20260902-f3945ac,S4-4-r02,2026-09-02T07:52:04.744643972Z,0.051546,10192313,32800768,181841920
retained-20260902-f3945ac,S4-4-r02,2026-09-02T07:52:04.78776831Z,43.175884,10198272,35094528,184532992
retained-20260902-f3945ac,S4-4-r02,2026-09-02T07:52:04.795269054Z,50.676636,10226149,37158912,260026368
retained-20260902-f3945ac,S4-4-r02,2026-09-02T07:52:04.805524364Z,60.931937,10279838,37388288,355971072
retained-20260902-f3945ac,S4-4-r02,2026-09-02T07:52:04.81573988Z,71.147453,10302267,37388288,381136896
retained-20260902-f3945ac,S4-4-r02,2026-09-02T07:52:04.824821591Z,80.229164,10302412,37388288,381132800
retained-20260902-f3945ac,S4-4-r02,2026-09-02T07:52:04.83506784Z,90.475414,10303763,37388288,406298624
retained-20260902-f3945ac,S4-4-r02,2026-09-02T07:52:04.845250279Z,100.657854,10357184,37388288,406298624
retained-20260902-f3945ac,S4-4-r02,2026-09-02T07:52:04.85545569Z,110.863264,10388416,37388288,406298624
retained-20260902-f3945ac,S4-4-r02,2026-09-02T07:52:04.865682571Z,121.090144,10401917,37388288,406298624
retained-20260902-f3945ac,S4-4-r02,2026-09-02T07:52:04.875829098Z,131.236672,10402097,37388288,406089728
retained-20260902-f3945ac,S4-4-r02,2026-09-02T07:52:04.884989522Z,140.397095,10402223,37388288,406089728
retained-20260902-f3945ac,S4-4-r02,2026-09-02T07:52:04.895210967Z,150.618541,10402397,37388288,406089728
retained-20260902-f3945ac,S4-4-r02,2026-09-02T07:52:04.905376476Z,160.784049,10402571,37388288,406347776
retained-20260902-f3945ac,S4-4-r02,2026-09-02T07:52:04.931761343Z,187.168917,10403768,37388288,406347776
retained-20260902-f3945ac,S4-4-r02,2026-09-02T07:52:04.935201583Z,190.609156,10403971,37388288,406347776
retained-20260902-f3945ac,S4-4-r02,2026-09-02T07:52:04.945415081Z,200.822654,10457383,37388288,406347776
retained-20260902-f3945ac,S4-4-r02,2026-09-02T07:52:04.955597788Z,211.005362,10488574,37388288,406609920
retained-20260902-f3945ac,S4-4-r02,2026-09-02T07:52:04.964807373Z,220.214947,10502099,37388288,406609920
retained-20260902-f3945ac,S4-4-r02,2026-09-02T07:52:04.974965272Z,230.372846,10502274,37388288,406204416
retained-20260902-f3945ac,S4-4-r02,2026-09-02T07:52:05.031619532Z,287.027106,10503285,37388288,406204416
retained-20260902-f3945ac,S4-4-r02,2026-09-02T07:52:05.035873389Z,291.280962,10521373,37388288,406204416
retained-20260902-f3945ac,S4-4-r02,2026-09-02T07:52:05.045272901Z,300.680519,10557208,37388288,406204416
retained-20260902-f3945ac,S4-4-r02,2026-09-02T07:52:05.05563907Z,311.046645,10588643,37388288,406204416
retained-20260902-f3945ac,S4-4-r02,2026-09-02T07:52:05.131672508Z,387.080076,10603400,37617664,406204416
retained-20260902-f3945ac,S4-4-r02,2026-09-02T07:52:05.134851879Z,390.259454,10603506,37617664,406204416
retained-20260902-f3945ac,S4-4-r02,2026-09-02T07:52:05.145003771Z,400.411344,10656979,37617664,406204416
retained-20260902-f3945ac,S4-4-r02,2026-09-02T07:52:05.155240176Z,410.647773,10696628,37617664,408825856
retained-20260902-f3945ac,S4-4-r02,2026-09-02T07:52:05.165661185Z,421.068783,10704879,37617664,414593024
retained-20260902-f3945ac,S4-4-r02,2026-09-02T07:52:05.174835104Z,430.242701,10705170,37617664,414593024
retained-20260902-f3945ac,S4-4-r02,2026-09-02T07:52:05.185032573Z,440.440146,10705483,37617664,414593024
retained-20260902-f3945ac,S4-4-r02,2026-09-02T07:52:05.19526369Z,450.671264,10705695,37617664,414593024
retained-20260902-f3945ac,S4-4-r02,2026-09-02T07:52:05.205380878Z,460.788452,10705835,37617664,414593024
retained-20260902-f3945ac,S4-4-r02,2026-09-02T07:52:05.215535139Z,470.942712,10705963,37617664,414593024
retained-20260902-f3945ac,S4-4-r02,2026-09-02T07:52:05.22577915Z,481.186723,10706213,37617664,414466048
retained-20260902-f3945ac,S4-4-r02,2026-09-02T07:52:05.23496703Z,490.374605,10707634,37617664,428621824
retained-20260902-f3945ac,S4-4-r02,2026-09-02T07:52:05.245160129Z,500.567702,10761790,37617664,467419136
retained-20260902-f3945ac,S4-4-r02,2026-09-02T07:52:05.255440116Z,510.847689,10795555,37617664,499400704
retained-20260902-f3945ac,S4-4-r02,2026-09-02T07:52:05.26570475Z,521.112323,10802799,37617664,499748864
retained-20260902-f3945ac,S4-4-r02,2026-09-02T07:52:05.2758517Z,531.259274,10802991,37617664,499748864
retained-20260902-f3945ac,S4-4-r02,2026-09-02T07:52:05.284975806Z,540.383379,10803167,37617664,499748864
retained-20260902-f3945ac,S4-4-r02,2026-09-02T07:52:05.29519762Z,550.605193,10803388,37617664,499748864
retained-20260902-f3945ac,S4-4-r02,2026-09-02T07:52:05.305395227Z,560.802800,10803587,37617664,499748864
retained-20260902-f3945ac,S4-4-r02,2026-09-02T07:52:05.315536838Z,570.944413,10803767,37617664,499748864
retained-20260902-f3945ac,S4-4-r02,2026-09-02T07:52:05.331532049Z,586.939648,10804053,37617664,500723712
retained-20260902-f3945ac,S4-4-r02,2026-09-02T07:52:05.335747821Z,591.155394,10824021,37847040,527986688
retained-20260902-f3945ac,S4-4-r02,2026-09-02T07:52:05.345076239Z,600.483836,10861003,37847040,580415488
retained-20260902-f3945ac,S4-4-r02,2026-09-02T07:52:05.355370597Z,610.778171,10891027,37847040,608464896
retained-20260902-f3945ac,S4-4-r02,2026-09-02T07:52:05.365524388Z,620.931962,10900112,37847040,608727040
retained-20260902-f3945ac,S4-4-r02,2026-09-02T07:52:05.375728469Z,631.136042,10900309,37847040,608727040
retained-20260902-f3945ac,S4-4-r02,2026-09-02T07:52:05.384950345Z,640.357919,10900463,37847040,608727040
retained-20260902-f3945ac,S4-4-r02,2026-09-02T07:52:05.39511325Z,650.520818,10900585,37847040,608989184
retained-20260902-f3945ac,S4-4-r02,2026-09-02T07:52:05.405272397Z,660.679971,10900707,37847040,608989184
retained-20260902-f3945ac,S4-4-r02,2026-09-02T07:52:05.415427825Z,670.835394,10900802,38076416,608989184
retained-20260902-f3945ac,S4-4-r02,2026-09-02T07:52:05.425597757Z,681.005331,10900881,38076416,608755712
retained-20260902-f3945ac,S4-4-r02,2026-09-02T07:52:05.435816149Z,691.223723,10920295,38076416,619765760
retained-20260902-f3945ac,S4-4-r02,2026-09-02T07:52:05.444970292Z,700.377866,10956281,38076416,635232256
retained-20260902-f3945ac,S4-4-r02,2026-09-02T07:52:05.455192684Z,710.600257,10992126,38076416,637853696
retained-20260902-f3945ac,S4-4-r02,2026-09-02T07:52:05.465419853Z,720.827427,11001220,38076416,637853696
retained-20260902-f3945ac,S4-4-r02,2026-09-02T07:52:05.47562409Z,731.031664,11001401,38076416,637853696
retained-20260902-f3945ac,S4-4-r02,2026-09-02T07:52:05.485846631Z,741.254205,11001629,38076416,637853696
retained-20260902-f3945ac,S4-4-r02,2026-09-02T07:52:05.4950889Z,750.496474,11001820,38076416,637853696
retained-20260902-f3945ac,S4-4-r02,2026-09-02T07:52:05.505212903Z,760.620476,11001986,38076416,637853696
retained-20260902-f3945ac,S4-4-r02,2026-09-02T07:52:05.515381167Z,770.788741,11002120,38076416,637853696
retained-20260902-f3945ac,S4-4-r02,2026-09-02T07:52:05.525598186Z,781.005760,11002287,38076416,637853696
retained-20260902-f3945ac,S4-4-r02,2026-09-02T07:52:05.535733744Z,791.141317,11021253,38076416,637853696
retained-20260902-f3945ac,S4-4-r02,2026-09-02T07:52:05.544990129Z,800.397703,11057068,38076416,638115840
retained-20260902-f3945ac,S4-4-r02,2026-09-02T07:52:05.55523021Z,810.637785,11088420,38076416,639164416
retained-20260902-f3945ac,S4-4-r02,2026-09-02T07:52:05.565449302Z,820.856875,11101905,38076416,639164416
retained-20260902-f3945ac,S4-4-r02,2026-09-02T07:52:05.575629129Z,831.036702,11102038,38076416,639164416
retained-20260902-f3945ac,S4-4-r02,2026-09-02T07:52:05.585862627Z,841.270199,11102197,38076416,639021056
retained-20260902-f3945ac,S4-4-r02,2026-09-02T07:52:05.595014005Z,850.421578,11102373,38076416,638767104
retained-20260902-f3945ac,S4-4-r02,2026-09-02T07:52:05.605142509Z,860.550083,11102582,38076416,638767104
retained-20260902-f3945ac,S4-4-r02,2026-09-02T07:52:05.61536386Z,870.771434,11102807,38076416,638767104
retained-20260902-f3945ac,S4-4-r02,2026-09-02T07:52:05.625526757Z,880.934331,11103013,38076416,639025152
retained-20260902-f3945ac,S4-4-r02,2026-09-02T07:52:05.635734499Z,891.142073,11122140,38076416,639025152
retained-20260902-f3945ac,S4-4-r02,2026-09-02T07:52:05.644870216Z,900.277790,11157948,38076416,639025152
retained-20260902-f3945ac,S4-4-r02,2026-09-02T07:52:05.65504861Z,910.456183,11189312,38076416,640073728
retained-20260902-f3945ac,S4-4-r02,2026-09-02T07:52:05.665252376Z,920.659949,11202868,38076416,640073728
retained-20260902-f3945ac,S4-4-r02,2026-09-02T07:52:05.731505893Z,986.913466,11203283,38076416,640073728
retained-20260902-f3945ac,S4-4-r02,2026-09-02T07:52:05.735755545Z,991.163192,11222366,38076416,640073728
retained-20260902-f3945ac,S4-4-r02,2026-09-02T07:52:05.744994902Z,1000.402476,11258218,38076416,640335872
retained-20260902-f3945ac,S4-4-r02,2026-09-02T07:52:05.755208365Z,1010.615939,11289427,38076416,640860160
retained-20260902-f3945ac,S4-4-r02,2026-09-02T07:52:05.765602946Z,1021.010520,11302968,38076416,641122304
retained-20260902-f3945ac,S4-4-r02,2026-09-02T07:52:05.775835414Z,1031.242987,11303144,38076416,641122304
retained-20260902-f3945ac,S4-4-r02,2026-09-02T07:52:05.785029784Z,1040.437357,11303325,38305792,641122304
retained-20260902-f3945ac,S4-4-r02,2026-09-02T07:52:05.795245466Z,1050.653040,11303527,38305792,641032192
retained-20260902-f3945ac,S4-4-r02,2026-09-02T07:52:05.805354968Z,1060.762541,11303771,38305792,641032192
retained-20260902-f3945ac,S4-4-r02,2026-09-02T07:52:05.815515278Z,1070.922852,11303952,38305792,641032192
retained-20260902-f3945ac,S4-4-r02,2026-09-02T07:52:05.831498834Z,1086.906406,11304310,38305792,641032192
retained-20260902-f3945ac,S4-4-r02,2026-09-02T07:52:05.835693255Z,1091.100828,11323417,38305792,641032192
retained-20260902-f3945ac,S4-4-r02,2026-09-02T07:52:05.844831785Z,1100.239358,11359152,38305792,642080768
retained-20260902-f3945ac,S4-4-r02,2026-09-02T07:52:05.931578119Z,1186.985692,11401526,38305792,643854336
retained-20260902-f3945ac,S4-4-r02,2026-09-02T07:52:05.935794083Z,1191.201657,11420502,38535168,644378624
retained-20260902-f3945ac,S4-4-r02,2026-09-02T07:52:05.945019615Z,1200.427188,11458058,38535168,645951488
retained-20260902-f3945ac,S4-4-r02,2026-09-02T07:52:05.955173617Z,1210.581191,11491990,38535168,646737920
retained-20260902-f3945ac,S4-4-r02,2026-09-02T07:52:05.965347926Z,1220.755500,11496661,38535168,646737920
retained-20260902-f3945ac,S4-4-r02,2026-09-02T07:52:05.975588446Z,1230.996019,11496859,38535168,646737920
retained-20260902-f3945ac,S4-4-r02,2026-09-02T07:52:05.985782075Z,1241.189649,11497115,38535168,646737920
retained-20260902-f3945ac,S4-4-r02,2026-09-02T07:52:05.994923575Z,1250.331148,11497278,38535168,646737920
retained-20260902-f3945ac,S4-4-r02,2026-09-02T07:52:06.00516682Z,1260.574393,11497524,38535168,646737920
retained-20260902-f3945ac,S4-4-r02,2026-09-02T07:52:06.015339972Z,1270.747546,11497679,38535168,646995968
retained-20260902-f3945ac,S4-4-r02,2026-09-02T07:52:06.02550403Z,1280.911598,11497756,38535168,646995968
retained-20260902-f3945ac,S4-4-r02,2026-09-02T07:52:06.0357303Z,1291.137883,11517159,38535168,600309760
retained-20260902-f3945ac,S4-4-r02,2026-09-02T07:52:06.045274574Z,1300.682149,11555046,37511168,600907776
retained-20260902-f3945ac,S4-4-r02,2026-09-02T07:52:06.055323042Z,1310.730617,11583958,37969920,554397696
retained-20260902-f3945ac,S4-4-r02,2026-09-02T07:52:06.065487239Z,1320.894812,11595105,37969920,506040320
retained-20260902-f3945ac,S4-4-r02,2026-09-02T07:52:06.075633414Z,1331.040987,11595329,37969920,505946112
retained-20260902-f3945ac,S4-4-r02,2026-09-02T07:52:06.085792784Z,1341.200357,11595574,37969920,505946112
retained-20260902-f3945ac,S4-4-r02,2026-09-02T07:52:06.094979988Z,1350.387561,11595729,37969920,505847808
retained-20260902-f3945ac,S4-4-r02,2026-09-02T07:52:06.105115515Z,1360.523088,11595914,37969920,505847808
retained-20260902-f3945ac,S4-4-r02,2026-09-02T07:52:06.11528376Z,1370.691333,11596090,37969920,505843712
retained-20260902-f3945ac,S4-4-r02,2026-09-02T07:52:06.125482637Z,1380.890210,11596296,37969920,505810944
retained-20260902-f3945ac,S4-4-r02,2026-09-02T07:52:06.134869695Z,1390.277268,11604809,38117376,456626176
retained-20260902-f3945ac,S4-4-r02,2026-09-02T07:52:06.138515406Z,1393.922980,11614585,35790848,454770688
retained-20260902-f3945ac,S4-2-r02,2026-09-02T07:52:06.651690396Z,0.038138,12105646,33259520,127692800
retained-20260902-f3945ac,S4-2-r02,2026-09-02T07:52:06.695763493Z,44.111229,12110360,35323904,129851392
retained-20260902-f3945ac,S4-2-r02,2026-09-02T07:52:06.702788779Z,51.136521,12126505,37617664,168124416
retained-20260902-f3945ac,S4-2-r02,2026-09-02T07:52:06.711982078Z,60.329821,12153364,37847040,228417536
retained-20260902-f3945ac,S4-2-r02,2026-09-02T07:52:06.722193646Z,70.541388,12171277,37847040,239165440
retained-20260902-f3945ac,S4-2-r02,2026-09-02T07:52:06.732403065Z,80.750808,12189481,37847040,239165440
retained-20260902-f3945ac,S4-2-r02,2026-09-02T07:52:06.742564091Z,90.911834,12207396,37847040,239165440
retained-20260902-f3945ac,S4-2-r02,2026-09-02T07:52:06.752746655Z,101.094397,12234172,37847040,239165440
retained-20260902-f3945ac,S4-2-r02,2026-09-02T07:52:06.761968356Z,110.316099,12252094,37847040,239165440
retained-20260902-f3945ac,S4-2-r02,2026-09-02T07:52:06.77220637Z,120.554112,12278912,37847040,239165440
retained-20260902-f3945ac,S4-2-r02,2026-09-02T07:52:06.782413229Z,130.760970,12288018,37847040,239165440
retained-20260902-f3945ac,S4-2-r02,2026-09-02T07:52:06.79258701Z,140.934753,12288166,37847040,239165440
retained-20260902-f3945ac,S4-2-r02,2026-09-02T07:52:06.802795017Z,151.142760,12288307,37847040,239427584
retained-20260902-f3945ac,S4-2-r02,2026-09-02T07:52:06.811970329Z,160.318071,12288460,37847040,239427584
retained-20260902-f3945ac,S4-2-r02,2026-09-02T07:52:06.822116Z,170.463743,12288593,37847040,239427584
retained-20260902-f3945ac,S4-2-r02,2026-09-02T07:52:06.83255092Z,180.898663,12289214,37847040,239427584
retained-20260902-f3945ac,S4-2-r02,2026-09-02T07:52:06.84274018Z,191.087922,12307115,38076416,239427584
retained-20260902-f3945ac,S4-2-r02,2026-09-02T07:52:06.85184136Z,200.189102,12333849,38076416,239550464
retained-20260902-f3945ac,S4-2-r02,2026-09-02T07:52:06.862059099Z,210.406841,12352086,38076416,251346944
retained-20260902-f3945ac,S4-2-r02,2026-09-02T07:52:06.872226956Z,220.574700,12379406,38076416,286998528
retained-20260902-f3945ac,S4-2-r02,2026-09-02T07:52:06.882457023Z,230.804766,12388626,38076416,297877504
retained-20260902-f3945ac,S4-2-r02,2026-09-02T07:52:06.892679858Z,241.027600,12388809,38076416,297877504
retained-20260902-f3945ac,S4-2-r02,2026-09-02T07:52:06.901824092Z,250.171834,12388953,38076416,297877504
retained-20260902-f3945ac,S4-2-r02,2026-09-02T07:52:06.911984396Z,260.332138,12389101,38076416,297877504
retained-20260902-f3945ac,S4-2-r02,2026-09-02T07:52:06.922368535Z,270.716278,12389252,38076416,297877504
retained-20260902-f3945ac,S4-2-r02,2026-09-02T07:52:06.932582739Z,280.930481,12390178,38076416,301809664
retained-20260902-f3945ac,S4-2-r02,2026-09-02T07:52:06.942792544Z,291.140286,12414757,38076416,337985536
retained-20260902-f3945ac,S4-2-r02,2026-09-02T07:52:06.952024721Z,300.372559,12435581,38076416,347947008
retained-20260902-f3945ac,S4-2-r02,2026-09-02T07:52:06.962319172Z,310.666914,12453747,38076416,347947008
retained-20260902-f3945ac,S4-2-r02,2026-09-02T07:52:06.972542681Z,320.890423,12480666,38076416,349257728
retained-20260902-f3945ac,S4-2-r02,2026-09-02T07:52:06.982826158Z,331.173899,12489832,38076416,349257728
retained-20260902-f3945ac,S4-2-r02,2026-09-02T07:52:06.992028892Z,340.376635,12490023,38076416,349257728
retained-20260902-f3945ac,S4-2-r02,2026-09-02T07:52:07.002197141Z,350.544885,12490122,38076416,349257728
retained-20260902-f3945ac,S4-2-r02,2026-09-02T07:52:07.012308008Z,360.655746,12490191,38076416,349257728
retained-20260902-f3945ac,S4-2-r02,2026-09-02T07:52:07.022472444Z,370.820185,12490279,38076416,349257728
retained-20260902-f3945ac,S4-2-r02,2026-09-02T07:52:07.032616648Z,380.964390,12490983,38076416,349257728
retained-20260902-f3945ac,S4-2-r02,2026-09-02T07:52:07.04286168Z,391.209424,12509035,38076416,349257728
retained-20260902-f3945ac,S4-2-r02,2026-09-02T07:52:07.052038245Z,400.385987,12535879,38305792,349782016
retained-20260902-f3945ac,S4-2-r02,2026-09-02T07:52:07.062283265Z,410.631007,12553920,38305792,349782016
retained-20260902-f3945ac,S4-2-r02,2026-09-02T07:52:07.072493698Z,420.841441,12580821,38305792,349782016
retained-20260902-f3945ac,S4-2-r02,2026-09-02T07:52:07.0828045Z,431.152243,12589965,38305792,350306304
retained-20260902-f3945ac,S4-2-r02,2026-09-02T07:52:07.13155006Z,479.897805,12590367,38305792,350060544
retained-20260902-f3945ac,S4-2-r02,2026-09-02T07:52:07.132783968Z,481.131711,12591227,38305792,350060544
retained-20260902-f3945ac,S4-2-r02,2026-09-02T07:52:07.142025847Z,490.373589,12609253,38305792,350322688
retained-20260902-f3945ac,S4-2-r02,2026-09-02T07:52:07.15220493Z,500.552672,12636121,38305792,350584832
retained-20260902-f3945ac,S4-2-r02,2026-09-02T07:52:07.162460488Z,510.808230,12654078,38305792,351109120
retained-20260902-f3945ac,S4-2-r02,2026-09-02T07:52:07.172621106Z,520.968848,12682021,38305792,353468416
retained-20260902-f3945ac,S4-2-r02,2026-09-02T07:52:07.182823963Z,531.171706,12690227,38305792,353468416
retained-20260902-f3945ac,S4-2-r02,2026-09-02T07:52:07.231499258Z,579.847000,12690423,38305792,353468416
retained-20260902-f3945ac,S4-2-r02,2026-09-02T07:52:07.232595035Z,580.942778,12691141,38305792,353468416
retained-20260902-f3945ac,S4-2-r02,2026-09-02T07:52:07.242755829Z,591.103572,12709773,38535168,355565568
retained-20260902-f3945ac,S4-2-r02,2026-09-02T07:52:07.25198527Z,600.333012,12736627,38535168,330465280
retained-20260902-f3945ac,S4-2-r02,2026-09-02T07:52:07.261851599Z,610.199337,12760563,38137856,260648960
retained-20260902-f3945ac,S4-2-r02,2026-09-02T07:52:07.264624637Z,612.972380,12770423,37646336,258674688
retained-20260902-f3945ac,S3-COLD-CONTROL-r03,2026-09-02T07:52:07.542298853Z,0.084958,12998570,58769408,94941184
retained-20260902-f3945ac,S3-COLD-CONTROL-r03,2026-09-02T07:52:07.553432133Z,11.218239,13010824,93634560,130330624
retained-20260902-f3945ac,S3-COLD-CONTROL-r03,2026-09-02T07:52:07.562638747Z,20.424854,13019870,114278400,150933504
retained-20260902-f3945ac,S3-COLD-CONTROL-r03,2026-09-02T07:52:07.572899997Z,30.686103,13033436,114278400,150839296
retained-20260902-f3945ac,S3-COLD-CONTROL-r03,2026-09-02T07:52:07.583138681Z,40.924786,13042567,114507776,150839296
retained-20260902-f3945ac,S3-COLD-CONTROL-r03,2026-09-02T07:52:07.59332331Z,51.109415,13056133,114507776,150839296
retained-20260902-f3945ac,S3-COLD-CONTROL-r03,2026-09-02T07:52:07.602555958Z,60.342063,13065238,114507776,150839296
retained-20260902-f3945ac,S3-COLD-CONTROL-r03,2026-09-02T07:52:07.612756212Z,70.542317,13078762,114737152,150839296
retained-20260902-f3945ac,S3-COLD-CONTROL-r03,2026-09-02T07:52:07.622962516Z,80.748621,13087846,114737152,150839296
retained-20260902-f3945ac,S3-COLD-CONTROL-r03,2026-09-02T07:52:07.633084555Z,90.870661,13088331,114737152,150839296
retained-20260902-f3945ac,S3-COLD-CONTROL-r03,2026-09-02T07:52:07.643278903Z,101.065008,13097419,114737152,150839296
retained-20260902-f3945ac,S3-COLD-CONTROL-r03,2026-09-02T07:52:07.652432784Z,110.218889,13110866,114737152,150839296
retained-20260902-f3945ac,S3-COLD-CONTROL-r03,2026-09-02T07:52:07.662596983Z,120.383089,13119998,124370944,160538624
retained-20260902-f3945ac,S3-COLD-CONTROL-r03,2026-09-02T07:52:07.672741529Z,130.527633,13133845,143179776,179412992
retained-20260902-f3945ac,S3-COLD-CONTROL-r03,2026-09-02T07:52:07.682882831Z,140.668936,13143164,162217984,198287360
retained-20260902-f3945ac,S3-COLD-CONTROL-r03,2026-09-02T07:52:07.693094569Z,150.880675,13156890,172998656,209297408
retained-20260902-f3945ac,S3-COLD-CONTROL-r03,2026-09-02T07:52:07.703295135Z,161.081242,13166003,172998656,209297408
retained-20260902-f3945ac,S3-COLD-CONTROL-r03,2026-09-02T07:52:07.712543118Z,170.329223,13179566,172998656,209297408
retained-20260902-f3945ac,S3-COLD-CONTROL-r03,2026-09-02T07:52:07.722704805Z,180.490911,13188699,173228032,209559552
retained-20260902-f3945ac,S3-COLD-CONTROL-r03,2026-09-02T07:52:07.732931341Z,190.717447,13189193,173228032,209559552
retained-20260902-f3945ac,S3-COLD-CONTROL-r03,2026-09-02T07:52:07.743090259Z,200.876364,13198296,173228032,209559552
retained-20260902-f3945ac,S3-COLD-CONTROL-r03,2026-09-02T07:52:07.753260112Z,211.046218,13211823,173686784,210083840
retained-20260902-f3945ac,S3-COLD-CONTROL-r03,2026-09-02T07:52:07.763401531Z,221.187638,13220951,173686784,210083840
retained-20260902-f3945ac,S3-COLD-CONTROL-r03,2026-09-02T07:52:07.772584432Z,230.370537,13234469,173686784,210083840
retained-20260902-f3945ac,S3-COLD-CONTROL-r03,2026-09-02T07:52:07.782815928Z,240.602033,13243569,173916160,210345984
retained-20260902-f3945ac,S3-COLD-CONTROL-r03,2026-09-02T07:52:07.793013901Z,250.800007,13257104,173916160,210345984
retained-20260902-f3945ac,S3-COLD-CONTROL-r03,2026-09-02T07:52:07.803249687Z,261.035792,13266273,174374912,210608128
retained-20260902-f3945ac,S3-COLD-CONTROL-r03,2026-09-02T07:52:07.81241529Z,270.201395,13279742,174374912,210608128
retained-20260902-f3945ac,S3-COLD-CONTROL-r03,2026-09-02T07:52:07.822602607Z,280.388707,13286289,174604288,210870272
retained-20260902-f3945ac,S3-COLD-CONTROL-r03,2026-09-02T07:52:07.832790543Z,290.576648,13287207,175751168,212180992
retained-20260902-f3945ac,S3-COLD-CONTROL-r03,2026-09-02T07:52:07.842945242Z,300.731347,13296042,175751168,212180992
retained-20260902-f3945ac,S3-COLD-CONTROL-r03,2026-09-02T07:52:07.853084182Z,310.870287,13309531,175751168,212180992
retained-20260902-f3945ac,S3-COLD-CONTROL-r03,2026-09-02T07:52:07.859131507Z,316.917613,13315319,127574016,164204544
retained-20260902-f3945ac,S3-COLD-r03,2026-09-02T07:52:08.078069178Z,0.058533,13535305,58994688,95531008
retained-20260902-f3945ac,S3-COLD-r03,2026-09-02T07:52:08.095788959Z,17.778314,13538560,61059072,97427456
retained-20260902-f3945ac,S3-COLD-r03,2026-09-02T07:52:08.11183687Z,33.826219,13543325,63582208,100515840
retained-20260902-f3945ac,S3-COLD-r03,2026-09-02T07:52:08.118664488Z,40.653837,13553461,92483584,129875968
retained-20260902-f3945ac,S3-COLD-r03,2026-09-02T07:52:08.12886947Z,50.858824,13580286,159461376,196984832
retained-20260902-f3945ac,S3-COLD-r03,2026-09-02T07:52:08.139039287Z,61.028643,13598257,168407040,205221888
retained-20260902-f3945ac,S3-COLD-r03,2026-09-02T07:52:08.148190099Z,70.179454,13625065,168407040,205484032
retained-20260902-f3945ac,S3-COLD-r03,2026-09-02T07:52:08.158447606Z,80.436960,13643052,168407040,205484032
retained-20260902-f3945ac,S3-COLD-r03,2026-09-02T07:52:08.168592606Z,90.581960,13669907,168407040,205479936
retained-20260902-f3945ac,S3-COLD-r03,2026-09-02T07:52:08.178861299Z,100.850653,13687979,168407040,205242368
retained-20260902-f3945ac,S3-COLD-r03,2026-09-02T07:52:08.189078058Z,111.067413,13692722,168407040,205504512
retained-20260902-f3945ac,S3-COLD-r03,2026-09-02T07:52:08.19829059Z,120.279952,13692925,168407040,205504512
retained-20260902-f3945ac,S3-COLD-r03,2026-09-02T07:52:08.208506552Z,130.495908,13693188,168407040,205295616
retained-20260902-f3945ac,S3-COLD-r03,2026-09-02T07:52:08.218753949Z,140.743303,13693415,168407040,205295616
retained-20260902-f3945ac,S3-COLD-r03,2026-09-02T07:52:08.228964737Z,150.954086,13693587,168407040,205295616
retained-20260902-f3945ac,S3-COLD-r03,2026-09-02T07:52:08.239140391Z,161.129745,13703143,168407040,205295616
retained-20260902-f3945ac,S3-COLD-r03,2026-09-02T07:52:08.248368632Z,170.357987,13729945,168407040,205295616
retained-20260902-f3945ac,S3-COLD-r03,2026-09-02T07:52:08.258588837Z,180.578191,13747875,168407040,205295616
retained-20260902-f3945ac,S3-COLD-r03,2026-09-02T07:52:08.268791772Z,190.781126,13774919,169553920,206868480
retained-20260902-f3945ac,S3-COLD-r03,2026-09-02T07:52:08.279006678Z,200.996033,13788386,189968384,227028992
retained-20260902-f3945ac,S3-COLD-r03,2026-09-02T07:52:08.289207808Z,211.197163,13793040,191115264,228597760
retained-20260902-f3945ac,S3-COLD-r03,2026-09-02T07:52:08.331514794Z,253.504148,13793270,191344640,228859904
retained-20260902-f3945ac,S3-COLD-r03,2026-09-02T07:52:08.338705724Z,260.695078,13803339,215429120,252977152
retained-20260902-f3945ac,S3-COLD-r03,2026-09-02T07:52:08.34895034Z,270.939695,13830685,250523648,288104448
retained-20260902-f3945ac,S3-COLD-r03,2026-09-02T07:52:08.35924574Z,281.235094,13852907,282177536,319823872
retained-20260902-f3945ac,S3-COLD-r03,2026-09-02T07:52:08.368500448Z,290.489802,13875959,288370688,325853184
retained-20260902-f3945ac,S3-COLD-r03,2026-09-02T07:52:08.378692729Z,300.682083,13894017,288370688,325386240
retained-20260902-f3945ac,S3-COLD-r03,2026-09-02T07:52:08.388927357Z,310.916711,13894271,288370688,325386240
retained-20260902-f3945ac,S3-COLD-r03,2026-09-02T07:52:08.431517064Z,353.506418,13894594,288370688,325386240
retained-20260902-f3945ac,S3-COLD-r03,2026-09-02T07:52:08.438638877Z,360.628231,13904287,288370688,325386240
retained-20260902-f3945ac,S3-COLD-r03,2026-09-02T07:52:08.448859219Z,370.848574,13931109,288829440,325910528
retained-20260902-f3945ac,S3-COLD-r03,2026-09-02T07:52:08.459097932Z,381.087287,13949129,288829440,325910528
retained-20260902-f3945ac,S3-COLD-r03,2026-09-02T07:52:08.468340279Z,390.329634,13976043,289746944,326696960
retained-20260902-f3945ac,S3-COLD-r03,2026-09-02T07:52:08.478592705Z,400.582059,13989638,289746944,326696960
retained-20260902-f3945ac,S3-COLD-r03,2026-09-02T07:52:08.488876897Z,410.866252,13994287,289746944,326602752
retained-20260902-f3945ac,S3-COLD-r03,2026-09-02T07:52:08.499128644Z,421.117998,13994502,289746944,326602752
retained-20260902-f3945ac,S3-COLD-r03,2026-09-02T07:52:08.508358335Z,430.347684,13994678,289746944,326602752
retained-20260902-f3945ac,S3-COLD-r03,2026-09-02T07:52:08.51859688Z,440.586229,13994868,289746944,326602752
retained-20260902-f3945ac,S3-COLD-r03,2026-09-02T07:52:08.531489663Z,453.479012,13995052,289746944,326602752
retained-20260902-f3945ac,S3-COLD-r03,2026-09-02T07:52:08.538697583Z,460.686937,14004741,289746944,326602752
retained-20260902-f3945ac,S3-COLD-r03,2026-09-02T07:52:08.548934013Z,470.923367,14031593,289976320,327127040
retained-20260902-f3945ac,S3-COLD-r03,2026-09-02T07:52:08.559172117Z,481.161472,14049579,290664448,327389184
retained-20260902-f3945ac,S3-COLD-r03,2026-09-02T07:52:08.568394452Z,490.383806,14076431,290893824,327651328
retained-20260902-f3945ac,S3-COLD-r03,2026-09-02T07:52:08.578634208Z,500.623563,14090009,290893824,327651328
retained-20260902-f3945ac,S3-COLD-r03,2026-09-02T07:52:08.631806674Z,553.796023,14096473,291123200,327651328
retained-20260902-f3945ac,S3-COLD-r03,2026-09-02T07:52:08.639092662Z,561.082017,14105499,291352576,328437760
retained-20260902-f3945ac,S3-COLD-r03,2026-09-02T07:52:08.648268427Z,570.257782,14132683,292958208,330010624
retained-20260902-f3945ac,S3-COLD-r03,2026-09-02T07:52:08.6585073Z,580.496650,14150645,292958208,330010624
retained-20260902-f3945ac,S3-COLD-r03,2026-09-02T07:52:08.668715025Z,590.704380,14178054,246710272,283848704
retained-20260902-f3945ac,S3-COLD-r03,2026-09-02T07:52:08.731499011Z,653.488366,14186671,248086528,284987392
retained-20260902-f3945ac,S3-COLD-r03,2026-09-02T07:52:08.73872569Z,660.715045,14191619,248086528,284987392
retained-20260902-f3945ac,S3-COLD-r03,2026-09-02T07:52:08.748174654Z,670.164004,14205000,200265728,241717248
retained-20260902-f3945ac,S3-COLD-r03,2026-09-02T07:52:08.75485849Z,676.847845,14218712,211275776,248827904
retained-20260902-f3945ac,S3-WARM-CONTROL-r03,2026-09-02T07:52:09.29092403Z,0.045981,14749216,126451712,163332096
retained-20260902-f3945ac,S3-WARM-CONTROL-r03,2026-09-02T07:52:09.29221485Z,1.336801,14751406,127369216,163487744
retained-20260902-f3945ac,S3-WARM-r03,2026-09-02T07:52:12.803886168Z,0.040267,15276126,120836096,158257152
retained-20260902-f3945ac,S3-WARM-r03,2026-09-02T07:52:12.822837876Z,18.991976,15278092,121065472,158683136
retained-20260902-f3945ac,S3-WARM-r03,2026-09-02T07:52:12.823955369Z,20.109462,15282493,122671104,160739328
retained-20260902-f3945ac,S3-WARM-r03,2026-09-02T07:52:12.847377409Z,43.531502,15282493,122900480,161001472
retained-20260902-f3945ac,S3-WARM-r03,2026-09-02T07:52:12.854620926Z,50.775020,15290203,127029248,164769792
retained-20260902-f3945ac,S3-WARM-r03,2026-09-02T07:52:12.864782864Z,60.936963,15303054,127029248,165031936
retained-20260902-f3945ac,S3-WARM-r03,2026-09-02T07:52:12.874951001Z,71.105100,15315963,127029248,165031936
retained-20260902-f3945ac,S3-WARM-r03,2026-09-02T07:52:12.884125242Z,80.279342,15324584,127029248,164765696
retained-20260902-f3945ac,S3-WARM-r03,2026-09-02T07:52:12.894272882Z,90.426981,15333165,127029248,164765696
retained-20260902-f3945ac,S3-WARM-r03,2026-09-02T07:52:12.904354598Z,100.508697,15345963,127029248,164765696
retained-20260902-f3945ac,S3-WARM-r03,2026-09-02T07:52:12.91453145Z,110.685549,15354639,127029248,164765696
retained-20260902-f3945ac,S3-WARM-r03,2026-09-02T07:52:12.924700155Z,120.854255,15367477,127029248,164765696
retained-20260902-f3945ac,S3-WARM-r03,2026-09-02T07:52:12.934850316Z,131.004416,15380350,127029248,164765696
retained-20260902-f3945ac,S3-WARM-r03,2026-09-02T07:52:12.944984951Z,141.139050,15389043,127029248,164765696
retained-20260902-f3945ac,S3-WARM-r03,2026-09-02T07:52:12.954145007Z,150.299107,15397778,143314944,181018624
retained-20260902-f3945ac,S3-WARM-r03,2026-09-02T07:52:12.964288391Z,160.442491,15410800,158224384,195960832
retained-20260902-f3945ac,S3-WARM-r03,2026-09-02T07:52:12.974459333Z,170.613432,15419618,170151936,207757312
retained-20260902-f3945ac,S3-WARM-r03,2026-09-02T07:52:12.984544314Z,180.698413,15434263,181850112,219553792
retained-20260902-f3945ac,S3-WARM-r03,2026-09-02T07:52:12.994685621Z,190.839721,15441404,181850112,219553792
retained-20260902-f3945ac,S3-WARM-r03,2026-09-02T07:52:13.004931773Z,201.085872,15454313,181850112,219553792
retained-20260902-f3945ac,S3-WARM-r03,2026-09-02T07:52:13.014104927Z,210.259026,15462945,181850112,219553792
retained-20260902-f3945ac,S3-WARM-r03,2026-09-02T07:52:13.024240139Z,220.394239,15467642,181850112,219553792
retained-20260902-f3945ac,S3-WARM-r03,2026-09-02T07:52:13.034431203Z,230.585301,15476339,181850112,219553792
retained-20260902-f3945ac,S3-WARM-r03,2026-09-02T07:52:13.04455639Z,240.710490,15489269,181850112,219553792
retained-20260902-f3945ac,S3-WARM-r03,2026-09-02T07:52:13.054800663Z,250.954762,15502175,181850112,219815936
retained-20260902-f3945ac,S3-WARM-r03,2026-09-02T07:52:13.064972811Z,261.126910,15510952,181850112,219500544
retained-20260902-f3945ac,S3-WARM-r03,2026-09-02T07:52:13.07409279Z,270.246889,15519665,181850112,219500544
retained-20260902-f3945ac,S3-WARM-r03,2026-09-02T07:52:13.084262281Z,280.416380,15532435,181850112,219500544
retained-20260902-f3945ac,S3-WARM-r03,2026-09-02T07:52:13.0943683Z,290.522399,15541036,181850112,219500544
retained-20260902-f3945ac,S3-WARM-r03,2026-09-02T07:52:13.104506196Z,300.660294,15553947,181850112,219762688
retained-20260902-f3945ac,S3-WARM-r03,2026-09-02T07:52:13.114704228Z,310.858328,15562642,181850112,219762688
retained-20260902-f3945ac,S3-WARM-r03,2026-09-02T07:52:13.124835542Z,320.989640,15572654,181850112,219762688
retained-20260902-f3945ac,S3-WARM-r03,2026-09-02T07:52:13.133992232Z,330.146331,15580463,181850112,219762688
retained-20260902-f3945ac,S3-WARM-r03,2026-09-02T07:52:13.144144959Z,340.299058,15593292,181850112,219762688
retained-20260902-f3945ac,S3-WARM-r03,2026-09-02T07:52:13.153971543Z,350.125637,15600409,133660672,178282496
retained-20260902-f3945ac,S3-WARM-r03,2026-09-02T07:52:13.159508703Z,355.662802,15614992,132829184,170926080
retained-20260902-f3945ac,F2-r03,2026-09-02T07:52:13.188392322Z,0.053661,15651111,33488896,79306752
retained-20260902-f3945ac,F2-r03,2026-09-02T07:52:13.199058643Z,10.719983,15654932,38535168,84545536
retained-20260902-f3945ac,F2-r03,2026-09-02T07:52:13.209205489Z,20.866829,15655055,38535168,84545536
retained-20260902-f3945ac,F2-r03,2026-09-02T07:52:13.219343427Z,31.004767,15655172,38535168,83423232
retained-20260902-f3945ac,F2-r03,2026-09-02T07:52:13.228496636Z,40.157975,15655291,38535168,83156992
retained-20260902-f3945ac,F2-r03,2026-09-02T07:52:13.238602155Z,50.263494,15655428,38535168,83415040
retained-20260902-f3945ac,F2-r03,2026-09-02T07:52:13.248720431Z,60.381771,15655551,38535168,83415040
retained-20260902-f3945ac,F2-r03,2026-09-02T07:52:13.258818648Z,70.479987,15655658,38535168,83410944
retained-20260902-f3945ac,F2-r03,2026-09-02T07:52:13.268895005Z,80.556344,15655777,38535168,83410944
retained-20260902-f3945ac,F2-r03,2026-09-02T07:52:13.279128922Z,90.790261,15655968,38535168,83410944
retained-20260902-f3945ac,F2-r03,2026-09-02T07:52:13.289300358Z,100.961698,15656120,38535168,83410944
retained-20260902-f3945ac,F2-r03,2026-09-02T07:52:13.299457137Z,111.118476,15656245,38535168,83410944
retained-20260902-f3945ac,F2-r03,2026-09-02T07:52:13.308671683Z,120.333024,15656396,38535168,83410944
retained-20260902-f3945ac,F2-r03,2026-09-02T07:52:13.318866175Z,130.527514,15656527,38535168,83410944
retained-20260902-f3945ac,F2-r03,2026-09-02T07:52:13.329015663Z,140.677002,15656647,38535168,83410944
retained-20260902-f3945ac,F2-r03,2026-09-02T07:52:13.339220743Z,150.882082,15656791,38535168,83410944
retained-20260902-f3945ac,F2-r03,2026-09-02T07:52:13.34943928Z,161.100619,15657002,38535168,83357696
retained-20260902-f3945ac,F2-r03,2026-09-02T07:52:13.358575686Z,170.237026,15657119,38535168,83357696
retained-20260902-f3945ac,F2-r03,2026-09-02T07:52:13.368721316Z,180.382654,15657257,38535168,83357696
retained-20260902-f3945ac,F2-r03,2026-09-02T07:52:13.378924453Z,190.585793,15657399,38535168,83357696
retained-20260902-f3945ac,F2-r03,2026-09-02T07:52:13.389103875Z,200.765214,15657558,38535168,83357696
retained-20260902-f3945ac,F2-r03,2026-09-02T07:52:13.399278377Z,210.939717,15657683,38535168,83357696
retained-20260902-f3945ac,F2-r03,2026-09-02T07:52:13.409400971Z,221.062309,15657825,38535168,83357696
retained-20260902-f3945ac,F2-r03,2026-09-02T07:52:13.41858915Z,230.250491,15657976,38535168,83357696
retained-20260902-f3945ac,F2-r03,2026-09-02T07:52:13.428693684Z,240.355024,15658142,38535168,83357696
retained-20260902-f3945ac,F2-r03,2026-09-02T07:52:13.438806764Z,250.468103,15658269,38535168,83357696
retained-20260902-f3945ac,F2-r03,2026-09-02T07:52:13.448976698Z,260.638038,15658400,38535168,83357696
retained-20260902-f3945ac,F2-r03,2026-09-02T07:52:13.459117203Z,270.778542,15658532,38535168,83357696
retained-20260902-f3945ac,F2-r03,2026-09-02T07:52:13.469219816Z,280.881155,15658644,38535168,83357696
retained-20260902-f3945ac,F2-r03,2026-09-02T07:52:13.479333112Z,290.994452,15658743,38535168,83357696
retained-20260902-f3945ac,F2-r03,2026-09-02T07:52:13.489459182Z,301.120522,15658839,38535168,83357696
retained-20260902-f3945ac,F2-r03,2026-09-02T07:52:13.498628409Z,310.289749,15658985,38535168,83357696
retained-20260902-f3945ac,F2-r03,2026-09-02T07:52:13.508743557Z,320.404896,15659131,38535168,83357696
retained-20260902-f3945ac,F2-r03,2026-09-02T07:52:13.518908885Z,330.570224,15659238,38535168,83357696
retained-20260902-f3945ac,F2-r03,2026-09-02T07:52:13.529088332Z,340.749671,15659401,38535168,83357696
retained-20260902-f3945ac,F2-r03,2026-09-02T07:52:13.539254902Z,350.916241,15659560,38535168,83357696
retained-20260902-f3945ac,F2-r03,2026-09-02T07:52:13.549378694Z,361.040034,15659684,38535168,83357696
retained-20260902-f3945ac,F2-r03,2026-09-02T07:52:13.558547744Z,370.209083,15659836,38535168,83357696
retained-20260902-f3945ac,F2-r03,2026-09-02T07:52:13.56861198Z,380.273319,15659971,38535168,83357696
retained-20260902-f3945ac,F2-r03,2026-09-02T07:52:13.578818207Z,390.479546,15660123,38535168,83357696
retained-20260902-f3945ac,F2-r03,2026-09-02T07:52:13.58899735Z,400.658689,15660306,38535168,83357696
retained-20260902-f3945ac,F2-r03,2026-09-02T07:52:13.599100575Z,410.761914,15660418,38535168,83357696
retained-20260902-f3945ac,F2-r03,2026-09-02T07:52:13.609191196Z,420.852536,15660531,38535168,83357696
retained-20260902-f3945ac,F2-r03,2026-09-02T07:52:13.619309491Z,430.970830,15660630,38535168,83357696
retained-20260902-f3945ac,F2-r03,2026-09-02T07:52:13.62949905Z,441.160389,15660726,38535168,83357696
retained-20260902-f3945ac,F2-r03,2026-09-02T07:52:13.63865118Z,450.312520,15660975,38535168,83357696
retained-20260902-f3945ac,F2-r03,2026-09-02T07:52:13.648872045Z,460.533384,15661251,38535168,83357696
retained-20260902-f3945ac,F2-r03,2026-09-02T07:52:13.659114034Z,470.775374,15661437,38535168,83357696
retained-20260902-f3945ac,F2-r03,2026-09-02T07:52:13.669308411Z,480.969751,15661604,38535168,83357696
retained-20260902-f3945ac,F2-r03,2026-09-02T07:52:13.679454584Z,491.115923,15661775,38535168,83357696
retained-20260902-f3945ac,F2-r03,2026-09-02T07:52:13.688633112Z,500.294451,15661911,38535168,83357696
retained-20260902-f3945ac,F2-r03,2026-09-02T07:52:13.694141937Z,505.803277,15662919,38764544,83316736
retained-20260902-f3945ac,S4-2-r03,2026-09-02T07:52:14.13214545Z,0.097847,16104211,33488896,128921600
retained-20260902-f3945ac,S4-2-r03,2026-09-02T07:52:14.162827269Z,30.779662,16108562,35323904,131080192
retained-20260902-f3945ac,S4-2-r03,2026-09-02T07:52:14.172735866Z,40.688264,16133828,37617664,192159744
retained-20260902-f3945ac,S4-2-r03,2026-09-02T07:52:14.182938011Z,50.890417,16160713,37617664,242491392
retained-20260902-f3945ac,S4-2-r03,2026-09-02T07:52:14.193171259Z,61.123657,16178700,37617664,242491392
retained-20260902-f3945ac,S4-2-r03,2026-09-02T07:52:14.202378568Z,70.330966,16196668,37617664,242225152
retained-20260902-f3945ac,S4-2-r03,2026-09-02T07:52:14.212588574Z,80.540971,16196826,37617664,242225152
retained-20260902-f3945ac,S4-2-r03,2026-09-02T07:52:14.222808368Z,90.760765,16206445,37617664,242225152
retained-20260902-f3945ac,S4-2-r03,2026-09-02T07:52:14.23304406Z,100.996457,16224406,37617664,242225152
retained-20260902-f3945ac,S4-2-r03,2026-09-02T07:52:14.243172256Z,111.124654,16251215,37617664,242483200
retained-20260902-f3945ac,S4-2-r03,2026-09-02T07:52:14.25235795Z,120.310347,16269169,37617664,242483200
retained-20260902-f3945ac,S4-2-r03,2026-09-02T07:52:14.262555178Z,130.507575,16287122,37617664,242483200
retained-20260902-f3945ac,S4-2-r03,2026-09-02T07:52:14.272758417Z,140.710815,16296152,37617664,242483200
retained-20260902-f3945ac,S4-2-r03,2026-09-02T07:52:14.282951206Z,150.903603,16296306,37617664,242483200
retained-20260902-f3945ac,S4-2-r03,2026-09-02T07:52:14.293112597Z,161.064995,16296439,37617664,242483200
retained-20260902-f3945ac,S4-2-r03,2026-09-02T07:52:14.303200572Z,171.152970,16296573,37617664,242483200
retained-20260902-f3945ac,S4-2-r03,2026-09-02T07:52:14.312359828Z,180.312225,16296701,37617664,242081792
retained-20260902-f3945ac,S4-2-r03,2026-09-02T07:52:14.322676937Z,190.629334,16297441,37617664,242081792
retained-20260902-f3945ac,S4-2-r03,2026-09-02T07:52:14.332838915Z,200.791312,16324336,37617664,242081792
retained-20260902-f3945ac,S4-2-r03,2026-09-02T07:52:14.343018697Z,210.971094,16351325,37617664,253091840
retained-20260902-f3945ac,S4-2-r03,2026-09-02T07:52:14.353193372Z,221.145769,16369706,37617664,286121984
retained-20260902-f3945ac,S4-2-r03,2026-09-02T07:52:14.362412249Z,230.364646,16388118,38076416,320724992
retained-20260902-f3945ac,S4-2-r03,2026-09-02T07:52:14.372640815Z,240.593213,16397228,38076416,321773568
retained-20260902-f3945ac,S4-2-r03,2026-09-02T07:52:14.382846515Z,250.798913,16397398,38076416,321773568
retained-20260902-f3945ac,S4-2-r03,2026-09-02T07:52:14.393042844Z,260.995241,16397537,38076416,321773568
retained-20260902-f3945ac,S4-2-r03,2026-09-02T07:52:14.403223939Z,271.176337,16397686,38076416,321773568
retained-20260902-f3945ac,S4-2-r03,2026-09-02T07:52:14.412339029Z,280.291426,16397838,38076416,321773568
retained-20260902-f3945ac,S4-2-r03,2026-09-02T07:52:14.422529483Z,290.481881,16399483,38076416,333570048
retained-20260902-f3945ac,S4-2-r03,2026-09-02T07:52:14.432769617Z,300.722014,16426393,38076416,353492992
retained-20260902-f3945ac,S4-2-r03,2026-09-02T07:52:14.443080681Z,311.033079,16453562,38076416,355590144
retained-20260902-f3945ac,S4-2-r03,2026-09-02T07:52:14.452287774Z,320.240172,16471644,38076416,355852288
retained-20260902-f3945ac,S4-2-r03,2026-09-02T07:52:14.462531508Z,330.483906,16489732,38076416,355852288
retained-20260902-f3945ac,S4-2-r03,2026-09-02T07:52:14.472744254Z,340.696651,16494335,38076416,355852288
retained-20260902-f3945ac,S4-2-r03,2026-09-02T07:52:14.482920764Z,350.873162,16494476,38076416,355807232
retained-20260902-f3945ac,S4-2-r03,2026-09-02T07:52:14.493104382Z,361.056780,16494609,38076416,355807232
retained-20260902-f3945ac,S4-2-r03,2026-09-02T07:52:14.503224124Z,371.176522,16494723,38076416,355807232
retained-20260902-f3945ac,S4-2-r03,2026-09-02T07:52:14.513316347Z,381.268745,16494848,38076416,355807232
retained-20260902-f3945ac,S4-2-r03,2026-09-02T07:52:14.522507272Z,390.459670,16495583,38076416,356331520
retained-20260902-f3945ac,S4-2-r03,2026-09-02T07:52:14.532672346Z,400.624744,16522490,38076416,356855808
retained-20260902-f3945ac,S4-2-r03,2026-09-02T07:52:14.542876052Z,410.828449,16549379,38076416,357117952
retained-20260902-f3945ac,S4-2-r03,2026-09-02T07:52:14.553103714Z,421.056112,16567390,38076416,357113856
retained-20260902-f3945ac,S4-2-r03,2026-09-02T07:52:14.563276526Z,431.228923,16594281,38076416,357638144
retained-20260902-f3945ac,S4-2-r03,2026-09-02T07:52:14.572486755Z,440.439153,16598909,38076416,357638144
retained-20260902-f3945ac,S4-2-r03,2026-09-02T07:52:14.5827003Z,450.652697,16599082,38076416,357638144
retained-20260902-f3945ac,S4-2-r03,2026-09-02T07:52:14.618663767Z,486.616159,16599482,38076416,357638144
retained-20260902-f3945ac,S4-2-r03,2026-09-02T07:52:14.622839976Z,490.792374,16609171,38076416,358162432
retained-20260902-f3945ac,S4-2-r03,2026-09-02T07:52:14.632987704Z,500.940102,16627171,38076416,358162432
retained-20260902-f3945ac,S4-2-r03,2026-09-02T07:52:14.64316726Z,511.119659,16654066,38076416,358686720
retained-20260902-f3945ac,S4-2-r03,2026-09-02T07:52:14.652374572Z,520.326969,16672075,38076416,358948864
retained-20260902-f3945ac,S4-2-r03,2026-09-02T07:52:14.66259043Z,530.542827,16690633,38076416,361304064
retained-20260902-f3945ac,S4-2-r03,2026-09-02T07:52:14.672804869Z,540.757267,16695261,38076416,361304064
retained-20260902-f3945ac,S4-2-r03,2026-09-02T07:52:14.68294608Z,550.898478,16695401,38076416,361304064
retained-20260902-f3945ac,S4-2-r03,2026-09-02T07:52:14.693095161Z,561.047559,16695550,38076416,361304064
retained-20260902-f3945ac,S4-2-r03,2026-09-02T07:52:14.70318759Z,571.139987,16695677,38076416,361304064
retained-20260902-f3945ac,S4-2-r03,2026-09-02T07:52:14.712269591Z,580.221989,16695783,38305792,361304064
retained-20260902-f3945ac,S4-2-r03,2026-09-02T07:52:14.722397873Z,590.350271,16699935,38305792,362876928
retained-20260902-f3945ac,S4-2-r03,2026-09-02T07:52:14.732608217Z,600.560616,16723872,38535168,362876928
retained-20260902-f3945ac,S4-2-r03,2026-09-02T07:52:14.742793793Z,610.746190,16749332,38535168,314880000
retained-20260902-f3945ac,S4-2-r03,2026-09-02T07:52:14.751499567Z,619.451963,16774032,37642240,266362880
retained-20260902-f3945ac,S4-4-r03,2026-09-02T07:52:15.675612744Z,0.024963,17645512,33259520,183443456
retained-20260902-f3945ac,S4-4-r03,2026-09-02T07:52:15.718847522Z,43.259736,17650905,35323904,185597952
retained-20260902-f3945ac,S4-4-r03,2026-09-02T07:52:15.726389266Z,50.801491,17679233,37617664,267124736
retained-20260902-f3945ac,S4-4-r03,2026-09-02T07:52:15.736646404Z,61.058623,17732946,37617664,381157376
retained-20260902-f3945ac,S4-4-r03,2026-09-02T07:52:15.745939904Z,70.352123,17764197,37617664,408944640
retained-20260902-f3945ac,S4-4-r03,2026-09-02T07:52:15.75612006Z,80.532280,17768830,37617664,408944640
retained-20260902-f3945ac,S4-4-r03,2026-09-02T07:52:15.766332069Z,90.744288,17768997,37617664,408944640
retained-20260902-f3945ac,S4-4-r03,2026-09-02T07:52:15.776557657Z,100.969876,17769162,37617664,408944640
retained-20260902-f3945ac,S4-4-r03,2026-09-02T07:52:15.818593023Z,143.005243,17769397,37617664,408944640
retained-20260902-f3945ac,S4-4-r03,2026-09-02T07:52:15.825776047Z,150.188298,17788455,37847040,408944640
retained-20260902-f3945ac,S4-4-r03,2026-09-02T07:52:15.836143819Z,160.556040,17842193,37847040,408944640
retained-20260902-f3945ac,S4-4-r03,2026-09-02T07:52:15.846470215Z,170.882434,17869065,37847040,408944640
retained-20260902-f3945ac,S4-4-r03,2026-09-02T07:52:15.856746516Z,181.158740,17869214,37847040,408944640
retained-20260902-f3945ac,S4-4-r03,2026-09-02T07:52:15.918585598Z,242.997819,17869443,37847040,408711168
retained-20260902-f3945ac,S4-4-r03,2026-09-02T07:52:15.925777467Z,250.189687,17888328,37847040,408711168
retained-20260902-f3945ac,S4-4-r03,2026-09-02T07:52:15.935976865Z,260.389084,17941865,37847040,408711168
retained-20260902-f3945ac,S4-4-r03,2026-09-02T07:52:15.946272081Z,270.684301,17964320,37847040,408711168
retained-20260902-f3945ac,S4-4-r03,2026-09-02T07:52:15.956384852Z,280.797071,17964507,37847040,408711168
retained-20260902-f3945ac,S4-4-r03,2026-09-02T07:52:15.966535075Z,290.947294,17964623,38076416,408711168
retained-20260902-f3945ac,S4-4-r03,2026-09-02T07:52:15.976725938Z,301.138157,17964758,38076416,408711168
retained-20260902-f3945ac,S4-4-r03,2026-09-02T07:52:15.985903241Z,310.315461,17964877,38076416,408711168
retained-20260902-f3945ac,S4-4-r03,2026-09-02T07:52:15.996034937Z,320.447157,17965018,38076416,408711168
retained-20260902-f3945ac,S4-4-r03,2026-09-02T07:52:16.006182559Z,330.594778,17965170,38076416,408711168
retained-20260902-f3945ac,S4-4-r03,2026-09-02T07:52:16.016352068Z,340.764287,17965338,38076416,408711168
retained-20260902-f3945ac,S4-4-r03,2026-09-02T07:52:16.026672564Z,351.084798,18002044,38076416,408711168
retained-20260902-f3945ac,S4-4-r03,2026-09-02T07:52:16.036241055Z,360.653303,18037937,38076416,408711168
retained-20260902-f3945ac,S4-4-r03,2026-09-02T07:52:16.046510372Z,370.922591,18064939,38076416,408711168
retained-20260902-f3945ac,S4-4-r03,2026-09-02T07:52:16.05673891Z,381.151129,18065113,38076416,408711168
retained-20260902-f3945ac,S4-4-r03,2026-09-02T07:52:16.065905793Z,390.318008,18065207,38076416,408711168
retained-20260902-f3945ac,S4-4-r03,2026-09-02T07:52:16.076049141Z,400.461355,18065280,38076416,408711168
retained-20260902-f3945ac,S4-4-r03,2026-09-02T07:52:16.086241078Z,410.653292,18065388,38076416,408711168
retained-20260902-f3945ac,S4-4-r03,2026-09-02T07:52:16.09638026Z,420.792474,18065507,38076416,408711168
retained-20260902-f3945ac,S4-4-r03,2026-09-02T07:52:16.106524483Z,430.936702,18065587,38076416,408711168
retained-20260902-f3945ac,S4-4-r03,2026-09-02T07:52:16.116735165Z,441.147379,18065712,38076416,408711168
retained-20260902-f3945ac,S4-4-r03,2026-09-02T07:52:16.125971838Z,450.384058,18084718,38076416,408711168
retained-20260902-f3945ac,S4-4-r03,2026-09-02T07:52:16.136154881Z,460.567100,18139642,38076416,416837632
retained-20260902-f3945ac,S4-4-r03,2026-09-02T07:52:16.146403797Z,470.816015,18165602,38305792,427585536
retained-20260902-f3945ac,S4-4-r03,2026-09-02T07:52:16.156641678Z,481.053897,18165792,38305792,427585536
retained-20260902-f3945ac,S4-4-r03,2026-09-02T07:52:16.165768463Z,490.180683,18165930,38305792,427847680
retained-20260902-f3945ac,S4-4-r03,2026-09-02T07:52:16.175933205Z,500.345424,18166083,38305792,427847680
retained-20260902-f3945ac,S4-4-r03,2026-09-02T07:52:16.186122426Z,510.534655,18166238,38305792,427847680
retained-20260902-f3945ac,S4-4-r03,2026-09-02T07:52:16.19626458Z,520.676800,18166391,38305792,427847680
retained-20260902-f3945ac,S4-4-r03,2026-09-02T07:52:16.206421198Z,530.833418,18166535,38305792,427114496
retained-20260902-f3945ac,S4-4-r03,2026-09-02T07:52:16.216678253Z,541.090472,18166722,38305792,427368448
retained-20260902-f3945ac,S4-4-r03,2026-09-02T07:52:16.225786863Z,550.199083,18186430,38305792,479272960
retained-20260902-f3945ac,S4-4-r03,2026-09-02T07:52:16.236036174Z,560.448393,18241195,38305792,552161280
retained-20260902-f3945ac,S4-4-r03,2026-09-02T07:52:16.246263096Z,570.675315,18267590,38305792,579162112
retained-20260902-f3945ac,S4-4-r03,2026-09-02T07:52:16.25649073Z,580.902949,18267755,38305792,579162112
retained-20260902-f3945ac,S4-4-r03,2026-09-02T07:52:16.266679086Z,591.091306,18267904,38305792,579162112
retained-20260902-f3945ac,S4-4-r03,2026-09-02T07:52:16.27585926Z,600.271479,18268069,38305792,579162112
retained-20260902-f3945ac,S4-4-r03,2026-09-02T07:52:16.286016489Z,610.428708,18268231,38305792,579162112
retained-20260902-f3945ac,S4-4-r03,2026-09-02T07:52:16.296161853Z,620.574073,18268390,38305792,579162112
retained-20260902-f3945ac,S4-4-r03,2026-09-02T07:52:16.306378022Z,630.790242,18268582,38305792,579162112
retained-20260902-f3945ac,S4-4-r03,2026-09-02T07:52:16.316600379Z,641.012598,18268753,38305792,579162112
retained-20260902-f3945ac,S4-4-r03,2026-09-02T07:52:16.326825824Z,651.238043,18305936,38305792,619794432
retained-20260902-f3945ac,S4-4-r03,2026-09-02T07:52:16.336073379Z,660.485599,18341923,38305792,642600960
retained-20260902-f3945ac,S4-4-r03,2026-09-02T07:52:16.346371123Z,670.783344,18368813,38305792,642600960
retained-20260902-f3945ac,S4-4-r03,2026-09-02T07:52:16.356592747Z,681.004966,18368980,38305792,642600960
retained-20260902-f3945ac,S4-4-r03,2026-09-02T07:52:16.36680035Z,691.212569,18369125,38305792,642600960
retained-20260902-f3945ac,S4-4-r03,2026-09-02T07:52:16.375979815Z,700.392034,18369250,38305792,642600960
retained-20260902-f3945ac,S4-4-r03,2026-09-02T07:52:16.418601049Z,743.013269,18369418,38305792,642600960
retained-20260902-f3945ac,S4-4-r03,2026-09-02T07:52:16.42679968Z,751.211900,18406367,38305792,647581696
retained-20260902-f3945ac,S4-4-r03,2026-09-02T07:52:16.436041529Z,760.453747,18442276,38305792,648105984
retained-20260902-f3945ac,S4-4-r03,2026-09-02T07:52:16.446308583Z,770.720803,18464759,38305792,648105984
retained-20260902-f3945ac,S4-4-r03,2026-09-02T07:52:16.456434119Z,780.846338,18464948,38305792,648105984
retained-20260902-f3945ac,S4-4-r03,2026-09-02T07:52:16.466597767Z,791.009986,18465083,38305792,648105984
retained-20260902-f3945ac,S4-4-r03,2026-09-02T07:52:16.476713263Z,801.125483,18465183,38305792,648105984
retained-20260902-f3945ac,S4-4-r03,2026-09-02T07:52:16.485882089Z,810.294308,18465352,38535168,648105984
retained-20260902-f3945ac,S4-4-r03,2026-09-02T07:52:16.496070686Z,820.482906,18465491,38535168,648105984
retained-20260902-f3945ac,S4-4-r03,2026-09-02T07:52:16.506259936Z,830.672156,18465648,38535168,648105984
retained-20260902-f3945ac,S4-4-r03,2026-09-02T07:52:16.516441853Z,840.854073,18465788,38535168,648105984
retained-20260902-f3945ac,S4-4-r03,2026-09-02T07:52:16.526796654Z,851.208889,18502766,38535168,648105984
retained-20260902-f3945ac,S4-4-r03,2026-09-02T07:52:16.536087135Z,860.499354,18538596,38535168,649154560
retained-20260902-f3945ac,S4-4-r03,2026-09-02T07:52:16.546377533Z,870.789752,18565533,38535168,649154560
retained-20260902-f3945ac,S4-4-r03,2026-09-02T07:52:16.618640815Z,943.053063,18567005,38535168,649154560
retained-20260902-f3945ac,S4-4-r03,2026-09-02T07:52:16.626009017Z,950.421236,18585122,38535168,649416704
retained-20260902-f3945ac,S4-4-r03,2026-09-02T07:52:16.636309525Z,960.721744,18638781,38535168,650465280
retained-20260902-f3945ac,S4-4-r03,2026-09-02T07:52:16.646655429Z,971.067650,18665788,38535168,650465280
retained-20260902-f3945ac,S4-4-r03,2026-09-02T07:52:16.655903361Z,980.315580,18666007,38535168,650465280
retained-20260902-f3945ac,S4-4-r03,2026-09-02T07:52:16.666068115Z,990.480336,18666234,38535168,650465280
retained-20260902-f3945ac,S4-4-r03,2026-09-02T07:52:16.676282097Z,1000.694316,18666392,38764544,650465280
retained-20260902-f3945ac,S4-4-r03,2026-09-02T07:52:16.686442895Z,1010.855109,18666485,38764544,650727424
retained-20260902-f3945ac,S4-4-r03,2026-09-02T07:52:16.696670181Z,1021.082395,18666646,38764544,650727424
retained-20260902-f3945ac,S4-4-r03,2026-09-02T07:52:16.705890514Z,1030.302737,18666790,38764544,650727424
retained-20260902-f3945ac,S4-4-r03,2026-09-02T07:52:16.716028716Z,1040.440929,18666851,38764544,650727424
retained-20260902-f3945ac,S4-4-r03,2026-09-02T07:52:16.726268582Z,1050.680801,18685932,38764544,651251712
retained-20260902-f3945ac,S4-4-r03,2026-09-02T07:52:16.736549063Z,1060.961282,18739605,38764544,652300288
retained-20260902-f3945ac,S4-4-r03,2026-09-02T07:52:16.746788543Z,1071.200763,18766603,38764544,652824576
retained-20260902-f3945ac,S4-4-r03,2026-09-02T07:52:16.756089074Z,1080.501322,18766787,38764544,652824576
retained-20260902-f3945ac,S4-4-r03,2026-09-02T07:52:16.766483607Z,1090.895827,18767211,38764544,652824576
retained-20260902-f3945ac,S4-4-r03,2026-09-02T07:52:16.818584805Z,1142.997024,18767486,38764544,652824576
retained-20260902-f3945ac,S4-4-r03,2026-09-02T07:52:16.826790446Z,1151.202665,18804422,38764544,653086720
retained-20260902-f3945ac,S4-4-r03,2026-09-02T07:52:16.836010543Z,1160.422763,18840712,38764544,654659584
retained-20260902-f3945ac,S4-4-r03,2026-09-02T07:52:16.84618983Z,1170.602049,18866788,38764544,655065088
retained-20260902-f3945ac,S4-4-r03,2026-09-02T07:52:16.856305663Z,1180.717883,18866998,38764544,654925824
retained-20260902-f3945ac,S4-4-r03,2026-09-02T07:52:16.918580623Z,1242.992843,18867200,38764544,654733312
retained-20260902-f3945ac,S4-4-r03,2026-09-02T07:52:16.926739974Z,1251.152194,18904918,38993920,658141184
retained-20260902-f3945ac,S4-4-r03,2026-09-02T07:52:16.935860343Z,1260.272557,18941395,40140800,612524032
retained-20260902-f3945ac,S4-4-r03,2026-09-02T07:52:17.018628859Z,1343.041079,18963273,40828928,615571456
retained-20260902-f3945ac,S4-4-r03,2026-09-02T07:52:17.026002901Z,1350.415121,18986902,38133760,516685824
retained-20260902-f3945ac,S4-4-r03,2026-09-02T07:52:17.036066613Z,1360.478832,19006009,38330368,515702784
retained-20260902-f3945ac,S4-4-r03,2026-09-02T07:52:17.045123588Z,1369.535807,19021038,37326848,466788352
retained-20260902-f3945ac,S3-COLD-r04,2026-09-02T07:52:17.324109794Z,0.074472,19258155,59211776,96362496
retained-20260902-f3945ac,S3-COLD-r04,2026-09-02T07:52:17.346837188Z,22.801845,19261299,61276160,98189312
retained-20260902-f3945ac,S3-COLD-r04,2026-09-02T07:52:17.362859421Z,38.824085,19262997,61964288,99045376
retained-20260902-f3945ac,S3-COLD-r04,2026-09-02T07:52:17.364244902Z,40.209565,19264926,65175552,101924864
retained-20260902-f3945ac,S3-COLD-r04,2026-09-02T07:52:17.377071685Z,53.036342,19289010,136052736,173752320
retained-20260902-f3945ac,S3-COLD-r04,2026-09-02T07:52:17.38429139Z,60.256055,19311781,168624128,206159872
retained-20260902-f3945ac,S3-COLD-r04,2026-09-02T07:52:17.394507768Z,70.472430,19329756,168624128,206159872
retained-20260902-f3945ac,S3-COLD-r04,2026-09-02T07:52:17.404733181Z,80.697843,19356649,168624128,206159872
retained-20260902-f3945ac,S3-COLD-r04,2026-09-02T07:52:17.414892574Z,90.857237,19361305,168624128,206159872
retained-20260902-f3945ac,S3-COLD-r04,2026-09-02T07:52:17.425093554Z,101.058217,19371119,168624128,206159872
retained-20260902-f3945ac,S3-COLD-r04,2026-09-02T07:52:17.434270785Z,110.235448,19389067,168624128,206069760
retained-20260902-f3945ac,S3-COLD-r04,2026-09-02T07:52:17.444472228Z,120.436891,19415952,168624128,206331904
retained-20260902-f3945ac,S3-COLD-r04,2026-09-02T07:52:17.454693638Z,130.658300,19433917,168624128,206331904
retained-20260902-f3945ac,S3-COLD-r04,2026-09-02T07:52:17.46492001Z,140.884672,19456340,168624128,206331904
retained-20260902-f3945ac,S3-COLD-r04,2026-09-02T07:52:17.475085425Z,151.050087,19456489,168624128,206331904
retained-20260902-f3945ac,S3-COLD-r04,2026-09-02T07:52:17.484238528Z,160.203191,19456627,168624128,206331904
retained-20260902-f3945ac,S3-COLD-r04,2026-09-02T07:52:17.494353467Z,170.318129,19456738,168853504,206331904
retained-20260902-f3945ac,S3-COLD-r04,2026-09-02T07:52:17.50458095Z,180.545612,19456913,168853504,206331904
retained-20260902-f3945ac,S3-COLD-r04,2026-09-02T07:52:17.514734606Z,190.699269,19457054,168853504,206594048
retained-20260902-f3945ac,S3-COLD-r04,2026-09-02T07:52:17.524943542Z,200.908205,19466681,168853504,206594048
retained-20260902-f3945ac,S3-COLD-r04,2026-09-02T07:52:17.535193334Z,211.157997,19493542,170000384,207433728
retained-20260902-f3945ac,S3-COLD-r04,2026-09-02T07:52:17.544470768Z,220.435430,19512914,189267968,227094528
retained-20260902-f3945ac,S3-COLD-r04,2026-09-02T07:52:17.554673473Z,230.638135,19530159,228491264,266940416
retained-20260902-f3945ac,S3-COLD-r04,2026-09-02T07:52:17.564905455Z,240.870113,19557394,258080768,296562688
retained-20260902-f3945ac,S3-COLD-r04,2026-09-02T07:52:17.575068242Z,251.032904,19562004,260145152,298659840
retained-20260902-f3945ac,S3-COLD-r04,2026-09-02T07:52:17.584227599Z,260.192261,19562180,260145152,298659840
retained-20260902-f3945ac,S3-COLD-r04,2026-09-02T07:52:17.594494675Z,270.459338,19562472,260145152,298659840
retained-20260902-f3945ac,S3-COLD-r04,2026-09-02T07:52:17.604717226Z,280.681889,19562696,260145152,298659840
retained-20260902-f3945ac,S3-COLD-r04,2026-09-02T07:52:17.614914504Z,290.879167,19562944,260145152,298659840
retained-20260902-f3945ac,S3-COLD-r04,2026-09-02T07:52:17.62516877Z,301.133432,19572949,273448960,312029184
retained-20260902-f3945ac,S3-COLD-r04,2026-09-02T07:52:17.63442441Z,310.389072,19591270,288358400,326467584
retained-20260902-f3945ac,S3-COLD-r04,2026-09-02T07:52:17.64464708Z,320.611743,19618190,288817152,326729728
retained-20260902-f3945ac,S3-COLD-r04,2026-09-02T07:52:17.654857043Z,330.821706,19645152,288817152,326991872
retained-20260902-f3945ac,S3-COLD-r04,2026-09-02T07:52:17.718571955Z,394.536618,19658961,289046528,327254016
retained-20260902-f3945ac,S3-COLD-r04,2026-09-02T07:52:17.724801365Z,400.766027,19668792,289046528,327254016
retained-20260902-f3945ac,S3-COLD-r04,2026-09-02T07:52:17.734997341Z,410.962003,19695704,289275904,327532544
retained-20260902-f3945ac,S3-COLD-r04,2026-09-02T07:52:17.74524367Z,421.208332,19713873,289734656,328318976
retained-20260902-f3945ac,S3-COLD-r04,2026-09-02T07:52:17.754458639Z,430.423302,19731835,290193408,328581120
retained-20260902-f3945ac,S3-COLD-r04,2026-09-02T07:52:17.764697279Z,440.661941,19754311,290193408,328581120
retained-20260902-f3945ac,S3-COLD-r04,2026-09-02T07:52:17.774987516Z,450.952179,19759025,290193408,328581120
retained-20260902-f3945ac,S3-COLD-r04,2026-09-02T07:52:17.785161528Z,461.126190,19759366,290193408,328581120
retained-20260902-f3945ac,S3-COLD-r04,2026-09-02T07:52:17.794373553Z,470.338215,19759504,290193408,328581120
retained-20260902-f3945ac,S3-COLD-r04,2026-09-02T07:52:17.80454836Z,480.513022,19759693,290422784,328581120
retained-20260902-f3945ac,S3-COLD-r04,2026-09-02T07:52:17.814708446Z,490.673108,19759868,290422784,328581120
retained-20260902-f3945ac,S3-COLD-r04,2026-09-02T07:52:17.824867522Z,500.832184,19769533,290881536,328843264
retained-20260902-f3945ac,S3-COLD-r04,2026-09-02T07:52:17.835095926Z,511.060588,19796543,291340288,329416704
retained-20260902-f3945ac,S3-COLD-r04,2026-09-02T07:52:17.844290857Z,520.255520,19814567,291340288,329416704
retained-20260902-f3945ac,S3-COLD-r04,2026-09-02T07:52:17.854432885Z,530.397549,19833157,293175296,331513856
retained-20260902-f3945ac,S3-COLD-r04,2026-09-02T07:52:17.864657209Z,540.621870,19855591,293175296,331513856
retained-20260902-f3945ac,S3-COLD-r04,2026-09-02T07:52:17.874861075Z,550.825737,19855724,293175296,331407360
retained-20260902-f3945ac,S3-COLD-r04,2026-09-02T07:52:17.885047623Z,561.012286,19855853,293175296,331407360
retained-20260902-f3945ac,S3-COLD-r04,2026-09-02T07:52:17.895256037Z,571.220699,19855997,293175296,331669504
retained-20260902-f3945ac,S3-COLD-r04,2026-09-02T07:52:17.904471273Z,580.435935,19856159,293175296,331669504
retained-20260902-f3945ac,S3-COLD-r04,2026-09-02T07:52:17.914601707Z,590.566370,19856282,293175296,331669504
retained-20260902-f3945ac,S3-COLD-r04,2026-09-02T07:52:17.924804157Z,600.768819,19865935,293175296,331669504
retained-20260902-f3945ac,S3-COLD-r04,2026-09-02T07:52:17.93497932Z,610.943977,19886409,247115776,285315072
retained-20260902-f3945ac,S3-COLD-r04,2026-09-02T07:52:17.945027774Z,620.992436,19897390,248721408,286801920
retained-20260902-f3945ac,S3-COLD-r04,2026-09-02T07:52:17.954202483Z,630.167146,19907378,201048064,243642368
retained-20260902-f3945ac,S3-COLD-r04,2026-09-02T07:52:17.960231596Z,636.196256,19922545,211828736,249958400
retained-20260902-f3945ac,S3-COLD-CONTROL-r04,2026-09-02T07:52:18.197242687Z,0.041015,20142712,58519552,95547392
retained-20260902-f3945ac,S3-COLD-CONTROL-r04,2026-09-02T07:52:18.207363433Z,10.161768,20153378,64483328,100790272
retained-20260902-f3945ac,S3-COLD-CONTROL-r04,2026-09-02T07:52:18.217852707Z,20.651041,20153775,64483328,100790272
retained-20260902-f3945ac,S3-COLD-CONTROL-r04,2026-09-02T07:52:18.228029211Z,30.827544,20163483,93843456,130207744
retained-20260902-f3945ac,S3-COLD-CONTROL-r04,2026-09-02T07:52:18.238277637Z,41.075969,20172694,114716672,151179264
retained-20260902-f3945ac,S3-COLD-CONTROL-r04,2026-09-02T07:52:18.247459768Z,50.258100,20186249,114716672,151179264
retained-20260902-f3945ac,S3-COLD-CONTROL-r04,2026-09-02T07:52:18.257683554Z,60.481891,20195356,114716672,151179264
retained-20260902-f3945ac,S3-COLD-CONTROL-r04,2026-09-02T07:52:18.267951129Z,70.749462,20208953,114716672,151437312
retained-20260902-f3945ac,S3-COLD-CONTROL-r04,2026-09-02T07:52:18.278139109Z,80.937441,20218068,114716672,151437312
retained-20260902-f3945ac,S3-COLD-CONTROL-r04,2026-09-02T07:52:18.288320245Z,91.118578,20231621,114716672,151437312
retained-20260902-f3945ac,S3-COLD-CONTROL-r04,2026-09-02T07:52:18.297538969Z,100.337301,20240670,114716672,151437312
retained-20260902-f3945ac,S3-COLD-CONTROL-r04,2026-09-02T07:52:18.307677044Z,110.475376,20254206,114716672,151437312
retained-20260902-f3945ac,S3-COLD-CONTROL-r04,2026-09-02T07:52:18.317884344Z,120.682677,20254379,114716672,151437312
retained-20260902-f3945ac,S3-COLD-CONTROL-r04,2026-09-02T07:52:18.328077847Z,130.876180,20263781,114716672,151437312
retained-20260902-f3945ac,S3-COLD-CONTROL-r04,2026-09-02T07:52:18.338228378Z,141.026711,20272994,128479232,165330944
retained-20260902-f3945ac,S3-COLD-CONTROL-r04,2026-09-02T07:52:18.347339408Z,150.137739,20286745,145223680,182370304
retained-20260902-f3945ac,S3-COLD-CONTROL-r04,2026-09-02T07:52:18.357630015Z,160.428347,20299202,164720640,201764864
retained-20260902-f3945ac,S3-COLD-CONTROL-r04,2026-09-02T07:52:18.367846515Z,170.644849,20309863,173895680,210677760
retained-20260902-f3945ac,S3-COLD-CONTROL-r04,2026-09-02T07:52:18.378060612Z,180.858945,20318982,173895680,210677760
retained-20260902-f3945ac,S3-COLD-CONTROL-r04,2026-09-02T07:52:18.388269107Z,191.067440,20332601,174125056,211202048
retained-20260902-f3945ac,S3-COLD-CONTROL-r04,2026-09-02T07:52:18.397498816Z,200.297149,20341694,174125056,211202048
retained-20260902-f3945ac,S3-COLD-CONTROL-r04,2026-09-02T07:52:18.407693046Z,210.491378,20350800,174125056,211202048
retained-20260902-f3945ac,S3-COLD-CONTROL-r04,2026-09-02T07:52:18.417936324Z,220.734656,20351065,174354432,211202048
retained-20260902-f3945ac,S3-COLD-CONTROL-r04,2026-09-02T07:52:18.428100918Z,230.899250,20360501,174813184,211722240
retained-20260902-f3945ac,S3-COLD-CONTROL-r04,2026-09-02T07:52:18.438307523Z,241.105856,20369633,174813184,211722240
retained-20260902-f3945ac,S3-COLD-CONTROL-r04,2026-09-02T07:52:18.447451295Z,250.249628,20383151,174813184,211722240
retained-20260902-f3945ac,S3-COLD-CONTROL-r04,2026-09-02T07:52:18.457598335Z,260.396668,20392234,175042560,212246528
retained-20260902-f3945ac,S3-COLD-CONTROL-r04,2026-09-02T07:52:18.467805453Z,270.603785,20405826,175042560,212246528
retained-20260902-f3945ac,S3-COLD-CONTROL-r04,2026-09-02T07:52:18.478027486Z,280.825818,20415002,175501312,212508672
retained-20260902-f3945ac,S3-COLD-CONTROL-r04,2026-09-02T07:52:18.488187318Z,290.985650,20428612,175501312,212508672
retained-20260902-f3945ac,S3-COLD-CONTROL-r04,2026-09-02T07:52:18.497358037Z,300.156364,20439337,176877568,214081536
retained-20260902-f3945ac,S3-COLD-CONTROL-r04,2026-09-02T07:52:18.507573391Z,310.371724,20451711,176877568,214081536
retained-20260902-f3945ac,S3-COLD-CONTROL-r04,2026-09-02T07:52:18.517771126Z,320.569459,20451872,176877568,214081536
retained-20260902-f3945ac,S3-COLD-CONTROL-r04,2026-09-02T07:52:18.527931526Z,330.729859,20461226,176877568,214081536
retained-20260902-f3945ac,S3-COLD-CONTROL-r04,2026-09-02T07:52:18.534883676Z,337.682008,20468535,128942080,166154240
retained-20260902-f3945ac,S3-WARM-r04,2026-09-02T07:52:19.060623802Z,0.043654,20995000,121249792,159645696
retained-20260902-f3945ac,S3-WARM-r04,2026-09-02T07:52:19.098835254Z,38.255102,20996920,121249792,159809536
retained-20260902-f3945ac,S3-WARM-r04,2026-09-02T07:52:19.110722236Z,50.142083,21005142,126984192,166072320
retained-20260902-f3945ac,S3-WARM-r04,2026-09-02T07:52:19.144903154Z,84.323002,21005142,126984192,166072320
retained-20260902-f3945ac,S3-WARM-r04,2026-09-02T07:52:19.151096521Z,90.516367,21014593,127672320,166318080
retained-20260902-f3945ac,S3-WARM-r04,2026-09-02T07:52:19.161362707Z,100.782676,21023929,127672320,166318080
retained-20260902-f3945ac,S3-WARM-r04,2026-09-02T07:52:19.17161698Z,111.036833,21037695,127672320,166318080
retained-20260902-f3945ac,S3-WARM-r04,2026-09-02T07:52:19.18081513Z,120.234998,21046924,127672320,166318080
retained-20260902-f3945ac,S3-WARM-r04,2026-09-02T07:52:19.191140933Z,130.560785,21060737,127672320,166207488
retained-20260902-f3945ac,S3-WARM-r04,2026-09-02T07:52:19.201315972Z,140.735824,21069850,127672320,166207488
retained-20260902-f3945ac,S3-WARM-r04,2026-09-02T07:52:19.21150938Z,150.929232,21083371,127672320,166207488
retained-20260902-f3945ac,S3-WARM-r04,2026-09-02T07:52:19.22166994Z,161.089792,21092425,127672320,166207488
retained-20260902-f3945ac,S3-WARM-r04,2026-09-02T07:52:19.230753589Z,170.173442,21105953,127672320,166207488
retained-20260902-f3945ac,S3-WARM-r04,2026-09-02T07:52:19.240938556Z,180.358409,21116196,129736704,168566784
retained-20260902-f3945ac,S3-WARM-r04,2026-09-02T07:52:19.251111545Z,190.531397,21128877,151756800,190324736
retained-20260902-f3945ac,S3-WARM-r04,2026-09-02T07:52:19.261330336Z,200.750188,21138230,171024384,209723392
retained-20260902-f3945ac,S3-WARM-r04,2026-09-02T07:52:19.27157716Z,210.997012,21152242,182493184,220995584
retained-20260902-f3945ac,S3-WARM-r04,2026-09-02T07:52:19.2817646Z,221.184452,21161321,182493184,220995584
retained-20260902-f3945ac,S3-WARM-r04,2026-09-02T07:52:19.291005808Z,230.425660,21174940,182493184,220995584
retained-20260902-f3945ac,S3-WARM-r04,2026-09-02T07:52:19.301194643Z,240.614496,21184074,182493184,220995584
retained-20260902-f3945ac,S3-WARM-r04,2026-09-02T07:52:19.311374402Z,250.794255,21188737,182493184,220995584
retained-20260902-f3945ac,S3-WARM-r04,2026-09-02T07:52:19.321592967Z,261.012820,21189256,182493184,220995584
retained-20260902-f3945ac,S3-WARM-r04,2026-09-02T07:52:19.330856578Z,270.276431,21202866,182493184,221257728
retained-20260902-f3945ac,S3-WARM-r04,2026-09-02T07:52:19.341040791Z,280.460644,21211941,182493184,221257728
retained-20260902-f3945ac,S3-WARM-r04,2026-09-02T07:52:19.351238815Z,290.658667,21225550,182493184,221253632
retained-20260902-f3945ac,S3-WARM-r04,2026-09-02T07:52:19.36146981Z,300.889662,21234700,182493184,221253632
retained-20260902-f3945ac,S3-WARM-r04,2026-09-02T07:52:19.371665768Z,311.085621,21248292,182493184,221253632
retained-20260902-f3945ac,S3-WARM-r04,2026-09-02T07:52:19.38092518Z,320.345032,21257449,182493184,221253632
retained-20260902-f3945ac,S3-WARM-r04,2026-09-02T07:52:19.39111175Z,330.531603,21271015,182493184,221253632
retained-20260902-f3945ac,S3-WARM-r04,2026-09-02T07:52:19.401271994Z,340.691846,21280150,182493184,221253632
retained-20260902-f3945ac,S3-WARM-r04,2026-09-02T07:52:19.411461011Z,350.880864,21289779,183869440,222826496
retained-20260902-f3945ac,S3-WARM-r04,2026-09-02T07:52:19.421657587Z,361.077439,21290245,183869440,222826496
retained-20260902-f3945ac,S3-WARM-r04,2026-09-02T07:52:19.430897151Z,370.317004,21303824,183869440,222826496
retained-20260902-f3945ac,S3-WARM-r04,2026-09-02T07:52:19.441107941Z,380.527793,21315066,135864320,174833664
retained-20260902-f3945ac,S3-WARM-r04,2026-09-02T07:52:19.450812256Z,390.232108,21329566,138387456,177434624
retained-20260902-f3945ac,S3-WARM-r04,2026-09-02T07:52:19.451874231Z,391.294083,21330445,135053312,173973504
retained-20260902-f3945ac,S3-WARM-CONTROL-r04,2026-09-02T07:52:19.983794599Z,0.019495,21862038,119869440,157511680
retained-20260902-f3945ac,S3-WARM-CONTROL-r04,2026-09-02T07:52:19.984942061Z,1.166964,21863406,120786944,157835264
retained-20260902-f3945ac,F2-r04,2026-09-02T07:52:20.022481451Z,0.054781,21893861,33488896,79405056
retained-20260902-f3945ac,F2-r04,2026-09-02T07:52:20.032616673Z,10.189983,21898364,38535168,83861504
retained-20260902-f3945ac,F2-r04,2026-09-02T07:52:20.042798525Z,20.371834,21898487,38535168,83861504
retained-20260902-f3945ac,F2-r04,2026-09-02T07:52:20.05299225Z,30.565560,21898629,38535168,83861504
retained-20260902-f3945ac,F2-r04,2026-09-02T07:52:20.063145116Z,40.718425,21898774,38535168,83861504
retained-20260902-f3945ac,F2-r04,2026-09-02T07:52:20.073332785Z,50.906095,21898916,38535168,83861504
retained-20260902-f3945ac,F2-r04,2026-09-02T07:52:20.08347294Z,61.046249,21899040,38535168,83861504
retained-20260902-f3945ac,F2-r04,2026-09-02T07:52:20.092597779Z,70.171088,21899135,38535168,83861504
retained-20260902-f3945ac,F2-r04,2026-09-02T07:52:20.102727868Z,80.301177,21899273,38535168,83861504
retained-20260902-f3945ac,F2-r04,2026-09-02T07:52:20.112898777Z,90.472086,21899434,38535168,83861504
retained-20260902-f3945ac,F2-r04,2026-09-02T07:52:20.123063834Z,100.637143,21899558,38535168,83861504
retained-20260902-f3945ac,F2-r04,2026-09-02T07:52:20.133214193Z,110.787503,21899700,38535168,83861504
retained-20260902-f3945ac,F2-r04,2026-09-02T07:52:20.143422702Z,120.996010,21899836,38535168,83861504
retained-20260902-f3945ac,F2-r04,2026-09-02T07:52:20.153598305Z,131.171615,21899989,38535168,83861504
retained-20260902-f3945ac,F2-r04,2026-09-02T07:52:20.162791258Z,140.364567,21900135,38535168,83861504
retained-20260902-f3945ac,F2-r04,2026-09-02T07:52:20.172994427Z,150.567736,21900306,38535168,83861504
retained-20260902-f3945ac,F2-r04,2026-09-02T07:52:20.183142417Z,160.715735,21900439,38535168,83861504
retained-20260902-f3945ac,F2-r04,2026-09-02T07:52:20.193288267Z,170.861576,21900567,38535168,83861504
retained-20260902-f3945ac,F2-r04,2026-09-02T07:52:20.203455042Z,181.028351,21900696,38535168,83861504
retained-20260902-f3945ac,F2-r04,2026-09-02T07:52:20.212570683Z,190.143992,21900802,38535168,83861504
retained-20260902-f3945ac,F2-r04,2026-09-02T07:52:20.222812007Z,200.385316,21900982,38535168,83861504
retained-20260902-f3945ac,F2-r04,2026-09-02T07:52:20.233019277Z,210.592587,21901135,38535168,83861504
retained-20260902-f3945ac,F2-r04,2026-09-02T07:52:20.243114711Z,220.688020,21901250,38535168,83861504
retained-20260902-f3945ac,F2-r04,2026-09-02T07:52:20.253262198Z,230.835508,21901376,38535168,83861504
retained-20260902-f3945ac,F2-r04,2026-09-02T07:52:20.263473758Z,241.047067,21901538,38535168,83861504
retained-20260902-f3945ac,F2-r04,2026-09-02T07:52:20.27256569Z,250.138999,21901680,38535168,83861504
retained-20260902-f3945ac,F2-r04,2026-09-02T07:52:20.282717798Z,260.291107,21901838,38535168,83861504
retained-20260902-f3945ac,F2-r04,2026-09-02T07:52:20.292883111Z,270.456420,21902073,38535168,83861504
retained-20260902-f3945ac,F2-r04,2026-09-02T07:52:20.303077303Z,280.650613,21902311,38535168,83861504
retained-20260902-f3945ac,F2-r04,2026-09-02T07:52:20.31328468Z,290.857990,21902465,38535168,83861504
retained-20260902-f3945ac,F2-r04,2026-09-02T07:52:20.323467702Z,301.041012,21902594,38535168,83861504
retained-20260902-f3945ac,F2-r04,2026-09-02T07:52:20.332582502Z,310.155812,21902721,38535168,83861504
retained-20260902-f3945ac,F2-r04,2026-09-02T07:52:20.342754094Z,320.327403,21902898,38535168,83861504
retained-20260902-f3945ac,F2-r04,2026-09-02T07:52:20.352942726Z,330.516036,21903010,38535168,83861504
retained-20260902-f3945ac,F2-r04,2026-09-02T07:52:20.363094706Z,340.668016,21903173,38535168,83861504
retained-20260902-f3945ac,F2-r04,2026-09-02T07:52:20.373286037Z,350.859346,21903316,38535168,83861504
retained-20260902-f3945ac,F2-r04,2026-09-02T07:52:20.383472616Z,361.045925,21903444,38535168,83861504
retained-20260902-f3945ac,F2-r04,2026-09-02T07:52:20.393607555Z,371.180865,21903570,38535168,83861504
retained-20260902-f3945ac,F2-r04,2026-09-02T07:52:20.402795996Z,380.369307,21903701,38535168,83861504
retained-20260902-f3945ac,F2-r04,2026-09-02T07:52:20.412958323Z,390.531632,21903861,38535168,83861504
retained-20260902-f3945ac,F2-r04,2026-09-02T07:52:20.423124486Z,400.697796,21903986,38535168,83861504
retained-20260902-f3945ac,F2-r04,2026-09-02T07:52:20.433277221Z,410.850530,21904130,38535168,83861504
retained-20260902-f3945ac,F2-r04,2026-09-02T07:52:20.443491439Z,421.064748,21904284,38535168,83861504
retained-20260902-f3945ac,F2-r04,2026-09-02T07:52:20.452707299Z,430.280607,21904439,38535168,83861504
retained-20260902-f3945ac,F2-r04,2026-09-02T07:52:20.462966471Z,440.539802,21904626,38535168,83861504
retained-20260902-f3945ac,F2-r04,2026-09-02T07:52:20.473367478Z,450.940787,21904968,38535168,83861504
retained-20260902-f3945ac,F2-r04,2026-09-02T07:52:20.483541322Z,461.114632,21905229,38535168,83861504
retained-20260902-f3945ac,F2-r04,2026-09-02T07:52:20.492779963Z,470.353272,21905432,38535168,83861504
retained-20260902-f3945ac,F2-r04,2026-09-02T07:52:20.502997674Z,480.570984,21905639,38535168,83861504
retained-20260902-f3945ac,F2-r04,2026-09-02T07:52:20.513142236Z,490.715545,21905777,38764544,83861504
retained-20260902-f3945ac,F2-r04,2026-09-02T07:52:20.523311913Z,500.885222,21905915,38764544,83861504
retained-20260902-f3945ac,F2-r04,2026-09-02T07:52:20.527312018Z,504.885327,21906986,38764544,83861504
retained-20260902-f3945ac,S4-4-r04,2026-09-02T07:52:21.376217308Z,0.115056,22766654,33259520,184569856
retained-20260902-f3945ac,S4-4-r04,2026-09-02T07:52:21.39880957Z,22.707310,22771925,35094528,185937920
retained-20260902-f3945ac,S4-4-r04,2026-09-02T07:52:21.406793125Z,30.690871,22811611,37158912,261697536
retained-20260902-f3945ac,S4-4-r04,2026-09-02T07:52:21.417026627Z,40.924373,22820751,37158912,287649792
retained-20260902-f3945ac,S4-4-r04,2026-09-02T07:52:21.427149729Z,51.047476,22857585,37158912,385429504
retained-20260902-f3945ac,S4-4-r04,2026-09-02T07:52:21.436364268Z,60.262015,22893344,37158912,409022464
retained-20260902-f3945ac,S4-4-r04,2026-09-02T07:52:21.446597599Z,70.495346,22924715,37158912,409022464
retained-20260902-f3945ac,S4-4-r04,2026-09-02T07:52:21.456815305Z,80.713051,22924900,37158912,409022464
retained-20260902-f3945ac,S4-4-r04,2026-09-02T07:52:21.518562648Z,142.460394,22925260,37158912,409022464
retained-20260902-f3945ac,S4-4-r04,2026-09-02T07:52:21.52673771Z,150.635472,22961876,37158912,409022464
retained-20260902-f3945ac,S4-4-r04,2026-09-02T07:52:21.537036487Z,160.934233,22997669,37388288,409022464
retained-20260902-f3945ac,S4-4-r04,2026-09-02T07:52:21.547205348Z,171.103094,23020103,37388288,409022464
retained-20260902-f3945ac,S4-4-r04,2026-09-02T07:52:21.557363606Z,181.261354,23020263,37388288,409022464
retained-20260902-f3945ac,S4-4-r04,2026-09-02T07:52:21.566526232Z,190.423978,23020386,37388288,409022464
retained-20260902-f3945ac,S4-4-r04,2026-09-02T07:52:21.576712307Z,200.610053,23020524,37388288,409022464
retained-20260902-f3945ac,S4-4-r04,2026-09-02T07:52:21.586891102Z,210.788848,23020664,37388288,409022464
retained-20260902-f3945ac,S4-4-r04,2026-09-02T07:52:21.59705714Z,220.954886,23020816,37388288,408793088
retained-20260902-f3945ac,S4-4-r04,2026-09-02T07:52:21.60719233Z,231.090077,23020962,37388288,408793088
retained-20260902-f3945ac,S4-4-r04,2026-09-02T07:52:21.616328639Z,240.226384,23021083,37388288,408793088
retained-20260902-f3945ac,S4-4-r04,2026-09-02T07:52:21.626462935Z,250.360686,23040090,37388288,408793088
retained-20260902-f3945ac,S4-4-r04,2026-09-02T07:52:21.636665882Z,260.563628,23093703,37388288,408793088
retained-20260902-f3945ac,S4-4-r04,2026-09-02T07:52:21.646852592Z,270.750339,23125034,37388288,408793088
retained-20260902-f3945ac,S4-4-r04,2026-09-02T07:52:21.657079506Z,280.977253,23125198,37388288,408793088
retained-20260902-f3945ac,S4-4-r04,2026-09-02T07:52:21.718602433Z,342.500179,23125490,37388288,408793088
retained-20260902-f3945ac,S4-4-r04,2026-09-02T07:52:21.726824791Z,350.722539,23160524,37388288,408793088
retained-20260902-f3945ac,S4-4-r04,2026-09-02T07:52:21.736984228Z,360.881975,23194416,37388288,408793088
retained-20260902-f3945ac,S4-4-r04,2026-09-02T07:52:21.747248026Z,371.145773,23219952,37388288,414560256
retained-20260902-f3945ac,S4-4-r04,2026-09-02T07:52:21.756371933Z,380.269680,23220051,37388288,414560256
retained-20260902-f3945ac,S4-4-r04,2026-09-02T07:52:21.766487261Z,390.385008,23220199,37388288,414560256
retained-20260902-f3945ac,S4-4-r04,2026-09-02T07:52:21.776556295Z,400.454043,23220333,37388288,414560256
retained-20260902-f3945ac,S4-4-r04,2026-09-02T07:52:21.786664424Z,410.562171,23220503,37388288,414560256
retained-20260902-f3945ac,S4-4-r04,2026-09-02T07:52:21.796801489Z,420.699236,23220649,37388288,414560256
retained-20260902-f3945ac,S4-4-r04,2026-09-02T07:52:21.806965705Z,430.863452,23220810,37388288,414560256
retained-20260902-f3945ac,S4-4-r04,2026-09-02T07:52:21.817147869Z,441.045616,23220940,37617664,414371840
retained-20260902-f3945ac,S4-4-r04,2026-09-02T07:52:21.827344708Z,451.242455,23256276,37617664,439009280
retained-20260902-f3945ac,S4-4-r04,2026-09-02T07:52:21.836494452Z,460.392223,23291020,37617664,472301568
retained-20260902-f3945ac,S4-4-r04,2026-09-02T07:52:21.846937925Z,470.835673,23321560,37617664,501661696
retained-20260902-f3945ac,S4-4-r04,2026-09-02T07:52:21.857123966Z,481.021713,23321723,37617664,501661696
retained-20260902-f3945ac,S4-4-r04,2026-09-02T07:52:21.867241202Z,491.138949,23321838,37617664,501399552
retained-20260902-f3945ac,S4-4-r04,2026-09-02T07:52:21.876362347Z,500.260089,23321903,37617664,501313536
retained-20260902-f3945ac,S4-4-r04,2026-09-02T07:52:21.886476337Z,510.374082,23321979,37617664,501313536
retained-20260902-f3945ac,S4-4-r04,2026-09-02T07:52:21.89656833Z,520.466072,23322069,37617664,501313536
retained-20260902-f3945ac,S4-4-r04,2026-09-02T07:52:21.906706707Z,530.604449,23322176,37617664,501313536
retained-20260902-f3945ac,S4-4-r04,2026-09-02T07:52:21.916786033Z,540.683775,23322257,37617664,501313536
retained-20260902-f3945ac,S4-4-r04,2026-09-02T07:52:21.9270145Z,550.912248,23358268,37617664,554004480
retained-20260902-f3945ac,S4-4-r04,2026-09-02T07:52:21.937161464Z,561.059210,23393222,37617664,602759168
retained-20260902-f3945ac,S4-4-r04,2026-09-02T07:52:21.946349136Z,570.246884,23423321,37617664,618225664
retained-20260902-f3945ac,S4-4-r04,2026-09-02T07:52:21.956479014Z,580.376761,23423521,37617664,618225664
retained-20260902-f3945ac,S4-4-r04,2026-09-02T07:52:22.018658892Z,642.556640,23423955,37617664,618749952
retained-20260902-f3945ac,S4-4-r04,2026-09-02T07:52:22.026798005Z,650.695753,23459172,37617664,641552384
retained-20260902-f3945ac,S4-4-r04,2026-09-02T07:52:22.037008282Z,660.906029,23493389,37617664,648630272
retained-20260902-f3945ac,S4-4-r04,2026-09-02T07:52:22.047170776Z,671.068523,23518933,37617664,648376320
retained-20260902-f3945ac,S4-4-r04,2026-09-02T07:52:22.057267946Z,681.165693,23519097,37617664,648376320
retained-20260902-f3945ac,S4-4-r04,2026-09-02T07:52:22.066427663Z,690.325411,23519215,37617664,648376320
retained-20260902-f3945ac,S4-4-r04,2026-09-02T07:52:22.076523125Z,700.420872,23519344,37617664,648376320
retained-20260902-f3945ac,S4-4-r04,2026-09-02T07:52:22.086635884Z,710.533632,23519476,37617664,648376320
retained-20260902-f3945ac,S4-4-r04,2026-09-02T07:52:22.096829146Z,720.726894,23519665,37617664,648376320
retained-20260902-f3945ac,S4-4-r04,2026-09-02T07:52:22.118567977Z,742.465724,23519869,37847040,648376320
retained-20260902-f3945ac,S4-4-r04,2026-09-02T07:52:22.126816434Z,750.714180,23555067,37847040,648900608
retained-20260902-f3945ac,S4-4-r04,2026-09-02T07:52:22.137046617Z,760.944364,23590941,37847040,649949184
retained-20260902-f3945ac,S4-4-r04,2026-09-02T07:52:22.14727638Z,771.174127,23622315,37847040,650211328
retained-20260902-f3945ac,S4-4-r04,2026-09-02T07:52:22.156443726Z,780.341472,23622575,37847040,650211328
retained-20260902-f3945ac,S4-4-r04,2026-09-02T07:52:22.166610912Z,790.508653,23622698,37847040,650211328
retained-20260902-f3945ac,S4-4-r04,2026-09-02T07:52:22.176790613Z,800.688353,23622793,37847040,650211328
retained-20260902-f3945ac,S4-4-r04,2026-09-02T07:52:22.18694617Z,810.843917,23622899,37847040,650211328
retained-20260902-f3945ac,S4-4-r04,2026-09-02T07:52:22.19710715Z,821.004891,23622979,37847040,650211328
retained-20260902-f3945ac,S4-4-r04,2026-09-02T07:52:22.207214594Z,831.112335,23623064,37847040,650211328
retained-20260902-f3945ac,S4-4-r04,2026-09-02T07:52:22.216335431Z,840.233177,23623137,37847040,650211328
retained-20260902-f3945ac,S4-4-r04,2026-09-02T07:52:22.226516459Z,850.414206,23642152,37847040,650473472
retained-20260902-f3945ac,S4-4-r04,2026-09-02T07:52:22.236751555Z,860.649303,23695856,37847040,650473472
retained-20260902-f3945ac,S4-4-r04,2026-09-02T07:52:22.246994177Z,870.891923,23718315,37847040,650735616
retained-20260902-f3945ac,S4-4-r04,2026-09-02T07:52:22.257134213Z,881.031959,23718495,37847040,650735616
retained-20260902-f3945ac,S4-4-r04,2026-09-02T07:52:22.267283098Z,891.180844,23718662,37847040,650735616
retained-20260902-f3945ac,S4-4-r04,2026-09-02T07:52:22.276492698Z,900.390444,23718804,37847040,650735616
retained-20260902-f3945ac,S4-4-r04,2026-09-02T07:52:22.286683211Z,910.580958,23718970,38076416,650735616
retained-20260902-f3945ac,S4-4-r04,2026-09-02T07:52:22.296899418Z,920.797165,23719150,38076416,650735616
retained-20260902-f3945ac,S4-4-r04,2026-09-02T07:52:22.307065438Z,930.963186,23719295,38076416,650735616
retained-20260902-f3945ac,S4-4-r04,2026-09-02T07:52:22.317223263Z,941.121010,23719469,38076416,650735616
retained-20260902-f3945ac,S4-4-r04,2026-09-02T07:52:22.326455431Z,950.353177,23738533,38076416,652042240
retained-20260902-f3945ac,S4-4-r04,2026-09-02T07:52:22.336759623Z,960.657371,23792279,38076416,652304384
retained-20260902-f3945ac,S4-4-r04,2026-09-02T07:52:22.34698975Z,970.887496,23823721,38076416,652828672
retained-20260902-f3945ac,S4-4-r04,2026-09-02T07:52:22.357213463Z,981.111204,23823882,38076416,652828672
retained-20260902-f3945ac,S4-4-r04,2026-09-02T07:52:22.366341829Z,990.239570,23823998,38076416,652828672
retained-20260902-f3945ac,S4-4-r04,2026-09-02T07:52:22.37654384Z,1000.441581,23824155,38076416,652828672
retained-20260902-f3945ac,S4-4-r04,2026-09-02T07:52:22.38674893Z,1010.646672,23824332,38076416,652828672
retained-20260902-f3945ac,S4-4-r04,2026-09-02T07:52:22.396942887Z,1020.840634,23824430,38076416,652828672
retained-20260902-f3945ac,S4-4-r04,2026-09-02T07:52:22.407095881Z,1030.993621,23824555,38076416,652828672
retained-20260902-f3945ac,S4-4-r04,2026-09-02T07:52:22.418561291Z,1042.459038,23824720,38076416,652828672
retained-20260902-f3945ac,S4-4-r04,2026-09-02T07:52:22.426720537Z,1050.618283,23861688,38076416,653352960
retained-20260902-f3945ac,S4-4-r04,2026-09-02T07:52:22.436931439Z,1060.829186,23897557,38076416,653877248
retained-20260902-f3945ac,S4-4-r04,2026-09-02T07:52:22.447156332Z,1071.054079,23920064,38305792,653967360
retained-20260902-f3945ac,S4-4-r04,2026-09-02T07:52:22.456351296Z,1080.249043,23920264,38305792,653967360
retained-20260902-f3945ac,S4-4-r04,2026-09-02T07:52:22.466563126Z,1090.460873,23920424,38305792,653172736
retained-20260902-f3945ac,S4-4-r04,2026-09-02T07:52:22.476725036Z,1100.622782,23920589,38305792,653434880
retained-20260902-f3945ac,S4-4-r04,2026-09-02T07:52:22.486891324Z,1110.789070,23920708,38305792,653434880
retained-20260902-f3945ac,S4-4-r04,2026-09-02T07:52:22.497056023Z,1120.953769,23920809,38305792,653438976
retained-20260902-f3945ac,S4-4-r04,2026-09-02T07:52:22.507210316Z,1131.108062,23920967,38305792,653438976
retained-20260902-f3945ac,S4-4-r04,2026-09-02T07:52:22.516363691Z,1140.261437,23921104,38305792,653438976
retained-20260902-f3945ac,S4-4-r04,2026-09-02T07:52:22.526534964Z,1150.432710,23944436,38305792,655798272
retained-20260902-f3945ac,S4-4-r04,2026-09-02T07:52:22.536789542Z,1160.687290,23994959,38305792,657158144
retained-20260902-f3945ac,S4-4-r04,2026-09-02T07:52:22.546958416Z,1170.856163,24026328,38305792,657158144
retained-20260902-f3945ac,S4-4-r04,2026-09-02T07:52:22.557153333Z,1181.051079,24026492,38305792,657158144
retained-20260902-f3945ac,S4-4-r04,2026-09-02T07:52:22.567353681Z,1191.251427,24026645,38305792,657158144
retained-20260902-f3945ac,S4-4-r04,2026-09-02T07:52:22.618574475Z,1242.472222,24026818,38305792,657158144
retained-20260902-f3945ac,S4-4-r04,2026-09-02T07:52:22.626740032Z,1250.637778,24063964,38305792,612569088
retained-20260902-f3945ac,S4-4-r04,2026-09-02T07:52:22.636388673Z,1260.286415,24099027,38326272,564842496
retained-20260902-f3945ac,S4-4-r04,2026-09-02T07:52:22.646366542Z,1270.264289,24114657,38088704,564420608
retained-20260902-f3945ac,S4-4-r04,2026-09-02T07:52:22.718603399Z,1342.501150,24115201,37535744,563666944
retained-20260902-f3945ac,S4-4-r04,2026-09-02T07:52:22.726424206Z,1350.321947,24134586,36757504,467066880
retained-20260902-f3945ac,S4-4-r04,2026-09-02T07:52:22.72716024Z,1351.057986,24136913,36757504,467050496
retained-20260902-f3945ac,S4-2-r04,2026-09-02T07:52:23.232417705Z,0.089943,24613004,33259520,129867776
retained-20260902-f3945ac,S4-2-r04,2026-09-02T07:52:23.274819359Z,42.491583,24617643,35323904,132444160
retained-20260902-f3945ac,S4-2-r04,2026-09-02T07:52:23.283320242Z,50.992473,24642754,37388288,184348672
retained-20260902-f3945ac,S4-2-r04,2026-09-02T07:52:23.293553798Z,61.226027,24660800,37388288,246476800
retained-20260902-f3945ac,S4-2-r04,2026-09-02T07:52:23.302801123Z,70.473353,24687677,37388288,246476800
retained-20260902-f3945ac,S4-2-r04,2026-09-02T07:52:23.313060217Z,80.732450,24705653,37388288,246476800
retained-20260902-f3945ac,S4-2-r04,2026-09-02T07:52:23.323165879Z,90.838108,24719700,37388288,246476800
retained-20260902-f3945ac,S4-2-r04,2026-09-02T07:52:23.333385171Z,101.057400,24737643,37388288,246476800
retained-20260902-f3945ac,S4-2-r04,2026-09-02T07:52:23.343615424Z,111.287653,24764519,37388288,246231040
retained-20260902-f3945ac,S4-2-r04,2026-09-02T07:52:23.352787268Z,120.459497,24782413,37388288,245862400
retained-20260902-f3945ac,S4-2-r04,2026-09-02T07:52:23.362979141Z,130.651371,24809247,37388288,245862400
retained-20260902-f3945ac,S4-2-r04,2026-09-02T07:52:23.37314886Z,140.821090,24809403,37388288,245862400
retained-20260902-f3945ac,S4-2-r04,2026-09-02T07:52:23.383274814Z,150.947043,24809556,37388288,245862400
retained-20260902-f3945ac,S4-2-r04,2026-09-02T07:52:23.3933804Z,161.052630,24809686,37388288,245862400
retained-20260902-f3945ac,S4-2-r04,2026-09-02T07:52:23.418561144Z,186.233373,24809842,37388288,245862400
retained-20260902-f3945ac,S4-2-r04,2026-09-02T07:52:23.422830257Z,190.502487,24819472,37388288,245862400
retained-20260902-f3945ac,S4-2-r04,2026-09-02T07:52:23.433051431Z,200.723659,24837418,37388288,245862400
retained-20260902-f3945ac,S4-2-r04,2026-09-02T07:52:23.443182372Z,210.854600,24864460,37617664,260804608
retained-20260902-f3945ac,S4-2-r04,2026-09-02T07:52:23.453383558Z,221.055788,24882986,37847040,295145472
retained-20260902-f3945ac,S4-2-r04,2026-09-02T07:52:23.463545899Z,231.218129,24910280,37847040,327127040
retained-20260902-f3945ac,S4-2-r04,2026-09-02T07:52:23.472767572Z,240.439801,24910435,37847040,327127040
retained-20260902-f3945ac,S4-2-r04,2026-09-02T07:52:23.518585359Z,286.257587,24910638,37847040,327651328
retained-20260902-f3945ac,S4-2-r04,2026-09-02T07:52:23.522764266Z,290.436495,24920844,37847040,342331392
retained-20260902-f3945ac,S4-2-r04,2026-09-02T07:52:23.532978026Z,300.650255,24939329,37847040,363827200
retained-20260902-f3945ac,S4-2-r04,2026-09-02T07:52:23.543146481Z,310.818710,24966247,37847040,363827200
retained-20260902-f3945ac,S4-2-r04,2026-09-02T07:52:23.553370961Z,321.043190,24984243,37847040,364351488
retained-20260902-f3945ac,S4-2-r04,2026-09-02T07:52:23.563581128Z,331.253358,25011131,37847040,364875776
retained-20260902-f3945ac,S4-2-r04,2026-09-02T07:52:23.572742656Z,340.414885,25011279,37847040,364875776
retained-20260902-f3945ac,S4-2-r04,2026-09-02T07:52:23.618584478Z,386.256730,25011529,37847040,365133824
retained-20260902-f3945ac,S4-2-r04,2026-09-02T07:52:23.622904567Z,390.576796,25021334,37847040,365379584
retained-20260902-f3945ac,S4-2-r04,2026-09-02T07:52:23.633082461Z,400.754691,25039387,37847040,365641728
retained-20260902-f3945ac,S4-2-r04,2026-09-02T07:52:23.643381049Z,411.053278,25066259,37847040,365903872
retained-20260902-f3945ac,S4-2-r04,2026-09-02T07:52:23.652558573Z,420.230802,25084258,37847040,365903872
retained-20260902-f3945ac,S4-2-r04,2026-09-02T07:52:23.662800236Z,430.472465,25106835,37847040,366690304
retained-20260902-f3945ac,S4-2-r04,2026-09-02T07:52:23.672970118Z,440.642348,25111477,37847040,366690304
retained-20260902-f3945ac,S4-2-r04,2026-09-02T07:52:23.683076879Z,450.749108,25111620,37847040,366690304
retained-20260902-f3945ac,S4-2-r04,2026-09-02T07:52:23.693242521Z,460.914750,25111793,37847040,366551040
retained-20260902-f3945ac,S4-2-r04,2026-09-02T07:52:23.703422875Z,471.095105,25111936,37847040,366551040
retained-20260902-f3945ac,S4-2-r04,2026-09-02T07:52:23.718543356Z,486.215586,25112092,37847040,366551040
retained-20260902-f3945ac,S4-2-r04,2026-09-02T07:52:23.722757664Z,490.429894,25121804,37847040,366551040
retained-20260902-f3945ac,S4-2-r04,2026-09-02T07:52:23.732929364Z,500.601593,25139747,37847040,366551040
retained-20260902-f3945ac,S4-2-r04,2026-09-02T07:52:23.743090301Z,510.762530,25166602,37847040,367337472
retained-20260902-f3945ac,S4-2-r04,2026-09-02T07:52:23.753299137Z,520.971367,25184587,37847040,367337472
retained-20260902-f3945ac,S4-2-r04,2026-09-02T07:52:23.818573623Z,586.245852,25206722,37847040,369532928
retained-20260902-f3945ac,S4-2-r04,2026-09-02T07:52:23.822730283Z,590.402511,25216725,37847040,370581504
retained-20260902-f3945ac,S4-2-r04,2026-09-02T07:52:23.832939965Z,600.612194,25234667,37847040,370581504
retained-20260902-f3945ac,S4-2-r04,2026-09-02T07:52:23.843112533Z,610.784762,25260182,37847040,274325504
retained-20260902-f3945ac,S4-2-r04,2026-09-02T07:52:23.85041875Z,618.090979,25279972,38432768,275144704
retained-20260902-f3945ac,S3-COLD-CONTROL-r05,2026-09-02T07:52:24.122986093Z,0.088035,25512806,59047936,97079296
retained-20260902-f3945ac,S3-COLD-CONTROL-r05,2026-09-02T07:52:24.133523298Z,10.625229,25523653,92536832,130097152
retained-20260902-f3945ac,S3-COLD-CONTROL-r05,2026-09-02T07:52:24.143722521Z,20.824452,25537363,112721920,150544384
retained-20260902-f3945ac,S3-COLD-CONTROL-r05,2026-09-02T07:52:24.15410667Z,31.208602,25546595,112721920,150544384
retained-20260902-f3945ac,S3-COLD-CONTROL-r05,2026-09-02T07:52:24.16336354Z,40.465471,25560188,112721920,150351872
retained-20260902-f3945ac,S3-COLD-CONTROL-r05,2026-09-02T07:52:24.173583343Z,50.685273,25569308,112721920,150351872
retained-20260902-f3945ac,S3-COLD-CONTROL-r05,2026-09-02T07:52:24.183803636Z,60.905575,25582864,112721920,150351872
retained-20260902-f3945ac,S3-COLD-CONTROL-r05,2026-09-02T07:52:24.193986882Z,71.088812,25591929,112721920,150351872
retained-20260902-f3945ac,S3-COLD-CONTROL-r05,2026-09-02T07:52:24.203181879Z,80.283809,25605491,112721920,150351872
retained-20260902-f3945ac,S3-COLD-CONTROL-r05,2026-09-02T07:52:24.213342929Z,90.444859,25605706,112721920,150351872
retained-20260902-f3945ac,S3-COLD-CONTROL-r05,2026-09-02T07:52:24.223549617Z,100.651546,25610640,112721920,150351872
retained-20260902-f3945ac,S3-COLD-CONTROL-r05,2026-09-02T07:52:24.233733215Z,110.835146,25619713,112721920,150351872
retained-20260902-f3945ac,S3-COLD-CONTROL-r05,2026-09-02T07:52:24.243925005Z,121.026936,25633405,117997568,155594752
retained-20260902-f3945ac,S3-COLD-CONTROL-r05,2026-09-02T07:52:24.253075017Z,130.176947,25642665,135430144,173158400
retained-20260902-f3945ac,S3-COLD-CONTROL-r05,2026-09-02T07:52:24.263275473Z,140.377403,25656465,154468352,192032768
retained-20260902-f3945ac,S3-COLD-CONTROL-r05,2026-09-02T07:52:24.273481148Z,150.583079,25665725,166854656,204615680
retained-20260902-f3945ac,S3-COLD-CONTROL-r05,2026-09-02T07:52:24.28365895Z,160.760880,25679280,166854656,204615680
retained-20260902-f3945ac,S3-COLD-CONTROL-r05,2026-09-02T07:52:24.293866626Z,170.968557,25688394,166854656,204615680
retained-20260902-f3945ac,S3-COLD-CONTROL-r05,2026-09-02T07:52:24.304054259Z,181.156190,25701989,167313408,204877824
retained-20260902-f3945ac,S3-COLD-CONTROL-r05,2026-09-02T07:52:24.313215714Z,190.317644,25706636,167313408,204283904
retained-20260902-f3945ac,S3-COLD-CONTROL-r05,2026-09-02T07:52:24.323310524Z,200.412454,25711572,167313408,204541952
retained-20260902-f3945ac,S3-COLD-CONTROL-r05,2026-09-02T07:52:24.333519689Z,210.621620,25720672,167542784,205066240
retained-20260902-f3945ac,S3-COLD-CONTROL-r05,2026-09-02T07:52:24.343705819Z,220.807750,25734654,167542784,205066240
retained-20260902-f3945ac,S3-COLD-CONTROL-r05,2026-09-02T07:52:24.353933239Z,231.035169,25743828,167542784,205066240
retained-20260902-f3945ac,S3-COLD-CONTROL-r05,2026-09-02T07:52:24.363105533Z,240.207463,25757370,168001536,205328384
retained-20260902-f3945ac,S3-COLD-CONTROL-r05,2026-09-02T07:52:24.373314894Z,250.416825,25766479,168001536,205328384
retained-20260902-f3945ac,S3-COLD-CONTROL-r05,2026-09-02T07:52:24.383496346Z,260.598277,25780032,168460288,205852672
retained-20260902-f3945ac,S3-COLD-CONTROL-r05,2026-09-02T07:52:24.393730119Z,270.832049,25789132,168460288,205852672
retained-20260902-f3945ac,S3-COLD-CONTROL-r05,2026-09-02T07:52:24.403943822Z,281.045752,25803101,170524672,207949824
retained-20260902-f3945ac,S3-COLD-CONTROL-r05,2026-09-02T07:52:24.414125471Z,291.227402,25807729,170524672,207998976
retained-20260902-f3945ac,S3-COLD-CONTROL-r05,2026-09-02T07:52:24.423274989Z,300.376920,25812652,170983424,208502784
retained-20260902-f3945ac,S3-COLD-CONTROL-r05,2026-09-02T07:52:24.433452974Z,310.554903,25824651,171671552,209027072
retained-20260902-f3945ac,S3-COLD-CONTROL-r05,2026-09-02T07:52:24.438416189Z,315.518120,25828007,123547648,161095680
retained-20260902-f3945ac,S3-COLD-r05,2026-09-02T07:52:24.657006232Z,0.121557,26048742,58724352,93020160
retained-20260902-f3945ac,S3-COLD-r05,2026-09-02T07:52:24.678828428Z,21.943737,26050909,60559360,94392320
retained-20260902-f3945ac,S3-COLD-r05,2026-09-02T07:52:24.696639498Z,39.754812,26058444,67899392,102518784
retained-20260902-f3945ac,S3-COLD-r05,2026-09-02T07:52:24.708952176Z,52.067484,26058444,67899392,102518784
retained-20260902-f3945ac,S3-COLD-r05,2026-09-02T07:52:24.721284811Z,64.400126,26082109,143134720,178540544
retained-20260902-f3945ac,S3-COLD-r05,2026-09-02T07:52:24.727616814Z,70.732130,26100245,167677952,202657792
retained-20260902-f3945ac,S3-COLD-r05,2026-09-02T07:52:24.737826348Z,80.941663,26118244,167677952,202657792
retained-20260902-f3945ac,S3-COLD-r05,2026-09-02T07:52:24.747999026Z,91.114341,26145112,167677952,202420224
retained-20260902-f3945ac,S3-COLD-r05,2026-09-02T07:52:24.757244707Z,100.360022,26163110,167677952,202420224
retained-20260902-f3945ac,S3-COLD-r05,2026-09-02T07:52:24.767508708Z,110.624023,26185645,167677952,202420224
retained-20260902-f3945ac,S3-COLD-r05,2026-09-02T07:52:24.777716775Z,120.832089,26185858,167677952,202420224
retained-20260902-f3945ac,S3-COLD-r05,2026-09-02T07:52:24.787868259Z,130.983574,26186033,167677952,202420224
retained-20260902-f3945ac,S3-COLD-r05,2026-09-02T07:52:24.818554802Z,161.670117,26186273,167677952,202420224
retained-20260902-f3945ac,S3-COLD-r05,2026-09-02T07:52:24.827806614Z,170.921928,26204828,167677952,202420224
retained-20260902-f3945ac,S3-COLD-r05,2026-09-02T07:52:24.838000542Z,181.115856,26222808,167677952,202420224
retained-20260902-f3945ac,S3-COLD-r05,2026-09-02T07:52:24.847219939Z,190.335253,26249678,167677952,202420224
retained-20260902-f3945ac,S3-COLD-r05,2026-09-02T07:52:24.85745979Z,200.575105,26267662,167677952,202420224
retained-20260902-f3945ac,S3-COLD-r05,2026-09-02T07:52:24.867599652Z,210.714967,26285742,174329856,209498112
retained-20260902-f3945ac,S3-COLD-r05,2026-09-02T07:52:24.877818461Z,220.933776,26285929,174329856,209383424
retained-20260902-f3945ac,S3-COLD-r05,2026-09-02T07:52:24.887979431Z,231.094745,26286090,174329856,209383424
retained-20260902-f3945ac,S3-COLD-r05,2026-09-02T07:52:24.897119176Z,240.234490,26286213,174559232,209383424
retained-20260902-f3945ac,S3-COLD-r05,2026-09-02T07:52:24.907255045Z,250.370359,26286376,174559232,209383424
retained-20260902-f3945ac,S3-COLD-r05,2026-09-02T07:52:24.917398396Z,260.513709,26286506,174559232,209645568
retained-20260902-f3945ac,S3-COLD-r05,2026-09-02T07:52:24.927580678Z,270.695992,26305355,194056192,229040128
retained-20260902-f3945ac,S3-COLD-r05,2026-09-02T07:52:24.93774982Z,280.865135,26323732,226856960,262070272
retained-20260902-f3945ac,S3-COLD-r05,2026-09-02T07:52:24.947962586Z,291.077900,26351050,254840832,290381824
retained-20260902-f3945ac,S3-COLD-r05,2026-09-02T07:52:24.958129085Z,301.244400,26372915,282595328,317906944
retained-20260902-f3945ac,S3-COLD-r05,2026-09-02T07:52:24.967300533Z,310.415849,26378637,282595328,317906944
retained-20260902-f3945ac,S3-COLD-r05,2026-09-02T07:52:24.977518692Z,320.634006,26378844,282595328,317906944
retained-20260902-f3945ac,S3-COLD-r05,2026-09-02T07:52:25.018556824Z,361.672138,26379154,282595328,317829120
retained-20260902-f3945ac,S3-COLD-r05,2026-09-02T07:52:25.02779854Z,370.913854,26397764,287412224,322547712
retained-20260902-f3945ac,S3-COLD-r05,2026-09-02T07:52:25.038043535Z,381.158849,26415769,287412224,322547712
retained-20260902-f3945ac,S3-COLD-r05,2026-09-02T07:52:25.047167505Z,390.282820,26442695,287870976,323334144
retained-20260902-f3945ac,S3-COLD-r05,2026-09-02T07:52:25.057419589Z,400.534904,26460805,287870976,323334144
retained-20260902-f3945ac,S3-COLD-r05,2026-09-02T07:52:25.067690655Z,410.805969,26483342,288329728,323858432
retained-20260902-f3945ac,S3-COLD-r05,2026-09-02T07:52:25.07789925Z,421.014564,26483599,288329728,323858432
retained-20260902-f3945ac,S3-COLD-r05,2026-09-02T07:52:25.088076678Z,431.191992,26483852,288329728,323858432
retained-20260902-f3945ac,S3-COLD-r05,2026-09-02T07:52:25.097248078Z,440.363392,26484020,288329728,323858432
retained-20260902-f3945ac,S3-COLD-r05,2026-09-02T07:52:25.107417624Z,450.532939,26484175,288329728,323858432
retained-20260902-f3945ac,S3-COLD-r05,2026-09-02T07:52:25.117642027Z,460.757342,26484348,288329728,323858432
retained-20260902-f3945ac,S3-COLD-r05,2026-09-02T07:52:25.127914336Z,471.029680,26502983,288788480,324382720
retained-20260902-f3945ac,S3-COLD-r05,2026-09-02T07:52:25.138107399Z,481.222714,26521247,288788480,324108288
retained-20260902-f3945ac,S3-COLD-r05,2026-09-02T07:52:25.147387998Z,490.503312,26548210,289247232,324632576
retained-20260902-f3945ac,S3-COLD-r05,2026-09-02T07:52:25.157611849Z,500.727163,26566296,289476608,324894720
retained-20260902-f3945ac,S3-COLD-r05,2026-09-02T07:52:25.16781063Z,510.925945,26584410,289705984,324894720
retained-20260902-f3945ac,S3-COLD-r05,2026-09-02T07:52:25.178073789Z,521.189104,26584681,289705984,324894720
retained-20260902-f3945ac,S3-COLD-r05,2026-09-02T07:52:25.187325421Z,530.440735,26584903,289935360,324894720
retained-20260902-f3945ac,S3-COLD-r05,2026-09-02T07:52:25.197467028Z,540.582343,26585089,289935360,324894720
retained-20260902-f3945ac,S3-COLD-r05,2026-09-02T07:52:25.207666907Z,550.782221,26585307,289935360,324894720
retained-20260902-f3945ac,S3-COLD-r05,2026-09-02T07:52:25.217860439Z,560.975753,26585503,289935360,324894720
retained-20260902-f3945ac,S3-COLD-r05,2026-09-02T07:52:25.228053974Z,571.169288,26604100,290394112,325681152
retained-20260902-f3945ac,S3-COLD-r05,2026-09-02T07:52:25.237308911Z,580.424225,26622181,290394112,325681152
retained-20260902-f3945ac,S3-COLD-r05,2026-09-02T07:52:25.247513933Z,590.629243,26649503,291770368,326991872
retained-20260902-f3945ac,S3-COLD-r05,2026-09-02T07:52:25.257697519Z,600.812833,26667674,293834752,329089024
retained-20260902-f3945ac,S3-COLD-r05,2026-09-02T07:52:25.267860214Z,610.975529,26685668,293834752,329089024
retained-20260902-f3945ac,S3-COLD-r05,2026-09-02T07:52:25.278067136Z,621.182450,26685896,293834752,329089024
retained-20260902-f3945ac,S3-COLD-r05,2026-09-02T07:52:25.31854694Z,661.662255,26686299,293834752,329089024
retained-20260902-f3945ac,S3-COLD-r05,2026-09-02T07:52:25.327099477Z,670.214787,26702887,245792768,281092096
retained-20260902-f3945ac,S3-COLD-r05,2026-09-02T07:52:25.337081546Z,680.196855,26720661,199618560,235028480
retained-20260902-f3945ac,S3-COLD-r05,2026-09-02T07:52:25.33778966Z,680.904975,26720661,195330048,231063552
retained-20260902-f3945ac,S3-WARM-CONTROL-r05,2026-09-02T07:52:25.895271632Z,0.018085,27261329,127299584,161464320
retained-20260902-f3945ac,S3-WARM-CONTROL-r05,2026-09-02T07:52:25.896462658Z,1.209117,27262724,127987712,161939456
retained-20260902-f3945ac,S3-WARM-r05,2026-09-02T07:52:26.425659511Z,0.040682,27785123,121282560,155254784
retained-20260902-f3945ac,S3-WARM-r05,2026-09-02T07:52:26.462829869Z,37.211040,27787004,121741312,155684864
retained-20260902-f3945ac,S3-WARM-r05,2026-09-02T07:52:26.494831614Z,69.212785,27788454,121741312,155684864
retained-20260902-f3945ac,S3-WARM-r05,2026-09-02T07:52:26.495773456Z,70.154630,27789256,123117568,156995584
retained-20260902-f3945ac,S3-WARM-r05,2026-09-02T07:52:26.506558559Z,80.939736,27802680,127475712,161579008
retained-20260902-f3945ac,S3-WARM-r05,2026-09-02T07:52:26.516761283Z,91.142459,27816211,127475712,161574912
retained-20260902-f3945ac,S3-WARM-r05,2026-09-02T07:52:26.525948621Z,100.329796,27825299,127475712,161574912
retained-20260902-f3945ac,S3-WARM-r05,2026-09-02T07:52:26.536140247Z,110.521424,27838863,127475712,161574912
retained-20260902-f3945ac,S3-WARM-r05,2026-09-02T07:52:26.546340539Z,120.721716,27847929,127475712,161574912
retained-20260902-f3945ac,S3-WARM-r05,2026-09-02T07:52:26.556576314Z,130.957490,27861563,127475712,161574912
retained-20260902-f3945ac,S3-WARM-r05,2026-09-02T07:52:26.565747074Z,140.128251,27870624,127475712,161574912
retained-20260902-f3945ac,S3-WARM-r05,2026-09-02T07:52:26.575911298Z,150.292474,27884131,127475712,161574912
retained-20260902-f3945ac,S3-WARM-r05,2026-09-02T07:52:26.586159276Z,160.540453,27893247,127475712,161574912
retained-20260902-f3945ac,S3-WARM-r05,2026-09-02T07:52:26.596335695Z,170.716871,27907049,144449536,178847744
retained-20260902-f3945ac,S3-WARM-r05,2026-09-02T07:52:26.606488464Z,180.869640,27916452,162570240,196935680
retained-20260902-f3945ac,S3-WARM-r05,2026-09-02T07:52:26.616748693Z,191.129870,27925746,170139648,204537856
retained-20260902-f3945ac,S3-WARM-r05,2026-09-02T07:52:26.62593366Z,200.314831,27933352,182296576,216596480
retained-20260902-f3945ac,S3-WARM-r05,2026-09-02T07:52:26.63611818Z,210.499357,27944516,182755328,217120768
retained-20260902-f3945ac,S3-WARM-r05,2026-09-02T07:52:26.646365227Z,220.746403,27953671,182755328,217120768
retained-20260902-f3945ac,S3-WARM-r05,2026-09-02T07:52:26.65660854Z,230.989717,27967304,183214080,217382912
retained-20260902-f3945ac,S3-WARM-r05,2026-09-02T07:52:26.66680711Z,241.188286,27980869,183214080,217382912
retained-20260902-f3945ac,S3-WARM-r05,2026-09-02T07:52:26.676020835Z,250.402012,27989959,183214080,217382912
retained-20260902-f3945ac,S3-WARM-r05,2026-09-02T07:52:26.686223225Z,260.604402,27999052,183443456,217645056
retained-20260902-f3945ac,S3-WARM-r05,2026-09-02T07:52:26.69638176Z,270.762937,28012628,183443456,217645056
retained-20260902-f3945ac,S3-WARM-r05,2026-09-02T07:52:26.706606552Z,280.987728,28021733,183902208,218169344
retained-20260902-f3945ac,S3-WARM-r05,2026-09-02T07:52:26.71575692Z,290.138098,28021904,183902208,218169344
retained-20260902-f3945ac,S3-WARM-r05,2026-09-02T07:52:26.725896555Z,300.277731,28026804,183902208,218169344
retained-20260902-f3945ac,S3-WARM-r05,2026-09-02T07:52:26.736145442Z,310.526619,28040353,183902208,218169344
retained-20260902-f3945ac,S3-WARM-r05,2026-09-02T07:52:26.746342124Z,320.723301,28049473,184360960,218238976
retained-20260902-f3945ac,S3-WARM-r05,2026-09-02T07:52:26.756520493Z,330.901670,28063023,184360960,218238976
retained-20260902-f3945ac,S3-WARM-r05,2026-09-02T07:52:26.766761723Z,341.142894,28077116,185966592,219811840
retained-20260902-f3945ac,S3-WARM-r05,2026-09-02T07:52:26.775982672Z,350.363848,28086192,185966592,219811840
retained-20260902-f3945ac,S3-WARM-r05,2026-09-02T07:52:26.786185372Z,360.566543,28097788,138002432,171814912
retained-20260902-f3945ac,S3-WARM-r05,2026-09-02T07:52:26.795125853Z,369.507029,28114219,137363456,171208704
retained-20260902-f3945ac,F2-r05,2026-09-02T07:52:26.838012622Z,0.045782,28147382,33488896,75055104
retained-20260902-f3945ac,F2-r05,2026-09-02T07:52:26.849026417Z,11.059578,28151235,38535168,80297984
retained-20260902-f3945ac,F2-r05,2026-09-02T07:52:26.858205313Z,20.238474,28151361,38535168,80297984
retained-20260902-f3945ac,F2-r05,2026-09-02T07:52:26.868382476Z,30.415637,28151477,38535168,80297984
retained-20260902-f3945ac,F2-r05,2026-09-02T07:52:26.878494179Z,40.527339,28151597,38535168,80089088
retained-20260902-f3945ac,F2-r05,2026-09-02T07:52:26.888643186Z,50.676345,28151711,38535168,79745024
retained-20260902-f3945ac,F2-r05,2026-09-02T07:52:26.898788121Z,60.821276,28151863,38535168,79745024
retained-20260902-f3945ac,F2-r05,2026-09-02T07:52:26.908950187Z,70.983347,28152023,38535168,79745024
retained-20260902-f3945ac,F2-r05,2026-09-02T07:52:26.91910852Z,81.141681,28152170,38535168,79745024
retained-20260902-f3945ac,F2-r05,2026-09-02T07:52:26.928284502Z,90.317663,28152307,38535168,79745024
retained-20260902-f3945ac,F2-r05,2026-09-02T07:52:26.938423657Z,100.456818,28152467,38535168,79745024
retained-20260902-f3945ac,F2-r05,2026-09-02T07:52:26.948628755Z,110.661916,28152629,38535168,79745024
retained-20260902-f3945ac,F2-r05,2026-09-02T07:52:26.958807617Z,120.840777,28152782,38535168,79745024
retained-20260902-f3945ac,F2-r05,2026-09-02T07:52:26.968949237Z,130.982397,28152934,38535168,79745024
retained-20260902-f3945ac,F2-r05,2026-09-02T07:52:26.979053768Z,141.086929,28153065,38535168,79745024
retained-20260902-f3945ac,F2-r05,2026-09-02T07:52:26.988246752Z,150.279927,28153205,38535168,79745024
retained-20260902-f3945ac,F2-r05,2026-09-02T07:52:26.998478695Z,160.511855,28153441,38535168,79745024
retained-20260902-f3945ac,F2-r05,2026-09-02T07:52:27.008672564Z,170.705726,28153575,38535168,79745024
retained-20260902-f3945ac,F2-r05,2026-09-02T07:52:27.018830179Z,180.863339,28153696,38535168,79745024
retained-20260902-f3945ac,F2-r05,2026-09-02T07:52:27.028993662Z,191.026822,28153838,38535168,79745024
retained-20260902-f3945ac,F2-r05,2026-09-02T07:52:27.038116558Z,200.149719,28153963,38535168,79745024
retained-20260902-f3945ac,F2-r05,2026-09-02T07:52:27.048325479Z,210.358658,28154142,38535168,79745024
retained-20260902-f3945ac,F2-r05,2026-09-02T07:52:27.058595155Z,220.628315,28154404,38535168,79745024
retained-20260902-f3945ac,F2-r05,2026-09-02T07:52:27.068794552Z,230.827712,28154553,38535168,79745024
retained-20260902-f3945ac,F2-r05,2026-09-02T07:52:27.078978806Z,241.011966,28154683,38535168,79745024
retained-20260902-f3945ac,F2-r05,2026-09-02T07:52:27.088115881Z,250.149043,28154812,38535168,79745024
retained-20260902-f3945ac,F2-r05,2026-09-02T07:52:27.098282454Z,260.315614,28154945,38535168,79745024
retained-20260902-f3945ac,F2-r05,2026-09-02T07:52:27.108472496Z,270.505657,28155070,38535168,79745024
retained-20260902-f3945ac,F2-r05,2026-09-02T07:52:27.118994609Z,281.027769,28155201,38535168,79745024
retained-20260902-f3945ac,F2-r05,2026-09-02T07:52:27.128091038Z,290.124198,28155323,38535168,79745024
retained-20260902-f3945ac,F2-r05,2026-09-02T07:52:27.138415623Z,300.448803,28155495,38535168,79745024
retained-20260902-f3945ac,F2-r05,2026-09-02T07:52:27.148606348Z,310.639508,28155744,38535168,79745024
retained-20260902-f3945ac,F2-r05,2026-09-02T07:52:27.158791109Z,320.824269,28155888,38535168,79745024
retained-20260902-f3945ac,F2-r05,2026-09-02T07:52:27.168999831Z,331.032993,28156029,38535168,79745024
retained-20260902-f3945ac,F2-r05,2026-09-02T07:52:27.178179578Z,340.212738,28156162,38535168,79745024
retained-20260902-f3945ac,F2-r05,2026-09-02T07:52:27.188328946Z,350.362106,28156312,38535168,79556608
retained-20260902-f3945ac,F2-r05,2026-09-02T07:52:27.198825566Z,360.858727,28156459,38535168,79556608
retained-20260902-f3945ac,F2-r05,2026-09-02T07:52:27.208995847Z,371.029008,28156644,38535168,79556608
retained-20260902-f3945ac,F2-r05,2026-09-02T07:52:27.219141Z,381.174159,28156776,38535168,79556608
retained-20260902-f3945ac,F2-r05,2026-09-02T07:52:27.228336946Z,390.370110,28156957,38535168,79556608
retained-20260902-f3945ac,F2-r05,2026-09-02T07:52:27.238504454Z,400.537615,28157183,38535168,79556608
retained-20260902-f3945ac,F2-r05,2026-09-02T07:52:27.24870243Z,410.735591,28157325,38535168,79556608
retained-20260902-f3945ac,F2-r05,2026-09-02T07:52:27.258902979Z,420.936140,28157468,38535168,79556608
retained-20260902-f3945ac,F2-r05,2026-09-02T07:52:27.269107976Z,431.141137,28157626,38535168,79556608
retained-20260902-f3945ac,F2-r05,2026-09-02T07:52:27.278240008Z,440.273168,28157737,38535168,79556608
retained-20260902-f3945ac,F2-r05,2026-09-02T07:52:27.288473673Z,450.506835,28157902,38535168,79556608
retained-20260902-f3945ac,F2-r05,2026-09-02T07:52:27.29864135Z,460.674511,28158063,38535168,79556608
retained-20260902-f3945ac,F2-r05,2026-09-02T07:52:27.308786737Z,470.819898,28158190,38535168,79556608
retained-20260902-f3945ac,F2-r05,2026-09-02T07:52:27.318961713Z,480.994873,28158318,38535168,79556608
retained-20260902-f3945ac,F2-r05,2026-09-02T07:52:27.328092816Z,490.125977,28158440,38535168,79556608
retained-20260902-f3945ac,F2-r05,2026-09-02T07:52:27.338217136Z,500.250296,28158546,38535168,79556608
retained-20260902-f3945ac,F2-r05,2026-09-02T07:52:27.344217647Z,506.250809,28159555,38535168,79818752
retained-20260902-f3945ac,S4-2-r05,2026-09-02T07:52:27.772177798Z,0.092472,28599468,33259520,126935040
retained-20260902-f3945ac,S4-2-r05,2026-09-02T07:52:27.794823594Z,22.738269,28604058,35094528,129351680
retained-20260902-f3945ac,S4-2-r05,2026-09-02T07:52:27.802616455Z,30.531127,28620275,37388288,173916160
retained-20260902-f3945ac,S4-2-r05,2026-09-02T07:52:27.81287385Z,40.788523,28647224,37388288,240762880
retained-20260902-f3945ac,S4-2-r05,2026-09-02T07:52:27.823075853Z,50.990526,28665811,37388288,241020928
retained-20260902-f3945ac,S4-2-r05,2026-09-02T07:52:27.833310197Z,61.224871,28683786,37388288,241020928
retained-20260902-f3945ac,S4-2-r05,2026-09-02T07:52:27.842525943Z,70.440617,28701744,37388288,241020928
retained-20260902-f3945ac,S4-2-r05,2026-09-02T07:52:27.85271901Z,80.633683,28728539,37388288,241201152
retained-20260902-f3945ac,S4-2-r05,2026-09-02T07:52:27.862917754Z,90.832428,28755379,37388288,241201152
retained-20260902-f3945ac,S4-2-r05,2026-09-02T07:52:27.87310102Z,101.015693,28755546,37388288,241201152
retained-20260902-f3945ac,S4-2-r05,2026-09-02T07:52:27.883274713Z,111.189387,28755683,37388288,240992256
retained-20260902-f3945ac,S4-2-r05,2026-09-02T07:52:27.89244224Z,120.356915,28755778,37388288,240992256
retained-20260902-f3945ac,S4-2-r05,2026-09-02T07:52:27.918617394Z,146.532062,28755915,37388288,240992256
retained-20260902-f3945ac,S4-2-r05,2026-09-02T07:52:27.92287355Z,150.788224,28765529,37388288,240992256
retained-20260902-f3945ac,S4-2-r05,2026-09-02T07:52:27.933133325Z,161.048021,28783570,37617664,240992256
retained-20260902-f3945ac,S4-2-r05,2026-09-02T07:52:27.942470141Z,170.384814,28801699,37617664,240992256
retained-20260902-f3945ac,S4-2-r05,2026-09-02T07:52:27.952705241Z,180.619914,28828582,37847040,241041408
retained-20260902-f3945ac,S4-2-r05,2026-09-02T07:52:27.962788157Z,190.702830,28851069,37847040,249647104
retained-20260902-f3945ac,S4-2-r05,2026-09-02T07:52:27.972970994Z,200.885667,28851203,37847040,249647104
retained-20260902-f3945ac,S4-2-r05,2026-09-02T07:52:27.983108604Z,211.023277,28851333,37847040,249647104
retained-20260902-f3945ac,S4-2-r05,2026-09-02T07:52:27.993312819Z,221.227492,28851495,37847040,249647104
retained-20260902-f3945ac,S4-2-r05,2026-09-02T07:52:28.002438678Z,230.353358,28851609,37847040,249647104
retained-20260902-f3945ac,S4-2-r05,2026-09-02T07:52:28.012616916Z,240.531589,28851771,37847040,248950784
retained-20260902-f3945ac,S4-2-r05,2026-09-02T07:52:28.022791481Z,250.706155,28861675,37847040,264941568
retained-20260902-f3945ac,S4-2-r05,2026-09-02T07:52:28.033013518Z,260.928192,28880228,37847040,299020288
retained-20260902-f3945ac,S4-2-r05,2026-09-02T07:52:28.043198505Z,271.113178,28907723,37847040,332308480
retained-20260902-f3945ac,S4-2-r05,2026-09-02T07:52:28.052412376Z,280.327049,28925885,37847040,354107392
retained-20260902-f3945ac,S4-2-r05,2026-09-02T07:52:28.062604629Z,290.519302,28943893,37847040,354107392
retained-20260902-f3945ac,S4-2-r05,2026-09-02T07:52:28.072820387Z,300.735060,28952951,37847040,354107392
retained-20260902-f3945ac,S4-2-r05,2026-09-02T07:52:28.083000073Z,310.914746,28953097,37847040,354107392
retained-20260902-f3945ac,S4-2-r05,2026-09-02T07:52:28.093149855Z,321.064528,28953235,37847040,354107392
retained-20260902-f3945ac,S4-2-r05,2026-09-02T07:52:28.103311088Z,331.225761,28953372,37847040,354107392
retained-20260902-f3945ac,S4-2-r05,2026-09-02T07:52:28.112462345Z,340.377018,28953502,37847040,354107392
retained-20260902-f3945ac,S4-2-r05,2026-09-02T07:52:28.122610124Z,350.524798,28954139,37847040,354107392
retained-20260902-f3945ac,S4-2-r05,2026-09-02T07:52:28.132847931Z,360.762605,28981048,37847040,354996224
retained-20260902-f3945ac,S4-2-r05,2026-09-02T07:52:28.143037304Z,370.951977,29007890,37847040,354996224
retained-20260902-f3945ac,S4-2-r05,2026-09-02T07:52:28.153216772Z,381.131445,29025927,37847040,355053568
retained-20260902-f3945ac,S4-2-r05,2026-09-02T07:52:28.162439835Z,390.354509,29043921,37847040,355577856
retained-20260902-f3945ac,S4-2-r05,2026-09-02T07:52:28.172667689Z,400.582362,29052998,37847040,355577856
retained-20260902-f3945ac,S4-2-r05,2026-09-02T07:52:28.218578892Z,446.493566,29053176,37847040,355577856
retained-20260902-f3945ac,S4-2-r05,2026-09-02T07:52:28.222821049Z,450.735722,29062809,37847040,355577856
retained-20260902-f3945ac,S4-2-r05,2026-09-02T07:52:28.233059633Z,460.974306,29080802,37847040,356102144
retained-20260902-f3945ac,S4-2-r05,2026-09-02T07:52:28.243218672Z,471.133345,29107686,37847040,356626432
retained-20260902-f3945ac,S4-2-r05,2026-09-02T07:52:28.2524381Z,480.352773,29125706,37847040,356421632
retained-20260902-f3945ac,S4-2-r05,2026-09-02T07:52:28.262707118Z,490.621792,29148412,37847040,356945920
retained-20260902-f3945ac,S4-2-r05,2026-09-02T07:52:28.27299717Z,500.911844,29153050,37847040,356945920
retained-20260902-f3945ac,S4-2-r05,2026-09-02T07:52:28.283194642Z,511.109315,29153256,37847040,356945920
retained-20260902-f3945ac,S4-2-r05,2026-09-02T07:52:28.292390849Z,520.305523,29153440,37847040,356945920
retained-20260902-f3945ac,S4-2-r05,2026-09-02T07:52:28.302542051Z,530.456724,29153614,37847040,356945920
retained-20260902-f3945ac,S4-2-r05,2026-09-02T07:52:28.312736538Z,540.651211,29153749,38076416,356945920
retained-20260902-f3945ac,S4-2-r05,2026-09-02T07:52:28.322871571Z,550.786244,29163313,38076416,356945920
retained-20260902-f3945ac,S4-2-r05,2026-09-02T07:52:28.333034688Z,560.949361,29181981,38076416,359305216
retained-20260902-f3945ac,S4-2-r05,2026-09-02T07:52:28.343248088Z,571.162762,29208521,38305792,359190528
retained-20260902-f3945ac,S4-2-r05,2026-09-02T07:52:28.352443398Z,580.358071,29226944,38305792,360845312
retained-20260902-f3945ac,S4-2-r05,2026-09-02T07:52:28.418582546Z,646.497214,29255282,41287680,318189568
retained-20260902-f3945ac,S4-2-r05,2026-09-02T07:52:28.423207364Z,651.122038,29266406,38858752,313966592
retained-20260902-f3945ac,S4-2-r05,2026-09-02T07:52:28.43216754Z,660.082213,29282189,36319232,263077888
retained-20260902-f3945ac,S4-4-r05,2026-09-02T07:52:29.310290738Z,0.085973,30143089,33030144,180441088
retained-20260902-f3945ac,S4-4-r05,2026-09-02T07:52:29.350834975Z,40.630205,30149005,34865152,183279616
retained-20260902-f3945ac,S4-4-r05,2026-09-02T07:52:29.360773775Z,50.569011,30192805,37388288,293457920
retained-20260902-f3945ac,S4-4-r05,2026-09-02T07:52:29.37100792Z,60.803156,30246505,37388288,395956224
retained-20260902-f3945ac,S4-4-r05,2026-09-02T07:52:29.381235484Z,71.030720,30260024,37388288,397959168
retained-20260902-f3945ac,S4-4-r05,2026-09-02T07:52:29.391318013Z,81.113248,30260207,37388288,397959168
retained-20260902-f3945ac,S4-4-r05,2026-09-02T07:52:29.40047699Z,90.272225,30260334,37388288,397959168
retained-20260902-f3945ac,S4-4-r05,2026-09-02T07:52:29.410660226Z,100.455462,30260488,37388288,397959168
retained-20260902-f3945ac,S4-4-r05,2026-09-02T07:52:29.420898439Z,110.693675,30261759,37617664,402153472
retained-20260902-f3945ac,S4-4-r05,2026-09-02T07:52:29.431067448Z,120.862683,30315267,37617664,402153472
retained-20260902-f3945ac,S4-4-r05,2026-09-02T07:52:29.441268503Z,131.063739,30350976,37617664,402153472
retained-20260902-f3945ac,S4-4-r05,2026-09-02T07:52:29.451467582Z,141.262818,30364490,37617664,402153472
retained-20260902-f3945ac,S4-4-r05,2026-09-02T07:52:29.518564368Z,208.359603,30364728,37617664,402145280
retained-20260902-f3945ac,S4-4-r05,2026-09-02T07:52:29.52081009Z,210.605325,30365975,37617664,402403328
retained-20260902-f3945ac,S4-4-r05,2026-09-02T07:52:29.530990012Z,220.785248,30419503,37617664,402403328
retained-20260902-f3945ac,S4-4-r05,2026-09-02T07:52:29.541238732Z,231.033968,30450816,37617664,402403328
retained-20260902-f3945ac,S4-4-r05,2026-09-02T07:52:29.550437558Z,240.232795,30459915,37617664,402403328
retained-20260902-f3945ac,S4-4-r05,2026-09-02T07:52:29.560625937Z,250.421168,30460048,37617664,402665472
retained-20260902-f3945ac,S4-4-r05,2026-09-02T07:52:29.570812224Z,260.607460,30460189,37617664,402665472
retained-20260902-f3945ac,S4-4-r05,2026-09-02T07:52:29.581007593Z,270.802823,30460338,37617664,402665472
retained-20260902-f3945ac,S4-4-r05,2026-09-02T07:52:29.5911238Z,280.919037,30460429,37617664,402665472
retained-20260902-f3945ac,S4-4-r05,2026-09-02T07:52:29.601303625Z,291.098855,30460576,37617664,402665472
retained-20260902-f3945ac,S4-4-r05,2026-09-02T07:52:29.610426283Z,300.221513,30460682,37617664,402665472
retained-20260902-f3945ac,S4-4-r05,2026-09-02T07:52:29.620629642Z,310.424878,30461874,37617664,402665472
retained-20260902-f3945ac,S4-4-r05,2026-09-02T07:52:29.630885438Z,320.680673,30515412,37617664,402665472
retained-20260902-f3945ac,S4-4-r05,2026-09-02T07:52:29.641045866Z,330.841102,30546692,37617664,402665472
retained-20260902-f3945ac,S4-4-r05,2026-09-02T07:52:29.651146868Z,340.942103,30560171,37617664,402665472
retained-20260902-f3945ac,S4-4-r05,2026-09-02T07:52:29.661377223Z,351.172460,30560372,37617664,402665472
retained-20260902-f3945ac,S4-4-r05,2026-09-02T07:52:29.670578243Z,360.373479,30560537,37847040,402665472
retained-20260902-f3945ac,S4-4-r05,2026-09-02T07:52:29.680824884Z,370.620119,30560727,37847040,402665472
retained-20260902-f3945ac,S4-4-r05,2026-09-02T07:52:29.691080078Z,380.875313,30560994,37847040,402665472
retained-20260902-f3945ac,S4-4-r05,2026-09-02T07:52:29.70130011Z,391.095346,30561170,37847040,402665472
retained-20260902-f3945ac,S4-4-r05,2026-09-02T07:52:29.71044891Z,400.244146,30561322,37847040,402665472
retained-20260902-f3945ac,S4-4-r05,2026-09-02T07:52:29.72068551Z,410.480744,30562469,37847040,402665472
retained-20260902-f3945ac,S4-4-r05,2026-09-02T07:52:29.730920605Z,420.715842,30616046,37847040,408170496
retained-20260902-f3945ac,S4-4-r05,2026-09-02T07:52:29.741142535Z,430.937771,30652247,37847040,431501312
retained-20260902-f3945ac,S4-4-r05,2026-09-02T07:52:29.751374715Z,441.169950,30656881,37847040,434122752
retained-20260902-f3945ac,S4-4-r05,2026-09-02T07:52:29.760535426Z,450.330657,30656972,37847040,434122752
retained-20260902-f3945ac,S4-4-r05,2026-09-02T07:52:29.770651814Z,460.447050,30657024,37847040,434122752
retained-20260902-f3945ac,S4-4-r05,2026-09-02T07:52:29.780826591Z,470.621825,30657136,37847040,434122752
retained-20260902-f3945ac,S4-4-r05,2026-09-02T07:52:29.79098289Z,480.778126,30657258,37847040,434122752
retained-20260902-f3945ac,S4-4-r05,2026-09-02T07:52:29.801135783Z,490.931013,30657370,37847040,434122752
retained-20260902-f3945ac,S4-4-r05,2026-09-02T07:52:29.811277421Z,501.072651,30657491,37847040,434122752
retained-20260902-f3945ac,S4-4-r05,2026-09-02T07:52:29.820485439Z,510.280674,30658794,37847040,438841344
retained-20260902-f3945ac,S4-4-r05,2026-09-02T07:52:29.830722969Z,520.518205,30714026,37847040,506998784
retained-20260902-f3945ac,S4-4-r05,2026-09-02T07:52:29.840971928Z,530.767163,30752769,37847040,560713728
retained-20260902-f3945ac,S4-4-r05,2026-09-02T07:52:29.851099983Z,540.895219,30759956,37847040,564908032
retained-20260902-f3945ac,S4-4-r05,2026-09-02T07:52:29.91857228Z,608.367517,30760156,37847040,565063680
retained-20260902-f3945ac,S4-4-r05,2026-09-02T07:52:29.920747452Z,610.542687,30761695,37847040,575488000
retained-20260902-f3945ac,S4-4-r05,2026-09-02T07:52:29.930903076Z,620.698311,30815746,37847040,606945280
retained-20260902-f3945ac,S4-4-r05,2026-09-02T07:52:29.941075489Z,630.870725,30851744,37847040,623198208
retained-20260902-f3945ac,S4-4-r05,2026-09-02T07:52:29.951251016Z,641.046251,30856381,37847040,623198208
retained-20260902-f3945ac,S4-4-r05,2026-09-02T07:52:29.960429314Z,650.224549,30856550,37847040,623198208
retained-20260902-f3945ac,S4-4-r05,2026-09-02T07:52:29.970634484Z,660.429719,30856741,38076416,623198208
retained-20260902-f3945ac,S4-4-r05,2026-09-02T07:52:29.980783578Z,670.578812,30856885,38076416,623038464
retained-20260902-f3945ac,S4-4-r05,2026-09-02T07:52:29.990969485Z,680.764721,30857027,38076416,623038464
retained-20260902-f3945ac,S4-4-r05,2026-09-02T07:52:30.001130222Z,690.925464,30857122,38076416,622796800
retained-20260902-f3945ac,S4-4-r05,2026-09-02T07:52:30.011239425Z,701.034655,30857219,38305792,622796800
retained-20260902-f3945ac,S4-4-r05,2026-09-02T07:52:30.021432569Z,711.227804,30858393,38305792,626991104
retained-20260902-f3945ac,S4-4-r05,2026-09-02T07:52:30.030625232Z,720.420467,30894167,38305792,630136832
retained-20260902-f3945ac,S4-4-r05,2026-09-02T07:52:30.040856523Z,730.651758,30947844,38305792,630661120
retained-20260902-f3945ac,S4-4-r05,2026-09-02T07:52:30.051081696Z,740.876931,30961412,38305792,630661120
retained-20260902-f3945ac,S4-4-r05,2026-09-02T07:52:30.061280597Z,751.075833,30961562,38305792,630661120
retained-20260902-f3945ac,S4-4-r05,2026-09-02T07:52:30.071395335Z,761.190571,30961679,38305792,630661120
retained-20260902-f3945ac,S4-4-r05,2026-09-02T07:52:30.08056912Z,770.364355,30961786,38305792,630661120
retained-20260902-f3945ac,S4-4-r05,2026-09-02T07:52:30.090736105Z,780.531335,30961952,38305792,630661120
retained-20260902-f3945ac,S4-4-r05,2026-09-02T07:52:30.100937879Z,790.733114,30962083,38305792,630661120
retained-20260902-f3945ac,S4-4-r05,2026-09-02T07:52:30.111047048Z,800.842283,30962208,38305792,630607872
retained-20260902-f3945ac,S4-4-r05,2026-09-02T07:52:30.120435592Z,810.230827,30963428,38305792,630607872
retained-20260902-f3945ac,S4-4-r05,2026-09-02T07:52:30.130711496Z,820.506731,31017226,38305792,631394304
retained-20260902-f3945ac,S4-4-r05,2026-09-02T07:52:30.140948651Z,830.743886,31048592,38305792,631918592
retained-20260902-f3945ac,S4-4-r05,2026-09-02T07:52:30.151205213Z,841.000449,31062145,38305792,631918592
retained-20260902-f3945ac,S4-4-r05,2026-09-02T07:52:30.161378903Z,851.174138,31062309,38305792,631918592
retained-20260902-f3945ac,S4-4-r05,2026-09-02T07:52:30.17065036Z,860.445590,31062448,38305792,631918592
retained-20260902-f3945ac,S4-4-r05,2026-09-02T07:52:30.180867536Z,870.662767,31062606,38305792,631918592
retained-20260902-f3945ac,S4-4-r05,2026-09-02T07:52:30.190992504Z,880.787734,31062690,38305792,631918592
retained-20260902-f3945ac,S4-4-r05,2026-09-02T07:52:30.201170576Z,890.965811,31062795,38305792,631918592
retained-20260902-f3945ac,S4-4-r05,2026-09-02T07:52:30.21135729Z,901.152520,31062933,38305792,632176640
retained-20260902-f3945ac,S4-4-r05,2026-09-02T07:52:30.220562774Z,910.358009,31064158,38305792,632176640
retained-20260902-f3945ac,S4-4-r05,2026-09-02T07:52:30.230814021Z,920.609257,31117812,38305792,632963072
retained-20260902-f3945ac,S4-4-r05,2026-09-02T07:52:30.240989811Z,930.785046,31149251,38305792,632963072
retained-20260902-f3945ac,S4-4-r05,2026-09-02T07:52:30.251217795Z,941.013030,31162826,38305792,632963072
retained-20260902-f3945ac,S4-4-r05,2026-09-02T07:52:30.261463127Z,951.258363,31163057,38305792,632963072
retained-20260902-f3945ac,S4-4-r05,2026-09-02T07:52:30.270637759Z,960.432994,31163294,38305792,632963072
retained-20260902-f3945ac,S4-4-r05,2026-09-02T07:52:30.280785751Z,970.580987,31163557,38305792,632963072
retained-20260902-f3945ac,S4-4-r05,2026-09-02T07:52:30.291064198Z,980.859434,31163786,38305792,632963072
retained-20260902-f3945ac,S4-4-r05,2026-09-02T07:52:30.301301725Z,991.096961,31163991,38305792,632958976
retained-20260902-f3945ac,S4-4-r05,2026-09-02T07:52:30.310450995Z,1000.246232,31164132,38305792,633221120
retained-20260902-f3945ac,S4-4-r05,2026-09-02T07:52:30.320708351Z,1010.503586,31165245,38305792,633221120
retained-20260902-f3945ac,S4-4-r05,2026-09-02T07:52:30.330948834Z,1020.744069,31218900,38305792,635056128
retained-20260902-f3945ac,S4-4-r05,2026-09-02T07:52:30.341193153Z,1030.988387,31250352,38305792,635056128
retained-20260902-f3945ac,S4-4-r05,2026-09-02T07:52:30.351443844Z,1041.239080,31259502,38305792,635056128
retained-20260902-f3945ac,S4-4-r05,2026-09-02T07:52:30.360640837Z,1050.436072,31259734,38305792,635056128
retained-20260902-f3945ac,S4-4-r05,2026-09-02T07:52:30.370890231Z,1060.685466,31260005,38305792,635056128
retained-20260902-f3945ac,S4-4-r05,2026-09-02T07:52:30.381176172Z,1070.971408,31260286,38305792,635056128
retained-20260902-f3945ac,S4-4-r05,2026-09-02T07:52:30.418601595Z,1108.396831,31260848,38305792,635056128
retained-20260902-f3945ac,S4-4-r05,2026-09-02T07:52:30.420901785Z,1110.697020,31262133,38535168,635056128
retained-20260902-f3945ac,S4-4-r05,2026-09-02T07:52:30.431134674Z,1120.929909,31316500,38535168,638205952
retained-20260902-f3945ac,S4-4-r05,2026-09-02T07:52:30.518600215Z,1208.395451,31361782,38535168,639254528
retained-20260902-f3945ac,S4-4-r05,2026-09-02T07:52:30.520873185Z,1210.668420,31365632,38535168,640303104
retained-20260902-f3945ac,S4-4-r05,2026-09-02T07:52:30.530419436Z,1220.214667,31407254,41517056,595812352
retained-20260902-f3945ac,S4-4-r05,2026-09-02T07:52:30.540779897Z,1230.575133,31449374,36900864,594821120
retained-20260902-f3945ac,S4-4-r05,2026-09-02T07:52:30.5510295Z,1240.824735,31454165,36900864,594726912
retained-20260902-f3945ac,S4-4-r05,2026-09-02T07:52:30.561219498Z,1251.014734,31454482,36900864,594726912
retained-20260902-f3945ac,S4-4-r05,2026-09-02T07:52:30.571469154Z,1261.264389,31454771,36900864,594726912
retained-20260902-f3945ac,S4-4-r05,2026-09-02T07:52:30.580659414Z,1270.454649,31454956,36900864,594726912
retained-20260902-f3945ac,S4-4-r05,2026-09-02T07:52:30.590853279Z,1280.648514,31455167,36900864,594726912
retained-20260902-f3945ac,S4-4-r05,2026-09-02T07:52:30.601066612Z,1290.861847,31455383,36900864,594726912
retained-20260902-f3945ac,S4-4-r05,2026-09-02T07:52:30.611204467Z,1300.999702,31455552,36900864,594726912
retained-20260902-f3945ac,S4-4-r05,2026-09-02T07:52:30.621398205Z,1311.193441,31459255,36900864,546471936
retained-20260902-f3945ac,S4-4-r05,2026-09-02T07:52:30.630807383Z,1320.602618,31491145,37359616,547196928
retained-20260902-f3945ac,S4-4-r05,2026-09-02T07:52:30.640805594Z,1330.600824,31510127,37359616,451903488
retained-20260902-f3945ac,S4-4-r05,2026-09-02T07:52:30.644555955Z,1334.351190,31521396,36806656,449925120
retained-20260902-f3945ac,S3-COLD-r06,2026-09-02T07:52:30.935100125Z,0.065518,31765551,59387904,94027776
retained-20260902-f3945ac,S3-COLD-r06,2026-09-02T07:52:30.966817718Z,31.783096,31768129,61222912,95657984
retained-20260902-f3945ac,S3-COLD-r06,2026-09-02T07:52:30.985218208Z,50.183586,31773365,65810432,100618240
retained-20260902-f3945ac,S3-COLD-r06,2026-09-02T07:52:31.00965472Z,74.620099,31807336,165588992,201019392
retained-20260902-f3945ac,S3-COLD-r06,2026-09-02T07:52:31.015231239Z,80.196623,31825983,168341504,203902976
retained-20260902-f3945ac,S3-COLD-r06,2026-09-02T07:52:31.025456329Z,90.421713,31843990,168341504,203902976
retained-20260902-f3945ac,S3-COLD-r06,2026-09-02T07:52:31.035651632Z,100.617015,31870872,168341504,203902976
retained-20260902-f3945ac,S3-COLD-r06,2026-09-02T07:52:31.045852278Z,110.817662,31888864,168341504,203902976
retained-20260902-f3945ac,S3-COLD-r06,2026-09-02T07:52:31.056061092Z,121.026476,31915777,168341504,203902976
retained-20260902-f3945ac,S3-COLD-r06,2026-09-02T07:52:31.065210594Z,130.175977,31933728,168341504,203902976
retained-20260902-f3945ac,S3-COLD-r06,2026-09-02T07:52:31.075354919Z,140.320303,31942767,168341504,203902976
retained-20260902-f3945ac,S3-COLD-r06,2026-09-02T07:52:31.085551558Z,150.516942,31942950,168341504,203902976
retained-20260902-f3945ac,S3-COLD-r06,2026-09-02T07:52:31.09569182Z,160.657204,31943181,168341504,203902976
retained-20260902-f3945ac,S3-COLD-r06,2026-09-02T07:52:31.105845485Z,170.810868,31943372,168341504,203902976
retained-20260902-f3945ac,S3-COLD-r06,2026-09-02T07:52:31.116082812Z,181.048196,31943583,168570880,203902976
retained-20260902-f3945ac,S3-COLD-r06,2026-09-02T07:52:31.125259178Z,190.224561,31953225,168570880,203902976
retained-20260902-f3945ac,S3-COLD-r06,2026-09-02T07:52:31.135444987Z,200.410370,31980095,168570880,203902976
retained-20260902-f3945ac,S3-COLD-r06,2026-09-02T07:52:31.145622824Z,210.588208,31999512,170864640,206262272
retained-20260902-f3945ac,S3-COLD-r06,2026-09-02T07:52:31.155846865Z,220.812248,32025401,200912896,236654592
retained-20260902-f3945ac,S3-COLD-r06,2026-09-02T07:52:31.166053006Z,231.018391,32043836,227061760,262397952
retained-20260902-f3945ac,S3-COLD-r06,2026-09-02T07:52:31.175218996Z,240.184380,32044013,227061760,262397952
retained-20260902-f3945ac,S3-COLD-r06,2026-09-02T07:52:31.185559817Z,250.525228,32044439,227061760,262184960
retained-20260902-f3945ac,S3-COLD-r06,2026-09-02T07:52:31.195903424Z,260.868807,32044885,227061760,262184960
retained-20260902-f3945ac,S3-COLD-r06,2026-09-02T07:52:31.206178669Z,271.144054,32045195,227061760,262184960
retained-20260902-f3945ac,S3-COLD-r06,2026-09-02T07:52:31.215390842Z,280.356225,32045402,227061760,262184960
retained-20260902-f3945ac,S3-COLD-r06,2026-09-02T07:52:31.225603922Z,290.569306,32055466,252522496,287612928
retained-20260902-f3945ac,S3-COLD-r06,2026-09-02T07:52:31.235793345Z,300.758724,32084018,278900736,313827328
retained-20260902-f3945ac,S3-COLD-r06,2026-09-02T07:52:31.245483057Z,310.448440,32100874,288075776,323002368
retained-20260902-f3945ac,S3-COLD-r06,2026-09-02T07:52:31.255617235Z,320.582618,32127709,288075776,323002368
retained-20260902-f3945ac,S3-COLD-r06,2026-09-02T07:52:31.265888592Z,330.853975,32141278,288534528,323264512
retained-20260902-f3945ac,S3-COLD-r06,2026-09-02T07:52:31.276093122Z,341.058504,32141446,288534528,323264512
retained-20260902-f3945ac,S3-COLD-r06,2026-09-02T07:52:31.285288369Z,350.253753,32141582,288534528,323264512
retained-20260902-f3945ac,S3-COLD-r06,2026-09-02T07:52:31.295382436Z,360.347819,32141697,288534528,323522560
retained-20260902-f3945ac,S3-COLD-r06,2026-09-02T07:52:31.305592815Z,370.558198,32141868,288534528,323522560
retained-20260902-f3945ac,S3-COLD-r06,2026-09-02T07:52:31.315759803Z,380.725187,32141998,288534528,323522560
retained-20260902-f3945ac,S3-COLD-r06,2026-09-02T07:52:31.325885782Z,390.851166,32151667,288763904,324046848
retained-20260902-f3945ac,S3-COLD-r06,2026-09-02T07:52:31.336224226Z,401.189629,32178679,288763904,324046848
retained-20260902-f3945ac,S3-COLD-r06,2026-09-02T07:52:31.345493237Z,410.458620,32202854,288993280,324571136
retained-20260902-f3945ac,S3-COLD-r06,2026-09-02T07:52:31.355731391Z,420.696775,32224101,288993280,324571136
retained-20260902-f3945ac,S3-COLD-r06,2026-09-02T07:52:31.365929641Z,430.895025,32237800,289452032,324833280
retained-20260902-f3945ac,S3-COLD-r06,2026-09-02T07:52:31.376158265Z,441.123649,32238072,289452032,324833280
retained-20260902-f3945ac,S3-COLD-r06,2026-09-02T07:52:31.385376904Z,450.342287,32238298,289452032,324833280
retained-20260902-f3945ac,S3-COLD-r06,2026-09-02T07:52:31.395572256Z,460.537639,32238470,289452032,324833280
retained-20260902-f3945ac,S3-COLD-r06,2026-09-02T07:52:31.405730229Z,470.695629,32238662,289452032,324833280
retained-20260902-f3945ac,S3-COLD-r06,2026-09-02T07:52:31.415847225Z,480.812609,32238864,289452032,324833280
retained-20260902-f3945ac,S3-COLD-r06,2026-09-02T07:52:31.426031737Z,490.997122,32248570,289910784,325095424
retained-20260902-f3945ac,S3-COLD-r06,2026-09-02T07:52:31.43622657Z,501.191953,32275519,289910784,325095424
retained-20260902-f3945ac,S3-COLD-r06,2026-09-02T07:52:31.445472642Z,510.438026,32293550,290369536,325357568
retained-20260902-f3945ac,S3-COLD-r06,2026-09-02T07:52:31.455661487Z,520.626871,32320453,290828288,325881856
retained-20260902-f3945ac,S3-COLD-r06,2026-09-02T07:52:31.465905846Z,530.871229,32334056,291057664,326406144
retained-20260902-f3945ac,S3-COLD-r06,2026-09-02T07:52:31.476120126Z,541.085509,32338741,291057664,326406144
retained-20260902-f3945ac,S3-COLD-r06,2026-09-02T07:52:31.485292893Z,550.258276,32338925,291516416,326406144
retained-20260902-f3945ac,S3-COLD-r06,2026-09-02T07:52:31.495427564Z,560.392947,32339095,291516416,326406144
retained-20260902-f3945ac,S3-COLD-r06,2026-09-02T07:52:31.505626988Z,570.592370,32339314,291516416,326406144
retained-20260902-f3945ac,S3-COLD-r06,2026-09-02T07:52:31.515799521Z,580.764904,32339488,291516416,326406144
retained-20260902-f3945ac,S3-COLD-r06,2026-09-02T07:52:31.525972893Z,590.938276,32349021,291516416,326406144
retained-20260902-f3945ac,S3-COLD-r06,2026-09-02T07:52:31.536155983Z,601.121367,32377049,295186432,329797632
retained-20260902-f3945ac,S3-COLD-r06,2026-09-02T07:52:31.545337967Z,610.303349,32395020,295186432,329797632
retained-20260902-f3945ac,S3-COLD-r06,2026-09-02T07:52:31.555314914Z,620.280293,32421258,247238656,282570752
retained-20260902-f3945ac,S3-COLD-r06,2026-09-02T07:52:31.622320996Z,687.286381,32444916,196050944,231084032
retained-20260902-f3945ac,S3-COLD-r06,2026-09-02T07:52:31.623117671Z,688.083053,32445650,196050944,231067648
retained-20260902-f3945ac,S3-COLD-CONTROL-r06,2026-09-02T07:52:31.844206206Z,0.006427,32664641,58290176,92991488
retained-20260902-f3945ac,S3-COLD-CONTROL-r06,2026-09-02T07:52:31.854543244Z,10.343460,32673688,91320320,126377984
retained-20260902-f3945ac,S3-COLD-CONTROL-r06,2026-09-02T07:52:31.864709759Z,20.509981,32687198,114028544,148725760
retained-20260902-f3945ac,S3-COLD-CONTROL-r06,2026-09-02T07:52:31.875014502Z,30.814724,32701015,114028544,148725760
retained-20260902-f3945ac,S3-COLD-CONTROL-r06,2026-09-02T07:52:31.885206732Z,41.006953,32710047,114028544,148717568
retained-20260902-f3945ac,S3-COLD-CONTROL-r06,2026-09-02T07:52:31.894335281Z,50.135502,32719090,114257920,148717568
retained-20260902-f3945ac,S3-COLD-CONTROL-r06,2026-09-02T07:52:31.904494647Z,60.294870,32732613,114257920,148717568
retained-20260902-f3945ac,S3-COLD-CONTROL-r06,2026-09-02T07:52:31.914702082Z,70.502303,32737263,114257920,148717568
retained-20260902-f3945ac,S3-COLD-CONTROL-r06,2026-09-02T07:52:31.924835389Z,80.635611,32742244,114257920,148717568
retained-20260902-f3945ac,S3-COLD-CONTROL-r06,2026-09-02T07:52:31.935003682Z,90.803903,32755771,114257920,148717568
retained-20260902-f3945ac,S3-COLD-CONTROL-r06,2026-09-02T07:52:31.94518932Z,100.989541,32764837,114257920,148717568
retained-20260902-f3945ac,S3-COLD-CONTROL-r06,2026-09-02T07:52:31.954327752Z,110.127974,32773915,114257920,148717568
retained-20260902-f3945ac,S3-COLD-CONTROL-r06,2026-09-02T07:52:31.964526634Z,120.326856,32787580,126873600,161300480
retained-20260902-f3945ac,S3-COLD-CONTROL-r06,2026-09-02T07:52:31.974756146Z,130.556368,32801486,144994304,179650560
retained-20260902-f3945ac,S3-COLD-CONTROL-r06,2026-09-02T07:52:31.985005115Z,140.805337,32810877,163573760,198262784
retained-20260902-f3945ac,S3-COLD-CONTROL-r06,2026-09-02T07:52:31.995191527Z,150.991744,32824682,173666304,208224256
retained-20260902-f3945ac,S3-COLD-CONTROL-r06,2026-09-02T07:52:32.004343322Z,160.143549,32833758,173666304,208224256
retained-20260902-f3945ac,S3-COLD-CONTROL-r06,2026-09-02T07:52:32.014560221Z,170.360443,32838474,173666304,208224256
retained-20260902-f3945ac,S3-COLD-CONTROL-r06,2026-09-02T07:52:32.02473803Z,180.538251,32843409,173666304,208224256
retained-20260902-f3945ac,S3-COLD-CONTROL-r06,2026-09-02T07:52:32.034903193Z,190.703414,32857004,174125056,208486400
retained-20260902-f3945ac,S3-COLD-CONTROL-r06,2026-09-02T07:52:32.045147201Z,200.947422,32866143,174125056,208486400
retained-20260902-f3945ac,S3-COLD-CONTROL-r06,2026-09-02T07:52:32.055294387Z,211.094609,32879671,174354432,209010688
retained-20260902-f3945ac,S3-COLD-CONTROL-r06,2026-09-02T07:52:32.064403797Z,220.204018,32888715,174354432,209010688
retained-20260902-f3945ac,S3-COLD-CONTROL-r06,2026-09-02T07:52:32.074551948Z,230.352170,32897816,174813184,209272832
retained-20260902-f3945ac,S3-COLD-CONTROL-r06,2026-09-02T07:52:32.084704741Z,240.504962,32911368,174813184,209272832
retained-20260902-f3945ac,S3-COLD-CONTROL-r06,2026-09-02T07:52:32.094889281Z,250.689503,32924944,174813184,209272832
retained-20260902-f3945ac,S3-COLD-CONTROL-r06,2026-09-02T07:52:32.105112605Z,260.912827,32934101,175042560,209797120
retained-20260902-f3945ac,S3-COLD-CONTROL-r06,2026-09-02T07:52:32.115274646Z,271.074868,32934341,175042560,209797120
retained-20260902-f3945ac,S3-COLD-CONTROL-r06,2026-09-02T07:52:32.124644291Z,280.444513,32939282,175042560,209797120
retained-20260902-f3945ac,S3-COLD-CONTROL-r06,2026-09-02T07:52:32.134845502Z,290.645723,32953162,176418816,211369984
retained-20260902-f3945ac,S3-COLD-CONTROL-r06,2026-09-02T07:52:32.145047088Z,300.847309,32962213,176418816,211369984
retained-20260902-f3945ac,S3-COLD-CONTROL-r06,2026-09-02T07:52:32.155177908Z,310.978130,32975717,176418816,211369984
retained-20260902-f3945ac,S3-COLD-CONTROL-r06,2026-09-02T07:52:32.161594164Z,317.394386,32980721,128442368,163753984
retained-20260902-f3945ac,S3-WARM-r06,2026-09-02T07:52:32.685572726Z,0.053829,33505475,127111168,162344960
retained-20260902-f3945ac,S3-WARM-r06,2026-09-02T07:52:32.702842614Z,17.323711,33507639,127799296,162770944
retained-20260902-f3945ac,S3-WARM-r06,2026-09-02T07:52:32.718489461Z,32.970565,33515443,133304320,169029632
retained-20260902-f3945ac,S3-WARM-r06,2026-09-02T07:52:32.729112066Z,43.593165,33515443,133304320,169279488
retained-20260902-f3945ac,S3-WARM-r06,2026-09-02T07:52:32.736612294Z,51.093398,33524451,133533696,168976384
retained-20260902-f3945ac,S3-WARM-r06,2026-09-02T07:52:32.745807863Z,60.288966,33533571,133763072,168976384
retained-20260902-f3945ac,S3-WARM-r06,2026-09-02T07:52:32.755970644Z,70.451747,33547037,133763072,168976384
retained-20260902-f3945ac,S3-WARM-r06,2026-09-02T07:52:32.766193036Z,80.674139,33556141,133763072,168845312
retained-20260902-f3945ac,S3-WARM-r06,2026-09-02T07:52:32.776348351Z,90.829454,33569681,133763072,168845312
retained-20260902-f3945ac,S3-WARM-r06,2026-09-02T07:52:32.78655069Z,101.031794,33578777,133763072,168845312
retained-20260902-f3945ac,S3-WARM-r06,2026-09-02T07:52:32.795804702Z,110.285804,33592375,133763072,168845312
retained-20260902-f3945ac,S3-WARM-r06,2026-09-02T07:52:32.805967026Z,120.448131,33601460,133763072,168845312
retained-20260902-f3945ac,S3-WARM-r06,2026-09-02T07:52:32.816086686Z,130.567789,33614965,133763072,168845312
retained-20260902-f3945ac,S3-WARM-r06,2026-09-02T07:52:32.826283845Z,140.764949,33621453,137203712,172253184
retained-20260902-f3945ac,S3-WARM-r06,2026-09-02T07:52:32.836448362Z,150.929465,33633763,156471296,191651840
retained-20260902-f3945ac,S3-WARM-r06,2026-09-02T07:52:32.846741045Z,161.222172,33647933,170463232,205807616
retained-20260902-f3945ac,S3-WARM-r06,2026-09-02T07:52:32.856082258Z,170.563355,33657593,182620160,217866240
retained-20260902-f3945ac,S3-WARM-r06,2026-09-02T07:52:32.866345528Z,180.826631,33667122,183308288,218390528
retained-20260902-f3945ac,S3-WARM-r06,2026-09-02T07:52:32.876565487Z,191.046592,33680701,183308288,218202112
retained-20260902-f3945ac,S3-WARM-r06,2026-09-02T07:52:32.885809525Z,200.290629,33689811,183537664,218464256
retained-20260902-f3945ac,S3-WARM-r06,2026-09-02T07:52:32.895940589Z,210.421693,33703364,183537664,218464256
retained-20260902-f3945ac,S3-WARM-r06,2026-09-02T07:52:32.906138108Z,220.619212,33712475,183537664,218464256
retained-20260902-f3945ac,S3-WARM-r06,2026-09-02T07:52:32.916375697Z,230.856801,33712787,183537664,218464256
retained-20260902-f3945ac,S3-WARM-r06,2026-09-02T07:52:32.926576511Z,241.057614,33717775,183996416,218988544
retained-20260902-f3945ac,S3-WARM-r06,2026-09-02T07:52:32.935687789Z,250.168892,33731324,183996416,218988544
retained-20260902-f3945ac,S3-WARM-r06,2026-09-02T07:52:32.945915339Z,260.396443,33740451,183996416,218988544
retained-20260902-f3945ac,S3-WARM-r06,2026-09-02T07:52:32.956034682Z,270.515786,33754003,184225792,219250688
retained-20260902-f3945ac,S3-WARM-r06,2026-09-02T07:52:32.966227347Z,280.708450,33763131,184225792,219250688
retained-20260902-f3945ac,S3-WARM-r06,2026-09-02T07:52:32.976400611Z,290.881716,33776713,184684544,219774976
retained-20260902-f3945ac,S3-WARM-r06,2026-09-02T07:52:32.986627123Z,301.108226,33785878,184684544,219774976
retained-20260902-f3945ac,S3-WARM-r06,2026-09-02T07:52:32.995765861Z,310.246958,33799889,186290176,221609984
retained-20260902-f3945ac,S3-WARM-r06,2026-09-02T07:52:33.005977008Z,320.458111,33808962,186290176,221609984
retained-20260902-f3945ac,S3-WARM-r06,2026-09-02T07:52:33.016141277Z,330.622381,33813573,186290176,221609984
retained-20260902-f3945ac,S3-WARM-r06,2026-09-02T07:52:33.026278871Z,340.759974,33821659,150773760,221749248
retained-20260902-f3945ac,S3-WARM-r06,2026-09-02T07:52:33.035657791Z,350.138892,33839325,140713984,175890432
retained-20260902-f3945ac,S3-WARM-r06,2026-09-02T07:52:33.036771726Z,351.252824,33840234,137408512,172634112
retained-20260902-f3945ac,S3-WARM-CONTROL-r06,2026-09-02T07:52:33.576840692Z,0.044609,34374475,126689280,160989184
retained-20260902-f3945ac,S3-WARM-CONTROL-r06,2026-09-02T07:52:33.577998651Z,1.202567,34375660,127606784,161820672
retained-20260902-f3945ac,F2-r06,2026-09-02T07:52:33.604335221Z,0.040184,34407168,33488896,76853248
retained-20260902-f3945ac,F2-r06,2026-09-02T07:52:33.615060517Z,10.765470,34411359,38764544,81248256
retained-20260902-f3945ac,F2-r06,2026-09-02T07:52:33.625297436Z,21.002389,34411554,38764544,81248256
retained-20260902-f3945ac,F2-r06,2026-09-02T07:52:33.634483774Z,30.188727,34411743,38764544,81248256
retained-20260902-f3945ac,F2-r06,2026-09-02T07:52:33.64467996Z,40.384913,34411998,38764544,81248256
retained-20260902-f3945ac,F2-r06,2026-09-02T07:52:33.654882958Z,50.587912,34412176,38764544,81248256
retained-20260902-f3945ac,F2-r06,2026-09-02T07:52:33.665115912Z,60.820867,34412354,38764544,80879616
retained-20260902-f3945ac,F2-r06,2026-09-02T07:52:33.675287441Z,70.992396,34412509,38764544,80879616
retained-20260902-f3945ac,F2-r06,2026-09-02T07:52:33.685472061Z,81.177014,34412642,38764544,80879616
retained-20260902-f3945ac,F2-r06,2026-09-02T07:52:33.694664658Z,90.369611,34412796,38764544,80879616
retained-20260902-f3945ac,F2-r06,2026-09-02T07:52:33.704788041Z,100.492994,34413007,38764544,80879616
retained-20260902-f3945ac,F2-r06,2026-09-02T07:52:33.714983004Z,110.687958,34413155,38764544,80879616
retained-20260902-f3945ac,F2-r06,2026-09-02T07:52:33.725155232Z,120.860186,34413310,38764544,80879616
retained-20260902-f3945ac,F2-r06,2026-09-02T07:52:33.735233775Z,130.938728,34413482,38764544,80879616
retained-20260902-f3945ac,F2-r06,2026-09-02T07:52:33.745402836Z,141.107790,34413596,38764544,80879616
retained-20260902-f3945ac,F2-r06,2026-09-02T07:52:33.754709914Z,150.414867,34413880,38764544,80879616
retained-20260902-f3945ac,F2-r06,2026-09-02T07:52:33.764877542Z,160.582496,34414051,38764544,80875520
retained-20260902-f3945ac,F2-r06,2026-09-02T07:52:33.775077678Z,170.782631,34414273,38764544,80875520
retained-20260902-f3945ac,F2-r06,2026-09-02T07:52:33.785289442Z,180.994396,34414504,38993920,80875520
retained-20260902-f3945ac,F2-r06,2026-09-02T07:52:33.795458496Z,191.163450,34414707,38993920,80875520
retained-20260902-f3945ac,F2-r06,2026-09-02T07:52:33.804684757Z,200.389710,34414902,38993920,80875520
retained-20260902-f3945ac,F2-r06,2026-09-02T07:52:33.814907321Z,210.612275,34415114,38993920,80875520
retained-20260902-f3945ac,F2-r06,2026-09-02T07:52:33.825064064Z,220.769017,34415269,38993920,80875520
retained-20260902-f3945ac,F2-r06,2026-09-02T07:52:33.835185185Z,230.890138,34415402,38993920,80875520
retained-20260902-f3945ac,F2-r06,2026-09-02T07:52:33.845332094Z,241.037047,34415537,38993920,80875520
retained-20260902-f3945ac,F2-r06,2026-09-02T07:52:33.854436264Z,250.141218,34415678,38993920,80875520
retained-20260902-f3945ac,F2-r06,2026-09-02T07:52:33.864663791Z,260.368744,34415873,38993920,81137664
retained-20260902-f3945ac,F2-r06,2026-09-02T07:52:33.874900004Z,270.604957,34416100,38993920,81137664
retained-20260902-f3945ac,F2-r06,2026-09-02T07:52:33.885136039Z,280.840992,34416340,38993920,81137664
retained-20260902-f3945ac,F2-r06,2026-09-02T07:52:33.89526706Z,290.972013,34416514,38993920,81137664
retained-20260902-f3945ac,F2-r06,2026-09-02T07:52:33.90546142Z,301.166374,34416704,38993920,81137664
retained-20260902-f3945ac,F2-r06,2026-09-02T07:52:33.914609467Z,310.314421,34416856,38993920,81137664
retained-20260902-f3945ac,F2-r06,2026-09-02T07:52:33.924738548Z,320.443502,34416971,38993920,81137664
retained-20260902-f3945ac,F2-r06,2026-09-02T07:52:33.934932967Z,330.637921,34417163,38993920,81137664
retained-20260902-f3945ac,F2-r06,2026-09-02T07:52:33.945122114Z,340.827067,34417333,38993920,81137664
retained-20260902-f3945ac,F2-r06,2026-09-02T07:52:33.95521161Z,350.916564,34417516,38993920,81137664
retained-20260902-f3945ac,F2-r06,2026-09-02T07:52:33.96537344Z,361.078393,34417736,38993920,81137664
retained-20260902-f3945ac,F2-r06,2026-09-02T07:52:33.974546343Z,370.251295,34417892,38993920,81137664
retained-20260902-f3945ac,F2-r06,2026-09-02T07:52:33.98470332Z,380.408273,34418106,38993920,81137664
retained-20260902-f3945ac,F2-r06,2026-09-02T07:52:33.994863038Z,390.567992,34418333,38993920,81137664
retained-20260902-f3945ac,F2-r06,2026-09-02T07:52:34.005052342Z,400.757295,34418573,38993920,81137664
retained-20260902-f3945ac,F2-r06,2026-09-02T07:52:34.015213254Z,410.918210,34418771,38993920,81137664
retained-20260902-f3945ac,F2-r06,2026-09-02T07:52:34.02543231Z,421.137264,34418997,38993920,81137664
retained-20260902-f3945ac,F2-r06,2026-09-02T07:52:34.034616392Z,430.321346,34419174,38993920,81137664
retained-20260902-f3945ac,F2-r06,2026-09-02T07:52:34.044866539Z,440.571492,34419390,38993920,81137664
retained-20260902-f3945ac,F2-r06,2026-09-02T07:52:34.055010009Z,450.714962,34419586,38993920,81137664
retained-20260902-f3945ac,F2-r06,2026-09-02T07:52:34.065203917Z,460.908870,34419721,38993920,81137664
retained-20260902-f3945ac,F2-r06,2026-09-02T07:52:34.075280659Z,470.985613,34419846,38993920,81137664
retained-20260902-f3945ac,F2-r06,2026-09-02T07:52:34.085443071Z,481.148025,34419994,38993920,81137664
retained-20260902-f3945ac,F2-r06,2026-09-02T07:52:34.094608795Z,490.313749,34420121,38993920,81137664
retained-20260902-f3945ac,F2-r06,2026-09-02T07:52:34.10471549Z,500.420443,34420254,38993920,81137664
retained-20260902-f3945ac,F2-r06,2026-09-02T07:52:34.109703353Z,505.408307,34421208,38993920,81137664
retained-20260902-f3945ac,S4-4-r06,2026-09-02T07:52:34.954490232Z,0.080780,35277496,32800768,180842496
retained-20260902-f3945ac,S4-4-r06,2026-09-02T07:52:35.002826866Z,48.417409,35282890,35323904,183476224
retained-20260902-f3945ac,S4-4-r06,2026-09-02T07:52:35.004567639Z,50.158188,35294504,37388288,195010560
retained-20260902-f3945ac,S4-4-r06,2026-09-02T07:52:35.014891983Z,60.482533,35342310,37847040,309829632
retained-20260902-f3945ac,S4-4-r06,2026-09-02T07:52:35.025159202Z,70.749750,35369844,37847040,391356416
retained-20260902-f3945ac,S4-4-r06,2026-09-02T07:52:35.035433844Z,81.024392,35423426,37847040,403677184
retained-20260902-f3945ac,S4-4-r06,2026-09-02T07:52:35.044780525Z,90.371074,35450433,37847040,403677184
retained-20260902-f3945ac,S4-4-r06,2026-09-02T07:52:35.054935008Z,100.525557,35450667,37847040,403677184
retained-20260902-f3945ac,S4-4-r06,2026-09-02T07:52:35.065094089Z,110.684638,35450798,37847040,403439616
retained-20260902-f3945ac,S4-4-r06,2026-09-02T07:52:35.075265196Z,120.855745,35450977,37847040,403439616
retained-20260902-f3945ac,S4-4-r06,2026-09-02T07:52:35.085464212Z,131.054760,35451127,37847040,403439616
retained-20260902-f3945ac,S4-4-r06,2026-09-02T07:52:35.095576218Z,141.166766,35451254,37847040,403439616
retained-20260902-f3945ac,S4-4-r06,2026-09-02T07:52:35.104733024Z,150.323572,35451378,37847040,403439616
retained-20260902-f3945ac,S4-4-r06,2026-09-02T07:52:35.114865623Z,160.456171,35451509,37847040,403439616
retained-20260902-f3945ac,S4-4-r06,2026-09-02T07:52:35.125056195Z,170.646744,35470484,37847040,403374080
retained-20260902-f3945ac,S4-4-r06,2026-09-02T07:52:35.135219457Z,180.810006,35523988,37847040,403374080
retained-20260902-f3945ac,S4-4-r06,2026-09-02T07:52:35.145427247Z,191.017796,35550837,37847040,403636224
retained-20260902-f3945ac,S4-4-r06,2026-09-02T07:52:35.155580167Z,201.170710,35550947,37847040,403636224
retained-20260902-f3945ac,S4-4-r06,2026-09-02T07:52:35.164750401Z,210.340945,35551035,37847040,403636224
retained-20260902-f3945ac,S4-4-r06,2026-09-02T07:52:35.174898824Z,220.489367,35551118,37847040,403636224
retained-20260902-f3945ac,S4-4-r06,2026-09-02T07:52:35.18504444Z,230.634992,35551179,37847040,403636224
retained-20260902-f3945ac,S4-4-r06,2026-09-02T07:52:35.195183723Z,240.774272,35551278,37847040,403697664
retained-20260902-f3945ac,S4-4-r06,2026-09-02T07:52:35.205338679Z,250.929227,35551358,37847040,403697664
retained-20260902-f3945ac,S4-4-r06,2026-09-02T07:52:35.215481961Z,261.072504,35551426,38076416,403697664
retained-20260902-f3945ac,S4-4-r06,2026-09-02T07:52:35.224817441Z,270.408012,35570388,38076416,403697664
retained-20260902-f3945ac,S4-4-r06,2026-09-02T07:52:35.235100514Z,280.691062,35624050,38076416,403697664
retained-20260902-f3945ac,S4-4-r06,2026-09-02T07:52:35.24530532Z,290.895869,35650965,38076416,403697664
retained-20260902-f3945ac,S4-4-r06,2026-09-02T07:52:35.255462074Z,301.052622,35651152,38076416,403697664
retained-20260902-f3945ac,S4-4-r06,2026-09-02T07:52:35.265602316Z,311.192864,35651289,38076416,403697664
retained-20260902-f3945ac,S4-4-r06,2026-09-02T07:52:35.274784675Z,320.375224,35651419,38076416,403697664
retained-20260902-f3945ac,S4-4-r06,2026-09-02T07:52:35.284939113Z,330.529661,35651546,38076416,403697664
retained-20260902-f3945ac,S4-4-r06,2026-09-02T07:52:35.29509048Z,340.681028,35651684,38076416,403697664
retained-20260902-f3945ac,S4-4-r06,2026-09-02T07:52:35.305269206Z,350.859754,35651813,38076416,403697664
retained-20260902-f3945ac,S4-4-r06,2026-09-02T07:52:35.315454991Z,361.045539,35651955,38076416,403697664
retained-20260902-f3945ac,S4-4-r06,2026-09-02T07:52:35.324593039Z,370.183582,35670901,38305792,403697664
retained-20260902-f3945ac,S4-4-r06,2026-09-02T07:52:35.334804593Z,380.395141,35724398,38305792,403697664
retained-20260902-f3945ac,S4-4-r06,2026-09-02T07:52:35.344956492Z,390.547040,35746706,38305792,403697664
retained-20260902-f3945ac,S4-4-r06,2026-09-02T07:52:35.418600089Z,464.190637,35746974,38305792,403697664
retained-20260902-f3945ac,S4-4-r06,2026-09-02T07:52:35.424785161Z,470.375709,35766160,38305792,426242048
retained-20260902-f3945ac,S4-4-r06,2026-09-02T07:52:35.435015737Z,480.606286,35820521,38305792,478670848
retained-20260902-f3945ac,S4-4-r06,2026-09-02T07:52:35.445146015Z,490.736563,35848038,38305792,522973184
retained-20260902-f3945ac,S4-4-r06,2026-09-02T07:52:35.455354836Z,500.945385,35852703,38305792,525856768
retained-20260902-f3945ac,S4-4-r06,2026-09-02T07:52:35.465530513Z,511.121062,35852860,38305792,525856768
retained-20260902-f3945ac,S4-4-r06,2026-09-02T07:52:35.474707902Z,520.298450,35853044,38305792,525856768
retained-20260902-f3945ac,S4-4-r06,2026-09-02T07:52:35.484848177Z,530.438720,35853243,38305792,525856768
retained-20260902-f3945ac,S4-4-r06,2026-09-02T07:52:35.518611187Z,564.201735,35853550,38305792,526397440
retained-20260902-f3945ac,S4-4-r06,2026-09-02T07:52:35.524847073Z,570.437622,35873365,38305792,565456896
retained-20260902-f3945ac,S4-4-r06,2026-09-02T07:52:35.535009461Z,580.600010,35927732,38305792,610545664
retained-20260902-f3945ac,S4-4-r06,2026-09-02T07:52:35.545248116Z,590.838664,35950319,38305792,629571584
retained-20260902-f3945ac,S4-4-r06,2026-09-02T07:52:35.55548806Z,601.078610,35950464,38305792,629571584
retained-20260902-f3945ac,S4-4-r06,2026-09-02T07:52:35.564686429Z,610.276977,35950597,38305792,629571584
retained-20260902-f3945ac,S4-4-r06,2026-09-02T07:52:35.574868085Z,620.458628,35950692,38305792,629571584
retained-20260902-f3945ac,S4-4-r06,2026-09-02T07:52:35.61857572Z,664.166263,35950852,38305792,629571584
retained-20260902-f3945ac,S4-4-r06,2026-09-02T07:52:35.62482763Z,670.418178,35969944,38305792,637169664
retained-20260902-f3945ac,S4-4-r06,2026-09-02T07:52:35.635008128Z,680.598677,36023591,38305792,637693952
retained-20260902-f3945ac,S4-4-r06,2026-09-02T07:52:35.645265026Z,690.855574,36050545,38305792,637423616
retained-20260902-f3945ac,S4-4-r06,2026-09-02T07:52:35.655435096Z,701.025644,36050731,38305792,637685760
retained-20260902-f3945ac,S4-4-r06,2026-09-02T07:52:35.66459751Z,710.188059,36050857,38305792,637685760
retained-20260902-f3945ac,S4-4-r06,2026-09-02T07:52:35.674791718Z,720.382266,36051027,38305792,637685760
retained-20260902-f3945ac,S4-4-r06,2026-09-02T07:52:35.684913883Z,730.504432,36051182,38305792,637685760
retained-20260902-f3945ac,S4-4-r06,2026-09-02T07:52:35.695027226Z,740.617775,36051289,38305792,637685760
retained-20260902-f3945ac,S4-4-r06,2026-09-02T07:52:35.705293968Z,750.884517,36051466,38305792,637685760
retained-20260902-f3945ac,S4-4-r06,2026-09-02T07:52:35.715484916Z,761.075466,36051639,38305792,637685760
retained-20260902-f3945ac,S4-4-r06,2026-09-02T07:52:35.72560155Z,771.192097,36070579,38305792,638734336
retained-20260902-f3945ac,S4-4-r06,2026-09-02T07:52:35.734868247Z,780.458796,36124215,38305792,639520768
retained-20260902-f3945ac,S4-4-r06,2026-09-02T07:52:35.74502808Z,790.618628,36151103,38305792,639520768
retained-20260902-f3945ac,S4-4-r06,2026-09-02T07:52:35.755190709Z,800.781252,36151248,38305792,639520768
retained-20260902-f3945ac,S4-4-r06,2026-09-02T07:52:35.765419309Z,811.009853,36151444,38305792,639520768
retained-20260902-f3945ac,S4-4-r06,2026-09-02T07:52:35.774583558Z,820.174107,36151604,38305792,639520768
retained-20260902-f3945ac,S4-4-r06,2026-09-02T07:52:35.784768696Z,830.359239,36151710,38305792,639520768
retained-20260902-f3945ac,S4-4-r06,2026-09-02T07:52:35.794945846Z,840.536390,36151823,38305792,639520768
retained-20260902-f3945ac,S4-4-r06,2026-09-02T07:52:35.805128245Z,850.718788,36151946,38535168,639520768
retained-20260902-f3945ac,S4-4-r06,2026-09-02T07:52:35.815224482Z,860.815025,36152265,38535168,639520768
retained-20260902-f3945ac,S4-4-r06,2026-09-02T07:52:35.825435076Z,871.025624,36171392,38535168,639782912
retained-20260902-f3945ac,S4-4-r06,2026-09-02T07:52:35.835624758Z,881.215306,36225021,38535168,640831488
retained-20260902-f3945ac,S4-4-r06,2026-09-02T07:52:35.844780751Z,890.371299,36251978,38535168,640831488
retained-20260902-f3945ac,S4-4-r06,2026-09-02T07:52:35.854957986Z,900.548534,36252186,38535168,640831488
retained-20260902-f3945ac,S4-4-r06,2026-09-02T07:52:35.865174875Z,910.765423,36252360,38535168,640831488
retained-20260902-f3945ac,S4-4-r06,2026-09-02T07:52:35.875272439Z,920.862989,36252562,38535168,640831488
retained-20260902-f3945ac,S4-4-r06,2026-09-02T07:52:35.885422119Z,931.012667,36252681,38535168,640684032
retained-20260902-f3945ac,S4-4-r06,2026-09-02T07:52:35.895590891Z,941.181440,36252817,38535168,640684032
retained-20260902-f3945ac,S4-4-r06,2026-09-02T07:52:35.904738404Z,950.328953,36252922,38535168,640684032
retained-20260902-f3945ac,S4-4-r06,2026-09-02T07:52:35.914900274Z,960.490821,36253075,38535168,640684032
retained-20260902-f3945ac,S4-4-r06,2026-09-02T07:52:35.925024479Z,970.615027,36272156,38535168,640684032
retained-20260902-f3945ac,S4-4-r06,2026-09-02T07:52:35.935147405Z,980.737953,36325781,38764544,642256896
retained-20260902-f3945ac,S4-4-r06,2026-09-02T07:52:36.018598103Z,1064.188652,36352814,38764544,642256896
retained-20260902-f3945ac,S4-4-r06,2026-09-02T07:52:36.024744704Z,1070.335253,36371912,38764544,642519040
retained-20260902-f3945ac,S4-4-r06,2026-09-02T07:52:36.03490735Z,1080.497899,36425563,38764544,643305472
retained-20260902-f3945ac,S4-4-r06,2026-09-02T07:52:36.045149081Z,1090.739630,36450912,38764544,643559424
retained-20260902-f3945ac,S4-4-r06,2026-09-02T07:52:36.055328321Z,1100.918870,36451062,38764544,643559424
retained-20260902-f3945ac,S4-4-r06,2026-09-02T07:52:36.065544984Z,1111.135532,36451209,38764544,643559424
retained-20260902-f3945ac,S4-4-r06,2026-09-02T07:52:36.074716126Z,1120.306674,36451338,38764544,643817472
retained-20260902-f3945ac,S4-4-r06,2026-09-02T07:52:36.084930724Z,1130.521272,36451510,38764544,643817472
retained-20260902-f3945ac,S4-4-r06,2026-09-02T07:52:36.095087342Z,1140.677890,36451640,38764544,643817472
retained-20260902-f3945ac,S4-4-r06,2026-09-02T07:52:36.105250523Z,1150.841073,36451779,38764544,643817472
retained-20260902-f3945ac,S4-4-r06,2026-09-02T07:52:36.115336746Z,1160.927294,36451909,38764544,643817472
retained-20260902-f3945ac,S4-4-r06,2026-09-02T07:52:36.125591853Z,1171.182402,36471335,38764544,645914624
retained-20260902-f3945ac,S4-4-r06,2026-09-02T07:52:36.134753371Z,1180.343919,36526134,38764544,650854400
retained-20260902-f3945ac,S4-4-r06,2026-09-02T07:52:36.144993653Z,1190.584201,36549457,38764544,653213696
retained-20260902-f3945ac,S4-4-r06,2026-09-02T07:52:36.218589713Z,1264.180261,36549738,38764544,653180928
retained-20260902-f3945ac,S4-4-r06,2026-09-02T07:52:36.224790572Z,1270.381120,36570808,38764544,605446144
retained-20260902-f3945ac,S4-4-r06,2026-09-02T07:52:36.234569532Z,1280.160075,36614202,37580800,511045632
retained-20260902-f3945ac,S4-4-r06,2026-09-02T07:52:36.244559552Z,1290.150099,36637225,38027264,460267520
retained-20260902-f3945ac,S4-4-r06,2026-09-02T07:52:36.245132675Z,1290.723224,36639338,38027264,459730944
retained-20260902-f3945ac,S4-2-r06,2026-09-02T07:52:36.782359919Z,0.088319,37105126,33259520,126959616
retained-20260902-f3945ac,S4-2-r06,2026-09-02T07:52:36.802839101Z,20.567496,37109489,35323904,128851968
retained-20260902-f3945ac,S4-2-r06,2026-09-02T07:52:36.813139736Z,30.868135,37134841,37847040,190717952
retained-20260902-f3945ac,S4-2-r06,2026-09-02T07:52:36.823240218Z,40.968618,37153432,37847040,232394752
retained-20260902-f3945ac,S4-2-r06,2026-09-02T07:52:36.833473782Z,51.202182,37171398,37847040,241045504
retained-20260902-f3945ac,S4-2-r06,2026-09-02T07:52:36.842680326Z,60.408726,37189355,37847040,241045504
retained-20260902-f3945ac,S4-2-r06,2026-09-02T07:52:36.852879431Z,70.607830,37216169,37847040,241045504
retained-20260902-f3945ac,S4-2-r06,2026-09-02T07:52:36.863125049Z,80.853449,37238551,37847040,241045504
retained-20260902-f3945ac,S4-2-r06,2026-09-02T07:52:36.873327013Z,91.055412,37238707,37847040,240910336
retained-20260902-f3945ac,S4-2-r06,2026-09-02T07:52:36.883444629Z,101.173028,37238832,37847040,240873472
retained-20260902-f3945ac,S4-2-r06,2026-09-02T07:52:36.892589821Z,110.318220,37238943,37847040,240873472
retained-20260902-f3945ac,S4-2-r06,2026-09-02T07:52:36.902738933Z,120.467332,37239150,37847040,241131520
retained-20260902-f3945ac,S4-2-r06,2026-09-02T07:52:36.912958882Z,130.687281,37239280,37847040,241131520
retained-20260902-f3945ac,S4-2-r06,2026-09-02T07:52:36.923115165Z,140.843564,37248875,37847040,241131520
retained-20260902-f3945ac,S4-2-r06,2026-09-02T07:52:36.933310639Z,151.039038,37266817,37847040,241131520
retained-20260902-f3945ac,S4-2-r06,2026-09-02T07:52:36.943453017Z,161.181418,37293657,37847040,241131520
retained-20260902-f3945ac,S4-2-r06,2026-09-02T07:52:36.952677279Z,170.405678,37311600,37847040,241131520
retained-20260902-f3945ac,S4-2-r06,2026-09-02T07:52:36.962891269Z,180.619670,37338468,37847040,241131520
retained-20260902-f3945ac,S4-2-r06,2026-09-02T07:52:36.97303001Z,190.758410,37343057,37847040,242442240
retained-20260902-f3945ac,S4-2-r06,2026-09-02T07:52:37.018578852Z,236.307252,37343273,37847040,242704384
retained-20260902-f3945ac,S4-2-r06,2026-09-02T07:52:37.022830079Z,240.558478,37352980,37847040,250568704
retained-20260902-f3945ac,S4-2-r06,2026-09-02T07:52:37.03302794Z,250.756339,37371446,37847040,283336704
retained-20260902-f3945ac,S4-2-r06,2026-09-02T07:52:37.043222342Z,260.950742,37398838,38076416,321609728
retained-20260902-f3945ac,S4-2-r06,2026-09-02T07:52:37.053465705Z,271.194105,37419454,38076416,350969856
retained-20260902-f3945ac,S4-2-r06,2026-09-02T07:52:37.062676625Z,280.405024,37435387,38076416,354902016
retained-20260902-f3945ac,S4-2-r06,2026-09-02T07:52:37.072902323Z,290.630722,37440039,38076416,354643968
retained-20260902-f3945ac,S4-2-r06,2026-09-02T07:52:37.083086543Z,300.814943,37440222,38076416,354643968
retained-20260902-f3945ac,S4-2-r06,2026-09-02T07:52:37.093289313Z,311.017713,37440416,38076416,354643968
retained-20260902-f3945ac,S4-2-r06,2026-09-02T07:52:37.10343302Z,321.161414,37440509,38076416,354643968
retained-20260902-f3945ac,S4-2-r06,2026-09-02T07:52:37.112628041Z,330.356436,37440613,38076416,354643968
retained-20260902-f3945ac,S4-2-r06,2026-09-02T07:52:37.122789185Z,340.517584,37450264,38076416,354643968
retained-20260902-f3945ac,S4-2-r06,2026-09-02T07:52:37.132995233Z,350.723633,37468371,38076416,354906112
retained-20260902-f3945ac,S4-2-r06,2026-09-02T07:52:37.143194437Z,360.922836,37495315,38076416,354906112
retained-20260902-f3945ac,S4-2-r06,2026-09-02T07:52:37.153374843Z,371.103243,37513385,38076416,355430400
retained-20260902-f3945ac,S4-2-r06,2026-09-02T07:52:37.162608451Z,380.336850,37531390,38076416,356212736
retained-20260902-f3945ac,S4-2-r06,2026-09-02T07:52:37.172811795Z,390.540194,37540498,38076416,355794944
retained-20260902-f3945ac,S4-2-r06,2026-09-02T07:52:37.183032018Z,400.760426,37540662,38076416,356057088
retained-20260902-f3945ac,S4-2-r06,2026-09-02T07:52:37.193243516Z,410.971916,37540826,38076416,356057088
retained-20260902-f3945ac,S4-2-r06,2026-09-02T07:52:37.203392554Z,421.120953,37540984,38076416,356057088
retained-20260902-f3945ac,S4-2-r06,2026-09-02T07:52:37.21251729Z,430.245690,37541150,38076416,356057088
retained-20260902-f3945ac,S4-2-r06,2026-09-02T07:52:37.22274492Z,440.473342,37550835,38076416,356581376
retained-20260902-f3945ac,S4-2-r06,2026-09-02T07:52:37.233113284Z,450.841709,37568852,38076416,356581376
retained-20260902-f3945ac,S4-2-r06,2026-09-02T07:52:37.243452032Z,461.180431,37595934,38076416,356843520
retained-20260902-f3945ac,S4-2-r06,2026-09-02T07:52:37.25275141Z,470.479809,37613996,38076416,357105664
retained-20260902-f3945ac,S4-2-r06,2026-09-02T07:52:37.262964838Z,480.693237,37636439,38305792,357105664
retained-20260902-f3945ac,S4-2-r06,2026-09-02T07:52:37.273158003Z,490.886403,37641044,38305792,357584896
retained-20260902-f3945ac,S4-2-r06,2026-09-02T07:52:37.283312047Z,501.040446,37641189,38305792,357584896
retained-20260902-f3945ac,S4-2-r06,2026-09-02T07:52:37.292492118Z,510.220517,37641379,38305792,357584896
retained-20260902-f3945ac,S4-2-r06,2026-09-02T07:52:37.302627116Z,520.355516,37641529,38305792,357584896
retained-20260902-f3945ac,S4-2-r06,2026-09-02T07:52:37.312774875Z,530.503275,37641660,38305792,357584896
retained-20260902-f3945ac,S4-2-r06,2026-09-02T07:52:37.322971346Z,540.699745,37651266,38305792,357584896
retained-20260902-f3945ac,S4-2-r06,2026-09-02T07:52:37.333254113Z,550.982513,37669489,38305792,358109184
retained-20260902-f3945ac,S4-2-r06,2026-09-02T07:52:37.343476403Z,561.204802,37696667,38305792,359419904
retained-20260902-f3945ac,S4-2-r06,2026-09-02T07:52:37.352709728Z,570.438128,37715145,38535168,361517056
retained-20260902-f3945ac,S4-2-r06,2026-09-02T07:52:37.362893601Z,580.622000,37740678,38535168,361517056
retained-20260902-f3945ac,S4-2-r06,2026-09-02T07:52:37.373121467Z,590.849868,37740893,38535168,361349120
retained-20260902-f3945ac,S4-2-r06,2026-09-02T07:52:37.383281856Z,601.010256,37741118,38535168,361349120
retained-20260902-f3945ac,S4-2-r06,2026-09-02T07:52:37.392477045Z,610.205445,37741357,38535168,361086976
retained-20260902-f3945ac,S4-2-r06,2026-09-02T07:52:37.402716147Z,620.444546,37741639,38535168,361086976
retained-20260902-f3945ac,S4-2-r06,2026-09-02T07:52:37.412981728Z,630.710127,37741762,38764544,361086976
retained-20260902-f3945ac,S4-2-r06,2026-09-02T07:52:37.422512094Z,640.240488,37745643,40140800,316542976
retained-20260902-f3945ac,S4-2-r06,2026-09-02T07:52:37.432472342Z,650.200739,37769479,38481920,266510336
retained-20260902-f3945ac,S4-2-r06,2026-09-02T07:52:37.435091407Z,652.819805,37779461,37216256,263438336
retained-20260902-f3945ac,S3-COLD-CONTROL-r07,2026-09-02T07:52:37.677185211Z,0.065451,38003747,58564608,94003200
retained-20260902-f3945ac,S3-COLD-CONTROL-r07,2026-09-02T07:52:37.68817901Z,11.059244,38016162,94347264,130125824
retained-20260902-f3945ac,S3-COLD-CONTROL-r07,2026-09-02T07:52:37.697395696Z,20.275936,38025234,114302976,150048768
retained-20260902-f3945ac,S3-COLD-CONTROL-r07,2026-09-02T07:52:37.707706164Z,30.586425,38038872,114532352,149848064
retained-20260902-f3945ac,S3-COLD-CONTROL-r07,2026-09-02T07:52:37.718049166Z,40.929405,38039293,114532352,149848064
retained-20260902-f3945ac,S3-COLD-CONTROL-r07,2026-09-02T07:52:37.72825247Z,51.132710,38048715,114532352,149848064
retained-20260902-f3945ac,S3-COLD-CONTROL-r07,2026-09-02T07:52:37.737427828Z,60.308068,38057801,114532352,149848064
retained-20260902-f3945ac,S3-COLD-CONTROL-r07,2026-09-02T07:52:37.747618193Z,70.498433,38071321,114532352,149848064
retained-20260902-f3945ac,S3-COLD-CONTROL-r07,2026-09-02T07:52:37.757871715Z,80.751954,38080480,114532352,150106112
retained-20260902-f3945ac,S3-COLD-CONTROL-r07,2026-09-02T07:52:37.768052243Z,90.932482,38094024,114532352,150106112
retained-20260902-f3945ac,S3-COLD-CONTROL-r07,2026-09-02T07:52:37.778261679Z,101.141919,38103189,114532352,150106112
retained-20260902-f3945ac,S3-COLD-CONTROL-r07,2026-09-02T07:52:37.787482388Z,110.362628,38116728,114532352,150106112
retained-20260902-f3945ac,S3-COLD-CONTROL-r07,2026-09-02T07:52:37.79762514Z,120.505380,38125919,126230528,161902592
retained-20260902-f3945ac,S3-COLD-CONTROL-r07,2026-09-02T07:52:37.80778819Z,130.668429,38135100,135864320,171601920
retained-20260902-f3945ac,S3-COLD-CONTROL-r07,2026-09-02T07:52:37.818001846Z,140.882086,38135295,136093696,171601920
retained-20260902-f3945ac,S3-COLD-CONTROL-r07,2026-09-02T07:52:37.828227691Z,151.107930,38144942,154214400,189952000
retained-20260902-f3945ac,S3-COLD-CONTROL-r07,2026-09-02T07:52:37.837431439Z,160.311678,38154355,171188224,206729216
retained-20260902-f3945ac,S3-COLD-CONTROL-r07,2026-09-02T07:52:37.847623404Z,170.503643,38167897,173940736,209350656
retained-20260902-f3945ac,S3-COLD-CONTROL-r07,2026-09-02T07:52:37.857829879Z,180.710118,38177025,173940736,209350656
retained-20260902-f3945ac,S3-COLD-CONTROL-r07,2026-09-02T07:52:37.868022282Z,190.902522,38190603,174170112,209612800
retained-20260902-f3945ac,S3-COLD-CONTROL-r07,2026-09-02T07:52:37.878288307Z,201.168546,38199790,174170112,209612800
retained-20260902-f3945ac,S3-COLD-CONTROL-r07,2026-09-02T07:52:37.887441542Z,210.321781,38213305,174170112,209358848
retained-20260902-f3945ac,S3-COLD-CONTROL-r07,2026-09-02T07:52:37.897712228Z,220.592468,38222465,174628864,210141184
retained-20260902-f3945ac,S3-COLD-CONTROL-r07,2026-09-02T07:52:37.907973836Z,230.854075,38236050,174628864,210141184
retained-20260902-f3945ac,S3-COLD-CONTROL-r07,2026-09-02T07:52:37.918181142Z,241.061381,38236226,174628864,210137088
retained-20260902-f3945ac,S3-COLD-CONTROL-r07,2026-09-02T07:52:37.928307942Z,251.188182,38245617,175087616,210661376
retained-20260902-f3945ac,S3-COLD-CONTROL-r07,2026-09-02T07:52:37.9374792Z,260.359441,38254775,175087616,210661376
retained-20260902-f3945ac,S3-COLD-CONTROL-r07,2026-09-02T07:52:37.947664576Z,270.544815,38268339,175316992,210923520
retained-20260902-f3945ac,S3-COLD-CONTROL-r07,2026-09-02T07:52:37.957912157Z,280.792396,38277493,175316992,210923520
retained-20260902-f3945ac,S3-COLD-CONTROL-r07,2026-09-02T07:52:37.968110094Z,290.990334,38292266,176693248,212496384
retained-20260902-f3945ac,S3-COLD-CONTROL-r07,2026-09-02T07:52:37.9783039Z,301.184140,38300546,176693248,212496384
retained-20260902-f3945ac,S3-COLD-CONTROL-r07,2026-09-02T07:52:37.987481695Z,310.361934,38314020,176693248,212496384
retained-20260902-f3945ac,S3-COLD-CONTROL-r07,2026-09-02T07:52:37.993061754Z,315.941994,38320094,128946176,164896768
retained-20260902-f3945ac,S3-COLD-r07,2026-09-02T07:52:38.227017311Z,0.071923,38542317,58515456,94810112
retained-20260902-f3945ac,S3-COLD-r07,2026-09-02T07:52:38.242849971Z,15.904577,38544670,60350464,96444416
retained-20260902-f3945ac,S3-COLD-r07,2026-09-02T07:52:38.256503805Z,29.558417,38550543,66543616,102735872
retained-20260902-f3945ac,S3-COLD-r07,2026-09-02T07:52:38.265384182Z,38.438788,38550543,66543616,102735872
retained-20260902-f3945ac,S3-COLD-r07,2026-09-02T07:52:38.281081505Z,54.136111,38581236,162881536,205496320
retained-20260902-f3945ac,S3-COLD-r07,2026-09-02T07:52:38.287209872Z,60.264484,38602257,169762816,206282752
retained-20260902-f3945ac,S3-COLD-r07,2026-09-02T07:52:38.297380264Z,70.434875,38619811,169762816,206282752
retained-20260902-f3945ac,S3-COLD-r07,2026-09-02T07:52:38.307635734Z,80.690346,38637472,169762816,206282752
retained-20260902-f3945ac,S3-COLD-r07,2026-09-02T07:52:38.317910152Z,90.964763,38637753,169762816,206282752
retained-20260902-f3945ac,S3-COLD-r07,2026-09-02T07:52:38.328124981Z,101.179593,38655916,169762816,206282752
retained-20260902-f3945ac,S3-COLD-r07,2026-09-02T07:52:38.337342224Z,110.396835,38673535,169762816,206282752
retained-20260902-f3945ac,S3-COLD-r07,2026-09-02T07:52:38.347564655Z,120.619267,38699844,169762816,206282752
retained-20260902-f3945ac,S3-COLD-r07,2026-09-02T07:52:38.357746747Z,130.801361,38717424,169762816,206282752
retained-20260902-f3945ac,S3-COLD-r07,2026-09-02T07:52:38.367952636Z,141.007249,38739481,169762816,206282752
retained-20260902-f3945ac,S3-COLD-r07,2026-09-02T07:52:38.377158198Z,150.212810,38739621,169762816,206282752
retained-20260902-f3945ac,S3-COLD-r07,2026-09-02T07:52:38.387261257Z,160.315869,38739771,169762816,206282752
retained-20260902-f3945ac,S3-COLD-r07,2026-09-02T07:52:38.397422542Z,170.477154,38739951,169762816,206282752
retained-20260902-f3945ac,S3-COLD-r07,2026-09-02T07:52:38.4075604Z,180.615012,38740125,169762816,206282752
retained-20260902-f3945ac,S3-COLD-r07,2026-09-02T07:52:38.417705672Z,190.760284,38740272,169762816,206282752
retained-20260902-f3945ac,S3-COLD-r07,2026-09-02T07:52:38.427915206Z,200.969825,38758526,169762816,206282752
retained-20260902-f3945ac,S3-COLD-r07,2026-09-02T07:52:38.437194362Z,210.248973,38776234,169762816,206282752
retained-20260902-f3945ac,S3-COLD-r07,2026-09-02T07:52:38.447483641Z,220.538254,38803277,192700416,229613568
retained-20260902-f3945ac,S3-COLD-r07,2026-09-02T07:52:38.457876679Z,230.931291,38821891,227794944,264740864
retained-20260902-f3945ac,S3-COLD-r07,2026-09-02T07:52:38.468110063Z,241.164675,38839772,243621888,280731648
retained-20260902-f3945ac,S3-COLD-r07,2026-09-02T07:52:38.477342072Z,250.396684,38839960,243621888,280731648
retained-20260902-f3945ac,S3-COLD-r07,2026-09-02T07:52:38.487495455Z,260.550067,38840152,243621888,280731648
retained-20260902-f3945ac,S3-COLD-r07,2026-09-02T07:52:38.497675191Z,270.729803,38840363,243851264,280731648
retained-20260902-f3945ac,S3-COLD-r07,2026-09-02T07:52:38.507827151Z,280.881762,38840584,243851264,280731648
retained-20260902-f3945ac,S3-COLD-r07,2026-09-02T07:52:38.518077749Z,291.132361,38840830,243851264,280485888
retained-20260902-f3945ac,S3-COLD-r07,2026-09-02T07:52:38.527288264Z,300.342871,38859511,270458880,306962432
retained-20260902-f3945ac,S3-COLD-r07,2026-09-02T07:52:38.537505061Z,310.559668,38877377,289267712,325836800
retained-20260902-f3945ac,S3-COLD-r07,2026-09-02T07:52:38.547835713Z,320.890326,38903736,289726464,326361088
retained-20260902-f3945ac,S3-COLD-r07,2026-09-02T07:52:38.558064751Z,331.119363,38921453,289955840,326623232
retained-20260902-f3945ac,S3-COLD-r07,2026-09-02T07:52:38.567225741Z,340.280353,38939066,289955840,326553600
retained-20260902-f3945ac,S3-COLD-r07,2026-09-02T07:52:38.577387256Z,350.441868,38939259,289955840,326807552
retained-20260902-f3945ac,S3-COLD-r07,2026-09-02T07:52:38.587536471Z,360.591083,38939402,289955840,326807552
retained-20260902-f3945ac,S3-COLD-r07,2026-09-02T07:52:38.597691751Z,370.746363,38939578,289955840,326807552
retained-20260902-f3945ac,S3-COLD-r07,2026-09-02T07:52:38.607861141Z,380.915753,38939789,289955840,326807552
retained-20260902-f3945ac,S3-COLD-r07,2026-09-02T07:52:38.618026796Z,391.081408,38939983,289955840,326803456
retained-20260902-f3945ac,S3-COLD-r07,2026-09-02T07:52:38.627218355Z,400.272968,38958153,290185216,327065600
retained-20260902-f3945ac,S3-COLD-r07,2026-09-02T07:52:38.637444577Z,410.499189,38975789,290643968,327327744
retained-20260902-f3945ac,S3-COLD-r07,2026-09-02T07:52:38.647665777Z,420.720388,39002146,291102720,327827456
retained-20260902-f3945ac,S3-COLD-r07,2026-09-02T07:52:38.657887626Z,430.942237,39019808,291332096,328351744
retained-20260902-f3945ac,S3-COLD-r07,2026-09-02T07:52:38.668120598Z,441.175209,39041863,291332096,328351744
retained-20260902-f3945ac,S3-COLD-r07,2026-09-02T07:52:38.677337184Z,450.391797,39042034,291332096,328351744
retained-20260902-f3945ac,S3-COLD-r07,2026-09-02T07:52:38.687458033Z,460.512645,39042286,291332096,328351744
retained-20260902-f3945ac,S3-COLD-r07,2026-09-02T07:52:38.697682666Z,470.737279,39042496,291332096,328351744
retained-20260902-f3945ac,S3-COLD-r07,2026-09-02T07:52:38.707810549Z,480.865161,39042665,291332096,328351744
retained-20260902-f3945ac,S3-COLD-r07,2026-09-02T07:52:38.717948248Z,491.002860,39042854,291332096,328351744
retained-20260902-f3945ac,S3-COLD-r07,2026-09-02T07:52:38.728140343Z,501.194956,39061040,291561472,328613888
retained-20260902-f3945ac,S3-COLD-r07,2026-09-02T07:52:38.737356369Z,510.410981,39078664,292020224,328876032
retained-20260902-f3945ac,S3-COLD-r07,2026-09-02T07:52:38.747640816Z,520.695427,39105044,292478976,329138176
retained-20260902-f3945ac,S3-COLD-r07,2026-09-02T07:52:38.757802388Z,530.856994,39125738,293855232,330711040
retained-20260902-f3945ac,S3-COLD-r07,2026-09-02T07:52:38.768000874Z,541.055487,39140615,293855232,330711040
retained-20260902-f3945ac,S3-COLD-r07,2026-09-02T07:52:38.777149708Z,550.204320,39140744,293855232,330711040
retained-20260902-f3945ac,S3-COLD-r07,2026-09-02T07:52:38.787275217Z,560.329828,39140911,293855232,330711040
retained-20260902-f3945ac,S3-COLD-r07,2026-09-02T07:52:38.797491766Z,570.546377,39141110,293855232,330711040
retained-20260902-f3945ac,S3-COLD-r07,2026-09-02T07:52:38.807680323Z,580.734935,39141280,293855232,330711040
retained-20260902-f3945ac,S3-COLD-r07,2026-09-02T07:52:38.817843552Z,590.898165,39141455,293855232,330711040
retained-20260902-f3945ac,S3-COLD-r07,2026-09-02T07:52:38.827261495Z,600.316102,39159957,293855232,330711040
retained-20260902-f3945ac,S3-COLD-r07,2026-09-02T07:52:38.837150661Z,610.205273,39177716,248504320,285036544
retained-20260902-f3945ac,S3-COLD-r07,2026-09-02T07:52:38.847287846Z,620.342458,39190876,248504320,285036544
retained-20260902-f3945ac,S3-COLD-r07,2026-09-02T07:52:38.85711228Z,630.166886,39202061,204783616,246288384
retained-20260902-f3945ac,S3-COLD-r07,2026-09-02T07:52:38.861485569Z,634.540181,39211465,198303744,235565056
retained-20260902-f3945ac,S3-WARM-CONTROL-r07,2026-09-02T07:52:39.426718191Z,0.023403,39740307,126795776,161386496
retained-20260902-f3945ac,S3-WARM-CONTROL-r07,2026-09-02T07:52:39.427884018Z,1.189231,39741762,127254528,161681408
retained-20260902-f3945ac,S3-WARM-r07,2026-09-02T07:52:39.9525318Z,0.041420,40270722,126377984,161755136
retained-20260902-f3945ac,S3-WARM-r07,2026-09-02T07:52:39.970899739Z,18.409353,40272524,126607360,161918976
retained-20260902-f3945ac,S3-WARM-r07,2026-09-02T07:52:39.982554632Z,30.064247,40280603,131883008,168210432
retained-20260902-f3945ac,S3-WARM-r07,2026-09-02T07:52:39.996946424Z,44.456038,40280603,131883008,168210432
retained-20260902-f3945ac,S3-WARM-r07,2026-09-02T07:52:40.00318236Z,50.691987,40289459,132571136,168730624
retained-20260902-f3945ac,S3-WARM-r07,2026-09-02T07:52:40.01335718Z,60.866795,40298284,132571136,168730624
retained-20260902-f3945ac,S3-WARM-r07,2026-09-02T07:52:40.023565435Z,71.075054,40311551,132571136,168726528
retained-20260902-f3945ac,S3-WARM-r07,2026-09-02T07:52:40.032727105Z,80.236725,40320458,132800512,168726528
retained-20260902-f3945ac,S3-WARM-r07,2026-09-02T07:52:40.042920547Z,90.430167,40333701,132800512,168726528
retained-20260902-f3945ac,S3-WARM-r07,2026-09-02T07:52:40.053088752Z,100.598372,40342606,132800512,168984576
retained-20260902-f3945ac,S3-WARM-r07,2026-09-02T07:52:40.063284145Z,110.793765,40355878,132800512,168984576
retained-20260902-f3945ac,S3-WARM-r07,2026-09-02T07:52:40.073503179Z,121.012799,40364785,132800512,168984576
retained-20260902-f3945ac,S3-WARM-r07,2026-09-02T07:52:40.082661991Z,130.171610,40373622,132800512,168775680
retained-20260902-f3945ac,S3-WARM-r07,2026-09-02T07:52:40.092833867Z,140.343487,40386904,136929280,172969984
retained-20260902-f3945ac,S3-WARM-r07,2026-09-02T07:52:40.103011888Z,150.521507,40400324,156426240,192630784
retained-20260902-f3945ac,S3-WARM-r07,2026-09-02T07:52:40.113243773Z,160.753393,40409378,170647552,206786560
retained-20260902-f3945ac,S3-WARM-r07,2026-09-02T07:52:40.123366786Z,170.876406,40414360,179593216,215961600
retained-20260902-f3945ac,S3-WARM-r07,2026-09-02T07:52:40.133600596Z,181.110216,40423374,183033856,219369472
retained-20260902-f3945ac,S3-WARM-r07,2026-09-02T07:52:40.142814692Z,190.324336,40436639,183033856,219369472
retained-20260902-f3945ac,S3-WARM-r07,2026-09-02T07:52:40.153091446Z,200.601066,40445718,183033856,219369472
retained-20260902-f3945ac,S3-WARM-r07,2026-09-02T07:52:40.163309291Z,210.818911,40459030,183492608,220155904
retained-20260902-f3945ac,S3-WARM-r07,2026-09-02T07:52:40.173560364Z,221.069984,40467993,183492608,220155904
retained-20260902-f3945ac,S3-WARM-r07,2026-09-02T07:52:40.182792002Z,230.301621,40481308,183721984,220438528
retained-20260902-f3945ac,S3-WARM-r07,2026-09-02T07:52:40.193005407Z,240.515027,40490252,183721984,220438528
retained-20260902-f3945ac,S3-WARM-r07,2026-09-02T07:52:40.203298954Z,250.808574,40503528,184180736,220700672
retained-20260902-f3945ac,S3-WARM-r07,2026-09-02T07:52:40.213467665Z,260.977285,40508217,184180736,220700672
retained-20260902-f3945ac,S3-WARM-r07,2026-09-02T07:52:40.22265235Z,270.161970,40508698,184410112,220700672
retained-20260902-f3945ac,S3-WARM-r07,2026-09-02T07:52:40.232810899Z,280.320518,40522022,184410112,220700672
retained-20260902-f3945ac,S3-WARM-r07,2026-09-02T07:52:40.243024402Z,290.534023,40535233,184868864,221224960
retained-20260902-f3945ac,S3-WARM-r07,2026-09-02T07:52:40.253253007Z,300.762627,40544154,184868864,221224960
retained-20260902-f3945ac,S3-WARM-r07,2026-09-02T07:52:40.263412669Z,310.922283,40557818,186703872,222535680
retained-20260902-f3945ac,S3-WARM-r07,2026-09-02T07:52:40.273626384Z,321.136004,40566914,186703872,222535680
retained-20260902-f3945ac,S3-WARM-r07,2026-09-02T07:52:40.28280148Z,330.311100,40580154,186933248,222306304
retained-20260902-f3945ac,S3-WARM-r07,2026-09-02T07:52:40.292746798Z,340.256419,40593301,141459456,180891648
retained-20260902-f3945ac,S3-WARM-r07,2026-09-02T07:52:40.29580623Z,343.315848,40598246,137048064,172556288
retained-20260902-f3945ac,F2-r07,2026-09-02T07:52:40.339345009Z,0.040953,40633071,33488896,76259328
retained-20260902-f3945ac,F2-r07,2026-09-02T07:52:40.350411593Z,11.107530,40636988,38535168,81481728
retained-20260902-f3945ac,F2-r07,2026-09-02T07:52:40.359606137Z,20.302073,40637132,38535168,81481728
retained-20260902-f3945ac,F2-r07,2026-09-02T07:52:40.369797159Z,30.493096,40637262,38535168,81481728
retained-20260902-f3945ac,F2-r07,2026-09-02T07:52:40.379944676Z,40.640612,40637375,38535168,81219584
retained-20260902-f3945ac,F2-r07,2026-09-02T07:52:40.390118034Z,50.813971,40637526,38535168,81219584
retained-20260902-f3945ac,F2-r07,2026-09-02T07:52:40.40031882Z,61.014757,40637705,38535168,81219584
retained-20260902-f3945ac,F2-r07,2026-09-02T07:52:40.410489099Z,71.185035,40637845,38535168,81219584
retained-20260902-f3945ac,F2-r07,2026-09-02T07:52:40.419690959Z,80.386897,40638000,38535168,81219584
retained-20260902-f3945ac,F2-r07,2026-09-02T07:52:40.429899854Z,90.595790,40638157,38535168,81219584
retained-20260902-f3945ac,F2-r07,2026-09-02T07:52:40.440102139Z,100.798076,40638302,38535168,81219584
retained-20260902-f3945ac,F2-r07,2026-09-02T07:52:40.450297823Z,110.993760,40638463,38535168,81219584
retained-20260902-f3945ac,F2-r07,2026-09-02T07:52:40.460446516Z,121.142452,40638574,38535168,81219584
retained-20260902-f3945ac,F2-r07,2026-09-02T07:52:40.469606762Z,130.302699,40638700,38535168,81219584
retained-20260902-f3945ac,F2-r07,2026-09-02T07:52:40.479813814Z,140.509751,40638867,38535168,81219584
retained-20260902-f3945ac,F2-r07,2026-09-02T07:52:40.489982044Z,150.677980,40639020,38535168,81219584
retained-20260902-f3945ac,F2-r07,2026-09-02T07:52:40.500170639Z,160.866576,40639159,38535168,80773120
retained-20260902-f3945ac,F2-r07,2026-09-02T07:52:40.510397872Z,171.093809,40639281,38535168,81027072
retained-20260902-f3945ac,F2-r07,2026-09-02T07:52:40.51950792Z,180.203857,40639473,38535168,81027072
retained-20260902-f3945ac,F2-r07,2026-09-02T07:52:40.52966058Z,190.356517,40639593,38535168,81027072
retained-20260902-f3945ac,F2-r07,2026-09-02T07:52:40.539848499Z,200.544435,40639726,38535168,81027072
retained-20260902-f3945ac,F2-r07,2026-09-02T07:52:40.550027032Z,210.722969,40639843,38535168,81027072
retained-20260902-f3945ac,F2-r07,2026-09-02T07:52:40.56020037Z,220.896307,40639958,38535168,81027072
retained-20260902-f3945ac,F2-r07,2026-09-02T07:52:40.570347829Z,231.043766,40640069,38535168,81027072
retained-20260902-f3945ac,F2-r07,2026-09-02T07:52:40.580506014Z,241.201952,40640198,38535168,81027072
retained-20260902-f3945ac,F2-r07,2026-09-02T07:52:40.589717174Z,250.413111,40640348,38535168,81027072
retained-20260902-f3945ac,F2-r07,2026-09-02T07:52:40.599946586Z,260.642523,40640527,38535168,81027072
retained-20260902-f3945ac,F2-r07,2026-09-02T07:52:40.610094062Z,270.789999,40640651,38535168,81027072
retained-20260902-f3945ac,F2-r07,2026-09-02T07:52:40.620271473Z,280.967409,40640787,38535168,81027072
retained-20260902-f3945ac,F2-r07,2026-09-02T07:52:40.630439478Z,291.135414,40640929,38535168,81027072
retained-20260902-f3945ac,F2-r07,2026-09-02T07:52:40.639595737Z,300.291674,40641024,38535168,81027072
retained-20260902-f3945ac,F2-r07,2026-09-02T07:52:40.649824953Z,310.520889,40641185,38535168,81027072
retained-20260902-f3945ac,F2-r07,2026-09-02T07:52:40.660006241Z,320.702178,40641367,38535168,81027072
retained-20260902-f3945ac,F2-r07,2026-09-02T07:52:40.670205467Z,330.901403,40641508,38535168,81027072
retained-20260902-f3945ac,F2-r07,2026-09-02T07:52:40.680354761Z,341.050697,40641648,38535168,81027072
retained-20260902-f3945ac,F2-r07,2026-09-02T07:52:40.690527971Z,351.223907,40641794,38535168,81027072
retained-20260902-f3945ac,F2-r07,2026-09-02T07:52:40.699735219Z,360.431155,40641969,38535168,81027072
retained-20260902-f3945ac,F2-r07,2026-09-02T07:52:40.709909215Z,370.605151,40642136,38535168,81027072
retained-20260902-f3945ac,F2-r07,2026-09-02T07:52:40.720096844Z,380.792780,40642272,38535168,81027072
retained-20260902-f3945ac,F2-r07,2026-09-02T07:52:40.730231754Z,390.927692,40642370,38535168,81027072
retained-20260902-f3945ac,F2-r07,2026-09-02T07:52:40.740442317Z,401.138255,40642550,38535168,81027072
retained-20260902-f3945ac,F2-r07,2026-09-02T07:52:40.749588058Z,410.283995,40642677,38535168,81027072
retained-20260902-f3945ac,F2-r07,2026-09-02T07:52:40.75971798Z,420.413917,40642781,38535168,81027072
retained-20260902-f3945ac,F2-r07,2026-09-02T07:52:40.769922459Z,430.618396,40642932,38535168,81027072
retained-20260902-f3945ac,F2-r07,2026-09-02T07:52:40.78009511Z,440.791047,40643043,38535168,81027072
retained-20260902-f3945ac,F2-r07,2026-09-02T07:52:40.790301051Z,450.996988,40643201,38535168,81027072
retained-20260902-f3945ac,F2-r07,2026-09-02T07:52:40.800456387Z,461.152323,40643338,38535168,81027072
retained-20260902-f3945ac,F2-r07,2026-09-02T07:52:40.809626136Z,470.322073,40643460,38535168,81027072
retained-20260902-f3945ac,F2-r07,2026-09-02T07:52:40.819868501Z,480.564438,40643648,38535168,81027072
retained-20260902-f3945ac,F2-r07,2026-09-02T07:52:40.830077382Z,490.773319,40643804,38535168,81027072
retained-20260902-f3945ac,F2-r07,2026-09-02T07:52:40.840227456Z,500.923393,40643934,38535168,81027072
retained-20260902-f3945ac,F2-r07,2026-09-02T07:52:40.844254239Z,504.950170,40644477,38535168,81289216
retained-20260902-f3945ac,S4-2-r07,2026-09-02T07:52:41.27335853Z,0.044793,41085722,32800768,126939136
retained-20260902-f3945ac,S4-2-r07,2026-09-02T07:52:41.290859213Z,17.545472,41090304,34635776,129355776
retained-20260902-f3945ac,S4-2-r07,2026-09-02T07:52:41.293816143Z,20.502407,41104379,37158912,143241216
retained-20260902-f3945ac,S4-2-r07,2026-09-02T07:52:41.303988902Z,30.675166,41124486,37158912,210087936
retained-20260902-f3945ac,S4-2-r07,2026-09-02T07:52:41.314182724Z,40.868988,41137770,37158912,235515904
retained-20260902-f3945ac,S4-2-r07,2026-09-02T07:52:41.324406824Z,51.093088,41147236,37158912,243380224
retained-20260902-f3945ac,S4-2-r07,2026-09-02T07:52:41.333664131Z,60.350394,41164826,37158912,243380224
retained-20260902-f3945ac,S4-2-r07,2026-09-02T07:52:41.343858961Z,70.545225,41191084,37158912,243380224
retained-20260902-f3945ac,S4-2-r07,2026-09-02T07:52:41.354108957Z,80.795221,41208638,37158912,243380224
retained-20260902-f3945ac,S4-2-r07,2026-09-02T07:52:41.418567584Z,145.253848,41239473,37158912,243380224
retained-20260902-f3945ac,S4-2-r07,2026-09-02T07:52:41.423812716Z,150.498979,41248915,37158912,243380224
retained-20260902-f3945ac,S4-2-r07,2026-09-02T07:52:41.434004142Z,160.690405,41266499,37158912,243367936
retained-20260902-f3945ac,S4-2-r07,2026-09-02T07:52:41.444226862Z,170.913125,41292793,37158912,243367936
retained-20260902-f3945ac,S4-2-r07,2026-09-02T07:52:41.454429795Z,181.116059,41310305,37158912,243367936
retained-20260902-f3945ac,S4-2-r07,2026-09-02T07:52:41.518615659Z,245.301922,41337448,37158912,249360384
retained-20260902-f3945ac,S4-2-r07,2026-09-02T07:52:41.523790809Z,250.477072,41347093,37158912,268496896
retained-20260902-f3945ac,S4-2-r07,2026-09-02T07:52:41.533951095Z,260.637359,41365152,37158912,305459200
retained-20260902-f3945ac,S4-2-r07,2026-09-02T07:52:41.544168022Z,270.854286,41393562,37158912,342159360
retained-20260902-f3945ac,S4-2-r07,2026-09-02T07:52:41.554425495Z,281.111760,41410259,37158912,361820160
retained-20260902-f3945ac,S4-2-r07,2026-09-02T07:52:41.563665824Z,290.352088,41436640,37158912,361820160
retained-20260902-f3945ac,S4-2-r07,2026-09-02T07:52:41.573923449Z,300.609713,41436839,37158912,361820160
retained-20260902-f3945ac,S4-2-r07,2026-09-02T07:52:41.58423855Z,310.924814,41437121,37158912,361820160
retained-20260902-f3945ac,S4-2-r07,2026-09-02T07:52:41.594544446Z,321.230763,41437411,37158912,361820160
retained-20260902-f3945ac,S4-2-r07,2026-09-02T07:52:41.618569709Z,345.255972,41437799,37158912,361820160
retained-20260902-f3945ac,S4-2-r07,2026-09-02T07:52:41.623822033Z,350.508296,41447284,37158912,361820160
retained-20260902-f3945ac,S4-2-r07,2026-09-02T07:52:41.634082721Z,360.768985,41464972,37158912,362344448
retained-20260902-f3945ac,S4-2-r07,2026-09-02T07:52:41.644349658Z,371.035923,41491429,37158912,362606592
retained-20260902-f3945ac,S4-2-r07,2026-09-02T07:52:41.653650637Z,380.336901,41509133,37158912,362606592
retained-20260902-f3945ac,S4-2-r07,2026-09-02T07:52:41.663862038Z,390.548302,41531141,37158912,362868736
retained-20260902-f3945ac,S4-2-r07,2026-09-02T07:52:41.674101248Z,400.787512,41535670,37158912,362868736
retained-20260902-f3945ac,S4-2-r07,2026-09-02T07:52:41.684248595Z,410.934859,41535832,37158912,363126784
retained-20260902-f3945ac,S4-2-r07,2026-09-02T07:52:41.694498307Z,421.184571,41536026,37158912,363126784
retained-20260902-f3945ac,S4-2-r07,2026-09-02T07:52:41.70370522Z,430.391485,41536196,37158912,363126784
retained-20260902-f3945ac,S4-2-r07,2026-09-02T07:52:41.713836494Z,440.522758,41536340,37158912,363126784
retained-20260902-f3945ac,S4-2-r07,2026-09-02T07:52:41.724074347Z,450.760612,41545764,37158912,363388928
retained-20260902-f3945ac,S4-2-r07,2026-09-02T07:52:41.734323366Z,461.009630,41563392,37158912,363388928
retained-20260902-f3945ac,S4-2-r07,2026-09-02T07:52:41.744512034Z,471.198297,41589722,37158912,363913216
retained-20260902-f3945ac,S4-2-r07,2026-09-02T07:52:41.753778016Z,480.464279,41607376,37158912,364437504
retained-20260902-f3945ac,S4-2-r07,2026-09-02T07:52:41.763965515Z,490.651779,41629373,37158912,364699648
retained-20260902-f3945ac,S4-2-r07,2026-09-02T07:52:41.774214473Z,500.900737,41633930,37158912,364961792
retained-20260902-f3945ac,S4-2-r07,2026-09-02T07:52:41.784457767Z,511.144031,41634139,37388288,364961792
retained-20260902-f3945ac,S4-2-r07,2026-09-02T07:52:41.793709034Z,520.395298,41634359,37388288,364961792
retained-20260902-f3945ac,S4-2-r07,2026-09-02T07:52:41.803850259Z,530.536523,41634505,37388288,364961792
retained-20260902-f3945ac,S4-2-r07,2026-09-02T07:52:41.814005872Z,540.692136,41634640,37388288,364961792
retained-20260902-f3945ac,S4-2-r07,2026-09-02T07:52:41.82414723Z,550.833494,41644062,37388288,364961792
retained-20260902-f3945ac,S4-2-r07,2026-09-02T07:52:41.834354049Z,561.040312,41663717,37388288,366796800
retained-20260902-f3945ac,S4-2-r07,2026-09-02T07:52:41.844523445Z,571.209709,41688339,37388288,366796800
retained-20260902-f3945ac,S4-2-r07,2026-09-02T07:52:41.853695366Z,580.381630,41707504,37388288,368369664
retained-20260902-f3945ac,S4-2-r07,2026-09-02T07:52:41.919241563Z,645.927831,41737433,39288832,322203648
retained-20260902-f3945ac,S4-2-r07,2026-09-02T07:52:41.924123015Z,650.809279,41742472,39006208,321597440
retained-20260902-f3945ac,S4-2-r07,2026-09-02T07:52:41.933580771Z,660.267030,41753671,35667968,270745600
retained-20260902-f3945ac,S4-2-r07,2026-09-02T07:52:41.937152787Z,663.839051,41763330,37273600,272433152
retained-20260902-f3945ac,S4-4-r07,2026-09-02T07:52:45.95595536Z,0.099326,42633815,33030144,181485568
retained-20260902-f3945ac,S4-4-r07,2026-09-02T07:52:45.969920772Z,14.064733,42639595,35323904,183644160
retained-20260902-f3945ac,S4-4-r07,2026-09-02T07:52:45.976975301Z,21.119267,42666064,37158912,258060288
retained-20260902-f3945ac,S4-4-r07,2026-09-02T07:52:45.986207343Z,30.351310,42718703,37158912,361607168
retained-20260902-f3945ac,S4-4-r07,2026-09-02T07:52:45.996443255Z,40.587223,42740565,37158912,393850880
retained-20260902-f3945ac,S4-4-r07,2026-09-02T07:52:46.006591134Z,50.735101,42745100,37158912,393850880
retained-20260902-f3945ac,S4-4-r07,2026-09-02T07:52:46.016814749Z,60.958716,42745304,37158912,393605120
retained-20260902-f3945ac,S4-4-r07,2026-09-02T07:52:46.026998719Z,71.142686,42745443,37158912,393605120
retained-20260902-f3945ac,S4-4-r07,2026-09-02T07:52:46.037135689Z,81.279656,42745568,37158912,393605120
retained-20260902-f3945ac,S4-4-r07,2026-09-02T07:52:46.046403119Z,90.547086,42746813,37158912,402255872
retained-20260902-f3945ac,S4-4-r07,2026-09-02T07:52:46.056650916Z,100.794883,42781793,37158912,408023040
retained-20260902-f3945ac,S4-4-r07,2026-09-02T07:52:46.066819209Z,110.963178,42828599,37158912,408023040
retained-20260902-f3945ac,S4-4-r07,2026-09-02T07:52:46.076955151Z,121.099118,42841436,37158912,408023040
retained-20260902-f3945ac,S4-4-r07,2026-09-02T07:52:46.086126577Z,130.270544,42841580,37158912,408023040
retained-20260902-f3945ac,S4-4-r07,2026-09-02T07:52:46.096275777Z,140.419744,42841733,37158912,408023040
retained-20260902-f3945ac,S4-4-r07,2026-09-02T07:52:46.106420888Z,150.564855,42841853,37158912,408023040
retained-20260902-f3945ac,S4-4-r07,2026-09-02T07:52:46.145672746Z,189.816713,42841979,37158912,408023040
retained-20260902-f3945ac,S4-4-r07,2026-09-02T07:52:46.146770227Z,190.914194,42843156,37158912,408023040
retained-20260902-f3945ac,S4-4-r07,2026-09-02T07:52:46.157019991Z,201.163959,42877042,37158912,408023040
retained-20260902-f3945ac,S4-4-r07,2026-09-02T07:52:46.16630322Z,210.447188,42927893,37158912,408023040
retained-20260902-f3945ac,S4-4-r07,2026-09-02T07:52:46.176402361Z,220.546328,42944926,37158912,408023040
retained-20260902-f3945ac,S4-4-r07,2026-09-02T07:52:46.186606695Z,230.750662,42945082,37158912,408023040
retained-20260902-f3945ac,S4-4-r07,2026-09-02T07:52:46.19671477Z,240.858737,42945229,37158912,408023040
retained-20260902-f3945ac,S4-4-r07,2026-09-02T07:52:46.206900133Z,251.044100,42945382,37158912,408023040
retained-20260902-f3945ac,S4-4-r07,2026-09-02T07:52:46.217058276Z,261.202244,42945525,37158912,408023040
retained-20260902-f3945ac,S4-4-r07,2026-09-02T07:52:46.226247271Z,270.391237,42945665,37158912,408023040
retained-20260902-f3945ac,S4-4-r07,2026-09-02T07:52:46.236429569Z,280.573537,42945817,37158912,407703552
retained-20260902-f3945ac,S4-4-r07,2026-09-02T07:52:46.246625914Z,290.769881,42946978,37158912,407703552
retained-20260902-f3945ac,S4-4-r07,2026-09-02T07:52:46.256855405Z,300.999372,42980877,37158912,407703552
retained-20260902-f3945ac,S4-4-r07,2026-09-02T07:52:46.266989237Z,311.133204,43031675,37158912,407703552
retained-20260902-f3945ac,S4-4-r07,2026-09-02T07:52:46.276166545Z,320.310512,43044477,37158912,407703552
retained-20260902-f3945ac,S4-4-r07,2026-09-02T07:52:46.345651638Z,389.795605,43044639,37158912,407638016
retained-20260902-f3945ac,S4-4-r07,2026-09-02T07:52:46.346834731Z,390.978698,43045820,37388288,407638016
retained-20260902-f3945ac,S4-4-r07,2026-09-02T07:52:46.357023878Z,401.167846,43082090,37388288,410521600
retained-20260902-f3945ac,S4-4-r07,2026-09-02T07:52:46.366246141Z,410.390109,43130880,37388288,427823104
retained-20260902-f3945ac,S4-4-r07,2026-09-02T07:52:46.376376104Z,420.520071,43143750,37388288,436736000
retained-20260902-f3945ac,S4-4-r07,2026-09-02T07:52:46.386563535Z,430.707503,43143922,37388288,436736000
retained-20260902-f3945ac,S4-4-r07,2026-09-02T07:52:46.396774088Z,440.918054,43144098,37388288,436736000
retained-20260902-f3945ac,S4-4-r07,2026-09-02T07:52:46.406912682Z,451.056650,43144283,37388288,436736000
retained-20260902-f3945ac,S4-4-r07,2026-09-02T07:52:46.416078066Z,460.222033,43144408,37388288,436736000
retained-20260902-f3945ac,S4-4-r07,2026-09-02T07:52:46.445685279Z,489.829246,43144677,37617664,437260288
retained-20260902-f3945ac,S4-4-r07,2026-09-02T07:52:46.44684511Z,490.989077,43145999,37617664,442761216
retained-20260902-f3945ac,S4-4-r07,2026-09-02T07:52:46.457036879Z,501.180846,43180855,37617664,506200064
retained-20260902-f3945ac,S4-4-r07,2026-09-02T07:52:46.466280396Z,510.424365,43232453,37617664,558628864
retained-20260902-f3945ac,S4-4-r07,2026-09-02T07:52:46.476465531Z,520.609498,43239939,37617664,567746560
retained-20260902-f3945ac,S4-4-r07,2026-09-02T07:52:46.486638881Z,530.782848,43240096,37617664,567746560
retained-20260902-f3945ac,S4-4-r07,2026-09-02T07:52:46.49677396Z,540.917927,43240235,37617664,567746560
retained-20260902-f3945ac,S4-4-r07,2026-09-02T07:52:46.506939211Z,551.083178,43240381,37617664,567746560
retained-20260902-f3945ac,S4-4-r07,2026-09-02T07:52:46.517059891Z,561.203858,43240517,37617664,567746560
retained-20260902-f3945ac,S4-4-r07,2026-09-02T07:52:46.526250251Z,570.394218,43240655,37617664,568008704
retained-20260902-f3945ac,S4-4-r07,2026-09-02T07:52:46.536453808Z,580.597776,43240862,37617664,568008704
retained-20260902-f3945ac,S4-4-r07,2026-09-02T07:52:46.546602482Z,590.746449,43242169,37617664,574296064
retained-20260902-f3945ac,S4-4-r07,2026-09-02T07:52:46.556749105Z,600.893072,43276686,37617664,616239104
retained-20260902-f3945ac,S4-4-r07,2026-09-02T07:52:46.566907449Z,611.051416,43327766,37617664,641929216
retained-20260902-f3945ac,S4-4-r07,2026-09-02T07:52:46.576132852Z,620.276819,43340671,37617664,645074944
retained-20260902-f3945ac,S4-4-r07,2026-09-02T07:52:46.586341251Z,630.485218,43340843,37617664,645074944
retained-20260902-f3945ac,S4-4-r07,2026-09-02T07:52:46.596527234Z,640.671202,43340986,37617664,645074944
retained-20260902-f3945ac,S4-4-r07,2026-09-02T07:52:46.606682906Z,650.826873,43341154,37617664,645074944
retained-20260902-f3945ac,S4-4-r07,2026-09-02T07:52:46.616894731Z,661.038699,43341331,37617664,645074944
retained-20260902-f3945ac,S4-4-r07,2026-09-02T07:52:46.627065006Z,671.208973,43341486,37617664,645074944
retained-20260902-f3945ac,S4-4-r07,2026-09-02T07:52:46.636170772Z,680.314739,43341584,37617664,645074944
retained-20260902-f3945ac,S4-4-r07,2026-09-02T07:52:46.64639776Z,690.541727,43342737,37617664,645337088
retained-20260902-f3945ac,S4-4-r07,2026-09-02T07:52:46.656535919Z,700.679887,43376763,37617664,645861376
retained-20260902-f3945ac,S4-4-r07,2026-09-02T07:52:46.666778384Z,710.922351,43427643,37617664,646123520
retained-20260902-f3945ac,S4-4-r07,2026-09-02T07:52:46.677097933Z,721.241900,43444753,37617664,646385664
retained-20260902-f3945ac,S4-4-r07,2026-09-02T07:52:46.686289344Z,730.433311,43444888,37617664,646385664
retained-20260902-f3945ac,S4-4-r07,2026-09-02T07:52:46.696413275Z,740.557242,43444977,37617664,646385664
retained-20260902-f3945ac,S4-4-r07,2026-09-02T07:52:46.706601835Z,750.745803,43445115,37617664,646385664
retained-20260902-f3945ac,S4-4-r07,2026-09-02T07:52:46.716731553Z,760.875515,43445203,37617664,646385664
retained-20260902-f3945ac,S4-4-r07,2026-09-02T07:52:46.726850609Z,770.994576,43445276,37617664,646385664
retained-20260902-f3945ac,S4-4-r07,2026-09-02T07:52:46.737071655Z,781.215623,43445386,37617664,646385664
retained-20260902-f3945ac,S4-4-r07,2026-09-02T07:52:46.746276333Z,790.420301,43446408,37617664,646385664
retained-20260902-f3945ac,S4-4-r07,2026-09-02T07:52:46.756651348Z,800.795315,43480411,37617664,646909952
retained-20260902-f3945ac,S4-4-r07,2026-09-02T07:52:46.766833818Z,810.977785,43531374,37617664,647696384
retained-20260902-f3945ac,S4-4-r07,2026-09-02T07:52:46.77705413Z,821.198097,43544307,37617664,647696384
retained-20260902-f3945ac,S4-4-r07,2026-09-02T07:52:46.786269099Z,830.413066,43544476,37617664,647696384
retained-20260902-f3945ac,S4-4-r07,2026-09-02T07:52:46.796366826Z,840.510793,43544582,37617664,647696384
retained-20260902-f3945ac,S4-4-r07,2026-09-02T07:52:46.806546683Z,850.690650,43544733,37617664,647696384
retained-20260902-f3945ac,S4-4-r07,2026-09-02T07:52:46.816760727Z,860.904694,43544898,37847040,647696384
retained-20260902-f3945ac,S4-4-r07,2026-09-02T07:52:46.826888314Z,871.032281,43545105,37847040,647696384
retained-20260902-f3945ac,S4-4-r07,2026-09-02T07:52:46.83704516Z,881.189127,43545254,37847040,647696384
retained-20260902-f3945ac,S4-4-r07,2026-09-02T07:52:46.84618537Z,890.329337,43546291,37847040,647696384
retained-20260902-f3945ac,S4-4-r07,2026-09-02T07:52:46.856368095Z,900.512063,43580298,37847040,648482816
retained-20260902-f3945ac,S4-4-r07,2026-09-02T07:52:46.86658609Z,910.730058,43631145,37847040,649269248
retained-20260902-f3945ac,S4-4-r07,2026-09-02T07:52:46.876732986Z,920.876952,43644036,38076416,649269248
retained-20260902-f3945ac,S4-4-r07,2026-09-02T07:52:46.945689678Z,989.833644,43644289,38076416,649269248
retained-20260902-f3945ac,S4-4-r07,2026-09-02T07:52:46.946872514Z,991.016482,43645492,38076416,649269248
retained-20260902-f3945ac,S4-4-r07,2026-09-02T07:52:46.956988753Z,1001.132720,43679470,38076416,650317824
retained-20260902-f3945ac,S4-4-r07,2026-09-02T07:52:46.966238917Z,1010.382884,43730369,38076416,650579968
retained-20260902-f3945ac,S4-4-r07,2026-09-02T07:52:46.976440416Z,1020.584383,43743250,38076416,650579968
retained-20260902-f3945ac,S4-4-r07,2026-09-02T07:52:46.986594951Z,1030.738919,43743434,38076416,650579968
retained-20260902-f3945ac,S4-4-r07,2026-09-02T07:52:46.996806372Z,1040.950340,43743616,38076416,650838016
retained-20260902-f3945ac,S4-4-r07,2026-09-02T07:52:47.00694212Z,1051.086088,43743786,38076416,650838016
retained-20260902-f3945ac,S4-4-r07,2026-09-02T07:52:47.017054905Z,1061.198871,43743949,38076416,650706944
retained-20260902-f3945ac,S4-4-r07,2026-09-02T07:52:47.02622512Z,1070.369088,43744089,38076416,650706944
retained-20260902-f3945ac,S4-4-r07,2026-09-02T07:52:47.036402542Z,1080.546510,43744255,38076416,650706944
retained-20260902-f3945ac,S4-4-r07,2026-09-02T07:52:47.046737316Z,1090.881282,43745375,38076416,650706944
retained-20260902-f3945ac,S4-4-r07,2026-09-02T07:52:47.056978157Z,1101.122124,43779432,38076416,651755520
retained-20260902-f3945ac,S4-4-r07,2026-09-02T07:52:47.066210621Z,1110.354589,43829272,38076416,652541952
retained-20260902-f3945ac,S4-4-r07,2026-09-02T07:52:47.07641119Z,1120.555158,43841402,38076416,652804096
retained-20260902-f3945ac,S4-4-r07,2026-09-02T07:52:47.086618727Z,1130.762695,43841582,38076416,652804096
retained-20260902-f3945ac,S4-4-r07,2026-09-02T07:52:47.096805065Z,1140.949032,43841743,38076416,652804096
retained-20260902-f3945ac,S4-4-r07,2026-09-02T07:52:47.106974008Z,1151.117975,43841877,38076416,652804096
retained-20260902-f3945ac,S4-4-r07,2026-09-02T07:52:47.116133395Z,1160.277362,43841999,38076416,652804096
retained-20260902-f3945ac,S4-4-r07,2026-09-02T07:52:47.126295267Z,1170.439229,43842085,38076416,652804096
retained-20260902-f3945ac,S4-4-r07,2026-09-02T07:52:47.136422285Z,1180.566253,43842164,38076416,652804096
retained-20260902-f3945ac,S4-4-r07,2026-09-02T07:52:47.146599486Z,1190.743454,43844540,38076416,654901248
retained-20260902-f3945ac,S4-4-r07,2026-09-02T07:52:47.15677048Z,1200.914448,43880100,38076416,657784832
retained-20260902-f3945ac,S4-4-r07,2026-09-02T07:52:47.166990353Z,1211.134322,43929680,38076416,657784832
retained-20260902-f3945ac,S4-4-r07,2026-09-02T07:52:47.176169375Z,1220.313342,43946252,38076416,657784832
retained-20260902-f3945ac,S4-4-r07,2026-09-02T07:52:47.186366832Z,1230.510799,43946444,38076416,657784832
retained-20260902-f3945ac,S4-4-r07,2026-09-02T07:52:47.196531351Z,1240.675317,43946589,38076416,658042880
retained-20260902-f3945ac,S4-4-r07,2026-09-02T07:52:47.206632804Z,1250.776771,43946703,38076416,658042880
retained-20260902-f3945ac,S4-4-r07,2026-09-02T07:52:47.216781352Z,1260.925319,43946840,38076416,658042880
retained-20260902-f3945ac,S4-4-r07,2026-09-02T07:52:47.226896631Z,1271.040599,43946954,38076416,658042880
retained-20260902-f3945ac,S4-4-r07,2026-09-02T07:52:47.237011315Z,1281.155282,43947118,38076416,658042880
retained-20260902-f3945ac,S4-4-r07,2026-09-02T07:52:47.246323365Z,1290.467332,43948207,38305792,658042880
retained-20260902-f3945ac,S4-4-r07,2026-09-02T07:52:47.256095264Z,1300.239233,43984634,38424576,470417408
retained-20260902-f3945ac,S4-4-r07,2026-09-02T07:52:47.259693728Z,1303.837693,43991872,36388864,464039936
retained-20260902-f3945ac,S3-COLD-r08,2026-09-02T07:52:47.546415252Z,0.080579,44229948,58679296,93511680
retained-20260902-f3945ac,S3-COLD-r08,2026-09-02T07:52:47.577984124Z,31.649432,44232683,60743680,95150080
retained-20260902-f3945ac,S3-COLD-r08,2026-09-02T07:52:47.591247955Z,44.913261,44239550,66707456,101703680
retained-20260902-f3945ac,S3-COLD-r08,2026-09-02T07:52:47.596935836Z,50.601135,44244159,74047488,109559808
retained-20260902-f3945ac,S3-COLD-r08,2026-09-02T07:52:47.60708098Z,60.746284,44263862,135979008,172085248
retained-20260902-f3945ac,S3-COLD-r08,2026-09-02T07:52:47.61723517Z,70.900475,44280892,170844160,206950400
retained-20260902-f3945ac,S3-COLD-r08,2026-09-02T07:52:47.627422548Z,81.087853,44306459,170844160,206950400
retained-20260902-f3945ac,S3-COLD-r08,2026-09-02T07:52:47.636597567Z,90.262873,44323495,170844160,206950400
retained-20260902-f3945ac,S3-COLD-r08,2026-09-02T07:52:47.646728983Z,100.394289,44336872,170844160,206950400
retained-20260902-f3945ac,S3-COLD-r08,2026-09-02T07:52:47.656919643Z,110.584949,44353967,170844160,206950400
retained-20260902-f3945ac,S3-COLD-r08,2026-09-02T07:52:47.667041485Z,120.706790,44379497,170844160,206950400
retained-20260902-f3945ac,S3-COLD-r08,2026-09-02T07:52:47.677186435Z,130.851740,44396619,171073536,206950400
retained-20260902-f3945ac,S3-COLD-r08,2026-09-02T07:52:47.687335138Z,141.000443,44422150,171073536,206950400
retained-20260902-f3945ac,S3-COLD-r08,2026-09-02T07:52:47.697443572Z,151.108878,44439202,171073536,206950400
retained-20260902-f3945ac,S3-COLD-r08,2026-09-02T07:52:47.706640078Z,160.305384,44439394,171073536,206950400
retained-20260902-f3945ac,S3-COLD-r08,2026-09-02T07:52:47.716832078Z,170.497384,44439571,171073536,206950400
retained-20260902-f3945ac,S3-COLD-r08,2026-09-02T07:52:47.727018042Z,180.683347,44439752,171073536,206950400
retained-20260902-f3945ac,S3-COLD-r08,2026-09-02T07:52:47.737183147Z,190.848452,44439907,171073536,206950400
retained-20260902-f3945ac,S3-COLD-r08,2026-09-02T07:52:47.747334733Z,201.000038,44440574,171073536,206950400
retained-20260902-f3945ac,S3-COLD-r08,2026-09-02T07:52:47.757493479Z,211.158783,44457596,171073536,206950400
retained-20260902-f3945ac,S3-COLD-r08,2026-09-02T07:52:47.766670267Z,220.335573,44483378,193552384,229756928
retained-20260902-f3945ac,S3-COLD-r08,2026-09-02T07:52:47.776842551Z,230.507856,44500798,226811904,263049216
retained-20260902-f3945ac,S3-COLD-r08,2026-09-02T07:52:47.787064511Z,240.729817,44526750,254107648,290574336
retained-20260902-f3945ac,S3-COLD-r08,2026-09-02T07:52:47.79725766Z,250.922966,44539816,267182080,303419392
retained-20260902-f3945ac,S3-COLD-r08,2026-09-02T07:52:47.807366733Z,261.032038,44539978,267182080,303419392
retained-20260902-f3945ac,S3-COLD-r08,2026-09-02T07:52:47.81748134Z,271.146645,44540099,267182080,303419392
retained-20260902-f3945ac,S3-COLD-r08,2026-09-02T07:52:47.82663974Z,280.305046,44540220,267182080,303419392
retained-20260902-f3945ac,S3-COLD-r08,2026-09-02T07:52:47.836731576Z,290.396882,44540304,267182080,303419392
retained-20260902-f3945ac,S3-COLD-r08,2026-09-02T07:52:47.846735182Z,300.400490,44541034,269934592,306302976
retained-20260902-f3945ac,S3-COLD-r08,2026-09-02T07:52:47.856900359Z,310.565665,44558416,289431552,325394432
retained-20260902-f3945ac,S3-COLD-r08,2026-09-02T07:52:47.86708155Z,320.746856,44584077,290578432,326705152
retained-20260902-f3945ac,S3-COLD-r08,2026-09-02T07:52:47.877337971Z,331.003277,44601161,290807808,327229440
retained-20260902-f3945ac,S3-COLD-r08,2026-09-02T07:52:47.886539491Z,340.204796,44626723,291037184,327491584
retained-20260902-f3945ac,S3-COLD-r08,2026-09-02T07:52:47.896745409Z,350.410714,44639629,291037184,327491584
retained-20260902-f3945ac,S3-COLD-r08,2026-09-02T07:52:47.906872619Z,360.537924,44639906,291037184,327491584
retained-20260902-f3945ac,S3-COLD-r08,2026-09-02T07:52:47.916989102Z,370.654403,44639983,291037184,327491584
retained-20260902-f3945ac,S3-COLD-r08,2026-09-02T07:52:47.927149561Z,380.814861,44640101,291037184,327491584
retained-20260902-f3945ac,S3-COLD-r08,2026-09-02T07:52:47.937302924Z,390.968229,44640216,291037184,327491584
retained-20260902-f3945ac,S3-COLD-r08,2026-09-02T07:52:47.947433294Z,401.098600,44640831,291037184,327491584
retained-20260902-f3945ac,S3-COLD-r08,2026-09-02T07:52:47.956639119Z,410.304424,44657919,291495936,327753728
retained-20260902-f3945ac,S3-COLD-r08,2026-09-02T07:52:47.966773493Z,420.438798,44683435,291954688,328015872
retained-20260902-f3945ac,S3-COLD-r08,2026-09-02T07:52:47.97697987Z,430.645175,44700539,291954688,328015872
retained-20260902-f3945ac,S3-COLD-r08,2026-09-02T07:52:47.987170607Z,440.835913,44726058,292184064,328278016
retained-20260902-f3945ac,S3-COLD-r08,2026-09-02T07:52:47.997262198Z,450.927503,44738901,292184064,328278016
retained-20260902-f3945ac,S3-COLD-r08,2026-09-02T07:52:48.007430286Z,461.095592,44739044,292184064,328278016
retained-20260902-f3945ac,S3-COLD-r08,2026-09-02T07:52:48.016603113Z,470.268418,44739201,292184064,328237056
retained-20260902-f3945ac,S3-COLD-r08,2026-09-02T07:52:48.026714806Z,480.380111,44739314,292184064,328237056
retained-20260902-f3945ac,S3-COLD-r08,2026-09-02T07:52:48.036821921Z,490.487226,44739439,292184064,328237056
retained-20260902-f3945ac,S3-COLD-r08,2026-09-02T07:52:48.04697058Z,500.635886,44740079,292642816,328761344
retained-20260902-f3945ac,S3-COLD-r08,2026-09-02T07:52:48.057158792Z,510.824097,44757158,293101568,329285632
retained-20260902-f3945ac,S3-COLD-r08,2026-09-02T07:52:48.067367649Z,521.032954,44782703,293101568,329285632
retained-20260902-f3945ac,S3-COLD-r08,2026-09-02T07:52:48.076524285Z,530.189584,44802641,294248448,330334208
retained-20260902-f3945ac,S3-COLD-r08,2026-09-02T07:52:48.086749962Z,540.415262,44825369,294936576,331120640
retained-20260902-f3945ac,S3-COLD-r08,2026-09-02T07:52:48.145634885Z,599.300191,44838471,294936576,331120640
retained-20260902-f3945ac,S3-COLD-r08,2026-09-02T07:52:48.146788423Z,600.453728,44839158,294936576,331120640
retained-20260902-f3945ac,S3-COLD-r08,2026-09-02T07:52:48.156518386Z,610.183689,44859308,248832000,284680192
retained-20260902-f3945ac,S3-COLD-r08,2026-09-02T07:52:48.16658514Z,620.250445,44872804,249061376,284942336
retained-20260902-f3945ac,S3-COLD-r08,2026-09-02T07:52:48.17650295Z,630.168250,44881782,200900608,241074176
retained-20260902-f3945ac,S3-COLD-r08,2026-09-02T07:52:48.182525815Z,636.191121,44895759,195768320,231923712
retained-20260902-f3945ac,S3-COLD-CONTROL-r08,2026-09-02T07:52:48.424564953Z,0.030293,45119573,58802176,93966336
retained-20260902-f3945ac,S3-COLD-CONTROL-r08,2026-09-02T07:52:48.445677992Z,21.143362,45131640,86786048,121552896
retained-20260902-f3945ac,S3-COLD-CONTROL-r08,2026-09-02T07:52:48.454972194Z,30.437540,45140735,112705536,147243008
retained-20260902-f3945ac,S3-COLD-CONTROL-r08,2026-09-02T07:52:48.465199939Z,40.665285,45149396,114769920,149340160
retained-20260902-f3945ac,S3-COLD-CONTROL-r08,2026-09-02T07:52:48.47538747Z,50.852816,45162288,114769920,149340160
retained-20260902-f3945ac,S3-COLD-CONTROL-r08,2026-09-02T07:52:48.485566777Z,61.032123,45170925,114769920,149340160
retained-20260902-f3945ac,S3-COLD-CONTROL-r08,2026-09-02T07:52:48.494787568Z,70.252915,45183756,114769920,149340160
retained-20260902-f3945ac,S3-COLD-CONTROL-r08,2026-09-02T07:52:48.504882621Z,80.347968,45192442,114769920,149340160
retained-20260902-f3945ac,S3-COLD-CONTROL-r08,2026-09-02T07:52:48.515073302Z,90.538649,45205303,114769920,149340160
retained-20260902-f3945ac,S3-COLD-CONTROL-r08,2026-09-02T07:52:48.525204067Z,100.669413,45214038,114769920,149282816
retained-20260902-f3945ac,S3-COLD-CONTROL-r08,2026-09-02T07:52:48.534715031Z,110.180377,45227308,114769920,149282816
retained-20260902-f3945ac,S3-COLD-CONTROL-r08,2026-09-02T07:52:48.544894424Z,120.359771,45231738,114769920,149282816
retained-20260902-f3945ac,S3-COLD-CONTROL-r08,2026-09-02T07:52:48.555046419Z,130.511766,45240650,116834304,151642112
retained-20260902-f3945ac,S3-COLD-CONTROL-r08,2026-09-02T07:52:48.565153527Z,140.618873,45249446,133349376,167895040
retained-20260902-f3945ac,S3-COLD-CONTROL-r08,2026-09-02T07:52:48.575277777Z,150.743123,45262612,145047552,179953664
retained-20260902-f3945ac,S3-COLD-CONTROL-r08,2026-09-02T07:52:48.585356571Z,160.821917,45271624,162480128,197255168
retained-20260902-f3945ac,S3-COLD-CONTROL-r08,2026-09-02T07:52:48.595512576Z,170.977917,45284763,173948928,208789504
retained-20260902-f3945ac,S3-COLD-CONTROL-r08,2026-09-02T07:52:48.604680544Z,180.145890,45293341,173948928,208789504
retained-20260902-f3945ac,S3-COLD-CONTROL-r08,2026-09-02T07:52:48.614784454Z,190.249801,45306286,173948928,208789504
retained-20260902-f3945ac,S3-COLD-CONTROL-r08,2026-09-02T07:52:48.624988819Z,200.454166,45315086,174178304,209051648
retained-20260902-f3945ac,S3-COLD-CONTROL-r08,2026-09-02T07:52:48.635161691Z,210.627038,45327930,174178304,208891904
retained-20260902-f3945ac,S3-COLD-CONTROL-r08,2026-09-02T07:52:48.64529605Z,220.761396,45332309,174178304,208891904
retained-20260902-f3945ac,S3-COLD-CONTROL-r08,2026-09-02T07:52:48.655397565Z,230.862911,45341286,174637056,209416192
retained-20260902-f3945ac,S3-COLD-CONTROL-r08,2026-09-02T07:52:48.665524105Z,240.989451,45349946,174637056,209416192
retained-20260902-f3945ac,S3-COLD-CONTROL-r08,2026-09-02T07:52:48.674652152Z,250.117499,45362794,174637056,209416192
retained-20260902-f3945ac,S3-COLD-CONTROL-r08,2026-09-02T07:52:48.684876583Z,260.341930,45371490,174866432,209678336
retained-20260902-f3945ac,S3-COLD-CONTROL-r08,2026-09-02T07:52:48.695089399Z,270.554745,45384389,174866432,209678336
retained-20260902-f3945ac,S3-COLD-CONTROL-r08,2026-09-02T07:52:48.705199704Z,280.665050,45393026,175325184,209940480
retained-20260902-f3945ac,S3-COLD-CONTROL-r08,2026-09-02T07:52:48.715385084Z,290.850431,45405895,175325184,209940480
retained-20260902-f3945ac,S3-COLD-CONTROL-r08,2026-09-02T07:52:48.725540711Z,301.006052,45415703,176930816,211513344
retained-20260902-f3945ac,S3-COLD-CONTROL-r08,2026-09-02T07:52:48.734660141Z,310.125488,45427974,176930816,211513344
retained-20260902-f3945ac,S3-COLD-CONTROL-r08,2026-09-02T07:52:48.744794453Z,320.259798,45432300,176930816,211513344
retained-20260902-f3945ac,S3-COLD-CONTROL-r08,2026-09-02T07:52:48.754907553Z,330.372894,45441238,128778240,163254272
retained-20260902-f3945ac,S3-COLD-CONTROL-r08,2026-09-02T07:52:48.758827276Z,334.292623,45443978,129007616,163532800
retained-20260902-f3945ac,S3-WARM-r08,2026-09-02T07:52:49.282278903Z,0.038961,45967011,126013440,162164736
retained-20260902-f3945ac,S3-WARM-r08,2026-09-02T07:52:49.305903593Z,23.663651,45968973,126472192,162066432
retained-20260902-f3945ac,S3-WARM-r08,2026-09-02T07:52:49.320691021Z,38.451079,45975774,131289088,168308736
retained-20260902-f3945ac,S3-WARM-r08,2026-09-02T07:52:49.339981611Z,57.741670,45975774,131289088,168308736
retained-20260902-f3945ac,S3-WARM-r08,2026-09-02T07:52:49.343148854Z,60.908919,45981557,131518464,168333312
retained-20260902-f3945ac,S3-WARM-r08,2026-09-02T07:52:49.353321839Z,71.081903,45990597,131518464,168333312
retained-20260902-f3945ac,S3-WARM-r08,2026-09-02T07:52:49.362518167Z,80.278231,46004123,131518464,168333312
retained-20260902-f3945ac,S3-WARM-r08,2026-09-02T07:52:49.372758926Z,90.518990,46013218,131518464,168067072
retained-20260902-f3945ac,S3-WARM-r08,2026-09-02T07:52:49.382949157Z,100.709221,46026718,131518464,168067072
retained-20260902-f3945ac,S3-WARM-r08,2026-09-02T07:52:49.393165387Z,110.925450,46035817,131518464,168067072
retained-20260902-f3945ac,S3-WARM-r08,2026-09-02T07:52:49.403343062Z,121.103125,46049353,131518464,168067072
retained-20260902-f3945ac,S3-WARM-r08,2026-09-02T07:52:49.412525341Z,130.285405,46058413,131518464,168067072
retained-20260902-f3945ac,S3-WARM-r08,2026-09-02T07:52:49.422691648Z,140.451713,46071930,131518464,168067072
retained-20260902-f3945ac,S3-WARM-r08,2026-09-02T07:52:49.432887171Z,150.647234,46081735,135417856,172261376
retained-20260902-f3945ac,S3-WARM-r08,2026-09-02T07:52:49.443099908Z,160.859973,46090353,145281024,181690368
retained-20260902-f3945ac,S3-WARM-r08,2026-09-02T07:52:49.453294637Z,171.054700,46095521,157667328,194273280
retained-20260902-f3945ac,S3-WARM-r08,2026-09-02T07:52:49.462490611Z,180.250676,46109190,171888640,208424960
retained-20260902-f3945ac,S3-WARM-r08,2026-09-02T07:52:49.47262519Z,190.385248,46118555,181981184,218648576
retained-20260902-f3945ac,S3-WARM-r08,2026-09-02T07:52:49.482821367Z,200.581430,46132092,181981184,218648576
retained-20260902-f3945ac,S3-WARM-r08,2026-09-02T07:52:49.493054649Z,210.814713,46141243,181981184,218648576
retained-20260902-f3945ac,S3-WARM-r08,2026-09-02T07:52:49.50325669Z,221.016754,46154807,182210560,218910720
retained-20260902-f3945ac,S3-WARM-r08,2026-09-02T07:52:49.512466887Z,230.226951,46163909,182210560,218910720
retained-20260902-f3945ac,S3-WARM-r08,2026-09-02T07:52:49.522657373Z,240.417435,46177544,182669312,219435008
retained-20260902-f3945ac,S3-WARM-r08,2026-09-02T07:52:49.532833226Z,250.593290,46186610,182669312,219435008
retained-20260902-f3945ac,S3-WARM-r08,2026-09-02T07:52:49.543047004Z,260.807068,46191262,182669312,219435008
retained-20260902-f3945ac,S3-WARM-r08,2026-09-02T07:52:49.553248419Z,271.008482,46196225,182669312,219435008
retained-20260902-f3945ac,S3-WARM-r08,2026-09-02T07:52:49.56338911Z,281.149174,46209881,183128064,219697152
retained-20260902-f3945ac,S3-WARM-r08,2026-09-02T07:52:49.572594416Z,290.354479,46218939,183128064,219697152
retained-20260902-f3945ac,S3-WARM-r08,2026-09-02T07:52:49.58275239Z,300.512455,46232425,183357440,219959296
retained-20260902-f3945ac,S3-WARM-r08,2026-09-02T07:52:49.592935088Z,310.695157,46241453,183357440,219959296
retained-20260902-f3945ac,S3-WARM-r08,2026-09-02T07:52:49.603052965Z,320.813030,46255274,185192448,221532160
retained-20260902-f3945ac,S3-WARM-r08,2026-09-02T07:52:49.613249476Z,331.009540,46264367,185192448,221532160
retained-20260902-f3945ac,S3-WARM-r08,2026-09-02T07:52:49.62333964Z,341.099703,46277891,137015296,173531136
retained-20260902-f3945ac,S3-WARM-r08,2026-09-02T07:52:49.646111207Z,363.871270,46293425,135266304,172064768
retained-20260902-f3945ac,S3-WARM-r08,2026-09-02T07:52:49.64940236Z,367.162423,46296552,135266304,172044288
retained-20260902-f3945ac,S3-WARM-CONTROL-r08,2026-09-02T07:52:50.176682269Z,0.018213,46820943,125980672,162258944
retained-20260902-f3945ac,S3-WARM-CONTROL-r08,2026-09-02T07:52:50.177824297Z,1.160239,46822105,126898176,162189312
retained-20260902-f3945ac,F2-r08,2026-09-02T07:52:50.203717112Z,0.051120,46852749,33718272,76832768
retained-20260902-f3945ac,F2-r08,2026-09-02T07:52:50.214627426Z,10.961425,46856287,38535168,80961536
retained-20260902-f3945ac,F2-r08,2026-09-02T07:52:50.224815235Z,21.149234,46856447,38535168,80961536
retained-20260902-f3945ac,F2-r08,2026-09-02T07:52:50.233977398Z,30.311398,46856572,38535168,80961536
retained-20260902-f3945ac,F2-r08,2026-09-02T07:52:50.244173137Z,40.507135,46856699,38535168,80961536
retained-20260902-f3945ac,F2-r08,2026-09-02T07:52:50.254301174Z,50.635173,46856831,38535168,80961536
retained-20260902-f3945ac,F2-r08,2026-09-02T07:52:50.264469285Z,60.803284,46856944,38535168,80961536
retained-20260902-f3945ac,F2-r08,2026-09-02T07:52:50.274636939Z,70.970938,46857055,38535168,80961536
retained-20260902-f3945ac,F2-r08,2026-09-02T07:52:50.284792863Z,81.126860,46857156,38535168,80961536
retained-20260902-f3945ac,F2-r08,2026-09-02T07:52:50.293887214Z,90.221212,46857244,38535168,80961536
retained-20260902-f3945ac,F2-r08,2026-09-02T07:52:50.304087194Z,100.421192,46857413,38535168,80961536
retained-20260902-f3945ac,F2-r08,2026-09-02T07:52:50.31422456Z,110.558558,46857552,38535168,80912384
retained-20260902-f3945ac,F2-r08,2026-09-02T07:52:50.32437166Z,120.705659,46857703,38535168,81174528
retained-20260902-f3945ac,F2-r08,2026-09-02T07:52:50.334645674Z,130.979673,46857854,38535168,81174528
retained-20260902-f3945ac,F2-r08,2026-09-02T07:52:50.344782268Z,141.116267,46857994,38535168,81174528
retained-20260902-f3945ac,F2-r08,2026-09-02T07:52:50.353956714Z,150.290712,46858137,38535168,81174528
retained-20260902-f3945ac,F2-r08,2026-09-02T07:52:50.364213627Z,160.547626,46858335,38535168,81174528
retained-20260902-f3945ac,F2-r08,2026-09-02T07:52:50.374310801Z,170.644799,46858520,38535168,81174528
retained-20260902-f3945ac,F2-r08,2026-09-02T07:52:50.38449892Z,180.832918,46858679,38535168,81174528
retained-20260902-f3945ac,F2-r08,2026-09-02T07:52:50.394778344Z,191.112343,46858952,38535168,81174528
retained-20260902-f3945ac,F2-r08,2026-09-02T07:52:50.404068985Z,200.402984,46859227,38535168,81174528
retained-20260902-f3945ac,F2-r08,2026-09-02T07:52:50.414201834Z,210.535832,46859351,38535168,80994304
retained-20260902-f3945ac,F2-r08,2026-09-02T07:52:50.424387848Z,220.721846,46859464,38535168,80994304
retained-20260902-f3945ac,F2-r08,2026-09-02T07:52:50.434531791Z,230.865790,46859604,38535168,80994304
retained-20260902-f3945ac,F2-r08,2026-09-02T07:52:50.444702264Z,241.036263,46859728,38535168,80994304
retained-20260902-f3945ac,F2-r08,2026-09-02T07:52:50.453831342Z,250.165340,46859937,38535168,80994304
retained-20260902-f3945ac,F2-r08,2026-09-02T07:52:50.464049946Z,260.383945,46860051,38535168,80994304
retained-20260902-f3945ac,F2-r08,2026-09-02T07:52:50.474146241Z,270.480240,46860162,38535168,80994304
retained-20260902-f3945ac,F2-r08,2026-09-02T07:52:50.484281045Z,280.615044,46860267,38535168,80994304
retained-20260902-f3945ac,F2-r08,2026-09-02T07:52:50.494430932Z,290.764930,46860385,38535168,80994304
retained-20260902-f3945ac,F2-r08,2026-09-02T07:52:50.5046012Z,300.935199,46860503,38535168,80994304
retained-20260902-f3945ac,F2-r08,2026-09-02T07:52:50.514785771Z,311.119770,46860654,38535168,80994304
retained-20260902-f3945ac,F2-r08,2026-09-02T07:52:50.52392643Z,320.260428,46860777,38535168,80994304
retained-20260902-f3945ac,F2-r08,2026-09-02T07:52:50.534036966Z,330.370965,46860885,38535168,80994304
retained-20260902-f3945ac,F2-r08,2026-09-02T07:52:50.544191133Z,340.525131,46861012,38535168,80994304
retained-20260902-f3945ac,F2-r08,2026-09-02T07:52:50.55428465Z,350.618648,46861173,38535168,80994304
retained-20260902-f3945ac,F2-r08,2026-09-02T07:52:50.56441562Z,360.749619,46861283,38535168,80994304
retained-20260902-f3945ac,F2-r08,2026-09-02T07:52:50.574543014Z,370.877013,46861379,38535168,80994304
retained-20260902-f3945ac,F2-r08,2026-09-02T07:52:50.584716132Z,381.050130,46861510,38535168,80994304
retained-20260902-f3945ac,F2-r08,2026-09-02T07:52:50.593826817Z,390.160815,46861627,38535168,80994304
retained-20260902-f3945ac,F2-r08,2026-09-02T07:52:50.603964115Z,400.298113,46861771,38535168,80994304
retained-20260902-f3945ac,F2-r08,2026-09-02T07:52:50.614130435Z,410.464434,46861914,38535168,80994304
retained-20260902-f3945ac,F2-r08,2026-09-02T07:52:50.624269555Z,420.603553,46862040,38535168,80994304
retained-20260902-f3945ac,F2-r08,2026-09-02T07:52:50.634352143Z,430.686141,46862156,38535168,80994304
retained-20260902-f3945ac,F2-r08,2026-09-02T07:52:50.644480403Z,440.814403,46862262,38535168,80994304
retained-20260902-f3945ac,F2-r08,2026-09-02T07:52:50.654638032Z,450.972030,46862368,38535168,80994304
retained-20260902-f3945ac,F2-r08,2026-09-02T07:52:50.664854382Z,461.188380,46862543,38535168,80994304
retained-20260902-f3945ac,F2-r08,2026-09-02T07:52:50.674012521Z,470.346519,46862668,38535168,80994304
retained-20260902-f3945ac,F2-r08,2026-09-02T07:52:50.684197709Z,480.531708,46862804,38535168,80994304
retained-20260902-f3945ac,F2-r08,2026-09-02T07:52:50.694364787Z,490.698785,46862975,38535168,80994304
retained-20260902-f3945ac,F2-r08,2026-09-02T07:52:50.7045369Z,500.870899,46863174,38535168,80994304
retained-20260902-f3945ac,F2-r08,2026-09-02T07:52:50.709116229Z,505.450227,46864287,38764544,80994304
retained-20260902-f3945ac,S4-4-r08,2026-09-02T07:52:51.56302024Z,0.088369,47718830,33030144,181555200
retained-20260902-f3945ac,S4-4-r08,2026-09-02T07:52:51.589902314Z,26.970443,47724661,35094528,183980032
retained-20260902-f3945ac,S4-4-r08,2026-09-02T07:52:51.593786172Z,30.854300,47749096,37158912,212291584
retained-20260902-f3945ac,S4-4-r08,2026-09-02T07:52:51.603983134Z,41.051263,47787402,37158912,343887872
retained-20260902-f3945ac,S4-4-r08,2026-09-02T07:52:51.613174743Z,50.242872,47823270,37158912,406540288
retained-20260902-f3945ac,S4-4-r08,2026-09-02T07:52:51.623373723Z,60.441850,47823474,37158912,406536192
retained-20260902-f3945ac,S4-4-r08,2026-09-02T07:52:51.633566019Z,70.634147,47823673,37158912,406536192
retained-20260902-f3945ac,S4-4-r08,2026-09-02T07:52:51.643757377Z,80.825506,47823810,37158912,406536192
retained-20260902-f3945ac,S4-4-r08,2026-09-02T07:52:51.654005346Z,91.073474,47860625,37158912,407584768
retained-20260902-f3945ac,S4-4-r08,2026-09-02T07:52:51.663243664Z,100.311792,47896415,37158912,407584768
retained-20260902-f3945ac,S4-4-r08,2026-09-02T07:52:51.673506031Z,110.574158,47923272,37158912,407584768
retained-20260902-f3945ac,S4-4-r08,2026-09-02T07:52:51.745667097Z,182.735220,47923485,37158912,407584768
retained-20260902-f3945ac,S4-4-r08,2026-09-02T07:52:51.753928361Z,190.996490,47960068,37388288,407846912
retained-20260902-f3945ac,S4-4-r08,2026-09-02T07:52:51.76316981Z,200.237939,47995863,37388288,407846912
retained-20260902-f3945ac,S4-4-r08,2026-09-02T07:52:51.773473922Z,210.542050,48022800,37388288,407846912
retained-20260902-f3945ac,S4-4-r08,2026-09-02T07:52:51.783608925Z,220.677054,48022998,37388288,407846912
retained-20260902-f3945ac,S4-4-r08,2026-09-02T07:52:51.793824598Z,230.892727,48023241,37388288,407846912
retained-20260902-f3945ac,S4-4-r08,2026-09-02T07:52:51.804103263Z,241.171391,48023393,37388288,407846912
retained-20260902-f3945ac,S4-4-r08,2026-09-02T07:52:51.813246136Z,250.314265,48023563,37388288,407846912
retained-20260902-f3945ac,S4-4-r08,2026-09-02T07:52:51.82340588Z,260.474009,48023721,37388288,407920640
retained-20260902-f3945ac,S4-4-r08,2026-09-02T07:52:51.833599261Z,270.667389,48023852,37388288,408182784
retained-20260902-f3945ac,S4-4-r08,2026-09-02T07:52:51.843731962Z,280.800091,48024116,37388288,408182784
retained-20260902-f3945ac,S4-4-r08,2026-09-02T07:52:51.853890301Z,290.958429,48060890,37388288,408182784
retained-20260902-f3945ac,S4-4-r08,2026-09-02T07:52:51.86413319Z,301.201319,48096641,37388288,408182784
retained-20260902-f3945ac,S4-4-r08,2026-09-02T07:52:51.945648931Z,382.717059,48123630,37388288,407691264
retained-20260902-f3945ac,S4-4-r08,2026-09-02T07:52:51.953915325Z,390.983453,48160388,37388288,407949312
retained-20260902-f3945ac,S4-4-r08,2026-09-02T07:52:51.964082302Z,401.150430,48196314,37388288,411881472
retained-20260902-f3945ac,S4-4-r08,2026-09-02T07:52:51.973312889Z,410.381017,48218964,37388288,420978688
retained-20260902-f3945ac,S4-4-r08,2026-09-02T07:52:51.983428558Z,420.496686,48219152,37388288,420978688
retained-20260902-f3945ac,S4-4-r08,2026-09-02T07:52:51.993617297Z,430.685426,48219331,37388288,420978688
retained-20260902-f3945ac,S4-4-r08,2026-09-02T07:52:52.003758952Z,440.827088,48219474,37388288,420978688
retained-20260902-f3945ac,S4-4-r08,2026-09-02T07:52:52.013884512Z,450.952641,48219579,37388288,420978688
retained-20260902-f3945ac,S4-4-r08,2026-09-02T07:52:52.024122456Z,461.190585,48219779,37388288,420753408
retained-20260902-f3945ac,S4-4-r08,2026-09-02T07:52:52.0334019Z,470.470029,48220030,37388288,421015552
retained-20260902-f3945ac,S4-4-r08,2026-09-02T07:52:52.04371501Z,480.783138,48220296,37388288,421015552
retained-20260902-f3945ac,S4-4-r08,2026-09-02T07:52:52.053781628Z,490.849756,48240152,37388288,475279360
retained-20260902-f3945ac,S4-4-r08,2026-09-02T07:52:52.064052722Z,501.120851,48294815,37388288,546058240
retained-20260902-f3945ac,S4-4-r08,2026-09-02T07:52:52.073339632Z,510.407760,48322260,37388288,573059072
retained-20260902-f3945ac,S4-4-r08,2026-09-02T07:52:52.08343951Z,520.507638,48322487,37388288,573059072
retained-20260902-f3945ac,S4-4-r08,2026-09-02T07:52:52.09360913Z,530.677258,48322681,37388288,573321216
retained-20260902-f3945ac,S4-4-r08,2026-09-02T07:52:52.10381081Z,540.878940,48322894,37617664,573321216
retained-20260902-f3945ac,S4-4-r08,2026-09-02T07:52:52.113979576Z,551.047704,48323092,37617664,573321216
retained-20260902-f3945ac,S4-4-r08,2026-09-02T07:52:52.123167553Z,560.235681,48323249,37617664,573321216
retained-20260902-f3945ac,S4-4-r08,2026-09-02T07:52:52.133499667Z,570.567790,48323478,37617664,573280256
retained-20260902-f3945ac,S4-4-r08,2026-09-02T07:52:52.145660456Z,582.728585,48323852,37617664,573280256
retained-20260902-f3945ac,S4-4-r08,2026-09-02T07:52:52.153870925Z,590.939053,48361758,37617664,619683840
retained-20260902-f3945ac,S4-4-r08,2026-09-02T07:52:52.164125945Z,601.194073,48397950,37617664,643801088
retained-20260902-f3945ac,S4-4-r08,2026-09-02T07:52:52.173351833Z,610.419962,48420479,37617664,644849664
retained-20260902-f3945ac,S4-4-r08,2026-09-02T07:52:52.183567818Z,620.635946,48420653,37617664,644849664
retained-20260902-f3945ac,S4-4-r08,2026-09-02T07:52:52.19377068Z,630.838808,48420819,37617664,644849664
retained-20260902-f3945ac,S4-4-r08,2026-09-02T07:52:52.203970191Z,641.038319,48420961,37617664,644849664
retained-20260902-f3945ac,S4-4-r08,2026-09-02T07:52:52.214120065Z,651.188189,48421090,37617664,644849664
retained-20260902-f3945ac,S4-4-r08,2026-09-02T07:52:52.223455005Z,660.523128,48421235,37617664,644849664
retained-20260902-f3945ac,S4-4-r08,2026-09-02T07:52:52.23363589Z,670.704012,48421631,37617664,644759552
retained-20260902-f3945ac,S4-4-r08,2026-09-02T07:52:52.243840074Z,680.908197,48421752,37617664,644759552
retained-20260902-f3945ac,S4-4-r08,2026-09-02T07:52:52.254075025Z,691.143155,48458676,37617664,644759552
retained-20260902-f3945ac,S4-4-r08,2026-09-02T07:52:52.263290663Z,700.358791,48494601,37617664,646070272
retained-20260902-f3945ac,S4-4-r08,2026-09-02T07:52:52.27358062Z,710.648748,48521669,37847040,646594560
retained-20260902-f3945ac,S4-4-r08,2026-09-02T07:52:52.283773343Z,720.841472,48521915,37847040,646594560
retained-20260902-f3945ac,S4-4-r08,2026-09-02T07:52:52.293964166Z,731.032294,48522183,37847040,646594560
retained-20260902-f3945ac,S4-4-r08,2026-09-02T07:52:52.304119143Z,741.187271,48522456,37847040,646594560
retained-20260902-f3945ac,S4-4-r08,2026-09-02T07:52:52.313385947Z,750.454085,48522693,37847040,646594560
retained-20260902-f3945ac,S4-4-r08,2026-09-02T07:52:52.323670132Z,760.738261,48522928,37847040,646594560
retained-20260902-f3945ac,S4-4-r08,2026-09-02T07:52:52.345671924Z,782.740052,48523167,37847040,646701056
retained-20260902-f3945ac,S4-4-r08,2026-09-02T07:52:52.353878063Z,790.946191,48560148,37847040,646963200
retained-20260902-f3945ac,S4-4-r08,2026-09-02T07:52:52.364077994Z,801.146123,48596009,38076416,647225344
retained-20260902-f3945ac,S4-4-r08,2026-09-02T07:52:52.373200195Z,810.268323,48622957,38076416,647487488
retained-20260902-f3945ac,S4-4-r08,2026-09-02T07:52:52.383363388Z,820.431517,48623169,38076416,647487488
retained-20260902-f3945ac,S4-4-r08,2026-09-02T07:52:52.393618613Z,830.686742,48623377,38076416,647487488
retained-20260902-f3945ac,S4-4-r08,2026-09-02T07:52:52.403863022Z,840.931150,48623567,38076416,647450624
retained-20260902-f3945ac,S4-4-r08,2026-09-02T07:52:52.414067198Z,851.135321,48623738,38076416,647450624
retained-20260902-f3945ac,S4-4-r08,2026-09-02T07:52:52.423289297Z,860.357420,48623900,38076416,647450624
retained-20260902-f3945ac,S4-4-r08,2026-09-02T07:52:52.433536279Z,870.604403,48624113,38076416,647192576
retained-20260902-f3945ac,S4-4-r08,2026-09-02T07:52:52.445665079Z,882.733202,48624270,38076416,647192576
retained-20260902-f3945ac,S4-4-r08,2026-09-02T07:52:52.45391058Z,890.978708,48661219,38076416,648241152
retained-20260902-f3945ac,S4-4-r08,2026-09-02T07:52:52.464143145Z,901.211274,48697097,38076416,648765440
retained-20260902-f3945ac,S4-4-r08,2026-09-02T07:52:52.473330206Z,910.398334,48719689,38076416,648765440
retained-20260902-f3945ac,S4-4-r08,2026-09-02T07:52:52.483541888Z,920.610016,48719945,38076416,648765440
retained-20260902-f3945ac,S4-4-r08,2026-09-02T07:52:52.493811572Z,930.879701,48720297,38076416,648765440
retained-20260902-f3945ac,S4-4-r08,2026-09-02T07:52:52.504088066Z,941.156194,48720460,38076416,648765440
retained-20260902-f3945ac,S4-4-r08,2026-09-02T07:52:52.513336129Z,950.404257,48720721,38076416,648765440
retained-20260902-f3945ac,S4-4-r08,2026-09-02T07:52:52.523656657Z,960.724786,48720978,38076416,648765440
retained-20260902-f3945ac,S4-4-r08,2026-09-02T07:52:52.545680501Z,982.748629,48721228,38076416,648609792
retained-20260902-f3945ac,S4-4-r08,2026-09-02T07:52:52.553949713Z,991.017841,48758167,38076416,649658368
retained-20260902-f3945ac,S4-4-r08,2026-09-02T07:52:52.563159342Z,1000.227470,48794037,38076416,650444800
retained-20260902-f3945ac,S4-4-r08,2026-09-02T07:52:52.57340264Z,1010.470769,48821010,38076416,650444800
retained-20260902-f3945ac,S4-4-r08,2026-09-02T07:52:52.583597862Z,1020.665991,48821215,38076416,650444800
retained-20260902-f3945ac,S4-4-r08,2026-09-02T07:52:52.593834351Z,1030.902491,48821568,38076416,650444800
retained-20260902-f3945ac,S4-4-r08,2026-09-02T07:52:52.603161378Z,1040.229506,48821848,38076416,650444800
retained-20260902-f3945ac,S4-4-r08,2026-09-02T07:52:52.61339354Z,1050.461668,48822094,38076416,650702848
retained-20260902-f3945ac,S4-4-r08,2026-09-02T07:52:52.623546947Z,1060.615075,48822246,38076416,650702848
retained-20260902-f3945ac,S4-4-r08,2026-09-02T07:52:52.633745461Z,1070.813589,48822410,38076416,650551296
retained-20260902-f3945ac,S4-4-r08,2026-09-02T07:52:52.643983608Z,1081.051736,48822642,38076416,650551296
retained-20260902-f3945ac,S4-4-r08,2026-09-02T07:52:52.653332483Z,1090.400611,48841864,38076416,651075584
retained-20260902-f3945ac,S4-4-r08,2026-09-02T07:52:52.663560735Z,1100.628864,48895956,38076416,653172736
retained-20260902-f3945ac,S4-4-r08,2026-09-02T07:52:52.673784113Z,1110.852242,48922894,38076416,653172736
retained-20260902-f3945ac,S4-4-r08,2026-09-02T07:52:52.684025Z,1121.093128,48923110,38076416,653172736
retained-20260902-f3945ac,S4-4-r08,2026-09-02T07:52:52.693162201Z,1130.230329,48923240,38076416,653172736
retained-20260902-f3945ac,S4-4-r08,2026-09-02T07:52:52.703352993Z,1140.421123,48923423,38076416,653172736
retained-20260902-f3945ac,S4-4-r08,2026-09-02T07:52:52.713539138Z,1150.607266,48923582,38076416,653172736
retained-20260902-f3945ac,S4-4-r08,2026-09-02T07:52:52.723702608Z,1160.770735,48923724,38076416,653172736
retained-20260902-f3945ac,S4-4-r08,2026-09-02T07:52:52.733952422Z,1171.020551,48923953,38076416,653012992
retained-20260902-f3945ac,S4-4-r08,2026-09-02T07:52:52.744126591Z,1181.194720,48924166,38076416,653012992
retained-20260902-f3945ac,S4-4-r08,2026-09-02T07:52:52.75326961Z,1190.337737,48947391,38076416,654848000
retained-20260902-f3945ac,S4-4-r08,2026-09-02T07:52:52.763515245Z,1200.583375,48997329,38076416,609734656
retained-20260902-f3945ac,S4-4-r08,2026-09-02T07:52:52.773592407Z,1210.660536,49021228,41287680,613015552
retained-20260902-f3945ac,S4-4-r08,2026-09-02T07:52:52.847183976Z,1284.252107,49021247,41287680,613015552
retained-20260902-f3945ac,S4-4-r08,2026-09-02T07:52:52.853557545Z,1290.625668,49041194,41287680,567042048
retained-20260902-f3945ac,S4-4-r08,2026-09-02T07:52:52.86325239Z,1300.320518,49068675,37457920,513298432
retained-20260902-f3945ac,S4-4-r08,2026-09-02T07:52:52.870309817Z,1307.377945,49086993,36663296,463147008
retained-20260902-f3945ac,S4-2-r08,2026-09-02T07:52:53.396044104Z,0.018763,49557844,32800768,128552960
retained-20260902-f3945ac,S4-2-r08,2026-09-02T07:52:53.425925741Z,29.900395,49562715,35553280,130453504
retained-20260902-f3945ac,S4-2-r08,2026-09-02T07:52:53.426177222Z,30.151881,49562836,35553280,130191360
retained-20260902-f3945ac,S4-2-r08,2026-09-02T07:52:53.436806218Z,40.780876,49587869,37617664,198086656
retained-20260902-f3945ac,S4-2-r08,2026-09-02T07:52:53.447020853Z,50.995511,49610591,37617664,243175424
retained-20260902-f3945ac,S4-2-r08,2026-09-02T07:52:53.457205534Z,61.180192,49628560,37617664,245010432
retained-20260902-f3945ac,S4-2-r08,2026-09-02T07:52:53.466383034Z,70.357693,49655496,37617664,244744192
retained-20260902-f3945ac,S4-2-r08,2026-09-02T07:52:53.476581267Z,80.555925,49673337,37617664,244744192
retained-20260902-f3945ac,S4-2-r08,2026-09-02T07:52:53.486742524Z,90.717182,49700167,37617664,244744192
retained-20260902-f3945ac,S4-2-r08,2026-09-02T07:52:53.496953144Z,100.927802,49709232,37617664,244744192
retained-20260902-f3945ac,S4-2-r08,2026-09-02T07:52:53.507112323Z,111.086981,49709381,37617664,244744192
retained-20260902-f3945ac,S4-2-r08,2026-09-02T07:52:53.51630844Z,120.283097,49709504,37617664,244744192
retained-20260902-f3945ac,S4-2-r08,2026-09-02T07:52:53.545645863Z,149.620521,49709650,37617664,244744192
retained-20260902-f3945ac,S4-2-r08,2026-09-02T07:52:53.546815463Z,150.790121,49710385,37617664,244744192
retained-20260902-f3945ac,S4-2-r08,2026-09-02T07:52:53.557005601Z,160.980260,49728295,37617664,244744192
retained-20260902-f3945ac,S4-2-r08,2026-09-02T07:52:53.567210895Z,171.185575,49755090,37617664,244744192
retained-20260902-f3945ac,S4-2-r08,2026-09-02T07:52:53.576463388Z,180.438046,49773130,37617664,244744192
retained-20260902-f3945ac,S4-2-r08,2026-09-02T07:52:53.586666614Z,190.641273,49800012,37617664,247365632
retained-20260902-f3945ac,S4-2-r08,2026-09-02T07:52:53.596857589Z,200.832247,49809290,37617664,260997120
retained-20260902-f3945ac,S4-2-r08,2026-09-02T07:52:53.607082071Z,211.056730,49809474,37617664,260997120
retained-20260902-f3945ac,S4-2-r08,2026-09-02T07:52:53.616291982Z,220.266639,49809625,37617664,261259264
retained-20260902-f3945ac,S4-2-r08,2026-09-02T07:52:53.645658417Z,249.633075,49809772,37617664,261255168
retained-20260902-f3945ac,S4-2-r08,2026-09-02T07:52:53.646839175Z,250.813834,49810489,37617664,263090176
retained-20260902-f3945ac,S4-2-r08,2026-09-02T07:52:53.657035109Z,261.009768,49829042,37617664,295596032
retained-20260902-f3945ac,S4-2-r08,2026-09-02T07:52:53.666229367Z,270.204025,49856470,37847040,329412608
retained-20260902-f3945ac,S4-2-r08,2026-09-02T07:52:53.676381646Z,280.356304,49877639,37847040,354054144
retained-20260902-f3945ac,S4-2-r08,2026-09-02T07:52:53.686517782Z,290.492441,49901873,37847040,362967040
retained-20260902-f3945ac,S4-2-r08,2026-09-02T07:52:53.69671929Z,300.693949,49910952,37847040,362967040
retained-20260902-f3945ac,S4-2-r08,2026-09-02T07:52:53.706930693Z,310.905351,49911130,37847040,362967040
retained-20260902-f3945ac,S4-2-r08,2026-09-02T07:52:53.71710501Z,321.079668,49911260,37847040,362967040
retained-20260902-f3945ac,S4-2-r08,2026-09-02T07:52:53.72628519Z,330.259848,49911406,37847040,362967040
retained-20260902-f3945ac,S4-2-r08,2026-09-02T07:52:53.736467546Z,340.442206,49911593,37847040,362967040
retained-20260902-f3945ac,S4-2-r08,2026-09-02T07:52:53.746668876Z,350.643534,49912345,37847040,362967040
retained-20260902-f3945ac,S4-2-r08,2026-09-02T07:52:53.756820367Z,360.795025,49930351,37847040,363491328
retained-20260902-f3945ac,S4-2-r08,2026-09-02T07:52:53.767050253Z,371.024912,49957257,37847040,364015616
retained-20260902-f3945ac,S4-2-r08,2026-09-02T07:52:53.776300734Z,380.275392,49975292,37847040,364539904
retained-20260902-f3945ac,S4-2-r08,2026-09-02T07:52:53.786522273Z,390.496931,50002216,37847040,364802048
retained-20260902-f3945ac,S4-2-r08,2026-09-02T07:52:53.796779299Z,400.753958,50011314,38076416,364802048
retained-20260902-f3945ac,S4-2-r08,2026-09-02T07:52:53.806988307Z,410.962960,50011455,38076416,364802048
retained-20260902-f3945ac,S4-2-r08,2026-09-02T07:52:53.817169737Z,421.144390,50011572,38076416,364064768
retained-20260902-f3945ac,S4-2-r08,2026-09-02T07:52:53.826290779Z,430.265438,50011661,38076416,364064768
retained-20260902-f3945ac,S4-2-r08,2026-09-02T07:52:53.836448113Z,440.422772,50011749,38076416,364085248
retained-20260902-f3945ac,S4-2-r08,2026-09-02T07:52:53.846601326Z,450.575985,50012425,38076416,364085248
retained-20260902-f3945ac,S4-2-r08,2026-09-02T07:52:53.856795376Z,460.770035,50030364,38076416,364085248
retained-20260902-f3945ac,S4-2-r08,2026-09-02T07:52:53.867009155Z,470.983814,50057256,38076416,365133824
retained-20260902-f3945ac,S4-2-r08,2026-09-02T07:52:53.877216643Z,481.191301,50075275,38076416,365133824
retained-20260902-f3945ac,S4-2-r08,2026-09-02T07:52:53.886417246Z,490.391906,50102119,38076416,365395968
retained-20260902-f3945ac,S4-2-r08,2026-09-02T07:52:53.896626746Z,500.601404,50111245,38076416,365395968
retained-20260902-f3945ac,S4-2-r08,2026-09-02T07:52:53.945640141Z,549.614799,50111433,38076416,365395968
retained-20260902-f3945ac,S4-2-r08,2026-09-02T07:52:53.946758023Z,550.732681,50112189,38076416,365395968
retained-20260902-f3945ac,S4-2-r08,2026-09-02T07:52:53.956903277Z,560.877935,50133188,38076416,367230976
retained-20260902-f3945ac,S4-2-r08,2026-09-02T07:52:53.967082986Z,571.057645,50157539,38076416,367230976
retained-20260902-f3945ac,S4-2-r08,2026-09-02T07:52:53.977197379Z,581.172038,50176014,38076416,369065984
retained-20260902-f3945ac,S4-2-r08,2026-09-02T07:52:53.986174762Z,590.149416,50205813,41287680,324792320
retained-20260902-f3945ac,S4-2-r08,2026-09-02T07:52:53.996268372Z,600.243031,50206732,41517056,324698112
retained-20260902-f3945ac,S4-2-r08,2026-09-02T07:52:54.006460563Z,610.435221,50206902,41517056,324698112
retained-20260902-f3945ac,S4-2-r08,2026-09-02T07:52:54.01667482Z,620.649478,50207058,41517056,324116480
retained-20260902-f3945ac,S4-2-r08,2026-09-02T07:52:54.026864212Z,630.838870,50207222,41517056,323903488
retained-20260902-f3945ac,S4-2-r08,2026-09-02T07:52:54.045635263Z,649.609922,50207367,41517056,323903488
retained-20260902-f3945ac,S4-2-r08,2026-09-02T07:52:54.046794994Z,650.769652,50207824,41517056,324165632
retained-20260902-f3945ac,S4-2-r08,2026-09-02T07:52:54.05619719Z,660.171848,50222402,40992768,276344832
retained-20260902-f3945ac,S4-2-r08,2026-09-02T07:52:54.05757584Z,661.550498,50225624,36917248,271011840
retained-20260902-f3945ac,S3-COLD-CONTROL-r09,2026-09-02T07:52:54.284084272Z,0.029704,50447363,58298368,95428608
retained-20260902-f3945ac,S3-COLD-CONTROL-r09,2026-09-02T07:52:54.294326862Z,10.272300,50460090,90640384,127672320
retained-20260902-f3945ac,S3-COLD-CONTROL-r09,2026-09-02T07:52:54.304534862Z,20.480299,50469154,114266112,151162880
retained-20260902-f3945ac,S3-COLD-CONTROL-r09,2026-09-02T07:52:54.314668281Z,30.613718,50482719,114266112,150945792
retained-20260902-f3945ac,S3-COLD-CONTROL-r09,2026-09-02T07:52:54.324904183Z,40.849620,50491830,114266112,150581248
retained-20260902-f3945ac,S3-COLD-CONTROL-r09,2026-09-02T07:52:54.335108771Z,51.054209,50505367,114266112,150581248
retained-20260902-f3945ac,S3-COLD-CONTROL-r09,2026-09-02T07:52:54.344194584Z,60.140021,50505503,114266112,150581248
retained-20260902-f3945ac,S3-COLD-CONTROL-r09,2026-09-02T07:52:54.354315995Z,70.261432,50514854,114266112,150548480
retained-20260902-f3945ac,S3-COLD-CONTROL-r09,2026-09-02T07:52:54.3645464Z,80.491838,50523994,114266112,150548480
retained-20260902-f3945ac,S3-COLD-CONTROL-r09,2026-09-02T07:52:54.374746918Z,90.692355,50537523,114266112,150548480
retained-20260902-f3945ac,S3-COLD-CONTROL-r09,2026-09-02T07:52:54.384919684Z,100.865121,50546622,114266112,150548480
retained-20260902-f3945ac,S3-COLD-CONTROL-r09,2026-09-02T07:52:54.395099031Z,111.044468,50560144,114495488,150548480
retained-20260902-f3945ac,S3-COLD-CONTROL-r09,2026-09-02T07:52:54.404251093Z,120.196530,50569288,124129280,160247808
retained-20260902-f3945ac,S3-COLD-CONTROL-r09,2026-09-02T07:52:54.414454812Z,130.400249,50583093,142938112,179384320
retained-20260902-f3945ac,S3-COLD-CONTROL-r09,2026-09-02T07:52:54.424603344Z,140.548782,50592469,162435072,199041024
retained-20260902-f3945ac,S3-COLD-CONTROL-r09,2026-09-02T07:52:54.434768998Z,150.714430,50606211,172756992,209264640
retained-20260902-f3945ac,S3-COLD-CONTROL-r09,2026-09-02T07:52:54.444971803Z,160.917241,50606394,172756992,209264640
retained-20260902-f3945ac,S3-COLD-CONTROL-r09,2026-09-02T07:52:54.455211913Z,171.157351,50615854,172756992,209264640
retained-20260902-f3945ac,S3-COLD-CONTROL-r09,2026-09-02T07:52:54.464370918Z,180.316356,50624932,172756992,209264640
retained-20260902-f3945ac,S3-COLD-CONTROL-r09,2026-09-02T07:52:54.474593235Z,190.538673,50638511,172986368,209526784
retained-20260902-f3945ac,S3-COLD-CONTROL-r09,2026-09-02T07:52:54.484838403Z,200.783841,50650620,172986368,209526784
retained-20260902-f3945ac,S3-COLD-CONTROL-r09,2026-09-02T07:52:54.495073979Z,211.019416,50661267,173674496,210051072
retained-20260902-f3945ac,S3-COLD-CONTROL-r09,2026-09-02T07:52:54.504442784Z,220.388221,50670426,173674496,210051072
retained-20260902-f3945ac,S3-COLD-CONTROL-r09,2026-09-02T07:52:54.514620236Z,230.565673,50683989,173674496,210051072
retained-20260902-f3945ac,S3-COLD-CONTROL-r09,2026-09-02T07:52:54.524776964Z,240.722402,50693080,173903872,210313216
retained-20260902-f3945ac,S3-COLD-CONTROL-r09,2026-09-02T07:52:54.535025468Z,250.970906,50706695,173903872,210313216
retained-20260902-f3945ac,S3-COLD-CONTROL-r09,2026-09-02T07:52:54.54422151Z,260.166948,50706909,173903872,210313216
retained-20260902-f3945ac,S3-COLD-CONTROL-r09,2026-09-02T07:52:54.554726246Z,270.671683,50716310,174362624,210575360
retained-20260902-f3945ac,S3-COLD-CONTROL-r09,2026-09-02T07:52:54.564961244Z,280.906682,50725527,174362624,210575360
retained-20260902-f3945ac,S3-COLD-CONTROL-r09,2026-09-02T07:52:54.575134604Z,291.080036,50739496,176656384,212672512
retained-20260902-f3945ac,S3-COLD-CONTROL-r09,2026-09-02T07:52:54.584287215Z,300.232653,50748470,177344512,213196800
retained-20260902-f3945ac,S3-COLD-CONTROL-r09,2026-09-02T07:52:54.594388362Z,310.333800,50761977,138084352,178176000
retained-20260902-f3945ac,S3-COLD-CONTROL-r09,2026-09-02T07:52:54.598141614Z,314.087051,50765032,129777664,165974016
retained-20260902-f3945ac,S3-COLD-r09,2026-09-02T07:52:54.814679978Z,0.052796,50982159,58638336,95244288
retained-20260902-f3945ac,S3-COLD-r09,2026-09-02T07:52:54.849929397Z,35.302209,50984705,60473344,97132544
retained-20260902-f3945ac,S3-COLD-r09,2026-09-02T07:52:54.864443753Z,49.816571,50990727,66437120,103686144
retained-20260902-f3945ac,S3-COLD-r09,2026-09-02T07:52:54.888751829Z,74.124641,50990727,66437120,103686144
retained-20260902-f3945ac,S3-COLD-r09,2026-09-02T07:52:54.899001303Z,84.374114,51013165,135479296,172863488
retained-20260902-f3945ac,S3-COLD-r09,2026-09-02T07:52:54.905618082Z,90.990899,51025478,169426944,206675968
retained-20260902-f3945ac,S3-COLD-r09,2026-09-02T07:52:54.915823877Z,101.196694,51052322,169426944,206675968
retained-20260902-f3945ac,S3-COLD-r09,2026-09-02T07:52:54.925054477Z,110.427294,51070340,169426944,206409728
retained-20260902-f3945ac,S3-COLD-r09,2026-09-02T07:52:54.935284592Z,120.657410,51092811,169426944,206409728
retained-20260902-f3945ac,S3-COLD-r09,2026-09-02T07:52:54.945476856Z,130.849674,51093009,169426944,206409728
retained-20260902-f3945ac,S3-COLD-r09,2026-09-02T07:52:54.955748671Z,141.121489,51111634,169426944,206409728
retained-20260902-f3945ac,S3-COLD-r09,2026-09-02T07:52:54.96494712Z,150.319937,51129581,169426944,206409728
retained-20260902-f3945ac,S3-COLD-r09,2026-09-02T07:52:54.975096966Z,160.469784,51156433,169426944,206409728
retained-20260902-f3945ac,S3-COLD-r09,2026-09-02T07:52:54.985334846Z,170.707663,51174428,169426944,206004224
retained-20260902-f3945ac,S3-COLD-r09,2026-09-02T07:52:54.995554085Z,180.926902,51192545,169426944,206004224
retained-20260902-f3945ac,S3-COLD-r09,2026-09-02T07:52:55.005736126Z,191.108950,51192732,169426944,206004224
retained-20260902-f3945ac,S3-COLD-r09,2026-09-02T07:52:55.014841234Z,200.214051,51192874,169426944,206004224
retained-20260902-f3945ac,S3-COLD-r09,2026-09-02T07:52:55.025045089Z,210.417907,51193082,169426944,205930496
retained-20260902-f3945ac,S3-COLD-r09,2026-09-02T07:52:55.035156659Z,220.529476,51193212,169426944,205930496
retained-20260902-f3945ac,S3-COLD-r09,2026-09-02T07:52:55.045279337Z,230.652154,51193341,169426944,206188544
retained-20260902-f3945ac,S3-COLD-r09,2026-09-02T07:52:55.055436786Z,240.809604,51211857,169426944,206188544
retained-20260902-f3945ac,S3-COLD-r09,2026-09-02T07:52:55.065603467Z,250.976285,51230162,193970176,231354368
retained-20260902-f3945ac,S3-COLD-r09,2026-09-02T07:52:55.075788684Z,261.161502,51257560,231587840,269090816
retained-20260902-f3945ac,S3-COLD-r09,2026-09-02T07:52:55.084987338Z,270.360150,51281751,260947968,298450944
retained-20260902-f3945ac,S3-COLD-r09,2026-09-02T07:52:55.095169435Z,280.542252,51289415,268976128,306839552
retained-20260902-f3945ac,S3-COLD-r09,2026-09-02T07:52:55.105318712Z,290.691530,51289587,268976128,306839552
retained-20260902-f3945ac,S3-COLD-r09,2026-09-02T07:52:55.115480537Z,300.853354,51289761,268976128,306839552
retained-20260902-f3945ac,S3-COLD-r09,2026-09-02T07:52:55.125640067Z,311.012885,51289917,268976128,306839552
retained-20260902-f3945ac,S3-COLD-r09,2026-09-02T07:52:55.135807139Z,321.179956,51290100,268976128,306835456
retained-20260902-f3945ac,S3-COLD-r09,2026-09-02T07:52:55.145022656Z,330.395473,51290321,268976128,306835456
retained-20260902-f3945ac,S3-COLD-r09,2026-09-02T07:52:55.155149067Z,340.521879,51309185,284114944,321777664
retained-20260902-f3945ac,S3-COLD-r09,2026-09-02T07:52:55.16534869Z,350.721508,51327219,288702464,326234112
retained-20260902-f3945ac,S3-COLD-r09,2026-09-02T07:52:55.175594648Z,360.967466,51354164,289161216,326758400
retained-20260902-f3945ac,S3-COLD-r09,2026-09-02T07:52:55.185781571Z,371.154388,51372190,289390592,327020544
retained-20260902-f3945ac,S3-COLD-r09,2026-09-02T07:52:55.19508794Z,380.460758,51390295,289390592,327020544
retained-20260902-f3945ac,S3-COLD-r09,2026-09-02T07:52:55.205256917Z,390.629734,51390541,289390592,327020544
retained-20260902-f3945ac,S3-COLD-r09,2026-09-02T07:52:55.215431703Z,400.804520,51390746,289390592,327020544
retained-20260902-f3945ac,S3-COLD-r09,2026-09-02T07:52:55.225641031Z,411.013849,51390946,289390592,327020544
retained-20260902-f3945ac,S3-COLD-r09,2026-09-02T07:52:55.235797737Z,421.170555,51391170,289390592,327020544
retained-20260902-f3945ac,S3-COLD-r09,2026-09-02T07:52:55.245000946Z,430.373763,51391302,289390592,327020544
retained-20260902-f3945ac,S3-COLD-r09,2026-09-02T07:52:55.255233837Z,440.606655,51409895,289849344,327282688
retained-20260902-f3945ac,S3-COLD-r09,2026-09-02T07:52:55.265449465Z,450.822283,51428003,290308096,327806976
retained-20260902-f3945ac,S3-COLD-r09,2026-09-02T07:52:55.275612152Z,460.984970,51454886,290308096,327806976
retained-20260902-f3945ac,S3-COLD-r09,2026-09-02T07:52:55.285750019Z,471.122837,51472934,290996224,328589312
retained-20260902-f3945ac,S3-COLD-r09,2026-09-02T07:52:55.294993692Z,480.366509,51491039,290996224,328589312
retained-20260902-f3945ac,S3-COLD-r09,2026-09-02T07:52:55.305113772Z,490.486590,51491200,290996224,328589312
retained-20260902-f3945ac,S3-COLD-r09,2026-09-02T07:52:55.315260434Z,500.633252,51491338,290996224,328589312
retained-20260902-f3945ac,S3-COLD-r09,2026-09-02T07:52:55.325402729Z,510.775546,51491570,290996224,328589312
retained-20260902-f3945ac,S3-COLD-r09,2026-09-02T07:52:55.335561914Z,520.934726,51491647,290996224,328589312
retained-20260902-f3945ac,S3-COLD-r09,2026-09-02T07:52:55.345643673Z,531.016490,51491735,290996224,328589312
retained-20260902-f3945ac,S3-COLD-r09,2026-09-02T07:52:55.354793077Z,540.165894,51510253,290996224,328589312
retained-20260902-f3945ac,S3-COLD-r09,2026-09-02T07:52:55.36498223Z,550.355048,51528285,291684352,329113600
retained-20260902-f3945ac,S3-COLD-r09,2026-09-02T07:52:55.375264208Z,560.637027,51555251,291684352,329113600
retained-20260902-f3945ac,S3-COLD-r09,2026-09-02T07:52:55.385471336Z,570.844148,51575281,294895616,333045760
retained-20260902-f3945ac,S3-COLD-r09,2026-09-02T07:52:55.395712356Z,581.085173,51592245,294895616,333045760
retained-20260902-f3945ac,S3-COLD-r09,2026-09-02T07:52:55.405068046Z,590.440869,51592627,294895616,332750848
retained-20260902-f3945ac,S3-COLD-r09,2026-09-02T07:52:55.415214909Z,600.587726,51592857,294895616,332750848
retained-20260902-f3945ac,S3-COLD-r09,2026-09-02T07:52:55.425397724Z,610.770541,51593021,294895616,332750848
retained-20260902-f3945ac,S3-COLD-r09,2026-09-02T07:52:55.435613605Z,620.986423,51593204,294895616,332750848
retained-20260902-f3945ac,S3-COLD-r09,2026-09-02T07:52:55.444787025Z,630.159842,51593356,294895616,332750848
retained-20260902-f3945ac,S3-COLD-r09,2026-09-02T07:52:55.454973192Z,640.346010,51611881,294895616,332750848
retained-20260902-f3945ac,S3-COLD-r09,2026-09-02T07:52:55.464816426Z,650.189239,51631766,199950336,241373184
retained-20260902-f3945ac,S3-COLD-r09,2026-09-02T07:52:55.470875916Z,656.248734,51646493,209584128,247033856
retained-20260902-f3945ac,S3-WARM-CONTROL-r09,2026-09-02T07:52:56.028606318Z,0.017990,52178970,127750144,163442688
retained-20260902-f3945ac,S3-WARM-CONTROL-r09,2026-09-02T07:52:56.029798138Z,1.209810,52180336,128208896,163880960
retained-20260902-f3945ac,S3-WARM-r09,2026-09-02T07:52:56.569742857Z,0.011045,52715010,127303680,163246080
retained-20260902-f3945ac,S3-WARM-r09,2026-09-02T07:52:56.601935832Z,32.204013,52716977,127991808,163934208
retained-20260902-f3945ac,S3-WARM-r09,2026-09-02T07:52:56.618761324Z,49.029511,52724802,133038080,169156608
retained-20260902-f3945ac,S3-WARM-r09,2026-09-02T07:52:56.627685706Z,57.953892,52724802,133038080,169156608
retained-20260902-f3945ac,S3-WARM-r09,2026-09-02T07:52:56.630877844Z,61.146030,52729769,133726208,169619456
retained-20260902-f3945ac,S3-WARM-r09,2026-09-02T07:52:56.640038615Z,70.306802,52738760,133726208,169619456
retained-20260902-f3945ac,S3-WARM-r09,2026-09-02T07:52:56.650218933Z,80.487119,52752260,133726208,169619456
retained-20260902-f3945ac,S3-WARM-r09,2026-09-02T07:52:56.660412259Z,90.680446,52761387,133726208,169619456
retained-20260902-f3945ac,S3-WARM-r09,2026-09-02T07:52:56.670606262Z,100.874449,52774926,133726208,169619456
retained-20260902-f3945ac,S3-WARM-r09,2026-09-02T07:52:56.680820396Z,111.088582,52784035,133726208,169619456
retained-20260902-f3945ac,S3-WARM-r09,2026-09-02T07:52:56.690058994Z,120.327181,52797592,133726208,169619456
retained-20260902-f3945ac,S3-WARM-r09,2026-09-02T07:52:56.700162467Z,130.430654,52806623,133726208,169619456
retained-20260902-f3945ac,S3-WARM-r09,2026-09-02T07:52:56.710366866Z,140.635053,52820178,133726208,169619456
retained-20260902-f3945ac,S3-WARM-r09,2026-09-02T07:52:56.7205523Z,150.820487,52830782,135790592,171978752
retained-20260902-f3945ac,S3-WARM-r09,2026-09-02T07:52:56.730691676Z,160.959863,52843163,154370048,190590976
retained-20260902-f3945ac,S3-WARM-r09,2026-09-02T07:52:56.740908442Z,171.176628,52847976,160333824,196620288
retained-20260902-f3945ac,S3-WARM-r09,2026-09-02T07:52:56.75012427Z,180.392457,52853033,168591360,205008896
retained-20260902-f3945ac,S3-WARM-r09,2026-09-02T07:52:56.760327772Z,190.595959,52863275,182583296,218902528
retained-20260902-f3945ac,S3-WARM-r09,2026-09-02T07:52:56.770435377Z,200.703563,52875964,182812672,219164672
retained-20260902-f3945ac,S3-WARM-r09,2026-09-02T07:52:56.780683004Z,210.951190,52885126,182812672,219164672
retained-20260902-f3945ac,S3-WARM-r09,2026-09-02T07:52:56.790872606Z,221.140792,52898706,182812672,219164672
retained-20260902-f3945ac,S3-WARM-r09,2026-09-02T07:52:56.800129828Z,230.398014,52907854,182812672,219164672
retained-20260902-f3945ac,S3-WARM-r09,2026-09-02T07:52:56.810272553Z,240.540740,52921383,182812672,219164672
retained-20260902-f3945ac,S3-WARM-r09,2026-09-02T07:52:56.82051783Z,250.786016,52930569,182812672,219164672
retained-20260902-f3945ac,S3-WARM-r09,2026-09-02T07:52:56.830712861Z,260.981051,52944331,182812672,219164672
retained-20260902-f3945ac,S3-WARM-r09,2026-09-02T07:52:56.840053209Z,270.321396,52944695,182812672,219164672
retained-20260902-f3945ac,S3-WARM-r09,2026-09-02T07:52:56.850232773Z,280.500960,52949581,182812672,219164672
retained-20260902-f3945ac,S3-WARM-r09,2026-09-02T07:52:56.860391033Z,290.659219,52958691,182812672,219164672
retained-20260902-f3945ac,S3-WARM-r09,2026-09-02T07:52:56.870587389Z,300.855575,52972265,182812672,219164672
retained-20260902-f3945ac,S3-WARM-r09,2026-09-02T07:52:56.880789597Z,311.057783,52981374,183271424,219279360
retained-20260902-f3945ac,S3-WARM-r09,2026-09-02T07:52:56.889947355Z,320.215542,52994882,183271424,219279360
retained-20260902-f3945ac,S3-WARM-r09,2026-09-02T07:52:56.900170521Z,330.438702,53004450,184647680,220852224
retained-20260902-f3945ac,S3-WARM-r09,2026-09-02T07:52:56.910298002Z,340.566188,53017926,184647680,220852224
retained-20260902-f3945ac,S3-WARM-r09,2026-09-02T07:52:56.920488007Z,350.756188,53029979,136482816,172593152
retained-20260902-f3945ac,S3-WARM-r09,2026-09-02T07:52:56.929853934Z,360.122121,53046200,134729728,171532288
retained-20260902-f3945ac,F2-r09,2026-09-02T07:52:56.973340886Z,0.041615,53078735,33488896,77959168
retained-20260902-f3945ac,F2-r09,2026-09-02T07:52:56.984305849Z,11.006576,53082402,38535168,81829888
retained-20260902-f3945ac,F2-r09,2026-09-02T07:52:56.993531124Z,20.231851,53082584,38535168,81829888
retained-20260902-f3945ac,F2-r09,2026-09-02T07:52:57.003761603Z,30.462330,53082760,38535168,81829888
retained-20260902-f3945ac,F2-r09,2026-09-02T07:52:57.013878144Z,40.578872,53082940,38535168,81829888
retained-20260902-f3945ac,F2-r09,2026-09-02T07:52:57.024090288Z,50.791016,53083085,38535168,81813504
retained-20260902-f3945ac,F2-r09,2026-09-02T07:52:57.034185903Z,60.886630,53083217,38535168,81813504
retained-20260902-f3945ac,F2-r09,2026-09-02T07:52:57.044339317Z,71.040044,53083343,38535168,81813504
retained-20260902-f3945ac,F2-r09,2026-09-02T07:52:57.053525387Z,80.226114,53083471,38535168,81813504
retained-20260902-f3945ac,F2-r09,2026-09-02T07:52:57.063713034Z,90.413761,53083623,38535168,81813504
retained-20260902-f3945ac,F2-r09,2026-09-02T07:52:57.07384973Z,100.550456,53083790,38535168,81813504
retained-20260902-f3945ac,F2-r09,2026-09-02T07:52:57.084158653Z,110.859380,53083942,38535168,81813504
retained-20260902-f3945ac,F2-r09,2026-09-02T07:52:57.0942578Z,120.958527,53084107,38535168,81813504
retained-20260902-f3945ac,F2-r09,2026-09-02T07:52:57.104438366Z,131.139094,53084230,38535168,81813504
retained-20260902-f3945ac,F2-r09,2026-09-02T07:52:57.113594909Z,140.295637,53084390,38535168,81637376
retained-20260902-f3945ac,F2-r09,2026-09-02T07:52:57.123774954Z,150.475682,53084528,38535168,81637376
retained-20260902-f3945ac,F2-r09,2026-09-02T07:52:57.133957383Z,160.658110,53084643,38535168,81637376
retained-20260902-f3945ac,F2-r09,2026-09-02T07:52:57.144102535Z,170.803262,53084768,38535168,81629184
retained-20260902-f3945ac,F2-r09,2026-09-02T07:52:57.154241436Z,180.942163,53084909,38535168,81629184
retained-20260902-f3945ac,F2-r09,2026-09-02T07:52:57.164422761Z,191.123489,53085039,38535168,81629184
retained-20260902-f3945ac,F2-r09,2026-09-02T07:52:57.173626521Z,200.327249,53085180,38535168,81625088
retained-20260902-f3945ac,F2-r09,2026-09-02T07:52:57.183834663Z,210.535391,53085352,38535168,81625088
retained-20260902-f3945ac,F2-r09,2026-09-02T07:52:57.194008133Z,220.708860,53085475,38535168,81625088
retained-20260902-f3945ac,F2-r09,2026-09-02T07:52:57.204219669Z,230.920396,53085629,38535168,81625088
retained-20260902-f3945ac,F2-r09,2026-09-02T07:52:57.214359201Z,241.059928,53085793,38535168,81625088
retained-20260902-f3945ac,F2-r09,2026-09-02T07:52:57.223550057Z,250.250784,53085916,38535168,81625088
retained-20260902-f3945ac,F2-r09,2026-09-02T07:52:57.233733077Z,260.433804,53086054,38535168,81625088
retained-20260902-f3945ac,F2-r09,2026-09-02T07:52:57.243936772Z,270.637500,53086223,38535168,81625088
retained-20260902-f3945ac,F2-r09,2026-09-02T07:52:57.254110209Z,280.810937,53086376,38535168,81625088
retained-20260902-f3945ac,F2-r09,2026-09-02T07:52:57.264383431Z,291.084158,53086573,38535168,81625088
retained-20260902-f3945ac,F2-r09,2026-09-02T07:52:57.273587264Z,300.287992,53086765,38535168,81625088
retained-20260902-f3945ac,F2-r09,2026-09-02T07:52:57.283701026Z,310.401754,53086911,38535168,81625088
retained-20260902-f3945ac,F2-r09,2026-09-02T07:52:57.293906969Z,320.607697,53087045,38535168,81625088
retained-20260902-f3945ac,F2-r09,2026-09-02T07:52:57.304054972Z,330.755700,53087183,38535168,81625088
retained-20260902-f3945ac,F2-r09,2026-09-02T07:52:57.314182643Z,340.883370,53087313,38535168,81625088
retained-20260902-f3945ac,F2-r09,2026-09-02T07:52:57.324304728Z,351.005456,53087455,38535168,81625088
retained-20260902-f3945ac,F2-r09,2026-09-02T07:52:57.333423142Z,360.123870,53087588,38535168,81625088
retained-20260902-f3945ac,F2-r09,2026-09-02T07:52:57.343551151Z,370.251879,53087744,38535168,81625088
retained-20260902-f3945ac,F2-r09,2026-09-02T07:52:57.353797374Z,380.498101,53088024,38535168,81625088
retained-20260902-f3945ac,F2-r09,2026-09-02T07:52:57.363962696Z,390.663423,53088127,38535168,81625088
retained-20260902-f3945ac,F2-r09,2026-09-02T07:52:57.374148232Z,400.848959,53088286,38535168,81625088
retained-20260902-f3945ac,F2-r09,2026-09-02T07:52:57.384369499Z,411.070226,53088460,38535168,81625088
retained-20260902-f3945ac,F2-r09,2026-09-02T07:52:57.393546011Z,420.246739,53088596,38535168,81625088
retained-20260902-f3945ac,F2-r09,2026-09-02T07:52:57.403682315Z,430.383042,53088731,38535168,81625088
retained-20260902-f3945ac,F2-r09,2026-09-02T07:52:57.413852506Z,440.553233,53088922,38535168,81625088
retained-20260902-f3945ac,F2-r09,2026-09-02T07:52:57.423994029Z,450.694758,53089081,38535168,81625088
retained-20260902-f3945ac,F2-r09,2026-09-02T07:52:57.43414835Z,460.849078,53089216,38535168,81625088
retained-20260902-f3945ac,F2-r09,2026-09-02T07:52:57.444436463Z,471.137190,53089398,38535168,81625088
retained-20260902-f3945ac,F2-r09,2026-09-02T07:52:57.453629877Z,480.330604,53089561,38535168,81625088
retained-20260902-f3945ac,F2-r09,2026-09-02T07:52:57.463818668Z,490.519396,53089700,38535168,81625088
retained-20260902-f3945ac,F2-r09,2026-09-02T07:52:57.4739748Z,500.675527,53089816,38535168,81625088
retained-20260902-f3945ac,F2-r09,2026-09-02T07:52:57.477740222Z,504.440949,53090709,38535168,81887232
retained-20260902-f3945ac,S4-2-r09,2026-09-02T07:52:57.899402748Z,0.083655,53531209,32800768,127778816
retained-20260902-f3945ac,S4-2-r09,2026-09-02T07:52:57.925914058Z,26.594959,53535782,35323904,129675264
retained-20260902-f3945ac,S4-2-r09,2026-09-02T07:52:57.929815538Z,30.496443,53549507,37617664,149856256
retained-20260902-f3945ac,S4-2-r09,2026-09-02T07:52:57.939972725Z,40.653632,53570347,37617664,210329600
retained-20260902-f3945ac,S4-2-r09,2026-09-02T07:52:57.950105339Z,50.786245,53588631,37617664,237854720
retained-20260902-f3945ac,S4-2-r09,2026-09-02T07:52:57.960333132Z,61.014038,53606586,37617664,241000448
retained-20260902-f3945ac,S4-2-r09,2026-09-02T07:52:57.969531292Z,70.212199,53624564,37617664,241000448
retained-20260902-f3945ac,S4-2-r09,2026-09-02T07:52:57.979654984Z,80.335891,53651419,37617664,241000448
retained-20260902-f3945ac,S4-2-r09,2026-09-02T07:52:57.989838778Z,90.519684,53673851,37617664,241000448
retained-20260902-f3945ac,S4-2-r09,2026-09-02T07:52:58.000004025Z,100.684939,53678470,37617664,241000448
retained-20260902-f3945ac,S4-2-r09,2026-09-02T07:52:58.010188468Z,110.869383,53678685,37617664,241258496
retained-20260902-f3945ac,S4-2-r09,2026-09-02T07:52:58.020373914Z,121.054820,53678813,37617664,241520640
retained-20260902-f3945ac,S4-2-r09,2026-09-02T07:52:58.029492192Z,130.173098,53678942,37617664,241254400
retained-20260902-f3945ac,S4-2-r09,2026-09-02T07:52:58.039633506Z,140.314412,53679073,37617664,241516544
retained-20260902-f3945ac,S4-2-r09,2026-09-02T07:52:58.049813126Z,150.494033,53688743,37617664,241516544
retained-20260902-f3945ac,S4-2-r09,2026-09-02T07:52:58.060021301Z,160.702208,53706724,37617664,241516544
retained-20260902-f3945ac,S4-2-r09,2026-09-02T07:52:58.070210551Z,170.891458,53733545,37847040,241516544
retained-20260902-f3945ac,S4-2-r09,2026-09-02T07:52:58.0803849Z,181.065807,53751484,37847040,241516544
retained-20260902-f3945ac,S4-2-r09,2026-09-02T07:52:58.089596218Z,190.277125,53772089,37847040,243613696
retained-20260902-f3945ac,S4-2-r09,2026-09-02T07:52:58.099820296Z,200.501202,53778675,37847040,251215872
retained-20260902-f3945ac,S4-2-r09,2026-09-02T07:52:58.109968766Z,210.649673,53778843,38076416,251215872
retained-20260902-f3945ac,S4-2-r09,2026-09-02T07:52:58.120189784Z,220.870690,53779017,38076416,251215872
retained-20260902-f3945ac,S4-2-r09,2026-09-02T07:52:58.130323845Z,231.004752,53779199,38076416,251215872
retained-20260902-f3945ac,S4-2-r09,2026-09-02T07:52:58.140538146Z,241.219052,53779350,38076416,251215872
retained-20260902-f3945ac,S4-2-r09,2026-09-02T07:52:58.14974707Z,250.427977,53783555,38076416,260653056
retained-20260902-f3945ac,S4-2-r09,2026-09-02T07:52:58.159909167Z,260.590073,53807677,38076416,298139648
retained-20260902-f3945ac,S4-2-r09,2026-09-02T07:52:58.170091917Z,270.772823,53834997,38076416,333004800
retained-20260902-f3945ac,S4-2-r09,2026-09-02T07:52:58.180333098Z,281.014005,53853443,38076416,353189888
retained-20260902-f3945ac,S4-2-r09,2026-09-02T07:52:58.190544565Z,291.225472,53875889,38076416,354500608
retained-20260902-f3945ac,S4-2-r09,2026-09-02T07:52:58.199763521Z,300.444426,53876030,38076416,354500608
retained-20260902-f3945ac,S4-2-r09,2026-09-02T07:52:58.209954703Z,310.635605,53876171,38076416,354500608
retained-20260902-f3945ac,S4-2-r09,2026-09-02T07:52:58.220169813Z,320.850719,53876325,38076416,354500608
retained-20260902-f3945ac,S4-2-r09,2026-09-02T07:52:58.230297252Z,330.978153,53876608,38076416,354500608
retained-20260902-f3945ac,S4-2-r09,2026-09-02T07:52:58.240465911Z,341.146812,53876701,38076416,354500608
retained-20260902-f3945ac,S4-2-r09,2026-09-02T07:52:58.249629127Z,350.310034,53877408,38076416,354500608
retained-20260902-f3945ac,S4-2-r09,2026-09-02T07:52:58.259840881Z,360.521787,53904309,38076416,354762752
retained-20260902-f3945ac,S4-2-r09,2026-09-02T07:52:58.270067136Z,370.748042,53931267,38076416,355024896
retained-20260902-f3945ac,S4-2-r09,2026-09-02T07:52:58.280283008Z,380.963914,53949257,38076416,355287040
retained-20260902-f3945ac,S4-2-r09,2026-09-02T07:52:58.290389719Z,391.070625,53971666,38076416,355287040
retained-20260902-f3945ac,S4-2-r09,2026-09-02T07:52:58.299644199Z,400.325106,53976328,38076416,355287040
retained-20260902-f3945ac,S4-2-r09,2026-09-02T07:52:58.345639316Z,446.320223,53976534,38076416,355180544
retained-20260902-f3945ac,S4-2-r09,2026-09-02T07:52:58.349862724Z,450.543630,53986235,38076416,355442688
retained-20260902-f3945ac,S4-2-r09,2026-09-02T07:52:58.360035231Z,460.716137,54004397,38076416,355966976
retained-20260902-f3945ac,S4-2-r09,2026-09-02T07:52:58.37020388Z,470.884786,54031205,38076416,356229120
retained-20260902-f3945ac,S4-2-r09,2026-09-02T07:52:58.380411958Z,481.092865,54049209,38076416,357015552
retained-20260902-f3945ac,S4-2-r09,2026-09-02T07:52:58.389639795Z,490.320702,54067215,38076416,357015552
retained-20260902-f3945ac,S4-2-r09,2026-09-02T07:52:58.399861032Z,500.541940,54076326,38076416,357015552
retained-20260902-f3945ac,S4-2-r09,2026-09-02T07:52:58.445651579Z,546.332486,54076501,38076416,357015552
retained-20260902-f3945ac,S4-2-r09,2026-09-02T07:52:58.449898014Z,550.578921,54086187,38305792,357015552
retained-20260902-f3945ac,S4-2-r09,2026-09-02T07:52:58.460122484Z,560.803390,54104710,38305792,359374848
retained-20260902-f3945ac,S4-2-r09,2026-09-02T07:52:58.470282346Z,570.963252,54131595,38305792,359374848
retained-20260902-f3945ac,S4-2-r09,2026-09-02T07:52:58.480502149Z,581.183056,54151859,38305792,323837952
retained-20260902-f3945ac,S4-2-r09,2026-09-02T07:52:58.545638067Z,646.318968,54177779,41746432,317050880
retained-20260902-f3945ac,S4-2-r09,2026-09-02T07:52:58.5500852Z,650.766106,54184113,38105088,313245696
retained-20260902-f3945ac,S4-2-r09,2026-09-02T07:52:58.556499699Z,657.180605,54197039,37613568,263950336
retained-20260902-f3945ac,S4-4-r09,2026-09-02T07:52:59.423612201Z,0.039410,55057138,33259520,181497856
retained-20260902-f3945ac,S4-4-r09,2026-09-02T07:52:59.457910111Z,34.337295,55062574,35323904,184414208
retained-20260902-f3945ac,S4-4-r09,2026-09-02T07:52:59.463774893Z,40.202082,55088070,37847040,244707328
retained-20260902-f3945ac,S4-4-r09,2026-09-02T07:52:59.474020306Z,50.447495,55141878,37847040,367128576
retained-20260902-f3945ac,S4-4-r09,2026-09-02T07:52:59.48427645Z,60.703639,55173230,37847040,406335488
retained-20260902-f3945ac,S4-4-r09,2026-09-02T07:52:59.494378682Z,70.805873,55177880,37847040,406335488
retained-20260902-f3945ac,S4-4-r09,2026-09-02T07:52:59.504525188Z,80.952378,55178032,37847040,406335488
retained-20260902-f3945ac,S4-4-r09,2026-09-02T07:52:59.514727293Z,91.154483,55178207,37847040,406335488
retained-20260902-f3945ac,S4-4-r09,2026-09-02T07:52:59.523903277Z,100.330460,55178322,37847040,406335488
retained-20260902-f3945ac,S4-4-r09,2026-09-02T07:52:59.534032017Z,110.459201,55178401,37847040,406335488
retained-20260902-f3945ac,S4-4-r09,2026-09-02T07:52:59.544226899Z,120.654082,55178508,37847040,406110208
retained-20260902-f3945ac,S4-4-r09,2026-09-02T07:52:59.554352521Z,130.779710,55215199,37847040,406896640
retained-20260902-f3945ac,S4-4-r09,2026-09-02T07:52:59.564577584Z,141.004773,55250934,37847040,406896640
retained-20260902-f3945ac,S4-4-r09,2026-09-02T07:52:59.574803951Z,151.231140,55277779,37847040,406896640
retained-20260902-f3945ac,S4-4-r09,2026-09-02T07:52:59.583900321Z,160.327511,55277935,37847040,406896640
retained-20260902-f3945ac,S4-4-r09,2026-09-02T07:52:59.594043945Z,170.471135,55278095,37847040,406896640
retained-20260902-f3945ac,S4-4-r09,2026-09-02T07:52:59.604241163Z,180.668352,55278272,37847040,406896640
retained-20260902-f3945ac,S4-4-r09,2026-09-02T07:52:59.64565789Z,222.085079,55278473,37847040,406896640
retained-20260902-f3945ac,S4-4-r09,2026-09-02T07:52:59.653866832Z,230.294021,55315355,38076416,406896640
retained-20260902-f3945ac,S4-4-r09,2026-09-02T07:52:59.664072706Z,240.499896,55351097,38076416,407154688
retained-20260902-f3945ac,S4-4-r09,2026-09-02T07:52:59.674299938Z,250.727127,55377966,38076416,407154688
retained-20260902-f3945ac,S4-4-r09,2026-09-02T07:52:59.684476073Z,260.903264,55378137,38076416,407154688
retained-20260902-f3945ac,S4-4-r09,2026-09-02T07:52:59.694688504Z,271.115693,55378324,38076416,407154688
retained-20260902-f3945ac,S4-4-r09,2026-09-02T07:52:59.703921373Z,280.348563,55378523,38076416,407154688
retained-20260902-f3945ac,S4-4-r09,2026-09-02T07:52:59.745668583Z,322.095773,55378776,38076416,407154688
retained-20260902-f3945ac,S4-4-r09,2026-09-02T07:52:59.753914713Z,330.341902,55415605,38076416,407154688
retained-20260902-f3945ac,S4-4-r09,2026-09-02T07:52:59.764088712Z,340.515901,55451355,38076416,407154688
retained-20260902-f3945ac,S4-4-r09,2026-09-02T07:52:59.774357357Z,350.784547,55478204,38076416,407154688
retained-20260902-f3945ac,S4-4-r09,2026-09-02T07:52:59.784524889Z,360.952079,55478372,38076416,407154688
retained-20260902-f3945ac,S4-4-r09,2026-09-02T07:52:59.794688926Z,371.116116,55478501,38076416,407154688
retained-20260902-f3945ac,S4-4-r09,2026-09-02T07:52:59.80374165Z,380.168838,55478605,38076416,407412736
retained-20260902-f3945ac,S4-4-r09,2026-09-02T07:52:59.8138813Z,390.308490,55478778,38076416,407412736
retained-20260902-f3945ac,S4-4-r09,2026-09-02T07:52:59.824016582Z,400.443771,55478888,38076416,407412736
retained-20260902-f3945ac,S4-4-r09,2026-09-02T07:52:59.834145657Z,410.572841,55478985,38305792,407412736
retained-20260902-f3945ac,S4-4-r09,2026-09-02T07:52:59.844342525Z,420.769716,55479103,38305792,407412736
retained-20260902-f3945ac,S4-4-r09,2026-09-02T07:52:59.854578142Z,431.005346,55515850,38305792,407412736
retained-20260902-f3945ac,S4-4-r09,2026-09-02T07:52:59.863785592Z,440.212809,55553536,38305792,436510720
retained-20260902-f3945ac,S4-4-r09,2026-09-02T07:52:59.874157632Z,450.584822,55576335,38305792,454336512
retained-20260902-f3945ac,S4-4-r09,2026-09-02T07:52:59.884363198Z,460.790388,55576557,38305792,454336512
retained-20260902-f3945ac,S4-4-r09,2026-09-02T07:52:59.945660403Z,522.087593,55576793,38305792,454860800
retained-20260902-f3945ac,S4-4-r09,2026-09-02T07:52:59.953792131Z,530.219321,55614464,38305792,496803840
retained-20260902-f3945ac,S4-4-r09,2026-09-02T07:52:59.9641045Z,540.531689,55651784,38305792,561815552
retained-20260902-f3945ac,S4-4-r09,2026-09-02T07:52:59.974247713Z,550.674903,55675045,38305792,575971328
retained-20260902-f3945ac,S4-4-r09,2026-09-02T07:52:59.984415298Z,560.842488,55675203,38305792,575971328
retained-20260902-f3945ac,S4-4-r09,2026-09-02T07:52:59.994603806Z,571.030995,55675345,38305792,575971328
retained-20260902-f3945ac,S4-4-r09,2026-09-02T07:53:00.004746873Z,581.174069,55675472,38305792,575971328
retained-20260902-f3945ac,S4-4-r09,2026-09-02T07:53:00.013881113Z,590.308302,55675588,38305792,575971328
retained-20260902-f3945ac,S4-4-r09,2026-09-02T07:53:00.024077831Z,600.505021,55675716,38305792,575909888
retained-20260902-f3945ac,S4-4-r09,2026-09-02T07:53:00.034227504Z,610.654689,55675858,38305792,575909888
retained-20260902-f3945ac,S4-4-r09,2026-09-02T07:53:00.044434182Z,620.861366,55675996,38305792,575909888
retained-20260902-f3945ac,S4-4-r09,2026-09-02T07:53:00.054619953Z,631.047143,55713451,38305792,608153600
retained-20260902-f3945ac,S4-4-r09,2026-09-02T07:53:00.063864763Z,640.291952,55749516,38305792,621522944
retained-20260902-f3945ac,S4-4-r09,2026-09-02T07:53:00.074135576Z,650.562766,55780582,38305792,629125120
retained-20260902-f3945ac,S4-4-r09,2026-09-02T07:53:00.084395992Z,660.823183,55780792,38305792,629125120
retained-20260902-f3945ac,S4-4-r09,2026-09-02T07:53:00.094587174Z,671.014364,55780978,38305792,629125120
retained-20260902-f3945ac,S4-4-r09,2026-09-02T07:53:00.103737897Z,680.165087,55781098,38305792,629125120
retained-20260902-f3945ac,S4-4-r09,2026-09-02T07:53:00.113907991Z,690.335180,55781241,38305792,629125120
retained-20260902-f3945ac,S4-4-r09,2026-09-02T07:53:00.12413314Z,700.560329,55781422,38305792,629125120
retained-20260902-f3945ac,S4-4-r09,2026-09-02T07:53:00.134228913Z,710.656102,55781553,38305792,629125120
retained-20260902-f3945ac,S4-4-r09,2026-09-02T07:53:00.1443883Z,720.815490,55781694,38305792,629125120
retained-20260902-f3945ac,S4-4-r09,2026-09-02T07:53:00.154586514Z,731.013703,55818537,38305792,638824448
retained-20260902-f3945ac,S4-4-r09,2026-09-02T07:53:00.16376313Z,740.190320,55854378,38535168,639086592
retained-20260902-f3945ac,S4-4-r09,2026-09-02T07:53:00.174108397Z,750.535586,55881346,38535168,639086592
retained-20260902-f3945ac,S4-4-r09,2026-09-02T07:53:00.18425818Z,760.685370,55881502,38535168,639348736
retained-20260902-f3945ac,S4-4-r09,2026-09-02T07:53:00.194373598Z,770.800787,55881613,38535168,639348736
retained-20260902-f3945ac,S4-4-r09,2026-09-02T07:53:00.245658756Z,822.085940,55881795,38535168,639348736
retained-20260902-f3945ac,S4-4-r09,2026-09-02T07:53:00.253798067Z,830.225259,55918873,38535168,640397312
retained-20260902-f3945ac,S4-4-r09,2026-09-02T07:53:00.263975286Z,840.402475,55954715,38535168,640659456
retained-20260902-f3945ac,S4-4-r09,2026-09-02T07:53:00.274281472Z,850.708661,55981754,38535168,641183744
retained-20260902-f3945ac,S4-4-r09,2026-09-02T07:53:00.284443155Z,860.870345,55981940,38764544,641183744
retained-20260902-f3945ac,S4-4-r09,2026-09-02T07:53:00.294621559Z,871.048749,55982076,38764544,641183744
retained-20260902-f3945ac,S4-4-r09,2026-09-02T07:53:00.303743068Z,880.170257,55982187,38764544,641183744
retained-20260902-f3945ac,S4-4-r09,2026-09-02T07:53:00.313939262Z,890.366452,55982334,38764544,641183744
retained-20260902-f3945ac,S4-4-r09,2026-09-02T07:53:00.324176532Z,900.603721,55982470,38764544,641183744
retained-20260902-f3945ac,S4-4-r09,2026-09-02T07:53:00.334352978Z,910.780292,55982737,38764544,641183744
retained-20260902-f3945ac,S4-4-r09,2026-09-02T07:53:00.344698633Z,921.125822,55983078,38764544,641441792
retained-20260902-f3945ac,S4-4-r09,2026-09-02T07:53:00.353989752Z,930.416942,56019997,38764544,641703936
retained-20260902-f3945ac,S4-4-r09,2026-09-02T07:53:00.364203607Z,940.630797,56056033,38764544,642486272
retained-20260902-f3945ac,S4-4-r09,2026-09-02T07:53:00.374502792Z,950.929982,56078592,38764544,642748416
retained-20260902-f3945ac,S4-4-r09,2026-09-02T07:53:00.384679513Z,961.106702,56078860,38764544,643010560
retained-20260902-f3945ac,S4-4-r09,2026-09-02T07:53:00.393871559Z,970.298742,56079098,38764544,643010560
retained-20260902-f3945ac,S4-4-r09,2026-09-02T07:53:00.404071732Z,980.498921,56079285,38764544,643010560
retained-20260902-f3945ac,S4-4-r09,2026-09-02T07:53:00.414181944Z,990.609134,56079485,38764544,643010560
retained-20260902-f3945ac,S4-4-r09,2026-09-02T07:53:00.42431979Z,1000.746981,56079677,38764544,643010560
retained-20260902-f3945ac,S4-4-r09,2026-09-02T07:53:00.434379445Z,1010.806634,56079839,38764544,643010560
retained-20260902-f3945ac,S4-4-r09,2026-09-02T07:53:00.444587224Z,1021.014414,56080076,38764544,642748416
retained-20260902-f3945ac,S4-4-r09,2026-09-02T07:53:00.454773807Z,1031.200996,56116970,38764544,642748416
retained-20260902-f3945ac,S4-4-r09,2026-09-02T07:53:00.463966687Z,1040.393877,56152867,38764544,643534848
retained-20260902-f3945ac,S4-4-r09,2026-09-02T07:53:00.474176344Z,1050.603534,56179844,38764544,644059136
retained-20260902-f3945ac,S4-4-r09,2026-09-02T07:53:00.484407295Z,1060.834484,56180070,38764544,644059136
retained-20260902-f3945ac,S4-4-r09,2026-09-02T07:53:00.494622867Z,1071.050056,56180314,38764544,644059136
retained-20260902-f3945ac,S4-4-r09,2026-09-02T07:53:00.503773332Z,1080.200522,56180438,38764544,644059136
retained-20260902-f3945ac,S4-4-r09,2026-09-02T07:53:00.513929551Z,1090.356741,56180710,38764544,644059136
retained-20260902-f3945ac,S4-4-r09,2026-09-02T07:53:00.524091754Z,1100.518938,56180798,38764544,644059136
retained-20260902-f3945ac,S4-4-r09,2026-09-02T07:53:00.545690072Z,1122.117264,56180943,38764544,643796992
retained-20260902-f3945ac,S4-4-r09,2026-09-02T07:53:00.553883207Z,1130.310397,56217692,38764544,644321280
retained-20260902-f3945ac,S4-4-r09,2026-09-02T07:53:00.564062809Z,1140.489998,56255135,38764544,648777728
retained-20260902-f3945ac,S4-4-r09,2026-09-02T07:53:00.574176036Z,1150.603226,56277052,38764544,648777728
retained-20260902-f3945ac,S4-4-r09,2026-09-02T07:53:00.584417392Z,1160.844582,56277255,38993920,648777728
retained-20260902-f3945ac,S4-4-r09,2026-09-02T07:53:00.594685724Z,1171.112913,56277504,38993920,648777728
retained-20260902-f3945ac,S4-4-r09,2026-09-02T07:53:00.60393708Z,1180.364269,56277698,38993920,648777728
retained-20260902-f3945ac,S4-4-r09,2026-09-02T07:53:00.614104647Z,1190.531836,56277860,38993920,648777728
retained-20260902-f3945ac,S4-4-r09,2026-09-02T07:53:00.624236915Z,1200.664105,56278025,38993920,648712192
retained-20260902-f3945ac,S4-4-r09,2026-09-02T07:53:00.634406173Z,1210.833362,56278217,38993920,648712192
retained-20260902-f3945ac,S4-4-r09,2026-09-02T07:53:00.644542131Z,1220.969321,56278339,38993920,648970240
retained-20260902-f3945ac,S4-4-r09,2026-09-02T07:53:00.65474068Z,1231.167871,56315691,38993920,652115968
retained-20260902-f3945ac,S4-4-r09,2026-09-02T07:53:00.664029425Z,1240.456614,56356011,40792064,557895680
retained-20260902-f3945ac,S4-4-r09,2026-09-02T07:53:00.67422032Z,1250.647510,56373933,38539264,556048384
retained-20260902-f3945ac,S4-4-r09,2026-09-02T07:53:00.684415067Z,1260.842258,56374202,38539264,556306432
retained-20260902-f3945ac,S4-4-r09,2026-09-02T07:53:00.745697339Z,1322.124550,56374399,38539264,555859968
retained-20260902-f3945ac,S4-4-r09,2026-09-02T07:53:00.753753128Z,1330.180315,56390447,38539264,509222912
retained-20260902-f3945ac,S4-4-r09,2026-09-02T07:53:00.763820984Z,1340.248174,56404859,38281216,508100608
retained-20260902-f3945ac,S4-4-r09,2026-09-02T07:53:00.774073558Z,1350.500748,56418252,36765696,458772480
retained-20260902-f3945ac,S4-4-r09,2026-09-02T07:53:00.778247487Z,1354.674677,56425490,37224448,459431936
retained-20260902-f3945ac,S3-COLD-r10,2026-09-02T07:53:01.030392031Z,0.053307,56659888,59002880,95207424
retained-20260902-f3945ac,S3-COLD-r10,2026-09-02T07:53:01.061917766Z,31.579018,56662424,60608512,96841728
retained-20260902-f3945ac,S3-COLD-r10,2026-09-02T07:53:01.078336083Z,47.997335,56664153,62214144,98414592
retained-20260902-f3945ac,S3-COLD-r10,2026-09-02T07:53:01.090580391Z,60.241649,56690716,128274432,165261312
retained-20260902-f3945ac,S3-COLD-r10,2026-09-02T07:53:01.100967215Z,70.628473,56711242,168415232,204845056
retained-20260902-f3945ac,S3-COLD-r10,2026-09-02T07:53:01.111201557Z,80.862814,56738104,168415232,204845056
retained-20260902-f3945ac,S3-COLD-r10,2026-09-02T07:53:01.121421861Z,91.083119,56756275,168415232,205103104
retained-20260902-f3945ac,S3-COLD-r10,2026-09-02T07:53:01.130723057Z,100.384315,56769910,168415232,205066240
retained-20260902-f3945ac,S3-COLD-r10,2026-09-02T07:53:01.140884061Z,110.545317,56770069,168415232,205066240
retained-20260902-f3945ac,S3-COLD-r10,2026-09-02T07:53:01.15112222Z,120.783477,56779766,168415232,205066240
retained-20260902-f3945ac,S3-COLD-r10,2026-09-02T07:53:01.161333974Z,130.995231,56797793,168415232,205066240
retained-20260902-f3945ac,S3-COLD-r10,2026-09-02T07:53:01.170523493Z,140.184750,56824635,168415232,205066240
retained-20260902-f3945ac,S3-COLD-r10,2026-09-02T07:53:01.180685264Z,150.346521,56842649,168415232,205066240
retained-20260902-f3945ac,S3-COLD-r10,2026-09-02T07:53:01.190912805Z,160.574062,56865189,168415232,204849152
retained-20260902-f3945ac,S3-COLD-r10,2026-09-02T07:53:01.201137087Z,170.798345,56869891,168415232,204849152
retained-20260902-f3945ac,S3-COLD-r10,2026-09-02T07:53:01.211306143Z,180.967400,56870137,168415232,205107200
retained-20260902-f3945ac,S3-COLD-r10,2026-09-02T07:53:01.221494682Z,191.155935,56870397,168415232,205123584
retained-20260902-f3945ac,S3-COLD-r10,2026-09-02T07:53:01.230628055Z,200.289307,56870478,168415232,205123584
retained-20260902-f3945ac,S3-COLD-r10,2026-09-02T07:53:01.240808784Z,210.470036,56870588,168415232,205123584
retained-20260902-f3945ac,S3-COLD-r10,2026-09-02T07:53:01.25100591Z,220.667168,56880147,168415232,205123584
retained-20260902-f3945ac,S3-COLD-r10,2026-09-02T07:53:01.261159361Z,230.820618,56905487,174608384,211939328
retained-20260902-f3945ac,S3-COLD-r10,2026-09-02T07:53:01.271326223Z,240.987481,56925466,215207936,252829696
retained-20260902-f3945ac,S3-COLD-r10,2026-09-02T07:53:01.280536691Z,250.197969,56943914,249614336,287694848
retained-20260902-f3945ac,S3-COLD-r10,2026-09-02T07:53:01.290805663Z,260.466921,56966405,274845696,312639488
retained-20260902-f3945ac,S3-COLD-r10,2026-09-02T07:53:01.301079123Z,270.740380,56966682,274845696,312639488
retained-20260902-f3945ac,S3-COLD-r10,2026-09-02T07:53:01.311294092Z,280.955349,56966846,274845696,312639488
retained-20260902-f3945ac,S3-COLD-r10,2026-09-02T07:53:01.321439752Z,291.101009,56966968,274845696,312659968
retained-20260902-f3945ac,S3-COLD-r10,2026-09-02T07:53:01.330634217Z,300.295474,56967120,274845696,312659968
retained-20260902-f3945ac,S3-COLD-r10,2026-09-02T07:53:01.345681875Z,315.343128,56968755,275075072,312659968
retained-20260902-f3945ac,S3-COLD-r10,2026-09-02T07:53:01.350515127Z,320.176384,56978444,286314496,323932160
retained-20260902-f3945ac,S3-COLD-r10,2026-09-02T07:53:01.360723928Z,330.385185,56996447,287690752,325505024
retained-20260902-f3945ac,S3-COLD-r10,2026-09-02T07:53:01.37086063Z,340.521888,57023339,287690752,325505024
retained-20260902-f3945ac,S3-COLD-r10,2026-09-02T07:53:01.38105452Z,350.715777,57041362,288608256,326029312
retained-20260902-f3945ac,S3-COLD-r10,2026-09-02T07:53:01.391239433Z,360.900692,57068359,288608256,326029312
retained-20260902-f3945ac,S3-COLD-r10,2026-09-02T07:53:01.401493657Z,371.154914,57068626,288608256,326029312
retained-20260902-f3945ac,S3-COLD-r10,2026-09-02T07:53:01.410685453Z,380.346711,57068805,288608256,326029312
retained-20260902-f3945ac,S3-COLD-r10,2026-09-02T07:53:01.420887084Z,390.548342,57068981,288608256,326029312
retained-20260902-f3945ac,S3-COLD-r10,2026-09-02T07:53:01.445639638Z,415.300896,57069308,288608256,326029312
retained-20260902-f3945ac,S3-COLD-r10,2026-09-02T07:53:01.450848625Z,420.509882,57078963,288608256,326029312
retained-20260902-f3945ac,S3-COLD-r10,2026-09-02T07:53:01.461078388Z,430.739645,57096976,289525760,326815744
retained-20260902-f3945ac,S3-COLD-r10,2026-09-02T07:53:01.471284462Z,440.945719,57123868,289525760,326815744
retained-20260902-f3945ac,S3-COLD-r10,2026-09-02T07:53:01.480512021Z,450.173279,57141864,290213888,327602176
retained-20260902-f3945ac,S3-COLD-r10,2026-09-02T07:53:01.490730406Z,460.391664,57164335,290213888,327860224
retained-20260902-f3945ac,S3-COLD-r10,2026-09-02T07:53:01.50090876Z,470.570017,57169003,290213888,327860224
retained-20260902-f3945ac,S3-COLD-r10,2026-09-02T07:53:01.511132594Z,480.793852,57169222,290213888,327860224
retained-20260902-f3945ac,S3-COLD-r10,2026-09-02T07:53:01.521324802Z,490.986060,57169384,290213888,327860224
retained-20260902-f3945ac,S3-COLD-r10,2026-09-02T07:53:01.531427408Z,501.088665,57169485,290213888,327860224
retained-20260902-f3945ac,S3-COLD-r10,2026-09-02T07:53:01.540661403Z,510.322661,57169668,290213888,327860224
retained-20260902-f3945ac,S3-COLD-r10,2026-09-02T07:53:01.550848133Z,520.509391,57179315,290213888,327860224
retained-20260902-f3945ac,S3-COLD-r10,2026-09-02T07:53:01.561064683Z,530.725940,57197346,290672640,328384512
retained-20260902-f3945ac,S3-COLD-r10,2026-09-02T07:53:01.571315702Z,540.976960,57224298,291131392,328646656
retained-20260902-f3945ac,S3-COLD-r10,2026-09-02T07:53:01.580514752Z,550.176011,57242536,292737024,330219520
retained-20260902-f3945ac,S3-COLD-r10,2026-09-02T07:53:01.590710963Z,560.372215,57265541,294801408,332316672
retained-20260902-f3945ac,S3-COLD-r10,2026-09-02T07:53:01.600979131Z,570.640389,57265778,294801408,332316672
retained-20260902-f3945ac,S3-COLD-r10,2026-09-02T07:53:01.611239724Z,580.900981,57265980,294801408,332316672
retained-20260902-f3945ac,S3-COLD-r10,2026-09-02T07:53:01.621465769Z,591.127026,57266169,294801408,332316672
retained-20260902-f3945ac,S3-COLD-r10,2026-09-02T07:53:01.630700871Z,600.362129,57266379,294801408,332316672
retained-20260902-f3945ac,S3-COLD-r10,2026-09-02T07:53:01.640958612Z,610.619870,57266581,294801408,332316672
retained-20260902-f3945ac,S3-COLD-r10,2026-09-02T07:53:01.651188109Z,620.849366,57276288,294801408,332058624
retained-20260902-f3945ac,S3-COLD-r10,2026-09-02T07:53:01.660642742Z,630.303999,57295237,248029184,285495296
retained-20260902-f3945ac,S3-COLD-r10,2026-09-02T07:53:01.670549858Z,640.211110,57308488,199868416,237236224
retained-20260902-f3945ac,S3-COLD-r10,2026-09-02T07:53:01.678239551Z,647.900808,57324694,210649088,248385536
retained-20260902-f3945ac,S3-COLD-CONTROL-r10,2026-09-02T07:53:01.926452868Z,0.062561,57552715,58818560,94642176
retained-20260902-f3945ac,S3-COLD-CONTROL-r10,2026-09-02T07:53:01.937364263Z,10.973955,57562797,80150528,116088832
retained-20260902-f3945ac,S3-COLD-CONTROL-r10,2026-09-02T07:53:01.947587671Z,21.197362,57563289,86802432,122904576
retained-20260902-f3945ac,S3-COLD-CONTROL-r10,2026-09-02T07:53:01.956772764Z,30.382454,57572410,112492544,148385792
retained-20260902-f3945ac,S3-COLD-CONTROL-r10,2026-09-02T07:53:01.966943021Z,40.552712,57585915,112492544,148385792
retained-20260902-f3945ac,S3-COLD-CONTROL-r10,2026-09-02T07:53:01.977125752Z,50.735442,57594987,112492544,148385792
retained-20260902-f3945ac,S3-COLD-CONTROL-r10,2026-09-02T07:53:01.987298687Z,60.908377,57608523,112492544,148385792
retained-20260902-f3945ac,S3-COLD-CONTROL-r10,2026-09-02T07:53:01.997503468Z,71.113159,57617660,112492544,148385792
retained-20260902-f3945ac,S3-COLD-CONTROL-r10,2026-09-02T07:53:02.006686783Z,80.296473,57631157,112492544,148385792
retained-20260902-f3945ac,S3-COLD-CONTROL-r10,2026-09-02T07:53:02.016878067Z,90.487758,57640216,112492544,148385792
retained-20260902-f3945ac,S3-COLD-CONTROL-r10,2026-09-02T07:53:02.027025187Z,100.634877,57653707,112492544,148365312
retained-20260902-f3945ac,S3-COLD-CONTROL-r10,2026-09-02T07:53:02.037198519Z,110.808210,57662773,112492544,148365312
retained-20260902-f3945ac,S3-COLD-CONTROL-r10,2026-09-02T07:53:02.04739806Z,121.007750,57663352,112492544,148365312
retained-20260902-f3945ac,S3-COLD-CONTROL-r10,2026-09-02T07:53:02.057584547Z,131.194236,57672542,121438208,157540352
retained-20260902-f3945ac,S3-COLD-CONTROL-r10,2026-09-02T07:53:02.066747798Z,140.357488,57686346,137035776,173268992
retained-20260902-f3945ac,S3-COLD-CONTROL-r10,2026-09-02T07:53:02.076983457Z,150.593149,57695797,156532736,192667648
retained-20260902-f3945ac,S3-COLD-CONTROL-r10,2026-09-02T07:53:02.087246142Z,160.855827,57709803,166395904,202366976
retained-20260902-f3945ac,S3-COLD-CONTROL-r10,2026-09-02T07:53:02.097463653Z,171.073343,57718953,166395904,202366976
retained-20260902-f3945ac,S3-COLD-CONTROL-r10,2026-09-02T07:53:02.106656187Z,180.265878,57732537,166395904,202366976
retained-20260902-f3945ac,S3-COLD-CONTROL-r10,2026-09-02T07:53:02.116871302Z,190.480993,57741644,166854656,202891264
retained-20260902-f3945ac,S3-COLD-CONTROL-r10,2026-09-02T07:53:02.127123235Z,200.732926,57755242,166854656,202891264
retained-20260902-f3945ac,S3-COLD-CONTROL-r10,2026-09-02T07:53:02.137348743Z,210.958434,57759935,166854656,202891264
retained-20260902-f3945ac,S3-COLD-CONTROL-r10,2026-09-02T07:53:02.147549679Z,221.159370,57760431,166854656,202645504
retained-20260902-f3945ac,S3-COLD-CONTROL-r10,2026-09-02T07:53:02.156785428Z,230.395119,57769567,167084032,202907648
retained-20260902-f3945ac,S3-COLD-CONTROL-r10,2026-09-02T07:53:02.166998427Z,240.608116,57783098,167084032,202907648
retained-20260902-f3945ac,S3-COLD-CONTROL-r10,2026-09-02T07:53:02.177130256Z,250.739947,57792197,167542784,203431936
retained-20260902-f3945ac,S3-COLD-CONTROL-r10,2026-09-02T07:53:02.187332785Z,260.942475,57805793,167542784,203431936
retained-20260902-f3945ac,S3-COLD-CONTROL-r10,2026-09-02T07:53:02.1975547Z,271.164390,57814968,167772160,203694080
retained-20260902-f3945ac,S3-COLD-CONTROL-r10,2026-09-02T07:53:02.206763802Z,280.373493,57828484,167772160,203694080
retained-20260902-f3945ac,S3-COLD-CONTROL-r10,2026-09-02T07:53:02.216979845Z,290.589535,57837633,167772160,203694080
retained-20260902-f3945ac,S3-COLD-CONTROL-r10,2026-09-02T07:53:02.227198857Z,300.808542,57851530,170295296,206053376
retained-20260902-f3945ac,S3-COLD-CONTROL-r10,2026-09-02T07:53:02.237417615Z,311.027305,57860596,170983424,206577664
retained-20260902-f3945ac,S3-COLD-CONTROL-r10,2026-09-02T07:53:02.246555081Z,320.164773,57861060,170983424,206839808
retained-20260902-f3945ac,S3-COLD-CONTROL-r10,2026-09-02T07:53:02.256547833Z,330.157519,57870280,123174912,159596544
retained-20260902-f3945ac,S3-COLD-CONTROL-r10,2026-09-02T07:53:02.257001429Z,330.611120,57871073,123174912,159191040
retained-20260902-f3945ac,S3-WARM-r10,2026-09-02T07:53:02.780613655Z,0.069133,58394223,126369792,162832384
retained-20260902-f3945ac,S3-WARM-r10,2026-09-02T07:53:02.813921113Z,33.376585,58395945,126599168,162996224
retained-20260902-f3945ac,S3-WARM-r10,2026-09-02T07:53:02.828262254Z,47.717731,58404015,131874816,169283584
retained-20260902-f3945ac,S3-WARM-r10,2026-09-02T07:53:02.835757749Z,55.213224,58404015,131874816,169283584
retained-20260902-f3945ac,S3-WARM-r10,2026-09-02T07:53:02.84094208Z,60.397556,58408861,132562944,169594880
retained-20260902-f3945ac,S3-WARM-r10,2026-09-02T07:53:02.851111175Z,70.566647,58422273,132562944,169594880
retained-20260902-f3945ac,S3-WARM-r10,2026-09-02T07:53:02.861310679Z,80.766156,58431338,132562944,169594880
retained-20260902-f3945ac,S3-WARM-r10,2026-09-02T07:53:02.871558977Z,91.014454,58444941,132562944,169594880
retained-20260902-f3945ac,S3-WARM-r10,2026-09-02T07:53:02.881735277Z,101.190754,58454052,132562944,169594880
retained-20260902-f3945ac,S3-WARM-r10,2026-09-02T07:53:02.890963128Z,110.418605,58467585,132562944,169594880
retained-20260902-f3945ac,S3-WARM-r10,2026-09-02T07:53:02.901158792Z,120.614269,58476648,132562944,169594880
retained-20260902-f3945ac,S3-WARM-r10,2026-09-02T07:53:02.91134157Z,130.797047,58490171,132562944,169594880
retained-20260902-f3945ac,S3-WARM-r10,2026-09-02T07:53:02.921495662Z,140.951138,58499233,132562944,169594880
retained-20260902-f3945ac,S3-WARM-r10,2026-09-02T07:53:02.931628988Z,151.084466,58512811,140132352,177459200
retained-20260902-f3945ac,S3-WARM-r10,2026-09-02T07:53:02.940809617Z,160.265095,58517469,144490496,181391360
retained-20260902-f3945ac,S3-WARM-r10,2026-09-02T07:53:02.951025155Z,170.480632,58522571,154353664,191614976
retained-20260902-f3945ac,S3-WARM-r10,2026-09-02T07:53:02.961228179Z,180.683656,58531923,173621248,211013632
retained-20260902-f3945ac,S3-WARM-r10,2026-09-02T07:53:02.971408957Z,190.864434,58545743,183025664,220450816
retained-20260902-f3945ac,S3-WARM-r10,2026-09-02T07:53:02.981583072Z,201.038549,58554941,183025664,220450816
retained-20260902-f3945ac,S3-WARM-r10,2026-09-02T07:53:02.991752568Z,211.208046,58568499,183025664,220450816
retained-20260902-f3945ac,S3-WARM-r10,2026-09-02T07:53:03.000891912Z,220.347396,58577539,183255040,220712960
retained-20260902-f3945ac,S3-WARM-r10,2026-09-02T07:53:03.011113019Z,230.568496,58591097,183255040,220676096
retained-20260902-f3945ac,S3-WARM-r10,2026-09-02T07:53:03.021356238Z,240.811716,58600304,183713792,220938240
retained-20260902-f3945ac,S3-WARM-r10,2026-09-02T07:53:03.031595157Z,251.050634,58613886,183713792,220938240
retained-20260902-f3945ac,S3-WARM-r10,2026-09-02T07:53:03.04083439Z,260.289867,58618563,183713792,220938240
retained-20260902-f3945ac,S3-WARM-r10,2026-09-02T07:53:03.051025023Z,270.480504,58623490,183713792,220938240
retained-20260902-f3945ac,S3-WARM-r10,2026-09-02T07:53:03.061184597Z,280.640075,58632702,184172544,221564928
retained-20260902-f3945ac,S3-WARM-r10,2026-09-02T07:53:03.071327379Z,290.782857,58646283,184172544,221564928
retained-20260902-f3945ac,S3-WARM-r10,2026-09-02T07:53:03.081606601Z,301.062079,58655400,184401920,221827072
retained-20260902-f3945ac,S3-WARM-r10,2026-09-02T07:53:03.090804494Z,310.259971,58668945,184401920,221827072
retained-20260902-f3945ac,S3-WARM-r10,2026-09-02T07:53:03.100997333Z,320.452810,58679565,186007552,222879744
retained-20260902-f3945ac,S3-WARM-r10,2026-09-02T07:53:03.111175115Z,330.630592,58691935,186007552,222879744
retained-20260902-f3945ac,S3-WARM-r10,2026-09-02T07:53:03.121004696Z,340.460168,58704307,186007552,222879744
retained-20260902-f3945ac,S3-WARM-r10,2026-09-02T07:53:03.145617091Z,365.072568,58717086,140869632,181305344
retained-20260902-f3945ac,S3-WARM-r10,2026-09-02T07:53:03.148725657Z,368.181134,58721707,137039872,173690880
retained-20260902-f3945ac,S3-WARM-CONTROL-r10,2026-09-02T07:53:03.678815721Z,0.015476,59252621,120832000,158236672
retained-20260902-f3945ac,S3-WARM-CONTROL-r10,2026-09-02T07:53:03.679959053Z,1.158807,59254364,121520128,158728192
retained-20260902-f3945ac,F2-r10,2026-09-02T07:53:03.705852583Z,0.122237,59285115,33718272,78999552
retained-20260902-f3945ac,F2-r10,2026-09-02T07:53:03.716690315Z,10.959969,59288503,38764544,83705856
retained-20260902-f3945ac,F2-r10,2026-09-02T07:53:03.726857475Z,21.127129,59288640,38764544,83963904
retained-20260902-f3945ac,F2-r10,2026-09-02T07:53:03.735942691Z,30.212345,59288768,38764544,83697664
retained-20260902-f3945ac,F2-r10,2026-09-02T07:53:03.746150722Z,40.420377,59288967,38764544,83697664
retained-20260902-f3945ac,F2-r10,2026-09-02T07:53:03.75635796Z,50.627613,59289139,38764544,83697664
retained-20260902-f3945ac,F2-r10,2026-09-02T07:53:03.766517739Z,60.787393,59289259,38764544,83697664
retained-20260902-f3945ac,F2-r10,2026-09-02T07:53:03.77671475Z,70.984404,59289412,38764544,83697664
retained-20260902-f3945ac,F2-r10,2026-09-02T07:53:03.786867673Z,81.137328,59289531,38764544,83697664
retained-20260902-f3945ac,F2-r10,2026-09-02T07:53:03.795931409Z,90.201064,59289607,38764544,83689472
retained-20260902-f3945ac,F2-r10,2026-09-02T07:53:03.806049367Z,100.319021,59289729,38764544,83689472
retained-20260902-f3945ac,F2-r10,2026-09-02T07:53:03.816203604Z,110.473260,59289891,38764544,83685376
retained-20260902-f3945ac,F2-r10,2026-09-02T07:53:03.826360878Z,120.630532,59290010,38764544,83947520
retained-20260902-f3945ac,F2-r10,2026-09-02T07:53:03.836462988Z,130.732642,59290125,38764544,83947520
retained-20260902-f3945ac,F2-r10,2026-09-02T07:53:03.846627315Z,140.896973,59290236,38764544,83947520
retained-20260902-f3945ac,F2-r10,2026-09-02T07:53:03.856817705Z,151.087360,59290397,38764544,83947520
retained-20260902-f3945ac,F2-r10,2026-09-02T07:53:03.865971016Z,160.240671,59290525,38764544,83947520
retained-20260902-f3945ac,F2-r10,2026-09-02T07:53:03.876152737Z,170.422391,59290665,38764544,83947520
retained-20260902-f3945ac,F2-r10,2026-09-02T07:53:03.886240092Z,180.509747,59290783,38764544,83947520
retained-20260902-f3945ac,F2-r10,2026-09-02T07:53:03.896395235Z,190.664890,59290912,38764544,83947520
retained-20260902-f3945ac,F2-r10,2026-09-02T07:53:03.906514533Z,200.784187,59291054,38764544,83947520
retained-20260902-f3945ac,F2-r10,2026-09-02T07:53:03.916689897Z,210.959552,59291178,38764544,83705856
retained-20260902-f3945ac,F2-r10,2026-09-02T07:53:03.926867484Z,221.137139,59291334,38764544,83705856
retained-20260902-f3945ac,F2-r10,2026-09-02T07:53:03.936052377Z,230.322031,59291459,38764544,83705856
retained-20260902-f3945ac,F2-r10,2026-09-02T07:53:03.946173755Z,240.443410,59291588,38764544,83705856
retained-20260902-f3945ac,F2-r10,2026-09-02T07:53:03.956417597Z,250.687251,59291798,38764544,83705856
retained-20260902-f3945ac,F2-r10,2026-09-02T07:53:03.96659118Z,260.860834,59291939,38764544,83705856
retained-20260902-f3945ac,F2-r10,2026-09-02T07:53:03.976745013Z,271.014667,59292080,38764544,83705856
retained-20260902-f3945ac,F2-r10,2026-09-02T07:53:03.986950101Z,281.219756,59292250,38764544,83705856
retained-20260902-f3945ac,F2-r10,2026-09-02T07:53:03.99614451Z,290.414165,59292388,38764544,83705856
retained-20260902-f3945ac,F2-r10,2026-09-02T07:53:04.006259225Z,300.528880,59292498,38764544,83705856
retained-20260902-f3945ac,F2-r10,2026-09-02T07:53:04.016461732Z,310.731386,59292630,38764544,83705856
retained-20260902-f3945ac,F2-r10,2026-09-02T07:53:04.026670098Z,320.939752,59292819,38764544,83705856
retained-20260902-f3945ac,F2-r10,2026-09-02T07:53:04.0368718Z,331.141455,59292958,38764544,83705856
retained-20260902-f3945ac,F2-r10,2026-09-02T07:53:04.045940767Z,340.210421,59293059,38764544,83705856
retained-20260902-f3945ac,F2-r10,2026-09-02T07:53:04.056090169Z,350.359824,59293211,38764544,83705856
retained-20260902-f3945ac,F2-r10,2026-09-02T07:53:04.06618759Z,360.457244,59293348,38764544,83705856
retained-20260902-f3945ac,F2-r10,2026-09-02T07:53:04.076354252Z,370.623906,59293479,38764544,83705856
retained-20260902-f3945ac,F2-r10,2026-09-02T07:53:04.086532073Z,380.801726,59293623,38764544,83705856
retained-20260902-f3945ac,F2-r10,2026-09-02T07:53:04.096674173Z,390.943827,59293759,38764544,83705856
retained-20260902-f3945ac,F2-r10,2026-09-02T07:53:04.10678742Z,401.057075,59293870,38764544,83705856
retained-20260902-f3945ac,F2-r10,2026-09-02T07:53:04.116949053Z,411.218707,59294009,38764544,83705856
retained-20260902-f3945ac,F2-r10,2026-09-02T07:53:04.126056117Z,420.325772,59294124,38764544,83705856
retained-20260902-f3945ac,F2-r10,2026-09-02T07:53:04.1362703Z,430.539978,59294301,38764544,83705856
retained-20260902-f3945ac,F2-r10,2026-09-02T07:53:04.146509909Z,440.779564,59294617,38764544,83705856
retained-20260902-f3945ac,F2-r10,2026-09-02T07:53:04.156715712Z,450.985366,59294939,38764544,83705856
retained-20260902-f3945ac,F2-r10,2026-09-02T07:53:04.166962301Z,461.231956,59295165,38764544,83705856
retained-20260902-f3945ac,F2-r10,2026-09-02T07:53:04.1760897Z,470.359353,59295326,38764544,83705856
retained-20260902-f3945ac,F2-r10,2026-09-02T07:53:04.186237993Z,480.507648,59295486,38764544,83705856
retained-20260902-f3945ac,F2-r10,2026-09-02T07:53:04.196489205Z,490.758860,59295706,38764544,83705856
retained-20260902-f3945ac,F2-r10,2026-09-02T07:53:04.206805445Z,501.075100,59296011,38764544,83705856
retained-20260902-f3945ac,F2-r10,2026-09-02T07:53:04.210574521Z,504.844169,59297627,38764544,83705856
retained-20260902-f3945ac,S4-4-r10,2026-09-02T07:53:05.058700512Z,0.083010,60151515,33259520,182681600
retained-20260902-f3945ac,S4-4-r10,2026-09-02T07:53:05.078001487Z,19.383972,60156799,35323904,185622528
retained-20260902-f3945ac,S4-4-r10,2026-09-02T07:53:05.078814056Z,20.196541,60160772,36012032,186933248
retained-20260902-f3945ac,S4-4-r10,2026-09-02T07:53:05.089075012Z,30.457501,60201792,37847040,294412288
retained-20260902-f3945ac,S4-4-r10,2026-09-02T07:53:05.099240077Z,40.622566,60251085,37847040,390881280
retained-20260902-f3945ac,S4-4-r10,2026-09-02T07:53:05.145653597Z,87.036086,60255774,37847040,391405568
retained-20260902-f3945ac,S4-4-r10,2026-09-02T07:53:05.148882505Z,90.264995,60257086,37847040,400580608
retained-20260902-f3945ac,S4-4-r10,2026-09-02T07:53:05.159104233Z,100.486722,60310606,37847040,407920640
retained-20260902-f3945ac,S4-4-r10,2026-09-02T07:53:05.169325094Z,110.707584,60341903,37847040,407920640
retained-20260902-f3945ac,S4-4-r10,2026-09-02T07:53:05.179565262Z,120.947752,60355442,37847040,407920640
retained-20260902-f3945ac,S4-4-r10,2026-09-02T07:53:05.189730227Z,131.112711,60355568,37847040,407920640
retained-20260902-f3945ac,S4-4-r10,2026-09-02T07:53:05.198924853Z,140.307344,60355678,38076416,407920640
retained-20260902-f3945ac,S4-4-r10,2026-09-02T07:53:05.20907219Z,150.454679,60355757,38076416,407920640
retained-20260902-f3945ac,S4-4-r10,2026-09-02T07:53:05.219193962Z,160.576447,60355823,38076416,407920640
retained-20260902-f3945ac,S4-4-r10,2026-09-02T07:53:05.229382458Z,170.764947,60355942,38076416,407920640
retained-20260902-f3945ac,S4-4-r10,2026-09-02T07:53:05.239548505Z,180.930995,60356030,38076416,407920640
retained-20260902-f3945ac,S4-4-r10,2026-09-02T07:53:05.249699732Z,191.082221,60357084,38076416,407920640
retained-20260902-f3945ac,S4-4-r10,2026-09-02T07:53:05.259037621Z,200.420110,60410622,38076416,407920640
retained-20260902-f3945ac,S4-4-r10,2026-09-02T07:53:05.269319315Z,210.701804,60441946,38076416,407920640
retained-20260902-f3945ac,S4-4-r10,2026-09-02T07:53:05.27957968Z,220.962170,60455507,38076416,407920640
retained-20260902-f3945ac,S4-4-r10,2026-09-02T07:53:05.289800346Z,231.182835,60455695,38076416,408178688
retained-20260902-f3945ac,S4-4-r10,2026-09-02T07:53:05.299038567Z,240.421055,60455896,38076416,408178688
retained-20260902-f3945ac,S4-4-r10,2026-09-02T07:53:05.309322369Z,250.704860,60456085,38076416,408178688
retained-20260902-f3945ac,S4-4-r10,2026-09-02T07:53:05.319521156Z,260.903645,60456366,38076416,408178688
retained-20260902-f3945ac,S4-4-r10,2026-09-02T07:53:05.329700516Z,271.083005,60456601,38076416,408178688
retained-20260902-f3945ac,S4-4-r10,2026-09-02T07:53:05.338846183Z,280.228672,60456768,38076416,408178688
retained-20260902-f3945ac,S4-4-r10,2026-09-02T07:53:05.349103225Z,290.485715,60458058,38076416,408178688
retained-20260902-f3945ac,S4-4-r10,2026-09-02T07:53:05.359321794Z,300.704283,60511614,38076416,408178688
retained-20260902-f3945ac,S4-4-r10,2026-09-02T07:53:05.369518798Z,310.901288,60542882,38076416,408178688
retained-20260902-f3945ac,S4-4-r10,2026-09-02T07:53:05.379679135Z,321.061625,60551943,38076416,408178688
retained-20260902-f3945ac,S4-4-r10,2026-09-02T07:53:05.388838749Z,330.221239,60552095,38076416,408178688
retained-20260902-f3945ac,S4-4-r10,2026-09-02T07:53:05.399098343Z,340.480832,60552324,38076416,408178688
retained-20260902-f3945ac,S4-4-r10,2026-09-02T07:53:05.409311152Z,350.693641,60552505,38076416,408178688
retained-20260902-f3945ac,S4-4-r10,2026-09-02T07:53:05.419474053Z,360.856542,60552674,38076416,408178688
retained-20260902-f3945ac,S4-4-r10,2026-09-02T07:53:05.429655945Z,371.038435,60552817,38076416,408178688
retained-20260902-f3945ac,S4-4-r10,2026-09-02T07:53:05.438844092Z,380.226581,60552962,38076416,408178688
retained-20260902-f3945ac,S4-4-r10,2026-09-02T07:53:05.449019067Z,390.401556,60554252,38076416,408178688
retained-20260902-f3945ac,S4-4-r10,2026-09-02T07:53:05.459170972Z,400.553461,60607911,38305792,413683712
retained-20260902-f3945ac,S4-4-r10,2026-09-02T07:53:05.469362834Z,410.745324,60643803,38305792,422596608
retained-20260902-f3945ac,S4-4-r10,2026-09-02T07:53:05.479510309Z,420.892798,60657312,38305792,422596608
retained-20260902-f3945ac,S4-4-r10,2026-09-02T07:53:05.545652351Z,487.034841,60657492,38305792,422641664
retained-20260902-f3945ac,S4-4-r10,2026-09-02T07:53:05.549830708Z,491.213197,60676844,38305792,437321728
retained-20260902-f3945ac,S4-4-r10,2026-09-02T07:53:05.559034733Z,500.417223,60713550,38305792,496828416
retained-20260902-f3945ac,S4-4-r10,2026-09-02T07:53:05.569314239Z,510.696728,60750207,38305792,547938304
retained-20260902-f3945ac,S4-4-r10,2026-09-02T07:53:05.579541633Z,520.924122,60754873,38305792,548659200
retained-20260902-f3945ac,S4-4-r10,2026-09-02T07:53:05.589777541Z,531.160031,60755089,38305792,548917248
retained-20260902-f3945ac,S4-4-r10,2026-09-02T07:53:05.599046556Z,540.429046,60755318,38305792,548917248
retained-20260902-f3945ac,S4-4-r10,2026-09-02T07:53:05.609258087Z,550.640576,60755532,38305792,548917248
retained-20260902-f3945ac,S4-4-r10,2026-09-02T07:53:05.619474008Z,560.856497,60755765,38305792,548917248
retained-20260902-f3945ac,S4-4-r10,2026-09-02T07:53:05.629692365Z,571.074854,60756039,38305792,548917248
retained-20260902-f3945ac,S4-4-r10,2026-09-02T07:53:05.639827946Z,581.210436,60756224,38305792,548917248
retained-20260902-f3945ac,S4-4-r10,2026-09-02T07:53:05.649841874Z,591.224386,60776147,38305792,576442368
retained-20260902-f3945ac,S4-4-r10,2026-09-02T07:53:05.659148654Z,600.531144,60812529,38305792,619433984
retained-20260902-f3945ac,S4-4-r10,2026-09-02T07:53:05.669369178Z,610.751668,60848675,38305792,634114048
retained-20260902-f3945ac,S4-4-r10,2026-09-02T07:53:05.679627528Z,621.010011,60853304,38305792,634114048
retained-20260902-f3945ac,S4-4-r10,2026-09-02T07:53:05.689807819Z,631.190309,60853441,38305792,634114048
retained-20260902-f3945ac,S4-4-r10,2026-09-02T07:53:05.699026951Z,640.409434,60853594,38305792,634114048
retained-20260902-f3945ac,S4-4-r10,2026-09-02T07:53:05.745662043Z,687.044534,60853717,38305792,634114048
retained-20260902-f3945ac,S4-4-r10,2026-09-02T07:53:05.748817222Z,690.199711,60854946,38535168,637784064
retained-20260902-f3945ac,S4-4-r10,2026-09-02T07:53:05.758951714Z,700.334205,60908518,38535168,640143360
retained-20260902-f3945ac,S4-4-r10,2026-09-02T07:53:05.76921325Z,710.595740,60939943,38535168,640929792
retained-20260902-f3945ac,S4-4-r10,2026-09-02T07:53:05.779470727Z,720.853216,60953473,38535168,640929792
retained-20260902-f3945ac,S4-4-r10,2026-09-02T07:53:05.789680474Z,731.062963,60953631,38535168,640929792
retained-20260902-f3945ac,S4-4-r10,2026-09-02T07:53:05.799844931Z,741.227420,60953810,38535168,640929792
retained-20260902-f3945ac,S4-4-r10,2026-09-02T07:53:05.809037514Z,750.420003,60953987,38535168,640929792
retained-20260902-f3945ac,S4-4-r10,2026-09-02T07:53:05.819220081Z,760.602571,60954122,38535168,640929792
retained-20260902-f3945ac,S4-4-r10,2026-09-02T07:53:05.829429919Z,770.812408,60954276,38535168,640929792
retained-20260902-f3945ac,S4-4-r10,2026-09-02T07:53:05.839642821Z,781.025311,60954436,38535168,640929792
retained-20260902-f3945ac,S4-4-r10,2026-09-02T07:53:05.849783122Z,791.165612,60955665,38535168,640929792
retained-20260902-f3945ac,S4-4-r10,2026-09-02T07:53:05.859061526Z,800.444015,61009318,38535168,641191936
retained-20260902-f3945ac,S4-4-r10,2026-09-02T07:53:05.869384366Z,810.766855,61040804,38535168,641716224
retained-20260902-f3945ac,S4-4-r10,2026-09-02T07:53:05.879635509Z,821.017998,61054395,38535168,641716224
retained-20260902-f3945ac,S4-4-r10,2026-09-02T07:53:05.945693341Z,887.075830,61054793,38535168,641716224
retained-20260902-f3945ac,S4-4-r10,2026-09-02T07:53:05.948925394Z,890.307885,61056160,38535168,641716224
retained-20260902-f3945ac,S4-4-r10,2026-09-02T07:53:05.959160235Z,900.542725,61109907,38535168,642764800
retained-20260902-f3945ac,S4-4-r10,2026-09-02T07:53:05.969394882Z,910.777371,61141311,38535168,643813376
retained-20260902-f3945ac,S4-4-r10,2026-09-02T07:53:05.979564135Z,920.946626,61154876,38535168,643813376
retained-20260902-f3945ac,S4-4-r10,2026-09-02T07:53:05.989771028Z,931.153518,61155072,38535168,643813376
retained-20260902-f3945ac,S4-4-r10,2026-09-02T07:53:05.999003731Z,940.386222,61155248,38535168,643813376
retained-20260902-f3945ac,S4-4-r10,2026-09-02T07:53:06.009283515Z,950.666004,61155492,38535168,643813376
retained-20260902-f3945ac,S4-4-r10,2026-09-02T07:53:06.045670841Z,987.053330,61155809,38535168,643735552
retained-20260902-f3945ac,S4-4-r10,2026-09-02T07:53:06.04985242Z,991.234910,61174901,38535168,643735552
retained-20260902-f3945ac,S4-4-r10,2026-09-02T07:53:06.059105725Z,1000.488214,61210801,38535168,644259840
retained-20260902-f3945ac,S4-4-r10,2026-09-02T07:53:06.069419391Z,1010.801881,61242283,38535168,644521984
retained-20260902-f3945ac,S4-4-r10,2026-09-02T07:53:06.079692409Z,1021.074898,61255932,38535168,644521984
retained-20260902-f3945ac,S4-4-r10,2026-09-02T07:53:06.088865032Z,1030.247521,61256087,38535168,644521984
retained-20260902-f3945ac,S4-4-r10,2026-09-02T07:53:06.099141239Z,1040.523728,61256357,38764544,644521984
retained-20260902-f3945ac,S4-4-r10,2026-09-02T07:53:06.145693039Z,1087.075528,61256654,38764544,644521984
retained-20260902-f3945ac,S4-4-r10,2026-09-02T07:53:06.148969846Z,1090.352336,61257794,38764544,644784128
retained-20260902-f3945ac,S4-4-r10,2026-09-02T07:53:06.159165826Z,1100.548316,61311542,38764544,645570560
retained-20260902-f3945ac,S4-4-r10,2026-09-02T07:53:06.169412104Z,1110.794593,61345313,38764544,645832704
retained-20260902-f3945ac,S4-4-r10,2026-09-02T07:53:06.179621727Z,1121.004218,61354606,38764544,645832704
retained-20260902-f3945ac,S4-4-r10,2026-09-02T07:53:06.18883774Z,1130.220223,61354846,38993920,645832704
retained-20260902-f3945ac,S4-4-r10,2026-09-02T07:53:06.199076298Z,1140.458782,61355060,38993920,645832704
retained-20260902-f3945ac,S4-4-r10,2026-09-02T07:53:06.209267472Z,1150.649956,61355202,38993920,645373952
retained-20260902-f3945ac,S4-4-r10,2026-09-02T07:53:06.219455651Z,1160.838135,61355342,38993920,645373952
retained-20260902-f3945ac,S4-4-r10,2026-09-02T07:53:06.245660488Z,1187.042978,61355537,38993920,645636096
retained-20260902-f3945ac,S4-4-r10,2026-09-02T07:53:06.248860091Z,1190.242581,61357748,38993920,646684672
retained-20260902-f3945ac,S4-4-r10,2026-09-02T07:53:06.259084015Z,1200.466504,61411678,38993920,649830400
retained-20260902-f3945ac,S4-4-r10,2026-09-02T07:53:06.269254495Z,1210.636985,61448025,38993920,651665408
retained-20260902-f3945ac,S4-4-r10,2026-09-02T07:53:06.27947322Z,1220.855710,61457108,38993920,651665408
retained-20260902-f3945ac,S4-4-r10,2026-09-02T07:53:06.345661018Z,1287.043507,61457431,38993920,651567104
retained-20260902-f3945ac,S4-4-r10,2026-09-02T07:53:06.349835232Z,1291.217721,61476642,38993920,603570176
retained-20260902-f3945ac,S4-4-r10,2026-09-02T07:53:06.358808948Z,1300.191438,61510646,38887424,508104704
retained-20260902-f3945ac,S4-4-r10,2026-09-02T07:53:06.364575254Z,1305.957743,61522757,36945920,457539584
retained-20260902-f3945ac,S4-2-r10,2026-09-02T07:53:06.904705541Z,0.095035,61998461,33030144,128839680
retained-20260902-f3945ac,S4-2-r10,2026-09-02T07:53:06.933918462Z,29.307955,62003605,35094528,130727936
retained-20260902-f3945ac,S4-2-r10,2026-09-02T07:53:06.93479909Z,30.188579,62005753,36012032,132562944
retained-20260902-f3945ac,S4-2-r10,2026-09-02T07:53:06.945388077Z,40.777571,62029223,37388288,201506816
retained-20260902-f3945ac,S4-2-r10,2026-09-02T07:53:06.955640955Z,51.030448,62056121,37388288,244498432
retained-20260902-f3945ac,S4-2-r10,2026-09-02T07:53:06.965848004Z,61.237498,62083004,37388288,244494336
retained-20260902-f3945ac,S4-2-r10,2026-09-02T07:53:06.975012494Z,70.401987,62100911,37388288,244756480
retained-20260902-f3945ac,S4-2-r10,2026-09-02T07:53:06.985222532Z,80.612025,62118849,37388288,244756480
retained-20260902-f3945ac,S4-2-r10,2026-09-02T07:53:06.995398379Z,90.787872,62136795,37388288,244756480
retained-20260902-f3945ac,S4-2-r10,2026-09-02T07:53:07.005579456Z,100.968949,62136934,37388288,244756480
retained-20260902-f3945ac,S4-2-r10,2026-09-02T07:53:07.045678842Z,141.068336,62137111,37388288,244555776
retained-20260902-f3945ac,S4-2-r10,2026-09-02T07:53:07.054936864Z,150.326361,62155625,37388288,244555776
retained-20260902-f3945ac,S4-2-r10,2026-09-02T07:53:07.06521237Z,160.601905,62173833,37617664,244555776
retained-20260902-f3945ac,S4-2-r10,2026-09-02T07:53:07.075452431Z,170.841924,62200830,37617664,244555776
retained-20260902-f3945ac,S4-2-r10,2026-09-02T07:53:07.085636981Z,181.026475,62218880,37617664,244555776
retained-20260902-f3945ac,S4-2-r10,2026-09-02T07:53:07.095712182Z,191.101675,62236856,37617664,245866496
retained-20260902-f3945ac,S4-2-r10,2026-09-02T07:53:07.104937437Z,200.326930,62237033,37617664,245866496
retained-20260902-f3945ac,S4-2-r10,2026-09-02T07:53:07.115140357Z,210.529850,62237202,37617664,246124544
retained-20260902-f3945ac,S4-2-r10,2026-09-02T07:53:07.125265234Z,220.654727,62237319,37617664,246124544
retained-20260902-f3945ac,S4-2-r10,2026-09-02T07:53:07.135412261Z,230.801755,62237455,37617664,246124544
retained-20260902-f3945ac,S4-2-r10,2026-09-02T07:53:07.145634625Z,241.024118,62237679,37617664,246386688
retained-20260902-f3945ac,S4-2-r10,2026-09-02T07:53:07.15481766Z,250.207154,62256519,37617664,262365184
retained-20260902-f3945ac,S4-2-r10,2026-09-02T07:53:07.165010558Z,260.400052,62275135,37617664,286220288
retained-20260902-f3945ac,S4-2-r10,2026-09-02T07:53:07.175251167Z,270.640660,62303203,37617664,322920448
retained-20260902-f3945ac,S4-2-r10,2026-09-02T07:53:07.185433978Z,280.823473,62321435,37617664,346775552
retained-20260902-f3945ac,S4-2-r10,2026-09-02T07:53:07.195696122Z,291.085615,62338914,37617664,353853440
retained-20260902-f3945ac,S4-2-r10,2026-09-02T07:53:07.204928298Z,300.317791,62339108,37617664,353853440
retained-20260902-f3945ac,S4-2-r10,2026-09-02T07:53:07.215104052Z,310.493547,62339326,37617664,353853440
retained-20260902-f3945ac,S4-2-r10,2026-09-02T07:53:07.225377292Z,320.766784,62339567,37617664,353853440
retained-20260902-f3945ac,S4-2-r10,2026-09-02T07:53:07.235630926Z,331.020419,62339797,37617664,353853440
retained-20260902-f3945ac,S4-2-r10,2026-09-02T07:53:07.244832389Z,340.221882,62339994,37617664,353853440
retained-20260902-f3945ac,S4-2-r10,2026-09-02T07:53:07.255091323Z,350.480816,62358917,37617664,363028480
retained-20260902-f3945ac,S4-2-r10,2026-09-02T07:53:07.2653544Z,360.743893,62377022,37617664,363552768
retained-20260902-f3945ac,S4-2-r10,2026-09-02T07:53:07.27560645Z,370.995944,62403966,37617664,363814912
retained-20260902-f3945ac,S4-2-r10,2026-09-02T07:53:07.285889367Z,381.278861,62430982,37617664,364077056
retained-20260902-f3945ac,S4-2-r10,2026-09-02T07:53:07.295074688Z,390.464182,62435669,37617664,364077056
retained-20260902-f3945ac,S4-2-r10,2026-09-02T07:53:07.305278818Z,400.668312,62435907,37617664,364077056
retained-20260902-f3945ac,S4-2-r10,2026-09-02T07:53:07.315528026Z,410.917520,62436147,37617664,364077056
retained-20260902-f3945ac,S4-2-r10,2026-09-02T07:53:07.325720897Z,421.110391,62436359,37617664,364077056
retained-20260902-f3945ac,S4-2-r10,2026-09-02T07:53:07.335858611Z,431.248104,62436547,37617664,364077056
retained-20260902-f3945ac,S4-2-r10,2026-09-02T07:53:07.344994244Z,440.383737,62436725,37617664,364077056
retained-20260902-f3945ac,S4-2-r10,2026-09-02T07:53:07.355210909Z,450.600402,62455320,37617664,364077056
retained-20260902-f3945ac,S4-2-r10,2026-09-02T07:53:07.365571013Z,460.960506,62473531,37617664,364601344
retained-20260902-f3945ac,S4-2-r10,2026-09-02T07:53:07.37585209Z,471.241584,62500514,37617664,364863488
retained-20260902-f3945ac,S4-2-r10,2026-09-02T07:53:07.385120437Z,480.509930,62518562,37617664,365125632
retained-20260902-f3945ac,S4-2-r10,2026-09-02T07:53:07.395277793Z,490.667287,62536611,37617664,365125632
retained-20260902-f3945ac,S4-2-r10,2026-09-02T07:53:07.405528018Z,500.917512,62536812,37617664,365125632
retained-20260902-f3945ac,S4-2-r10,2026-09-02T07:53:07.415713672Z,511.103166,62537018,37617664,365125632
retained-20260902-f3945ac,S4-2-r10,2026-09-02T07:53:07.42592337Z,521.312886,62537236,37847040,365125632
retained-20260902-f3945ac,S4-2-r10,2026-09-02T07:53:07.435322873Z,530.712367,62537661,37847040,365125632
retained-20260902-f3945ac,S4-2-r10,2026-09-02T07:53:07.44563218Z,541.021678,62538310,37847040,365125632
retained-20260902-f3945ac,S4-2-r10,2026-09-02T07:53:07.455110392Z,550.499914,62557248,37847040,365600768
retained-20260902-f3945ac,S4-2-r10,2026-09-02T07:53:07.465477864Z,560.867357,62575665,37847040,366125056
retained-20260902-f3945ac,S4-2-r10,2026-09-02T07:53:07.475628102Z,571.017597,62603175,37847040,367435776
retained-20260902-f3945ac,S4-2-r10,2026-09-02T07:53:07.485866852Z,581.256345,62630747,37847040,369008640
retained-20260902-f3945ac,S4-2-r10,2026-09-02T07:53:07.545662002Z,641.051495,62640336,37847040,369008640
retained-20260902-f3945ac,S4-2-r10,2026-09-02T07:53:07.555871587Z,651.261081,62658434,37847040,320565248
retained-20260902-f3945ac,S4-2-r10,2026-09-02T07:53:07.564868745Z,660.258238,62681210,38502400,274874368
retained-20260902-f3945ac,S4-2-r10,2026-09-02T07:53:07.568007437Z,663.396932,62690810,37765120,272719872
