run_id,trial_id,timestamp,elapsed_ms,cpu_usage_usec,rss_bytes,cgroup_memory_bytes
calibration-20260902-g,S0-r01,2026-09-01T15:48:59.709881158Z,0.054611,253039,59473920,44408832
calibration-20260902-g,S0-r01,2026-09-01T15:48:59.720224755Z,10.398187,261710,93192192,78483456
calibration-20260902-g,S0-r01,2026-09-01T15:48:59.730449167Z,20.622606,275240,114753536,99979264
calibration-20260902-g,S0-r01,2026-09-01T15:48:59.740646356Z,30.819794,284337,114753536,99786752
calibration-20260902-g,S0-r01,2026-09-01T15:48:59.750866096Z,41.039533,297893,114753536,99786752
calibration-20260902-g,S0-r01,2026-09-01T15:48:59.76008949Z,50.262928,307021,114753536,99786752
calibration-20260902-g,S0-r01,2026-09-01T15:48:59.77031123Z,60.484668,320507,114753536,99786752
calibration-20260902-g,S0-r01,2026-09-01T15:48:59.78050131Z,70.674748,329609,114753536,99786752
calibration-20260902-g,S0-r01,2026-09-01T15:48:59.790744587Z,80.918025,329823,114753536,99786752
calibration-20260902-g,S0-r01,2026-09-01T15:48:59.800935572Z,91.109009,341883,114753536,99786752
calibration-20260902-g,S0-r01,2026-09-01T15:48:59.810080306Z,100.253744,350944,114753536,99786752
calibration-20260902-g,S0-r01,2026-09-01T15:48:59.82026397Z,110.437408,359988,114753536,99786752
calibration-20260902-g,S0-r01,2026-09-01T15:48:59.83046808Z,120.641517,373601,125763584,111321088
calibration-20260902-g,S0-r01,2026-09-01T15:48:59.840653161Z,130.826598,382897,145260544,130981888
calibration-20260902-g,S0-r01,2026-09-01T15:48:59.850819285Z,140.992722,396910,161316864,146972672
calibration-20260902-g,S0-r01,2026-09-01T15:48:59.860111437Z,150.284870,406214,173473792,158769152
calibration-20260902-g,S0-r01,2026-09-01T15:48:59.870266501Z,160.439939,419721,173932544,159031296
calibration-20260902-g,S0-r01,2026-09-01T15:48:59.880461108Z,170.634545,428787,173932544,158965760
calibration-20260902-g,S0-r01,2026-09-01T15:48:59.890693185Z,180.866623,428992,173932544,158965760
calibration-20260902-g,S0-r01,2026-09-01T15:48:59.90088851Z,191.061948,441087,174161920,159490048
calibration-20260902-g,S0-r01,2026-09-01T15:48:59.910086779Z,200.260216,450175,174161920,159490048
calibration-20260902-g,S0-r01,2026-09-01T15:48:59.920219273Z,210.392710,459229,174161920,159490048
calibration-20260902-g,S0-r01,2026-09-01T15:48:59.930460175Z,220.633612,472821,174620672,159752192
calibration-20260902-g,S0-r01,2026-09-01T15:48:59.940762812Z,230.936250,486485,174620672,160014336
calibration-20260902-g,S0-r01,2026-09-01T15:48:59.950911675Z,241.085112,495593,175079424,160538624
calibration-20260902-g,S0-r01,2026-09-01T15:48:59.960097466Z,250.270903,504659,175079424,160538624
calibration-20260902-g,S0-r01,2026-09-01T15:48:59.97026952Z,260.442957,518187,175308800,160800768
calibration-20260902-g,S0-r01,2026-09-01T15:48:59.98046807Z,270.641507,527296,175308800,160800768
calibration-20260902-g,S0-r01,2026-09-01T15:48:59.990689989Z,280.863426,531929,175308800,160800768
calibration-20260902-g,S0-r01,2026-09-01T15:49:00.000885419Z,291.058862,544342,176685056,162373632
calibration-20260902-g,S0-r01,2026-09-01T15:49:00.010145422Z,300.318859,553413,176685056,162373632
calibration-20260902-g,S0-r01,2026-09-01T15:49:00.02033513Z,310.508567,562474,176685056,162373632
calibration-20260902-g,S0-r01,2026-09-01T15:49:00.025296389Z,315.469827,569391,128892928,114343936
calibration-20260902-g,S2-10-r01,2026-09-01T15:49:00.370943251Z,0.025136,787461,59146240,45051904
calibration-20260902-g,S2-10-r01,2026-09-01T15:49:00.381151341Z,10.233228,795423,77725696,62877696
calibration-20260902-g,S2-10-r01,2026-09-01T15:49:00.391336732Z,20.418618,795571,82771968,67596288
calibration-20260902-g,S2-10-r01,2026-09-01T15:49:00.401511168Z,30.593054,807609,115802112,100421632
calibration-20260902-g,S2-10-r01,2026-09-01T15:49:00.411661653Z,40.743538,816682,115802112,100683776
calibration-20260902-g,S2-10-r01,2026-09-01T15:49:00.421784679Z,50.866564,830380,115802112,100683776
calibration-20260902-g,S2-10-r01,2026-09-01T15:49:00.431905308Z,60.987193,839494,115802112,100683776
calibration-20260902-g,S2-10-r01,2026-09-01T15:49:00.441110294Z,70.192207,853068,115802112,100683776
calibration-20260902-g,S2-10-r01,2026-09-01T15:49:00.451392244Z,80.474130,862559,115802112,100605952
calibration-20260902-g,S2-10-r01,2026-09-01T15:49:00.461573674Z,90.655560,875517,115802112,100605952
calibration-20260902-g,S2-10-r01,2026-09-01T15:49:00.471758725Z,100.840611,884570,115802112,100605952
calibration-20260902-g,S2-10-r01,2026-09-01T15:49:00.482001886Z,111.083771,893621,115802112,100605952
calibration-20260902-g,S2-10-r01,2026-09-01T15:49:00.491214714Z,120.296600,893810,115802112,100605952
calibration-20260902-g,S2-10-r01,2026-09-01T15:49:00.501272608Z,130.354494,905798,116719616,101654528
calibration-20260902-g,S2-10-r01,2026-09-01T15:49:00.511466034Z,140.547920,915065,136675328,121577472
calibration-20260902-g,S2-10-r01,2026-09-01T15:49:00.521584308Z,150.666193,928779,156401664,141238272
calibration-20260902-g,S2-10-r01,2026-09-01T15:49:00.531845684Z,160.927569,938061,173834240,158801920
calibration-20260902-g,S2-10-r01,2026-09-01T15:49:00.541029422Z,170.111308,951634,174981120,159850496
calibration-20260902-g,S2-10-r01,2026-09-01T15:49:00.551245711Z,180.327597,960781,174981120,159850496
calibration-20260902-g,S2-10-r01,2026-09-01T15:49:00.56145103Z,190.532915,974361,175210496,160112640
calibration-20260902-g,S2-10-r01,2026-09-01T15:49:00.57167123Z,200.753115,983499,175210496,160202752
calibration-20260902-g,S2-10-r01,2026-09-01T15:49:00.5818782Z,210.960085,997074,175669248,160464896
calibration-20260902-g,S2-10-r01,2026-09-01T15:49:00.591026625Z,220.108510,997254,175669248,160464896
calibration-20260902-g,S2-10-r01,2026-09-01T15:49:00.60115976Z,230.241645,1009298,175669248,160206848
calibration-20260902-g,S2-10-r01,2026-09-01T15:49:00.611376584Z,240.458469,1018398,175669248,160464896
calibration-20260902-g,S2-10-r01,2026-09-01T15:49:00.621546595Z,250.628482,1031922,175898624,160989184
calibration-20260902-g,S2-10-r01,2026-09-01T15:49:00.6317327Z,260.814585,1040985,175898624,160989184
calibration-20260902-g,S2-10-r01,2026-09-01T15:49:00.641913106Z,270.994991,1054548,176357376,161251328
calibration-20260902-g,S2-10-r01,2026-09-01T15:49:00.651138466Z,280.220351,1063656,176357376,161251328
calibration-20260902-g,S2-10-r01,2026-09-01T15:49:00.661279128Z,290.361008,1077651,177733632,162824192
calibration-20260902-g,S2-10-r01,2026-09-01T15:49:00.671469691Z,300.551576,1086706,177733632,162824192
calibration-20260902-g,S2-10-r01,2026-09-01T15:49:00.681631635Z,310.713521,1095789,177733632,162824192
calibration-20260902-g,S2-10-r01,2026-09-01T15:49:00.69183989Z,320.921775,1095984,177733632,162824192
calibration-20260902-g,S2-10-r01,2026-09-01T15:49:00.696505755Z,325.587640,1102051,129748992,114651136
calibration-20260902-g,S1-10-r01,2026-09-01T15:49:01.05286068Z,0.096661,1319746,59473920,45162496
calibration-20260902-g,S1-10-r01,2026-09-01T15:49:01.06331569Z,10.551657,1349736,139067392,127119360
calibration-20260902-g,S1-10-r01,2026-09-01T15:49:01.073519878Z,20.755850,1367568,155811840,143896576
calibration-20260902-g,S1-10-r01,2026-09-01T15:49:01.08374715Z,30.983122,1367716,155811840,143896576
calibration-20260902-g,S1-10-r01,2026-09-01T15:49:01.093910789Z,41.146761,1379798,203522048,190881792
calibration-20260902-g,S1-10-r01,2026-09-01T15:49:01.103107272Z,50.343244,1415619,283574272,271622144
calibration-20260902-g,S1-10-r01,2026-09-01T15:49:01.113340766Z,60.576738,1460304,294813696,282632192
calibration-20260902-g,S1-10-r01,2026-09-01T15:49:01.123542677Z,70.778649,1465002,294813696,282632192
calibration-20260902-g,S1-10-r01,2026-09-01T15:49:01.133661564Z,80.897537,1465169,294813696,282632192
calibration-20260902-g,S1-10-r01,2026-09-01T15:49:01.143864067Z,91.100040,1465378,294813696,282632192
calibration-20260902-g,S1-10-r01,2026-09-01T15:49:01.153109322Z,100.345295,1465608,294813696,282632192
calibration-20260902-g,S1-10-r01,2026-09-01T15:49:01.16328581Z,110.521783,1465806,295043072,282632192
calibration-20260902-g,S1-10-r01,2026-09-01T15:49:01.190100684Z,137.336679,1466229,295043072,282632192
calibration-20260902-g,S1-10-r01,2026-09-01T15:49:01.193381938Z,140.617912,1478415,295043072,282632192
calibration-20260902-g,S1-10-r01,2026-09-01T15:49:01.203614578Z,150.850551,1514151,295043072,282632192
calibration-20260902-g,S1-10-r01,2026-09-01T15:49:01.213819266Z,161.055238,1558825,295043072,282632192
calibration-20260902-g,S1-10-r01,2026-09-01T15:49:01.222977066Z,170.213038,1563425,295043072,282632192
calibration-20260902-g,S1-10-r01,2026-09-01T15:49:01.233117194Z,180.353167,1563660,295043072,282632192
calibration-20260902-g,S1-10-r01,2026-09-01T15:49:01.243332426Z,190.568399,1563841,295043072,282632192
calibration-20260902-g,S1-10-r01,2026-09-01T15:49:01.253536994Z,200.772967,1563986,295043072,282632192
calibration-20260902-g,S1-10-r01,2026-09-01T15:49:01.263720741Z,210.956713,1564140,295043072,282632192
calibration-20260902-g,S1-10-r01,2026-09-01T15:49:01.273919358Z,221.155330,1564291,295043072,282632192
calibration-20260902-g,S1-10-r01,2026-09-01T15:49:01.283059409Z,230.295381,1564403,295043072,282894336
calibration-20260902-g,S1-10-r01,2026-09-01T15:49:01.293295063Z,240.531036,1576333,295043072,282894336
calibration-20260902-g,S1-10-r01,2026-09-01T15:49:01.303547772Z,250.783745,1612111,295043072,282894336
calibration-20260902-g,S1-10-r01,2026-09-01T15:49:01.31378339Z,261.019362,1656779,295272448,282894336
calibration-20260902-g,S1-10-r01,2026-09-01T15:49:01.323998082Z,271.234054,1665838,295272448,282894336
calibration-20260902-g,S1-10-r01,2026-09-01T15:49:01.333164979Z,280.400952,1665969,295272448,283156480
calibration-20260902-g,S1-10-r01,2026-09-01T15:49:01.343253391Z,290.489363,1666094,295272448,283156480
calibration-20260902-g,S1-10-r01,2026-09-01T15:49:01.390074103Z,337.310075,1666516,295272448,283156480
calibration-20260902-g,S1-10-r01,2026-09-01T15:49:01.393312895Z,340.548868,1678588,295272448,283156480
calibration-20260902-g,S1-10-r01,2026-09-01T15:49:01.403454382Z,350.690354,1714313,295272448,283156480
calibration-20260902-g,S1-10-r01,2026-09-01T15:49:01.413559133Z,360.795105,1759015,301694976,289710080
calibration-20260902-g,S1-10-r01,2026-09-01T15:49:01.423733965Z,370.969938,1763642,301694976,289705984
calibration-20260902-g,S1-10-r01,2026-09-01T15:49:01.433928885Z,381.164857,1763787,301694976,289705984
calibration-20260902-g,S1-10-r01,2026-09-01T15:49:01.443117678Z,390.353651,1763916,301694976,289705984
calibration-20260902-g,S1-10-r01,2026-09-01T15:49:01.453325398Z,400.561370,1764092,301694976,289705984
calibration-20260902-g,S1-10-r01,2026-09-01T15:49:01.463449822Z,410.685795,1764210,301694976,289517568
calibration-20260902-g,S1-10-r01,2026-09-01T15:49:01.473590797Z,420.826770,1764387,301694976,289779712
calibration-20260902-g,S1-10-r01,2026-09-01T15:49:01.483784837Z,431.020810,1764541,301694976,289779712
calibration-20260902-g,S1-10-r01,2026-09-01T15:49:01.493967191Z,441.203164,1776671,306970624,295284736
calibration-20260902-g,S1-10-r01,2026-09-01T15:49:01.503177229Z,450.413202,1812726,326008832,314421248
calibration-20260902-g,S1-10-r01,2026-09-01T15:49:01.513372387Z,460.608359,1857702,352157696,340373504
calibration-20260902-g,S1-10-r01,2026-09-01T15:49:01.523579213Z,470.815186,1862368,357203968,345616384
calibration-20260902-g,S1-10-r01,2026-09-01T15:49:01.590096384Z,537.332357,1862650,357433344,345763840
calibration-20260902-g,S1-10-r01,2026-09-01T15:49:01.59328527Z,540.521242,1875061,370049024,358461440
calibration-20260902-g,S1-10-r01,2026-09-01T15:49:01.603515041Z,550.751013,1912161,428998656,416919552
calibration-20260902-g,S1-10-r01,2026-09-01T15:49:01.613689448Z,560.925420,1957835,469598208,458076160
calibration-20260902-g,S1-10-r01,2026-09-01T15:49:01.623854587Z,571.090560,1962500,473497600,461746176
calibration-20260902-g,S1-10-r01,2026-09-01T15:49:01.633034059Z,580.270031,1962665,473497600,461651968
calibration-20260902-g,S1-10-r01,2026-09-01T15:49:01.64321049Z,590.446462,1962855,473497600,461914112
calibration-20260902-g,S1-10-r01,2026-09-01T15:49:01.653447033Z,600.683007,1963108,473497600,461914112
calibration-20260902-g,S1-10-r01,2026-09-01T15:49:01.663657485Z,610.893458,1963339,473497600,461914112
calibration-20260902-g,S1-10-r01,2026-09-01T15:49:01.673850608Z,621.086580,1963598,473497600,461914112
calibration-20260902-g,S1-10-r01,2026-09-01T15:49:01.683966513Z,631.202486,1963791,473497600,461914112
calibration-20260902-g,S1-10-r01,2026-09-01T15:49:01.693087125Z,640.323092,1976163,484737024,473186304
calibration-20260902-g,S1-10-r01,2026-09-01T15:49:01.703286785Z,650.522758,2012427,517537792,506216448
calibration-20260902-g,S1-10-r01,2026-09-01T15:49:01.790085989Z,737.321962,2062447,532447232,520896512
calibration-20260902-g,S1-10-r01,2026-09-01T15:49:01.793253053Z,740.489025,2074545,536805376,525352960
calibration-20260902-g,S1-10-r01,2026-09-01T15:49:01.803469861Z,750.705832,2110535,549421056,538169344
calibration-20260902-g,S1-10-r01,2026-09-01T15:49:01.813706407Z,760.942379,2159750,549421056,538431488
calibration-20260902-g,S1-10-r01,2026-09-01T15:49:01.823982761Z,771.218733,2164468,549421056,538431488
calibration-20260902-g,S1-10-r01,2026-09-01T15:49:01.833129021Z,780.364989,2164728,549421056,538431488
calibration-20260902-g,S1-10-r01,2026-09-01T15:49:01.843368255Z,790.604227,2164893,549421056,538431488
calibration-20260902-g,S1-10-r01,2026-09-01T15:49:01.853534104Z,800.770071,2165011,549421056,538431488
calibration-20260902-g,S1-10-r01,2026-09-01T15:49:01.863688894Z,810.924866,2165102,549421056,538431488
calibration-20260902-g,S1-10-r01,2026-09-01T15:49:01.873840027Z,821.075994,2165170,549421056,538431488
calibration-20260902-g,S1-10-r01,2026-09-01T15:49:01.882960246Z,830.196217,2165269,549421056,538431488
calibration-20260902-g,S1-10-r01,2026-09-01T15:49:01.893150399Z,840.386398,2177214,549421056,538431488
calibration-20260902-g,S1-10-r01,2026-09-01T15:49:01.90354003Z,850.776004,2213363,550797312,539742208
calibration-20260902-g,S1-10-r01,2026-09-01T15:49:01.913863658Z,861.099656,2258301,550797312,539742208
calibration-20260902-g,S1-10-r01,2026-09-01T15:49:01.923338696Z,870.574695,2263231,550797312,539742208
calibration-20260902-g,S1-10-r01,2026-09-01T15:49:01.933613541Z,880.849513,2263643,550797312,539742208
calibration-20260902-g,S1-10-r01,2026-09-01T15:49:01.943816928Z,891.052900,2263908,550797312,539742208
calibration-20260902-g,S1-10-r01,2026-09-01T15:49:01.953030806Z,900.266778,2264114,550797312,539742208
calibration-20260902-g,S1-10-r01,2026-09-01T15:49:01.990094867Z,937.330839,2264347,550797312,539742208
calibration-20260902-g,S1-10-r01,2026-09-01T15:49:01.993263045Z,940.499018,2276360,551256064,540004352
calibration-20260902-g,S1-10-r01,2026-09-01T15:49:02.003482249Z,950.718229,2312173,551485440,540266496
calibration-20260902-g,S1-10-r01,2026-09-01T15:49:02.013708985Z,960.944958,2356915,552173568,541016064
calibration-20260902-g,S1-10-r01,2026-09-01T15:49:02.023957848Z,971.193820,2361599,552402944,541425664
calibration-20260902-g,S1-10-r01,2026-09-01T15:49:02.033137266Z,980.373239,2361787,552402944,541425664
calibration-20260902-g,S1-10-r01,2026-09-01T15:49:02.043283614Z,990.519586,2361919,552402944,541171712
calibration-20260902-g,S1-10-r01,2026-09-01T15:49:02.05346783Z,1000.703803,2362068,552632320,541171712
calibration-20260902-g,S1-10-r01,2026-09-01T15:49:02.063672264Z,1010.908236,2362231,552632320,541171712
calibration-20260902-g,S1-10-r01,2026-09-01T15:49:02.073868691Z,1021.104663,2362402,552632320,541171712
calibration-20260902-g,S1-10-r01,2026-09-01T15:49:02.083033503Z,1030.269476,2362552,552632320,541171712
calibration-20260902-g,S1-10-r01,2026-09-01T15:49:02.093164832Z,1040.400804,2374614,552632320,541429760
calibration-20260902-g,S1-10-r01,2026-09-01T15:49:02.103430061Z,1050.666033,2410492,552861696,541163520
calibration-20260902-g,S1-10-r01,2026-09-01T15:49:02.190081808Z,1137.317781,2464341,553779200,542474240
calibration-20260902-g,S1-10-r01,2026-09-01T15:49:02.193344029Z,1140.580001,2476529,554237952,542998528
calibration-20260902-g,S1-10-r01,2026-09-01T15:49:02.203541894Z,1150.777862,2512768,556072960,544575488
calibration-20260902-g,S1-10-r01,2026-09-01T15:49:02.21374734Z,1160.983313,2561969,556531712,545099776
calibration-20260902-g,S1-10-r01,2026-09-01T15:49:02.223985027Z,1171.220999,2562248,556531712,545099776
calibration-20260902-g,S1-10-r01,2026-09-01T15:49:02.290110794Z,1237.346767,2562740,556531712,545361920
calibration-20260902-g,S1-10-r01,2026-09-01T15:49:02.293357215Z,1240.593187,2574787,556990464,545624064
calibration-20260902-g,S1-10-r01,2026-09-01T15:49:02.310196037Z,1257.432010,2645246,535121920,523931648
calibration-20260902-g,S1-10-r01,2026-09-01T15:49:02.313552222Z,1260.788189,2659499,545214464,533630976
calibration-20260902-g,S1-10-r01,2026-09-01T15:49:02.323699275Z,1270.935247,2659662,545214464,533893120
calibration-20260902-g,S1-10-r01,2026-09-01T15:49:02.333907947Z,1281.143921,2659883,545214464,533798912
calibration-20260902-g,S1-10-r01,2026-09-01T15:49:02.343080749Z,1290.316721,2660006,545443840,533577728
calibration-20260902-g,S1-10-r01,2026-09-01T15:49:02.353192846Z,1300.428818,2660155,545443840,533577728
calibration-20260902-g,S1-10-r01,2026-09-01T15:49:02.363447226Z,1310.683198,2660410,545443840,533839872
calibration-20260902-g,S1-10-r01,2026-09-01T15:49:02.373664696Z,1320.900669,2660676,545443840,533573632
calibration-20260902-g,S1-10-r01,2026-09-01T15:49:02.383958498Z,1331.194470,2661020,545443840,533835776
calibration-20260902-g,S1-10-r01,2026-09-01T15:49:02.39316348Z,1340.399448,2673489,557600768,546418688
calibration-20260902-g,S1-10-r01,2026-09-01T15:49:02.40341446Z,1350.650434,2712687,514146304,502878208
calibration-20260902-g,S1-10-r01,2026-09-01T15:49:02.41364461Z,1360.880578,2755206,505757696,519872512
calibration-20260902-g,S1-10-r01,2026-09-01T15:49:02.423886844Z,1371.122816,2755643,505757696,519958528
calibration-20260902-g,S1-10-r01,2026-09-01T15:49:02.433085469Z,1380.321443,2755832,505757696,519864320
calibration-20260902-g,S1-10-r01,2026-09-01T15:49:02.443357255Z,1390.593227,2756130,505757696,519864320
calibration-20260902-g,S1-10-r01,2026-09-01T15:49:02.453587596Z,1400.823568,2756383,505757696,519864320
calibration-20260902-g,S1-10-r01,2026-09-01T15:49:02.463840284Z,1411.076257,2756661,505757696,519864320
calibration-20260902-g,S1-10-r01,2026-09-01T15:49:02.473050415Z,1420.286382,2757053,505757696,519864320
calibration-20260902-g,S1-10-r01,2026-09-01T15:49:02.483338187Z,1430.574161,2757260,505757696,519864320
calibration-20260902-g,S1-10-r01,2026-09-01T15:49:02.493178914Z,1440.414882,2769357,505708544,494579712
calibration-20260902-g,S1-10-r01,2026-09-01T15:49:02.503237345Z,1450.473317,2806075,466612224,455929856
calibration-20260902-g,S1-10-r01,2026-09-01T15:49:02.513459537Z,1460.695504,2855164,466612224,455929856
calibration-20260902-g,S1-10-r01,2026-09-01T15:49:02.523692312Z,1470.928286,2864264,466841600,455831552
calibration-20260902-g,S1-10-r01,2026-09-01T15:49:02.533919369Z,1481.155342,2864448,466841600,455733248
calibration-20260902-g,S1-10-r01,2026-09-01T15:49:02.543083879Z,1490.319851,2864581,466841600,455733248
calibration-20260902-g,S1-10-r01,2026-09-01T15:49:02.553264042Z,1500.500014,2864720,466841600,455733248
calibration-20260902-g,S1-10-r01,2026-09-01T15:49:02.590106125Z,1537.342098,2864872,466841600,455733248
calibration-20260902-g,S1-10-r01,2026-09-01T15:49:02.593404019Z,1540.639992,2877009,466841600,455733248
calibration-20260902-g,S1-10-r01,2026-09-01T15:49:02.603569128Z,1550.805101,2912814,466841600,455532544
calibration-20260902-g,S1-10-r01,2026-09-01T15:49:02.613817464Z,1561.053436,2957654,466841600,455532544
calibration-20260902-g,S1-10-r01,2026-09-01T15:49:02.623068313Z,1570.304287,2962298,466841600,455532544
calibration-20260902-g,S1-10-r01,2026-09-01T15:49:02.633248301Z,1580.484273,2962511,466841600,455532544
calibration-20260902-g,S1-10-r01,2026-09-01T15:49:02.643565456Z,1590.801428,2962860,467070976,455532544
calibration-20260902-g,S1-10-r01,2026-09-01T15:49:02.653723532Z,1600.959504,2963132,467070976,455532544
calibration-20260902-g,S1-10-r01,2026-09-01T15:49:02.690072399Z,1637.308371,2963522,467070976,455532544
calibration-20260902-g,S1-10-r01,2026-09-01T15:49:02.693315352Z,1640.551324,2975526,467070976,455532544
calibration-20260902-g,S1-10-r01,2026-09-01T15:49:02.703460977Z,1650.696949,3011245,467070976,455532544
calibration-20260902-g,S1-10-r01,2026-09-01T15:49:02.713663814Z,1660.899786,3055867,467070976,455532544
calibration-20260902-g,S1-10-r01,2026-09-01T15:49:02.723872897Z,1671.108870,3060473,467070976,455532544
calibration-20260902-g,S1-10-r01,2026-09-01T15:49:02.733035238Z,1680.271210,3060620,467070976,455532544
calibration-20260902-g,S1-10-r01,2026-09-01T15:49:02.743184316Z,1690.420289,3060769,467070976,455790592
calibration-20260902-g,S1-10-r01,2026-09-01T15:49:02.753310575Z,1700.546547,3060906,467070976,455790592
calibration-20260902-g,S1-10-r01,2026-09-01T15:49:02.763508621Z,1710.744594,3061055,467070976,455790592
calibration-20260902-g,S1-10-r01,2026-09-01T15:49:02.77367204Z,1720.908012,3061185,467070976,455790592
calibration-20260902-g,S1-10-r01,2026-09-01T15:49:02.783788352Z,1731.024325,3061296,467070976,455790592
calibration-20260902-g,S1-10-r01,2026-09-01T15:49:02.793934755Z,1741.170727,3073210,467070976,455790592
calibration-20260902-g,S1-10-r01,2026-09-01T15:49:02.803076442Z,1750.312415,3109001,475557888,464179200
calibration-20260902-g,S1-10-r01,2026-09-01T15:49:02.813206679Z,1760.442652,3153892,492302336,481218560
calibration-20260902-g,S1-10-r01,2026-09-01T15:49:02.823430866Z,1770.666838,3163045,499183616,487772160
calibration-20260902-g,S1-10-r01,2026-09-01T15:49:02.890082854Z,1837.318826,3163217,499412992,487825408
calibration-20260902-g,S1-10-r01,2026-09-01T15:49:02.893282099Z,1840.518071,3176141,510423040,498475008
calibration-20260902-g,S1-10-r01,2026-09-01T15:49:02.903557753Z,1850.793750,3212402,560427008,549208064
calibration-20260902-g,S1-10-r01,2026-09-01T15:49:02.913719283Z,1860.955258,3261695,598962176,588115968
calibration-20260902-g,S1-10-r01,2026-09-01T15:49:02.990443083Z,1937.679050,3262071,599420928,588902400
calibration-20260902-g,S1-10-r01,2026-09-01T15:49:02.993597244Z,1940.833212,3275930,610889728,600436736
calibration-20260902-g,S1-10-r01,2026-09-01T15:49:03.003758576Z,1950.994548,3310729,643231744,632942592
calibration-20260902-g,S1-10-r01,2026-09-01T15:49:03.012969051Z,1960.205018,3360035,650342400,640282624
calibration-20260902-g,S1-10-r01,2026-09-01T15:49:03.023191879Z,1970.427851,3360259,650571776,640024576
calibration-20260902-g,S1-10-r01,2026-09-01T15:49:03.03337462Z,1980.610593,3360479,650571776,640024576
calibration-20260902-g,S1-10-r01,2026-09-01T15:49:03.043542954Z,1990.778926,3360671,650571776,640024576
calibration-20260902-g,S1-10-r01,2026-09-01T15:49:03.053652245Z,2000.888218,3360808,650571776,640024576
calibration-20260902-g,S1-10-r01,2026-09-01T15:49:03.063827196Z,2011.063169,3360971,650571776,640024576
calibration-20260902-g,S1-10-r01,2026-09-01T15:49:03.074006675Z,2021.242647,3361190,650571776,640024576
calibration-20260902-g,S1-10-r01,2026-09-01T15:49:03.083198554Z,2030.434526,3361337,650571776,640024576
calibration-20260902-g,S1-10-r01,2026-09-01T15:49:03.093328999Z,2040.564972,3373491,655159296,644481024
calibration-20260902-g,S1-10-r01,2026-09-01T15:49:03.103553686Z,2050.789659,3411087,667545600,656539648
calibration-20260902-g,S1-10-r01,2026-09-01T15:49:03.113807Z,2061.042972,3458811,668233728,657326080
calibration-20260902-g,S1-10-r01,2026-09-01T15:49:03.190096582Z,2137.332554,3463596,668233728,656965632
calibration-20260902-g,S1-10-r01,2026-09-01T15:49:03.193282455Z,2140.518427,3475799,668233728,656965632
calibration-20260902-g,S1-10-r01,2026-09-01T15:49:03.203511486Z,2150.747458,3511603,668692480,657489920
calibration-20260902-g,S1-10-r01,2026-09-01T15:49:03.213658719Z,2160.894691,3556366,669151232,658014208
calibration-20260902-g,S1-10-r01,2026-09-01T15:49:03.223910813Z,2171.146786,3561102,669151232,657858560
calibration-20260902-g,S1-10-r01,2026-09-01T15:49:03.23308311Z,2180.319083,3561303,669151232,657858560
calibration-20260902-g,S1-10-r01,2026-09-01T15:49:03.243182992Z,2190.418965,3561447,669151232,657858560
calibration-20260902-g,S1-10-r01,2026-09-01T15:49:03.25331483Z,2200.550803,3561600,669151232,657858560
calibration-20260902-g,S1-10-r01,2026-09-01T15:49:03.263444343Z,2210.680316,3561746,669151232,657858560
calibration-20260902-g,S1-10-r01,2026-09-01T15:49:03.273631501Z,2220.867474,3561965,669151232,657858560
calibration-20260902-g,S1-10-r01,2026-09-01T15:49:03.283889468Z,2231.125441,3562221,669151232,657858560
calibration-20260902-g,S1-10-r01,2026-09-01T15:49:03.29313164Z,2240.367612,3574397,669151232,657858560
calibration-20260902-g,S1-10-r01,2026-09-01T15:49:03.303370929Z,2250.606901,3610269,669380608,658120704
calibration-20260902-g,S1-10-r01,2026-09-01T15:49:03.313611288Z,2260.847261,3655025,670068736,658907136
calibration-20260902-g,S1-10-r01,2026-09-01T15:49:03.323852654Z,2271.088627,3659738,670068736,659165184
calibration-20260902-g,S1-10-r01,2026-09-01T15:49:03.332971414Z,2280.207387,3659926,670068736,659165184
calibration-20260902-g,S1-10-r01,2026-09-01T15:49:03.343156956Z,2290.392929,3660126,670068736,659161088
calibration-20260902-g,S1-10-r01,2026-09-01T15:49:03.353282944Z,2300.518917,3660320,670068736,659161088
calibration-20260902-g,S1-10-r01,2026-09-01T15:49:03.363438907Z,2310.674880,3660541,670068736,659161088
calibration-20260902-g,S1-10-r01,2026-09-01T15:49:03.373621503Z,2320.857475,3660738,670068736,659161088
calibration-20260902-g,S1-10-r01,2026-09-01T15:49:03.383769282Z,2331.005255,3660899,670068736,659161088
calibration-20260902-g,S1-10-r01,2026-09-01T15:49:03.393955838Z,2341.191811,3672917,670068736,659161088
calibration-20260902-g,S1-10-r01,2026-09-01T15:49:03.403120767Z,2350.356740,3708790,670756864,659423232
calibration-20260902-g,S1-10-r01,2026-09-01T15:49:03.413339758Z,2360.575730,3753541,671444992,660209664
calibration-20260902-g,S1-10-r01,2026-09-01T15:49:03.423522049Z,2370.758021,3762713,671444992,660357120
calibration-20260902-g,S1-10-r01,2026-09-01T15:49:03.490107493Z,2437.343465,3763104,671444992,660357120
calibration-20260902-g,S1-10-r01,2026-09-01T15:49:03.493353935Z,2440.589907,3775200,671444992,660357120
calibration-20260902-g,S1-10-r01,2026-09-01T15:49:03.503578991Z,2450.814964,3811413,672821248,661667840
calibration-20260902-g,S1-10-r01,2026-09-01T15:49:03.513717087Z,2460.953054,3856588,674656256,663764992
calibration-20260902-g,S1-10-r01,2026-09-01T15:49:03.523952709Z,2471.188682,3861260,674656256,663764992
calibration-20260902-g,S1-10-r01,2026-09-01T15:49:03.533210624Z,2480.446596,3861542,674656256,663764992
calibration-20260902-g,S1-10-r01,2026-09-01T15:49:03.543432349Z,2490.668322,3861739,674656256,663764992
calibration-20260902-g,S1-10-r01,2026-09-01T15:49:03.553660968Z,2500.896942,3861958,674656256,663764992
calibration-20260902-g,S1-10-r01,2026-09-01T15:49:03.5639114Z,2511.147372,3862144,674656256,663764992
calibration-20260902-g,S1-10-r01,2026-09-01T15:49:03.590106774Z,2537.342746,3862358,674656256,663764992
calibration-20260902-g,S1-10-r01,2026-09-01T15:49:03.593344999Z,2540.580967,3874479,626679808,616042496
calibration-20260902-g,S1-10-r01,2026-09-01T15:49:03.603222559Z,2550.458526,3911370,656728064,646090752
calibration-20260902-g,S1-10-r01,2026-09-01T15:49:03.613445102Z,2560.681069,3953237,674848768,664440832
calibration-20260902-g,S1-10-r01,2026-09-01T15:49:03.623709369Z,2570.945341,3953544,674848768,664440832
calibration-20260902-g,S1-10-r01,2026-09-01T15:49:03.633974575Z,2581.210547,3953841,675078144,664440832
calibration-20260902-g,S1-10-r01,2026-09-01T15:49:03.643192337Z,2590.428310,3954189,675078144,664346624
calibration-20260902-g,S1-10-r01,2026-09-01T15:49:03.653433244Z,2600.669217,3954449,675078144,664346624
calibration-20260902-g,S1-10-r01,2026-09-01T15:49:03.663657429Z,2610.893396,3954713,675078144,664346624
calibration-20260902-g,S1-10-r01,2026-09-01T15:49:03.673883326Z,2621.119299,3954865,675078144,664346624
calibration-20260902-g,S1-10-r01,2026-09-01T15:49:03.690090412Z,2637.326379,3955053,675078144,664346624
calibration-20260902-g,S1-10-r01,2026-09-01T15:49:03.693256242Z,2640.492210,3967745,627089408,616308736
calibration-20260902-g,S1-10-r01,2026-09-01T15:49:03.703583427Z,2650.819394,4004792,628695040,617619456
calibration-20260902-g,S1-10-r01,2026-09-01T15:49:03.71380552Z,2661.041492,4058365,580603904,571858944
calibration-20260902-g,S1-10-r01,2026-09-01T15:49:03.723091722Z,2670.327689,4060666,580603904,569421824
calibration-20260902-g,S1-10-r01,2026-09-01T15:49:03.73324442Z,2680.480392,4060872,580603904,569421824
calibration-20260902-g,S1-10-r01,2026-09-01T15:49:03.743455966Z,2690.691938,4061134,580603904,569323520
calibration-20260902-g,S1-10-r01,2026-09-01T15:49:03.753699897Z,2700.935869,4061409,580603904,569323520
calibration-20260902-g,S1-10-r01,2026-09-01T15:49:03.763944862Z,2711.180833,4061679,580603904,569323520
calibration-20260902-g,S1-10-r01,2026-09-01T15:49:03.773215083Z,2720.451055,4061954,580603904,569323520
calibration-20260902-g,S1-10-r01,2026-09-01T15:49:03.783426841Z,2730.662809,4062252,580603904,569323520
calibration-20260902-g,S1-10-r01,2026-09-01T15:49:03.793418365Z,2740.654338,4071800,580833280,569491456
calibration-20260902-g,S1-10-r01,2026-09-01T15:49:03.803629134Z,2750.865108,4095273,532987904,521932800
calibration-20260902-g,S1-10-r01,2026-09-01T15:49:03.813874566Z,2761.110539,4122128,532987904,521932800
calibration-20260902-g,S1-10-r01,2026-09-01T15:49:03.823132017Z,2770.367990,4140127,532987904,521666560
calibration-20260902-g,S1-10-r01,2026-09-01T15:49:03.833331564Z,2780.567537,4153664,533217280,521568256
calibration-20260902-g,S1-10-r01,2026-09-01T15:49:03.843549519Z,2790.785492,4153834,533217280,521568256
calibration-20260902-g,S1-10-r01,2026-09-01T15:49:03.853792005Z,2801.027978,4154028,533217280,521568256
calibration-20260902-g,S1-10-r01,2026-09-01T15:49:03.863989747Z,2811.225719,4154187,533217280,521568256
calibration-20260902-g,S1-10-r01,2026-09-01T15:49:03.873080515Z,2820.316488,4154303,533217280,521527296
calibration-20260902-g,S1-10-r01,2026-09-01T15:49:03.890048902Z,2837.284875,4154428,533217280,521527296
calibration-20260902-g,S1-10-r01,2026-09-01T15:49:03.893191721Z,2840.427693,4160525,533217280,521531392
calibration-20260902-g,S1-10-r01,2026-09-01T15:49:03.903363576Z,2850.599548,4178442,533217280,521531392
calibration-20260902-g,S1-10-r01,2026-09-01T15:49:03.913571141Z,2860.807113,4205339,536428544,524935168
calibration-20260902-g,S1-10-r01,2026-09-01T15:49:03.92378689Z,2871.022861,4223503,555008000,543809536
calibration-20260902-g,S1-10-r01,2026-09-01T15:49:03.93398505Z,2881.221023,4246167,580468736,568975360
calibration-20260902-g,S1-10-r01,2026-09-01T15:49:03.94318852Z,2890.424492,4250849,585285632,573956096
calibration-20260902-g,S1-10-r01,2026-09-01T15:49:03.953416246Z,2900.652219,4251022,585285632,573956096
calibration-20260902-g,S1-10-r01,2026-09-01T15:49:03.963554507Z,2910.790479,4251144,585285632,573956096
calibration-20260902-g,S1-10-r01,2026-09-01T15:49:03.973738434Z,2920.974407,4251288,585285632,573956096
calibration-20260902-g,S1-10-r01,2026-09-01T15:49:03.983871884Z,2931.107856,4251415,585285632,573956096
calibration-20260902-g,S1-10-r01,2026-09-01T15:49:03.994015831Z,2941.251803,4257482,594919424,583655424
calibration-20260902-g,S1-10-r01,2026-09-01T15:49:04.003242536Z,2950.478515,4275709,614187008,603054080
calibration-20260902-g,S1-10-r01,2026-09-01T15:49:04.01345753Z,2960.693502,4302901,631848960,620617728
calibration-20260902-g,S1-10-r01,2026-09-01T15:49:04.023690148Z,2970.926116,4321100,632766464,621404160
calibration-20260902-g,S1-10-r01,2026-09-01T15:49:04.033919845Z,2981.155817,4348056,632766464,621404160
calibration-20260902-g,S1-10-r01,2026-09-01T15:49:04.043165096Z,2990.401068,4352723,632766464,621666304
calibration-20260902-g,S1-10-r01,2026-09-01T15:49:04.053333489Z,3000.569456,4352974,632766464,621666304
calibration-20260902-g,S1-10-r01,2026-09-01T15:49:04.063499087Z,3010.735060,4353051,632766464,621666304
calibration-20260902-g,S1-10-r01,2026-09-01T15:49:04.073672466Z,3020.908434,4353189,632766464,621666304
calibration-20260902-g,S1-10-r01,2026-09-01T15:49:04.083835973Z,3031.071945,4353297,632766464,621666304
calibration-20260902-g,S1-10-r01,2026-09-01T15:49:04.09398879Z,3041.224764,4359353,632766464,621666304
calibration-20260902-g,S1-10-r01,2026-09-01T15:49:04.103164131Z,3050.400103,4377317,632766464,621666304
calibration-20260902-g,S1-10-r01,2026-09-01T15:49:04.113347254Z,3060.583226,4404169,632766464,621666304
calibration-20260902-g,S1-10-r01,2026-09-01T15:49:04.123533417Z,3070.769389,4422131,632766464,621666304
calibration-20260902-g,S1-10-r01,2026-09-01T15:49:04.133740254Z,3080.976226,4449026,632766464,621666304
calibration-20260902-g,S1-10-r01,2026-09-01T15:49:04.143963951Z,3091.199923,4453661,632766464,621666304
calibration-20260902-g,S1-10-r01,2026-09-01T15:49:04.153133943Z,3100.369915,4453828,632766464,621666304
calibration-20260902-g,S1-10-r01,2026-09-01T15:49:04.16332769Z,3110.563664,4454017,632766464,621309952
calibration-20260902-g,S1-10-r01,2026-09-01T15:49:04.173514873Z,3120.750846,4454175,632766464,621572096
calibration-20260902-g,S1-10-r01,2026-09-01T15:49:04.183702607Z,3130.938580,4454320,632766464,621572096
calibration-20260902-g,S1-10-r01,2026-09-01T15:49:04.193929317Z,3141.165290,4460451,632766464,621584384
calibration-20260902-g,S1-10-r01,2026-09-01T15:49:04.203090678Z,3150.326651,4478437,632766464,621584384
calibration-20260902-g,S1-10-r01,2026-09-01T15:49:04.213294882Z,3160.530854,4505325,632766464,621584384
calibration-20260902-g,S1-10-r01,2026-09-01T15:49:04.223421711Z,3170.657679,4523434,632995840,621584384
calibration-20260902-g,S1-10-r01,2026-09-01T15:49:04.233570766Z,3180.806738,4550287,633225216,621584384
calibration-20260902-g,S1-10-r01,2026-09-01T15:49:04.243809975Z,3191.045948,4550511,633225216,621584384
calibration-20260902-g,S1-10-r01,2026-09-01T15:49:04.253982631Z,3201.218603,4550633,633225216,621584384
calibration-20260902-g,S1-10-r01,2026-09-01T15:49:04.290072677Z,3237.308649,4550758,633225216,621584384
calibration-20260902-g,S1-10-r01,2026-09-01T15:49:04.293317294Z,3240.553267,4556959,633225216,621584384
calibration-20260902-g,S1-10-r01,2026-09-01T15:49:04.302993635Z,3250.229608,4575442,585216000,574025728
calibration-20260902-g,S1-10-r01,2026-09-01T15:49:04.31318851Z,3260.424477,4589307,585216000,574025728
calibration-20260902-g,S1-10-r01,2026-09-01T15:49:04.323366202Z,3270.602175,4598364,585216000,574025728
calibration-20260902-g,S1-10-r01,2026-09-01T15:49:04.332089965Z,3279.325936,4609955,537423872,525905920
calibration-20260902-g,S1-50-r01,2026-09-01T15:49:04.697989097Z,0.052358,4842912,59768832,46907392
calibration-20260902-g,S1-50-r01,2026-09-01T15:49:04.720827244Z,22.890488,4846536,62291968,265678848
calibration-20260902-g,S1-50-r01,2026-09-01T15:49:04.790775028Z,92.838272,4953342,277676032,265940992
calibration-20260902-g,S1-50-r01,2026-09-01T15:49:04.798104609Z,100.167860,5077351,403832832,392794112
calibration-20260902-g,S1-50-r01,2026-09-01T15:49:04.89421225Z,196.275499,5077351,404062208,393056256
calibration-20260902-g,S1-50-r01,2026-09-01T15:49:04.898291076Z,200.354320,5111815,446267392,435785728
calibration-20260902-g,S1-50-r01,2026-09-01T15:49:04.908516424Z,210.579673,5144149,460259328,449155072
calibration-20260902-g,S1-50-r01,2026-09-01T15:49:04.918677398Z,220.740649,5148805,460259328,449155072
calibration-20260902-g,S1-50-r01,2026-09-01T15:49:04.990111015Z,292.174288,5149212,460259328,449114112
calibration-20260902-g,S1-50-r01,2026-09-01T15:49:04.998305176Z,300.368425,5179159,460259328,449114112
calibration-20260902-g,S1-50-r01,2026-09-01T15:49:05.008487711Z,310.550961,5214925,460259328,449110016
calibration-20260902-g,S1-50-r01,2026-09-01T15:49:05.018664691Z,320.727939,5246206,460259328,449372160
calibration-20260902-g,S1-50-r01,2026-09-01T15:49:05.028867165Z,330.930414,5246376,460259328,449630208
calibration-20260902-g,S1-50-r01,2026-09-01T15:49:05.03899866Z,341.061909,5246485,460259328,449630208
calibration-20260902-g,S1-50-r01,2026-09-01T15:49:05.048165651Z,350.228901,5246603,460488704,449630208
calibration-20260902-g,S1-50-r01,2026-09-01T15:49:05.058307983Z,360.371233,5246747,460488704,449630208
calibration-20260902-g,S1-50-r01,2026-09-01T15:49:05.068488787Z,370.552036,5246864,460488704,449630208
calibration-20260902-g,S1-50-r01,2026-09-01T15:49:05.078664447Z,380.727697,5247001,460488704,449630208
calibration-20260902-g,S1-50-r01,2026-09-01T15:49:05.088858086Z,390.921334,5247183,460488704,449630208
calibration-20260902-g,S1-50-r01,2026-09-01T15:49:05.099098804Z,401.162053,5277017,460488704,449630208
calibration-20260902-g,S1-50-r01,2026-09-01T15:49:05.108358972Z,410.422220,5312822,460488704,449630208
calibration-20260902-g,S1-50-r01,2026-09-01T15:49:05.118549907Z,420.613156,5348545,460488704,449630208
calibration-20260902-g,S1-50-r01,2026-09-01T15:49:05.128717447Z,430.780696,5348674,460488704,449630208
calibration-20260902-g,S1-50-r01,2026-09-01T15:49:05.13892462Z,440.987870,5348825,460488704,449335296
calibration-20260902-g,S1-50-r01,2026-09-01T15:49:05.149112844Z,451.176093,5348958,460488704,449335296
calibration-20260902-g,S1-50-r01,2026-09-01T15:49:05.190093337Z,492.156610,5349096,460488704,449335296
calibration-20260902-g,S1-50-r01,2026-09-01T15:49:05.198330205Z,500.393478,5378754,463241216,452218880
calibration-20260902-g,S1-50-r01,2026-09-01T15:49:05.208936724Z,510.999974,5432748,514392064,504123392
calibration-20260902-g,S1-50-r01,2026-09-01T15:49:05.218124402Z,520.187652,5446446,535265280,524570624
calibration-20260902-g,S1-50-r01,2026-09-01T15:49:05.228331657Z,530.394907,5446613,535265280,524570624
calibration-20260902-g,S1-50-r01,2026-09-01T15:49:05.238575093Z,540.638366,5446798,535265280,524570624
calibration-20260902-g,S1-50-r01,2026-09-01T15:49:05.248962522Z,551.025771,5447189,535265280,524570624
calibration-20260902-g,S1-50-r01,2026-09-01T15:49:05.259143951Z,561.207201,5447434,535265280,524570624
calibration-20260902-g,S1-50-r01,2026-09-01T15:49:05.268358037Z,570.421281,5447615,535265280,524570624
calibration-20260902-g,S1-50-r01,2026-09-01T15:49:05.278580606Z,580.643850,5447754,535265280,524570624
calibration-20260902-g,S1-50-r01,2026-09-01T15:49:05.290068338Z,592.131587,5448007,536182784,525619200
calibration-20260902-g,S1-50-r01,2026-09-01T15:49:05.298285974Z,600.349223,5478597,599261184,588795904
calibration-20260902-g,S1-50-r01,2026-09-01T15:49:05.308481727Z,610.544977,5515444,669450240,659312640
calibration-20260902-g,S1-50-r01,2026-09-01T15:49:05.318693114Z,620.756358,5547167,684818432,674254848
calibration-20260902-g,S1-50-r01,2026-09-01T15:49:05.32886231Z,630.925560,5547338,684818432,674254848
calibration-20260902-g,S1-50-r01,2026-09-01T15:49:05.339078294Z,641.141543,5547577,684818432,674254848
calibration-20260902-g,S1-50-r01,2026-09-01T15:49:05.348265032Z,650.328282,5547740,684818432,674516992
calibration-20260902-g,S1-50-r01,2026-09-01T15:49:05.35846129Z,660.524539,5547954,684818432,674516992
calibration-20260902-g,S1-50-r01,2026-09-01T15:49:05.368594524Z,670.657774,5548144,684818432,674516992
calibration-20260902-g,S1-50-r01,2026-09-01T15:49:05.37880194Z,680.865189,5548351,684818432,674516992
calibration-20260902-g,S1-50-r01,2026-09-01T15:49:05.388967322Z,691.030572,5548532,684818432,674516992
calibration-20260902-g,S1-50-r01,2026-09-01T15:49:05.399041882Z,701.105187,5580796,708902912,698896384
calibration-20260902-g,S1-50-r01,2026-09-01T15:49:05.408285007Z,710.348258,5615000,714407936,704401408
calibration-20260902-g,S1-50-r01,2026-09-01T15:49:05.418494595Z,720.557844,5646400,714637312,704663552
calibration-20260902-g,S1-50-r01,2026-09-01T15:49:05.428712286Z,730.775535,5646622,714637312,704417792
calibration-20260902-g,S1-50-r01,2026-09-01T15:49:05.438911742Z,740.974991,5646797,714637312,704417792
calibration-20260902-g,S1-50-r01,2026-09-01T15:49:05.449063574Z,751.126824,5646972,714637312,704417792
calibration-20260902-g,S1-50-r01,2026-09-01T15:49:05.458178329Z,760.241578,5647137,714637312,704417792
calibration-20260902-g,S1-50-r01,2026-09-01T15:49:05.468354243Z,770.417493,5647306,714866688,704417792
calibration-20260902-g,S1-50-r01,2026-09-01T15:49:05.478536184Z,780.599434,5647542,714866688,704417792
calibration-20260902-g,S1-50-r01,2026-09-01T15:49:05.488712328Z,790.775579,5647637,714866688,704417792
calibration-20260902-g,S1-50-r01,2026-09-01T15:49:05.498932881Z,800.996130,5677606,714866688,704417792
calibration-20260902-g,S1-50-r01,2026-09-01T15:49:05.508226898Z,810.290147,5713495,715554816,705204224
calibration-20260902-g,S1-50-r01,2026-09-01T15:49:05.51849258Z,820.555829,5749336,715554816,705204224
calibration-20260902-g,S1-50-r01,2026-09-01T15:49:05.528664269Z,830.727519,5749590,715554816,705204224
calibration-20260902-g,S1-50-r01,2026-09-01T15:49:05.538913026Z,840.976275,5749742,715554816,705204224
calibration-20260902-g,S1-50-r01,2026-09-01T15:49:05.549064944Z,851.128194,5749893,715554816,705204224
calibration-20260902-g,S1-50-r01,2026-09-01T15:49:05.558222643Z,860.285893,5750044,715784192,705204224
calibration-20260902-g,S1-50-r01,2026-09-01T15:49:05.568393349Z,870.456598,5750166,715784192,705204224
calibration-20260902-g,S1-50-r01,2026-09-01T15:49:05.590072414Z,892.135663,5750270,715784192,705204224
calibration-20260902-g,S1-50-r01,2026-09-01T15:49:05.598256888Z,900.320138,5780175,717160448,706514944
calibration-20260902-g,S1-50-r01,2026-09-01T15:49:05.608494943Z,910.558220,5816173,717389824,706777088
calibration-20260902-g,S1-50-r01,2026-09-01T15:49:05.618897929Z,920.961179,5847824,717389824,706777088
calibration-20260902-g,S1-50-r01,2026-09-01T15:49:05.629087329Z,931.150578,5848091,717389824,706777088
calibration-20260902-g,S1-50-r01,2026-09-01T15:49:05.638242297Z,940.305541,5848418,717389824,706777088
calibration-20260902-g,S1-50-r01,2026-09-01T15:49:05.648423396Z,950.486646,5848545,717389824,707035136
calibration-20260902-g,S1-50-r01,2026-09-01T15:49:05.658669332Z,960.732576,5848692,717619200,707035136
calibration-20260902-g,S1-50-r01,2026-09-01T15:49:05.668873411Z,970.936655,5848887,717619200,707035136
calibration-20260902-g,S1-50-r01,2026-09-01T15:49:05.690083487Z,992.146737,5849073,717619200,707035136
calibration-20260902-g,S1-50-r01,2026-09-01T15:49:05.698353353Z,1000.416602,5879063,718766080,708083712
calibration-20260902-g,S1-50-r01,2026-09-01T15:49:05.708594117Z,1010.657369,5914932,719224832,708608000
calibration-20260902-g,S1-50-r01,2026-09-01T15:49:05.71870477Z,1020.768019,5946323,719224832,708608000
calibration-20260902-g,S1-50-r01,2026-09-01T15:49:05.728856088Z,1030.919338,5946481,719224832,708341760
calibration-20260902-g,S1-50-r01,2026-09-01T15:49:05.739056787Z,1041.120036,5946632,719224832,708341760
calibration-20260902-g,S1-50-r01,2026-09-01T15:49:05.748308255Z,1050.371507,5946822,719224832,708349952
calibration-20260902-g,S1-50-r01,2026-09-01T15:49:05.758566286Z,1060.629557,5947100,719224832,708349952
calibration-20260902-g,S1-50-r01,2026-09-01T15:49:05.768765924Z,1070.829173,5947445,719224832,708349952
calibration-20260902-g,S1-50-r01,2026-09-01T15:49:05.779009646Z,1081.072895,5947652,719224832,708349952
calibration-20260902-g,S1-50-r01,2026-09-01T15:49:05.788213619Z,1090.276869,5947806,719224832,708349952
calibration-20260902-g,S1-50-r01,2026-09-01T15:49:05.798168261Z,1100.231510,5977695,719683584,708874240
calibration-20260902-g,S1-50-r01,2026-09-01T15:49:05.80838593Z,1110.449180,6013537,720601088,709660672
calibration-20260902-g,S1-50-r01,2026-09-01T15:49:05.818557623Z,1120.620872,6049338,720601088,709660672
calibration-20260902-g,S1-50-r01,2026-09-01T15:49:05.82878326Z,1130.846510,6049511,720601088,709660672
calibration-20260902-g,S1-50-r01,2026-09-01T15:49:05.890124403Z,1192.187676,6049774,720601088,709922816
calibration-20260902-g,S1-50-r01,2026-09-01T15:49:05.89843002Z,1200.493269,6080869,722206720,712015872
calibration-20260902-g,S1-50-r01,2026-09-01T15:49:05.908760977Z,1210.824225,6135389,725417984,715423744
calibration-20260902-g,S1-50-r01,2026-09-01T15:49:05.918979116Z,1221.042361,6153578,725417984,715354112
calibration-20260902-g,S1-50-r01,2026-09-01T15:49:05.928183095Z,1230.246345,6153763,725417984,715354112
calibration-20260902-g,S1-50-r01,2026-09-01T15:49:05.938325498Z,1240.388748,6153966,725417984,715616256
calibration-20260902-g,S1-50-r01,2026-09-01T15:49:05.990086565Z,1292.149814,6154340,725417984,715616256
calibration-20260902-g,S1-50-r01,2026-09-01T15:49:05.998744588Z,1300.807832,6184794,727252992,717451264
calibration-20260902-g,S1-50-r01,2026-09-01T15:49:06.008984047Z,1311.047320,6240378,657637376,647421952
calibration-20260902-g,S1-50-r01,2026-09-01T15:49:06.01822692Z,1320.290169,6249493,670023680,659476480
calibration-20260902-g,S1-50-r01,2026-09-01T15:49:06.028380966Z,1330.444215,6249631,670023680,659292160
calibration-20260902-g,S1-50-r01,2026-09-01T15:49:06.038574099Z,1340.637348,6249762,670023680,659554304
calibration-20260902-g,S1-50-r01,2026-09-01T15:49:06.048725878Z,1350.789128,6249900,670023680,659554304
calibration-20260902-g,S1-50-r01,2026-09-01T15:49:06.058868059Z,1360.931310,6250025,670023680,659554304
calibration-20260902-g,S1-50-r01,2026-09-01T15:49:06.068985042Z,1371.048291,6250157,670023680,659554304
calibration-20260902-g,S1-50-r01,2026-09-01T15:49:06.078164213Z,1380.227462,6250299,670023680,659554304
calibration-20260902-g,S1-50-r01,2026-09-01T15:49:06.088312741Z,1390.375985,6250393,670023680,659554304
calibration-20260902-g,S1-50-r01,2026-09-01T15:49:06.098071586Z,1400.134830,6281501,607821824,605548544
calibration-20260902-g,S1-50-r01,2026-09-01T15:49:06.108960035Z,1411.023286,6335399,667181056,657006592
calibration-20260902-g,S1-50-r01,2026-09-01T15:49:06.118225736Z,1420.288985,6348967,680026112,669589504
calibration-20260902-g,S1-50-r01,2026-09-01T15:49:06.128366179Z,1430.429429,6349232,680026112,669401088
calibration-20260902-g,S1-50-r01,2026-09-01T15:49:06.138516568Z,1440.579818,6349398,680026112,669401088
calibration-20260902-g,S1-50-r01,2026-09-01T15:49:06.148755351Z,1450.818609,6349630,680026112,669401088
calibration-20260902-g,S1-50-r01,2026-09-01T15:49:06.158869544Z,1460.932794,6349843,680026112,669401088
calibration-20260902-g,S1-50-r01,2026-09-01T15:49:06.169042116Z,1471.105366,6350063,680026112,669663232
calibration-20260902-g,S1-50-r01,2026-09-01T15:49:06.178210639Z,1480.273888,6350223,680026112,669663232
calibration-20260902-g,S1-50-r01,2026-09-01T15:49:06.188382574Z,1490.445823,6350352,680026112,669663232
calibration-20260902-g,S1-50-r01,2026-09-01T15:49:06.198541095Z,1500.604344,6380162,682549248,672284672
calibration-20260902-g,S1-50-r01,2026-09-01T15:49:06.208714366Z,1510.777616,6433794,682549248,672284672
calibration-20260902-g,S1-50-r01,2026-09-01T15:49:06.218905435Z,1520.968684,6451865,682549248,672284672
calibration-20260902-g,S1-50-r01,2026-09-01T15:49:06.290962738Z,1593.025988,6453180,682549248,672284672
calibration-20260902-g,S1-50-r01,2026-09-01T15:49:06.298249783Z,1600.313032,6482080,682549248,672284672
calibration-20260902-g,S1-50-r01,2026-09-01T15:49:06.308837793Z,1610.901042,6535602,682549248,672284672
calibration-20260902-g,S1-50-r01,2026-09-01T15:49:06.318982125Z,1621.045378,6549130,682549248,672284672
calibration-20260902-g,S1-50-r01,2026-09-01T15:49:06.328103439Z,1630.166689,6549270,682549248,672284672
calibration-20260902-g,S1-50-r01,2026-09-01T15:49:06.338243185Z,1640.306435,6549403,682549248,672284672
calibration-20260902-g,S1-50-r01,2026-09-01T15:49:06.348427196Z,1650.490445,6549545,682549248,672284672
calibration-20260902-g,S1-50-r01,2026-09-01T15:49:06.35863556Z,1660.698809,6549699,682549248,671944704
calibration-20260902-g,S1-50-r01,2026-09-01T15:49:06.368813056Z,1670.876306,6549825,682549248,671944704
calibration-20260902-g,S1-50-r01,2026-09-01T15:49:06.378911712Z,1680.974961,6549950,682549248,671944704
calibration-20260902-g,S1-50-r01,2026-09-01T15:49:06.389010323Z,1691.073572,6550065,682549248,671944704
calibration-20260902-g,S1-50-r01,2026-09-01T15:49:06.398267892Z,1700.331143,6579710,682549248,671944704
calibration-20260902-g,S1-50-r01,2026-09-01T15:49:06.408463399Z,1710.526649,6615424,682549248,671944704
calibration-20260902-g,S1-50-r01,2026-09-01T15:49:06.418599644Z,1720.662893,6651252,689430528,679280640
calibration-20260902-g,S1-50-r01,2026-09-01T15:49:06.42881875Z,1730.881999,6651411,689430528,679145472
calibration-20260902-g,S1-50-r01,2026-09-01T15:49:06.490112081Z,1792.175330,6651807,689430528,679145472
calibration-20260902-g,S1-50-r01,2026-09-01T15:49:06.498384056Z,1800.447306,6681888,703422464,693039104
calibration-20260902-g,S1-50-r01,2026-09-01T15:49:06.50865322Z,1810.716469,6736183,740352000,730787840
calibration-20260902-g,S1-50-r01,2026-09-01T15:49:06.518861889Z,1820.925138,6749916,750215168,740225024
calibration-20260902-g,S1-50-r01,2026-09-01T15:49:06.529083537Z,1831.146787,6750134,750215168,740225024
calibration-20260902-g,S1-50-r01,2026-09-01T15:49:06.538305231Z,1840.368480,6750349,750215168,740225024
calibration-20260902-g,S1-50-r01,2026-09-01T15:49:06.548561625Z,1850.624874,6750593,750215168,740225024
calibration-20260902-g,S1-50-r01,2026-09-01T15:49:06.558776823Z,1860.840072,6750831,750215168,740225024
calibration-20260902-g,S1-50-r01,2026-09-01T15:49:06.569004879Z,1871.068129,6751009,750444544,740225024
calibration-20260902-g,S1-50-r01,2026-09-01T15:49:06.5781656Z,1880.228849,6751146,750444544,740225024
calibration-20260902-g,S1-50-r01,2026-09-01T15:49:06.588348962Z,1890.412212,6751298,750444544,740007936
calibration-20260902-g,S1-50-r01,2026-09-01T15:49:06.598589967Z,1900.653216,6782422,791044096,780644352
calibration-20260902-g,S1-50-r01,2026-09-01T15:49:06.608725354Z,1910.788605,6836972,842653696,832286720
calibration-20260902-g,S1-50-r01,2026-09-01T15:49:06.618960338Z,1921.023581,6851017,853893120,843821056
calibration-20260902-g,S1-50-r01,2026-09-01T15:49:06.628112646Z,1930.175896,6851154,853893120,843821056
calibration-20260902-g,S1-50-r01,2026-09-01T15:49:06.690077206Z,1992.140455,6851596,854122496,843821056
calibration-20260902-g,S1-50-r01,2026-09-01T15:49:06.698278423Z,2000.341672,6881780,877748224,867151872
calibration-20260902-g,S1-50-r01,2026-09-01T15:49:06.708127748Z,2010.190998,6917757,891510784,881045504
calibration-20260902-g,S1-50-r01,2026-09-01T15:49:06.718413479Z,2020.476728,6949190,892428288,881831936
calibration-20260902-g,S1-50-r01,2026-09-01T15:49:06.728622267Z,2030.685517,6949414,892428288,881831936
calibration-20260902-g,S1-50-r01,2026-09-01T15:49:06.738840882Z,2040.904131,6949633,892428288,881831936
calibration-20260902-g,S1-50-r01,2026-09-01T15:49:06.749044339Z,2051.107588,6949900,892428288,881831936
calibration-20260902-g,S1-50-r01,2026-09-01T15:49:06.758178835Z,2060.242085,6950058,892428288,882094080
calibration-20260902-g,S1-50-r01,2026-09-01T15:49:06.768381005Z,2070.444254,6950243,892428288,882094080
calibration-20260902-g,S1-50-r01,2026-09-01T15:49:06.778591108Z,2080.654357,6950463,892428288,882094080
calibration-20260902-g,S1-50-r01,2026-09-01T15:49:06.788806163Z,2090.869414,6950637,892428288,882094080
calibration-20260902-g,S1-50-r01,2026-09-01T15:49:06.798959979Z,2101.023227,6980567,892657664,882618368
calibration-20260902-g,S1-50-r01,2026-09-01T15:49:06.8081019Z,2110.165173,7016454,892657664,882618368
calibration-20260902-g,S1-50-r01,2026-09-01T15:49:06.818500251Z,2120.563501,7048132,892657664,882618368
calibration-20260902-g,S1-50-r01,2026-09-01T15:49:06.82873635Z,2130.799599,7048463,892657664,882618368
calibration-20260902-g,S1-50-r01,2026-09-01T15:49:06.838988851Z,2141.052100,7048736,892657664,882618368
calibration-20260902-g,S1-50-r01,2026-09-01T15:49:06.848296077Z,2150.359352,7049041,892657664,882618368
calibration-20260902-g,S1-50-r01,2026-09-01T15:49:06.858740849Z,2160.804099,7049626,892657664,882618368
calibration-20260902-g,S1-50-r01,2026-09-01T15:49:06.868997265Z,2171.060514,7049925,892657664,882618368
calibration-20260902-g,S1-50-r01,2026-09-01T15:49:06.878216662Z,2180.279912,7050163,892657664,882618368
calibration-20260902-g,S1-50-r01,2026-09-01T15:49:06.888362298Z,2190.425547,7050396,892657664,882618368
calibration-20260902-g,S1-50-r01,2026-09-01T15:49:06.89850567Z,2200.568919,7080306,892657664,882618368
calibration-20260902-g,S1-50-r01,2026-09-01T15:49:06.908760428Z,2210.823677,7134027,893116416,882880512
calibration-20260902-g,S1-50-r01,2026-09-01T15:49:06.919033632Z,2221.096882,7147707,893116416,882880512
calibration-20260902-g,S1-50-r01,2026-09-01T15:49:06.928269477Z,2230.332726,7147961,893116416,882880512
calibration-20260902-g,S1-50-r01,2026-09-01T15:49:06.938496497Z,2240.559747,7148167,893116416,882880512
calibration-20260902-g,S1-50-r01,2026-09-01T15:49:06.948634861Z,2250.698110,7148414,893116416,882880512
calibration-20260902-g,S1-50-r01,2026-09-01T15:49:06.958850571Z,2260.913820,7148619,893345792,882880512
calibration-20260902-g,S1-50-r01,2026-09-01T15:49:06.96899353Z,2271.056779,7148806,893345792,882880512
calibration-20260902-g,S1-50-r01,2026-09-01T15:49:06.978082625Z,2280.145874,7149061,893345792,883142656
calibration-20260902-g,S1-50-r01,2026-09-01T15:49:06.988257647Z,2290.320897,7149192,893345792,883142656
calibration-20260902-g,S1-50-r01,2026-09-01T15:49:06.998500712Z,2300.563962,7179110,893345792,883142656
calibration-20260902-g,S1-50-r01,2026-09-01T15:49:07.00870726Z,2310.770510,7232822,893804544,883404800
calibration-20260902-g,S1-50-r01,2026-09-01T15:49:07.018975072Z,2321.038321,7250894,893804544,883404800
calibration-20260902-g,S1-50-r01,2026-09-01T15:49:07.02818745Z,2330.250700,7251075,893804544,883404800
calibration-20260902-g,S1-50-r01,2026-09-01T15:49:07.090079427Z,2392.142677,7251479,893804544,883404800
calibration-20260902-g,S1-50-r01,2026-09-01T15:49:07.098265678Z,2400.328927,7281392,893804544,883404800
calibration-20260902-g,S1-50-r01,2026-09-01T15:49:07.108432096Z,2410.495345,7317281,893804544,883404800
calibration-20260902-g,S1-50-r01,2026-09-01T15:49:07.118725636Z,2420.788885,7353177,894033920,883929088
calibration-20260902-g,S1-50-r01,2026-09-01T15:49:07.128915337Z,2430.978586,7353355,894033920,883929088
calibration-20260902-g,S1-50-r01,2026-09-01T15:49:07.13907671Z,2441.139960,7353460,894033920,883654656
calibration-20260902-g,S1-50-r01,2026-09-01T15:49:07.148223741Z,2450.286990,7353631,894033920,883654656
calibration-20260902-g,S1-50-r01,2026-09-01T15:49:07.158376202Z,2460.439451,7353809,894033920,883654656
calibration-20260902-g,S1-50-r01,2026-09-01T15:49:07.16857827Z,2470.641520,7353982,894033920,883654656
calibration-20260902-g,S1-50-r01,2026-09-01T15:49:07.178739433Z,2480.802682,7354170,894033920,883654656
calibration-20260902-g,S1-50-r01,2026-09-01T15:49:07.188889276Z,2490.952525,7354344,894033920,883654656
calibration-20260902-g,S1-50-r01,2026-09-01T15:49:07.198089663Z,2500.152913,7384229,894033920,883654656
calibration-20260902-g,S1-50-r01,2026-09-01T15:49:07.20849091Z,2510.554154,7424388,895639552,885227520
calibration-20260902-g,S1-50-r01,2026-09-01T15:49:07.218695739Z,2520.758989,7452275,895639552,885227520
calibration-20260902-g,S1-50-r01,2026-09-01T15:49:07.228875841Z,2530.939090,7452462,895639552,885125120
calibration-20260902-g,S1-50-r01,2026-09-01T15:49:07.290083571Z,2592.146822,7452806,895639552,885387264
calibration-20260902-g,S1-50-r01,2026-09-01T15:49:07.298284264Z,2600.347509,7483011,895639552,885383168
calibration-20260902-g,S1-50-r01,2026-09-01T15:49:07.308470522Z,2610.533766,7526771,827113472,817471488
calibration-20260902-g,S1-50-r01,2026-09-01T15:49:07.318425354Z,2620.488603,7547834,841793536,832274432
calibration-20260902-g,S1-50-r01,2026-09-01T15:49:07.328579312Z,2630.642561,7548029,841793536,832184320
calibration-20260902-g,S1-50-r01,2026-09-01T15:49:07.338725771Z,2640.789021,7548199,842022912,832090112
calibration-20260902-g,S1-50-r01,2026-09-01T15:49:07.348829444Z,2650.892693,7548379,842022912,832090112
calibration-20260902-g,S1-50-r01,2026-09-01T15:49:07.358965978Z,2661.029227,7548539,842022912,832090112
calibration-20260902-g,S1-50-r01,2026-09-01T15:49:07.368076196Z,2670.139446,7548659,842022912,832090112
calibration-20260902-g,S1-50-r01,2026-09-01T15:49:07.378192421Z,2680.255669,7548784,842022912,832090112
calibration-20260902-g,S1-50-r01,2026-09-01T15:49:07.388350568Z,2690.413818,7548904,842022912,832090112
calibration-20260902-g,S1-50-r01,2026-09-01T15:49:07.398609647Z,2700.672896,7579739,837718016,827346944
calibration-20260902-g,S1-50-r01,2026-09-01T15:49:07.408923534Z,2710.986783,7634551,799653888,789397504
calibration-20260902-g,S1-50-r01,2026-09-01T15:49:07.418074755Z,2720.138005,7648046,799653888,789303296
calibration-20260902-g,S1-50-r01,2026-09-01T15:49:07.428218283Z,2730.281532,7648212,799653888,789057536
calibration-20260902-g,S1-50-r01,2026-09-01T15:49:07.438446205Z,2740.509455,7648429,799653888,789057536
calibration-20260902-g,S1-50-r01,2026-09-01T15:49:07.448606518Z,2750.669768,7648680,799883264,789057536
calibration-20260902-g,S1-50-r01,2026-09-01T15:49:07.492307439Z,2794.370689,7651691,799883264,789057536
calibration-20260902-g,S1-50-r01,2026-09-01T15:49:07.49847532Z,2800.538570,7679100,799883264,789057536
calibration-20260902-g,S1-50-r01,2026-09-01T15:49:07.508688046Z,2810.766363,7732693,799883264,789057536
calibration-20260902-g,S1-50-r01,2026-09-01T15:49:07.51893023Z,2820.993479,7750657,799883264,789057536
calibration-20260902-g,S1-50-r01,2026-09-01T15:49:07.528114318Z,2830.177567,7750817,799883264,789057536
calibration-20260902-g,S1-50-r01,2026-09-01T15:49:07.538285992Z,2840.349242,7751003,799883264,789057536
calibration-20260902-g,S1-50-r01,2026-09-01T15:49:07.548437585Z,2850.500834,7751136,799883264,789057536
calibration-20260902-g,S1-50-r01,2026-09-01T15:49:07.55861708Z,2860.680330,7751251,799883264,789057536
calibration-20260902-g,S1-50-r01,2026-09-01T15:49:07.568734662Z,2870.797912,7751368,799883264,789057536
calibration-20260902-g,S1-50-r01,2026-09-01T15:49:07.578962623Z,2881.025872,7751550,799883264,788733952
calibration-20260902-g,S1-50-r01,2026-09-01T15:49:07.589077205Z,2891.140449,7751646,799883264,788996096
calibration-20260902-g,S1-50-r01,2026-09-01T15:49:07.59827997Z,2900.343220,7781385,799883264,788729856
calibration-20260902-g,S1-50-r01,2026-09-01T15:49:07.60843408Z,2910.497329,7817158,799883264,788987904
calibration-20260902-g,S1-50-r01,2026-09-01T15:49:07.618661405Z,2920.724655,7848464,799883264,788987904
calibration-20260902-g,S1-50-r01,2026-09-01T15:49:07.628857077Z,2930.920326,7848614,800112640,788987904
calibration-20260902-g,S1-50-r01,2026-09-01T15:49:07.639031366Z,2941.094616,7848732,800112640,788987904
calibration-20260902-g,S1-50-r01,2026-09-01T15:49:07.64812254Z,2950.185790,7848828,800112640,788987904
calibration-20260902-g,S1-50-r01,2026-09-01T15:49:07.658218528Z,2960.281778,7848972,800112640,788987904
calibration-20260902-g,S1-50-r01,2026-09-01T15:49:07.668348776Z,2970.412025,7849117,800112640,788987904
calibration-20260902-g,S1-50-r01,2026-09-01T15:49:07.678504448Z,2980.567698,7849244,800112640,788987904
calibration-20260902-g,S1-50-r01,2026-09-01T15:49:07.688686649Z,2990.749899,7849461,800112640,788987904
calibration-20260902-g,S1-50-r01,2026-09-01T15:49:07.698856841Z,3000.920090,7879114,800112640,788987904
calibration-20260902-g,S1-50-r01,2026-09-01T15:49:07.709088984Z,3011.152234,7932735,808599552,797376512
calibration-20260902-g,S1-50-r01,2026-09-01T15:49:07.718302164Z,3020.365413,7950778,815251456,804192256
calibration-20260902-g,S1-50-r01,2026-09-01T15:49:07.728446489Z,3030.509738,7950939,815251456,804192256
calibration-20260902-g,S1-50-r01,2026-09-01T15:49:07.738598755Z,3040.662004,7951075,815251456,804192256
calibration-20260902-g,S1-50-r01,2026-09-01T15:49:07.790087704Z,3092.150953,7951260,815251456,804192256
calibration-20260902-g,S1-50-r01,2026-09-01T15:49:07.798290932Z,3100.354182,7981224,829472768,818610176
calibration-20260902-g,S1-50-r01,2026-09-01T15:49:07.808459611Z,3110.522860,8017677,868696064,858456064
calibration-20260902-g,S1-50-r01,2026-09-01T15:49:07.818632102Z,3120.695352,8049233,887734272,877068288
calibration-20260902-g,S1-50-r01,2026-09-01T15:49:07.828780648Z,3130.843897,8049407,887734272,877068288
calibration-20260902-g,S1-50-r01,2026-09-01T15:49:07.838991551Z,3141.054800,8049567,887734272,877068288
calibration-20260902-g,S1-50-r01,2026-09-01T15:49:07.848196032Z,3150.259281,8049724,887734272,877068288
calibration-20260902-g,S1-50-r01,2026-09-01T15:49:07.858410614Z,3160.473864,8049870,887734272,877068288
calibration-20260902-g,S1-50-r01,2026-09-01T15:49:07.868532381Z,3170.595631,8050018,887734272,877068288
calibration-20260902-g,S1-50-r01,2026-09-01T15:49:07.878739391Z,3180.802640,8050174,887734272,877285376
calibration-20260902-g,S1-50-r01,2026-09-01T15:49:07.888922823Z,3190.986071,8050314,887734272,877285376
calibration-20260902-g,S1-50-r01,2026-09-01T15:49:07.898151598Z,3200.214847,8080618,919388160,909791232
calibration-20260902-g,S1-50-r01,2026-09-01T15:49:07.9083518Z,3210.415043,8118872,958382080,948400128
calibration-20260902-g,S1-50-r01,2026-09-01T15:49:07.918606966Z,3220.670215,8148795,965263360,955478016
calibration-20260902-g,S1-50-r01,2026-09-01T15:49:07.928834632Z,3230.897882,8149016,965263360,955490304
calibration-20260902-g,S1-50-r01,2026-09-01T15:49:07.938981886Z,3241.045135,8149265,965263360,955752448
calibration-20260902-g,S1-50-r01,2026-09-01T15:49:07.948213803Z,3250.277054,8149471,965263360,955752448
calibration-20260902-g,S1-50-r01,2026-09-01T15:49:07.958458125Z,3260.521375,8149701,965263360,955752448
calibration-20260902-g,S1-50-r01,2026-09-01T15:49:07.96867846Z,3270.741709,8149960,965263360,955752448
calibration-20260902-g,S1-50-r01,2026-09-01T15:49:07.978887129Z,3280.950377,8150122,965263360,955752448
calibration-20260902-g,S1-50-r01,2026-09-01T15:49:07.989000237Z,3291.063487,8150316,965263360,955752448
calibration-20260902-g,S1-50-r01,2026-09-01T15:49:07.998135309Z,3300.198558,8180551,987971584,978558976
calibration-20260902-g,S1-50-r01,2026-09-01T15:49:08.008358607Z,3310.421851,8219292,1000128512,990879744
calibration-20260902-g,S1-50-r01,2026-09-01T15:49:08.018566926Z,3320.630176,8248007,1000128512,990879744
calibration-20260902-g,S1-50-r01,2026-09-01T15:49:08.028734132Z,3330.797381,8248275,1000128512,990666752
calibration-20260902-g,S1-50-r01,2026-09-01T15:49:08.038966249Z,3341.029498,8248447,1000587264,990666752
calibration-20260902-g,S1-50-r01,2026-09-01T15:49:08.048169098Z,3350.232348,8248609,1000587264,990666752
calibration-20260902-g,S1-50-r01,2026-09-01T15:49:08.058343702Z,3360.406952,8248752,1000587264,990924800
calibration-20260902-g,S1-50-r01,2026-09-01T15:49:08.068595202Z,3370.658451,8248951,1000587264,990924800
calibration-20260902-g,S1-50-r01,2026-09-01T15:49:08.090073746Z,3392.136995,8249097,1000587264,990924800
calibration-20260902-g,S1-50-r01,2026-09-01T15:49:08.098245826Z,3400.309076,8279061,1000816640,991186944
calibration-20260902-g,S1-50-r01,2026-09-01T15:49:08.108502729Z,3410.565978,8314945,1000816640,991186944
calibration-20260902-g,S1-50-r01,2026-09-01T15:49:08.190089079Z,3492.152329,8351053,1000816640,991449088
calibration-20260902-g,S1-50-r01,2026-09-01T15:49:08.198270412Z,3500.333662,8380970,1001275392,991973376
calibration-20260902-g,S1-50-r01,2026-09-01T15:49:08.208442819Z,3510.506068,8416858,1001275392,991973376
calibration-20260902-g,S1-50-r01,2026-09-01T15:49:08.21865328Z,3520.716529,8448226,1001275392,991973376
calibration-20260902-g,S1-50-r01,2026-09-01T15:49:08.228781495Z,3530.844746,8448400,1001275392,992002048
calibration-20260902-g,S1-50-r01,2026-09-01T15:49:08.238984995Z,3541.048244,8448552,1001275392,992002048
calibration-20260902-g,S1-50-r01,2026-09-01T15:49:08.248181164Z,3550.244413,8448707,1001275392,992002048
calibration-20260902-g,S1-50-r01,2026-09-01T15:49:08.258389842Z,3560.453092,8448860,1001275392,992002048
calibration-20260902-g,S1-50-r01,2026-09-01T15:49:08.268503067Z,3570.566316,8448962,1001275392,992002048
calibration-20260902-g,S1-50-r01,2026-09-01T15:49:08.278692476Z,3580.755726,8449088,1001275392,992002048
calibration-20260902-g,S1-50-r01,2026-09-01T15:49:08.288879523Z,3590.942772,8449249,1001275392,992002048
calibration-20260902-g,S1-50-r01,2026-09-01T15:49:08.299045733Z,3601.108982,8479047,1001504768,992264192
calibration-20260902-g,S1-50-r01,2026-09-01T15:49:08.308285859Z,3610.349108,8514931,1001504768,992264192
calibration-20260902-g,S1-50-r01,2026-09-01T15:49:08.318475135Z,3620.538384,8550728,1001504768,992264192
calibration-20260902-g,S1-50-r01,2026-09-01T15:49:08.391201037Z,3693.264286,8552206,1001504768,992067584
calibration-20260902-g,S1-50-r01,2026-09-01T15:49:08.398441556Z,3700.504800,8581060,1002881024,993636352
calibration-20260902-g,S1-50-r01,2026-09-01T15:49:08.408737708Z,3710.800958,8634729,1002881024,993636352
calibration-20260902-g,S1-50-r01,2026-09-01T15:49:08.418993854Z,3721.057103,8648357,1002881024,993636352
calibration-20260902-g,S1-50-r01,2026-09-01T15:49:08.428257413Z,3730.320662,8648663,1002881024,993419264
calibration-20260902-g,S1-50-r01,2026-09-01T15:49:08.438451054Z,3740.514304,8648838,1002881024,993419264
calibration-20260902-g,S1-50-r01,2026-09-01T15:49:08.448691292Z,3750.754542,8649099,1002881024,993419264
calibration-20260902-g,S1-50-r01,2026-09-01T15:49:08.458903463Z,3760.966711,8649283,1002881024,993419264
calibration-20260902-g,S1-50-r01,2026-09-01T15:49:08.46905496Z,3771.118210,8649462,1002881024,993239040
calibration-20260902-g,S1-50-r01,2026-09-01T15:49:08.478218757Z,3780.282007,8649613,1002881024,993239040
calibration-20260902-g,S1-50-r01,2026-09-01T15:49:08.488364978Z,3790.428232,8649798,1002881024,993239040
calibration-20260902-g,S1-50-r01,2026-09-01T15:49:08.498700366Z,3800.763616,8680946,954798080,945209344
calibration-20260902-g,S1-50-r01,2026-09-01T15:49:08.508917616Z,3810.980865,8734558,954798080,945209344
calibration-20260902-g,S1-50-r01,2026-09-01T15:49:08.519055266Z,3821.118516,8752845,954798080,945209344
calibration-20260902-g,S1-50-r01,2026-09-01T15:49:08.528240674Z,3830.303923,8753040,954798080,945115136
calibration-20260902-g,S1-50-r01,2026-09-01T15:49:08.538439977Z,3840.503226,8753237,954798080,945115136
calibration-20260902-g,S1-50-r01,2026-09-01T15:49:08.548577175Z,3850.640425,8753402,955027456,945115136
calibration-20260902-g,S1-50-r01,2026-09-01T15:49:08.55873196Z,3860.795209,8753584,955027456,945115136
calibration-20260902-g,S1-50-r01,2026-09-01T15:49:08.568904225Z,3870.967474,8753794,955027456,945115136
calibration-20260902-g,S1-50-r01,2026-09-01T15:49:08.579080495Z,3881.143744,8753980,955027456,945115136
calibration-20260902-g,S1-50-r01,2026-09-01T15:49:08.588304229Z,3890.367479,8754218,955027456,945115136
calibration-20260902-g,S1-50-r01,2026-09-01T15:49:08.598110714Z,3900.173963,8784833,910024704,899932160
calibration-20260902-g,S1-50-r01,2026-09-01T15:49:08.608370341Z,3910.433585,8823686,905703424,902123520
calibration-20260902-g,S1-50-r01,2026-09-01T15:49:08.618624184Z,3920.687433,8847672,898084864,887971840
calibration-20260902-g,S1-50-r01,2026-09-01T15:49:08.628848448Z,3930.911699,8847951,898084864,887877632
calibration-20260902-g,S1-50-r01,2026-09-01T15:49:08.638997243Z,3941.060492,8848121,898084864,887877632
calibration-20260902-g,S1-50-r01,2026-09-01T15:49:08.648179307Z,3950.242557,8848275,898084864,887877632
calibration-20260902-g,S1-50-r01,2026-09-01T15:49:08.658299373Z,3960.362622,8848412,898084864,888045568
calibration-20260902-g,S1-50-r01,2026-09-01T15:49:08.668556344Z,3970.619592,8848606,898084864,888045568
calibration-20260902-g,S1-50-r01,2026-09-01T15:49:08.678803452Z,3980.866728,8848898,898084864,888045568
calibration-20260902-g,S1-50-r01,2026-09-01T15:49:08.688084687Z,3990.147936,8849234,898084864,888045568
calibration-20260902-g,S1-50-r01,2026-09-01T15:49:08.69911005Z,4001.173300,8880139,907489280,897003520
calibration-20260902-g,S1-50-r01,2026-09-01T15:49:08.708251997Z,4010.315247,8916329,907489280,897003520
calibration-20260902-g,S1-50-r01,2026-09-01T15:49:08.718477222Z,4020.540471,8952169,907489280,897265664
calibration-20260902-g,S1-50-r01,2026-09-01T15:49:08.790135987Z,4092.199236,8952497,907718656,897527808
calibration-20260902-g,S1-50-r01,2026-09-01T15:49:08.79843075Z,4100.493999,8982246,907718656,897527808
calibration-20260902-g,S1-50-r01,2026-09-01T15:49:08.808364194Z,4110.427439,9018584,859930624,849674240
calibration-20260902-g,S1-50-r01,2026-09-01T15:49:08.818549952Z,4120.613201,9049841,859930624,849674240
calibration-20260902-g,S1-50-r01,2026-09-01T15:49:08.828772653Z,4130.835902,9050105,859930624,849580032
calibration-20260902-g,S1-50-r01,2026-09-01T15:49:08.839001961Z,4141.065211,9050319,859930624,849580032
calibration-20260902-g,S1-50-r01,2026-09-01T15:49:08.890101617Z,4192.164866,9050530,859930624,849580032
calibration-20260902-g,S1-50-r01,2026-09-01T15:49:08.898359031Z,4200.422280,9080590,872775680,862425088
calibration-20260902-g,S1-50-r01,2026-09-01T15:49:08.908571725Z,4210.634975,9116590,892043264,881823744
calibration-20260902-g,S1-50-r01,2026-09-01T15:49:08.918727134Z,4220.790384,9147942,892043264,881823744
calibration-20260902-g,S1-50-r01,2026-09-01T15:49:08.928897877Z,4230.961127,9148127,892043264,881823744
calibration-20260902-g,S1-50-r01,2026-09-01T15:49:08.939086021Z,4241.149271,9148367,892043264,881823744
calibration-20260902-g,S1-50-r01,2026-09-01T15:49:08.948271563Z,4250.334813,9148520,892043264,881823744
calibration-20260902-g,S1-50-r01,2026-09-01T15:49:08.958442189Z,4260.505438,9148738,892043264,881823744
calibration-20260902-g,S1-50-r01,2026-09-01T15:49:08.968648006Z,4270.711255,9148964,892043264,881823744
calibration-20260902-g,S1-50-r01,2026-09-01T15:49:08.978825877Z,4280.889150,9149189,892043264,881823744
calibration-20260902-g,S1-50-r01,2026-09-01T15:49:08.989087051Z,4291.150300,9149586,892043264,881823744
calibration-20260902-g,S1-50-r01,2026-09-01T15:49:08.998255435Z,4300.318685,9179668,907182080,896765952
calibration-20260902-g,S1-50-r01,2026-09-01T15:49:09.008429904Z,4310.493154,9218820,908328960,898076672
calibration-20260902-g,S1-50-r01,2026-09-01T15:49:09.090087198Z,4392.150447,9252085,908328960,898076672
calibration-20260902-g,S1-50-r01,2026-09-01T15:49:09.098241342Z,4400.304591,9284062,908328960,898076672
calibration-20260902-g,S1-50-r01,2026-09-01T15:49:09.108464925Z,4410.528174,9318270,917962752,907776000
calibration-20260902-g,S1-50-r01,2026-09-01T15:49:09.118715876Z,4420.779125,9349755,925532160,915640320
calibration-20260902-g,S1-50-r01,2026-09-01T15:49:09.128906321Z,4430.969570,9349958,925532160,915640320
calibration-20260902-g,S1-50-r01,2026-09-01T15:49:09.138081059Z,4440.144309,9350207,925532160,915640320
calibration-20260902-g,S1-50-r01,2026-09-01T15:49:09.148231395Z,4450.294646,9350367,925532160,915640320
calibration-20260902-g,S1-50-r01,2026-09-01T15:49:09.158360371Z,4460.423621,9350541,925532160,915640320
calibration-20260902-g,S1-50-r01,2026-09-01T15:49:09.16851842Z,4470.581670,9350654,925532160,915640320
calibration-20260902-g,S1-50-r01,2026-09-01T15:49:09.178671618Z,4480.734867,9350806,925532160,915640320
calibration-20260902-g,S1-50-r01,2026-09-01T15:49:09.188830237Z,4490.893486,9350985,925532160,915640320
calibration-20260902-g,S1-50-r01,2026-09-01T15:49:09.199015511Z,4501.078761,9381139,941359104,931368960
calibration-20260902-g,S1-50-r01,2026-09-01T15:49:09.208249874Z,4510.313123,9417288,958332928,948146176
calibration-20260902-g,S1-50-r01,2026-09-01T15:49:09.218412666Z,4520.475910,9453344,958562304,948146176
calibration-20260902-g,S1-50-r01,2026-09-01T15:49:09.228639411Z,4530.702660,9453657,958562304,948146176
calibration-20260902-g,S1-50-r01,2026-09-01T15:49:09.238870357Z,4540.933606,9453816,958562304,948146176
calibration-20260902-g,S1-50-r01,2026-09-01T15:49:09.24899347Z,4551.056720,9454014,958562304,948404224
calibration-20260902-g,S1-50-r01,2026-09-01T15:49:09.258169379Z,4560.232629,9454144,958562304,948404224
calibration-20260902-g,S1-50-r01,2026-09-01T15:49:09.290146772Z,4592.210022,9454321,958562304,948404224
calibration-20260902-g,S1-50-r01,2026-09-01T15:49:09.298369629Z,4600.432878,9485985,965672960,956268544
calibration-20260902-g,S1-50-r01,2026-09-01T15:49:09.30868808Z,4610.751330,9538697,983334912,973307904
calibration-20260902-g,S1-50-r01,2026-09-01T15:49:09.318931348Z,4620.994597,9552335,983334912,973307904
calibration-20260902-g,S1-50-r01,2026-09-01T15:49:09.329069939Z,4631.133188,9552554,983334912,973307904
calibration-20260902-g,S1-50-r01,2026-09-01T15:49:09.338230716Z,4640.293965,9552732,983334912,973307904
calibration-20260902-g,S1-50-r01,2026-09-01T15:49:09.348409962Z,4650.473212,9552927,983334912,973307904
calibration-20260902-g,S1-50-r01,2026-09-01T15:49:09.35857147Z,4660.634719,9553115,983334912,973307904
calibration-20260902-g,S1-50-r01,2026-09-01T15:49:09.368777682Z,4670.840931,9553310,983334912,973307904
calibration-20260902-g,S1-50-r01,2026-09-01T15:49:09.378940177Z,4681.003426,9553506,983564288,973307904
calibration-20260902-g,S1-50-r01,2026-09-01T15:49:09.388110795Z,4690.174045,9553679,983564288,973307904
calibration-20260902-g,S1-50-r01,2026-09-01T15:49:09.398324518Z,4700.387768,9583832,995950592,985890816
calibration-20260902-g,S1-50-r01,2026-09-01T15:49:09.408491245Z,4710.554489,9620898,1007878144,997945344
calibration-20260902-g,S1-50-r01,2026-09-01T15:49:09.418712395Z,4720.775645,9651404,1007878144,997945344
calibration-20260902-g,S1-50-r01,2026-09-01T15:49:09.428841016Z,4730.904266,9651677,1007878144,997912576
calibration-20260902-g,S1-50-r01,2026-09-01T15:49:09.438996505Z,4741.059754,9651871,1007878144,997912576
calibration-20260902-g,S1-50-r01,2026-09-01T15:49:09.448184057Z,4750.247306,9652001,1007878144,997396480
calibration-20260902-g,S1-50-r01,2026-09-01T15:49:09.458363982Z,4760.427232,9652121,1007878144,997396480
calibration-20260902-g,S1-50-r01,2026-09-01T15:49:09.468562766Z,4770.626015,9652276,1007878144,997392384
calibration-20260902-g,S1-50-r01,2026-09-01T15:49:09.478717974Z,4780.781224,9652394,1007878144,997654528
calibration-20260902-g,S1-50-r01,2026-09-01T15:49:09.488903248Z,4790.966492,9652525,1007878144,997654528
calibration-20260902-g,S1-50-r01,2026-09-01T15:49:09.499109538Z,4801.172787,9682443,1008336896,997937152
calibration-20260902-g,S1-50-r01,2026-09-01T15:49:09.508365022Z,4810.428272,9718329,1009025024,998453248
calibration-20260902-g,S1-50-r01,2026-09-01T15:49:09.518663639Z,4820.726889,9749756,1009025024,998453248
calibration-20260902-g,S1-50-r01,2026-09-01T15:49:09.52888241Z,4830.945660,9750019,1009025024,998453248
calibration-20260902-g,S1-50-r01,2026-09-01T15:49:09.539093633Z,4841.156883,9750273,1009025024,998453248
calibration-20260902-g,S1-50-r01,2026-09-01T15:49:09.548252519Z,4850.315769,9750407,1009025024,998453248
calibration-20260902-g,S1-50-r01,2026-09-01T15:49:09.558457956Z,4860.521206,9750579,1009025024,998453248
calibration-20260902-g,S1-50-r01,2026-09-01T15:49:09.568608635Z,4870.671884,9750771,1009025024,998453248
calibration-20260902-g,S1-50-r01,2026-09-01T15:49:09.578774938Z,4880.838188,9750983,1009025024,998453248
calibration-20260902-g,S1-50-r01,2026-09-01T15:49:09.588898938Z,4890.962188,9751183,1009025024,998453248
calibration-20260902-g,S1-50-r01,2026-09-01T15:49:09.599110653Z,4901.173897,9781424,1009025024,998453248
calibration-20260902-g,S1-50-r01,2026-09-01T15:49:09.608321812Z,4910.385062,9817666,1010630656,1000288256
calibration-20260902-g,S1-50-r01,2026-09-01T15:49:09.618533903Z,4920.597152,9849901,1010630656,1000288256
calibration-20260902-g,S1-50-r01,2026-09-01T15:49:09.690098184Z,4992.161433,9850499,1010630656,1000333312
calibration-20260902-g,S1-50-r01,2026-09-01T15:49:09.698132551Z,5000.195801,9881239,982446080,972189696
calibration-20260902-g,S1-50-r01,2026-09-01T15:49:09.708215102Z,5010.278351,9918106,1010888704,1000693760
calibration-20260902-g,S1-50-r01,2026-09-01T15:49:09.718374032Z,5020.437281,9953916,1010888704,1000955904
calibration-20260902-g,S1-50-r01,2026-09-01T15:49:09.728507796Z,5030.571044,9954101,1010888704,1000861696
calibration-20260902-g,S1-50-r01,2026-09-01T15:49:09.738683532Z,5040.746776,9954268,1010888704,1000611840
calibration-20260902-g,S1-50-r01,2026-09-01T15:49:09.748825182Z,5050.888432,9954352,1010888704,1000714240
calibration-20260902-g,S1-50-r01,2026-09-01T15:49:09.75900372Z,5061.066965,9954443,1010888704,1000714240
calibration-20260902-g,S1-50-r01,2026-09-01T15:49:09.768202135Z,5070.265379,9954584,1010888704,1000718336
calibration-20260902-g,S1-50-r01,2026-09-01T15:49:09.778380605Z,5080.443849,9954677,1010888704,1000718336
calibration-20260902-g,S1-50-r01,2026-09-01T15:49:09.788548007Z,5090.611258,9954784,1011118080,1000718336
calibration-20260902-g,S1-50-r01,2026-09-01T15:49:09.798727463Z,5100.790712,9985082,1011118080,1000718336
calibration-20260902-g,S1-50-r01,2026-09-01T15:49:09.808975699Z,5111.038948,10038697,1011118080,1000718336
calibration-20260902-g,S1-50-r01,2026-09-01T15:49:09.818114043Z,5120.177293,10052303,1011118080,1000980480
calibration-20260902-g,S1-50-r01,2026-09-01T15:49:09.828297461Z,5130.360711,10052484,1011118080,1000980480
calibration-20260902-g,S1-50-r01,2026-09-01T15:49:09.838515068Z,5140.578317,10052692,1011118080,1000996864
calibration-20260902-g,S1-50-r01,2026-09-01T15:49:09.797903188Z,5150.717084,10052964,1011118080,1000476672
calibration-20260902-g,S1-50-r01,2026-09-01T15:49:09.808085597Z,5160.899492,10053112,1011118080,1000476672
calibration-20260902-g,S1-50-r01,2026-09-01T15:49:09.818244744Z,5171.058640,10053287,1011118080,1000476672
calibration-20260902-g,S1-50-r01,2026-09-01T15:49:09.827439205Z,5180.253100,10053463,1011118080,1000476672
calibration-20260902-g,S1-50-r01,2026-09-01T15:49:09.83764523Z,5190.459126,10053651,1011118080,1000476672
calibration-20260902-g,S1-50-r01,2026-09-01T15:49:09.847352503Z,5200.166399,10083857,963342336,952729600
calibration-20260902-g,S1-50-r01,2026-09-01T15:49:09.857500596Z,5210.314492,10119681,963342336,952729600
calibration-20260902-g,S1-50-r01,2026-09-01T15:49:09.867671656Z,5220.485552,10151015,963342336,952639488
calibration-20260902-g,S1-50-r01,2026-09-01T15:49:09.877865313Z,5230.679209,10151174,963342336,952639488
calibration-20260902-g,S1-50-r01,2026-09-01T15:49:09.888066103Z,5240.879997,10151334,963342336,952504320
calibration-20260902-g,S1-50-r01,2026-09-01T15:49:09.898245375Z,5251.059270,10151495,963342336,952766464
calibration-20260902-g,S1-50-r01,2026-09-01T15:49:09.907418931Z,5260.232827,10151638,963342336,952766464
calibration-20260902-g,S1-50-r01,2026-09-01T15:49:09.917602116Z,5270.416012,10151760,963342336,952766464
calibration-20260902-g,S1-50-r01,2026-09-01T15:49:09.927795613Z,5280.609509,10151908,963342336,952766464
calibration-20260902-g,S1-50-r01,2026-09-01T15:49:09.937968599Z,5290.782494,10152036,963342336,952766464
calibration-20260902-g,S1-50-r01,2026-09-01T15:49:09.948195149Z,5301.009071,10181961,963342336,952766464
calibration-20260902-g,S1-50-r01,2026-09-01T15:49:09.957501191Z,5310.315087,10217882,963342336,952766464
calibration-20260902-g,S1-50-r01,2026-09-01T15:49:09.967596843Z,5320.410734,10249681,963571712,952766464
calibration-20260902-g,S1-50-r01,2026-09-01T15:49:09.977776775Z,5330.590671,10249831,963571712,952766464
calibration-20260902-g,S1-50-r01,2026-09-01T15:49:09.987941598Z,5340.755494,10249980,963571712,952803328
calibration-20260902-g,S1-50-r01,2026-09-01T15:49:09.998111232Z,5350.925127,10250187,963571712,952803328
calibration-20260902-g,S1-50-r01,2026-09-01T15:49:10.008245854Z,5361.059748,10250349,963571712,952803328
calibration-20260902-g,S1-50-r01,2026-09-01T15:49:13.423644376Z,5392.129668,10250746,963571712,952827904
calibration-20260902-g,S1-50-r01,2026-09-01T15:49:13.431792181Z,5400.277474,10280579,963801088,952827904
calibration-20260902-g,S1-50-r01,2026-09-01T15:49:13.44194587Z,5410.431162,10320007,966782976,956235776
calibration-20260902-g,S1-50-r01,2026-09-01T15:49:13.452583038Z,5421.068325,10348326,929607680,919150592
calibration-20260902-g,S1-50-r01,2026-09-01T15:49:13.461762089Z,5430.247383,10348446,929607680,919150592
calibration-20260902-g,S1-50-r01,2026-09-01T15:49:13.471913167Z,5440.398460,10348622,929607680,918810624
calibration-20260902-g,S1-50-r01,2026-09-01T15:49:13.523667598Z,5492.152893,10348758,930295808,919597056
calibration-20260902-g,S1-50-r01,2026-09-01T15:49:13.53190399Z,5500.389283,10379298,964243456,953413632
calibration-20260902-g,S1-50-r01,2026-09-01T15:49:13.54212786Z,5510.613151,10417188,981217280,970452992
calibration-20260902-g,S1-50-r01,2026-09-01T15:49:13.552379628Z,5520.864920,10451651,981446656,970715136
calibration-20260902-g,S1-50-r01,2026-09-01T15:49:13.56252881Z,5531.014102,10451916,981446656,970715136
calibration-20260902-g,S1-50-r01,2026-09-01T15:49:13.571767712Z,5540.253004,10452152,981446656,970711040
calibration-20260902-g,S1-50-r01,2026-09-01T15:49:13.581940402Z,5550.425694,10452297,981446656,970711040
calibration-20260902-g,S1-50-r01,2026-09-01T15:49:13.592087219Z,5560.572512,10452478,981446656,970973184
calibration-20260902-g,S1-50-r01,2026-09-01T15:49:13.602284764Z,5570.770051,10452653,981446656,970973184
calibration-20260902-g,S1-50-r01,2026-09-01T15:49:13.612419915Z,5580.905207,10452837,981446656,970973184
calibration-20260902-g,S1-50-r01,2026-09-01T15:49:13.622529286Z,5591.014579,10452975,981446656,970973184
calibration-20260902-g,S1-50-r01,2026-09-01T15:49:13.631646242Z,5600.131529,10484462,994750464,984342528
calibration-20260902-g,S1-50-r01,2026-09-01T15:49:13.641929229Z,5610.414548,10519660,1001402368,991580160
calibration-20260902-g,S1-50-r01,2026-09-01T15:49:13.652121469Z,5620.606761,10551430,1008742400,998920192
calibration-20260902-g,S1-50-r01,2026-09-01T15:49:13.662365625Z,5630.850918,10551705,1008742400,998490112
calibration-20260902-g,S1-50-r01,2026-09-01T15:49:13.672573563Z,5641.058856,10551912,1008742400,998490112
calibration-20260902-g,S1-50-r01,2026-09-01T15:49:13.681757087Z,5650.242379,10552067,1008742400,998490112
calibration-20260902-g,S1-50-r01,2026-09-01T15:49:13.723674282Z,5692.159575,10552412,1008971776,998752256
calibration-20260902-g,S1-50-r01,2026-09-01T15:49:13.731889264Z,5700.374556,10582644,1021587456,1011073024
calibration-20260902-g,S1-50-r01,2026-09-01T15:49:13.742100427Z,5710.585720,10618656,1036267520,1025753088
calibration-20260902-g,S1-50-r01,2026-09-01T15:49:13.752356018Z,5720.841310,10649982,1036267520,1026015232
calibration-20260902-g,S1-50-r01,2026-09-01T15:49:13.762531661Z,5731.016953,10650142,1036496896,1025785856
calibration-20260902-g,S1-50-r01,2026-09-01T15:49:13.772680899Z,5741.166190,10650279,1036496896,1025785856
calibration-20260902-g,S1-50-r01,2026-09-01T15:49:13.781852578Z,5750.337871,10650384,1036496896,1025785856
calibration-20260902-g,S1-50-r01,2026-09-01T15:49:13.79199261Z,5760.477903,10650511,1036496896,1025785856
calibration-20260902-g,S1-50-r01,2026-09-01T15:49:13.802210607Z,5770.695900,10650694,1036496896,1026048000
calibration-20260902-g,S1-50-r01,2026-09-01T15:49:13.812417985Z,5780.903276,10650892,1036496896,1025781760
calibration-20260902-g,S1-50-r01,2026-09-01T15:49:13.822578866Z,5791.064159,10651042,1036496896,1026043904
calibration-20260902-g,S1-50-r01,2026-09-01T15:49:13.831763062Z,5800.248442,10680960,1043148800,1032859648
calibration-20260902-g,S1-50-r01,2026-09-01T15:49:13.842046904Z,5810.532196,10716941,1043378176,1033383936
calibration-20260902-g,S1-50-r01,2026-09-01T15:49:13.852273298Z,5820.758591,10743932,1045901312,1036005376
calibration-20260902-g,S1-50-r01,2026-09-01T15:49:13.862470626Z,5830.955917,10744149,1045901312,1036005376
calibration-20260902-g,S1-50-r01,2026-09-01T15:49:13.923675159Z,5892.160452,10744515,1045901312,1036267520
calibration-20260902-g,S1-50-r01,2026-09-01T15:49:13.931920398Z,5900.405690,10774724,1056911360,1047277568
calibration-20260902-g,S1-50-r01,2026-09-01T15:49:13.942163689Z,5910.648981,10810748,1072508928,1062739968
calibration-20260902-g,S1-50-r01,2026-09-01T15:49:13.952378562Z,5920.863854,10851161,1077784576,1068244992
calibration-20260902-g,S1-50-r01,2026-09-01T15:49:13.96254101Z,5931.026302,10851357,1077784576,1068244992
calibration-20260902-g,S1-50-r01,2026-09-01T15:49:13.971731729Z,5940.217021,10851525,1077784576,1068244992
calibration-20260902-g,S1-50-r01,2026-09-01T15:49:13.981923334Z,5950.408627,10851680,1077784576,1068244992
calibration-20260902-g,S1-50-r01,2026-09-01T15:49:13.992077989Z,5960.563281,10851816,1077784576,1068244992
calibration-20260902-g,S1-50-r01,2026-09-01T15:49:14.002291131Z,5970.776424,10851999,1077784576,1068244992
calibration-20260902-g,S1-50-r01,2026-09-01T15:49:14.012503157Z,5980.988450,10852162,1077784576,1068244992
calibration-20260902-g,S1-50-r01,2026-09-01T15:49:14.022637253Z,5991.122545,10852282,1077784576,1068244992
calibration-20260902-g,S1-50-r01,2026-09-01T15:49:14.031758132Z,6000.243424,10882554,1089253376,1079779328
calibration-20260902-g,S1-50-r01,2026-09-01T15:49:14.04211846Z,6010.603776,10918590,1091776512,1082400768
calibration-20260902-g,S1-50-r01,2026-09-01T15:49:14.052470419Z,6020.955712,10950220,1091776512,1082400768
calibration-20260902-g,S1-50-r01,2026-09-01T15:49:14.062639677Z,6031.124969,10950453,1091776512,1082400768
calibration-20260902-g,S1-50-r01,2026-09-01T15:49:14.071812489Z,6040.297781,10950621,1091776512,1082400768
calibration-20260902-g,S1-50-r01,2026-09-01T15:49:14.081935693Z,6050.420985,10950764,1091776512,1082400768
calibration-20260902-g,S1-50-r01,2026-09-01T15:49:14.092091072Z,6060.576364,10950942,1091776512,1082400768
calibration-20260902-g,S1-50-r01,2026-09-01T15:49:14.102302435Z,6070.787727,10951153,1091776512,1082400768
calibration-20260902-g,S1-50-r01,2026-09-01T15:49:14.112453727Z,6080.939019,10951325,1091776512,1082400768
calibration-20260902-g,S1-50-r01,2026-09-01T15:49:14.122604824Z,6091.090117,10951503,1091776512,1082400768
calibration-20260902-g,S1-50-r01,2026-09-01T15:49:14.131776667Z,6100.261954,10981809,1092464640,1082662912
calibration-20260902-g,S1-50-r01,2026-09-01T15:49:14.141980006Z,6110.465299,11017705,1092464640,1082662912
calibration-20260902-g,S1-50-r01,2026-09-01T15:49:14.152205644Z,6120.690935,11047497,1092464640,1082662912
calibration-20260902-g,S1-50-r01,2026-09-01T15:49:14.162366186Z,6130.851478,11047678,1092464640,1082662912
calibration-20260902-g,S1-50-r01,2026-09-01T15:49:14.172531189Z,6141.016482,11047857,1092464640,1082662912
calibration-20260902-g,S1-50-r01,2026-09-01T15:49:14.182679486Z,6151.164778,11048001,1092464640,1082662912
calibration-20260902-g,S1-50-r01,2026-09-01T15:49:14.191842713Z,6160.328006,11048134,1092464640,1082662912
calibration-20260902-g,S1-50-r01,2026-09-01T15:49:14.201980358Z,6170.465650,11048240,1092464640,1082662912
calibration-20260902-g,S1-50-r01,2026-09-01T15:49:14.212178157Z,6180.663448,11048365,1092464640,1082662912
calibration-20260902-g,S1-50-r01,2026-09-01T15:49:14.222309503Z,6190.794796,11048478,1092464640,1082662912
calibration-20260902-g,S1-50-r01,2026-09-01T15:49:14.232460381Z,6200.945669,11078943,1067986944,1058091008
calibration-20260902-g,S1-50-r01,2026-09-01T15:49:14.242175718Z,6210.661012,11115280,1098952704,1088954368
calibration-20260902-g,S1-50-r01,2026-09-01T15:49:14.252474062Z,6220.959354,11147601,1108357120,1098391552
calibration-20260902-g,S1-50-r01,2026-09-01T15:49:14.262641799Z,6231.127091,11147813,1108357120,1098321920
calibration-20260902-g,S1-50-r01,2026-09-01T15:49:14.271806154Z,6240.291447,11147978,1108357120,1098321920
calibration-20260902-g,S1-50-r01,2026-09-01T15:49:14.28199562Z,6250.480912,11148134,1108357120,1098321920
calibration-20260902-g,S1-50-r01,2026-09-01T15:49:14.292172518Z,6260.657811,11148317,1108357120,1098321920
calibration-20260902-g,S1-50-r01,2026-09-01T15:49:14.302413851Z,6270.899143,11148576,1108357120,1098321920
calibration-20260902-g,S1-50-r01,2026-09-01T15:49:14.312570088Z,6281.055375,11148800,1108357120,1098321920
calibration-20260902-g,S1-50-r01,2026-09-01T15:49:14.321659995Z,6290.145281,11148875,1108357120,1098321920
calibration-20260902-g,S1-50-r01,2026-09-01T15:49:14.33231914Z,6300.804435,11179621,1060511744,1050476544
calibration-20260902-g,S1-50-r01,2026-09-01T15:49:14.3425777Z,6311.062992,11233393,1060511744,1050382336
calibration-20260902-g,S1-50-r01,2026-09-01T15:49:14.351865995Z,6320.351288,11251462,1060511744,1050382336
calibration-20260902-g,S1-50-r01,2026-09-01T15:49:14.36207195Z,6330.557243,11251643,1060511744,1050382336
calibration-20260902-g,S1-50-r01,2026-09-01T15:49:14.372229444Z,6340.714735,11251818,1060511744,1050382336
calibration-20260902-g,S1-50-r01,2026-09-01T15:49:14.382385206Z,6350.870498,11251983,1060511744,1050382336
calibration-20260902-g,S1-50-r01,2026-09-01T15:49:14.423653196Z,6392.138488,11252406,1060511744,1050382336
calibration-20260902-g,S1-50-r01,2026-09-01T15:49:14.431833323Z,6400.318624,11282520,1060511744,1050382336
calibration-20260902-g,S1-50-r01,2026-09-01T15:49:14.4420146Z,6410.499892,11318350,1060511744,1050382336
calibration-20260902-g,S1-50-r01,2026-09-01T15:49:14.452173388Z,6420.658681,11346797,1060511744,1050382336
calibration-20260902-g,S1-50-r01,2026-09-01T15:49:14.462441882Z,6430.927175,11347094,1060511744,1050382336
calibration-20260902-g,S1-50-r01,2026-09-01T15:49:14.472654411Z,6441.139704,11347299,1060511744,1050382336
calibration-20260902-g,S1-50-r01,2026-09-01T15:49:14.481824184Z,6450.309476,11347506,1060511744,1050640384
calibration-20260902-g,S1-50-r01,2026-09-01T15:49:14.491969059Z,6460.454351,11347639,1060511744,1050386432
calibration-20260902-g,S1-50-r01,2026-09-01T15:49:14.502145999Z,6470.631293,11347768,1060511744,1050386432
calibration-20260902-g,S1-50-r01,2026-09-01T15:49:14.512344202Z,6480.829494,11347920,1060511744,1050386432
calibration-20260902-g,S1-50-r01,2026-09-01T15:49:14.522522164Z,6491.007458,11348057,1060511744,1050386432
calibration-20260902-g,S1-50-r01,2026-09-01T15:49:14.532618075Z,6501.103367,11379028,955961344,945975296
calibration-20260902-g,S1-50-r01,2026-09-01T15:49:14.541883854Z,6510.369171,11414788,955961344,945860608
calibration-20260902-g,S1-50-r01,2026-09-01T15:49:14.552169331Z,6520.654623,11450806,955961344,945770496
calibration-20260902-g,S1-50-r01,2026-09-01T15:49:14.562337654Z,6530.822946,11450972,955961344,945770496
calibration-20260902-g,S1-50-r01,2026-09-01T15:49:14.572543885Z,6541.029177,11451151,955961344,945770496
calibration-20260902-g,S1-50-r01,2026-09-01T15:49:14.582650933Z,6551.136225,11451299,955961344,945770496
calibration-20260902-g,S1-50-r01,2026-09-01T15:49:14.59186498Z,6560.350272,11451510,955961344,945770496
calibration-20260902-g,S1-50-r01,2026-09-01T15:49:14.602099323Z,6570.584615,11451728,955961344,945770496
calibration-20260902-g,S1-50-r01,2026-09-01T15:49:14.61229847Z,6580.783766,11451858,955961344,945770496
calibration-20260902-g,S1-50-r01,2026-09-01T15:49:14.622466117Z,6590.951404,11451968,955961344,945770496
calibration-20260902-g,S1-50-r01,2026-09-01T15:49:14.63271559Z,6601.200910,11481808,955961344,945729536
calibration-20260902-g,S1-50-r01,2026-09-01T15:49:14.642232333Z,6610.717624,11535840,956190720,946253824
calibration-20260902-g,S1-50-r01,2026-09-01T15:49:14.723657348Z,6692.142640,11543850,956190720,946159616
calibration-20260902-g,S1-50-r01,2026-09-01T15:49:14.731875631Z,6700.360924,11573854,956190720,946159616
calibration-20260902-g,S1-50-r01,2026-09-01T15:49:14.742041651Z,6710.526956,11617462,919941120,910225408
calibration-20260902-g,S1-50-r01,2026-09-01T15:49:14.752548891Z,6721.034183,11642826,935079936,925097984
calibration-20260902-g,S1-50-r01,2026-09-01T15:49:14.761740646Z,6730.225938,11643010,935079936,925097984
calibration-20260902-g,S1-50-r01,2026-09-01T15:49:14.771866235Z,6740.351529,11643189,935079936,924766208
calibration-20260902-g,S1-50-r01,2026-09-01T15:49:14.782008437Z,6750.493729,11643343,935309312,924766208
calibration-20260902-g,S1-50-r01,2026-09-01T15:49:14.79220809Z,6760.693383,11643532,935309312,924766208
calibration-20260902-g,S1-50-r01,2026-09-01T15:49:14.802342598Z,6770.827890,11643669,935309312,924766208
calibration-20260902-g,S1-50-r01,2026-09-01T15:49:14.812542623Z,6781.027916,11643887,935309312,924766208
calibration-20260902-g,S1-50-r01,2026-09-01T15:49:14.821746321Z,6790.231613,11644103,935309312,924766208
calibration-20260902-g,S1-50-r01,2026-09-01T15:49:14.831943796Z,6800.429088,11674235,950906880,940490752
calibration-20260902-g,S1-50-r01,2026-09-01T15:49:14.842176752Z,6810.662039,11710373,957329408,947044352
calibration-20260902-g,S1-50-r01,2026-09-01T15:49:14.852453132Z,6820.938425,11750684,957329408,947044352
calibration-20260902-g,S1-50-r01,2026-09-01T15:49:14.862629255Z,6831.114547,11750950,957329408,947044352
calibration-20260902-g,S1-50-r01,2026-09-01T15:49:14.87183354Z,6840.318834,11751178,957329408,947044352
calibration-20260902-g,S1-50-r01,2026-09-01T15:49:14.882038004Z,6850.523297,11751337,957329408,947044352
calibration-20260902-g,S1-50-r01,2026-09-01T15:49:14.892250085Z,6860.735373,11751556,957329408,947044352
calibration-20260902-g,S1-50-r01,2026-09-01T15:49:14.902414546Z,6870.899839,11751661,957329408,947044352
calibration-20260902-g,S1-50-r01,2026-09-01T15:49:14.912576326Z,6881.061618,11751746,957329408,947044352
calibration-20260902-g,S1-50-r01,2026-09-01T15:49:14.921669619Z,6890.154906,11751803,957329408,947044352
calibration-20260902-g,S1-50-r01,2026-09-01T15:49:14.931827426Z,6900.312719,11781650,960081920,949940224
calibration-20260902-g,S1-50-r01,2026-09-01T15:49:14.942093203Z,6910.578495,11817757,978432000,968290304
calibration-20260902-g,S1-50-r01,2026-09-01T15:49:14.952314554Z,6920.799846,11849213,978432000,968552448
calibration-20260902-g,S1-50-r01,2026-09-01T15:49:14.962524818Z,6931.010110,11849495,978432000,968552448
calibration-20260902-g,S1-50-r01,2026-09-01T15:49:14.972684173Z,6941.169465,11849748,978432000,968552448
calibration-20260902-g,S1-50-r01,2026-09-01T15:49:14.981863793Z,6950.349086,11849939,978432000,968552448
calibration-20260902-g,S1-50-r01,2026-09-01T15:49:14.992065756Z,6960.551048,11850104,978432000,968552448
calibration-20260902-g,S1-50-r01,2026-09-01T15:49:15.002227963Z,6970.713261,11850245,978432000,968552448
calibration-20260902-g,S1-50-r01,2026-09-01T15:49:15.012433198Z,6980.918491,11850445,978432000,968552448
calibration-20260902-g,S1-50-r01,2026-09-01T15:49:15.022578929Z,6991.064222,11850640,978432000,968552448
calibration-20260902-g,S1-50-r01,2026-09-01T15:49:15.031694034Z,7000.179326,11880497,994029568,984018944
calibration-20260902-g,S1-50-r01,2026-09-01T15:49:15.041908972Z,7010.394259,11917220,1005498368,995528704
calibration-20260902-g,S1-50-r01,2026-09-01T15:49:15.052194559Z,7020.679851,11948240,1005498368,995528704
calibration-20260902-g,S1-50-r01,2026-09-01T15:49:15.062415656Z,7030.900948,11948464,1005498368,995528704
calibration-20260902-g,S1-50-r01,2026-09-01T15:49:15.072597701Z,7041.082988,11948712,1005498368,995528704
calibration-20260902-g,S1-50-r01,2026-09-01T15:49:15.081731039Z,7050.216332,11948775,1005498368,995528704
calibration-20260902-g,S1-50-r01,2026-09-01T15:49:15.091842008Z,7060.327301,11948839,1005498368,995528704
calibration-20260902-g,S1-50-r01,2026-09-01T15:49:15.101985463Z,7070.470750,11948915,1005498368,995528704
calibration-20260902-g,S1-50-r01,2026-09-01T15:49:15.112154992Z,7080.640285,11949000,1005498368,995528704
calibration-20260902-g,S1-50-r01,2026-09-01T15:49:15.122279026Z,7090.764313,11949058,1005727744,995528704
calibration-20260902-g,S1-50-r01,2026-09-01T15:49:15.132461046Z,7100.946337,11979039,1005727744,995528704
calibration-20260902-g,S1-50-r01,2026-09-01T15:49:15.142695026Z,7111.180318,12032643,1005727744,995528704
calibration-20260902-g,S1-50-r01,2026-09-01T15:49:15.151894005Z,7120.379297,12050695,1011003392,1000767488
calibration-20260902-g,S1-50-r01,2026-09-01T15:49:15.162126718Z,7130.612010,12050934,1011003392,1000767488
calibration-20260902-g,S1-50-r01,2026-09-01T15:49:15.172304181Z,7140.789473,12051137,1011003392,1000767488
calibration-20260902-g,S1-50-r01,2026-09-01T15:49:15.182476807Z,7150.962100,12051361,1011003392,1000767488
calibration-20260902-g,S1-50-r01,2026-09-01T15:49:15.192652071Z,7161.137364,12051571,1011232768,1000767488
calibration-20260902-g,S1-50-r01,2026-09-01T15:49:15.201805111Z,7170.290404,12051726,1011232768,1000767488
calibration-20260902-g,S1-50-r01,2026-09-01T15:49:15.212007937Z,7180.493231,12051894,1011232768,1000767488
calibration-20260902-g,S1-50-r01,2026-09-01T15:49:15.222140718Z,7190.626011,12052043,1011232768,1000767488
calibration-20260902-g,S1-50-r01,2026-09-01T15:49:15.231746301Z,7200.231592,12082212,1025912832,1015447552
calibration-20260902-g,S1-50-r01,2026-09-01T15:49:15.24197363Z,7210.458923,12118465,1044262912,1034317824
calibration-20260902-g,S1-50-r01,2026-09-01T15:49:15.323715273Z,7292.200565,12150166,1044951040,1034575872
calibration-20260902-g,S1-50-r01,2026-09-01T15:49:15.331953099Z,7300.438392,12180410,1054355456,1044275200
calibration-20260902-g,S1-50-r01,2026-09-01T15:49:15.342220703Z,7310.705990,12234435,1054355456,1044275200
calibration-20260902-g,S1-50-r01,2026-09-01T15:49:15.352464672Z,7320.949959,12245596,1054355456,1044275200
calibration-20260902-g,S1-50-r01,2026-09-01T15:49:15.362626404Z,7331.111696,12245816,1054355456,1044275200
calibration-20260902-g,S1-50-r01,2026-09-01T15:49:15.371788278Z,7340.273570,12246022,1054355456,1044275200
calibration-20260902-g,S1-50-r01,2026-09-01T15:49:15.382000239Z,7350.485531,12246238,1054355456,1044201472
calibration-20260902-g,S1-50-r01,2026-09-01T15:49:15.392199738Z,7360.685030,12246426,1054355456,1044463616
calibration-20260902-g,S1-50-r01,2026-09-01T15:49:15.402393583Z,7370.878877,12246611,1054355456,1044463616
calibration-20260902-g,S1-50-r01,2026-09-01T15:49:15.412579455Z,7381.064748,12246788,1054355456,1044463616
calibration-20260902-g,S1-50-r01,2026-09-01T15:49:15.422665259Z,7391.150551,12246950,1054355456,1044463616
calibration-20260902-g,S1-50-r01,2026-09-01T15:49:15.431839711Z,7400.325029,12277010,1054355456,1044463616
calibration-20260902-g,S1-50-r01,2026-09-01T15:49:15.441792773Z,7410.278067,12314184,1013817344,1003687936
calibration-20260902-g,S1-50-r01,2026-09-01T15:49:15.452244715Z,7420.730007,12345735,1014046720,1003950080
calibration-20260902-g,S1-50-r01,2026-09-01T15:49:15.462484935Z,7430.970227,12345971,1014046720,1003925504
calibration-20260902-g,S1-50-r01,2026-09-01T15:49:15.471658828Z,7440.144120,12346154,1014046720,1003925504
calibration-20260902-g,S1-50-r01,2026-09-01T15:49:15.481799252Z,7450.284544,12346308,1014046720,1003839488
calibration-20260902-g,S1-50-r01,2026-09-01T15:49:15.49194711Z,7460.432403,12346490,1014046720,1004101632
calibration-20260902-g,S1-50-r01,2026-09-01T15:49:15.502117506Z,7470.602799,12346681,1014046720,1004101632
calibration-20260902-g,S1-50-r01,2026-09-01T15:49:15.512309635Z,7480.794923,12346909,1014046720,1004101632
calibration-20260902-g,S1-50-r01,2026-09-01T15:49:15.52254232Z,7491.027606,12347069,1014046720,1004240896
calibration-20260902-g,S1-50-r01,2026-09-01T15:49:15.532256662Z,7500.741955,12378384,978026496,968716288
calibration-20260902-g,S1-50-r01,2026-09-01T15:49:15.542456819Z,7510.942111,12432201,981925888,972443648
calibration-20260902-g,S1-50-r01,2026-09-01T15:49:15.551671892Z,7520.157186,12450257,982155264,972443648
calibration-20260902-g,S1-50-r01,2026-09-01T15:49:15.561851752Z,7530.337044,12450486,982384640,972443648
calibration-20260902-g,S1-50-r01,2026-09-01T15:49:15.572072781Z,7540.558074,12450664,982384640,972705792
calibration-20260902-g,S1-50-r01,2026-09-01T15:49:15.62367571Z,7592.161003,12451004,982384640,972705792
calibration-20260902-g,S1-50-r01,2026-09-01T15:49:15.631925473Z,7600.410766,12480797,982384640,972705792
calibration-20260902-g,S1-50-r01,2026-09-01T15:49:15.642218476Z,7610.703768,12530124,982384640,972705792
calibration-20260902-g,S1-50-r01,2026-09-01T15:49:15.652421836Z,7620.907128,12552665,982384640,972705792
calibration-20260902-g,S1-50-r01,2026-09-01T15:49:15.662616088Z,7631.101380,12552891,982384640,972705792
calibration-20260902-g,S1-50-r01,2026-09-01T15:49:15.671779111Z,7640.264404,12553029,982384640,972443648
calibration-20260902-g,S1-50-r01,2026-09-01T15:49:15.68192369Z,7650.408982,12553189,982384640,972705792
calibration-20260902-g,S1-50-r01,2026-09-01T15:49:15.692036835Z,7660.522127,12553411,982384640,972705792
calibration-20260902-g,S1-50-r01,2026-09-01T15:49:15.702239593Z,7670.724885,12553638,982384640,972705792
calibration-20260902-g,S1-50-r01,2026-09-01T15:49:15.712453807Z,7680.939099,12553742,982384640,972312576
calibration-20260902-g,S1-50-r01,2026-09-01T15:49:15.722654906Z,7691.140199,12553876,982384640,972574720
calibration-20260902-g,S1-50-r01,2026-09-01T15:49:15.731816262Z,7700.301554,12583763,982384640,972574720
calibration-20260902-g,S1-50-r01,2026-09-01T15:49:15.742055993Z,7710.541286,12620780,934232064,924332032
calibration-20260902-g,S1-50-r01,2026-09-01T15:49:15.752646409Z,7721.131701,12647555,934461440,924213248
calibration-20260902-g,S1-50-r01,2026-09-01T15:49:15.761907547Z,7730.392839,12647826,934461440,924213248
calibration-20260902-g,S1-50-r01,2026-09-01T15:49:15.772042335Z,7740.527629,12647964,934461440,924217344
calibration-20260902-g,S1-50-r01,2026-09-01T15:49:15.782243603Z,7750.728895,12648238,934461440,924217344
calibration-20260902-g,S1-50-r01,2026-09-01T15:49:15.792457671Z,7760.942963,12648438,934461440,924217344
calibration-20260902-g,S1-50-r01,2026-09-01T15:49:15.802577732Z,7771.063025,12648610,934461440,924217344
calibration-20260902-g,S1-50-r01,2026-09-01T15:49:15.811672669Z,7780.157961,12648851,934461440,924217344
calibration-20260902-g,S1-50-r01,2026-09-01T15:49:15.82184156Z,7790.326853,12648987,934461440,924217344
calibration-20260902-g,S1-50-r01,2026-09-01T15:49:15.83207107Z,7800.556362,12678826,934461440,924217344
calibration-20260902-g,S1-50-r01,2026-09-01T15:49:15.842243595Z,7810.728888,12732477,934461440,924217344
calibration-20260902-g,S1-50-r01,2026-09-01T15:49:15.852433345Z,7820.918638,12750774,934690816,924217344
calibration-20260902-g,S1-50-r01,2026-09-01T15:49:15.923675467Z,7892.160760,12751085,934690816,923955200
calibration-20260902-g,S1-50-r01,2026-09-01T15:49:15.931932244Z,7900.417536,12780952,934690816,924020736
calibration-20260902-g,S1-50-r01,2026-09-01T15:49:15.942165788Z,7910.651080,12816910,947306496,937082880
calibration-20260902-g,S1-50-r01,2026-09-01T15:49:15.95232721Z,7920.812503,12849143,906170368,895905792
calibration-20260902-g,S1-50-r01,2026-09-01T15:49:15.962487731Z,7930.973024,12849311,906170368,895811584
calibration-20260902-g,S1-50-r01,2026-09-01T15:49:15.972702372Z,7941.187665,12849522,906170368,895549440
calibration-20260902-g,S1-50-r01,2026-09-01T15:49:15.981903544Z,7950.388837,12849694,906170368,895549440
calibration-20260902-g,S1-50-r01,2026-09-01T15:49:15.992113373Z,7960.598667,12849891,906170368,895549440
calibration-20260902-g,S1-50-r01,2026-09-01T15:49:16.002252375Z,7970.737675,12850248,906170368,895811584
calibration-20260902-g,S1-50-r01,2026-09-01T15:49:16.023735095Z,7992.220387,12850286,906170368,895811584
calibration-20260902-g,S1-50-r01,2026-09-01T15:49:16.031747201Z,8000.232494,12881347,919474176,909578240
calibration-20260902-g,S1-50-r01,2026-09-01T15:49:16.041915909Z,8010.401201,12924153,935301120,925306880
calibration-20260902-g,S1-50-r01,2026-09-01T15:49:16.052165006Z,8020.650299,12944842,935301120,925040640
calibration-20260902-g,S1-50-r01,2026-09-01T15:49:16.062424149Z,8030.909442,12945130,935301120,925302784
calibration-20260902-g,S1-50-r01,2026-09-01T15:49:16.072635305Z,8041.120597,12945335,935301120,925040640
calibration-20260902-g,S1-50-r01,2026-09-01T15:49:16.081854736Z,8050.340029,12945498,935301120,925040640
calibration-20260902-g,S1-50-r01,2026-09-01T15:49:16.092090598Z,8060.575891,12945668,935301120,925040640
calibration-20260902-g,S1-50-r01,2026-09-01T15:49:16.102322005Z,8070.807297,12945849,935301120,925040640
calibration-20260902-g,S1-50-r01,2026-09-01T15:49:16.11256615Z,8081.051443,12946058,935301120,925040640
calibration-20260902-g,S1-50-r01,2026-09-01T15:49:16.12365001Z,8092.135298,12946186,935301120,925040640
calibration-20260902-g,S1-50-r01,2026-09-01T15:49:16.131800238Z,8100.285531,12975977,935301120,925040640
calibration-20260902-g,S1-50-r01,2026-09-01T15:49:16.142076066Z,8110.561358,13012962,939659264,929492992
calibration-20260902-g,S1-50-r01,2026-09-01T15:49:16.152261207Z,8120.746500,13047817,939888640,930017280
calibration-20260902-g,S1-50-r01,2026-09-01T15:49:16.162478873Z,8130.964167,13048112,939888640,930017280
calibration-20260902-g,S1-50-r01,2026-09-01T15:49:16.17167721Z,8140.162503,13048321,939888640,929755136
calibration-20260902-g,S1-50-r01,2026-09-01T15:49:16.181909217Z,8150.394509,13048553,939888640,930017280
calibration-20260902-g,S1-50-r01,2026-09-01T15:49:16.192194608Z,8160.679901,13048862,939888640,930017280
calibration-20260902-g,S1-50-r01,2026-09-01T15:49:16.202381444Z,8170.866736,13049167,939888640,930017280
calibration-20260902-g,S1-50-r01,2026-09-01T15:49:16.21265579Z,8181.141083,13049479,939888640,930017280
calibration-20260902-g,S1-50-r01,2026-09-01T15:49:16.221916866Z,8190.402159,13049754,939888640,930275328
calibration-20260902-g,S1-50-r01,2026-09-01T15:49:16.231770182Z,8200.255476,13080051,953421824,943906816
calibration-20260902-g,S1-50-r01,2026-09-01T15:49:16.242002182Z,8210.487474,13116320,972001280,962519040
calibration-20260902-g,S1-50-r01,2026-09-01T15:49:16.25225768Z,8220.742972,13150105,983470080,973791232
calibration-20260902-g,S1-50-r01,2026-09-01T15:49:16.262498409Z,8230.983701,13150382,983470080,973791232
calibration-20260902-g,S1-50-r01,2026-09-01T15:49:16.27171674Z,8240.202032,13150619,983470080,973791232
calibration-20260902-g,S1-50-r01,2026-09-01T15:49:16.281998819Z,8250.484112,13150924,983470080,973791232
calibration-20260902-g,S1-50-r01,2026-09-01T15:49:16.292241255Z,8260.726547,13151153,983699456,973791232
calibration-20260902-g,S1-50-r01,2026-09-01T15:49:16.302489849Z,8270.975142,13151439,983928832,973791232
calibration-20260902-g,S1-50-r01,2026-09-01T15:49:16.31169555Z,8280.180842,13151665,983928832,973791232
calibration-20260902-g,S1-50-r01,2026-09-01T15:49:16.321950717Z,8290.436010,13151917,983928832,973791232
calibration-20260902-g,S1-50-r01,2026-09-01T15:49:16.332181619Z,8300.666911,13181885,983928832,973791232
calibration-20260902-g,S1-50-r01,2026-09-01T15:49:16.342442516Z,8310.927808,13235562,983928832,973791232
calibration-20260902-g,S1-50-r01,2026-09-01T15:49:16.351659042Z,8320.144334,13249181,983928832,973791232
calibration-20260902-g,S1-50-r01,2026-09-01T15:49:16.361921978Z,8330.407270,13249463,983928832,973791232
calibration-20260902-g,S1-50-r01,2026-09-01T15:49:16.37217831Z,8340.663603,13249738,983928832,973791232
calibration-20260902-g,S1-50-r01,2026-09-01T15:49:16.38236573Z,8350.851023,13249999,983928832,973791232
calibration-20260902-g,S1-50-r01,2026-09-01T15:49:16.39251169Z,8360.996982,13250247,983928832,973791232
calibration-20260902-g,S1-50-r01,2026-09-01T15:49:16.401666425Z,8370.151718,13250483,983928832,973791232
calibration-20260902-g,S1-50-r01,2026-09-01T15:49:16.411918178Z,8380.403471,13250760,983928832,973791232
calibration-20260902-g,S1-50-r01,2026-09-01T15:49:16.422172097Z,8390.657392,13251006,983928832,973791232
calibration-20260902-g,S1-50-r01,2026-09-01T15:49:16.431791493Z,8400.276785,13282033,984616960,974577664
calibration-20260902-g,S1-50-r01,2026-09-01T15:49:16.442068358Z,8410.553651,13317193,1002049536,992141312
calibration-20260902-g,S1-50-r01,2026-09-01T15:49:16.452341004Z,8420.826296,13353052,1002278912,992141312
calibration-20260902-g,S1-50-r01,2026-09-01T15:49:16.462529655Z,8431.014948,13353275,1002278912,992141312
calibration-20260902-g,S1-50-r01,2026-09-01T15:49:16.47267267Z,8441.157963,13353526,1002278912,992296960
calibration-20260902-g,S1-50-r01,2026-09-01T15:49:16.481810192Z,8450.295484,13353681,1002278912,992296960
calibration-20260902-g,S1-50-r01,2026-09-01T15:49:16.491970288Z,8460.455579,13353885,1002278912,992296960
calibration-20260902-g,S1-50-r01,2026-09-01T15:49:16.502223963Z,8470.709255,13354123,1002278912,991694848
calibration-20260902-g,S1-50-r01,2026-09-01T15:49:16.512400153Z,8480.885441,13354276,1002278912,991694848
calibration-20260902-g,S1-50-r01,2026-09-01T15:49:16.522513015Z,8490.998302,13354339,1002278912,991694848
calibration-20260902-g,S1-50-r01,2026-09-01T15:49:16.532697308Z,8501.182601,13384324,1019252736,1008734208
calibration-20260902-g,S1-50-r01,2026-09-01T15:49:16.541943594Z,8510.428887,13423020,1032097792,1021841408
calibration-20260902-g,S1-50-r01,2026-09-01T15:49:16.552076271Z,8520.561563,13452011,1032097792,1021841408
calibration-20260902-g,S1-50-r01,2026-09-01T15:49:16.562299126Z,8530.784418,13452250,1032097792,1021841408
calibration-20260902-g,S1-50-r01,2026-09-01T15:49:16.623667742Z,8592.153034,13452668,1032097792,1021820928
calibration-20260902-g,S1-50-r01,2026-09-01T15:49:16.631943449Z,8600.428741,13482589,1032097792,1021820928
calibration-20260902-g,S1-50-r01,2026-09-01T15:49:16.64217603Z,8610.661323,13518669,1032327168,1021820928
calibration-20260902-g,S1-50-r01,2026-09-01T15:49:16.652360717Z,8620.846010,13550125,1032327168,1021820928
calibration-20260902-g,S1-50-r01,2026-09-01T15:49:16.662510957Z,8630.996250,13550392,1032327168,1021820928
calibration-20260902-g,S1-50-r01,2026-09-01T15:49:16.671770694Z,8640.255986,13550616,1032327168,1021820928
calibration-20260902-g,S1-50-r01,2026-09-01T15:49:16.681976759Z,8650.462051,13550823,1032327168,1021820928
calibration-20260902-g,S1-50-r01,2026-09-01T15:49:16.692147732Z,8660.633024,13551043,1032327168,1021820928
calibration-20260902-g,S1-50-r01,2026-09-01T15:49:16.70240706Z,8670.892353,13551320,1032327168,1021820928
calibration-20260902-g,S1-50-r01,2026-09-01T15:49:16.7125599Z,8681.045192,13551511,1032327168,1021820928
calibration-20260902-g,S1-50-r01,2026-09-01T15:49:16.722646781Z,8691.132073,13551721,1032327168,1022078976
calibration-20260902-g,S1-50-r01,2026-09-01T15:49:16.731760936Z,8700.246224,13582112,1033932800,1023102976
calibration-20260902-g,S1-50-r01,2026-09-01T15:49:16.741884294Z,8710.369587,13619306,985997312,975519744
calibration-20260902-g,S1-50-r01,2026-09-01T15:49:16.752111465Z,8720.596758,13650256,985997312,975519744
calibration-20260902-g,S1-50-r01,2026-09-01T15:49:16.762268013Z,8730.753306,13650515,986226688,975425536
calibration-20260902-g,S1-50-r01,2026-09-01T15:49:16.77245295Z,8740.938241,13650692,986226688,975384576
calibration-20260902-g,S1-50-r01,2026-09-01T15:49:16.823651362Z,8792.136654,13651070,986226688,975122432
calibration-20260902-g,S1-50-r01,2026-09-01T15:49:16.832155507Z,8800.640800,13682076,986456064,975806464
calibration-20260902-g,S1-50-r01,2026-09-01T15:49:16.84237644Z,8810.861732,13735685,986456064,975806464
calibration-20260902-g,S1-50-r01,2026-09-01T15:49:16.852585927Z,8821.071220,13749300,986456064,975781888
calibration-20260902-g,S1-50-r01,2026-09-01T15:49:16.861821251Z,8830.306544,13749514,986456064,975781888
calibration-20260902-g,S1-50-r01,2026-09-01T15:49:16.872045461Z,8840.530754,13749740,986456064,975781888
calibration-20260902-g,S1-50-r01,2026-09-01T15:49:16.882208236Z,8850.693528,13749945,986456064,975781888
calibration-20260902-g,S1-50-r01,2026-09-01T15:49:16.892447973Z,8860.933266,13750199,986456064,975781888
calibration-20260902-g,S1-50-r01,2026-09-01T15:49:16.902671432Z,8871.156724,13750424,986456064,975781888
calibration-20260902-g,S1-50-r01,2026-09-01T15:49:16.911829528Z,8880.314820,13750577,986456064,976044032
calibration-20260902-g,S1-50-r01,2026-09-01T15:49:16.921993723Z,8890.479016,13750705,986456064,975777792
calibration-20260902-g,S1-50-r01,2026-09-01T15:49:16.931764591Z,8900.249884,13781423,938573824,928256000
calibration-20260902-g,S1-50-r01,2026-09-01T15:49:16.942004611Z,8910.489904,13817239,938573824,928256000
calibration-20260902-g,S1-50-r01,2026-09-01T15:49:16.952235406Z,8920.720698,13853142,938573824,928256000
calibration-20260902-g,S1-50-r01,2026-09-01T15:49:16.962415111Z,8930.900404,13853381,938573824,928165888
calibration-20260902-g,S1-50-r01,2026-09-01T15:49:16.97263035Z,8941.115643,13853591,938573824,928165888
calibration-20260902-g,S1-50-r01,2026-09-01T15:49:16.981814872Z,8950.300159,13853718,938573824,928165888
calibration-20260902-g,S1-50-r01,2026-09-01T15:49:16.992021037Z,8960.506325,13853860,938573824,928165888
calibration-20260902-g,S1-50-r01,2026-09-01T15:49:17.0021704Z,8970.655693,13853955,938573824,928165888
calibration-20260902-g,S1-50-r01,2026-09-01T15:49:17.023645233Z,8992.130520,13854052,938573824,928165888
calibration-20260902-g,S1-50-r01,2026-09-01T15:49:17.031810869Z,9000.296162,13883803,938573824,928165888
calibration-20260902-g,S1-50-r01,2026-09-01T15:49:17.041982074Z,9010.467366,13919513,938573824,928165888
calibration-20260902-g,S1-50-r01,2026-09-01T15:49:17.052158584Z,9020.643876,13950877,938573824,928165888
calibration-20260902-g,S1-50-r01,2026-09-01T15:49:17.062384231Z,9030.869524,13951052,938573824,928165888
calibration-20260902-g,S1-50-r01,2026-09-01T15:49:17.07252366Z,9041.008953,13951175,938573824,928165888
calibration-20260902-g,S1-50-r01,2026-09-01T15:49:17.081688113Z,9050.173407,13951316,938573824,928165888
calibration-20260902-g,S1-50-r01,2026-09-01T15:49:17.09187318Z,9060.358473,13951547,938573824,928165888
calibration-20260902-g,S1-50-r01,2026-09-01T15:49:17.10207063Z,9070.555923,13951715,938573824,928165888
calibration-20260902-g,S1-50-r01,2026-09-01T15:49:17.112254569Z,9080.739861,13951835,938573824,928165888
calibration-20260902-g,S1-50-r01,2026-09-01T15:49:17.122502756Z,9090.988048,13952033,938573824,928165888
calibration-20260902-g,S1-50-r01,2026-09-01T15:49:17.131924103Z,9100.409396,13981803,938803200,928165888
calibration-20260902-g,S1-50-r01,2026-09-01T15:49:17.142209189Z,9110.694483,14036073,942243840,931848192
calibration-20260902-g,S1-50-r01,2026-09-01T15:49:17.152507217Z,9120.992510,14049907,955777024,945217536
calibration-20260902-g,S1-50-r01,2026-09-01T15:49:17.162692794Z,9131.178086,14050144,955777024,945217536
calibration-20260902-g,S1-50-r01,2026-09-01T15:49:17.171841101Z,9140.326388,14050359,955777024,945217536
calibration-20260902-g,S1-50-r01,2026-09-01T15:49:17.182002135Z,9150.487423,14050460,956006400,945217536
calibration-20260902-g,S1-50-r01,2026-09-01T15:49:17.223648278Z,9192.133566,14050595,956006400,945217536
calibration-20260902-g,S1-50-r01,2026-09-01T15:49:17.231880083Z,9200.365375,14080787,971145216,960421888
calibration-20260902-g,S1-50-r01,2026-09-01T15:49:17.242366813Z,9210.852100,14135510,939327488,928956416
calibration-20260902-g,S1-50-r01,2026-09-01T15:49:17.252578208Z,9221.063501,14149380,939327488,928956416
calibration-20260902-g,S1-50-r01,2026-09-01T15:49:17.261822726Z,9230.308018,14149627,939327488,928862208
calibration-20260902-g,S1-50-r01,2026-09-01T15:49:17.271984314Z,9240.469606,14149904,939327488,928862208
calibration-20260902-g,S1-50-r01,2026-09-01T15:49:17.323676536Z,9292.161828,14150241,939327488,928862208
calibration-20260902-g,S1-50-r01,2026-09-01T15:49:17.332789233Z,9301.274526,14183903,939556864,929386496
calibration-20260902-g,S1-50-r01,2026-09-01T15:49:17.342033948Z,9310.519240,14217477,955383808,945340416
calibration-20260902-g,S1-50-r01,2026-09-01T15:49:17.352204213Z,9320.689506,14248974,970752000,960806912
calibration-20260902-g,S1-50-r01,2026-09-01T15:49:17.362426116Z,9330.911408,14249240,970752000,960806912
calibration-20260902-g,S1-50-r01,2026-09-01T15:49:17.372630706Z,9341.115999,14249457,970752000,960544768
calibration-20260902-g,S1-50-r01,2026-09-01T15:49:17.381813662Z,9350.298955,14249625,970752000,960430080
calibration-20260902-g,S1-50-r01,2026-09-01T15:49:17.391969624Z,9360.454915,14249785,970752000,960692224
calibration-20260902-g,S1-50-r01,2026-09-01T15:49:17.402183389Z,9370.668676,14250114,970752000,960692224
calibration-20260902-g,S1-50-r01,2026-09-01T15:49:17.412404958Z,9380.890251,14250271,970752000,960692224
calibration-20260902-g,S1-50-r01,2026-09-01T15:49:17.422557448Z,9391.042740,14250396,970752000,960692224
calibration-20260902-g,S1-50-r01,2026-09-01T15:49:17.431730509Z,9400.215802,14280497,986120192,976158720
calibration-20260902-g,S1-50-r01,2026-09-01T15:49:17.442004478Z,9410.489765,14316380,987725824,977731584
calibration-20260902-g,S1-50-r01,2026-09-01T15:49:17.452237655Z,9420.722947,14347813,987725824,977731584
calibration-20260902-g,S1-50-r01,2026-09-01T15:49:17.46247834Z,9430.963632,14348078,987725824,977731584
calibration-20260902-g,S1-50-r01,2026-09-01T15:49:17.47270026Z,9441.185552,14348291,987725824,977731584
calibration-20260902-g,S1-50-r01,2026-09-01T15:49:17.481909441Z,9450.394732,14348460,987725824,977694720
calibration-20260902-g,S1-50-r01,2026-09-01T15:49:17.492123949Z,9460.609241,14348685,987725824,977694720
calibration-20260902-g,S1-50-r01,2026-09-01T15:49:17.502321548Z,9470.806840,14348923,987725824,977694720
calibration-20260902-g,S1-50-r01,2026-09-01T15:49:17.512526438Z,9481.011730,14349233,987725824,977694720
calibration-20260902-g,S1-50-r01,2026-09-01T15:49:17.522663691Z,9491.148984,14349601,987725824,977694720
calibration-20260902-g,S1-50-r01,2026-09-01T15:49:17.531798498Z,9500.283792,14379399,987725824,977694720
calibration-20260902-g,S1-50-r01,2026-09-01T15:49:17.542028781Z,9510.514073,14415226,987725824,977694720
calibration-20260902-g,S1-50-r01,2026-09-01T15:49:17.552284405Z,9520.769696,14451050,987725824,977694720
calibration-20260902-g,S1-50-r01,2026-09-01T15:49:17.562485939Z,9530.971231,14451304,987725824,977694720
calibration-20260902-g,S1-50-r01,2026-09-01T15:49:17.572645205Z,9541.130497,14451532,987725824,977694720
calibration-20260902-g,S1-50-r01,2026-09-01T15:49:17.581908224Z,9550.393517,14451786,987725824,977694720
calibration-20260902-g,S1-50-r01,2026-09-01T15:49:17.592119441Z,9560.604733,14451976,987725824,977694720
calibration-20260902-g,S1-50-r01,2026-09-01T15:49:17.602358504Z,9570.843796,14452224,988184576,977694720
calibration-20260902-g,S1-50-r01,2026-09-01T15:49:17.612557188Z,9581.042480,14452380,988184576,977694720
calibration-20260902-g,S1-50-r01,2026-09-01T15:49:17.621751808Z,9590.237101,14452531,988184576,977666048
calibration-20260902-g,S1-50-r01,2026-09-01T15:49:17.631972917Z,9600.458209,14482362,988184576,977928192
calibration-20260902-g,S1-50-r01,2026-09-01T15:49:17.642182031Z,9610.667324,14518215,988184576,977928192
calibration-20260902-g,S1-50-r01,2026-09-01T15:49:17.652373913Z,9620.859206,14549577,988184576,977928192
calibration-20260902-g,S1-50-r01,2026-09-01T15:49:17.662531999Z,9631.017291,14549793,988184576,977928192
calibration-20260902-g,S1-50-r01,2026-09-01T15:49:17.672682841Z,9641.168133,14549929,988184576,977928192
calibration-20260902-g,S1-50-r01,2026-09-01T15:49:17.723656935Z,9692.142227,14550136,988184576,977899520
calibration-20260902-g,S1-50-r01,2026-09-01T15:49:17.731847685Z,9700.332979,14580758,989560832,979210240
calibration-20260902-g,S1-50-r01,2026-09-01T15:49:17.741996069Z,9710.481362,14616038,1005387776,994938880
calibration-20260902-g,S1-50-r01,2026-09-01T15:49:17.752251768Z,9720.737061,14652019,1017085952,1006735360
calibration-20260902-g,S1-50-r01,2026-09-01T15:49:17.762408572Z,9730.893865,14652204,1017085952,1006993408
calibration-20260902-g,S1-50-r01,2026-09-01T15:49:17.772548047Z,9741.033339,14652334,1017085952,1006993408
calibration-20260902-g,S1-50-r01,2026-09-01T15:49:17.781798062Z,9750.283354,14652512,1017085952,1006993408
calibration-20260902-g,S1-50-r01,2026-09-01T15:49:17.791984581Z,9760.469874,14652785,1017085952,1006993408
calibration-20260902-g,S1-50-r01,2026-09-01T15:49:17.802220922Z,9770.706214,14652985,1017085952,1006993408
calibration-20260902-g,S1-50-r01,2026-09-01T15:49:17.812417664Z,9780.902956,14653173,1017085952,1006993408
calibration-20260902-g,S1-50-r01,2026-09-01T15:49:17.822582565Z,9791.067858,14653297,1017085952,1006993408
calibration-20260902-g,S1-50-r01,2026-09-01T15:49:17.831666914Z,9800.152207,14683291,1027637248,1017479168
calibration-20260902-g,S1-50-r01,2026-09-01T15:49:17.841919089Z,9810.404381,14719481,1036582912,1026392064
calibration-20260902-g,S1-50-r01,2026-09-01T15:49:17.85216679Z,9820.652082,14750892,1036582912,1026392064
calibration-20260902-g,S1-50-r01,2026-09-01T15:49:17.86240241Z,9830.887703,14751162,1036582912,1026392064
calibration-20260902-g,S1-50-r01,2026-09-01T15:49:17.872603191Z,9841.088484,14751417,1036582912,1026392064
calibration-20260902-g,S1-50-r01,2026-09-01T15:49:17.881856218Z,9850.341511,14751612,1036582912,1026392064
calibration-20260902-g,S1-50-r01,2026-09-01T15:49:17.923692117Z,9892.177410,14751793,1036582912,1026654208
calibration-20260902-g,S1-50-r01,2026-09-01T15:49:17.931890698Z,9900.375985,14782504,988528640,978395136
calibration-20260902-g,S1-50-r01,2026-09-01T15:49:17.941757522Z,9910.242809,14818973,989446144,979374080
calibration-20260902-g,S1-50-r01,2026-09-01T15:49:17.952006375Z,9920.491667,14850361,989446144,979636224
calibration-20260902-g,S1-50-r01,2026-09-01T15:49:17.962284579Z,9930.769871,14850610,989446144,979533824
calibration-20260902-g,S1-50-r01,2026-09-01T15:49:17.972479019Z,9940.964312,14850740,989446144,979533824
calibration-20260902-g,S1-50-r01,2026-09-01T15:49:17.982676494Z,9951.161787,14850887,989446144,979517440
calibration-20260902-g,S1-50-r01,2026-09-01T15:49:17.991794126Z,9960.279419,14851060,989446144,979517440
calibration-20260902-g,S1-50-r01,2026-09-01T15:49:18.001983545Z,9970.468844,14851196,989675520,979517440
calibration-20260902-g,S1-50-r01,2026-09-01T15:49:18.012143019Z,9980.628311,14851331,989675520,979517440
calibration-20260902-g,S1-50-r01,2026-09-01T15:49:18.022291436Z,9990.776728,14851489,989675520,979517440
calibration-20260902-g,S1-50-r01,2026-09-01T15:49:18.031756871Z,10000.242158,14881818,989675520,979517440
calibration-20260902-g,S1-50-r01,2026-09-01T15:49:18.041686385Z,10010.171677,14918232,989904896,979959808
calibration-20260902-g,S1-50-r01,2026-09-01T15:49:18.051911382Z,10020.396675,14949616,989904896,979935232
calibration-20260902-g,S1-50-r01,2026-09-01T15:49:18.062169011Z,10030.654303,14949869,989904896,979935232
calibration-20260902-g,S1-50-r01,2026-09-01T15:49:18.072420115Z,10040.905421,14950243,989904896,979935232
calibration-20260902-g,S1-50-r01,2026-09-01T15:49:18.081681088Z,10050.166374,14950514,989904896,979935232
calibration-20260902-g,S1-50-r01,2026-09-01T15:49:18.091847515Z,10060.332808,14950687,989904896,979935232
calibration-20260902-g,S1-50-r01,2026-09-01T15:49:18.102002395Z,10070.487683,14950787,990134272,979935232
calibration-20260902-g,S1-50-r01,2026-09-01T15:49:18.112184449Z,10080.669742,14950880,990134272,979935232
calibration-20260902-g,S1-50-r01,2026-09-01T15:49:18.123648511Z,10092.133798,14951013,990134272,979935232
calibration-20260902-g,S1-50-r01,2026-09-01T15:49:18.132372338Z,10100.857631,14981809,942071808,932110336
calibration-20260902-g,S1-50-r01,2026-09-01T15:49:18.142540929Z,10111.026221,15035375,942071808,932376576
calibration-20260902-g,S1-50-r01,2026-09-01T15:49:18.15174684Z,10120.232132,15053410,942071808,932376576
calibration-20260902-g,S1-50-r01,2026-09-01T15:49:18.161886387Z,10130.371679,15053653,942071808,932282368
calibration-20260902-g,S1-50-r01,2026-09-01T15:49:18.172146137Z,10140.631430,15053870,942071808,932282368
calibration-20260902-g,S1-50-r01,2026-09-01T15:49:18.182336859Z,10150.822152,15054087,942071808,932282368
calibration-20260902-g,S1-50-r01,2026-09-01T15:49:18.223660444Z,10192.145736,15054351,942071808,932208640
calibration-20260902-g,S1-50-r01,2026-09-01T15:49:18.231861097Z,10200.346389,15084146,942071808,932208640
calibration-20260902-g,S1-50-r01,2026-09-01T15:49:18.242068882Z,10210.554174,15119913,942071808,932208640
calibration-20260902-g,S1-50-r01,2026-09-01T15:49:18.252359605Z,10220.844897,15151229,942071808,932208640
calibration-20260902-g,S1-50-r01,2026-09-01T15:49:18.262549625Z,10231.034918,15151419,942071808,932208640
calibration-20260902-g,S1-50-r01,2026-09-01T15:49:18.272661279Z,10241.146571,15151544,942071808,932208640
calibration-20260902-g,S1-50-r01,2026-09-01T15:49:18.281798515Z,10250.283808,15151666,942071808,932208640
calibration-20260902-g,S1-50-r01,2026-09-01T15:49:18.323655077Z,10292.140370,15151801,942071808,932208640
calibration-20260902-g,S1-50-r01,2026-09-01T15:49:18.332051233Z,10300.536527,15181639,942071808,932208640
calibration-20260902-g,S1-50-r01,2026-09-01T15:49:18.34230522Z,10310.790512,15235512,942989312,933306368
calibration-20260902-g,S1-50-r01,2026-09-01T15:49:18.352544605Z,10321.029898,15253604,942989312,933568512
calibration-20260902-g,S1-50-r01,2026-09-01T15:49:18.361736093Z,10330.221386,15253770,942989312,933564416
calibration-20260902-g,S1-50-r01,2026-09-01T15:49:18.371927133Z,10340.412426,15253918,942989312,933576704
calibration-20260902-g,S1-50-r01,2026-09-01T15:49:18.382122794Z,10350.608087,15254079,942989312,933576704
calibration-20260902-g,S1-50-r01,2026-09-01T15:49:18.392336429Z,10360.821721,15254309,942989312,933576704
calibration-20260902-g,S1-50-r01,2026-09-01T15:49:18.402463634Z,10370.948927,15254511,942989312,933576704
calibration-20260902-g,S1-50-r01,2026-09-01T15:49:18.412671155Z,10381.156448,15254712,942989312,933576704
calibration-20260902-g,S1-50-r01,2026-09-01T15:49:18.421807626Z,10390.292920,15254882,942989312,933576704
calibration-20260902-g,S1-50-r01,2026-09-01T15:49:18.431656887Z,10400.142179,15284902,952852480,943276032
calibration-20260902-g,S1-50-r01,2026-09-01T15:49:18.441836834Z,10410.322128,15324376,929972224,939130880
calibration-20260902-g,S1-50-r01,2026-09-01T15:49:18.523671536Z,10492.156829,15348684,928546816,918450176
calibration-20260902-g,S1-50-r01,2026-09-01T15:49:18.532620009Z,10501.105302,15380069,969605120,960057344
calibration-20260902-g,S1-50-r01,2026-09-01T15:49:18.541835364Z,10510.320656,15415850,996900864,987320320
calibration-20260902-g,S1-50-r01,2026-09-01T15:49:18.551998881Z,10520.484173,15451868,1004929024,995438592
calibration-20260902-g,S1-50-r01,2026-09-01T15:49:18.56222138Z,10530.706672,15452207,1004929024,995438592
calibration-20260902-g,S1-50-r01,2026-09-01T15:49:18.572509976Z,10540.995269,15452452,1004929024,995438592
calibration-20260902-g,S1-50-r01,2026-09-01T15:49:18.582637983Z,10551.123275,15452679,1004929024,995266560
calibration-20260902-g,S1-50-r01,2026-09-01T15:49:18.591755128Z,10560.240420,15452838,1004929024,995266560
calibration-20260902-g,S1-50-r01,2026-09-01T15:49:18.62365822Z,10592.143512,15453183,1004929024,995266560
calibration-20260902-g,S1-50-r01,2026-09-01T15:49:18.632032587Z,10600.517884,15484157,1019838464,1009524736
calibration-20260902-g,S1-50-r01,2026-09-01T15:49:18.642291703Z,10610.776990,15537940,1022361600,1012146176
calibration-20260902-g,S1-50-r01,2026-09-01T15:49:18.65252296Z,10621.008252,15549995,1022590976,1012408320
calibration-20260902-g,S1-50-r01,2026-09-01T15:49:18.724695639Z,10693.180955,15551639,1022590976,1012408320
calibration-20260902-g,S1-50-r01,2026-09-01T15:49:18.732054477Z,10700.539768,15580551,1022590976,1012408320
calibration-20260902-g,S1-50-r01,2026-09-01T15:49:18.742257103Z,10710.742395,15634238,1022590976,1012408320
calibration-20260902-g,S1-50-r01,2026-09-01T15:49:18.752403613Z,10720.888905,15652228,1022590976,1012408320
calibration-20260902-g,S1-50-r01,2026-09-01T15:49:18.762541425Z,10731.026718,15652412,1022590976,1012408320
calibration-20260902-g,S1-50-r01,2026-09-01T15:49:18.771691202Z,10740.176495,15652541,1022590976,1012408320
calibration-20260902-g,S1-50-r01,2026-09-01T15:49:18.781821684Z,10750.306977,15652690,1022590976,1012408320
calibration-20260902-g,S1-50-r01,2026-09-01T15:49:18.8236806Z,10792.165892,15652882,1022590976,1012408320
calibration-20260902-g,S1-50-r01,2026-09-01T15:49:18.831885012Z,10800.370304,15682554,1022590976,1012408320
calibration-20260902-g,S1-50-r01,2026-09-01T15:49:18.842115604Z,10810.600897,15718391,1022590976,1012408320
calibration-20260902-g,S1-50-r01,2026-09-01T15:49:18.852339628Z,10820.824922,15749756,1022590976,1012666368
calibration-20260902-g,S1-50-r01,2026-09-01T15:49:18.862522541Z,10831.007834,15749935,1022590976,1012666368
calibration-20260902-g,S1-50-r01,2026-09-01T15:49:18.872629787Z,10841.115079,15750086,1022590976,1012666368
calibration-20260902-g,S1-50-r01,2026-09-01T15:49:18.881801321Z,10850.286614,15750203,1022590976,1012666368
calibration-20260902-g,S1-50-r01,2026-09-01T15:49:18.892002241Z,10860.487534,15750350,1022590976,1012666368
calibration-20260902-g,S1-50-r01,2026-09-01T15:49:18.90221696Z,10870.702253,15750622,1022590976,1012666368
calibration-20260902-g,S1-50-r01,2026-09-01T15:49:18.912454133Z,10880.939425,15750748,1022590976,1012666368
calibration-20260902-g,S1-50-r01,2026-09-01T15:49:18.922627526Z,10891.112818,15750918,1022590976,1012666368
calibration-20260902-g,S1-50-r01,2026-09-01T15:49:18.931813317Z,10900.298624,15780693,1022590976,1012666368
calibration-20260902-g,S1-50-r01,2026-09-01T15:49:18.942081142Z,10910.566434,15818715,1025802240,1015812096
calibration-20260902-g,S1-50-r01,2026-09-01T15:49:18.952303509Z,10920.788802,15848032,1025802240,1016332288
calibration-20260902-g,S1-50-r01,2026-09-01T15:49:18.962493613Z,10930.978905,15848205,1025802240,1016332288
calibration-20260902-g,S1-50-r01,2026-09-01T15:49:18.972663491Z,10941.148778,15848312,1025802240,1016332288
calibration-20260902-g,S1-50-r01,2026-09-01T15:49:18.981818209Z,10950.303502,15848399,1025802240,1016074240
calibration-20260902-g,S1-50-r01,2026-09-01T15:49:18.991985464Z,10960.470757,15848487,1025802240,1016074240
calibration-20260902-g,S1-50-r01,2026-09-01T15:49:19.002118713Z,10970.604013,15848560,1025802240,1016074240
calibration-20260902-g,S1-50-r01,2026-09-01T15:49:19.012282662Z,10980.767949,15848636,1026031616,1016074240
calibration-20260902-g,S1-50-r01,2026-09-01T15:49:19.022469328Z,10990.954615,15848769,1026031616,1016074240
calibration-20260902-g,S1-50-r01,2026-09-01T15:49:19.031672539Z,11000.157831,15878856,1037729792,1027870720
calibration-20260902-g,S1-50-r01,2026-09-01T15:49:19.04184249Z,11010.327782,15914887,1054015488,1044123648
calibration-20260902-g,S1-50-r01,2026-09-01T15:49:19.052080125Z,11020.565419,15950674,1054474240,1044385792
calibration-20260902-g,S1-50-r01,2026-09-01T15:49:19.062286089Z,11030.771382,15950887,1054474240,1044385792
calibration-20260902-g,S1-50-r01,2026-09-01T15:49:19.072507451Z,11040.992743,15951053,1054474240,1044385792
calibration-20260902-g,S1-50-r01,2026-09-01T15:49:19.082602942Z,11051.088234,15951174,1054474240,1044385792
calibration-20260902-g,S1-50-r01,2026-09-01T15:49:19.091686537Z,11060.171829,15951270,1054474240,1044385792
calibration-20260902-g,S1-50-r01,2026-09-01T15:49:19.101803434Z,11070.288726,15951378,1054474240,1044385792
calibration-20260902-g,S1-50-r01,2026-09-01T15:49:19.111947171Z,11080.432464,15951486,1054474240,1044385792
calibration-20260902-g,S1-50-r01,2026-09-01T15:49:19.122189978Z,11090.675270,15951708,1054474240,1044385792
calibration-20260902-g,S1-50-r01,2026-09-01T15:49:19.132467038Z,11100.952331,15982466,1069154304,1059061760
calibration-20260902-g,S1-50-r01,2026-09-01T15:49:19.142604597Z,11111.089889,16036136,1072594944,1062993920
calibration-20260902-g,S1-50-r01,2026-09-01T15:49:19.151831458Z,11120.316745,16054590,1072594944,1063256064
calibration-20260902-g,S1-50-r01,2026-09-01T15:49:19.162046408Z,11130.531701,16054775,1072594944,1063256064
calibration-20260902-g,S1-50-r01,2026-09-01T15:49:19.172276866Z,11140.762159,16054975,1072594944,1063256064
calibration-20260902-g,S1-50-r01,2026-09-01T15:49:19.182399289Z,11150.884580,16055131,1072594944,1063256064
calibration-20260902-g,S1-50-r01,2026-09-01T15:49:19.223662573Z,11192.147866,16055247,1072824320,1062473728
calibration-20260902-g,S1-50-r01,2026-09-01T15:49:19.231873747Z,11200.359039,16086966,1028558848,1018675200
calibration-20260902-g,S1-50-r01,2026-09-01T15:49:19.24187029Z,11210.355581,16122610,1062506496,1052381184
calibration-20260902-g,S1-50-r01,2026-09-01T15:49:19.252052201Z,11220.537494,16153589,1073516544,1063653376
calibration-20260902-g,S1-50-r01,2026-09-01T15:49:19.262305916Z,11230.791209,16153854,1073516544,1063559168
calibration-20260902-g,S1-50-r01,2026-09-01T15:49:19.27250035Z,11240.985642,16154027,1073516544,1063559168
calibration-20260902-g,S1-50-r01,2026-09-01T15:49:19.282601661Z,11251.086953,16154234,1073516544,1063559168
calibration-20260902-g,S1-50-r01,2026-09-01T15:49:19.291731434Z,11260.216727,16154418,1073745920,1063559168
calibration-20260902-g,S1-50-r01,2026-09-01T15:49:19.323707972Z,11292.193266,16154744,1073745920,1063559168
calibration-20260902-g,S1-50-r01,2026-09-01T15:49:19.332103863Z,11300.589155,16185052,1025904640,1016000512
calibration-20260902-g,S1-50-r01,2026-09-01T15:49:19.342257783Z,11310.743076,16238687,1025904640,1016000512
calibration-20260902-g,S1-50-r01,2026-09-01T15:49:19.352423584Z,11320.908875,16252184,1026134016,1016000512
calibration-20260902-g,S1-50-r01,2026-09-01T15:49:19.362665586Z,11331.150878,16252513,1026134016,1015910400
calibration-20260902-g,S1-50-r01,2026-09-01T15:49:19.423641329Z,11392.126622,16253191,1026134016,1015881728
calibration-20260902-g,S1-50-r01,2026-09-01T15:49:19.431903659Z,11400.388952,16283080,1026134016,1015881728
calibration-20260902-g,S1-50-r01,2026-09-01T15:49:19.442135591Z,11410.620883,16318881,1026134016,1015881728
calibration-20260902-g,S1-50-r01,2026-09-01T15:49:19.452355441Z,11420.840732,16354671,1026134016,1015881728
calibration-20260902-g,S1-50-r01,2026-09-01T15:49:19.462500078Z,11430.985371,16354854,1026134016,1015881728
calibration-20260902-g,S1-50-r01,2026-09-01T15:49:19.472671414Z,11441.156701,16354964,1026134016,1015881728
calibration-20260902-g,S1-50-r01,2026-09-01T15:49:19.481837166Z,11450.322460,16355047,1026134016,1015881728
calibration-20260902-g,S1-50-r01,2026-09-01T15:49:19.492038586Z,11460.523873,16355381,1026134016,1016139776
calibration-20260902-g,S1-50-r01,2026-09-01T15:49:19.502193147Z,11470.678434,16355481,1026134016,1016139776
calibration-20260902-g,S1-50-r01,2026-09-01T15:49:19.512421941Z,11480.907234,16355643,1026134016,1016139776
calibration-20260902-g,S1-50-r01,2026-09-01T15:49:19.522544511Z,11491.029798,16355718,1026134016,1016139776
calibration-20260902-g,S1-50-r01,2026-09-01T15:49:19.531688984Z,11500.174276,16385505,1026134016,1016139776
calibration-20260902-g,S1-50-r01,2026-09-01T15:49:19.541928406Z,11510.413698,16421278,1026134016,1016139776
calibration-20260902-g,S1-50-r01,2026-09-01T15:49:19.552204169Z,11520.689461,16452559,1026134016,1016139776
calibration-20260902-g,S1-50-r01,2026-09-01T15:49:19.562360101Z,11530.845393,16452726,1026134016,1016139776
calibration-20260902-g,S1-50-r01,2026-09-01T15:49:19.572544383Z,11541.029675,16452842,1026134016,1016139776
calibration-20260902-g,S1-50-r01,2026-09-01T15:49:19.581653812Z,11550.139104,16452961,1026134016,1016139776
calibration-20260902-g,S1-50-r01,2026-09-01T15:49:19.591780289Z,11560.265581,16453094,1026134016,1016139776
calibration-20260902-g,S1-50-r01,2026-09-01T15:49:19.601990729Z,11570.476021,16453261,1026134016,1016139776
calibration-20260902-g,S1-50-r01,2026-09-01T15:49:19.612147489Z,11580.632781,16453390,1026134016,1016139776
calibration-20260902-g,S1-50-r01,2026-09-01T15:49:19.622295617Z,11590.780908,16453516,1026134016,1016139776
calibration-20260902-g,S1-50-r01,2026-09-01T15:49:19.632505839Z,11600.991132,16483318,1026363392,1016139776
calibration-20260902-g,S1-50-r01,2026-09-01T15:49:19.641769155Z,11610.254447,16521674,1026363392,1016401920
calibration-20260902-g,S1-50-r01,2026-09-01T15:49:19.651976738Z,11620.462030,16546145,1032556544,1022955520
calibration-20260902-g,S1-50-r01,2026-09-01T15:49:19.66213811Z,11630.623403,16546333,1032556544,1022951424
calibration-20260902-g,S1-50-r01,2026-09-01T15:49:19.672338012Z,11640.823304,16546522,1032556544,1022951424
calibration-20260902-g,S1-50-r01,2026-09-01T15:49:19.682520414Z,11651.005706,16546640,1032556544,1022951424
calibration-20260902-g,S1-50-r01,2026-09-01T15:49:19.691672089Z,11660.157382,16546772,1032556544,1022951424
calibration-20260902-g,S1-50-r01,2026-09-01T15:49:19.701860042Z,11670.345334,16546926,1032556544,1022951424
calibration-20260902-g,S1-50-r01,2026-09-01T15:49:19.7240492Z,11692.534578,16547161,1033932800,1024262144
calibration-20260902-g,S1-50-r01,2026-09-01T15:49:19.732516412Z,11701.001704,16581169,1059852288,1049952256
calibration-20260902-g,S1-50-r01,2026-09-01T15:49:19.7432087Z,11711.693994,16634757,1085083648,1075642368
calibration-20260902-g,S1-50-r01,2026-09-01T15:49:19.752539898Z,11721.025190,16653050,1089441792,1080098816
calibration-20260902-g,S1-50-r01,2026-09-01T15:49:19.761808837Z,11730.294130,16653309,1089441792,1080098816
calibration-20260902-g,S1-50-r01,2026-09-01T15:49:19.771972325Z,11740.457618,16653563,1089441792,1079857152
calibration-20260902-g,S1-50-r01,2026-09-01T15:49:19.782204618Z,11750.689911,16653865,1089441792,1079857152
calibration-20260902-g,S1-50-r01,2026-09-01T15:49:19.823753884Z,11792.239172,16654220,1089671168,1079857152
calibration-20260902-g,S1-50-r01,2026-09-01T15:49:19.831814262Z,11800.299555,16686622,984465408,974860288
calibration-20260902-g,S1-50-r01,2026-09-01T15:49:19.842448207Z,11810.933500,16739857,1021853696,1012432896
calibration-20260902-g,S1-50-r01,2026-09-01T15:49:19.852696825Z,11821.182118,16749037,1021853696,1012432896
calibration-20260902-g,S1-50-r01,2026-09-01T15:49:19.861934246Z,11830.419539,16749271,1021853696,1012174848
calibration-20260902-g,S1-50-r01,2026-09-01T15:49:19.872120981Z,11840.606272,16749494,1021853696,1012174848
calibration-20260902-g,S1-50-r01,2026-09-01T15:49:19.882286376Z,11850.771669,16749691,1021853696,1012133888
calibration-20260902-g,S1-50-r01,2026-09-01T15:49:19.892371026Z,11860.856318,16749822,1021853696,1012133888
calibration-20260902-g,S1-50-r01,2026-09-01T15:49:19.902482919Z,11870.968211,16749979,1021853696,1012133888
calibration-20260902-g,S1-50-r01,2026-09-01T15:49:19.91263402Z,11881.119312,16750163,1021853696,1012133888
calibration-20260902-g,S1-50-r01,2026-09-01T15:49:19.921840785Z,11890.326078,16750362,1021853696,1012133888
calibration-20260902-g,S1-50-r01,2026-09-01T15:49:19.931967679Z,11900.452971,16780072,1025982464,1016328192
calibration-20260902-g,S1-50-r01,2026-09-01T15:49:19.942238137Z,11910.723429,16833833,1026211840,1016590336
calibration-20260902-g,S1-50-r01,2026-09-01T15:49:19.952449924Z,11920.935216,16851870,1026211840,1016590336
calibration-20260902-g,S1-50-r01,2026-09-01T15:49:19.962606868Z,11931.092161,16852016,1026211840,1016590336
calibration-20260902-g,S1-50-r01,2026-09-01T15:49:19.971800455Z,11940.285747,16852139,1026211840,1016590336
calibration-20260902-g,S1-50-r01,2026-09-01T15:49:19.981931245Z,11950.416537,16852258,1026211840,1016496128
calibration-20260902-g,S1-50-r01,2026-09-01T15:49:19.992076378Z,11960.561671,16852370,1026211840,1016496128
calibration-20260902-g,S1-50-r01,2026-09-01T15:49:20.002243582Z,11970.728882,16852494,1026211840,1016496128
calibration-20260902-g,S1-50-r01,2026-09-01T15:49:20.012388098Z,11980.873390,16852634,1026211840,1016496128
calibration-20260902-g,S1-50-r01,2026-09-01T15:49:20.02255475Z,11991.040042,16852754,1026211840,1016496128
calibration-20260902-g,S1-50-r01,2026-09-01T15:49:20.031695588Z,12000.180881,16882542,1026211840,1016496128
calibration-20260902-g,S1-50-r01,2026-09-01T15:49:20.041951153Z,12010.436445,16918439,1026211840,1016496128
calibration-20260902-g,S1-50-r01,2026-09-01T15:49:20.052180607Z,12020.665901,16949849,1026211840,1016496128
calibration-20260902-g,S1-50-r01,2026-09-01T15:49:20.062305211Z,12030.790503,16950041,1026441216,1016496128
calibration-20260902-g,S1-50-r01,2026-09-01T15:49:20.12366355Z,12092.148843,16950314,1026441216,1016496128
calibration-20260902-g,S1-50-r01,2026-09-01T15:49:20.131911333Z,12100.396626,16980208,1026899968,1017020416
calibration-20260902-g,S1-50-r01,2026-09-01T15:49:20.142158622Z,12110.643915,17016025,1026899968,1017020416
calibration-20260902-g,S1-50-r01,2026-09-01T15:49:20.152314234Z,12120.799526,17051856,1026899968,1017020416
calibration-20260902-g,S1-50-r01,2026-09-01T15:49:20.162507688Z,12130.992981,17052040,1026899968,1017020416
calibration-20260902-g,S1-50-r01,2026-09-01T15:49:20.172696946Z,12141.182239,17052167,1026899968,1017020416
calibration-20260902-g,S1-50-r01,2026-09-01T15:49:20.181862575Z,12150.347868,17052282,1026899968,1017020416
calibration-20260902-g,S1-50-r01,2026-09-01T15:49:20.191984197Z,12160.469489,17052412,1026899968,1017020416
calibration-20260902-g,S1-50-r01,2026-09-01T15:49:20.202165889Z,12170.651181,17052567,1026899968,1016545280
calibration-20260902-g,S1-50-r01,2026-09-01T15:49:20.212390787Z,12180.876079,17052757,1026899968,1016545280
calibration-20260902-g,S1-50-r01,2026-09-01T15:49:20.222603574Z,12191.088866,17052899,1026899968,1016545280
calibration-20260902-g,S1-50-r01,2026-09-01T15:49:20.231740589Z,12200.225881,17082750,1027358720,1016807424
calibration-20260902-g,S1-50-r01,2026-09-01T15:49:20.241888404Z,12210.373696,17119315,1031716864,1021263872
calibration-20260902-g,S1-50-r01,2026-09-01T15:49:20.252122293Z,12220.607586,17150041,1032404992,1021788160
calibration-20260902-g,S1-50-r01,2026-09-01T15:49:20.262308957Z,12230.794249,17150192,1032404992,1021788160
calibration-20260902-g,S1-50-r01,2026-09-01T15:49:20.272494122Z,12240.979414,17150312,1032404992,1021788160
calibration-20260902-g,S1-50-r01,2026-09-01T15:49:20.282646158Z,12251.131451,17150453,1032404992,1022046208
calibration-20260902-g,S1-50-r01,2026-09-01T15:49:20.291859257Z,12260.344551,17150604,1032634368,1022046208
calibration-20260902-g,S1-50-r01,2026-09-01T15:49:20.30208587Z,12270.571163,17150784,1032634368,1022046208
calibration-20260902-g,S1-50-r01,2026-09-01T15:49:20.312302468Z,12280.787760,17150969,1032634368,1022046208
calibration-20260902-g,S1-50-r01,2026-09-01T15:49:20.322463678Z,12290.948971,17151094,1032634368,1022046208
calibration-20260902-g,S1-50-r01,2026-09-01T15:49:20.332673866Z,12301.159158,17181095,1048920064,1038299136
calibration-20260902-g,S1-50-r01,2026-09-01T15:49:20.341843262Z,12310.328549,17221478,1065893888,1055338496
calibration-20260902-g,S1-50-r01,2026-09-01T15:49:20.352058059Z,12320.543352,17244741,1066582016,1056124928
calibration-20260902-g,S1-50-r01,2026-09-01T15:49:20.362281593Z,12330.766885,17244999,1066582016,1056124928
calibration-20260902-g,S1-50-r01,2026-09-01T15:49:20.423690021Z,12392.175313,17245436,1066582016,1056387072
calibration-20260902-g,S1-50-r01,2026-09-01T15:49:20.431855843Z,12400.341135,17276334,1077592064,1067888640
calibration-20260902-g,S1-50-r01,2026-09-01T15:49:20.442214488Z,12410.699780,17320799,1077592064,1068150784
calibration-20260902-g,S1-50-r01,2026-09-01T15:49:20.452266285Z,12420.751572,17344808,1029435392,1020112896
calibration-20260902-g,S1-50-r01,2026-09-01T15:49:20.462419845Z,12430.905137,17344897,1029435392,1020112896
calibration-20260902-g,S1-50-r01,2026-09-01T15:49:20.47260688Z,12441.092168,17345006,1029664768,1020268544
calibration-20260902-g,S1-50-r01,2026-09-01T15:49:20.481770908Z,12450.256200,17345103,1029664768,1020264448
calibration-20260902-g,S1-50-r01,2026-09-01T15:49:20.491916511Z,12460.401803,17345209,1029664768,1019764736
calibration-20260902-g,S1-50-r01,2026-09-01T15:49:20.502092Z,12470.577287,17345323,1029664768,1019764736
calibration-20260902-g,S1-50-r01,2026-09-01T15:49:20.523654014Z,12492.139307,17345499,1029664768,1019764736
calibration-20260902-g,S1-50-r01,2026-09-01T15:49:20.532111379Z,12500.596667,17376686,942837760,933400576
calibration-20260902-g,S1-50-r01,2026-09-01T15:49:20.542139741Z,12510.625035,17412879,965775360,956137472
calibration-20260902-g,S1-50-r01,2026-09-01T15:49:20.552378798Z,12520.864090,17453190,965775360,955940864
calibration-20260902-g,S1-50-r01,2026-09-01T15:49:20.562548815Z,12531.034107,17453408,965775360,955940864
calibration-20260902-g,S1-50-r01,2026-09-01T15:49:20.57169955Z,12540.184841,17453543,965775360,955940864
calibration-20260902-g,S1-50-r01,2026-09-01T15:49:20.581900227Z,12550.385519,17453767,965775360,956203008
calibration-20260902-g,S1-50-r01,2026-09-01T15:49:20.592116222Z,12560.601516,17453950,965775360,956198912
calibration-20260902-g,S1-50-r01,2026-09-01T15:49:20.602243292Z,12570.728585,17454104,965775360,956461056
calibration-20260902-g,S1-50-r01,2026-09-01T15:49:20.623743589Z,12592.228876,17454323,965775360,956461056
calibration-20260902-g,S1-50-r01,2026-09-01T15:49:20.631923595Z,12600.408888,17484219,965775360,956461056
calibration-20260902-g,S1-50-r01,2026-09-01T15:49:20.642141387Z,12610.626679,17520053,965775360,956461056
calibration-20260902-g,S1-50-r01,2026-09-01T15:49:20.652410713Z,12620.896005,17551501,965775360,956461056
calibration-20260902-g,S1-50-r01,2026-09-01T15:49:20.662533428Z,12631.018721,17551673,965775360,956461056
calibration-20260902-g,S1-50-r01,2026-09-01T15:49:20.672693255Z,12641.178548,17551807,965775360,956461056
calibration-20260902-g,S1-50-r01,2026-09-01T15:49:20.681947327Z,12650.432619,17552013,965775360,956461056
calibration-20260902-g,S1-50-r01,2026-09-01T15:49:20.692132407Z,12660.617700,17552194,965775360,956461056
calibration-20260902-g,S1-50-r01,2026-09-01T15:49:20.702307734Z,12670.793027,17552368,965775360,956461056
calibration-20260902-g,S1-50-r01,2026-09-01T15:49:20.712540732Z,12681.026025,17552537,965775360,956461056
calibration-20260902-g,S1-50-r01,2026-09-01T15:49:20.723663405Z,12692.148698,17552675,965775360,956461056
calibration-20260902-g,S1-50-r01,2026-09-01T15:49:20.732210614Z,12700.695907,17582537,965775360,956461056
calibration-20260902-g,S1-50-r01,2026-09-01T15:49:20.742406558Z,12710.891850,17636167,965775360,956461056
calibration-20260902-g,S1-50-r01,2026-09-01T15:49:20.752650592Z,12721.135884,17649762,965775360,956461056
calibration-20260902-g,S1-50-r01,2026-09-01T15:49:20.761864Z,12730.349293,17649946,965775360,956461056
calibration-20260902-g,S1-50-r01,2026-09-01T15:49:20.772065605Z,12740.550897,17650157,965775360,956280832
calibration-20260902-g,S1-50-r01,2026-09-01T15:49:20.782192067Z,12750.677359,17650310,965775360,956280832
calibration-20260902-g,S1-50-r01,2026-09-01T15:49:20.792303995Z,12760.789287,17650497,965775360,956280832
calibration-20260902-g,S1-50-r01,2026-09-01T15:49:20.802475553Z,12770.960846,17650696,965775360,956280832
calibration-20260902-g,S1-50-r01,2026-09-01T15:49:20.812623723Z,12781.109017,17650868,965775360,956280832
calibration-20260902-g,S1-50-r01,2026-09-01T15:49:20.821811461Z,12790.296754,17651030,965775360,956280832
calibration-20260902-g,S1-50-r01,2026-09-01T15:49:20.831971758Z,12800.457050,17680832,965775360,956280832
calibration-20260902-g,S1-50-r01,2026-09-01T15:49:20.842143504Z,12810.628796,17716640,965775360,956280832
calibration-20260902-g,S1-50-r01,2026-09-01T15:49:20.852291247Z,12820.776539,17750828,969445376,959922176
calibration-20260902-g,S1-50-r01,2026-09-01T15:49:20.86243226Z,12830.917552,17751010,969445376,959922176
calibration-20260902-g,S1-50-r01,2026-09-01T15:49:20.872561666Z,12841.046960,17751226,969674752,959922176
calibration-20260902-g,S1-50-r01,2026-09-01T15:49:20.881771018Z,12850.256310,17751390,969674752,959922176
calibration-20260902-g,S1-50-r01,2026-09-01T15:49:20.891942846Z,12860.428134,17751572,969674752,959922176
calibration-20260902-g,S1-50-r01,2026-09-01T15:49:20.902076671Z,12870.561963,17751647,969674752,959922176
calibration-20260902-g,S1-50-r01,2026-09-01T15:49:20.923660431Z,12892.145723,17751776,969674752,959922176
calibration-20260902-g,S1-50-r01,2026-09-01T15:49:20.931918732Z,12900.404024,17782013,992382976,983199744
calibration-20260902-g,S1-50-r01,2026-09-01T15:49:20.942163173Z,12910.648466,17818536,1045368832,1035628544
calibration-20260902-g,S1-50-r01,2026-09-01T15:49:20.952334736Z,12920.820029,17850142,1066471424,1057124352
calibration-20260902-g,S1-50-r01,2026-09-01T15:49:20.962515059Z,12931.000352,17850307,1066471424,1057124352
calibration-20260902-g,S1-50-r01,2026-09-01T15:49:20.971661576Z,12940.146868,17850429,1066471424,1057124352
calibration-20260902-g,S1-50-r01,2026-09-01T15:49:20.981793036Z,12950.278329,17850590,1066471424,1057382400
calibration-20260902-g,S1-50-r01,2026-09-01T15:49:20.991910576Z,12960.395868,17850741,1066471424,1057382400
calibration-20260902-g,S1-50-r01,2026-09-01T15:49:21.002131203Z,12970.616502,17850919,1066471424,1057378304
calibration-20260902-g,S1-50-r01,2026-09-01T15:49:21.012278544Z,12980.763836,17851050,1066471424,1057378304
calibration-20260902-g,S1-50-r01,2026-09-01T15:49:21.022431749Z,12990.917041,17851170,1066471424,1057378304
calibration-20260902-g,S1-50-r01,2026-09-01T15:49:21.032597329Z,13001.082624,17881725,1100648448,1091457024
calibration-20260902-g,S1-50-r01,2026-09-01T15:49:21.04188872Z,13010.374007,17918152,1111199744,1101676544
calibration-20260902-g,S1-50-r01,2026-09-01T15:49:21.052098995Z,13020.584288,17949618,1111658496,1101938688
calibration-20260902-g,S1-50-r01,2026-09-01T15:49:21.062238295Z,13030.723587,17949888,1111658496,1102200832
calibration-20260902-g,S1-50-r01,2026-09-01T15:49:21.072417168Z,13040.902460,17950068,1111658496,1102200832
calibration-20260902-g,S1-50-r01,2026-09-01T15:49:21.082537128Z,13051.022420,17950258,1111658496,1101705216
calibration-20260902-g,S1-50-r01,2026-09-01T15:49:21.123814722Z,13092.300015,17950589,1111658496,1101705216
calibration-20260902-g,S1-50-r01,2026-09-01T15:49:21.132385035Z,13100.870328,17980676,1111658496,1101967360
calibration-20260902-g,S1-50-r01,2026-09-01T15:49:21.142610803Z,13111.096095,18034376,1111658496,1101967360
calibration-20260902-g,S1-50-r01,2026-09-01T15:49:21.151897939Z,13120.383232,18052435,1111658496,1101967360
calibration-20260902-g,S1-50-r01,2026-09-01T15:49:21.162114807Z,13130.600099,18052655,1111658496,1101967360
calibration-20260902-g,S1-50-r01,2026-09-01T15:49:21.172341712Z,13140.827005,18052910,1111658496,1101967360
calibration-20260902-g,S1-50-r01,2026-09-01T15:49:21.182488881Z,13150.974168,18053011,1111658496,1101967360
calibration-20260902-g,S1-50-r01,2026-09-01T15:49:21.192661641Z,13161.146934,18053101,1111658496,1101967360
calibration-20260902-g,S1-50-r01,2026-09-01T15:49:21.201843704Z,13170.328991,18053207,1111658496,1101967360
calibration-20260902-g,S1-50-r01,2026-09-01T15:49:21.21202038Z,13180.505673,18053309,1111658496,1101967360
calibration-20260902-g,S1-50-r01,2026-09-01T15:49:21.222140937Z,13190.626224,18053359,1111658496,1101967360
calibration-20260902-g,S1-50-r01,2026-09-01T15:49:21.231698411Z,13200.183704,18084126,1063788544,1054355456
calibration-20260902-g,S1-50-r01,2026-09-01T15:49:21.241919473Z,13210.404766,18119944,1063788544,1054355456
calibration-20260902-g,S1-50-r01,2026-09-01T15:49:21.25206979Z,13220.555082,18151371,1063788544,1054253056
calibration-20260902-g,S1-50-r01,2026-09-01T15:49:21.262309105Z,13230.794399,18151597,1063788544,1054253056
calibration-20260902-g,S1-50-r01,2026-09-01T15:49:21.272493749Z,13240.979040,18151810,1063788544,1054253056
calibration-20260902-g,S1-50-r01,2026-09-01T15:49:21.282663649Z,13251.148942,18152041,1063788544,1054003200
calibration-20260902-g,S1-50-r01,2026-09-01T15:49:21.291882444Z,13260.367737,18152310,1063788544,1054003200
calibration-20260902-g,S1-50-r01,2026-09-01T15:49:21.302130435Z,13270.615727,18152548,1063788544,1054265344
calibration-20260902-g,S1-50-r01,2026-09-01T15:49:21.312390991Z,13280.876283,18152807,1063788544,1054265344
calibration-20260902-g,S1-50-r01,2026-09-01T15:49:21.322569775Z,13291.055068,18153017,1063788544,1054265344
calibration-20260902-g,S1-50-r01,2026-09-01T15:49:21.331686722Z,13300.172014,18182887,1063788544,1054265344
calibration-20260902-g,S1-50-r01,2026-09-01T15:49:21.341918795Z,13310.404087,18218773,1063788544,1054265344
calibration-20260902-g,S1-50-r01,2026-09-01T15:49:21.352177169Z,13320.662461,18250202,1063788544,1054265344
calibration-20260902-g,S1-50-r01,2026-09-01T15:49:21.362302055Z,13330.787347,18250428,1064017920,1054265344
calibration-20260902-g,S1-50-r01,2026-09-01T15:49:21.372535428Z,13341.020720,18250657,1064017920,1054265344
calibration-20260902-g,S1-50-r01,2026-09-01T15:49:21.381744704Z,13350.229997,18250848,1064247296,1054265344
calibration-20260902-g,S1-50-r01,2026-09-01T15:49:21.391871712Z,13360.357005,18250983,1064247296,1054265344
calibration-20260902-g,S1-50-r01,2026-09-01T15:49:21.402095107Z,13370.580399,18251229,1064247296,1054265344
calibration-20260902-g,S1-50-r01,2026-09-01T15:49:21.412274607Z,13380.759899,18251417,1064247296,1054265344
calibration-20260902-g,S1-50-r01,2026-09-01T15:49:21.422478356Z,13390.963648,18251551,1064247296,1054265344
calibration-20260902-g,S1-50-r01,2026-09-01T15:49:21.432695018Z,13401.180310,18281479,1064247296,1054265344
calibration-20260902-g,S1-50-r01,2026-09-01T15:49:21.441849377Z,13410.334670,18317374,1064247296,1054265344
calibration-20260902-g,S1-50-r01,2026-09-01T15:49:21.452017022Z,13420.502315,18353258,1064247296,1054265344
calibration-20260902-g,S1-50-r01,2026-09-01T15:49:21.462266065Z,13430.751357,18353583,1064247296,1054265344
calibration-20260902-g,S1-50-r01,2026-09-01T15:49:21.472472979Z,13440.958272,18353747,1064247296,1054265344
calibration-20260902-g,S1-50-r01,2026-09-01T15:49:21.482688168Z,13451.173469,18353960,1064247296,1054265344
calibration-20260902-g,S1-50-r01,2026-09-01T15:49:21.491848125Z,13460.333418,18354120,1064247296,1054265344
calibration-20260902-g,S1-50-r01,2026-09-01T15:49:21.501969926Z,13470.455218,18354299,1064247296,1054265344
calibration-20260902-g,S1-50-r01,2026-09-01T15:49:21.512130857Z,13480.616150,18354467,1064247296,1054265344
calibration-20260902-g,S1-50-r01,2026-09-01T15:49:21.522312953Z,13490.798246,18354600,1064476672,1054265344
calibration-20260902-g,S1-50-r01,2026-09-01T15:49:21.532496222Z,13500.981515,18384440,1064476672,1054265344
calibration-20260902-g,S1-50-r01,2026-09-01T15:49:21.541688806Z,13510.174098,18424270,1064476672,1054265344
calibration-20260902-g,S1-50-r01,2026-09-01T15:49:21.551873047Z,13520.358334,18447633,1064476672,1054265344
calibration-20260902-g,S1-50-r01,2026-09-01T15:49:21.56206467Z,13530.549963,18447799,1064476672,1054265344
calibration-20260902-g,S1-50-r01,2026-09-01T15:49:21.57227696Z,13540.762253,18447980,1064476672,1054265344
calibration-20260902-g,S1-50-r01,2026-09-01T15:49:21.582405025Z,13550.890317,18448149,1064476672,1054265344
calibration-20260902-g,S1-50-r01,2026-09-01T15:49:21.623687939Z,13592.173231,18448452,1064476672,1054265344
calibration-20260902-g,S1-50-r01,2026-09-01T15:49:21.631864062Z,13600.349350,18478943,1066082304,1055838208
calibration-20260902-g,S1-50-r01,2026-09-01T15:49:21.642065746Z,13610.551039,18514843,1080303616,1070514176
calibration-20260902-g,S1-50-r01,2026-09-01T15:49:21.652296372Z,13620.781659,18551150,1032503296,1022791680
calibration-20260902-g,S1-50-r01,2026-09-01T15:49:21.662465832Z,13630.951120,18551284,1032503296,1022791680
calibration-20260902-g,S1-50-r01,2026-09-01T15:49:21.672665099Z,13641.150391,18551406,1032503296,1022701568
calibration-20260902-g,S1-50-r01,2026-09-01T15:49:21.681815939Z,13650.301231,18551491,1032503296,1022959616
calibration-20260902-g,S1-50-r01,2026-09-01T15:49:21.691973449Z,13660.458741,18551565,1032503296,1022701568
calibration-20260902-g,S1-50-r01,2026-09-01T15:49:21.70215289Z,13670.638182,18551672,1032503296,1022701568
calibration-20260902-g,S1-50-r01,2026-09-01T15:49:21.712351357Z,13680.836649,18551803,1032503296,1022701568
calibration-20260902-g,S1-50-r01,2026-09-01T15:49:21.722482711Z,13690.967998,18551891,1032503296,1022701568
calibration-20260902-g,S1-50-r01,2026-09-01T15:49:21.742185487Z,13710.670774,18616189,969355264,959766528
calibration-20260902-g,S1-50-r01,2026-09-01T15:49:21.752541437Z,13721.026729,18652682,970731520,960815104
calibration-20260902-g,S1-50-r01,2026-09-01T15:49:21.761662676Z,13730.147968,18652796,970731520,960626688
calibration-20260902-g,S1-50-r01,2026-09-01T15:49:21.771796514Z,13740.281802,18652913,970731520,960364544
calibration-20260902-g,S1-50-r01,2026-09-01T15:49:21.781930922Z,13750.416215,18652980,970731520,960364544
calibration-20260902-g,S1-50-r01,2026-09-01T15:49:21.792084538Z,13760.569825,18653041,970731520,960364544
calibration-20260902-g,S1-50-r01,2026-09-01T15:49:21.823638246Z,13792.123539,18653160,970731520,960364544
calibration-20260902-g,S1-50-r01,2026-09-01T15:49:21.831917273Z,13800.402565,18683031,970731520,960626688
calibration-20260902-g,S1-50-r01,2026-09-01T15:49:21.842153988Z,13810.639280,18718937,970731520,960626688
calibration-20260902-g,S1-50-r01,2026-09-01T15:49:21.852418507Z,13820.903799,18754697,970731520,960626688
calibration-20260902-g,S1-50-r01,2026-09-01T15:49:21.862578595Z,13831.063888,18754947,970731520,960626688
calibration-20260902-g,S1-50-r01,2026-09-01T15:49:21.871671745Z,13840.157038,18755093,970731520,960626688
calibration-20260902-g,S1-50-r01,2026-09-01T15:49:21.881863863Z,13850.349155,18755269,970731520,960626688
calibration-20260902-g,S1-50-r01,2026-09-01T15:49:21.892004079Z,13860.489372,18755399,970731520,960626688
calibration-20260902-g,S1-50-r01,2026-09-01T15:49:21.902122208Z,13870.607501,18755531,970731520,960626688
calibration-20260902-g,S1-50-r01,2026-09-01T15:49:21.912271818Z,13880.757111,18755696,970731520,960626688
calibration-20260902-g,S1-50-r01,2026-09-01T15:49:21.922495198Z,13890.980490,18755929,970731520,960626688
calibration-20260902-g,S1-50-r01,2026-09-01T15:49:21.932699828Z,13901.185121,18785814,970731520,960626688
calibration-20260902-g,S1-50-r01,2026-09-01T15:49:21.941980266Z,13910.465559,18821634,970731520,960626688
calibration-20260902-g,S1-50-r01,2026-09-01T15:49:21.952251884Z,13920.737176,18852992,970731520,960626688
calibration-20260902-g,S1-50-r01,2026-09-01T15:49:21.962465009Z,13930.950301,18853300,970731520,960626688
calibration-20260902-g,S1-50-r01,2026-09-01T15:49:21.971708029Z,13940.193323,18853601,970731520,960626688
calibration-20260902-g,S1-50-r01,2026-09-01T15:49:21.981974639Z,13950.459932,18853885,970731520,960454656
calibration-20260902-g,S1-50-r01,2026-09-01T15:49:21.992189345Z,13960.674638,18854096,970960896,960454656
calibration-20260902-g,S1-50-r01,2026-09-01T15:49:22.002297245Z,13970.782544,18854320,970960896,960454656
calibration-20260902-g,S1-50-r01,2026-09-01T15:49:22.023642935Z,13992.128228,18854562,970960896,960454656
calibration-20260902-g,S1-50-r01,2026-09-01T15:49:22.031754308Z,14000.239600,18884382,970960896,960454656
calibration-20260902-g,S1-50-r01,2026-09-01T15:49:22.041958161Z,14010.443453,18920114,970960896,960454656
calibration-20260902-g,S1-50-r01,2026-09-01T15:49:22.052014002Z,14020.499295,18955881,973025280,962162688
calibration-20260902-g,S1-50-r01,2026-09-01T15:49:22.062167353Z,14030.652646,18956039,973025280,962162688
calibration-20260902-g,S1-50-r01,2026-09-01T15:49:22.072355005Z,14040.840292,18956161,973025280,962162688
calibration-20260902-g,S1-50-r01,2026-09-01T15:49:22.082509353Z,14050.994640,18956267,973025280,962162688
calibration-20260902-g,S1-50-r01,2026-09-01T15:49:22.091673675Z,14060.158962,18956391,973025280,962420736
calibration-20260902-g,S1-50-r01,2026-09-01T15:49:22.101854217Z,14070.339510,18956531,973025280,962420736
calibration-20260902-g,S1-50-r01,2026-09-01T15:49:22.112012143Z,14080.497430,18956610,973025280,962420736
calibration-20260902-g,S1-50-r01,2026-09-01T15:49:22.122141936Z,14090.627228,18956676,973025280,962420736
calibration-20260902-g,S1-50-r01,2026-09-01T15:49:22.132331834Z,14100.817126,18988149,988393472,978149376
calibration-20260902-g,S1-50-r01,2026-09-01T15:49:22.142618398Z,14111.103690,19041270,1026928640,1016160256
calibration-20260902-g,S1-50-r01,2026-09-01T15:49:22.223647782Z,14192.133074,19055091,1034039296,1023238144
calibration-20260902-g,S1-50-r01,2026-09-01T15:49:22.231884772Z,14200.370069,19085455,1075097600,1064394752
calibration-20260902-g,S1-50-r01,2026-09-01T15:49:22.242042496Z,14210.527789,19122450,1102622720,1092182016
calibration-20260902-g,S1-50-r01,2026-09-01T15:49:22.252282336Z,14220.767629,19153225,1115467776,1105289216
calibration-20260902-g,S1-50-r01,2026-09-01T15:49:22.262509672Z,14230.994965,19153457,1115467776,1105289216
calibration-20260902-g,S1-50-r01,2026-09-01T15:49:22.271686272Z,14240.171565,19153669,1115467776,1105285120
calibration-20260902-g,S1-50-r01,2026-09-01T15:49:22.281881079Z,14250.366371,19153862,1115467776,1105547264
calibration-20260902-g,S1-50-r01,2026-09-01T15:49:22.292103839Z,14260.589132,19154049,1115467776,1105809408
calibration-20260902-g,S1-50-r01,2026-09-01T15:49:22.302260514Z,14270.745806,19154264,1115467776,1105809408
calibration-20260902-g,S1-50-r01,2026-09-01T15:49:22.312466309Z,14280.951602,19154432,1115467776,1105809408
calibration-20260902-g,S1-50-r01,2026-09-01T15:49:22.322652902Z,14291.138195,19154678,1115467776,1105809408
calibration-20260902-g,S1-50-r01,2026-09-01T15:49:22.331801901Z,14300.287188,19185096,1115926528,1106071552
calibration-20260902-g,S1-50-r01,2026-09-01T15:49:22.34201972Z,14310.505014,19220952,1115926528,1106071552
calibration-20260902-g,S1-50-r01,2026-09-01T15:49:22.352229972Z,14320.715264,19252326,1115926528,1105809408
calibration-20260902-g,S1-50-r01,2026-09-01T15:49:22.36245784Z,14330.943133,19252580,1115926528,1105809408
calibration-20260902-g,S1-50-r01,2026-09-01T15:49:22.423656418Z,14392.141710,19252918,1115926528,1105809408
calibration-20260902-g,S1-50-r01,2026-09-01T15:49:22.431651372Z,14400.136659,19284027,1003397120,993624064
calibration-20260902-g,S1-50-r01,2026-09-01T15:49:22.441984392Z,14410.469685,19319961,1032069120,1022459904
calibration-20260902-g,S1-50-r01,2026-09-01T15:49:22.452214725Z,14420.700018,19355849,1032527872,1022763008
calibration-20260902-g,S1-50-r01,2026-09-01T15:49:22.462466059Z,14430.951351,19356113,1032527872,1022754816
calibration-20260902-g,S1-50-r01,2026-09-01T15:49:22.471680584Z,14440.165871,19356293,1032527872,1022754816
calibration-20260902-g,S1-50-r01,2026-09-01T15:49:22.481956117Z,14450.441404,19356507,1032527872,1022754816
calibration-20260902-g,S1-50-r01,2026-09-01T15:49:22.523684492Z,14492.169779,19356693,1032757248,1022816256
calibration-20260902-g,S1-50-r01,2026-09-01T15:49:22.531931816Z,14500.417109,19386551,1034592256,1024651264
calibration-20260902-g,S1-50-r01,2026-09-01T15:49:22.542191173Z,14510.676465,19431416,1034592256,1024651264
calibration-20260902-g,S1-50-r01,2026-09-01T15:49:22.552472371Z,14520.957664,19454036,1034592256,1024651264
calibration-20260902-g,S1-50-r01,2026-09-01T15:49:22.562635483Z,14531.120775,19454219,1034592256,1024651264
calibration-20260902-g,S1-50-r01,2026-09-01T15:49:22.57179532Z,14540.280613,19454368,1034592256,1024651264
calibration-20260902-g,S1-50-r01,2026-09-01T15:49:22.581997091Z,14550.482383,19454542,1034592256,1024651264
calibration-20260902-g,S1-50-r01,2026-09-01T15:49:22.592202325Z,14560.687617,19454694,1034592256,1024442368
calibration-20260902-g,S1-50-r01,2026-09-01T15:49:22.602291879Z,14570.777173,19454833,1034592256,1024442368
calibration-20260902-g,S1-50-r01,2026-09-01T15:49:22.612426327Z,14580.911620,19454951,1034592256,1024442368
calibration-20260902-g,S1-50-r01,2026-09-01T15:49:22.622704614Z,14591.189906,19455078,1034592256,1024442368
calibration-20260902-g,S1-50-r01,2026-09-01T15:49:22.631984162Z,14600.469478,19484885,1034592256,1024442368
calibration-20260902-g,S1-50-r01,2026-09-01T15:49:22.642311057Z,14610.796349,19538583,1034592256,1024442368
calibration-20260902-g,S1-50-r01,2026-09-01T15:49:22.652590892Z,14621.076185,19550644,1034592256,1024442368
calibration-20260902-g,S1-50-r01,2026-09-01T15:49:22.66179859Z,14630.283882,19550805,1034592256,1024442368
calibration-20260902-g,S1-50-r01,2026-09-01T15:49:22.723643472Z,14692.128765,19551017,1034821632,1024442368
calibration-20260902-g,S1-50-r01,2026-09-01T15:49:22.731924512Z,14700.409805,19580924,1034821632,1024442368
calibration-20260902-g,S1-50-r01,2026-09-01T15:49:22.742075835Z,14710.561127,19616796,1034821632,1024442368
calibration-20260902-g,S1-50-r01,2026-09-01T15:49:22.752353333Z,14720.838621,19653176,1036197888,1026015232
calibration-20260902-g,S1-50-r01,2026-09-01T15:49:22.762520371Z,14731.005663,19653365,1036197888,1026273280
calibration-20260902-g,S1-50-r01,2026-09-01T15:49:22.771784626Z,14740.269918,19653593,1036197888,1026265088
calibration-20260902-g,S1-50-r01,2026-09-01T15:49:22.781978436Z,14750.463729,19653771,1036427264,1026265088
calibration-20260902-g,S1-50-r01,2026-09-01T15:49:22.792166961Z,14760.652254,19654012,1036427264,1026265088
calibration-20260902-g,S1-50-r01,2026-09-01T15:49:22.802402203Z,14770.887495,19654224,1036427264,1026265088
calibration-20260902-g,S1-50-r01,2026-09-01T15:49:22.812594554Z,14781.079846,19654431,1036427264,1026265088
calibration-20260902-g,S1-50-r01,2026-09-01T15:49:22.821808678Z,14790.293970,19654583,1036427264,1026265088
calibration-20260902-g,S1-50-r01,2026-09-01T15:49:22.831913296Z,14800.398583,19686038,1036427264,1026265088
calibration-20260902-g,S1-50-r01,2026-09-01T15:49:22.841898871Z,14810.384158,19724169,1024000000,1026527232
calibration-20260902-g,S1-50-r01,2026-09-01T15:49:22.852170279Z,14820.655573,19747467,996892672,1022320640
calibration-20260902-g,S1-50-r01,2026-09-01T15:49:22.862351315Z,14830.836607,19747642,996892672,1022320640
calibration-20260902-g,S1-50-r01,2026-09-01T15:49:22.872582155Z,14841.067447,19747889,996892672,1022320640
calibration-20260902-g,S1-50-r01,2026-09-01T15:49:22.881817913Z,14850.303201,19748172,996892672,1022578688
calibration-20260902-g,S1-50-r01,2026-09-01T15:49:22.892162548Z,14860.647835,19748419,996892672,1022578688
calibration-20260902-g,S1-50-r01,2026-09-01T15:49:22.923639537Z,14892.124829,19748637,996892672,1018400768
calibration-20260902-g,S1-50-r01,2026-09-01T15:49:22.932530018Z,14901.015310,19780480,964575232,955252736
calibration-20260902-g,S1-50-r01,2026-09-01T15:49:22.942656631Z,14911.141948,19834124,1003569152,994570240
calibration-20260902-g,S1-50-r01,2026-09-01T15:49:22.951933925Z,14920.419217,19852270,1009991680,1000767488
calibration-20260902-g,S1-50-r01,2026-09-01T15:49:22.962106155Z,14930.591447,19852459,1009991680,1000935424
calibration-20260902-g,S1-50-r01,2026-09-01T15:49:22.972337996Z,14940.823289,19852661,1009991680,1000935424
calibration-20260902-g,S1-50-r01,2026-09-01T15:49:22.982501258Z,14950.986551,19852852,1009991680,1001193472
calibration-20260902-g,S1-50-r01,2026-09-01T15:49:22.991660728Z,14960.146021,19853053,1009991680,1000939520
calibration-20260902-g,S1-50-r01,2026-09-01T15:49:23.00193153Z,14970.416829,19853288,1009991680,1000706048
calibration-20260902-g,S1-50-r01,2026-09-01T15:49:23.012187521Z,14980.672809,19853772,1009991680,1000706048
calibration-20260902-g,S1-50-r01,2026-09-01T15:49:23.022399112Z,14990.884405,19853933,1009991680,1000706048
calibration-20260902-g,S1-50-r01,2026-09-01T15:49:23.032051842Z,15000.537134,19882601,976863232,967585792
calibration-20260902-g,S1-50-r01,2026-09-01T15:49:23.042293106Z,15010.778399,19923070,989020160,979644416
calibration-20260902-g,S1-50-r01,2026-09-01T15:49:23.05250244Z,15020.987733,19950037,989020160,979554304
calibration-20260902-g,S1-50-r01,2026-09-01T15:49:23.06267481Z,15031.160103,19950294,989020160,979554304
calibration-20260902-g,S1-50-r01,2026-09-01T15:49:23.071784438Z,15040.269731,19950438,989020160,979554304
calibration-20260902-g,S1-50-r01,2026-09-01T15:49:23.081917702Z,15050.402994,19950581,989020160,979554304
calibration-20260902-g,S1-50-r01,2026-09-01T15:49:23.092066372Z,15060.551664,19950752,989020160,979554304
calibration-20260902-g,S1-50-r01,2026-09-01T15:49:23.102283308Z,15070.768600,19950994,989020160,979554304
calibration-20260902-g,S1-50-r01,2026-09-01T15:49:23.112485947Z,15080.971239,19951141,989020160,979554304
calibration-20260902-g,S1-50-r01,2026-09-01T15:49:23.122580579Z,15091.065871,19951263,989020160,979554304
calibration-20260902-g,S1-50-r01,2026-09-01T15:49:23.131742294Z,15100.227586,19973608,989020160,979554304
calibration-20260902-g,S1-50-r01,2026-09-01T15:49:23.141981688Z,15110.466981,20000504,989020160,979554304
calibration-20260902-g,S1-50-r01,2026-09-01T15:49:23.152205025Z,15120.690318,20040711,989020160,979554304
calibration-20260902-g,S1-50-r01,2026-09-01T15:49:23.162383875Z,15130.869168,20049763,989020160,979554304
calibration-20260902-g,S1-50-r01,2026-09-01T15:49:23.172583087Z,15141.068381,20049916,989249536,979554304
calibration-20260902-g,S1-50-r01,2026-09-01T15:49:23.181805947Z,15150.291239,20050087,989249536,979554304
calibration-20260902-g,S1-50-r01,2026-09-01T15:49:23.191999684Z,15160.484972,20050215,989249536,979554304
calibration-20260902-g,S1-50-r01,2026-09-01T15:49:23.2021208Z,15170.606093,20050275,989249536,979443712
calibration-20260902-g,S1-50-r01,2026-09-01T15:49:23.212266075Z,15180.751369,20050342,989249536,979443712
calibration-20260902-g,S1-50-r01,2026-09-01T15:49:23.222408369Z,15190.893663,20050430,989249536,979443712
calibration-20260902-g,S1-50-r01,2026-09-01T15:49:23.232558343Z,15201.043635,20072793,989249536,979701760
calibration-20260902-g,S1-50-r01,2026-09-01T15:49:23.241694217Z,15210.179509,20103382,989249536,979701760
calibration-20260902-g,S1-50-r01,2026-09-01T15:49:23.251922903Z,15220.408195,20140120,1007140864,997761024
calibration-20260902-g,S1-50-r01,2026-09-01T15:49:23.262131328Z,15230.616620,20149344,1018839040,1009295360
calibration-20260902-g,S1-50-r01,2026-09-01T15:49:23.323644285Z,15292.129578,20149544,1019068416,1009557504
calibration-20260902-g,S1-50-r01,2026-09-01T15:49:23.331844157Z,15300.329450,20172449,1032601600,1022926848
calibration-20260902-g,S1-50-r01,2026-09-01T15:49:23.342072748Z,15310.558040,20200150,1037647872,1027907584
calibration-20260902-g,S1-50-r01,2026-09-01T15:49:23.352340179Z,15320.825466,20240763,1037647872,1028169728
calibration-20260902-g,S1-50-r01,2026-09-01T15:49:23.362569992Z,15331.055284,20249907,1037647872,1028169728
calibration-20260902-g,S1-50-r01,2026-09-01T15:49:23.371750648Z,15340.235940,20250074,1037647872,1028169728
calibration-20260902-g,S1-50-r01,2026-09-01T15:49:23.381941112Z,15350.426404,20250213,1037647872,1028169728
calibration-20260902-g,S1-50-r01,2026-09-01T15:49:23.392140506Z,15360.625798,20250400,1037647872,1028169728
calibration-20260902-g,S1-50-r01,2026-09-01T15:49:23.402297045Z,15370.782338,20250527,1037647872,1028169728
calibration-20260902-g,S1-50-r01,2026-09-01T15:49:23.412431588Z,15380.916880,20250633,1037647872,1028169728
calibration-20260902-g,S1-50-r01,2026-09-01T15:49:23.422568753Z,15391.054045,20250753,1037647872,1028169728
calibration-20260902-g,S1-50-r01,2026-09-01T15:49:23.431768019Z,15400.253311,20273207,1037647872,1028169728
calibration-20260902-g,S1-50-r01,2026-09-01T15:49:23.44200738Z,15410.492674,20300211,1037647872,1028169728
calibration-20260902-g,S1-50-r01,2026-09-01T15:49:23.452237948Z,15420.723235,20340937,1037647872,1027993600
calibration-20260902-g,S1-50-r01,2026-09-01T15:49:23.462458931Z,15430.944224,20350023,1037647872,1027993600
calibration-20260902-g,S1-50-r01,2026-09-01T15:49:23.471648931Z,15440.134224,20350201,1037877248,1027993600
calibration-20260902-g,S1-50-r01,2026-09-01T15:49:23.481795771Z,15450.281063,20350386,1037877248,1027993600
calibration-20260902-g,S1-50-r01,2026-09-01T15:49:23.491971441Z,15460.456733,20350579,1037877248,1027993600
calibration-20260902-g,S1-50-r01,2026-09-01T15:49:23.502093997Z,15470.579289,20350729,1037877248,1027993600
calibration-20260902-g,S1-50-r01,2026-09-01T15:49:23.512281024Z,15480.766317,20350888,1037877248,1027993600
calibration-20260902-g,S1-50-r01,2026-09-01T15:49:23.523640306Z,15492.125598,20351137,1037877248,1027993600
calibration-20260902-g,S1-50-r01,2026-09-01T15:49:23.53180722Z,15500.292513,20373520,1037877248,1027993600
calibration-20260902-g,S1-50-r01,2026-09-01T15:49:23.541944396Z,15510.429689,20400609,990056448,980205568
calibration-20260902-g,S1-50-r01,2026-09-01T15:49:23.552155452Z,15520.640745,20427490,990056448,980205568
calibration-20260902-g,S1-50-r01,2026-09-01T15:49:23.562528366Z,15531.013658,20445507,990056448,980205568
calibration-20260902-g,S1-50-r01,2026-09-01T15:49:23.572676429Z,15541.161722,20445653,990056448,980369408
calibration-20260902-g,S1-50-r01,2026-09-01T15:49:23.581774188Z,15550.259479,20445770,990056448,980369408
calibration-20260902-g,S1-50-r01,2026-09-01T15:49:23.591930752Z,15560.416044,20445904,990056448,980369408
calibration-20260902-g,S1-50-r01,2026-09-01T15:49:23.602092518Z,15570.577810,20446045,990056448,980369408
calibration-20260902-g,S1-50-r01,2026-09-01T15:49:23.612231834Z,15580.717127,20446170,990056448,980369408
calibration-20260902-g,S1-50-r01,2026-09-01T15:49:23.622404038Z,15590.889331,20446303,990056448,980369408
calibration-20260902-g,S1-50-r01,2026-09-01T15:49:23.632606036Z,15601.091328,20461360,990056448,980369408
calibration-20260902-g,S1-50-r01,2026-09-01T15:49:23.641831685Z,15610.316977,20479352,990056448,980369408
calibration-20260902-g,S1-50-r01,2026-09-01T15:49:23.652040872Z,15620.526164,20506253,990056448,980369408
calibration-20260902-g,S1-50-r01,2026-09-01T15:49:23.662287722Z,15630.773014,20533195,990056448,980369408
calibration-20260902-g,S1-50-r01,2026-09-01T15:49:23.672510326Z,15640.995619,20542488,990056448,980369408
calibration-20260902-g,S1-50-r01,2026-09-01T15:49:23.681644954Z,15650.130242,20542603,990056448,980369408
calibration-20260902-g,S1-50-r01,2026-09-01T15:49:23.691814531Z,15660.299824,20542787,990056448,980369408
calibration-20260902-g,S1-50-r01,2026-09-01T15:49:23.701971619Z,15670.456912,20542993,990056448,980369408
calibration-20260902-g,S1-50-r01,2026-09-01T15:49:23.71212487Z,15680.610162,20543162,990056448,980369408
calibration-20260902-g,S1-50-r01,2026-09-01T15:49:23.722319052Z,15690.804345,20543362,990056448,980369408
calibration-20260902-g,S1-50-r01,2026-09-01T15:49:23.732532396Z,15701.017684,20560156,990056448,980369408
calibration-20260902-g,S1-50-r01,2026-09-01T15:49:23.741764155Z,15710.249447,20576643,990056448,980369408
calibration-20260902-g,S1-50-r01,2026-09-01T15:49:23.751811603Z,15720.296895,20599638,942129152,932360192
calibration-20260902-g,S1-50-r01,2026-09-01T15:49:23.756865122Z,15725.350414,20605671,894304256,884555776
calibration-20260902-g,S2-50-r01,2026-09-01T15:49:24.045879027Z,0.068951,20849088,58720256,48275456
calibration-20260902-g,S2-50-r01,2026-09-01T15:49:24.070411265Z,24.601174,20852910,61472768,50614272
calibration-20260902-g,S2-50-r01,2026-09-01T15:49:24.076205697Z,30.395601,20859319,77987840,67653632
calibration-20260902-g,S2-50-r01,2026-09-01T15:49:24.086364443Z,40.554353,20872763,113082368,102518784
calibration-20260902-g,S2-50-r01,2026-09-01T15:49:24.096551364Z,50.741273,20881823,114458624,104091648
calibration-20260902-g,S2-50-r01,2026-09-01T15:49:24.10675061Z,60.940520,20895378,114458624,104091648
calibration-20260902-g,S2-50-r01,2026-09-01T15:49:24.116986395Z,71.176305,20904529,114458624,104091648
calibration-20260902-g,S2-50-r01,2026-09-01T15:49:24.126104374Z,80.294286,20913550,114458624,104091648
calibration-20260902-g,S2-50-r01,2026-09-01T15:49:24.136326957Z,90.516868,20927061,114458624,104091648
calibration-20260902-g,S2-50-r01,2026-09-01T15:49:24.146562291Z,100.752201,20940667,114458624,104091648
calibration-20260902-g,S2-50-r01,2026-09-01T15:49:24.156767223Z,110.957132,20949759,114458624,104091648
calibration-20260902-g,S2-50-r01,2026-09-01T15:49:24.167004611Z,121.194520,20963433,114458624,104091648
calibration-20260902-g,S2-50-r01,2026-09-01T15:49:24.176174135Z,130.364044,20974586,120422400,110383104
calibration-20260902-g,S2-50-r01,2026-09-01T15:49:24.18630225Z,140.492159,20986461,140148736,130043904
calibration-20260902-g,S2-50-r01,2026-09-01T15:49:24.196503296Z,150.693206,20995869,160104448,149966848
calibration-20260902-g,S2-50-r01,2026-09-01T15:49:24.206713635Z,160.903539,21009685,168591360,158232576
calibration-20260902-g,S2-50-r01,2026-09-01T15:49:24.216894072Z,171.083982,21018715,168591360,158232576
calibration-20260902-g,S2-50-r01,2026-09-01T15:49:24.226097729Z,180.287638,21023363,168591360,158494720
calibration-20260902-g,S2-50-r01,2026-09-01T15:49:24.236347475Z,190.537384,21035519,169050112,159019008
calibration-20260902-g,S2-50-r01,2026-09-01T15:49:24.246561654Z,200.751563,21049096,169050112,159019008
calibration-20260902-g,S2-50-r01,2026-09-01T15:49:24.256731998Z,210.921908,21058210,169508864,159281152
calibration-20260902-g,S2-50-r01,2026-09-01T15:49:24.266866311Z,221.056220,21071771,169508864,159281152
calibration-20260902-g,S2-50-r01,2026-09-01T15:49:24.275984735Z,230.174644,21080869,169508864,159281152
calibration-20260902-g,S2-50-r01,2026-09-01T15:49:24.286207156Z,240.397065,21094557,169738240,159805440
calibration-20260902-g,S2-50-r01,2026-09-01T15:49:24.296485625Z,250.675534,21103682,169738240,159805440
calibration-20260902-g,S2-50-r01,2026-09-01T15:49:24.306646793Z,260.836703,21117244,170196992,160067584
calibration-20260902-g,S2-50-r01,2026-09-01T15:49:24.316858562Z,271.048471,21121964,170196992,160067584
calibration-20260902-g,S2-50-r01,2026-09-01T15:49:24.326022907Z,280.212817,21122128,170196992,160067584
calibration-20260902-g,S2-50-r01,2026-09-01T15:49:24.336266468Z,290.456378,21134352,170196992,160067584
calibration-20260902-g,S2-50-r01,2026-09-01T15:49:24.346481174Z,300.671086,21148409,171573248,161378304
calibration-20260902-g,S2-50-r01,2026-09-01T15:49:24.35684676Z,311.036669,21157715,171573248,161378304
calibration-20260902-g,S2-50-r01,2026-09-01T15:49:24.366095907Z,320.285817,21169191,123518976,113119232
calibration-20260902-g,S2-50-r01,2026-09-01T15:49:24.371230297Z,325.420201,21176989,119296000,109068288
calibration-20260902-g,S2-100-r01,2026-09-01T15:49:24.591821026Z,0.050663,21394010,59080704,50044928
calibration-20260902-g,S2-100-r01,2026-09-01T15:49:24.630329582Z,38.559219,21396619,61145088,51679232
calibration-20260902-g,S2-100-r01,2026-09-01T15:49:24.6504384Z,58.668036,21400256,63897600,54300672
calibration-20260902-g,S2-100-r01,2026-09-01T15:49:24.651898501Z,60.128131,21403256,68485120,59281408
calibration-20260902-g,S2-100-r01,2026-09-01T15:49:24.662662638Z,70.892275,21416869,101515264,92835840
calibration-20260902-g,S2-100-r01,2026-09-01T15:49:24.672875863Z,81.105499,21426164,116424704,107515904
calibration-20260902-g,S2-100-r01,2026-09-01T15:49:24.682105228Z,90.334864,21435257,116424704,107515904
calibration-20260902-g,S2-100-r01,2026-09-01T15:49:24.692306228Z,100.535864,21448766,116424704,107515904
calibration-20260902-g,S2-100-r01,2026-09-01T15:49:24.702509015Z,110.738651,21462313,116424704,107515904
calibration-20260902-g,S2-100-r01,2026-09-01T15:49:24.712714335Z,120.943972,21471416,116424704,107515904
calibration-20260902-g,S2-100-r01,2026-09-01T15:49:24.72292681Z,131.156447,21485006,116424704,107515904
calibration-20260902-g,S2-100-r01,2026-09-01T15:49:24.732143999Z,140.373636,21494079,116424704,107515904
calibration-20260902-g,S2-100-r01,2026-09-01T15:49:24.742295269Z,150.524906,21507578,116654080,107515904
calibration-20260902-g,S2-100-r01,2026-09-01T15:49:24.752462512Z,160.692148,21518867,116654080,107778048
calibration-20260902-g,S2-100-r01,2026-09-01T15:49:24.762652597Z,170.882234,21530402,135462912,126390272
calibration-20260902-g,S2-100-r01,2026-09-01T15:49:24.772807783Z,181.037420,21539689,152895488,143704064
calibration-20260902-g,S2-100-r01,2026-09-01T15:49:24.782013229Z,190.242860,21550846,167116800,158121984
calibration-20260902-g,S2-100-r01,2026-09-01T15:49:24.792291388Z,200.521025,21562865,171016192,161792000
calibration-20260902-g,S2-100-r01,2026-09-01T15:49:24.802545759Z,210.775397,21576542,171016192,161439744
calibration-20260902-g,S2-100-r01,2026-09-01T15:49:24.812726227Z,220.955863,21585714,171245568,161701888
calibration-20260902-g,S2-100-r01,2026-09-01T15:49:24.822907327Z,231.136963,21585919,171245568,161701888
calibration-20260902-g,S2-100-r01,2026-09-01T15:49:24.832106908Z,240.336544,21593543,171245568,161701888
calibration-20260902-g,S2-100-r01,2026-09-01T15:49:24.84223879Z,250.468426,21607131,171245568,161701888
calibration-20260902-g,S2-100-r01,2026-09-01T15:49:24.85239626Z,260.625896,21616153,171704320,162226176
calibration-20260902-g,S2-100-r01,2026-09-01T15:49:24.862567598Z,270.797234,21629717,171704320,162226176
calibration-20260902-g,S2-100-r01,2026-09-01T15:49:24.872770696Z,281.000333,21638815,171933696,162488320
calibration-20260902-g,S2-100-r01,2026-09-01T15:49:24.882960106Z,291.189741,21652410,171933696,162750464
calibration-20260902-g,S2-100-r01,2026-09-01T15:49:24.892178127Z,300.407763,21661565,171933696,162750464
calibration-20260902-g,S2-100-r01,2026-09-01T15:49:24.902370048Z,310.599685,21675162,172392448,163012608
calibration-20260902-g,S2-100-r01,2026-09-01T15:49:24.912516431Z,320.746067,21684249,172392448,163012608
calibration-20260902-g,S2-100-r01,2026-09-01T15:49:24.922656903Z,330.886539,21688939,172392448,162983936
calibration-20260902-g,S2-100-r01,2026-09-01T15:49:24.932801103Z,341.030734,21697084,174915584,165314560
calibration-20260902-g,S2-100-r01,2026-09-01T15:49:24.94190537Z,350.135006,21706078,175603712,166100992
calibration-20260902-g,S2-100-r01,2026-09-01T15:49:24.951889138Z,360.118770,21717870,127627264,120889344
calibration-20260902-g,S2-100-r01,2026-09-01T15:49:24.959336018Z,367.565654,21734936,126439424,117436416
calibration-20260902-g,S1-100-r01,2026-09-01T15:49:25.333845585Z,0.065338,21961596,59699200,46583808
calibration-20260902-g,S1-100-r01,2026-09-01T15:49:25.354362458Z,20.582209,21964250,61534208,48312320
calibration-20260902-g,S1-100-r01,2026-09-01T15:49:25.370461649Z,36.681398,21968588,64286720,51359744
calibration-20260902-g,S1-100-r01,2026-09-01T15:49:25.382636263Z,48.856006,22244810,640479232,632844288
calibration-20260902-g,S1-100-r01,2026-09-01T15:49:25.631998886Z,298.218636,22356002,643002368,633892864
calibration-20260902-g,S1-100-r01,2026-09-01T15:49:25.634103236Z,300.322980,22367402,659288064,650407936
calibration-20260902-g,S1-100-r01,2026-09-01T15:49:25.723650805Z,389.870555,22388157,659517440,650465280
calibration-20260902-g,S1-100-r01,2026-09-01T15:49:25.72476303Z,390.982779,22388341,664104960,654921728
calibration-20260902-g,S1-100-r01,2026-09-01T15:49:25.734918863Z,401.138611,22439494,666628096,657018880
calibration-20260902-g,S1-100-r01,2026-09-01T15:49:25.744160131Z,410.379879,22470805,666628096,657018880
calibration-20260902-g,S1-100-r01,2026-09-01T15:49:25.754375459Z,420.595207,22470975,666628096,657018880
calibration-20260902-g,S1-100-r01,2026-09-01T15:49:25.764616941Z,430.836691,22471227,666628096,657018880
calibration-20260902-g,S1-100-r01,2026-09-01T15:49:25.774782944Z,441.002693,22471410,666628096,656465920
calibration-20260902-g,S1-100-r01,2026-09-01T15:49:25.784920639Z,451.140388,22471556,666628096,656465920
calibration-20260902-g,S1-100-r01,2026-09-01T15:49:25.794107004Z,460.326752,22471697,666628096,656465920
calibration-20260902-g,S1-100-r01,2026-09-01T15:49:25.804309861Z,470.529610,22471868,666628096,656465920
calibration-20260902-g,S1-100-r01,2026-09-01T15:49:25.81450758Z,480.727329,22472134,666628096,656465920
calibration-20260902-g,S1-100-r01,2026-09-01T15:49:25.824798322Z,491.018070,22472359,666628096,656465920
calibration-20260902-g,S1-100-r01,2026-09-01T15:49:25.834940977Z,501.160764,22519969,666628096,656465920
calibration-20260902-g,S1-100-r01,2026-09-01T15:49:25.844143854Z,510.363602,22555774,666628096,656723968
calibration-20260902-g,S1-100-r01,2026-09-01T15:49:25.923651188Z,589.870936,22573870,666628096,656723968
calibration-20260902-g,S1-100-r01,2026-09-01T15:49:25.924853679Z,591.073428,22574180,666628096,656723968
calibration-20260902-g,S1-100-r01,2026-09-01T15:49:25.934017583Z,600.237332,22607757,688189440,678739968
calibration-20260902-g,S1-100-r01,2026-09-01T15:49:25.944295439Z,610.515188,22658103,739340288,730120192
calibration-20260902-g,S1-100-r01,2026-09-01T15:49:25.954507277Z,620.727025,22671784,749203456,739295232
calibration-20260902-g,S1-100-r01,2026-09-01T15:49:25.964746048Z,630.965797,22672009,749203456,739295232
calibration-20260902-g,S1-100-r01,2026-09-01T15:49:25.974930882Z,641.150630,22672219,749203456,739553280
calibration-20260902-g,S1-100-r01,2026-09-01T15:49:25.984102766Z,650.322514,22672411,749203456,739553280
calibration-20260902-g,S1-100-r01,2026-09-01T15:49:25.994296695Z,660.516444,22672560,749203456,739553280
calibration-20260902-g,S1-100-r01,2026-09-01T15:49:26.004507488Z,670.727243,22672716,749203456,739553280
calibration-20260902-g,S1-100-r01,2026-09-01T15:49:26.014617825Z,680.837573,22672880,749203456,739553280
calibration-20260902-g,S1-100-r01,2026-09-01T15:49:26.024811021Z,691.030770,22673143,754937856,746106880
calibration-20260902-g,S1-100-r01,2026-09-01T15:49:26.034997842Z,701.217590,22721576,809070592,799846400
calibration-20260902-g,S1-100-r01,2026-09-01T15:49:26.044099674Z,710.319417,22757894,863203328,854085632
calibration-20260902-g,S1-100-r01,2026-09-01T15:49:26.054314581Z,720.534330,22771496,867561472,858542080
calibration-20260902-g,S1-100-r01,2026-09-01T15:49:26.064538786Z,730.758534,22771690,867561472,858308608
calibration-20260902-g,S1-100-r01,2026-09-01T15:49:26.0746691Z,740.888849,22771929,867561472,858308608
calibration-20260902-g,S1-100-r01,2026-09-01T15:49:26.084859889Z,751.079633,22772045,867790848,858308608
calibration-20260902-g,S1-100-r01,2026-09-01T15:49:26.09404628Z,760.266029,22772180,867790848,858308608
calibration-20260902-g,S1-100-r01,2026-09-01T15:49:26.123666087Z,789.885836,22772458,868249600,858570752
calibration-20260902-g,S1-100-r01,2026-09-01T15:49:26.124778964Z,790.998712,22772736,872148992,863027200
calibration-20260902-g,S1-100-r01,2026-09-01T15:49:26.1349546Z,801.174348,22820726,898297856,888979456
calibration-20260902-g,S1-100-r01,2026-09-01T15:49:26.144244949Z,810.464692,22857410,914583552,905494528
calibration-20260902-g,S1-100-r01,2026-09-01T15:49:26.154502487Z,820.722235,22870840,918024192,908902400
calibration-20260902-g,S1-100-r01,2026-09-01T15:49:26.164707612Z,830.927361,22871183,918024192,908902400
calibration-20260902-g,S1-100-r01,2026-09-01T15:49:26.174932934Z,841.152683,22871474,918024192,908902400
calibration-20260902-g,S1-100-r01,2026-09-01T15:49:26.184169005Z,850.388748,22871910,918024192,908902400
calibration-20260902-g,S1-100-r01,2026-09-01T15:49:26.194409924Z,860.629667,22872094,918024192,908902400
calibration-20260902-g,S1-100-r01,2026-09-01T15:49:26.204664867Z,870.884610,22872254,918024192,908902400
calibration-20260902-g,S1-100-r01,2026-09-01T15:49:26.214874709Z,881.094452,22872426,918024192,908902400
calibration-20260902-g,S1-100-r01,2026-09-01T15:49:26.224022738Z,890.242488,22872568,918712320,909688832
calibration-20260902-g,S1-100-r01,2026-09-01T15:49:26.234287962Z,900.507711,22920361,921923584,912310272
calibration-20260902-g,S1-100-r01,2026-09-01T15:49:26.244496238Z,910.715986,22956154,921923584,912568320
calibration-20260902-g,S1-100-r01,2026-09-01T15:49:26.254671788Z,920.891536,22969696,922152960,912830464
calibration-20260902-g,S1-100-r01,2026-09-01T15:49:26.26490208Z,931.121829,22969882,922152960,912830464
calibration-20260902-g,S1-100-r01,2026-09-01T15:49:26.274134304Z,940.354053,22970126,922152960,912830464
calibration-20260902-g,S1-100-r01,2026-09-01T15:49:26.28440658Z,950.626328,22970441,922152960,912830464
calibration-20260902-g,S1-100-r01,2026-09-01T15:49:26.294589858Z,960.809606,22970714,922152960,912830464
calibration-20260902-g,S1-100-r01,2026-09-01T15:49:26.304796315Z,971.016063,22970867,922152960,912830464
calibration-20260902-g,S1-100-r01,2026-09-01T15:49:26.314994755Z,981.214504,22971025,922152960,912830464
calibration-20260902-g,S1-100-r01,2026-09-01T15:49:26.324173079Z,990.392826,22971189,922152960,912830464
calibration-20260902-g,S1-100-r01,2026-09-01T15:49:26.334402489Z,1000.622237,23018796,922611712,913879040
calibration-20260902-g,S1-100-r01,2026-09-01T15:49:26.344665464Z,1010.885213,23054628,922841088,914403328
calibration-20260902-g,S1-100-r01,2026-09-01T15:49:26.354790997Z,1021.010745,23068176,922841088,914403328
calibration-20260902-g,S1-100-r01,2026-09-01T15:49:26.364985428Z,1031.205176,23068319,922841088,914403328
calibration-20260902-g,S1-100-r01,2026-09-01T15:49:26.374107521Z,1040.327270,23068435,922841088,914403328
calibration-20260902-g,S1-100-r01,2026-09-01T15:49:26.384261893Z,1050.481642,23068563,922841088,914403328
calibration-20260902-g,S1-100-r01,2026-09-01T15:49:26.394375503Z,1060.595252,23068692,922841088,914403328
calibration-20260902-g,S1-100-r01,2026-09-01T15:49:26.404487786Z,1070.707535,23068822,922841088,914403328
calibration-20260902-g,S1-100-r01,2026-09-01T15:49:26.41466788Z,1080.887628,23068968,922841088,914403328
calibration-20260902-g,S1-100-r01,2026-09-01T15:49:26.424874295Z,1091.094044,23069130,922841088,914403328
calibration-20260902-g,S1-100-r01,2026-09-01T15:49:26.434086398Z,1100.306152,23099008,924217344,915451904
calibration-20260902-g,S1-100-r01,2026-09-01T15:49:26.444216474Z,1110.436223,23152666,924217344,915451904
calibration-20260902-g,S1-100-r01,2026-09-01T15:49:26.523685655Z,1189.905403,23170757,924446720,915304448
calibration-20260902-g,S1-100-r01,2026-09-01T15:49:26.524904712Z,1191.124460,23171041,924446720,915304448
calibration-20260902-g,S1-100-r01,2026-09-01T15:49:26.534106542Z,1200.326291,23200840,926281728,916877312
calibration-20260902-g,S1-100-r01,2026-09-01T15:49:26.544288178Z,1210.507926,23254492,926511104,916877312
calibration-20260902-g,S1-100-r01,2026-09-01T15:49:26.554514234Z,1220.733983,23272523,926511104,916877312
calibration-20260902-g,S1-100-r01,2026-09-01T15:49:26.564748162Z,1230.967910,23272715,926511104,916877312
calibration-20260902-g,S1-100-r01,2026-09-01T15:49:26.57494292Z,1241.162669,23272890,926511104,916877312
calibration-20260902-g,S1-100-r01,2026-09-01T15:49:26.584177588Z,1250.397336,23273066,926511104,916877312
calibration-20260902-g,S1-100-r01,2026-09-01T15:49:26.594382764Z,1260.602513,23273266,926511104,916877312
calibration-20260902-g,S1-100-r01,2026-09-01T15:49:26.604586134Z,1270.805884,23273415,926511104,916877312
calibration-20260902-g,S1-100-r01,2026-09-01T15:49:26.614741243Z,1280.960992,23273574,926511104,916877312
calibration-20260902-g,S1-100-r01,2026-09-01T15:49:26.624957108Z,1291.176856,23273744,926740480,917139456
calibration-20260902-g,S1-100-r01,2026-09-01T15:49:26.634127752Z,1300.347495,23308350,929951744,920547328
calibration-20260902-g,S1-100-r01,2026-09-01T15:49:26.644378073Z,1310.597816,23357687,929951744,920547328
calibration-20260902-g,S1-100-r01,2026-09-01T15:49:26.654578385Z,1320.798133,23369167,930181120,920563712
calibration-20260902-g,S1-100-r01,2026-09-01T15:49:26.664771494Z,1330.991243,23369420,930181120,920563712
calibration-20260902-g,S1-100-r01,2026-09-01T15:49:26.674959045Z,1341.178794,23369617,930181120,920563712
calibration-20260902-g,S1-100-r01,2026-09-01T15:49:26.684162681Z,1350.382430,23369799,930181120,920563712
calibration-20260902-g,S1-100-r01,2026-09-01T15:49:26.694303694Z,1360.523443,23369942,930181120,920563712
calibration-20260902-g,S1-100-r01,2026-09-01T15:49:26.704507153Z,1370.726903,23370115,930181120,920563712
calibration-20260902-g,S1-100-r01,2026-09-01T15:49:26.723649463Z,1389.869211,23370443,930181120,920563712
calibration-20260902-g,S1-100-r01,2026-09-01T15:49:26.72480855Z,1391.028299,23371475,931557376,921874432
calibration-20260902-g,S1-100-r01,2026-09-01T15:49:26.734957304Z,1401.177053,23420115,902328320,892751872
calibration-20260902-g,S1-100-r01,2026-09-01T15:49:26.744136799Z,1410.356548,23456315,902832128,893161472
calibration-20260902-g,S1-100-r01,2026-09-01T15:49:26.754302012Z,1420.521761,23469845,910172160,900313088
calibration-20260902-g,S1-100-r01,2026-09-01T15:49:26.764521526Z,1430.741275,23470072,910172160,900313088
calibration-20260902-g,S1-100-r01,2026-09-01T15:49:26.774621281Z,1440.841029,23470239,910172160,900538368
calibration-20260902-g,S1-100-r01,2026-09-01T15:49:26.784765583Z,1450.985331,23470398,910172160,900538368
calibration-20260902-g,S1-100-r01,2026-09-01T15:49:26.794888503Z,1461.108251,23470566,910172160,900538368
calibration-20260902-g,S1-100-r01,2026-09-01T15:49:26.803983856Z,1470.203605,23470700,910172160,900538368
calibration-20260902-g,S1-100-r01,2026-09-01T15:49:26.823641493Z,1489.861242,23470984,910401536,901324800
calibration-20260902-g,S1-100-r01,2026-09-01T15:49:26.824807387Z,1491.027161,23471172,918659072,909189120
calibration-20260902-g,S1-100-r01,2026-09-01T15:49:26.834616932Z,1500.836707,23518545,835170304,825438208
calibration-20260902-g,S1-100-r01,2026-09-01T15:49:26.844196868Z,1510.416618,23554872,835399680,825630720
calibration-20260902-g,S1-100-r01,2026-09-01T15:49:26.854348366Z,1520.568114,23568460,835399680,825630720
calibration-20260902-g,S1-100-r01,2026-09-01T15:49:26.864532895Z,1530.752644,23568644,835399680,825794560
calibration-20260902-g,S1-100-r01,2026-09-01T15:49:26.874693712Z,1540.913460,23568869,835399680,825696256
calibration-20260902-g,S1-100-r01,2026-09-01T15:49:26.884839504Z,1551.059253,23569045,835399680,825696256
calibration-20260902-g,S1-100-r01,2026-09-01T15:49:26.893983337Z,1560.203084,23569234,835399680,825696256
calibration-20260902-g,S1-100-r01,2026-09-01T15:49:26.904233695Z,1570.453443,23569462,835399680,825696256
calibration-20260902-g,S1-100-r01,2026-09-01T15:49:26.914429016Z,1580.648765,23569689,835399680,825696256
calibration-20260902-g,S1-100-r01,2026-09-01T15:49:26.924652564Z,1590.872313,23569908,835399680,825696256
calibration-20260902-g,S1-100-r01,2026-09-01T15:49:26.934924673Z,1601.144421,23617651,835399680,825696256
calibration-20260902-g,S1-100-r01,2026-09-01T15:49:26.944129766Z,1610.349514,23653452,835399680,825692160
calibration-20260902-g,S1-100-r01,2026-09-01T15:49:26.954345406Z,1620.565154,23671477,835399680,825954304
calibration-20260902-g,S1-100-r01,2026-09-01T15:49:26.964578574Z,1630.798322,23671684,835399680,825954304
calibration-20260902-g,S1-100-r01,2026-09-01T15:49:26.974826626Z,1641.046376,23671883,835399680,825954304
calibration-20260902-g,S1-100-r01,2026-09-01T15:49:26.984083405Z,1650.303155,23672137,835399680,825954304
calibration-20260902-g,S1-100-r01,2026-09-01T15:49:26.994372335Z,1660.592078,23672372,835399680,825954304
calibration-20260902-g,S1-100-r01,2026-09-01T15:49:27.023675821Z,1689.895569,23672743,835399680,825954304
calibration-20260902-g,S1-100-r01,2026-09-01T15:49:27.024919577Z,1691.139326,23672937,835399680,825954304
calibration-20260902-g,S1-100-r01,2026-09-01T15:49:27.034000912Z,1700.220660,23702645,835399680,825954304
calibration-20260902-g,S1-100-r01,2026-09-01T15:49:27.04425601Z,1710.475758,23756227,835629056,825954304
calibration-20260902-g,S1-100-r01,2026-09-01T15:49:27.054528079Z,1720.747827,23769786,835629056,825954304
calibration-20260902-g,S1-100-r01,2026-09-01T15:49:27.064717606Z,1730.937354,23770123,835629056,825954304
calibration-20260902-g,S1-100-r01,2026-09-01T15:49:27.074910595Z,1741.130338,23770276,835629056,825954304
calibration-20260902-g,S1-100-r01,2026-09-01T15:49:27.084078345Z,1750.298095,23770366,835629056,825954304
calibration-20260902-g,S1-100-r01,2026-09-01T15:49:27.094210627Z,1760.430376,23770414,835629056,825954304
calibration-20260902-g,S1-100-r01,2026-09-01T15:49:27.104371875Z,1770.591618,23770496,835629056,825954304
calibration-20260902-g,S1-100-r01,2026-09-01T15:49:27.114505845Z,1780.725588,23770575,835629056,825954304
calibration-20260902-g,S1-100-r01,2026-09-01T15:49:27.12479709Z,1791.016838,23770692,835629056,825954304
calibration-20260902-g,S1-100-r01,2026-09-01T15:49:27.134911422Z,1801.131171,23818102,835629056,825954304
calibration-20260902-g,S1-100-r01,2026-09-01T15:49:27.144138076Z,1810.357825,23853976,835629056,825954304
calibration-20260902-g,S1-100-r01,2026-09-01T15:49:27.154369715Z,1820.589463,23867657,836087808,826478592
calibration-20260902-g,S1-100-r01,2026-09-01T15:49:27.164533333Z,1830.753081,23867816,836087808,826478592
calibration-20260902-g,S1-100-r01,2026-09-01T15:49:27.174631434Z,1840.851183,23867942,836087808,826478592
calibration-20260902-g,S1-100-r01,2026-09-01T15:49:27.184774236Z,1850.993984,23868055,836087808,826478592
calibration-20260902-g,S1-100-r01,2026-09-01T15:49:27.194926657Z,1861.146405,23868179,836087808,826478592
calibration-20260902-g,S1-100-r01,2026-09-01T15:49:27.204117046Z,1870.336795,23868305,836087808,826478592
calibration-20260902-g,S1-100-r01,2026-09-01T15:49:27.214298702Z,1880.518451,23868452,836087808,826478592
calibration-20260902-g,S1-100-r01,2026-09-01T15:49:27.224452237Z,1890.671985,23868633,836317184,826478592
calibration-20260902-g,S1-100-r01,2026-09-01T15:49:27.234603689Z,1900.823459,23916991,840675328,831459328
calibration-20260902-g,S1-100-r01,2026-09-01T15:49:27.244814068Z,1911.033816,23953865,869347328,859770880
calibration-20260902-g,S1-100-r01,2026-09-01T15:49:27.254007954Z,1920.227703,23972091,881504256,871829504
calibration-20260902-g,S1-100-r01,2026-09-01T15:49:27.264176116Z,1930.395865,23972286,881504256,871829504
calibration-20260902-g,S1-100-r01,2026-09-01T15:49:27.323650519Z,1989.870261,23972596,881963008,872353792
calibration-20260902-g,S1-100-r01,2026-09-01T15:49:27.324851303Z,1991.071050,23973296,886091776,876548096
calibration-20260902-g,S1-100-r01,2026-09-01T15:49:27.335008881Z,2001.228631,24020975,921874432,912199680
calibration-20260902-g,S1-100-r01,2026-09-01T15:49:27.344245708Z,2010.465456,24058888,938848256,929759232
calibration-20260902-g,S1-100-r01,2026-09-01T15:49:27.354490362Z,2020.710111,24066317,938848256,929759232
calibration-20260902-g,S1-100-r01,2026-09-01T15:49:27.364746308Z,2030.966056,24066524,938848256,929759232
calibration-20260902-g,S1-100-r01,2026-09-01T15:49:27.374947053Z,2041.166802,24066699,939077632,929759232
calibration-20260902-g,S1-100-r01,2026-09-01T15:49:27.384101787Z,2050.321536,24066833,939077632,929759232
calibration-20260902-g,S1-100-r01,2026-09-01T15:49:27.394308026Z,2060.527775,24066962,939077632,929759232
calibration-20260902-g,S1-100-r01,2026-09-01T15:49:27.404450972Z,2070.670720,24067096,939077632,929759232
calibration-20260902-g,S1-100-r01,2026-09-01T15:49:27.414594505Z,2080.814253,24067220,939077632,929759232
calibration-20260902-g,S1-100-r01,2026-09-01T15:49:27.42479134Z,2091.011088,24067389,939077632,929759232
calibration-20260902-g,S1-100-r01,2026-09-01T15:49:27.434977871Z,2101.197619,24115046,940453888,931594240
calibration-20260902-g,S1-100-r01,2026-09-01T15:49:27.523681268Z,2189.901043,24169007,940453888,931594240
calibration-20260902-g,S1-100-r01,2026-09-01T15:49:27.524951142Z,2191.170890,24169366,940453888,931594240
calibration-20260902-g,S1-100-r01,2026-09-01T15:49:27.53410586Z,2200.325630,24200930,941830144,932642816
calibration-20260902-g,S1-100-r01,2026-09-01T15:49:27.623694724Z,2289.914473,24271192,941830144,932642816
calibration-20260902-g,S1-100-r01,2026-09-01T15:49:27.624926883Z,2291.146631,24271440,942288896,933167104
calibration-20260902-g,S1-100-r01,2026-09-01T15:49:27.634193924Z,2300.413674,24301220,942288896,933167104
calibration-20260902-g,S1-100-r01,2026-09-01T15:49:27.644509869Z,2310.729617,24354457,943435776,934121472
calibration-20260902-g,S1-100-r01,2026-09-01T15:49:27.65467352Z,2320.893269,24368108,943435776,934121472
calibration-20260902-g,S1-100-r01,2026-09-01T15:49:27.664922361Z,2331.142110,24368336,943435776,934121472
calibration-20260902-g,S1-100-r01,2026-09-01T15:49:27.674122646Z,2340.342394,24368496,943435776,934121472
calibration-20260902-g,S1-100-r01,2026-09-01T15:49:27.68434361Z,2350.563359,24368673,943435776,934121472
calibration-20260902-g,S1-100-r01,2026-09-01T15:49:27.694521363Z,2360.741112,24368808,943435776,934379520
calibration-20260902-g,S1-100-r01,2026-09-01T15:49:27.704683484Z,2370.903232,24368916,943435776,934379520
calibration-20260902-g,S1-100-r01,2026-09-01T15:49:27.714766785Z,2380.986535,24368979,943435776,934379520
calibration-20260902-g,S1-100-r01,2026-09-01T15:49:27.724917837Z,2391.137585,24369051,943435776,934379520
calibration-20260902-g,S1-100-r01,2026-09-01T15:49:27.734133814Z,2400.353563,24398783,944123904,934903808
calibration-20260902-g,S1-100-r01,2026-09-01T15:49:27.823691206Z,2489.910954,24470561,944582656,935071744
calibration-20260902-g,S1-100-r01,2026-09-01T15:49:27.825510702Z,2491.730450,24470812,944812032,935071744
calibration-20260902-g,S1-100-r01,2026-09-01T15:49:27.834623618Z,2500.843366,24518857,945500160,935858176
calibration-20260902-g,S1-100-r01,2026-09-01T15:49:27.844838245Z,2511.057988,24555409,946876416,937431040
calibration-20260902-g,S1-100-r01,2026-09-01T15:49:27.85398721Z,2520.206953,24568950,946876416,937431040
calibration-20260902-g,S1-100-r01,2026-09-01T15:49:27.864227668Z,2530.447416,24569149,946876416,937431040
calibration-20260902-g,S1-100-r01,2026-09-01T15:49:27.874405834Z,2540.625582,24569309,946876416,937431040
calibration-20260902-g,S1-100-r01,2026-09-01T15:49:27.884604686Z,2550.824434,24569488,946876416,937431040
calibration-20260902-g,S1-100-r01,2026-09-01T15:49:27.894782617Z,2561.002361,24569664,946876416,937431040
calibration-20260902-g,S1-100-r01,2026-09-01T15:49:27.904966953Z,2571.186702,24569779,946876416,937431040
calibration-20260902-g,S1-100-r01,2026-09-01T15:49:27.92366178Z,2589.881524,24569956,946876416,937431040
calibration-20260902-g,S1-100-r01,2026-09-01T15:49:27.924796151Z,2591.015900,24570208,946876416,937431040
calibration-20260902-g,S1-100-r01,2026-09-01T15:49:27.934893742Z,2601.113486,24618509,948940800,939524096
calibration-20260902-g,S1-100-r01,2026-09-01T15:49:27.944584357Z,2610.804105,24653799,975089664,965861376
calibration-20260902-g,S1-100-r01,2026-09-01T15:49:27.954820148Z,2621.039896,24667438,978989056,969269248
calibration-20260902-g,S1-100-r01,2026-09-01T15:49:27.964954508Z,2631.174256,24667605,978989056,969269248
calibration-20260902-g,S1-100-r01,2026-09-01T15:49:27.974115602Z,2640.335351,24667742,978989056,969269248
calibration-20260902-g,S1-100-r01,2026-09-01T15:49:27.98425937Z,2650.479117,24667883,978989056,969269248
calibration-20260902-g,S1-100-r01,2026-09-01T15:49:27.994391522Z,2660.611270,24668051,978989056,969273344
calibration-20260902-g,S1-100-r01,2026-09-01T15:49:28.004518741Z,2670.738484,24668355,978989056,969273344
calibration-20260902-g,S1-100-r01,2026-09-01T15:49:28.014618218Z,2680.837966,24668425,978989056,969273344
calibration-20260902-g,S1-100-r01,2026-09-01T15:49:28.024836938Z,2691.056711,24668658,984035328,974778368
calibration-20260902-g,S1-100-r01,2026-09-01T15:49:28.033974705Z,2700.194448,24705031,983592960,974675968
calibration-20260902-g,S1-100-r01,2026-09-01T15:49:28.044186889Z,2710.406637,24752709,1028091904,1019240448
calibration-20260902-g,S1-100-r01,2026-09-01T15:49:28.05431819Z,2720.537939,24770686,1041625088,1032777728
calibration-20260902-g,S1-100-r01,2026-09-01T15:49:28.123678387Z,2789.898135,24770981,1041854464,1032552448
calibration-20260902-g,S1-100-r01,2026-09-01T15:49:28.124807851Z,2791.027599,24771192,1044148224,1034911744
calibration-20260902-g,S1-100-r01,2026-09-01T15:49:28.134972011Z,2801.191758,24819520,998842368,989204480
calibration-20260902-g,S1-100-r01,2026-09-01T15:49:28.144146939Z,2810.366687,24855257,998842368,989204480
calibration-20260902-g,S1-100-r01,2026-09-01T15:49:28.154365645Z,2820.585393,24868848,998842368,989110272
calibration-20260902-g,S1-100-r01,2026-09-01T15:49:28.164607391Z,2830.827138,24869074,998842368,989110272
calibration-20260902-g,S1-100-r01,2026-09-01T15:49:28.174706079Z,2840.925828,24869225,998842368,989110272
calibration-20260902-g,S1-100-r01,2026-09-01T15:49:28.184911459Z,2851.131207,24869368,998842368,989110272
calibration-20260902-g,S1-100-r01,2026-09-01T15:49:28.194085663Z,2860.305407,24869485,998842368,989110272
calibration-20260902-g,S1-100-r01,2026-09-01T15:49:28.204301409Z,2870.521152,24869626,998842368,989110272
calibration-20260902-g,S1-100-r01,2026-09-01T15:49:28.214446384Z,2880.666126,24869720,998842368,989110272
calibration-20260902-g,S1-100-r01,2026-09-01T15:49:28.22462486Z,2890.844608,24869849,998842368,989110272
calibration-20260902-g,S1-100-r01,2026-09-01T15:49:28.234910679Z,2901.130449,24917656,998842368,989110272
calibration-20260902-g,S1-100-r01,2026-09-01T15:49:28.243997792Z,2910.217541,24953338,998842368,989110272
calibration-20260902-g,S1-100-r01,2026-09-01T15:49:28.254264041Z,2920.483790,24966979,998842368,989110272
calibration-20260902-g,S1-100-r01,2026-09-01T15:49:28.264520926Z,2930.740675,24967206,998842368,989368320
calibration-20260902-g,S1-100-r01,2026-09-01T15:49:28.274713539Z,2940.933287,24967407,998842368,989368320
calibration-20260902-g,S1-100-r01,2026-09-01T15:49:28.284887778Z,2951.107527,24967633,998842368,989368320
calibration-20260902-g,S1-100-r01,2026-09-01T15:49:28.294119161Z,2960.338909,24967842,998842368,989368320
calibration-20260902-g,S1-100-r01,2026-09-01T15:49:28.30423141Z,2970.451160,24967984,998842368,989368320
calibration-20260902-g,S1-100-r01,2026-09-01T15:49:28.314418363Z,2980.638112,24968181,998842368,989368320
calibration-20260902-g,S1-100-r01,2026-09-01T15:49:28.324615492Z,2990.835240,24968344,998842368,989368320
calibration-20260902-g,S1-100-r01,2026-09-01T15:49:28.334744701Z,3000.964450,25015937,998842368,989368320
calibration-20260902-g,S1-100-r01,2026-09-01T15:49:28.34496013Z,3011.179878,25051748,998842368,989368320
calibration-20260902-g,S1-100-r01,2026-09-01T15:49:28.35415582Z,3020.375568,25069717,999071744,989368320
calibration-20260902-g,S1-100-r01,2026-09-01T15:49:28.364363314Z,3030.583058,25069974,999071744,989368320
calibration-20260902-g,S1-100-r01,2026-09-01T15:49:28.37452167Z,3040.741413,25070085,999071744,989368320
calibration-20260902-g,S1-100-r01,2026-09-01T15:49:28.384703708Z,3050.923457,25070208,999071744,989368320
calibration-20260902-g,S1-100-r01,2026-09-01T15:49:28.394817036Z,3061.036779,25070308,999071744,989368320
calibration-20260902-g,S1-100-r01,2026-09-01T15:49:28.403952472Z,3070.172220,25070410,999071744,989368320
calibration-20260902-g,S1-100-r01,2026-09-01T15:49:28.423641006Z,3089.860753,25070536,999071744,989368320
calibration-20260902-g,S1-100-r01,2026-09-01T15:49:28.424743825Z,3090.963573,25070693,999301120,989368320
calibration-20260902-g,S1-100-r01,2026-09-01T15:49:28.434890659Z,3101.110433,25118175,999301120,989626368
calibration-20260902-g,S1-100-r01,2026-09-01T15:49:28.444169399Z,3110.389148,25155812,1013981184,1004568576
calibration-20260902-g,S1-100-r01,2026-09-01T15:49:28.454388005Z,3120.607753,25169424,1017421824,1007714304
calibration-20260902-g,S1-100-r01,2026-09-01T15:49:28.464600308Z,3130.820056,25169594,1017421824,1007714304
calibration-20260902-g,S1-100-r01,2026-09-01T15:49:28.474710842Z,3140.930591,25169721,1017421824,1007714304
calibration-20260902-g,S1-100-r01,2026-09-01T15:49:28.484847165Z,3151.066922,25169845,1017421824,1007714304
calibration-20260902-g,S1-100-r01,2026-09-01T15:49:28.495013912Z,3161.233660,25169967,1017421824,1007714304
calibration-20260902-g,S1-100-r01,2026-09-01T15:49:28.504131021Z,3170.350769,25170093,1017421824,1007714304
calibration-20260902-g,S1-100-r01,2026-09-01T15:49:28.514292624Z,3180.512373,25170214,1017421824,1007714304
calibration-20260902-g,S1-100-r01,2026-09-01T15:49:28.524440233Z,3190.659983,25170372,1018798080,1009283072
calibration-20260902-g,S1-100-r01,2026-09-01T15:49:28.534595982Z,3200.815730,25218980,1065590784,1056468992
calibration-20260902-g,S1-100-r01,2026-09-01T15:49:28.544766567Z,3210.986310,25258209,1118576640,1109278720
calibration-20260902-g,S1-100-r01,2026-09-01T15:49:28.554953911Z,3221.173659,25269424,1122934784,1113473024
calibration-20260902-g,S1-100-r01,2026-09-01T15:49:28.564187855Z,3230.407604,25269621,1122934784,1113735168
calibration-20260902-g,S1-100-r01,2026-09-01T15:49:28.574381841Z,3240.601589,25269786,1122934784,1113735168
calibration-20260902-g,S1-100-r01,2026-09-01T15:49:28.584587258Z,3250.807007,25269975,1122934784,1113735168
calibration-20260902-g,S1-100-r01,2026-09-01T15:49:28.594731535Z,3260.951284,25270177,1122934784,1113485312
calibration-20260902-g,S1-100-r01,2026-09-01T15:49:28.60492984Z,3271.149589,25270375,1122934784,1113747456
calibration-20260902-g,S1-100-r01,2026-09-01T15:49:28.623642138Z,3289.861887,25270716,1123164160,1113747456
calibration-20260902-g,S1-100-r01,2026-09-01T15:49:28.624795186Z,3291.014934,25271973,1128669184,1119776768
calibration-20260902-g,S1-100-r01,2026-09-01T15:49:28.634930386Z,3301.150134,25319236,1173397504,1164865536
calibration-20260902-g,S1-100-r01,2026-09-01T15:49:28.644183495Z,3310.403245,25355371,1194041344,1185050624
calibration-20260902-g,S1-100-r01,2026-09-01T15:49:28.654283578Z,3320.503321,25368953,1194041344,1185050624
calibration-20260902-g,S1-100-r01,2026-09-01T15:49:28.664431833Z,3330.651582,25369117,1194041344,1185308672
calibration-20260902-g,S1-100-r01,2026-09-01T15:49:28.67455783Z,3340.777579,25369321,1194041344,1185308672
calibration-20260902-g,S1-100-r01,2026-09-01T15:49:28.684706299Z,3350.926048,25369501,1194041344,1185308672
calibration-20260902-g,S1-100-r01,2026-09-01T15:49:28.694832982Z,3361.052731,25369675,1194041344,1185308672
calibration-20260902-g,S1-100-r01,2026-09-01T15:49:28.70396744Z,3370.187189,25369919,1194041344,1185308672
calibration-20260902-g,S1-100-r01,2026-09-01T15:49:28.714189427Z,3380.409176,25370181,1194041344,1185308672
calibration-20260902-g,S1-100-r01,2026-09-01T15:49:28.724478841Z,3390.698615,25370456,1195188224,1186619392
calibration-20260902-g,S1-100-r01,2026-09-01T15:49:28.734751886Z,3400.971702,25418592,1200463872,1192386560
calibration-20260902-g,S1-100-r01,2026-09-01T15:49:28.743991191Z,3410.210939,25454494,1200463872,1192386560
calibration-20260902-g,S1-100-r01,2026-09-01T15:49:28.754213973Z,3420.433720,25468156,1200463872,1192386560
calibration-20260902-g,S1-100-r01,2026-09-01T15:49:28.764368478Z,3430.588226,25468403,1200463872,1192386560
calibration-20260902-g,S1-100-r01,2026-09-01T15:49:28.774523525Z,3440.743269,25468743,1200463872,1192386560
calibration-20260902-g,S1-100-r01,2026-09-01T15:49:28.784744485Z,3450.964234,25468873,1200693248,1192644608
calibration-20260902-g,S1-100-r01,2026-09-01T15:49:28.794928111Z,3461.147855,25469025,1200693248,1192644608
calibration-20260902-g,S1-100-r01,2026-09-01T15:49:28.804093853Z,3470.313603,25469111,1200693248,1192644608
calibration-20260902-g,S1-100-r01,2026-09-01T15:49:28.823652697Z,3489.872445,25469182,1200693248,1192644608
calibration-20260902-g,S1-100-r01,2026-09-01T15:49:28.824843715Z,3491.063464,25469353,1200693248,1192644608
calibration-20260902-g,S1-100-r01,2026-09-01T15:49:28.835035057Z,3501.254832,25517029,1200693248,1192644608
calibration-20260902-g,S1-100-r01,2026-09-01T15:49:28.844394755Z,3510.614503,25553038,1200693248,1192644608
calibration-20260902-g,S1-100-r01,2026-09-01T15:49:28.854559606Z,3520.779355,25571067,1200693248,1192644608
calibration-20260902-g,S1-100-r01,2026-09-01T15:49:28.864771879Z,3530.991627,25571233,1200693248,1192644608
calibration-20260902-g,S1-100-r01,2026-09-01T15:49:28.8749457Z,3541.165449,25571372,1200693248,1192644608
calibration-20260902-g,S1-100-r01,2026-09-01T15:49:28.884087981Z,3550.307729,25571488,1200693248,1192644608
calibration-20260902-g,S1-100-r01,2026-09-01T15:49:28.894284456Z,3560.504204,25571640,1200693248,1192644608
calibration-20260902-g,S1-100-r01,2026-09-01T15:49:28.904431534Z,3570.651283,25571770,1200693248,1192644608
calibration-20260902-g,S1-100-r01,2026-09-01T15:49:28.914548873Z,3580.768621,25571892,1200922624,1192644608
calibration-20260902-g,S1-100-r01,2026-09-01T15:49:28.92491199Z,3591.131747,25572042,1200922624,1192644608
calibration-20260902-g,S1-100-r01,2026-09-01T15:49:28.934000657Z,3600.220405,25601933,1200922624,1192644608
calibration-20260902-g,S1-100-r01,2026-09-01T15:49:28.9442625Z,3610.482248,25655625,1200922624,1192644608
calibration-20260902-g,S1-100-r01,2026-09-01T15:49:28.954414058Z,3620.633806,25669179,1201152000,1192644608
calibration-20260902-g,S1-100-r01,2026-09-01T15:49:28.96464548Z,3630.865229,25669367,1201152000,1192644608
calibration-20260902-g,S1-100-r01,2026-09-01T15:49:28.974878356Z,3641.098104,25669577,1201152000,1192644608
calibration-20260902-g,S1-100-r01,2026-09-01T15:49:28.984085104Z,3650.304853,25669721,1201152000,1192644608
calibration-20260902-g,S1-100-r01,2026-09-01T15:49:28.994219115Z,3660.438863,25669844,1201152000,1192644608
calibration-20260902-g,S1-100-r01,2026-09-01T15:49:29.004322209Z,3670.541957,25669996,1201152000,1192644608
calibration-20260902-g,S1-100-r01,2026-09-01T15:49:29.014480315Z,3680.700064,25670130,1201152000,1192902656
calibration-20260902-g,S1-100-r01,2026-09-01T15:49:29.024697383Z,3690.917131,25670297,1201152000,1192902656
calibration-20260902-g,S1-100-r01,2026-09-01T15:49:29.03480874Z,3701.028489,25717972,1201152000,1192902656
calibration-20260902-g,S1-100-r01,2026-09-01T15:49:29.04399262Z,3710.212368,25753786,1201152000,1192902656
calibration-20260902-g,S1-100-r01,2026-09-01T15:49:29.054297308Z,3720.517056,25771855,1201152000,1192902656
calibration-20260902-g,S1-100-r01,2026-09-01T15:49:29.123673727Z,3789.893471,25772133,1201152000,1192902656
calibration-20260902-g,S1-100-r01,2026-09-01T15:49:29.124806916Z,3791.026664,25772349,1201152000,1192902656
calibration-20260902-g,S1-100-r01,2026-09-01T15:49:29.134940156Z,3801.159905,25819826,1201152000,1192902656
calibration-20260902-g,S1-100-r01,2026-09-01T15:49:29.144163486Z,3810.383229,25858700,1157861376,1149587456
calibration-20260902-g,S1-100-r01,2026-09-01T15:49:29.154350506Z,3820.570254,25867738,1157861376,1149587456
calibration-20260902-g,S1-100-r01,2026-09-01T15:49:29.164560335Z,3830.780083,25867921,1157861376,1149505536
calibration-20260902-g,S1-100-r01,2026-09-01T15:49:29.174737263Z,3840.957012,25868128,1157861376,1149505536
calibration-20260902-g,S1-100-r01,2026-09-01T15:49:29.184875566Z,3851.095314,25868248,1157861376,1149505536
calibration-20260902-g,S1-100-r01,2026-09-01T15:49:29.19498916Z,3861.208908,25868361,1157861376,1149505536
calibration-20260902-g,S1-100-r01,2026-09-01T15:49:29.204088427Z,3870.308176,25868473,1157861376,1149505536
calibration-20260902-g,S1-100-r01,2026-09-01T15:49:29.214306285Z,3880.526033,25868597,1157861376,1149505536
calibration-20260902-g,S1-100-r01,2026-09-01T15:49:29.224694666Z,3890.914409,25869820,1157861376,1149235200
calibration-20260902-g,S1-100-r01,2026-09-01T15:49:29.234878266Z,3901.098015,25917150,1159467008,1150803968
calibration-20260902-g,S1-100-r01,2026-09-01T15:49:29.244964675Z,3911.184423,25953941,1111777280,1103003648
calibration-20260902-g,S1-100-r01,2026-09-01T15:49:29.25409838Z,3920.318129,25967481,1111777280,1102757888
calibration-20260902-g,S1-100-r01,2026-09-01T15:49:29.264266909Z,3930.486658,25967638,1111777280,1102757888
calibration-20260902-g,S1-100-r01,2026-09-01T15:49:29.323668278Z,3989.888026,25967994,1111777280,1102663680
calibration-20260902-g,S1-100-r01,2026-09-01T15:49:29.324894132Z,3991.113875,25969435,1112006656,1102925824
calibration-20260902-g,S1-100-r01,2026-09-01T15:49:29.334191459Z,4000.411202,26004350,1016315904,1007034368
calibration-20260902-g,S1-100-r01,2026-09-01T15:49:29.344429244Z,4010.648987,26053004,1016315904,1006895104
calibration-20260902-g,S1-100-r01,2026-09-01T15:49:29.35462807Z,4020.847818,26071044,1016315904,1006895104
calibration-20260902-g,S1-100-r01,2026-09-01T15:49:29.364765792Z,4030.985539,26071208,1016315904,1006796800
calibration-20260902-g,S1-100-r01,2026-09-01T15:49:29.374885752Z,4041.105502,26071428,1016315904,1006796800
calibration-20260902-g,S1-100-r01,2026-09-01T15:49:29.383982386Z,4050.202134,26071554,1016315904,1006796800
calibration-20260902-g,S1-100-r01,2026-09-01T15:49:29.394122011Z,4060.341760,26071748,1016315904,1006796800
calibration-20260902-g,S1-100-r01,2026-09-01T15:49:29.404309126Z,4070.528869,26071855,1016315904,1007058944
calibration-20260902-g,S1-100-r01,2026-09-01T15:49:29.414472064Z,4080.691812,26071961,1016315904,1007058944
calibration-20260902-g,S1-100-r01,2026-09-01T15:49:29.424667237Z,4090.886985,26072084,1016315904,1007058944
calibration-20260902-g,S1-100-r01,2026-09-01T15:49:29.43484992Z,4101.069663,26119643,968232960,961036288
calibration-20260902-g,S1-100-r01,2026-09-01T15:49:29.444904185Z,4111.123934,26156232,968462336,958996480
calibration-20260902-g,S1-100-r01,2026-09-01T15:49:29.45408821Z,4120.307960,26169814,968462336,959258624
calibration-20260902-g,S1-100-r01,2026-09-01T15:49:29.464273766Z,4130.493515,26169990,968462336,959160320
calibration-20260902-g,S1-100-r01,2026-09-01T15:49:29.47447851Z,4140.698260,26170221,968462336,959160320
calibration-20260902-g,S1-100-r01,2026-09-01T15:49:29.484636732Z,4150.856489,26170397,968462336,959160320
calibration-20260902-g,S1-100-r01,2026-09-01T15:49:29.494762655Z,4160.982404,26170554,968462336,959160320
calibration-20260902-g,S1-100-r01,2026-09-01T15:49:29.504922056Z,4171.141804,26170702,968462336,959135744
calibration-20260902-g,S1-100-r01,2026-09-01T15:49:29.514114992Z,4180.334741,26170868,968462336,959135744
calibration-20260902-g,S1-100-r01,2026-09-01T15:49:29.524268519Z,4190.488294,26171021,968462336,959135744
calibration-20260902-g,S1-100-r01,2026-09-01T15:49:29.534432202Z,4200.651950,26218735,968462336,959131648
calibration-20260902-g,S1-100-r01,2026-09-01T15:49:29.544638469Z,4210.858217,26254619,968462336,959393792
calibration-20260902-g,S1-100-r01,2026-09-01T15:49:29.554731313Z,4220.951062,26268228,968462336,959393792
calibration-20260902-g,S1-100-r01,2026-09-01T15:49:29.564901114Z,4231.120863,26268464,968462336,959393792
calibration-20260902-g,S1-100-r01,2026-09-01T15:49:29.574090859Z,4240.310609,26268665,968462336,959393792
calibration-20260902-g,S1-100-r01,2026-09-01T15:49:29.584263936Z,4250.483684,26268849,968462336,959393792
calibration-20260902-g,S1-100-r01,2026-09-01T15:49:29.594450867Z,4260.670615,26269006,968462336,959393792
calibration-20260902-g,S1-100-r01,2026-09-01T15:49:29.604557603Z,4270.777351,26269159,968462336,959393792
calibration-20260902-g,S1-100-r01,2026-09-01T15:49:29.614694584Z,4280.914332,26269349,968462336,959393792
calibration-20260902-g,S1-100-r01,2026-09-01T15:49:29.624921712Z,4291.141461,26269585,968462336,959393792
calibration-20260902-g,S1-100-r01,2026-09-01T15:49:29.634075938Z,4300.295686,26299390,968462336,959393792
calibration-20260902-g,S1-100-r01,2026-09-01T15:49:29.644238081Z,4310.457829,26352903,968462336,959393792
calibration-20260902-g,S1-100-r01,2026-09-01T15:49:29.723693422Z,4389.913171,26371262,973737984,964636672
calibration-20260902-g,S1-100-r01,2026-09-01T15:49:29.724883728Z,4391.103475,26371477,975343616,966471680
calibration-20260902-g,S1-100-r01,2026-09-01T15:49:29.733978926Z,4400.198675,26401298,990023680,981151744
calibration-20260902-g,S1-100-r01,2026-09-01T15:49:29.744100442Z,4410.320190,26455597,1006997504,998166528
calibration-20260902-g,S1-100-r01,2026-09-01T15:49:29.754400519Z,4420.620268,26469530,1017548800,1008652288
calibration-20260902-g,S1-100-r01,2026-09-01T15:49:29.764566646Z,4430.786394,26469672,1017548800,1008652288
calibration-20260902-g,S1-100-r01,2026-09-01T15:49:29.774682383Z,4440.902131,26469772,1017548800,1008652288
calibration-20260902-g,S1-100-r01,2026-09-01T15:49:29.78487307Z,4451.092819,26469905,1017548800,1008414720
calibration-20260902-g,S1-100-r01,2026-09-01T15:49:29.793995799Z,4460.215547,26470017,1017548800,1008414720
calibration-20260902-g,S1-100-r01,2026-09-01T15:49:29.804141131Z,4470.360879,26470139,1017548800,1008168960
calibration-20260902-g,S1-100-r01,2026-09-01T15:49:29.814296512Z,4480.516260,26470251,1017548800,1008431104
calibration-20260902-g,S1-100-r01,2026-09-01T15:49:29.82454048Z,4490.760229,26470659,1020989440,1011576832
calibration-20260902-g,S1-100-r01,2026-09-01T15:49:29.834687361Z,4500.907110,26520020,1055166464,1046179840
calibration-20260902-g,S1-100-r01,2026-09-01T15:49:29.844870307Z,4511.090055,26556384,1081085952,1072394240
calibration-20260902-g,S1-100-r01,2026-09-01T15:49:29.85406964Z,4520.289389,26565469,1081085952,1072394240
calibration-20260902-g,S1-100-r01,2026-09-01T15:49:29.864256373Z,4530.476121,26565609,1081085952,1072394240
calibration-20260902-g,S1-100-r01,2026-09-01T15:49:29.874393866Z,4540.613614,26565728,1081315328,1072394240
calibration-20260902-g,S1-100-r01,2026-09-01T15:49:29.923683976Z,4589.903751,26566100,1082003456,1072656384
calibration-20260902-g,S1-100-r01,2026-09-01T15:49:29.924961407Z,4591.181150,26567823,1084985344,1075802112
calibration-20260902-g,S1-100-r01,2026-09-01T15:49:29.934196614Z,4600.416386,26614660,1100124160,1091006464
calibration-20260902-g,S1-100-r01,2026-09-01T15:49:29.944545766Z,4610.765514,26651006,1113886720,1104637952
calibration-20260902-g,S1-100-r01,2026-09-01T15:49:29.954694187Z,4620.913930,26669041,1114116096,1104637952
calibration-20260902-g,S1-100-r01,2026-09-01T15:49:29.964894673Z,4631.114421,26669336,1114116096,1104637952
calibration-20260902-g,S1-100-r01,2026-09-01T15:49:29.973976732Z,4640.196480,26669439,1114116096,1104637952
calibration-20260902-g,S1-100-r01,2026-09-01T15:49:29.984152572Z,4650.372321,26669559,1114116096,1104637952
calibration-20260902-g,S1-100-r01,2026-09-01T15:49:29.994347927Z,4660.567676,26669752,1114116096,1104637952
calibration-20260902-g,S1-100-r01,2026-09-01T15:49:30.004504247Z,4670.724002,26669906,1114116096,1104637952
calibration-20260902-g,S1-100-r01,2026-09-01T15:49:30.014610297Z,4680.830045,26670065,1114345472,1104637952
calibration-20260902-g,S1-100-r01,2026-09-01T15:49:30.024766015Z,4690.985763,26670323,1114804224,1105162240
calibration-20260902-g,S1-100-r01,2026-09-01T15:49:30.034991596Z,4701.211344,26718083,1114804224,1105162240
calibration-20260902-g,S1-100-r01,2026-09-01T15:49:30.044280904Z,4710.500653,26753956,1114804224,1105162240
calibration-20260902-g,S1-100-r01,2026-09-01T15:49:30.054490131Z,4720.709880,26767571,1114804224,1105162240
calibration-20260902-g,S1-100-r01,2026-09-01T15:49:30.064719685Z,4730.939434,26767806,1114804224,1105162240
calibration-20260902-g,S1-100-r01,2026-09-01T15:49:30.074919629Z,4741.139373,26768121,1114804224,1105162240
calibration-20260902-g,S1-100-r01,2026-09-01T15:49:30.084087986Z,4750.307728,26768199,1114804224,1105162240
calibration-20260902-g,S1-100-r01,2026-09-01T15:49:30.094225226Z,4760.444975,26768283,1114804224,1105162240
calibration-20260902-g,S1-100-r01,2026-09-01T15:49:30.104420657Z,4770.640404,26768382,1115033600,1105162240
calibration-20260902-g,S1-100-r01,2026-09-01T15:49:30.114547423Z,4780.767166,26768479,1115033600,1105162240
calibration-20260902-g,S1-100-r01,2026-09-01T15:49:30.124724958Z,4790.944706,26768579,1115033600,1105162240
calibration-20260902-g,S1-100-r01,2026-09-01T15:49:30.134849345Z,4801.069094,26816263,1115033600,1105162240
calibration-20260902-g,S1-100-r01,2026-09-01T15:49:30.14414055Z,4810.360298,26852119,1115033600,1105162240
calibration-20260902-g,S1-100-r01,2026-09-01T15:49:30.154302993Z,4820.522741,26870158,1115033600,1105162240
calibration-20260902-g,S1-100-r01,2026-09-01T15:49:30.223679922Z,4889.899670,26870316,1115033600,1105162240
calibration-20260902-g,S1-100-r01,2026-09-01T15:49:30.224831649Z,4891.051397,26870599,1115033600,1105162240
calibration-20260902-g,S1-100-r01,2026-09-01T15:49:30.233966774Z,4900.186522,26900404,1115033600,1105420288
calibration-20260902-g,S1-100-r01,2026-09-01T15:49:30.244220331Z,4910.440079,26954061,1115033600,1105682432
calibration-20260902-g,S1-100-r01,2026-09-01T15:49:30.25448118Z,4920.700929,26967639,1115033600,1105682432
calibration-20260902-g,S1-100-r01,2026-09-01T15:49:30.264644256Z,4930.864005,26967781,1115033600,1105682432
calibration-20260902-g,S1-100-r01,2026-09-01T15:49:30.274789221Z,4941.008970,26967934,1115033600,1105682432
calibration-20260902-g,S1-100-r01,2026-09-01T15:49:30.285004552Z,4951.224300,26968123,1115033600,1105682432
calibration-20260902-g,S1-100-r01,2026-09-01T15:49:30.294136345Z,4960.356092,26968258,1115033600,1105682432
calibration-20260902-g,S1-100-r01,2026-09-01T15:49:30.323652183Z,4989.871932,26968345,1115033600,1105682432
calibration-20260902-g,S1-100-r01,2026-09-01T15:49:30.324733188Z,4990.952936,26968540,1115033600,1105682432
calibration-20260902-g,S1-100-r01,2026-09-01T15:49:30.334978417Z,5001.198165,27016265,1115033600,1105682432
calibration-20260902-g,S1-100-r01,2026-09-01T15:49:30.344175451Z,5010.395199,27052093,1115033600,1105682432
calibration-20260902-g,S1-100-r01,2026-09-01T15:49:30.354362622Z,5020.582366,27067371,1115033600,1105682432
calibration-20260902-g,S1-100-r01,2026-09-01T15:49:30.423700453Z,5089.920223,27067879,1115033600,1105338368
calibration-20260902-g,S1-100-r01,2026-09-01T15:49:30.425021134Z,5091.240876,27068712,1115033600,1105338368
calibration-20260902-g,S1-100-r01,2026-09-01T15:49:30.434183025Z,5100.402768,27098729,1115262976,1105600512
calibration-20260902-g,S1-100-r01,2026-09-01T15:49:30.443964991Z,5110.184734,27154194,1067286528,1057665024
calibration-20260902-g,S1-100-r01,2026-09-01T15:49:30.454468954Z,5120.688697,27165644,1067286528,1057665024
calibration-20260902-g,S1-100-r01,2026-09-01T15:49:30.46464723Z,5130.866977,27165746,1067286528,1057665024
calibration-20260902-g,S1-100-r01,2026-09-01T15:49:30.474779757Z,5140.999500,27165826,1067286528,1057570816
calibration-20260902-g,S1-100-r01,2026-09-01T15:49:30.484947243Z,5151.166995,27165923,1067286528,1057570816
calibration-20260902-g,S1-100-r01,2026-09-01T15:49:30.523670175Z,5189.889923,27166076,1067515904,1057787904
calibration-20260902-g,S1-100-r01,2026-09-01T15:49:30.524175828Z,5190.395577,27166377,1067745280,1058050048
calibration-20260902-g,S1-100-r01,2026-09-01T15:49:30.534284674Z,5200.504423,27216824,1020321792,1010155520
calibration-20260902-g,S1-100-r01,2026-09-01T15:49:30.544444862Z,5210.664634,27252573,1020321792,1010155520
calibration-20260902-g,S1-100-r01,2026-09-01T15:49:30.554952266Z,5221.172014,27270738,1020321792,1009958912
calibration-20260902-g,S1-100-r01,2026-09-01T15:49:30.564156418Z,5230.376167,27270991,1020321792,1009926144
calibration-20260902-g,S1-100-r01,2026-09-01T15:49:30.574296894Z,5240.516642,27271162,1020321792,1009926144
calibration-20260902-g,S1-100-r01,2026-09-01T15:49:30.584455247Z,5250.674995,27271316,1020321792,1009926144
calibration-20260902-g,S1-100-r01,2026-09-01T15:49:30.59466409Z,5260.883839,27271499,1020321792,1009926144
calibration-20260902-g,S1-100-r01,2026-09-01T15:49:30.604879889Z,5271.099637,27271667,1020321792,1009926144
calibration-20260902-g,S1-100-r01,2026-09-01T15:49:30.614045981Z,5280.265724,27271775,1020321792,1009926144
calibration-20260902-g,S1-100-r01,2026-09-01T15:49:30.624715255Z,5290.935002,27271935,1020321792,1009926144
calibration-20260902-g,S1-100-r01,2026-09-01T15:49:30.634881889Z,5301.101638,27321186,979394560,969515008
calibration-20260902-g,S1-100-r01,2026-09-01T15:49:30.644126362Z,5310.346111,27356949,979394560,969515008
calibration-20260902-g,S1-100-r01,2026-09-01T15:49:30.65430772Z,5320.527468,27366016,979394560,969433088
calibration-20260902-g,S1-100-r01,2026-09-01T15:49:30.664539741Z,5330.759490,27366250,979394560,969695232
calibration-20260902-g,S1-100-r01,2026-09-01T15:49:30.674683192Z,5340.902941,27366432,979394560,969695232
calibration-20260902-g,S1-100-r01,2026-09-01T15:49:30.684787501Z,5351.007250,27366612,979394560,969695232
calibration-20260902-g,S1-100-r01,2026-09-01T15:49:30.694969144Z,5361.188894,27366820,979394560,969695232
calibration-20260902-g,S1-100-r01,2026-09-01T15:49:30.704172565Z,5370.392313,27366996,979394560,969433088
calibration-20260902-g,S1-100-r01,2026-09-01T15:49:30.714344621Z,5380.564370,27367160,979394560,969695232
calibration-20260902-g,S1-100-r01,2026-09-01T15:49:30.724501047Z,5390.720795,27367339,979394560,969695232
calibration-20260902-g,S1-100-r01,2026-09-01T15:49:30.734715666Z,5400.935409,27415488,931385344,921698304
calibration-20260902-g,S1-100-r01,2026-09-01T15:49:30.744113202Z,5410.332951,27451827,931614720,921616384
calibration-20260902-g,S1-100-r01,2026-09-01T15:49:30.754228888Z,5420.448637,27469801,931614720,921616384
calibration-20260902-g,S1-100-r01,2026-09-01T15:49:30.764382802Z,5430.602551,27470052,931614720,921518080
calibration-20260902-g,S1-100-r01,2026-09-01T15:49:30.774520596Z,5440.740339,27470155,931614720,921518080
calibration-20260902-g,S1-100-r01,2026-09-01T15:49:30.78467432Z,5450.894064,27470233,931614720,921694208
calibration-20260902-g,S1-100-r01,2026-09-01T15:49:30.794759827Z,5460.979576,27470299,931614720,921694208
calibration-20260902-g,S1-100-r01,2026-09-01T15:49:30.804914142Z,5471.133891,27470370,931614720,921448448
calibration-20260902-g,S1-100-r01,2026-09-01T15:49:30.814066324Z,5480.286067,27470458,931614720,921448448
calibration-20260902-g,S1-100-r01,2026-09-01T15:49:30.824260803Z,5490.480552,27470581,931614720,921448448
calibration-20260902-g,S1-100-r01,2026-09-01T15:49:30.834494239Z,5500.713988,27518174,931614720,921448448
calibration-20260902-g,S1-100-r01,2026-09-01T15:49:30.844647797Z,5510.867544,27553957,931614720,921448448
calibration-20260902-g,S1-100-r01,2026-09-01T15:49:30.854746759Z,5520.966508,27567541,932761600,923021312
calibration-20260902-g,S1-100-r01,2026-09-01T15:49:30.864922342Z,5531.142090,27567769,932761600,923021312
calibration-20260902-g,S1-100-r01,2026-09-01T15:49:30.874056138Z,5540.275886,27567915,932761600,923021312
calibration-20260902-g,S1-100-r01,2026-09-01T15:49:30.884218481Z,5550.438235,27568069,932761600,923021312
calibration-20260902-g,S1-100-r01,2026-09-01T15:49:30.894288119Z,5560.507868,27568208,932761600,923021312
calibration-20260902-g,S1-100-r01,2026-09-01T15:49:30.904397984Z,5570.617733,27568364,932761600,923021312
calibration-20260902-g,S1-100-r01,2026-09-01T15:49:30.914598803Z,5580.818550,27568577,932761600,923021312
calibration-20260902-g,S1-100-r01,2026-09-01T15:49:30.924843392Z,5591.063167,27568853,935055360,925118464
calibration-20260902-g,S1-100-r01,2026-09-01T15:49:30.934102404Z,5600.322153,27600812,955240448,945565696
calibration-20260902-g,S1-100-r01,2026-09-01T15:49:30.944305011Z,5610.524760,27653581,995381248,986140672
calibration-20260902-g,S1-100-r01,2026-09-01T15:49:30.954502812Z,5620.722560,27667568,1008914432,999510016
calibration-20260902-g,S1-100-r01,2026-09-01T15:49:30.964738079Z,5630.957827,27667743,1008914432,999510016
calibration-20260902-g,S1-100-r01,2026-09-01T15:49:30.974976797Z,5641.196546,27668020,1008914432,999510016
calibration-20260902-g,S1-100-r01,2026-09-01T15:49:30.9840993Z,5650.319048,27668199,1008914432,999510016
calibration-20260902-g,S1-100-r01,2026-09-01T15:49:30.994266739Z,5660.486487,27668402,1009143808,999510016
calibration-20260902-g,S1-100-r01,2026-09-01T15:49:31.004475993Z,5670.695749,27668545,1009143808,999251968
calibration-20260902-g,S1-100-r01,2026-09-01T15:49:31.01463355Z,5680.853299,27668728,1009143808,999514112
calibration-20260902-g,S1-100-r01,2026-09-01T15:49:31.024756698Z,5690.976446,27668967,1013043200,1003446272
calibration-20260902-g,S1-100-r01,2026-09-01T15:49:31.034962207Z,5701.181955,27717279,1049284608,1040097280
calibration-20260902-g,S1-100-r01,2026-09-01T15:49:31.044188741Z,5710.408484,27753553,1072680960,1063428096
calibration-20260902-g,S1-100-r01,2026-09-01T15:49:31.054410656Z,5720.630405,27771813,1072910336,1063690240
calibration-20260902-g,S1-100-r01,2026-09-01T15:49:31.064593587Z,5730.813335,27772031,1072910336,1063690240
calibration-20260902-g,S1-100-r01,2026-09-01T15:49:31.0747103Z,5740.930048,27772354,1072910336,1063690240
calibration-20260902-g,S1-100-r01,2026-09-01T15:49:31.08489203Z,5751.111773,27772458,1072910336,1063690240
calibration-20260902-g,S1-100-r01,2026-09-01T15:49:31.123661689Z,5789.881437,27772607,1073139712,1063428096
calibration-20260902-g,S1-100-r01,2026-09-01T15:49:31.124742434Z,5790.962183,27772845,1074974720,1065263104
calibration-20260902-g,S1-100-r01,2026-09-01T15:49:31.134862418Z,5801.082161,27820548,1077268480,1067622400
calibration-20260902-g,S1-100-r01,2026-09-01T15:49:31.144101115Z,5810.320864,27856812,1081167872,1071816704
calibration-20260902-g,S1-100-r01,2026-09-01T15:49:31.154362553Z,5820.582302,27865981,1081167872,1071816704
calibration-20260902-g,S1-100-r01,2026-09-01T15:49:31.164588284Z,5830.808032,27866194,1081167872,1072078848
calibration-20260902-g,S1-100-r01,2026-09-01T15:49:31.223691901Z,5889.911649,27866540,1081397248,1072283648
calibration-20260902-g,S1-100-r01,2026-09-01T15:49:31.224838375Z,5891.058117,27866913,1083232256,1074380800
calibration-20260902-g,S1-100-r01,2026-09-01T15:49:31.234975737Z,5901.195485,27914858,1102270464,1093517312
calibration-20260902-g,S1-100-r01,2026-09-01T15:49:31.244238579Z,5910.458328,27950931,1115344896,1106362368
calibration-20260902-g,S1-100-r01,2026-09-01T15:49:31.254455683Z,5920.675431,27969025,1118097408,1109245952
calibration-20260902-g,S1-100-r01,2026-09-01T15:49:31.264626665Z,5930.846415,27969286,1118097408,1109245952
calibration-20260902-g,S1-100-r01,2026-09-01T15:49:31.274778556Z,5940.998304,27969471,1118097408,1109245952
calibration-20260902-g,S1-100-r01,2026-09-01T15:49:31.323659742Z,5989.879491,27969807,1118326784,1109291008
calibration-20260902-g,S1-100-r01,2026-09-01T15:49:31.324882044Z,5991.101793,27970150,1120391168,1111388160
calibration-20260902-g,S1-100-r01,2026-09-01T15:49:31.33500614Z,6001.225889,28017935,1125437440,1116360704
calibration-20260902-g,S1-100-r01,2026-09-01T15:49:31.344252165Z,6010.471913,28053830,1125437440,1116360704
calibration-20260902-g,S1-100-r01,2026-09-01T15:49:31.354524012Z,6020.743760,28071901,1125437440,1116360704
calibration-20260902-g,S1-100-r01,2026-09-01T15:49:31.364772299Z,6030.992048,28072165,1125437440,1116213248
calibration-20260902-g,S1-100-r01,2026-09-01T15:49:31.423662218Z,6089.881967,28072318,1125437440,1116213248
calibration-20260902-g,S1-100-r01,2026-09-01T15:49:31.424858717Z,6091.078465,28072623,1125437440,1116213248
calibration-20260902-g,S1-100-r01,2026-09-01T15:49:31.43397649Z,6100.196239,28102481,1125437440,1116213248
calibration-20260902-g,S1-100-r01,2026-09-01T15:49:31.444145885Z,6110.365633,28156204,1125437440,1116213248
calibration-20260902-g,S1-100-r01,2026-09-01T15:49:31.454414754Z,6120.634503,28169846,1125437440,1116475392
calibration-20260902-g,S1-100-r01,2026-09-01T15:49:31.464642478Z,6130.862227,28170061,1125437440,1116475392
calibration-20260902-g,S1-100-r01,2026-09-01T15:49:31.474798297Z,6141.018045,28170274,1125437440,1116475392
calibration-20260902-g,S1-100-r01,2026-09-01T15:49:31.484987626Z,6151.207384,28170625,1125437440,1116475392
calibration-20260902-g,S1-100-r01,2026-09-01T15:49:31.52366421Z,6189.883958,28170795,1125437440,1116499968
calibration-20260902-g,S1-100-r01,2026-09-01T15:49:31.524775409Z,6190.995158,28171014,1125437440,1116762112
calibration-20260902-g,S1-100-r01,2026-09-01T15:49:31.533980455Z,6200.200202,28200858,1125437440,1116762112
calibration-20260902-g,S1-100-r01,2026-09-01T15:49:31.54422262Z,6210.442368,28256052,1125437440,1116762112
calibration-20260902-g,S1-100-r01,2026-09-01T15:49:31.554520593Z,6220.740341,28268572,1125437440,1116762112
calibration-20260902-g,S1-100-r01,2026-09-01T15:49:31.564700853Z,6230.920601,28268767,1125437440,1116758016
calibration-20260902-g,S1-100-r01,2026-09-01T15:49:31.5749388Z,6241.158575,28269157,1125437440,1116758016
calibration-20260902-g,S1-100-r01,2026-09-01T15:49:31.584341309Z,6250.561083,28269448,1125437440,1117020160
calibration-20260902-g,S1-100-r01,2026-09-01T15:49:31.594722556Z,6260.942304,28269937,1125437440,1117020160
calibration-20260902-g,S1-100-r01,2026-09-01T15:49:31.60500922Z,6271.228969,28270219,1125437440,1116782592
calibration-20260902-g,S1-100-r01,2026-09-01T15:49:31.614223138Z,6280.442886,28270399,1125437440,1116782592
calibration-20260902-g,S1-100-r01,2026-09-01T15:49:31.624088569Z,6290.308318,28270922,1125437440,1116782592
calibration-20260902-g,S1-100-r01,2026-09-01T15:49:31.634301343Z,6300.521092,28318665,1125437440,1117044736
calibration-20260902-g,S1-100-r01,2026-09-01T15:49:31.644525206Z,6310.744949,28355512,1077473280,1068933120
calibration-20260902-g,S1-100-r01,2026-09-01T15:49:31.654720241Z,6320.939984,28368884,1034588160,1026031616
calibration-20260902-g,S1-100-r01,2026-09-01T15:49:31.664899762Z,6331.119505,28369012,1034588160,1025396736
calibration-20260902-g,S1-100-r01,2026-09-01T15:49:31.674055674Z,6340.275417,28369101,1034588160,1025396736
calibration-20260902-g,S1-100-r01,2026-09-01T15:49:31.684256559Z,6350.476302,28369212,1034588160,1025208320
calibration-20260902-g,S1-100-r01,2026-09-01T15:49:31.694428347Z,6360.648095,28369331,1034588160,1025204224
calibration-20260902-g,S1-100-r01,2026-09-01T15:49:31.704586835Z,6370.806583,28369416,1034588160,1025204224
calibration-20260902-g,S1-100-r01,2026-09-01T15:49:31.714719808Z,6380.939551,28369500,1034588160,1025204224
calibration-20260902-g,S1-100-r01,2026-09-01T15:49:31.725195266Z,6391.415016,28369687,1039405056,1030500352
calibration-20260902-g,S1-100-r01,2026-09-01T15:49:31.73441233Z,6400.632073,28418508,1069912064,1060909056
calibration-20260902-g,S1-100-r01,2026-09-01T15:49:31.744624794Z,6410.844543,28454278,1077710848,1068773376
calibration-20260902-g,S1-100-r01,2026-09-01T15:49:31.754914486Z,6421.134234,28467897,1077710848,1068773376
calibration-20260902-g,S1-100-r01,2026-09-01T15:49:31.764082066Z,6430.301814,28468066,1077710848,1068773376
calibration-20260902-g,S1-100-r01,2026-09-01T15:49:31.774264453Z,6440.484202,28468239,1077710848,1068773376
calibration-20260902-g,S1-100-r01,2026-09-01T15:49:31.784424135Z,6450.643883,28468329,1077710848,1068511232
calibration-20260902-g,S1-100-r01,2026-09-01T15:49:31.823674733Z,6489.894482,28468488,1077710848,1068511232
calibration-20260902-g,S1-100-r01,2026-09-01T15:49:31.824810345Z,6491.030093,28468699,1077710848,1068511232
calibration-20260902-g,S1-100-r01,2026-09-01T15:49:31.834315867Z,6500.535641,28517617,1029931008,1020706816
calibration-20260902-g,S1-100-r01,2026-09-01T15:49:31.844617348Z,6510.837096,28553457,1029931008,1020706816
calibration-20260902-g,S1-100-r01,2026-09-01T15:49:31.854759093Z,6520.978842,28567029,1029931008,1020870656
calibration-20260902-g,S1-100-r01,2026-09-01T15:49:31.86494311Z,6531.162859,28567249,1029931008,1020870656
calibration-20260902-g,S1-100-r01,2026-09-01T15:49:31.874083237Z,6540.302985,28567413,1029931008,1020870656
calibration-20260902-g,S1-100-r01,2026-09-01T15:49:31.884232802Z,6550.452550,28567614,1029931008,1020870656
calibration-20260902-g,S1-100-r01,2026-09-01T15:49:31.894432914Z,6560.652662,28567799,1029931008,1020870656
calibration-20260902-g,S1-100-r01,2026-09-01T15:49:31.904579183Z,6570.798932,28567959,1029931008,1020870656
calibration-20260902-g,S1-100-r01,2026-09-01T15:49:31.914723275Z,6580.943024,28568164,1029931008,1020870656
calibration-20260902-g,S1-100-r01,2026-09-01T15:49:31.92498604Z,6591.205813,28568457,1029931008,1020870656
calibration-20260902-g,S1-100-r01,2026-09-01T15:49:31.934267484Z,6600.487232,28617217,981839872,973062144
calibration-20260902-g,S1-100-r01,2026-09-01T15:49:31.944486254Z,6610.706002,28653108,981839872,973062144
calibration-20260902-g,S1-100-r01,2026-09-01T15:49:31.954683556Z,6620.903304,28666739,981839872,973062144
calibration-20260902-g,S1-100-r01,2026-09-01T15:49:31.964892309Z,6631.112058,28666981,981839872,972963840
calibration-20260902-g,S1-100-r01,2026-09-01T15:49:31.973968077Z,6640.187826,28667138,981839872,972963840
calibration-20260902-g,S1-100-r01,2026-09-01T15:49:31.984127618Z,6650.347367,28667299,981839872,972963840
calibration-20260902-g,S1-100-r01,2026-09-01T15:49:31.994328006Z,6660.547755,28667515,982069248,972922880
calibration-20260902-g,S1-100-r01,2026-09-01T15:49:32.004549126Z,6670.768875,28667739,982069248,972922880
calibration-20260902-g,S1-100-r01,2026-09-01T15:49:32.014686626Z,6680.906374,28667926,982069248,972922880
calibration-20260902-g,S1-100-r01,2026-09-01T15:49:32.024826643Z,6691.046396,28668138,982069248,972922880
calibration-20260902-g,S1-100-r01,2026-09-01T15:49:32.035001108Z,6701.220857,28715752,982069248,972922880
calibration-20260902-g,S1-100-r01,2026-09-01T15:49:32.044234452Z,6710.454201,28751523,982069248,972922880
calibration-20260902-g,S1-100-r01,2026-09-01T15:49:32.054541307Z,6720.761055,28769567,982069248,972922880
calibration-20260902-g,S1-100-r01,2026-09-01T15:49:32.064700756Z,6730.920504,28769799,982069248,972922880
calibration-20260902-g,S1-100-r01,2026-09-01T15:49:32.074806357Z,6741.026105,28770020,982069248,972922880
calibration-20260902-g,S1-100-r01,2026-09-01T15:49:32.084969347Z,6751.189095,28770288,982069248,972922880
calibration-20260902-g,S1-100-r01,2026-09-01T15:49:32.094162329Z,6760.382078,28770452,982069248,972922880
calibration-20260902-g,S1-100-r01,2026-09-01T15:49:32.104314435Z,6770.534184,28770586,982069248,972922880
calibration-20260902-g,S1-100-r01,2026-09-01T15:49:32.114504822Z,6780.724570,28770752,982069248,972922880
calibration-20260902-g,S1-100-r01,2026-09-01T15:49:32.124704975Z,6790.924732,28770984,982069248,972922880
calibration-20260902-g,S1-100-r01,2026-09-01T15:49:32.134893764Z,6801.113534,28818727,986886144,978161664
calibration-20260902-g,S1-100-r01,2026-09-01T15:49:32.144023561Z,6810.243309,28855494,1000878080,992055296
calibration-20260902-g,S1-100-r01,2026-09-01T15:49:32.154164091Z,6820.383839,28868468,1004318720,995725312
calibration-20260902-g,S1-100-r01,2026-09-01T15:49:32.164321638Z,6830.541387,28868662,1004318720,995725312
calibration-20260902-g,S1-100-r01,2026-09-01T15:49:32.174486345Z,6840.706094,28868815,1004318720,995725312
calibration-20260902-g,S1-100-r01,2026-09-01T15:49:32.223656216Z,6889.875964,28869112,1004548096,995987456
calibration-20260902-g,S1-100-r01,2026-09-01T15:49:32.224842159Z,6891.061907,28869377,1008676864,999657472
calibration-20260902-g,S1-100-r01,2026-09-01T15:49:32.23500462Z,6901.224368,28917451,1046294528,1037668352
calibration-20260902-g,S1-100-r01,2026-09-01T15:49:32.324058096Z,6990.277923,28967954,1084829696,1076203520
calibration-20260902-g,S1-100-r01,2026-09-01T15:49:32.334398909Z,7000.618658,29016067,1106620416,1098743808
calibration-20260902-g,S1-100-r01,2026-09-01T15:49:32.344652813Z,7010.872561,29052440,1138962432,1130987520
calibration-20260902-g,S1-100-r01,2026-09-01T15:49:32.354903934Z,7021.123683,29070617,1143091200,1135181824
calibration-20260902-g,S1-100-r01,2026-09-01T15:49:32.364148583Z,7030.368334,29070877,1143091200,1135181824
calibration-20260902-g,S1-100-r01,2026-09-01T15:49:32.374458566Z,7040.678316,29071070,1143091200,1135181824
calibration-20260902-g,S1-100-r01,2026-09-01T15:49:32.384782557Z,7051.002301,29071319,1143091200,1135181824
calibration-20260902-g,S1-100-r01,2026-09-01T15:49:32.393963793Z,7060.183536,29071498,1143091200,1135181824
calibration-20260902-g,S1-100-r01,2026-09-01T15:49:32.404163669Z,7070.383419,29071633,1143091200,1135181824
calibration-20260902-g,S1-100-r01,2026-09-01T15:49:32.423631553Z,7089.851302,29071748,1143320576,1135181824
calibration-20260902-g,S1-100-r01,2026-09-01T15:49:32.424804217Z,7091.023965,29072045,1146073088,1138327552
calibration-20260902-g,S1-100-r01,2026-09-01T15:49:32.435000609Z,7101.220358,29120100,1163505664,1155629056
calibration-20260902-g,S1-100-r01,2026-09-01T15:49:32.44421777Z,7110.437518,29156088,1173139456,1165066240
calibration-20260902-g,S1-100-r01,2026-09-01T15:49:32.454434377Z,7120.654125,29169757,1173139456,1165066240
calibration-20260902-g,S1-100-r01,2026-09-01T15:49:32.464615208Z,7130.834957,29169965,1173139456,1165066240
calibration-20260902-g,S1-100-r01,2026-09-01T15:49:32.474703328Z,7140.923076,29170195,1173139456,1165066240
calibration-20260902-g,S1-100-r01,2026-09-01T15:49:32.484857303Z,7151.077061,29170383,1173139456,1165066240
calibration-20260902-g,S1-100-r01,2026-09-01T15:49:32.494119909Z,7160.339657,29170693,1173139456,1165066240
calibration-20260902-g,S1-100-r01,2026-09-01T15:49:32.504358739Z,7170.578488,29170913,1173139456,1165066240
calibration-20260902-g,S1-100-r01,2026-09-01T15:49:32.514483334Z,7180.703084,29171127,1173139456,1165066240
calibration-20260902-g,S1-100-r01,2026-09-01T15:49:32.524742151Z,7190.961899,29171404,1174515712,1166639104
calibration-20260902-g,S1-100-r01,2026-09-01T15:49:32.534852111Z,7201.071855,29219495,1177726976,1169784832
calibration-20260902-g,S1-100-r01,2026-09-01T15:49:32.544055812Z,7210.275560,29255371,1177726976,1169784832
calibration-20260902-g,S1-100-r01,2026-09-01T15:49:32.55429799Z,7220.517738,29268945,1177726976,1169784832
calibration-20260902-g,S1-100-r01,2026-09-01T15:49:32.623660715Z,7289.880463,29269343,1177956352,1169702912
calibration-20260902-g,S1-100-r01,2026-09-01T15:49:32.624812216Z,7291.031965,29269571,1177956352,1169702912
calibration-20260902-g,S1-100-r01,2026-09-01T15:49:32.635010703Z,7301.230452,29317053,1177956352,1169702912
calibration-20260902-g,S1-100-r01,2026-09-01T15:49:32.644232457Z,7310.452205,29352951,1177956352,1169702912
calibration-20260902-g,S1-100-r01,2026-09-01T15:49:32.654491111Z,7320.710860,29366526,1177956352,1169702912
calibration-20260902-g,S1-100-r01,2026-09-01T15:49:32.664736788Z,7330.956537,29366741,1177956352,1169702912
calibration-20260902-g,S1-100-r01,2026-09-01T15:49:32.674945966Z,7341.165715,29366893,1177956352,1169702912
calibration-20260902-g,S1-100-r01,2026-09-01T15:49:32.684046739Z,7350.266487,29367003,1177956352,1169702912
calibration-20260902-g,S1-100-r01,2026-09-01T15:49:32.694181203Z,7360.400952,29367137,1177956352,1169702912
calibration-20260902-g,S1-100-r01,2026-09-01T15:49:32.704442293Z,7370.662043,29367356,1177956352,1169702912
calibration-20260902-g,S1-100-r01,2026-09-01T15:49:32.71460263Z,7380.822378,29367491,1177956352,1169702912
calibration-20260902-g,S1-100-r01,2026-09-01T15:49:32.72479927Z,7391.019018,29367645,1178185728,1169702912
calibration-20260902-g,S1-100-r01,2026-09-01T15:49:32.73498304Z,7401.202787,29415330,1178185728,1169702912
calibration-20260902-g,S1-100-r01,2026-09-01T15:49:32.74418388Z,7410.403628,29451176,1178185728,1169960960
calibration-20260902-g,S1-100-r01,2026-09-01T15:49:32.754386171Z,7420.605919,29467802,1178185728,1169960960
calibration-20260902-g,S1-100-r01,2026-09-01T15:49:32.823652423Z,7489.872172,29468382,1178185728,1169842176
calibration-20260902-g,S1-100-r01,2026-09-01T15:49:32.824830888Z,7491.050637,29469210,1178185728,1169842176
calibration-20260902-g,S1-100-r01,2026-09-01T15:49:32.835010009Z,7501.229752,29516226,1178185728,1169842176
calibration-20260902-g,S1-100-r01,2026-09-01T15:49:32.844225512Z,7510.445260,29552258,1178415104,1170104320
calibration-20260902-g,S1-100-r01,2026-09-01T15:49:32.854480563Z,7520.700311,29565859,1178415104,1170366464
calibration-20260902-g,S1-100-r01,2026-09-01T15:49:32.864676385Z,7530.896133,29566044,1178415104,1170366464
calibration-20260902-g,S1-100-r01,2026-09-01T15:49:32.874752216Z,7540.971965,29566164,1178415104,1170366464
calibration-20260902-g,S1-100-r01,2026-09-01T15:49:32.884914265Z,7551.134014,29566259,1178415104,1170366464
calibration-20260902-g,S1-100-r01,2026-09-01T15:49:32.894074802Z,7560.294545,29566351,1178415104,1170366464
calibration-20260902-g,S1-100-r01,2026-09-01T15:49:32.904256503Z,7570.476246,29566456,1178644480,1170366464
calibration-20260902-g,S1-100-r01,2026-09-01T15:49:32.914403042Z,7580.622786,29566537,1178644480,1170276352
calibration-20260902-g,S1-100-r01,2026-09-01T15:49:32.924647761Z,7590.867535,29566880,1178644480,1170276352
calibration-20260902-g,S1-100-r01,2026-09-01T15:49:32.934206699Z,7600.426475,29615512,1144889344,1136365568
calibration-20260902-g,S1-100-r01,2026-09-01T15:49:32.944918046Z,7611.137794,29652256,1130565632,1122091008
calibration-20260902-g,S1-100-r01,2026-09-01T15:49:32.954164721Z,7620.384470,29665767,1130565632,1122091008
calibration-20260902-g,S1-100-r01,2026-09-01T15:49:32.964325661Z,7630.545409,29665924,1130795008,1121996800
calibration-20260902-g,S1-100-r01,2026-09-01T15:49:32.974462017Z,7640.681766,29666039,1130795008,1121902592
calibration-20260902-g,S1-100-r01,2026-09-01T15:49:32.984687657Z,7650.907406,29666205,1130795008,1121902592
calibration-20260902-g,S1-100-r01,2026-09-01T15:49:32.994867557Z,7661.087305,29666352,1130795008,1121902592
calibration-20260902-g,S1-100-r01,2026-09-01T15:49:33.004971643Z,7671.191392,29666491,1130795008,1121902592
calibration-20260902-g,S1-100-r01,2026-09-01T15:49:33.014157799Z,7680.377548,29666631,1130795008,1121902592
calibration-20260902-g,S1-100-r01,2026-09-01T15:49:33.02427029Z,7690.490039,29666784,1130795008,1122164736
calibration-20260902-g,S1-100-r01,2026-09-01T15:49:33.034466518Z,7700.686268,29714820,1131483136,1122689024
calibration-20260902-g,S1-100-r01,2026-09-01T15:49:33.044676558Z,7710.896301,29751085,1131483136,1122951168
calibration-20260902-g,S1-100-r01,2026-09-01T15:49:33.054896704Z,7721.116452,29769131,1131483136,1122951168
calibration-20260902-g,S1-100-r01,2026-09-01T15:49:33.06412428Z,7730.344028,29769332,1131483136,1122951168
calibration-20260902-g,S1-100-r01,2026-09-01T15:49:33.074262201Z,7740.481950,29769530,1131483136,1122951168
calibration-20260902-g,S1-100-r01,2026-09-01T15:49:33.084458393Z,7750.678142,29769711,1131483136,1122951168
calibration-20260902-g,S1-100-r01,2026-09-01T15:49:33.094733135Z,7760.952883,29770102,1131483136,1122951168
calibration-20260902-g,S1-100-r01,2026-09-01T15:49:33.105001745Z,7771.221494,29770453,1131483136,1122951168
calibration-20260902-g,S1-100-r01,2026-09-01T15:49:33.114239138Z,7780.458887,29770794,1131483136,1122693120
calibration-20260902-g,S1-100-r01,2026-09-01T15:49:33.124420745Z,7790.640495,29770952,1131483136,1122955264
calibration-20260902-g,S1-100-r01,2026-09-01T15:49:33.134560764Z,7800.780512,29819363,1096949760,1088479232
calibration-20260902-g,S1-100-r01,2026-09-01T15:49:33.144764258Z,7810.984001,29855271,1092251648,1110515712
calibration-20260902-g,S1-100-r01,2026-09-01T15:49:33.154910219Z,7821.129967,29864305,1092710400,1110667264
calibration-20260902-g,S1-100-r01,2026-09-01T15:49:33.164118506Z,7830.338254,29864448,1092710400,1110667264
calibration-20260902-g,S1-100-r01,2026-09-01T15:49:33.174339074Z,7840.558823,29864637,1092710400,1110667264
calibration-20260902-g,S1-100-r01,2026-09-01T15:49:33.184521727Z,7850.741476,29864832,1092710400,1110667264
calibration-20260902-g,S1-100-r01,2026-09-01T15:49:33.223656988Z,7889.876737,29865119,1092710400,1099481088
calibration-20260902-g,S1-100-r01,2026-09-01T15:49:33.224325599Z,7890.545343,29865296,1084174336,1074233344
calibration-20260902-g,S1-100-r01,2026-09-01T15:49:33.234141923Z,7900.361672,29895575,1084403712,1074425856
calibration-20260902-g,S1-100-r01,2026-09-01T15:49:33.244291958Z,7910.511706,29949047,1084403712,1074327552
calibration-20260902-g,S1-100-r01,2026-09-01T15:49:33.25447583Z,7920.695578,29967040,1084403712,1074327552
calibration-20260902-g,S1-100-r01,2026-09-01T15:49:33.264700689Z,7930.920437,29967254,1084403712,1074327552
calibration-20260902-g,S1-100-r01,2026-09-01T15:49:33.274813204Z,7941.032953,29967429,1084403712,1074327552
calibration-20260902-g,S1-100-r01,2026-09-01T15:49:33.284965413Z,7951.185162,29967621,1084403712,1074323456
calibration-20260902-g,S1-100-r01,2026-09-01T15:49:33.294192285Z,7960.412033,29967874,1084403712,1074589696
calibration-20260902-g,S1-100-r01,2026-09-01T15:49:33.304420475Z,7970.640222,29968085,1084403712,1074589696
calibration-20260902-g,S1-100-r01,2026-09-01T15:49:33.314593892Z,7980.813640,29968292,1084403712,1074589696
calibration-20260902-g,S1-100-r01,2026-09-01T15:49:33.324707468Z,7990.927216,29968493,1084403712,1074589696
calibration-20260902-g,S1-100-r01,2026-09-01T15:49:33.334870919Z,8001.090668,30016067,1084633088,1074589696
calibration-20260902-g,S1-100-r01,2026-09-01T15:49:33.344127806Z,8010.347554,30051987,1086238720,1076682752
calibration-20260902-g,S1-100-r01,2026-09-01T15:49:33.354309551Z,8020.529300,30065631,1086238720,1076682752
calibration-20260902-g,S1-100-r01,2026-09-01T15:49:33.364519311Z,8030.739059,30065778,1086238720,1076682752
calibration-20260902-g,S1-100-r01,2026-09-01T15:49:33.423667156Z,8089.886904,30065941,1086238720,1076682752
calibration-20260902-g,S1-100-r01,2026-09-01T15:49:33.424808736Z,8091.028485,30066237,1088073728,1078517760
calibration-20260902-g,S1-100-r01,2026-09-01T15:49:33.435006857Z,8101.226606,30114682,1105047552,1095557120
calibration-20260902-g,S1-100-r01,2026-09-01T15:49:33.444260975Z,8110.480718,30150754,1120186368,1110761472
calibration-20260902-g,S1-100-r01,2026-09-01T15:49:33.454455726Z,8120.675475,30168903,1129820160,1120198656
calibration-20260902-g,S1-100-r01,2026-09-01T15:49:33.464668092Z,8130.887839,30169117,1129820160,1120460800
calibration-20260902-g,S1-100-r01,2026-09-01T15:49:33.474918848Z,8141.138596,30169357,1129820160,1120460800
calibration-20260902-g,S1-100-r01,2026-09-01T15:49:33.484071811Z,8150.291568,30169521,1129820160,1120460800
calibration-20260902-g,S1-100-r01,2026-09-01T15:49:33.494213697Z,8160.433445,30169686,1129820160,1120460800
calibration-20260902-g,S1-100-r01,2026-09-01T15:49:33.504426743Z,8170.646492,30169881,1129820160,1120460800
calibration-20260902-g,S1-100-r01,2026-09-01T15:49:33.514627741Z,8180.847489,30170099,1129820160,1120460800
calibration-20260902-g,S1-100-r01,2026-09-01T15:49:33.524870217Z,8191.089965,30170416,1131884544,1123127296
calibration-20260902-g,S1-100-r01,2026-09-01T15:49:33.534988255Z,8201.207998,30218204,1133031424,1124175872
calibration-20260902-g,S1-100-r01,2026-09-01T15:49:33.544188159Z,8210.407908,30253924,1133031424,1123909632
calibration-20260902-g,S1-100-r01,2026-09-01T15:49:33.554363587Z,8220.583336,30267516,1133031424,1123926016
calibration-20260902-g,S1-100-r01,2026-09-01T15:49:33.564570049Z,8230.789798,30267712,1133031424,1123926016
calibration-20260902-g,S1-100-r01,2026-09-01T15:49:33.623654458Z,8289.874207,30268068,1133031424,1123926016
calibration-20260902-g,S1-100-r01,2026-09-01T15:49:33.624901016Z,8291.120792,30268255,1133031424,1123926016
calibration-20260902-g,S1-100-r01,2026-09-01T15:49:33.63421495Z,8300.434699,30312327,1146105856,1137033216
calibration-20260902-g,S1-100-r01,2026-09-01T15:49:33.64449686Z,8310.716608,30353299,1164226560,1155383296
calibration-20260902-g,S1-100-r01,2026-09-01T15:49:33.654676678Z,8320.896427,30371408,1174089728,1165082624
calibration-20260902-g,S1-100-r01,2026-09-01T15:49:33.664877317Z,8331.097065,30371560,1174319104,1165082624
calibration-20260902-g,S1-100-r01,2026-09-01T15:49:33.674062704Z,8340.282453,30371705,1174319104,1165082624
calibration-20260902-g,S1-100-r01,2026-09-01T15:49:33.684197463Z,8350.417212,30371843,1174319104,1165082624
calibration-20260902-g,S1-100-r01,2026-09-01T15:49:33.723663289Z,8389.883037,30372047,1174319104,1165082624
calibration-20260902-g,S1-100-r01,2026-09-01T15:49:33.724831421Z,8391.051164,30372881,1175924736,1166655488
calibration-20260902-g,S1-100-r01,2026-09-01T15:49:33.733992546Z,8400.212295,30402322,1181659136,1172946944
calibration-20260902-g,S1-100-r01,2026-09-01T15:49:33.744236965Z,8410.456713,30456004,1181659136,1172946944
calibration-20260902-g,S1-100-r01,2026-09-01T15:49:33.754465701Z,8420.685449,30469623,1181659136,1172946944
calibration-20260902-g,S1-100-r01,2026-09-01T15:49:33.823664616Z,8489.884364,30470089,1181659136,1172684800
calibration-20260902-g,S1-100-r01,2026-09-01T15:49:33.824855572Z,8491.075320,30470300,1181659136,1172684800
calibration-20260902-g,S1-100-r01,2026-09-01T15:49:33.834997429Z,8501.217178,30517930,1181659136,1172684800
calibration-20260902-g,S1-100-r01,2026-09-01T15:49:33.844222481Z,8510.442230,30553766,1181659136,1172684800
calibration-20260902-g,S1-100-r01,2026-09-01T15:49:33.854475213Z,8520.694961,30567376,1181659136,1172684800
calibration-20260902-g,S1-100-r01,2026-09-01T15:49:33.864672013Z,8530.891761,30567525,1181659136,1172684800
calibration-20260902-g,S1-100-r01,2026-09-01T15:49:33.87477146Z,8540.991209,30567655,1181659136,1172684800
calibration-20260902-g,S1-100-r01,2026-09-01T15:49:33.884931296Z,8551.151044,30567832,1181659136,1172684800
calibration-20260902-g,S1-100-r01,2026-09-01T15:49:33.894108872Z,8560.328621,30567969,1181659136,1172684800
calibration-20260902-g,S1-100-r01,2026-09-01T15:49:33.904283177Z,8570.502926,30568156,1181888512,1172684800
calibration-20260902-g,S1-100-r01,2026-09-01T15:49:33.9144571Z,8580.676849,30568290,1181888512,1172684800
calibration-20260902-g,S1-100-r01,2026-09-01T15:49:33.925097465Z,8591.317214,30568446,1181888512,1172684800
calibration-20260902-g,S1-100-r01,2026-09-01T15:49:33.934324987Z,8600.544762,30616070,1181888512,1172684800
calibration-20260902-g,S1-100-r01,2026-09-01T15:49:33.944516853Z,8610.736601,30652017,1181888512,1172942848
calibration-20260902-g,S1-100-r01,2026-09-01T15:49:34.023652325Z,8689.872073,30674968,1181888512,1173204992
calibration-20260902-g,S1-100-r01,2026-09-01T15:49:34.024845877Z,8691.065625,30675175,1181888512,1173204992
calibration-20260902-g,S1-100-r01,2026-09-01T15:49:34.0339923Z,8700.212050,30704982,1181888512,1173204992
calibration-20260902-g,S1-100-r01,2026-09-01T15:49:34.044026985Z,8710.246734,30758898,1182117888,1173204992
calibration-20260902-g,S1-100-r01,2026-09-01T15:49:34.054687878Z,8720.907626,30763896,1182347264,1173397504
calibration-20260902-g,S1-100-r01,2026-09-01T15:49:34.064854417Z,8731.074166,30763987,1182347264,1173397504
calibration-20260902-g,S1-100-r01,2026-09-01T15:49:34.074996518Z,8741.216267,30764066,1182347264,1173397504
calibration-20260902-g,S1-100-r01,2026-09-01T15:49:34.084165951Z,8750.385694,30764148,1182347264,1173397504
calibration-20260902-g,S1-100-r01,2026-09-01T15:49:34.094356861Z,8760.576608,30764275,1182347264,1173397504
calibration-20260902-g,S1-100-r01,2026-09-01T15:49:34.104505088Z,8770.724832,30764342,1182347264,1173127168
calibration-20260902-g,S1-100-r01,2026-09-01T15:49:34.114649731Z,8780.869479,30764454,1182347264,1173127168
calibration-20260902-g,S1-100-r01,2026-09-01T15:49:34.124867518Z,8791.087293,30764622,1182347264,1173389312
calibration-20260902-g,S1-100-r01,2026-09-01T15:49:34.134015666Z,8800.235417,30794715,1182347264,1173389312
calibration-20260902-g,S1-100-r01,2026-09-01T15:49:34.144247187Z,8810.466931,30848728,1182576640,1173389312
calibration-20260902-g,S1-100-r01,2026-09-01T15:49:34.154443226Z,8820.662975,30866724,1182576640,1173389312
calibration-20260902-g,S1-100-r01,2026-09-01T15:49:34.164643382Z,8830.863133,30866931,1182576640,1173389312
calibration-20260902-g,S1-100-r01,2026-09-01T15:49:34.174719314Z,8840.939063,30867111,1182576640,1173389312
calibration-20260902-g,S1-100-r01,2026-09-01T15:49:34.184861089Z,8851.080837,30867283,1182576640,1173647360
calibration-20260902-g,S1-100-r01,2026-09-01T15:49:34.194106593Z,8860.326341,30867530,1182576640,1173647360
calibration-20260902-g,S1-100-r01,2026-09-01T15:49:34.204308629Z,8870.528378,30867797,1182576640,1173647360
calibration-20260902-g,S1-100-r01,2026-09-01T15:49:34.214440272Z,8880.660014,30867872,1182576640,1173647360
calibration-20260902-g,S1-100-r01,2026-09-01T15:49:34.224670281Z,8890.890029,30868022,1182576640,1173647360
calibration-20260902-g,S1-100-r01,2026-09-01T15:49:34.23426822Z,8900.487963,30915830,1182576640,1173909504
calibration-20260902-g,S1-100-r01,2026-09-01T15:49:34.244075794Z,8910.295543,30952996,1134690304,1126117376
calibration-20260902-g,S1-100-r01,2026-09-01T15:49:34.254300889Z,8920.520638,30971018,1134690304,1126117376
calibration-20260902-g,S1-100-r01,2026-09-01T15:49:34.264548976Z,8930.768724,30971272,1134690304,1126117376
calibration-20260902-g,S1-100-r01,2026-09-01T15:49:34.274740711Z,8940.960459,30971515,1134690304,1126023168
calibration-20260902-g,S1-100-r01,2026-09-01T15:49:34.284938331Z,8951.158079,30971700,1134690304,1126023168
calibration-20260902-g,S1-100-r01,2026-09-01T15:49:34.294095285Z,8960.315034,30971851,1134690304,1126023168
calibration-20260902-g,S1-100-r01,2026-09-01T15:49:34.304311149Z,8970.530898,30972066,1134690304,1126023168
calibration-20260902-g,S1-100-r01,2026-09-01T15:49:34.323649046Z,8989.868794,30972364,1134690304,1125863424
calibration-20260902-g,S1-100-r01,2026-09-01T15:49:34.324748612Z,8990.968363,30972510,1134690304,1125863424
calibration-20260902-g,S1-100-r01,2026-09-01T15:49:34.334814675Z,9001.034425,31021038,1134690304,1125863424
calibration-20260902-g,S1-100-r01,2026-09-01T15:49:34.344616129Z,9010.835877,31055839,1159233536,1150955520
calibration-20260902-g,S1-100-r01,2026-09-01T15:49:34.354769592Z,9020.989340,31069411,1164738560,1156198400
calibration-20260902-g,S1-100-r01,2026-09-01T15:49:34.364938777Z,9031.158526,31069645,1164738560,1156198400
calibration-20260902-g,S1-100-r01,2026-09-01T15:49:34.374114763Z,9040.334512,31069794,1164967936,1156198400
calibration-20260902-g,S1-100-r01,2026-09-01T15:49:34.384224278Z,9050.444027,31069935,1164967936,1156198400
calibration-20260902-g,S1-100-r01,2026-09-01T15:49:34.394438293Z,9060.658041,31070124,1164967936,1156198400
calibration-20260902-g,S1-100-r01,2026-09-01T15:49:34.40463337Z,9070.853118,31070304,1164967936,1156198400
calibration-20260902-g,S1-100-r01,2026-09-01T15:49:34.414765409Z,9080.985157,31070531,1164967936,1156198400
calibration-20260902-g,S1-100-r01,2026-09-01T15:49:34.424944334Z,9091.164083,31070709,1169784832,1161437184
calibration-20260902-g,S1-100-r01,2026-09-01T15:49:34.434162824Z,9100.382567,31101255,1134739456,1126322176
calibration-20260902-g,S1-100-r01,2026-09-01T15:49:34.444164964Z,9110.384712,31156651,1135656960,1127276544
calibration-20260902-g,S1-100-r01,2026-09-01T15:49:34.454303783Z,9120.523531,31164022,1139097600,1130590208
calibration-20260902-g,S1-100-r01,2026-09-01T15:49:34.46447583Z,9130.695580,31164218,1139097600,1130590208
calibration-20260902-g,S1-100-r01,2026-09-01T15:49:34.474666556Z,9140.886304,31164402,1139097600,1130590208
calibration-20260902-g,S1-100-r01,2026-09-01T15:49:34.48484994Z,9151.069698,31164539,1139097600,1130369024
calibration-20260902-g,S1-100-r01,2026-09-01T15:49:34.495012182Z,9161.231931,31164659,1139097600,1130369024
calibration-20260902-g,S1-100-r01,2026-09-01T15:49:34.504175638Z,9170.395387,31164791,1139097600,1130369024
calibration-20260902-g,S1-100-r01,2026-09-01T15:49:34.514376659Z,9180.596408,31164940,1139326976,1130201088
calibration-20260902-g,S1-100-r01,2026-09-01T15:49:34.524737021Z,9190.956770,31165483,1140932608,1132036096
calibration-20260902-g,S1-100-r01,2026-09-01T15:49:34.533971881Z,9200.191630,31195846,1158135808,1149337600
calibration-20260902-g,S1-100-r01,2026-09-01T15:49:34.544126655Z,9210.346404,31249679,1173962752,1165066240
calibration-20260902-g,S1-100-r01,2026-09-01T15:49:34.554303479Z,9220.523227,31267637,1173962752,1165066240
calibration-20260902-g,S1-100-r01,2026-09-01T15:49:34.564521993Z,9230.741742,31267842,1173962752,1165066240
calibration-20260902-g,S1-100-r01,2026-09-01T15:49:34.574674853Z,9240.894602,31268017,1173962752,1165066240
calibration-20260902-g,S1-100-r01,2026-09-01T15:49:34.584866914Z,9251.086662,31268187,1173962752,1165066240
calibration-20260902-g,S1-100-r01,2026-09-01T15:49:34.594989754Z,9261.209502,31268405,1173962752,1165066240
calibration-20260902-g,S1-100-r01,2026-09-01T15:49:34.604178242Z,9270.397990,31268613,1173962752,1165066240
calibration-20260902-g,S1-100-r01,2026-09-01T15:49:34.614358205Z,9280.577954,31268774,1173962752,1164902400
calibration-20260902-g,S1-100-r01,2026-09-01T15:49:34.624605912Z,9290.825685,31269085,1175797760,1166999552
calibration-20260902-g,S1-100-r01,2026-09-01T15:49:34.634901326Z,9301.121069,31316812,1183367168,1174601728
calibration-20260902-g,S1-100-r01,2026-09-01T15:49:34.644147828Z,9310.367576,31352642,1185431552,1176961024
calibration-20260902-g,S1-100-r01,2026-09-01T15:49:34.654359226Z,9320.578975,31364705,1186349056,1177747456
calibration-20260902-g,S1-100-r01,2026-09-01T15:49:34.664640366Z,9330.860114,31364979,1186349056,1177747456
calibration-20260902-g,S1-100-r01,2026-09-01T15:49:34.67486395Z,9341.083698,31365222,1186349056,1177747456
calibration-20260902-g,S1-100-r01,2026-09-01T15:49:34.68410458Z,9350.324329,31365395,1186349056,1177747456
calibration-20260902-g,S1-100-r01,2026-09-01T15:49:34.694339348Z,9360.559097,31365608,1186349056,1177747456
calibration-20260902-g,S1-100-r01,2026-09-01T15:49:34.704559563Z,9370.779311,31365800,1186349056,1177747456
calibration-20260902-g,S1-100-r01,2026-09-01T15:49:34.714786842Z,9381.006590,31366023,1186349056,1177669632
calibration-20260902-g,S1-100-r01,2026-09-01T15:49:34.72504016Z,9391.259908,31366480,1188184064,1179500544
calibration-20260902-g,S1-100-r01,2026-09-01T15:49:34.734205563Z,9400.425311,31405271,1200570368,1192083456
calibration-20260902-g,S1-100-r01,2026-09-01T15:49:34.744395679Z,9410.615428,31450280,1215250432,1207025664
calibration-20260902-g,S1-100-r01,2026-09-01T15:49:34.754592719Z,9420.812469,31468449,1223278592,1214885888
calibration-20260902-g,S1-100-r01,2026-09-01T15:49:34.823667699Z,9489.887447,31468949,1223507968,1215156224
calibration-20260902-g,S1-100-r01,2026-09-01T15:49:34.824867067Z,9491.086815,31470493,1224654848,1216466944
calibration-20260902-g,S1-100-r01,2026-09-01T15:49:34.833967158Z,9500.186901,31500021,1231536128,1223282688
calibration-20260902-g,S1-100-r01,2026-09-01T15:49:34.844225796Z,9510.445545,31554561,1239564288,1231372288
calibration-20260902-g,S1-100-r01,2026-09-01T15:49:34.854472482Z,9520.692230,31568161,1248051200,1240023040
calibration-20260902-g,S1-100-r01,2026-09-01T15:49:34.864727945Z,9530.947694,31568428,1248051200,1240023040
calibration-20260902-g,S1-100-r01,2026-09-01T15:49:34.873973617Z,9540.193366,31568705,1248051200,1240023040
calibration-20260902-g,S1-100-r01,2026-09-01T15:49:34.884248904Z,9550.468652,31568993,1248051200,1240023040
calibration-20260902-g,S1-100-r01,2026-09-01T15:49:34.894506988Z,9560.726736,31569232,1248051200,1240023040
calibration-20260902-g,S1-100-r01,2026-09-01T15:49:34.904730734Z,9570.950482,31569430,1248051200,1240023040
calibration-20260902-g,S1-100-r01,2026-09-01T15:49:34.914966586Z,9581.186334,31569630,1248051200,1239801856
calibration-20260902-g,S1-100-r01,2026-09-01T15:49:34.924175193Z,9590.394941,31569952,1248968704,1240850432
calibration-20260902-g,S1-100-r01,2026-09-01T15:49:34.934455149Z,9600.674898,31617926,1259520000,1251336192
calibration-20260902-g,S1-100-r01,2026-09-01T15:49:34.944730662Z,9610.950411,31654137,1270530048,1262608384
calibration-20260902-g,S1-100-r01,2026-09-01T15:49:34.95498745Z,9621.207200,31667830,1270530048,1262608384
calibration-20260902-g,S1-100-r01,2026-09-01T15:49:34.964246751Z,9630.466500,31668084,1270530048,1262608384
calibration-20260902-g,S1-100-r01,2026-09-01T15:49:34.974467943Z,9640.687692,31668337,1270759424,1262608384
calibration-20260902-g,S1-100-r01,2026-09-01T15:49:34.984688496Z,9650.908245,31668628,1270759424,1262608384
calibration-20260902-g,S1-100-r01,2026-09-01T15:49:34.994931674Z,9661.151422,31668909,1270759424,1262608384
calibration-20260902-g,S1-100-r01,2026-09-01T15:49:35.004153736Z,9670.373490,31669126,1270759424,1262608384
calibration-20260902-g,S1-100-r01,2026-09-01T15:49:35.014370142Z,9680.589889,31669330,1270759424,1262702592
calibration-20260902-g,S1-100-r01,2026-09-01T15:49:35.024599021Z,9690.818770,31669612,1272823808,1264537600
calibration-20260902-g,S1-100-r01,2026-09-01T15:49:35.034772925Z,9700.992668,31717663,1281540096,1273188352
calibration-20260902-g,S1-100-r01,2026-09-01T15:49:35.044987543Z,9711.207293,31753513,1281769472,1273446400
calibration-20260902-g,S1-100-r01,2026-09-01T15:49:35.05425001Z,9720.469759,31767167,1281769472,1273446400
calibration-20260902-g,S1-100-r01,2026-09-01T15:49:35.064494004Z,9730.713752,31767370,1281769472,1273446400
calibration-20260902-g,S1-100-r01,2026-09-01T15:49:35.074620267Z,9740.840015,31767511,1281769472,1273040896
calibration-20260902-g,S1-100-r01,2026-09-01T15:49:35.084831701Z,9751.051450,31767667,1281769472,1273040896
calibration-20260902-g,S1-100-r01,2026-09-01T15:49:35.094989918Z,9761.209667,31767855,1281769472,1273040896
calibration-20260902-g,S1-100-r01,2026-09-01T15:49:35.104210537Z,9770.430286,31768014,1281769472,1273040896
calibration-20260902-g,S1-100-r01,2026-09-01T15:49:35.114376694Z,9780.596442,31768119,1281769472,1273012224
calibration-20260902-g,S1-100-r01,2026-09-01T15:49:35.12457141Z,9790.791158,31768331,1281769472,1273274368
calibration-20260902-g,S1-100-r01,2026-09-01T15:49:35.134756151Z,9800.975899,31816153,1282228224,1274060800
calibration-20260902-g,S1-100-r01,2026-09-01T15:49:35.144999637Z,9811.219386,31852081,1282228224,1273794560
calibration-20260902-g,S1-100-r01,2026-09-01T15:49:35.154225868Z,9820.445616,31865667,1282228224,1274056704
calibration-20260902-g,S1-100-r01,2026-09-01T15:49:35.223783846Z,9890.003589,31866032,1282228224,1274056704
calibration-20260902-g,S1-100-r01,2026-09-01T15:49:35.224893515Z,9891.113264,31866344,1282228224,1274056704
calibration-20260902-g,S1-100-r01,2026-09-01T15:49:35.234071941Z,9900.291684,31899447,1282457600,1274318848
calibration-20260902-g,S1-100-r01,2026-09-01T15:49:35.244375903Z,9910.595651,31950394,1282457600,1274318848
calibration-20260902-g,S1-100-r01,2026-09-01T15:49:35.254610571Z,9920.830318,31968456,1282457600,1274580992
calibration-20260902-g,S1-100-r01,2026-09-01T15:49:35.264748632Z,9930.968381,31968677,1282457600,1274580992
calibration-20260902-g,S1-100-r01,2026-09-01T15:49:35.274931817Z,9941.151565,31968876,1282457600,1274580992
calibration-20260902-g,S1-100-r01,2026-09-01T15:49:35.284104801Z,9950.324549,31969039,1282457600,1274580992
calibration-20260902-g,S1-100-r01,2026-09-01T15:49:35.294330832Z,9960.550581,31969262,1282457600,1274580992
calibration-20260902-g,S1-100-r01,2026-09-01T15:49:35.304461955Z,9970.681702,31969447,1282457600,1274580992
calibration-20260902-g,S1-100-r01,2026-09-01T15:49:35.323697286Z,9989.917035,31969629,1282457600,1274580992
calibration-20260902-g,S1-100-r01,2026-09-01T15:49:35.324811038Z,9991.030811,31969836,1282457600,1274580992
calibration-20260902-g,S1-100-r01,2026-09-01T15:49:35.334050349Z,10000.270092,32001022,1235169280,1226780672
calibration-20260902-g,S1-100-r01,2026-09-01T15:49:35.344249907Z,10010.469655,32054500,1235169280,1226780672
calibration-20260902-g,S1-100-r01,2026-09-01T15:49:35.35447372Z,10020.693469,32068233,1235169280,1226686464
calibration-20260902-g,S1-100-r01,2026-09-01T15:49:35.364688284Z,10030.908034,32068428,1235169280,1226301440
calibration-20260902-g,S1-100-r01,2026-09-01T15:49:35.374836316Z,10041.056065,32068628,1235169280,1226563584
calibration-20260902-g,S1-100-r01,2026-09-01T15:49:35.383999951Z,10050.219700,32068779,1235169280,1226825728
calibration-20260902-g,S1-100-r01,2026-09-01T15:49:35.394223597Z,10060.443346,32068998,1235169280,1226313728
calibration-20260902-g,S1-100-r01,2026-09-01T15:49:35.404378167Z,10070.597916,32069198,1235169280,1226313728
calibration-20260902-g,S1-100-r01,2026-09-01T15:49:35.414577551Z,10080.797300,32069415,1235169280,1226313728
calibration-20260902-g,S1-100-r01,2026-09-01T15:49:35.424712945Z,10090.932689,32069796,1235169280,1226313728
calibration-20260902-g,S1-100-r01,2026-09-01T15:49:35.434837779Z,10101.057523,32117369,1235398656,1226313728
calibration-20260902-g,S1-100-r01,2026-09-01T15:49:35.443981065Z,10110.200808,32153527,1235398656,1226567680
calibration-20260902-g,S1-100-r01,2026-09-01T15:49:35.454164218Z,10120.383966,32162609,1235398656,1226567680
calibration-20260902-g,S1-100-r01,2026-09-01T15:49:35.464366013Z,10130.585786,32162885,1235398656,1226829824
calibration-20260902-g,S1-100-r01,2026-09-01T15:49:35.474722498Z,10140.942246,32163363,1235398656,1226829824
calibration-20260902-g,S1-100-r01,2026-09-01T15:49:35.484887285Z,10151.107042,32163659,1235398656,1226829824
calibration-20260902-g,S1-100-r01,2026-09-01T15:49:35.523641409Z,10189.861157,32163864,1235398656,1227075584
calibration-20260902-g,S1-100-r01,2026-09-01T15:49:35.524770582Z,10190.990331,32164137,1235398656,1227337728
calibration-20260902-g,S1-100-r01,2026-09-01T15:49:35.533976505Z,10200.196253,32194873,1258336256,1250308096
calibration-20260902-g,S1-100-r01,2026-09-01T15:49:35.54418769Z,10210.407439,32248445,1283338240,1275473920
calibration-20260902-g,S1-100-r01,2026-09-01T15:49:35.554296473Z,10220.516216,32266609,1235283968,1227235328
calibration-20260902-g,S1-100-r01,2026-09-01T15:49:35.564488483Z,10230.708232,32266751,1235283968,1227235328
calibration-20260902-g,S1-100-r01,2026-09-01T15:49:35.574681668Z,10240.901416,32266934,1235283968,1227403264
calibration-20260902-g,S1-100-r01,2026-09-01T15:49:35.584833693Z,10251.053441,32267135,1235283968,1227403264
calibration-20260902-g,S1-100-r01,2026-09-01T15:49:35.593975087Z,10260.194836,32267273,1235283968,1227403264
calibration-20260902-g,S1-100-r01,2026-09-01T15:49:35.604124709Z,10270.344457,32267508,1235283968,1227403264
calibration-20260902-g,S1-100-r01,2026-09-01T15:49:35.623648821Z,10289.868565,32267767,1235283968,1227403264
calibration-20260902-g,S1-100-r01,2026-09-01T15:49:35.624820413Z,10291.040156,32268213,1235283968,1227403264
calibration-20260902-g,S1-100-r01,2026-09-01T15:49:35.634356945Z,10300.576688,32316705,1236430848,1228361728
calibration-20260902-g,S1-100-r01,2026-09-01T15:49:35.644579588Z,10310.799337,32352484,1236430848,1228361728
calibration-20260902-g,S1-100-r01,2026-09-01T15:49:35.654792362Z,10321.012112,32366058,1236430848,1228361728
calibration-20260902-g,S1-100-r01,2026-09-01T15:49:35.723647386Z,10389.867134,32366410,1236430848,1228361728
calibration-20260902-g,S1-100-r01,2026-09-01T15:49:35.724765837Z,10390.985585,32366618,1236430848,1228361728
calibration-20260902-g,S1-100-r01,2026-09-01T15:49:35.734507363Z,10400.727111,32415242,1188511744,1180307456
calibration-20260902-g,S1-100-r01,2026-09-01T15:49:35.744675908Z,10410.895657,32451077,1205256192,1197592576
calibration-20260902-g,S1-100-r01,2026-09-01T15:49:35.75483397Z,10421.053719,32464692,1208008704,1199947776
calibration-20260902-g,S1-100-r01,2026-09-01T15:49:35.764998062Z,10431.217810,32464931,1208008704,1200111616
calibration-20260902-g,S1-100-r01,2026-09-01T15:49:35.7741302Z,10440.349948,32465104,1208008704,1200111616
calibration-20260902-g,S1-100-r01,2026-09-01T15:49:35.784331617Z,10450.551366,32465277,1208008704,1200066560
calibration-20260902-g,S1-100-r01,2026-09-01T15:49:35.794452197Z,10460.671945,32465391,1208008704,1200066560
calibration-20260902-g,S1-100-r01,2026-09-01T15:49:35.804638176Z,10470.857924,32465516,1208008704,1200066560
calibration-20260902-g,S1-100-r01,2026-09-01T15:49:35.814763022Z,10480.982770,32465635,1208008704,1199927296
calibration-20260902-g,S1-100-r01,2026-09-01T15:49:35.8249723Z,10491.192049,32465954,1210531840,1202548736
calibration-20260902-g,S1-100-r01,2026-09-01T15:49:35.834159456Z,10500.379205,32495985,1227735040,1219850240
calibration-20260902-g,S1-100-r01,2026-09-01T15:49:35.844389751Z,10510.609494,32549925,1236680704,1228763136
calibration-20260902-g,S1-100-r01,2026-09-01T15:49:35.854565537Z,10520.785285,32567969,1236680704,1228763136
calibration-20260902-g,S1-100-r01,2026-09-01T15:49:35.864730977Z,10530.950720,32568241,1236680704,1228763136
calibration-20260902-g,S1-100-r01,2026-09-01T15:49:35.874873371Z,10541.093120,32568323,1236680704,1228763136
calibration-20260902-g,S1-100-r01,2026-09-01T15:49:35.883973944Z,10550.193693,32568379,1236680704,1228763136
calibration-20260902-g,S1-100-r01,2026-09-01T15:49:35.894121895Z,10560.341639,32568477,1236680704,1228763136
calibration-20260902-g,S1-100-r01,2026-09-01T15:49:35.904289248Z,10570.508996,32568571,1236680704,1228763136
calibration-20260902-g,S1-100-r01,2026-09-01T15:49:35.914408065Z,10580.627809,32568633,1236680704,1228754944
calibration-20260902-g,S1-100-r01,2026-09-01T15:49:35.924550627Z,10590.770381,32568744,1236680704,1228754944
calibration-20260902-g,S1-100-r01,2026-09-01T15:49:35.934917562Z,10601.137338,32616445,1236910080,1228685312
calibration-20260902-g,S1-100-r01,2026-09-01T15:49:35.944197563Z,10610.417311,32652459,1236910080,1228685312
calibration-20260902-g,S1-100-r01,2026-09-01T15:49:35.954431264Z,10620.651013,32666175,1236910080,1227882496
calibration-20260902-g,S1-100-r01,2026-09-01T15:49:35.964638373Z,10630.858122,32666334,1236910080,1227882496
calibration-20260902-g,S1-100-r01,2026-09-01T15:49:35.974744785Z,10640.964533,32666495,1236910080,1227882496
calibration-20260902-g,S1-100-r01,2026-09-01T15:49:35.984967377Z,10651.187126,32666673,1236910080,1227882496
calibration-20260902-g,S1-100-r01,2026-09-01T15:49:35.994196385Z,10660.416134,32666872,1236910080,1227882496
calibration-20260902-g,S1-100-r01,2026-09-01T15:49:36.004437342Z,10670.657097,32667119,1236910080,1227882496
calibration-20260902-g,S1-100-r01,2026-09-01T15:49:36.014623031Z,10680.842779,32667398,1236910080,1227874304
calibration-20260902-g,S1-100-r01,2026-09-01T15:49:36.024830313Z,10691.050063,32667739,1236910080,1227874304
calibration-20260902-g,S1-100-r01,2026-09-01T15:49:36.03407813Z,10700.297878,32697994,1236910080,1227874304
calibration-20260902-g,S1-100-r01,2026-09-01T15:49:36.044348367Z,10710.568115,32751905,1249067008,1240195072
calibration-20260902-g,S1-100-r01,2026-09-01T15:49:36.05454566Z,10720.765408,32765525,1252507648,1243860992
calibration-20260902-g,S1-100-r01,2026-09-01T15:49:36.123655063Z,10789.874811,32765712,1252737024,1244123136
calibration-20260902-g,S1-100-r01,2026-09-01T15:49:36.124741588Z,10790.961337,32766048,1254113280,1245433856
calibration-20260902-g,S1-100-r01,2026-09-01T15:49:36.134838159Z,10801.057907,32814094,1275215872,1266929664
calibration-20260902-g,S1-100-r01,2026-09-01T15:49:36.144175149Z,10810.394898,32850385,1298841600,1290522624
calibration-20260902-g,S1-100-r01,2026-09-01T15:49:36.154395575Z,10820.615323,32868544,1303429120,1294979072
calibration-20260902-g,S1-100-r01,2026-09-01T15:49:36.164647959Z,10830.867707,32868809,1303429120,1294979072
calibration-20260902-g,S1-100-r01,2026-09-01T15:49:36.1747847Z,10841.004448,32869017,1303429120,1294979072
calibration-20260902-g,S1-100-r01,2026-09-01T15:49:36.18493763Z,10851.157378,32869185,1303429120,1294979072
calibration-20260902-g,S1-100-r01,2026-09-01T15:49:36.194133132Z,10860.352880,32869377,1303658496,1294979072
calibration-20260902-g,S1-100-r01,2026-09-01T15:49:36.204355288Z,10870.575035,32869562,1303658496,1294979072
calibration-20260902-g,S1-100-r01,2026-09-01T15:49:36.214555499Z,10880.775269,32869788,1303658496,1294929920
calibration-20260902-g,S1-100-r01,2026-09-01T15:49:36.224943455Z,10891.163204,32870224,1305493504,1297027072
calibration-20260902-g,S1-100-r01,2026-09-01T15:49:36.234121145Z,10900.340893,32900467,1319256064,1310658560
calibration-20260902-g,S1-100-r01,2026-09-01T15:49:36.244361883Z,10910.581631,32954449,1333477376,1324814336
calibration-20260902-g,S1-100-r01,2026-09-01T15:49:36.254555675Z,10920.775423,32968071,1334394880,1325600768
calibration-20260902-g,S1-100-r01,2026-09-01T15:49:36.264720075Z,10930.939824,32968281,1334394880,1325600768
calibration-20260902-g,S1-100-r01,2026-09-01T15:49:36.274901626Z,10941.121374,32968466,1334394880,1325600768
calibration-20260902-g,S1-100-r01,2026-09-01T15:49:36.284071424Z,10950.291167,32968723,1334394880,1325862912
calibration-20260902-g,S1-100-r01,2026-09-01T15:49:36.294205696Z,10960.425444,32968793,1334394880,1325858816
calibration-20260902-g,S1-100-r01,2026-09-01T15:49:36.304352276Z,10970.572025,32968853,1334394880,1325858816
calibration-20260902-g,S1-100-r01,2026-09-01T15:49:36.314495155Z,10980.714898,32968943,1334394880,1325858816
calibration-20260902-g,S1-100-r01,2026-09-01T15:49:36.324734402Z,10990.954150,32969073,1334394880,1325760512
calibration-20260902-g,S1-100-r01,2026-09-01T15:49:36.334916504Z,11001.136251,33016716,1334394880,1325760512
calibration-20260902-g,S1-100-r01,2026-09-01T15:49:36.344179839Z,11010.399588,33052683,1334394880,1325760512
calibration-20260902-g,S1-100-r01,2026-09-01T15:49:36.354370634Z,11020.590383,33066312,1334394880,1325760512
calibration-20260902-g,S1-100-r01,2026-09-01T15:49:36.364537271Z,11030.757020,33066505,1334394880,1325760512
calibration-20260902-g,S1-100-r01,2026-09-01T15:49:36.37472098Z,11040.940728,33066646,1334394880,1325760512
calibration-20260902-g,S1-100-r01,2026-09-01T15:49:36.423670607Z,11089.890359,33066832,1334624256,1325760512
calibration-20260902-g,S1-100-r01,2026-09-01T15:49:36.424845516Z,11091.065265,33067086,1334624256,1325760512
calibration-20260902-g,S1-100-r01,2026-09-01T15:49:36.433974726Z,11100.194469,33097114,1334624256,1325760512
calibration-20260902-g,S1-100-r01,2026-09-01T15:49:36.444239367Z,11110.459117,33150784,1334624256,1325760512
calibration-20260902-g,S1-100-r01,2026-09-01T15:49:36.454362924Z,11120.582672,33164357,1334624256,1325760512
calibration-20260902-g,S1-100-r01,2026-09-01T15:49:36.464529314Z,11130.749062,33164541,1334624256,1325760512
calibration-20260902-g,S1-100-r01,2026-09-01T15:49:36.474632143Z,11140.851892,33164730,1334624256,1325760512
calibration-20260902-g,S1-100-r01,2026-09-01T15:49:36.484817954Z,11151.037712,33164970,1334624256,1325760512
calibration-20260902-g,S1-100-r01,2026-09-01T15:49:36.494980402Z,11161.200145,33165253,1334624256,1325760512
calibration-20260902-g,S1-100-r01,2026-09-01T15:49:36.50414876Z,11170.368503,33165349,1334624256,1325760512
calibration-20260902-g,S1-100-r01,2026-09-01T15:49:36.514292321Z,11180.512069,33165437,1334624256,1325760512
calibration-20260902-g,S1-100-r01,2026-09-01T15:49:36.524540027Z,11190.759800,33165561,1334624256,1325760512
calibration-20260902-g,S1-100-r01,2026-09-01T15:49:36.534780892Z,11201.000640,33214051,1286590464,1277767680
calibration-20260902-g,S1-100-r01,2026-09-01T15:49:36.544392034Z,11210.611782,33250865,1286819840,1277960192
calibration-20260902-g,S1-100-r01,2026-09-01T15:49:36.554714155Z,11220.933903,33269018,1286819840,1277960192
calibration-20260902-g,S1-100-r01,2026-09-01T15:49:36.564972772Z,11231.192521,33269219,1286819840,1277865984
calibration-20260902-g,S1-100-r01,2026-09-01T15:49:36.574240725Z,11240.460547,33269548,1286819840,1278124032
calibration-20260902-g,S1-100-r01,2026-09-01T15:49:36.623787648Z,11290.007398,33269562,1286819840,1278124032
calibration-20260902-g,S1-100-r01,2026-09-01T15:49:36.624897628Z,11291.117377,33269856,1286819840,1278124032
calibration-20260902-g,S1-100-r01,2026-09-01T15:49:36.633979225Z,11300.198968,33300054,1286819840,1278124032
calibration-20260902-g,S1-100-r01,2026-09-01T15:49:36.644266033Z,11310.485807,33353881,1286819840,1278124032
calibration-20260902-g,S1-100-r01,2026-09-01T15:49:36.654493084Z,11320.712832,33367735,1286819840,1278124032
calibration-20260902-g,S1-100-r01,2026-09-01T15:49:36.664764809Z,11330.984558,33368017,1286819840,1278124032
calibration-20260902-g,S1-100-r01,2026-09-01T15:49:36.674991991Z,11341.211739,33368280,1286819840,1278124032
calibration-20260902-g,S1-100-r01,2026-09-01T15:49:36.684240943Z,11350.460691,33368521,1286819840,1278124032
calibration-20260902-g,S1-100-r01,2026-09-01T15:49:36.694428234Z,11360.647982,33368717,1286819840,1278124032
calibration-20260902-g,S1-100-r01,2026-09-01T15:49:36.704597588Z,11370.817337,33368921,1286819840,1278029824
calibration-20260902-g,S1-100-r01,2026-09-01T15:49:36.71469257Z,11380.912318,33369083,1286819840,1277972480
calibration-20260902-g,S1-100-r01,2026-09-01T15:49:36.724920696Z,11391.140444,33369282,1286819840,1277972480
calibration-20260902-g,S1-100-r01,2026-09-01T15:49:36.734109153Z,11400.328896,33400924,1246449664,1237716992
calibration-20260902-g,S1-100-r01,2026-09-01T15:49:36.744170448Z,11410.390197,33453756,1246679040,1237909504
calibration-20260902-g,S1-100-r01,2026-09-01T15:49:36.754313411Z,11420.533159,33467337,1246679040,1237909504
calibration-20260902-g,S1-100-r01,2026-09-01T15:49:36.764557554Z,11430.777303,33467583,1246679040,1237827584
calibration-20260902-g,S1-100-r01,2026-09-01T15:49:36.823667232Z,11489.886981,33467907,1246679040,1237827584
calibration-20260902-g,S1-100-r01,2026-09-01T15:49:36.824847514Z,11491.067263,33468088,1246679040,1237827584
calibration-20260902-g,S1-100-r01,2026-09-01T15:49:36.834985688Z,11501.205432,33516055,1247367168,1238876160
calibration-20260902-g,S1-100-r01,2026-09-01T15:49:36.844195968Z,11510.415711,33552173,1247825920,1239138304
calibration-20260902-g,S1-100-r01,2026-09-01T15:49:36.854371725Z,11520.591474,33570167,1247825920,1239142400
calibration-20260902-g,S1-100-r01,2026-09-01T15:49:36.864619987Z,11530.839736,33570412,1247825920,1239142400
calibration-20260902-g,S1-100-r01,2026-09-01T15:49:36.874803912Z,11541.023660,33570672,1247825920,1239142400
calibration-20260902-g,S1-100-r01,2026-09-01T15:49:36.88496177Z,11551.181518,33570825,1247825920,1239142400
calibration-20260902-g,S1-100-r01,2026-09-01T15:49:36.894152438Z,11560.372186,33570979,1247825920,1239142400
calibration-20260902-g,S1-100-r01,2026-09-01T15:49:36.904360707Z,11570.580455,33571129,1247825920,1239142400
calibration-20260902-g,S1-100-r01,2026-09-01T15:49:36.914563306Z,11580.783054,33571283,1247825920,1239142400
calibration-20260902-g,S1-100-r01,2026-09-01T15:49:36.92470172Z,11590.921468,33571517,1247825920,1239126016
calibration-20260902-g,S1-100-r01,2026-09-01T15:49:36.934759702Z,11600.979450,33620515,1211002880,1201979392
calibration-20260902-g,S1-100-r01,2026-09-01T15:49:36.944354125Z,11610.573873,33657606,1199058944,1190277120
calibration-20260902-g,S1-100-r01,2026-09-01T15:49:36.954558095Z,11620.777843,33666898,1209610240,1200926720
calibration-20260902-g,S1-100-r01,2026-09-01T15:49:36.964778421Z,11630.998169,33667112,1209610240,1200926720
calibration-20260902-g,S1-100-r01,2026-09-01T15:49:36.974958498Z,11641.178246,33667307,1209610240,1200832512
calibration-20260902-g,S1-100-r01,2026-09-01T15:49:36.984167056Z,11650.386804,33667458,1209610240,1200832512
calibration-20260902-g,S1-100-r01,2026-09-01T15:49:36.994281459Z,11660.501202,33667711,1209610240,1200832512
calibration-20260902-g,S1-100-r01,2026-09-01T15:49:37.004454967Z,11670.674710,33667788,1209610240,1200832512
calibration-20260902-g,S1-100-r01,2026-09-01T15:49:37.014589333Z,11680.809076,33667894,1209610240,1200832512
calibration-20260902-g,S1-100-r01,2026-09-01T15:49:37.024771655Z,11690.991404,33668095,1215803392,1206861824
calibration-20260902-g,S1-100-r01,2026-09-01T15:49:37.035006366Z,11701.226114,33716076,1243787264,1234911232
calibration-20260902-g,S1-100-r01,2026-09-01T15:49:37.044172228Z,11710.391972,33752107,1248604160,1239629824
calibration-20260902-g,S1-100-r01,2026-09-01T15:49:37.054362229Z,11720.581978,33765645,1248604160,1239629824
calibration-20260902-g,S1-100-r01,2026-09-01T15:49:37.064524835Z,11730.744584,33765849,1248604160,1239891968
calibration-20260902-g,S1-100-r01,2026-09-01T15:49:37.074670115Z,11740.889864,33766028,1248604160,1239891968
calibration-20260902-g,S1-100-r01,2026-09-01T15:49:37.084871128Z,11751.090876,33766240,1248604160,1239891968
calibration-20260902-g,S1-100-r01,2026-09-01T15:49:37.0940075Z,11760.227248,33766404,1248604160,1239891968
calibration-20260902-g,S1-100-r01,2026-09-01T15:49:37.104198134Z,11770.417883,33766634,1248604160,1239891968
calibration-20260902-g,S1-100-r01,2026-09-01T15:49:37.114438524Z,11780.658273,33766871,1248604160,1239891968
calibration-20260902-g,S1-100-r01,2026-09-01T15:49:37.124651139Z,11790.870887,33767054,1248604160,1239891968
calibration-20260902-g,S1-100-r01,2026-09-01T15:49:37.134771866Z,11800.991614,33814819,1248604160,1239891968
calibration-20260902-g,S1-100-r01,2026-09-01T15:49:37.144025357Z,11810.245105,33850551,1248604160,1239891968
calibration-20260902-g,S1-100-r01,2026-09-01T15:49:37.154286242Z,11820.505990,33868636,1257320448,1248542720
calibration-20260902-g,S1-100-r01,2026-09-01T15:49:37.223649107Z,11889.868856,33868952,1257320448,1248804864
calibration-20260902-g,S1-100-r01,2026-09-01T15:49:37.224842184Z,11891.061932,33869243,1258926080,1250377728
calibration-20260902-g,S1-100-r01,2026-09-01T15:49:37.235016791Z,11901.236540,33917142,1277046784,1268424704
calibration-20260902-g,S1-100-r01,2026-09-01T15:49:37.244238217Z,11910.457966,33953212,1290350592,1281531904
calibration-20260902-g,S1-100-r01,2026-09-01T15:49:37.254400164Z,11920.619913,33966786,1290350592,1281531904
calibration-20260902-g,S1-100-r01,2026-09-01T15:49:37.264615394Z,11930.835142,33966957,1290350592,1281531904
calibration-20260902-g,S1-100-r01,2026-09-01T15:49:37.274779404Z,11940.999152,33967119,1290579968,1281531904
calibration-20260902-g,S1-100-r01,2026-09-01T15:49:37.284943611Z,11951.163360,33967227,1290579968,1281531904
calibration-20260902-g,S1-100-r01,2026-09-01T15:49:37.294092262Z,11960.312005,33967299,1290579968,1281531904
calibration-20260902-g,S1-100-r01,2026-09-01T15:49:37.304248137Z,11970.467879,33967389,1290579968,1281531904
calibration-20260902-g,S1-100-r01,2026-09-01T15:49:37.314390629Z,11980.610378,33967476,1290579968,1281531904
calibration-20260902-g,S1-100-r01,2026-09-01T15:49:37.32458914Z,11990.808912,33967639,1292185600,1283366912
calibration-20260902-g,S1-100-r01,2026-09-01T15:49:37.334524382Z,12000.744154,34015221,1297231872,1288609792
calibration-20260902-g,S1-100-r01,2026-09-01T15:49:37.344833383Z,12011.053132,34051484,1305030656,1296441344
calibration-20260902-g,S1-100-r01,2026-09-01T15:49:37.353967672Z,12020.187420,34065216,1315123200,1306664960
calibration-20260902-g,S1-100-r01,2026-09-01T15:49:37.364132023Z,12030.351772,34065373,1315123200,1306664960
calibration-20260902-g,S1-100-r01,2026-09-01T15:49:37.423663943Z,12089.883692,34065754,1315352576,1306927104
calibration-20260902-g,S1-100-r01,2026-09-01T15:49:37.424847366Z,12091.067114,34066022,1317187584,1308762112
calibration-20260902-g,S1-100-r01,2026-09-01T15:49:37.433976762Z,12100.196511,34096084,1332785152,1324228608
calibration-20260902-g,S1-100-r01,2026-09-01T15:49:37.444220272Z,12110.440020,34150102,1353428992,1345196032
calibration-20260902-g,S1-100-r01,2026-09-01T15:49:37.454496536Z,12120.716284,34168307,1356181504,1348337664
calibration-20260902-g,S1-100-r01,2026-09-01T15:49:37.464715934Z,12130.935682,34168532,1356181504,1348337664
calibration-20260902-g,S1-100-r01,2026-09-01T15:49:37.523660336Z,12189.880084,34168898,1356410880,1348345856
calibration-20260902-g,S1-100-r01,2026-09-01T15:49:37.524753962Z,12190.973711,34169191,1357787136,1349918720
calibration-20260902-g,S1-100-r01,2026-09-01T15:49:37.5349695Z,12201.189249,34217151,1373155328,1365123072
calibration-20260902-g,S1-100-r01,2026-09-01T15:49:37.544219347Z,12210.439095,34253141,1383936000,1375870976
calibration-20260902-g,S1-100-r01,2026-09-01T15:49:37.554425896Z,12220.645644,34266721,1384165376,1375870976
calibration-20260902-g,S1-100-r01,2026-09-01T15:49:37.564646968Z,12230.866716,34266966,1384165376,1375870976
calibration-20260902-g,S1-100-r01,2026-09-01T15:49:37.574828983Z,12241.048732,34267213,1384165376,1375870976
calibration-20260902-g,S1-100-r01,2026-09-01T15:49:37.583985491Z,12250.205241,34267384,1384165376,1375870976
calibration-20260902-g,S1-100-r01,2026-09-01T15:49:37.594103037Z,12260.322785,34267572,1384165376,1375870976
calibration-20260902-g,S1-100-r01,2026-09-01T15:49:37.604303409Z,12270.523159,34267734,1384165376,1375870976
calibration-20260902-g,S1-100-r01,2026-09-01T15:49:37.614487062Z,12280.706810,34267939,1384165376,1375870976
calibration-20260902-g,S1-100-r01,2026-09-01T15:49:37.624615636Z,12290.835384,34268178,1385541632,1377181696
calibration-20260902-g,S1-100-r01,2026-09-01T15:49:37.634729941Z,12300.949684,34316549,1394487296,1386618880
calibration-20260902-g,S1-100-r01,2026-09-01T15:49:37.64497182Z,12311.191569,34352435,1394487296,1386618880
calibration-20260902-g,S1-100-r01,2026-09-01T15:49:37.654242405Z,12320.462152,34370539,1394487296,1386618880
calibration-20260902-g,S1-100-r01,2026-09-01T15:49:37.723680259Z,12389.900008,34370805,1394487296,1386618880
calibration-20260902-g,S1-100-r01,2026-09-01T15:49:37.724767467Z,12390.987215,34371078,1394487296,1386618880
calibration-20260902-g,S1-100-r01,2026-09-01T15:49:37.734911294Z,12401.131042,34418694,1394487296,1386618880
calibration-20260902-g,S1-100-r01,2026-09-01T15:49:37.744736011Z,12410.955760,34455532,1346727936,1338552320
calibration-20260902-g,S1-100-r01,2026-09-01T15:49:37.75493878Z,12421.158529,34469121,1346727936,1338552320
calibration-20260902-g,S1-100-r01,2026-09-01T15:49:37.764107322Z,12430.327070,34469396,1346957312,1338458112
calibration-20260902-g,S1-100-r01,2026-09-01T15:49:37.774319403Z,12440.539152,34469577,1346957312,1338458112
calibration-20260902-g,S1-100-r01,2026-09-01T15:49:37.784603654Z,12450.823403,34469844,1346957312,1338396672
calibration-20260902-g,S1-100-r01,2026-09-01T15:49:37.794820946Z,12461.040695,34470052,1346957312,1338396672
calibration-20260902-g,S1-100-r01,2026-09-01T15:49:37.80501488Z,12471.234628,34470236,1346957312,1338396672
calibration-20260902-g,S1-100-r01,2026-09-01T15:49:37.814210739Z,12480.430487,34470411,1346957312,1338028032
calibration-20260902-g,S1-100-r01,2026-09-01T15:49:37.824371736Z,12490.591485,34470610,1346957312,1338290176
calibration-20260902-g,S1-100-r01,2026-09-01T15:49:37.834566931Z,12500.786680,34518329,1346957312,1338290176
calibration-20260902-g,S1-100-r01,2026-09-01T15:49:37.844738525Z,12510.958272,34554690,1346957312,1338552320
calibration-20260902-g,S1-100-r01,2026-09-01T15:49:37.854957212Z,12521.176960,34568257,1346957312,1338052608
calibration-20260902-g,S1-100-r01,2026-09-01T15:49:37.864128615Z,12530.348363,34568398,1346957312,1338314752
calibration-20260902-g,S1-100-r01,2026-09-01T15:49:37.874301091Z,12540.520839,34568542,1346957312,1338314752
calibration-20260902-g,S1-100-r01,2026-09-01T15:49:37.884437381Z,12550.657129,34568663,1346957312,1338314752
calibration-20260902-g,S1-100-r01,2026-09-01T15:49:37.894555253Z,12560.775001,34568770,1346957312,1338314752
calibration-20260902-g,S1-100-r01,2026-09-01T15:49:37.904720365Z,12570.940114,34568884,1346957312,1338314752
calibration-20260902-g,S1-100-r01,2026-09-01T15:49:37.914888611Z,12581.108359,34569024,1346957312,1338314752
calibration-20260902-g,S1-100-r01,2026-09-01T15:49:37.924016916Z,12590.236666,34569158,1346957312,1338314752
calibration-20260902-g,S1-100-r01,2026-09-01T15:49:37.934218604Z,12600.438353,34616573,1346957312,1338576896
calibration-20260902-g,S1-100-r01,2026-09-01T15:49:37.944370078Z,12610.589826,34653364,1299177472,1290514432
calibration-20260902-g,S1-100-r01,2026-09-01T15:49:37.954578147Z,12620.797890,34662820,1299177472,1290514432
calibration-20260902-g,S1-100-r01,2026-09-01T15:49:37.964761064Z,12630.980813,34662990,1299177472,1290420224
calibration-20260902-g,S1-100-r01,2026-09-01T15:49:37.97492295Z,12641.142699,34663194,1299177472,1290420224
calibration-20260902-g,S1-100-r01,2026-09-01T15:49:37.984071164Z,12650.290912,34663337,1299177472,1290420224
calibration-20260902-g,S1-100-r01,2026-09-01T15:49:37.994190394Z,12660.410142,34663465,1299177472,1290420224
calibration-20260902-g,S1-100-r01,2026-09-01T15:49:38.004324451Z,12670.544200,34663592,1299177472,1290420224
calibration-20260902-g,S1-100-r01,2026-09-01T15:49:38.014488173Z,12680.707921,34663805,1299177472,1290420224
calibration-20260902-g,S1-100-r01,2026-09-01T15:49:38.024757289Z,12690.977038,34664068,1299177472,1290682368
calibration-20260902-g,S1-100-r01,2026-09-01T15:49:38.034935049Z,12701.154797,34711811,1299177472,1290940416
calibration-20260902-g,S1-100-r01,2026-09-01T15:49:38.044168906Z,12710.388655,34747586,1299177472,1290940416
calibration-20260902-g,S1-100-r01,2026-09-01T15:49:38.054488927Z,12720.708675,34765615,1299177472,1290940416
calibration-20260902-g,S1-100-r01,2026-09-01T15:49:38.064642361Z,12730.862109,34765821,1299177472,1290940416
calibration-20260902-g,S1-100-r01,2026-09-01T15:49:38.074745679Z,12740.965427,34766009,1299177472,1290940416
calibration-20260902-g,S1-100-r01,2026-09-01T15:49:38.084897474Z,12751.117223,34766206,1299177472,1290940416
calibration-20260902-g,S1-100-r01,2026-09-01T15:49:38.094087786Z,12760.307535,34766351,1299177472,1290940416
calibration-20260902-g,S1-100-r01,2026-09-01T15:49:38.104308687Z,12770.528435,34766571,1299177472,1290940416
calibration-20260902-g,S1-100-r01,2026-09-01T15:49:38.114467017Z,12780.686765,34766723,1299406848,1290940416
calibration-20260902-g,S1-100-r01,2026-09-01T15:49:38.124722513Z,12790.942286,34766978,1299406848,1290940416
calibration-20260902-g,S1-100-r01,2026-09-01T15:49:38.134243133Z,12800.462876,34815897,1203232768,1194647552
calibration-20260902-g,S1-100-r01,2026-09-01T15:49:38.14441709Z,12810.636839,34851654,1203232768,1194450944
calibration-20260902-g,S1-100-r01,2026-09-01T15:49:38.154698563Z,12820.918311,34860860,1205526528,1196810240
calibration-20260902-g,S1-100-r01,2026-09-01T15:49:38.223645158Z,12889.864906,34861068,1205526528,1196810240
calibration-20260902-g,S1-100-r01,2026-09-01T15:49:38.224818806Z,12891.038555,34861282,1207132160,1198383104
calibration-20260902-g,S1-100-r01,2026-09-01T15:49:38.234965552Z,12901.185300,34909131,1225711616,1216995328
calibration-20260902-g,S1-100-r01,2026-09-01T15:49:38.244167278Z,12910.387026,34945209,1242685440,1234034688
calibration-20260902-g,S1-100-r01,2026-09-01T15:49:38.254290941Z,12920.510690,34967689,1246584832,1237966848
calibration-20260902-g,S1-100-r01,2026-09-01T15:49:38.264494098Z,12930.713846,34967837,1246584832,1237966848
calibration-20260902-g,S1-100-r01,2026-09-01T15:49:38.323660711Z,12989.880460,34968033,1246584832,1237966848
calibration-20260902-g,S1-100-r01,2026-09-01T15:49:38.32429304Z,12990.512789,34968827,1247961088,1239277568
calibration-20260902-g,S1-100-r01,2026-09-01T15:49:38.334938735Z,13001.158483,35016260,1253466112,1245044736
calibration-20260902-g,S1-100-r01,2026-09-01T15:49:38.344247223Z,13010.466972,35052232,1266540544,1257889792
calibration-20260902-g,S1-100-r01,2026-09-01T15:49:38.354376416Z,13020.596164,35062415,1266540544,1258147840
calibration-20260902-g,S1-100-r01,2026-09-01T15:49:38.364565093Z,13030.784842,35062651,1266540544,1258147840
calibration-20260902-g,S1-100-r01,2026-09-01T15:49:38.374718437Z,13040.938186,35062841,1266540544,1258147840
calibration-20260902-g,S1-100-r01,2026-09-01T15:49:38.384886073Z,13051.105816,35063060,1266540544,1258147840
calibration-20260902-g,S1-100-r01,2026-09-01T15:49:38.393979822Z,13060.199566,35063139,1266540544,1258147840
calibration-20260902-g,S1-100-r01,2026-09-01T15:49:38.404179056Z,13070.398799,35063255,1266540544,1258147840
calibration-20260902-g,S1-100-r01,2026-09-01T15:49:38.414362486Z,13080.582229,35063382,1266540544,1258147840
calibration-20260902-g,S1-100-r01,2026-09-01T15:49:38.42457527Z,13090.795013,35063670,1228595200,1234849792
calibration-20260902-g,S1-100-r01,2026-09-01T15:49:38.434904462Z,13101.124211,35111983,1237491712,1228943360
calibration-20260902-g,S1-100-r01,2026-09-01T15:49:38.44412089Z,13110.340637,35148908,1251942400,1243262976
calibration-20260902-g,S1-100-r01,2026-09-01T15:49:38.454355674Z,13120.575422,35166003,1251942400,1243262976
calibration-20260902-g,S1-100-r01,2026-09-01T15:49:38.464548269Z,13130.768017,35166180,1251942400,1243262976
calibration-20260902-g,S1-100-r01,2026-09-01T15:49:38.474704784Z,13140.924532,35166396,1251942400,1243262976
calibration-20260902-g,S1-100-r01,2026-09-01T15:49:38.484851019Z,13151.070776,35166590,1251942400,1243262976
calibration-20260902-g,S1-100-r01,2026-09-01T15:49:38.493970952Z,13160.190702,35166704,1251942400,1243262976
calibration-20260902-g,S1-100-r01,2026-09-01T15:49:38.523662096Z,13189.881844,35166794,1251942400,1243148288
calibration-20260902-g,S1-100-r01,2026-09-01T15:49:38.525520701Z,13191.740450,35167135,1251942400,1243406336
calibration-20260902-g,S1-100-r01,2026-09-01T15:49:38.5346833Z,13200.903048,35215429,1266163712,1258086400
calibration-20260902-g,S1-100-r01,2026-09-01T15:49:38.544919544Z,13211.139292,35253312,1274421248,1265946624
calibration-20260902-g,S1-100-r01,2026-09-01T15:49:38.554155433Z,13220.375181,35262448,1274421248,1266208768
calibration-20260902-g,S1-100-r01,2026-09-01T15:49:38.564464847Z,13230.684595,35262766,1274421248,1266208768
calibration-20260902-g,S1-100-r01,2026-09-01T15:49:38.57465358Z,13240.873328,35262992,1274421248,1266208768
calibration-20260902-g,S1-100-r01,2026-09-01T15:49:38.584818777Z,13251.038526,35263169,1274421248,1266208768
calibration-20260902-g,S1-100-r01,2026-09-01T15:49:38.594945932Z,13261.165682,35263347,1274421248,1266208768
calibration-20260902-g,S1-100-r01,2026-09-01T15:49:38.604108895Z,13270.328643,35263529,1274421248,1266208768
calibration-20260902-g,S1-100-r01,2026-09-01T15:49:38.614297659Z,13280.517408,35263670,1274421248,1266208768
calibration-20260902-g,S1-100-r01,2026-09-01T15:49:38.624453132Z,13290.672880,35263835,1275109376,1266733056
calibration-20260902-g,S1-100-r01,2026-09-01T15:49:38.634662683Z,13300.882433,35311971,1287495680,1279315968
calibration-20260902-g,S1-100-r01,2026-09-01T15:49:38.644865819Z,13311.085568,35351215,1300340736,1292161024
calibration-20260902-g,S1-100-r01,2026-09-01T15:49:38.654083087Z,13320.302836,35361842,1300340736,1292161024
calibration-20260902-g,S1-100-r01,2026-09-01T15:49:38.664288737Z,13330.508485,35361999,1300340736,1292161024
calibration-20260902-g,S1-100-r01,2026-09-01T15:49:38.723674393Z,13389.894144,35362330,1300340736,1292161024
calibration-20260902-g,S1-100-r01,2026-09-01T15:49:38.724877794Z,13391.097543,35362561,1300340736,1292161024
calibration-20260902-g,S1-100-r01,2026-09-01T15:49:38.734077169Z,13400.296917,35392356,1300340736,1292161024
calibration-20260902-g,S1-100-r01,2026-09-01T15:49:38.744250833Z,13410.470581,35445986,1300340736,1292161024
calibration-20260902-g,S1-100-r01,2026-09-01T15:49:38.754397907Z,13420.617656,35463979,1300340736,1292161024
calibration-20260902-g,S1-100-r01,2026-09-01T15:49:38.764618071Z,13430.837819,35464136,1300340736,1292161024
calibration-20260902-g,S1-100-r01,2026-09-01T15:49:38.774753077Z,13440.972825,35464281,1300340736,1292161024
calibration-20260902-g,S1-100-r01,2026-09-01T15:49:38.784923313Z,13451.143061,35464397,1300570112,1291902976
calibration-20260902-g,S1-100-r01,2026-09-01T15:49:38.794028305Z,13460.248053,35464492,1300570112,1291755520
calibration-20260902-g,S1-100-r01,2026-09-01T15:49:38.804178003Z,13470.397752,35464646,1300570112,1291755520
calibration-20260902-g,S1-100-r01,2026-09-01T15:49:38.814298508Z,13480.518256,35464758,1300570112,1291755520
calibration-20260902-g,S1-100-r01,2026-09-01T15:49:38.824479386Z,13490.699134,35464891,1300570112,1292013568
calibration-20260902-g,S1-100-r01,2026-09-01T15:49:38.834690007Z,13500.909755,35512707,1304240128,1295409152
calibration-20260902-g,S1-100-r01,2026-09-01T15:49:38.844925466Z,13511.145215,35548747,1319608320,1310875648
calibration-20260902-g,S1-100-r01,2026-09-01T15:49:38.854136Z,13520.355743,35567022,1327407104,1319002112
calibration-20260902-g,S1-100-r01,2026-09-01T15:49:38.923731678Z,13589.951427,35567289,1327636480,1319264256
calibration-20260902-g,S1-100-r01,2026-09-01T15:49:38.924885976Z,13591.105724,35567596,1329242112,1320837120
calibration-20260902-g,S1-100-r01,2026-09-01T15:49:38.93401592Z,13600.235669,35597580,1342775296,1334468608
calibration-20260902-g,S1-100-r01,2026-09-01T15:49:38.944232659Z,13610.452401,35653952,1300606976,1292550144
calibration-20260902-g,S1-100-r01,2026-09-01T15:49:38.954404368Z,13620.624117,35665562,1300606976,1292550144
calibration-20260902-g,S1-100-r01,2026-09-01T15:49:38.964614166Z,13630.833914,35665781,1300606976,1292480512
calibration-20260902-g,S1-100-r01,2026-09-01T15:49:38.974775127Z,13640.994875,35665972,1300606976,1292644352
calibration-20260902-g,S1-100-r01,2026-09-01T15:49:38.98495834Z,13651.178089,35666142,1300606976,1292644352
calibration-20260902-g,S1-100-r01,2026-09-01T15:49:38.994105972Z,13660.325720,35666292,1300606976,1292644352
calibration-20260902-g,S1-100-r01,2026-09-01T15:49:39.004308886Z,13670.528642,35666445,1300606976,1292902400
calibration-20260902-g,S1-100-r01,2026-09-01T15:49:39.014466913Z,13680.686661,35666606,1300606976,1292902400
calibration-20260902-g,S1-100-r01,2026-09-01T15:49:39.024698472Z,13690.918221,35666860,1300606976,1292902400
calibration-20260902-g,S1-100-r01,2026-09-01T15:49:39.034295786Z,13700.515536,35715265,1300836352,1293094912
calibration-20260902-g,S1-100-r01,2026-09-01T15:49:39.044582443Z,13710.802192,35751667,1300836352,1293094912
calibration-20260902-g,S1-100-r01,2026-09-01T15:49:39.05476945Z,13720.989198,35769636,1300836352,1293094912
calibration-20260902-g,S1-100-r01,2026-09-01T15:49:39.064971905Z,13731.191653,35769779,1300836352,1293094912
calibration-20260902-g,S1-100-r01,2026-09-01T15:49:39.074137114Z,13740.356856,35769887,1300836352,1293094912
calibration-20260902-g,S1-100-r01,2026-09-01T15:49:39.084317993Z,13750.537741,35769989,1300836352,1293094912
calibration-20260902-g,S1-100-r01,2026-09-01T15:49:39.123644355Z,13789.864098,35770089,1300836352,1292521472
calibration-20260902-g,S1-100-r01,2026-09-01T15:49:39.124826062Z,13791.045811,35770312,1300836352,1292521472
calibration-20260902-g,S1-100-r01,2026-09-01T15:49:39.134952994Z,13801.172742,35818426,1301065728,1292857344
calibration-20260902-g,S1-100-r01,2026-09-01T15:49:39.144219877Z,13810.439626,35854730,1253089280,1244794880
calibration-20260902-g,S1-100-r01,2026-09-01T15:49:39.15445479Z,13820.674538,35868301,1253089280,1244794880
calibration-20260902-g,S1-100-r01,2026-09-01T15:49:39.164657982Z,13830.877730,35868483,1253089280,1244700672
calibration-20260902-g,S1-100-r01,2026-09-01T15:49:39.174776883Z,13840.996632,35868647,1253089280,1244700672
calibration-20260902-g,S1-100-r01,2026-09-01T15:49:39.184924579Z,13851.144328,35868856,1253089280,1244958720
calibration-20260902-g,S1-100-r01,2026-09-01T15:49:39.193975455Z,13860.195204,35869006,1253089280,1244958720
calibration-20260902-g,S1-100-r01,2026-09-01T15:49:39.204198223Z,13870.417972,35869224,1253089280,1244958720
calibration-20260902-g,S1-100-r01,2026-09-01T15:49:39.22364071Z,13889.860458,35869544,1253089280,1244958720
calibration-20260902-g,S1-100-r01,2026-09-01T15:49:39.224784126Z,13891.003874,35869685,1253089280,1244958720
calibration-20260902-g,S1-100-r01,2026-09-01T15:49:39.234932891Z,13901.152639,35917408,1253089280,1244958720
calibration-20260902-g,S1-100-r01,2026-09-01T15:49:39.244165243Z,13910.384991,35953321,1253089280,1244958720
calibration-20260902-g,S1-100-r01,2026-09-01T15:49:39.254309809Z,13920.529558,35971387,1253089280,1244696576
calibration-20260902-g,S1-100-r01,2026-09-01T15:49:39.264538624Z,13930.758372,35971579,1253089280,1244696576
calibration-20260902-g,S1-100-r01,2026-09-01T15:49:39.274761127Z,13940.980875,35971745,1253089280,1244696576
calibration-20260902-g,S1-100-r01,2026-09-01T15:49:39.284913087Z,13951.132836,35971912,1253089280,1244696576
calibration-20260902-g,S1-100-r01,2026-09-01T15:49:39.294091673Z,13960.311422,35972041,1253089280,1244696576
calibration-20260902-g,S1-100-r01,2026-09-01T15:49:39.304217176Z,13970.436925,35972141,1253089280,1244696576
calibration-20260902-g,S1-100-r01,2026-09-01T15:49:39.323668062Z,13989.887810,35972249,1253089280,1244696576
calibration-20260902-g,S1-100-r01,2026-09-01T15:49:39.324792419Z,13991.012167,35972466,1253089280,1244696576
calibration-20260902-g,S1-100-r01,2026-09-01T15:49:39.334972128Z,14001.191876,36020248,1255153664,1246760960
calibration-20260902-g,S1-100-r01,2026-09-01T15:49:39.344126754Z,14010.346502,36056215,1269145600,1260916736
calibration-20260902-g,S1-100-r01,2026-09-01T15:49:39.354366903Z,14020.586652,36069892,1278091264,1269829632
calibration-20260902-g,S1-100-r01,2026-09-01T15:49:39.364556024Z,14030.775767,36070269,1278091264,1269829632
calibration-20260902-g,S1-100-r01,2026-09-01T15:49:39.374678632Z,14040.898376,36070368,1278091264,1269829632
calibration-20260902-g,S1-100-r01,2026-09-01T15:49:39.384829267Z,14051.049016,36070446,1278091264,1269829632
calibration-20260902-g,S1-100-r01,2026-09-01T15:49:39.394977264Z,14061.197007,36070524,1278091264,1270087680
calibration-20260902-g,S1-100-r01,2026-09-01T15:49:39.404141065Z,14070.360808,36070617,1278320640,1270087680
calibration-20260902-g,S1-100-r01,2026-09-01T15:49:39.41428526Z,14080.505009,36070702,1278320640,1270087680
calibration-20260902-g,S1-100-r01,2026-09-01T15:49:39.424457282Z,14090.677031,36070827,1279467520,1271398400
calibration-20260902-g,S1-100-r01,2026-09-01T15:49:39.434659508Z,14100.879252,36119464,1249230848,1241325568
calibration-20260902-g,S1-100-r01,2026-09-01T15:49:39.444207239Z,14110.426988,36156352,1253818368,1245679616
calibration-20260902-g,S1-100-r01,2026-09-01T15:49:39.454407815Z,14120.627564,36169928,1253818368,1245679616
calibration-20260902-g,S1-100-r01,2026-09-01T15:49:39.464640468Z,14130.860216,36170180,1253818368,1245679616
calibration-20260902-g,S1-100-r01,2026-09-01T15:49:39.474770085Z,14140.989835,36170404,1253818368,1245581312
calibration-20260902-g,S1-100-r01,2026-09-01T15:49:39.484912565Z,14151.132314,36170626,1253818368,1245581312
calibration-20260902-g,S1-100-r01,2026-09-01T15:49:39.494084378Z,14160.304126,36170799,1253818368,1245581312
calibration-20260902-g,S1-100-r01,2026-09-01T15:49:39.504277831Z,14170.497580,36170972,1253818368,1245581312
calibration-20260902-g,S1-100-r01,2026-09-01T15:49:39.514400538Z,14180.620286,36171137,1253818368,1245843456
calibration-20260902-g,S1-100-r01,2026-09-01T15:49:39.524604132Z,14190.823880,36171319,1253818368,1245843456
calibration-20260902-g,S1-100-r01,2026-09-01T15:49:39.53473891Z,14200.958658,36218917,1253818368,1245843456
calibration-20260902-g,S1-100-r01,2026-09-01T15:49:39.54491855Z,14211.138298,36256652,1254506496,1246629888
calibration-20260902-g,S1-100-r01,2026-09-01T15:49:39.554202005Z,14220.421753,36268462,1260011520,1252089856
calibration-20260902-g,S1-100-r01,2026-09-01T15:49:39.564390859Z,14230.610601,36268738,1260011520,1252089856
calibration-20260902-g,S1-100-r01,2026-09-01T15:49:39.574526229Z,14240.745978,36268830,1260011520,1252089856
calibration-20260902-g,S1-100-r01,2026-09-01T15:49:39.584708115Z,14250.927863,36268942,1260011520,1252089856
calibration-20260902-g,S1-100-r01,2026-09-01T15:49:39.594910268Z,14261.130012,36269101,1260011520,1252089856
calibration-20260902-g,S1-100-r01,2026-09-01T15:49:39.604162993Z,14270.382741,36269229,1260011520,1252089856
calibration-20260902-g,S1-100-r01,2026-09-01T15:49:39.614359197Z,14280.578946,36269377,1260240896,1252089856
calibration-20260902-g,S1-100-r01,2026-09-01T15:49:39.624623133Z,14290.842882,36269593,1260929024,1252859904
calibration-20260902-g,S1-100-r01,2026-09-01T15:49:39.634782515Z,14301.002263,36317389,1279967232,1271996416
calibration-20260902-g,S1-100-r01,2026-09-01T15:49:39.64498407Z,14311.203819,36353443,1290977280,1282744320
calibration-20260902-g,S1-100-r01,2026-09-01T15:49:39.654160422Z,14320.380170,36367051,1290977280,1282744320
calibration-20260902-g,S1-100-r01,2026-09-01T15:49:39.664399119Z,14330.618868,36367259,1290977280,1282744320
calibration-20260902-g,S1-100-r01,2026-09-01T15:49:39.674576224Z,14340.795972,36367410,1291206656,1282486272
calibration-20260902-g,S1-100-r01,2026-09-01T15:49:39.684761189Z,14350.980938,36367560,1291206656,1282121728
calibration-20260902-g,S1-100-r01,2026-09-01T15:49:39.694831635Z,14361.051383,36367675,1291206656,1282379776
calibration-20260902-g,S1-100-r01,2026-09-01T15:49:39.70396545Z,14370.185199,36367792,1291206656,1282379776
calibration-20260902-g,S1-100-r01,2026-09-01T15:49:39.714132323Z,14380.352072,36367934,1291206656,1282379776
calibration-20260902-g,S1-100-r01,2026-09-01T15:49:39.72424412Z,14390.463868,36368110,1292353536,1283690496
calibration-20260902-g,S1-100-r01,2026-09-01T15:49:39.7348625Z,14401.082243,36416884,1255231488,1246633984
calibration-20260902-g,S1-100-r01,2026-09-01T15:49:39.744080521Z,14410.300264,36452680,1255231488,1246633984
calibration-20260902-g,S1-100-r01,2026-09-01T15:49:39.754304224Z,14420.523973,36466269,1255231488,1246896128
calibration-20260902-g,S1-100-r01,2026-09-01T15:49:39.823715566Z,14489.935314,36466703,1255231488,1246740480
calibration-20260902-g,S1-100-r01,2026-09-01T15:49:39.824901402Z,14491.121150,36466930,1255231488,1246740480
calibration-20260902-g,S1-100-r01,2026-09-01T15:49:39.834103389Z,14500.323137,36496701,1255231488,1246998528
calibration-20260902-g,S1-100-r01,2026-09-01T15:49:39.844348713Z,14510.568461,36550290,1255231488,1246998528
calibration-20260902-g,S1-100-r01,2026-09-01T15:49:39.854552463Z,14520.772212,36568302,1255231488,1246994432
calibration-20260902-g,S1-100-r01,2026-09-01T15:49:39.86472295Z,14530.942698,36568503,1255231488,1246994432
calibration-20260902-g,S1-100-r01,2026-09-01T15:49:39.874921576Z,14541.141325,36568673,1255231488,1246994432
calibration-20260902-g,S1-100-r01,2026-09-01T15:49:39.884085779Z,14550.305529,36568816,1255231488,1246994432
calibration-20260902-g,S1-100-r01,2026-09-01T15:49:39.894321047Z,14560.540795,36568994,1255231488,1246994432
calibration-20260902-g,S1-100-r01,2026-09-01T15:49:39.904522676Z,14570.742425,36569237,1255231488,1246994432
calibration-20260902-g,S1-100-r01,2026-09-01T15:49:39.914668696Z,14580.888445,36569443,1255231488,1246994432
calibration-20260902-g,S1-100-r01,2026-09-01T15:49:39.924815764Z,14591.035512,36569645,1255231488,1246994432
calibration-20260902-g,S1-100-r01,2026-09-01T15:49:39.934009394Z,14600.229198,36599820,1267159040,1259053056
calibration-20260902-g,S1-100-r01,2026-09-01T15:49:39.944333662Z,14610.553410,36653937,1286426624,1278189568
calibration-20260902-g,S1-100-r01,2026-09-01T15:49:39.954546954Z,14620.766702,36667554,1289867264,1281597440
calibration-20260902-g,S1-100-r01,2026-09-01T15:49:39.964736464Z,14630.956212,36667687,1289867264,1281597440
calibration-20260902-g,S1-100-r01,2026-09-01T15:49:39.974890694Z,14641.110443,36667786,1289867264,1281597440
calibration-20260902-g,S1-100-r01,2026-09-01T15:49:39.983990979Z,14650.210722,36667848,1289867264,1281597440
calibration-20260902-g,S1-100-r01,2026-09-01T15:49:39.994124724Z,14660.344467,36667927,1289867264,1281597440
calibration-20260902-g,S1-100-r01,2026-09-01T15:49:40.004308306Z,14670.528057,36668028,1289867264,1281597440
calibration-20260902-g,S1-100-r01,2026-09-01T15:49:40.014470936Z,14680.690679,36668143,1289867264,1281597440
calibration-20260902-g,S1-100-r01,2026-09-01T15:49:40.02473809Z,14690.957861,36668395,1291931648,1283956736
calibration-20260902-g,S1-100-r01,2026-09-01T15:49:40.034895012Z,14701.114760,36716643,1303859200,1295753216
calibration-20260902-g,S1-100-r01,2026-09-01T15:49:40.044116601Z,14710.336344,36752353,1303859200,1295753216
calibration-20260902-g,S1-100-r01,2026-09-01T15:49:40.054298863Z,14720.518612,36770318,1303859200,1295753216
calibration-20260902-g,S1-100-r01,2026-09-01T15:49:40.064518342Z,14730.738091,36770531,1303859200,1295753216
calibration-20260902-g,S1-100-r01,2026-09-01T15:49:40.074681408Z,14740.901157,36770699,1303859200,1295753216
calibration-20260902-g,S1-100-r01,2026-09-01T15:49:40.123662278Z,14789.882027,36770831,1304088576,1295753216
calibration-20260902-g,S1-100-r01,2026-09-01T15:49:40.124833227Z,14791.052976,36772421,1304088576,1296015360
calibration-20260902-g,S1-100-r01,2026-09-01T15:49:40.13449462Z,14800.714364,36819718,1272725504,1264697344
calibration-20260902-g,S1-100-r01,2026-09-01T15:49:40.144746022Z,14810.965770,36856302,1291993088,1284096000
calibration-20260902-g,S1-100-r01,2026-09-01T15:49:40.154975863Z,14821.195611,36865509,1294516224,1286717440
calibration-20260902-g,S1-100-r01,2026-09-01T15:49:40.164101613Z,14830.321361,36865660,1294516224,1286717440
calibration-20260902-g,S1-100-r01,2026-09-01T15:49:40.174297888Z,14840.517636,36865840,1294516224,1286623232
calibration-20260902-g,S1-100-r01,2026-09-01T15:49:40.184485917Z,14850.705666,36865977,1294516224,1286623232
calibration-20260902-g,S1-100-r01,2026-09-01T15:49:40.194651905Z,14860.871653,36866100,1294516224,1286623232
calibration-20260902-g,S1-100-r01,2026-09-01T15:49:40.204821897Z,14871.041645,36866238,1294516224,1286623232
calibration-20260902-g,S1-100-r01,2026-09-01T15:49:40.214980353Z,14881.200107,36866359,1294516224,1286623232
calibration-20260902-g,S1-100-r01,2026-09-01T15:49:40.224236058Z,14890.455807,36866657,1295204352,1287147520
calibration-20260902-g,S1-100-r01,2026-09-01T15:49:40.234476258Z,14900.696007,36914557,1304608768,1296584704
calibration-20260902-g,S1-100-r01,2026-09-01T15:49:40.244805883Z,14911.025631,36953252,1304608768,1296584704
calibration-20260902-g,S1-100-r01,2026-09-01T15:49:40.253966167Z,14920.185911,36964441,1304608768,1296584704
calibration-20260902-g,S1-100-r01,2026-09-01T15:49:40.264156667Z,14930.376416,36964584,1304608768,1296584704
calibration-20260902-g,S1-100-r01,2026-09-01T15:49:40.274408709Z,14940.628457,36964833,1304608768,1296584704
calibration-20260902-g,S1-100-r01,2026-09-01T15:49:40.284625032Z,14950.844779,36965035,1304608768,1296584704
calibration-20260902-g,S1-100-r01,2026-09-01T15:49:40.294768712Z,14960.988460,36965232,1304608768,1296842752
calibration-20260902-g,S1-100-r01,2026-09-01T15:49:40.304916261Z,14971.136009,36965388,1304608768,1296842752
calibration-20260902-g,S1-100-r01,2026-09-01T15:49:40.314099893Z,14980.319642,36965519,1304608768,1296842752
calibration-20260902-g,S1-100-r01,2026-09-01T15:49:40.324107727Z,14990.327501,36965851,1304608768,1296842752
calibration-20260902-g,S1-100-r01,2026-09-01T15:49:40.334546972Z,15000.766721,37013612,1304608768,1296842752
calibration-20260902-g,S1-100-r01,2026-09-01T15:49:40.34470579Z,15010.925538,37049392,1304608768,1296842752
calibration-20260902-g,S1-100-r01,2026-09-01T15:49:40.364186717Z,15030.406461,37067380,1256574976,1248600064
calibration-20260902-g,S1-100-r01,2026-09-01T15:49:40.374411032Z,15040.630775,37067620,1256574976,1248505856
calibration-20260902-g,S1-100-r01,2026-09-01T15:49:40.384570036Z,15050.789785,37067696,1256574976,1248505856
calibration-20260902-g,S1-100-r01,2026-09-01T15:49:40.394680601Z,15060.900349,37067771,1256574976,1248505856
calibration-20260902-g,S1-100-r01,2026-09-01T15:49:40.404829079Z,15071.048822,37067845,1256574976,1248505856
calibration-20260902-g,S1-100-r01,2026-09-01T15:49:40.414977653Z,15081.197400,37067928,1256574976,1248505856
calibration-20260902-g,S1-100-r01,2026-09-01T15:49:40.42420543Z,15090.425173,37068413,1256574976,1248505856
calibration-20260902-g,S1-100-r01,2026-09-01T15:49:40.434386412Z,15100.606161,37116657,1256804352,1248698368
calibration-20260902-g,S1-100-r01,2026-09-01T15:49:40.444648039Z,15110.867787,37152504,1256804352,1248698368
calibration-20260902-g,S1-100-r01,2026-09-01T15:49:40.454902634Z,15121.122383,37166077,1256804352,1248698368
calibration-20260902-g,S1-100-r01,2026-09-01T15:49:40.464110264Z,15130.330012,37166233,1256804352,1248956416
calibration-20260902-g,S1-100-r01,2026-09-01T15:49:40.474302578Z,15140.522326,37166407,1256804352,1248956416
calibration-20260902-g,S1-100-r01,2026-09-01T15:49:40.484515888Z,15150.735645,37166612,1256804352,1248956416
calibration-20260902-g,S1-100-r01,2026-09-01T15:49:40.494677945Z,15160.897694,37166817,1256804352,1248956416
calibration-20260902-g,S1-100-r01,2026-09-01T15:49:40.504866999Z,15171.086742,37167146,1256804352,1248956416
calibration-20260902-g,S1-100-r01,2026-09-01T15:49:40.523656274Z,15189.876024,37167253,1256804352,1248956416
calibration-20260902-g,S1-100-r01,2026-09-01T15:49:40.524900717Z,15191.120494,37167474,1256804352,1248956416
calibration-20260902-g,S1-100-r01,2026-09-01T15:49:40.534738591Z,15200.958359,37215476,1264832512,1257082880
calibration-20260902-g,S1-100-r01,2026-09-01T15:49:40.545004811Z,15211.224560,37251772,1277218816,1269403648
calibration-20260902-g,S1-100-r01,2026-09-01T15:49:40.554323029Z,15220.542781,37270026,1277218816,1269403648
calibration-20260902-g,S1-100-r01,2026-09-01T15:49:40.564697201Z,15230.916949,37270375,1277218816,1269403648
calibration-20260902-g,S1-100-r01,2026-09-01T15:49:40.574923986Z,15241.143734,37270588,1277218816,1269403648
calibration-20260902-g,S1-100-r01,2026-09-01T15:49:40.584124173Z,15250.343922,37270743,1277218816,1269403648
calibration-20260902-g,S1-100-r01,2026-09-01T15:49:40.594287914Z,15260.507657,37270920,1277218816,1269403648
calibration-20260902-g,S1-100-r01,2026-09-01T15:49:40.604477198Z,15270.696941,37271040,1277218816,1269403648
calibration-20260902-g,S1-100-r01,2026-09-01T15:49:40.614590039Z,15280.809787,37271120,1277218816,1269403648
calibration-20260902-g,S1-100-r01,2026-09-01T15:49:40.624905011Z,15291.124784,37271352,1279283200,1271697408
calibration-20260902-g,S1-100-r01,2026-09-01T15:49:40.634204744Z,15300.424493,37301842,1295110144,1287688192
calibration-20260902-g,S1-100-r01,2026-09-01T15:49:40.644458557Z,15310.678305,37355573,1304973312,1297387520
calibration-20260902-g,S1-100-r01,2026-09-01T15:49:40.654675068Z,15320.894817,37364711,1304973312,1296662528
calibration-20260902-g,S1-100-r01,2026-09-01T15:49:40.664890996Z,15331.110744,37364915,1305202688,1296924672
calibration-20260902-g,S1-100-r01,2026-09-01T15:49:40.674086185Z,15340.305934,37365086,1305202688,1297186816
calibration-20260902-g,S1-100-r01,2026-09-01T15:49:40.723676302Z,15389.896050,37365312,1305202688,1297104896
calibration-20260902-g,S1-100-r01,2026-09-01T15:49:40.72485804Z,15391.077788,37365575,1305202688,1297104896
calibration-20260902-g,S1-100-r01,2026-09-01T15:49:40.734707347Z,15400.927097,37414377,1257275392,1249058816
calibration-20260902-g,S1-100-r01,2026-09-01T15:49:40.744870541Z,15411.090289,37450181,1257275392,1249058816
calibration-20260902-g,S1-100-r01,2026-09-01T15:49:40.755005746Z,15421.225495,37468208,1257275392,1248960512
calibration-20260902-g,S1-100-r01,2026-09-01T15:49:40.764233866Z,15430.453614,37468398,1257275392,1248960512
calibration-20260902-g,S1-100-r01,2026-09-01T15:49:40.77436406Z,15440.583809,37468604,1257275392,1248960512
calibration-20260902-g,S1-100-r01,2026-09-01T15:49:40.784524862Z,15450.744611,37468792,1257275392,1248702464
calibration-20260902-g,S1-100-r01,2026-09-01T15:49:40.794781427Z,15461.001176,37469064,1257504768,1248964608
calibration-20260902-g,S1-100-r01,2026-09-01T15:49:40.804964965Z,15471.184713,37469317,1257504768,1248964608
calibration-20260902-g,S1-100-r01,2026-09-01T15:49:40.814127637Z,15480.347385,37469493,1257504768,1248964608
calibration-20260902-g,S1-100-r01,2026-09-01T15:49:40.824286361Z,15490.506110,37469664,1257504768,1248964608
calibration-20260902-g,S1-100-r01,2026-09-01T15:49:40.834498199Z,15500.717943,37517814,1268056064,1259712512
calibration-20260902-g,S1-100-r01,2026-09-01T15:49:40.844720917Z,15510.940665,37553748,1278836736,1270460416
calibration-20260902-g,S1-100-r01,2026-09-01T15:49:40.854957787Z,15521.177536,37571796,1278836736,1270460416
calibration-20260902-g,S1-100-r01,2026-09-01T15:49:40.864118641Z,15530.338390,37571961,1279066112,1270460416
calibration-20260902-g,S1-100-r01,2026-09-01T15:49:40.923664888Z,15589.884637,37572228,1279295488,1270722560
calibration-20260902-g,S1-100-r01,2026-09-01T15:49:40.924851989Z,15591.071738,37572493,1280901120,1272295424
calibration-20260902-g,S1-100-r01,2026-09-01T15:49:40.93437491Z,15600.594653,37621070,1248862208,1240776704
calibration-20260902-g,S1-100-r01,2026-09-01T15:49:40.944634398Z,15610.854140,37656950,1258037248,1249689600
calibration-20260902-g,S1-100-r01,2026-09-01T15:49:40.954789636Z,15621.009385,37666076,1258037248,1249087488
calibration-20260902-g,S1-100-r01,2026-09-01T15:49:40.964991063Z,15631.210812,37666275,1258037248,1249349632
calibration-20260902-g,S1-100-r01,2026-09-01T15:49:40.974168423Z,15640.388171,37666434,1258037248,1249349632
calibration-20260902-g,S1-100-r01,2026-09-01T15:49:40.984381525Z,15650.601274,37666617,1258037248,1249349632
calibration-20260902-g,S1-100-r01,2026-09-01T15:49:40.994539337Z,15660.759085,37666876,1258037248,1249349632
calibration-20260902-g,S1-100-r01,2026-09-01T15:49:41.004715665Z,15670.935413,37667058,1258037248,1249349632
calibration-20260902-g,S1-100-r01,2026-09-01T15:49:41.01482663Z,15681.046373,37667180,1258037248,1249349632
calibration-20260902-g,S1-100-r01,2026-09-01T15:49:41.024095044Z,15690.314794,37667297,1258037248,1249349632
calibration-20260902-g,S1-100-r01,2026-09-01T15:49:41.034302142Z,15700.521890,37715210,1258037248,1249349632
calibration-20260902-g,S1-100-r01,2026-09-01T15:49:41.044447823Z,15710.667571,37751073,1258037248,1249349632
calibration-20260902-g,S1-100-r01,2026-09-01T15:49:41.054667768Z,15720.887516,37764717,1258037248,1249349632
calibration-20260902-g,S1-100-r01,2026-09-01T15:49:41.064893844Z,15731.113592,37764980,1258037248,1249349632
calibration-20260902-g,S1-100-r01,2026-09-01T15:49:41.073978774Z,15740.198522,37765131,1258037248,1249349632
calibration-20260902-g,S1-100-r01,2026-09-01T15:49:41.084176925Z,15750.396675,37765292,1258037248,1249349632
calibration-20260902-g,S1-100-r01,2026-09-01T15:49:41.094381351Z,15760.601100,37765488,1258037248,1249349632
calibration-20260902-g,S1-100-r01,2026-09-01T15:49:41.10451797Z,15770.737718,37765677,1258037248,1249349632
calibration-20260902-g,S1-100-r01,2026-09-01T15:49:41.114703473Z,15780.923221,37765870,1258037248,1249349632
calibration-20260902-g,S1-100-r01,2026-09-01T15:49:41.124879867Z,15791.099615,37766092,1258037248,1249349632
calibration-20260902-g,S1-100-r01,2026-09-01T15:49:41.133986336Z,15800.206085,37795996,1264230400,1255366656
calibration-20260902-g,S1-100-r01,2026-09-01T15:49:41.144264702Z,15810.484451,37849983,1281892352,1272930304
calibration-20260902-g,S1-100-r01,2026-09-01T15:49:41.154561801Z,15820.781549,37868125,1290838016,1281843200
calibration-20260902-g,S1-100-r01,2026-09-01T15:49:41.164729121Z,15830.948870,37868416,1290838016,1281843200
calibration-20260902-g,S1-100-r01,2026-09-01T15:49:41.174900553Z,15841.120297,37868527,1290838016,1281843200
calibration-20260902-g,S1-100-r01,2026-09-01T15:49:41.184086127Z,15850.305876,37868643,1291067392,1281843200
calibration-20260902-g,S1-100-r01,2026-09-01T15:49:41.194217277Z,15860.437020,37868717,1291067392,1282101248
calibration-20260902-g,S1-100-r01,2026-09-01T15:49:41.20440667Z,15870.626419,37868828,1291067392,1282101248
calibration-20260902-g,S1-100-r01,2026-09-01T15:49:41.214600985Z,15880.820734,37868985,1291067392,1282101248
calibration-20260902-g,S1-100-r01,2026-09-01T15:49:41.225207325Z,15891.427097,37869318,1293361152,1284722688
calibration-20260902-g,S1-100-r01,2026-09-01T15:49:41.234563342Z,15900.783085,37917502,1306664960,1297829888
calibration-20260902-g,S1-100-r01,2026-09-01T15:49:41.244789387Z,15911.009136,37953500,1306894336,1297801216
calibration-20260902-g,S1-100-r01,2026-09-01T15:49:41.255007502Z,15921.227250,37967011,1306894336,1297801216
calibration-20260902-g,S1-100-r01,2026-09-01T15:49:41.264173431Z,15930.393179,37967171,1306894336,1297801216
calibration-20260902-g,S1-100-r01,2026-09-01T15:49:41.274347709Z,15940.567458,37967300,1306894336,1297801216
calibration-20260902-g,S1-100-r01,2026-09-01T15:49:41.28451292Z,15950.732668,37967438,1306894336,1297801216
calibration-20260902-g,S1-100-r01,2026-09-01T15:49:41.294648268Z,15960.868017,37967591,1306894336,1298063360
calibration-20260902-g,S1-100-r01,2026-09-01T15:49:41.304806787Z,15971.026536,37967756,1306894336,1298063360
calibration-20260902-g,S1-100-r01,2026-09-01T15:49:41.314934551Z,15981.154299,37967870,1306894336,1298063360
calibration-20260902-g,S1-100-r01,2026-09-01T15:49:41.324079796Z,15990.299543,37968018,1306894336,1298063360
calibration-20260902-g,S1-100-r01,2026-09-01T15:49:41.334243403Z,16000.463151,38011232,1306894336,1298063360
calibration-20260902-g,S1-100-r01,2026-09-01T15:49:41.344417314Z,16010.637062,38052666,1263394816,1255006208
calibration-20260902-g,S1-100-r01,2026-09-01T15:49:41.354604684Z,16020.824432,38064575,1264082944,1255616512
calibration-20260902-g,S1-100-r01,2026-09-01T15:49:41.364768835Z,16030.988584,38064760,1264082944,1255522304
calibration-20260902-g,S1-100-r01,2026-09-01T15:49:41.374913334Z,16041.133082,38064905,1264082944,1255522304
calibration-20260902-g,S1-100-r01,2026-09-01T15:49:41.384070355Z,16050.290098,38065159,1264082944,1255522304
calibration-20260902-g,S1-100-r01,2026-09-01T15:49:41.394264716Z,16060.484465,38065309,1264082944,1255522304
calibration-20260902-g,S1-100-r01,2026-09-01T15:49:41.404484288Z,16070.704032,38065441,1264082944,1255522304
calibration-20260902-g,S1-100-r01,2026-09-01T15:49:41.414603339Z,16080.823082,38065530,1264082944,1255522304
calibration-20260902-g,S1-100-r01,2026-09-01T15:49:41.424815397Z,16091.035145,38065736,1265688576,1257095168
calibration-20260902-g,S1-100-r01,2026-09-01T15:49:41.434965302Z,16101.185052,38113657,1282662400,1273942016
calibration-20260902-g,S1-100-r01,2026-09-01T15:49:41.444222083Z,16110.441831,38149983,1298489344,1290194944
calibration-20260902-g,S1-100-r01,2026-09-01T15:49:41.454438957Z,16120.658706,38166472,1307205632,1298845696
calibration-20260902-g,S1-100-r01,2026-09-01T15:49:41.464663722Z,16130.883471,38166648,1307205632,1298853888
calibration-20260902-g,S1-100-r01,2026-09-01T15:49:41.474845604Z,16141.065352,38166799,1307205632,1298853888
calibration-20260902-g,S1-100-r01,2026-09-01T15:49:41.48398174Z,16150.201497,38166913,1307205632,1298853888
calibration-20260902-g,S1-100-r01,2026-09-01T15:49:41.49409066Z,16160.310409,38167019,1307205632,1298853888
calibration-20260902-g,S1-100-r01,2026-09-01T15:49:41.504223528Z,16170.443277,38167119,1307205632,1298853888
calibration-20260902-g,S1-100-r01,2026-09-01T15:49:41.514373814Z,16180.593563,38167226,1307205632,1298853888
calibration-20260902-g,S1-100-r01,2026-09-01T15:49:41.524521024Z,16190.740772,38167389,1307205632,1298853888
calibration-20260902-g,S1-100-r01,2026-09-01T15:49:41.534735181Z,16200.954929,38215120,1307205632,1298665472
calibration-20260902-g,S1-100-r01,2026-09-01T15:49:41.544910234Z,16211.129977,38251415,1308123136,1299185664
calibration-20260902-g,S1-100-r01,2026-09-01T15:49:41.55411108Z,16220.330829,38264948,1308123136,1299468288
calibration-20260902-g,S1-100-r01,2026-09-01T15:49:41.564228222Z,16230.447971,38265198,1308123136,1299210240
calibration-20260902-g,S1-100-r01,2026-09-01T15:49:41.574354142Z,16240.573890,38265345,1308123136,1298956288
calibration-20260902-g,S1-100-r01,2026-09-01T15:49:41.623650527Z,16289.870275,38265683,1308352512,1298956288
calibration-20260902-g,S1-100-r01,2026-09-01T15:49:41.624809422Z,16291.029171,38265930,1308352512,1298956288
calibration-20260902-g,S1-100-r01,2026-09-01T15:49:41.63469539Z,16300.915133,38313536,1260339200,1251221504
calibration-20260902-g,S1-100-r01,2026-09-01T15:49:41.644412421Z,16310.632168,38350242,1260339200,1251414016
calibration-20260902-g,S1-100-r01,2026-09-01T15:49:41.654565638Z,16320.785386,38368306,1260339200,1251311616
calibration-20260902-g,S1-100-r01,2026-09-01T15:49:41.66482395Z,16331.043698,38368526,1260339200,1251573760
calibration-20260902-g,S1-100-r01,2026-09-01T15:49:41.674009183Z,16340.228931,38368710,1260339200,1251479552
calibration-20260902-g,S1-100-r01,2026-09-01T15:49:41.684261226Z,16350.480975,38368917,1260339200,1251479552
calibration-20260902-g,S1-100-r01,2026-09-01T15:49:41.694486738Z,16360.706486,38369118,1260339200,1251479552
calibration-20260902-g,S1-100-r01,2026-09-01T15:49:41.704722467Z,16370.942215,38369313,1260339200,1251479552
calibration-20260902-g,S1-100-r01,2026-09-01T15:49:41.714944698Z,16381.164447,38369477,1260568576,1251479552
calibration-20260902-g,S1-100-r01,2026-09-01T15:49:41.7247156Z,16390.935348,38369728,1260568576,1251479552
calibration-20260902-g,S1-100-r01,2026-09-01T15:49:41.734926658Z,16401.146407,38417341,1260568576,1251262464
calibration-20260902-g,S1-100-r01,2026-09-01T15:49:41.744183793Z,16410.403542,38453150,1260568576,1251524608
calibration-20260902-g,S1-100-r01,2026-09-01T15:49:41.754292066Z,16420.511810,38467093,1260568576,1251266560
calibration-20260902-g,S1-100-r01,2026-09-01T15:49:41.764521015Z,16430.740763,38467318,1260568576,1251266560
calibration-20260902-g,S1-100-r01,2026-09-01T15:49:41.774758602Z,16440.978351,38467577,1260568576,1251266560
calibration-20260902-g,S1-100-r01,2026-09-01T15:49:41.784965614Z,16451.185363,38467771,1260568576,1251528704
calibration-20260902-g,S1-100-r01,2026-09-01T15:49:41.794094883Z,16460.314632,38467915,1260797952,1251528704
calibration-20260902-g,S1-100-r01,2026-09-01T15:49:41.804255896Z,16470.475645,38468080,1260797952,1251528704
calibration-20260902-g,S1-100-r01,2026-09-01T15:49:41.814395957Z,16480.615706,38468284,1260797952,1251528704
calibration-20260902-g,S1-100-r01,2026-09-01T15:49:41.824577302Z,16490.797050,38468448,1260797952,1251790848
calibration-20260902-g,S1-100-r01,2026-09-01T15:49:41.834676242Z,16500.895990,38516217,1271349248,1262301184
calibration-20260902-g,S1-100-r01,2026-09-01T15:49:41.844838501Z,16511.058250,38552419,1250287616,1277227008
calibration-20260902-g,S1-100-r01,2026-09-01T15:49:41.853971723Z,16520.191466,38565933,1252581376,1279586304
calibration-20260902-g,S1-100-r01,2026-09-01T15:49:41.923672693Z,16589.892442,38566122,1252810752,1265225728
calibration-20260902-g,S1-100-r01,2026-09-01T15:49:41.924441168Z,16590.660917,38566418,1245421568,1236848640
calibration-20260902-g,S1-100-r01,2026-09-01T15:49:41.934207409Z,16600.427152,38605941,1260789760,1252302848
calibration-20260902-g,S1-100-r01,2026-09-01T15:49:41.944477651Z,16610.697400,38651261,1260789760,1252302848
calibration-20260902-g,S1-100-r01,2026-09-01T15:49:42.023683524Z,16689.903296,38669598,1260789760,1252204544
calibration-20260902-g,S1-100-r01,2026-09-01T15:49:42.024937356Z,16691.157104,38669956,1260789760,1252204544
calibration-20260902-g,S1-100-r01,2026-09-01T15:49:42.034184796Z,16700.404546,38701217,1260789760,1252204544
calibration-20260902-g,S1-100-r01,2026-09-01T15:49:42.044497474Z,16710.717224,38755872,1261477888,1252814848
calibration-20260902-g,S1-100-r01,2026-09-01T15:49:42.054639901Z,16720.859650,38763225,1264230400,1255698432
calibration-20260902-g,S1-100-r01,2026-09-01T15:49:42.064886961Z,16731.106709,38763397,1264230400,1255698432
calibration-20260902-g,S1-100-r01,2026-09-01T15:49:42.074006514Z,16740.226262,38763590,1264459776,1255698432
calibration-20260902-g,S1-100-r01,2026-09-01T15:49:42.084295035Z,16750.514783,38763840,1264459776,1255698432
calibration-20260902-g,S1-100-r01,2026-09-01T15:49:42.094495499Z,16760.715247,38764095,1264459776,1255698432
calibration-20260902-g,S1-100-r01,2026-09-01T15:49:42.1046922Z,16770.911949,38764329,1264459776,1255698432
calibration-20260902-g,S1-100-r01,2026-09-01T15:49:42.114907429Z,16781.127177,38764565,1264459776,1255698432
calibration-20260902-g,S1-100-r01,2026-09-01T15:49:42.124099121Z,16790.318870,38764833,1265147904,1256484864
calibration-20260902-g,S1-100-r01,2026-09-01T15:49:42.134371465Z,16800.591214,38812824,1283727360,1274834944
calibration-20260902-g,S1-100-r01,2026-09-01T15:49:42.144308422Z,16810.528170,38849806,1254146048,1245380608
calibration-20260902-g,S1-100-r01,2026-09-01T15:49:42.154533913Z,16820.753656,38868137,1261256704,1252458496
calibration-20260902-g,S1-100-r01,2026-09-01T15:49:42.164762693Z,16830.982441,38868488,1261256704,1252364288
calibration-20260902-g,S1-100-r01,2026-09-01T15:49:42.174964902Z,16841.184651,38868742,1261256704,1252364288
calibration-20260902-g,S1-100-r01,2026-09-01T15:49:42.184157842Z,16850.377590,38868873,1261256704,1252364288
calibration-20260902-g,S1-100-r01,2026-09-01T15:49:42.194295314Z,16860.515063,38869001,1261256704,1252364288
calibration-20260902-g,S1-100-r01,2026-09-01T15:49:42.20440374Z,16870.623488,38869150,1261256704,1252364288
calibration-20260902-g,S1-100-r01,2026-09-01T15:49:42.214568261Z,16880.788010,38869342,1261256704,1252364288
calibration-20260902-g,S1-100-r01,2026-09-01T15:49:42.225222755Z,16891.442514,38869543,1261256704,1252364288
calibration-20260902-g,S1-100-r01,2026-09-01T15:49:42.234447393Z,16900.667143,38917373,1261256704,1252364288
calibration-20260902-g,S1-100-r01,2026-09-01T15:49:42.24471818Z,16910.937929,38953265,1261256704,1252364288
calibration-20260902-g,S1-100-r01,2026-09-01T15:49:42.254954014Z,16921.173763,38966891,1261256704,1252364288
calibration-20260902-g,S1-100-r01,2026-09-01T15:49:42.264168997Z,16930.388746,38967149,1261256704,1252364288
calibration-20260902-g,S1-100-r01,2026-09-01T15:49:42.274370375Z,16940.590124,38967340,1261256704,1252364288
calibration-20260902-g,S1-100-r01,2026-09-01T15:49:42.284612515Z,16950.832264,38967575,1261256704,1252364288
calibration-20260902-g,S1-100-r01,2026-09-01T15:49:42.294769323Z,16960.989071,38967808,1261256704,1252364288
calibration-20260902-g,S1-100-r01,2026-09-01T15:49:42.304999951Z,16971.219700,38968032,1261256704,1252364288
calibration-20260902-g,S1-100-r01,2026-09-01T15:49:42.314128927Z,16980.348675,38968206,1261256704,1252364288
calibration-20260902-g,S1-100-r01,2026-09-01T15:49:42.324364422Z,16990.584172,38968437,1261256704,1252364288
calibration-20260902-g,S1-100-r01,2026-09-01T15:49:42.334581307Z,17000.801055,39016388,1261256704,1252364288
calibration-20260902-g,S1-100-r01,2026-09-01T15:49:42.344759083Z,17010.978832,39052457,1272496128,1263636480
calibration-20260902-g,S1-100-r01,2026-09-01T15:49:42.354919184Z,17021.138933,39070604,1282818048,1274122240
calibration-20260902-g,S1-100-r01,2026-09-01T15:49:42.364136183Z,17030.355931,39070815,1282818048,1274122240
calibration-20260902-g,S1-100-r01,2026-09-01T15:49:42.374340938Z,17040.560686,39070998,1282818048,1274380288
calibration-20260902-g,S1-100-r01,2026-09-01T15:49:42.384489581Z,17050.709330,39071156,1282818048,1274380288
calibration-20260902-g,S1-100-r01,2026-09-01T15:49:42.394595411Z,17060.815160,39071349,1282818048,1274380288
calibration-20260902-g,S1-100-r01,2026-09-01T15:49:42.404852104Z,17071.071853,39071568,1282818048,1274380288
calibration-20260902-g,S1-100-r01,2026-09-01T15:49:42.415027751Z,17081.247500,39071760,1282818048,1274380288
calibration-20260902-g,S1-100-r01,2026-09-01T15:49:42.424280001Z,17090.499749,39072045,1283964928,1275691008
calibration-20260902-g,S1-100-r01,2026-09-01T15:49:42.434522422Z,17100.742171,39120170,1301397504,1292992512
calibration-20260902-g,S1-100-r01,2026-09-01T15:49:42.445312866Z,17111.532615,39159946,1309655040,1301381120
calibration-20260902-g,S1-100-r01,2026-09-01T15:49:42.45452202Z,17120.741769,39161358,1309655040,1301381120
calibration-20260902-g,S1-100-r01,2026-09-01T15:49:42.464726513Z,17130.946261,39161545,1309655040,1301381120
calibration-20260902-g,S1-100-r01,2026-09-01T15:49:42.474795846Z,17141.015595,39161717,1309655040,1301381120
calibration-20260902-g,S1-100-r01,2026-09-01T15:49:42.484940989Z,17151.160746,39161896,1309655040,1301200896
calibration-20260902-g,S1-100-r01,2026-09-01T15:49:42.49405343Z,17160.273178,39162010,1309655040,1301200896
calibration-20260902-g,S1-100-r01,2026-09-01T15:49:42.504204634Z,17170.424383,39162267,1309655040,1301200896
calibration-20260902-g,S1-100-r01,2026-09-01T15:49:42.514342567Z,17180.562316,39162349,1309655040,1301200896
calibration-20260902-g,S1-100-r01,2026-09-01T15:49:42.524549244Z,17190.768992,39162460,1309655040,1300930560
calibration-20260902-g,S1-100-r01,2026-09-01T15:49:42.534705573Z,17200.925321,39210142,1309655040,1300930560
calibration-20260902-g,S1-100-r01,2026-09-01T15:49:42.544946431Z,17211.166181,39245976,1309884416,1300930560
calibration-20260902-g,S1-100-r01,2026-09-01T15:49:42.554176905Z,17220.396653,39268411,1314471936,1305628672
calibration-20260902-g,S1-100-r01,2026-09-01T15:49:42.56442951Z,17230.649259,39268624,1314471936,1305628672
calibration-20260902-g,S1-100-r01,2026-09-01T15:49:42.574611094Z,17240.830843,39268812,1314471936,1305628672
calibration-20260902-g,S1-100-r01,2026-09-01T15:49:42.584823109Z,17251.042858,39268978,1314471936,1305628672
calibration-20260902-g,S1-100-r01,2026-09-01T15:49:42.594996407Z,17261.216154,39269119,1314471936,1305628672
calibration-20260902-g,S1-100-r01,2026-09-01T15:49:42.604176581Z,17270.396329,39269230,1314471936,1305628672
calibration-20260902-g,S1-100-r01,2026-09-01T15:49:42.614300517Z,17280.520265,39269358,1314471936,1305628672
calibration-20260902-g,S1-100-r01,2026-09-01T15:49:42.624524147Z,17290.743902,39269840,1315848192,1306939392
calibration-20260902-g,S1-100-r01,2026-09-01T15:49:42.634584369Z,17300.804118,39318353,1284583424,1275944960
calibration-20260902-g,S1-100-r01,2026-09-01T15:49:42.64480365Z,17311.023398,39354493,1303162880,1294819328
calibration-20260902-g,S1-100-r01,2026-09-01T15:49:42.653988017Z,17320.207765,39362147,1305915392,1297608704
calibration-20260902-g,S1-100-r01,2026-09-01T15:49:42.664226709Z,17330.446457,39362418,1305915392,1297608704
calibration-20260902-g,S1-100-r01,2026-09-01T15:49:42.674394703Z,17340.614452,39362559,1306144768,1297608704
calibration-20260902-g,S1-100-r01,2026-09-01T15:49:42.684590264Z,17350.810014,39362684,1306144768,1297608704
calibration-20260902-g,S1-100-r01,2026-09-01T15:49:42.694709796Z,17360.929544,39362814,1306144768,1297608704
calibration-20260902-g,S1-100-r01,2026-09-01T15:49:42.704861271Z,17371.081021,39362926,1306144768,1297608704
calibration-20260902-g,S1-100-r01,2026-09-01T15:49:42.713977829Z,17380.197577,39363054,1306144768,1297608704
calibration-20260902-g,S1-100-r01,2026-09-01T15:49:42.724192379Z,17390.412147,39363363,1307521024,1298919424
calibration-20260902-g,S1-100-r01,2026-09-01T15:49:42.734473036Z,17400.692779,39411858,1310502912,1301614592
calibration-20260902-g,S1-100-r01,2026-09-01T15:49:42.744700082Z,17410.919825,39448502,1310502912,1301614592
calibration-20260902-g,S1-100-r01,2026-09-01T15:49:42.75488989Z,17421.109633,39466124,1310502912,1301614592
calibration-20260902-g,S1-100-r01,2026-09-01T15:49:42.764103371Z,17430.323121,39466278,1310502912,1301614592
calibration-20260902-g,S1-100-r01,2026-09-01T15:49:42.774374568Z,17440.594342,39466438,1310502912,1301614592
calibration-20260902-g,S1-100-r01,2026-09-01T15:49:42.784807463Z,17451.027248,39466870,1310502912,1301614592
calibration-20260902-g,S1-100-r01,2026-09-01T15:49:42.794199631Z,17460.419380,39467393,1310502912,1301614592
calibration-20260902-g,S1-100-r01,2026-09-01T15:49:42.804473195Z,17470.692944,39467593,1310502912,1301614592
calibration-20260902-g,S1-100-r01,2026-09-01T15:49:42.823689893Z,17489.909664,39467813,1310502912,1301569536
calibration-20260902-g,S1-100-r01,2026-09-01T15:49:42.823966171Z,17490.185920,39467860,1310502912,1301569536
calibration-20260902-g,S1-100-r01,2026-09-01T15:49:42.834142613Z,17500.362362,39498095,1310502912,1301569536
calibration-20260902-g,S1-100-r01,2026-09-01T15:49:42.843949824Z,17510.169572,39553704,1262346240,1253576704
calibration-20260902-g,S1-100-r01,2026-09-01T15:49:42.923661599Z,17589.881347,39566430,1262346240,1253478400
calibration-20260902-g,S1-100-r01,2026-09-01T15:49:42.924885752Z,17591.105501,39566668,1262346240,1253883904
calibration-20260902-g,S1-100-r01,2026-09-01T15:49:42.933995153Z,17600.214903,39596821,1262575616,1254146048
calibration-20260902-g,S1-100-r01,2026-09-01T15:49:42.944226532Z,17610.446280,39650468,1262575616,1254146048
calibration-20260902-g,S1-100-r01,2026-09-01T15:49:42.954435977Z,17620.655725,39668663,1269915648,1261486080
calibration-20260902-g,S1-100-r01,2026-09-01T15:49:42.964606976Z,17630.826725,39668817,1269915648,1261486080
calibration-20260902-g,S1-100-r01,2026-09-01T15:49:42.974741851Z,17640.961600,39668956,1269915648,1261486080
calibration-20260902-g,S1-100-r01,2026-09-01T15:49:42.984928837Z,17651.148585,39669072,1269915648,1261486080
calibration-20260902-g,S1-100-r01,2026-09-01T15:49:42.993981775Z,17660.201523,39669170,1269915648,1261486080
calibration-20260902-g,S1-100-r01,2026-09-01T15:49:43.004093801Z,17670.313549,39669293,1269915648,1261428736
calibration-20260902-g,S1-100-r01,2026-09-01T15:49:43.014269745Z,17680.489494,39669441,1269915648,1261428736
calibration-20260902-g,S1-100-r01,2026-09-01T15:49:43.024858798Z,17691.078570,39669801,1271521280,1263001600
calibration-20260902-g,S1-100-r01,2026-09-01T15:49:43.034133143Z,17700.352891,39700387,1284825088,1276370944
calibration-20260902-g,S1-100-r01,2026-09-01T15:49:43.044390377Z,17710.610126,39754382,1296523264,1287905280
calibration-20260902-g,S1-100-r01,2026-09-01T15:49:43.054579362Z,17720.799105,39765975,1296523264,1287905280
calibration-20260902-g,S1-100-r01,2026-09-01T15:49:43.064775106Z,17730.994854,39766170,1296523264,1287905280
calibration-20260902-g,S1-100-r01,2026-09-01T15:49:43.07497089Z,17741.190639,39766426,1296523264,1287905280
calibration-20260902-g,S1-100-r01,2026-09-01T15:49:43.08417147Z,17750.391218,39766587,1296523264,1287905280
calibration-20260902-g,S1-100-r01,2026-09-01T15:49:43.094324262Z,17760.544011,39766717,1296523264,1287905280
calibration-20260902-g,S1-100-r01,2026-09-01T15:49:43.10452359Z,17770.743338,39766907,1296523264,1287794688
calibration-20260902-g,S1-100-r01,2026-09-01T15:49:43.114735018Z,17780.954767,39767105,1296523264,1287794688
calibration-20260902-g,S1-100-r01,2026-09-01T15:49:43.124866196Z,17791.085939,39767945,1298128896,1289367552
calibration-20260902-g,S1-100-r01,2026-09-01T15:49:43.135001669Z,17801.221417,39815529,1310973952,1302212608
calibration-20260902-g,S1-100-r01,2026-09-01T15:49:43.144249328Z,17810.469076,39851328,1310973952,1302212608
calibration-20260902-g,S1-100-r01,2026-09-01T15:49:43.154475538Z,17820.695286,39869323,1311203328,1302212608
calibration-20260902-g,S1-100-r01,2026-09-01T15:49:43.164700304Z,17830.920053,39869536,1311203328,1302212608
calibration-20260902-g,S1-100-r01,2026-09-01T15:49:43.173121283Z,17889.879625,39870050,1311203328,1301463040
calibration-20260902-g,S1-100-r01,2026-09-01T15:49:43.174312212Z,17891.070550,39870270,1263095808,1259884544
calibration-20260902-g,S1-100-r01,2026-09-01T15:49:43.184430598Z,17901.188935,39918634,1263325184,1253687296
calibration-20260902-g,S1-100-r01,2026-09-01T15:49:43.193621405Z,17910.379748,39954420,1263325184,1253593088
calibration-20260902-g,S1-100-r01,2026-09-01T15:49:43.203850763Z,17920.609105,39968037,1263325184,1253855232
calibration-20260902-g,S1-100-r01,2026-09-01T15:49:43.214030694Z,17930.789037,39968270,1263325184,1253855232
calibration-20260902-g,S1-100-r01,2026-09-01T15:49:43.224170869Z,17940.929211,39968438,1263325184,1253855232
calibration-20260902-g,S1-100-r01,2026-09-01T15:49:43.234318704Z,17951.077046,39968558,1263325184,1253855232
calibration-20260902-g,S1-100-r01,2026-09-01T15:49:43.273135251Z,17989.893593,39968707,1263325184,1253855232
calibration-20260902-g,S1-100-r01,2026-09-01T15:49:43.274246927Z,17991.005269,39968955,1263325184,1253855232
calibration-20260902-g,S1-100-r01,2026-09-01T15:49:43.284406618Z,18001.164984,40017605,1215377408,1206001664
calibration-20260902-g,S1-100-r01,2026-09-01T15:49:43.293817095Z,18010.575461,40053680,1219276800,1209929728
calibration-20260902-g,S1-100-r01,2026-09-01T15:49:43.304003766Z,18020.762108,40067761,1228681216,1219268608
calibration-20260902-g,S1-100-r01,2026-09-01T15:49:43.314223Z,18030.981343,40067919,1228681216,1219268608
calibration-20260902-g,S1-100-r01,2026-09-01T15:49:43.324387554Z,18041.145897,40068078,1228681216,1219268608
calibration-20260902-g,S1-100-r01,2026-09-01T15:49:43.333581223Z,18050.339565,40068208,1228681216,1219268608
calibration-20260902-g,S1-100-r01,2026-09-01T15:49:43.343807342Z,18060.565704,40068349,1228681216,1219268608
calibration-20260902-g,S1-100-r01,2026-09-01T15:49:43.354235833Z,18070.994176,40068718,1228681216,1219268608
calibration-20260902-g,S1-100-r01,2026-09-01T15:49:46.765664015Z,18089.862114,40069087,1228910592,1219457024
calibration-20260902-g,S1-100-r01,2026-09-01T15:49:46.766906989Z,18091.105089,40069319,1230745600,1221292032
calibration-20260902-g,S1-100-r01,2026-09-01T15:49:46.776005592Z,18100.203716,40099324,1247490048,1238069248
calibration-20260902-g,S1-100-r01,2026-09-01T15:49:46.786300381Z,18110.498479,40154134,1263775744,1254084608
calibration-20260902-g,S1-100-r01,2026-09-01T15:49:46.796556169Z,18120.754268,40162538,1263775744,1254293504
calibration-20260902-g,S1-100-r01,2026-09-01T15:49:46.806710462Z,18130.908561,40162716,1263775744,1254293504
calibration-20260902-g,S1-100-r01,2026-09-01T15:49:46.816783064Z,18140.981164,40162877,1264005120,1254293504
calibration-20260902-g,S1-100-r01,2026-09-01T15:49:46.826928346Z,18151.126455,40163075,1264005120,1254293504
calibration-20260902-g,S1-100-r01,2026-09-01T15:49:46.836004505Z,18160.202605,40163200,1264005120,1254293504
calibration-20260902-g,S1-100-r01,2026-09-01T15:49:46.846165217Z,18170.363317,40163390,1264005120,1254293504
calibration-20260902-g,S1-100-r01,2026-09-01T15:49:46.85635028Z,18180.548379,40163621,1264005120,1254555648
calibration-20260902-g,S1-100-r01,2026-09-01T15:49:46.866515131Z,18190.713230,40163830,1264005120,1254555648
calibration-20260902-g,S1-100-r01,2026-09-01T15:49:46.876684741Z,18200.882842,40211505,1264005120,1254817792
calibration-20260902-g,S1-100-r01,2026-09-01T15:49:46.965670465Z,18289.868564,40269629,1264005120,1254817792
calibration-20260902-g,S1-100-r01,2026-09-01T15:49:46.966809416Z,18291.007517,40269875,1264005120,1254817792
calibration-20260902-g,S1-100-r01,2026-09-01T15:49:46.977015525Z,18301.213624,40317555,1272950784,1263730688
calibration-20260902-g,S1-100-r01,2026-09-01T15:49:46.986240709Z,18310.438809,40353582,1288548352,1279459328
calibration-20260902-g,S1-100-r01,2026-09-01T15:49:46.99649309Z,18320.691189,40367290,1291988992,1282867200
calibration-20260902-g,S1-100-r01,2026-09-01T15:49:47.006755538Z,18330.953637,40367521,1291988992,1282867200
calibration-20260902-g,S1-100-r01,2026-09-01T15:49:47.016887724Z,18341.085824,40367743,1291988992,1282867200
calibration-20260902-g,S1-100-r01,2026-09-01T15:49:47.026163945Z,18350.362044,40367975,1291988992,1282867200
calibration-20260902-g,S1-100-r01,2026-09-01T15:49:47.036399185Z,18360.597284,40368184,1291988992,1282867200
calibration-20260902-g,S1-100-r01,2026-09-01T15:49:47.046683012Z,18370.881112,40368420,1291988992,1282867200
calibration-20260902-g,S1-100-r01,2026-09-01T15:49:47.056850767Z,18381.048866,40368629,1291988992,1282867200
calibration-20260902-g,S1-100-r01,2026-09-01T15:49:47.066027746Z,18390.225846,40368841,1292447744,1283653632
calibration-20260902-g,S1-100-r01,2026-09-01T15:49:47.076237005Z,18400.435099,40401333,1309421568,1300168704
calibration-20260902-g,S1-100-r01,2026-09-01T15:49:47.086470923Z,18410.669023,40453195,1312403456,1303314432
calibration-20260902-g,S1-100-r01,2026-09-01T15:49:47.096625787Z,18420.823886,40466720,1312403456,1303314432
calibration-20260902-g,S1-100-r01,2026-09-01T15:49:47.106790558Z,18430.988658,40466922,1312403456,1303314432
calibration-20260902-g,S1-100-r01,2026-09-01T15:49:47.116955915Z,18441.154015,40467116,1312632832,1303314432
calibration-20260902-g,S1-100-r01,2026-09-01T15:49:47.126111753Z,18450.309852,40467297,1312632832,1303314432
calibration-20260902-g,S1-100-r01,2026-09-01T15:49:47.136316226Z,18460.514326,40467471,1312632832,1303314432
calibration-20260902-g,S1-100-r01,2026-09-01T15:49:47.146437848Z,18470.635948,40467628,1312632832,1303314432
calibration-20260902-g,S1-100-r01,2026-09-01T15:49:47.156581805Z,18480.779904,40467791,1312632832,1303314432
calibration-20260902-g,S1-100-r01,2026-09-01T15:49:47.166762579Z,18490.960679,40467988,1312632832,1303314432
calibration-20260902-g,S1-100-r01,2026-09-01T15:49:47.176551529Z,18500.749630,40516866,1281363968,1272201216
calibration-20260902-g,S1-100-r01,2026-09-01T15:49:47.18667755Z,18510.875649,40553006,1294438400,1285308416
calibration-20260902-g,S1-100-r01,2026-09-01T15:49:47.196892995Z,18521.091095,40566577,1294438400,1285214208
calibration-20260902-g,S1-100-r01,2026-09-01T15:49:47.206018917Z,18530.217018,40566813,1294438400,1285214208
calibration-20260902-g,S1-100-r01,2026-09-01T15:49:47.216198526Z,18540.396621,40566942,1294438400,1285214208
calibration-20260902-g,S1-100-r01,2026-09-01T15:49:47.226383779Z,18550.581874,40567038,1294438400,1285214208
calibration-20260902-g,S1-100-r01,2026-09-01T15:49:47.23650273Z,18560.700830,40567107,1294438400,1285214208
calibration-20260902-g,S1-100-r01,2026-09-01T15:49:47.246642743Z,18570.840838,40567162,1294438400,1285214208
calibration-20260902-g,S1-100-r01,2026-09-01T15:49:47.265657577Z,18589.855676,40567294,1294438400,1285214208
calibration-20260902-g,S1-100-r01,2026-09-01T15:49:47.266773732Z,18590.971833,40567536,1296273408,1287049216
calibration-20260902-g,S1-100-r01,2026-09-01T15:49:47.276896081Z,18601.094181,40615420,1313017856,1303564288
calibration-20260902-g,S1-100-r01,2026-09-01T15:49:47.286146525Z,18610.344626,40651411,1313017856,1303564288
calibration-20260902-g,S1-100-r01,2026-09-01T15:49:47.296451542Z,18620.649642,40665059,1313017856,1303564288
calibration-20260902-g,S1-100-r01,2026-09-01T15:49:47.306728054Z,18630.926154,40665332,1313017856,1303564288
calibration-20260902-g,S1-100-r01,2026-09-01T15:49:47.316912601Z,18641.110696,40665671,1313017856,1303564288
calibration-20260902-g,S1-100-r01,2026-09-01T15:49:47.326123774Z,18650.321868,40665808,1313247232,1303564288
calibration-20260902-g,S1-100-r01,2026-09-01T15:49:47.33632622Z,18660.524320,40665955,1313247232,1303826432
calibration-20260902-g,S1-100-r01,2026-09-01T15:49:47.346540125Z,18670.738226,40666118,1313247232,1303826432
calibration-20260902-g,S1-100-r01,2026-09-01T15:49:47.356699173Z,18680.897267,40666274,1313247232,1303826432
calibration-20260902-g,S1-100-r01,2026-09-01T15:49:47.366928486Z,18691.126586,40666470,1313247232,1303826432
calibration-20260902-g,S1-100-r01,2026-09-01T15:49:47.376188392Z,18700.386491,40696375,1313247232,1303826432
calibration-20260902-g,S1-100-r01,2026-09-01T15:49:47.386475926Z,18710.674025,40750264,1313247232,1303826432
calibration-20260902-g,S1-100-r01,2026-09-01T15:49:47.396785939Z,18720.984038,40768364,1313247232,1303826432
calibration-20260902-g,S1-100-r01,2026-09-01T15:49:47.407001034Z,18731.199134,40768682,1313247232,1303826432
calibration-20260902-g,S1-100-r01,2026-09-01T15:49:47.416182201Z,18740.380300,40768946,1313247232,1303826432
calibration-20260902-g,S1-100-r01,2026-09-01T15:49:47.426443087Z,18750.641187,40769234,1313247232,1303826432
calibration-20260902-g,S1-100-r01,2026-09-01T15:49:47.436678116Z,18760.876215,40769554,1313247232,1303826432
calibration-20260902-g,S1-100-r01,2026-09-01T15:49:47.446963703Z,18771.161803,40769785,1313247232,1303826432
calibration-20260902-g,S1-100-r01,2026-09-01T15:49:47.456228327Z,18780.426427,40769980,1313247232,1303826432
calibration-20260902-g,S1-100-r01,2026-09-01T15:49:47.466809556Z,18791.007655,40770344,1313247232,1303826432
calibration-20260902-g,S1-100-r01,2026-09-01T15:49:47.477025256Z,18801.223351,40818621,1313476608,1304088576
calibration-20260902-g,S1-100-r01,2026-09-01T15:49:47.48611871Z,18810.316810,40854821,1265487872,1256275968
calibration-20260902-g,S1-100-r01,2026-09-01T15:49:47.496420809Z,18820.618909,40868546,1265487872,1256275968
calibration-20260902-g,S1-100-r01,2026-09-01T15:49:47.56570507Z,18889.903170,40869033,1265487872,1256181760
calibration-20260902-g,S1-100-r01,2026-09-01T15:49:47.566900371Z,18891.098470,40869256,1265487872,1256181760
calibration-20260902-g,S1-100-r01,2026-09-01T15:49:47.576090658Z,18900.288757,40898940,1265487872,1256181760
calibration-20260902-g,S1-100-r01,2026-09-01T15:49:47.586324898Z,18910.522997,40952812,1280626688,1271648256
calibration-20260902-g,S1-100-r01,2026-09-01T15:49:47.596560322Z,18920.758421,40966417,1284067328,1275056128
calibration-20260902-g,S1-100-r01,2026-09-01T15:49:47.665704328Z,18989.902428,40966727,1284296704,1275056128
calibration-20260902-g,S1-100-r01,2026-09-01T15:49:47.66684534Z,18991.043439,40967050,1286361088,1277153280
calibration-20260902-g,S1-100-r01,2026-09-01T15:49:47.6762397Z,19000.437794,41010437,1303564288,1294454784
calibration-20260902-g,S1-100-r01,2026-09-01T15:49:47.686481098Z,19010.679199,41051175,1313656832,1304678400
calibration-20260902-g,S1-100-r01,2026-09-01T15:49:47.696691883Z,19020.889983,41069234,1313656832,1304678400
calibration-20260902-g,S1-100-r01,2026-09-01T15:49:47.706913673Z,19031.111772,41069405,1313656832,1304678400
calibration-20260902-g,S1-100-r01,2026-09-01T15:49:47.716125394Z,19040.323493,41069564,1313656832,1304678400
calibration-20260902-g,S1-100-r01,2026-09-01T15:49:47.766815902Z,19091.014002,41069667,1313656832,1304309760
calibration-20260902-g,S1-100-r01,2026-09-01T15:49:47.7759833Z,19100.181399,41099562,1313656832,1304309760
calibration-20260902-g,S1-100-r01,2026-09-01T15:49:47.785983302Z,19110.181402,41154388,1265717248,1256558592
calibration-20260902-g,S1-100-r01,2026-09-01T15:49:47.796097515Z,19120.295609,41163882,1265717248,1256460288
calibration-20260902-g,S1-100-r01,2026-09-01T15:49:47.806299331Z,19130.497431,41164070,1265717248,1256460288
calibration-20260902-g,S1-100-r01,2026-09-01T15:49:47.816507821Z,19140.705920,41164268,1265717248,1256722432
calibration-20260902-g,S1-100-r01,2026-09-01T15:49:47.826711822Z,19150.909931,41164454,1265717248,1256722432
calibration-20260902-g,S1-100-r01,2026-09-01T15:49:47.83690973Z,19161.107829,41164664,1265717248,1256984576
calibration-20260902-g,S1-100-r01,2026-09-01T15:49:47.846122225Z,19170.320324,41164828,1265717248,1256984576
calibration-20260902-g,S1-100-r01,2026-09-01T15:49:47.85625333Z,19180.451429,41164957,1265717248,1256984576
calibration-20260902-g,S1-100-r01,2026-09-01T15:49:47.866434152Z,19190.632252,41165127,1265717248,1257242624
calibration-20260902-g,S1-100-r01,2026-09-01T15:49:47.876598249Z,19200.796349,41212800,1265717248,1257242624
calibration-20260902-g,S1-100-r01,2026-09-01T15:49:47.886770422Z,19210.968522,41252977,1226891264,1245163520
calibration-20260902-g,S1-100-r01,2026-09-01T15:49:47.896422991Z,19220.621085,41271859,1227759616,1218838528
calibration-20260902-g,S1-100-r01,2026-09-01T15:49:47.9066199Z,19230.817999,41271979,1227759616,1218838528
calibration-20260902-g,S1-100-r01,2026-09-01T15:49:47.916749029Z,19240.947129,41272077,1227759616,1218740224
calibration-20260902-g,S1-100-r01,2026-09-01T15:49:47.926936908Z,19251.135002,41272187,1227759616,1218740224
calibration-20260902-g,S1-100-r01,2026-09-01T15:49:47.965704607Z,19289.902706,41272393,1227759616,1218740224
calibration-20260902-g,S1-100-r01,2026-09-01T15:49:47.966929688Z,19291.127787,41272739,1229824000,1220837376
calibration-20260902-g,S1-100-r01,2026-09-01T15:49:47.97612674Z,19300.324839,41302784,1246568448,1237614592
calibration-20260902-g,S1-100-r01,2026-09-01T15:49:47.986313128Z,19310.511228,41356650,1262854144,1253867520
calibration-20260902-g,S1-100-r01,2026-09-01T15:49:47.996492553Z,19320.690653,41370395,1266065408,1257013248
calibration-20260902-g,S1-100-r01,2026-09-01T15:49:48.006654281Z,19330.852382,41370614,1266065408,1257013248
calibration-20260902-g,S1-100-r01,2026-09-01T15:49:48.016852219Z,19341.050319,41370831,1266065408,1256538112
calibration-20260902-g,S1-100-r01,2026-09-01T15:49:48.027019832Z,19351.217926,41370963,1266065408,1256538112
calibration-20260902-g,S1-100-r01,2026-09-01T15:49:48.0361825Z,19360.380594,41371056,1266065408,1256538112
calibration-20260902-g,S1-100-r01,2026-09-01T15:49:48.046357147Z,19370.555246,41371161,1266065408,1256538112
calibration-20260902-g,S1-100-r01,2026-09-01T15:49:48.056503199Z,19380.701293,41371253,1266065408,1256538112
calibration-20260902-g,S1-100-r01,2026-09-01T15:49:48.06667838Z,19390.876480,41371543,1266294784,1257062400
calibration-20260902-g,S1-100-r01,2026-09-01T15:49:48.076873813Z,19401.071907,41418968,1266294784,1257062400
calibration-20260902-g,S1-100-r01,2026-09-01T15:49:48.086046467Z,19410.244567,41454741,1266294784,1257062400
calibration-20260902-g,S1-100-r01,2026-09-01T15:49:48.096239077Z,19420.437176,41468328,1266294784,1257062400
calibration-20260902-g,S1-100-r01,2026-09-01T15:49:48.106458503Z,19430.656602,41468556,1266294784,1257062400
calibration-20260902-g,S1-100-r01,2026-09-01T15:49:48.116642983Z,19440.841083,41468788,1266294784,1257062400
calibration-20260902-g,S1-100-r01,2026-09-01T15:49:48.126855784Z,19451.053883,41468995,1266294784,1257324544
calibration-20260902-g,S1-100-r01,2026-09-01T15:49:48.135983318Z,19460.181417,41469168,1266294784,1257586688
calibration-20260902-g,S1-100-r01,2026-09-01T15:49:48.146153731Z,19470.351831,41469326,1266294784,1257586688
calibration-20260902-g,S1-100-r01,2026-09-01T15:49:48.156318911Z,19480.517010,41469471,1266294784,1257586688
calibration-20260902-g,S1-100-r01,2026-09-01T15:49:48.166462701Z,19490.660801,41469630,1266294784,1257586688
calibration-20260902-g,S1-100-r01,2026-09-01T15:49:48.176637558Z,19500.835657,41517243,1266294784,1257586688
calibration-20260902-g,S1-100-r01,2026-09-01T15:49:48.186855358Z,19511.053457,41553085,1266294784,1257586688
calibration-20260902-g,S1-100-r01,2026-09-01T15:49:48.196000936Z,19520.199031,41571976,1266294784,1257586688
calibration-20260902-g,S1-100-r01,2026-09-01T15:49:48.20617413Z,19530.372230,41575938,1266294784,1257586688
calibration-20260902-g,S1-100-r01,2026-09-01T15:49:48.216309841Z,19540.507941,41576030,1266524160,1257586688
calibration-20260902-g,S1-100-r01,2026-09-01T15:49:48.265705619Z,19589.903714,41576163,1266524160,1257586688
calibration-20260902-g,S1-100-r01,2026-09-01T15:49:48.266891094Z,19591.089194,41576412,1266524160,1257586688
calibration-20260902-g,S1-100-r01,2026-09-01T15:49:48.276074568Z,19600.272667,41606060,1266753536,1257586688
calibration-20260902-g,S1-100-r01,2026-09-01T15:49:48.286236295Z,19610.434394,41660162,1281204224,1271955456
calibration-20260902-g,S1-100-r01,2026-09-01T15:49:48.296469196Z,19620.667295,41669316,1292443648,1283227648
calibration-20260902-g,S1-100-r01,2026-09-01T15:49:48.365714625Z,19689.912725,41669888,1292443648,1283751936
calibration-20260902-g,S1-100-r01,2026-09-01T15:49:48.366875827Z,19691.073921,41670701,1255026688,1260560384
calibration-20260902-g,S1-100-r01,2026-09-01T15:49:48.376697648Z,19700.895748,41719759,1281355776,1272729600
calibration-20260902-g,S1-100-r01,2026-09-01T15:49:48.386948734Z,19711.146834,41756376,1306357760,1297801216
calibration-20260902-g,S1-100-r01,2026-09-01T15:49:48.396167806Z,19720.365905,41765542,1308192768,1299636224
calibration-20260902-g,S1-100-r01,2026-09-01T15:49:48.406381467Z,19730.579567,41765717,1308192768,1299636224
calibration-20260902-g,S1-100-r01,2026-09-01T15:49:48.416495345Z,19740.693444,41765849,1308192768,1299636224
calibration-20260902-g,S1-100-r01,2026-09-01T15:49:48.426658037Z,19750.856137,41766033,1308192768,1299636224
calibration-20260902-g,S1-100-r01,2026-09-01T15:49:48.436776183Z,19760.974283,41766338,1308192768,1299636224
calibration-20260902-g,S1-100-r01,2026-09-01T15:49:48.446925222Z,19771.123323,41766415,1308192768,1299636224
calibration-20260902-g,S1-100-r01,2026-09-01T15:49:48.455994714Z,19780.192808,41766464,1308192768,1299636224
calibration-20260902-g,S1-100-r01,2026-09-01T15:49:48.466163167Z,19790.361267,41766580,1308651520,1300160512
calibration-20260902-g,S1-100-r01,2026-09-01T15:49:48.476367909Z,19800.566034,41814437,1315074048,1306497024
calibration-20260902-g,S1-100-r01,2026-09-01T15:49:48.486558662Z,19810.756762,41850489,1315074048,1306497024
calibration-20260902-g,S1-100-r01,2026-09-01T15:49:48.496704169Z,19820.902269,41868611,1315074048,1306497024
calibration-20260902-g,S1-100-r01,2026-09-01T15:49:48.507045502Z,19831.243601,41868935,1315074048,1306497024
calibration-20260902-g,S1-100-r01,2026-09-01T15:49:48.516280555Z,19840.478655,41869262,1315074048,1306497024
calibration-20260902-g,S1-100-r01,2026-09-01T15:49:48.526416264Z,19850.614363,41869441,1315074048,1306497024
calibration-20260902-g,S1-100-r01,2026-09-01T15:49:48.536583843Z,19860.781943,41869593,1315074048,1306497024
calibration-20260902-g,S1-100-r01,2026-09-01T15:49:48.546816039Z,19871.014138,41869853,1315074048,1306497024
calibration-20260902-g,S1-100-r01,2026-09-01T15:49:48.557021985Z,19881.220085,41870064,1315074048,1306497024
calibration-20260902-g,S1-100-r01,2026-09-01T15:49:48.566175304Z,19890.373403,41870198,1315074048,1306497024
calibration-20260902-g,S1-100-r01,2026-09-01T15:49:48.576360648Z,19900.558774,41917857,1315074048,1306570752
calibration-20260902-g,S1-100-r01,2026-09-01T15:49:48.586645016Z,19910.843115,41953736,1315532800,1306570752
calibration-20260902-g,S1-100-r01,2026-09-01T15:49:48.596759954Z,19920.958054,41967279,1315532800,1306570752
calibration-20260902-g,S1-100-r01,2026-09-01T15:49:48.66568478Z,19989.882879,41967500,1315532800,1306161152
calibration-20260902-g,S1-100-r01,2026-09-01T15:49:48.666802344Z,19991.000443,41967709,1315532800,1306161152
calibration-20260902-g,S1-100-r01,2026-09-01T15:49:48.67698202Z,20001.180119,42015535,1315532800,1305927680
calibration-20260902-g,S1-100-r01,2026-09-01T15:49:48.686151618Z,20010.349717,42051339,1315532800,1306451968
calibration-20260902-g,S1-100-r01,2026-09-01T15:49:48.696388787Z,20020.586887,42069363,1315532800,1306451968
calibration-20260902-g,S1-100-r01,2026-09-01T15:49:48.706589367Z,20030.787467,42069598,1315532800,1306447872
calibration-20260902-g,S1-100-r01,2026-09-01T15:49:48.716886077Z,20041.084176,42069912,1315532800,1306529792
calibration-20260902-g,S1-100-r01,2026-09-01T15:49:48.727022728Z,20051.220828,42070049,1315762176,1306529792
calibration-20260902-g,S1-100-r01,2026-09-01T15:49:48.765683329Z,20089.881428,42070138,1315762176,1306529792
calibration-20260902-g,S1-100-r01,2026-09-01T15:49:48.76679879Z,20090.996889,42070366,1315762176,1306791936
calibration-20260902-g,S1-100-r01,2026-09-01T15:49:48.776982521Z,20101.180621,42119317,1267580928,1259012096
calibration-20260902-g,S1-100-r01,2026-09-01T15:49:48.786159019Z,20110.357119,42155523,1282949120,1274740736
calibration-20260902-g,S1-100-r01,2026-09-01T15:49:48.796516572Z,20120.714671,42169368,1286619136,1278148608
calibration-20260902-g,S1-100-r01,2026-09-01T15:49:48.865662239Z,20189.860339,42169733,1286619136,1278091264
calibration-20260902-g,S1-100-r01,2026-09-01T15:49:48.866905319Z,20191.103418,42170015,1288683520,1280188416
calibration-20260902-g,S1-100-r01,2026-09-01T15:49:48.87700612Z,20201.204220,42217815,1307492352,1298800640
calibration-20260902-g,S1-100-r01,2026-09-01T15:49:48.886212879Z,20210.410978,42253922,1315979264,1307451392
calibration-20260902-g,S1-100-r01,2026-09-01T15:49:48.896580695Z,20220.778794,42267448,1315979264,1307451392
calibration-20260902-g,S1-100-r01,2026-09-01T15:49:48.906760682Z,20230.958781,42267582,1315979264,1307451392
calibration-20260902-g,S1-100-r01,2026-09-01T15:49:48.916887475Z,20241.085575,42267694,1315979264,1307451392
calibration-20260902-g,S1-100-r01,2026-09-01T15:49:48.926009777Z,20250.207876,42267800,1315979264,1307451392
calibration-20260902-g,S1-100-r01,2026-09-01T15:49:48.936192413Z,20260.390512,42267945,1315979264,1307451392
calibration-20260902-g,S1-100-r01,2026-09-01T15:49:48.946435278Z,20270.633378,42268143,1315979264,1307451392
calibration-20260902-g,S1-100-r01,2026-09-01T15:49:48.956622409Z,20280.820509,42268294,1315979264,1307451392
calibration-20260902-g,S1-100-r01,2026-09-01T15:49:48.966834699Z,20291.032798,42268518,1315979264,1307451392
calibration-20260902-g,S1-100-r01,2026-09-01T15:49:48.976087648Z,20300.285742,42301148,1315979264,1307713536
calibration-20260902-g,S1-100-r01,2026-09-01T15:49:48.986328159Z,20310.526259,42352327,1315979264,1307779072
calibration-20260902-g,S1-100-r01,2026-09-01T15:49:48.996528267Z,20320.726361,42370244,1315979264,1307779072
calibration-20260902-g,S1-100-r01,2026-09-01T15:49:49.065689947Z,20389.888042,42370444,1315979264,1307779072
calibration-20260902-g,S1-100-r01,2026-09-01T15:49:49.067185801Z,20391.383922,42371978,1315979264,1307779072
calibration-20260902-g,S1-100-r01,2026-09-01T15:49:49.076577553Z,20400.775679,42418669,1315979264,1307779072
calibration-20260902-g,S1-100-r01,2026-09-01T15:49:49.086937376Z,20411.135475,42455842,1280208896,1272066048
calibration-20260902-g,S1-100-r01,2026-09-01T15:49:49.096101455Z,20420.299554,42464937,1280208896,1272066048
calibration-20260902-g,S1-100-r01,2026-09-01T15:49:49.106314752Z,20430.512850,42465135,1280208896,1271967744
calibration-20260902-g,S1-100-r01,2026-09-01T15:49:49.116490833Z,20440.688932,42465308,1280208896,1271967744
calibration-20260902-g,S1-100-r01,2026-09-01T15:49:49.12668151Z,20450.879609,42465479,1280208896,1271967744
calibration-20260902-g,S1-100-r01,2026-09-01T15:49:49.136814114Z,20461.012214,42465682,1280208896,1271705600
calibration-20260902-g,S1-100-r01,2026-09-01T15:49:49.146984053Z,20471.182153,42465885,1280208896,1271705600
calibration-20260902-g,S1-100-r01,2026-09-01T15:49:49.156158134Z,20480.356232,42466032,1280208896,1271705600
calibration-20260902-g,S1-100-r01,2026-09-01T15:49:49.166348635Z,20490.546736,42466180,1282732032,1274327040
calibration-20260902-g,S1-100-r01,2026-09-01T15:49:49.176556395Z,20500.754495,42514938,1282912256,1274429440
calibration-20260902-g,S1-100-r01,2026-09-01T15:49:49.186715037Z,20510.913136,42551032,1300344832,1291735040
calibration-20260902-g,S1-100-r01,2026-09-01T15:49:49.196943831Z,20521.141931,42569210,1310666752,1302122496
calibration-20260902-g,S1-100-r01,2026-09-01T15:49:49.206149195Z,20530.347289,42569344,1310666752,1302122496
calibration-20260902-g,S1-100-r01,2026-09-01T15:49:49.216307483Z,20540.505583,42569466,1310666752,1302122496
calibration-20260902-g,S1-100-r01,2026-09-01T15:49:49.226501214Z,20550.699308,42569564,1310666752,1302122496
calibration-20260902-g,S1-100-r01,2026-09-01T15:49:49.236686245Z,20560.884339,42569729,1310666752,1302122496
calibration-20260902-g,S1-100-r01,2026-09-01T15:49:49.265677875Z,20589.875975,42569903,1310896128,1302380544
calibration-20260902-g,S1-100-r01,2026-09-01T15:49:49.26680937Z,20591.007470,42570249,1312960512,1304477696
calibration-20260902-g,S1-100-r01,2026-09-01T15:49:49.277016795Z,20601.214889,42618111,1316630528,1308114944
calibration-20260902-g,S1-100-r01,2026-09-01T15:49:49.286246985Z,20610.445085,42653864,1316630528,1308114944
calibration-20260902-g,S1-100-r01,2026-09-01T15:49:49.296426481Z,20620.624580,42667480,1316630528,1308114944
calibration-20260902-g,S1-100-r01,2026-09-01T15:49:49.306668224Z,20630.866324,42667706,1316630528,1308114944
calibration-20260902-g,S1-100-r01,2026-09-01T15:49:49.316775346Z,20640.973440,42667982,1316630528,1308114944
calibration-20260902-g,S1-100-r01,2026-09-01T15:49:49.326941246Z,20651.139341,42668077,1316630528,1308114944
calibration-20260902-g,S1-100-r01,2026-09-01T15:49:49.336090344Z,20660.288444,42668164,1316630528,1308114944
calibration-20260902-g,S1-100-r01,2026-09-01T15:49:49.346284166Z,20670.482260,42668287,1316630528,1308114944
calibration-20260902-g,S1-100-r01,2026-09-01T15:49:49.35642496Z,20680.623060,42668366,1316630528,1308114944
calibration-20260902-g,S1-100-r01,2026-09-01T15:49:49.366634883Z,20690.833007,42668493,1316630528,1308114944
calibration-20260902-g,S1-100-r01,2026-09-01T15:49:49.376717112Z,20700.915212,42716211,1316630528,1308114944
calibration-20260902-g,S1-100-r01,2026-09-01T15:49:49.386980279Z,20711.178379,42752014,1316630528,1308114944
calibration-20260902-g,S1-100-r01,2026-09-01T15:49:49.396229982Z,20720.428081,42765580,1316630528,1308114944
calibration-20260902-g,S1-100-r01,2026-09-01T15:49:49.465728029Z,20789.926155,42765821,1316630528,1308114944
calibration-20260902-g,S1-100-r01,2026-09-01T15:49:49.466012704Z,20790.210806,42765827,1316630528,1308114944
calibration-20260902-g,S1-100-r01,2026-09-01T15:49:49.476174842Z,20800.372936,42796422,1316630528,1308377088
calibration-20260902-g,S1-100-r01,2026-09-01T15:49:49.486443761Z,20810.641862,42850053,1316630528,1308377088
calibration-20260902-g,S1-100-r01,2026-09-01T15:49:49.496651812Z,20820.849911,42868131,1316630528,1308377088
calibration-20260902-g,S1-100-r01,2026-09-01T15:49:49.506856731Z,20831.054831,42868409,1316630528,1308377088
calibration-20260902-g,S1-100-r01,2026-09-01T15:49:49.5169949Z,20841.192999,42868632,1316630528,1308377088
calibration-20260902-g,S1-100-r01,2026-09-01T15:49:49.565689422Z,20889.887521,42868990,1316630528,1308377088
calibration-20260902-g,S1-100-r01,2026-09-01T15:49:49.566836312Z,20891.034412,42869198,1316630528,1308377088
calibration-20260902-g,S1-100-r01,2026-09-01T15:49:49.575981371Z,20900.179465,42901031,1268498432,1260105728
calibration-20260902-g,S1-100-r01,2026-09-01T15:49:49.586319589Z,20910.517689,42953619,1276755968,1268158464
calibration-20260902-g,S1-100-r01,2026-09-01T15:49:49.596554817Z,20920.752916,42962763,1276755968,1267949568
calibration-20260902-g,S1-100-r01,2026-09-01T15:49:49.606789314Z,20930.987414,42963024,1276755968,1268211712
calibration-20260902-g,S1-100-r01,2026-09-01T15:49:49.616926014Z,20941.124114,42963212,1276755968,1268117504
calibration-20260902-g,S1-100-r01,2026-09-01T15:49:49.626156143Z,20950.354243,42963382,1276755968,1268113408
calibration-20260902-g,S1-100-r01,2026-09-01T15:49:49.636388928Z,20960.587028,42963568,1276755968,1268113408
calibration-20260902-g,S1-100-r01,2026-09-01T15:49:49.646574476Z,20970.772575,42963746,1276985344,1268113408
calibration-20260902-g,S1-100-r01,2026-09-01T15:49:49.665668585Z,20989.866684,42963927,1277214720,1268113408
calibration-20260902-g,S1-100-r01,2026-09-01T15:49:49.666764796Z,20990.962895,42964168,1280655360,1272041472
calibration-20260902-g,S1-100-r01,2026-09-01T15:49:49.676863716Z,21001.061816,43012385,1317355520,1308741632
calibration-20260902-g,S1-100-r01,2026-09-01T15:49:49.687030467Z,21011.228567,43048622,1342586880,1334427648
calibration-20260902-g,S1-100-r01,2026-09-01T15:49:49.696323097Z,21020.521196,43071182,1349697536,1341243392
calibration-20260902-g,S1-100-r01,2026-09-01T15:49:49.706513962Z,21030.712062,43071379,1349697536,1341243392
calibration-20260902-g,S1-100-r01,2026-09-01T15:49:49.716633586Z,21040.831685,43071576,1349697536,1341243392
calibration-20260902-g,S1-100-r01,2026-09-01T15:49:49.726782502Z,21050.980602,43071777,1349697536,1341243392
calibration-20260902-g,S1-100-r01,2026-09-01T15:49:49.736956731Z,21061.154831,43071973,1349697536,1341243392
calibration-20260902-g,S1-100-r01,2026-09-01T15:49:49.765707753Z,21089.905852,43072194,1349926912,1341243392
calibration-20260902-g,S1-100-r01,2026-09-01T15:49:49.767110717Z,21091.308816,43072467,1351761920,1343078400
calibration-20260902-g,S1-100-r01,2026-09-01T15:49:49.776233182Z,21100.431286,43111460,1364836352,1356185600
calibration-20260902-g,S1-100-r01,2026-09-01T15:49:49.786451733Z,21110.649832,43156377,1365753856,1356972032
calibration-20260902-g,S1-100-r01,2026-09-01T15:49:49.796690487Z,21120.888586,43165520,1365753856,1356972032
calibration-20260902-g,S1-100-r01,2026-09-01T15:49:49.806901278Z,21131.099377,43165739,1365983232,1356972032
calibration-20260902-g,S1-100-r01,2026-09-01T15:49:49.816123881Z,21140.321980,43165941,1365983232,1356972032
calibration-20260902-g,S1-100-r01,2026-09-01T15:49:49.826291025Z,21150.489133,43166170,1365983232,1356972032
calibration-20260902-g,S1-100-r01,2026-09-01T15:49:49.836518803Z,21160.716903,43166400,1365983232,1356972032
calibration-20260902-g,S1-100-r01,2026-09-01T15:49:49.846729202Z,21170.927301,43166639,1365983232,1357082624
calibration-20260902-g,S1-100-r01,2026-09-01T15:49:49.856933287Z,21181.131386,43166849,1365983232,1357082624
calibration-20260902-g,S1-100-r01,2026-09-01T15:49:49.866143521Z,21190.341620,43167047,1365983232,1357082624
calibration-20260902-g,S1-100-r01,2026-09-01T15:49:49.876341547Z,21200.539646,43214753,1365983232,1357082624
calibration-20260902-g,S1-100-r01,2026-09-01T15:49:49.88659053Z,21210.788639,43250927,1365983232,1356840960
calibration-20260902-g,S1-100-r01,2026-09-01T15:49:49.896912262Z,21221.110361,43264643,1365983232,1356840960
calibration-20260902-g,S1-100-r01,2026-09-01T15:49:49.906169095Z,21230.367194,43264898,1365983232,1356840960
calibration-20260902-g,S1-100-r01,2026-09-01T15:49:49.916393442Z,21240.591540,43265138,1365983232,1357103104
calibration-20260902-g,S1-100-r01,2026-09-01T15:49:49.926585584Z,21250.783684,43265374,1365983232,1357103104
calibration-20260902-g,S1-100-r01,2026-09-01T15:49:49.936758361Z,21260.956459,43265576,1365983232,1357103104
calibration-20260902-g,S1-100-r01,2026-09-01T15:49:49.946893056Z,21271.091156,43265743,1365983232,1357103104
calibration-20260902-g,S1-100-r01,2026-09-01T15:49:49.956000383Z,21280.198482,43265881,1365983232,1357103104
calibration-20260902-g,S1-100-r01,2026-09-01T15:49:49.966180389Z,21290.378489,43266717,1365983232,1357103104
calibration-20260902-g,S1-100-r01,2026-09-01T15:49:49.976825981Z,21301.024080,43313773,1331748864,1322696704
calibration-20260902-g,S1-100-r01,2026-09-01T15:49:49.985993265Z,21310.191365,43349779,1346199552,1337376768
calibration-20260902-g,S1-100-r01,2026-09-01T15:49:49.996219417Z,21320.417519,43366360,1349869568,1341046784
calibration-20260902-g,S1-100-r01,2026-09-01T15:49:50.006466175Z,21330.664275,43366585,1349869568,1340952576
calibration-20260902-g,S1-100-r01,2026-09-01T15:49:50.016624394Z,21340.822493,43366717,1349869568,1340952576
calibration-20260902-g,S1-100-r01,2026-09-01T15:49:50.026786497Z,21350.984596,43366867,1349869568,1340952576
calibration-20260902-g,S1-100-r01,2026-09-01T15:49:50.036943631Z,21361.141730,43366987,1349869568,1340952576
calibration-20260902-g,S1-100-r01,2026-09-01T15:49:50.046055589Z,21370.253688,43367099,1349869568,1340952576
calibration-20260902-g,S1-100-r01,2026-09-01T15:49:50.056254425Z,21380.452525,43367245,1350098944,1341214720
calibration-20260902-g,S1-100-r01,2026-09-01T15:49:50.066400096Z,21390.598219,43367589,1351475200,1342525440
calibration-20260902-g,S1-100-r01,2026-09-01T15:49:50.076856252Z,21401.054411,43415644,1366614016,1357467648
calibration-20260902-g,S1-100-r01,2026-09-01T15:49:50.086151512Z,21410.349612,43451672,1366614016,1357467648
calibration-20260902-g,S1-100-r01,2026-09-01T15:49:50.09632391Z,21420.522010,43465264,1366614016,1357467648
calibration-20260902-g,S1-100-r01,2026-09-01T15:49:50.106534375Z,21430.732474,43465440,1366614016,1357467648
calibration-20260902-g,S1-100-r01,2026-09-01T15:49:50.116655658Z,21440.853758,43465630,1366614016,1357467648
calibration-20260902-g,S1-100-r01,2026-09-01T15:49:50.126819461Z,21451.017560,43465841,1366614016,1357467648
calibration-20260902-g,S1-100-r01,2026-09-01T15:49:50.135990091Z,21460.188190,43466028,1366614016,1357381632
calibration-20260902-g,S1-100-r01,2026-09-01T15:49:50.165679045Z,21489.877144,43466409,1366614016,1357639680
calibration-20260902-g,S1-100-r01,2026-09-01T15:49:50.166785817Z,21490.983916,43466597,1366614016,1357639680
calibration-20260902-g,S1-100-r01,2026-09-01T15:49:50.176889533Z,21501.087632,43514277,1366614016,1357639680
calibration-20260902-g,S1-100-r01,2026-09-01T15:49:50.186132038Z,21510.330138,43550040,1366614016,1357639680
calibration-20260902-g,S1-100-r01,2026-09-01T15:49:50.196371015Z,21520.569114,43568060,1366614016,1357639680
calibration-20260902-g,S1-100-r01,2026-09-01T15:49:50.206584606Z,21530.782705,43568218,1366614016,1357639680
calibration-20260902-g,S1-100-r01,2026-09-01T15:49:50.216747532Z,21540.945633,43568376,1366614016,1357639680
calibration-20260902-g,S1-100-r01,2026-09-01T15:49:50.226905903Z,21551.103997,43568460,1366614016,1357639680
calibration-20260902-g,S1-100-r01,2026-09-01T15:49:50.236117837Z,21560.315931,43568616,1366614016,1357639680
calibration-20260902-g,S1-100-r01,2026-09-01T15:49:50.246316922Z,21570.515021,43568749,1366614016,1357639680
calibration-20260902-g,S1-100-r01,2026-09-01T15:49:50.256443686Z,21580.641781,43568820,1366614016,1357639680
calibration-20260902-g,S1-100-r01,2026-09-01T15:49:50.266679785Z,21590.877909,43568971,1366614016,1357639680
calibration-20260902-g,S1-100-r01,2026-09-01T15:49:50.276037275Z,21600.235374,43598807,1366843392,1357639680
calibration-20260902-g,S1-100-r01,2026-09-01T15:49:50.286229636Z,21610.427735,43652588,1366843392,1357639680
calibration-20260902-g,S1-100-r01,2026-09-01T15:49:50.296560927Z,21620.759026,43666219,1371660288,1362300928
calibration-20260902-g,S1-100-r01,2026-09-01T15:49:50.306817621Z,21631.015720,43666449,1371660288,1362300928
calibration-20260902-g,S1-100-r01,2026-09-01T15:49:50.317014154Z,21641.212254,43666586,1371660288,1362300928
calibration-20260902-g,S1-100-r01,2026-09-01T15:49:50.326180118Z,21650.378217,43666754,1371660288,1362300928
calibration-20260902-g,S1-100-r01,2026-09-01T15:49:50.336369938Z,21660.568037,43666928,1371660288,1362300928
calibration-20260902-g,S1-100-r01,2026-09-01T15:49:50.346516634Z,21670.714734,43667028,1371660288,1362300928
calibration-20260902-g,S1-100-r01,2026-09-01T15:49:50.356661807Z,21680.859906,43667165,1371660288,1362300928
calibration-20260902-g,S1-100-r01,2026-09-01T15:49:50.36654916Z,21690.747255,43668241,1372577792,1363349504
calibration-20260902-g,S1-100-r01,2026-09-01T15:49:50.376705748Z,21700.903842,43715891,1385881600,1376731136
calibration-20260902-g,S1-100-r01,2026-09-01T15:49:50.386904909Z,21711.103008,43751810,1397350400,1388265472
calibration-20260902-g,S1-100-r01,2026-09-01T15:49:50.465722284Z,21789.920383,43766614,1397350400,1388523520
calibration-20260902-g,S1-100-r01,2026-09-01T15:49:50.466912085Z,21791.110179,43766853,1359699968,1354842112
calibration-20260902-g,S1-100-r01,2026-09-01T15:49:50.476396306Z,21800.594407,43816305,1271066624,1262014464
calibration-20260902-g,S1-100-r01,2026-09-01T15:49:50.486704225Z,21810.902326,43852132,1271066624,1261973504
calibration-20260902-g,S1-100-r01,2026-09-01T15:49:50.496930755Z,21821.128854,43865760,1271296000,1262231552
calibration-20260902-g,S1-100-r01,2026-09-01T15:49:50.506094778Z,21830.292877,43865911,1271296000,1262231552
calibration-20260902-g,S1-100-r01,2026-09-01T15:49:50.51622135Z,21840.419450,43866038,1271296000,1262133248
calibration-20260902-g,S1-100-r01,2026-09-01T15:49:50.526381535Z,21850.579634,43866243,1271296000,1262133248
calibration-20260902-g,S1-100-r01,2026-09-01T15:49:50.536530098Z,21860.728198,43866423,1271296000,1262133248
calibration-20260902-g,S1-100-r01,2026-09-01T15:49:50.546680307Z,21870.878406,43866564,1271296000,1262133248
calibration-20260902-g,S1-100-r01,2026-09-01T15:49:50.556781888Z,21880.979989,43866691,1271296000,1262133248
calibration-20260902-g,S1-100-r01,2026-09-01T15:49:50.567050848Z,21891.248972,43866849,1271296000,1262133248
calibration-20260902-g,S1-100-r01,2026-09-01T15:49:50.576416576Z,21900.614675,43914544,1271296000,1262133248
calibration-20260902-g,S1-100-r01,2026-09-01T15:49:50.586660771Z,21910.858871,43950335,1271296000,1261879296
calibration-20260902-g,S1-100-r01,2026-09-01T15:49:50.596838791Z,21921.036893,43963888,1271296000,1261879296
calibration-20260902-g,S1-100-r01,2026-09-01T15:49:50.605999526Z,21930.197625,43964046,1271296000,1261879296
calibration-20260902-g,S1-100-r01,2026-09-01T15:49:50.616174321Z,21940.372420,43964195,1271296000,1261879296
calibration-20260902-g,S1-100-r01,2026-09-01T15:49:50.626381123Z,21950.579222,43964346,1271296000,1261879296
calibration-20260902-g,S1-100-r01,2026-09-01T15:49:50.636497634Z,21960.695733,43964489,1271296000,1261879296
calibration-20260902-g,S1-100-r01,2026-09-01T15:49:50.646688232Z,21970.886331,43964626,1271296000,1261879296
calibration-20260902-g,S1-100-r01,2026-09-01T15:49:50.656875887Z,21981.073986,43964778,1271296000,1261879296
calibration-20260902-g,S1-100-r01,2026-09-01T15:49:50.666052691Z,21990.250814,43964892,1271296000,1261879296
calibration-20260902-g,S1-100-r01,2026-09-01T15:49:50.676284445Z,22000.482570,44012534,1271296000,1261879296
calibration-20260902-g,S1-100-r01,2026-09-01T15:49:50.686490156Z,22010.688251,44048687,1271296000,1261879296
calibration-20260902-g,S1-100-r01,2026-09-01T15:49:50.765722696Z,22089.920794,44066886,1271296000,1261879296
calibration-20260902-g,S1-100-r01,2026-09-01T15:49:50.766888428Z,22091.086527,44067109,1271296000,1261879296
calibration-20260902-g,S1-100-r01,2026-09-01T15:49:50.776070071Z,22100.268217,44096533,1271296000,1261879296
calibration-20260902-g,S1-100-r01,2026-09-01T15:49:50.786282205Z,22110.480305,44150952,1223557120,1214136320
calibration-20260902-g,S1-100-r01,2026-09-01T15:49:50.796554631Z,22120.752731,44168932,1223557120,1214304256
calibration-20260902-g,S1-100-r01,2026-09-01T15:49:50.806813146Z,22131.011245,44169182,1223557120,1214566400
calibration-20260902-g,S1-100-r01,2026-09-01T15:49:50.816964202Z,22141.162302,44169471,1223557120,1214566400
calibration-20260902-g,S1-100-r01,2026-09-01T15:49:50.826116138Z,22150.314246,44169625,1223557120,1214566400
calibration-20260902-g,S1-100-r01,2026-09-01T15:49:50.836286221Z,22160.484321,44169827,1223557120,1214566400
calibration-20260902-g,S1-100-r01,2026-09-01T15:49:50.846457196Z,22170.655295,44169959,1223557120,1214566400
calibration-20260902-g,S1-100-r01,2026-09-01T15:49:50.85665278Z,22180.850880,44170196,1223557120,1214566400
calibration-20260902-g,S1-100-r01,2026-09-01T15:49:50.866900676Z,22191.098802,44170505,1225162752,1216131072
calibration-20260902-g,S1-100-r01,2026-09-01T15:49:50.876154744Z,22200.352844,44200732,1240530944,1231597568
calibration-20260902-g,S1-100-r01,2026-09-01T15:49:50.886306898Z,22210.504998,44254516,1256587264,1247797248
calibration-20260902-g,S1-100-r01,2026-09-01T15:49:50.965741038Z,22289.939138,44268268,1256816640,1248157696
calibration-20260902-g,S1-100-r01,2026-09-01T15:49:50.966859972Z,22291.058072,44268579,1260486656,1251827712
calibration-20260902-g,S1-100-r01,2026-09-01T15:49:50.9770197Z,22301.217799,44316770,1292828672,1284333568
calibration-20260902-g,S1-100-r01,2026-09-01T15:49:50.986271963Z,22310.470064,44352789,1306361856,1297440768
calibration-20260902-g,S1-100-r01,2026-09-01T15:49:50.996486016Z,22320.684110,44366770,1306361856,1297702912
calibration-20260902-g,S1-100-r01,2026-09-01T15:49:51.006683807Z,22330.881909,44366933,1306361856,1297702912
calibration-20260902-g,S1-100-r01,2026-09-01T15:49:51.016840089Z,22341.038190,44367170,1306361856,1297702912
calibration-20260902-g,S1-100-r01,2026-09-01T15:49:51.026020731Z,22350.218830,44367357,1306361856,1297702912
calibration-20260902-g,S1-100-r01,2026-09-01T15:49:51.03622815Z,22360.426248,44367591,1306361856,1297702912
calibration-20260902-g,S1-100-r01,2026-09-01T15:49:51.046426941Z,22370.625040,44367832,1306361856,1297702912
calibration-20260902-g,S1-100-r01,2026-09-01T15:49:51.056642091Z,22380.840190,44368069,1306361856,1297702912
calibration-20260902-g,S1-100-r01,2026-09-01T15:49:51.066861694Z,22391.059794,44368575,1308884992,1300062208
calibration-20260902-g,S1-100-r01,2026-09-01T15:49:51.07609709Z,22400.295189,44399329,1319895040,1311334400
calibration-20260902-g,S1-100-r01,2026-09-01T15:49:51.086266923Z,22410.465017,44454777,1271820288,1263099904
calibration-20260902-g,S1-100-r01,2026-09-01T15:49:51.096522269Z,22420.720368,44466829,1272049664,1263505408
calibration-20260902-g,S1-100-r01,2026-09-01T15:49:51.106727024Z,22430.925123,44467009,1272049664,1263767552
calibration-20260902-g,S1-100-r01,2026-09-01T15:49:51.116909744Z,22441.107843,44467222,1272049664,1263403008
calibration-20260902-g,S1-100-r01,2026-09-01T15:49:51.126111491Z,22450.309592,44467371,1272279040,1263403008
calibration-20260902-g,S1-100-r01,2026-09-01T15:49:51.136231563Z,22460.429663,44467521,1272279040,1263403008
calibration-20260902-g,S1-100-r01,2026-09-01T15:49:51.146379968Z,22470.578068,44467692,1272279040,1263403008
calibration-20260902-g,S1-100-r01,2026-09-01T15:49:51.15657009Z,22480.768190,44467884,1272279040,1263403008
calibration-20260902-g,S1-100-r01,2026-09-01T15:49:51.166804181Z,22491.002306,44468111,1272279040,1263403008
calibration-20260902-g,S1-100-r01,2026-09-01T15:49:51.176078333Z,22500.276433,44498133,1272279040,1263403008
calibration-20260902-g,S1-100-r01,2026-09-01T15:49:51.186375094Z,22510.573193,44551958,1276407808,1267597312
calibration-20260902-g,S1-100-r01,2026-09-01T15:49:51.196585723Z,22520.783822,44570195,1286729728,1277820928
calibration-20260902-g,S1-100-r01,2026-09-01T15:49:51.20685298Z,22531.051080,44570472,1286729728,1278083072
calibration-20260902-g,S1-100-r01,2026-09-01T15:49:51.216092822Z,22540.290916,44570904,1286729728,1278083072
calibration-20260902-g,S1-100-r01,2026-09-01T15:49:51.265684064Z,22589.882158,44571092,1286959104,1278345216
calibration-20260902-g,S1-100-r01,2026-09-01T15:49:51.266831268Z,22591.029368,44571442,1288794112,1280180224
calibration-20260902-g,S1-100-r01,2026-09-01T15:49:51.276037648Z,22600.235770,44601822,1302556672,1294073856
calibration-20260902-g,S1-100-r01,2026-09-01T15:49:51.286473936Z,22610.672037,44656425,1313566720,1304559616
calibration-20260902-g,S1-100-r01,2026-09-01T15:49:51.296682336Z,22620.880436,44670118,1313566720,1304559616
calibration-20260902-g,S1-100-r01,2026-09-01T15:49:51.306919458Z,22631.117558,44670384,1313566720,1304821760
calibration-20260902-g,S1-100-r01,2026-09-01T15:49:51.316128998Z,22640.327097,44670575,1313566720,1304821760
calibration-20260902-g,S1-100-r01,2026-09-01T15:49:51.326362983Z,22650.561083,44670778,1313566720,1304821760
calibration-20260902-g,S1-100-r01,2026-09-01T15:49:51.336557683Z,22660.755782,44671005,1313566720,1304821760
calibration-20260902-g,S1-100-r01,2026-09-01T15:49:51.346660192Z,22670.858292,44671166,1313566720,1304821760
calibration-20260902-g,S1-100-r01,2026-09-01T15:49:51.356764504Z,22680.962604,44671341,1313566720,1304821760
calibration-20260902-g,S1-100-r01,2026-09-01T15:49:51.367014407Z,22691.212507,44671674,1315860480,1307443200
calibration-20260902-g,S1-100-r01,2026-09-01T15:49:51.376194638Z,22700.392731,44701748,1320677376,1311899648
calibration-20260902-g,S1-100-r01,2026-09-01T15:49:51.386467624Z,22710.665724,44755418,1320677376,1311637504
calibration-20260902-g,S1-100-r01,2026-09-01T15:49:51.396660248Z,22720.858348,44769001,1320677376,1311899648
calibration-20260902-g,S1-100-r01,2026-09-01T15:49:51.465662586Z,22789.860686,44769265,1320677376,1312104448
calibration-20260902-g,S1-100-r01,2026-09-01T15:49:51.466818254Z,22791.016354,44769534,1320677376,1312104448
calibration-20260902-g,S1-100-r01,2026-09-01T15:49:51.476917871Z,22801.115970,44817227,1320677376,1312104448
calibration-20260902-g,S1-100-r01,2026-09-01T15:49:51.565666234Z,22889.864333,44866628,1320677376,1311846400
calibration-20260902-g,S1-100-r01,2026-09-01T15:49:51.56686425Z,22891.062350,44866856,1320677376,1311846400
calibration-20260902-g,S1-100-r01,2026-09-01T15:49:51.577005226Z,22901.203320,44914920,1320677376,1312108544
calibration-20260902-g,S1-100-r01,2026-09-01T15:49:51.5862692Z,22910.467294,44951349,1334439936,1326002176
calibration-20260902-g,S1-100-r01,2026-09-01T15:49:51.596452804Z,22920.650905,44969436,1338339328,1329672192
calibration-20260902-g,S1-100-r01,2026-09-01T15:49:51.606619374Z,22930.817473,44969608,1338568704,1329672192
calibration-20260902-g,S1-100-r01,2026-09-01T15:49:51.616803304Z,22941.001403,44969760,1338568704,1329672192
calibration-20260902-g,S1-100-r01,2026-09-01T15:49:51.626948369Z,22951.146469,44969890,1338568704,1329672192
calibration-20260902-g,S1-100-r01,2026-09-01T15:49:51.636072432Z,22960.270531,44970001,1338568704,1329672192
calibration-20260902-g,S1-100-r01,2026-09-01T15:49:51.646259449Z,22970.457548,44970120,1338568704,1329672192
calibration-20260902-g,S1-100-r01,2026-09-01T15:49:51.656371582Z,22980.569680,44970255,1338568704,1329672192
calibration-20260902-g,S1-100-r01,2026-09-01T15:49:51.666529706Z,22990.727807,44970494,1339944960,1331245056
calibration-20260902-g,S1-100-r01,2026-09-01T15:49:51.676724006Z,23000.922104,45019512,1310408704,1302335488
calibration-20260902-g,S1-100-r01,2026-09-01T15:49:51.686401722Z,23010.599822,45056394,1273327616,1265283072
calibration-20260902-g,S1-100-r01,2026-09-01T15:49:51.696573128Z,23020.771227,45061050,1273327616,1265451008
calibration-20260902-g,S1-100-r01,2026-09-01T15:49:51.706787177Z,23030.985276,45061254,1273327616,1265356800
calibration-20260902-g,S1-100-r01,2026-09-01T15:49:51.7169876Z,23041.185695,45061608,1273327616,1265356800
calibration-20260902-g,S1-100-r01,2026-09-01T15:49:51.726171618Z,23050.369713,45061711,1273327616,1265356800
calibration-20260902-g,S1-100-r01,2026-09-01T15:49:51.736320224Z,23060.518318,45061809,1273327616,1265356800
calibration-20260902-g,S1-100-r01,2026-09-01T15:49:51.746513406Z,23070.711503,45061913,1273327616,1265004544
calibration-20260902-g,S1-100-r01,2026-09-01T15:49:51.765764437Z,23089.962531,45062073,1273327616,1265012736
calibration-20260902-g,S1-100-r01,2026-09-01T15:49:51.766960912Z,23091.159012,45062303,1273327616,1265274880
calibration-20260902-g,S1-100-r01,2026-09-01T15:49:51.77620437Z,23100.402469,45092034,1273327616,1265274880
calibration-20260902-g,S1-100-r01,2026-09-01T15:49:51.786452305Z,23110.650404,45145681,1273327616,1265291264
calibration-20260902-g,S1-100-r01,2026-09-01T15:49:51.796734842Z,23120.932942,45168130,1273327616,1265291264
calibration-20260902-g,S1-100-r01,2026-09-01T15:49:51.806954818Z,23131.152917,45168326,1273327616,1265291264
calibration-20260902-g,S1-100-r01,2026-09-01T15:49:51.816140617Z,23140.338716,45168460,1273327616,1265291264
calibration-20260902-g,S1-100-r01,2026-09-01T15:49:51.826296302Z,23150.494410,45168594,1273327616,1265291264
calibration-20260902-g,S1-100-r01,2026-09-01T15:49:51.836454012Z,23160.652112,45168718,1273327616,1265291264
calibration-20260902-g,S1-100-r01,2026-09-01T15:49:51.8465922Z,23170.790299,45168837,1273327616,1265291264
calibration-20260902-g,S1-100-r01,2026-09-01T15:49:51.856770733Z,23180.968833,45168961,1273327616,1265291264
calibration-20260902-g,S1-100-r01,2026-09-01T15:49:51.866961734Z,23191.159833,45169132,1273327616,1265291264
calibration-20260902-g,S1-100-r01,2026-09-01T15:49:51.876124473Z,23200.322572,45198906,1273327616,1265291264
calibration-20260902-g,S1-100-r01,2026-09-01T15:49:51.886358554Z,23210.556655,45253728,1273327616,1265373184
calibration-20260902-g,S1-100-r01,2026-09-01T15:49:51.896549394Z,23220.747494,45266403,1273327616,1265373184
calibration-20260902-g,S1-100-r01,2026-09-01T15:49:51.906687266Z,23230.885366,45266622,1273556992,1265373184
calibration-20260902-g,S1-100-r01,2026-09-01T15:49:51.916888468Z,23241.086567,45266845,1273556992,1265373184
calibration-20260902-g,S1-100-r01,2026-09-01T15:49:51.926134713Z,23250.332812,45267072,1273556992,1265373184
calibration-20260902-g,S1-100-r01,2026-09-01T15:49:51.936338289Z,23260.536389,45267250,1273556992,1265373184
calibration-20260902-g,S1-100-r01,2026-09-01T15:49:51.946494486Z,23270.692585,45267513,1273556992,1265373184
calibration-20260902-g,S1-100-r01,2026-09-01T15:49:51.956607421Z,23280.805521,45267711,1273556992,1265373184
calibration-20260902-g,S1-100-r01,2026-09-01T15:49:51.966810265Z,23291.008365,45267919,1273556992,1265373184
calibration-20260902-g,S1-100-r01,2026-09-01T15:49:51.977002779Z,23301.200879,45315548,1273556992,1265373184
calibration-20260902-g,S1-100-r01,2026-09-01T15:49:51.986249599Z,23310.447699,45351416,1273556992,1265139712
calibration-20260902-g,S1-100-r01,2026-09-01T15:49:51.99649046Z,23320.688559,45369447,1273556992,1265401856
calibration-20260902-g,S1-100-r01,2026-09-01T15:49:52.006638434Z,23330.836533,45369658,1273556992,1265401856
calibration-20260902-g,S1-100-r01,2026-09-01T15:49:52.016766111Z,23340.964210,45369852,1273556992,1265401856
calibration-20260902-g,S1-100-r01,2026-09-01T15:49:52.026906162Z,23351.104261,45370009,1273556992,1265401856
calibration-20260902-g,S1-100-r01,2026-09-01T15:49:52.065682671Z,23389.880770,45370233,1273556992,1265401856
calibration-20260902-g,S1-100-r01,2026-09-01T15:49:52.066846763Z,23391.044861,45371428,1269559296,1265401856
calibration-20260902-g,S1-100-r01,2026-09-01T15:49:52.076126728Z,23400.324828,45402035,1230106624,1221566464
calibration-20260902-g,S1-100-r01,2026-09-01T15:49:52.086284302Z,23410.482401,45454822,1243869184,1235206144
calibration-20260902-g,S1-100-r01,2026-09-01T15:49:52.096532297Z,23420.730396,45468416,1243869184,1235369984
calibration-20260902-g,S1-100-r01,2026-09-01T15:49:52.106759363Z,23430.957462,45468651,1243869184,1235369984
calibration-20260902-g,S1-100-r01,2026-09-01T15:49:52.116926334Z,23441.124433,45468830,1243869184,1235369984
calibration-20260902-g,S1-100-r01,2026-09-01T15:49:52.126138785Z,23450.336885,45468990,1243869184,1235369984
calibration-20260902-g,S1-100-r01,2026-09-01T15:49:52.136269721Z,23460.467819,45469197,1243869184,1235357696
calibration-20260902-g,S1-100-r01,2026-09-01T15:49:52.146470492Z,23470.668592,45469334,1243869184,1235357696
calibration-20260902-g,S1-100-r01,2026-09-01T15:49:52.156602508Z,23480.800607,45469706,1243869184,1235357696
calibration-20260902-g,S1-100-r01,2026-09-01T15:49:52.166820777Z,23491.018876,45469921,1245933568,1237454848
calibration-20260902-g,S1-100-r01,2026-09-01T15:49:52.176001525Z,23500.199624,45502500,1267494912,1258942464
calibration-20260902-g,S1-100-r01,2026-09-01T15:49:52.186222996Z,23510.421095,45554022,1297543168,1289084928
calibration-20260902-g,S1-100-r01,2026-09-01T15:49:52.196421703Z,23520.619802,45567613,1301442560,1292754944
calibration-20260902-g,S1-100-r01,2026-09-01T15:49:52.206638206Z,23530.836305,45567820,1301442560,1292754944
calibration-20260902-g,S1-100-r01,2026-09-01T15:49:52.216800668Z,23540.998767,45568028,1301442560,1293017088
calibration-20260902-g,S1-100-r01,2026-09-01T15:49:52.2269411Z,23551.139200,45568258,1301442560,1293017088
calibration-20260902-g,S1-100-r01,2026-09-01T15:49:52.23607091Z,23560.269010,45568374,1301442560,1293017088
calibration-20260902-g,S1-100-r01,2026-09-01T15:49:52.246276922Z,23570.475022,45568518,1301442560,1293017088
calibration-20260902-g,S1-100-r01,2026-09-01T15:49:52.256451548Z,23580.649648,45568647,1301442560,1293017088
calibration-20260902-g,S1-100-r01,2026-09-01T15:49:52.266619966Z,23590.818066,45568877,1302818816,1294589952
calibration-20260902-g,S1-100-r01,2026-09-01T15:49:52.276771904Z,23600.970004,45617344,1320939520,1312677888
calibration-20260902-g,S1-100-r01,2026-09-01T15:49:52.287016314Z,23611.214415,45653375,1322545152,1314250752
calibration-20260902-g,S1-100-r01,2026-09-01T15:49:52.296208907Z,23620.407007,45666914,1322545152,1313923072
calibration-20260902-g,S1-100-r01,2026-09-01T15:49:52.365728773Z,23689.926872,45667353,1322545152,1313923072
calibration-20260902-g,S1-100-r01,2026-09-01T15:49:52.366898174Z,23691.096274,45667584,1322545152,1313923072
calibration-20260902-g,S1-100-r01,2026-09-01T15:49:52.376077126Z,23700.275225,45697390,1322545152,1313923072
calibration-20260902-g,S1-100-r01,2026-09-01T15:49:52.386767967Z,23710.966066,45751588,1274798080,1266110464
calibration-20260902-g,S1-100-r01,2026-09-01T15:49:52.396912848Z,23721.110948,45774004,1282367488,1273712640
calibration-20260902-g,S1-100-r01,2026-09-01T15:49:52.406244106Z,23730.442206,45774287,1282367488,1273614336
calibration-20260902-g,S1-100-r01,2026-09-01T15:49:52.41643664Z,23740.634740,45774597,1282596864,1273614336
calibration-20260902-g,S1-100-r01,2026-09-01T15:49:52.426695564Z,23750.893663,45774805,1282596864,1273614336
calibration-20260902-g,S1-100-r01,2026-09-01T15:49:52.465709017Z,23789.907117,45775079,1282826240,1273876480
calibration-20260902-g,S1-100-r01,2026-09-01T15:49:52.466846323Z,23791.044421,45775389,1284661248,1275973632
calibration-20260902-g,S1-100-r01,2026-09-01T15:49:52.476972963Z,23801.171063,45823413,1294524416,1285935104
calibration-20260902-g,S1-100-r01,2026-09-01T15:49:52.486219606Z,23810.417705,45859221,1308516352,1299828736
calibration-20260902-g,S1-100-r01,2026-09-01T15:49:52.496366896Z,23820.564996,45868430,1311498240,1302712320
calibration-20260902-g,S1-100-r01,2026-09-01T15:49:52.506524364Z,23830.722464,45868625,1311498240,1302712320
calibration-20260902-g,S1-100-r01,2026-09-01T15:49:52.516623262Z,23840.821361,45868800,1311498240,1302712320
calibration-20260902-g,S1-100-r01,2026-09-01T15:49:52.526836427Z,23851.034526,45869007,1311498240,1302712320
calibration-20260902-g,S1-100-r01,2026-09-01T15:49:52.537030117Z,23861.228217,45869248,1311498240,1302712320
calibration-20260902-g,S1-100-r01,2026-09-01T15:49:52.546261135Z,23870.459235,45869439,1311498240,1302712320
calibration-20260902-g,S1-100-r01,2026-09-01T15:49:52.556453656Z,23880.651755,45869602,1311498240,1302712320
calibration-20260902-g,S1-100-r01,2026-09-01T15:49:52.566733101Z,23890.931200,45869843,1312874496,1304285184
calibration-20260902-g,S1-100-r01,2026-09-01T15:49:52.576868753Z,23901.066847,45917785,1323196416,1314508800
calibration-20260902-g,S1-100-r01,2026-09-01T15:49:52.586001923Z,23910.200022,45953660,1323196416,1314508800
calibration-20260902-g,S1-100-r01,2026-09-01T15:49:52.596283571Z,23920.481670,45967269,1323196416,1314508800
calibration-20260902-g,S1-100-r01,2026-09-01T15:49:52.606515461Z,23930.713561,45967497,1323196416,1314508800
calibration-20260902-g,S1-100-r01,2026-09-01T15:49:52.616646303Z,23940.844402,45967694,1323196416,1314508800
calibration-20260902-g,S1-100-r01,2026-09-01T15:49:52.665691411Z,23989.889511,45967846,1323196416,1314508800
calibration-20260902-g,S1-100-r01,2026-09-01T15:49:52.666872761Z,23991.070860,45968185,1323196416,1314508800
calibration-20260902-g,S1-100-r01,2026-09-01T15:49:52.677061119Z,24001.259243,46015819,1323196416,1314770944
calibration-20260902-g,S1-100-r01,2026-09-01T15:49:52.686378513Z,24010.576612,46051856,1323196416,1314770944
calibration-20260902-g,S1-100-r01,2026-09-01T15:49:52.69658892Z,24020.787019,46069890,1323196416,1314770944
calibration-20260902-g,S1-100-r01,2026-09-01T15:49:52.706780616Z,24030.978710,46070243,1323196416,1314770944
calibration-20260902-g,S1-100-r01,2026-09-01T15:49:52.71692837Z,24041.126470,46070341,1323196416,1314770944
calibration-20260902-g,S1-100-r01,2026-09-01T15:49:52.726146216Z,24050.344310,46070468,1323196416,1314770944
calibration-20260902-g,S1-100-r01,2026-09-01T15:49:52.736305007Z,24060.503107,46070576,1323196416,1314770944
calibration-20260902-g,S1-100-r01,2026-09-01T15:49:52.746461016Z,24070.659110,46070659,1323425792,1314770944
calibration-20260902-g,S1-100-r01,2026-09-01T15:49:52.756573087Z,24080.771181,46070726,1323425792,1314770944
calibration-20260902-g,S1-100-r01,2026-09-01T15:49:52.766787697Z,24090.985797,46070878,1323425792,1314770944
calibration-20260902-g,S1-100-r01,2026-09-01T15:49:52.776941868Z,24101.139968,46118986,1323425792,1314770944
calibration-20260902-g,S1-100-r01,2026-09-01T15:49:52.786253073Z,24110.451172,46154917,1326178304,1317392384
calibration-20260902-g,S1-100-r01,2026-09-01T15:49:52.796431336Z,24120.629435,46168522,1328701440,1320013824
calibration-20260902-g,S1-100-r01,2026-09-01T15:49:52.806638296Z,24130.836396,46168772,1328701440,1320013824
calibration-20260902-g,S1-100-r01,2026-09-01T15:49:52.816857977Z,24141.056076,46168930,1328701440,1320013824
calibration-20260902-g,S1-100-r01,2026-09-01T15:49:52.825995185Z,24150.193293,46169080,1328701440,1320271872
calibration-20260902-g,S1-100-r01,2026-09-01T15:49:52.836254098Z,24160.452198,46169413,1328701440,1320271872
calibration-20260902-g,S1-100-r01,2026-09-01T15:49:52.846512813Z,24170.710912,46169574,1328701440,1320271872
calibration-20260902-g,S1-100-r01,2026-09-01T15:49:52.85665175Z,24180.849844,46169685,1328701440,1320271872
calibration-20260902-g,S1-100-r01,2026-09-01T15:49:52.866850642Z,24191.048741,46169896,1330307072,1321844736
calibration-20260902-g,S1-100-r01,2026-09-01T15:49:52.876626746Z,24200.824845,46219030,1296932864,1288163328
calibration-20260902-g,S1-100-r01,2026-09-01T15:49:52.886837853Z,24211.035953,46255143,1308631040,1299959808
calibration-20260902-g,S1-100-r01,2026-09-01T15:49:52.89602705Z,24220.225149,46268702,1308631040,1299959808
calibration-20260902-g,S1-100-r01,2026-09-01T15:49:52.90626483Z,24230.462930,46268917,1308631040,1299959808
calibration-20260902-g,S1-100-r01,2026-09-01T15:49:52.9657254Z,24289.923499,46269275,1308860416,1300127744
calibration-20260902-g,S1-100-r01,2026-09-01T15:49:52.966924234Z,24291.122335,46269595,1310924800,1302224896
calibration-20260902-g,S1-100-r01,2026-09-01T15:49:52.976153357Z,24300.351452,46306373,1276137472,1267077120
calibration-20260902-g,S1-100-r01,2026-09-01T15:49:52.986748413Z,24310.946512,46354224,1276137472,1267224576
calibration-20260902-g,S1-100-r01,2026-09-01T15:49:52.996968177Z,24321.166275,46367856,1276137472,1267224576
calibration-20260902-g,S1-100-r01,2026-09-01T15:49:53.006172329Z,24330.370428,46368028,1276137472,1267224576
calibration-20260902-g,S1-100-r01,2026-09-01T15:49:53.065695884Z,24389.893992,46368391,1276137472,1267130368
calibration-20260902-g,S1-100-r01,2026-09-01T15:49:53.065824143Z,24390.022237,46368398,1276137472,1267130368
calibration-20260902-g,S1-100-r01,2026-09-01T15:49:53.066936342Z,24391.134441,46368654,1276137472,1267130368
calibration-20260902-g,S1-100-r01,2026-09-01T15:49:53.076102094Z,24400.300193,46398413,1276137472,1267130368
calibration-20260902-g,S1-100-r01,2026-09-01T15:49:53.086308694Z,24410.506793,46451984,1276137472,1267130368
calibration-20260902-g,S1-100-r01,2026-09-01T15:49:53.16568112Z,24489.879219,46465571,1276137472,1267130368
calibration-20260902-g,S1-100-r01,2026-09-01T15:49:53.166900755Z,24491.098855,46465776,1276137472,1267130368
calibration-20260902-g,S1-100-r01,2026-09-01T15:49:53.176081237Z,24500.279331,46495841,1276137472,1267130368
calibration-20260902-g,S1-100-r01,2026-09-01T15:49:53.186291188Z,24510.489289,46549326,1276137472,1267130368
calibration-20260902-g,S1-100-r01,2026-09-01T15:49:53.196506244Z,24520.704342,46567372,1276366848,1267130368
calibration-20260902-g,S1-100-r01,2026-09-01T15:49:53.206682675Z,24530.880774,46567596,1276366848,1267130368
calibration-20260902-g,S1-100-r01,2026-09-01T15:49:53.216778709Z,24540.976809,46567775,1276366848,1267130368
calibration-20260902-g,S1-100-r01,2026-09-01T15:49:53.226965345Z,24551.163445,46567958,1276366848,1267130368
calibration-20260902-g,S1-100-r01,2026-09-01T15:49:53.236155815Z,24560.353915,46568151,1276366848,1267392512
calibration-20260902-g,S1-100-r01,2026-09-01T15:49:53.246416718Z,24570.614818,46568408,1276366848,1267126272
calibration-20260902-g,S1-100-r01,2026-09-01T15:49:53.256603672Z,24580.801772,46568628,1276366848,1267388416
calibration-20260902-g,S1-100-r01,2026-09-01T15:49:53.266784629Z,24590.982729,46569575,1276825600,1268174848
calibration-20260902-g,S1-100-r01,2026-09-01T15:49:53.277029755Z,24601.227855,46617946,1246588928,1238192128
calibration-20260902-g,S1-100-r01,2026-09-01T15:49:53.286198445Z,24610.396544,46653927,1262186496,1253920768
calibration-20260902-g,S1-100-r01,2026-09-01T15:49:53.296410071Z,24620.608170,46667521,1266085888,1257492480
calibration-20260902-g,S1-100-r01,2026-09-01T15:49:53.306588911Z,24630.787011,46667673,1266085888,1257492480
calibration-20260902-g,S1-100-r01,2026-09-01T15:49:53.316688064Z,24640.886164,46667819,1266085888,1257234432
calibration-20260902-g,S1-100-r01,2026-09-01T15:49:53.326894574Z,24651.092672,46668048,1266085888,1257496576
calibration-20260902-g,S1-100-r01,2026-09-01T15:49:53.336012858Z,24660.210957,46668263,1266085888,1257496576
calibration-20260902-g,S1-100-r01,2026-09-01T15:49:53.346217983Z,24670.416082,46668453,1266085888,1257496576
calibration-20260902-g,S1-100-r01,2026-09-01T15:49:53.356401124Z,24680.599223,46668655,1266315264,1257496576
calibration-20260902-g,S1-100-r01,2026-09-01T15:49:53.366509942Z,24690.708042,46668857,1267920896,1259069440
calibration-20260902-g,S1-100-r01,2026-09-01T15:49:53.376627587Z,24700.825687,46716676,1276637184,1267982336
calibration-20260902-g,S1-100-r01,2026-09-01T15:49:53.38684992Z,24711.048019,46752602,1281224704,1272643584
calibration-20260902-g,S1-100-r01,2026-09-01T15:49:53.396036672Z,24720.234796,46770629,1283518464,1275002880
calibration-20260902-g,S1-100-r01,2026-09-01T15:49:53.406342538Z,24730.540637,46770981,1283518464,1275002880
calibration-20260902-g,S1-100-r01,2026-09-01T15:49:53.416519029Z,24740.717128,46771258,1283518464,1275002880
calibration-20260902-g,S1-100-r01,2026-09-01T15:49:53.426698927Z,24750.897021,46771356,1283518464,1275002880
calibration-20260902-g,S1-100-r01,2026-09-01T15:49:53.436800203Z,24760.998302,46771440,1283518464,1275002880
calibration-20260902-g,S1-100-r01,2026-09-01T15:49:53.446952997Z,24771.151098,46771514,1283518464,1275002880
calibration-20260902-g,S1-100-r01,2026-09-01T15:49:53.456119439Z,24780.317533,46771612,1283518464,1275002880
calibration-20260902-g,S1-100-r01,2026-09-01T15:49:53.466758527Z,24790.956627,46771843,1284435968,1275789312
calibration-20260902-g,S1-100-r01,2026-09-01T15:49:53.477010379Z,24801.208478,46820142,1303015424,1294663680
calibration-20260902-g,S1-100-r01,2026-09-01T15:49:53.486157652Z,24810.355751,46856410,1315401728,1306722304
calibration-20260902-g,S1-100-r01,2026-09-01T15:49:53.496416288Z,24820.614387,46865547,1315401728,1306722304
calibration-20260902-g,S1-100-r01,2026-09-01T15:49:53.506634204Z,24830.832303,46865776,1315401728,1306722304
calibration-20260902-g,S1-100-r01,2026-09-01T15:49:53.516803716Z,24841.001816,46865982,1315401728,1306722304
calibration-20260902-g,S1-100-r01,2026-09-01T15:49:53.526993577Z,24851.191676,46866177,1315401728,1306722304
calibration-20260902-g,S1-100-r01,2026-09-01T15:49:53.536162244Z,24860.360343,46866333,1315401728,1306722304
calibration-20260902-g,S1-100-r01,2026-09-01T15:49:53.546309404Z,24870.507503,46866477,1315401728,1306722304
calibration-20260902-g,S1-100-r01,2026-09-01T15:49:53.55650514Z,24880.703238,46866639,1315401728,1306550272
calibration-20260902-g,S1-100-r01,2026-09-01T15:49:53.566642135Z,24890.840234,46866929,1317236736,1308385280
calibration-20260902-g,S1-100-r01,2026-09-01T15:49:53.57681753Z,24901.015630,46914754,1325035520,1316249600
calibration-20260902-g,S1-100-r01,2026-09-01T15:49:53.585981137Z,24910.179230,46950965,1325035520,1316511744
calibration-20260902-g,S1-100-r01,2026-09-01T15:49:53.596187626Z,24920.385726,46968971,1325035520,1316257792
calibration-20260902-g,S1-100-r01,2026-09-01T15:49:53.66567638Z,24989.874485,46969343,1325035520,1315794944
calibration-20260902-g,S1-100-r01,2026-09-01T15:49:53.66678448Z,24990.982579,46969618,1325035520,1315794944
calibration-20260902-g,S1-100-r01,2026-09-01T15:49:53.677048582Z,25001.246681,47017280,1325035520,1316315136
calibration-20260902-g,S1-100-r01,2026-09-01T15:49:53.686835097Z,25011.033197,47056587,1277689856,1269239808
calibration-20260902-g,S1-100-r01,2026-09-01T15:49:53.697011287Z,25021.209387,47068130,1286635520,1278414848
calibration-20260902-g,S1-100-r01,2026-09-01T15:49:53.706185995Z,25030.384095,47068361,1286635520,1278316544
calibration-20260902-g,S1-100-r01,2026-09-01T15:49:53.716369243Z,25040.567342,47068531,1286635520,1278316544
calibration-20260902-g,S1-100-r01,2026-09-01T15:49:53.726541323Z,25050.739422,47068717,1286635520,1278316544
calibration-20260902-g,S1-100-r01,2026-09-01T15:49:53.736708357Z,25060.906457,47068975,1286635520,1278316544
calibration-20260902-g,S1-100-r01,2026-09-01T15:49:53.746884161Z,25071.082261,47069196,1286635520,1278316544
calibration-20260902-g,S1-100-r01,2026-09-01T15:49:53.757012409Z,25081.210508,47069385,1286635520,1278316544
calibration-20260902-g,S1-100-r01,2026-09-01T15:49:53.766210793Z,25090.408893,47069575,1287553024,1279102976
calibration-20260902-g,S1-100-r01,2026-09-01T15:49:53.776394991Z,25100.593090,47117484,1305444352,1296928768
calibration-20260902-g,S1-100-r01,2026-09-01T15:49:53.786667452Z,25110.865551,47153616,1323106304,1314754560
calibration-20260902-g,S1-100-r01,2026-09-01T15:49:53.796776135Z,25120.974234,47167276,1325400064,1317113856
calibration-20260902-g,S1-100-r01,2026-09-01T15:49:53.806962229Z,25131.160328,47167456,1325400064,1317113856
calibration-20260902-g,S1-100-r01,2026-09-01T15:49:53.816094962Z,25140.293061,47167635,1325400064,1317113856
calibration-20260902-g,S1-100-r01,2026-09-01T15:49:53.866057132Z,25190.255232,47167961,1325400064,1317113856
calibration-20260902-g,S1-100-r01,2026-09-01T15:49:53.876262129Z,25200.460222,47215384,1325400064,1317113856
calibration-20260902-g,S1-100-r01,2026-09-01T15:49:53.886527115Z,25210.725214,47251234,1325629440,1317113856
calibration-20260902-g,S1-100-r01,2026-09-01T15:49:53.896799645Z,25220.997744,47269242,1325629440,1317113856
calibration-20260902-g,S1-100-r01,2026-09-01T15:49:53.906964427Z,25231.162526,47269400,1325629440,1316913152
calibration-20260902-g,S1-100-r01,2026-09-01T15:49:53.916154823Z,25240.352923,47269552,1325629440,1316913152
calibration-20260902-g,S1-100-r01,2026-09-01T15:49:53.926292882Z,25250.490981,47269702,1325629440,1316913152
calibration-20260902-g,S1-100-r01,2026-09-01T15:49:53.93642198Z,25260.620079,47269850,1325629440,1316913152
calibration-20260902-g,S1-100-r01,2026-09-01T15:49:53.946576814Z,25270.774913,47269980,1325629440,1316913152
calibration-20260902-g,S1-100-r01,2026-09-01T15:49:53.956728105Z,25280.926204,47270138,1325629440,1316913152
calibration-20260902-g,S1-100-r01,2026-09-01T15:49:53.966927366Z,25291.125466,47270286,1325629440,1316913152
calibration-20260902-g,S1-100-r01,2026-09-01T15:49:53.976078404Z,25300.276498,47300176,1325629440,1316913152
calibration-20260902-g,S1-100-r01,2026-09-01T15:49:53.986343761Z,25310.541855,47353711,1325629440,1317171200
calibration-20260902-g,S1-100-r01,2026-09-01T15:49:53.99665591Z,25320.854011,47371765,1325629440,1317171200
calibration-20260902-g,S1-100-r01,2026-09-01T15:49:54.006887Z,25331.085100,47371989,1325629440,1317171200
calibration-20260902-g,S1-100-r01,2026-09-01T15:49:54.016080455Z,25340.278556,47372152,1325629440,1317171200
calibration-20260902-g,S1-100-r01,2026-09-01T15:49:54.026255207Z,25350.453306,47372321,1325629440,1317433344
calibration-20260902-g,S1-100-r01,2026-09-01T15:49:54.036419805Z,25360.617904,47372477,1325629440,1317433344
calibration-20260902-g,S1-100-r01,2026-09-01T15:49:54.046580983Z,25370.779083,47372781,1325629440,1317433344
calibration-20260902-g,S1-100-r01,2026-09-01T15:49:54.056701495Z,25380.899596,47372873,1325629440,1317433344
calibration-20260902-g,S1-100-r01,2026-09-01T15:49:54.066905848Z,25391.103948,47373049,1325629440,1317433344
calibration-20260902-g,S1-100-r01,2026-09-01T15:49:54.076703111Z,25400.901205,47422128,1277919232,1269370880
calibration-20260902-g,S1-100-r01,2026-09-01T15:49:54.086941462Z,25411.139562,47457925,1277919232,1269276672
calibration-20260902-g,S1-100-r01,2026-09-01T15:49:54.096157426Z,25420.355525,47467049,1277919232,1269276672
calibration-20260902-g,S1-100-r01,2026-09-01T15:49:54.106380655Z,25430.578755,47467254,1277919232,1269276672
calibration-20260902-g,S1-100-r01,2026-09-01T15:49:54.116576722Z,25440.774820,47467471,1277919232,1269276672
calibration-20260902-g,S1-100-r01,2026-09-01T15:49:54.126821382Z,25451.019481,47467739,1277919232,1269276672
calibration-20260902-g,S1-100-r01,2026-09-01T15:49:54.136940665Z,25461.138765,47467917,1277919232,1269047296
calibration-20260902-g,S1-100-r01,2026-09-01T15:49:54.146123732Z,25470.321832,47468047,1277919232,1269047296
calibration-20260902-g,S1-100-r01,2026-09-01T15:49:54.156320674Z,25480.518774,47468219,1277919232,1269047296
calibration-20260902-g,S1-100-r01,2026-09-01T15:49:54.166538701Z,25490.736801,47468421,1277919232,1269047296
calibration-20260902-g,S1-100-r01,2026-09-01T15:49:54.17604919Z,25500.247284,47501014,1229766656,1221070848
calibration-20260902-g,S1-100-r01,2026-09-01T15:49:54.186254148Z,25510.452248,47553115,1242152960,1233805312
calibration-20260902-g,S1-100-r01,2026-09-01T15:49:54.196514969Z,25520.713068,47571345,1252245504,1243766784
calibration-20260902-g,S1-100-r01,2026-09-01T15:49:54.20668132Z,25530.879420,47571548,1252245504,1244028928
calibration-20260902-g,S1-100-r01,2026-09-01T15:49:54.216809354Z,25541.007453,47571721,1252245504,1243934720
calibration-20260902-g,S1-100-r01,2026-09-01T15:49:54.226956952Z,25551.155051,47571912,1252245504,1243930624
calibration-20260902-g,S1-100-r01,2026-09-01T15:49:54.236148384Z,25560.346483,47572113,1252245504,1243930624
calibration-20260902-g,S1-100-r01,2026-09-01T15:49:54.265671513Z,25589.869612,47572465,1252245504,1243930624
calibration-20260902-g,S1-100-r01,2026-09-01T15:49:54.266780438Z,25590.978537,47572765,1254539264,1246027776
calibration-20260902-g,S1-100-r01,2026-09-01T15:49:54.276870718Z,25601.068817,47620665,1273348096,1264902144
calibration-20260902-g,S1-100-r01,2026-09-01T15:49:54.286019146Z,25610.217240,47656503,1278394368,1269882880
calibration-20260902-g,S1-100-r01,2026-09-01T15:49:54.296209174Z,25620.407273,47670096,1278394368,1269882880
calibration-20260902-g,S1-100-r01,2026-09-01T15:49:54.306460266Z,25630.658365,47670347,1278394368,1269960704
calibration-20260902-g,S1-100-r01,2026-09-01T15:49:54.31663693Z,25640.835029,47670544,1278394368,1269960704
calibration-20260902-g,S1-100-r01,2026-09-01T15:49:54.326821189Z,25651.019288,47670713,1278394368,1269960704
calibration-20260902-g,S1-100-r01,2026-09-01T15:49:54.337022743Z,25661.220843,47670948,1278394368,1270222848
calibration-20260902-g,S1-100-r01,2026-09-01T15:49:54.346186876Z,25670.384976,47671110,1278394368,1269956608
calibration-20260902-g,S1-100-r01,2026-09-01T15:49:54.356304578Z,25680.502673,47671229,1278394368,1270218752
calibration-20260902-g,S1-100-r01,2026-09-01T15:49:54.366450596Z,25690.648695,47671380,1278394368,1270218752
calibration-20260902-g,S1-100-r01,2026-09-01T15:49:54.376601024Z,25700.799124,47719076,1278394368,1270218752
calibration-20260902-g,S1-100-r01,2026-09-01T15:49:54.386827253Z,25711.025353,47754899,1278394368,1270218752
calibration-20260902-g,S1-100-r01,2026-09-01T15:49:54.395975953Z,25720.174047,47773307,1278394368,1270218752
calibration-20260902-g,S1-100-r01,2026-09-01T15:49:54.46574082Z,25789.938920,47773670,1278394368,1270218752
calibration-20260902-g,S1-100-r01,2026-09-01T15:49:54.466982465Z,25791.180573,47773903,1278394368,1270218752
calibration-20260902-g,S1-100-r01,2026-09-01T15:49:54.476263306Z,25800.461426,47821738,1282293760,1274150912
calibration-20260902-g,S1-100-r01,2026-09-01T15:49:54.565729929Z,25889.928028,47868737,1253580800,1245204480
calibration-20260902-g,S1-100-r01,2026-09-01T15:49:54.566706758Z,25890.904858,47869461,1254957056,1246707712
calibration-20260902-g,S1-100-r01,2026-09-01T15:49:54.576005139Z,25900.203238,47899545,1270554624,1262174208
calibration-20260902-g,S1-100-r01,2026-09-01T15:49:54.586151575Z,25910.349675,47953538,1291427840,1283645440
calibration-20260902-g,S1-100-r01,2026-09-01T15:49:54.596318554Z,25920.516654,47967219,1295327232,1287315456
calibration-20260902-g,S1-100-r01,2026-09-01T15:49:54.606542317Z,25930.740416,47967417,1295327232,1287315456
calibration-20260902-g,S1-100-r01,2026-09-01T15:49:54.616726151Z,25940.924252,47967604,1295327232,1287315456
calibration-20260902-g,S1-100-r01,2026-09-01T15:49:54.626908628Z,25951.106727,47967803,1295327232,1287315456
calibration-20260902-g,S1-100-r01,2026-09-01T15:49:54.636149459Z,25960.347558,47968023,1295327232,1287315456
calibration-20260902-g,S1-100-r01,2026-09-01T15:49:54.646389862Z,25970.587963,47968223,1295327232,1287315456
calibration-20260902-g,S1-100-r01,2026-09-01T15:49:54.656521849Z,25980.719944,47968313,1295556608,1287315456
calibration-20260902-g,S1-100-r01,2026-09-01T15:49:54.666724336Z,25990.922435,47968545,1297162240,1288888320
calibration-20260902-g,S1-100-r01,2026-09-01T15:49:54.676983604Z,26001.181704,48016509,1311612928,1303306240
calibration-20260902-g,S1-100-r01,2026-09-01T15:49:54.686251237Z,26010.449337,48052535,1321705472,1313529856
calibration-20260902-g,S1-100-r01,2026-09-01T15:49:54.6965222Z,26020.720299,48070579,1321705472,1313529856
calibration-20260902-g,S1-100-r01,2026-09-01T15:49:54.706676963Z,26030.875063,48070761,1321705472,1313529856
calibration-20260902-g,S1-100-r01,2026-09-01T15:49:54.716905717Z,26041.103817,48071002,1321705472,1313529856
calibration-20260902-g,S1-100-r01,2026-09-01T15:49:54.72610903Z,26050.307131,48071149,1321705472,1313529856
calibration-20260902-g,S1-100-r01,2026-09-01T15:49:54.736326697Z,26060.524796,48071378,1321705472,1313787904
calibration-20260902-g,S1-100-r01,2026-09-01T15:49:54.746502856Z,26070.700955,48071568,1321705472,1313787904
calibration-20260902-g,S1-100-r01,2026-09-01T15:49:54.756629476Z,26080.827575,48071767,1321705472,1313787904
calibration-20260902-g,S1-100-r01,2026-09-01T15:49:54.766918731Z,26091.116832,48072061,1323311104,1315360768
calibration-20260902-g,S1-100-r01,2026-09-01T15:49:54.776148661Z,26100.346760,48102174,1327210496,1319292928
calibration-20260902-g,S1-100-r01,2026-09-01T15:49:54.786376549Z,26110.574648,48155934,1327210496,1319292928
calibration-20260902-g,S1-100-r01,2026-09-01T15:49:54.796599167Z,26120.797267,48169558,1327210496,1319292928
calibration-20260902-g,S1-100-r01,2026-09-01T15:49:54.806826453Z,26131.024552,48169797,1327210496,1319292928
calibration-20260902-g,S1-100-r01,2026-09-01T15:49:54.816980154Z,26141.178253,48170001,1327210496,1319292928
calibration-20260902-g,S1-100-r01,2026-09-01T15:49:54.826130838Z,26150.328946,48170140,1327210496,1319292928
calibration-20260902-g,S1-100-r01,2026-09-01T15:49:54.836320157Z,26160.518258,48170325,1327210496,1319292928
calibration-20260902-g,S1-100-r01,2026-09-01T15:49:54.846457576Z,26170.655675,48170458,1327210496,1319292928
calibration-20260902-g,S1-100-r01,2026-09-01T15:49:54.856581057Z,26180.779157,48170568,1327210496,1319292928
calibration-20260902-g,S1-100-r01,2026-09-01T15:49:54.866829333Z,26191.027433,48170789,1327210496,1319292928
calibration-20260902-g,S1-100-r01,2026-09-01T15:49:54.876998408Z,26201.196502,48218917,1327210496,1319292928
calibration-20260902-g,S1-100-r01,2026-09-01T15:49:54.886249035Z,26210.447135,48254739,1327439872,1319292928
calibration-20260902-g,S1-100-r01,2026-09-01T15:49:54.896449959Z,26220.648058,48268356,1327439872,1319292928
calibration-20260902-g,S1-100-r01,2026-09-01T15:49:54.906575054Z,26230.773153,48268510,1327439872,1319292928
calibration-20260902-g,S1-100-r01,2026-09-01T15:49:54.916676511Z,26240.874613,48268678,1327439872,1319292928
calibration-20260902-g,S1-100-r01,2026-09-01T15:49:54.965690367Z,26289.888466,48269106,1327439872,1319292928
calibration-20260902-g,S1-100-r01,2026-09-01T15:49:54.966841888Z,26291.039987,48269307,1327439872,1319292928
calibration-20260902-g,S1-100-r01,2026-09-01T15:49:54.977041405Z,26301.239499,48317546,1286053888,1277743104
calibration-20260902-g,S1-100-r01,2026-09-01T15:49:54.986265604Z,26310.463705,48353925,1299357696,1291374592
calibration-20260902-g,S1-100-r01,2026-09-01T15:49:54.996517914Z,26320.716013,48367586,1299357696,1291280384
calibration-20260902-g,S1-100-r01,2026-09-01T15:49:55.006738738Z,26330.936838,48367839,1299357696,1291280384
calibration-20260902-g,S1-100-r01,2026-09-01T15:49:55.016952179Z,26341.150278,48368040,1299357696,1291280384
calibration-20260902-g,S1-100-r01,2026-09-01T15:49:55.026096504Z,26350.294604,48368220,1299357696,1291280384
calibration-20260902-g,S1-100-r01,2026-09-01T15:49:55.036219516Z,26360.417615,48368368,1299357696,1291280384
calibration-20260902-g,S1-100-r01,2026-09-01T15:49:55.046445978Z,26370.644077,48368576,1299357696,1291280384
calibration-20260902-g,S1-100-r01,2026-09-01T15:49:55.05659597Z,26380.794068,48368756,1299357696,1291280384
calibration-20260902-g,S1-100-r01,2026-09-01T15:49:55.06676868Z,26390.966779,48368988,1301651456,1293639680
calibration-20260902-g,S1-100-r01,2026-09-01T15:49:55.076992382Z,26401.190481,48416859,1320001536,1311989760
calibration-20260902-g,S1-100-r01,2026-09-01T15:49:55.086261703Z,26410.459802,48452822,1328029696,1319854080
calibration-20260902-g,S1-100-r01,2026-09-01T15:49:55.096513722Z,26420.711820,48466442,1328029696,1319854080
calibration-20260902-g,S1-100-r01,2026-09-01T15:49:55.106665424Z,26430.863523,48466630,1328029696,1319854080
calibration-20260902-g,S1-100-r01,2026-09-01T15:49:55.116812256Z,26441.010355,48466824,1328029696,1319854080
calibration-20260902-g,S1-100-r01,2026-09-01T15:49:55.127027724Z,26451.225824,48467016,1328029696,1319854080
calibration-20260902-g,S1-100-r01,2026-09-01T15:49:55.136222843Z,26460.420942,48467246,1328029696,1319854080
calibration-20260902-g,S1-100-r01,2026-09-01T15:49:55.16576697Z,26489.965071,48467403,1328029696,1319854080
calibration-20260902-g,S1-100-r01,2026-09-01T15:49:55.166912492Z,26491.110612,48467662,1328029696,1319854080
calibration-20260902-g,S1-100-r01,2026-09-01T15:49:55.176111235Z,26500.309335,48497600,1328029696,1319854080
calibration-20260902-g,S1-100-r01,2026-09-01T15:49:55.186401421Z,26510.599516,48551883,1328029696,1319854080
calibration-20260902-g,S1-100-r01,2026-09-01T15:49:55.196696963Z,26520.895063,48569904,1328029696,1319862272
calibration-20260902-g,S1-100-r01,2026-09-01T15:49:55.206904367Z,26531.102467,48570146,1328029696,1319862272
calibration-20260902-g,S1-100-r01,2026-09-01T15:49:55.216113792Z,26540.311892,48570333,1328029696,1319862272
calibration-20260902-g,S1-100-r01,2026-09-01T15:49:55.226274027Z,26550.472127,48570507,1328029696,1319862272
calibration-20260902-g,S1-100-r01,2026-09-01T15:49:55.236408877Z,26560.606971,48570702,1328029696,1319862272
calibration-20260902-g,S1-100-r01,2026-09-01T15:49:55.246566667Z,26570.764761,48570781,1328259072,1319862272
calibration-20260902-g,S1-100-r01,2026-09-01T15:49:55.256674485Z,26580.872578,48570867,1328259072,1319862272
calibration-20260902-g,S1-100-r01,2026-09-01T15:49:55.266850291Z,26591.048391,48570963,1328259072,1319862272
calibration-20260902-g,S1-100-r01,2026-09-01T15:49:55.276011937Z,26600.210036,48605001,1328488448,1319862272
calibration-20260902-g,S1-100-r01,2026-09-01T15:49:55.2863812Z,26610.579295,48656629,1280245760,1272049664
calibration-20260902-g,S1-100-r01,2026-09-01T15:49:55.296638244Z,26620.836344,48669250,1280245760,1272049664
calibration-20260902-g,S1-100-r01,2026-09-01T15:49:55.306786587Z,26630.984687,48669475,1280245760,1271955456
calibration-20260902-g,S1-100-r01,2026-09-01T15:49:55.316973692Z,26641.171791,48669676,1280245760,1271955456
calibration-20260902-g,S1-100-r01,2026-09-01T15:49:55.326205072Z,26650.403174,48669868,1280245760,1271955456
calibration-20260902-g,S1-100-r01,2026-09-01T15:49:55.336409667Z,26660.607766,48670200,1280245760,1272213504
calibration-20260902-g,S1-100-r01,2026-09-01T15:49:55.346681358Z,26670.879457,48670482,1280245760,1272213504
calibration-20260902-g,S1-100-r01,2026-09-01T15:49:55.356909709Z,26681.107808,48670740,1280245760,1272213504
calibration-20260902-g,S1-100-r01,2026-09-01T15:49:55.366745369Z,26690.943467,48671102,1280245760,1272213504
calibration-20260902-g,S1-100-r01,2026-09-01T15:49:55.376950753Z,26701.148853,48718884,1280933888,1272737792
calibration-20260902-g,S1-100-r01,2026-09-01T15:49:55.386297765Z,26710.495859,48755365,1248010240,1239928832
calibration-20260902-g,S1-100-r01,2026-09-01T15:49:55.396468583Z,26720.666682,48764432,1251909632,1243598848
calibration-20260902-g,S1-100-r01,2026-09-01T15:49:55.406677963Z,26730.876062,48764617,1251909632,1243500544
calibration-20260902-g,S1-100-r01,2026-09-01T15:49:55.416763815Z,26740.961915,48764726,1251909632,1243500544
calibration-20260902-g,S1-100-r01,2026-09-01T15:49:55.466020385Z,26790.218485,48764953,1252597760,1244286976
calibration-20260902-g,S1-100-r01,2026-09-01T15:49:55.476248167Z,26800.446266,48804236,1270947840,1262153728
calibration-20260902-g,S1-100-r01,2026-09-01T15:49:55.48651832Z,26810.716420,48849179,1280581632,1272373248
calibration-20260902-g,S1-100-r01,2026-09-01T15:49:55.496738018Z,26820.936117,48867299,1280581632,1272115200
calibration-20260902-g,S1-100-r01,2026-09-01T15:49:55.506969082Z,26831.167181,48867534,1280581632,1272115200
calibration-20260902-g,S1-100-r01,2026-09-01T15:49:55.516094936Z,26840.293035,48867667,1280581632,1272115200
calibration-20260902-g,S1-100-r01,2026-09-01T15:49:55.526245182Z,26850.443282,48867824,1280581632,1272377344
calibration-20260902-g,S1-100-r01,2026-09-01T15:49:55.536451627Z,26860.649726,48868062,1280581632,1272377344
calibration-20260902-g,S1-100-r01,2026-09-01T15:49:55.546683155Z,26870.881255,48868299,1280811008,1272377344
calibration-20260902-g,S1-100-r01,2026-09-01T15:49:55.565677263Z,26889.875363,48868551,1280811008,1272377344
calibration-20260902-g,S1-100-r01,2026-09-01T15:49:55.566848883Z,26891.046981,48868722,1280811008,1272377344
calibration-20260902-g,S1-100-r01,2026-09-01T15:49:55.577014679Z,26901.212778,48916272,1280811008,1272377344
calibration-20260902-g,S1-100-r01,2026-09-01T15:49:55.586200585Z,26910.398684,48952136,1280811008,1272377344
calibration-20260902-g,S1-100-r01,2026-09-01T15:49:55.596453461Z,26920.651561,48970189,1280811008,1272377344
calibration-20260902-g,S1-100-r01,2026-09-01T15:49:55.606690684Z,26930.888783,48970375,1280811008,1272377344
calibration-20260902-g,S1-100-r01,2026-09-01T15:49:55.616873859Z,26941.071958,48970519,1280811008,1272377344
calibration-20260902-g,S1-100-r01,2026-09-01T15:49:55.626012266Z,26950.210359,48970631,1280811008,1272377344
calibration-20260902-g,S1-100-r01,2026-09-01T15:49:55.636169776Z,26960.367875,48970742,1280811008,1272377344
calibration-20260902-g,S1-100-r01,2026-09-01T15:49:55.646329029Z,26970.527128,48970840,1280811008,1272377344
calibration-20260902-g,S1-100-r01,2026-09-01T15:49:55.656462357Z,26980.660451,48970929,1280811008,1272377344
calibration-20260902-g,S1-100-r01,2026-09-01T15:49:55.666631648Z,26990.829747,48971023,1280811008,1272377344
calibration-20260902-g,S1-100-r01,2026-09-01T15:49:55.676868205Z,27001.066304,49018601,1280811008,1272377344
calibration-20260902-g,S1-100-r01,2026-09-01T15:49:55.686104261Z,27010.302355,49054650,1287233536,1278668800
calibration-20260902-g,S1-100-r01,2026-09-01T15:49:55.765731478Z,27089.929578,49068395,1287233536,1278930944
calibration-20260902-g,S1-100-r01,2026-09-01T15:49:55.766947344Z,27091.145443,49068727,1289068544,1280765952
calibration-20260902-g,S1-100-r01,2026-09-01T15:49:55.776108106Z,27100.306205,49098895,1306501120,1298067456
calibration-20260902-g,S1-100-r01,2026-09-01T15:49:55.786115013Z,27110.313112,49153239,1273438208,1264472064
calibration-20260902-g,S1-100-r01,2026-09-01T15:49:55.796330111Z,27120.528211,49166742,1273438208,1264377856
calibration-20260902-g,S1-100-r01,2026-09-01T15:49:55.806561024Z,27130.759122,49166973,1273438208,1264394240
calibration-20260902-g,S1-100-r01,2026-09-01T15:49:55.816661643Z,27140.859742,49167129,1273438208,1264394240
calibration-20260902-g,S1-100-r01,2026-09-01T15:49:55.826799586Z,27150.997694,49167327,1273438208,1264394240
calibration-20260902-g,S1-100-r01,2026-09-01T15:49:55.83702645Z,27161.224548,49167593,1273438208,1264394240
calibration-20260902-g,S1-100-r01,2026-09-01T15:49:55.846239927Z,27170.438026,49167756,1273438208,1264394240
calibration-20260902-g,S1-100-r01,2026-09-01T15:49:55.856367102Z,27180.565201,49167910,1273438208,1264394240
calibration-20260902-g,S1-100-r01,2026-09-01T15:49:55.866746928Z,27190.945049,49168199,1275502592,1266753536
calibration-20260902-g,S1-100-r01,2026-09-01T15:49:55.876148147Z,27200.346242,49202550,1281925120,1273044992
calibration-20260902-g,S1-100-r01,2026-09-01T15:49:55.886382928Z,27210.581053,49252599,1300733952,1291657216
calibration-20260902-g,S1-100-r01,2026-09-01T15:49:55.896751491Z,27220.949590,49270860,1303945216,1294802944
calibration-20260902-g,S1-100-r01,2026-09-01T15:49:55.90690369Z,27231.101790,49270996,1303945216,1294802944
calibration-20260902-g,S1-100-r01,2026-09-01T15:49:55.916083594Z,27240.281693,49271116,1303945216,1294802944
calibration-20260902-g,S1-100-r01,2026-09-01T15:49:55.926230692Z,27250.428791,49271235,1303945216,1294798848
calibration-20260902-g,S1-100-r01,2026-09-01T15:49:55.93640748Z,27260.605580,49271381,1303945216,1294798848
calibration-20260902-g,S1-100-r01,2026-09-01T15:49:55.946507152Z,27270.705252,49271492,1303945216,1294798848
calibration-20260902-g,S1-100-r01,2026-09-01T15:49:55.95661755Z,27280.815650,49271594,1303945216,1294798848
calibration-20260902-g,S1-100-r01,2026-09-01T15:49:55.966759193Z,27290.957293,49271810,1306009600,1296896000
calibration-20260902-g,S1-100-r01,2026-09-01T15:49:55.976917532Z,27301.115632,49319837,1324818432,1315770368
calibration-20260902-g,S1-100-r01,2026-09-01T15:49:55.986200794Z,27310.398918,49355758,1330323456,1320976384
calibration-20260902-g,S1-100-r01,2026-09-01T15:49:55.996503976Z,27320.702076,49369475,1330323456,1321238528
calibration-20260902-g,S1-100-r01,2026-09-01T15:49:56.006728578Z,27330.926671,49369870,1330323456,1321238528
calibration-20260902-g,S1-100-r01,2026-09-01T15:49:56.016938684Z,27341.136784,49370044,1330323456,1321238528
calibration-20260902-g,S1-100-r01,2026-09-01T15:49:56.026097834Z,27350.295928,49370126,1330323456,1321238528
calibration-20260902-g,S1-100-r01,2026-09-01T15:49:56.036232568Z,27360.430662,49370208,1330323456,1321238528
calibration-20260902-g,S1-100-r01,2026-09-01T15:49:56.046438107Z,27370.636202,49370343,1330323456,1321238528
calibration-20260902-g,S1-100-r01,2026-09-01T15:49:56.056577662Z,27380.775762,49370452,1330323456,1321238528
calibration-20260902-g,S1-100-r01,2026-09-01T15:49:56.066772138Z,27390.970237,49370594,1330552832,1321144320
calibration-20260902-g,S1-100-r01,2026-09-01T15:49:56.076976745Z,27401.174845,49418263,1330552832,1321406464
calibration-20260902-g,S1-100-r01,2026-09-01T15:49:56.086206448Z,27410.404547,49454291,1330552832,1321406464
calibration-20260902-g,S1-100-r01,2026-09-01T15:49:56.096474028Z,27420.672128,49467840,1330552832,1321406464
calibration-20260902-g,S1-100-r01,2026-09-01T15:49:56.106637649Z,27430.835743,49468164,1330552832,1321406464
calibration-20260902-g,S1-100-r01,2026-09-01T15:49:56.116746445Z,27440.944540,49468250,1330552832,1321406464
calibration-20260902-g,S1-100-r01,2026-09-01T15:49:56.126919168Z,27451.117267,49468357,1330782208,1321406464
calibration-20260902-g,S1-100-r01,2026-09-01T15:49:56.136092322Z,27460.290422,49468473,1330782208,1321406464
calibration-20260902-g,S1-100-r01,2026-09-01T15:49:56.146311584Z,27470.509679,49468614,1330782208,1321406464
calibration-20260902-g,S1-100-r01,2026-09-01T15:49:56.156476749Z,27480.674843,49468745,1330782208,1321406464
calibration-20260902-g,S1-100-r01,2026-09-01T15:49:56.166708052Z,27490.906178,49468867,1330782208,1321406464
calibration-20260902-g,S1-100-r01,2026-09-01T15:49:56.177036428Z,27501.234553,49516682,1331699712,1322455040
calibration-20260902-g,S1-100-r01,2026-09-01T15:49:56.186222052Z,27510.420151,49552886,1345003520,1335824384
calibration-20260902-g,S1-100-r01,2026-09-01T15:49:56.196377515Z,27520.575614,49570932,1347985408,1338707968
calibration-20260902-g,S1-100-r01,2026-09-01T15:49:56.206516844Z,27530.714945,49571056,1347985408,1338707968
calibration-20260902-g,S1-100-r01,2026-09-01T15:49:56.216819085Z,27541.017194,49571184,1347985408,1338707968
calibration-20260902-g,S1-100-r01,2026-09-01T15:49:56.226027388Z,27550.225509,49571545,1347985408,1338707968
calibration-20260902-g,S1-100-r01,2026-09-01T15:49:56.236322656Z,27560.520757,49571883,1347985408,1338707968
calibration-20260902-g,S1-100-r01,2026-09-01T15:49:56.246514289Z,27570.712388,49572019,1347985408,1338707968
calibration-20260902-g,S1-100-r01,2026-09-01T15:49:56.25667265Z,27580.870749,49572144,1347985408,1338707968
calibration-20260902-g,S1-100-r01,2026-09-01T15:49:56.26687959Z,27591.077684,49573192,1341288448,1340542976
calibration-20260902-g,S1-100-r01,2026-09-01T15:49:56.276367315Z,27600.565410,49620628,1318416384,1309257728
calibration-20260902-g,S1-100-r01,2026-09-01T15:49:56.286104018Z,27610.302113,49656519,1330802688,1321840640
calibration-20260902-g,S1-100-r01,2026-09-01T15:49:56.29633809Z,27620.536189,49665673,1330802688,1321746432
calibration-20260902-g,S1-100-r01,2026-09-01T15:49:56.306580528Z,27630.778628,49665901,1331032064,1321746432
calibration-20260902-g,S1-100-r01,2026-09-01T15:49:56.365955566Z,27690.153687,49666376,1331032064,1321652224
calibration-20260902-g,S1-100-r01,2026-09-01T15:49:56.366165062Z,27690.363155,49666380,1331032064,1321652224
calibration-20260902-g,S1-100-r01,2026-09-01T15:49:56.376384269Z,27700.582368,49714175,1331032064,1321652224
calibration-20260902-g,S1-100-r01,2026-09-01T15:49:56.386640434Z,27710.838534,49750264,1331032064,1321910272
calibration-20260902-g,S1-100-r01,2026-09-01T15:49:56.396847972Z,27721.046073,49763891,1331032064,1321910272
calibration-20260902-g,S1-100-r01,2026-09-01T15:49:56.406999928Z,27731.198028,49764138,1331032064,1321910272
calibration-20260902-g,S1-100-r01,2026-09-01T15:49:56.416166332Z,27740.364431,49764311,1331032064,1321910272
calibration-20260902-g,S1-100-r01,2026-09-01T15:49:56.426330289Z,27750.528388,49764490,1331032064,1321910272
calibration-20260902-g,S1-100-r01,2026-09-01T15:49:56.436596087Z,27760.794187,49764772,1331032064,1321910272
calibration-20260902-g,S1-100-r01,2026-09-01T15:49:56.446834943Z,27771.033043,49764984,1331032064,1321910272
calibration-20260902-g,S1-100-r01,2026-09-01T15:49:56.455990491Z,27780.188591,49765199,1331032064,1322168320
calibration-20260902-g,S1-100-r01,2026-09-01T15:49:56.466207765Z,27790.405865,49765381,1331032064,1322168320
calibration-20260902-g,S1-100-r01,2026-09-01T15:49:56.476399865Z,27800.597964,49813007,1291476992,1309605888
calibration-20260902-g,S1-100-r01,2026-09-01T15:49:56.486202572Z,27810.400671,49849815,1283170304,1274372096
calibration-20260902-g,S1-100-r01,2026-09-01T15:49:56.496418199Z,27820.616297,49867844,1283170304,1274372096
calibration-20260902-g,S1-100-r01,2026-09-01T15:49:56.506621486Z,27830.819586,49868182,1283170304,1274372096
calibration-20260902-g,S1-100-r01,2026-09-01T15:49:56.516743041Z,27840.941141,49868297,1283170304,1274273792
calibration-20260902-g,S1-100-r01,2026-09-01T15:49:56.526900266Z,27851.098366,49868383,1283170304,1274273792
calibration-20260902-g,S1-100-r01,2026-09-01T15:49:56.535976981Z,27860.175075,49868450,1283170304,1274273792
calibration-20260902-g,S1-100-r01,2026-09-01T15:49:56.546136061Z,27870.334161,49868527,1283170304,1274273792
calibration-20260902-g,S1-100-r01,2026-09-01T15:49:56.556321948Z,27880.520042,49868655,1283170304,1274273792
calibration-20260902-g,S1-100-r01,2026-09-01T15:49:56.56672403Z,27890.922129,49868787,1283170304,1274273792
calibration-20260902-g,S1-100-r01,2026-09-01T15:49:56.576926256Z,27901.124355,49916665,1283170304,1274273792
calibration-20260902-g,S1-100-r01,2026-09-01T15:49:56.586071269Z,27910.269368,49952491,1283170304,1274273792
calibration-20260902-g,S1-100-r01,2026-09-01T15:49:56.59626246Z,27920.460560,49970592,1283170304,1274273792
calibration-20260902-g,S1-100-r01,2026-09-01T15:49:56.606451949Z,27930.650048,49970765,1283170304,1274273792
calibration-20260902-g,S1-100-r01,2026-09-01T15:49:56.616668878Z,27940.866977,49971051,1283170304,1274273792
calibration-20260902-g,S1-100-r01,2026-09-01T15:49:56.62689911Z,27951.097208,49971307,1283170304,1274273792
calibration-20260902-g,S1-100-r01,2026-09-01T15:49:56.636106223Z,27960.304323,49971529,1283399680,1274273792
calibration-20260902-g,S1-100-r01,2026-09-01T15:49:56.64636733Z,27970.565429,49971733,1283399680,1274273792
calibration-20260902-g,S1-100-r01,2026-09-01T15:49:56.665710345Z,27989.908445,49972137,1283629056,1274535936
calibration-20260902-g,S1-100-r01,2026-09-01T15:49:56.666956027Z,27991.154127,49973723,1283629056,1274535936
calibration-20260902-g,S1-100-r01,2026-09-01T15:49:56.676095799Z,28000.293893,50005760,1259270144,1273470976
calibration-20260902-g,S1-100-r01,2026-09-01T15:49:56.686658852Z,28010.856951,50057126,1265184768,1256300544
calibration-20260902-g,S1-100-r01,2026-09-01T15:49:56.696919773Z,28021.117873,50070752,1265184768,1256300544
calibration-20260902-g,S1-100-r01,2026-09-01T15:49:56.706118755Z,28030.316855,50070973,1265184768,1256206336
calibration-20260902-g,S1-100-r01,2026-09-01T15:49:56.716330318Z,28040.528418,50071221,1265184768,1256206336
calibration-20260902-g,S1-100-r01,2026-09-01T15:49:56.726595544Z,28050.793644,50071564,1265184768,1256206336
calibration-20260902-g,S1-100-r01,2026-09-01T15:49:56.736719147Z,28060.917247,50071791,1265184768,1256206336
calibration-20260902-g,S1-100-r01,2026-09-01T15:49:56.746906122Z,28071.104222,50072091,1265184768,1256206336
calibration-20260902-g,S1-100-r01,2026-09-01T15:49:56.765691109Z,28089.889209,50072558,1265414144,1256468480
calibration-20260902-g,S1-100-r01,2026-09-01T15:49:56.766879816Z,28091.077916,50072807,1267249152,1258303488
calibration-20260902-g,S1-100-r01,2026-09-01T15:49:56.776014982Z,28100.213081,50102922,1283534848,1274556416
calibration-20260902-g,S1-100-r01,2026-09-01T15:49:56.786180159Z,28110.378261,50156626,1283993600,1275080704
calibration-20260902-g,S1-100-r01,2026-09-01T15:49:56.796481674Z,28120.679774,50165799,1283993600,1275080704
calibration-20260902-g,S1-100-r01,2026-09-01T15:49:56.806671563Z,28130.869663,50166178,1283993600,1275080704
calibration-20260902-g,S1-100-r01,2026-09-01T15:49:56.816832528Z,28141.030622,50166339,1283993600,1275080704
calibration-20260902-g,S1-100-r01,2026-09-01T15:49:56.827023813Z,28151.221920,50166453,1283993600,1275080704
calibration-20260902-g,S1-100-r01,2026-09-01T15:49:56.836216497Z,28160.414591,50166603,1283993600,1275080704
calibration-20260902-g,S1-100-r01,2026-09-01T15:49:56.846409431Z,28170.607525,50166740,1283993600,1275080704
calibration-20260902-g,S1-100-r01,2026-09-01T15:49:56.865694182Z,28189.892281,50166918,1283993600,1275080704
calibration-20260902-g,S1-100-r01,2026-09-01T15:49:56.866759476Z,28190.957576,50167104,1283993600,1275080704
calibration-20260902-g,S1-100-r01,2026-09-01T15:49:56.876953414Z,28201.151513,50214599,1283993600,1275080704
calibration-20260902-g,S1-100-r01,2026-09-01T15:49:56.886169066Z,28210.367165,50250643,1283993600,1275080704
calibration-20260902-g,S1-100-r01,2026-09-01T15:49:56.896428341Z,28220.626440,50268695,1283993600,1275080704
calibration-20260902-g,S1-100-r01,2026-09-01T15:49:56.906656687Z,28230.854786,50268985,1284222976,1275080704
calibration-20260902-g,S1-100-r01,2026-09-01T15:49:56.916834115Z,28241.032215,50269240,1284222976,1275080704
calibration-20260902-g,S1-100-r01,2026-09-01T15:49:56.92605681Z,28250.254909,50269452,1284222976,1275080704
calibration-20260902-g,S1-100-r01,2026-09-01T15:49:56.936309759Z,28260.507859,50269787,1284222976,1275080704
calibration-20260902-g,S1-100-r01,2026-09-01T15:49:56.946501772Z,28270.699872,50270021,1284222976,1275080704
calibration-20260902-g,S1-100-r01,2026-09-01T15:49:56.956674945Z,28280.873044,50270233,1284222976,1275080704
calibration-20260902-g,S1-100-r01,2026-09-01T15:49:56.966891785Z,28291.089884,50270465,1284222976,1275080704
calibration-20260902-g,S1-100-r01,2026-09-01T15:49:56.977032464Z,28301.230564,50318261,1297985536,1288974336
calibration-20260902-g,S1-100-r01,2026-09-01T15:49:56.986176792Z,28310.374886,50354567,1264943104,1255976960
calibration-20260902-g,S1-100-r01,2026-09-01T15:49:56.996377579Z,28320.575678,50368377,1268613120,1259905024
calibration-20260902-g,S1-100-r01,2026-09-01T15:49:57.006560257Z,28330.758357,50368516,1268613120,1259806720
calibration-20260902-g,S1-100-r01,2026-09-01T15:49:57.016722792Z,28340.920891,50368754,1268842496,1259806720
calibration-20260902-g,S1-100-r01,2026-09-01T15:49:57.026943354Z,28351.141453,50368974,1268842496,1259806720
calibration-20260902-g,S1-100-r01,2026-09-01T15:49:57.036073043Z,28360.271142,50369116,1268842496,1259806720
calibration-20260902-g,S1-100-r01,2026-09-01T15:49:57.046243455Z,28370.441555,50369281,1269071872,1259700224
calibration-20260902-g,S1-100-r01,2026-09-01T15:49:57.056448192Z,28380.646291,50369471,1269071872,1259700224
calibration-20260902-g,S1-100-r01,2026-09-01T15:49:57.066672468Z,28390.870568,50369800,1270906880,1261551616
calibration-20260902-g,S1-100-r01,2026-09-01T15:49:57.075971462Z,28400.169557,50402738,1284669440,1275879424
calibration-20260902-g,S1-100-r01,2026-09-01T15:49:57.086129504Z,28410.327598,50454059,1287192576,1278238720
calibration-20260902-g,S1-100-r01,2026-09-01T15:49:57.096325483Z,28420.523582,50467634,1287192576,1278418944
calibration-20260902-g,S1-100-r01,2026-09-01T15:49:57.106573885Z,28430.771984,50467906,1287192576,1278418944
calibration-20260902-g,S1-100-r01,2026-09-01T15:49:57.116677253Z,28440.875353,50468128,1287192576,1278418944
calibration-20260902-g,S1-100-r01,2026-09-01T15:49:57.126881364Z,28451.079464,50468350,1287192576,1278418944
calibration-20260902-g,S1-100-r01,2026-09-01T15:49:57.137036933Z,28461.235032,50468557,1287192576,1278418944
calibration-20260902-g,S1-100-r01,2026-09-01T15:49:57.146154723Z,28470.352823,50468717,1287192576,1278418944
calibration-20260902-g,S1-100-r01,2026-09-01T15:49:57.156319325Z,28480.517424,50468904,1287192576,1278418944
calibration-20260902-g,S1-100-r01,2026-09-01T15:49:57.166539502Z,28490.737602,50469159,1288568832,1279729664
calibration-20260902-g,S1-100-r01,2026-09-01T15:49:57.17674747Z,28500.945570,50517236,1304854528,1296244736
calibration-20260902-g,S1-100-r01,2026-09-01T15:49:57.186908419Z,28511.106518,50553287,1315176448,1306730496
calibration-20260902-g,S1-100-r01,2026-09-01T15:49:57.196097493Z,28520.295593,50571318,1315176448,1306800128
calibration-20260902-g,S1-100-r01,2026-09-01T15:49:57.206328207Z,28530.526306,50571547,1315176448,1306800128
calibration-20260902-g,S1-100-r01,2026-09-01T15:49:57.216551672Z,28540.749771,50571712,1315176448,1306800128
calibration-20260902-g,S1-100-r01,2026-09-01T15:49:57.226710131Z,28550.908231,50571799,1315176448,1306800128
calibration-20260902-g,S1-100-r01,2026-09-01T15:49:57.236826419Z,28561.024514,50571891,1315176448,1306800128
calibration-20260902-g,S1-100-r01,2026-09-01T15:49:57.246993984Z,28571.192085,50571984,1315405824,1306800128
calibration-20260902-g,S1-100-r01,2026-09-01T15:49:57.256129792Z,28580.327892,50572058,1315405824,1306800128
calibration-20260902-g,S1-100-r01,2026-09-01T15:49:57.266303962Z,28590.502061,50572219,1316552704,1307848704
calibration-20260902-g,S1-100-r01,2026-09-01T15:49:57.276560408Z,28600.758508,50620245,1333297152,1324363776
calibration-20260902-g,S1-100-r01,2026-09-01T15:49:57.286819035Z,28611.017129,50658922,1333297152,1324363776
calibration-20260902-g,S1-100-r01,2026-09-01T15:49:57.296991218Z,28621.189317,50665643,1333297152,1324179456
calibration-20260902-g,S1-100-r01,2026-09-01T15:49:57.306216258Z,28630.414357,50665849,1333297152,1324437504
calibration-20260902-g,S1-100-r01,2026-09-01T15:49:57.31642988Z,28640.627979,50666073,1333297152,1324699648
calibration-20260902-g,S1-100-r01,2026-09-01T15:49:57.326585048Z,28650.783147,50666316,1333297152,1324699648
calibration-20260902-g,S1-100-r01,2026-09-01T15:49:57.336764933Z,28660.963032,50666562,1333297152,1324199936
calibration-20260902-g,S1-100-r01,2026-09-01T15:49:57.346978243Z,28671.176342,50666793,1333297152,1324462080
calibration-20260902-g,S1-100-r01,2026-09-01T15:49:57.365686025Z,28689.884124,50667199,1333297152,1324224512
calibration-20260902-g,S1-100-r01,2026-09-01T15:49:57.366860088Z,28691.058189,50667448,1333297152,1324486656
calibration-20260902-g,S1-100-r01,2026-09-01T15:49:57.376991256Z,28701.189356,50715134,1333297152,1324486656
calibration-20260902-g,S1-100-r01,2026-09-01T15:49:57.386242474Z,28710.440573,50751004,1334673408,1326059520
calibration-20260902-g,S1-100-r01,2026-09-01T15:49:57.465685717Z,28789.883811,50762659,1286770688,1277919232
calibration-20260902-g,S1-100-r01,2026-09-01T15:49:57.466885401Z,28791.083500,50763400,1288376320,1279492096
calibration-20260902-g,S1-100-r01,2026-09-01T15:49:57.476094754Z,28800.292848,50792934,1303515136,1294696448
calibration-20260902-g,S1-100-r01,2026-09-01T15:49:57.486386808Z,28810.584907,50846895,1321406464,1312522240
calibration-20260902-g,S1-100-r01,2026-09-01T15:49:57.496702278Z,28820.900378,50869477,1330581504,1321697280
calibration-20260902-g,S1-100-r01,2026-09-01T15:49:57.506917871Z,28831.115972,50869645,1330581504,1321697280
calibration-20260902-g,S1-100-r01,2026-09-01T15:49:57.516097349Z,28840.295448,50869778,1330581504,1321697280
calibration-20260902-g,S1-100-r01,2026-09-01T15:49:57.526317844Z,28850.515943,50869940,1330581504,1321697280
calibration-20260902-g,S1-100-r01,2026-09-01T15:49:57.536503716Z,28860.701815,50870086,1330581504,1321697280
calibration-20260902-g,S1-100-r01,2026-09-01T15:49:57.54669152Z,28870.889619,50870218,1330581504,1321697280
calibration-20260902-g,S1-100-r01,2026-09-01T15:49:57.556849655Z,28881.047754,50870349,1330581504,1321697280
calibration-20260902-g,S1-100-r01,2026-09-01T15:49:57.566003852Z,28890.201952,50870621,1331040256,1322483712
calibration-20260902-g,S1-100-r01,2026-09-01T15:49:57.576212864Z,28900.410958,50900740,1333792768,1325105152
calibration-20260902-g,S1-100-r01,2026-09-01T15:49:57.586499141Z,28910.697241,50954385,1333792768,1325105152
calibration-20260902-g,S1-100-r01,2026-09-01T15:49:57.596729473Z,28920.927573,50968049,1333792768,1325174784
calibration-20260902-g,S1-100-r01,2026-09-01T15:49:57.665667532Z,28989.865632,50968478,1333792768,1325174784
calibration-20260902-g,S1-100-r01,2026-09-01T15:49:57.666992492Z,28991.190591,50968668,1333792768,1325174784
calibration-20260902-g,S1-100-r01,2026-09-01T15:49:57.676127821Z,29000.325915,50998928,1333792768,1325174784
calibration-20260902-g,S1-100-r01,2026-09-01T15:49:57.686354867Z,29010.552966,51052553,1333792768,1325174784
calibration-20260902-g,S1-100-r01,2026-09-01T15:49:57.69661839Z,29020.816490,51066187,1333792768,1325174784
calibration-20260902-g,S1-100-r01,2026-09-01T15:49:57.706816535Z,29031.014635,51066388,1333792768,1325215744
calibration-20260902-g,S1-100-r01,2026-09-01T15:49:57.71700988Z,29041.207979,51066614,1333792768,1325215744
calibration-20260902-g,S1-100-r01,2026-09-01T15:49:57.726168986Z,29050.367086,51066766,1333792768,1325215744
calibration-20260902-g,S1-100-r01,2026-09-01T15:49:57.736380829Z,29060.578929,51066971,1333792768,1325215744
calibration-20260902-g,S1-100-r01,2026-09-01T15:49:57.746570583Z,29070.768685,51067159,1333792768,1325174784
calibration-20260902-g,S1-100-r01,2026-09-01T15:49:57.756682937Z,29080.881036,51067458,1333792768,1325174784
calibration-20260902-g,S1-100-r01,2026-09-01T15:49:57.766892307Z,29091.090405,51067561,1333792768,1325174784
calibration-20260902-g,S1-100-r01,2026-09-01T15:49:57.7760421Z,29100.240194,51103706,1285808128,1276952576
calibration-20260902-g,S1-100-r01,2026-09-01T15:49:57.786119455Z,29110.317554,51151969,1286037504,1277145088
calibration-20260902-g,S1-100-r01,2026-09-01T15:49:57.796269976Z,29120.468075,51165607,1286037504,1277050880
calibration-20260902-g,S1-100-r01,2026-09-01T15:49:57.806502402Z,29130.700502,51165784,1286037504,1276829696
calibration-20260902-g,S1-100-r01,2026-09-01T15:49:57.816700921Z,29140.899020,51166007,1286037504,1276829696
calibration-20260902-g,S1-100-r01,2026-09-01T15:49:57.826862642Z,29151.060751,51166201,1286037504,1276829696
calibration-20260902-g,S1-100-r01,2026-09-01T15:49:57.83611735Z,29160.315449,51166439,1286037504,1276907520
calibration-20260902-g,S1-100-r01,2026-09-01T15:49:57.846316001Z,29170.514100,51166602,1286037504,1276907520
calibration-20260902-g,S1-100-r01,2026-09-01T15:49:57.856444498Z,29180.642597,51166808,1286037504,1276907520
calibration-20260902-g,S1-100-r01,2026-09-01T15:49:57.86671915Z,29190.917275,51167034,1286037504,1276907520
calibration-20260902-g,S1-100-r01,2026-09-01T15:49:57.876995787Z,29201.193886,51215124,1303240704,1293889536
calibration-20260902-g,S1-100-r01,2026-09-01T15:49:57.886166154Z,29210.364248,51251610,1316544512,1307521024
calibration-20260902-g,S1-100-r01,2026-09-01T15:49:57.896387926Z,29220.586025,51269609,1316544512,1307521024
calibration-20260902-g,S1-100-r01,2026-09-01T15:49:57.906606217Z,29230.804317,51269773,1316773888,1307566080
calibration-20260902-g,S1-100-r01,2026-09-01T15:49:57.916758379Z,29240.956479,51269924,1316773888,1307566080
calibration-20260902-g,S1-100-r01,2026-09-01T15:49:57.926911696Z,29251.109795,51270049,1316773888,1307381760
calibration-20260902-g,S1-100-r01,2026-09-01T15:49:57.935984596Z,29260.182695,51270176,1316773888,1307643904
calibration-20260902-g,S1-100-r01,2026-09-01T15:49:57.946169169Z,29270.367263,51270291,1316773888,1307389952
calibration-20260902-g,S1-100-r01,2026-09-01T15:49:57.956301303Z,29280.499397,51270384,1316773888,1307389952
calibration-20260902-g,S1-100-r01,2026-09-01T15:49:57.966468766Z,29290.666866,51270561,1318379520,1308962816
calibration-20260902-g,S1-100-r01,2026-09-01T15:49:57.976697668Z,29300.895768,51318475,1286533120,1283637248
calibration-20260902-g,S1-100-r01,2026-09-01T15:49:57.986791891Z,29310.989990,51355323,1286533120,1277394944
calibration-20260902-g,S1-100-r01,2026-09-01T15:49:57.997002489Z,29321.200588,51368874,1286533120,1277296640
calibration-20260902-g,S1-100-r01,2026-09-01T15:49:58.006150632Z,29330.348731,51369008,1286762496,1277304832
calibration-20260902-g,S1-100-r01,2026-09-01T15:49:58.016322992Z,29340.521091,51369130,1286762496,1277304832
calibration-20260902-g,S1-100-r01,2026-09-01T15:49:58.026489569Z,29350.687664,51369253,1286762496,1277304832
calibration-20260902-g,S1-100-r01,2026-09-01T15:49:58.036641733Z,29360.839827,51369366,1286762496,1277304832
calibration-20260902-g,S1-100-r01,2026-09-01T15:49:58.046812665Z,29371.010764,51369459,1286762496,1277304832
calibration-20260902-g,S1-100-r01,2026-09-01T15:49:58.056965571Z,29381.163666,51369556,1286762496,1277304832
calibration-20260902-g,S1-100-r01,2026-09-01T15:49:58.066148957Z,29390.347056,51369680,1286762496,1277304832
calibration-20260902-g,S1-100-r01,2026-09-01T15:49:58.076319343Z,29400.517442,51417252,1286762496,1277304832
calibration-20260902-g,S1-100-r01,2026-09-01T15:49:58.086540622Z,29410.738722,51453268,1286762496,1277304832
calibration-20260902-g,S1-100-r01,2026-09-01T15:49:58.096721331Z,29420.919430,51466851,1286762496,1277566976
calibration-20260902-g,S1-100-r01,2026-09-01T15:49:58.106942304Z,29431.140404,51467112,1286762496,1277329408
calibration-20260902-g,S1-100-r01,2026-09-01T15:49:58.116156252Z,29440.354351,51467287,1286762496,1277591552
calibration-20260902-g,S1-100-r01,2026-09-01T15:49:58.126323479Z,29450.521574,51467507,1286762496,1277591552
calibration-20260902-g,S1-100-r01,2026-09-01T15:49:58.136447887Z,29460.645987,51467581,1286762496,1277517824
calibration-20260902-g,S1-100-r01,2026-09-01T15:49:58.146596628Z,29470.794721,51467651,1286762496,1277517824
calibration-20260902-g,S1-100-r01,2026-09-01T15:49:58.156701392Z,29480.899493,51467729,1286991872,1277517824
calibration-20260902-g,S1-100-r01,2026-09-01T15:49:58.166378957Z,29490.577057,51467806,1286991872,1277517824
calibration-20260902-g,S1-100-r01,2026-09-01T15:49:58.176572857Z,29500.771016,51515444,1286991872,1277517824
calibration-20260902-g,S1-100-r01,2026-09-01T15:49:58.186860919Z,29511.059018,51552306,1241141248,1231847424
calibration-20260902-g,S1-100-r01,2026-09-01T15:49:58.195978862Z,29520.176956,51561319,1241141248,1231847424
calibration-20260902-g,S1-100-r01,2026-09-01T15:49:58.20618189Z,29530.379990,51561480,1241141248,1231659008
calibration-20260902-g,S1-100-r01,2026-09-01T15:49:58.216339091Z,29540.537190,51561654,1241141248,1231822848
calibration-20260902-g,S1-100-r01,2026-09-01T15:49:58.265688052Z,29589.886147,51562004,1241141248,1231822848
calibration-20260902-g,S1-100-r01,2026-09-01T15:49:58.26676304Z,29590.961139,51562272,1242746880,1233395712
calibration-20260902-g,S1-100-r01,2026-09-01T15:49:58.276962344Z,29601.160444,51610334,1260867584,1251745792
calibration-20260902-g,S1-100-r01,2026-09-01T15:49:58.286220987Z,29610.419089,51646552,1278070784,1268785152
calibration-20260902-g,S1-100-r01,2026-09-01T15:49:58.296433687Z,29620.631787,51667471,1287475200,1278222336
calibration-20260902-g,S1-100-r01,2026-09-01T15:49:58.30660503Z,29630.803129,51667646,1287475200,1278009344
calibration-20260902-g,S1-100-r01,2026-09-01T15:49:58.316754224Z,29640.952323,51667789,1287475200,1278271488
calibration-20260902-g,S1-100-r01,2026-09-01T15:49:58.326891056Z,29651.089156,51667919,1287475200,1278271488
calibration-20260902-g,S1-100-r01,2026-09-01T15:49:58.336005529Z,29660.203628,51668046,1287475200,1278271488
calibration-20260902-g,S1-100-r01,2026-09-01T15:49:58.346188563Z,29670.386662,51668235,1287475200,1278271488
calibration-20260902-g,S1-100-r01,2026-09-01T15:49:58.356404333Z,29680.602433,51668428,1287475200,1278271488
calibration-20260902-g,S1-100-r01,2026-09-01T15:49:58.366616005Z,29690.814104,51668626,1287475200,1278271488
calibration-20260902-g,S1-100-r01,2026-09-01T15:49:58.376773826Z,29700.971925,51716424,1291833344,1282711552
calibration-20260902-g,S1-100-r01,2026-09-01T15:49:58.465687893Z,29789.885993,51770554,1305366528,1295880192
calibration-20260902-g,S1-100-r01,2026-09-01T15:49:58.466840628Z,29791.038727,51770926,1306972160,1297977344
calibration-20260902-g,S1-100-r01,2026-09-01T15:49:58.477021723Z,29801.219822,51819129,1325780992,1316589568
calibration-20260902-g,S1-100-r01,2026-09-01T15:49:58.486275511Z,29810.473611,51855120,1335644160,1326551040
calibration-20260902-g,S1-100-r01,2026-09-01T15:49:58.49644144Z,29820.639540,51864325,1335644160,1326551040
calibration-20260902-g,S1-100-r01,2026-09-01T15:49:58.506601487Z,29830.799586,51864531,1335644160,1326317568
calibration-20260902-g,S1-100-r01,2026-09-01T15:49:58.516692259Z,29840.890359,51864686,1335644160,1326317568
calibration-20260902-g,S1-100-r01,2026-09-01T15:49:58.526829957Z,29851.028057,51864866,1335644160,1326317568
calibration-20260902-g,S1-100-r01,2026-09-01T15:49:58.536978022Z,29861.176122,51865057,1335644160,1326317568
calibration-20260902-g,S1-100-r01,2026-09-01T15:49:58.546189192Z,29870.387291,51865244,1335644160,1326579712
calibration-20260902-g,S1-100-r01,2026-09-01T15:49:58.5563303Z,29880.528400,51865396,1335644160,1326837760
calibration-20260902-g,S1-100-r01,2026-09-01T15:49:58.566893646Z,29891.091754,51865638,1335644160,1326837760
calibration-20260902-g,S1-100-r01,2026-09-01T15:49:58.576253022Z,29900.451122,51895702,1335644160,1326837760
calibration-20260902-g,S1-100-r01,2026-09-01T15:49:58.586500645Z,29910.698764,51949277,1335644160,1326837760
calibration-20260902-g,S1-100-r01,2026-09-01T15:49:58.596673442Z,29920.871541,51967461,1335644160,1326837760
calibration-20260902-g,S1-100-r01,2026-09-01T15:49:58.606863668Z,29931.061767,51967715,1335644160,1326620672
calibration-20260902-g,S1-100-r01,2026-09-01T15:49:58.615998969Z,29940.197069,51967877,1335644160,1326882816
calibration-20260902-g,S1-100-r01,2026-09-01T15:49:58.626226207Z,29950.424306,51968077,1335644160,1326882816
calibration-20260902-g,S1-100-r01,2026-09-01T15:49:58.665699347Z,29989.897446,51968427,1335644160,1326882816
calibration-20260902-g,S1-100-r01,2026-09-01T15:49:58.666834479Z,29991.032578,51968632,1335873536,1326882816
calibration-20260902-g,S1-100-r01,2026-09-01T15:49:58.676965273Z,30001.163395,52017571,1297555456,1288564736
calibration-20260902-g,S1-100-r01,2026-09-01T15:49:58.686363627Z,30010.561726,52053804,1313382400,1304555520
calibration-20260902-g,S1-100-r01,2026-09-01T15:49:58.696556421Z,30020.754521,52067539,1324621824,1315827712
calibration-20260902-g,S1-100-r01,2026-09-01T15:49:58.706757137Z,30030.955237,52067679,1324621824,1315835904
calibration-20260902-g,S1-100-r01,2026-09-01T15:49:58.716906236Z,30041.104335,52067805,1324621824,1315835904
calibration-20260902-g,S1-100-r01,2026-09-01T15:49:58.726003806Z,30050.201905,52067960,1324621824,1315835904
calibration-20260902-g,S1-100-r01,2026-09-01T15:49:58.736206378Z,30060.404477,52068142,1324621824,1315835904
calibration-20260902-g,S1-100-r01,2026-09-01T15:49:58.76572691Z,30089.925009,52068379,1324621824,1316098048
calibration-20260902-g,S1-100-r01,2026-09-01T15:49:58.766900475Z,30091.098574,52068623,1326915584,1318195200
calibration-20260902-g,S1-100-r01,2026-09-01T15:49:58.777029235Z,30101.227330,52116588,1336090624,1327370240
calibration-20260902-g,S1-100-r01,2026-09-01T15:49:58.786229918Z,30110.428012,52152347,1336090624,1327370240
calibration-20260902-g,S1-100-r01,2026-09-01T15:49:58.796408472Z,30120.606566,52168319,1336090624,1327370240
calibration-20260902-g,S1-100-r01,2026-09-01T15:49:58.806617195Z,30130.815295,52168509,1336090624,1327149056
calibration-20260902-g,S1-100-r01,2026-09-01T15:49:58.81684199Z,30141.040089,52168767,1336090624,1327411200
calibration-20260902-g,S1-100-r01,2026-09-01T15:49:58.826034574Z,30150.232682,52168949,1336090624,1327411200
calibration-20260902-g,S1-100-r01,2026-09-01T15:49:58.836163467Z,30160.361566,52169129,1336090624,1327411200
calibration-20260902-g,S1-100-r01,2026-09-01T15:49:58.846341632Z,30170.539731,52169295,1336090624,1327411200
calibration-20260902-g,S1-100-r01,2026-09-01T15:49:58.856516799Z,30180.714899,52169479,1336090624,1327411200
calibration-20260902-g,S1-100-r01,2026-09-01T15:49:58.866751352Z,30190.949453,52170342,1336090624,1327411200
calibration-20260902-g,S1-100-r01,2026-09-01T15:49:58.876911726Z,30201.109821,52217593,1336090624,1327411200
calibration-20260902-g,S1-100-r01,2026-09-01T15:49:58.886152895Z,30210.350995,52253366,1336320000,1327411200
calibration-20260902-g,S1-100-r01,2026-09-01T15:49:58.89648241Z,30220.680509,52266936,1336320000,1327411200
calibration-20260902-g,S1-100-r01,2026-09-01T15:49:58.906673721Z,30230.871815,52267310,1336320000,1327403008
calibration-20260902-g,S1-100-r01,2026-09-01T15:49:58.916797479Z,30240.995573,52267418,1336320000,1327403008
calibration-20260902-g,S1-100-r01,2026-09-01T15:49:58.926964698Z,30251.162796,52267508,1336320000,1327403008
calibration-20260902-g,S1-100-r01,2026-09-01T15:49:58.936103423Z,30260.301517,52267594,1336320000,1327403008
calibration-20260902-g,S1-100-r01,2026-09-01T15:49:58.946274703Z,30270.472797,52267682,1336320000,1327403008
calibration-20260902-g,S1-100-r01,2026-09-01T15:49:58.956408049Z,30280.606149,52267760,1336320000,1327403008
calibration-20260902-g,S1-100-r01,2026-09-01T15:49:58.966593317Z,30290.791417,52267887,1336320000,1327403008
calibration-20260902-g,S1-100-r01,2026-09-01T15:49:58.976815342Z,30301.013441,52316385,1288335360,1279459328
calibration-20260902-g,S1-100-r01,2026-09-01T15:49:58.986392689Z,30310.590789,52352855,1288564736,1279651840
calibration-20260902-g,S1-100-r01,2026-09-01T15:49:58.996607892Z,30320.805992,52366491,1289711616,1280909312
calibration-20260902-g,S1-100-r01,2026-09-01T15:49:59.006840987Z,30331.039087,52366735,1289711616,1280626688
calibration-20260902-g,S1-100-r01,2026-09-01T15:49:59.016985972Z,30341.184070,52366889,1289711616,1280626688
calibration-20260902-g,S1-100-r01,2026-09-01T15:49:59.026132041Z,30350.330140,52367006,1289711616,1280626688
calibration-20260902-g,S1-100-r01,2026-09-01T15:49:59.03628598Z,30360.484079,52367217,1289711616,1280626688
calibration-20260902-g,S1-100-r01,2026-09-01T15:49:59.046415598Z,30370.613698,52367340,1289711616,1280626688
calibration-20260902-g,S1-100-r01,2026-09-01T15:49:59.056578244Z,30380.776344,52367467,1289711616,1280626688
calibration-20260902-g,S1-100-r01,2026-09-01T15:49:59.066785136Z,30390.983235,52367739,1291317248,1282199552
calibration-20260902-g,S1-100-r01,2026-09-01T15:49:59.076983826Z,30401.181925,52415666,1309667328,1300549632
calibration-20260902-g,S1-100-r01,2026-09-01T15:49:59.086198389Z,30410.396489,52451720,1322512384,1313394688
calibration-20260902-g,S1-100-r01,2026-09-01T15:49:59.096372947Z,30420.571047,52469754,1322512384,1313656832
calibration-20260902-g,S1-100-r01,2026-09-01T15:49:59.106640002Z,30430.838101,52470010,1322512384,1313665024
calibration-20260902-g,S1-100-r01,2026-09-01T15:49:59.116770785Z,30440.968879,52470297,1322512384,1313665024
calibration-20260902-g,S1-100-r01,2026-09-01T15:49:59.126935885Z,30451.133979,52470389,1322512384,1313665024
calibration-20260902-g,S1-100-r01,2026-09-01T15:49:59.136152968Z,30460.351062,52470523,1322512384,1313665024
calibration-20260902-g,S1-100-r01,2026-09-01T15:49:59.146356434Z,30470.554527,52470673,1322512384,1313513472
calibration-20260902-g,S1-100-r01,2026-09-01T15:49:59.156529983Z,30480.728083,52470815,1322512384,1313513472
calibration-20260902-g,S1-100-r01,2026-09-01T15:49:59.166746732Z,30490.944832,52470997,1324347392,1315348480
calibration-20260902-g,S1-100-r01,2026-09-01T15:49:59.176937205Z,30501.135304,52519017,1336733696,1327931392
calibration-20260902-g,S1-100-r01,2026-09-01T15:49:59.186149008Z,30510.347107,52554909,1336733696,1328197632
calibration-20260902-g,S1-100-r01,2026-09-01T15:49:59.196393482Z,30520.591580,52568523,1336733696,1327955968
calibration-20260902-g,S1-100-r01,2026-09-01T15:49:59.206612009Z,30530.810110,52568704,1336733696,1328218112
calibration-20260902-g,S1-100-r01,2026-09-01T15:49:59.265683788Z,30589.881887,52569099,1336733696,1327964160
calibration-20260902-g,S1-100-r01,2026-09-01T15:49:59.26689361Z,30591.091708,52569346,1336733696,1328226304
calibration-20260902-g,S1-100-r01,2026-09-01T15:49:59.276516216Z,30600.714310,52617632,1288544256,1280425984
calibration-20260902-g,S1-100-r01,2026-09-01T15:49:59.286729588Z,30610.927682,52654077,1288773632,1280425984
calibration-20260902-g,S1-100-r01,2026-09-01T15:49:59.296950406Z,30621.148505,52667490,1288773632,1280589824
calibration-20260902-g,S1-100-r01,2026-09-01T15:49:59.306115945Z,30630.314044,52667688,1288773632,1280352256
calibration-20260902-g,S1-100-r01,2026-09-01T15:49:59.316312838Z,30640.510938,52667889,1288773632,1280614400
calibration-20260902-g,S1-100-r01,2026-09-01T15:49:59.326456774Z,30650.654874,52668074,1288773632,1280614400
calibration-20260902-g,S1-100-r01,2026-09-01T15:49:59.336619768Z,30660.817867,52668253,1288773632,1280614400
calibration-20260902-g,S1-100-r01,2026-09-01T15:49:59.365685784Z,30689.883883,52668567,1288773632,1280614400
calibration-20260902-g,S1-100-r01,2026-09-01T15:49:59.366877089Z,30691.075188,52668762,1288773632,1280614400
calibration-20260902-g,S1-100-r01,2026-09-01T15:49:59.375993552Z,30700.191651,52698474,1288773632,1280614400
calibration-20260902-g,S1-100-r01,2026-09-01T15:49:59.386183049Z,30710.381143,52753898,1244602368,1236508672
calibration-20260902-g,S1-100-r01,2026-09-01T15:49:59.396362954Z,30720.561053,52763003,1244831744,1236508672
calibration-20260902-g,S1-100-r01,2026-09-01T15:49:59.406544776Z,30730.742876,52763225,1244831744,1236520960
calibration-20260902-g,S1-100-r01,2026-09-01T15:49:59.416637605Z,30740.835705,52763380,1244831744,1236422656
calibration-20260902-g,S1-100-r01,2026-09-01T15:49:59.426821949Z,30751.020049,52763554,1244831744,1236422656
calibration-20260902-g,S1-100-r01,2026-09-01T15:49:59.436956353Z,30761.154452,52763668,1244831744,1236422656
calibration-20260902-g,S1-100-r01,2026-09-01T15:49:59.446167707Z,30770.365807,52763808,1244831744,1236422656
calibration-20260902-g,S1-100-r01,2026-09-01T15:49:59.465670497Z,30789.868591,52763900,1244831744,1236422656
calibration-20260902-g,S1-100-r01,2026-09-01T15:49:59.466791154Z,30790.989253,52764159,1246208000,1237995520
calibration-20260902-g,S1-100-r01,2026-09-01T15:49:59.476431057Z,30800.629162,52800837,1263411200,1254965248
calibration-20260902-g,S1-100-r01,2026-09-01T15:49:59.486797667Z,30810.995767,52828426,1279467520,1271218176
calibration-20260902-g,S1-100-r01,2026-09-01T15:49:59.49702341Z,30821.221510,52860031,1289330688,1281179648
calibration-20260902-g,S1-100-r01,2026-09-01T15:49:59.506250248Z,30830.448347,52860225,1289330688,1281310720
calibration-20260902-g,S1-100-r01,2026-09-01T15:49:59.516431928Z,30840.630027,52860392,1289330688,1281310720
calibration-20260902-g,S1-100-r01,2026-09-01T15:49:59.526642231Z,30850.840330,52860588,1289330688,1281310720
calibration-20260902-g,S1-100-r01,2026-09-01T15:49:59.536820776Z,30861.018875,52860838,1289330688,1281310720
calibration-20260902-g,S1-100-r01,2026-09-01T15:49:59.54599836Z,30870.196459,52861037,1289330688,1281310720
calibration-20260902-g,S1-100-r01,2026-09-01T15:49:59.556125092Z,30880.323192,52861179,1289330688,1281310720
calibration-20260902-g,S1-100-r01,2026-09-01T15:49:59.566295429Z,30890.493528,52861362,1289330688,1281310720
calibration-20260902-g,S1-100-r01,2026-09-01T15:49:59.576507998Z,30900.706098,52897175,1289330688,1281310720
calibration-20260902-g,S1-100-r01,2026-09-01T15:49:59.586794551Z,30910.992651,52926541,1289789440,1281327104
calibration-20260902-g,S1-100-r01,2026-09-01T15:49:59.596952235Z,30921.150334,52960488,1306992640,1298366464
calibration-20260902-g,S1-100-r01,2026-09-01T15:49:59.606126971Z,30930.325071,52960707,1306992640,1298407424
calibration-20260902-g,S1-100-r01,2026-09-01T15:49:59.616383104Z,30940.581204,52960957,1306992640,1298407424
calibration-20260902-g,S1-100-r01,2026-09-01T15:49:59.626533751Z,30950.731850,52961153,1306992640,1298407424
calibration-20260902-g,S1-100-r01,2026-09-01T15:49:59.63669507Z,30960.893169,52961348,1306992640,1298407424
calibration-20260902-g,S1-100-r01,2026-09-01T15:49:59.646902699Z,30971.100798,52961548,1306992640,1298407424
calibration-20260902-g,S1-100-r01,2026-09-01T15:49:59.65609233Z,30980.290430,52961738,1306992640,1298407424
calibration-20260902-g,S1-100-r01,2026-09-01T15:49:59.666316985Z,30990.515084,52961979,1308139520,1299718144
calibration-20260902-g,S1-100-r01,2026-09-01T15:49:59.676510081Z,31000.708180,52998173,1327177728,1318854656
calibration-20260902-g,S1-100-r01,2026-09-01T15:49:59.686629722Z,31010.827823,53025850,1337958400,1329602560
calibration-20260902-g,S1-100-r01,2026-09-01T15:49:59.696817644Z,31021.015744,53057245,1338187776,1329602560
calibration-20260902-g,S1-100-r01,2026-09-01T15:49:59.7070256Z,31031.223700,53061896,1338187776,1329688576
calibration-20260902-g,S1-100-r01,2026-09-01T15:49:59.716204981Z,31040.403080,53062034,1338187776,1329688576
calibration-20260902-g,S1-100-r01,2026-09-01T15:49:59.765721609Z,31089.919708,53062254,1338187776,1329688576
calibration-20260902-g,S1-100-r01,2026-09-01T15:49:59.766897228Z,31091.095327,53062544,1338187776,1329688576
calibration-20260902-g,S1-100-r01,2026-09-01T15:49:59.776842651Z,31101.040750,53093421,1290391552,1281904640
calibration-20260902-g,S1-100-r01,2026-09-01T15:49:59.786017645Z,31110.215744,53111396,1290391552,1281257472
calibration-20260902-g,S1-100-r01,2026-09-01T15:49:59.796213156Z,31120.411255,53129399,1290391552,1281257472
calibration-20260902-g,S1-100-r01,2026-09-01T15:49:59.806469994Z,31130.668093,53151857,1290391552,1281159168
calibration-20260902-g,S1-100-r01,2026-09-01T15:49:59.816679632Z,31140.877731,53156501,1290391552,1281159168
calibration-20260902-g,S1-100-r01,2026-09-01T15:49:59.8268939Z,31151.092008,53156671,1290391552,1281159168
calibration-20260902-g,S1-100-r01,2026-09-01T15:49:59.836081412Z,31160.279512,53156803,1290391552,1281159168
calibration-20260902-g,S1-100-r01,2026-09-01T15:49:59.846276986Z,31170.475086,53156949,1290391552,1281155072
calibration-20260902-g,S1-100-r01,2026-09-01T15:49:59.856402191Z,31180.600290,53157067,1290391552,1281417216
calibration-20260902-g,S1-100-r01,2026-09-01T15:49:59.86658223Z,31190.780329,53157184,1290391552,1281417216
calibration-20260902-g,S1-100-r01,2026-09-01T15:49:59.876842061Z,31201.040160,53181172,1290391552,1281417216
calibration-20260902-g,S1-100-r01,2026-09-01T15:49:59.886012791Z,31210.210885,53201000,1290391552,1281417216
calibration-20260902-g,S1-100-r01,2026-09-01T15:49:59.896203215Z,31220.401315,53217313,1290391552,1281941504
calibration-20260902-g,S1-100-r01,2026-09-01T15:49:59.906527331Z,31230.725431,53244392,1290391552,1281679360
calibration-20260902-g,S1-100-r01,2026-09-01T15:49:59.916677666Z,31240.875760,53255418,1242427392,1233698816
calibration-20260902-g,S1-100-r01,2026-09-01T15:49:59.926858716Z,31251.056815,53255579,1242427392,1233698816
calibration-20260902-g,S1-100-r01,2026-09-01T15:49:59.935993572Z,31260.191666,53255852,1242427392,1233604608
calibration-20260902-g,S1-100-r01,2026-09-01T15:49:59.946180854Z,31270.378948,53255971,1242427392,1233604608
calibration-20260902-g,S1-100-r01,2026-09-01T15:49:59.956360228Z,31280.558322,53256098,1242427392,1233604608
calibration-20260902-g,S1-100-r01,2026-09-01T15:49:59.966534736Z,31290.732835,53256231,1242427392,1233604608
calibration-20260902-g,S1-100-r01,2026-09-01T15:49:59.976076843Z,31300.274942,53264274,1242427392,1233793024
calibration-20260902-g,S1-100-r01,2026-09-01T15:49:59.986264592Z,31310.462691,53277761,1242427392,1233793024
calibration-20260902-g,S1-100-r01,2026-09-01T15:49:59.996430517Z,31320.628616,53291275,1242427392,1233793024
calibration-20260902-g,S1-100-r01,2026-09-01T15:50:00.006565571Z,31330.763666,53300568,1242427392,1233600512
calibration-20260902-g,S1-100-r01,2026-09-01T15:50:00.016744924Z,31340.943023,53314045,1242427392,1233600512
calibration-20260902-g,S1-100-r01,2026-09-01T15:50:00.026893355Z,31351.091450,53324659,1194311680,1185771520
calibration-20260902-g,S1-100-r01,2026-09-01T15:50:00.027614772Z,31351.812871,53325076,1194541056,1185751040
calibration-20260902-g,F1-r01,2026-09-01T15:50:00.371804395Z,0.006077,53588076,59756544,46002176
calibration-20260902-g,F1-r01,2026-09-01T15:50:00.382125867Z,10.327550,53591975,65261568,50888704
calibration-20260902-g,F1-r01,2026-09-01T15:50:00.392325634Z,20.527316,53592154,65261568,50888704
calibration-20260902-g,F1-r01,2026-09-01T15:50:00.402474346Z,30.676027,53592333,65261568,50794496
calibration-20260902-g,F1-r01,2026-09-01T15:50:00.412659233Z,40.860915,53592570,65261568,50794496
calibration-20260902-g,F1-r01,2026-09-01T15:50:00.422852505Z,51.054188,53592752,65261568,50794496
calibration-20260902-g,F1-r01,2026-09-01T15:50:00.431928068Z,60.129751,53592883,65261568,50794496
calibration-20260902-g,F1-r01,2026-09-01T15:50:00.442148936Z,70.350621,53593071,65261568,50794496
calibration-20260902-g,F1-r01,2026-09-01T15:50:00.452313815Z,80.515497,53593256,65261568,50794496
calibration-20260902-g,F1-r01,2026-09-01T15:50:00.462493578Z,90.695261,53593410,65261568,50794496
calibration-20260902-g,F1-r01,2026-09-01T15:50:00.472592673Z,100.794356,53593661,65261568,50794496
calibration-20260902-g,F1-r01,2026-09-01T15:50:00.48273988Z,110.941562,53593830,65261568,50794496
calibration-20260902-g,F1-r01,2026-09-01T15:50:00.492833388Z,121.035070,53593983,65261568,50794496
calibration-20260902-g,F1-r01,2026-09-01T15:50:00.501916518Z,130.118200,53594135,65261568,50794496
calibration-20260902-g,F1-r01,2026-09-01T15:50:00.512098908Z,140.300590,53594296,65261568,50794496
calibration-20260902-g,F1-r01,2026-09-01T15:50:00.522307126Z,150.508808,53594502,65261568,50794496
calibration-20260902-g,F1-r01,2026-09-01T15:50:00.532474961Z,160.676643,53594670,65261568,50794496
calibration-20260902-g,F1-r01,2026-09-01T15:50:00.542671454Z,170.873136,53594849,65261568,50794496
calibration-20260902-g,F1-r01,2026-09-01T15:50:00.552800132Z,181.001814,53595060,65261568,50794496
calibration-20260902-g,F1-r01,2026-09-01T15:50:00.561961089Z,190.162771,53595212,65261568,50794496
calibration-20260902-g,F1-r01,2026-09-01T15:50:00.572132503Z,200.334185,53595375,65261568,50794496
calibration-20260902-g,F1-r01,2026-09-01T15:50:00.581912078Z,210.113761,53599119,66547712,52174848
calibration-20260902-g,F1-r01,2026-09-01T15:50:00.592078291Z,220.279974,53599244,66547712,52174848
calibration-20260902-g,F1-r01,2026-09-01T15:50:00.602245135Z,230.446817,53599373,66547712,52174848
calibration-20260902-g,F1-r01,2026-09-01T15:50:00.61238183Z,240.583513,53599528,66547712,52174848
calibration-20260902-g,F1-r01,2026-09-01T15:50:00.622565103Z,250.766785,53599691,66547712,52174848
calibration-20260902-g,F1-r01,2026-09-01T15:50:00.63271595Z,260.917632,53599856,66547712,52174848
calibration-20260902-g,F1-r01,2026-09-01T15:50:00.642909854Z,271.111536,53600095,66547712,52174848
calibration-20260902-g,F1-r01,2026-09-01T15:50:00.652044289Z,280.245972,53600286,66547712,52174848
calibration-20260902-g,F1-r01,2026-09-01T15:50:00.662264661Z,290.466344,53600470,66547712,52174848
calibration-20260902-g,F1-r01,2026-09-01T15:50:00.672477676Z,300.679358,53600658,66547712,52174848
calibration-20260902-g,F1-r01,2026-09-01T15:50:00.682737843Z,310.939526,53600940,66547712,52174848
calibration-20260902-g,F1-r01,2026-09-01T15:50:00.69286088Z,321.062563,53601148,66547712,52174848
calibration-20260902-g,F1-r01,2026-09-01T15:50:00.702064388Z,330.266071,53601303,66547712,52174848
calibration-20260902-g,F1-r01,2026-09-01T15:50:00.712185767Z,340.387449,53601473,66547712,52174848
calibration-20260902-g,F1-r01,2026-09-01T15:50:00.722383075Z,350.584757,53601665,66547712,52174848
calibration-20260902-g,F1-r01,2026-09-01T15:50:00.732554505Z,360.756188,53601836,66547712,52174848
calibration-20260902-g,F1-r01,2026-09-01T15:50:00.742693338Z,370.895020,53601998,66547712,52174848
calibration-20260902-g,F1-r01,2026-09-01T15:50:00.752777017Z,380.978699,53602216,66547712,52174848
calibration-20260902-g,F1-r01,2026-09-01T15:50:00.762939767Z,391.141454,53602381,66547712,52174848
calibration-20260902-g,F1-r01,2026-09-01T15:50:00.772132618Z,400.334300,53602565,66547712,51810304
calibration-20260902-g,F1-r01,2026-09-01T15:50:00.77994951Z,408.151190,53603327,66547712,52072448
