run_id,trial_id,timestamp,offset_ms,fault_kind,kill_switch_enabled,transform_inflight,transform_waiting,coordinator_keys,coordinator_waiters,original_bytes_inflight,derivative_hits,derivative_misses,transform_success,transform_error,transform_timeout,transform_shed,kill_switch_rejected,fault_injections
calib-d-faults,bounded-wait-slow-transform-r01,2026-09-11T12:22:01.958411128Z,0.053,none,false,0,0,0,0,0,4,4,4,0,0,0,0,0
calib-d-faults,bounded-wait-slow-transform-r01,2026-09-11T12:22:02.959071161Z,1000.713,none,false,0,0,0,0,0,23,4,4,0,0,0,0,0
calib-d-faults,bounded-wait-slow-transform-r01,2026-09-11T12:22:03.959069393Z,2000.711,none,false,0,0,0,0,0,43,5,5,0,0,0,0,0
calib-d-faults,bounded-wait-slow-transform-r01,2026-09-11T12:22:04.958907658Z,3000.549,none,false,0,0,0,0,0,63,7,7,0,0,0,0,0
calib-d-faults,bounded-wait-slow-transform-r01,2026-09-11T12:22:05.958847256Z,4000.489,none,false,0,0,0,0,0,83,8,8,0,0,0,0,0
calib-d-faults,bounded-wait-slow-transform-r01,2026-09-11T12:22:06.9590942Z,5000.736,none,false,0,0,0,0,0,103,10,10,0,0,0,0,0
calib-d-faults,bounded-wait-slow-transform-r01,2026-09-11T12:22:08.563258379Z,6000.670,none,false,0,0,0,0,0,123,11,11,0,0,0,0,0
calib-d-faults,bounded-wait-slow-transform-r01,2026-09-11T12:22:12.296015536Z,7000.384,none,false,0,0,0,0,0,143,13,13,0,0,0,0,0
calib-d-faults,bounded-wait-slow-transform-r01,2026-09-11T12:22:13.296736904Z,8001.105,none,false,0,0,0,0,0,163,14,14,0,0,0,0,0
calib-d-faults,bounded-wait-slow-transform-r01,2026-09-11T12:22:14.295797385Z,9000.165,none,false,0,0,0,0,0,183,16,16,0,0,0,0,0
calib-d-faults,bounded-wait-slow-transform-r01,2026-09-11T12:22:15.296928396Z,10001.296,none,false,0,0,1,0,0,203,18,17,0,0,0,0,0
calib-d-faults,bounded-wait-slow-transform-r01,2026-09-11T12:22:16.296320157Z,11000.688,none,false,0,0,0,0,0,223,19,19,0,0,0,0,0
calib-d-faults,bounded-wait-slow-transform-r01,2026-09-11T12:22:17.295994046Z,12000.362,none,false,0,0,0,0,0,243,20,20,0,0,0,0,0
calib-d-faults,bounded-wait-slow-transform-r01,2026-09-11T12:22:18.296717287Z,13001.085,none,false,0,0,0,0,0,263,22,22,0,0,0,0,0
calib-d-faults,bounded-wait-slow-transform-r01,2026-09-11T12:22:19.296171123Z,14000.539,none,false,0,0,0,0,0,283,23,23,0,0,0,0,0
calib-d-faults,bounded-wait-slow-transform-r01,2026-09-11T12:22:20.29670906Z,15001.077,none,false,0,0,1,0,0,303,26,25,0,0,0,0,0
calib-d-faults,bounded-wait-slow-transform-r01,2026-09-11T12:22:21.296168871Z,16000.537,none,false,0,0,0,0,0,323,26,26,0,0,0,0,0
calib-d-faults,bounded-wait-slow-transform-r01,2026-09-11T12:22:22.296413021Z,17000.781,none,false,0,0,0,0,0,343,28,28,0,0,0,0,0
calib-d-faults,bounded-wait-slow-transform-r01,2026-09-11T12:22:23.296719155Z,18001.087,none,false,0,0,0,0,0,363,29,29,0,0,0,0,0
calib-d-faults,bounded-wait-slow-transform-r01,2026-09-11T12:22:24.296344829Z,19000.713,none,false,0,0,0,0,0,383,31,31,0,0,0,0,0
calib-d-faults,bounded-wait-slow-transform-r01,2026-09-11T12:22:25.295926418Z,20000.295,none,false,0,0,0,0,0,403,32,32,0,0,0,0,0
calib-d-faults,bounded-wait-slow-transform-r01,2026-09-11T12:22:26.296779486Z,21001.148,none,false,0,0,0,0,0,423,34,34,0,0,0,0,0
calib-d-faults,bounded-wait-slow-transform-r01,2026-09-11T12:22:27.295910931Z,22000.279,none,false,0,0,0,0,0,443,35,35,0,0,0,0,0
calib-d-faults,bounded-wait-slow-transform-r01,2026-09-11T12:22:28.296456222Z,23000.824,none,false,0,0,0,0,0,463,37,37,0,0,0,0,0
calib-d-faults,bounded-wait-slow-transform-r01,2026-09-11T12:22:29.296641644Z,24001.010,none,false,0,0,0,0,0,483,38,38,0,0,0,0,0
calib-d-faults,bounded-wait-slow-transform-r01,2026-09-11T12:22:30.296291267Z,25000.659,none,false,0,0,0,0,0,503,40,40,0,0,0,0,0
calib-d-faults,bounded-wait-slow-transform-r01,2026-09-11T12:22:31.295778244Z,26000.146,none,false,0,0,0,0,0,523,41,41,0,0,0,0,0
calib-d-faults,bounded-wait-slow-transform-r01,2026-09-11T12:22:32.296727473Z,27001.096,none,false,0,0,0,0,0,543,43,43,0,0,0,0,0
calib-d-faults,bounded-wait-slow-transform-r01,2026-09-11T12:22:33.295770126Z,28000.138,none,false,0,0,0,0,0,563,44,44,0,0,0,0,0
calib-d-faults,bounded-wait-slow-transform-r01,2026-09-11T12:22:34.296084785Z,29000.453,none,false,0,0,0,0,0,583,46,46,0,0,0,0,0
calib-d-faults,bounded-wait-slow-transform-r01,2026-09-11T12:22:35.29685257Z,30001.221,slow-transform,false,0,0,0,0,0,603,47,47,0,0,0,0,0
calib-d-faults,bounded-wait-slow-transform-r01,2026-09-11T12:22:36.296426947Z,31000.795,slow-transform,false,1,0,1,0,4075024,623,49,48,0,0,0,0,1
calib-d-faults,bounded-wait-slow-transform-r01,2026-09-11T12:22:37.296353751Z,32000.722,slow-transform,false,2,0,2,0,8150048,643,50,48,0,0,0,0,2
calib-d-faults,bounded-wait-slow-transform-r01,2026-09-11T12:22:38.296470018Z,33000.838,slow-transform,false,3,0,3,0,12225072,663,53,49,0,0,0,0,3
calib-d-faults,bounded-wait-slow-transform-r01,2026-09-11T12:22:39.296659787Z,34001.028,slow-transform,false,4,0,4,0,16300096,683,53,49,0,0,0,0,4
calib-d-faults,bounded-wait-slow-transform-r01,2026-09-11T12:22:40.296924944Z,35001.293,slow-transform,false,4,3,7,0,16300096,703,56,49,0,0,0,0,4
calib-d-faults,bounded-wait-slow-transform-r01,2026-09-11T12:22:41.896708737Z,36000.704,slow-transform,false,4,3,7,0,16300096,723,56,49,0,0,0,0,4
calib-d-faults,bounded-wait-slow-transform-r01,2026-09-11T12:22:45.643321853Z,37000.758,slow-transform,false,4,4,8,0,16300096,743,59,49,0,0,2,0,4
calib-d-faults,bounded-wait-slow-transform-r01,2026-09-11T12:22:46.643634214Z,38001.070,slow-transform,false,4,1,5,0,16300096,763,59,49,0,0,5,0,4
calib-d-faults,bounded-wait-slow-transform-r01,2026-09-11T12:22:47.643578059Z,39001.014,slow-transform,false,4,2,6,0,16300096,783,61,49,0,0,6,0,4
calib-d-faults,bounded-wait-slow-transform-r01,2026-09-11T12:22:48.643803477Z,40001.240,slow-transform,false,4,2,6,0,16300096,803,63,49,0,0,8,0,4
calib-d-faults,bounded-wait-slow-transform-r01,2026-09-11T12:22:49.643833956Z,41001.270,slow-transform,false,4,2,6,0,16300096,824,64,49,0,0,9,0,4
calib-d-faults,bounded-wait-slow-transform-r01,2026-09-11T12:22:50.643486997Z,42000.923,slow-transform,false,4,3,7,0,16300096,843,65,49,0,0,9,0,4
calib-d-faults,bounded-wait-slow-transform-r01,2026-09-11T12:22:51.643706164Z,43001.142,slow-transform,false,4,3,7,0,16300096,863,67,49,0,0,11,0,4
calib-d-faults,bounded-wait-slow-transform-r01,2026-09-11T12:22:52.64300873Z,44000.445,slow-transform,false,4,3,7,0,16300096,883,68,49,0,0,12,0,4
calib-d-faults,bounded-wait-slow-transform-r01,2026-09-11T12:22:53.643729625Z,45001.166,slow-transform,false,4,4,8,0,16300096,903,71,49,0,0,14,0,4
calib-d-faults,bounded-wait-slow-transform-r01,2026-09-11T12:22:54.643546554Z,46000.983,slow-transform,false,4,1,5,0,16300096,923,71,51,0,0,15,0,5
calib-d-faults,bounded-wait-slow-transform-r01,2026-09-11T12:22:55.643483319Z,47000.920,slow-transform,false,4,2,6,0,16300096,943,73,52,0,0,15,0,6
calib-d-faults,bounded-wait-slow-transform-r01,2026-09-11T12:22:56.643122081Z,48000.558,slow-transform,false,4,1,5,0,16300096,963,74,54,0,0,15,0,7
calib-d-faults,bounded-wait-slow-transform-r01,2026-09-11T12:22:57.64365479Z,49001.091,slow-transform,false,4,2,6,0,16300096,983,76,55,0,0,15,0,8
calib-d-faults,bounded-wait-slow-transform-r01,2026-09-11T12:22:58.643172548Z,50000.609,slow-transform,false,4,3,7,0,16300096,1003,77,55,0,0,15,0,8
calib-d-faults,bounded-wait-slow-transform-r01,2026-09-11T12:22:59.643648402Z,51001.085,slow-transform,false,4,3,7,0,16300096,1023,79,55,0,0,17,0,8
calib-d-faults,bounded-wait-slow-transform-r01,2026-09-11T12:23:00.64346746Z,52000.904,slow-transform,false,4,3,7,0,16300096,1043,80,55,0,0,18,0,8
calib-d-faults,bounded-wait-slow-transform-r01,2026-09-11T12:23:01.642811218Z,53000.247,slow-transform,false,4,3,7,0,16300096,1063,82,55,0,0,20,0,8
calib-d-faults,bounded-wait-slow-transform-r01,2026-09-11T12:23:02.643090547Z,54000.527,slow-transform,false,4,3,7,0,16300096,1083,83,55,0,0,21,0,8
calib-d-faults,bounded-wait-slow-transform-r01,2026-09-11T12:23:03.64359165Z,55001.028,slow-transform,false,4,3,7,0,16300096,1103,85,55,0,0,23,0,8
calib-d-faults,bounded-wait-slow-transform-r01,2026-09-11T12:23:04.643137895Z,56000.574,slow-transform,false,4,3,7,0,16300096,1123,86,55,0,0,24,0,8
calib-d-faults,bounded-wait-slow-transform-r01,2026-09-11T12:23:05.643057691Z,57000.494,slow-transform,false,4,3,7,0,16300096,1143,88,55,0,0,26,0,8
calib-d-faults,bounded-wait-slow-transform-r01,2026-09-11T12:23:06.642941046Z,58000.377,slow-transform,false,4,3,7,0,16300096,1163,89,55,0,0,27,0,8
calib-d-faults,bounded-wait-slow-transform-r01,2026-09-11T12:23:07.642961848Z,59000.398,slow-transform,false,4,3,7,0,16300096,1183,91,55,0,0,29,0,8
calib-d-faults,bounded-wait-slow-transform-r01,2026-09-11T12:23:08.643281415Z,60000.718,slow-transform,false,4,2,6,0,16300096,1203,92,55,0,0,31,0,8
calib-d-faults,bounded-wait-slow-transform-r01,2026-09-11T12:23:09.643013266Z,61000.449,slow-transform,false,4,2,6,0,16300096,1223,94,56,0,0,32,0,9
calib-d-faults,bounded-wait-slow-transform-r01,2026-09-11T12:23:10.643222501Z,62000.659,slow-transform,false,4,1,5,0,16300096,1243,95,58,0,0,32,0,10
calib-d-faults,bounded-wait-slow-transform-r01,2026-09-11T12:23:11.643192398Z,63000.629,slow-transform,false,4,2,6,0,16300096,1263,97,59,0,0,32,0,11
calib-d-faults,bounded-wait-slow-transform-r01,2026-09-11T12:23:12.643512111Z,64000.948,slow-transform,false,4,1,5,0,16300096,1283,98,61,0,0,32,0,12
calib-d-faults,bounded-wait-slow-transform-r01,2026-09-11T12:23:13.643025255Z,65000.461,slow-transform,false,4,3,7,0,16300096,1303,100,61,0,0,32,0,12
calib-d-faults,bounded-wait-slow-transform-r01,2026-09-11T12:23:15.230146892Z,66000.651,slow-transform,false,4,3,7,0,16300096,1323,101,61,0,0,33,0,12
calib-d-faults,bounded-wait-slow-transform-r01,2026-09-11T12:23:18.965607763Z,67000.719,slow-transform,false,4,2,6,0,16300096,1343,103,61,0,0,36,0,12
calib-d-faults,bounded-wait-slow-transform-r01,2026-09-11T12:23:19.96592167Z,68001.033,slow-transform,false,4,3,7,0,16300096,1363,104,61,0,0,36,0,12
calib-d-faults,bounded-wait-slow-transform-r01,2026-09-11T12:23:20.965944966Z,69001.057,slow-transform,false,4,2,6,0,16300096,1383,106,61,0,0,39,0,12
calib-d-faults,bounded-wait-slow-transform-r01,2026-09-11T12:23:21.965613619Z,70000.725,slow-transform,false,4,3,7,0,16300096,1403,107,61,0,0,39,0,12
calib-d-faults,bounded-wait-slow-transform-r01,2026-09-11T12:23:22.965133271Z,71000.245,slow-transform,false,4,3,7,0,16300096,1423,109,61,0,0,41,0,12
calib-d-faults,bounded-wait-slow-transform-r01,2026-09-11T12:23:23.965402967Z,72000.515,slow-transform,false,4,3,7,0,16300096,1443,110,61,0,0,42,0,12
calib-d-faults,bounded-wait-slow-transform-r01,2026-09-11T12:23:24.965773766Z,73000.885,slow-transform,false,4,3,7,0,16300096,1463,112,61,0,0,44,0,12
calib-d-faults,bounded-wait-slow-transform-r01,2026-09-11T12:23:25.965883194Z,74000.995,slow-transform,false,4,2,6,0,16300096,1483,113,61,0,0,46,0,12
calib-d-faults,bounded-wait-slow-transform-r01,2026-09-11T12:23:26.965132466Z,75000.244,slow-transform,false,4,3,7,0,16300096,1503,115,61,0,0,47,0,12
calib-d-faults,bounded-wait-slow-transform-r01,2026-09-11T12:23:27.966725864Z,76001.837,slow-transform,false,4,1,6,0,16300096,1523,116,61,0,0,50,0,12
calib-d-faults,bounded-wait-slow-transform-r01,2026-09-11T12:23:28.965220832Z,77000.332,slow-transform,false,4,2,6,0,16300096,1543,118,62,0,0,50,0,13
calib-d-faults,bounded-wait-slow-transform-r01,2026-09-11T12:23:29.969468225Z,78004.580,slow-transform,false,4,1,5,0,16300096,1563,119,64,0,0,50,0,14
calib-d-faults,bounded-wait-slow-transform-r01,2026-09-11T12:23:30.96595411Z,79001.066,slow-transform,false,4,2,6,0,16300096,1583,121,65,0,0,50,0,15
calib-d-faults,bounded-wait-slow-transform-r01,2026-09-11T12:23:31.965503803Z,80000.615,slow-transform,false,4,2,6,0,16300096,1603,122,66,0,0,50,0,16
calib-d-faults,bounded-wait-slow-transform-r01,2026-09-11T12:23:32.965471969Z,81000.584,slow-transform,false,4,3,7,0,16300096,1623,124,66,0,0,51,0,16
calib-d-faults,bounded-wait-slow-transform-r01,2026-09-11T12:23:33.965356565Z,82000.468,slow-transform,false,4,3,7,0,16300096,1643,125,66,0,0,52,0,16
calib-d-faults,bounded-wait-slow-transform-r01,2026-09-11T12:23:34.965342035Z,83000.454,slow-transform,false,4,3,7,0,16300096,1663,127,66,0,0,54,0,16
calib-d-faults,bounded-wait-slow-transform-r01,2026-09-11T12:23:35.965429495Z,84000.541,slow-transform,false,4,3,7,0,16300096,1683,128,66,0,0,55,0,16
calib-d-faults,bounded-wait-slow-transform-r01,2026-09-11T12:23:36.965593869Z,85000.706,slow-transform,false,4,2,6,0,16300096,1703,130,66,0,0,58,0,16
calib-d-faults,bounded-wait-slow-transform-r01,2026-09-11T12:23:37.965921798Z,86001.033,slow-transform,false,4,1,5,0,16300096,1723,131,66,0,0,60,0,16
calib-d-faults,bounded-wait-slow-transform-r01,2026-09-11T12:23:38.965564381Z,87000.676,slow-transform,false,4,3,7,0,16300096,1743,133,66,0,0,60,0,16
calib-d-faults,bounded-wait-slow-transform-r01,2026-09-11T12:23:39.965664515Z,88000.776,slow-transform,false,4,3,7,0,16300096,1763,134,66,0,0,61,0,16
calib-d-faults,bounded-wait-slow-transform-r01,2026-09-11T12:23:40.965681204Z,89000.793,slow-transform,false,4,3,7,0,16300096,1783,136,66,0,0,63,0,16
calib-d-faults,bounded-wait-slow-transform-r01,2026-09-11T12:23:41.964996031Z,90000.108,slow-transform,false,4,3,7,0,16300096,1803,137,66,0,0,64,0,16
calib-d-faults,bounded-wait-slow-transform-r01,2026-09-11T12:23:42.965289911Z,91000.402,none,false,4,3,7,0,16300096,1823,139,66,0,0,66,0,16
calib-d-faults,bounded-wait-slow-transform-r01,2026-09-11T12:23:43.965373761Z,92000.485,none,false,4,1,5,0,16300096,1843,140,68,0,0,67,0,16
calib-d-faults,bounded-wait-slow-transform-r01,2026-09-11T12:23:44.966042782Z,93001.154,none,false,4,0,4,0,16300096,1863,142,71,0,0,67,0,16
calib-d-faults,bounded-wait-slow-transform-r01,2026-09-11T12:23:45.965385734Z,94000.497,none,false,1,0,1,0,4075024,1883,143,75,0,0,67,0,16
calib-d-faults,bounded-wait-slow-transform-r01,2026-09-11T12:23:46.96523005Z,95000.342,none,false,0,0,0,0,0,1901,145,78,0,0,67,0,16
calib-d-faults,bounded-wait-slow-transform-r01,2026-09-11T12:23:48.5634708Z,96000.583,none,false,0,0,0,0,0,1921,146,79,0,0,67,0,16
calib-d-faults,bounded-wait-slow-transform-r01,2026-09-11T12:23:52.300603792Z,97001.045,none,false,0,0,0,0,0,1941,148,81,0,0,67,0,16
calib-d-faults,bounded-wait-slow-transform-r01,2026-09-11T12:23:53.299828897Z,98000.270,none,false,0,0,0,0,0,1961,149,82,0,0,67,0,16
calib-d-faults,bounded-wait-slow-transform-r01,2026-09-11T12:23:54.299653624Z,99000.095,none,false,0,0,0,0,0,1981,151,84,0,0,67,0,16
calib-d-faults,bounded-wait-slow-transform-r01,2026-09-11T12:23:55.299777725Z,100000.219,none,false,0,0,0,0,0,2001,152,85,0,0,67,0,16
calib-d-faults,bounded-wait-slow-transform-r01,2026-09-11T12:23:56.299924905Z,101000.366,none,false,0,0,0,0,0,2021,154,87,0,0,67,0,16
calib-d-faults,bounded-wait-slow-transform-r01,2026-09-11T12:23:57.300443361Z,102000.885,none,false,0,0,0,0,0,2041,155,88,0,0,67,0,16
calib-d-faults,bounded-wait-slow-transform-r01,2026-09-11T12:23:58.299969724Z,103000.411,none,false,0,0,0,0,0,2061,157,90,0,0,67,0,16
calib-d-faults,bounded-wait-slow-transform-r01,2026-09-11T12:23:59.299933861Z,104000.375,none,false,0,0,0,0,0,2081,158,91,0,0,67,0,16
calib-d-faults,bounded-wait-slow-transform-r01,2026-09-11T12:24:00.300419745Z,105000.861,none,false,0,0,1,0,0,2101,161,93,0,0,67,0,16
calib-d-faults,bounded-wait-slow-transform-r01,2026-09-11T12:24:01.300589092Z,106001.030,none,false,0,0,0,0,0,2121,161,94,0,0,67,0,16
calib-d-faults,bounded-wait-slow-transform-r01,2026-09-11T12:24:02.300333135Z,107000.774,none,false,0,0,0,0,0,2141,163,96,0,0,67,0,16
calib-d-faults,bounded-wait-slow-transform-r01,2026-09-11T12:24:03.29989623Z,108000.338,none,false,0,0,0,0,0,2161,164,97,0,0,67,0,16
calib-d-faults,bounded-wait-slow-transform-r01,2026-09-11T12:24:04.300315728Z,109000.757,none,false,0,0,0,0,0,2181,166,99,0,0,67,0,16
calib-d-faults,bounded-wait-slow-transform-r01,2026-09-11T12:24:05.299674868Z,110000.116,none,false,0,0,0,0,0,2201,167,100,0,0,67,0,16
calib-d-faults,bounded-wait-slow-transform-r01,2026-09-11T12:24:06.300647207Z,111001.088,none,false,0,0,0,0,0,2221,169,102,0,0,67,0,16
calib-d-faults,bounded-wait-slow-transform-r01,2026-09-11T12:24:07.29984377Z,112000.285,none,false,0,0,0,0,0,2241,170,103,0,0,67,0,16
calib-d-faults,bounded-wait-slow-transform-r01,2026-09-11T12:24:08.299924879Z,113000.366,none,false,0,0,0,0,0,2261,172,105,0,0,67,0,16
calib-d-faults,bounded-wait-slow-transform-r01,2026-09-11T12:24:09.299882944Z,114000.324,none,false,0,0,0,0,0,2281,173,106,0,0,67,0,16
calib-d-faults,bounded-wait-slow-transform-r01,2026-09-11T12:24:10.300184474Z,115000.626,none,false,0,0,0,0,0,2301,175,108,0,0,67,0,16
calib-d-faults,bounded-wait-slow-transform-r01,2026-09-11T12:24:11.300272188Z,116000.713,none,false,0,0,0,0,0,2321,176,109,0,0,67,0,16
calib-d-faults,bounded-wait-slow-transform-r01,2026-09-11T12:24:12.300286102Z,117000.727,none,false,0,0,0,0,0,2341,178,111,0,0,67,0,16
calib-d-faults,bounded-wait-slow-transform-r01,2026-09-11T12:24:13.299873059Z,118000.314,none,false,0,0,0,0,0,2361,179,112,0,0,67,0,16
calib-d-faults,bounded-wait-slow-transform-r01,2026-09-11T12:24:14.300426833Z,119000.868,none,false,0,0,0,0,0,2381,181,114,0,0,67,0,16
calib-d-faults,bounded-wait-slow-transform-r01,2026-09-11T12:24:15.300088775Z,120000.530,none,false,0,0,0,0,0,2401,182,115,0,0,67,0,16
calib-d-faults,bounded-wait-slow-transform-r01,2026-09-11T12:24:16.300001298Z,121000.443,none,false,0,0,1,0,0,2421,185,117,0,0,67,0,16
calib-d-faults,bounded-wait-slow-transform-r01,2026-09-11T12:24:17.300122738Z,122000.564,none,false,0,0,1,0,0,2441,186,118,0,0,67,0,16
calib-d-faults,bounded-wait-slow-transform-r01,2026-09-11T12:24:18.300565132Z,123001.006,none,false,0,0,0,0,0,2461,187,120,0,0,67,0,16
calib-d-faults,bounded-wait-slow-transform-r01,2026-09-11T12:24:19.300067084Z,124000.508,none,false,0,0,0,0,0,2481,188,121,0,0,67,0,16
calib-d-faults,bounded-wait-slow-transform-r01,2026-09-11T12:24:20.30033889Z,125000.780,none,false,0,0,0,0,0,2501,190,123,0,0,67,0,16
calib-d-faults,bounded-wait-slow-transform-r01,2026-09-11T12:24:21.89763283Z,126000.894,none,false,0,0,0,0,0,2521,191,124,0,0,67,0,16
calib-d-faults,bounded-wait-slow-transform-r01,2026-09-11T12:24:25.645245007Z,127000.718,none,false,0,0,0,0,0,2541,193,126,0,0,67,0,16
calib-d-faults,bounded-wait-slow-transform-r01,2026-09-11T12:24:26.64535782Z,128000.830,none,false,0,0,0,0,0,2561,194,127,0,0,67,0,16
calib-d-faults,bounded-wait-slow-transform-r01,2026-09-11T12:24:27.645719854Z,129001.192,none,false,0,0,0,0,0,2581,196,129,0,0,67,0,16
calib-d-faults,bounded-wait-slow-transform-r01,2026-09-11T12:24:28.64508428Z,130000.557,none,false,0,0,0,0,0,2601,197,130,0,0,67,0,16
calib-d-faults,bounded-wait-slow-transform-r01,2026-09-11T12:24:29.645358412Z,131000.831,none,false,0,0,0,0,0,2621,199,132,0,0,67,0,16
calib-d-faults,bounded-wait-slow-transform-r01,2026-09-11T12:24:30.645691723Z,132001.164,none,false,0,0,0,0,0,2641,200,133,0,0,67,0,16
calib-d-faults,bounded-wait-slow-transform-r01,2026-09-11T12:24:31.645619486Z,133001.092,none,false,0,0,0,0,0,2661,202,135,0,0,67,0,16
calib-d-faults,bounded-wait-slow-transform-r01,2026-09-11T12:24:32.645133379Z,134000.606,none,false,0,0,0,0,0,2681,203,136,0,0,67,0,16
calib-d-faults,bounded-wait-slow-transform-r01,2026-09-11T12:24:33.645637409Z,135001.110,none,false,0,0,1,0,0,2701,206,138,0,0,67,0,16
calib-d-faults,bounded-wait-slow-transform-r01,2026-09-11T12:24:34.645619139Z,136001.092,none,false,0,0,0,0,0,2721,206,139,0,0,67,0,16
calib-d-faults,bounded-wait-slow-transform-r01,2026-09-11T12:24:35.645579766Z,137001.052,none,false,0,0,0,0,0,2741,208,141,0,0,67,0,16
calib-d-faults,bounded-wait-slow-transform-r01,2026-09-11T12:24:36.64491996Z,138000.393,none,false,0,0,0,0,0,2761,209,142,0,0,67,0,16
calib-d-faults,bounded-wait-slow-transform-r01,2026-09-11T12:24:37.645743372Z,139001.216,none,false,0,0,0,0,0,2781,211,144,0,0,67,0,16
calib-d-faults,bounded-wait-slow-transform-r01,2026-09-11T12:24:38.645005848Z,140000.478,none,false,0,0,0,0,0,2801,212,145,0,0,67,0,16
calib-d-faults,bounded-wait-slow-transform-r01,2026-09-11T12:24:39.644634952Z,141000.108,none,false,0,0,0,0,0,2821,214,147,0,0,67,0,16
calib-d-faults,bounded-wait-slow-transform-r01,2026-09-11T12:24:40.645624516Z,142001.097,none,false,0,0,0,0,0,2841,215,148,0,0,67,0,16
calib-d-faults,bounded-wait-slow-transform-r01,2026-09-11T12:24:41.645628043Z,143001.101,none,false,0,0,0,0,0,2861,217,150,0,0,67,0,16
calib-d-faults,bounded-wait-slow-transform-r01,2026-09-11T12:24:42.645328295Z,144000.801,none,false,0,0,0,0,0,2881,218,151,0,0,67,0,16
calib-d-faults,bounded-wait-slow-transform-r01,2026-09-11T12:24:43.644950265Z,145000.423,none,false,0,0,0,0,0,2901,220,153,0,0,67,0,16
calib-d-faults,bounded-wait-slow-transform-r01,2026-09-11T12:24:44.644810758Z,146000.283,none,false,0,0,0,0,0,2921,221,154,0,0,67,0,16
calib-d-faults,bounded-wait-slow-transform-r01,2026-09-11T12:24:45.645627043Z,147001.100,none,false,0,0,0,0,0,2941,223,156,0,0,67,0,16
calib-d-faults,bounded-wait-slow-transform-r01,2026-09-11T12:24:46.644717843Z,148000.190,none,false,0,0,0,0,0,2961,224,157,0,0,67,0,16
calib-d-faults,bounded-wait-slow-transform-r01,2026-09-11T12:24:47.645060766Z,149000.533,none,false,0,0,0,0,0,2981,226,159,0,0,67,0,16
calib-d-faults,bounded-wait-slow-transform-r01,2026-09-11T12:24:48.645228377Z,150000.701,none,false,0,0,0,0,0,3001,227,160,0,0,67,0,16
calib-d-faults,bounded-wait-slow-transform-r01,2026-09-11T12:24:48.645242652Z,150000.715,none,false,0,0,0,0,0,3001,227,160,0,0,67,0,16
calib-d-faults,kill-switch-slow-transform-r01,2026-09-11T12:24:49.684775416Z,0.030,none,false,0,0,0,0,0,4,4,4,0,0,0,0,0
calib-d-faults,kill-switch-slow-transform-r01,2026-09-11T12:24:50.685690893Z,1000.945,none,false,0,0,1,0,0,23,5,4,0,0,0,0,0
calib-d-faults,kill-switch-slow-transform-r01,2026-09-11T12:24:51.685733049Z,2000.987,none,false,0,0,0,0,0,43,5,5,0,0,0,0,0
calib-d-faults,kill-switch-slow-transform-r01,2026-09-11T12:24:52.685383762Z,3000.638,none,false,0,0,0,0,0,63,7,7,0,0,0,0,0
calib-d-faults,kill-switch-slow-transform-r01,2026-09-11T12:24:53.685337957Z,4000.592,none,false,0,0,0,0,0,83,8,8,0,0,0,0,0
calib-d-faults,kill-switch-slow-transform-r01,2026-09-11T12:24:55.270312639Z,5000.109,none,false,0,0,0,0,0,103,10,10,0,0,0,0,0
calib-d-faults,kill-switch-slow-transform-r01,2026-09-11T12:24:59.01524545Z,6001.085,none,false,0,0,0,0,0,123,11,11,0,0,0,0,0
calib-d-faults,kill-switch-slow-transform-r01,2026-09-11T12:25:00.014673421Z,7000.513,none,false,0,0,0,0,0,143,13,13,0,0,0,0,0
calib-d-faults,kill-switch-slow-transform-r01,2026-09-11T12:25:01.015073165Z,8000.913,none,false,0,0,0,0,0,163,14,14,0,0,0,0,0
calib-d-faults,kill-switch-slow-transform-r01,2026-09-11T12:25:02.015212226Z,9001.052,none,false,0,0,0,0,0,183,16,16,0,0,0,0,0
calib-d-faults,kill-switch-slow-transform-r01,2026-09-11T12:25:03.014862837Z,10000.702,none,false,0,0,0,0,0,203,17,17,0,0,0,0,0
calib-d-faults,kill-switch-slow-transform-r01,2026-09-11T12:25:04.01517192Z,11001.011,none,false,0,0,0,0,0,223,19,19,0,0,0,0,0
calib-d-faults,kill-switch-slow-transform-r01,2026-09-11T12:25:05.014747268Z,12000.587,none,false,0,0,0,0,0,243,20,20,0,0,0,0,0
calib-d-faults,kill-switch-slow-transform-r01,2026-09-11T12:25:06.014883691Z,13000.723,none,false,0,0,0,0,0,263,22,22,0,0,0,0,0
calib-d-faults,kill-switch-slow-transform-r01,2026-09-11T12:25:07.014444647Z,14000.284,none,false,0,0,0,0,0,283,23,23,0,0,0,0,0
calib-d-faults,kill-switch-slow-transform-r01,2026-09-11T12:25:08.014701147Z,15000.541,none,false,0,0,0,0,0,303,25,25,0,0,0,0,0
calib-d-faults,kill-switch-slow-transform-r01,2026-09-11T12:25:09.014681012Z,16000.521,none,false,0,0,0,0,0,323,26,26,0,0,0,0,0
calib-d-faults,kill-switch-slow-transform-r01,2026-09-11T12:25:10.015033283Z,17000.873,none,false,0,0,0,0,0,343,28,28,0,0,0,0,0
calib-d-faults,kill-switch-slow-transform-r01,2026-09-11T12:25:11.015127609Z,18000.967,none,false,0,0,0,0,0,363,29,29,0,0,0,0,0
calib-d-faults,kill-switch-slow-transform-r01,2026-09-11T12:25:12.01518247Z,19001.022,none,false,0,0,0,0,0,383,31,31,0,0,0,0,0
calib-d-faults,kill-switch-slow-transform-r01,2026-09-11T12:25:13.014623585Z,20000.463,none,false,0,0,0,0,0,403,32,32,0,0,0,0,0
calib-d-faults,kill-switch-slow-transform-r01,2026-09-11T12:25:14.014533545Z,21000.373,none,false,0,0,0,0,0,423,34,34,0,0,0,0,0
calib-d-faults,kill-switch-slow-transform-r01,2026-09-11T12:25:15.015052706Z,22000.892,none,false,0,0,0,0,0,443,35,35,0,0,0,0,0
calib-d-faults,kill-switch-slow-transform-r01,2026-09-11T12:25:16.014594801Z,23000.434,none,false,0,0,0,0,0,463,37,37,0,0,0,0,0
calib-d-faults,kill-switch-slow-transform-r01,2026-09-11T12:25:17.015329272Z,24001.169,none,false,0,0,0,0,0,483,38,38,0,0,0,0,0
calib-d-faults,kill-switch-slow-transform-r01,2026-09-11T12:25:18.015156691Z,25000.996,none,false,0,0,0,0,0,503,40,40,0,0,0,0,0
calib-d-faults,kill-switch-slow-transform-r01,2026-09-11T12:25:19.014844902Z,26000.684,none,false,0,0,0,0,0,523,41,41,0,0,0,0,0
calib-d-faults,kill-switch-slow-transform-r01,2026-09-11T12:25:20.01509174Z,27000.931,none,false,0,0,0,0,0,543,43,43,0,0,0,0,0
calib-d-faults,kill-switch-slow-transform-r01,2026-09-11T12:25:21.01469598Z,28000.536,none,false,0,0,0,0,0,563,44,44,0,0,0,0,0
calib-d-faults,kill-switch-slow-transform-r01,2026-09-11T12:25:22.014240851Z,29000.080,none,false,0,0,0,0,0,583,46,46,0,0,0,0,0
calib-d-faults,kill-switch-slow-transform-r01,2026-09-11T12:25:23.015250314Z,30001.090,slow-transform,false,0,0,0,0,0,603,47,47,0,0,0,0,0
calib-d-faults,kill-switch-slow-transform-r01,2026-09-11T12:25:24.015290431Z,31001.130,slow-transform,false,1,0,1,0,4075024,623,49,48,0,0,0,0,1
calib-d-faults,kill-switch-slow-transform-r01,2026-09-11T12:25:25.014740719Z,32000.580,slow-transform,false,2,0,2,0,8150048,643,50,48,0,0,0,0,2
calib-d-faults,kill-switch-slow-transform-r01,2026-09-11T12:25:26.015024962Z,33000.864,slow-transform,false,3,0,3,0,12225072,663,52,49,0,0,0,0,3
calib-d-faults,kill-switch-slow-transform-r01,2026-09-11T12:25:27.014235112Z,34000.075,slow-transform,false,4,0,4,0,16300096,683,53,49,0,0,0,0,4
calib-d-faults,kill-switch-slow-transform-r01,2026-09-11T12:25:28.604350502Z,35000.574,slow-transform,false,4,2,6,0,24450144,703,55,49,0,0,0,0,4
calib-d-faults,kill-switch-slow-transform-r01,2026-09-11T12:25:32.36386692Z,36000.753,slow-transform,false,4,3,7,0,28525168,723,56,49,0,0,0,0,4
calib-d-faults,kill-switch-slow-transform-r01,2026-09-11T12:25:33.363686259Z,37000.573,slow-transform,false,4,5,9,0,36675216,743,58,49,0,0,0,0,4
calib-d-faults,kill-switch-slow-transform-r01,2026-09-11T12:25:34.363420114Z,38000.307,slow-transform,false,4,6,10,0,40750240,763,59,49,0,0,0,0,4
calib-d-faults,kill-switch-slow-transform-r01,2026-09-11T12:25:35.363711383Z,39000.598,slow-transform,false,4,8,12,0,48900288,783,61,49,0,0,0,0,4
calib-d-faults,kill-switch-slow-transform-r01,2026-09-11T12:25:36.36357638Z,40000.463,slow-transform,false,4,9,13,0,52975312,803,62,49,0,0,0,0,4
calib-d-faults,kill-switch-slow-transform-r01,2026-09-11T12:25:37.363974543Z,41000.861,slow-transform,false,4,11,15,0,61125360,823,64,49,0,0,0,0,4
calib-d-faults,kill-switch-slow-transform-r01,2026-09-11T12:25:38.364069519Z,42000.956,slow-transform,false,4,12,16,0,65200384,843,65,49,0,0,0,0,4
calib-d-faults,kill-switch-slow-transform-r01,2026-09-11T12:25:39.363892021Z,43000.779,slow-transform,false,4,14,18,0,73350432,863,67,49,0,0,0,0,4
calib-d-faults,kill-switch-slow-transform-r01,2026-09-11T12:25:40.363615871Z,44000.502,slow-transform,false,4,15,19,0,77425456,883,68,49,0,0,0,0,4
calib-d-faults,kill-switch-slow-transform-r01,2026-09-11T12:25:41.364053628Z,45000.940,slow-transform,false,4,17,21,0,85575504,903,70,49,0,0,0,0,4
calib-d-faults,kill-switch-slow-transform-r01,2026-09-11T12:25:42.363204432Z,46000.091,slow-transform,false,4,16,20,0,81500480,923,71,51,0,0,0,0,5
calib-d-faults,kill-switch-slow-transform-r01,2026-09-11T12:25:43.363914078Z,47000.801,slow-transform,false,4,17,21,0,85575504,943,73,52,0,0,0,0,6
calib-d-faults,kill-switch-slow-transform-r01,2026-09-11T12:25:44.364118258Z,48001.005,slow-transform,false,4,16,20,0,81500480,963,74,54,0,0,0,0,7
calib-d-faults,kill-switch-slow-transform-r01,2026-09-11T12:25:45.363584905Z,49000.471,slow-transform,false,4,17,21,0,85575504,983,76,55,0,0,0,0,8
calib-d-faults,kill-switch-slow-transform-r01,2026-09-11T12:25:46.364026053Z,50000.913,slow-transform,false,4,18,22,0,89650528,1003,77,55,0,0,0,0,8
calib-d-faults,kill-switch-slow-transform-r01,2026-09-11T12:25:47.363833042Z,51000.720,slow-transform,true,4,18,22,0,89650528,1023,79,55,0,0,0,2,8
calib-d-faults,kill-switch-slow-transform-r01,2026-09-11T12:25:48.364035784Z,52000.922,slow-transform,true,4,18,22,0,89650528,1043,80,55,0,0,0,3,8
calib-d-faults,kill-switch-slow-transform-r01,2026-09-11T12:25:49.364221018Z,53001.108,slow-transform,true,4,18,22,0,89650528,1063,82,55,0,0,0,5,8
calib-d-faults,kill-switch-slow-transform-r01,2026-09-11T12:25:50.364082458Z,54000.969,slow-transform,true,3,18,21,0,85575504,1083,83,55,0,1,0,6,8
calib-d-faults,kill-switch-slow-transform-r01,2026-09-11T12:25:51.363696883Z,55000.583,slow-transform,true,4,16,20,0,81500480,1103,85,56,0,1,0,8,9
calib-d-faults,kill-switch-slow-transform-r01,2026-09-11T12:25:52.3641133Z,56001.000,slow-transform,true,4,15,19,0,77425456,1123,86,56,0,2,0,9,10
calib-d-faults,kill-switch-slow-transform-r01,2026-09-11T12:25:53.364014383Z,57000.901,slow-transform,true,4,13,17,0,69275408,1143,88,57,0,3,0,11,11
calib-d-faults,kill-switch-slow-transform-r01,2026-09-11T12:25:54.363845203Z,58000.732,slow-transform,true,3,12,15,0,61125360,1163,91,57,0,5,0,14,12
calib-d-faults,kill-switch-slow-transform-r01,2026-09-11T12:25:55.364022712Z,59000.909,slow-transform,true,4,11,15,0,61125360,1183,91,57,0,5,0,14,13
calib-d-faults,kill-switch-slow-transform-r01,2026-09-11T12:25:56.363997609Z,60000.884,slow-transform,true,4,9,13,0,52975312,1203,92,58,0,6,0,15,14
calib-d-faults,kill-switch-slow-transform-r01,2026-09-11T12:25:57.363333747Z,61000.220,slow-transform,true,4,7,11,0,44825264,1223,94,59,0,7,0,17,15
calib-d-faults,kill-switch-slow-transform-r01,2026-09-11T12:25:58.364125602Z,62001.012,slow-transform,true,4,6,10,0,40750240,1243,95,59,0,8,0,18,16
calib-d-faults,kill-switch-slow-transform-r01,2026-09-11T12:25:59.364153072Z,63001.040,slow-transform,true,4,5,9,0,36675216,1263,97,59,0,9,0,20,17
calib-d-faults,kill-switch-slow-transform-r01,2026-09-11T12:26:00.363606595Z,64000.493,slow-transform,true,4,3,7,0,28525168,1283,98,60,0,10,0,21,18
calib-d-faults,kill-switch-slow-transform-r01,2026-09-11T12:26:01.937481909Z,65000.364,slow-transform,true,4,1,5,0,20375120,1303,100,61,0,11,0,23,19
calib-d-faults,kill-switch-slow-transform-r01,2026-09-11T12:26:05.670239017Z,66000.974,slow-transform,true,3,0,3,0,12225072,1323,101,61,0,13,0,24,20
calib-d-faults,kill-switch-slow-transform-r01,2026-09-11T12:26:06.670032102Z,67000.767,slow-transform,true,3,0,3,0,12225072,1343,103,61,0,13,0,26,20
calib-d-faults,kill-switch-slow-transform-r01,2026-09-11T12:26:07.669878525Z,68000.614,slow-transform,true,2,0,2,0,8150048,1363,104,61,0,14,0,27,20
calib-d-faults,kill-switch-slow-transform-r01,2026-09-11T12:26:08.66985167Z,69000.587,slow-transform,true,1,0,1,0,4075024,1383,106,61,0,15,0,29,20
calib-d-faults,kill-switch-slow-transform-r01,2026-09-11T12:26:09.670189258Z,70000.925,slow-transform,true,0,0,0,0,0,1403,107,61,0,16,0,30,20
calib-d-faults,kill-switch-slow-transform-r01,2026-09-11T12:26:10.669731487Z,71000.467,slow-transform,true,0,0,0,0,0,1423,109,61,0,16,0,32,20
calib-d-faults,kill-switch-slow-transform-r01,2026-09-11T12:26:11.66976552Z,72000.501,slow-transform,true,0,0,0,0,0,1443,110,61,0,16,0,33,20
calib-d-faults,kill-switch-slow-transform-r01,2026-09-11T12:26:12.66999844Z,73000.734,slow-transform,true,0,0,0,0,0,1463,112,61,0,16,0,35,20
calib-d-faults,kill-switch-slow-transform-r01,2026-09-11T12:26:13.669360647Z,74000.096,slow-transform,true,0,0,0,0,0,1483,113,61,0,16,0,36,20
calib-d-faults,kill-switch-slow-transform-r01,2026-09-11T12:26:14.670444259Z,75001.180,slow-transform,true,0,0,0,0,0,1503,115,61,0,16,0,38,20
calib-d-faults,kill-switch-slow-transform-r01,2026-09-11T12:26:15.669993814Z,76000.729,slow-transform,true,0,0,0,0,0,1523,116,61,0,16,0,39,20
calib-d-faults,kill-switch-slow-transform-r01,2026-09-11T12:26:16.669603813Z,77000.339,slow-transform,true,0,0,0,0,0,1543,118,61,0,16,0,41,20
calib-d-faults,kill-switch-slow-transform-r01,2026-09-11T12:26:17.669542201Z,78000.278,slow-transform,true,0,0,0,0,0,1563,119,61,0,16,0,42,20
calib-d-faults,kill-switch-slow-transform-r01,2026-09-11T12:26:18.669548657Z,79000.284,slow-transform,true,0,0,0,0,0,1583,121,61,0,16,0,44,20
calib-d-faults,kill-switch-slow-transform-r01,2026-09-11T12:26:19.669892186Z,80000.628,slow-transform,true,0,0,0,0,0,1603,122,61,0,16,0,45,20
calib-d-faults,kill-switch-slow-transform-r01,2026-09-11T12:26:20.670075148Z,81000.810,slow-transform,true,0,0,0,0,0,1623,124,61,0,16,0,47,20
calib-d-faults,kill-switch-slow-transform-r01,2026-09-11T12:26:21.669887477Z,82000.623,slow-transform,true,0,0,0,0,0,1643,125,61,0,16,0,48,20
calib-d-faults,kill-switch-slow-transform-r01,2026-09-11T12:26:22.67020544Z,83000.941,slow-transform,true,0,0,0,0,0,1663,127,61,0,16,0,50,20
calib-d-faults,kill-switch-slow-transform-r01,2026-09-11T12:26:23.670000149Z,84000.735,slow-transform,true,0,0,0,0,0,1683,128,61,0,16,0,51,20
calib-d-faults,kill-switch-slow-transform-r01,2026-09-11T12:26:24.670008217Z,85000.744,slow-transform,true,0,0,0,0,0,1703,130,61,0,16,0,53,20
calib-d-faults,kill-switch-slow-transform-r01,2026-09-11T12:26:25.669797274Z,86000.533,slow-transform,true,0,0,0,0,0,1723,131,61,0,16,0,54,20
calib-d-faults,kill-switch-slow-transform-r01,2026-09-11T12:26:26.669874685Z,87000.610,slow-transform,true,0,0,0,0,0,1743,133,61,0,16,0,56,20
calib-d-faults,kill-switch-slow-transform-r01,2026-09-11T12:26:27.670097166Z,88000.833,slow-transform,true,0,0,0,0,0,1763,134,61,0,16,0,57,20
calib-d-faults,kill-switch-slow-transform-r01,2026-09-11T12:26:28.669786785Z,89000.522,slow-transform,true,0,0,0,0,0,1783,136,61,0,16,0,59,20
calib-d-faults,kill-switch-slow-transform-r01,2026-09-11T12:26:29.6698243Z,90000.560,slow-transform,true,0,0,0,0,0,1803,137,61,0,16,0,60,20
calib-d-faults,kill-switch-slow-transform-r01,2026-09-11T12:26:30.669935539Z,91000.671,none,true,0,0,0,0,0,1823,139,61,0,16,0,62,20
calib-d-faults,kill-switch-slow-transform-r01,2026-09-11T12:26:31.670032989Z,92000.768,none,true,0,0,0,0,0,1843,140,61,0,16,0,63,20
calib-d-faults,kill-switch-slow-transform-r01,2026-09-11T12:26:32.669967453Z,93000.703,none,true,0,0,0,0,0,1863,142,61,0,16,0,65,20
calib-d-faults,kill-switch-slow-transform-r01,2026-09-11T12:26:33.669618122Z,94000.353,none,true,0,0,0,0,0,1883,143,61,0,16,0,66,20
calib-d-faults,kill-switch-slow-transform-r01,2026-09-11T12:26:35.271328716Z,95000.507,none,true,0,0,0,0,0,1903,145,61,0,16,0,68,20
calib-d-faults,kill-switch-slow-transform-r01,2026-09-11T12:26:39.01853897Z,96001.052,none,true,0,0,0,0,0,1923,146,61,0,16,0,69,20
calib-d-faults,kill-switch-slow-transform-r01,2026-09-11T12:26:40.018073842Z,97000.587,none,true,0,0,0,0,0,1943,148,61,0,16,0,71,20
calib-d-faults,kill-switch-slow-transform-r01,2026-09-11T12:26:41.018157662Z,98000.671,none,true,0,0,0,0,0,1963,149,61,0,16,0,72,20
calib-d-faults,kill-switch-slow-transform-r01,2026-09-11T12:26:42.019185418Z,99001.699,none,true,0,0,0,0,0,1983,151,61,0,16,0,74,20
calib-d-faults,kill-switch-slow-transform-r01,2026-09-11T12:26:43.018930926Z,100001.444,none,true,0,0,0,0,0,2003,152,61,0,16,0,75,20
calib-d-faults,kill-switch-slow-transform-r01,2026-09-11T12:26:44.017918864Z,101000.432,none,false,1,0,1,0,4075024,2023,154,62,0,16,0,75,20
calib-d-faults,kill-switch-slow-transform-r01,2026-09-11T12:26:45.017793695Z,102000.307,none,false,0,0,0,0,0,2043,155,64,0,16,0,75,20
calib-d-faults,kill-switch-slow-transform-r01,2026-09-11T12:26:46.018512419Z,103001.026,none,false,0,0,0,0,0,2063,157,66,0,16,0,75,20
calib-d-faults,kill-switch-slow-transform-r01,2026-09-11T12:26:47.018428161Z,104000.942,none,false,0,0,0,0,0,2083,158,67,0,16,0,75,20
calib-d-faults,kill-switch-slow-transform-r01,2026-09-11T12:26:48.018015342Z,105000.529,none,false,0,0,0,0,0,2103,160,69,0,16,0,75,20
calib-d-faults,kill-switch-slow-transform-r01,2026-09-11T12:26:49.017729106Z,106000.243,none,false,0,0,0,0,0,2123,161,70,0,16,0,75,20
calib-d-faults,kill-switch-slow-transform-r01,2026-09-11T12:26:50.018488484Z,107001.002,none,false,0,0,0,0,0,2143,163,72,0,16,0,75,20
calib-d-faults,kill-switch-slow-transform-r01,2026-09-11T12:26:51.018529702Z,108001.043,none,false,0,0,0,0,0,2163,164,73,0,16,0,75,20
calib-d-faults,kill-switch-slow-transform-r01,2026-09-11T12:26:52.018414912Z,109000.928,none,false,0,0,0,0,0,2183,166,75,0,16,0,75,20
calib-d-faults,kill-switch-slow-transform-r01,2026-09-11T12:26:53.018307853Z,110000.821,none,false,0,0,0,0,0,2203,167,76,0,16,0,75,20
calib-d-faults,kill-switch-slow-transform-r01,2026-09-11T12:26:54.018023129Z,111000.537,none,false,0,0,0,0,0,2223,169,78,0,16,0,75,20
calib-d-faults,kill-switch-slow-transform-r01,2026-09-11T12:26:55.018352154Z,112000.866,none,false,0,0,0,0,0,2243,170,79,0,16,0,75,20
calib-d-faults,kill-switch-slow-transform-r01,2026-09-11T12:26:56.018346097Z,113000.860,none,false,0,0,0,0,0,2263,172,81,0,16,0,75,20
calib-d-faults,kill-switch-slow-transform-r01,2026-09-11T12:26:57.01767124Z,114000.185,none,false,0,0,0,0,0,2283,173,82,0,16,0,75,20
calib-d-faults,kill-switch-slow-transform-r01,2026-09-11T12:26:58.01765198Z,115000.165,none,false,0,0,0,0,0,2303,175,84,0,16,0,75,20
calib-d-faults,kill-switch-slow-transform-r01,2026-09-11T12:26:59.017840044Z,116000.353,none,false,0,0,0,0,0,2323,176,85,0,16,0,75,20
calib-d-faults,kill-switch-slow-transform-r01,2026-09-11T12:27:00.018283178Z,117000.797,none,false,0,0,0,0,0,2343,178,87,0,16,0,75,20
calib-d-faults,kill-switch-slow-transform-r01,2026-09-11T12:27:01.017976334Z,118000.490,none,false,0,0,0,0,0,2363,179,88,0,16,0,75,20
calib-d-faults,kill-switch-slow-transform-r01,2026-09-11T12:27:02.017573038Z,119000.086,none,false,0,0,0,0,0,2383,181,90,0,16,0,75,20
calib-d-faults,kill-switch-slow-transform-r01,2026-09-11T12:27:03.017904Z,120000.417,none,false,0,0,0,0,0,2403,182,91,0,16,0,75,20
calib-d-faults,kill-switch-slow-transform-r01,2026-09-11T12:27:04.01870333Z,121001.217,none,false,0,0,0,0,0,2423,184,93,0,16,0,75,20
calib-d-faults,kill-switch-slow-transform-r01,2026-09-11T12:27:05.01810991Z,122000.623,none,false,0,0,0,0,0,2443,185,94,0,16,0,75,20
calib-d-faults,kill-switch-slow-transform-r01,2026-09-11T12:27:06.0182976Z,123000.811,none,false,0,0,0,0,0,2463,187,96,0,16,0,75,20
calib-d-faults,kill-switch-slow-transform-r01,2026-09-11T12:27:07.018235654Z,124000.749,none,false,0,0,0,0,0,2483,188,97,0,16,0,75,20
calib-d-faults,kill-switch-slow-transform-r01,2026-09-11T12:27:08.604715682Z,125000.100,none,false,0,0,0,0,0,2503,190,99,0,16,0,75,20
calib-d-faults,kill-switch-slow-transform-r01,2026-09-11T12:27:12.359130504Z,126001.097,none,false,0,0,0,0,0,2523,191,100,0,16,0,75,20
calib-d-faults,kill-switch-slow-transform-r01,2026-09-11T12:27:13.358959139Z,127000.926,none,false,0,0,0,0,0,2543,193,102,0,16,0,75,20
calib-d-faults,kill-switch-slow-transform-r01,2026-09-11T12:27:14.359114906Z,128001.081,none,false,0,0,0,0,0,2563,194,103,0,16,0,75,20
calib-d-faults,kill-switch-slow-transform-r01,2026-09-11T12:27:15.358768502Z,129000.735,none,false,0,0,0,0,0,2583,196,105,0,16,0,75,20
calib-d-faults,kill-switch-slow-transform-r01,2026-09-11T12:27:16.358334528Z,130000.301,none,false,0,0,0,0,0,2603,197,106,0,16,0,75,20
calib-d-faults,kill-switch-slow-transform-r01,2026-09-11T12:27:17.358946542Z,131000.913,none,false,0,0,0,0,0,2623,199,108,0,16,0,75,20
calib-d-faults,kill-switch-slow-transform-r01,2026-09-11T12:27:18.358489732Z,132000.456,none,false,0,0,0,0,0,2643,200,109,0,16,0,75,20
calib-d-faults,kill-switch-slow-transform-r01,2026-09-11T12:27:19.358622589Z,133000.589,none,false,0,0,0,0,0,2663,202,111,0,16,0,75,20
calib-d-faults,kill-switch-slow-transform-r01,2026-09-11T12:27:20.358729292Z,134000.696,none,false,0,0,0,0,0,2683,203,112,0,16,0,75,20
calib-d-faults,kill-switch-slow-transform-r01,2026-09-11T12:27:21.358639225Z,135000.606,none,false,0,0,0,0,0,2703,205,114,0,16,0,75,20
calib-d-faults,kill-switch-slow-transform-r01,2026-09-11T12:27:22.358704409Z,136000.671,none,false,0,0,0,0,0,2723,206,115,0,16,0,75,20
calib-d-faults,kill-switch-slow-transform-r01,2026-09-11T12:27:23.358523341Z,137000.490,none,false,0,0,0,0,0,2743,208,117,0,16,0,75,20
calib-d-faults,kill-switch-slow-transform-r01,2026-09-11T12:27:24.358381708Z,138000.348,none,false,0,0,0,0,0,2763,209,118,0,16,0,75,20
calib-d-faults,kill-switch-slow-transform-r01,2026-09-11T12:27:25.359046598Z,139001.013,none,false,0,0,0,0,0,2783,211,120,0,16,0,75,20
calib-d-faults,kill-switch-slow-transform-r01,2026-09-11T12:27:26.358648648Z,140000.615,none,false,0,0,0,0,0,2803,212,121,0,16,0,75,20
calib-d-faults,kill-switch-slow-transform-r01,2026-09-11T12:27:27.358382637Z,141000.349,none,false,0,0,0,0,0,2823,214,123,0,16,0,75,20
calib-d-faults,kill-switch-slow-transform-r01,2026-09-11T12:27:28.358506834Z,142000.473,none,false,0,0,0,0,0,2843,215,124,0,16,0,75,20
calib-d-faults,kill-switch-slow-transform-r01,2026-09-11T12:27:29.358372538Z,143000.339,none,false,0,0,0,0,0,2863,217,126,0,16,0,75,20
calib-d-faults,kill-switch-slow-transform-r01,2026-09-11T12:27:30.359058063Z,144001.024,none,false,0,0,0,0,0,2883,218,127,0,16,0,75,20
calib-d-faults,kill-switch-slow-transform-r01,2026-09-11T12:27:31.358808852Z,145000.775,none,false,0,0,0,0,0,2903,220,129,0,16,0,75,20
calib-d-faults,kill-switch-slow-transform-r01,2026-09-11T12:27:32.358880626Z,146000.847,none,false,0,0,0,0,0,2923,221,130,0,16,0,75,20
calib-d-faults,kill-switch-slow-transform-r01,2026-09-11T12:27:33.35813585Z,147000.102,none,false,0,0,0,0,0,2943,223,132,0,16,0,75,20
calib-d-faults,kill-switch-slow-transform-r01,2026-09-11T12:27:34.359248558Z,148001.215,none,false,0,0,0,0,0,2963,224,133,0,16,0,75,20
calib-d-faults,kill-switch-slow-transform-r01,2026-09-11T12:27:35.358582077Z,149000.548,none,false,0,0,0,0,0,2983,226,135,0,16,0,75,20
calib-d-faults,kill-switch-slow-transform-r01,2026-09-11T12:27:36.358913847Z,150000.880,none,false,0,0,0,0,0,3003,227,136,0,16,0,75,20
calib-d-faults,kill-switch-slow-transform-r01,2026-09-11T12:27:36.358921482Z,150000.888,none,false,0,0,0,0,0,3003,227,136,0,16,0,75,20
calib-d-faults,baseline-slow-transform-r01,2026-09-11T12:27:37.444313284Z,0.037,none,false,0,0,0,0,0,4,4,4,0,0,0,0,0
calib-d-faults,baseline-slow-transform-r01,2026-09-11T12:27:38.445270489Z,1000.994,none,false,0,0,0,0,0,23,4,4,0,0,0,0,0
calib-d-faults,baseline-slow-transform-r01,2026-09-11T12:27:39.444626866Z,2000.350,none,false,0,0,0,0,0,43,5,5,0,0,0,0,0
calib-d-faults,baseline-slow-transform-r01,2026-09-11T12:27:40.445077508Z,3000.801,none,false,0,0,0,0,0,63,7,7,0,0,0,0,0
calib-d-faults,baseline-slow-transform-r01,2026-09-11T12:27:42.024720294Z,4000.355,none,false,0,0,0,0,0,83,8,8,0,0,0,0,0
calib-d-faults,baseline-slow-transform-r01,2026-09-11T12:27:45.769390911Z,5000.864,none,false,0,0,0,0,0,103,10,10,0,0,0,0,0
calib-d-faults,baseline-slow-transform-r01,2026-09-11T12:27:46.769341578Z,6000.815,none,false,0,0,0,0,0,123,11,11,0,0,0,0,0
calib-d-faults,baseline-slow-transform-r01,2026-09-11T12:27:47.769070167Z,7000.544,none,false,0,0,0,0,0,143,13,13,0,0,0,0,0
calib-d-faults,baseline-slow-transform-r01,2026-09-11T12:27:48.768950967Z,8000.424,none,false,0,0,0,0,0,163,14,14,0,0,0,0,0
calib-d-faults,baseline-slow-transform-r01,2026-09-11T12:27:49.768800108Z,9000.274,none,false,0,0,0,0,0,183,16,16,0,0,0,0,0
calib-d-faults,baseline-slow-transform-r01,2026-09-11T12:27:50.768746616Z,10000.220,none,false,0,0,0,0,0,203,17,17,0,0,0,0,0
calib-d-faults,baseline-slow-transform-r01,2026-09-11T12:27:51.769527558Z,11001.001,none,false,0,0,0,0,0,223,19,19,0,0,0,0,0
calib-d-faults,baseline-slow-transform-r01,2026-09-11T12:27:52.769009696Z,12000.483,none,false,0,0,0,0,0,243,20,20,0,0,0,0,0
calib-d-faults,baseline-slow-transform-r01,2026-09-11T12:27:53.769673918Z,13001.147,none,false,0,0,0,0,0,263,22,22,0,0,0,0,0
calib-d-faults,baseline-slow-transform-r01,2026-09-11T12:27:54.768911067Z,14000.385,none,false,0,0,0,0,0,283,23,23,0,0,0,0,0
calib-d-faults,baseline-slow-transform-r01,2026-09-11T12:27:55.768881215Z,15000.355,none,false,0,0,0,0,0,303,25,25,0,0,0,0,0
calib-d-faults,baseline-slow-transform-r01,2026-09-11T12:27:56.769413191Z,16000.887,none,false,0,0,0,0,0,323,26,26,0,0,0,0,0
calib-d-faults,baseline-slow-transform-r01,2026-09-11T12:27:57.769340299Z,17000.814,none,false,0,0,0,0,0,343,28,28,0,0,0,0,0
calib-d-faults,baseline-slow-transform-r01,2026-09-11T12:27:58.769114884Z,18000.588,none,false,0,0,0,0,0,363,29,29,0,0,0,0,0
calib-d-faults,baseline-slow-transform-r01,2026-09-11T12:27:59.769573038Z,19001.047,none,false,0,0,0,0,0,383,31,31,0,0,0,0,0
calib-d-faults,baseline-slow-transform-r01,2026-09-11T12:28:00.769144489Z,20000.618,none,false,0,0,0,0,0,403,32,32,0,0,0,0,0
calib-d-faults,baseline-slow-transform-r01,2026-09-11T12:28:01.769445281Z,21000.919,none,false,0,0,0,0,0,423,34,34,0,0,0,0,0
calib-d-faults,baseline-slow-transform-r01,2026-09-11T12:28:02.769553018Z,22001.026,none,false,0,0,0,0,0,443,35,35,0,0,0,0,0
calib-d-faults,baseline-slow-transform-r01,2026-09-11T12:28:03.768843705Z,23000.317,none,false,0,0,0,0,0,463,37,37,0,0,0,0,0
calib-d-faults,baseline-slow-transform-r01,2026-09-11T12:28:04.76952267Z,24000.996,none,false,0,0,0,0,0,483,38,38,0,0,0,0,0
calib-d-faults,baseline-slow-transform-r01,2026-09-11T12:28:05.7692771Z,25000.751,none,false,0,0,0,0,0,503,40,40,0,0,0,0,0
calib-d-faults,baseline-slow-transform-r01,2026-09-11T12:28:06.769492594Z,26000.966,none,false,0,0,0,0,0,523,41,41,0,0,0,0,0
calib-d-faults,baseline-slow-transform-r01,2026-09-11T12:28:07.769054864Z,27000.528,none,false,0,0,0,0,0,543,43,43,0,0,0,0,0
calib-d-faults,baseline-slow-transform-r01,2026-09-11T12:28:08.769217572Z,28000.691,none,false,0,0,0,0,0,563,44,44,0,0,0,0,0
calib-d-faults,baseline-slow-transform-r01,2026-09-11T12:28:09.769319979Z,29000.793,none,false,0,0,0,0,0,583,46,46,0,0,0,0,0
calib-d-faults,baseline-slow-transform-r01,2026-09-11T12:28:10.769304934Z,30000.778,none,false,0,0,0,0,0,603,47,47,0,0,0,0,0
calib-d-faults,baseline-slow-transform-r01,2026-09-11T12:28:11.769736933Z,31001.210,slow-transform,false,1,0,1,0,4075024,623,49,48,0,0,0,0,1
calib-d-faults,baseline-slow-transform-r01,2026-09-11T12:28:12.769630199Z,32001.104,slow-transform,false,2,0,2,0,8150048,643,50,48,0,0,0,0,2
calib-d-faults,baseline-slow-transform-r01,2026-09-11T12:28:13.768751437Z,33000.225,slow-transform,false,3,0,3,0,12225072,663,52,49,0,0,0,0,3
calib-d-faults,baseline-slow-transform-r01,2026-09-11T12:28:15.359237717Z,34001.153,slow-transform,false,4,0,4,0,16300096,683,53,49,0,0,0,0,4
calib-d-faults,baseline-slow-transform-r01,2026-09-11T12:28:19.110904063Z,35000.748,slow-transform,false,4,2,6,0,24450144,703,55,49,0,0,0,0,4
calib-d-faults,baseline-slow-transform-r01,2026-09-11T12:28:20.111014688Z,36000.858,slow-transform,false,4,3,7,0,28525168,723,56,49,0,0,0,0,4
calib-d-faults,baseline-slow-transform-r01,2026-09-11T12:28:21.111132795Z,37000.976,slow-transform,false,4,5,9,0,36675216,743,58,49,0,0,0,0,4
calib-d-faults,baseline-slow-transform-r01,2026-09-11T12:28:22.111167177Z,38001.011,slow-transform,false,4,6,10,0,40750240,763,59,49,0,0,0,0,4
calib-d-faults,baseline-slow-transform-r01,2026-09-11T12:28:23.11042829Z,39000.272,slow-transform,false,4,8,12,0,48900288,783,61,49,0,0,0,0,4
calib-d-faults,baseline-slow-transform-r01,2026-09-11T12:28:24.111262727Z,40001.106,slow-transform,false,4,9,13,0,52975312,803,62,49,0,0,0,0,4
calib-d-faults,baseline-slow-transform-r01,2026-09-11T12:28:25.110699142Z,41000.543,slow-transform,false,4,11,15,0,61125360,823,64,49,0,0,0,0,4
calib-d-faults,baseline-slow-transform-r01,2026-09-11T12:28:26.1109069Z,42000.751,slow-transform,false,4,12,16,0,65200384,843,65,49,0,0,0,0,4
calib-d-faults,baseline-slow-transform-r01,2026-09-11T12:28:27.110826402Z,43000.670,slow-transform,false,4,14,18,0,73350432,863,67,49,0,0,0,0,4
calib-d-faults,baseline-slow-transform-r01,2026-09-11T12:28:28.110905699Z,44000.749,slow-transform,false,4,15,19,0,77425456,883,68,49,0,0,0,0,4
calib-d-faults,baseline-slow-transform-r01,2026-09-11T12:28:29.110965868Z,45000.810,slow-transform,false,4,17,22,0,85575504,903,71,49,0,0,0,0,4
calib-d-faults,baseline-slow-transform-r01,2026-09-11T12:28:30.110529422Z,46000.373,slow-transform,false,4,16,20,0,81500480,923,71,51,0,0,0,0,5
calib-d-faults,baseline-slow-transform-r01,2026-09-11T12:28:31.110675129Z,47000.519,slow-transform,false,4,17,21,0,85575504,943,73,52,0,0,0,0,6
calib-d-faults,baseline-slow-transform-r01,2026-09-11T12:28:32.11116829Z,48001.012,slow-transform,false,4,16,20,0,81500480,963,74,54,0,0,0,0,7
calib-d-faults,baseline-slow-transform-r01,2026-09-11T12:28:33.11096075Z,49000.804,slow-transform,false,4,17,21,0,85575504,983,76,55,0,0,0,0,8
calib-d-faults,baseline-slow-transform-r01,2026-09-11T12:28:34.110619364Z,50000.463,slow-transform,false,4,18,22,0,89650528,1003,77,55,0,0,0,0,8
calib-d-faults,baseline-slow-transform-r01,2026-09-11T12:28:35.110670902Z,51000.515,slow-transform,false,4,20,24,0,97800576,1023,79,55,0,0,0,0,8
calib-d-faults,baseline-slow-transform-r01,2026-09-11T12:28:36.110640475Z,52000.484,slow-transform,false,4,21,25,0,101875600,1043,80,55,0,0,0,0,8
calib-d-faults,baseline-slow-transform-r01,2026-09-11T12:28:37.111031851Z,53000.876,slow-transform,false,4,23,27,0,110025648,1063,82,55,0,0,0,0,8
calib-d-faults,baseline-slow-transform-r01,2026-09-11T12:28:38.110868615Z,54000.712,slow-transform,false,4,24,29,0,114100672,1083,84,55,0,0,0,0,8
calib-d-faults,baseline-slow-transform-r01,2026-09-11T12:28:39.110597035Z,55000.441,slow-transform,false,4,25,29,0,118175696,1103,85,55,0,1,0,0,9
calib-d-faults,baseline-slow-transform-r01,2026-09-11T12:28:40.11052945Z,56000.373,slow-transform,false,4,24,28,0,114100672,1123,86,56,0,2,0,0,10
calib-d-faults,baseline-slow-transform-r01,2026-09-11T12:28:41.111313455Z,57001.157,slow-transform,false,4,24,28,0,114100672,1143,88,57,0,3,0,0,11
calib-d-faults,baseline-slow-transform-r01,2026-09-11T12:28:42.110753886Z,58000.598,slow-transform,false,4,24,28,0,114100672,1163,89,57,0,4,0,0,12
calib-d-faults,baseline-slow-transform-r01,2026-09-11T12:28:43.111189865Z,59001.034,slow-transform,false,3,25,28,0,114100672,1183,91,57,0,6,0,0,13
calib-d-faults,baseline-slow-transform-r01,2026-09-11T12:28:44.110836456Z,60000.680,slow-transform,false,4,24,28,0,114100672,1203,92,58,0,6,0,0,14
calib-d-faults,baseline-slow-transform-r01,2026-09-11T12:28:45.110804232Z,61000.648,slow-transform,false,3,25,28,0,114100672,1223,94,58,0,8,0,0,15
calib-d-faults,baseline-slow-transform-r01,2026-09-11T12:28:46.111351668Z,62001.195,slow-transform,false,3,24,27,0,110025648,1243,95,59,0,9,0,0,16
calib-d-faults,baseline-slow-transform-r01,2026-09-11T12:28:47.111081092Z,63000.925,slow-transform,false,3,25,28,0,114100672,1263,97,59,0,10,0,0,17
calib-d-faults,baseline-slow-transform-r01,2026-09-11T12:28:48.692420401Z,64000.646,slow-transform,false,4,24,28,0,114100672,1283,98,60,0,10,0,0,18
calib-d-faults,baseline-slow-transform-r01,2026-09-11T12:28:52.45280215Z,65000.936,slow-transform,false,3,25,28,0,114100672,1303,100,60,0,12,0,0,19
calib-d-faults,baseline-slow-transform-r01,2026-09-11T12:28:53.452875925Z,66001.010,slow-transform,false,3,24,27,0,110025648,1323,101,61,0,13,0,0,20
calib-d-faults,baseline-slow-transform-r01,2026-09-11T12:28:54.452657347Z,67000.792,slow-transform,false,4,24,28,0,114100672,1343,103,61,0,14,0,0,21
calib-d-faults,baseline-slow-transform-r01,2026-09-11T12:28:55.452318397Z,68000.453,slow-transform,false,4,24,28,0,114100672,1363,104,62,0,14,0,0,22
calib-d-faults,baseline-slow-transform-r01,2026-09-11T12:28:56.45268321Z,69000.817,slow-transform,false,4,24,28,0,114100672,1383,106,63,0,15,0,0,23
calib-d-faults,baseline-slow-transform-r01,2026-09-11T12:28:57.452657135Z,70000.791,slow-transform,false,3,24,27,0,110025648,1403,107,63,0,17,0,0,24
calib-d-faults,baseline-slow-transform-r01,2026-09-11T12:28:58.45312645Z,71001.261,slow-transform,false,3,24,27,0,110025648,1423,109,64,0,18,0,0,25
calib-d-faults,baseline-slow-transform-r01,2026-09-11T12:28:59.452281863Z,72000.416,slow-transform,false,4,24,28,0,114100672,1443,110,64,0,18,0,0,26
calib-d-faults,baseline-slow-transform-r01,2026-09-11T12:29:00.452221254Z,73000.355,slow-transform,false,4,25,29,0,118175696,1463,112,64,0,19,0,0,27
calib-d-faults,baseline-slow-transform-r01,2026-09-11T12:29:01.452224038Z,74000.358,slow-transform,false,4,24,28,0,114100672,1483,113,65,0,20,0,0,28
calib-d-faults,baseline-slow-transform-r01,2026-09-11T12:29:02.45305809Z,75001.192,slow-transform,false,4,23,27,0,110025648,1503,115,66,0,22,0,0,30
calib-d-faults,baseline-slow-transform-r01,2026-09-11T12:29:03.452897359Z,76001.032,slow-transform,false,3,24,27,0,110025648,1523,116,66,0,23,0,0,30
calib-d-faults,baseline-slow-transform-r01,2026-09-11T12:29:04.4529962Z,77001.130,slow-transform,false,4,25,29,0,118175696,1543,118,66,0,23,0,0,31
calib-d-faults,baseline-slow-transform-r01,2026-09-11T12:29:05.453128302Z,78001.262,slow-transform,false,3,24,27,0,110025648,1563,119,67,0,25,0,0,32
calib-d-faults,baseline-slow-transform-r01,2026-09-11T12:29:06.452820955Z,79000.955,slow-transform,false,4,24,28,0,114100672,1583,121,68,0,25,0,0,33
calib-d-faults,baseline-slow-transform-r01,2026-09-11T12:29:07.453106499Z,80001.241,slow-transform,false,3,24,27,0,110025648,1603,122,68,0,27,0,0,34
calib-d-faults,baseline-slow-transform-r01,2026-09-11T12:29:08.45290201Z,81001.036,slow-transform,false,3,24,27,0,110025648,1623,124,69,0,28,0,0,35
calib-d-faults,baseline-slow-transform-r01,2026-09-11T12:29:09.452866576Z,82001.001,slow-transform,false,4,24,28,0,114100672,1643,125,69,0,28,0,0,36
calib-d-faults,baseline-slow-transform-r01,2026-09-11T12:29:10.452299673Z,83000.434,slow-transform,false,4,24,28,0,114100672,1663,127,70,0,29,0,0,37
calib-d-faults,baseline-slow-transform-r01,2026-09-11T12:29:11.452468692Z,84000.603,slow-transform,false,4,24,28,0,114100672,1683,128,70,0,30,0,0,38
calib-d-faults,baseline-slow-transform-r01,2026-09-11T12:29:12.452460965Z,85000.595,slow-transform,false,4,24,28,0,114100672,1703,130,71,0,31,0,0,39
calib-d-faults,baseline-slow-transform-r01,2026-09-11T12:29:13.452694623Z,86000.829,slow-transform,false,4,24,28,0,114100672,1723,131,71,0,32,0,0,40
calib-d-faults,baseline-slow-transform-r01,2026-09-11T12:29:14.452249544Z,87000.384,slow-transform,false,4,24,28,0,114100672,1743,133,72,0,33,0,0,41
calib-d-faults,baseline-slow-transform-r01,2026-09-11T12:29:15.452516592Z,88000.651,slow-transform,false,3,24,27,0,110025648,1763,134,72,0,35,0,0,42
calib-d-faults,baseline-slow-transform-r01,2026-09-11T12:29:16.452282341Z,89000.417,slow-transform,false,4,24,28,0,114100672,1783,136,73,0,35,0,0,43
calib-d-faults,baseline-slow-transform-r01,2026-09-11T12:29:17.452453399Z,90000.588,none,false,4,24,28,0,114100672,1803,137,73,0,36,0,0,44
calib-d-faults,baseline-slow-transform-r01,2026-09-11T12:29:18.452415294Z,91000.549,none,false,4,22,26,0,105950624,1823,139,76,0,37,0,0,44
calib-d-faults,baseline-slow-transform-r01,2026-09-11T12:29:19.453108528Z,92001.243,none,false,3,19,23,0,89650528,1843,141,79,0,39,0,0,44
calib-d-faults,baseline-slow-transform-r01,2026-09-11T12:29:20.452575894Z,93000.710,none,false,4,16,20,0,81500480,1863,142,82,0,40,0,0,44
calib-d-faults,baseline-slow-transform-r01,2026-09-11T12:29:22.025812183Z,94000.264,none,false,4,15,19,0,77425456,1883,143,84,0,40,0,0,44
calib-d-faults,baseline-slow-transform-r01,2026-09-11T12:29:25.787705385Z,95000.285,none,false,4,14,18,0,73350432,1903,145,87,0,40,0,0,44
calib-d-faults,baseline-slow-transform-r01,2026-09-11T12:29:26.788312749Z,96000.892,none,false,4,11,15,0,61125360,1923,146,91,0,40,0,0,44
calib-d-faults,baseline-slow-transform-r01,2026-09-11T12:29:27.788334854Z,97000.914,none,false,4,9,13,0,52975312,1943,148,95,0,40,0,0,44
calib-d-faults,baseline-slow-transform-r01,2026-09-11T12:29:28.78848312Z,98001.063,none,false,4,7,11,0,44825264,1963,149,98,0,40,0,0,44
calib-d-faults,baseline-slow-transform-r01,2026-09-11T12:29:29.788280139Z,99000.860,none,false,4,7,11,0,44825264,1983,151,100,0,40,0,0,44
calib-d-faults,baseline-slow-transform-r01,2026-09-11T12:29:30.788339705Z,100000.919,none,false,4,5,9,0,36675216,2003,152,103,0,40,0,0,44
calib-d-faults,baseline-slow-transform-r01,2026-09-11T12:29:31.787655264Z,101000.235,none,false,4,3,7,0,28525168,2023,154,107,0,40,0,0,44
calib-d-faults,baseline-slow-transform-r01,2026-09-11T12:29:32.788510111Z,102001.090,none,false,4,0,4,0,16300096,2043,155,111,0,40,0,0,44
calib-d-faults,baseline-slow-transform-r01,2026-09-11T12:29:33.787856163Z,103000.436,none,false,3,0,3,0,12225072,2063,157,114,0,40,0,0,44
calib-d-faults,baseline-slow-transform-r01,2026-09-11T12:29:34.787904584Z,104000.484,none,false,0,0,0,0,0,2083,158,118,0,40,0,0,44
calib-d-faults,baseline-slow-transform-r01,2026-09-11T12:29:35.787788067Z,105000.368,none,false,0,0,0,0,0,2103,160,120,0,40,0,0,44
calib-d-faults,baseline-slow-transform-r01,2026-09-11T12:29:36.788493214Z,106001.073,none,false,0,0,0,0,0,2123,161,121,0,40,0,0,44
calib-d-faults,baseline-slow-transform-r01,2026-09-11T12:29:37.788528453Z,107001.108,none,false,0,0,0,0,0,2143,163,123,0,40,0,0,44
calib-d-faults,baseline-slow-transform-r01,2026-09-11T12:29:38.788221657Z,108000.801,none,false,0,0,0,0,0,2163,164,124,0,40,0,0,44
calib-d-faults,baseline-slow-transform-r01,2026-09-11T12:29:39.788479148Z,109001.059,none,false,0,0,0,0,0,2183,166,126,0,40,0,0,44
calib-d-faults,baseline-slow-transform-r01,2026-09-11T12:29:40.788577329Z,110001.157,none,false,0,0,0,0,0,2203,167,127,0,40,0,0,44
calib-d-faults,baseline-slow-transform-r01,2026-09-11T12:29:41.7883727Z,111000.952,none,false,0,0,0,0,0,2223,169,129,0,40,0,0,44
calib-d-faults,baseline-slow-transform-r01,2026-09-11T12:29:42.788547581Z,112001.127,none,false,0,0,0,0,0,2243,170,130,0,40,0,0,44
calib-d-faults,baseline-slow-transform-r01,2026-09-11T12:29:43.787691934Z,113000.271,none,false,0,0,0,0,0,2263,172,132,0,40,0,0,44
calib-d-faults,baseline-slow-transform-r01,2026-09-11T12:29:44.788267585Z,114000.847,none,false,0,0,0,0,0,2283,173,133,0,40,0,0,44
calib-d-faults,baseline-slow-transform-r01,2026-09-11T12:29:45.787599126Z,115000.179,none,false,0,0,0,0,0,2303,175,135,0,40,0,0,44
calib-d-faults,baseline-slow-transform-r01,2026-09-11T12:29:46.788071773Z,116000.651,none,false,0,0,1,0,0,2323,177,136,0,40,0,0,44
calib-d-faults,baseline-slow-transform-r01,2026-09-11T12:29:47.787815941Z,117000.395,none,false,0,0,0,0,0,2343,178,138,0,40,0,0,44
calib-d-faults,baseline-slow-transform-r01,2026-09-11T12:29:48.788184473Z,118000.764,none,false,0,0,0,0,0,2363,179,139,0,40,0,0,44
calib-d-faults,baseline-slow-transform-r01,2026-09-11T12:29:49.788605115Z,119001.185,none,false,0,0,0,0,0,2383,181,141,0,40,0,0,44
calib-d-faults,baseline-slow-transform-r01,2026-09-11T12:29:50.788048933Z,120000.628,none,false,0,0,0,0,0,2403,182,142,0,40,0,0,44
calib-d-faults,baseline-slow-transform-r01,2026-09-11T12:29:51.788636292Z,121001.216,none,false,0,0,0,0,0,2423,184,144,0,40,0,0,44
calib-d-faults,baseline-slow-transform-r01,2026-09-11T12:29:52.788025242Z,122000.605,none,false,0,0,0,0,0,2443,185,145,0,40,0,0,44
calib-d-faults,baseline-slow-transform-r01,2026-09-11T12:29:53.788659392Z,123001.239,none,false,0,0,0,0,0,2463,187,147,0,40,0,0,44
calib-d-faults,baseline-slow-transform-r01,2026-09-11T12:29:55.359351027Z,124000.299,none,false,0,0,0,0,0,2483,188,148,0,40,0,0,44
calib-d-faults,baseline-slow-transform-r01,2026-09-11T12:29:59.111745531Z,125000.882,none,false,0,0,0,0,0,2503,190,150,0,40,0,0,44
calib-d-faults,baseline-slow-transform-r01,2026-09-11T12:30:00.111898817Z,126001.036,none,false,0,0,0,0,0,2523,191,151,0,40,0,0,44
calib-d-faults,baseline-slow-transform-r01,2026-09-11T12:30:01.111696871Z,127000.834,none,false,0,0,0,0,0,2543,193,153,0,40,0,0,44
calib-d-faults,baseline-slow-transform-r01,2026-09-11T12:30:02.11106973Z,128000.207,none,false,0,0,0,0,0,2563,194,154,0,40,0,0,44
calib-d-faults,baseline-slow-transform-r01,2026-09-11T12:30:03.111999376Z,129001.136,none,false,0,0,0,0,0,2583,196,156,0,40,0,0,44
calib-d-faults,baseline-slow-transform-r01,2026-09-11T12:30:04.111638649Z,130000.776,none,false,0,0,0,0,0,2603,197,157,0,40,0,0,44
calib-d-faults,baseline-slow-transform-r01,2026-09-11T12:30:05.111848171Z,131000.985,none,false,0,0,0,0,0,2623,199,159,0,40,0,0,44
calib-d-faults,baseline-slow-transform-r01,2026-09-11T12:30:06.111066233Z,132000.203,none,false,0,0,0,0,0,2643,200,160,0,40,0,0,44
calib-d-faults,baseline-slow-transform-r01,2026-09-11T12:30:07.11183235Z,133000.969,none,false,0,0,0,0,0,2663,202,162,0,40,0,0,44
calib-d-faults,baseline-slow-transform-r01,2026-09-11T12:30:08.112011145Z,134001.148,none,false,0,0,0,0,0,2683,203,163,0,40,0,0,44
calib-d-faults,baseline-slow-transform-r01,2026-09-11T12:30:09.111508442Z,135000.645,none,false,0,0,0,0,0,2703,205,165,0,40,0,0,44
calib-d-faults,baseline-slow-transform-r01,2026-09-11T12:30:10.111278926Z,136000.416,none,false,0,0,0,0,0,2723,206,166,0,40,0,0,44
calib-d-faults,baseline-slow-transform-r01,2026-09-11T12:30:11.111898229Z,137001.035,none,false,0,0,0,0,0,2743,208,168,0,40,0,0,44
calib-d-faults,baseline-slow-transform-r01,2026-09-11T12:30:12.111781831Z,138000.919,none,false,0,0,1,0,0,2763,210,169,0,40,0,0,44
calib-d-faults,baseline-slow-transform-r01,2026-09-11T12:30:13.111067679Z,139000.205,none,false,0,0,0,0,0,2783,211,171,0,40,0,0,44
calib-d-faults,baseline-slow-transform-r01,2026-09-11T12:30:14.111833563Z,140000.971,none,false,0,0,0,0,0,2803,213,172,0,40,0,0,44
calib-d-faults,baseline-slow-transform-r01,2026-09-11T12:30:15.111369911Z,141000.507,none,false,0,0,0,0,0,2823,214,174,0,40,0,0,44
calib-d-faults,baseline-slow-transform-r01,2026-09-11T12:30:16.11199561Z,142001.133,none,false,0,0,0,0,0,2843,215,175,0,40,0,0,44
calib-d-faults,baseline-slow-transform-r01,2026-09-11T12:30:17.11123574Z,143000.373,none,false,0,0,0,0,0,2863,217,177,0,40,0,0,44
calib-d-faults,baseline-slow-transform-r01,2026-09-11T12:30:18.112075391Z,144001.212,none,false,0,0,0,0,0,2883,218,178,0,40,0,0,44
calib-d-faults,baseline-slow-transform-r01,2026-09-11T12:30:19.1116867Z,145000.824,none,false,0,0,0,0,0,2903,220,180,0,40,0,0,44
calib-d-faults,baseline-slow-transform-r01,2026-09-11T12:30:20.111796522Z,146000.933,none,false,0,0,0,0,0,2923,221,181,0,40,0,0,44
calib-d-faults,baseline-slow-transform-r01,2026-09-11T12:30:21.111313668Z,147000.451,none,false,0,0,0,0,0,2943,223,183,0,40,0,0,44
calib-d-faults,baseline-slow-transform-r01,2026-09-11T12:30:22.111879571Z,148001.017,none,false,0,0,0,0,0,2963,224,184,0,40,0,0,44
calib-d-faults,baseline-slow-transform-r01,2026-09-11T12:30:23.112016563Z,149001.154,none,false,0,0,0,0,0,2983,226,186,0,40,0,0,44
calib-d-faults,baseline-slow-transform-r01,2026-09-11T12:30:24.111138514Z,150000.275,none,false,0,0,0,0,0,3003,227,187,0,40,0,0,44
calib-d-faults,baseline-slow-transform-r01,2026-09-11T12:30:24.11116204Z,150000.299,none,false,0,0,0,0,0,3003,227,187,0,40,0,0,44
calib-d-faults,kill-switch-transform-error-r01,2026-09-11T12:30:25.168658776Z,0.037,none,false,0,0,0,0,0,4,4,4,0,0,0,0,0
calib-d-faults,kill-switch-transform-error-r01,2026-09-11T12:30:26.169011444Z,1000.390,none,false,0,0,0,0,0,23,4,4,0,0,0,0,0
calib-d-faults,kill-switch-transform-error-r01,2026-09-11T12:30:27.168954701Z,2000.333,none,false,0,0,0,0,0,43,5,5,0,0,0,0,0
calib-d-faults,kill-switch-transform-error-r01,2026-09-11T12:30:28.750828033Z,3000.474,none,false,0,0,0,0,0,63,7,7,0,0,0,0,0
calib-d-faults,kill-switch-transform-error-r01,2026-09-11T12:30:32.520303442Z,4001.214,none,false,0,0,0,0,0,83,8,8,0,0,0,0,0
calib-d-faults,kill-switch-transform-error-r01,2026-09-11T12:30:33.519888098Z,5000.799,none,false,0,0,0,0,0,103,10,10,0,0,0,0,0
calib-d-faults,kill-switch-transform-error-r01,2026-09-11T12:30:34.519311598Z,6000.222,none,false,0,0,0,0,0,123,11,11,0,0,0,0,0
calib-d-faults,kill-switch-transform-error-r01,2026-09-11T12:30:35.519616446Z,7000.527,none,false,0,0,0,0,0,143,13,13,0,0,0,0,0
calib-d-faults,kill-switch-transform-error-r01,2026-09-11T12:30:36.520050365Z,8000.961,none,false,0,0,0,0,0,163,14,14,0,0,0,0,0
calib-d-faults,kill-switch-transform-error-r01,2026-09-11T12:30:37.519751676Z,9000.662,none,false,0,0,0,0,0,183,16,16,0,0,0,0,0
calib-d-faults,kill-switch-transform-error-r01,2026-09-11T12:30:38.519934798Z,10000.845,none,false,0,0,0,0,0,203,17,17,0,0,0,0,0
calib-d-faults,kill-switch-transform-error-r01,2026-09-11T12:30:39.519811954Z,11000.723,none,false,0,0,0,0,0,223,19,19,0,0,0,0,0
calib-d-faults,kill-switch-transform-error-r01,2026-09-11T12:30:40.52005896Z,12000.970,none,false,0,0,0,0,0,243,20,20,0,0,0,0,0
calib-d-faults,kill-switch-transform-error-r01,2026-09-11T12:30:41.519747155Z,13000.658,none,false,0,0,0,0,0,263,22,22,0,0,0,0,0
calib-d-faults,kill-switch-transform-error-r01,2026-09-11T12:30:42.520223544Z,14001.134,none,false,0,0,0,0,0,283,23,23,0,0,0,0,0
calib-d-faults,kill-switch-transform-error-r01,2026-09-11T12:30:43.520182806Z,15001.093,none,false,0,0,0,0,0,303,25,25,0,0,0,0,0
calib-d-faults,kill-switch-transform-error-r01,2026-09-11T12:30:44.519365327Z,16000.276,none,false,0,0,0,0,0,323,26,26,0,0,0,0,0
calib-d-faults,kill-switch-transform-error-r01,2026-09-11T12:30:45.51993595Z,17000.847,none,false,0,0,0,0,0,343,28,28,0,0,0,0,0
calib-d-faults,kill-switch-transform-error-r01,2026-09-11T12:30:46.520148822Z,18001.060,none,false,0,0,0,0,0,363,29,29,0,0,0,0,0
calib-d-faults,kill-switch-transform-error-r01,2026-09-11T12:30:47.519625513Z,19000.536,none,false,0,0,0,0,0,383,31,31,0,0,0,0,0
calib-d-faults,kill-switch-transform-error-r01,2026-09-11T12:30:48.520041403Z,20000.952,none,false,0,0,0,0,0,403,32,32,0,0,0,0,0
calib-d-faults,kill-switch-transform-error-r01,2026-09-11T12:30:49.52012571Z,21001.036,none,false,0,0,0,0,0,423,34,34,0,0,0,0,0
calib-d-faults,kill-switch-transform-error-r01,2026-09-11T12:30:50.519999154Z,22000.910,none,false,0,0,0,0,0,443,35,35,0,0,0,0,0
calib-d-faults,kill-switch-transform-error-r01,2026-09-11T12:30:51.51957273Z,23000.483,none,false,0,0,0,0,0,463,37,37,0,0,0,0,0
calib-d-faults,kill-switch-transform-error-r01,2026-09-11T12:30:52.519634825Z,24000.546,none,false,0,0,0,0,0,483,38,38,0,0,0,0,0
calib-d-faults,kill-switch-transform-error-r01,2026-09-11T12:30:53.519609851Z,25000.521,none,false,0,0,0,0,0,503,40,40,0,0,0,0,0
calib-d-faults,kill-switch-transform-error-r01,2026-09-11T12:30:54.519537834Z,26000.449,none,false,0,0,0,0,0,523,41,41,0,0,0,0,0
calib-d-faults,kill-switch-transform-error-r01,2026-09-11T12:30:55.520295363Z,27001.206,none,false,0,0,0,0,0,543,43,43,0,0,0,0,0
calib-d-faults,kill-switch-transform-error-r01,2026-09-11T12:30:56.519945609Z,28000.856,none,false,0,0,0,0,0,563,44,44,0,0,0,0,0
calib-d-faults,kill-switch-transform-error-r01,2026-09-11T12:30:57.519444122Z,29000.355,none,false,0,0,0,0,0,583,46,46,0,0,0,0,0
calib-d-faults,kill-switch-transform-error-r01,2026-09-11T12:30:58.519477429Z,30000.388,transform-error,false,0,0,0,0,0,603,47,47,0,0,0,0,0
calib-d-faults,kill-switch-transform-error-r01,2026-09-11T12:30:59.51977803Z,31000.689,transform-error,false,0,0,0,0,0,623,49,48,1,0,0,0,1
calib-d-faults,kill-switch-transform-error-r01,2026-09-11T12:31:00.519914159Z,32000.825,transform-error,false,0,0,0,0,0,643,50,48,2,0,0,0,2
calib-d-faults,kill-switch-transform-error-r01,2026-09-11T12:31:02.085150546Z,33001.141,transform-error,false,0,0,0,0,0,663,52,49,3,0,0,0,3
calib-d-faults,kill-switch-transform-error-r01,2026-09-11T12:31:05.843384901Z,34001.145,transform-error,false,0,0,0,0,0,683,53,49,4,0,0,0,4
calib-d-faults,kill-switch-transform-error-r01,2026-09-11T12:31:06.843207029Z,35000.967,transform-error,false,0,0,0,0,0,703,55,50,5,0,0,0,5
calib-d-faults,kill-switch-transform-error-r01,2026-09-11T12:31:07.842851625Z,36000.612,transform-error,false,0,0,0,0,0,723,56,50,6,0,0,0,6
calib-d-faults,kill-switch-transform-error-r01,2026-09-11T12:31:08.842450724Z,37000.211,transform-error,false,0,0,0,0,0,743,58,51,7,0,0,0,7
calib-d-faults,kill-switch-transform-error-r01,2026-09-11T12:31:09.843121173Z,38000.881,transform-error,false,0,0,0,0,0,763,59,51,8,0,0,0,8
calib-d-faults,kill-switch-transform-error-r01,2026-09-11T12:31:10.843184172Z,39000.944,transform-error,false,0,0,0,0,0,783,61,52,9,0,0,0,9
calib-d-faults,kill-switch-transform-error-r01,2026-09-11T12:31:11.843286959Z,40001.047,transform-error,false,0,0,0,0,0,803,62,52,10,0,0,0,10
calib-d-faults,kill-switch-transform-error-r01,2026-09-11T12:31:12.842733717Z,41000.494,transform-error,false,0,0,0,0,0,823,64,53,11,0,0,0,11
calib-d-faults,kill-switch-transform-error-r01,2026-09-11T12:31:13.842612762Z,42000.373,transform-error,false,0,0,0,0,0,843,65,53,12,0,0,0,12
calib-d-faults,kill-switch-transform-error-r01,2026-09-11T12:31:14.842859725Z,43000.620,transform-error,false,0,0,0,0,0,863,67,54,13,0,0,0,13
calib-d-faults,kill-switch-transform-error-r01,2026-09-11T12:31:15.84309637Z,44000.857,transform-error,false,0,0,0,0,0,883,68,54,14,0,0,0,14
calib-d-faults,kill-switch-transform-error-r01,2026-09-11T12:31:16.842615339Z,45000.376,transform-error,false,0,0,0,0,0,903,70,55,15,0,0,0,15
calib-d-faults,kill-switch-transform-error-r01,2026-09-11T12:31:17.84313545Z,46000.896,transform-error,false,0,0,0,0,0,923,71,55,16,0,0,0,16
calib-d-faults,kill-switch-transform-error-r01,2026-09-11T12:31:18.842805165Z,47000.565,transform-error,false,0,0,0,0,0,943,73,56,17,0,0,0,17
calib-d-faults,kill-switch-transform-error-r01,2026-09-11T12:31:19.843181316Z,48000.942,transform-error,false,0,0,1,0,0,963,75,56,18,0,0,0,18
calib-d-faults,kill-switch-transform-error-r01,2026-09-11T12:31:20.842932215Z,49000.692,transform-error,false,0,0,0,0,0,983,76,57,19,0,0,0,19
calib-d-faults,kill-switch-transform-error-r01,2026-09-11T12:31:21.84285588Z,50000.616,transform-error,true,0,0,0,0,0,1003,77,57,20,0,0,0,20
calib-d-faults,kill-switch-transform-error-r01,2026-09-11T12:31:22.842754231Z,51000.514,transform-error,true,0,0,0,0,0,1023,79,57,20,0,0,2,20
calib-d-faults,kill-switch-transform-error-r01,2026-09-11T12:31:23.842422385Z,52000.183,transform-error,true,0,0,0,0,0,1043,80,57,20,0,0,3,20
calib-d-faults,kill-switch-transform-error-r01,2026-09-11T12:31:24.84263744Z,53000.398,transform-error,true,0,0,0,0,0,1063,82,57,20,0,0,5,20
calib-d-faults,kill-switch-transform-error-r01,2026-09-11T12:31:25.842585077Z,54000.345,transform-error,true,0,0,0,0,0,1083,84,57,20,0,0,7,20
calib-d-faults,kill-switch-transform-error-r01,2026-09-11T12:31:26.843263508Z,55001.024,transform-error,true,0,0,0,0,0,1103,85,57,20,0,0,8,20
calib-d-faults,kill-switch-transform-error-r01,2026-09-11T12:31:27.842428831Z,56000.189,transform-error,true,0,0,0,0,0,1123,86,57,20,0,0,9,20
calib-d-faults,kill-switch-transform-error-r01,2026-09-11T12:31:28.842945496Z,57000.706,transform-error,true,0,0,0,0,0,1143,88,57,20,0,0,11,20
calib-d-faults,kill-switch-transform-error-r01,2026-09-11T12:31:29.843509759Z,58001.270,transform-error,true,0,0,0,0,0,1163,89,57,20,0,0,12,20
calib-d-faults,kill-switch-transform-error-r01,2026-09-11T12:31:30.842953306Z,59000.714,transform-error,true,0,0,0,0,0,1183,91,57,20,0,0,14,20
calib-d-faults,kill-switch-transform-error-r01,2026-09-11T12:31:31.84263984Z,60000.400,transform-error,true,0,0,0,0,0,1203,92,57,20,0,0,15,20
calib-d-faults,kill-switch-transform-error-r01,2026-09-11T12:31:32.842736158Z,61000.496,transform-error,true,0,0,0,0,0,1223,94,57,20,0,0,17,20
calib-d-faults,kill-switch-transform-error-r01,2026-09-11T12:31:33.843294122Z,62001.054,transform-error,true,0,0,0,0,0,1243,95,57,20,0,0,18,20
calib-d-faults,kill-switch-transform-error-r01,2026-09-11T12:31:35.418038867Z,63000.333,transform-error,true,0,0,0,0,0,1263,97,57,20,0,0,20,20
calib-d-faults,kill-switch-transform-error-r01,2026-09-11T12:31:39.174668064Z,64000.892,transform-error,true,0,0,0,0,0,1283,98,57,20,0,0,21,20
calib-d-faults,kill-switch-transform-error-r01,2026-09-11T12:31:40.174239137Z,65000.463,transform-error,true,0,0,0,0,0,1303,100,57,20,0,0,23,20
calib-d-faults,kill-switch-transform-error-r01,2026-09-11T12:31:41.174658346Z,66000.882,transform-error,true,0,0,0,0,0,1323,101,57,20,0,0,24,20
calib-d-faults,kill-switch-transform-error-r01,2026-09-11T12:31:42.174196421Z,67000.420,transform-error,true,0,0,0,0,0,1343,103,57,20,0,0,26,20
calib-d-faults,kill-switch-transform-error-r01,2026-09-11T12:31:43.17427112Z,68000.495,transform-error,true,0,0,0,0,0,1363,104,57,20,0,0,27,20
calib-d-faults,kill-switch-transform-error-r01,2026-09-11T12:31:44.173853185Z,69000.077,transform-error,true,0,0,0,0,0,1383,106,57,20,0,0,29,20
calib-d-faults,kill-switch-transform-error-r01,2026-09-11T12:31:45.174987452Z,70001.211,transform-error,true,0,0,0,0,0,1403,107,57,20,0,0,30,20
calib-d-faults,kill-switch-transform-error-r01,2026-09-11T12:31:46.174263428Z,71000.487,transform-error,true,0,0,0,0,0,1423,109,57,20,0,0,32,20
calib-d-faults,kill-switch-transform-error-r01,2026-09-11T12:31:47.174687522Z,72000.911,transform-error,true,0,0,0,0,0,1443,110,57,20,0,0,33,20
calib-d-faults,kill-switch-transform-error-r01,2026-09-11T12:31:48.174712407Z,73000.936,transform-error,true,0,0,0,0,0,1463,112,57,20,0,0,35,20
calib-d-faults,kill-switch-transform-error-r01,2026-09-11T12:31:49.174051681Z,74000.275,transform-error,true,0,0,0,0,0,1483,113,57,20,0,0,36,20
calib-d-faults,kill-switch-transform-error-r01,2026-09-11T12:31:50.174833448Z,75001.057,transform-error,true,0,0,0,0,0,1503,115,57,20,0,0,38,20
calib-d-faults,kill-switch-transform-error-r01,2026-09-11T12:31:51.174581531Z,76000.805,transform-error,true,0,0,0,0,0,1523,116,57,20,0,0,39,20
calib-d-faults,kill-switch-transform-error-r01,2026-09-11T12:31:52.174180241Z,77000.404,transform-error,true,0,0,0,0,0,1543,118,57,20,0,0,41,20
calib-d-faults,kill-switch-transform-error-r01,2026-09-11T12:31:53.174003487Z,78000.227,transform-error,true,0,0,0,0,0,1563,119,57,20,0,0,42,20
calib-d-faults,kill-switch-transform-error-r01,2026-09-11T12:31:54.174500424Z,79000.724,transform-error,true,0,0,0,0,0,1583,121,57,20,0,0,44,20
calib-d-faults,kill-switch-transform-error-r01,2026-09-11T12:31:55.1746769Z,80000.901,transform-error,true,0,0,0,0,0,1603,122,57,20,0,0,45,20
calib-d-faults,kill-switch-transform-error-r01,2026-09-11T12:31:56.174696798Z,81000.920,transform-error,true,0,0,0,0,0,1623,124,57,20,0,0,47,20
calib-d-faults,kill-switch-transform-error-r01,2026-09-11T12:31:57.174852419Z,82001.076,transform-error,true,0,0,0,0,0,1643,125,57,20,0,0,48,20
calib-d-faults,kill-switch-transform-error-r01,2026-09-11T12:31:58.174427906Z,83000.652,transform-error,true,0,0,0,0,0,1663,127,57,20,0,0,50,20
calib-d-faults,kill-switch-transform-error-r01,2026-09-11T12:31:59.174647141Z,84000.871,transform-error,true,0,0,0,0,0,1683,128,57,20,0,0,51,20
calib-d-faults,kill-switch-transform-error-r01,2026-09-11T12:32:00.174307066Z,85000.531,transform-error,true,0,0,0,0,0,1703,130,57,20,0,0,53,20
calib-d-faults,kill-switch-transform-error-r01,2026-09-11T12:32:01.174395122Z,86000.619,transform-error,true,0,0,0,0,0,1723,131,57,20,0,0,54,20
calib-d-faults,kill-switch-transform-error-r01,2026-09-11T12:32:02.174202426Z,87000.426,transform-error,true,0,0,0,0,0,1743,133,57,20,0,0,56,20
calib-d-faults,kill-switch-transform-error-r01,2026-09-11T12:32:03.174593652Z,88000.817,transform-error,true,0,0,0,0,0,1763,134,57,20,0,0,57,20
calib-d-faults,kill-switch-transform-error-r01,2026-09-11T12:32:04.174707226Z,89000.931,transform-error,true,0,0,0,0,0,1783,136,57,20,0,0,59,20
calib-d-faults,kill-switch-transform-error-r01,2026-09-11T12:32:05.174070464Z,90000.294,none,true,0,0,0,0,0,1803,137,57,20,0,0,60,20
calib-d-faults,kill-switch-transform-error-r01,2026-09-11T12:32:06.174474768Z,91000.698,none,true,0,0,0,0,0,1823,139,57,20,0,0,62,20
calib-d-faults,kill-switch-transform-error-r01,2026-09-11T12:32:07.174399594Z,92000.623,none,true,0,0,0,0,0,1843,140,57,20,0,0,63,20
calib-d-faults,kill-switch-transform-error-r01,2026-09-11T12:32:08.752231361Z,93001.137,none,true,0,0,0,0,0,1863,142,57,20,0,0,65,20
calib-d-faults,kill-switch-transform-error-r01,2026-09-11T12:32:12.523902393Z,94000.731,none,true,0,0,0,0,0,1883,143,57,20,0,0,66,20
calib-d-faults,kill-switch-transform-error-r01,2026-09-11T12:32:13.524368548Z,95001.197,none,true,0,0,0,0,0,1903,145,57,20,0,0,68,20
calib-d-faults,kill-switch-transform-error-r01,2026-09-11T12:32:14.523478809Z,96000.307,none,true,0,0,0,0,0,1923,146,57,20,0,0,69,20
calib-d-faults,kill-switch-transform-error-r01,2026-09-11T12:32:15.523671994Z,97000.500,none,true,0,0,0,0,0,1943,148,57,20,0,0,71,20
calib-d-faults,kill-switch-transform-error-r01,2026-09-11T12:32:16.523805996Z,98000.634,none,true,0,0,0,0,0,1963,149,57,20,0,0,72,20
calib-d-faults,kill-switch-transform-error-r01,2026-09-11T12:32:17.523406105Z,99000.234,none,true,0,0,0,0,0,1983,151,57,20,0,0,74,20
calib-d-faults,kill-switch-transform-error-r01,2026-09-11T12:32:18.523756136Z,100000.584,none,false,0,0,0,0,0,2003,152,57,20,0,0,75,20
calib-d-faults,kill-switch-transform-error-r01,2026-09-11T12:32:19.524237539Z,101001.066,none,false,0,0,0,0,0,2023,154,59,20,0,0,75,20
calib-d-faults,kill-switch-transform-error-r01,2026-09-11T12:32:20.524374097Z,102001.202,none,false,0,0,0,0,0,2043,155,60,20,0,0,75,20
calib-d-faults,kill-switch-transform-error-r01,2026-09-11T12:32:21.523328104Z,103000.156,none,false,0,0,0,0,0,2063,157,62,20,0,0,75,20
calib-d-faults,kill-switch-transform-error-r01,2026-09-11T12:32:22.524216949Z,104001.045,none,false,0,0,0,0,0,2083,158,63,20,0,0,75,20
calib-d-faults,kill-switch-transform-error-r01,2026-09-11T12:32:23.524231929Z,105001.060,none,false,0,0,0,0,0,2103,160,65,20,0,0,75,20
calib-d-faults,kill-switch-transform-error-r01,2026-09-11T12:32:24.523758958Z,106000.587,none,false,0,0,0,0,0,2123,161,66,20,0,0,75,20
calib-d-faults,kill-switch-transform-error-r01,2026-09-11T12:32:25.523793264Z,107000.622,none,false,0,0,0,0,0,2143,163,68,20,0,0,75,20
calib-d-faults,kill-switch-transform-error-r01,2026-09-11T12:32:26.523925371Z,108000.754,none,false,0,0,0,0,0,2163,164,69,20,0,0,75,20
calib-d-faults,kill-switch-transform-error-r01,2026-09-11T12:32:27.523404552Z,109000.233,none,false,0,0,0,0,0,2183,166,71,20,0,0,75,20
calib-d-faults,kill-switch-transform-error-r01,2026-09-11T12:32:28.523916032Z,110000.744,none,false,0,0,0,0,0,2203,167,72,20,0,0,75,20
calib-d-faults,kill-switch-transform-error-r01,2026-09-11T12:32:29.523664044Z,111000.492,none,false,0,0,0,0,0,2223,169,74,20,0,0,75,20
calib-d-faults,kill-switch-transform-error-r01,2026-09-11T12:32:30.524223039Z,112001.051,none,false,0,0,0,0,0,2243,170,75,20,0,0,75,20
calib-d-faults,kill-switch-transform-error-r01,2026-09-11T12:32:31.524202547Z,113001.031,none,false,0,0,0,0,0,2263,172,77,20,0,0,75,20
calib-d-faults,kill-switch-transform-error-r01,2026-09-11T12:32:32.523316336Z,114000.145,none,false,0,0,0,0,0,2283,173,78,20,0,0,75,20
calib-d-faults,kill-switch-transform-error-r01,2026-09-11T12:32:33.523452339Z,115000.281,none,false,0,0,0,0,0,2303,175,80,20,0,0,75,20
calib-d-faults,kill-switch-transform-error-r01,2026-09-11T12:32:34.523419043Z,116000.247,none,false,0,0,0,0,0,2323,176,81,20,0,0,75,20
calib-d-faults,kill-switch-transform-error-r01,2026-09-11T12:32:35.523680886Z,117000.509,none,false,0,0,0,0,0,2343,178,83,20,0,0,75,20
calib-d-faults,kill-switch-transform-error-r01,2026-09-11T12:32:36.524353727Z,118001.182,none,false,0,0,0,0,0,2363,179,84,20,0,0,75,20
calib-d-faults,kill-switch-transform-error-r01,2026-09-11T12:32:37.524105614Z,119000.934,none,false,0,0,0,0,0,2383,181,86,20,0,0,75,20
calib-d-faults,kill-switch-transform-error-r01,2026-09-11T12:32:38.523740778Z,120000.569,none,false,0,0,0,0,0,2403,182,87,20,0,0,75,20
calib-d-faults,kill-switch-transform-error-r01,2026-09-11T12:32:39.524057143Z,121000.885,none,false,0,0,0,0,0,2423,184,89,20,0,0,75,20
calib-d-faults,kill-switch-transform-error-r01,2026-09-11T12:32:40.52422427Z,122001.053,none,false,0,0,0,0,0,2443,185,90,20,0,0,75,20
calib-d-faults,kill-switch-transform-error-r01,2026-09-11T12:32:42.085218296Z,123000.482,none,false,0,0,0,0,0,2463,187,92,20,0,0,75,20
calib-d-faults,kill-switch-transform-error-r01,2026-09-11T12:32:45.857262323Z,124000.689,none,false,0,0,0,0,0,2483,188,93,20,0,0,75,20
calib-d-faults,kill-switch-transform-error-r01,2026-09-11T12:32:46.856784918Z,125000.211,none,false,0,0,0,0,0,2503,190,95,20,0,0,75,20
calib-d-faults,kill-switch-transform-error-r01,2026-09-11T12:32:47.857521408Z,126000.948,none,false,0,0,0,0,0,2523,191,96,20,0,0,75,20
calib-d-faults,kill-switch-transform-error-r01,2026-09-11T12:32:48.857775518Z,127001.202,none,false,0,0,0,0,0,2543,193,98,20,0,0,75,20
calib-d-faults,kill-switch-transform-error-r01,2026-09-11T12:32:49.85728211Z,128000.708,none,false,0,0,0,0,0,2563,194,99,20,0,0,75,20
calib-d-faults,kill-switch-transform-error-r01,2026-09-11T12:32:50.857535532Z,129000.962,none,false,0,0,0,0,0,2583,196,101,20,0,0,75,20
calib-d-faults,kill-switch-transform-error-r01,2026-09-11T12:32:51.857723009Z,130001.149,none,false,0,0,0,0,0,2603,197,102,20,0,0,75,20
calib-d-faults,kill-switch-transform-error-r01,2026-09-11T12:32:52.857141145Z,131000.567,none,false,0,0,0,0,0,2623,199,104,20,0,0,75,20
calib-d-faults,kill-switch-transform-error-r01,2026-09-11T12:32:53.857247635Z,132000.674,none,false,0,0,0,0,0,2643,200,105,20,0,0,75,20
calib-d-faults,kill-switch-transform-error-r01,2026-09-11T12:32:54.857566837Z,133000.993,none,false,0,0,0,0,0,2663,202,107,20,0,0,75,20
calib-d-faults,kill-switch-transform-error-r01,2026-09-11T12:32:55.857283057Z,134000.709,none,false,0,0,0,0,0,2683,203,108,20,0,0,75,20
calib-d-faults,kill-switch-transform-error-r01,2026-09-11T12:32:56.857311156Z,135000.737,none,false,0,0,0,0,0,2703,205,110,20,0,0,75,20
calib-d-faults,kill-switch-transform-error-r01,2026-09-11T12:32:57.857489907Z,136000.916,none,false,0,0,0,0,0,2723,206,111,20,0,0,75,20
calib-d-faults,kill-switch-transform-error-r01,2026-09-11T12:32:58.857590744Z,137001.017,none,false,0,0,0,0,0,2743,208,113,20,0,0,75,20
calib-d-faults,kill-switch-transform-error-r01,2026-09-11T12:32:59.857219447Z,138000.646,none,false,0,0,0,0,0,2763,209,114,20,0,0,75,20
calib-d-faults,kill-switch-transform-error-r01,2026-09-11T12:33:00.856876472Z,139000.303,none,false,0,0,0,0,0,2783,211,116,20,0,0,75,20
calib-d-faults,kill-switch-transform-error-r01,2026-09-11T12:33:01.857417947Z,140000.844,none,false,0,0,0,0,0,2803,212,117,20,0,0,75,20
calib-d-faults,kill-switch-transform-error-r01,2026-09-11T12:33:02.857405588Z,141000.832,none,false,0,0,0,0,0,2823,214,119,20,0,0,75,20
calib-d-faults,kill-switch-transform-error-r01,2026-09-11T12:33:03.857138974Z,142000.565,none,false,0,0,0,0,0,2843,215,120,20,0,0,75,20
calib-d-faults,kill-switch-transform-error-r01,2026-09-11T12:33:04.857209689Z,143000.636,none,false,0,0,0,0,0,2863,217,122,20,0,0,75,20
calib-d-faults,kill-switch-transform-error-r01,2026-09-11T12:33:05.85708658Z,144000.513,none,false,0,0,0,0,0,2883,218,123,20,0,0,75,20
calib-d-faults,kill-switch-transform-error-r01,2026-09-11T12:33:06.857130797Z,145000.557,none,false,0,0,0,0,0,2903,220,125,20,0,0,75,20
calib-d-faults,kill-switch-transform-error-r01,2026-09-11T12:33:07.857624322Z,146001.051,none,false,0,0,0,0,0,2923,221,126,20,0,0,75,20
calib-d-faults,kill-switch-transform-error-r01,2026-09-11T12:33:08.857313438Z,147000.740,none,false,0,0,0,0,0,2943,223,128,20,0,0,75,20
calib-d-faults,kill-switch-transform-error-r01,2026-09-11T12:33:09.857689353Z,148001.116,none,false,0,0,0,0,0,2963,224,129,20,0,0,75,20
calib-d-faults,kill-switch-transform-error-r01,2026-09-11T12:33:10.857110727Z,149000.537,none,false,0,0,0,0,0,2983,226,131,20,0,0,75,20
calib-d-faults,kill-switch-transform-error-r01,2026-09-11T12:33:11.856650735Z,150000.077,none,false,0,0,0,0,0,3003,227,132,20,0,0,75,20
calib-d-faults,kill-switch-transform-error-r01,2026-09-11T12:33:11.856698048Z,150000.124,none,false,0,0,0,0,0,3003,227,132,20,0,0,75,20
calib-d-faults,baseline-transform-error-r01,2026-09-11T12:33:13.061451093Z,0.016,none,false,0,0,0,0,0,4,4,4,0,0,0,0,0
calib-d-faults,baseline-transform-error-r01,2026-09-11T12:33:14.062490484Z,1001.056,none,false,0,0,0,0,0,23,4,4,0,0,0,0,0
calib-d-faults,baseline-transform-error-r01,2026-09-11T12:33:18.384715289Z,2000.823,none,false,0,0,1,0,0,43,6,5,0,0,0,0,0
calib-d-faults,baseline-transform-error-r01,2026-09-11T12:33:19.384153134Z,3000.261,none,false,0,0,0,0,0,63,7,7,0,0,0,0,0
calib-d-faults,baseline-transform-error-r01,2026-09-11T12:33:20.383998417Z,4000.106,none,false,0,0,0,0,0,83,8,8,0,0,0,0,0
calib-d-faults,baseline-transform-error-r01,2026-09-11T12:33:21.384533555Z,5000.641,none,false,0,0,0,0,0,103,10,10,0,0,0,0,0
calib-d-faults,baseline-transform-error-r01,2026-09-11T12:33:22.384159106Z,6000.267,none,false,0,0,0,0,0,123,11,11,0,0,0,0,0
calib-d-faults,baseline-transform-error-r01,2026-09-11T12:33:23.385102385Z,7001.210,none,false,0,0,0,0,0,143,13,13,0,0,0,0,0
calib-d-faults,baseline-transform-error-r01,2026-09-11T12:33:24.384653742Z,8000.761,none,false,0,0,0,0,0,163,14,14,0,0,0,0,0
calib-d-faults,baseline-transform-error-r01,2026-09-11T12:33:25.384456702Z,9000.564,none,false,0,0,0,0,0,183,16,16,0,0,0,0,0
calib-d-faults,baseline-transform-error-r01,2026-09-11T12:33:26.384006625Z,10000.114,none,false,0,0,0,0,0,203,17,17,0,0,0,0,0
calib-d-faults,baseline-transform-error-r01,2026-09-11T12:33:27.384504283Z,11000.612,none,false,0,0,0,0,0,223,19,19,0,0,0,0,0
calib-d-faults,baseline-transform-error-r01,2026-09-11T12:33:28.385052186Z,12001.160,none,false,0,0,1,0,0,243,21,20,0,0,0,0,0
calib-d-faults,baseline-transform-error-r01,2026-09-11T12:33:29.384792165Z,13000.900,none,false,0,0,0,0,0,263,22,22,0,0,0,0,0
calib-d-faults,baseline-transform-error-r01,2026-09-11T12:33:30.383970708Z,14000.078,none,false,0,0,0,0,0,283,23,23,0,0,0,0,0
calib-d-faults,baseline-transform-error-r01,2026-09-11T12:33:31.384356925Z,15000.464,none,false,0,0,0,0,0,303,25,25,0,0,0,0,0
calib-d-faults,baseline-transform-error-r01,2026-09-11T12:33:32.383997708Z,16000.105,none,false,0,0,0,0,0,323,26,26,0,0,0,0,0
calib-d-faults,baseline-transform-error-r01,2026-09-11T12:33:33.384609352Z,17000.717,none,false,0,0,0,0,0,343,28,28,0,0,0,0,0
calib-d-faults,baseline-transform-error-r01,2026-09-11T12:33:34.384911231Z,18001.019,none,false,0,0,0,0,0,363,29,29,0,0,0,0,0
calib-d-faults,baseline-transform-error-r01,2026-09-11T12:33:35.384387395Z,19000.495,none,false,0,0,0,0,0,383,31,31,0,0,0,0,0
calib-d-faults,baseline-transform-error-r01,2026-09-11T12:33:36.384826594Z,20000.934,none,false,0,0,0,0,0,403,32,32,0,0,0,0,0
calib-d-faults,baseline-transform-error-r01,2026-09-11T12:33:37.384668529Z,21000.776,none,false,0,0,0,0,0,423,34,34,0,0,0,0,0
calib-d-faults,baseline-transform-error-r01,2026-09-11T12:33:38.38445432Z,22000.562,none,false,0,0,0,0,0,443,35,35,0,0,0,0,0
calib-d-faults,baseline-transform-error-r01,2026-09-11T12:33:39.384978016Z,23001.086,none,false,0,0,0,0,0,463,37,37,0,0,0,0,0
calib-d-faults,baseline-transform-error-r01,2026-09-11T12:33:40.384277744Z,24000.385,none,false,0,0,0,0,0,483,38,38,0,0,0,0,0
calib-d-faults,baseline-transform-error-r01,2026-09-11T12:33:41.384301331Z,25000.409,none,false,0,0,0,0,0,503,40,40,0,0,0,0,0
calib-d-faults,baseline-transform-error-r01,2026-09-11T12:33:42.384845241Z,26000.953,none,false,0,0,0,0,0,523,41,41,0,0,0,0,0
calib-d-faults,baseline-transform-error-r01,2026-09-11T12:33:43.384073431Z,27000.181,none,false,0,0,0,0,0,543,43,43,0,0,0,0,0
calib-d-faults,baseline-transform-error-r01,2026-09-11T12:33:44.384290238Z,28000.398,none,false,0,0,0,0,0,563,44,44,0,0,0,0,0
calib-d-faults,baseline-transform-error-r01,2026-09-11T12:33:45.384717619Z,29000.825,none,false,0,0,0,0,0,583,46,46,0,0,0,0,0
calib-d-faults,baseline-transform-error-r01,2026-09-11T12:33:46.384190551Z,30000.298,none,false,0,0,0,0,0,603,47,47,0,0,0,0,0
calib-d-faults,baseline-transform-error-r01,2026-09-11T12:33:47.384567179Z,31000.675,transform-error,false,0,0,0,0,0,623,49,48,1,0,0,0,1
calib-d-faults,baseline-transform-error-r01,2026-09-11T12:33:51.731085139Z,32000.566,transform-error,false,0,0,0,0,0,643,50,48,2,0,0,0,2
calib-d-faults,baseline-transform-error-r01,2026-09-11T12:33:52.731146066Z,33000.627,transform-error,false,0,0,0,0,0,663,52,49,3,0,0,0,3
calib-d-faults,baseline-transform-error-r01,2026-09-11T12:33:53.730961416Z,34000.442,transform-error,false,0,0,0,0,0,683,53,49,4,0,0,0,4
calib-d-faults,baseline-transform-error-r01,2026-09-11T12:33:54.730664836Z,35000.146,transform-error,false,0,0,0,0,0,703,55,50,5,0,0,0,5
calib-d-faults,baseline-transform-error-r01,2026-09-11T12:33:55.731687068Z,36001.168,transform-error,false,0,0,0,0,0,723,56,50,6,0,0,0,6
calib-d-faults,baseline-transform-error-r01,2026-09-11T12:33:56.731484779Z,37000.966,transform-error,false,0,0,0,0,0,743,58,51,7,0,0,0,7
calib-d-faults,baseline-transform-error-r01,2026-09-11T12:33:57.731444038Z,38000.925,transform-error,false,0,0,0,0,0,763,59,51,8,0,0,0,8
calib-d-faults,baseline-transform-error-r01,2026-09-11T12:33:58.731185054Z,39000.666,transform-error,false,0,0,0,0,0,783,61,52,9,0,0,0,9
calib-d-faults,baseline-transform-error-r01,2026-09-11T12:33:59.731595224Z,40001.076,transform-error,false,0,0,0,0,0,803,62,52,10,0,0,0,10
calib-d-faults,baseline-transform-error-r01,2026-09-11T12:34:00.731167843Z,41000.649,transform-error,false,0,0,0,0,0,823,64,53,11,0,0,0,11
calib-d-faults,baseline-transform-error-r01,2026-09-11T12:34:01.731680797Z,42001.162,transform-error,false,0,0,0,0,0,843,65,53,12,0,0,0,12
calib-d-faults,baseline-transform-error-r01,2026-09-11T12:34:02.730816054Z,43000.297,transform-error,false,0,0,0,0,0,863,67,54,13,0,0,0,13
calib-d-faults,baseline-transform-error-r01,2026-09-11T12:34:03.730893369Z,44000.374,transform-error,false,0,0,0,0,0,883,68,54,14,0,0,0,14
calib-d-faults,baseline-transform-error-r01,2026-09-11T12:34:04.731176026Z,45000.657,transform-error,false,0,0,0,0,0,903,70,55,15,0,0,0,15
calib-d-faults,baseline-transform-error-r01,2026-09-11T12:34:05.731094606Z,46000.576,transform-error,false,0,0,0,0,0,923,71,55,16,0,0,0,16
calib-d-faults,baseline-transform-error-r01,2026-09-11T12:34:06.731228329Z,47000.709,transform-error,false,0,0,0,0,0,943,73,56,17,0,0,0,17
calib-d-faults,baseline-transform-error-r01,2026-09-11T12:34:07.730582147Z,48000.063,transform-error,false,0,0,0,0,0,963,74,56,18,0,0,0,18
calib-d-faults,baseline-transform-error-r01,2026-09-11T12:34:08.731425446Z,49000.906,transform-error,false,0,0,0,0,0,983,76,57,19,0,0,0,19
calib-d-faults,baseline-transform-error-r01,2026-09-11T12:34:09.730856683Z,50000.338,transform-error,false,0,0,0,0,0,1003,77,57,20,0,0,0,20
calib-d-faults,baseline-transform-error-r01,2026-09-11T12:34:10.731569686Z,51001.051,transform-error,false,0,0,0,0,0,1023,79,58,21,0,0,0,21
calib-d-faults,baseline-transform-error-r01,2026-09-11T12:34:11.730594587Z,52000.075,transform-error,false,0,0,0,0,0,1043,80,58,22,0,0,0,22
calib-d-faults,baseline-transform-error-r01,2026-09-11T12:34:12.731479565Z,53000.960,transform-error,false,0,0,0,0,0,1063,82,59,23,0,0,0,23
calib-d-faults,baseline-transform-error-r01,2026-09-11T12:34:13.731595417Z,54001.076,transform-error,false,0,0,0,0,0,1083,83,59,24,0,0,0,24
calib-d-faults,baseline-transform-error-r01,2026-09-11T12:34:14.730783484Z,55000.264,transform-error,false,0,0,0,0,0,1103,85,60,25,0,0,0,25
calib-d-faults,baseline-transform-error-r01,2026-09-11T12:34:15.730811263Z,56000.292,transform-error,false,0,0,0,0,0,1123,86,60,26,0,0,0,26
calib-d-faults,baseline-transform-error-r01,2026-09-11T12:34:16.730604175Z,57000.085,transform-error,false,0,0,0,0,0,1143,88,61,27,0,0,0,27
calib-d-faults,baseline-transform-error-r01,2026-09-11T12:34:17.731666777Z,58001.148,transform-error,false,0,0,0,0,0,1163,89,61,28,0,0,0,28
calib-d-faults,baseline-transform-error-r01,2026-09-11T12:34:18.731424605Z,59000.906,transform-error,false,0,0,0,0,0,1183,91,62,29,0,0,0,29
calib-d-faults,baseline-transform-error-r01,2026-09-11T12:34:19.731361794Z,60000.843,transform-error,false,0,0,0,0,0,1203,92,62,30,0,0,0,30
calib-d-faults,baseline-transform-error-r01,2026-09-11T12:34:20.730727766Z,61000.209,transform-error,false,0,0,0,0,0,1223,94,63,31,0,0,0,31
calib-d-faults,baseline-transform-error-r01,2026-09-11T12:34:25.065203472Z,62000.166,transform-error,false,0,0,0,0,0,1243,95,63,32,0,0,0,32
calib-d-faults,baseline-transform-error-r01,2026-09-11T12:34:26.065805632Z,63000.768,transform-error,false,0,0,0,0,0,1263,97,64,33,0,0,0,33
calib-d-faults,baseline-transform-error-r01,2026-09-11T12:34:27.065377669Z,64000.340,transform-error,false,0,0,0,0,0,1283,98,64,34,0,0,0,34
calib-d-faults,baseline-transform-error-r01,2026-09-11T12:34:28.065981061Z,65000.944,transform-error,false,0,0,0,0,0,1303,100,65,35,0,0,0,35
calib-d-faults,baseline-transform-error-r01,2026-09-11T12:34:29.066082095Z,66001.045,transform-error,false,0,0,0,0,0,1323,101,65,36,0,0,0,36
calib-d-faults,baseline-transform-error-r01,2026-09-11T12:34:30.06533642Z,67000.299,transform-error,false,0,0,0,0,0,1343,103,66,37,0,0,0,37
calib-d-faults,baseline-transform-error-r01,2026-09-11T12:34:31.065465632Z,68000.428,transform-error,false,0,0,0,0,0,1363,104,66,38,0,0,0,38
calib-d-faults,baseline-transform-error-r01,2026-09-11T12:34:32.0658924Z,69000.855,transform-error,false,0,0,0,0,0,1383,106,67,39,0,0,0,39
calib-d-faults,baseline-transform-error-r01,2026-09-11T12:34:33.065979578Z,70000.942,transform-error,false,0,0,0,0,0,1403,107,67,40,0,0,0,40
calib-d-faults,baseline-transform-error-r01,2026-09-11T12:34:34.06577946Z,71000.742,transform-error,false,0,0,0,0,0,1423,109,68,41,0,0,0,41
calib-d-faults,baseline-transform-error-r01,2026-09-11T12:34:35.065341942Z,72000.305,transform-error,false,0,0,0,0,0,1443,110,68,42,0,0,0,42
calib-d-faults,baseline-transform-error-r01,2026-09-11T12:34:36.065747555Z,73000.710,transform-error,false,0,0,0,0,0,1463,112,69,43,0,0,0,43
calib-d-faults,baseline-transform-error-r01,2026-09-11T12:34:37.065390795Z,74000.353,transform-error,false,0,0,0,0,0,1483,113,69,44,0,0,0,44
calib-d-faults,baseline-transform-error-r01,2026-09-11T12:34:38.065478914Z,75000.442,transform-error,false,0,0,0,0,0,1503,115,70,45,0,0,0,45
calib-d-faults,baseline-transform-error-r01,2026-09-11T12:34:39.065653198Z,76000.616,transform-error,false,0,0,0,0,0,1523,116,70,46,0,0,0,46
calib-d-faults,baseline-transform-error-r01,2026-09-11T12:34:40.065807343Z,77000.770,transform-error,false,0,0,0,0,0,1543,118,71,47,0,0,0,47
calib-d-faults,baseline-transform-error-r01,2026-09-11T12:34:41.065788173Z,78000.751,transform-error,false,0,0,0,0,0,1563,119,71,48,0,0,0,48
calib-d-faults,baseline-transform-error-r01,2026-09-11T12:34:42.065114208Z,79000.077,transform-error,false,0,0,0,0,0,1583,121,72,49,0,0,0,49
calib-d-faults,baseline-transform-error-r01,2026-09-11T12:34:43.065975017Z,80000.938,transform-error,false,0,0,0,0,0,1603,122,72,50,0,0,0,50
calib-d-faults,baseline-transform-error-r01,2026-09-11T12:34:44.065307495Z,81000.270,transform-error,false,0,0,0,0,0,1623,124,73,51,0,0,0,51
calib-d-faults,baseline-transform-error-r01,2026-09-11T12:34:45.065821333Z,82000.784,transform-error,false,0,0,0,0,0,1643,125,73,52,0,0,0,52
calib-d-faults,baseline-transform-error-r01,2026-09-11T12:34:46.065370348Z,83000.333,transform-error,false,0,0,0,0,0,1663,127,74,53,0,0,0,53
calib-d-faults,baseline-transform-error-r01,2026-09-11T12:34:47.065736904Z,84000.700,transform-error,false,0,0,0,0,0,1683,128,74,54,0,0,0,54
calib-d-faults,baseline-transform-error-r01,2026-09-11T12:34:48.066007589Z,85000.970,transform-error,false,0,0,0,0,0,1703,130,75,55,0,0,0,55
calib-d-faults,baseline-transform-error-r01,2026-09-11T12:34:49.066152435Z,86001.115,transform-error,false,0,0,0,0,0,1723,131,75,56,0,0,0,56
calib-d-faults,baseline-transform-error-r01,2026-09-11T12:34:50.065614238Z,87000.577,transform-error,false,0,0,0,0,0,1743,133,76,57,0,0,0,57
calib-d-faults,baseline-transform-error-r01,2026-09-11T12:34:51.066204389Z,88001.167,transform-error,false,0,0,0,0,0,1763,134,76,58,0,0,0,58
calib-d-faults,baseline-transform-error-r01,2026-09-11T12:34:52.06587367Z,89000.836,transform-error,false,0,0,0,0,0,1783,136,77,59,0,0,0,59
calib-d-faults,baseline-transform-error-r01,2026-09-11T12:34:53.065559095Z,90000.522,none,false,0,0,0,0,0,1803,137,77,60,0,0,0,60
calib-d-faults,baseline-transform-error-r01,2026-09-11T12:34:54.065722592Z,91000.685,none,false,0,0,0,0,0,1823,139,79,60,0,0,0,60
calib-d-faults,baseline-transform-error-r01,2026-09-11T12:34:58.404655098Z,92000.678,none,false,0,0,0,0,0,1843,140,80,60,0,0,0,60
calib-d-faults,baseline-transform-error-r01,2026-09-11T12:34:59.404639643Z,93000.663,none,false,0,0,0,0,0,1863,142,82,60,0,0,0,60
calib-d-faults,baseline-transform-error-r01,2026-09-11T12:35:00.404445977Z,94000.469,none,false,0,0,0,0,0,1883,143,83,60,0,0,0,60
calib-d-faults,baseline-transform-error-r01,2026-09-11T12:35:01.404405372Z,95000.428,none,false,0,0,0,0,0,1903,145,85,60,0,0,0,60
calib-d-faults,baseline-transform-error-r01,2026-09-11T12:35:02.404187844Z,96000.211,none,false,0,0,0,0,0,1923,146,86,60,0,0,0,60
calib-d-faults,baseline-transform-error-r01,2026-09-11T12:35:03.405154371Z,97001.177,none,false,0,0,0,0,0,1943,148,88,60,0,0,0,60
calib-d-faults,baseline-transform-error-r01,2026-09-11T12:35:04.404862074Z,98000.885,none,false,0,0,0,0,0,1963,149,89,60,0,0,0,60
calib-d-faults,baseline-transform-error-r01,2026-09-11T12:35:05.405160313Z,99001.183,none,false,0,0,0,0,0,1983,151,91,60,0,0,0,60
calib-d-faults,baseline-transform-error-r01,2026-09-11T12:35:06.404790325Z,100000.813,none,false,0,0,0,0,0,2003,152,92,60,0,0,0,60
calib-d-faults,baseline-transform-error-r01,2026-09-11T12:35:07.404102053Z,101000.125,none,false,0,0,0,0,0,2023,154,94,60,0,0,0,60
calib-d-faults,baseline-transform-error-r01,2026-09-11T12:35:08.404408678Z,102000.432,none,false,0,0,0,0,0,2043,155,95,60,0,0,0,60
calib-d-faults,baseline-transform-error-r01,2026-09-11T12:35:09.40480878Z,103000.832,none,false,0,0,0,0,0,2063,157,97,60,0,0,0,60
calib-d-faults,baseline-transform-error-r01,2026-09-11T12:35:10.405104095Z,104001.127,none,false,0,0,0,0,0,2083,158,98,60,0,0,0,60
calib-d-faults,baseline-transform-error-r01,2026-09-11T12:35:11.404449447Z,105000.472,none,false,0,0,0,0,0,2103,160,100,60,0,0,0,60
calib-d-faults,baseline-transform-error-r01,2026-09-11T12:35:12.404290047Z,106000.313,none,false,0,0,0,0,0,2123,161,101,60,0,0,0,60
calib-d-faults,baseline-transform-error-r01,2026-09-11T12:35:13.404945827Z,107000.969,none,false,0,0,0,0,0,2143,163,103,60,0,0,0,60
calib-d-faults,baseline-transform-error-r01,2026-09-11T12:35:14.405033051Z,108001.056,none,false,0,0,0,0,0,2163,164,104,60,0,0,0,60
calib-d-faults,baseline-transform-error-r01,2026-09-11T12:35:15.404051039Z,109000.074,none,false,0,0,0,0,0,2183,166,106,60,0,0,0,60
calib-d-faults,baseline-transform-error-r01,2026-09-11T12:35:16.404096602Z,110000.120,none,false,0,0,0,0,0,2203,167,107,60,0,0,0,60
calib-d-faults,baseline-transform-error-r01,2026-09-11T12:35:17.404923627Z,111000.947,none,false,0,0,0,0,0,2223,169,109,60,0,0,0,60
calib-d-faults,baseline-transform-error-r01,2026-09-11T12:35:18.404915115Z,112000.938,none,false,0,0,0,0,0,2243,170,110,60,0,0,0,60
calib-d-faults,baseline-transform-error-r01,2026-09-11T12:35:19.404231899Z,113000.255,none,false,0,0,0,0,0,2263,172,112,60,0,0,0,60
calib-d-faults,baseline-transform-error-r01,2026-09-11T12:35:20.404296666Z,114000.320,none,false,0,0,0,0,0,2283,173,113,60,0,0,0,60
calib-d-faults,baseline-transform-error-r01,2026-09-11T12:35:21.404285174Z,115000.308,none,false,0,0,0,0,0,2303,175,115,60,0,0,0,60
calib-d-faults,baseline-transform-error-r01,2026-09-11T12:35:22.404769587Z,116000.793,none,false,0,0,0,0,0,2323,176,116,60,0,0,0,60
calib-d-faults,baseline-transform-error-r01,2026-09-11T12:35:23.405105831Z,117001.129,none,false,0,0,0,0,0,2343,178,118,60,0,0,0,60
calib-d-faults,baseline-transform-error-r01,2026-09-11T12:35:24.404966521Z,118000.990,none,false,0,0,0,0,0,2363,179,119,60,0,0,0,60
calib-d-faults,baseline-transform-error-r01,2026-09-11T12:35:25.404037648Z,119000.061,none,false,0,0,0,0,0,2383,181,121,60,0,0,0,60
calib-d-faults,baseline-transform-error-r01,2026-09-11T12:35:26.404374849Z,120000.398,none,false,0,0,0,0,0,2403,182,122,60,0,0,0,60
calib-d-faults,baseline-transform-error-r01,2026-09-11T12:35:27.404272581Z,121000.296,none,false,0,0,0,0,0,2423,184,124,60,0,0,0,60
calib-d-faults,baseline-transform-error-r01,2026-09-11T12:35:31.726543392Z,122000.867,none,false,0,0,0,0,0,2443,185,125,60,0,0,0,60
calib-d-faults,baseline-transform-error-r01,2026-09-11T12:35:32.72599071Z,123000.314,none,false,0,0,0,0,0,2463,187,127,60,0,0,0,60
calib-d-faults,baseline-transform-error-r01,2026-09-11T12:35:33.726343272Z,124000.667,none,false,0,0,0,0,0,2483,188,128,60,0,0,0,60
calib-d-faults,baseline-transform-error-r01,2026-09-11T12:35:34.726046211Z,125000.370,none,false,0,0,0,0,0,2503,190,130,60,0,0,0,60
calib-d-faults,baseline-transform-error-r01,2026-09-11T12:35:35.726311736Z,126000.635,none,false,0,0,0,0,0,2523,191,131,60,0,0,0,60
calib-d-faults,baseline-transform-error-r01,2026-09-11T12:35:36.726645936Z,127000.970,none,false,0,0,0,0,0,2543,193,133,60,0,0,0,60
calib-d-faults,baseline-transform-error-r01,2026-09-11T12:35:37.726156538Z,128000.480,none,false,0,0,0,0,0,2563,194,134,60,0,0,0,60
calib-d-faults,baseline-transform-error-r01,2026-09-11T12:35:38.726021104Z,129000.345,none,false,0,0,0,0,0,2583,196,136,60,0,0,0,60
calib-d-faults,baseline-transform-error-r01,2026-09-11T12:35:39.726285484Z,130000.609,none,false,0,0,0,0,0,2603,197,137,60,0,0,0,60
calib-d-faults,baseline-transform-error-r01,2026-09-11T12:35:40.725873594Z,131000.197,none,false,0,0,0,0,0,2623,199,139,60,0,0,0,60
calib-d-faults,baseline-transform-error-r01,2026-09-11T12:35:41.726635546Z,132000.959,none,false,0,0,0,0,0,2643,200,140,60,0,0,0,60
calib-d-faults,baseline-transform-error-r01,2026-09-11T12:35:42.726425166Z,133000.749,none,false,0,0,0,0,0,2663,202,142,60,0,0,0,60
calib-d-faults,baseline-transform-error-r01,2026-09-11T12:35:43.726561304Z,134000.885,none,false,0,0,0,0,0,2683,203,143,60,0,0,0,60
calib-d-faults,baseline-transform-error-r01,2026-09-11T12:35:44.726213183Z,135000.537,none,false,0,0,0,0,0,2703,205,145,60,0,0,0,60
calib-d-faults,baseline-transform-error-r01,2026-09-11T12:35:45.726235652Z,136000.559,none,false,0,0,0,0,0,2723,206,146,60,0,0,0,60
calib-d-faults,baseline-transform-error-r01,2026-09-11T12:35:46.725981395Z,137000.305,none,false,0,0,0,0,0,2743,208,148,60,0,0,0,60
calib-d-faults,baseline-transform-error-r01,2026-09-11T12:35:47.726650795Z,138000.974,none,false,0,0,0,0,0,2763,209,149,60,0,0,0,60
calib-d-faults,baseline-transform-error-r01,2026-09-11T12:35:48.726773865Z,139001.097,none,false,0,0,0,0,0,2783,211,151,60,0,0,0,60
calib-d-faults,baseline-transform-error-r01,2026-09-11T12:35:49.726810085Z,140001.134,none,false,0,0,0,0,0,2803,212,152,60,0,0,0,60
calib-d-faults,baseline-transform-error-r01,2026-09-11T12:35:50.726450435Z,141000.774,none,false,0,0,0,0,0,2823,214,154,60,0,0,0,60
calib-d-faults,baseline-transform-error-r01,2026-09-11T12:35:51.726476733Z,142000.800,none,false,0,0,0,0,0,2843,215,155,60,0,0,0,60
calib-d-faults,baseline-transform-error-r01,2026-09-11T12:35:52.726072287Z,143000.396,none,false,0,0,0,0,0,2863,217,157,60,0,0,0,60
calib-d-faults,baseline-transform-error-r01,2026-09-11T12:35:53.726749072Z,144001.073,none,false,0,0,0,0,0,2883,218,158,60,0,0,0,60
calib-d-faults,baseline-transform-error-r01,2026-09-11T12:35:54.726730865Z,145001.054,none,false,0,0,0,0,0,2903,220,160,60,0,0,0,60
calib-d-faults,baseline-transform-error-r01,2026-09-11T12:35:55.726746185Z,146001.070,none,false,0,0,0,0,0,2923,221,161,60,0,0,0,60
calib-d-faults,baseline-transform-error-r01,2026-09-11T12:35:56.726166699Z,147000.490,none,false,0,0,0,0,0,2943,223,163,60,0,0,0,60
calib-d-faults,baseline-transform-error-r01,2026-09-11T12:35:57.726370067Z,148000.694,none,false,0,0,0,0,0,2963,224,164,60,0,0,0,60
calib-d-faults,baseline-transform-error-r01,2026-09-11T12:35:58.726078477Z,149000.402,none,false,0,0,0,0,0,2983,226,166,60,0,0,0,60
calib-d-faults,baseline-transform-error-r01,2026-09-11T12:35:59.726504441Z,150000.828,none,false,0,0,0,0,0,3003,227,167,60,0,0,0,60
calib-d-faults,baseline-transform-error-r01,2026-09-11T12:35:59.726511257Z,150000.835,none,false,0,0,0,0,0,3003,227,167,60,0,0,0,60
calib-d-faults,bounded-wait-transform-error-r01,2026-09-11T12:36:00.784248238Z,0.032,none,false,0,0,0,0,0,4,4,4,0,0,0,0,0
calib-d-faults,bounded-wait-transform-error-r01,2026-09-11T12:36:05.118406244Z,1000.539,none,false,0,0,0,0,0,23,4,4,0,0,0,0,0
calib-d-faults,bounded-wait-transform-error-r01,2026-09-11T12:36:06.118145838Z,2000.278,none,false,0,0,0,0,0,43,5,5,0,0,0,0,0
calib-d-faults,bounded-wait-transform-error-r01,2026-09-11T12:36:07.118440583Z,3000.573,none,false,0,0,0,0,0,63,7,7,0,0,0,0,0
calib-d-faults,bounded-wait-transform-error-r01,2026-09-11T12:36:08.118001975Z,4000.135,none,false,0,0,0,0,0,83,8,8,0,0,0,0,0
calib-d-faults,bounded-wait-transform-error-r01,2026-09-11T12:36:09.118321711Z,5000.454,none,false,0,0,0,0,0,103,10,10,0,0,0,0,0
calib-d-faults,bounded-wait-transform-error-r01,2026-09-11T12:36:10.118275634Z,6000.408,none,false,0,0,0,0,0,124,11,11,0,0,0,0,0
calib-d-faults,bounded-wait-transform-error-r01,2026-09-11T12:36:11.117977597Z,7000.110,none,false,0,0,0,0,0,143,13,13,0,0,0,0,0
calib-d-faults,bounded-wait-transform-error-r01,2026-09-11T12:36:12.118832344Z,8000.965,none,false,0,0,0,0,0,163,14,14,0,0,0,0,0
calib-d-faults,bounded-wait-transform-error-r01,2026-09-11T12:36:13.118591051Z,9000.724,none,false,0,0,0,0,0,183,16,16,0,0,0,0,0
calib-d-faults,bounded-wait-transform-error-r01,2026-09-11T12:36:14.118580715Z,10000.713,none,false,0,0,0,0,0,203,17,17,0,0,0,0,0
calib-d-faults,bounded-wait-transform-error-r01,2026-09-11T12:36:15.118897075Z,11001.030,none,false,0,0,0,0,0,223,19,19,0,0,0,0,0
calib-d-faults,bounded-wait-transform-error-r01,2026-09-11T12:36:16.117999656Z,12000.132,none,false,0,0,0,0,0,243,20,20,0,0,0,0,0
calib-d-faults,bounded-wait-transform-error-r01,2026-09-11T12:36:17.118197419Z,13000.330,none,false,0,0,0,0,0,263,22,22,0,0,0,0,0
calib-d-faults,bounded-wait-transform-error-r01,2026-09-11T12:36:18.118168226Z,14000.301,none,false,0,0,0,0,0,283,23,23,0,0,0,0,0
calib-d-faults,bounded-wait-transform-error-r01,2026-09-11T12:36:19.119106076Z,15001.239,none,false,0,0,0,0,0,303,25,25,0,0,0,0,0
calib-d-faults,bounded-wait-transform-error-r01,2026-09-11T12:36:20.118214765Z,16000.347,none,false,0,0,0,0,0,323,26,26,0,0,0,0,0
calib-d-faults,bounded-wait-transform-error-r01,2026-09-11T12:36:21.11850182Z,17000.634,none,false,0,0,0,0,0,343,28,28,0,0,0,0,0
calib-d-faults,bounded-wait-transform-error-r01,2026-09-11T12:36:22.117971548Z,18000.104,none,false,0,0,0,0,0,363,29,29,0,0,0,0,0
calib-d-faults,bounded-wait-transform-error-r01,2026-09-11T12:36:23.118557697Z,19000.690,none,false,0,0,0,0,0,383,31,31,0,0,0,0,0
calib-d-faults,bounded-wait-transform-error-r01,2026-09-11T12:36:24.118619824Z,20000.752,none,false,0,0,0,0,0,403,32,32,0,0,0,0,0
calib-d-faults,bounded-wait-transform-error-r01,2026-09-11T12:36:25.118900245Z,21001.033,none,false,0,0,0,0,0,423,34,34,0,0,0,0,0
calib-d-faults,bounded-wait-transform-error-r01,2026-09-11T12:36:26.118003562Z,22000.136,none,false,0,0,0,0,0,443,35,35,0,0,0,0,0
calib-d-faults,bounded-wait-transform-error-r01,2026-09-11T12:36:27.11855721Z,23000.690,none,false,0,0,0,0,0,463,37,37,0,0,0,0,0
calib-d-faults,bounded-wait-transform-error-r01,2026-09-11T12:36:28.118983215Z,24001.116,none,false,0,0,0,0,0,483,38,38,0,0,0,0,0
calib-d-faults,bounded-wait-transform-error-r01,2026-09-11T12:36:29.118126463Z,25000.259,none,false,0,0,0,0,0,503,40,40,0,0,0,0,0
calib-d-faults,bounded-wait-transform-error-r01,2026-09-11T12:36:30.11820649Z,26000.339,none,false,0,0,0,0,0,523,41,41,0,0,0,0,0
calib-d-faults,bounded-wait-transform-error-r01,2026-09-11T12:36:31.11796068Z,27000.093,none,false,0,0,0,0,0,543,43,43,0,0,0,0,0
calib-d-faults,bounded-wait-transform-error-r01,2026-09-11T12:36:32.117986259Z,28000.119,none,false,0,0,0,0,0,563,44,44,0,0,0,0,0
calib-d-faults,bounded-wait-transform-error-r01,2026-09-11T12:36:33.118744359Z,29000.877,none,false,0,0,0,0,0,583,46,46,0,0,0,0,0
calib-d-faults,bounded-wait-transform-error-r01,2026-09-11T12:36:34.118629644Z,30000.762,transform-error,false,0,0,0,0,0,603,47,47,0,0,0,0,0
calib-d-faults,bounded-wait-transform-error-r01,2026-09-11T12:36:38.472999683Z,31000.988,transform-error,false,0,0,0,0,0,623,49,48,1,0,0,0,1
calib-d-faults,bounded-wait-transform-error-r01,2026-09-11T12:36:39.472856134Z,32000.844,transform-error,false,0,0,0,0,0,643,50,48,2,0,0,0,2
calib-d-faults,bounded-wait-transform-error-r01,2026-09-11T12:36:40.473128363Z,33001.116,transform-error,false,0,0,0,0,0,663,52,49,3,0,0,0,3
calib-d-faults,bounded-wait-transform-error-r01,2026-09-11T12:36:41.472238269Z,34000.226,transform-error,false,0,0,0,0,0,683,53,49,4,0,0,0,4
calib-d-faults,bounded-wait-transform-error-r01,2026-09-11T12:36:42.473039075Z,35001.027,transform-error,false,0,0,0,0,0,703,55,50,5,0,0,0,5
calib-d-faults,bounded-wait-transform-error-r01,2026-09-11T12:36:43.473110821Z,36001.099,transform-error,false,0,0,0,0,0,723,56,50,6,0,0,0,6
calib-d-faults,bounded-wait-transform-error-r01,2026-09-11T12:36:44.472926935Z,37000.915,transform-error,false,0,0,0,0,0,743,58,51,7,0,0,0,7
calib-d-faults,bounded-wait-transform-error-r01,2026-09-11T12:36:45.472393535Z,38000.381,transform-error,false,0,0,0,0,0,763,59,51,8,0,0,0,8
calib-d-faults,bounded-wait-transform-error-r01,2026-09-11T12:36:46.472700136Z,39000.688,transform-error,false,0,0,0,0,0,783,61,52,9,0,0,0,9
calib-d-faults,bounded-wait-transform-error-r01,2026-09-11T12:36:47.473046222Z,40001.034,transform-error,false,0,0,0,0,0,803,62,52,10,0,0,0,10
calib-d-faults,bounded-wait-transform-error-r01,2026-09-11T12:36:48.472534107Z,41000.522,transform-error,false,0,0,0,0,0,823,64,53,11,0,0,0,11
calib-d-faults,bounded-wait-transform-error-r01,2026-09-11T12:36:49.472567234Z,42000.555,transform-error,false,0,0,0,0,0,843,65,53,12,0,0,0,12
calib-d-faults,bounded-wait-transform-error-r01,2026-09-11T12:36:50.472297295Z,43000.285,transform-error,false,0,0,0,0,0,863,67,54,13,0,0,0,13
calib-d-faults,bounded-wait-transform-error-r01,2026-09-11T12:36:51.472288676Z,44000.277,transform-error,false,0,0,0,0,0,883,68,54,14,0,0,0,14
calib-d-faults,bounded-wait-transform-error-r01,2026-09-11T12:36:52.472320026Z,45000.308,transform-error,false,0,0,0,0,0,903,70,55,15,0,0,0,15
calib-d-faults,bounded-wait-transform-error-r01,2026-09-11T12:36:53.47305086Z,46001.039,transform-error,false,0,0,0,0,0,923,71,55,16,0,0,0,16
calib-d-faults,bounded-wait-transform-error-r01,2026-09-11T12:36:54.472429Z,47000.417,transform-error,false,0,0,0,0,0,943,73,56,17,0,0,0,17
calib-d-faults,bounded-wait-transform-error-r01,2026-09-11T12:36:55.472299128Z,48000.287,transform-error,false,0,0,0,0,0,963,74,56,18,0,0,0,18
calib-d-faults,bounded-wait-transform-error-r01,2026-09-11T12:36:56.472132396Z,49000.120,transform-error,false,0,0,0,0,0,983,76,57,19,0,0,0,19
calib-d-faults,bounded-wait-transform-error-r01,2026-09-11T12:36:57.472088843Z,50000.077,transform-error,false,0,0,0,0,0,1003,77,57,20,0,0,0,20
calib-d-faults,bounded-wait-transform-error-r01,2026-09-11T12:36:58.47259977Z,51000.588,transform-error,false,0,0,0,0,0,1023,79,58,21,0,0,0,21
calib-d-faults,bounded-wait-transform-error-r01,2026-09-11T12:36:59.472234993Z,52000.223,transform-error,false,0,0,0,0,0,1043,80,58,22,0,0,0,22
calib-d-faults,bounded-wait-transform-error-r01,2026-09-11T12:37:00.472989251Z,53000.977,transform-error,false,0,0,0,0,0,1063,82,59,23,0,0,0,23
calib-d-faults,bounded-wait-transform-error-r01,2026-09-11T12:37:01.472513436Z,54000.501,transform-error,false,0,0,0,0,0,1083,83,59,24,0,0,0,24
calib-d-faults,bounded-wait-transform-error-r01,2026-09-11T12:37:02.472787115Z,55000.775,transform-error,false,0,0,0,0,0,1103,85,60,25,0,0,0,25
calib-d-faults,bounded-wait-transform-error-r01,2026-09-11T12:37:03.472410948Z,56000.399,transform-error,false,0,0,0,0,0,1123,86,60,26,0,0,0,26
calib-d-faults,bounded-wait-transform-error-r01,2026-09-11T12:37:04.473159928Z,57001.148,transform-error,false,0,0,0,0,0,1143,88,61,27,0,0,0,27
calib-d-faults,bounded-wait-transform-error-r01,2026-09-11T12:37:05.473095112Z,58001.083,transform-error,false,0,0,0,0,0,1163,89,61,28,0,0,0,28
calib-d-faults,bounded-wait-transform-error-r01,2026-09-11T12:37:06.47246419Z,59000.452,transform-error,false,0,0,0,0,0,1183,91,62,29,0,0,0,29
calib-d-faults,bounded-wait-transform-error-r01,2026-09-11T12:37:07.472434074Z,60000.422,transform-error,false,0,0,0,0,0,1203,92,62,30,0,0,0,30
calib-d-faults,bounded-wait-transform-error-r01,2026-09-11T12:37:11.789116717Z,61001.079,transform-error,false,0,0,0,0,0,1223,94,63,31,0,0,0,31
calib-d-faults,bounded-wait-transform-error-r01,2026-09-11T12:37:12.788610108Z,62000.572,transform-error,false,0,0,0,0,0,1243,95,63,32,0,0,0,32
calib-d-faults,bounded-wait-transform-error-r01,2026-09-11T12:37:13.789150664Z,63001.113,transform-error,false,0,0,0,0,0,1263,97,64,33,0,0,0,33
calib-d-faults,bounded-wait-transform-error-r01,2026-09-11T12:37:14.788960379Z,64000.923,transform-error,false,0,0,0,0,0,1283,98,64,34,0,0,0,34
calib-d-faults,bounded-wait-transform-error-r01,2026-09-11T12:37:15.788757069Z,65000.719,transform-error,false,0,0,0,0,0,1303,100,65,35,0,0,0,35
calib-d-faults,bounded-wait-transform-error-r01,2026-09-11T12:37:16.788529881Z,66000.492,transform-error,false,0,0,0,0,0,1323,101,65,36,0,0,0,36
calib-d-faults,bounded-wait-transform-error-r01,2026-09-11T12:37:17.788697Z,67000.659,transform-error,false,0,0,0,0,0,1343,103,66,37,0,0,0,37
calib-d-faults,bounded-wait-transform-error-r01,2026-09-11T12:37:18.788262892Z,68000.225,transform-error,false,0,0,0,0,0,1363,104,66,38,0,0,0,38
calib-d-faults,bounded-wait-transform-error-r01,2026-09-11T12:37:19.788764162Z,69000.727,transform-error,false,0,0,0,0,0,1383,106,67,39,0,0,0,39
calib-d-faults,bounded-wait-transform-error-r01,2026-09-11T12:37:20.788499903Z,70000.462,transform-error,false,0,0,0,0,0,1403,107,67,40,0,0,0,40
calib-d-faults,bounded-wait-transform-error-r01,2026-09-11T12:37:21.788134817Z,71000.097,transform-error,false,0,0,0,0,0,1423,109,68,41,0,0,0,41
calib-d-faults,bounded-wait-transform-error-r01,2026-09-11T12:37:22.789087928Z,72001.050,transform-error,false,0,0,0,0,0,1443,110,68,42,0,0,0,42
calib-d-faults,bounded-wait-transform-error-r01,2026-09-11T12:37:23.788268591Z,73000.231,transform-error,false,0,0,0,0,0,1463,112,69,43,0,0,0,43
calib-d-faults,bounded-wait-transform-error-r01,2026-09-11T12:37:24.788638042Z,74000.600,transform-error,false,0,0,0,0,0,1483,113,69,44,0,0,0,44
calib-d-faults,bounded-wait-transform-error-r01,2026-09-11T12:37:25.788988715Z,75000.951,transform-error,false,0,0,0,0,0,1503,115,70,45,0,0,0,45
calib-d-faults,bounded-wait-transform-error-r01,2026-09-11T12:37:26.788376024Z,76000.338,transform-error,false,0,0,0,0,0,1523,116,70,46,0,0,0,46
calib-d-faults,bounded-wait-transform-error-r01,2026-09-11T12:37:27.788587686Z,77000.550,transform-error,false,0,0,0,0,0,1543,118,71,47,0,0,0,47
calib-d-faults,bounded-wait-transform-error-r01,2026-09-11T12:37:28.788748547Z,78000.711,transform-error,false,0,0,0,0,0,1563,119,71,48,0,0,0,48
calib-d-faults,bounded-wait-transform-error-r01,2026-09-11T12:37:29.788968332Z,79000.931,transform-error,false,0,0,0,0,0,1583,121,72,49,0,0,0,49
calib-d-faults,bounded-wait-transform-error-r01,2026-09-11T12:37:30.789053916Z,80001.016,transform-error,false,0,0,0,0,0,1603,122,72,50,0,0,0,50
calib-d-faults,bounded-wait-transform-error-r01,2026-09-11T12:37:31.78930503Z,81001.267,transform-error,false,0,0,0,0,0,1623,124,73,51,0,0,0,51
calib-d-faults,bounded-wait-transform-error-r01,2026-09-11T12:37:32.789201856Z,82001.164,transform-error,false,0,0,0,0,0,1643,125,73,52,0,0,0,52
calib-d-faults,bounded-wait-transform-error-r01,2026-09-11T12:37:33.788626262Z,83000.589,transform-error,false,0,0,0,0,0,1663,127,74,53,0,0,0,53
calib-d-faults,bounded-wait-transform-error-r01,2026-09-11T12:37:34.789078513Z,84001.041,transform-error,false,0,0,0,0,0,1683,128,74,54,0,0,0,54
calib-d-faults,bounded-wait-transform-error-r01,2026-09-11T12:37:35.788607877Z,85000.570,transform-error,false,0,0,0,0,0,1703,130,75,55,0,0,0,55
calib-d-faults,bounded-wait-transform-error-r01,2026-09-11T12:37:36.788323534Z,86000.286,transform-error,false,0,0,0,0,0,1723,131,75,56,0,0,0,56
calib-d-faults,bounded-wait-transform-error-r01,2026-09-11T12:37:37.788996554Z,87000.959,transform-error,false,0,0,0,0,0,1743,133,76,57,0,0,0,57
calib-d-faults,bounded-wait-transform-error-r01,2026-09-11T12:37:38.788846821Z,88000.809,transform-error,false,0,0,0,0,0,1763,134,76,58,0,0,0,58
calib-d-faults,bounded-wait-transform-error-r01,2026-09-11T12:37:39.788498631Z,89000.461,transform-error,false,0,0,0,0,0,1783,136,77,59,0,0,0,59
calib-d-faults,bounded-wait-transform-error-r01,2026-09-11T12:37:40.788848432Z,90000.811,none,false,0,0,0,0,0,1803,137,77,60,0,0,0,60
calib-d-faults,bounded-wait-transform-error-r01,2026-09-11T12:37:45.136520949Z,91000.308,none,false,0,0,0,0,0,1823,139,79,60,0,0,0,60
calib-d-faults,bounded-wait-transform-error-r01,2026-09-11T12:37:46.13687441Z,92000.662,none,false,0,0,0,0,0,1843,140,80,60,0,0,0,60
calib-d-faults,bounded-wait-transform-error-r01,2026-09-11T12:37:47.136684628Z,93000.472,none,false,0,0,0,0,0,1863,142,82,60,0,0,0,60
calib-d-faults,bounded-wait-transform-error-r01,2026-09-11T12:37:48.136536141Z,94000.324,none,false,0,0,0,0,0,1883,143,83,60,0,0,0,60
calib-d-faults,bounded-wait-transform-error-r01,2026-09-11T12:37:49.136703109Z,95000.491,none,false,0,0,0,0,0,1903,145,85,60,0,0,0,60
calib-d-faults,bounded-wait-transform-error-r01,2026-09-11T12:37:50.136299111Z,96000.087,none,false,0,0,0,0,0,1923,146,86,60,0,0,0,60
calib-d-faults,bounded-wait-transform-error-r01,2026-09-11T12:37:51.137567214Z,97001.355,none,false,0,0,0,0,0,1943,148,88,60,0,0,0,60
calib-d-faults,bounded-wait-transform-error-r01,2026-09-11T12:37:52.137274964Z,98001.062,none,false,0,0,0,0,0,1963,149,89,60,0,0,0,60
calib-d-faults,bounded-wait-transform-error-r01,2026-09-11T12:37:53.136515393Z,99000.303,none,false,0,0,0,0,0,1983,151,91,60,0,0,0,60
calib-d-faults,bounded-wait-transform-error-r01,2026-09-11T12:37:54.137248342Z,100001.036,none,false,0,0,0,0,0,2003,152,92,60,0,0,0,60
calib-d-faults,bounded-wait-transform-error-r01,2026-09-11T12:37:55.136804023Z,101000.591,none,false,0,0,1,0,0,2023,155,94,60,0,0,0,60
calib-d-faults,bounded-wait-transform-error-r01,2026-09-11T12:37:56.136789849Z,102000.577,none,false,0,0,0,0,0,2043,155,95,60,0,0,0,60
calib-d-faults,bounded-wait-transform-error-r01,2026-09-11T12:37:57.13709432Z,103000.882,none,false,0,0,0,0,0,2063,157,97,60,0,0,0,60
calib-d-faults,bounded-wait-transform-error-r01,2026-09-11T12:37:58.137076665Z,104000.864,none,false,0,0,0,0,0,2083,158,98,60,0,0,0,60
calib-d-faults,bounded-wait-transform-error-r01,2026-09-11T12:37:59.137162157Z,105000.950,none,false,0,0,0,0,0,2103,160,100,60,0,0,0,60
calib-d-faults,bounded-wait-transform-error-r01,2026-09-11T12:38:00.137111548Z,106000.899,none,false,0,0,0,0,0,2123,161,101,60,0,0,0,60
calib-d-faults,bounded-wait-transform-error-r01,2026-09-11T12:38:01.136935078Z,107000.723,none,false,0,0,0,0,0,2143,163,103,60,0,0,0,60
calib-d-faults,bounded-wait-transform-error-r01,2026-09-11T12:38:02.136630468Z,108000.418,none,false,0,0,0,0,0,2163,164,104,60,0,0,0,60
calib-d-faults,bounded-wait-transform-error-r01,2026-09-11T12:38:03.137490008Z,109001.277,none,false,0,0,0,0,0,2183,166,106,60,0,0,0,60
calib-d-faults,bounded-wait-transform-error-r01,2026-09-11T12:38:04.137196034Z,110000.983,none,false,0,0,0,0,0,2203,167,107,60,0,0,0,60
calib-d-faults,bounded-wait-transform-error-r01,2026-09-11T12:38:05.136611433Z,111000.399,none,false,0,0,0,0,0,2223,169,109,60,0,0,0,60
calib-d-faults,bounded-wait-transform-error-r01,2026-09-11T12:38:06.137296863Z,112001.084,none,false,0,0,0,0,0,2243,170,110,60,0,0,0,60
calib-d-faults,bounded-wait-transform-error-r01,2026-09-11T12:38:07.136893106Z,113000.681,none,false,0,0,0,0,0,2263,172,112,60,0,0,0,60
calib-d-faults,bounded-wait-transform-error-r01,2026-09-11T12:38:08.137380815Z,114001.168,none,false,0,0,0,0,0,2283,173,113,60,0,0,0,60
calib-d-faults,bounded-wait-transform-error-r01,2026-09-11T12:38:09.136647923Z,115000.435,none,false,0,0,0,0,0,2303,175,115,60,0,0,0,60
calib-d-faults,bounded-wait-transform-error-r01,2026-09-11T12:38:10.136769631Z,116000.557,none,false,0,0,0,0,0,2323,176,116,60,0,0,0,60
calib-d-faults,bounded-wait-transform-error-r01,2026-09-11T12:38:11.136854113Z,117000.642,none,false,0,0,0,0,0,2343,178,118,60,0,0,0,60
calib-d-faults,bounded-wait-transform-error-r01,2026-09-11T12:38:12.136743517Z,118000.531,none,false,0,0,0,0,0,2363,179,119,60,0,0,0,60
calib-d-faults,bounded-wait-transform-error-r01,2026-09-11T12:38:13.137277962Z,119001.065,none,false,0,0,0,0,0,2383,181,121,60,0,0,0,60
calib-d-faults,bounded-wait-transform-error-r01,2026-09-11T12:38:14.137098712Z,120000.886,none,false,0,0,0,0,0,2403,182,122,60,0,0,0,60
calib-d-faults,bounded-wait-transform-error-r01,2026-09-11T12:38:18.459335226Z,121000.494,none,false,0,0,0,0,0,2423,184,124,60,0,0,0,60
calib-d-faults,bounded-wait-transform-error-r01,2026-09-11T12:38:19.459636112Z,122000.795,none,false,0,0,0,0,0,2443,185,125,60,0,0,0,60
calib-d-faults,bounded-wait-transform-error-r01,2026-09-11T12:38:20.459129467Z,123000.288,none,false,0,0,0,0,0,2463,187,127,60,0,0,0,60
calib-d-faults,bounded-wait-transform-error-r01,2026-09-11T12:38:21.459787487Z,124000.946,none,false,0,0,0,0,0,2483,188,128,60,0,0,0,60
calib-d-faults,bounded-wait-transform-error-r01,2026-09-11T12:38:22.459935558Z,125001.095,none,false,0,0,1,0,0,2503,191,130,60,0,0,0,60
calib-d-faults,bounded-wait-transform-error-r01,2026-09-11T12:38:23.459262924Z,126000.422,none,false,0,0,0,0,0,2523,191,131,60,0,0,0,60
calib-d-faults,bounded-wait-transform-error-r01,2026-09-11T12:38:24.45956934Z,127000.728,none,false,0,0,0,0,0,2543,193,133,60,0,0,0,60
calib-d-faults,bounded-wait-transform-error-r01,2026-09-11T12:38:25.459254588Z,128000.414,none,false,0,0,0,0,0,2563,194,134,60,0,0,0,60
calib-d-faults,bounded-wait-transform-error-r01,2026-09-11T12:38:26.459458983Z,129000.618,none,false,0,0,0,0,0,2583,196,136,60,0,0,0,60
calib-d-faults,bounded-wait-transform-error-r01,2026-09-11T12:38:27.45970714Z,130000.866,none,false,0,0,0,0,0,2603,197,137,60,0,0,0,60
calib-d-faults,bounded-wait-transform-error-r01,2026-09-11T12:38:28.459460538Z,131000.619,none,false,0,0,0,0,0,2623,199,139,60,0,0,0,60
calib-d-faults,bounded-wait-transform-error-r01,2026-09-11T12:38:29.459130935Z,132000.290,none,false,0,0,0,0,0,2643,200,140,60,0,0,0,60
calib-d-faults,bounded-wait-transform-error-r01,2026-09-11T12:38:30.459904993Z,133001.064,none,false,0,0,0,0,0,2663,202,142,60,0,0,0,60
calib-d-faults,bounded-wait-transform-error-r01,2026-09-11T12:38:31.458944205Z,134000.103,none,false,0,0,0,0,0,2683,203,143,60,0,0,0,60
calib-d-faults,bounded-wait-transform-error-r01,2026-09-11T12:38:32.459510341Z,135000.669,none,false,0,0,0,0,0,2703,205,145,60,0,0,0,60
calib-d-faults,bounded-wait-transform-error-r01,2026-09-11T12:38:33.459303865Z,136000.463,none,false,0,0,0,0,0,2723,206,146,60,0,0,0,60
calib-d-faults,bounded-wait-transform-error-r01,2026-09-11T12:38:34.459509415Z,137000.668,none,false,0,0,0,0,0,2743,208,148,60,0,0,0,60
calib-d-faults,bounded-wait-transform-error-r01,2026-09-11T12:38:35.459895452Z,138001.054,none,false,0,0,0,0,0,2763,209,149,60,0,0,0,60
calib-d-faults,bounded-wait-transform-error-r01,2026-09-11T12:38:36.45977864Z,139000.938,none,false,0,0,0,0,0,2783,211,151,60,0,0,0,60
calib-d-faults,bounded-wait-transform-error-r01,2026-09-11T12:38:37.459979207Z,140001.138,none,false,0,0,0,0,0,2803,212,152,60,0,0,0,60
calib-d-faults,bounded-wait-transform-error-r01,2026-09-11T12:38:38.459476946Z,141000.636,none,false,0,0,0,0,0,2823,214,154,60,0,0,0,60
calib-d-faults,bounded-wait-transform-error-r01,2026-09-11T12:38:39.460017997Z,142001.177,none,false,0,0,0,0,0,2843,215,155,60,0,0,0,60
calib-d-faults,bounded-wait-transform-error-r01,2026-09-11T12:38:40.460008296Z,143001.167,none,false,0,0,0,0,0,2863,217,157,60,0,0,0,60
calib-d-faults,bounded-wait-transform-error-r01,2026-09-11T12:38:41.458940155Z,144000.099,none,false,0,0,0,0,0,2883,218,158,60,0,0,0,60
calib-d-faults,bounded-wait-transform-error-r01,2026-09-11T12:38:42.458931669Z,145000.091,none,false,0,0,0,0,0,2903,220,160,60,0,0,0,60
calib-d-faults,bounded-wait-transform-error-r01,2026-09-11T12:38:43.459898647Z,146001.058,none,false,0,0,0,0,0,2923,221,161,60,0,0,0,60
calib-d-faults,bounded-wait-transform-error-r01,2026-09-11T12:38:44.459328626Z,147000.488,none,false,0,0,0,0,0,2943,223,163,60,0,0,0,60
calib-d-faults,bounded-wait-transform-error-r01,2026-09-11T12:38:45.459813121Z,148000.972,none,false,0,0,0,0,0,2963,224,164,60,0,0,0,60
calib-d-faults,bounded-wait-transform-error-r01,2026-09-11T12:38:46.459802551Z,149000.962,none,false,0,0,0,0,0,2983,226,166,60,0,0,0,60
calib-d-faults,bounded-wait-transform-error-r01,2026-09-11T12:38:47.459645488Z,150000.804,none,false,0,0,0,0,0,3003,227,167,60,0,0,0,60
calib-d-faults,bounded-wait-transform-error-r01,2026-09-11T12:38:47.459651797Z,150000.811,none,false,0,0,0,0,0,3003,227,167,60,0,0,0,60
calib-d-faults,baseline-slow-original-r01,2026-09-11T12:38:51.929100526Z,0.038,none,false,0,0,0,0,0,4,4,4,0,0,0,0,0
calib-d-faults,baseline-slow-original-r01,2026-09-11T12:38:52.93017296Z,1001.110,none,false,0,0,0,0,0,23,4,4,0,0,0,0,0
calib-d-faults,baseline-slow-original-r01,2026-09-11T12:38:53.929558876Z,2000.496,none,false,0,0,0,0,0,43,5,5,0,0,0,0,0
calib-d-faults,baseline-slow-original-r01,2026-09-11T12:38:54.930192744Z,3001.130,none,false,0,0,0,0,0,63,7,7,0,0,0,0,0
calib-d-faults,baseline-slow-original-r01,2026-09-11T12:38:55.930158949Z,4001.096,none,false,0,0,0,0,0,83,8,8,0,0,0,0,0
calib-d-faults,baseline-slow-original-r01,2026-09-11T12:38:56.930257065Z,5001.194,none,false,0,0,0,0,0,103,10,10,0,0,0,0,0
calib-d-faults,baseline-slow-original-r01,2026-09-11T12:38:57.930143734Z,6001.081,none,false,0,0,0,0,0,123,11,11,0,0,0,0,0
calib-d-faults,baseline-slow-original-r01,2026-09-11T12:38:58.929796964Z,7000.734,none,false,0,0,0,0,0,143,13,13,0,0,0,0,0
calib-d-faults,baseline-slow-original-r01,2026-09-11T12:38:59.930236131Z,8001.174,none,false,0,0,0,0,0,163,14,14,0,0,0,0,0
calib-d-faults,baseline-slow-original-r01,2026-09-11T12:39:00.930187962Z,9001.125,none,false,0,0,0,0,0,183,16,16,0,0,0,0,0
calib-d-faults,baseline-slow-original-r01,2026-09-11T12:39:01.929428364Z,10000.366,none,false,0,0,0,0,0,203,17,17,0,0,0,0,0
calib-d-faults,baseline-slow-original-r01,2026-09-11T12:39:02.929611062Z,11000.548,none,false,0,0,0,0,0,223,19,19,0,0,0,0,0
calib-d-faults,baseline-slow-original-r01,2026-09-11T12:39:03.929729358Z,12000.667,none,false,0,0,0,0,0,243,20,20,0,0,0,0,0
calib-d-faults,baseline-slow-original-r01,2026-09-11T12:39:04.929384408Z,13000.322,none,false,0,0,0,0,0,263,22,22,0,0,0,0,0
calib-d-faults,baseline-slow-original-r01,2026-09-11T12:39:05.929487567Z,14000.425,none,false,0,0,0,0,0,283,23,23,0,0,0,0,0
calib-d-faults,baseline-slow-original-r01,2026-09-11T12:39:06.930020807Z,15000.958,none,false,0,0,0,0,0,303,25,25,0,0,0,0,0
calib-d-faults,baseline-slow-original-r01,2026-09-11T12:39:07.930282351Z,16001.220,none,false,0,0,0,0,0,323,26,26,0,0,0,0,0
calib-d-faults,baseline-slow-original-r01,2026-09-11T12:39:08.930253614Z,17001.191,none,false,0,0,0,0,0,343,28,28,0,0,0,0,0
calib-d-faults,baseline-slow-original-r01,2026-09-11T12:39:09.929953897Z,18000.891,none,false,0,0,0,0,0,363,29,29,0,0,0,0,0
calib-d-faults,baseline-slow-original-r01,2026-09-11T12:39:10.930080465Z,19001.018,none,false,0,0,0,0,0,383,31,31,0,0,0,0,0
calib-d-faults,baseline-slow-original-r01,2026-09-11T12:39:11.929622219Z,20000.560,none,false,0,0,0,0,0,403,32,32,0,0,0,0,0
calib-d-faults,baseline-slow-original-r01,2026-09-11T12:39:12.930053443Z,21000.991,none,false,0,0,0,0,0,423,34,34,0,0,0,0,0
calib-d-faults,baseline-slow-original-r01,2026-09-11T12:39:13.930015658Z,22000.953,none,false,0,0,0,0,0,443,35,35,0,0,0,0,0
calib-d-faults,baseline-slow-original-r01,2026-09-11T12:39:14.929836792Z,23000.774,none,false,0,0,0,0,0,463,37,37,0,0,0,0,0
calib-d-faults,baseline-slow-original-r01,2026-09-11T12:39:15.930332451Z,24001.270,none,false,0,0,0,0,0,483,38,38,0,0,0,0,0
calib-d-faults,baseline-slow-original-r01,2026-09-11T12:39:16.929764103Z,25000.702,none,false,0,0,0,0,0,503,40,40,0,0,0,0,0
calib-d-faults,baseline-slow-original-r01,2026-09-11T12:39:17.929750064Z,26000.687,none,false,0,0,0,0,0,523,41,41,0,0,0,0,0
calib-d-faults,baseline-slow-original-r01,2026-09-11T12:39:18.930213662Z,27001.151,none,false,0,0,0,0,0,543,43,43,0,0,0,0,0
calib-d-faults,baseline-slow-original-r01,2026-09-11T12:39:19.929395898Z,28000.333,none,false,0,0,0,0,0,563,44,44,0,0,0,0,0
calib-d-faults,baseline-slow-original-r01,2026-09-11T12:39:20.93016906Z,29001.106,none,false,0,0,0,0,0,583,46,46,0,0,0,0,0
calib-d-faults,baseline-slow-original-r01,2026-09-11T12:39:25.264871675Z,30001.059,slow-original,false,0,0,0,0,0,603,47,47,0,0,0,0,0
calib-d-faults,baseline-slow-original-r01,2026-09-11T12:39:26.264516918Z,31000.704,slow-original,false,0,0,1,0,0,623,49,48,0,0,0,0,1
calib-d-faults,baseline-slow-original-r01,2026-09-11T12:39:27.264072408Z,32000.259,slow-original,false,0,0,2,0,0,643,50,48,0,0,0,0,2
calib-d-faults,baseline-slow-original-r01,2026-09-11T12:39:28.26473344Z,33000.920,slow-original,false,0,0,3,0,0,663,52,49,0,0,0,0,3
calib-d-faults,baseline-slow-original-r01,2026-09-11T12:39:29.264406058Z,34000.593,slow-original,false,0,0,4,0,0,683,53,49,0,0,0,0,4
calib-d-faults,baseline-slow-original-r01,2026-09-11T12:39:30.264205548Z,35000.392,slow-original,false,0,0,5,0,0,703,55,50,0,0,0,0,5
calib-d-faults,baseline-slow-original-r01,2026-09-11T12:39:31.264932569Z,36001.120,slow-original,false,0,0,6,0,0,723,56,50,0,0,0,0,6
calib-d-faults,baseline-slow-original-r01,2026-09-11T12:39:32.264749009Z,37000.936,slow-original,false,0,0,7,0,0,743,58,51,0,0,0,0,7
calib-d-faults,baseline-slow-original-r01,2026-09-11T12:39:33.264739657Z,38000.927,slow-original,false,0,0,8,0,0,763,59,51,0,0,0,0,8
calib-d-faults,baseline-slow-original-r01,2026-09-11T12:39:34.264350423Z,39000.537,slow-original,false,0,0,9,0,0,783,61,52,0,0,0,0,9
calib-d-faults,baseline-slow-original-r01,2026-09-11T12:39:35.264450967Z,40000.638,slow-original,false,0,0,10,0,0,803,62,52,0,0,0,0,10
calib-d-faults,baseline-slow-original-r01,2026-09-11T12:39:36.264330079Z,41000.517,slow-original,false,0,0,11,0,0,823,64,53,0,0,0,0,11
calib-d-faults,baseline-slow-original-r01,2026-09-11T12:39:37.264775458Z,42000.962,slow-original,false,0,0,12,0,0,843,65,53,0,0,0,0,12
calib-d-faults,baseline-slow-original-r01,2026-09-11T12:39:38.264570459Z,43000.757,slow-original,false,0,0,13,0,0,863,67,54,0,0,0,0,13
calib-d-faults,baseline-slow-original-r01,2026-09-11T12:39:39.264253111Z,44000.440,slow-original,false,0,0,14,0,0,883,68,54,0,0,0,0,14
calib-d-faults,baseline-slow-original-r01,2026-09-11T12:39:40.264170114Z,45000.357,slow-original,false,0,0,15,0,0,903,70,55,0,0,0,0,15
calib-d-faults,baseline-slow-original-r01,2026-09-11T12:39:41.264417191Z,46000.604,slow-original,false,0,0,15,0,0,923,71,56,0,0,0,0,16
calib-d-faults,baseline-slow-original-r01,2026-09-11T12:39:42.264156823Z,47000.344,slow-original,false,0,0,15,0,0,943,73,58,0,0,0,0,17
calib-d-faults,baseline-slow-original-r01,2026-09-11T12:39:43.26468542Z,48000.872,slow-original,false,0,0,15,0,0,963,74,59,0,0,0,0,18
calib-d-faults,baseline-slow-original-r01,2026-09-11T12:39:44.264762666Z,49000.950,slow-original,false,0,0,15,0,0,983,76,61,0,0,0,0,19
calib-d-faults,baseline-slow-original-r01,2026-09-11T12:39:45.264485726Z,50000.673,slow-original,false,0,0,15,0,0,1003,77,62,0,0,0,0,20
calib-d-faults,baseline-slow-original-r01,2026-09-11T12:39:46.264771885Z,51000.959,slow-original,false,0,0,15,0,0,1023,79,64,0,0,0,0,21
calib-d-faults,baseline-slow-original-r01,2026-09-11T12:39:47.264542045Z,52000.729,slow-original,false,0,0,15,0,0,1043,80,65,0,0,0,0,22
calib-d-faults,baseline-slow-original-r01,2026-09-11T12:39:48.264391607Z,53000.579,slow-original,false,0,0,15,0,0,1063,82,67,0,0,0,0,23
calib-d-faults,baseline-slow-original-r01,2026-09-11T12:39:49.264360679Z,54000.548,slow-original,false,0,0,15,0,0,1083,83,68,0,0,0,0,24
calib-d-faults,baseline-slow-original-r01,2026-09-11T12:39:50.264932442Z,55001.119,slow-original,false,0,0,15,0,0,1103,85,70,0,0,0,0,25
calib-d-faults,baseline-slow-original-r01,2026-09-11T12:39:51.264840986Z,56001.028,slow-original,false,0,0,15,0,0,1123,86,71,0,0,0,0,26
calib-d-faults,baseline-slow-original-r01,2026-09-11T12:39:52.264514859Z,57000.702,slow-original,false,0,0,15,0,0,1143,88,73,0,0,0,0,27
calib-d-faults,baseline-slow-original-r01,2026-09-11T12:39:53.265015267Z,58001.202,slow-original,false,0,0,15,0,0,1163,89,74,0,0,0,0,28
calib-d-faults,baseline-slow-original-r01,2026-09-11T12:39:54.264775434Z,59000.962,slow-original,false,0,0,15,0,0,1183,91,76,0,0,0,0,29
calib-d-faults,baseline-slow-original-r01,2026-09-11T12:39:58.612419732Z,60001.074,slow-original,false,0,0,15,0,0,1203,92,77,0,0,0,0,30
calib-d-faults,baseline-slow-original-r01,2026-09-11T12:39:59.612273231Z,61000.928,slow-original,false,0,0,15,0,0,1223,94,79,0,0,0,0,31
calib-d-faults,baseline-slow-original-r01,2026-09-11T12:40:00.612419349Z,62001.074,slow-original,false,0,0,15,0,0,1243,95,80,0,0,0,0,32
calib-d-faults,baseline-slow-original-r01,2026-09-11T12:40:01.612307147Z,63000.962,slow-original,false,0,0,15,0,0,1263,97,82,0,0,0,0,33
calib-d-faults,baseline-slow-original-r01,2026-09-11T12:40:02.611977756Z,64000.632,slow-original,false,0,0,15,0,0,1283,98,83,0,0,0,0,34
calib-d-faults,baseline-slow-original-r01,2026-09-11T12:40:03.612486853Z,65001.141,slow-original,false,0,0,15,0,0,1303,101,85,0,0,0,0,35
calib-d-faults,baseline-slow-original-r01,2026-09-11T12:40:04.611715504Z,66000.370,slow-original,false,0,0,15,0,0,1323,101,86,0,0,0,0,36
calib-d-faults,baseline-slow-original-r01,2026-09-11T12:40:05.612249162Z,67000.904,slow-original,false,0,0,15,0,0,1343,103,88,0,0,0,0,37
calib-d-faults,baseline-slow-original-r01,2026-09-11T12:40:06.612569848Z,68001.224,slow-original,false,0,0,15,0,0,1363,104,89,0,0,0,0,38
calib-d-faults,baseline-slow-original-r01,2026-09-11T12:40:07.612579894Z,69001.234,slow-original,false,0,0,15,0,0,1383,106,91,0,0,0,0,39
calib-d-faults,baseline-slow-original-r01,2026-09-11T12:40:08.612023356Z,70000.678,slow-original,false,0,0,15,0,0,1403,107,92,0,0,0,0,40
calib-d-faults,baseline-slow-original-r01,2026-09-11T12:40:09.612317062Z,71000.972,slow-original,false,0,0,15,0,0,1423,109,94,0,0,0,0,41
calib-d-faults,baseline-slow-original-r01,2026-09-11T12:40:10.612117985Z,72000.773,slow-original,false,0,0,15,0,0,1443,110,95,0,0,0,0,42
calib-d-faults,baseline-slow-original-r01,2026-09-11T12:40:11.611800258Z,73000.455,slow-original,false,0,0,15,0,0,1463,112,97,0,0,0,0,43
calib-d-faults,baseline-slow-original-r01,2026-09-11T12:40:12.611856453Z,74000.511,slow-original,false,0,0,15,0,0,1483,113,98,0,0,0,0,44
calib-d-faults,baseline-slow-original-r01,2026-09-11T12:40:13.611767521Z,75000.422,slow-original,false,0,0,15,0,0,1503,115,100,0,0,0,0,45
calib-d-faults,baseline-slow-original-r01,2026-09-11T12:40:14.61204062Z,76000.695,slow-original,false,0,0,15,0,0,1523,116,101,0,0,0,0,46
calib-d-faults,baseline-slow-original-r01,2026-09-11T12:40:15.612446964Z,77001.102,slow-original,false,0,0,15,0,0,1543,118,103,0,0,0,0,47
calib-d-faults,baseline-slow-original-r01,2026-09-11T12:40:16.611878041Z,78000.533,slow-original,false,0,0,15,0,0,1563,119,104,0,0,0,0,48
calib-d-faults,baseline-slow-original-r01,2026-09-11T12:40:17.611738499Z,79000.393,slow-original,false,0,0,15,0,0,1583,121,106,0,0,0,0,49
calib-d-faults,baseline-slow-original-r01,2026-09-11T12:40:18.611589043Z,80000.244,slow-original,false,0,0,15,0,0,1603,122,107,0,0,0,0,50
calib-d-faults,baseline-slow-original-r01,2026-09-11T12:40:19.612102813Z,81000.757,slow-original,false,0,0,15,0,0,1623,124,109,0,0,0,0,51
calib-d-faults,baseline-slow-original-r01,2026-09-11T12:40:20.612145515Z,82000.800,slow-original,false,0,0,15,0,0,1643,125,110,0,0,0,0,52
calib-d-faults,baseline-slow-original-r01,2026-09-11T12:40:21.611423811Z,83000.078,slow-original,false,0,0,15,0,0,1663,127,112,0,0,0,0,53
calib-d-faults,baseline-slow-original-r01,2026-09-11T12:40:22.611591621Z,84000.246,slow-original,false,0,0,15,0,0,1683,128,113,0,0,0,0,54
calib-d-faults,baseline-slow-original-r01,2026-09-11T12:40:23.612452151Z,85001.107,slow-original,false,0,0,15,0,0,1703,130,115,0,0,0,0,55
calib-d-faults,baseline-slow-original-r01,2026-09-11T12:40:24.612160479Z,86000.815,slow-original,false,0,0,15,0,0,1723,131,116,0,0,0,0,56
calib-d-faults,baseline-slow-original-r01,2026-09-11T12:40:25.612237631Z,87000.892,slow-original,false,0,0,15,0,0,1743,133,118,0,0,0,0,57
calib-d-faults,baseline-slow-original-r01,2026-09-11T12:40:26.612313011Z,88000.968,slow-original,false,0,0,15,0,0,1763,134,119,0,0,0,0,58
calib-d-faults,baseline-slow-original-r01,2026-09-11T12:40:27.612141415Z,89000.796,slow-original,false,0,0,15,0,0,1783,136,121,0,0,0,0,59
calib-d-faults,baseline-slow-original-r01,2026-09-11T12:40:31.935439085Z,90000.793,none,false,0,0,15,0,0,1803,137,122,0,0,0,0,60
calib-d-faults,baseline-slow-original-r01,2026-09-11T12:40:32.934732061Z,91000.086,none,false,0,0,14,0,0,1823,139,125,0,0,0,0,60
calib-d-faults,baseline-slow-original-r01,2026-09-11T12:40:33.935082738Z,92000.436,none,false,0,0,13,0,0,1843,140,127,0,0,0,0,60
calib-d-faults,baseline-slow-original-r01,2026-09-11T12:40:34.935611597Z,93000.965,none,false,0,0,12,0,0,1863,142,130,0,0,0,0,60
calib-d-faults,baseline-slow-original-r01,2026-09-11T12:40:35.935959095Z,94001.313,none,false,0,0,11,0,0,1883,143,132,0,0,0,0,60
calib-d-faults,baseline-slow-original-r01,2026-09-11T12:40:36.935269373Z,95000.623,none,false,0,0,10,0,0,1903,145,135,0,0,0,0,60
calib-d-faults,baseline-slow-original-r01,2026-09-11T12:40:37.935104087Z,96000.458,none,false,0,0,9,0,0,1923,146,137,0,0,0,0,60
calib-d-faults,baseline-slow-original-r01,2026-09-11T12:40:38.935594574Z,97000.948,none,false,0,0,8,0,0,1943,148,140,0,0,0,0,60
calib-d-faults,baseline-slow-original-r01,2026-09-11T12:40:39.935083218Z,98000.437,none,false,0,0,7,0,0,1963,149,142,0,0,0,0,60
calib-d-faults,baseline-slow-original-r01,2026-09-11T12:40:40.935382198Z,99000.736,none,false,0,0,6,0,0,1983,151,145,0,0,0,0,60
calib-d-faults,baseline-slow-original-r01,2026-09-11T12:40:41.934993341Z,100000.347,none,false,0,0,5,0,0,2003,152,147,0,0,0,0,60
calib-d-faults,baseline-slow-original-r01,2026-09-11T12:40:42.935611573Z,101000.965,none,false,0,0,4,0,0,2023,154,150,0,0,0,0,60
calib-d-faults,baseline-slow-original-r01,2026-09-11T12:40:43.93549123Z,102000.845,none,false,0,0,3,0,0,2043,155,152,0,0,0,0,60
calib-d-faults,baseline-slow-original-r01,2026-09-11T12:40:44.935046814Z,103000.400,none,false,0,0,2,0,0,2063,157,155,0,0,0,0,60
calib-d-faults,baseline-slow-original-r01,2026-09-11T12:40:45.935657427Z,104001.011,none,false,0,0,1,0,0,2083,158,157,0,0,0,0,60
calib-d-faults,baseline-slow-original-r01,2026-09-11T12:40:46.93574607Z,105001.100,none,false,0,0,0,0,0,2103,160,160,0,0,0,0,60
calib-d-faults,baseline-slow-original-r01,2026-09-11T12:40:47.9356178Z,106000.971,none,false,0,0,0,0,0,2123,161,161,0,0,0,0,60
calib-d-faults,baseline-slow-original-r01,2026-09-11T12:40:48.934895634Z,107000.249,none,false,0,0,0,0,0,2143,163,163,0,0,0,0,60
calib-d-faults,baseline-slow-original-r01,2026-09-11T12:40:49.935190341Z,108000.544,none,false,0,0,0,0,0,2163,164,164,0,0,0,0,60
calib-d-faults,baseline-slow-original-r01,2026-09-11T12:40:50.935566841Z,109000.920,none,false,0,0,0,0,0,2183,166,166,0,0,0,0,60
calib-d-faults,baseline-slow-original-r01,2026-09-11T12:40:51.935492381Z,110000.846,none,false,0,0,0,0,0,2203,167,167,0,0,0,0,60
calib-d-faults,baseline-slow-original-r01,2026-09-11T12:40:52.935765176Z,111001.119,none,false,0,0,0,0,0,2223,169,169,0,0,0,0,60
calib-d-faults,baseline-slow-original-r01,2026-09-11T12:40:53.935022135Z,112000.376,none,false,0,0,0,0,0,2243,170,170,0,0,0,0,60
calib-d-faults,baseline-slow-original-r01,2026-09-11T12:40:54.935381044Z,113000.735,none,false,0,0,0,0,0,2263,172,172,0,0,0,0,60
calib-d-faults,baseline-slow-original-r01,2026-09-11T12:40:55.935283364Z,114000.637,none,false,0,0,0,0,0,2283,173,173,0,0,0,0,60
calib-d-faults,baseline-slow-original-r01,2026-09-11T12:40:56.935681936Z,115001.036,none,false,0,0,0,0,0,2303,175,175,0,0,0,0,60
calib-d-faults,baseline-slow-original-r01,2026-09-11T12:40:57.935433947Z,116000.788,none,false,0,0,0,0,0,2323,176,176,0,0,0,0,60
calib-d-faults,baseline-slow-original-r01,2026-09-11T12:40:58.935426293Z,117000.780,none,false,0,0,0,0,0,2343,178,178,0,0,0,0,60
calib-d-faults,baseline-slow-original-r01,2026-09-11T12:40:59.935338914Z,118000.693,none,false,0,0,0,0,0,2363,179,179,0,0,0,0,60
calib-d-faults,baseline-slow-original-r01,2026-09-11T12:41:00.935656354Z,119001.010,none,false,0,0,0,0,0,2383,181,181,0,0,0,0,60
calib-d-faults,baseline-slow-original-r01,2026-09-11T12:41:05.281924431Z,120000.653,none,false,0,0,0,0,0,2403,182,182,0,0,0,0,60
calib-d-faults,baseline-slow-original-r01,2026-09-11T12:41:06.281716637Z,121000.446,none,false,0,0,0,0,0,2423,184,184,0,0,0,0,60
calib-d-faults,baseline-slow-original-r01,2026-09-11T12:41:07.28255134Z,122001.280,none,false,0,0,0,0,0,2443,185,185,0,0,0,0,60
calib-d-faults,baseline-slow-original-r01,2026-09-11T12:41:08.281609154Z,123000.338,none,false,0,0,0,0,0,2463,187,187,0,0,0,0,60
calib-d-faults,baseline-slow-original-r01,2026-09-11T12:41:09.282484608Z,124001.214,none,false,0,0,0,0,0,2483,188,188,0,0,0,0,60
calib-d-faults,baseline-slow-original-r01,2026-09-11T12:41:10.281843399Z,125000.572,none,false,0,0,0,0,0,2503,190,190,0,0,0,0,60
calib-d-faults,baseline-slow-original-r01,2026-09-11T12:41:11.281967044Z,126000.696,none,false,0,0,0,0,0,2523,191,191,0,0,0,0,60
calib-d-faults,baseline-slow-original-r01,2026-09-11T12:41:12.281914579Z,127000.644,none,false,0,0,1,0,0,2543,194,193,0,0,0,0,60
calib-d-faults,baseline-slow-original-r01,2026-09-11T12:41:13.282085921Z,128000.815,none,false,0,0,0,0,0,2563,194,194,0,0,0,0,60
calib-d-faults,baseline-slow-original-r01,2026-09-11T12:41:14.282416044Z,129001.145,none,false,0,0,0,0,0,2583,196,196,0,0,0,0,60
calib-d-faults,baseline-slow-original-r01,2026-09-11T12:41:15.282442343Z,130001.171,none,false,0,0,0,0,0,2603,197,197,0,0,0,0,60
calib-d-faults,baseline-slow-original-r01,2026-09-11T12:41:16.281553899Z,131000.283,none,false,0,0,0,0,0,2623,199,199,0,0,0,0,60
calib-d-faults,baseline-slow-original-r01,2026-09-11T12:41:17.282244153Z,132000.973,none,false,0,0,0,0,0,2643,200,200,0,0,0,0,60
calib-d-faults,baseline-slow-original-r01,2026-09-11T12:41:18.28211748Z,133000.846,none,false,0,0,0,0,0,2663,202,202,0,0,0,0,60
calib-d-faults,baseline-slow-original-r01,2026-09-11T12:41:19.281884367Z,134000.613,none,false,0,0,0,0,0,2683,203,203,0,0,0,0,60
calib-d-faults,baseline-slow-original-r01,2026-09-11T12:41:20.282146363Z,135000.875,none,false,0,0,0,0,0,2703,205,205,0,0,0,0,60
calib-d-faults,baseline-slow-original-r01,2026-09-11T12:41:21.282281637Z,136001.011,none,false,0,0,0,0,0,2723,206,206,0,0,0,0,60
calib-d-faults,baseline-slow-original-r01,2026-09-11T12:41:22.281985513Z,137000.715,none,false,0,0,0,0,0,2743,208,208,0,0,0,0,60
calib-d-faults,baseline-slow-original-r01,2026-09-11T12:41:23.282126541Z,138000.856,none,false,0,0,0,0,0,2763,209,209,0,0,0,0,60
calib-d-faults,baseline-slow-original-r01,2026-09-11T12:41:24.281887518Z,139000.617,none,false,0,0,0,0,0,2783,211,211,0,0,0,0,60
calib-d-faults,baseline-slow-original-r01,2026-09-11T12:41:25.282279336Z,140001.008,none,false,0,0,0,0,0,2803,212,212,0,0,0,0,60
calib-d-faults,baseline-slow-original-r01,2026-09-11T12:41:26.282468934Z,141001.198,none,false,0,0,0,0,0,2823,214,214,0,0,0,0,60
calib-d-faults,baseline-slow-original-r01,2026-09-11T12:41:27.282311033Z,142001.040,none,false,0,0,0,0,0,2843,215,215,0,0,0,0,60
calib-d-faults,baseline-slow-original-r01,2026-09-11T12:41:28.282350649Z,143001.080,none,false,0,0,0,0,0,2863,217,217,0,0,0,0,60
calib-d-faults,baseline-slow-original-r01,2026-09-11T12:41:29.282378972Z,144001.108,none,false,0,0,0,0,0,2883,218,218,0,0,0,0,60
calib-d-faults,baseline-slow-original-r01,2026-09-11T12:41:30.282421089Z,145001.150,none,false,0,0,0,0,0,2903,220,220,0,0,0,0,60
calib-d-faults,baseline-slow-original-r01,2026-09-11T12:41:31.282413111Z,146001.142,none,false,0,0,0,0,0,2923,221,221,0,0,0,0,60
calib-d-faults,baseline-slow-original-r01,2026-09-11T12:41:32.282486188Z,147001.215,none,false,0,0,0,0,0,2943,223,223,0,0,0,0,60
calib-d-faults,baseline-slow-original-r01,2026-09-11T12:41:33.281838598Z,148000.568,none,false,0,0,0,0,0,2963,224,224,0,0,0,0,60
calib-d-faults,baseline-slow-original-r01,2026-09-11T12:41:34.282084498Z,149000.814,none,false,0,0,0,0,0,2983,226,226,0,0,0,0,60
calib-d-faults,baseline-slow-original-r01,2026-09-11T12:41:38.606459973Z,150000.951,none,false,0,0,0,0,0,3003,227,227,0,0,0,0,60
calib-d-faults,baseline-slow-original-r01,2026-09-11T12:41:38.60647644Z,150000.968,none,false,0,0,0,0,0,3003,227,227,0,0,0,0,60
calib-d-faults,bounded-wait-slow-original-r01,2026-09-11T12:41:39.668026663Z,0.031,none,false,0,0,0,0,0,4,4,4,0,0,0,0,0
calib-d-faults,bounded-wait-slow-original-r01,2026-09-11T12:41:40.669028059Z,1001.032,none,false,0,0,0,0,0,23,4,4,0,0,0,0,0
calib-d-faults,bounded-wait-slow-original-r01,2026-09-11T12:41:41.668552344Z,2000.556,none,false,0,0,0,0,0,43,5,5,0,0,0,0,0
calib-d-faults,bounded-wait-slow-original-r01,2026-09-11T12:41:42.66833287Z,3000.337,none,false,0,0,0,0,0,63,7,7,0,0,0,0,0
calib-d-faults,bounded-wait-slow-original-r01,2026-09-11T12:41:43.668223446Z,4000.227,none,false,0,0,0,0,0,83,8,8,0,0,0,0,0
calib-d-faults,bounded-wait-slow-original-r01,2026-09-11T12:41:44.669066757Z,5001.071,none,false,0,0,0,0,0,103,10,10,0,0,0,0,0
calib-d-faults,bounded-wait-slow-original-r01,2026-09-11T12:41:45.668601141Z,6000.605,none,false,0,0,0,0,0,123,11,11,0,0,0,0,0
calib-d-faults,bounded-wait-slow-original-r01,2026-09-11T12:41:46.668906384Z,7000.910,none,false,0,0,0,0,0,143,13,13,0,0,0,0,0
calib-d-faults,bounded-wait-slow-original-r01,2026-09-11T12:41:47.669039905Z,8001.044,none,false,0,0,0,0,0,163,14,14,0,0,0,0,0
calib-d-faults,bounded-wait-slow-original-r01,2026-09-11T12:41:48.668807189Z,9000.811,none,false,0,0,0,0,0,183,16,16,0,0,0,0,0
calib-d-faults,bounded-wait-slow-original-r01,2026-09-11T12:41:49.669096569Z,10001.100,none,false,0,0,0,0,0,203,17,17,0,0,0,0,0
calib-d-faults,bounded-wait-slow-original-r01,2026-09-11T12:41:50.668069128Z,11000.073,none,false,0,0,0,0,0,223,19,19,0,0,0,0,0
calib-d-faults,bounded-wait-slow-original-r01,2026-09-11T12:41:51.669099724Z,12001.104,none,false,0,0,0,0,0,243,20,20,0,0,0,0,0
calib-d-faults,bounded-wait-slow-original-r01,2026-09-11T12:41:52.668390959Z,13000.395,none,false,0,0,0,0,0,263,22,22,0,0,0,0,0
calib-d-faults,bounded-wait-slow-original-r01,2026-09-11T12:41:53.66825418Z,14000.258,none,false,0,0,0,0,0,283,23,23,0,0,0,0,0
calib-d-faults,bounded-wait-slow-original-r01,2026-09-11T12:41:54.668558005Z,15000.562,none,false,0,0,0,0,0,303,25,25,0,0,0,0,0
calib-d-faults,bounded-wait-slow-original-r01,2026-09-11T12:41:55.668429297Z,16000.433,none,false,0,0,0,0,0,323,26,26,0,0,0,0,0
calib-d-faults,bounded-wait-slow-original-r01,2026-09-11T12:41:56.668803594Z,17000.808,none,false,0,0,0,0,0,343,28,28,0,0,0,0,0
calib-d-faults,bounded-wait-slow-original-r01,2026-09-11T12:41:57.668678505Z,18000.682,none,false,0,0,0,0,0,363,29,29,0,0,0,0,0
calib-d-faults,bounded-wait-slow-original-r01,2026-09-11T12:41:58.668884007Z,19000.888,none,false,0,0,0,0,0,383,31,31,0,0,0,0,0
calib-d-faults,bounded-wait-slow-original-r01,2026-09-11T12:41:59.668980953Z,20000.985,none,false,0,0,0,0,0,403,32,32,0,0,0,0,0
calib-d-faults,bounded-wait-slow-original-r01,2026-09-11T12:42:00.668863534Z,21000.867,none,false,0,0,0,0,0,423,34,34,0,0,0,0,0
calib-d-faults,bounded-wait-slow-original-r01,2026-09-11T12:42:01.668408657Z,22000.413,none,false,0,0,0,0,0,443,35,35,0,0,0,0,0
calib-d-faults,bounded-wait-slow-original-r01,2026-09-11T12:42:02.66908673Z,23001.091,none,false,0,0,0,0,0,463,37,37,0,0,0,0,0
calib-d-faults,bounded-wait-slow-original-r01,2026-09-11T12:42:03.66915896Z,24001.163,none,false,0,0,0,0,0,483,38,38,0,0,0,0,0
calib-d-faults,bounded-wait-slow-original-r01,2026-09-11T12:42:04.668397031Z,25000.401,none,false,0,0,0,0,0,503,40,40,0,0,0,0,0
calib-d-faults,bounded-wait-slow-original-r01,2026-09-11T12:42:05.668326443Z,26000.330,none,false,0,0,0,0,0,523,41,41,0,0,0,0,0
calib-d-faults,bounded-wait-slow-original-r01,2026-09-11T12:42:06.669117721Z,27001.122,none,false,0,0,0,0,0,543,43,43,0,0,0,0,0
calib-d-faults,bounded-wait-slow-original-r01,2026-09-11T12:42:07.668409018Z,28000.413,none,false,0,0,0,0,0,563,44,44,0,0,0,0,0
calib-d-faults,bounded-wait-slow-original-r01,2026-09-11T12:42:12.000638169Z,29001.059,none,false,0,0,0,0,0,583,46,46,0,0,0,0,0
calib-d-faults,bounded-wait-slow-original-r01,2026-09-11T12:42:13.000716373Z,30001.137,slow-original,false,0,0,0,0,0,603,47,47,0,0,0,0,0
calib-d-faults,bounded-wait-slow-original-r01,2026-09-11T12:42:14.000184868Z,31000.605,slow-original,false,0,0,1,0,0,623,49,48,0,0,0,0,1
calib-d-faults,bounded-wait-slow-original-r01,2026-09-11T12:42:15.000279967Z,32000.700,slow-original,false,0,0,2,0,0,643,50,48,0,0,0,0,2
calib-d-faults,bounded-wait-slow-original-r01,2026-09-11T12:42:16.000782526Z,33001.203,slow-original,false,0,0,3,0,0,663,52,49,0,0,0,0,3
calib-d-faults,bounded-wait-slow-original-r01,2026-09-11T12:42:17.000684576Z,34001.105,slow-original,false,0,0,4,0,0,683,53,49,0,0,0,0,4
calib-d-faults,bounded-wait-slow-original-r01,2026-09-11T12:42:18.000755793Z,35001.176,slow-original,false,0,2,6,0,0,703,55,49,0,0,0,0,4
calib-d-faults,bounded-wait-slow-original-r01,2026-09-11T12:42:19.000650692Z,36001.071,slow-original,false,0,3,7,0,0,723,56,49,0,0,0,0,4
calib-d-faults,bounded-wait-slow-original-r01,2026-09-11T12:42:20.000431689Z,37000.852,slow-original,false,0,3,7,0,0,743,58,49,0,0,2,0,4
calib-d-faults,bounded-wait-slow-original-r01,2026-09-11T12:42:21.00043863Z,38000.859,slow-original,false,0,3,7,0,0,763,59,49,0,0,3,0,4
calib-d-faults,bounded-wait-slow-original-r01,2026-09-11T12:42:22.000540872Z,39000.961,slow-original,false,0,3,7,0,0,783,61,49,0,0,5,0,4
calib-d-faults,bounded-wait-slow-original-r01,2026-09-11T12:42:23.00033924Z,40000.760,slow-original,false,0,3,7,0,0,803,62,49,0,0,6,0,4
calib-d-faults,bounded-wait-slow-original-r01,2026-09-11T12:42:24.000609537Z,41001.030,slow-original,false,0,3,7,0,0,823,64,49,0,0,8,0,4
calib-d-faults,bounded-wait-slow-original-r01,2026-09-11T12:42:24.99970477Z,42000.125,slow-original,false,0,3,7,0,0,843,65,49,0,0,9,0,4
calib-d-faults,bounded-wait-slow-original-r01,2026-09-11T12:42:26.000121817Z,43000.542,slow-original,false,0,3,7,0,0,863,67,49,0,0,11,0,4
calib-d-faults,bounded-wait-slow-original-r01,2026-09-11T12:42:27.000497942Z,44000.918,slow-original,false,0,2,6,0,0,883,68,49,0,0,13,0,4
calib-d-faults,bounded-wait-slow-original-r01,2026-09-11T12:42:28.000695518Z,45001.116,slow-original,false,0,2,6,0,0,903,70,49,0,0,15,0,4
calib-d-faults,bounded-wait-slow-original-r01,2026-09-11T12:42:29.00068966Z,46001.110,slow-original,false,0,2,6,0,0,923,71,50,0,0,15,0,5
calib-d-faults,bounded-wait-slow-original-r01,2026-09-11T12:42:30.000889615Z,47001.310,slow-original,false,0,2,6,0,0,943,73,51,0,0,16,0,6
calib-d-faults,bounded-wait-slow-original-r01,2026-09-11T12:42:31.000794514Z,48001.215,slow-original,false,0,1,5,0,0,963,74,53,0,0,16,0,7
calib-d-faults,bounded-wait-slow-original-r01,2026-09-11T12:42:32.000603692Z,49001.024,slow-original,false,0,2,6,0,0,983,76,54,0,0,16,0,8
calib-d-faults,bounded-wait-slow-original-r01,2026-09-11T12:42:33.000790058Z,50001.210,slow-original,false,0,3,7,0,0,1003,77,54,0,0,16,0,8
calib-d-faults,bounded-wait-slow-original-r01,2026-09-11T12:42:34.000159556Z,51000.580,slow-original,false,0,3,7,0,0,1023,79,54,0,0,18,0,8
calib-d-faults,bounded-wait-slow-original-r01,2026-09-11T12:42:35.000751553Z,52001.172,slow-original,false,0,3,7,0,0,1043,80,54,0,0,19,0,8
calib-d-faults,bounded-wait-slow-original-r01,2026-09-11T12:42:35.99987073Z,53000.291,slow-original,false,0,3,7,0,0,1063,82,54,0,0,21,0,8
calib-d-faults,bounded-wait-slow-original-r01,2026-09-11T12:42:36.999679028Z,54000.099,slow-original,false,0,3,7,0,0,1083,83,54,0,0,22,0,8
calib-d-faults,bounded-wait-slow-original-r01,2026-09-11T12:42:37.999817476Z,55000.238,slow-original,false,0,3,7,0,0,1103,85,54,0,0,24,0,8
calib-d-faults,bounded-wait-slow-original-r01,2026-09-11T12:42:38.999855374Z,56000.276,slow-original,false,0,3,7,0,0,1123,86,54,0,0,25,0,8
calib-d-faults,bounded-wait-slow-original-r01,2026-09-11T12:42:40.000519833Z,57000.940,slow-original,false,0,2,6,0,0,1143,88,54,0,0,28,0,8
calib-d-faults,bounded-wait-slow-original-r01,2026-09-11T12:42:41.000774309Z,58001.195,slow-original,false,0,1,5,0,0,1163,89,54,0,0,30,0,8
calib-d-faults,bounded-wait-slow-original-r01,2026-09-11T12:42:45.349499473Z,59000.235,slow-original,false,0,3,7,0,0,1183,91,54,0,0,30,0,8
calib-d-faults,bounded-wait-slow-original-r01,2026-09-11T12:42:46.349807043Z,60000.542,slow-original,false,0,3,7,0,0,1203,92,54,0,0,31,0,8
calib-d-faults,bounded-wait-slow-original-r01,2026-09-11T12:42:47.349585862Z,61000.321,slow-original,false,0,2,6,0,0,1223,94,55,0,0,33,0,9
calib-d-faults,bounded-wait-slow-original-r01,2026-09-11T12:42:48.349517448Z,62000.253,slow-original,false,0,2,6,0,0,1243,95,56,0,0,33,0,10
calib-d-faults,bounded-wait-slow-original-r01,2026-09-11T12:42:49.350168263Z,63000.903,slow-original,false,0,2,6,0,0,1263,97,57,0,0,34,0,11
calib-d-faults,bounded-wait-slow-original-r01,2026-09-11T12:42:50.349654764Z,64000.390,slow-original,false,0,2,6,0,0,1283,98,58,0,0,34,0,12
calib-d-faults,bounded-wait-slow-original-r01,2026-09-11T12:42:51.34966508Z,65000.400,slow-original,false,0,3,7,0,0,1303,100,58,0,0,35,0,12
calib-d-faults,bounded-wait-slow-original-r01,2026-09-11T12:42:52.350318311Z,66001.053,slow-original,false,0,2,6,0,0,1323,101,58,0,0,37,0,12
calib-d-faults,bounded-wait-slow-original-r01,2026-09-11T12:42:53.349469764Z,67000.205,slow-original,false,0,3,7,0,0,1343,103,58,0,0,38,0,12
calib-d-faults,bounded-wait-slow-original-r01,2026-09-11T12:42:54.349934019Z,68000.669,slow-original,false,0,3,7,0,0,1363,104,58,0,0,39,0,12
calib-d-faults,bounded-wait-slow-original-r01,2026-09-11T12:42:55.350235503Z,69000.971,slow-original,false,0,2,6,0,0,1383,106,58,0,0,42,0,12
calib-d-faults,bounded-wait-slow-original-r01,2026-09-11T12:42:56.349361907Z,70000.097,slow-original,false,0,3,7,0,0,1403,107,58,0,0,42,0,12
calib-d-faults,bounded-wait-slow-original-r01,2026-09-11T12:42:57.349747769Z,71000.483,slow-original,false,0,3,7,0,0,1423,109,58,0,0,44,0,12
calib-d-faults,bounded-wait-slow-original-r01,2026-09-11T12:42:58.350309691Z,72001.045,slow-original,false,0,2,6,0,0,1443,110,58,0,0,46,0,12
calib-d-faults,bounded-wait-slow-original-r01,2026-09-11T12:42:59.350381397Z,73001.117,slow-original,false,0,2,6,0,0,1463,112,58,0,0,48,0,12
calib-d-faults,bounded-wait-slow-original-r01,2026-09-11T12:43:00.34974834Z,74000.483,slow-original,false,0,3,7,0,0,1483,113,58,0,0,48,0,12
calib-d-faults,bounded-wait-slow-original-r01,2026-09-11T12:43:01.34978538Z,75000.520,slow-original,false,0,3,7,0,0,1503,115,58,0,0,50,0,12
calib-d-faults,bounded-wait-slow-original-r01,2026-09-11T12:43:02.349715823Z,76000.451,slow-original,false,1,2,6,0,4075024,1523,116,59,0,0,51,0,12
calib-d-faults,bounded-wait-slow-original-r01,2026-09-11T12:43:03.350480551Z,77001.216,slow-original,false,0,1,5,0,0,1543,118,61,0,0,52,0,14
calib-d-faults,bounded-wait-slow-original-r01,2026-09-11T12:43:04.350439129Z,78001.174,slow-original,false,1,1,5,0,4075024,1563,119,61,0,0,53,0,14
calib-d-faults,bounded-wait-slow-original-r01,2026-09-11T12:43:05.350174741Z,79000.910,slow-original,false,0,1,5,0,0,1583,121,63,0,0,53,0,16
calib-d-faults,bounded-wait-slow-original-r01,2026-09-11T12:43:06.350109132Z,80000.844,slow-original,false,0,2,6,0,0,1603,122,63,0,0,53,0,16
calib-d-faults,bounded-wait-slow-original-r01,2026-09-11T12:43:07.349572239Z,81000.307,slow-original,false,0,3,7,0,0,1623,124,63,0,0,54,0,16
calib-d-faults,bounded-wait-slow-original-r01,2026-09-11T12:43:08.34992695Z,82000.662,slow-original,false,0,3,7,0,0,1643,125,63,0,0,55,0,16
calib-d-faults,bounded-wait-slow-original-r01,2026-09-11T12:43:09.349592958Z,83000.328,slow-original,false,0,3,7,0,0,1663,127,63,0,0,57,0,16
calib-d-faults,bounded-wait-slow-original-r01,2026-09-11T12:43:10.349711559Z,84000.447,slow-original,false,0,3,7,0,0,1683,128,63,0,0,58,0,16
calib-d-faults,bounded-wait-slow-original-r01,2026-09-11T12:43:11.350496446Z,85001.232,slow-original,false,0,2,6,0,0,1703,130,63,0,0,61,0,16
calib-d-faults,bounded-wait-slow-original-r01,2026-09-11T12:43:12.350502715Z,86001.238,slow-original,false,0,2,6,0,0,1723,131,63,0,0,62,0,16
calib-d-faults,bounded-wait-slow-original-r01,2026-09-11T12:43:13.350054838Z,87000.790,slow-original,false,0,3,7,0,0,1743,133,63,0,0,63,0,16
calib-d-faults,bounded-wait-slow-original-r01,2026-09-11T12:43:14.350347622Z,88001.083,slow-original,false,0,3,7,0,0,1763,134,63,0,0,64,0,16
calib-d-faults,bounded-wait-slow-original-r01,2026-09-11T12:43:18.671353737Z,89000.415,slow-original,false,0,3,7,0,0,1783,136,63,0,0,66,0,16
calib-d-faults,bounded-wait-slow-original-r01,2026-09-11T12:43:19.671968416Z,90001.030,none,false,0,3,7,0,0,1803,137,63,0,0,67,0,16
calib-d-faults,bounded-wait-slow-original-r01,2026-09-11T12:43:20.671348389Z,91000.410,none,false,0,3,7,0,0,1823,139,63,0,0,69,0,16
calib-d-faults,bounded-wait-slow-original-r01,2026-09-11T12:43:21.671322989Z,92000.384,none,false,2,1,5,0,8150048,1843,140,65,0,0,70,0,16
calib-d-faults,bounded-wait-slow-original-r01,2026-09-11T12:43:22.671321058Z,93000.382,none,false,2,0,4,0,8150048,1863,142,68,0,0,70,0,16
calib-d-faults,bounded-wait-slow-original-r01,2026-09-11T12:43:23.671883357Z,94000.944,none,false,1,0,1,0,4075024,1883,143,72,0,0,70,0,16
calib-d-faults,bounded-wait-slow-original-r01,2026-09-11T12:43:24.671541681Z,95000.603,none,false,0,0,0,0,0,1901,145,75,0,0,70,0,16
calib-d-faults,bounded-wait-slow-original-r01,2026-09-11T12:43:25.671879582Z,96000.941,none,false,0,0,0,0,0,1921,146,76,0,0,70,0,16
calib-d-faults,bounded-wait-slow-original-r01,2026-09-11T12:43:26.671774153Z,97000.835,none,false,0,0,0,0,0,1941,148,78,0,0,70,0,16
calib-d-faults,bounded-wait-slow-original-r01,2026-09-11T12:43:27.671721875Z,98000.783,none,false,0,0,0,0,0,1961,149,79,0,0,70,0,16
calib-d-faults,bounded-wait-slow-original-r01,2026-09-11T12:43:28.671488398Z,99000.550,none,false,0,0,0,0,0,1981,151,81,0,0,70,0,16
calib-d-faults,bounded-wait-slow-original-r01,2026-09-11T12:43:29.671984829Z,100001.046,none,false,0,0,0,0,0,2001,152,82,0,0,70,0,16
calib-d-faults,bounded-wait-slow-original-r01,2026-09-11T12:43:30.671699097Z,101000.760,none,false,0,0,0,0,0,2021,154,84,0,0,70,0,16
calib-d-faults,bounded-wait-slow-original-r01,2026-09-11T12:43:31.671042628Z,102000.104,none,false,0,0,0,0,0,2041,155,85,0,0,70,0,16
calib-d-faults,bounded-wait-slow-original-r01,2026-09-11T12:43:32.671340001Z,103000.401,none,false,0,0,0,0,0,2061,157,87,0,0,70,0,16
calib-d-faults,bounded-wait-slow-original-r01,2026-09-11T12:43:33.671588701Z,104000.650,none,false,0,0,0,0,0,2081,158,88,0,0,70,0,16
calib-d-faults,bounded-wait-slow-original-r01,2026-09-11T12:43:34.672052709Z,105001.114,none,false,0,0,0,0,0,2101,160,90,0,0,70,0,16
calib-d-faults,bounded-wait-slow-original-r01,2026-09-11T12:43:35.671311438Z,106000.373,none,false,0,0,0,0,0,2121,161,91,0,0,70,0,16
calib-d-faults,bounded-wait-slow-original-r01,2026-09-11T12:43:36.671896224Z,107000.957,none,false,0,0,0,0,0,2141,163,93,0,0,70,0,16
calib-d-faults,bounded-wait-slow-original-r01,2026-09-11T12:43:37.671275864Z,108000.337,none,false,0,0,0,0,0,2161,164,94,0,0,70,0,16
calib-d-faults,bounded-wait-slow-original-r01,2026-09-11T12:43:38.671561329Z,109000.622,none,false,0,0,0,0,0,2181,166,96,0,0,70,0,16
calib-d-faults,bounded-wait-slow-original-r01,2026-09-11T12:43:39.671457596Z,110000.519,none,false,0,0,0,0,0,2201,167,97,0,0,70,0,16
calib-d-faults,bounded-wait-slow-original-r01,2026-09-11T12:43:40.671161191Z,111000.222,none,false,0,0,0,0,0,2221,169,99,0,0,70,0,16
calib-d-faults,bounded-wait-slow-original-r01,2026-09-11T12:43:41.671332721Z,112000.394,none,false,0,0,0,0,0,2241,170,100,0,0,70,0,16
calib-d-faults,bounded-wait-slow-original-r01,2026-09-11T12:43:42.671840297Z,113000.901,none,false,0,0,0,0,0,2261,172,102,0,0,70,0,16
calib-d-faults,bounded-wait-slow-original-r01,2026-09-11T12:43:43.671832967Z,114000.894,none,false,0,0,0,0,0,2281,173,103,0,0,70,0,16
calib-d-faults,bounded-wait-slow-original-r01,2026-09-11T12:43:44.671549381Z,115000.611,none,false,0,0,0,0,0,2301,175,105,0,0,70,0,16
calib-d-faults,bounded-wait-slow-original-r01,2026-09-11T12:43:45.67105044Z,116000.112,none,false,0,0,0,0,0,2321,176,106,0,0,70,0,16
calib-d-faults,bounded-wait-slow-original-r01,2026-09-11T12:43:46.672048662Z,117001.110,none,false,0,0,0,0,0,2341,178,108,0,0,70,0,16
calib-d-faults,bounded-wait-slow-original-r01,2026-09-11T12:43:47.671044Z,118000.105,none,false,0,0,0,0,0,2361,179,109,0,0,70,0,16
calib-d-faults,bounded-wait-slow-original-r01,2026-09-11T12:43:52.025714933Z,119000.212,none,false,0,0,0,0,0,2381,181,111,0,0,70,0,16
calib-d-faults,bounded-wait-slow-original-r01,2026-09-11T12:43:53.026404031Z,120000.901,none,false,0,0,0,0,0,2401,182,112,0,0,70,0,16
calib-d-faults,bounded-wait-slow-original-r01,2026-09-11T12:43:54.026238316Z,121000.735,none,false,0,0,0,0,0,2421,185,114,0,0,70,0,16
calib-d-faults,bounded-wait-slow-original-r01,2026-09-11T12:43:55.026426168Z,122000.923,none,false,0,0,0,0,0,2441,185,115,0,0,70,0,16
calib-d-faults,bounded-wait-slow-original-r01,2026-09-11T12:43:56.026185347Z,123000.682,none,false,0,0,0,0,0,2461,187,117,0,0,70,0,16
calib-d-faults,bounded-wait-slow-original-r01,2026-09-11T12:43:57.026333142Z,124000.830,none,false,0,0,0,0,0,2481,188,118,0,0,70,0,16
calib-d-faults,bounded-wait-slow-original-r01,2026-09-11T12:43:58.025806954Z,125000.304,none,false,0,0,0,0,0,2501,190,120,0,0,70,0,16
calib-d-faults,bounded-wait-slow-original-r01,2026-09-11T12:43:59.026346168Z,126000.843,none,false,0,0,0,0,0,2521,191,121,0,0,70,0,16
calib-d-faults,bounded-wait-slow-original-r01,2026-09-11T12:44:00.025783736Z,127000.281,none,false,0,0,0,0,0,2541,193,123,0,0,70,0,16
calib-d-faults,bounded-wait-slow-original-r01,2026-09-11T12:44:01.02574603Z,128000.243,none,false,0,0,0,0,0,2561,194,124,0,0,70,0,16
calib-d-faults,bounded-wait-slow-original-r01,2026-09-11T12:44:02.026126511Z,129000.623,none,false,0,0,0,0,0,2581,196,126,0,0,70,0,16
calib-d-faults,bounded-wait-slow-original-r01,2026-09-11T12:44:03.025879763Z,130000.377,none,false,0,0,0,0,0,2601,197,127,0,0,70,0,16
calib-d-faults,bounded-wait-slow-original-r01,2026-09-11T12:44:04.026403633Z,131000.900,none,false,0,0,0,0,0,2621,199,129,0,0,70,0,16
calib-d-faults,bounded-wait-slow-original-r01,2026-09-11T12:44:05.02604107Z,132000.538,none,false,0,0,0,0,0,2641,200,130,0,0,70,0,16
calib-d-faults,bounded-wait-slow-original-r01,2026-09-11T12:44:06.02583274Z,133000.330,none,false,0,0,0,0,0,2661,202,132,0,0,70,0,16
calib-d-faults,bounded-wait-slow-original-r01,2026-09-11T12:44:07.026453287Z,134000.950,none,false,0,0,0,0,0,2681,203,133,0,0,70,0,16
calib-d-faults,bounded-wait-slow-original-r01,2026-09-11T12:44:08.026465385Z,135000.962,none,false,0,0,0,0,0,2701,205,135,0,0,70,0,16
calib-d-faults,bounded-wait-slow-original-r01,2026-09-11T12:44:09.026387771Z,136000.885,none,false,0,0,0,0,0,2721,206,136,0,0,70,0,16
calib-d-faults,bounded-wait-slow-original-r01,2026-09-11T12:44:10.02646308Z,137000.960,none,false,0,0,0,0,0,2741,208,138,0,0,70,0,16
calib-d-faults,bounded-wait-slow-original-r01,2026-09-11T12:44:11.025987583Z,138000.484,none,false,0,0,0,0,0,2761,209,139,0,0,70,0,16
calib-d-faults,bounded-wait-slow-original-r01,2026-09-11T12:44:12.025871044Z,139000.368,none,false,0,0,0,0,0,2781,211,141,0,0,70,0,16
calib-d-faults,bounded-wait-slow-original-r01,2026-09-11T12:44:13.025763864Z,140000.261,none,false,0,0,0,0,0,2801,212,142,0,0,70,0,16
calib-d-faults,bounded-wait-slow-original-r01,2026-09-11T12:44:14.026440203Z,141000.937,none,false,0,0,0,0,0,2821,214,144,0,0,70,0,16
calib-d-faults,bounded-wait-slow-original-r01,2026-09-11T12:44:15.025741311Z,142000.238,none,false,0,0,0,0,0,2841,215,145,0,0,70,0,16
calib-d-faults,bounded-wait-slow-original-r01,2026-09-11T12:44:16.025899647Z,143000.396,none,false,0,0,0,0,0,2861,217,147,0,0,70,0,16
calib-d-faults,bounded-wait-slow-original-r01,2026-09-11T12:44:17.026755147Z,144001.252,none,false,0,0,0,0,0,2881,218,148,0,0,70,0,16
calib-d-faults,bounded-wait-slow-original-r01,2026-09-11T12:44:18.025933744Z,145000.431,none,false,0,0,0,0,0,2901,220,150,0,0,70,0,16
calib-d-faults,bounded-wait-slow-original-r01,2026-09-11T12:44:19.026148732Z,146000.646,none,false,0,0,0,0,0,2921,221,151,0,0,70,0,16
calib-d-faults,bounded-wait-slow-original-r01,2026-09-11T12:44:20.026051991Z,147000.549,none,false,0,0,0,0,0,2941,223,153,0,0,70,0,16
calib-d-faults,bounded-wait-slow-original-r01,2026-09-11T12:44:21.026453766Z,148000.951,none,false,0,0,0,0,0,2961,224,154,0,0,70,0,16
calib-d-faults,bounded-wait-slow-original-r01,2026-09-11T12:44:25.343342592Z,149000.219,none,false,0,0,0,0,0,2981,226,156,0,0,70,0,16
calib-d-faults,bounded-wait-slow-original-r01,2026-09-11T12:44:26.344046514Z,150000.923,none,false,0,0,0,0,0,3001,227,157,0,0,70,0,16
calib-d-faults,bounded-wait-slow-original-r01,2026-09-11T12:44:26.344076067Z,150000.953,none,false,0,0,0,0,0,3001,227,157,0,0,70,0,16
calib-d-faults,kill-switch-slow-original-r01,2026-09-11T12:44:27.416207784Z,0.031,none,false,0,0,0,0,0,4,4,4,0,0,0,0,0
calib-d-faults,kill-switch-slow-original-r01,2026-09-11T12:44:28.41732367Z,1001.146,none,false,0,0,0,0,0,23,4,4,0,0,0,0,0
calib-d-faults,kill-switch-slow-original-r01,2026-09-11T12:44:29.416296927Z,2000.120,none,false,0,0,0,0,0,43,5,5,0,0,0,0,0
calib-d-faults,kill-switch-slow-original-r01,2026-09-11T12:44:30.417416981Z,3001.240,none,false,0,0,0,0,0,63,7,7,0,0,0,0,0
calib-d-faults,kill-switch-slow-original-r01,2026-09-11T12:44:31.416393709Z,4000.216,none,false,0,0,0,0,0,83,8,8,0,0,0,0,0
calib-d-faults,kill-switch-slow-original-r01,2026-09-11T12:44:32.417287668Z,5001.110,none,false,0,0,0,0,0,103,10,10,0,0,0,0,0
calib-d-faults,kill-switch-slow-original-r01,2026-09-11T12:44:33.417173445Z,6000.996,none,false,0,0,0,0,0,123,11,11,0,0,0,0,0
calib-d-faults,kill-switch-slow-original-r01,2026-09-11T12:44:34.417339545Z,7001.162,none,false,0,0,0,0,0,143,13,13,0,0,0,0,0
calib-d-faults,kill-switch-slow-original-r01,2026-09-11T12:44:35.416432425Z,8000.255,none,false,0,0,0,0,0,163,14,14,0,0,0,0,0
calib-d-faults,kill-switch-slow-original-r01,2026-09-11T12:44:36.416792125Z,9000.615,none,false,0,0,0,0,0,183,16,16,0,0,0,0,0
calib-d-faults,kill-switch-slow-original-r01,2026-09-11T12:44:37.416525566Z,10000.348,none,false,0,0,0,0,0,203,17,17,0,0,0,0,0
calib-d-faults,kill-switch-slow-original-r01,2026-09-11T12:44:38.416688898Z,11000.512,none,false,0,0,0,0,0,223,19,19,0,0,0,0,0
calib-d-faults,kill-switch-slow-original-r01,2026-09-11T12:44:39.416397167Z,12000.220,none,false,0,0,0,0,0,243,20,20,0,0,0,0,0
calib-d-faults,kill-switch-slow-original-r01,2026-09-11T12:44:40.416921924Z,13000.745,none,false,0,0,0,0,0,263,22,22,0,0,0,0,0
calib-d-faults,kill-switch-slow-original-r01,2026-09-11T12:44:41.416941435Z,14000.764,none,false,0,0,0,0,0,283,23,23,0,0,0,0,0
calib-d-faults,kill-switch-slow-original-r01,2026-09-11T12:44:42.416683852Z,15000.507,none,false,0,0,0,0,0,303,25,25,0,0,0,0,0
calib-d-faults,kill-switch-slow-original-r01,2026-09-11T12:44:43.416317756Z,16000.141,none,false,0,0,0,0,0,323,26,26,0,0,0,0,0
calib-d-faults,kill-switch-slow-original-r01,2026-09-11T12:44:44.416687467Z,17000.510,none,false,0,0,0,0,0,343,28,28,0,0,0,0,0
calib-d-faults,kill-switch-slow-original-r01,2026-09-11T12:44:45.417489237Z,18001.312,none,false,0,0,0,0,0,363,29,29,0,0,0,0,0
calib-d-faults,kill-switch-slow-original-r01,2026-09-11T12:44:46.416633233Z,19000.456,none,false,0,0,0,0,0,383,31,31,0,0,0,0,0
calib-d-faults,kill-switch-slow-original-r01,2026-09-11T12:44:47.416256869Z,20000.080,none,false,0,0,0,0,0,403,32,32,0,0,0,0,0
calib-d-faults,kill-switch-slow-original-r01,2026-09-11T12:44:48.416412049Z,21000.235,none,false,0,0,0,0,0,423,34,34,0,0,0,0,0
calib-d-faults,kill-switch-slow-original-r01,2026-09-11T12:44:49.416427778Z,22000.251,none,false,0,0,0,0,0,443,35,35,0,0,0,0,0
calib-d-faults,kill-switch-slow-original-r01,2026-09-11T12:44:50.416625153Z,23000.448,none,false,0,0,0,0,0,463,37,37,0,0,0,0,0
calib-d-faults,kill-switch-slow-original-r01,2026-09-11T12:44:51.416773416Z,24000.596,none,false,0,0,0,0,0,483,38,38,0,0,0,0,0
calib-d-faults,kill-switch-slow-original-r01,2026-09-11T12:44:52.417228166Z,25001.051,none,false,0,0,0,0,0,503,40,40,0,0,0,0,0
calib-d-faults,kill-switch-slow-original-r01,2026-09-11T12:44:53.417198397Z,26001.021,none,false,0,0,1,0,0,523,42,41,0,0,0,0,0
calib-d-faults,kill-switch-slow-original-r01,2026-09-11T12:44:54.416838796Z,27000.662,none,false,0,0,0,0,0,543,43,43,0,0,0,0,0
calib-d-faults,kill-switch-slow-original-r01,2026-09-11T12:44:58.765990828Z,28000.123,none,false,0,0,0,0,0,563,44,44,0,0,0,0,0
calib-d-faults,kill-switch-slow-original-r01,2026-09-11T12:44:59.76631347Z,29000.446,none,false,0,0,0,0,0,583,46,46,0,0,0,0,0
calib-d-faults,kill-switch-slow-original-r01,2026-09-11T12:45:00.76596986Z,30000.102,slow-original,false,0,0,0,0,0,603,47,47,0,0,0,0,0
calib-d-faults,kill-switch-slow-original-r01,2026-09-11T12:45:01.766807833Z,31000.940,slow-original,false,0,0,1,0,0,623,49,48,0,0,0,0,1
calib-d-faults,kill-switch-slow-original-r01,2026-09-11T12:45:02.766526261Z,32000.659,slow-original,false,0,0,2,0,0,643,50,48,0,0,0,0,2
calib-d-faults,kill-switch-slow-original-r01,2026-09-11T12:45:03.766158106Z,33000.291,slow-original,false,0,0,3,0,0,663,52,49,0,0,0,0,3
calib-d-faults,kill-switch-slow-original-r01,2026-09-11T12:45:04.766323382Z,34000.456,slow-original,false,0,0,4,0,0,683,53,49,0,0,0,0,4
calib-d-faults,kill-switch-slow-original-r01,2026-09-11T12:45:05.76620429Z,35000.337,slow-original,false,0,0,5,0,0,703,55,50,0,0,0,0,5
calib-d-faults,kill-switch-slow-original-r01,2026-09-11T12:45:06.766467429Z,36000.600,slow-original,false,0,0,6,0,0,723,56,50,0,0,0,0,6
calib-d-faults,kill-switch-slow-original-r01,2026-09-11T12:45:07.766856034Z,37000.988,slow-original,false,0,0,7,0,0,743,58,51,0,0,0,0,7
calib-d-faults,kill-switch-slow-original-r01,2026-09-11T12:45:08.766646585Z,38000.779,slow-original,false,0,0,8,0,0,763,59,51,0,0,0,0,8
calib-d-faults,kill-switch-slow-original-r01,2026-09-11T12:45:09.766386478Z,39000.519,slow-original,false,0,0,9,0,0,783,61,52,0,0,0,0,9
calib-d-faults,kill-switch-slow-original-r01,2026-09-11T12:45:10.766778061Z,40000.911,slow-original,false,0,0,10,0,0,803,62,52,0,0,0,0,10
calib-d-faults,kill-switch-slow-original-r01,2026-09-11T12:45:11.766909152Z,41001.042,slow-original,false,0,0,11,0,0,823,64,53,0,0,0,0,11
calib-d-faults,kill-switch-slow-original-r01,2026-09-11T12:45:12.766506494Z,42000.639,slow-original,false,0,0,12,0,0,843,65,53,0,0,0,0,12
calib-d-faults,kill-switch-slow-original-r01,2026-09-11T12:45:13.766292766Z,43000.425,slow-original,false,0,0,13,0,0,863,67,54,0,0,0,0,13
calib-d-faults,kill-switch-slow-original-r01,2026-09-11T12:45:14.76681642Z,44000.949,slow-original,false,0,0,14,0,0,883,68,54,0,0,0,0,14
calib-d-faults,kill-switch-slow-original-r01,2026-09-11T12:45:15.766821835Z,45000.954,slow-original,false,0,0,15,0,0,903,70,55,0,0,0,0,15
calib-d-faults,kill-switch-slow-original-r01,2026-09-11T12:45:16.767248125Z,46001.381,slow-original,false,0,0,16,0,0,923,72,56,0,0,0,0,16
calib-d-faults,kill-switch-slow-original-r01,2026-09-11T12:45:17.766128232Z,47000.261,slow-original,false,0,0,15,0,0,943,73,58,0,0,0,0,17
calib-d-faults,kill-switch-slow-original-r01,2026-09-11T12:45:18.76682414Z,48000.957,slow-original,false,0,0,15,0,0,963,74,59,0,0,0,0,18
calib-d-faults,kill-switch-slow-original-r01,2026-09-11T12:45:19.766260817Z,49000.393,slow-original,false,0,0,15,0,0,983,76,61,0,0,0,0,19
calib-d-faults,kill-switch-slow-original-r01,2026-09-11T12:45:20.76593583Z,50000.068,slow-original,false,0,0,15,0,0,1003,77,62,0,0,0,0,20
calib-d-faults,kill-switch-slow-original-r01,2026-09-11T12:45:21.765945906Z,51000.078,slow-original,true,0,0,14,0,0,1023,79,63,0,0,0,2,20
calib-d-faults,kill-switch-slow-original-r01,2026-09-11T12:45:22.766220783Z,52000.353,slow-original,true,0,0,13,0,0,1043,80,64,0,0,0,3,20
calib-d-faults,kill-switch-slow-original-r01,2026-09-11T12:45:23.766338272Z,53000.471,slow-original,true,0,0,12,0,0,1063,82,65,0,0,0,5,20
calib-d-faults,kill-switch-slow-original-r01,2026-09-11T12:45:24.767577509Z,54001.710,slow-original,true,0,0,11,0,0,1084,85,66,0,0,0,8,20
calib-d-faults,kill-switch-slow-original-r01,2026-09-11T12:45:25.766574392Z,55000.707,slow-original,true,0,0,10,0,0,1103,85,67,0,0,0,8,20
calib-d-faults,kill-switch-slow-original-r01,2026-09-11T12:45:26.766126477Z,56000.259,slow-original,true,0,0,9,0,0,1123,86,68,0,0,0,9,20
calib-d-faults,kill-switch-slow-original-r01,2026-09-11T12:45:27.766095976Z,57000.228,slow-original,true,0,0,8,0,0,1143,88,69,0,0,0,11,20
calib-d-faults,kill-switch-slow-original-r01,2026-09-11T12:45:32.08516096Z,58000.644,slow-original,true,0,0,7,0,0,1163,89,70,0,0,0,12,20
calib-d-faults,kill-switch-slow-original-r01,2026-09-11T12:45:33.085116301Z,59000.599,slow-original,true,0,0,6,0,0,1183,91,71,0,0,0,14,20
calib-d-faults,kill-switch-slow-original-r01,2026-09-11T12:45:34.085160258Z,60000.643,slow-original,true,0,0,5,0,0,1203,92,72,0,0,0,15,20
calib-d-faults,kill-switch-slow-original-r01,2026-09-11T12:45:35.085541881Z,61001.025,slow-original,true,0,0,4,0,0,1223,94,73,0,0,0,17,20
calib-d-faults,kill-switch-slow-original-r01,2026-09-11T12:45:36.085963089Z,62001.446,slow-original,true,0,0,3,0,0,1244,97,74,0,0,0,20,20
calib-d-faults,kill-switch-slow-original-r01,2026-09-11T12:45:37.085167967Z,63000.651,slow-original,true,0,0,2,0,0,1263,97,75,0,0,0,20,20
calib-d-faults,kill-switch-slow-original-r01,2026-09-11T12:45:38.085626265Z,64001.109,slow-original,true,0,0,1,0,0,1283,98,76,0,0,0,21,20
calib-d-faults,kill-switch-slow-original-r01,2026-09-11T12:45:39.085461221Z,65000.944,slow-original,true,0,0,0,0,0,1303,100,77,0,0,0,23,20
calib-d-faults,kill-switch-slow-original-r01,2026-09-11T12:45:40.085510735Z,66000.994,slow-original,true,0,0,0,0,0,1323,101,77,0,0,0,24,20
calib-d-faults,kill-switch-slow-original-r01,2026-09-11T12:45:41.084847569Z,67000.331,slow-original,true,0,0,0,0,0,1343,103,77,0,0,0,26,20
calib-d-faults,kill-switch-slow-original-r01,2026-09-11T12:45:42.085734305Z,68001.217,slow-original,true,0,0,0,0,0,1363,104,77,0,0,0,27,20
calib-d-faults,kill-switch-slow-original-r01,2026-09-11T12:45:43.085465035Z,69000.948,slow-original,true,0,0,0,0,0,1383,106,77,0,0,0,29,20
calib-d-faults,kill-switch-slow-original-r01,2026-09-11T12:45:44.084861895Z,70000.345,slow-original,true,0,0,0,0,0,1403,107,77,0,0,0,30,20
calib-d-faults,kill-switch-slow-original-r01,2026-09-11T12:45:45.084868444Z,71000.351,slow-original,true,0,0,0,0,0,1423,109,77,0,0,0,32,20
calib-d-faults,kill-switch-slow-original-r01,2026-09-11T12:45:46.085192041Z,72000.675,slow-original,true,0,0,0,0,0,1443,110,77,0,0,0,33,20
calib-d-faults,kill-switch-slow-original-r01,2026-09-11T12:45:47.085294344Z,73000.777,slow-original,true,0,0,0,0,0,1463,113,77,0,0,0,36,20
calib-d-faults,kill-switch-slow-original-r01,2026-09-11T12:45:48.085230934Z,74000.714,slow-original,true,0,0,0,0,0,1483,113,77,0,0,0,36,20
calib-d-faults,kill-switch-slow-original-r01,2026-09-11T12:45:49.085034265Z,75000.517,slow-original,true,0,0,0,0,0,1503,115,77,0,0,0,38,20
calib-d-faults,kill-switch-slow-original-r01,2026-09-11T12:45:50.085179765Z,76000.663,slow-original,true,0,0,0,0,0,1523,116,77,0,0,0,39,20
calib-d-faults,kill-switch-slow-original-r01,2026-09-11T12:45:51.084787061Z,77000.270,slow-original,true,0,0,0,0,0,1543,119,77,0,0,0,42,20
calib-d-faults,kill-switch-slow-original-r01,2026-09-11T12:45:52.085138196Z,78000.621,slow-original,true,0,0,0,0,0,1563,119,77,0,0,0,42,20
calib-d-faults,kill-switch-slow-original-r01,2026-09-11T12:45:53.085264691Z,79000.748,slow-original,true,0,0,0,0,0,1583,121,77,0,0,0,44,20
calib-d-faults,kill-switch-slow-original-r01,2026-09-11T12:45:54.084907721Z,80000.391,slow-original,true,0,0,0,0,0,1603,122,77,0,0,0,45,20
calib-d-faults,kill-switch-slow-original-r01,2026-09-11T12:45:55.0853141Z,81000.797,slow-original,true,0,0,0,0,0,1623,124,77,0,0,0,47,20
calib-d-faults,kill-switch-slow-original-r01,2026-09-11T12:45:56.084946092Z,82000.429,slow-original,true,0,0,0,0,0,1643,125,77,0,0,0,48,20
calib-d-faults,kill-switch-slow-original-r01,2026-09-11T12:45:57.085148809Z,83000.632,slow-original,true,0,0,0,0,0,1663,128,77,0,0,0,51,20
calib-d-faults,kill-switch-slow-original-r01,2026-09-11T12:45:58.085146236Z,84000.629,slow-original,true,0,0,0,0,0,1683,128,77,0,0,0,51,20
calib-d-faults,kill-switch-slow-original-r01,2026-09-11T12:45:59.085577227Z,85001.060,slow-original,true,0,0,0,0,0,1703,130,77,0,0,0,53,20
calib-d-faults,kill-switch-slow-original-r01,2026-09-11T12:46:00.085666346Z,86001.149,slow-original,true,0,0,0,0,0,1723,131,77,0,0,0,54,20
calib-d-faults,kill-switch-slow-original-r01,2026-09-11T12:46:01.085389758Z,87000.873,slow-original,true,0,0,0,0,0,1743,133,77,0,0,0,56,20
calib-d-faults,kill-switch-slow-original-r01,2026-09-11T12:46:05.422089644Z,88001.113,slow-original,true,0,0,0,0,0,1763,134,77,0,0,0,57,20
calib-d-faults,kill-switch-slow-original-r01,2026-09-11T12:46:06.421827173Z,89000.850,slow-original,true,0,0,0,0,0,1783,136,77,0,0,0,59,20
calib-d-faults,kill-switch-slow-original-r01,2026-09-11T12:46:07.422162444Z,90001.185,none,true,0,0,0,0,0,1803,137,77,0,0,0,60,20
calib-d-faults,kill-switch-slow-original-r01,2026-09-11T12:46:08.422199306Z,91001.222,none,true,0,0,0,0,0,1823,139,77,0,0,0,62,20
calib-d-faults,kill-switch-slow-original-r01,2026-09-11T12:46:09.421590272Z,92000.613,none,true,0,0,0,0,0,1843,140,77,0,0,0,63,20
calib-d-faults,kill-switch-slow-original-r01,2026-09-11T12:46:10.421651211Z,93000.674,none,true,0,0,0,0,0,1863,142,77,0,0,0,65,20
calib-d-faults,kill-switch-slow-original-r01,2026-09-11T12:46:11.421778863Z,94000.802,none,true,0,0,0,0,0,1883,143,77,0,0,0,66,20
calib-d-faults,kill-switch-slow-original-r01,2026-09-11T12:46:12.421343027Z,95000.366,none,true,0,0,0,0,0,1903,145,77,0,0,0,68,20
calib-d-faults,kill-switch-slow-original-r01,2026-09-11T12:46:13.421242755Z,96000.266,none,true,0,0,0,0,0,1923,146,77,0,0,0,69,20
calib-d-faults,kill-switch-slow-original-r01,2026-09-11T12:46:14.421271144Z,97000.294,none,true,0,0,0,0,0,1943,148,77,0,0,0,71,20
calib-d-faults,kill-switch-slow-original-r01,2026-09-11T12:46:15.421581104Z,98000.604,none,true,0,0,0,0,0,1963,150,77,0,0,0,73,20
calib-d-faults,kill-switch-slow-original-r01,2026-09-11T12:46:16.421508892Z,99000.532,none,true,0,0,0,0,0,1983,151,77,0,0,0,74,20
calib-d-faults,kill-switch-slow-original-r01,2026-09-11T12:46:17.421042941Z,100000.066,none,true,0,0,0,0,0,2003,152,77,0,0,0,75,20
calib-d-faults,kill-switch-slow-original-r01,2026-09-11T12:46:18.421513551Z,101000.537,none,false,0,0,0,0,0,2023,154,79,0,0,0,75,20
calib-d-faults,kill-switch-slow-original-r01,2026-09-11T12:46:19.422129798Z,102001.153,none,false,0,0,0,0,0,2043,155,80,0,0,0,75,20
calib-d-faults,kill-switch-slow-original-r01,2026-09-11T12:46:20.421886519Z,103000.909,none,false,0,0,0,0,0,2063,157,82,0,0,0,75,20
calib-d-faults,kill-switch-slow-original-r01,2026-09-11T12:46:21.421704125Z,104000.727,none,false,0,0,0,0,0,2083,158,83,0,0,0,75,20
calib-d-faults,kill-switch-slow-original-r01,2026-09-11T12:46:22.421681763Z,105000.705,none,false,0,0,0,0,0,2103,160,85,0,0,0,75,20
calib-d-faults,kill-switch-slow-original-r01,2026-09-11T12:46:23.421519289Z,106000.542,none,false,0,0,0,0,0,2123,161,86,0,0,0,75,20
calib-d-faults,kill-switch-slow-original-r01,2026-09-11T12:46:24.421946183Z,107000.969,none,false,0,0,0,0,0,2143,163,88,0,0,0,75,20
calib-d-faults,kill-switch-slow-original-r01,2026-09-11T12:46:25.421664698Z,108000.688,none,false,0,0,0,0,0,2163,164,89,0,0,0,75,20
calib-d-faults,kill-switch-slow-original-r01,2026-09-11T12:46:26.42181705Z,109000.840,none,false,0,0,0,0,0,2183,166,91,0,0,0,75,20
calib-d-faults,kill-switch-slow-original-r01,2026-09-11T12:46:27.421397708Z,110000.421,none,false,0,0,0,0,0,2203,167,92,0,0,0,75,20
calib-d-faults,kill-switch-slow-original-r01,2026-09-11T12:46:28.421601593Z,111000.625,none,false,0,0,0,0,0,2223,169,94,0,0,0,75,20
calib-d-faults,kill-switch-slow-original-r01,2026-09-11T12:46:29.422044374Z,112001.067,none,false,0,0,0,0,0,2243,170,95,0,0,0,75,20
calib-d-faults,kill-switch-slow-original-r01,2026-09-11T12:46:30.421826658Z,113000.850,none,false,0,0,0,0,0,2263,172,97,0,0,0,75,20
calib-d-faults,kill-switch-slow-original-r01,2026-09-11T12:46:31.421354881Z,114000.378,none,false,0,0,0,0,0,2283,173,98,0,0,0,75,20
calib-d-faults,kill-switch-slow-original-r01,2026-09-11T12:46:32.421366259Z,115000.389,none,false,0,0,0,0,0,2303,175,100,0,0,0,75,20
calib-d-faults,kill-switch-slow-original-r01,2026-09-11T12:46:33.42191756Z,116000.941,none,false,0,0,0,0,0,2323,176,101,0,0,0,75,20
calib-d-faults,kill-switch-slow-original-r01,2026-09-11T12:46:34.421726084Z,117000.749,none,false,0,0,0,0,0,2343,178,103,0,0,0,75,20
calib-d-faults,kill-switch-slow-original-r01,2026-09-11T12:46:38.754373104Z,118000.271,none,false,0,0,0,0,0,2363,179,104,0,0,0,75,20
calib-d-faults,kill-switch-slow-original-r01,2026-09-11T12:46:39.755084241Z,119000.982,none,false,0,0,0,0,0,2383,181,106,0,0,0,75,20
calib-d-faults,kill-switch-slow-original-r01,2026-09-11T12:46:40.75445418Z,120000.352,none,false,0,0,0,0,0,2403,182,107,0,0,0,75,20
calib-d-faults,kill-switch-slow-original-r01,2026-09-11T12:46:41.755007923Z,121000.905,none,false,0,0,0,0,0,2423,184,109,0,0,0,75,20
calib-d-faults,kill-switch-slow-original-r01,2026-09-11T12:46:42.754456742Z,122000.354,none,false,0,0,0,0,0,2443,185,110,0,0,0,75,20
calib-d-faults,kill-switch-slow-original-r01,2026-09-11T12:46:43.754442248Z,123000.340,none,false,0,0,0,0,0,2463,187,112,0,0,0,75,20
calib-d-faults,kill-switch-slow-original-r01,2026-09-11T12:46:44.75490365Z,124000.801,none,false,0,0,0,0,0,2483,188,113,0,0,0,75,20
calib-d-faults,kill-switch-slow-original-r01,2026-09-11T12:46:45.754421539Z,125000.319,none,false,0,0,0,0,0,2503,190,115,0,0,0,75,20
calib-d-faults,kill-switch-slow-original-r01,2026-09-11T12:46:46.754788575Z,126000.686,none,false,0,0,0,0,0,2523,191,116,0,0,0,75,20
calib-d-faults,kill-switch-slow-original-r01,2026-09-11T12:46:47.754728307Z,127000.626,none,false,0,0,0,0,0,2543,193,118,0,0,0,75,20
calib-d-faults,kill-switch-slow-original-r01,2026-09-11T12:46:48.754500577Z,128000.398,none,false,0,0,0,0,0,2563,194,119,0,0,0,75,20
calib-d-faults,kill-switch-slow-original-r01,2026-09-11T12:46:49.755077463Z,129000.975,none,false,0,0,0,0,0,2583,196,121,0,0,0,75,20
calib-d-faults,kill-switch-slow-original-r01,2026-09-11T12:46:50.754760227Z,130000.658,none,false,0,0,0,0,0,2603,197,122,0,0,0,75,20
calib-d-faults,kill-switch-slow-original-r01,2026-09-11T12:46:51.754433579Z,131000.331,none,false,0,0,0,0,0,2623,199,124,0,0,0,75,20
calib-d-faults,kill-switch-slow-original-r01,2026-09-11T12:46:52.754610349Z,132000.508,none,false,0,0,0,0,0,2643,200,125,0,0,0,75,20
calib-d-faults,kill-switch-slow-original-r01,2026-09-11T12:46:53.755119382Z,133001.017,none,false,0,0,0,0,0,2663,202,127,0,0,0,75,20
calib-d-faults,kill-switch-slow-original-r01,2026-09-11T12:46:54.754795811Z,134000.693,none,false,0,0,0,0,0,2683,203,128,0,0,0,75,20
calib-d-faults,kill-switch-slow-original-r01,2026-09-11T12:46:55.7548721Z,135000.770,none,false,0,0,0,0,0,2703,205,130,0,0,0,75,20
calib-d-faults,kill-switch-slow-original-r01,2026-09-11T12:46:56.754183216Z,136000.081,none,false,0,0,0,0,0,2723,206,131,0,0,0,75,20
calib-d-faults,kill-switch-slow-original-r01,2026-09-11T12:46:57.755063088Z,137000.961,none,false,0,0,0,0,0,2743,208,133,0,0,0,75,20
calib-d-faults,kill-switch-slow-original-r01,2026-09-11T12:46:58.75452367Z,138000.421,none,false,0,0,0,0,0,2763,209,134,0,0,0,75,20
calib-d-faults,kill-switch-slow-original-r01,2026-09-11T12:46:59.755040888Z,139000.938,none,false,0,0,0,0,0,2783,211,136,0,0,0,75,20
calib-d-faults,kill-switch-slow-original-r01,2026-09-11T12:47:00.755270426Z,140001.168,none,false,0,0,0,0,0,2803,212,137,0,0,0,75,20
calib-d-faults,kill-switch-slow-original-r01,2026-09-11T12:47:01.754404413Z,141000.302,none,false,0,0,0,0,0,2823,214,139,0,0,0,75,20
calib-d-faults,kill-switch-slow-original-r01,2026-09-11T12:47:02.754975212Z,142000.873,none,false,0,0,0,0,0,2843,215,140,0,0,0,75,20
calib-d-faults,kill-switch-slow-original-r01,2026-09-11T12:47:03.754544978Z,143000.442,none,false,0,0,0,0,0,2863,217,142,0,0,0,75,20
calib-d-faults,kill-switch-slow-original-r01,2026-09-11T12:47:04.754868785Z,144000.766,none,false,0,0,0,0,0,2883,218,143,0,0,0,75,20
calib-d-faults,kill-switch-slow-original-r01,2026-09-11T12:47:05.754970936Z,145000.868,none,false,0,0,0,0,0,2903,220,145,0,0,0,75,20
calib-d-faults,kill-switch-slow-original-r01,2026-09-11T12:47:06.754442378Z,146000.340,none,false,0,0,0,0,0,2923,221,146,0,0,0,75,20
calib-d-faults,kill-switch-slow-original-r01,2026-09-11T12:47:07.754836737Z,147000.734,none,false,0,0,0,0,0,2943,223,148,0,0,0,75,20
calib-d-faults,kill-switch-slow-original-r01,2026-09-11T12:47:12.091075989Z,148000.371,none,false,0,0,0,0,0,2963,224,149,0,0,0,75,20
calib-d-faults,kill-switch-slow-original-r01,2026-09-11T12:47:13.09131508Z,149000.610,none,false,0,0,0,0,0,2983,226,151,0,0,0,75,20
calib-d-faults,kill-switch-slow-original-r01,2026-09-11T12:47:14.091465872Z,150000.761,none,false,0,0,0,0,0,3003,227,152,0,0,0,75,20
calib-d-faults,kill-switch-slow-original-r01,2026-09-11T12:47:14.091481267Z,150000.776,none,false,0,0,0,0,0,3003,227,152,0,0,0,75,20
