run_id,trial_id,scenario,actor,task_id,operation,result,requests,bytes
retained-ad80a58dee07,retained-ad80a58dee07-S4-AWS-1-CONTROL-r01,S4-AWS-1-CONTROL,media-service,19c7928974ed4166b254fcce1564422a,derivative_get,hit,0,0
retained-ad80a58dee07,retained-ad80a58dee07-S4-AWS-1-CONTROL-r01,S4-AWS-1-CONTROL,media-service,19c7928974ed4166b254fcce1564422a,derivative_get,miss,101,0
retained-ad80a58dee07,retained-ad80a58dee07-S4-AWS-1-CONTROL-r01,S4-AWS-1-CONTROL,media-service,19c7928974ed4166b254fcce1564422a,derivative_get,error,0,0
retained-ad80a58dee07,retained-ad80a58dee07-S4-AWS-1-CONTROL-r01,S4-AWS-1-CONTROL,media-service,19c7928974ed4166b254fcce1564422a,original_get,success,1,4075024
retained-ad80a58dee07,retained-ad80a58dee07-S4-AWS-1-CONTROL-r01,S4-AWS-1-CONTROL,media-service,19c7928974ed4166b254fcce1564422a,original_get,error,0,0
retained-ad80a58dee07,retained-ad80a58dee07-S4-AWS-1-CONTROL-r01,S4-AWS-1-CONTROL,media-service,19c7928974ed4166b254fcce1564422a,conditional_put,created,1,0
retained-ad80a58dee07,retained-ad80a58dee07-S4-AWS-1-CONTROL-r01,S4-AWS-1-CONTROL,media-service,19c7928974ed4166b254fcce1564422a,conditional_put,existing,0,0
retained-ad80a58dee07,retained-ad80a58dee07-S4-AWS-1-CONTROL-r01,S4-AWS-1-CONTROL,media-service,19c7928974ed4166b254fcce1564422a,conditional_put,conflict,0,0
retained-ad80a58dee07,retained-ad80a58dee07-S4-AWS-1-CONTROL-r01,S4-AWS-1-CONTROL,media-service,19c7928974ed4166b254fcce1564422a,conditional_put,error,0,0
retained-ad80a58dee07,retained-ad80a58dee07-S4-AWS-1-CONTROL-r01,S4-AWS-1-CONTROL,media-service,19c7928974ed4166b254fcce1564422a,conditional_put,attempt_bytes,0,67940
retained-ad80a58dee07,retained-ad80a58dee07-S4-AWS-1-CONTROL-r01,S4-AWS-1-CONTROL,load-generator,,delete_object,success,1,0
retained-ad80a58dee07,retained-ad80a58dee07-S4-AWS-1-CONTROL-r01,S4-AWS-1-CONTROL,load-generator,,head_object,missing,1,0
retained-ad80a58dee07,retained-ad80a58dee07-S4-AWS-1-CONTROL-r01,S4-AWS-1-CONTROL,load-generator,,get_object,success,1,67940
retained-ad80a58dee07,retained-ad80a58dee07-S4-AWS-2-r01,S4-AWS-2,media-service,02965b9adc1b4594a369a885d85b87a3,derivative_get,hit,0,0
retained-ad80a58dee07,retained-ad80a58dee07-S4-AWS-2-r01,S4-AWS-2,media-service,02965b9adc1b4594a369a885d85b87a3,derivative_get,miss,51,0
retained-ad80a58dee07,retained-ad80a58dee07-S4-AWS-2-r01,S4-AWS-2,media-service,02965b9adc1b4594a369a885d85b87a3,derivative_get,error,0,0
retained-ad80a58dee07,retained-ad80a58dee07-S4-AWS-2-r01,S4-AWS-2,media-service,02965b9adc1b4594a369a885d85b87a3,original_get,success,1,4075024
retained-ad80a58dee07,retained-ad80a58dee07-S4-AWS-2-r01,S4-AWS-2,media-service,02965b9adc1b4594a369a885d85b87a3,original_get,error,0,0
retained-ad80a58dee07,retained-ad80a58dee07-S4-AWS-2-r01,S4-AWS-2,media-service,02965b9adc1b4594a369a885d85b87a3,conditional_put,created,1,0
retained-ad80a58dee07,retained-ad80a58dee07-S4-AWS-2-r01,S4-AWS-2,media-service,02965b9adc1b4594a369a885d85b87a3,conditional_put,existing,0,0
retained-ad80a58dee07,retained-ad80a58dee07-S4-AWS-2-r01,S4-AWS-2,media-service,02965b9adc1b4594a369a885d85b87a3,conditional_put,conflict,0,0
retained-ad80a58dee07,retained-ad80a58dee07-S4-AWS-2-r01,S4-AWS-2,media-service,02965b9adc1b4594a369a885d85b87a3,conditional_put,error,0,0
retained-ad80a58dee07,retained-ad80a58dee07-S4-AWS-2-r01,S4-AWS-2,media-service,02965b9adc1b4594a369a885d85b87a3,conditional_put,attempt_bytes,0,67940
retained-ad80a58dee07,retained-ad80a58dee07-S4-AWS-2-r01,S4-AWS-2,media-service,ff455c38fa774b599d4847691b63c291,derivative_get,hit,1,67940
retained-ad80a58dee07,retained-ad80a58dee07-S4-AWS-2-r01,S4-AWS-2,media-service,ff455c38fa774b599d4847691b63c291,derivative_get,miss,51,0
retained-ad80a58dee07,retained-ad80a58dee07-S4-AWS-2-r01,S4-AWS-2,media-service,ff455c38fa774b599d4847691b63c291,derivative_get,error,0,0
retained-ad80a58dee07,retained-ad80a58dee07-S4-AWS-2-r01,S4-AWS-2,media-service,ff455c38fa774b599d4847691b63c291,original_get,success,1,4075024
retained-ad80a58dee07,retained-ad80a58dee07-S4-AWS-2-r01,S4-AWS-2,media-service,ff455c38fa774b599d4847691b63c291,original_get,error,0,0
retained-ad80a58dee07,retained-ad80a58dee07-S4-AWS-2-r01,S4-AWS-2,media-service,ff455c38fa774b599d4847691b63c291,conditional_put,created,0,0
retained-ad80a58dee07,retained-ad80a58dee07-S4-AWS-2-r01,S4-AWS-2,media-service,ff455c38fa774b599d4847691b63c291,conditional_put,existing,1,0
retained-ad80a58dee07,retained-ad80a58dee07-S4-AWS-2-r01,S4-AWS-2,media-service,ff455c38fa774b599d4847691b63c291,conditional_put,conflict,0,0
retained-ad80a58dee07,retained-ad80a58dee07-S4-AWS-2-r01,S4-AWS-2,media-service,ff455c38fa774b599d4847691b63c291,conditional_put,error,0,0
retained-ad80a58dee07,retained-ad80a58dee07-S4-AWS-2-r01,S4-AWS-2,media-service,ff455c38fa774b599d4847691b63c291,conditional_put,attempt_bytes,0,67940
retained-ad80a58dee07,retained-ad80a58dee07-S4-AWS-2-r01,S4-AWS-2,load-generator,,delete_object,success,1,0
retained-ad80a58dee07,retained-ad80a58dee07-S4-AWS-2-r01,S4-AWS-2,load-generator,,head_object,missing,1,0
retained-ad80a58dee07,retained-ad80a58dee07-S4-AWS-2-r01,S4-AWS-2,load-generator,,get_object,success,1,67940
retained-ad80a58dee07,retained-ad80a58dee07-S4-AWS-4-r01,S4-AWS-4,media-service,050220889959489bb6e4f9bfb1fc0f12,derivative_get,hit,1,67940
retained-ad80a58dee07,retained-ad80a58dee07-S4-AWS-4-r01,S4-AWS-4,media-service,050220889959489bb6e4f9bfb1fc0f12,derivative_get,miss,27,0
retained-ad80a58dee07,retained-ad80a58dee07-S4-AWS-4-r01,S4-AWS-4,media-service,050220889959489bb6e4f9bfb1fc0f12,derivative_get,error,0,0
retained-ad80a58dee07,retained-ad80a58dee07-S4-AWS-4-r01,S4-AWS-4,media-service,050220889959489bb6e4f9bfb1fc0f12,original_get,success,1,4075024
retained-ad80a58dee07,retained-ad80a58dee07-S4-AWS-4-r01,S4-AWS-4,media-service,050220889959489bb6e4f9bfb1fc0f12,original_get,error,0,0
retained-ad80a58dee07,retained-ad80a58dee07-S4-AWS-4-r01,S4-AWS-4,media-service,050220889959489bb6e4f9bfb1fc0f12,conditional_put,created,0,0
retained-ad80a58dee07,retained-ad80a58dee07-S4-AWS-4-r01,S4-AWS-4,media-service,050220889959489bb6e4f9bfb1fc0f12,conditional_put,existing,1,0
retained-ad80a58dee07,retained-ad80a58dee07-S4-AWS-4-r01,S4-AWS-4,media-service,050220889959489bb6e4f9bfb1fc0f12,conditional_put,conflict,0,0
retained-ad80a58dee07,retained-ad80a58dee07-S4-AWS-4-r01,S4-AWS-4,media-service,050220889959489bb6e4f9bfb1fc0f12,conditional_put,error,0,0
retained-ad80a58dee07,retained-ad80a58dee07-S4-AWS-4-r01,S4-AWS-4,media-service,050220889959489bb6e4f9bfb1fc0f12,conditional_put,attempt_bytes,0,67940
retained-ad80a58dee07,retained-ad80a58dee07-S4-AWS-4-r01,S4-AWS-4,media-service,7d2442d248464707a35dc83c0a8489f6,derivative_get,hit,0,0
retained-ad80a58dee07,retained-ad80a58dee07-S4-AWS-4-r01,S4-AWS-4,media-service,7d2442d248464707a35dc83c0a8489f6,derivative_get,miss,26,0
retained-ad80a58dee07,retained-ad80a58dee07-S4-AWS-4-r01,S4-AWS-4,media-service,7d2442d248464707a35dc83c0a8489f6,derivative_get,error,0,0
retained-ad80a58dee07,retained-ad80a58dee07-S4-AWS-4-r01,S4-AWS-4,media-service,7d2442d248464707a35dc83c0a8489f6,original_get,success,1,4075024
retained-ad80a58dee07,retained-ad80a58dee07-S4-AWS-4-r01,S4-AWS-4,media-service,7d2442d248464707a35dc83c0a8489f6,original_get,error,0,0
retained-ad80a58dee07,retained-ad80a58dee07-S4-AWS-4-r01,S4-AWS-4,media-service,7d2442d248464707a35dc83c0a8489f6,conditional_put,created,1,0
retained-ad80a58dee07,retained-ad80a58dee07-S4-AWS-4-r01,S4-AWS-4,media-service,7d2442d248464707a35dc83c0a8489f6,conditional_put,existing,0,0
retained-ad80a58dee07,retained-ad80a58dee07-S4-AWS-4-r01,S4-AWS-4,media-service,7d2442d248464707a35dc83c0a8489f6,conditional_put,conflict,0,0
retained-ad80a58dee07,retained-ad80a58dee07-S4-AWS-4-r01,S4-AWS-4,media-service,7d2442d248464707a35dc83c0a8489f6,conditional_put,error,0,0
retained-ad80a58dee07,retained-ad80a58dee07-S4-AWS-4-r01,S4-AWS-4,media-service,7d2442d248464707a35dc83c0a8489f6,conditional_put,attempt_bytes,0,67940
retained-ad80a58dee07,retained-ad80a58dee07-S4-AWS-4-r01,S4-AWS-4,media-service,b971842de91943808ec3bbb899e282d1,derivative_get,hit,1,67940
retained-ad80a58dee07,retained-ad80a58dee07-S4-AWS-4-r01,S4-AWS-4,media-service,b971842de91943808ec3bbb899e282d1,derivative_get,miss,25,0
retained-ad80a58dee07,retained-ad80a58dee07-S4-AWS-4-r01,S4-AWS-4,media-service,b971842de91943808ec3bbb899e282d1,derivative_get,error,0,0
retained-ad80a58dee07,retained-ad80a58dee07-S4-AWS-4-r01,S4-AWS-4,media-service,b971842de91943808ec3bbb899e282d1,original_get,success,1,4075024
retained-ad80a58dee07,retained-ad80a58dee07-S4-AWS-4-r01,S4-AWS-4,media-service,b971842de91943808ec3bbb899e282d1,original_get,error,0,0
retained-ad80a58dee07,retained-ad80a58dee07-S4-AWS-4-r01,S4-AWS-4,media-service,b971842de91943808ec3bbb899e282d1,conditional_put,created,0,0
retained-ad80a58dee07,retained-ad80a58dee07-S4-AWS-4-r01,S4-AWS-4,media-service,b971842de91943808ec3bbb899e282d1,conditional_put,existing,1,0
retained-ad80a58dee07,retained-ad80a58dee07-S4-AWS-4-r01,S4-AWS-4,media-service,b971842de91943808ec3bbb899e282d1,conditional_put,conflict,0,0
retained-ad80a58dee07,retained-ad80a58dee07-S4-AWS-4-r01,S4-AWS-4,media-service,b971842de91943808ec3bbb899e282d1,conditional_put,error,0,0
retained-ad80a58dee07,retained-ad80a58dee07-S4-AWS-4-r01,S4-AWS-4,media-service,b971842de91943808ec3bbb899e282d1,conditional_put,attempt_bytes,0,67940
retained-ad80a58dee07,retained-ad80a58dee07-S4-AWS-4-r01,S4-AWS-4,media-service,fdc782ff6e304ef5951f52985b40078d,derivative_get,hit,1,67940
retained-ad80a58dee07,retained-ad80a58dee07-S4-AWS-4-r01,S4-AWS-4,media-service,fdc782ff6e304ef5951f52985b40078d,derivative_get,miss,26,0
retained-ad80a58dee07,retained-ad80a58dee07-S4-AWS-4-r01,S4-AWS-4,media-service,fdc782ff6e304ef5951f52985b40078d,derivative_get,error,0,0
retained-ad80a58dee07,retained-ad80a58dee07-S4-AWS-4-r01,S4-AWS-4,media-service,fdc782ff6e304ef5951f52985b40078d,original_get,success,1,4075024
retained-ad80a58dee07,retained-ad80a58dee07-S4-AWS-4-r01,S4-AWS-4,media-service,fdc782ff6e304ef5951f52985b40078d,original_get,error,0,0
retained-ad80a58dee07,retained-ad80a58dee07-S4-AWS-4-r01,S4-AWS-4,media-service,fdc782ff6e304ef5951f52985b40078d,conditional_put,created,0,0
retained-ad80a58dee07,retained-ad80a58dee07-S4-AWS-4-r01,S4-AWS-4,media-service,fdc782ff6e304ef5951f52985b40078d,conditional_put,existing,1,0
retained-ad80a58dee07,retained-ad80a58dee07-S4-AWS-4-r01,S4-AWS-4,media-service,fdc782ff6e304ef5951f52985b40078d,conditional_put,conflict,0,0
retained-ad80a58dee07,retained-ad80a58dee07-S4-AWS-4-r01,S4-AWS-4,media-service,fdc782ff6e304ef5951f52985b40078d,conditional_put,error,0,0
retained-ad80a58dee07,retained-ad80a58dee07-S4-AWS-4-r01,S4-AWS-4,media-service,fdc782ff6e304ef5951f52985b40078d,conditional_put,attempt_bytes,0,67940
retained-ad80a58dee07,retained-ad80a58dee07-S4-AWS-4-r01,S4-AWS-4,load-generator,,delete_object,success,1,0
retained-ad80a58dee07,retained-ad80a58dee07-S4-AWS-4-r01,S4-AWS-4,load-generator,,head_object,missing,1,0
retained-ad80a58dee07,retained-ad80a58dee07-S4-AWS-4-r01,S4-AWS-4,load-generator,,get_object,success,1,67940
retained-ad80a58dee07,retained-ad80a58dee07-S4-AWS-4-r02,S4-AWS-4,media-service,050220889959489bb6e4f9bfb1fc0f12,derivative_get,hit,1,67940
retained-ad80a58dee07,retained-ad80a58dee07-S4-AWS-4-r02,S4-AWS-4,media-service,050220889959489bb6e4f9bfb1fc0f12,derivative_get,miss,26,0
retained-ad80a58dee07,retained-ad80a58dee07-S4-AWS-4-r02,S4-AWS-4,media-service,050220889959489bb6e4f9bfb1fc0f12,derivative_get,error,0,0
retained-ad80a58dee07,retained-ad80a58dee07-S4-AWS-4-r02,S4-AWS-4,media-service,050220889959489bb6e4f9bfb1fc0f12,original_get,success,1,4075024
retained-ad80a58dee07,retained-ad80a58dee07-S4-AWS-4-r02,S4-AWS-4,media-service,050220889959489bb6e4f9bfb1fc0f12,original_get,error,0,0
retained-ad80a58dee07,retained-ad80a58dee07-S4-AWS-4-r02,S4-AWS-4,media-service,050220889959489bb6e4f9bfb1fc0f12,conditional_put,created,0,0
retained-ad80a58dee07,retained-ad80a58dee07-S4-AWS-4-r02,S4-AWS-4,media-service,050220889959489bb6e4f9bfb1fc0f12,conditional_put,existing,1,0
retained-ad80a58dee07,retained-ad80a58dee07-S4-AWS-4-r02,S4-AWS-4,media-service,050220889959489bb6e4f9bfb1fc0f12,conditional_put,conflict,0,0
retained-ad80a58dee07,retained-ad80a58dee07-S4-AWS-4-r02,S4-AWS-4,media-service,050220889959489bb6e4f9bfb1fc0f12,conditional_put,error,0,0
retained-ad80a58dee07,retained-ad80a58dee07-S4-AWS-4-r02,S4-AWS-4,media-service,050220889959489bb6e4f9bfb1fc0f12,conditional_put,attempt_bytes,0,67940
retained-ad80a58dee07,retained-ad80a58dee07-S4-AWS-4-r02,S4-AWS-4,media-service,7d2442d248464707a35dc83c0a8489f6,derivative_get,hit,0,0
retained-ad80a58dee07,retained-ad80a58dee07-S4-AWS-4-r02,S4-AWS-4,media-service,7d2442d248464707a35dc83c0a8489f6,derivative_get,miss,27,0
retained-ad80a58dee07,retained-ad80a58dee07-S4-AWS-4-r02,S4-AWS-4,media-service,7d2442d248464707a35dc83c0a8489f6,derivative_get,error,0,0
retained-ad80a58dee07,retained-ad80a58dee07-S4-AWS-4-r02,S4-AWS-4,media-service,7d2442d248464707a35dc83c0a8489f6,original_get,success,1,4075024
retained-ad80a58dee07,retained-ad80a58dee07-S4-AWS-4-r02,S4-AWS-4,media-service,7d2442d248464707a35dc83c0a8489f6,original_get,error,0,0
retained-ad80a58dee07,retained-ad80a58dee07-S4-AWS-4-r02,S4-AWS-4,media-service,7d2442d248464707a35dc83c0a8489f6,conditional_put,created,1,0
retained-ad80a58dee07,retained-ad80a58dee07-S4-AWS-4-r02,S4-AWS-4,media-service,7d2442d248464707a35dc83c0a8489f6,conditional_put,existing,0,0
retained-ad80a58dee07,retained-ad80a58dee07-S4-AWS-4-r02,S4-AWS-4,media-service,7d2442d248464707a35dc83c0a8489f6,conditional_put,conflict,0,0
retained-ad80a58dee07,retained-ad80a58dee07-S4-AWS-4-r02,S4-AWS-4,media-service,7d2442d248464707a35dc83c0a8489f6,conditional_put,error,0,0
retained-ad80a58dee07,retained-ad80a58dee07-S4-AWS-4-r02,S4-AWS-4,media-service,7d2442d248464707a35dc83c0a8489f6,conditional_put,attempt_bytes,0,67940
retained-ad80a58dee07,retained-ad80a58dee07-S4-AWS-4-r02,S4-AWS-4,media-service,b971842de91943808ec3bbb899e282d1,derivative_get,hit,1,67940
retained-ad80a58dee07,retained-ad80a58dee07-S4-AWS-4-r02,S4-AWS-4,media-service,b971842de91943808ec3bbb899e282d1,derivative_get,miss,26,0
retained-ad80a58dee07,retained-ad80a58dee07-S4-AWS-4-r02,S4-AWS-4,media-service,b971842de91943808ec3bbb899e282d1,derivative_get,error,0,0
retained-ad80a58dee07,retained-ad80a58dee07-S4-AWS-4-r02,S4-AWS-4,media-service,b971842de91943808ec3bbb899e282d1,original_get,success,1,4075024
retained-ad80a58dee07,retained-ad80a58dee07-S4-AWS-4-r02,S4-AWS-4,media-service,b971842de91943808ec3bbb899e282d1,original_get,error,0,0
retained-ad80a58dee07,retained-ad80a58dee07-S4-AWS-4-r02,S4-AWS-4,media-service,b971842de91943808ec3bbb899e282d1,conditional_put,created,0,0
retained-ad80a58dee07,retained-ad80a58dee07-S4-AWS-4-r02,S4-AWS-4,media-service,b971842de91943808ec3bbb899e282d1,conditional_put,existing,1,0
retained-ad80a58dee07,retained-ad80a58dee07-S4-AWS-4-r02,S4-AWS-4,media-service,b971842de91943808ec3bbb899e282d1,conditional_put,conflict,0,0
retained-ad80a58dee07,retained-ad80a58dee07-S4-AWS-4-r02,S4-AWS-4,media-service,b971842de91943808ec3bbb899e282d1,conditional_put,error,0,0
retained-ad80a58dee07,retained-ad80a58dee07-S4-AWS-4-r02,S4-AWS-4,media-service,b971842de91943808ec3bbb899e282d1,conditional_put,attempt_bytes,0,67940
retained-ad80a58dee07,retained-ad80a58dee07-S4-AWS-4-r02,S4-AWS-4,media-service,fdc782ff6e304ef5951f52985b40078d,derivative_get,hit,1,67940
retained-ad80a58dee07,retained-ad80a58dee07-S4-AWS-4-r02,S4-AWS-4,media-service,fdc782ff6e304ef5951f52985b40078d,derivative_get,miss,25,0
retained-ad80a58dee07,retained-ad80a58dee07-S4-AWS-4-r02,S4-AWS-4,media-service,fdc782ff6e304ef5951f52985b40078d,derivative_get,error,0,0
retained-ad80a58dee07,retained-ad80a58dee07-S4-AWS-4-r02,S4-AWS-4,media-service,fdc782ff6e304ef5951f52985b40078d,original_get,success,1,4075024
retained-ad80a58dee07,retained-ad80a58dee07-S4-AWS-4-r02,S4-AWS-4,media-service,fdc782ff6e304ef5951f52985b40078d,original_get,error,0,0
retained-ad80a58dee07,retained-ad80a58dee07-S4-AWS-4-r02,S4-AWS-4,media-service,fdc782ff6e304ef5951f52985b40078d,conditional_put,created,0,0
retained-ad80a58dee07,retained-ad80a58dee07-S4-AWS-4-r02,S4-AWS-4,media-service,fdc782ff6e304ef5951f52985b40078d,conditional_put,existing,1,0
retained-ad80a58dee07,retained-ad80a58dee07-S4-AWS-4-r02,S4-AWS-4,media-service,fdc782ff6e304ef5951f52985b40078d,conditional_put,conflict,0,0
retained-ad80a58dee07,retained-ad80a58dee07-S4-AWS-4-r02,S4-AWS-4,media-service,fdc782ff6e304ef5951f52985b40078d,conditional_put,error,0,0
retained-ad80a58dee07,retained-ad80a58dee07-S4-AWS-4-r02,S4-AWS-4,media-service,fdc782ff6e304ef5951f52985b40078d,conditional_put,attempt_bytes,0,67940
retained-ad80a58dee07,retained-ad80a58dee07-S4-AWS-4-r02,S4-AWS-4,load-generator,,delete_object,success,1,0
retained-ad80a58dee07,retained-ad80a58dee07-S4-AWS-4-r02,S4-AWS-4,load-generator,,head_object,missing,1,0
retained-ad80a58dee07,retained-ad80a58dee07-S4-AWS-4-r02,S4-AWS-4,load-generator,,get_object,success,1,67940
retained-ad80a58dee07,retained-ad80a58dee07-S4-AWS-2-r02,S4-AWS-2,media-service,02965b9adc1b4594a369a885d85b87a3,derivative_get,hit,0,0
retained-ad80a58dee07,retained-ad80a58dee07-S4-AWS-2-r02,S4-AWS-2,media-service,02965b9adc1b4594a369a885d85b87a3,derivative_get,miss,50,0
retained-ad80a58dee07,retained-ad80a58dee07-S4-AWS-2-r02,S4-AWS-2,media-service,02965b9adc1b4594a369a885d85b87a3,derivative_get,error,0,0
retained-ad80a58dee07,retained-ad80a58dee07-S4-AWS-2-r02,S4-AWS-2,media-service,02965b9adc1b4594a369a885d85b87a3,original_get,success,1,4075024
retained-ad80a58dee07,retained-ad80a58dee07-S4-AWS-2-r02,S4-AWS-2,media-service,02965b9adc1b4594a369a885d85b87a3,original_get,error,0,0
retained-ad80a58dee07,retained-ad80a58dee07-S4-AWS-2-r02,S4-AWS-2,media-service,02965b9adc1b4594a369a885d85b87a3,conditional_put,created,1,0
retained-ad80a58dee07,retained-ad80a58dee07-S4-AWS-2-r02,S4-AWS-2,media-service,02965b9adc1b4594a369a885d85b87a3,conditional_put,existing,0,0
retained-ad80a58dee07,retained-ad80a58dee07-S4-AWS-2-r02,S4-AWS-2,media-service,02965b9adc1b4594a369a885d85b87a3,conditional_put,conflict,0,0
retained-ad80a58dee07,retained-ad80a58dee07-S4-AWS-2-r02,S4-AWS-2,media-service,02965b9adc1b4594a369a885d85b87a3,conditional_put,error,0,0
retained-ad80a58dee07,retained-ad80a58dee07-S4-AWS-2-r02,S4-AWS-2,media-service,02965b9adc1b4594a369a885d85b87a3,conditional_put,attempt_bytes,0,67940
retained-ad80a58dee07,retained-ad80a58dee07-S4-AWS-2-r02,S4-AWS-2,media-service,ff455c38fa774b599d4847691b63c291,derivative_get,hit,1,67940
retained-ad80a58dee07,retained-ad80a58dee07-S4-AWS-2-r02,S4-AWS-2,media-service,ff455c38fa774b599d4847691b63c291,derivative_get,miss,52,0
retained-ad80a58dee07,retained-ad80a58dee07-S4-AWS-2-r02,S4-AWS-2,media-service,ff455c38fa774b599d4847691b63c291,derivative_get,error,0,0
retained-ad80a58dee07,retained-ad80a58dee07-S4-AWS-2-r02,S4-AWS-2,media-service,ff455c38fa774b599d4847691b63c291,original_get,success,1,4075024
retained-ad80a58dee07,retained-ad80a58dee07-S4-AWS-2-r02,S4-AWS-2,media-service,ff455c38fa774b599d4847691b63c291,original_get,error,0,0
retained-ad80a58dee07,retained-ad80a58dee07-S4-AWS-2-r02,S4-AWS-2,media-service,ff455c38fa774b599d4847691b63c291,conditional_put,created,0,0
retained-ad80a58dee07,retained-ad80a58dee07-S4-AWS-2-r02,S4-AWS-2,media-service,ff455c38fa774b599d4847691b63c291,conditional_put,existing,1,0
retained-ad80a58dee07,retained-ad80a58dee07-S4-AWS-2-r02,S4-AWS-2,media-service,ff455c38fa774b599d4847691b63c291,conditional_put,conflict,0,0
retained-ad80a58dee07,retained-ad80a58dee07-S4-AWS-2-r02,S4-AWS-2,media-service,ff455c38fa774b599d4847691b63c291,conditional_put,error,0,0
retained-ad80a58dee07,retained-ad80a58dee07-S4-AWS-2-r02,S4-AWS-2,media-service,ff455c38fa774b599d4847691b63c291,conditional_put,attempt_bytes,0,67940
retained-ad80a58dee07,retained-ad80a58dee07-S4-AWS-2-r02,S4-AWS-2,load-generator,,delete_object,success,1,0
retained-ad80a58dee07,retained-ad80a58dee07-S4-AWS-2-r02,S4-AWS-2,load-generator,,head_object,missing,1,0
retained-ad80a58dee07,retained-ad80a58dee07-S4-AWS-2-r02,S4-AWS-2,load-generator,,get_object,success,1,67940
retained-ad80a58dee07,retained-ad80a58dee07-S4-AWS-1-CONTROL-r02,S4-AWS-1-CONTROL,media-service,19c7928974ed4166b254fcce1564422a,derivative_get,hit,0,0
retained-ad80a58dee07,retained-ad80a58dee07-S4-AWS-1-CONTROL-r02,S4-AWS-1-CONTROL,media-service,19c7928974ed4166b254fcce1564422a,derivative_get,miss,101,0
retained-ad80a58dee07,retained-ad80a58dee07-S4-AWS-1-CONTROL-r02,S4-AWS-1-CONTROL,media-service,19c7928974ed4166b254fcce1564422a,derivative_get,error,0,0
retained-ad80a58dee07,retained-ad80a58dee07-S4-AWS-1-CONTROL-r02,S4-AWS-1-CONTROL,media-service,19c7928974ed4166b254fcce1564422a,original_get,success,1,4075024
retained-ad80a58dee07,retained-ad80a58dee07-S4-AWS-1-CONTROL-r02,S4-AWS-1-CONTROL,media-service,19c7928974ed4166b254fcce1564422a,original_get,error,0,0
retained-ad80a58dee07,retained-ad80a58dee07-S4-AWS-1-CONTROL-r02,S4-AWS-1-CONTROL,media-service,19c7928974ed4166b254fcce1564422a,conditional_put,created,1,0
retained-ad80a58dee07,retained-ad80a58dee07-S4-AWS-1-CONTROL-r02,S4-AWS-1-CONTROL,media-service,19c7928974ed4166b254fcce1564422a,conditional_put,existing,0,0
retained-ad80a58dee07,retained-ad80a58dee07-S4-AWS-1-CONTROL-r02,S4-AWS-1-CONTROL,media-service,19c7928974ed4166b254fcce1564422a,conditional_put,conflict,0,0
retained-ad80a58dee07,retained-ad80a58dee07-S4-AWS-1-CONTROL-r02,S4-AWS-1-CONTROL,media-service,19c7928974ed4166b254fcce1564422a,conditional_put,error,0,0
retained-ad80a58dee07,retained-ad80a58dee07-S4-AWS-1-CONTROL-r02,S4-AWS-1-CONTROL,media-service,19c7928974ed4166b254fcce1564422a,conditional_put,attempt_bytes,0,67940
retained-ad80a58dee07,retained-ad80a58dee07-S4-AWS-1-CONTROL-r02,S4-AWS-1-CONTROL,load-generator,,delete_object,success,1,0
retained-ad80a58dee07,retained-ad80a58dee07-S4-AWS-1-CONTROL-r02,S4-AWS-1-CONTROL,load-generator,,head_object,missing,1,0
retained-ad80a58dee07,retained-ad80a58dee07-S4-AWS-1-CONTROL-r02,S4-AWS-1-CONTROL,load-generator,,get_object,success,1,67940
retained-ad80a58dee07,retained-ad80a58dee07-S4-AWS-1-CONTROL-r03,S4-AWS-1-CONTROL,media-service,19c7928974ed4166b254fcce1564422a,derivative_get,hit,0,0
retained-ad80a58dee07,retained-ad80a58dee07-S4-AWS-1-CONTROL-r03,S4-AWS-1-CONTROL,media-service,19c7928974ed4166b254fcce1564422a,derivative_get,miss,101,0
retained-ad80a58dee07,retained-ad80a58dee07-S4-AWS-1-CONTROL-r03,S4-AWS-1-CONTROL,media-service,19c7928974ed4166b254fcce1564422a,derivative_get,error,0,0
retained-ad80a58dee07,retained-ad80a58dee07-S4-AWS-1-CONTROL-r03,S4-AWS-1-CONTROL,media-service,19c7928974ed4166b254fcce1564422a,original_get,success,1,4075024
retained-ad80a58dee07,retained-ad80a58dee07-S4-AWS-1-CONTROL-r03,S4-AWS-1-CONTROL,media-service,19c7928974ed4166b254fcce1564422a,original_get,error,0,0
retained-ad80a58dee07,retained-ad80a58dee07-S4-AWS-1-CONTROL-r03,S4-AWS-1-CONTROL,media-service,19c7928974ed4166b254fcce1564422a,conditional_put,created,1,0
retained-ad80a58dee07,retained-ad80a58dee07-S4-AWS-1-CONTROL-r03,S4-AWS-1-CONTROL,media-service,19c7928974ed4166b254fcce1564422a,conditional_put,existing,0,0
retained-ad80a58dee07,retained-ad80a58dee07-S4-AWS-1-CONTROL-r03,S4-AWS-1-CONTROL,media-service,19c7928974ed4166b254fcce1564422a,conditional_put,conflict,0,0
retained-ad80a58dee07,retained-ad80a58dee07-S4-AWS-1-CONTROL-r03,S4-AWS-1-CONTROL,media-service,19c7928974ed4166b254fcce1564422a,conditional_put,error,0,0
retained-ad80a58dee07,retained-ad80a58dee07-S4-AWS-1-CONTROL-r03,S4-AWS-1-CONTROL,media-service,19c7928974ed4166b254fcce1564422a,conditional_put,attempt_bytes,0,67940
retained-ad80a58dee07,retained-ad80a58dee07-S4-AWS-1-CONTROL-r03,S4-AWS-1-CONTROL,load-generator,,delete_object,success,1,0
retained-ad80a58dee07,retained-ad80a58dee07-S4-AWS-1-CONTROL-r03,S4-AWS-1-CONTROL,load-generator,,head_object,missing,1,0
retained-ad80a58dee07,retained-ad80a58dee07-S4-AWS-1-CONTROL-r03,S4-AWS-1-CONTROL,load-generator,,get_object,success,1,67940
retained-ad80a58dee07,retained-ad80a58dee07-S4-AWS-2-r03,S4-AWS-2,media-service,02965b9adc1b4594a369a885d85b87a3,derivative_get,hit,1,67940
retained-ad80a58dee07,retained-ad80a58dee07-S4-AWS-2-r03,S4-AWS-2,media-service,02965b9adc1b4594a369a885d85b87a3,derivative_get,miss,52,0
retained-ad80a58dee07,retained-ad80a58dee07-S4-AWS-2-r03,S4-AWS-2,media-service,02965b9adc1b4594a369a885d85b87a3,derivative_get,error,0,0
retained-ad80a58dee07,retained-ad80a58dee07-S4-AWS-2-r03,S4-AWS-2,media-service,02965b9adc1b4594a369a885d85b87a3,original_get,success,1,4075024
retained-ad80a58dee07,retained-ad80a58dee07-S4-AWS-2-r03,S4-AWS-2,media-service,02965b9adc1b4594a369a885d85b87a3,original_get,error,0,0
retained-ad80a58dee07,retained-ad80a58dee07-S4-AWS-2-r03,S4-AWS-2,media-service,02965b9adc1b4594a369a885d85b87a3,conditional_put,created,0,0
retained-ad80a58dee07,retained-ad80a58dee07-S4-AWS-2-r03,S4-AWS-2,media-service,02965b9adc1b4594a369a885d85b87a3,conditional_put,existing,1,0
retained-ad80a58dee07,retained-ad80a58dee07-S4-AWS-2-r03,S4-AWS-2,media-service,02965b9adc1b4594a369a885d85b87a3,conditional_put,conflict,0,0
retained-ad80a58dee07,retained-ad80a58dee07-S4-AWS-2-r03,S4-AWS-2,media-service,02965b9adc1b4594a369a885d85b87a3,conditional_put,error,0,0
retained-ad80a58dee07,retained-ad80a58dee07-S4-AWS-2-r03,S4-AWS-2,media-service,02965b9adc1b4594a369a885d85b87a3,conditional_put,attempt_bytes,0,67940
retained-ad80a58dee07,retained-ad80a58dee07-S4-AWS-2-r03,S4-AWS-2,media-service,ff455c38fa774b599d4847691b63c291,derivative_get,hit,0,0
retained-ad80a58dee07,retained-ad80a58dee07-S4-AWS-2-r03,S4-AWS-2,media-service,ff455c38fa774b599d4847691b63c291,derivative_get,miss,50,0
retained-ad80a58dee07,retained-ad80a58dee07-S4-AWS-2-r03,S4-AWS-2,media-service,ff455c38fa774b599d4847691b63c291,derivative_get,error,0,0
retained-ad80a58dee07,retained-ad80a58dee07-S4-AWS-2-r03,S4-AWS-2,media-service,ff455c38fa774b599d4847691b63c291,original_get,success,1,4075024
retained-ad80a58dee07,retained-ad80a58dee07-S4-AWS-2-r03,S4-AWS-2,media-service,ff455c38fa774b599d4847691b63c291,original_get,error,0,0
retained-ad80a58dee07,retained-ad80a58dee07-S4-AWS-2-r03,S4-AWS-2,media-service,ff455c38fa774b599d4847691b63c291,conditional_put,created,1,0
retained-ad80a58dee07,retained-ad80a58dee07-S4-AWS-2-r03,S4-AWS-2,media-service,ff455c38fa774b599d4847691b63c291,conditional_put,existing,0,0
retained-ad80a58dee07,retained-ad80a58dee07-S4-AWS-2-r03,S4-AWS-2,media-service,ff455c38fa774b599d4847691b63c291,conditional_put,conflict,0,0
retained-ad80a58dee07,retained-ad80a58dee07-S4-AWS-2-r03,S4-AWS-2,media-service,ff455c38fa774b599d4847691b63c291,conditional_put,error,0,0
retained-ad80a58dee07,retained-ad80a58dee07-S4-AWS-2-r03,S4-AWS-2,media-service,ff455c38fa774b599d4847691b63c291,conditional_put,attempt_bytes,0,67940
retained-ad80a58dee07,retained-ad80a58dee07-S4-AWS-2-r03,S4-AWS-2,load-generator,,delete_object,success,1,0
retained-ad80a58dee07,retained-ad80a58dee07-S4-AWS-2-r03,S4-AWS-2,load-generator,,head_object,missing,1,0
retained-ad80a58dee07,retained-ad80a58dee07-S4-AWS-2-r03,S4-AWS-2,load-generator,,get_object,success,1,67940
retained-ad80a58dee07,retained-ad80a58dee07-S4-AWS-4-r03,S4-AWS-4,media-service,050220889959489bb6e4f9bfb1fc0f12,derivative_get,hit,1,67940
retained-ad80a58dee07,retained-ad80a58dee07-S4-AWS-4-r03,S4-AWS-4,media-service,050220889959489bb6e4f9bfb1fc0f12,derivative_get,miss,26,0
retained-ad80a58dee07,retained-ad80a58dee07-S4-AWS-4-r03,S4-AWS-4,media-service,050220889959489bb6e4f9bfb1fc0f12,derivative_get,error,0,0
retained-ad80a58dee07,retained-ad80a58dee07-S4-AWS-4-r03,S4-AWS-4,media-service,050220889959489bb6e4f9bfb1fc0f12,original_get,success,1,4075024
retained-ad80a58dee07,retained-ad80a58dee07-S4-AWS-4-r03,S4-AWS-4,media-service,050220889959489bb6e4f9bfb1fc0f12,original_get,error,0,0
retained-ad80a58dee07,retained-ad80a58dee07-S4-AWS-4-r03,S4-AWS-4,media-service,050220889959489bb6e4f9bfb1fc0f12,conditional_put,created,0,0
retained-ad80a58dee07,retained-ad80a58dee07-S4-AWS-4-r03,S4-AWS-4,media-service,050220889959489bb6e4f9bfb1fc0f12,conditional_put,existing,1,0
retained-ad80a58dee07,retained-ad80a58dee07-S4-AWS-4-r03,S4-AWS-4,media-service,050220889959489bb6e4f9bfb1fc0f12,conditional_put,conflict,0,0
retained-ad80a58dee07,retained-ad80a58dee07-S4-AWS-4-r03,S4-AWS-4,media-service,050220889959489bb6e4f9bfb1fc0f12,conditional_put,error,0,0
retained-ad80a58dee07,retained-ad80a58dee07-S4-AWS-4-r03,S4-AWS-4,media-service,050220889959489bb6e4f9bfb1fc0f12,conditional_put,attempt_bytes,0,67940
retained-ad80a58dee07,retained-ad80a58dee07-S4-AWS-4-r03,S4-AWS-4,media-service,7d2442d248464707a35dc83c0a8489f6,derivative_get,hit,0,0
retained-ad80a58dee07,retained-ad80a58dee07-S4-AWS-4-r03,S4-AWS-4,media-service,7d2442d248464707a35dc83c0a8489f6,derivative_get,miss,25,0
retained-ad80a58dee07,retained-ad80a58dee07-S4-AWS-4-r03,S4-AWS-4,media-service,7d2442d248464707a35dc83c0a8489f6,derivative_get,error,0,0
retained-ad80a58dee07,retained-ad80a58dee07-S4-AWS-4-r03,S4-AWS-4,media-service,7d2442d248464707a35dc83c0a8489f6,original_get,success,1,4075024
retained-ad80a58dee07,retained-ad80a58dee07-S4-AWS-4-r03,S4-AWS-4,media-service,7d2442d248464707a35dc83c0a8489f6,original_get,error,0,0
retained-ad80a58dee07,retained-ad80a58dee07-S4-AWS-4-r03,S4-AWS-4,media-service,7d2442d248464707a35dc83c0a8489f6,conditional_put,created,1,0
retained-ad80a58dee07,retained-ad80a58dee07-S4-AWS-4-r03,S4-AWS-4,media-service,7d2442d248464707a35dc83c0a8489f6,conditional_put,existing,0,0
retained-ad80a58dee07,retained-ad80a58dee07-S4-AWS-4-r03,S4-AWS-4,media-service,7d2442d248464707a35dc83c0a8489f6,conditional_put,conflict,0,0
retained-ad80a58dee07,retained-ad80a58dee07-S4-AWS-4-r03,S4-AWS-4,media-service,7d2442d248464707a35dc83c0a8489f6,conditional_put,error,0,0
retained-ad80a58dee07,retained-ad80a58dee07-S4-AWS-4-r03,S4-AWS-4,media-service,7d2442d248464707a35dc83c0a8489f6,conditional_put,attempt_bytes,0,67940
retained-ad80a58dee07,retained-ad80a58dee07-S4-AWS-4-r03,S4-AWS-4,media-service,b971842de91943808ec3bbb899e282d1,derivative_get,hit,1,67940
retained-ad80a58dee07,retained-ad80a58dee07-S4-AWS-4-r03,S4-AWS-4,media-service,b971842de91943808ec3bbb899e282d1,derivative_get,miss,26,0
retained-ad80a58dee07,retained-ad80a58dee07-S4-AWS-4-r03,S4-AWS-4,media-service,b971842de91943808ec3bbb899e282d1,derivative_get,error,0,0
retained-ad80a58dee07,retained-ad80a58dee07-S4-AWS-4-r03,S4-AWS-4,media-service,b971842de91943808ec3bbb899e282d1,original_get,success,1,4075024
retained-ad80a58dee07,retained-ad80a58dee07-S4-AWS-4-r03,S4-AWS-4,media-service,b971842de91943808ec3bbb899e282d1,original_get,error,0,0
retained-ad80a58dee07,retained-ad80a58dee07-S4-AWS-4-r03,S4-AWS-4,media-service,b971842de91943808ec3bbb899e282d1,conditional_put,created,0,0
retained-ad80a58dee07,retained-ad80a58dee07-S4-AWS-4-r03,S4-AWS-4,media-service,b971842de91943808ec3bbb899e282d1,conditional_put,existing,1,0
retained-ad80a58dee07,retained-ad80a58dee07-S4-AWS-4-r03,S4-AWS-4,media-service,b971842de91943808ec3bbb899e282d1,conditional_put,conflict,0,0
retained-ad80a58dee07,retained-ad80a58dee07-S4-AWS-4-r03,S4-AWS-4,media-service,b971842de91943808ec3bbb899e282d1,conditional_put,error,0,0
retained-ad80a58dee07,retained-ad80a58dee07-S4-AWS-4-r03,S4-AWS-4,media-service,b971842de91943808ec3bbb899e282d1,conditional_put,attempt_bytes,0,67940
retained-ad80a58dee07,retained-ad80a58dee07-S4-AWS-4-r03,S4-AWS-4,media-service,fdc782ff6e304ef5951f52985b40078d,derivative_get,hit,1,67940
retained-ad80a58dee07,retained-ad80a58dee07-S4-AWS-4-r03,S4-AWS-4,media-service,fdc782ff6e304ef5951f52985b40078d,derivative_get,miss,27,0
retained-ad80a58dee07,retained-ad80a58dee07-S4-AWS-4-r03,S4-AWS-4,media-service,fdc782ff6e304ef5951f52985b40078d,derivative_get,error,0,0
retained-ad80a58dee07,retained-ad80a58dee07-S4-AWS-4-r03,S4-AWS-4,media-service,fdc782ff6e304ef5951f52985b40078d,original_get,success,1,4075024
retained-ad80a58dee07,retained-ad80a58dee07-S4-AWS-4-r03,S4-AWS-4,media-service,fdc782ff6e304ef5951f52985b40078d,original_get,error,0,0
retained-ad80a58dee07,retained-ad80a58dee07-S4-AWS-4-r03,S4-AWS-4,media-service,fdc782ff6e304ef5951f52985b40078d,conditional_put,created,0,0
retained-ad80a58dee07,retained-ad80a58dee07-S4-AWS-4-r03,S4-AWS-4,media-service,fdc782ff6e304ef5951f52985b40078d,conditional_put,existing,1,0
retained-ad80a58dee07,retained-ad80a58dee07-S4-AWS-4-r03,S4-AWS-4,media-service,fdc782ff6e304ef5951f52985b40078d,conditional_put,conflict,0,0
retained-ad80a58dee07,retained-ad80a58dee07-S4-AWS-4-r03,S4-AWS-4,media-service,fdc782ff6e304ef5951f52985b40078d,conditional_put,error,0,0
retained-ad80a58dee07,retained-ad80a58dee07-S4-AWS-4-r03,S4-AWS-4,media-service,fdc782ff6e304ef5951f52985b40078d,conditional_put,attempt_bytes,0,67940
retained-ad80a58dee07,retained-ad80a58dee07-S4-AWS-4-r03,S4-AWS-4,load-generator,,delete_object,success,1,0
retained-ad80a58dee07,retained-ad80a58dee07-S4-AWS-4-r03,S4-AWS-4,load-generator,,head_object,missing,1,0
retained-ad80a58dee07,retained-ad80a58dee07-S4-AWS-4-r03,S4-AWS-4,load-generator,,get_object,success,1,67940
retained-ad80a58dee07,retained-ad80a58dee07-S4-AWS-4-r04,S4-AWS-4,media-service,050220889959489bb6e4f9bfb1fc0f12,derivative_get,hit,1,67940
retained-ad80a58dee07,retained-ad80a58dee07-S4-AWS-4-r04,S4-AWS-4,media-service,050220889959489bb6e4f9bfb1fc0f12,derivative_get,miss,26,0
retained-ad80a58dee07,retained-ad80a58dee07-S4-AWS-4-r04,S4-AWS-4,media-service,050220889959489bb6e4f9bfb1fc0f12,derivative_get,error,0,0
retained-ad80a58dee07,retained-ad80a58dee07-S4-AWS-4-r04,S4-AWS-4,media-service,050220889959489bb6e4f9bfb1fc0f12,original_get,success,1,4075024
retained-ad80a58dee07,retained-ad80a58dee07-S4-AWS-4-r04,S4-AWS-4,media-service,050220889959489bb6e4f9bfb1fc0f12,original_get,error,0,0
retained-ad80a58dee07,retained-ad80a58dee07-S4-AWS-4-r04,S4-AWS-4,media-service,050220889959489bb6e4f9bfb1fc0f12,conditional_put,created,0,0
retained-ad80a58dee07,retained-ad80a58dee07-S4-AWS-4-r04,S4-AWS-4,media-service,050220889959489bb6e4f9bfb1fc0f12,conditional_put,existing,1,0
retained-ad80a58dee07,retained-ad80a58dee07-S4-AWS-4-r04,S4-AWS-4,media-service,050220889959489bb6e4f9bfb1fc0f12,conditional_put,conflict,0,0
retained-ad80a58dee07,retained-ad80a58dee07-S4-AWS-4-r04,S4-AWS-4,media-service,050220889959489bb6e4f9bfb1fc0f12,conditional_put,error,0,0
retained-ad80a58dee07,retained-ad80a58dee07-S4-AWS-4-r04,S4-AWS-4,media-service,050220889959489bb6e4f9bfb1fc0f12,conditional_put,attempt_bytes,0,67940
retained-ad80a58dee07,retained-ad80a58dee07-S4-AWS-4-r04,S4-AWS-4,media-service,7d2442d248464707a35dc83c0a8489f6,derivative_get,hit,0,0
retained-ad80a58dee07,retained-ad80a58dee07-S4-AWS-4-r04,S4-AWS-4,media-service,7d2442d248464707a35dc83c0a8489f6,derivative_get,miss,26,0
retained-ad80a58dee07,retained-ad80a58dee07-S4-AWS-4-r04,S4-AWS-4,media-service,7d2442d248464707a35dc83c0a8489f6,derivative_get,error,0,0
retained-ad80a58dee07,retained-ad80a58dee07-S4-AWS-4-r04,S4-AWS-4,media-service,7d2442d248464707a35dc83c0a8489f6,original_get,success,1,4075024
retained-ad80a58dee07,retained-ad80a58dee07-S4-AWS-4-r04,S4-AWS-4,media-service,7d2442d248464707a35dc83c0a8489f6,original_get,error,0,0
retained-ad80a58dee07,retained-ad80a58dee07-S4-AWS-4-r04,S4-AWS-4,media-service,7d2442d248464707a35dc83c0a8489f6,conditional_put,created,1,0
retained-ad80a58dee07,retained-ad80a58dee07-S4-AWS-4-r04,S4-AWS-4,media-service,7d2442d248464707a35dc83c0a8489f6,conditional_put,existing,0,0
retained-ad80a58dee07,retained-ad80a58dee07-S4-AWS-4-r04,S4-AWS-4,media-service,7d2442d248464707a35dc83c0a8489f6,conditional_put,conflict,0,0
retained-ad80a58dee07,retained-ad80a58dee07-S4-AWS-4-r04,S4-AWS-4,media-service,7d2442d248464707a35dc83c0a8489f6,conditional_put,error,0,0
retained-ad80a58dee07,retained-ad80a58dee07-S4-AWS-4-r04,S4-AWS-4,media-service,7d2442d248464707a35dc83c0a8489f6,conditional_put,attempt_bytes,0,67940
retained-ad80a58dee07,retained-ad80a58dee07-S4-AWS-4-r04,S4-AWS-4,media-service,b971842de91943808ec3bbb899e282d1,derivative_get,hit,1,67940
retained-ad80a58dee07,retained-ad80a58dee07-S4-AWS-4-r04,S4-AWS-4,media-service,b971842de91943808ec3bbb899e282d1,derivative_get,miss,25,0
retained-ad80a58dee07,retained-ad80a58dee07-S4-AWS-4-r04,S4-AWS-4,media-service,b971842de91943808ec3bbb899e282d1,derivative_get,error,0,0
retained-ad80a58dee07,retained-ad80a58dee07-S4-AWS-4-r04,S4-AWS-4,media-service,b971842de91943808ec3bbb899e282d1,original_get,success,1,4075024
retained-ad80a58dee07,retained-ad80a58dee07-S4-AWS-4-r04,S4-AWS-4,media-service,b971842de91943808ec3bbb899e282d1,original_get,error,0,0
retained-ad80a58dee07,retained-ad80a58dee07-S4-AWS-4-r04,S4-AWS-4,media-service,b971842de91943808ec3bbb899e282d1,conditional_put,created,0,0
retained-ad80a58dee07,retained-ad80a58dee07-S4-AWS-4-r04,S4-AWS-4,media-service,b971842de91943808ec3bbb899e282d1,conditional_put,existing,1,0
retained-ad80a58dee07,retained-ad80a58dee07-S4-AWS-4-r04,S4-AWS-4,media-service,b971842de91943808ec3bbb899e282d1,conditional_put,conflict,0,0
retained-ad80a58dee07,retained-ad80a58dee07-S4-AWS-4-r04,S4-AWS-4,media-service,b971842de91943808ec3bbb899e282d1,conditional_put,error,0,0
retained-ad80a58dee07,retained-ad80a58dee07-S4-AWS-4-r04,S4-AWS-4,media-service,b971842de91943808ec3bbb899e282d1,conditional_put,attempt_bytes,0,67940
retained-ad80a58dee07,retained-ad80a58dee07-S4-AWS-4-r04,S4-AWS-4,media-service,fdc782ff6e304ef5951f52985b40078d,derivative_get,hit,1,67940
retained-ad80a58dee07,retained-ad80a58dee07-S4-AWS-4-r04,S4-AWS-4,media-service,fdc782ff6e304ef5951f52985b40078d,derivative_get,miss,27,0
retained-ad80a58dee07,retained-ad80a58dee07-S4-AWS-4-r04,S4-AWS-4,media-service,fdc782ff6e304ef5951f52985b40078d,derivative_get,error,0,0
retained-ad80a58dee07,retained-ad80a58dee07-S4-AWS-4-r04,S4-AWS-4,media-service,fdc782ff6e304ef5951f52985b40078d,original_get,success,1,4075024
retained-ad80a58dee07,retained-ad80a58dee07-S4-AWS-4-r04,S4-AWS-4,media-service,fdc782ff6e304ef5951f52985b40078d,original_get,error,0,0
retained-ad80a58dee07,retained-ad80a58dee07-S4-AWS-4-r04,S4-AWS-4,media-service,fdc782ff6e304ef5951f52985b40078d,conditional_put,created,0,0
retained-ad80a58dee07,retained-ad80a58dee07-S4-AWS-4-r04,S4-AWS-4,media-service,fdc782ff6e304ef5951f52985b40078d,conditional_put,existing,1,0
retained-ad80a58dee07,retained-ad80a58dee07-S4-AWS-4-r04,S4-AWS-4,media-service,fdc782ff6e304ef5951f52985b40078d,conditional_put,conflict,0,0
retained-ad80a58dee07,retained-ad80a58dee07-S4-AWS-4-r04,S4-AWS-4,media-service,fdc782ff6e304ef5951f52985b40078d,conditional_put,error,0,0
retained-ad80a58dee07,retained-ad80a58dee07-S4-AWS-4-r04,S4-AWS-4,media-service,fdc782ff6e304ef5951f52985b40078d,conditional_put,attempt_bytes,0,67940
retained-ad80a58dee07,retained-ad80a58dee07-S4-AWS-4-r04,S4-AWS-4,load-generator,,delete_object,success,1,0
retained-ad80a58dee07,retained-ad80a58dee07-S4-AWS-4-r04,S4-AWS-4,load-generator,,head_object,missing,1,0
retained-ad80a58dee07,retained-ad80a58dee07-S4-AWS-4-r04,S4-AWS-4,load-generator,,get_object,success,1,67940
retained-ad80a58dee07,retained-ad80a58dee07-S4-AWS-2-r04,S4-AWS-2,media-service,02965b9adc1b4594a369a885d85b87a3,derivative_get,hit,0,0
retained-ad80a58dee07,retained-ad80a58dee07-S4-AWS-2-r04,S4-AWS-2,media-service,02965b9adc1b4594a369a885d85b87a3,derivative_get,miss,50,0
retained-ad80a58dee07,retained-ad80a58dee07-S4-AWS-2-r04,S4-AWS-2,media-service,02965b9adc1b4594a369a885d85b87a3,derivative_get,error,0,0
retained-ad80a58dee07,retained-ad80a58dee07-S4-AWS-2-r04,S4-AWS-2,media-service,02965b9adc1b4594a369a885d85b87a3,original_get,success,1,4075024
retained-ad80a58dee07,retained-ad80a58dee07-S4-AWS-2-r04,S4-AWS-2,media-service,02965b9adc1b4594a369a885d85b87a3,original_get,error,0,0
retained-ad80a58dee07,retained-ad80a58dee07-S4-AWS-2-r04,S4-AWS-2,media-service,02965b9adc1b4594a369a885d85b87a3,conditional_put,created,1,0
retained-ad80a58dee07,retained-ad80a58dee07-S4-AWS-2-r04,S4-AWS-2,media-service,02965b9adc1b4594a369a885d85b87a3,conditional_put,existing,0,0
retained-ad80a58dee07,retained-ad80a58dee07-S4-AWS-2-r04,S4-AWS-2,media-service,02965b9adc1b4594a369a885d85b87a3,conditional_put,conflict,0,0
retained-ad80a58dee07,retained-ad80a58dee07-S4-AWS-2-r04,S4-AWS-2,media-service,02965b9adc1b4594a369a885d85b87a3,conditional_put,error,0,0
retained-ad80a58dee07,retained-ad80a58dee07-S4-AWS-2-r04,S4-AWS-2,media-service,02965b9adc1b4594a369a885d85b87a3,conditional_put,attempt_bytes,0,67940
retained-ad80a58dee07,retained-ad80a58dee07-S4-AWS-2-r04,S4-AWS-2,media-service,ff455c38fa774b599d4847691b63c291,derivative_get,hit,1,67940
retained-ad80a58dee07,retained-ad80a58dee07-S4-AWS-2-r04,S4-AWS-2,media-service,ff455c38fa774b599d4847691b63c291,derivative_get,miss,52,0
retained-ad80a58dee07,retained-ad80a58dee07-S4-AWS-2-r04,S4-AWS-2,media-service,ff455c38fa774b599d4847691b63c291,derivative_get,error,0,0
retained-ad80a58dee07,retained-ad80a58dee07-S4-AWS-2-r04,S4-AWS-2,media-service,ff455c38fa774b599d4847691b63c291,original_get,success,1,4075024
retained-ad80a58dee07,retained-ad80a58dee07-S4-AWS-2-r04,S4-AWS-2,media-service,ff455c38fa774b599d4847691b63c291,original_get,error,0,0
retained-ad80a58dee07,retained-ad80a58dee07-S4-AWS-2-r04,S4-AWS-2,media-service,ff455c38fa774b599d4847691b63c291,conditional_put,created,0,0
retained-ad80a58dee07,retained-ad80a58dee07-S4-AWS-2-r04,S4-AWS-2,media-service,ff455c38fa774b599d4847691b63c291,conditional_put,existing,1,0
retained-ad80a58dee07,retained-ad80a58dee07-S4-AWS-2-r04,S4-AWS-2,media-service,ff455c38fa774b599d4847691b63c291,conditional_put,conflict,0,0
retained-ad80a58dee07,retained-ad80a58dee07-S4-AWS-2-r04,S4-AWS-2,media-service,ff455c38fa774b599d4847691b63c291,conditional_put,error,0,0
retained-ad80a58dee07,retained-ad80a58dee07-S4-AWS-2-r04,S4-AWS-2,media-service,ff455c38fa774b599d4847691b63c291,conditional_put,attempt_bytes,0,67940
retained-ad80a58dee07,retained-ad80a58dee07-S4-AWS-2-r04,S4-AWS-2,load-generator,,delete_object,success,1,0
retained-ad80a58dee07,retained-ad80a58dee07-S4-AWS-2-r04,S4-AWS-2,load-generator,,head_object,missing,1,0
retained-ad80a58dee07,retained-ad80a58dee07-S4-AWS-2-r04,S4-AWS-2,load-generator,,get_object,success,1,67940
retained-ad80a58dee07,retained-ad80a58dee07-S4-AWS-1-CONTROL-r04,S4-AWS-1-CONTROL,media-service,19c7928974ed4166b254fcce1564422a,derivative_get,hit,0,0
retained-ad80a58dee07,retained-ad80a58dee07-S4-AWS-1-CONTROL-r04,S4-AWS-1-CONTROL,media-service,19c7928974ed4166b254fcce1564422a,derivative_get,miss,101,0
retained-ad80a58dee07,retained-ad80a58dee07-S4-AWS-1-CONTROL-r04,S4-AWS-1-CONTROL,media-service,19c7928974ed4166b254fcce1564422a,derivative_get,error,0,0
retained-ad80a58dee07,retained-ad80a58dee07-S4-AWS-1-CONTROL-r04,S4-AWS-1-CONTROL,media-service,19c7928974ed4166b254fcce1564422a,original_get,success,1,4075024
retained-ad80a58dee07,retained-ad80a58dee07-S4-AWS-1-CONTROL-r04,S4-AWS-1-CONTROL,media-service,19c7928974ed4166b254fcce1564422a,original_get,error,0,0
retained-ad80a58dee07,retained-ad80a58dee07-S4-AWS-1-CONTROL-r04,S4-AWS-1-CONTROL,media-service,19c7928974ed4166b254fcce1564422a,conditional_put,created,1,0
retained-ad80a58dee07,retained-ad80a58dee07-S4-AWS-1-CONTROL-r04,S4-AWS-1-CONTROL,media-service,19c7928974ed4166b254fcce1564422a,conditional_put,existing,0,0
retained-ad80a58dee07,retained-ad80a58dee07-S4-AWS-1-CONTROL-r04,S4-AWS-1-CONTROL,media-service,19c7928974ed4166b254fcce1564422a,conditional_put,conflict,0,0
retained-ad80a58dee07,retained-ad80a58dee07-S4-AWS-1-CONTROL-r04,S4-AWS-1-CONTROL,media-service,19c7928974ed4166b254fcce1564422a,conditional_put,error,0,0
retained-ad80a58dee07,retained-ad80a58dee07-S4-AWS-1-CONTROL-r04,S4-AWS-1-CONTROL,media-service,19c7928974ed4166b254fcce1564422a,conditional_put,attempt_bytes,0,67940
retained-ad80a58dee07,retained-ad80a58dee07-S4-AWS-1-CONTROL-r04,S4-AWS-1-CONTROL,load-generator,,delete_object,success,1,0
retained-ad80a58dee07,retained-ad80a58dee07-S4-AWS-1-CONTROL-r04,S4-AWS-1-CONTROL,load-generator,,head_object,missing,1,0
retained-ad80a58dee07,retained-ad80a58dee07-S4-AWS-1-CONTROL-r04,S4-AWS-1-CONTROL,load-generator,,get_object,success,1,67940
retained-ad80a58dee07,retained-ad80a58dee07-S4-AWS-1-CONTROL-r05,S4-AWS-1-CONTROL,media-service,19c7928974ed4166b254fcce1564422a,derivative_get,hit,0,0
retained-ad80a58dee07,retained-ad80a58dee07-S4-AWS-1-CONTROL-r05,S4-AWS-1-CONTROL,media-service,19c7928974ed4166b254fcce1564422a,derivative_get,miss,101,0
retained-ad80a58dee07,retained-ad80a58dee07-S4-AWS-1-CONTROL-r05,S4-AWS-1-CONTROL,media-service,19c7928974ed4166b254fcce1564422a,derivative_get,error,0,0
retained-ad80a58dee07,retained-ad80a58dee07-S4-AWS-1-CONTROL-r05,S4-AWS-1-CONTROL,media-service,19c7928974ed4166b254fcce1564422a,original_get,success,1,4075024
retained-ad80a58dee07,retained-ad80a58dee07-S4-AWS-1-CONTROL-r05,S4-AWS-1-CONTROL,media-service,19c7928974ed4166b254fcce1564422a,original_get,error,0,0
retained-ad80a58dee07,retained-ad80a58dee07-S4-AWS-1-CONTROL-r05,S4-AWS-1-CONTROL,media-service,19c7928974ed4166b254fcce1564422a,conditional_put,created,1,0
retained-ad80a58dee07,retained-ad80a58dee07-S4-AWS-1-CONTROL-r05,S4-AWS-1-CONTROL,media-service,19c7928974ed4166b254fcce1564422a,conditional_put,existing,0,0
retained-ad80a58dee07,retained-ad80a58dee07-S4-AWS-1-CONTROL-r05,S4-AWS-1-CONTROL,media-service,19c7928974ed4166b254fcce1564422a,conditional_put,conflict,0,0
retained-ad80a58dee07,retained-ad80a58dee07-S4-AWS-1-CONTROL-r05,S4-AWS-1-CONTROL,media-service,19c7928974ed4166b254fcce1564422a,conditional_put,error,0,0
retained-ad80a58dee07,retained-ad80a58dee07-S4-AWS-1-CONTROL-r05,S4-AWS-1-CONTROL,media-service,19c7928974ed4166b254fcce1564422a,conditional_put,attempt_bytes,0,67940
retained-ad80a58dee07,retained-ad80a58dee07-S4-AWS-1-CONTROL-r05,S4-AWS-1-CONTROL,load-generator,,delete_object,success,1,0
retained-ad80a58dee07,retained-ad80a58dee07-S4-AWS-1-CONTROL-r05,S4-AWS-1-CONTROL,load-generator,,head_object,missing,1,0
retained-ad80a58dee07,retained-ad80a58dee07-S4-AWS-1-CONTROL-r05,S4-AWS-1-CONTROL,load-generator,,get_object,success,1,67940
retained-ad80a58dee07,retained-ad80a58dee07-S4-AWS-2-r05,S4-AWS-2,media-service,02965b9adc1b4594a369a885d85b87a3,derivative_get,hit,1,67940
retained-ad80a58dee07,retained-ad80a58dee07-S4-AWS-2-r05,S4-AWS-2,media-service,02965b9adc1b4594a369a885d85b87a3,derivative_get,miss,52,0
retained-ad80a58dee07,retained-ad80a58dee07-S4-AWS-2-r05,S4-AWS-2,media-service,02965b9adc1b4594a369a885d85b87a3,derivative_get,error,0,0
retained-ad80a58dee07,retained-ad80a58dee07-S4-AWS-2-r05,S4-AWS-2,media-service,02965b9adc1b4594a369a885d85b87a3,original_get,success,1,4075024
retained-ad80a58dee07,retained-ad80a58dee07-S4-AWS-2-r05,S4-AWS-2,media-service,02965b9adc1b4594a369a885d85b87a3,original_get,error,0,0
retained-ad80a58dee07,retained-ad80a58dee07-S4-AWS-2-r05,S4-AWS-2,media-service,02965b9adc1b4594a369a885d85b87a3,conditional_put,created,0,0
retained-ad80a58dee07,retained-ad80a58dee07-S4-AWS-2-r05,S4-AWS-2,media-service,02965b9adc1b4594a369a885d85b87a3,conditional_put,existing,1,0
retained-ad80a58dee07,retained-ad80a58dee07-S4-AWS-2-r05,S4-AWS-2,media-service,02965b9adc1b4594a369a885d85b87a3,conditional_put,conflict,0,0
retained-ad80a58dee07,retained-ad80a58dee07-S4-AWS-2-r05,S4-AWS-2,media-service,02965b9adc1b4594a369a885d85b87a3,conditional_put,error,0,0
retained-ad80a58dee07,retained-ad80a58dee07-S4-AWS-2-r05,S4-AWS-2,media-service,02965b9adc1b4594a369a885d85b87a3,conditional_put,attempt_bytes,0,67940
retained-ad80a58dee07,retained-ad80a58dee07-S4-AWS-2-r05,S4-AWS-2,media-service,ff455c38fa774b599d4847691b63c291,derivative_get,hit,0,0
retained-ad80a58dee07,retained-ad80a58dee07-S4-AWS-2-r05,S4-AWS-2,media-service,ff455c38fa774b599d4847691b63c291,derivative_get,miss,50,0
retained-ad80a58dee07,retained-ad80a58dee07-S4-AWS-2-r05,S4-AWS-2,media-service,ff455c38fa774b599d4847691b63c291,derivative_get,error,0,0
retained-ad80a58dee07,retained-ad80a58dee07-S4-AWS-2-r05,S4-AWS-2,media-service,ff455c38fa774b599d4847691b63c291,original_get,success,1,4075024
retained-ad80a58dee07,retained-ad80a58dee07-S4-AWS-2-r05,S4-AWS-2,media-service,ff455c38fa774b599d4847691b63c291,original_get,error,0,0
retained-ad80a58dee07,retained-ad80a58dee07-S4-AWS-2-r05,S4-AWS-2,media-service,ff455c38fa774b599d4847691b63c291,conditional_put,created,1,0
retained-ad80a58dee07,retained-ad80a58dee07-S4-AWS-2-r05,S4-AWS-2,media-service,ff455c38fa774b599d4847691b63c291,conditional_put,existing,0,0
retained-ad80a58dee07,retained-ad80a58dee07-S4-AWS-2-r05,S4-AWS-2,media-service,ff455c38fa774b599d4847691b63c291,conditional_put,conflict,0,0
retained-ad80a58dee07,retained-ad80a58dee07-S4-AWS-2-r05,S4-AWS-2,media-service,ff455c38fa774b599d4847691b63c291,conditional_put,error,0,0
retained-ad80a58dee07,retained-ad80a58dee07-S4-AWS-2-r05,S4-AWS-2,media-service,ff455c38fa774b599d4847691b63c291,conditional_put,attempt_bytes,0,67940
retained-ad80a58dee07,retained-ad80a58dee07-S4-AWS-2-r05,S4-AWS-2,load-generator,,delete_object,success,1,0
retained-ad80a58dee07,retained-ad80a58dee07-S4-AWS-2-r05,S4-AWS-2,load-generator,,head_object,missing,1,0
retained-ad80a58dee07,retained-ad80a58dee07-S4-AWS-2-r05,S4-AWS-2,load-generator,,get_object,success,1,67940
retained-ad80a58dee07,retained-ad80a58dee07-S4-AWS-4-r05,S4-AWS-4,media-service,050220889959489bb6e4f9bfb1fc0f12,derivative_get,hit,1,67940
retained-ad80a58dee07,retained-ad80a58dee07-S4-AWS-4-r05,S4-AWS-4,media-service,050220889959489bb6e4f9bfb1fc0f12,derivative_get,miss,26,0
retained-ad80a58dee07,retained-ad80a58dee07-S4-AWS-4-r05,S4-AWS-4,media-service,050220889959489bb6e4f9bfb1fc0f12,derivative_get,error,0,0
retained-ad80a58dee07,retained-ad80a58dee07-S4-AWS-4-r05,S4-AWS-4,media-service,050220889959489bb6e4f9bfb1fc0f12,original_get,success,1,4075024
retained-ad80a58dee07,retained-ad80a58dee07-S4-AWS-4-r05,S4-AWS-4,media-service,050220889959489bb6e4f9bfb1fc0f12,original_get,error,0,0
retained-ad80a58dee07,retained-ad80a58dee07-S4-AWS-4-r05,S4-AWS-4,media-service,050220889959489bb6e4f9bfb1fc0f12,conditional_put,created,0,0
retained-ad80a58dee07,retained-ad80a58dee07-S4-AWS-4-r05,S4-AWS-4,media-service,050220889959489bb6e4f9bfb1fc0f12,conditional_put,existing,1,0
retained-ad80a58dee07,retained-ad80a58dee07-S4-AWS-4-r05,S4-AWS-4,media-service,050220889959489bb6e4f9bfb1fc0f12,conditional_put,conflict,0,0
retained-ad80a58dee07,retained-ad80a58dee07-S4-AWS-4-r05,S4-AWS-4,media-service,050220889959489bb6e4f9bfb1fc0f12,conditional_put,error,0,0
retained-ad80a58dee07,retained-ad80a58dee07-S4-AWS-4-r05,S4-AWS-4,media-service,050220889959489bb6e4f9bfb1fc0f12,conditional_put,attempt_bytes,0,67940
retained-ad80a58dee07,retained-ad80a58dee07-S4-AWS-4-r05,S4-AWS-4,media-service,7d2442d248464707a35dc83c0a8489f6,derivative_get,hit,0,0
retained-ad80a58dee07,retained-ad80a58dee07-S4-AWS-4-r05,S4-AWS-4,media-service,7d2442d248464707a35dc83c0a8489f6,derivative_get,miss,26,0
retained-ad80a58dee07,retained-ad80a58dee07-S4-AWS-4-r05,S4-AWS-4,media-service,7d2442d248464707a35dc83c0a8489f6,derivative_get,error,0,0
retained-ad80a58dee07,retained-ad80a58dee07-S4-AWS-4-r05,S4-AWS-4,media-service,7d2442d248464707a35dc83c0a8489f6,original_get,success,1,4075024
retained-ad80a58dee07,retained-ad80a58dee07-S4-AWS-4-r05,S4-AWS-4,media-service,7d2442d248464707a35dc83c0a8489f6,original_get,error,0,0
retained-ad80a58dee07,retained-ad80a58dee07-S4-AWS-4-r05,S4-AWS-4,media-service,7d2442d248464707a35dc83c0a8489f6,conditional_put,created,1,0
retained-ad80a58dee07,retained-ad80a58dee07-S4-AWS-4-r05,S4-AWS-4,media-service,7d2442d248464707a35dc83c0a8489f6,conditional_put,existing,0,0
retained-ad80a58dee07,retained-ad80a58dee07-S4-AWS-4-r05,S4-AWS-4,media-service,7d2442d248464707a35dc83c0a8489f6,conditional_put,conflict,0,0
retained-ad80a58dee07,retained-ad80a58dee07-S4-AWS-4-r05,S4-AWS-4,media-service,7d2442d248464707a35dc83c0a8489f6,conditional_put,error,0,0
retained-ad80a58dee07,retained-ad80a58dee07-S4-AWS-4-r05,S4-AWS-4,media-service,7d2442d248464707a35dc83c0a8489f6,conditional_put,attempt_bytes,0,67940
retained-ad80a58dee07,retained-ad80a58dee07-S4-AWS-4-r05,S4-AWS-4,media-service,b971842de91943808ec3bbb899e282d1,derivative_get,hit,1,67940
retained-ad80a58dee07,retained-ad80a58dee07-S4-AWS-4-r05,S4-AWS-4,media-service,b971842de91943808ec3bbb899e282d1,derivative_get,miss,27,0
retained-ad80a58dee07,retained-ad80a58dee07-S4-AWS-4-r05,S4-AWS-4,media-service,b971842de91943808ec3bbb899e282d1,derivative_get,error,0,0
retained-ad80a58dee07,retained-ad80a58dee07-S4-AWS-4-r05,S4-AWS-4,media-service,b971842de91943808ec3bbb899e282d1,original_get,success,1,4075024
retained-ad80a58dee07,retained-ad80a58dee07-S4-AWS-4-r05,S4-AWS-4,media-service,b971842de91943808ec3bbb899e282d1,original_get,error,0,0
retained-ad80a58dee07,retained-ad80a58dee07-S4-AWS-4-r05,S4-AWS-4,media-service,b971842de91943808ec3bbb899e282d1,conditional_put,created,0,0
retained-ad80a58dee07,retained-ad80a58dee07-S4-AWS-4-r05,S4-AWS-4,media-service,b971842de91943808ec3bbb899e282d1,conditional_put,existing,1,0
retained-ad80a58dee07,retained-ad80a58dee07-S4-AWS-4-r05,S4-AWS-4,media-service,b971842de91943808ec3bbb899e282d1,conditional_put,conflict,0,0
retained-ad80a58dee07,retained-ad80a58dee07-S4-AWS-4-r05,S4-AWS-4,media-service,b971842de91943808ec3bbb899e282d1,conditional_put,error,0,0
retained-ad80a58dee07,retained-ad80a58dee07-S4-AWS-4-r05,S4-AWS-4,media-service,b971842de91943808ec3bbb899e282d1,conditional_put,attempt_bytes,0,67940
retained-ad80a58dee07,retained-ad80a58dee07-S4-AWS-4-r05,S4-AWS-4,media-service,fdc782ff6e304ef5951f52985b40078d,derivative_get,hit,1,67940
retained-ad80a58dee07,retained-ad80a58dee07-S4-AWS-4-r05,S4-AWS-4,media-service,fdc782ff6e304ef5951f52985b40078d,derivative_get,miss,25,0
retained-ad80a58dee07,retained-ad80a58dee07-S4-AWS-4-r05,S4-AWS-4,media-service,fdc782ff6e304ef5951f52985b40078d,derivative_get,error,0,0
retained-ad80a58dee07,retained-ad80a58dee07-S4-AWS-4-r05,S4-AWS-4,media-service,fdc782ff6e304ef5951f52985b40078d,original_get,success,1,4075024
retained-ad80a58dee07,retained-ad80a58dee07-S4-AWS-4-r05,S4-AWS-4,media-service,fdc782ff6e304ef5951f52985b40078d,original_get,error,0,0
retained-ad80a58dee07,retained-ad80a58dee07-S4-AWS-4-r05,S4-AWS-4,media-service,fdc782ff6e304ef5951f52985b40078d,conditional_put,created,0,0
retained-ad80a58dee07,retained-ad80a58dee07-S4-AWS-4-r05,S4-AWS-4,media-service,fdc782ff6e304ef5951f52985b40078d,conditional_put,existing,1,0
retained-ad80a58dee07,retained-ad80a58dee07-S4-AWS-4-r05,S4-AWS-4,media-service,fdc782ff6e304ef5951f52985b40078d,conditional_put,conflict,0,0
retained-ad80a58dee07,retained-ad80a58dee07-S4-AWS-4-r05,S4-AWS-4,media-service,fdc782ff6e304ef5951f52985b40078d,conditional_put,error,0,0
retained-ad80a58dee07,retained-ad80a58dee07-S4-AWS-4-r05,S4-AWS-4,media-service,fdc782ff6e304ef5951f52985b40078d,conditional_put,attempt_bytes,0,67940
retained-ad80a58dee07,retained-ad80a58dee07-S4-AWS-4-r05,S4-AWS-4,load-generator,,delete_object,success,1,0
retained-ad80a58dee07,retained-ad80a58dee07-S4-AWS-4-r05,S4-AWS-4,load-generator,,head_object,missing,1,0
retained-ad80a58dee07,retained-ad80a58dee07-S4-AWS-4-r05,S4-AWS-4,load-generator,,get_object,success,1,67940
retained-ad80a58dee07,retained-ad80a58dee07-S4-AWS-4-r06,S4-AWS-4,media-service,050220889959489bb6e4f9bfb1fc0f12,derivative_get,hit,1,67940
retained-ad80a58dee07,retained-ad80a58dee07-S4-AWS-4-r06,S4-AWS-4,media-service,050220889959489bb6e4f9bfb1fc0f12,derivative_get,miss,26,0
retained-ad80a58dee07,retained-ad80a58dee07-S4-AWS-4-r06,S4-AWS-4,media-service,050220889959489bb6e4f9bfb1fc0f12,derivative_get,error,0,0
retained-ad80a58dee07,retained-ad80a58dee07-S4-AWS-4-r06,S4-AWS-4,media-service,050220889959489bb6e4f9bfb1fc0f12,original_get,success,1,4075024
retained-ad80a58dee07,retained-ad80a58dee07-S4-AWS-4-r06,S4-AWS-4,media-service,050220889959489bb6e4f9bfb1fc0f12,original_get,error,0,0
retained-ad80a58dee07,retained-ad80a58dee07-S4-AWS-4-r06,S4-AWS-4,media-service,050220889959489bb6e4f9bfb1fc0f12,conditional_put,created,0,0
retained-ad80a58dee07,retained-ad80a58dee07-S4-AWS-4-r06,S4-AWS-4,media-service,050220889959489bb6e4f9bfb1fc0f12,conditional_put,existing,1,0
retained-ad80a58dee07,retained-ad80a58dee07-S4-AWS-4-r06,S4-AWS-4,media-service,050220889959489bb6e4f9bfb1fc0f12,conditional_put,conflict,0,0
retained-ad80a58dee07,retained-ad80a58dee07-S4-AWS-4-r06,S4-AWS-4,media-service,050220889959489bb6e4f9bfb1fc0f12,conditional_put,error,0,0
retained-ad80a58dee07,retained-ad80a58dee07-S4-AWS-4-r06,S4-AWS-4,media-service,050220889959489bb6e4f9bfb1fc0f12,conditional_put,attempt_bytes,0,67940
retained-ad80a58dee07,retained-ad80a58dee07-S4-AWS-4-r06,S4-AWS-4,media-service,7d2442d248464707a35dc83c0a8489f6,derivative_get,hit,0,0
retained-ad80a58dee07,retained-ad80a58dee07-S4-AWS-4-r06,S4-AWS-4,media-service,7d2442d248464707a35dc83c0a8489f6,derivative_get,miss,26,0
retained-ad80a58dee07,retained-ad80a58dee07-S4-AWS-4-r06,S4-AWS-4,media-service,7d2442d248464707a35dc83c0a8489f6,derivative_get,error,0,0
retained-ad80a58dee07,retained-ad80a58dee07-S4-AWS-4-r06,S4-AWS-4,media-service,7d2442d248464707a35dc83c0a8489f6,original_get,success,1,4075024
retained-ad80a58dee07,retained-ad80a58dee07-S4-AWS-4-r06,S4-AWS-4,media-service,7d2442d248464707a35dc83c0a8489f6,original_get,error,0,0
retained-ad80a58dee07,retained-ad80a58dee07-S4-AWS-4-r06,S4-AWS-4,media-service,7d2442d248464707a35dc83c0a8489f6,conditional_put,created,1,0
retained-ad80a58dee07,retained-ad80a58dee07-S4-AWS-4-r06,S4-AWS-4,media-service,7d2442d248464707a35dc83c0a8489f6,conditional_put,existing,0,0
retained-ad80a58dee07,retained-ad80a58dee07-S4-AWS-4-r06,S4-AWS-4,media-service,7d2442d248464707a35dc83c0a8489f6,conditional_put,conflict,0,0
retained-ad80a58dee07,retained-ad80a58dee07-S4-AWS-4-r06,S4-AWS-4,media-service,7d2442d248464707a35dc83c0a8489f6,conditional_put,error,0,0
retained-ad80a58dee07,retained-ad80a58dee07-S4-AWS-4-r06,S4-AWS-4,media-service,7d2442d248464707a35dc83c0a8489f6,conditional_put,attempt_bytes,0,67940
retained-ad80a58dee07,retained-ad80a58dee07-S4-AWS-4-r06,S4-AWS-4,media-service,b971842de91943808ec3bbb899e282d1,derivative_get,hit,1,67940
retained-ad80a58dee07,retained-ad80a58dee07-S4-AWS-4-r06,S4-AWS-4,media-service,b971842de91943808ec3bbb899e282d1,derivative_get,miss,25,0
retained-ad80a58dee07,retained-ad80a58dee07-S4-AWS-4-r06,S4-AWS-4,media-service,b971842de91943808ec3bbb899e282d1,derivative_get,error,0,0
retained-ad80a58dee07,retained-ad80a58dee07-S4-AWS-4-r06,S4-AWS-4,media-service,b971842de91943808ec3bbb899e282d1,original_get,success,1,4075024
retained-ad80a58dee07,retained-ad80a58dee07-S4-AWS-4-r06,S4-AWS-4,media-service,b971842de91943808ec3bbb899e282d1,original_get,error,0,0
retained-ad80a58dee07,retained-ad80a58dee07-S4-AWS-4-r06,S4-AWS-4,media-service,b971842de91943808ec3bbb899e282d1,conditional_put,created,0,0
retained-ad80a58dee07,retained-ad80a58dee07-S4-AWS-4-r06,S4-AWS-4,media-service,b971842de91943808ec3bbb899e282d1,conditional_put,existing,1,0
retained-ad80a58dee07,retained-ad80a58dee07-S4-AWS-4-r06,S4-AWS-4,media-service,b971842de91943808ec3bbb899e282d1,conditional_put,conflict,0,0
retained-ad80a58dee07,retained-ad80a58dee07-S4-AWS-4-r06,S4-AWS-4,media-service,b971842de91943808ec3bbb899e282d1,conditional_put,error,0,0
retained-ad80a58dee07,retained-ad80a58dee07-S4-AWS-4-r06,S4-AWS-4,media-service,b971842de91943808ec3bbb899e282d1,conditional_put,attempt_bytes,0,67940
retained-ad80a58dee07,retained-ad80a58dee07-S4-AWS-4-r06,S4-AWS-4,media-service,fdc782ff6e304ef5951f52985b40078d,derivative_get,hit,1,67940
retained-ad80a58dee07,retained-ad80a58dee07-S4-AWS-4-r06,S4-AWS-4,media-service,fdc782ff6e304ef5951f52985b40078d,derivative_get,miss,27,0
retained-ad80a58dee07,retained-ad80a58dee07-S4-AWS-4-r06,S4-AWS-4,media-service,fdc782ff6e304ef5951f52985b40078d,derivative_get,error,0,0
retained-ad80a58dee07,retained-ad80a58dee07-S4-AWS-4-r06,S4-AWS-4,media-service,fdc782ff6e304ef5951f52985b40078d,original_get,success,1,4075024
retained-ad80a58dee07,retained-ad80a58dee07-S4-AWS-4-r06,S4-AWS-4,media-service,fdc782ff6e304ef5951f52985b40078d,original_get,error,0,0
retained-ad80a58dee07,retained-ad80a58dee07-S4-AWS-4-r06,S4-AWS-4,media-service,fdc782ff6e304ef5951f52985b40078d,conditional_put,created,0,0
retained-ad80a58dee07,retained-ad80a58dee07-S4-AWS-4-r06,S4-AWS-4,media-service,fdc782ff6e304ef5951f52985b40078d,conditional_put,existing,1,0
retained-ad80a58dee07,retained-ad80a58dee07-S4-AWS-4-r06,S4-AWS-4,media-service,fdc782ff6e304ef5951f52985b40078d,conditional_put,conflict,0,0
retained-ad80a58dee07,retained-ad80a58dee07-S4-AWS-4-r06,S4-AWS-4,media-service,fdc782ff6e304ef5951f52985b40078d,conditional_put,error,0,0
retained-ad80a58dee07,retained-ad80a58dee07-S4-AWS-4-r06,S4-AWS-4,media-service,fdc782ff6e304ef5951f52985b40078d,conditional_put,attempt_bytes,0,67940
retained-ad80a58dee07,retained-ad80a58dee07-S4-AWS-4-r06,S4-AWS-4,load-generator,,delete_object,success,1,0
retained-ad80a58dee07,retained-ad80a58dee07-S4-AWS-4-r06,S4-AWS-4,load-generator,,head_object,missing,1,0
retained-ad80a58dee07,retained-ad80a58dee07-S4-AWS-4-r06,S4-AWS-4,load-generator,,get_object,success,1,67940
retained-ad80a58dee07,retained-ad80a58dee07-S4-AWS-2-r06,S4-AWS-2,media-service,02965b9adc1b4594a369a885d85b87a3,derivative_get,hit,0,0
retained-ad80a58dee07,retained-ad80a58dee07-S4-AWS-2-r06,S4-AWS-2,media-service,02965b9adc1b4594a369a885d85b87a3,derivative_get,miss,50,0
retained-ad80a58dee07,retained-ad80a58dee07-S4-AWS-2-r06,S4-AWS-2,media-service,02965b9adc1b4594a369a885d85b87a3,derivative_get,error,0,0
retained-ad80a58dee07,retained-ad80a58dee07-S4-AWS-2-r06,S4-AWS-2,media-service,02965b9adc1b4594a369a885d85b87a3,original_get,success,1,4075024
retained-ad80a58dee07,retained-ad80a58dee07-S4-AWS-2-r06,S4-AWS-2,media-service,02965b9adc1b4594a369a885d85b87a3,original_get,error,0,0
retained-ad80a58dee07,retained-ad80a58dee07-S4-AWS-2-r06,S4-AWS-2,media-service,02965b9adc1b4594a369a885d85b87a3,conditional_put,created,1,0
retained-ad80a58dee07,retained-ad80a58dee07-S4-AWS-2-r06,S4-AWS-2,media-service,02965b9adc1b4594a369a885d85b87a3,conditional_put,existing,0,0
retained-ad80a58dee07,retained-ad80a58dee07-S4-AWS-2-r06,S4-AWS-2,media-service,02965b9adc1b4594a369a885d85b87a3,conditional_put,conflict,0,0
retained-ad80a58dee07,retained-ad80a58dee07-S4-AWS-2-r06,S4-AWS-2,media-service,02965b9adc1b4594a369a885d85b87a3,conditional_put,error,0,0
retained-ad80a58dee07,retained-ad80a58dee07-S4-AWS-2-r06,S4-AWS-2,media-service,02965b9adc1b4594a369a885d85b87a3,conditional_put,attempt_bytes,0,67940
retained-ad80a58dee07,retained-ad80a58dee07-S4-AWS-2-r06,S4-AWS-2,media-service,ff455c38fa774b599d4847691b63c291,derivative_get,hit,1,67940
retained-ad80a58dee07,retained-ad80a58dee07-S4-AWS-2-r06,S4-AWS-2,media-service,ff455c38fa774b599d4847691b63c291,derivative_get,miss,52,0
retained-ad80a58dee07,retained-ad80a58dee07-S4-AWS-2-r06,S4-AWS-2,media-service,ff455c38fa774b599d4847691b63c291,derivative_get,error,0,0
retained-ad80a58dee07,retained-ad80a58dee07-S4-AWS-2-r06,S4-AWS-2,media-service,ff455c38fa774b599d4847691b63c291,original_get,success,1,4075024
retained-ad80a58dee07,retained-ad80a58dee07-S4-AWS-2-r06,S4-AWS-2,media-service,ff455c38fa774b599d4847691b63c291,original_get,error,0,0
retained-ad80a58dee07,retained-ad80a58dee07-S4-AWS-2-r06,S4-AWS-2,media-service,ff455c38fa774b599d4847691b63c291,conditional_put,created,0,0
retained-ad80a58dee07,retained-ad80a58dee07-S4-AWS-2-r06,S4-AWS-2,media-service,ff455c38fa774b599d4847691b63c291,conditional_put,existing,1,0
retained-ad80a58dee07,retained-ad80a58dee07-S4-AWS-2-r06,S4-AWS-2,media-service,ff455c38fa774b599d4847691b63c291,conditional_put,conflict,0,0
retained-ad80a58dee07,retained-ad80a58dee07-S4-AWS-2-r06,S4-AWS-2,media-service,ff455c38fa774b599d4847691b63c291,conditional_put,error,0,0
retained-ad80a58dee07,retained-ad80a58dee07-S4-AWS-2-r06,S4-AWS-2,media-service,ff455c38fa774b599d4847691b63c291,conditional_put,attempt_bytes,0,67940
retained-ad80a58dee07,retained-ad80a58dee07-S4-AWS-2-r06,S4-AWS-2,load-generator,,delete_object,success,1,0
retained-ad80a58dee07,retained-ad80a58dee07-S4-AWS-2-r06,S4-AWS-2,load-generator,,head_object,missing,1,0
retained-ad80a58dee07,retained-ad80a58dee07-S4-AWS-2-r06,S4-AWS-2,load-generator,,get_object,success,1,67940
retained-ad80a58dee07,retained-ad80a58dee07-S4-AWS-1-CONTROL-r06,S4-AWS-1-CONTROL,media-service,19c7928974ed4166b254fcce1564422a,derivative_get,hit,0,0
retained-ad80a58dee07,retained-ad80a58dee07-S4-AWS-1-CONTROL-r06,S4-AWS-1-CONTROL,media-service,19c7928974ed4166b254fcce1564422a,derivative_get,miss,101,0
retained-ad80a58dee07,retained-ad80a58dee07-S4-AWS-1-CONTROL-r06,S4-AWS-1-CONTROL,media-service,19c7928974ed4166b254fcce1564422a,derivative_get,error,0,0
retained-ad80a58dee07,retained-ad80a58dee07-S4-AWS-1-CONTROL-r06,S4-AWS-1-CONTROL,media-service,19c7928974ed4166b254fcce1564422a,original_get,success,1,4075024
retained-ad80a58dee07,retained-ad80a58dee07-S4-AWS-1-CONTROL-r06,S4-AWS-1-CONTROL,media-service,19c7928974ed4166b254fcce1564422a,original_get,error,0,0
retained-ad80a58dee07,retained-ad80a58dee07-S4-AWS-1-CONTROL-r06,S4-AWS-1-CONTROL,media-service,19c7928974ed4166b254fcce1564422a,conditional_put,created,1,0
retained-ad80a58dee07,retained-ad80a58dee07-S4-AWS-1-CONTROL-r06,S4-AWS-1-CONTROL,media-service,19c7928974ed4166b254fcce1564422a,conditional_put,existing,0,0
retained-ad80a58dee07,retained-ad80a58dee07-S4-AWS-1-CONTROL-r06,S4-AWS-1-CONTROL,media-service,19c7928974ed4166b254fcce1564422a,conditional_put,conflict,0,0
retained-ad80a58dee07,retained-ad80a58dee07-S4-AWS-1-CONTROL-r06,S4-AWS-1-CONTROL,media-service,19c7928974ed4166b254fcce1564422a,conditional_put,error,0,0
retained-ad80a58dee07,retained-ad80a58dee07-S4-AWS-1-CONTROL-r06,S4-AWS-1-CONTROL,media-service,19c7928974ed4166b254fcce1564422a,conditional_put,attempt_bytes,0,67940
retained-ad80a58dee07,retained-ad80a58dee07-S4-AWS-1-CONTROL-r06,S4-AWS-1-CONTROL,load-generator,,delete_object,success,1,0
retained-ad80a58dee07,retained-ad80a58dee07-S4-AWS-1-CONTROL-r06,S4-AWS-1-CONTROL,load-generator,,head_object,missing,1,0
retained-ad80a58dee07,retained-ad80a58dee07-S4-AWS-1-CONTROL-r06,S4-AWS-1-CONTROL,load-generator,,get_object,success,1,67940
retained-ad80a58dee07,retained-ad80a58dee07-S4-AWS-1-CONTROL-r07,S4-AWS-1-CONTROL,media-service,19c7928974ed4166b254fcce1564422a,derivative_get,hit,0,0
retained-ad80a58dee07,retained-ad80a58dee07-S4-AWS-1-CONTROL-r07,S4-AWS-1-CONTROL,media-service,19c7928974ed4166b254fcce1564422a,derivative_get,miss,101,0
retained-ad80a58dee07,retained-ad80a58dee07-S4-AWS-1-CONTROL-r07,S4-AWS-1-CONTROL,media-service,19c7928974ed4166b254fcce1564422a,derivative_get,error,0,0
retained-ad80a58dee07,retained-ad80a58dee07-S4-AWS-1-CONTROL-r07,S4-AWS-1-CONTROL,media-service,19c7928974ed4166b254fcce1564422a,original_get,success,1,4075024
retained-ad80a58dee07,retained-ad80a58dee07-S4-AWS-1-CONTROL-r07,S4-AWS-1-CONTROL,media-service,19c7928974ed4166b254fcce1564422a,original_get,error,0,0
retained-ad80a58dee07,retained-ad80a58dee07-S4-AWS-1-CONTROL-r07,S4-AWS-1-CONTROL,media-service,19c7928974ed4166b254fcce1564422a,conditional_put,created,1,0
retained-ad80a58dee07,retained-ad80a58dee07-S4-AWS-1-CONTROL-r07,S4-AWS-1-CONTROL,media-service,19c7928974ed4166b254fcce1564422a,conditional_put,existing,0,0
retained-ad80a58dee07,retained-ad80a58dee07-S4-AWS-1-CONTROL-r07,S4-AWS-1-CONTROL,media-service,19c7928974ed4166b254fcce1564422a,conditional_put,conflict,0,0
retained-ad80a58dee07,retained-ad80a58dee07-S4-AWS-1-CONTROL-r07,S4-AWS-1-CONTROL,media-service,19c7928974ed4166b254fcce1564422a,conditional_put,error,0,0
retained-ad80a58dee07,retained-ad80a58dee07-S4-AWS-1-CONTROL-r07,S4-AWS-1-CONTROL,media-service,19c7928974ed4166b254fcce1564422a,conditional_put,attempt_bytes,0,67940
retained-ad80a58dee07,retained-ad80a58dee07-S4-AWS-1-CONTROL-r07,S4-AWS-1-CONTROL,load-generator,,delete_object,success,1,0
retained-ad80a58dee07,retained-ad80a58dee07-S4-AWS-1-CONTROL-r07,S4-AWS-1-CONTROL,load-generator,,head_object,missing,1,0
retained-ad80a58dee07,retained-ad80a58dee07-S4-AWS-1-CONTROL-r07,S4-AWS-1-CONTROL,load-generator,,get_object,success,1,67940
retained-ad80a58dee07,retained-ad80a58dee07-S4-AWS-2-r07,S4-AWS-2,media-service,02965b9adc1b4594a369a885d85b87a3,derivative_get,hit,0,0
retained-ad80a58dee07,retained-ad80a58dee07-S4-AWS-2-r07,S4-AWS-2,media-service,02965b9adc1b4594a369a885d85b87a3,derivative_get,miss,51,0
retained-ad80a58dee07,retained-ad80a58dee07-S4-AWS-2-r07,S4-AWS-2,media-service,02965b9adc1b4594a369a885d85b87a3,derivative_get,error,0,0
retained-ad80a58dee07,retained-ad80a58dee07-S4-AWS-2-r07,S4-AWS-2,media-service,02965b9adc1b4594a369a885d85b87a3,original_get,success,1,4075024
retained-ad80a58dee07,retained-ad80a58dee07-S4-AWS-2-r07,S4-AWS-2,media-service,02965b9adc1b4594a369a885d85b87a3,original_get,error,0,0
retained-ad80a58dee07,retained-ad80a58dee07-S4-AWS-2-r07,S4-AWS-2,media-service,02965b9adc1b4594a369a885d85b87a3,conditional_put,created,1,0
retained-ad80a58dee07,retained-ad80a58dee07-S4-AWS-2-r07,S4-AWS-2,media-service,02965b9adc1b4594a369a885d85b87a3,conditional_put,existing,0,0
retained-ad80a58dee07,retained-ad80a58dee07-S4-AWS-2-r07,S4-AWS-2,media-service,02965b9adc1b4594a369a885d85b87a3,conditional_put,conflict,0,0
retained-ad80a58dee07,retained-ad80a58dee07-S4-AWS-2-r07,S4-AWS-2,media-service,02965b9adc1b4594a369a885d85b87a3,conditional_put,error,0,0
retained-ad80a58dee07,retained-ad80a58dee07-S4-AWS-2-r07,S4-AWS-2,media-service,02965b9adc1b4594a369a885d85b87a3,conditional_put,attempt_bytes,0,67940
retained-ad80a58dee07,retained-ad80a58dee07-S4-AWS-2-r07,S4-AWS-2,media-service,ff455c38fa774b599d4847691b63c291,derivative_get,hit,1,67940
retained-ad80a58dee07,retained-ad80a58dee07-S4-AWS-2-r07,S4-AWS-2,media-service,ff455c38fa774b599d4847691b63c291,derivative_get,miss,51,0
retained-ad80a58dee07,retained-ad80a58dee07-S4-AWS-2-r07,S4-AWS-2,media-service,ff455c38fa774b599d4847691b63c291,derivative_get,error,0,0
retained-ad80a58dee07,retained-ad80a58dee07-S4-AWS-2-r07,S4-AWS-2,media-service,ff455c38fa774b599d4847691b63c291,original_get,success,1,4075024
retained-ad80a58dee07,retained-ad80a58dee07-S4-AWS-2-r07,S4-AWS-2,media-service,ff455c38fa774b599d4847691b63c291,original_get,error,0,0
retained-ad80a58dee07,retained-ad80a58dee07-S4-AWS-2-r07,S4-AWS-2,media-service,ff455c38fa774b599d4847691b63c291,conditional_put,created,0,0
retained-ad80a58dee07,retained-ad80a58dee07-S4-AWS-2-r07,S4-AWS-2,media-service,ff455c38fa774b599d4847691b63c291,conditional_put,existing,1,0
retained-ad80a58dee07,retained-ad80a58dee07-S4-AWS-2-r07,S4-AWS-2,media-service,ff455c38fa774b599d4847691b63c291,conditional_put,conflict,0,0
retained-ad80a58dee07,retained-ad80a58dee07-S4-AWS-2-r07,S4-AWS-2,media-service,ff455c38fa774b599d4847691b63c291,conditional_put,error,0,0
retained-ad80a58dee07,retained-ad80a58dee07-S4-AWS-2-r07,S4-AWS-2,media-service,ff455c38fa774b599d4847691b63c291,conditional_put,attempt_bytes,0,67940
retained-ad80a58dee07,retained-ad80a58dee07-S4-AWS-2-r07,S4-AWS-2,load-generator,,delete_object,success,1,0
retained-ad80a58dee07,retained-ad80a58dee07-S4-AWS-2-r07,S4-AWS-2,load-generator,,head_object,missing,1,0
retained-ad80a58dee07,retained-ad80a58dee07-S4-AWS-2-r07,S4-AWS-2,load-generator,,get_object,success,1,67940
retained-ad80a58dee07,retained-ad80a58dee07-S4-AWS-4-r07,S4-AWS-4,media-service,050220889959489bb6e4f9bfb1fc0f12,derivative_get,hit,1,67940
retained-ad80a58dee07,retained-ad80a58dee07-S4-AWS-4-r07,S4-AWS-4,media-service,050220889959489bb6e4f9bfb1fc0f12,derivative_get,miss,26,0
retained-ad80a58dee07,retained-ad80a58dee07-S4-AWS-4-r07,S4-AWS-4,media-service,050220889959489bb6e4f9bfb1fc0f12,derivative_get,error,0,0
retained-ad80a58dee07,retained-ad80a58dee07-S4-AWS-4-r07,S4-AWS-4,media-service,050220889959489bb6e4f9bfb1fc0f12,original_get,success,1,4075024
retained-ad80a58dee07,retained-ad80a58dee07-S4-AWS-4-r07,S4-AWS-4,media-service,050220889959489bb6e4f9bfb1fc0f12,original_get,error,0,0
retained-ad80a58dee07,retained-ad80a58dee07-S4-AWS-4-r07,S4-AWS-4,media-service,050220889959489bb6e4f9bfb1fc0f12,conditional_put,created,0,0
retained-ad80a58dee07,retained-ad80a58dee07-S4-AWS-4-r07,S4-AWS-4,media-service,050220889959489bb6e4f9bfb1fc0f12,conditional_put,existing,1,0
retained-ad80a58dee07,retained-ad80a58dee07-S4-AWS-4-r07,S4-AWS-4,media-service,050220889959489bb6e4f9bfb1fc0f12,conditional_put,conflict,0,0
retained-ad80a58dee07,retained-ad80a58dee07-S4-AWS-4-r07,S4-AWS-4,media-service,050220889959489bb6e4f9bfb1fc0f12,conditional_put,error,0,0
retained-ad80a58dee07,retained-ad80a58dee07-S4-AWS-4-r07,S4-AWS-4,media-service,050220889959489bb6e4f9bfb1fc0f12,conditional_put,attempt_bytes,0,67940
retained-ad80a58dee07,retained-ad80a58dee07-S4-AWS-4-r07,S4-AWS-4,media-service,7d2442d248464707a35dc83c0a8489f6,derivative_get,hit,0,0
retained-ad80a58dee07,retained-ad80a58dee07-S4-AWS-4-r07,S4-AWS-4,media-service,7d2442d248464707a35dc83c0a8489f6,derivative_get,miss,25,0
retained-ad80a58dee07,retained-ad80a58dee07-S4-AWS-4-r07,S4-AWS-4,media-service,7d2442d248464707a35dc83c0a8489f6,derivative_get,error,0,0
retained-ad80a58dee07,retained-ad80a58dee07-S4-AWS-4-r07,S4-AWS-4,media-service,7d2442d248464707a35dc83c0a8489f6,original_get,success,1,4075024
retained-ad80a58dee07,retained-ad80a58dee07-S4-AWS-4-r07,S4-AWS-4,media-service,7d2442d248464707a35dc83c0a8489f6,original_get,error,0,0
retained-ad80a58dee07,retained-ad80a58dee07-S4-AWS-4-r07,S4-AWS-4,media-service,7d2442d248464707a35dc83c0a8489f6,conditional_put,created,1,0
retained-ad80a58dee07,retained-ad80a58dee07-S4-AWS-4-r07,S4-AWS-4,media-service,7d2442d248464707a35dc83c0a8489f6,conditional_put,existing,0,0
retained-ad80a58dee07,retained-ad80a58dee07-S4-AWS-4-r07,S4-AWS-4,media-service,7d2442d248464707a35dc83c0a8489f6,conditional_put,conflict,0,0
retained-ad80a58dee07,retained-ad80a58dee07-S4-AWS-4-r07,S4-AWS-4,media-service,7d2442d248464707a35dc83c0a8489f6,conditional_put,error,0,0
retained-ad80a58dee07,retained-ad80a58dee07-S4-AWS-4-r07,S4-AWS-4,media-service,7d2442d248464707a35dc83c0a8489f6,conditional_put,attempt_bytes,0,67940
retained-ad80a58dee07,retained-ad80a58dee07-S4-AWS-4-r07,S4-AWS-4,media-service,b971842de91943808ec3bbb899e282d1,derivative_get,hit,1,67940
retained-ad80a58dee07,retained-ad80a58dee07-S4-AWS-4-r07,S4-AWS-4,media-service,b971842de91943808ec3bbb899e282d1,derivative_get,miss,27,0
retained-ad80a58dee07,retained-ad80a58dee07-S4-AWS-4-r07,S4-AWS-4,media-service,b971842de91943808ec3bbb899e282d1,derivative_get,error,0,0
retained-ad80a58dee07,retained-ad80a58dee07-S4-AWS-4-r07,S4-AWS-4,media-service,b971842de91943808ec3bbb899e282d1,original_get,success,1,4075024
retained-ad80a58dee07,retained-ad80a58dee07-S4-AWS-4-r07,S4-AWS-4,media-service,b971842de91943808ec3bbb899e282d1,original_get,error,0,0
retained-ad80a58dee07,retained-ad80a58dee07-S4-AWS-4-r07,S4-AWS-4,media-service,b971842de91943808ec3bbb899e282d1,conditional_put,created,0,0
retained-ad80a58dee07,retained-ad80a58dee07-S4-AWS-4-r07,S4-AWS-4,media-service,b971842de91943808ec3bbb899e282d1,conditional_put,existing,1,0
retained-ad80a58dee07,retained-ad80a58dee07-S4-AWS-4-r07,S4-AWS-4,media-service,b971842de91943808ec3bbb899e282d1,conditional_put,conflict,0,0
retained-ad80a58dee07,retained-ad80a58dee07-S4-AWS-4-r07,S4-AWS-4,media-service,b971842de91943808ec3bbb899e282d1,conditional_put,error,0,0
retained-ad80a58dee07,retained-ad80a58dee07-S4-AWS-4-r07,S4-AWS-4,media-service,b971842de91943808ec3bbb899e282d1,conditional_put,attempt_bytes,0,67940
retained-ad80a58dee07,retained-ad80a58dee07-S4-AWS-4-r07,S4-AWS-4,media-service,fdc782ff6e304ef5951f52985b40078d,derivative_get,hit,1,67940
retained-ad80a58dee07,retained-ad80a58dee07-S4-AWS-4-r07,S4-AWS-4,media-service,fdc782ff6e304ef5951f52985b40078d,derivative_get,miss,26,0
retained-ad80a58dee07,retained-ad80a58dee07-S4-AWS-4-r07,S4-AWS-4,media-service,fdc782ff6e304ef5951f52985b40078d,derivative_get,error,0,0
retained-ad80a58dee07,retained-ad80a58dee07-S4-AWS-4-r07,S4-AWS-4,media-service,fdc782ff6e304ef5951f52985b40078d,original_get,success,1,4075024
retained-ad80a58dee07,retained-ad80a58dee07-S4-AWS-4-r07,S4-AWS-4,media-service,fdc782ff6e304ef5951f52985b40078d,original_get,error,0,0
retained-ad80a58dee07,retained-ad80a58dee07-S4-AWS-4-r07,S4-AWS-4,media-service,fdc782ff6e304ef5951f52985b40078d,conditional_put,created,0,0
retained-ad80a58dee07,retained-ad80a58dee07-S4-AWS-4-r07,S4-AWS-4,media-service,fdc782ff6e304ef5951f52985b40078d,conditional_put,existing,1,0
retained-ad80a58dee07,retained-ad80a58dee07-S4-AWS-4-r07,S4-AWS-4,media-service,fdc782ff6e304ef5951f52985b40078d,conditional_put,conflict,0,0
retained-ad80a58dee07,retained-ad80a58dee07-S4-AWS-4-r07,S4-AWS-4,media-service,fdc782ff6e304ef5951f52985b40078d,conditional_put,error,0,0
retained-ad80a58dee07,retained-ad80a58dee07-S4-AWS-4-r07,S4-AWS-4,media-service,fdc782ff6e304ef5951f52985b40078d,conditional_put,attempt_bytes,0,67940
retained-ad80a58dee07,retained-ad80a58dee07-S4-AWS-4-r07,S4-AWS-4,load-generator,,delete_object,success,1,0
retained-ad80a58dee07,retained-ad80a58dee07-S4-AWS-4-r07,S4-AWS-4,load-generator,,head_object,missing,1,0
retained-ad80a58dee07,retained-ad80a58dee07-S4-AWS-4-r07,S4-AWS-4,load-generator,,get_object,success,1,67940
retained-ad80a58dee07,retained-ad80a58dee07-S4-AWS-4-r08,S4-AWS-4,media-service,050220889959489bb6e4f9bfb1fc0f12,derivative_get,hit,1,67940
retained-ad80a58dee07,retained-ad80a58dee07-S4-AWS-4-r08,S4-AWS-4,media-service,050220889959489bb6e4f9bfb1fc0f12,derivative_get,miss,26,0
retained-ad80a58dee07,retained-ad80a58dee07-S4-AWS-4-r08,S4-AWS-4,media-service,050220889959489bb6e4f9bfb1fc0f12,derivative_get,error,0,0
retained-ad80a58dee07,retained-ad80a58dee07-S4-AWS-4-r08,S4-AWS-4,media-service,050220889959489bb6e4f9bfb1fc0f12,original_get,success,1,4075024
retained-ad80a58dee07,retained-ad80a58dee07-S4-AWS-4-r08,S4-AWS-4,media-service,050220889959489bb6e4f9bfb1fc0f12,original_get,error,0,0
retained-ad80a58dee07,retained-ad80a58dee07-S4-AWS-4-r08,S4-AWS-4,media-service,050220889959489bb6e4f9bfb1fc0f12,conditional_put,created,0,0
retained-ad80a58dee07,retained-ad80a58dee07-S4-AWS-4-r08,S4-AWS-4,media-service,050220889959489bb6e4f9bfb1fc0f12,conditional_put,existing,1,0
retained-ad80a58dee07,retained-ad80a58dee07-S4-AWS-4-r08,S4-AWS-4,media-service,050220889959489bb6e4f9bfb1fc0f12,conditional_put,conflict,0,0
retained-ad80a58dee07,retained-ad80a58dee07-S4-AWS-4-r08,S4-AWS-4,media-service,050220889959489bb6e4f9bfb1fc0f12,conditional_put,error,0,0
retained-ad80a58dee07,retained-ad80a58dee07-S4-AWS-4-r08,S4-AWS-4,media-service,050220889959489bb6e4f9bfb1fc0f12,conditional_put,attempt_bytes,0,67940
retained-ad80a58dee07,retained-ad80a58dee07-S4-AWS-4-r08,S4-AWS-4,media-service,7d2442d248464707a35dc83c0a8489f6,derivative_get,hit,0,0
retained-ad80a58dee07,retained-ad80a58dee07-S4-AWS-4-r08,S4-AWS-4,media-service,7d2442d248464707a35dc83c0a8489f6,derivative_get,miss,26,0
retained-ad80a58dee07,retained-ad80a58dee07-S4-AWS-4-r08,S4-AWS-4,media-service,7d2442d248464707a35dc83c0a8489f6,derivative_get,error,0,0
retained-ad80a58dee07,retained-ad80a58dee07-S4-AWS-4-r08,S4-AWS-4,media-service,7d2442d248464707a35dc83c0a8489f6,original_get,success,1,4075024
retained-ad80a58dee07,retained-ad80a58dee07-S4-AWS-4-r08,S4-AWS-4,media-service,7d2442d248464707a35dc83c0a8489f6,original_get,error,0,0
retained-ad80a58dee07,retained-ad80a58dee07-S4-AWS-4-r08,S4-AWS-4,media-service,7d2442d248464707a35dc83c0a8489f6,conditional_put,created,1,0
retained-ad80a58dee07,retained-ad80a58dee07-S4-AWS-4-r08,S4-AWS-4,media-service,7d2442d248464707a35dc83c0a8489f6,conditional_put,existing,0,0
retained-ad80a58dee07,retained-ad80a58dee07-S4-AWS-4-r08,S4-AWS-4,media-service,7d2442d248464707a35dc83c0a8489f6,conditional_put,conflict,0,0
retained-ad80a58dee07,retained-ad80a58dee07-S4-AWS-4-r08,S4-AWS-4,media-service,7d2442d248464707a35dc83c0a8489f6,conditional_put,error,0,0
retained-ad80a58dee07,retained-ad80a58dee07-S4-AWS-4-r08,S4-AWS-4,media-service,7d2442d248464707a35dc83c0a8489f6,conditional_put,attempt_bytes,0,67940
retained-ad80a58dee07,retained-ad80a58dee07-S4-AWS-4-r08,S4-AWS-4,media-service,b971842de91943808ec3bbb899e282d1,derivative_get,hit,1,67940
retained-ad80a58dee07,retained-ad80a58dee07-S4-AWS-4-r08,S4-AWS-4,media-service,b971842de91943808ec3bbb899e282d1,derivative_get,miss,26,0
retained-ad80a58dee07,retained-ad80a58dee07-S4-AWS-4-r08,S4-AWS-4,media-service,b971842de91943808ec3bbb899e282d1,derivative_get,error,0,0
retained-ad80a58dee07,retained-ad80a58dee07-S4-AWS-4-r08,S4-AWS-4,media-service,b971842de91943808ec3bbb899e282d1,original_get,success,1,4075024
retained-ad80a58dee07,retained-ad80a58dee07-S4-AWS-4-r08,S4-AWS-4,media-service,b971842de91943808ec3bbb899e282d1,original_get,error,0,0
retained-ad80a58dee07,retained-ad80a58dee07-S4-AWS-4-r08,S4-AWS-4,media-service,b971842de91943808ec3bbb899e282d1,conditional_put,created,0,0
retained-ad80a58dee07,retained-ad80a58dee07-S4-AWS-4-r08,S4-AWS-4,media-service,b971842de91943808ec3bbb899e282d1,conditional_put,existing,1,0
retained-ad80a58dee07,retained-ad80a58dee07-S4-AWS-4-r08,S4-AWS-4,media-service,b971842de91943808ec3bbb899e282d1,conditional_put,conflict,0,0
retained-ad80a58dee07,retained-ad80a58dee07-S4-AWS-4-r08,S4-AWS-4,media-service,b971842de91943808ec3bbb899e282d1,conditional_put,error,0,0
retained-ad80a58dee07,retained-ad80a58dee07-S4-AWS-4-r08,S4-AWS-4,media-service,b971842de91943808ec3bbb899e282d1,conditional_put,attempt_bytes,0,67940
retained-ad80a58dee07,retained-ad80a58dee07-S4-AWS-4-r08,S4-AWS-4,media-service,fdc782ff6e304ef5951f52985b40078d,derivative_get,hit,1,67940
retained-ad80a58dee07,retained-ad80a58dee07-S4-AWS-4-r08,S4-AWS-4,media-service,fdc782ff6e304ef5951f52985b40078d,derivative_get,miss,26,0
retained-ad80a58dee07,retained-ad80a58dee07-S4-AWS-4-r08,S4-AWS-4,media-service,fdc782ff6e304ef5951f52985b40078d,derivative_get,error,0,0
retained-ad80a58dee07,retained-ad80a58dee07-S4-AWS-4-r08,S4-AWS-4,media-service,fdc782ff6e304ef5951f52985b40078d,original_get,success,1,4075024
retained-ad80a58dee07,retained-ad80a58dee07-S4-AWS-4-r08,S4-AWS-4,media-service,fdc782ff6e304ef5951f52985b40078d,original_get,error,0,0
retained-ad80a58dee07,retained-ad80a58dee07-S4-AWS-4-r08,S4-AWS-4,media-service,fdc782ff6e304ef5951f52985b40078d,conditional_put,created,0,0
retained-ad80a58dee07,retained-ad80a58dee07-S4-AWS-4-r08,S4-AWS-4,media-service,fdc782ff6e304ef5951f52985b40078d,conditional_put,existing,1,0
retained-ad80a58dee07,retained-ad80a58dee07-S4-AWS-4-r08,S4-AWS-4,media-service,fdc782ff6e304ef5951f52985b40078d,conditional_put,conflict,0,0
retained-ad80a58dee07,retained-ad80a58dee07-S4-AWS-4-r08,S4-AWS-4,media-service,fdc782ff6e304ef5951f52985b40078d,conditional_put,error,0,0
retained-ad80a58dee07,retained-ad80a58dee07-S4-AWS-4-r08,S4-AWS-4,media-service,fdc782ff6e304ef5951f52985b40078d,conditional_put,attempt_bytes,0,67940
retained-ad80a58dee07,retained-ad80a58dee07-S4-AWS-4-r08,S4-AWS-4,load-generator,,delete_object,success,1,0
retained-ad80a58dee07,retained-ad80a58dee07-S4-AWS-4-r08,S4-AWS-4,load-generator,,head_object,missing,1,0
retained-ad80a58dee07,retained-ad80a58dee07-S4-AWS-4-r08,S4-AWS-4,load-generator,,get_object,success,1,67940
retained-ad80a58dee07,retained-ad80a58dee07-S4-AWS-2-r08,S4-AWS-2,media-service,02965b9adc1b4594a369a885d85b87a3,derivative_get,hit,0,0
retained-ad80a58dee07,retained-ad80a58dee07-S4-AWS-2-r08,S4-AWS-2,media-service,02965b9adc1b4594a369a885d85b87a3,derivative_get,miss,51,0
retained-ad80a58dee07,retained-ad80a58dee07-S4-AWS-2-r08,S4-AWS-2,media-service,02965b9adc1b4594a369a885d85b87a3,derivative_get,error,0,0
retained-ad80a58dee07,retained-ad80a58dee07-S4-AWS-2-r08,S4-AWS-2,media-service,02965b9adc1b4594a369a885d85b87a3,original_get,success,1,4075024
retained-ad80a58dee07,retained-ad80a58dee07-S4-AWS-2-r08,S4-AWS-2,media-service,02965b9adc1b4594a369a885d85b87a3,original_get,error,0,0
retained-ad80a58dee07,retained-ad80a58dee07-S4-AWS-2-r08,S4-AWS-2,media-service,02965b9adc1b4594a369a885d85b87a3,conditional_put,created,1,0
retained-ad80a58dee07,retained-ad80a58dee07-S4-AWS-2-r08,S4-AWS-2,media-service,02965b9adc1b4594a369a885d85b87a3,conditional_put,existing,0,0
retained-ad80a58dee07,retained-ad80a58dee07-S4-AWS-2-r08,S4-AWS-2,media-service,02965b9adc1b4594a369a885d85b87a3,conditional_put,conflict,0,0
retained-ad80a58dee07,retained-ad80a58dee07-S4-AWS-2-r08,S4-AWS-2,media-service,02965b9adc1b4594a369a885d85b87a3,conditional_put,error,0,0
retained-ad80a58dee07,retained-ad80a58dee07-S4-AWS-2-r08,S4-AWS-2,media-service,02965b9adc1b4594a369a885d85b87a3,conditional_put,attempt_bytes,0,67940
retained-ad80a58dee07,retained-ad80a58dee07-S4-AWS-2-r08,S4-AWS-2,media-service,ff455c38fa774b599d4847691b63c291,derivative_get,hit,1,67940
retained-ad80a58dee07,retained-ad80a58dee07-S4-AWS-2-r08,S4-AWS-2,media-service,ff455c38fa774b599d4847691b63c291,derivative_get,miss,51,0
retained-ad80a58dee07,retained-ad80a58dee07-S4-AWS-2-r08,S4-AWS-2,media-service,ff455c38fa774b599d4847691b63c291,derivative_get,error,0,0
retained-ad80a58dee07,retained-ad80a58dee07-S4-AWS-2-r08,S4-AWS-2,media-service,ff455c38fa774b599d4847691b63c291,original_get,success,1,4075024
retained-ad80a58dee07,retained-ad80a58dee07-S4-AWS-2-r08,S4-AWS-2,media-service,ff455c38fa774b599d4847691b63c291,original_get,error,0,0
retained-ad80a58dee07,retained-ad80a58dee07-S4-AWS-2-r08,S4-AWS-2,media-service,ff455c38fa774b599d4847691b63c291,conditional_put,created,0,0
retained-ad80a58dee07,retained-ad80a58dee07-S4-AWS-2-r08,S4-AWS-2,media-service,ff455c38fa774b599d4847691b63c291,conditional_put,existing,1,0
retained-ad80a58dee07,retained-ad80a58dee07-S4-AWS-2-r08,S4-AWS-2,media-service,ff455c38fa774b599d4847691b63c291,conditional_put,conflict,0,0
retained-ad80a58dee07,retained-ad80a58dee07-S4-AWS-2-r08,S4-AWS-2,media-service,ff455c38fa774b599d4847691b63c291,conditional_put,error,0,0
retained-ad80a58dee07,retained-ad80a58dee07-S4-AWS-2-r08,S4-AWS-2,media-service,ff455c38fa774b599d4847691b63c291,conditional_put,attempt_bytes,0,67940
retained-ad80a58dee07,retained-ad80a58dee07-S4-AWS-2-r08,S4-AWS-2,load-generator,,delete_object,success,1,0
retained-ad80a58dee07,retained-ad80a58dee07-S4-AWS-2-r08,S4-AWS-2,load-generator,,head_object,missing,1,0
retained-ad80a58dee07,retained-ad80a58dee07-S4-AWS-2-r08,S4-AWS-2,load-generator,,get_object,success,1,67940
retained-ad80a58dee07,retained-ad80a58dee07-S4-AWS-1-CONTROL-r08,S4-AWS-1-CONTROL,media-service,19c7928974ed4166b254fcce1564422a,derivative_get,hit,0,0
retained-ad80a58dee07,retained-ad80a58dee07-S4-AWS-1-CONTROL-r08,S4-AWS-1-CONTROL,media-service,19c7928974ed4166b254fcce1564422a,derivative_get,miss,101,0
retained-ad80a58dee07,retained-ad80a58dee07-S4-AWS-1-CONTROL-r08,S4-AWS-1-CONTROL,media-service,19c7928974ed4166b254fcce1564422a,derivative_get,error,0,0
retained-ad80a58dee07,retained-ad80a58dee07-S4-AWS-1-CONTROL-r08,S4-AWS-1-CONTROL,media-service,19c7928974ed4166b254fcce1564422a,original_get,success,1,4075024
retained-ad80a58dee07,retained-ad80a58dee07-S4-AWS-1-CONTROL-r08,S4-AWS-1-CONTROL,media-service,19c7928974ed4166b254fcce1564422a,original_get,error,0,0
retained-ad80a58dee07,retained-ad80a58dee07-S4-AWS-1-CONTROL-r08,S4-AWS-1-CONTROL,media-service,19c7928974ed4166b254fcce1564422a,conditional_put,created,1,0
retained-ad80a58dee07,retained-ad80a58dee07-S4-AWS-1-CONTROL-r08,S4-AWS-1-CONTROL,media-service,19c7928974ed4166b254fcce1564422a,conditional_put,existing,0,0
retained-ad80a58dee07,retained-ad80a58dee07-S4-AWS-1-CONTROL-r08,S4-AWS-1-CONTROL,media-service,19c7928974ed4166b254fcce1564422a,conditional_put,conflict,0,0
retained-ad80a58dee07,retained-ad80a58dee07-S4-AWS-1-CONTROL-r08,S4-AWS-1-CONTROL,media-service,19c7928974ed4166b254fcce1564422a,conditional_put,error,0,0
retained-ad80a58dee07,retained-ad80a58dee07-S4-AWS-1-CONTROL-r08,S4-AWS-1-CONTROL,media-service,19c7928974ed4166b254fcce1564422a,conditional_put,attempt_bytes,0,67940
retained-ad80a58dee07,retained-ad80a58dee07-S4-AWS-1-CONTROL-r08,S4-AWS-1-CONTROL,load-generator,,delete_object,success,1,0
retained-ad80a58dee07,retained-ad80a58dee07-S4-AWS-1-CONTROL-r08,S4-AWS-1-CONTROL,load-generator,,head_object,missing,1,0
retained-ad80a58dee07,retained-ad80a58dee07-S4-AWS-1-CONTROL-r08,S4-AWS-1-CONTROL,load-generator,,get_object,success,1,67940
retained-ad80a58dee07,retained-ad80a58dee07-S4-AWS-1-CONTROL-r09,S4-AWS-1-CONTROL,media-service,19c7928974ed4166b254fcce1564422a,derivative_get,hit,0,0
retained-ad80a58dee07,retained-ad80a58dee07-S4-AWS-1-CONTROL-r09,S4-AWS-1-CONTROL,media-service,19c7928974ed4166b254fcce1564422a,derivative_get,miss,101,0
retained-ad80a58dee07,retained-ad80a58dee07-S4-AWS-1-CONTROL-r09,S4-AWS-1-CONTROL,media-service,19c7928974ed4166b254fcce1564422a,derivative_get,error,0,0
retained-ad80a58dee07,retained-ad80a58dee07-S4-AWS-1-CONTROL-r09,S4-AWS-1-CONTROL,media-service,19c7928974ed4166b254fcce1564422a,original_get,success,1,4075024
retained-ad80a58dee07,retained-ad80a58dee07-S4-AWS-1-CONTROL-r09,S4-AWS-1-CONTROL,media-service,19c7928974ed4166b254fcce1564422a,original_get,error,0,0
retained-ad80a58dee07,retained-ad80a58dee07-S4-AWS-1-CONTROL-r09,S4-AWS-1-CONTROL,media-service,19c7928974ed4166b254fcce1564422a,conditional_put,created,1,0
retained-ad80a58dee07,retained-ad80a58dee07-S4-AWS-1-CONTROL-r09,S4-AWS-1-CONTROL,media-service,19c7928974ed4166b254fcce1564422a,conditional_put,existing,0,0
retained-ad80a58dee07,retained-ad80a58dee07-S4-AWS-1-CONTROL-r09,S4-AWS-1-CONTROL,media-service,19c7928974ed4166b254fcce1564422a,conditional_put,conflict,0,0
retained-ad80a58dee07,retained-ad80a58dee07-S4-AWS-1-CONTROL-r09,S4-AWS-1-CONTROL,media-service,19c7928974ed4166b254fcce1564422a,conditional_put,error,0,0
retained-ad80a58dee07,retained-ad80a58dee07-S4-AWS-1-CONTROL-r09,S4-AWS-1-CONTROL,media-service,19c7928974ed4166b254fcce1564422a,conditional_put,attempt_bytes,0,67940
retained-ad80a58dee07,retained-ad80a58dee07-S4-AWS-1-CONTROL-r09,S4-AWS-1-CONTROL,load-generator,,delete_object,success,1,0
retained-ad80a58dee07,retained-ad80a58dee07-S4-AWS-1-CONTROL-r09,S4-AWS-1-CONTROL,load-generator,,head_object,missing,1,0
retained-ad80a58dee07,retained-ad80a58dee07-S4-AWS-1-CONTROL-r09,S4-AWS-1-CONTROL,load-generator,,get_object,success,1,67940
retained-ad80a58dee07,retained-ad80a58dee07-S4-AWS-2-r09,S4-AWS-2,media-service,02965b9adc1b4594a369a885d85b87a3,derivative_get,hit,1,67940
retained-ad80a58dee07,retained-ad80a58dee07-S4-AWS-2-r09,S4-AWS-2,media-service,02965b9adc1b4594a369a885d85b87a3,derivative_get,miss,51,0
retained-ad80a58dee07,retained-ad80a58dee07-S4-AWS-2-r09,S4-AWS-2,media-service,02965b9adc1b4594a369a885d85b87a3,derivative_get,error,0,0
retained-ad80a58dee07,retained-ad80a58dee07-S4-AWS-2-r09,S4-AWS-2,media-service,02965b9adc1b4594a369a885d85b87a3,original_get,success,1,4075024
retained-ad80a58dee07,retained-ad80a58dee07-S4-AWS-2-r09,S4-AWS-2,media-service,02965b9adc1b4594a369a885d85b87a3,original_get,error,0,0
retained-ad80a58dee07,retained-ad80a58dee07-S4-AWS-2-r09,S4-AWS-2,media-service,02965b9adc1b4594a369a885d85b87a3,conditional_put,created,0,0
retained-ad80a58dee07,retained-ad80a58dee07-S4-AWS-2-r09,S4-AWS-2,media-service,02965b9adc1b4594a369a885d85b87a3,conditional_put,existing,1,0
retained-ad80a58dee07,retained-ad80a58dee07-S4-AWS-2-r09,S4-AWS-2,media-service,02965b9adc1b4594a369a885d85b87a3,conditional_put,conflict,0,0
retained-ad80a58dee07,retained-ad80a58dee07-S4-AWS-2-r09,S4-AWS-2,media-service,02965b9adc1b4594a369a885d85b87a3,conditional_put,error,0,0
retained-ad80a58dee07,retained-ad80a58dee07-S4-AWS-2-r09,S4-AWS-2,media-service,02965b9adc1b4594a369a885d85b87a3,conditional_put,attempt_bytes,0,67940
retained-ad80a58dee07,retained-ad80a58dee07-S4-AWS-2-r09,S4-AWS-2,media-service,ff455c38fa774b599d4847691b63c291,derivative_get,hit,0,0
retained-ad80a58dee07,retained-ad80a58dee07-S4-AWS-2-r09,S4-AWS-2,media-service,ff455c38fa774b599d4847691b63c291,derivative_get,miss,51,0
retained-ad80a58dee07,retained-ad80a58dee07-S4-AWS-2-r09,S4-AWS-2,media-service,ff455c38fa774b599d4847691b63c291,derivative_get,error,0,0
retained-ad80a58dee07,retained-ad80a58dee07-S4-AWS-2-r09,S4-AWS-2,media-service,ff455c38fa774b599d4847691b63c291,original_get,success,1,4075024
retained-ad80a58dee07,retained-ad80a58dee07-S4-AWS-2-r09,S4-AWS-2,media-service,ff455c38fa774b599d4847691b63c291,original_get,error,0,0
retained-ad80a58dee07,retained-ad80a58dee07-S4-AWS-2-r09,S4-AWS-2,media-service,ff455c38fa774b599d4847691b63c291,conditional_put,created,1,0
retained-ad80a58dee07,retained-ad80a58dee07-S4-AWS-2-r09,S4-AWS-2,media-service,ff455c38fa774b599d4847691b63c291,conditional_put,existing,0,0
retained-ad80a58dee07,retained-ad80a58dee07-S4-AWS-2-r09,S4-AWS-2,media-service,ff455c38fa774b599d4847691b63c291,conditional_put,conflict,0,0
retained-ad80a58dee07,retained-ad80a58dee07-S4-AWS-2-r09,S4-AWS-2,media-service,ff455c38fa774b599d4847691b63c291,conditional_put,error,0,0
retained-ad80a58dee07,retained-ad80a58dee07-S4-AWS-2-r09,S4-AWS-2,media-service,ff455c38fa774b599d4847691b63c291,conditional_put,attempt_bytes,0,67940
retained-ad80a58dee07,retained-ad80a58dee07-S4-AWS-2-r09,S4-AWS-2,load-generator,,delete_object,success,1,0
retained-ad80a58dee07,retained-ad80a58dee07-S4-AWS-2-r09,S4-AWS-2,load-generator,,head_object,missing,1,0
retained-ad80a58dee07,retained-ad80a58dee07-S4-AWS-2-r09,S4-AWS-2,load-generator,,get_object,success,1,67940
retained-ad80a58dee07,retained-ad80a58dee07-S4-AWS-4-r09,S4-AWS-4,media-service,050220889959489bb6e4f9bfb1fc0f12,derivative_get,hit,1,67940
retained-ad80a58dee07,retained-ad80a58dee07-S4-AWS-4-r09,S4-AWS-4,media-service,050220889959489bb6e4f9bfb1fc0f12,derivative_get,miss,25,0
retained-ad80a58dee07,retained-ad80a58dee07-S4-AWS-4-r09,S4-AWS-4,media-service,050220889959489bb6e4f9bfb1fc0f12,derivative_get,error,0,0
retained-ad80a58dee07,retained-ad80a58dee07-S4-AWS-4-r09,S4-AWS-4,media-service,050220889959489bb6e4f9bfb1fc0f12,original_get,success,1,4075024
retained-ad80a58dee07,retained-ad80a58dee07-S4-AWS-4-r09,S4-AWS-4,media-service,050220889959489bb6e4f9bfb1fc0f12,original_get,error,0,0
retained-ad80a58dee07,retained-ad80a58dee07-S4-AWS-4-r09,S4-AWS-4,media-service,050220889959489bb6e4f9bfb1fc0f12,conditional_put,created,0,0
retained-ad80a58dee07,retained-ad80a58dee07-S4-AWS-4-r09,S4-AWS-4,media-service,050220889959489bb6e4f9bfb1fc0f12,conditional_put,existing,1,0
retained-ad80a58dee07,retained-ad80a58dee07-S4-AWS-4-r09,S4-AWS-4,media-service,050220889959489bb6e4f9bfb1fc0f12,conditional_put,conflict,0,0
retained-ad80a58dee07,retained-ad80a58dee07-S4-AWS-4-r09,S4-AWS-4,media-service,050220889959489bb6e4f9bfb1fc0f12,conditional_put,error,0,0
retained-ad80a58dee07,retained-ad80a58dee07-S4-AWS-4-r09,S4-AWS-4,media-service,050220889959489bb6e4f9bfb1fc0f12,conditional_put,attempt_bytes,0,67940
retained-ad80a58dee07,retained-ad80a58dee07-S4-AWS-4-r09,S4-AWS-4,media-service,7d2442d248464707a35dc83c0a8489f6,derivative_get,hit,1,67940
retained-ad80a58dee07,retained-ad80a58dee07-S4-AWS-4-r09,S4-AWS-4,media-service,7d2442d248464707a35dc83c0a8489f6,derivative_get,miss,26,0
retained-ad80a58dee07,retained-ad80a58dee07-S4-AWS-4-r09,S4-AWS-4,media-service,7d2442d248464707a35dc83c0a8489f6,derivative_get,error,0,0
retained-ad80a58dee07,retained-ad80a58dee07-S4-AWS-4-r09,S4-AWS-4,media-service,7d2442d248464707a35dc83c0a8489f6,original_get,success,1,4075024
retained-ad80a58dee07,retained-ad80a58dee07-S4-AWS-4-r09,S4-AWS-4,media-service,7d2442d248464707a35dc83c0a8489f6,original_get,error,0,0
retained-ad80a58dee07,retained-ad80a58dee07-S4-AWS-4-r09,S4-AWS-4,media-service,7d2442d248464707a35dc83c0a8489f6,conditional_put,created,0,0
retained-ad80a58dee07,retained-ad80a58dee07-S4-AWS-4-r09,S4-AWS-4,media-service,7d2442d248464707a35dc83c0a8489f6,conditional_put,existing,1,0
retained-ad80a58dee07,retained-ad80a58dee07-S4-AWS-4-r09,S4-AWS-4,media-service,7d2442d248464707a35dc83c0a8489f6,conditional_put,conflict,0,0
retained-ad80a58dee07,retained-ad80a58dee07-S4-AWS-4-r09,S4-AWS-4,media-service,7d2442d248464707a35dc83c0a8489f6,conditional_put,error,0,0
retained-ad80a58dee07,retained-ad80a58dee07-S4-AWS-4-r09,S4-AWS-4,media-service,7d2442d248464707a35dc83c0a8489f6,conditional_put,attempt_bytes,0,67940
retained-ad80a58dee07,retained-ad80a58dee07-S4-AWS-4-r09,S4-AWS-4,media-service,b971842de91943808ec3bbb899e282d1,derivative_get,hit,0,0
retained-ad80a58dee07,retained-ad80a58dee07-S4-AWS-4-r09,S4-AWS-4,media-service,b971842de91943808ec3bbb899e282d1,derivative_get,miss,27,0
retained-ad80a58dee07,retained-ad80a58dee07-S4-AWS-4-r09,S4-AWS-4,media-service,b971842de91943808ec3bbb899e282d1,derivative_get,error,0,0
retained-ad80a58dee07,retained-ad80a58dee07-S4-AWS-4-r09,S4-AWS-4,media-service,b971842de91943808ec3bbb899e282d1,original_get,success,1,4075024
retained-ad80a58dee07,retained-ad80a58dee07-S4-AWS-4-r09,S4-AWS-4,media-service,b971842de91943808ec3bbb899e282d1,original_get,error,0,0
retained-ad80a58dee07,retained-ad80a58dee07-S4-AWS-4-r09,S4-AWS-4,media-service,b971842de91943808ec3bbb899e282d1,conditional_put,created,1,0
retained-ad80a58dee07,retained-ad80a58dee07-S4-AWS-4-r09,S4-AWS-4,media-service,b971842de91943808ec3bbb899e282d1,conditional_put,existing,0,0
retained-ad80a58dee07,retained-ad80a58dee07-S4-AWS-4-r09,S4-AWS-4,media-service,b971842de91943808ec3bbb899e282d1,conditional_put,conflict,0,0
retained-ad80a58dee07,retained-ad80a58dee07-S4-AWS-4-r09,S4-AWS-4,media-service,b971842de91943808ec3bbb899e282d1,conditional_put,error,0,0
retained-ad80a58dee07,retained-ad80a58dee07-S4-AWS-4-r09,S4-AWS-4,media-service,b971842de91943808ec3bbb899e282d1,conditional_put,attempt_bytes,0,67940
retained-ad80a58dee07,retained-ad80a58dee07-S4-AWS-4-r09,S4-AWS-4,media-service,fdc782ff6e304ef5951f52985b40078d,derivative_get,hit,1,67940
retained-ad80a58dee07,retained-ad80a58dee07-S4-AWS-4-r09,S4-AWS-4,media-service,fdc782ff6e304ef5951f52985b40078d,derivative_get,miss,26,0
retained-ad80a58dee07,retained-ad80a58dee07-S4-AWS-4-r09,S4-AWS-4,media-service,fdc782ff6e304ef5951f52985b40078d,derivative_get,error,0,0
retained-ad80a58dee07,retained-ad80a58dee07-S4-AWS-4-r09,S4-AWS-4,media-service,fdc782ff6e304ef5951f52985b40078d,original_get,success,1,4075024
retained-ad80a58dee07,retained-ad80a58dee07-S4-AWS-4-r09,S4-AWS-4,media-service,fdc782ff6e304ef5951f52985b40078d,original_get,error,0,0
retained-ad80a58dee07,retained-ad80a58dee07-S4-AWS-4-r09,S4-AWS-4,media-service,fdc782ff6e304ef5951f52985b40078d,conditional_put,created,0,0
retained-ad80a58dee07,retained-ad80a58dee07-S4-AWS-4-r09,S4-AWS-4,media-service,fdc782ff6e304ef5951f52985b40078d,conditional_put,existing,1,0
retained-ad80a58dee07,retained-ad80a58dee07-S4-AWS-4-r09,S4-AWS-4,media-service,fdc782ff6e304ef5951f52985b40078d,conditional_put,conflict,0,0
retained-ad80a58dee07,retained-ad80a58dee07-S4-AWS-4-r09,S4-AWS-4,media-service,fdc782ff6e304ef5951f52985b40078d,conditional_put,error,0,0
retained-ad80a58dee07,retained-ad80a58dee07-S4-AWS-4-r09,S4-AWS-4,media-service,fdc782ff6e304ef5951f52985b40078d,conditional_put,attempt_bytes,0,67940
retained-ad80a58dee07,retained-ad80a58dee07-S4-AWS-4-r09,S4-AWS-4,load-generator,,delete_object,success,1,0
retained-ad80a58dee07,retained-ad80a58dee07-S4-AWS-4-r09,S4-AWS-4,load-generator,,head_object,missing,1,0
retained-ad80a58dee07,retained-ad80a58dee07-S4-AWS-4-r09,S4-AWS-4,load-generator,,get_object,success,1,67940
retained-ad80a58dee07,retained-ad80a58dee07-S4-AWS-4-r10,S4-AWS-4,media-service,050220889959489bb6e4f9bfb1fc0f12,derivative_get,hit,1,67940
retained-ad80a58dee07,retained-ad80a58dee07-S4-AWS-4-r10,S4-AWS-4,media-service,050220889959489bb6e4f9bfb1fc0f12,derivative_get,miss,28,0
retained-ad80a58dee07,retained-ad80a58dee07-S4-AWS-4-r10,S4-AWS-4,media-service,050220889959489bb6e4f9bfb1fc0f12,derivative_get,error,0,0
retained-ad80a58dee07,retained-ad80a58dee07-S4-AWS-4-r10,S4-AWS-4,media-service,050220889959489bb6e4f9bfb1fc0f12,original_get,success,1,4075024
retained-ad80a58dee07,retained-ad80a58dee07-S4-AWS-4-r10,S4-AWS-4,media-service,050220889959489bb6e4f9bfb1fc0f12,original_get,error,0,0
retained-ad80a58dee07,retained-ad80a58dee07-S4-AWS-4-r10,S4-AWS-4,media-service,050220889959489bb6e4f9bfb1fc0f12,conditional_put,created,0,0
retained-ad80a58dee07,retained-ad80a58dee07-S4-AWS-4-r10,S4-AWS-4,media-service,050220889959489bb6e4f9bfb1fc0f12,conditional_put,existing,1,0
retained-ad80a58dee07,retained-ad80a58dee07-S4-AWS-4-r10,S4-AWS-4,media-service,050220889959489bb6e4f9bfb1fc0f12,conditional_put,conflict,0,0
retained-ad80a58dee07,retained-ad80a58dee07-S4-AWS-4-r10,S4-AWS-4,media-service,050220889959489bb6e4f9bfb1fc0f12,conditional_put,error,0,0
retained-ad80a58dee07,retained-ad80a58dee07-S4-AWS-4-r10,S4-AWS-4,media-service,050220889959489bb6e4f9bfb1fc0f12,conditional_put,attempt_bytes,0,67940
retained-ad80a58dee07,retained-ad80a58dee07-S4-AWS-4-r10,S4-AWS-4,media-service,7d2442d248464707a35dc83c0a8489f6,derivative_get,hit,0,0
retained-ad80a58dee07,retained-ad80a58dee07-S4-AWS-4-r10,S4-AWS-4,media-service,7d2442d248464707a35dc83c0a8489f6,derivative_get,miss,25,0
retained-ad80a58dee07,retained-ad80a58dee07-S4-AWS-4-r10,S4-AWS-4,media-service,7d2442d248464707a35dc83c0a8489f6,derivative_get,error,0,0
retained-ad80a58dee07,retained-ad80a58dee07-S4-AWS-4-r10,S4-AWS-4,media-service,7d2442d248464707a35dc83c0a8489f6,original_get,success,1,4075024
retained-ad80a58dee07,retained-ad80a58dee07-S4-AWS-4-r10,S4-AWS-4,media-service,7d2442d248464707a35dc83c0a8489f6,original_get,error,0,0
retained-ad80a58dee07,retained-ad80a58dee07-S4-AWS-4-r10,S4-AWS-4,media-service,7d2442d248464707a35dc83c0a8489f6,conditional_put,created,1,0
retained-ad80a58dee07,retained-ad80a58dee07-S4-AWS-4-r10,S4-AWS-4,media-service,7d2442d248464707a35dc83c0a8489f6,conditional_put,existing,0,0
retained-ad80a58dee07,retained-ad80a58dee07-S4-AWS-4-r10,S4-AWS-4,media-service,7d2442d248464707a35dc83c0a8489f6,conditional_put,conflict,0,0
retained-ad80a58dee07,retained-ad80a58dee07-S4-AWS-4-r10,S4-AWS-4,media-service,7d2442d248464707a35dc83c0a8489f6,conditional_put,error,0,0
retained-ad80a58dee07,retained-ad80a58dee07-S4-AWS-4-r10,S4-AWS-4,media-service,7d2442d248464707a35dc83c0a8489f6,conditional_put,attempt_bytes,0,67940
retained-ad80a58dee07,retained-ad80a58dee07-S4-AWS-4-r10,S4-AWS-4,media-service,b971842de91943808ec3bbb899e282d1,derivative_get,hit,1,67940
retained-ad80a58dee07,retained-ad80a58dee07-S4-AWS-4-r10,S4-AWS-4,media-service,b971842de91943808ec3bbb899e282d1,derivative_get,miss,26,0
retained-ad80a58dee07,retained-ad80a58dee07-S4-AWS-4-r10,S4-AWS-4,media-service,b971842de91943808ec3bbb899e282d1,derivative_get,error,0,0
retained-ad80a58dee07,retained-ad80a58dee07-S4-AWS-4-r10,S4-AWS-4,media-service,b971842de91943808ec3bbb899e282d1,original_get,success,1,4075024
retained-ad80a58dee07,retained-ad80a58dee07-S4-AWS-4-r10,S4-AWS-4,media-service,b971842de91943808ec3bbb899e282d1,original_get,error,0,0
retained-ad80a58dee07,retained-ad80a58dee07-S4-AWS-4-r10,S4-AWS-4,media-service,b971842de91943808ec3bbb899e282d1,conditional_put,created,0,0
retained-ad80a58dee07,retained-ad80a58dee07-S4-AWS-4-r10,S4-AWS-4,media-service,b971842de91943808ec3bbb899e282d1,conditional_put,existing,1,0
retained-ad80a58dee07,retained-ad80a58dee07-S4-AWS-4-r10,S4-AWS-4,media-service,b971842de91943808ec3bbb899e282d1,conditional_put,conflict,0,0
retained-ad80a58dee07,retained-ad80a58dee07-S4-AWS-4-r10,S4-AWS-4,media-service,b971842de91943808ec3bbb899e282d1,conditional_put,error,0,0
retained-ad80a58dee07,retained-ad80a58dee07-S4-AWS-4-r10,S4-AWS-4,media-service,b971842de91943808ec3bbb899e282d1,conditional_put,attempt_bytes,0,67940
retained-ad80a58dee07,retained-ad80a58dee07-S4-AWS-4-r10,S4-AWS-4,media-service,fdc782ff6e304ef5951f52985b40078d,derivative_get,hit,1,67940
retained-ad80a58dee07,retained-ad80a58dee07-S4-AWS-4-r10,S4-AWS-4,media-service,fdc782ff6e304ef5951f52985b40078d,derivative_get,miss,25,0
retained-ad80a58dee07,retained-ad80a58dee07-S4-AWS-4-r10,S4-AWS-4,media-service,fdc782ff6e304ef5951f52985b40078d,derivative_get,error,0,0
retained-ad80a58dee07,retained-ad80a58dee07-S4-AWS-4-r10,S4-AWS-4,media-service,fdc782ff6e304ef5951f52985b40078d,original_get,success,1,4075024
retained-ad80a58dee07,retained-ad80a58dee07-S4-AWS-4-r10,S4-AWS-4,media-service,fdc782ff6e304ef5951f52985b40078d,original_get,error,0,0
retained-ad80a58dee07,retained-ad80a58dee07-S4-AWS-4-r10,S4-AWS-4,media-service,fdc782ff6e304ef5951f52985b40078d,conditional_put,created,0,0
retained-ad80a58dee07,retained-ad80a58dee07-S4-AWS-4-r10,S4-AWS-4,media-service,fdc782ff6e304ef5951f52985b40078d,conditional_put,existing,1,0
retained-ad80a58dee07,retained-ad80a58dee07-S4-AWS-4-r10,S4-AWS-4,media-service,fdc782ff6e304ef5951f52985b40078d,conditional_put,conflict,0,0
retained-ad80a58dee07,retained-ad80a58dee07-S4-AWS-4-r10,S4-AWS-4,media-service,fdc782ff6e304ef5951f52985b40078d,conditional_put,error,0,0
retained-ad80a58dee07,retained-ad80a58dee07-S4-AWS-4-r10,S4-AWS-4,media-service,fdc782ff6e304ef5951f52985b40078d,conditional_put,attempt_bytes,0,67940
retained-ad80a58dee07,retained-ad80a58dee07-S4-AWS-4-r10,S4-AWS-4,load-generator,,delete_object,success,1,0
retained-ad80a58dee07,retained-ad80a58dee07-S4-AWS-4-r10,S4-AWS-4,load-generator,,head_object,missing,1,0
retained-ad80a58dee07,retained-ad80a58dee07-S4-AWS-4-r10,S4-AWS-4,load-generator,,get_object,success,1,67940
retained-ad80a58dee07,retained-ad80a58dee07-S4-AWS-2-r10,S4-AWS-2,media-service,02965b9adc1b4594a369a885d85b87a3,derivative_get,hit,1,67940
retained-ad80a58dee07,retained-ad80a58dee07-S4-AWS-2-r10,S4-AWS-2,media-service,02965b9adc1b4594a369a885d85b87a3,derivative_get,miss,51,0
retained-ad80a58dee07,retained-ad80a58dee07-S4-AWS-2-r10,S4-AWS-2,media-service,02965b9adc1b4594a369a885d85b87a3,derivative_get,error,0,0
retained-ad80a58dee07,retained-ad80a58dee07-S4-AWS-2-r10,S4-AWS-2,media-service,02965b9adc1b4594a369a885d85b87a3,original_get,success,1,4075024
retained-ad80a58dee07,retained-ad80a58dee07-S4-AWS-2-r10,S4-AWS-2,media-service,02965b9adc1b4594a369a885d85b87a3,original_get,error,0,0
retained-ad80a58dee07,retained-ad80a58dee07-S4-AWS-2-r10,S4-AWS-2,media-service,02965b9adc1b4594a369a885d85b87a3,conditional_put,created,0,0
retained-ad80a58dee07,retained-ad80a58dee07-S4-AWS-2-r10,S4-AWS-2,media-service,02965b9adc1b4594a369a885d85b87a3,conditional_put,existing,1,0
retained-ad80a58dee07,retained-ad80a58dee07-S4-AWS-2-r10,S4-AWS-2,media-service,02965b9adc1b4594a369a885d85b87a3,conditional_put,conflict,0,0
retained-ad80a58dee07,retained-ad80a58dee07-S4-AWS-2-r10,S4-AWS-2,media-service,02965b9adc1b4594a369a885d85b87a3,conditional_put,error,0,0
retained-ad80a58dee07,retained-ad80a58dee07-S4-AWS-2-r10,S4-AWS-2,media-service,02965b9adc1b4594a369a885d85b87a3,conditional_put,attempt_bytes,0,67940
retained-ad80a58dee07,retained-ad80a58dee07-S4-AWS-2-r10,S4-AWS-2,media-service,ff455c38fa774b599d4847691b63c291,derivative_get,hit,0,0
retained-ad80a58dee07,retained-ad80a58dee07-S4-AWS-2-r10,S4-AWS-2,media-service,ff455c38fa774b599d4847691b63c291,derivative_get,miss,51,0
retained-ad80a58dee07,retained-ad80a58dee07-S4-AWS-2-r10,S4-AWS-2,media-service,ff455c38fa774b599d4847691b63c291,derivative_get,error,0,0
retained-ad80a58dee07,retained-ad80a58dee07-S4-AWS-2-r10,S4-AWS-2,media-service,ff455c38fa774b599d4847691b63c291,original_get,success,1,4075024
retained-ad80a58dee07,retained-ad80a58dee07-S4-AWS-2-r10,S4-AWS-2,media-service,ff455c38fa774b599d4847691b63c291,original_get,error,0,0
retained-ad80a58dee07,retained-ad80a58dee07-S4-AWS-2-r10,S4-AWS-2,media-service,ff455c38fa774b599d4847691b63c291,conditional_put,created,1,0
retained-ad80a58dee07,retained-ad80a58dee07-S4-AWS-2-r10,S4-AWS-2,media-service,ff455c38fa774b599d4847691b63c291,conditional_put,existing,0,0
retained-ad80a58dee07,retained-ad80a58dee07-S4-AWS-2-r10,S4-AWS-2,media-service,ff455c38fa774b599d4847691b63c291,conditional_put,conflict,0,0
retained-ad80a58dee07,retained-ad80a58dee07-S4-AWS-2-r10,S4-AWS-2,media-service,ff455c38fa774b599d4847691b63c291,conditional_put,error,0,0
retained-ad80a58dee07,retained-ad80a58dee07-S4-AWS-2-r10,S4-AWS-2,media-service,ff455c38fa774b599d4847691b63c291,conditional_put,attempt_bytes,0,67940
retained-ad80a58dee07,retained-ad80a58dee07-S4-AWS-2-r10,S4-AWS-2,load-generator,,delete_object,success,1,0
retained-ad80a58dee07,retained-ad80a58dee07-S4-AWS-2-r10,S4-AWS-2,load-generator,,head_object,missing,1,0
retained-ad80a58dee07,retained-ad80a58dee07-S4-AWS-2-r10,S4-AWS-2,load-generator,,get_object,success,1,67940
retained-ad80a58dee07,retained-ad80a58dee07-S4-AWS-1-CONTROL-r10,S4-AWS-1-CONTROL,media-service,19c7928974ed4166b254fcce1564422a,derivative_get,hit,0,0
retained-ad80a58dee07,retained-ad80a58dee07-S4-AWS-1-CONTROL-r10,S4-AWS-1-CONTROL,media-service,19c7928974ed4166b254fcce1564422a,derivative_get,miss,101,0
retained-ad80a58dee07,retained-ad80a58dee07-S4-AWS-1-CONTROL-r10,S4-AWS-1-CONTROL,media-service,19c7928974ed4166b254fcce1564422a,derivative_get,error,0,0
retained-ad80a58dee07,retained-ad80a58dee07-S4-AWS-1-CONTROL-r10,S4-AWS-1-CONTROL,media-service,19c7928974ed4166b254fcce1564422a,original_get,success,1,4075024
retained-ad80a58dee07,retained-ad80a58dee07-S4-AWS-1-CONTROL-r10,S4-AWS-1-CONTROL,media-service,19c7928974ed4166b254fcce1564422a,original_get,error,0,0
retained-ad80a58dee07,retained-ad80a58dee07-S4-AWS-1-CONTROL-r10,S4-AWS-1-CONTROL,media-service,19c7928974ed4166b254fcce1564422a,conditional_put,created,1,0
retained-ad80a58dee07,retained-ad80a58dee07-S4-AWS-1-CONTROL-r10,S4-AWS-1-CONTROL,media-service,19c7928974ed4166b254fcce1564422a,conditional_put,existing,0,0
retained-ad80a58dee07,retained-ad80a58dee07-S4-AWS-1-CONTROL-r10,S4-AWS-1-CONTROL,media-service,19c7928974ed4166b254fcce1564422a,conditional_put,conflict,0,0
retained-ad80a58dee07,retained-ad80a58dee07-S4-AWS-1-CONTROL-r10,S4-AWS-1-CONTROL,media-service,19c7928974ed4166b254fcce1564422a,conditional_put,error,0,0
retained-ad80a58dee07,retained-ad80a58dee07-S4-AWS-1-CONTROL-r10,S4-AWS-1-CONTROL,media-service,19c7928974ed4166b254fcce1564422a,conditional_put,attempt_bytes,0,67940
retained-ad80a58dee07,retained-ad80a58dee07-S4-AWS-1-CONTROL-r10,S4-AWS-1-CONTROL,load-generator,,delete_object,success,1,0
retained-ad80a58dee07,retained-ad80a58dee07-S4-AWS-1-CONTROL-r10,S4-AWS-1-CONTROL,load-generator,,head_object,missing,1,0
retained-ad80a58dee07,retained-ad80a58dee07-S4-AWS-1-CONTROL-r10,S4-AWS-1-CONTROL,load-generator,,get_object,success,1,67940
