run_id,trial_id,timestamp,offset_ms,fault_kind,kill_switch_enabled,transform_inflight,transform_waiting,coordinator_keys,coordinator_waiters,original_bytes_inflight,derivative_hits,derivative_misses,transform_success,transform_error,transform_timeout,transform_shed,kill_switch_rejected,fault_injections
retained-e8c21674a86f5d4737b23a59e2071da7754f4ff2,bounded-wait-none-r01,2026-09-11T12:52:54.704713032Z,0.052,none,false,0,0,0,0,0,4,4,4,0,0,0,0,0
retained-e8c21674a86f5d4737b23a59e2071da7754f4ff2,bounded-wait-none-r01,2026-09-11T12:52:55.705198711Z,1000.538,none,false,0,0,1,0,0,23,5,4,0,0,0,0,0
retained-e8c21674a86f5d4737b23a59e2071da7754f4ff2,bounded-wait-none-r01,2026-09-11T12:52:56.705476565Z,2000.816,none,false,0,0,0,0,0,43,5,5,0,0,0,0,0
retained-e8c21674a86f5d4737b23a59e2071da7754f4ff2,bounded-wait-none-r01,2026-09-11T12:52:57.704891902Z,3000.231,none,false,0,0,0,0,0,63,7,7,0,0,0,0,0
retained-e8c21674a86f5d4737b23a59e2071da7754f4ff2,bounded-wait-none-r01,2026-09-11T12:52:58.705248045Z,4000.587,none,false,0,0,0,0,0,83,8,8,0,0,0,0,0
retained-e8c21674a86f5d4737b23a59e2071da7754f4ff2,bounded-wait-none-r01,2026-09-11T12:52:59.705152591Z,5000.492,none,false,0,0,0,0,0,103,10,10,0,0,0,0,0
retained-e8c21674a86f5d4737b23a59e2071da7754f4ff2,bounded-wait-none-r01,2026-09-11T12:53:00.705653555Z,6000.993,none,false,0,0,0,0,0,123,11,11,0,0,0,0,0
retained-e8c21674a86f5d4737b23a59e2071da7754f4ff2,bounded-wait-none-r01,2026-09-11T12:53:01.705597739Z,7000.937,none,false,0,0,0,0,0,143,13,13,0,0,0,0,0
retained-e8c21674a86f5d4737b23a59e2071da7754f4ff2,bounded-wait-none-r01,2026-09-11T12:53:02.704759398Z,8000.099,none,false,0,0,0,0,0,163,14,14,0,0,0,0,0
retained-e8c21674a86f5d4737b23a59e2071da7754f4ff2,bounded-wait-none-r01,2026-09-11T12:53:03.704863565Z,9000.203,none,false,0,0,0,0,0,183,16,16,0,0,0,0,0
retained-e8c21674a86f5d4737b23a59e2071da7754f4ff2,bounded-wait-none-r01,2026-09-11T12:53:04.705663236Z,10001.002,none,false,0,0,0,0,0,203,17,17,0,0,0,0,0
retained-e8c21674a86f5d4737b23a59e2071da7754f4ff2,bounded-wait-none-r01,2026-09-11T12:53:05.705383996Z,11000.723,none,false,0,0,0,0,0,223,19,19,0,0,0,0,0
retained-e8c21674a86f5d4737b23a59e2071da7754f4ff2,bounded-wait-none-r01,2026-09-11T12:53:06.705589467Z,12000.929,none,false,0,0,0,0,0,243,20,20,0,0,0,0,0
retained-e8c21674a86f5d4737b23a59e2071da7754f4ff2,bounded-wait-none-r01,2026-09-11T12:53:07.705305966Z,13000.645,none,false,0,0,0,0,0,263,22,22,0,0,0,0,0
retained-e8c21674a86f5d4737b23a59e2071da7754f4ff2,bounded-wait-none-r01,2026-09-11T12:53:08.70515235Z,14000.492,none,false,0,0,0,0,0,283,23,23,0,0,0,0,0
retained-e8c21674a86f5d4737b23a59e2071da7754f4ff2,bounded-wait-none-r01,2026-09-11T12:53:09.705053541Z,15000.393,none,false,0,0,0,0,0,303,25,25,0,0,0,0,0
retained-e8c21674a86f5d4737b23a59e2071da7754f4ff2,bounded-wait-none-r01,2026-09-11T12:53:10.705517971Z,16000.857,none,false,0,0,0,0,0,323,26,26,0,0,0,0,0
retained-e8c21674a86f5d4737b23a59e2071da7754f4ff2,bounded-wait-none-r01,2026-09-11T12:53:11.704760963Z,17000.100,none,false,0,0,0,0,0,343,28,28,0,0,0,0,0
retained-e8c21674a86f5d4737b23a59e2071da7754f4ff2,bounded-wait-none-r01,2026-09-11T12:53:12.705144129Z,18000.483,none,false,0,0,0,0,0,363,29,29,0,0,0,0,0
retained-e8c21674a86f5d4737b23a59e2071da7754f4ff2,bounded-wait-none-r01,2026-09-11T12:53:13.704905691Z,19000.245,none,false,0,0,0,0,0,383,31,31,0,0,0,0,0
retained-e8c21674a86f5d4737b23a59e2071da7754f4ff2,bounded-wait-none-r01,2026-09-11T12:53:14.705516878Z,20000.856,none,false,0,0,0,0,0,403,32,32,0,0,0,0,0
retained-e8c21674a86f5d4737b23a59e2071da7754f4ff2,bounded-wait-none-r01,2026-09-11T12:53:19.064058326Z,21001.106,none,false,0,0,0,0,0,423,34,34,0,0,0,0,0
retained-e8c21674a86f5d4737b23a59e2071da7754f4ff2,bounded-wait-none-r01,2026-09-11T12:53:20.063748747Z,22000.796,none,false,0,0,0,0,0,443,35,35,0,0,0,0,0
retained-e8c21674a86f5d4737b23a59e2071da7754f4ff2,bounded-wait-none-r01,2026-09-11T12:53:21.063359013Z,23000.406,none,false,0,0,0,0,0,463,37,37,0,0,0,0,0
retained-e8c21674a86f5d4737b23a59e2071da7754f4ff2,bounded-wait-none-r01,2026-09-11T12:53:22.064004196Z,24001.052,none,false,0,0,0,0,0,483,38,38,0,0,0,0,0
retained-e8c21674a86f5d4737b23a59e2071da7754f4ff2,bounded-wait-none-r01,2026-09-11T12:53:23.063996897Z,25001.044,none,false,0,0,0,0,0,503,40,40,0,0,0,0,0
retained-e8c21674a86f5d4737b23a59e2071da7754f4ff2,bounded-wait-none-r01,2026-09-11T12:53:24.063740722Z,26000.788,none,false,0,0,0,0,0,523,41,41,0,0,0,0,0
retained-e8c21674a86f5d4737b23a59e2071da7754f4ff2,bounded-wait-none-r01,2026-09-11T12:53:25.063566265Z,27000.614,none,false,0,0,0,0,0,543,43,43,0,0,0,0,0
retained-e8c21674a86f5d4737b23a59e2071da7754f4ff2,bounded-wait-none-r01,2026-09-11T12:53:26.063321983Z,28000.369,none,false,0,0,0,0,0,563,44,44,0,0,0,0,0
retained-e8c21674a86f5d4737b23a59e2071da7754f4ff2,bounded-wait-none-r01,2026-09-11T12:53:27.063969584Z,29001.017,none,false,0,0,0,0,0,583,46,46,0,0,0,0,0
retained-e8c21674a86f5d4737b23a59e2071da7754f4ff2,bounded-wait-none-r01,2026-09-11T12:53:28.06364795Z,30000.695,none,false,0,0,0,0,0,603,47,47,0,0,0,0,0
retained-e8c21674a86f5d4737b23a59e2071da7754f4ff2,bounded-wait-none-r01,2026-09-11T12:53:29.064153233Z,31001.201,none,false,0,0,0,0,0,623,49,49,0,0,0,0,0
retained-e8c21674a86f5d4737b23a59e2071da7754f4ff2,bounded-wait-none-r01,2026-09-11T12:53:30.063872415Z,32000.920,none,false,0,0,1,0,0,643,51,50,0,0,0,0,0
retained-e8c21674a86f5d4737b23a59e2071da7754f4ff2,bounded-wait-none-r01,2026-09-11T12:53:31.063523957Z,33000.571,none,false,0,0,0,0,0,663,52,52,0,0,0,0,0
retained-e8c21674a86f5d4737b23a59e2071da7754f4ff2,bounded-wait-none-r01,2026-09-11T12:53:32.064164556Z,34001.212,none,false,0,0,0,0,0,683,53,53,0,0,0,0,0
retained-e8c21674a86f5d4737b23a59e2071da7754f4ff2,bounded-wait-none-r01,2026-09-11T12:53:33.063642334Z,35000.690,none,false,0,0,0,0,0,703,55,55,0,0,0,0,0
retained-e8c21674a86f5d4737b23a59e2071da7754f4ff2,bounded-wait-none-r01,2026-09-11T12:53:34.063865117Z,36000.913,none,false,0,0,1,0,0,723,57,56,0,0,0,0,0
retained-e8c21674a86f5d4737b23a59e2071da7754f4ff2,bounded-wait-none-r01,2026-09-11T12:53:35.063698213Z,37000.746,none,false,0,0,0,0,0,743,58,58,0,0,0,0,0
retained-e8c21674a86f5d4737b23a59e2071da7754f4ff2,bounded-wait-none-r01,2026-09-11T12:53:36.063686961Z,38000.734,none,false,0,0,0,0,0,763,59,59,0,0,0,0,0
retained-e8c21674a86f5d4737b23a59e2071da7754f4ff2,bounded-wait-none-r01,2026-09-11T12:53:37.063843449Z,39000.891,none,false,0,0,1,0,0,783,62,61,0,0,0,0,0
retained-e8c21674a86f5d4737b23a59e2071da7754f4ff2,bounded-wait-none-r01,2026-09-11T12:53:38.063296451Z,40000.344,none,false,0,0,0,0,0,803,62,62,0,0,0,0,0
retained-e8c21674a86f5d4737b23a59e2071da7754f4ff2,bounded-wait-none-r01,2026-09-11T12:53:39.063541739Z,41000.589,none,false,0,0,0,0,0,823,64,64,0,0,0,0,0
retained-e8c21674a86f5d4737b23a59e2071da7754f4ff2,bounded-wait-none-r01,2026-09-11T12:53:40.063304689Z,42000.352,none,false,0,0,0,0,0,843,65,65,0,0,0,0,0
retained-e8c21674a86f5d4737b23a59e2071da7754f4ff2,bounded-wait-none-r01,2026-09-11T12:53:41.063132718Z,43000.180,none,false,0,0,0,0,0,863,67,67,0,0,0,0,0
retained-e8c21674a86f5d4737b23a59e2071da7754f4ff2,bounded-wait-none-r01,2026-09-11T12:53:42.063167138Z,44000.215,none,false,0,0,0,0,0,883,68,68,0,0,0,0,0
retained-e8c21674a86f5d4737b23a59e2071da7754f4ff2,bounded-wait-none-r01,2026-09-11T12:53:43.063550664Z,45000.598,none,false,0,0,0,0,0,903,70,70,0,0,0,0,0
retained-e8c21674a86f5d4737b23a59e2071da7754f4ff2,bounded-wait-none-r01,2026-09-11T12:53:44.063938673Z,46000.986,none,false,0,0,1,0,0,923,72,71,0,0,0,0,0
retained-e8c21674a86f5d4737b23a59e2071da7754f4ff2,bounded-wait-none-r01,2026-09-11T12:53:45.063099776Z,47000.147,none,false,0,0,0,0,0,943,73,73,0,0,0,0,0
retained-e8c21674a86f5d4737b23a59e2071da7754f4ff2,bounded-wait-none-r01,2026-09-11T12:53:46.06414323Z,48001.191,none,false,0,0,0,0,0,963,74,74,0,0,0,0,0
retained-e8c21674a86f5d4737b23a59e2071da7754f4ff2,bounded-wait-none-r01,2026-09-11T12:53:47.063233476Z,49000.281,none,false,0,0,0,0,0,983,76,76,0,0,0,0,0
retained-e8c21674a86f5d4737b23a59e2071da7754f4ff2,bounded-wait-none-r01,2026-09-11T12:53:48.064107132Z,50001.155,none,false,0,0,0,0,0,1003,77,77,0,0,0,0,0
retained-e8c21674a86f5d4737b23a59e2071da7754f4ff2,bounded-wait-none-r01,2026-09-11T12:53:52.397335908Z,51000.315,none,false,0,0,0,0,0,1023,79,79,0,0,0,0,0
retained-e8c21674a86f5d4737b23a59e2071da7754f4ff2,bounded-wait-none-r01,2026-09-11T12:53:53.397781936Z,52000.761,none,false,0,0,0,0,0,1043,80,80,0,0,0,0,0
retained-e8c21674a86f5d4737b23a59e2071da7754f4ff2,bounded-wait-none-r01,2026-09-11T12:53:54.397838553Z,53000.817,none,false,0,0,0,0,0,1063,83,82,0,0,0,0,0
retained-e8c21674a86f5d4737b23a59e2071da7754f4ff2,bounded-wait-none-r01,2026-09-11T12:53:55.397445346Z,54000.424,none,false,0,0,0,0,0,1083,83,83,0,0,0,0,0
retained-e8c21674a86f5d4737b23a59e2071da7754f4ff2,bounded-wait-none-r01,2026-09-11T12:53:56.398089584Z,55001.068,none,false,0,0,0,0,0,1103,85,85,0,0,0,0,0
retained-e8c21674a86f5d4737b23a59e2071da7754f4ff2,bounded-wait-none-r01,2026-09-11T12:53:57.397790334Z,56000.769,none,false,0,0,0,0,0,1123,86,86,0,0,0,0,0
retained-e8c21674a86f5d4737b23a59e2071da7754f4ff2,bounded-wait-none-r01,2026-09-11T12:53:58.397133692Z,57000.113,none,false,0,0,0,0,0,1143,88,88,0,0,0,0,0
retained-e8c21674a86f5d4737b23a59e2071da7754f4ff2,bounded-wait-none-r01,2026-09-11T12:53:59.397433784Z,58000.413,none,false,0,0,1,0,0,1163,90,89,0,0,0,0,0
retained-e8c21674a86f5d4737b23a59e2071da7754f4ff2,bounded-wait-none-r01,2026-09-11T12:54:00.397759559Z,59000.738,none,false,0,0,0,0,0,1183,91,91,0,0,0,0,0
retained-e8c21674a86f5d4737b23a59e2071da7754f4ff2,bounded-wait-none-r01,2026-09-11T12:54:01.397258394Z,60000.237,none,false,0,0,0,0,0,1203,92,92,0,0,0,0,0
retained-e8c21674a86f5d4737b23a59e2071da7754f4ff2,bounded-wait-none-r01,2026-09-11T12:54:02.39810315Z,61001.082,none,false,0,0,0,0,0,1223,94,94,0,0,0,0,0
retained-e8c21674a86f5d4737b23a59e2071da7754f4ff2,bounded-wait-none-r01,2026-09-11T12:54:03.397931519Z,62000.910,none,false,0,0,0,0,0,1243,95,95,0,0,0,0,0
retained-e8c21674a86f5d4737b23a59e2071da7754f4ff2,bounded-wait-none-r01,2026-09-11T12:54:04.398139022Z,63001.118,none,false,0,0,0,0,0,1263,97,97,0,0,0,0,0
retained-e8c21674a86f5d4737b23a59e2071da7754f4ff2,bounded-wait-none-r01,2026-09-11T12:54:05.398323622Z,64001.302,none,false,0,0,1,0,0,1283,99,98,0,0,0,0,0
retained-e8c21674a86f5d4737b23a59e2071da7754f4ff2,bounded-wait-none-r01,2026-09-11T12:54:06.397727783Z,65000.707,none,false,0,0,0,0,0,1303,100,100,0,0,0,0,0
retained-e8c21674a86f5d4737b23a59e2071da7754f4ff2,bounded-wait-none-r01,2026-09-11T12:54:07.397404563Z,66000.383,none,false,0,0,1,0,0,1323,102,101,0,0,0,0,0
retained-e8c21674a86f5d4737b23a59e2071da7754f4ff2,bounded-wait-none-r01,2026-09-11T12:54:08.397263901Z,67000.243,none,false,0,0,0,0,0,1343,103,103,0,0,0,0,0
retained-e8c21674a86f5d4737b23a59e2071da7754f4ff2,bounded-wait-none-r01,2026-09-11T12:54:09.397793671Z,68000.773,none,false,0,0,1,0,0,1363,105,104,0,0,0,0,0
retained-e8c21674a86f5d4737b23a59e2071da7754f4ff2,bounded-wait-none-r01,2026-09-11T12:54:10.397638984Z,69000.618,none,false,0,0,1,0,0,1383,107,106,0,0,0,0,0
retained-e8c21674a86f5d4737b23a59e2071da7754f4ff2,bounded-wait-none-r01,2026-09-11T12:54:11.397628706Z,70000.608,none,false,0,0,0,0,0,1403,107,107,0,0,0,0,0
retained-e8c21674a86f5d4737b23a59e2071da7754f4ff2,bounded-wait-none-r01,2026-09-11T12:54:12.397583929Z,71000.563,none,false,0,0,0,0,0,1423,109,109,0,0,0,0,0
retained-e8c21674a86f5d4737b23a59e2071da7754f4ff2,bounded-wait-none-r01,2026-09-11T12:54:13.398232621Z,72001.211,none,false,0,0,0,0,0,1443,110,110,0,0,0,0,0
retained-e8c21674a86f5d4737b23a59e2071da7754f4ff2,bounded-wait-none-r01,2026-09-11T12:54:14.397558121Z,73000.537,none,false,0,0,0,0,0,1463,112,112,0,0,0,0,0
retained-e8c21674a86f5d4737b23a59e2071da7754f4ff2,bounded-wait-none-r01,2026-09-11T12:54:15.397468342Z,74000.447,none,false,0,0,0,0,0,1483,113,113,0,0,0,0,0
retained-e8c21674a86f5d4737b23a59e2071da7754f4ff2,bounded-wait-none-r01,2026-09-11T12:54:16.39787138Z,75000.850,none,false,0,0,0,0,0,1503,115,115,0,0,0,0,0
retained-e8c21674a86f5d4737b23a59e2071da7754f4ff2,bounded-wait-none-r01,2026-09-11T12:54:17.397563864Z,76000.543,none,false,0,0,0,0,0,1523,116,116,0,0,0,0,0
retained-e8c21674a86f5d4737b23a59e2071da7754f4ff2,bounded-wait-none-r01,2026-09-11T12:54:18.397757269Z,77000.736,none,false,0,0,0,0,0,1543,118,118,0,0,0,0,0
retained-e8c21674a86f5d4737b23a59e2071da7754f4ff2,bounded-wait-none-r01,2026-09-11T12:54:19.397229234Z,78000.208,none,false,0,0,0,0,0,1563,119,119,0,0,0,0,0
retained-e8c21674a86f5d4737b23a59e2071da7754f4ff2,bounded-wait-none-r01,2026-09-11T12:54:20.39768187Z,79000.661,none,false,0,0,0,0,0,1583,121,121,0,0,0,0,0
retained-e8c21674a86f5d4737b23a59e2071da7754f4ff2,bounded-wait-none-r01,2026-09-11T12:54:21.398317647Z,80001.297,none,false,0,0,0,0,0,1603,122,122,0,0,0,0,0
retained-e8c21674a86f5d4737b23a59e2071da7754f4ff2,bounded-wait-none-r01,2026-09-11T12:54:25.720176765Z,81000.638,none,false,0,0,1,0,0,1623,125,124,0,0,0,0,0
retained-e8c21674a86f5d4737b23a59e2071da7754f4ff2,bounded-wait-none-r01,2026-09-11T12:54:26.720067055Z,82000.528,none,false,0,0,0,0,0,1644,125,125,0,0,0,0,0
retained-e8c21674a86f5d4737b23a59e2071da7754f4ff2,bounded-wait-none-r01,2026-09-11T12:54:27.720373334Z,83000.834,none,false,0,0,0,0,0,1663,127,127,0,0,0,0,0
retained-e8c21674a86f5d4737b23a59e2071da7754f4ff2,bounded-wait-none-r01,2026-09-11T12:54:28.720094691Z,84000.556,none,false,0,0,0,0,0,1683,128,128,0,0,0,0,0
retained-e8c21674a86f5d4737b23a59e2071da7754f4ff2,bounded-wait-none-r01,2026-09-11T12:54:29.719790282Z,85000.251,none,false,0,0,0,0,0,1703,130,130,0,0,0,0,0
retained-e8c21674a86f5d4737b23a59e2071da7754f4ff2,bounded-wait-none-r01,2026-09-11T12:54:30.720047686Z,86000.509,none,false,0,0,0,0,0,1723,131,131,0,0,0,0,0
retained-e8c21674a86f5d4737b23a59e2071da7754f4ff2,bounded-wait-none-r01,2026-09-11T12:54:31.720706248Z,87001.167,none,false,0,0,0,0,0,1743,133,133,0,0,0,0,0
retained-e8c21674a86f5d4737b23a59e2071da7754f4ff2,bounded-wait-none-r01,2026-09-11T12:54:32.720796799Z,88001.258,none,false,0,0,0,0,0,1763,134,134,0,0,0,0,0
retained-e8c21674a86f5d4737b23a59e2071da7754f4ff2,bounded-wait-none-r01,2026-09-11T12:54:33.720230242Z,89000.691,none,false,0,0,0,0,0,1783,136,136,0,0,0,0,0
retained-e8c21674a86f5d4737b23a59e2071da7754f4ff2,bounded-wait-none-r01,2026-09-11T12:54:34.720515664Z,90000.977,none,false,0,0,0,0,0,1803,137,137,0,0,0,0,0
retained-e8c21674a86f5d4737b23a59e2071da7754f4ff2,bounded-wait-none-r01,2026-09-11T12:54:35.720809344Z,91001.270,none,false,0,0,0,0,0,1823,139,139,0,0,0,0,0
retained-e8c21674a86f5d4737b23a59e2071da7754f4ff2,bounded-wait-none-r01,2026-09-11T12:54:36.720838857Z,92001.300,none,false,0,0,0,0,0,1843,140,140,0,0,0,0,0
retained-e8c21674a86f5d4737b23a59e2071da7754f4ff2,bounded-wait-none-r01,2026-09-11T12:54:37.720160838Z,93000.622,none,false,0,0,0,0,0,1863,142,142,0,0,0,0,0
retained-e8c21674a86f5d4737b23a59e2071da7754f4ff2,bounded-wait-none-r01,2026-09-11T12:54:38.720241304Z,94000.702,none,false,0,0,0,0,0,1883,143,143,0,0,0,0,0
retained-e8c21674a86f5d4737b23a59e2071da7754f4ff2,bounded-wait-none-r01,2026-09-11T12:54:39.719648673Z,95000.110,none,false,0,0,0,0,0,1903,145,145,0,0,0,0,0
retained-e8c21674a86f5d4737b23a59e2071da7754f4ff2,bounded-wait-none-r01,2026-09-11T12:54:40.719954774Z,96000.416,none,false,0,0,0,0,0,1923,146,146,0,0,0,0,0
retained-e8c21674a86f5d4737b23a59e2071da7754f4ff2,bounded-wait-none-r01,2026-09-11T12:54:41.720309411Z,97000.770,none,false,0,0,0,0,0,1943,149,148,0,0,0,0,0
retained-e8c21674a86f5d4737b23a59e2071da7754f4ff2,bounded-wait-none-r01,2026-09-11T12:54:42.71977461Z,98000.235,none,false,0,0,0,0,0,1963,149,149,0,0,0,0,0
retained-e8c21674a86f5d4737b23a59e2071da7754f4ff2,bounded-wait-none-r01,2026-09-11T12:54:43.720121112Z,99000.582,none,false,0,0,0,0,0,1983,151,151,0,0,0,0,0
retained-e8c21674a86f5d4737b23a59e2071da7754f4ff2,bounded-wait-none-r01,2026-09-11T12:54:44.720547675Z,100001.009,none,false,0,0,0,0,0,2003,152,152,0,0,0,0,0
retained-e8c21674a86f5d4737b23a59e2071da7754f4ff2,bounded-wait-none-r01,2026-09-11T12:54:45.720149855Z,101000.611,none,false,0,0,0,0,0,2023,154,154,0,0,0,0,0
retained-e8c21674a86f5d4737b23a59e2071da7754f4ff2,bounded-wait-none-r01,2026-09-11T12:54:46.720677806Z,102001.139,none,false,0,0,0,0,0,2043,155,155,0,0,0,0,0
retained-e8c21674a86f5d4737b23a59e2071da7754f4ff2,bounded-wait-none-r01,2026-09-11T12:54:47.720067779Z,103000.529,none,false,0,0,0,0,0,2063,157,157,0,0,0,0,0
retained-e8c21674a86f5d4737b23a59e2071da7754f4ff2,bounded-wait-none-r01,2026-09-11T12:54:48.720647533Z,104001.108,none,false,0,0,0,0,0,2083,158,158,0,0,0,0,0
retained-e8c21674a86f5d4737b23a59e2071da7754f4ff2,bounded-wait-none-r01,2026-09-11T12:54:49.719642703Z,105000.104,none,false,0,0,0,0,0,2103,160,160,0,0,0,0,0
retained-e8c21674a86f5d4737b23a59e2071da7754f4ff2,bounded-wait-none-r01,2026-09-11T12:54:50.720569681Z,106001.031,none,false,0,0,0,0,0,2123,161,161,0,0,0,0,0
retained-e8c21674a86f5d4737b23a59e2071da7754f4ff2,bounded-wait-none-r01,2026-09-11T12:54:51.719799214Z,107000.260,none,false,0,0,0,0,0,2143,163,163,0,0,0,0,0
retained-e8c21674a86f5d4737b23a59e2071da7754f4ff2,bounded-wait-none-r01,2026-09-11T12:54:52.719780671Z,108000.242,none,false,0,0,0,0,0,2163,164,164,0,0,0,0,0
retained-e8c21674a86f5d4737b23a59e2071da7754f4ff2,bounded-wait-none-r01,2026-09-11T12:54:53.72019131Z,109000.652,none,false,0,0,0,0,0,2183,166,166,0,0,0,0,0
retained-e8c21674a86f5d4737b23a59e2071da7754f4ff2,bounded-wait-none-r01,2026-09-11T12:54:54.719986114Z,110000.447,none,false,0,0,0,0,0,2203,167,167,0,0,0,0,0
retained-e8c21674a86f5d4737b23a59e2071da7754f4ff2,bounded-wait-none-r01,2026-09-11T12:54:59.064414321Z,111001.173,none,false,0,0,0,0,0,2223,169,169,0,0,0,0,0
retained-e8c21674a86f5d4737b23a59e2071da7754f4ff2,bounded-wait-none-r01,2026-09-11T12:55:00.064253463Z,112001.012,none,false,0,0,0,0,0,2243,170,170,0,0,0,0,0
retained-e8c21674a86f5d4737b23a59e2071da7754f4ff2,bounded-wait-none-r01,2026-09-11T12:55:01.064188783Z,113000.947,none,false,0,0,0,0,0,2263,172,172,0,0,0,0,0
retained-e8c21674a86f5d4737b23a59e2071da7754f4ff2,bounded-wait-none-r01,2026-09-11T12:55:02.064491449Z,114001.250,none,false,0,0,0,0,0,2283,173,173,0,0,0,0,0
retained-e8c21674a86f5d4737b23a59e2071da7754f4ff2,bounded-wait-none-r01,2026-09-11T12:55:03.06432321Z,115001.082,none,false,0,0,0,0,0,2303,175,175,0,0,0,0,0
retained-e8c21674a86f5d4737b23a59e2071da7754f4ff2,bounded-wait-none-r01,2026-09-11T12:55:04.063481527Z,116000.240,none,false,0,0,0,0,0,2323,176,176,0,0,0,0,0
retained-e8c21674a86f5d4737b23a59e2071da7754f4ff2,bounded-wait-none-r01,2026-09-11T12:55:05.063354295Z,117000.113,none,false,0,0,0,0,0,2343,178,178,0,0,0,0,0
retained-e8c21674a86f5d4737b23a59e2071da7754f4ff2,bounded-wait-none-r01,2026-09-11T12:55:06.064033746Z,118000.792,none,false,0,0,0,0,0,2363,179,179,0,0,0,0,0
retained-e8c21674a86f5d4737b23a59e2071da7754f4ff2,bounded-wait-none-r01,2026-09-11T12:55:07.064108877Z,119000.867,none,false,0,0,0,0,0,2383,181,181,0,0,0,0,0
retained-e8c21674a86f5d4737b23a59e2071da7754f4ff2,bounded-wait-none-r01,2026-09-11T12:55:08.064279873Z,120001.038,none,false,0,0,0,0,0,2403,182,182,0,0,0,0,0
retained-e8c21674a86f5d4737b23a59e2071da7754f4ff2,bounded-wait-none-r01,2026-09-11T12:55:09.063602872Z,121000.361,none,false,0,0,0,0,0,2423,184,184,0,0,0,0,0
retained-e8c21674a86f5d4737b23a59e2071da7754f4ff2,bounded-wait-none-r01,2026-09-11T12:55:10.064203807Z,122000.962,none,false,0,0,0,0,0,2443,185,185,0,0,0,0,0
retained-e8c21674a86f5d4737b23a59e2071da7754f4ff2,bounded-wait-none-r01,2026-09-11T12:55:11.064362349Z,123001.121,none,false,0,0,0,0,0,2463,187,187,0,0,0,0,0
retained-e8c21674a86f5d4737b23a59e2071da7754f4ff2,bounded-wait-none-r01,2026-09-11T12:55:12.064338067Z,124001.096,none,false,0,0,0,0,0,2483,188,188,0,0,0,0,0
retained-e8c21674a86f5d4737b23a59e2071da7754f4ff2,bounded-wait-none-r01,2026-09-11T12:55:13.06428405Z,125001.042,none,false,0,0,0,0,0,2503,190,190,0,0,0,0,0
retained-e8c21674a86f5d4737b23a59e2071da7754f4ff2,bounded-wait-none-r01,2026-09-11T12:55:14.06432645Z,126001.085,none,false,0,0,0,0,0,2523,191,191,0,0,0,0,0
retained-e8c21674a86f5d4737b23a59e2071da7754f4ff2,bounded-wait-none-r01,2026-09-11T12:55:15.063666677Z,127000.425,none,false,0,0,0,0,0,2543,193,193,0,0,0,0,0
retained-e8c21674a86f5d4737b23a59e2071da7754f4ff2,bounded-wait-none-r01,2026-09-11T12:55:16.06440708Z,128001.165,none,false,0,0,0,0,0,2563,194,194,0,0,0,0,0
retained-e8c21674a86f5d4737b23a59e2071da7754f4ff2,bounded-wait-none-r01,2026-09-11T12:55:17.064225112Z,129000.983,none,false,0,0,0,0,0,2583,196,196,0,0,0,0,0
retained-e8c21674a86f5d4737b23a59e2071da7754f4ff2,bounded-wait-none-r01,2026-09-11T12:55:18.064268404Z,130001.027,none,false,0,0,0,0,0,2603,197,197,0,0,0,0,0
retained-e8c21674a86f5d4737b23a59e2071da7754f4ff2,bounded-wait-none-r01,2026-09-11T12:55:19.063400798Z,131000.159,none,false,0,0,0,0,0,2623,199,199,0,0,0,0,0
retained-e8c21674a86f5d4737b23a59e2071da7754f4ff2,bounded-wait-none-r01,2026-09-11T12:55:20.063981948Z,132000.740,none,false,0,0,0,0,0,2643,200,200,0,0,0,0,0
retained-e8c21674a86f5d4737b23a59e2071da7754f4ff2,bounded-wait-none-r01,2026-09-11T12:55:21.064471628Z,133001.230,none,false,0,0,1,0,0,2663,203,202,0,0,0,0,0
retained-e8c21674a86f5d4737b23a59e2071da7754f4ff2,bounded-wait-none-r01,2026-09-11T12:55:22.063868942Z,134000.627,none,false,0,0,0,0,0,2683,203,203,0,0,0,0,0
retained-e8c21674a86f5d4737b23a59e2071da7754f4ff2,bounded-wait-none-r01,2026-09-11T12:55:23.064083491Z,135000.842,none,false,0,0,0,0,0,2703,205,205,0,0,0,0,0
retained-e8c21674a86f5d4737b23a59e2071da7754f4ff2,bounded-wait-none-r01,2026-09-11T12:55:24.064125576Z,136000.884,none,false,0,0,0,0,0,2723,206,206,0,0,0,0,0
retained-e8c21674a86f5d4737b23a59e2071da7754f4ff2,bounded-wait-none-r01,2026-09-11T12:55:25.063496931Z,137000.255,none,false,0,0,0,0,0,2743,208,208,0,0,0,0,0
retained-e8c21674a86f5d4737b23a59e2071da7754f4ff2,bounded-wait-none-r01,2026-09-11T12:55:26.063661904Z,138000.420,none,false,0,0,0,0,0,2763,209,209,0,0,0,0,0
retained-e8c21674a86f5d4737b23a59e2071da7754f4ff2,bounded-wait-none-r01,2026-09-11T12:55:27.063851078Z,139000.609,none,false,0,0,0,0,0,2783,211,211,0,0,0,0,0
retained-e8c21674a86f5d4737b23a59e2071da7754f4ff2,bounded-wait-none-r01,2026-09-11T12:55:28.063745233Z,140000.504,none,false,0,0,0,0,0,2803,212,212,0,0,0,0,0
retained-e8c21674a86f5d4737b23a59e2071da7754f4ff2,bounded-wait-none-r01,2026-09-11T12:55:32.390493776Z,141001.171,none,false,0,0,0,0,0,2823,214,214,0,0,0,0,0
retained-e8c21674a86f5d4737b23a59e2071da7754f4ff2,bounded-wait-none-r01,2026-09-11T12:55:33.390271313Z,142000.949,none,false,0,0,0,0,0,2843,215,215,0,0,0,0,0
retained-e8c21674a86f5d4737b23a59e2071da7754f4ff2,bounded-wait-none-r01,2026-09-11T12:55:34.389906673Z,143000.584,none,false,0,0,0,0,0,2863,217,217,0,0,0,0,0
retained-e8c21674a86f5d4737b23a59e2071da7754f4ff2,bounded-wait-none-r01,2026-09-11T12:55:35.389782946Z,144000.460,none,false,0,0,0,0,0,2883,218,218,0,0,0,0,0
retained-e8c21674a86f5d4737b23a59e2071da7754f4ff2,bounded-wait-none-r01,2026-09-11T12:55:36.390432515Z,145001.110,none,false,0,0,0,0,0,2903,220,220,0,0,0,0,0
retained-e8c21674a86f5d4737b23a59e2071da7754f4ff2,bounded-wait-none-r01,2026-09-11T12:55:37.389674754Z,146000.352,none,false,0,0,0,0,0,2923,221,221,0,0,0,0,0
retained-e8c21674a86f5d4737b23a59e2071da7754f4ff2,bounded-wait-none-r01,2026-09-11T12:55:38.390348322Z,147001.026,none,false,0,0,0,0,0,2943,223,223,0,0,0,0,0
retained-e8c21674a86f5d4737b23a59e2071da7754f4ff2,bounded-wait-none-r01,2026-09-11T12:55:39.390419795Z,148001.097,none,false,0,0,1,0,0,2963,225,224,0,0,0,0,0
retained-e8c21674a86f5d4737b23a59e2071da7754f4ff2,bounded-wait-none-r01,2026-09-11T12:55:40.390185987Z,149000.863,none,false,0,0,0,0,0,2983,226,226,0,0,0,0,0
retained-e8c21674a86f5d4737b23a59e2071da7754f4ff2,bounded-wait-none-r01,2026-09-11T12:55:41.389540065Z,150000.217,none,false,0,0,0,0,0,3003,227,227,0,0,0,0,0
retained-e8c21674a86f5d4737b23a59e2071da7754f4ff2,bounded-wait-none-r01,2026-09-11T12:55:41.389596059Z,150000.273,none,false,0,0,0,0,0,3003,227,227,0,0,0,0,0
retained-e8c21674a86f5d4737b23a59e2071da7754f4ff2,kill-switch-none-r01,2026-09-11T12:55:42.475092357Z,0.030,none,false,0,0,0,0,0,4,4,4,0,0,0,0,0
retained-e8c21674a86f5d4737b23a59e2071da7754f4ff2,kill-switch-none-r01,2026-09-11T12:55:43.47551052Z,1000.448,none,false,0,0,0,0,0,23,4,4,0,0,0,0,0
retained-e8c21674a86f5d4737b23a59e2071da7754f4ff2,kill-switch-none-r01,2026-09-11T12:55:44.476257867Z,2001.196,none,false,0,0,0,0,0,43,5,5,0,0,0,0,0
retained-e8c21674a86f5d4737b23a59e2071da7754f4ff2,kill-switch-none-r01,2026-09-11T12:55:45.475730152Z,3000.668,none,false,0,0,0,0,0,63,7,7,0,0,0,0,0
retained-e8c21674a86f5d4737b23a59e2071da7754f4ff2,kill-switch-none-r01,2026-09-11T12:55:46.475591964Z,4000.530,none,false,0,0,0,0,0,83,8,8,0,0,0,0,0
retained-e8c21674a86f5d4737b23a59e2071da7754f4ff2,kill-switch-none-r01,2026-09-11T12:55:47.475779771Z,5000.718,none,false,0,0,0,0,0,103,10,10,0,0,0,0,0
retained-e8c21674a86f5d4737b23a59e2071da7754f4ff2,kill-switch-none-r01,2026-09-11T12:55:48.475586132Z,6000.524,none,false,0,0,0,0,0,123,11,11,0,0,0,0,0
retained-e8c21674a86f5d4737b23a59e2071da7754f4ff2,kill-switch-none-r01,2026-09-11T12:55:49.47536956Z,7000.307,none,false,0,0,0,0,0,143,13,13,0,0,0,0,0
retained-e8c21674a86f5d4737b23a59e2071da7754f4ff2,kill-switch-none-r01,2026-09-11T12:55:50.475731846Z,8000.670,none,false,0,0,0,0,0,163,14,14,0,0,0,0,0
retained-e8c21674a86f5d4737b23a59e2071da7754f4ff2,kill-switch-none-r01,2026-09-11T12:55:51.475535232Z,9000.473,none,false,0,0,0,0,0,183,16,16,0,0,0,0,0
retained-e8c21674a86f5d4737b23a59e2071da7754f4ff2,kill-switch-none-r01,2026-09-11T12:55:52.47553403Z,10000.472,none,false,0,0,0,0,0,203,17,17,0,0,0,0,0
retained-e8c21674a86f5d4737b23a59e2071da7754f4ff2,kill-switch-none-r01,2026-09-11T12:55:53.476026553Z,11000.964,none,false,0,0,0,0,0,223,19,19,0,0,0,0,0
retained-e8c21674a86f5d4737b23a59e2071da7754f4ff2,kill-switch-none-r01,2026-09-11T12:55:54.475790423Z,12000.728,none,false,0,0,0,0,0,243,20,20,0,0,0,0,0
retained-e8c21674a86f5d4737b23a59e2071da7754f4ff2,kill-switch-none-r01,2026-09-11T12:55:55.475450076Z,13000.388,none,false,0,0,0,0,0,263,22,22,0,0,0,0,0
retained-e8c21674a86f5d4737b23a59e2071da7754f4ff2,kill-switch-none-r01,2026-09-11T12:55:56.475542505Z,14000.480,none,false,0,0,0,0,0,283,23,23,0,0,0,0,0
retained-e8c21674a86f5d4737b23a59e2071da7754f4ff2,kill-switch-none-r01,2026-09-11T12:55:57.475402324Z,15000.340,none,false,0,0,0,0,0,303,25,25,0,0,0,0,0
retained-e8c21674a86f5d4737b23a59e2071da7754f4ff2,kill-switch-none-r01,2026-09-11T12:55:58.475582864Z,16000.521,none,false,0,0,0,0,0,323,26,26,0,0,0,0,0
retained-e8c21674a86f5d4737b23a59e2071da7754f4ff2,kill-switch-none-r01,2026-09-11T12:55:59.476165618Z,17001.103,none,false,0,0,0,0,0,343,28,28,0,0,0,0,0
retained-e8c21674a86f5d4737b23a59e2071da7754f4ff2,kill-switch-none-r01,2026-09-11T12:56:00.475166429Z,18000.104,none,false,0,0,0,0,0,363,29,29,0,0,0,0,0
retained-e8c21674a86f5d4737b23a59e2071da7754f4ff2,kill-switch-none-r01,2026-09-11T12:56:01.475617371Z,19000.555,none,false,0,0,0,0,0,383,31,31,0,0,0,0,0
retained-e8c21674a86f5d4737b23a59e2071da7754f4ff2,kill-switch-none-r01,2026-09-11T12:56:05.812136686Z,20000.644,none,false,0,0,0,0,0,403,32,32,0,0,0,0,0
retained-e8c21674a86f5d4737b23a59e2071da7754f4ff2,kill-switch-none-r01,2026-09-11T12:56:06.812590244Z,21001.097,none,false,0,0,0,0,0,423,34,34,0,0,0,0,0
retained-e8c21674a86f5d4737b23a59e2071da7754f4ff2,kill-switch-none-r01,2026-09-11T12:56:07.812223913Z,22000.731,none,false,0,0,0,0,0,443,35,35,0,0,0,0,0
retained-e8c21674a86f5d4737b23a59e2071da7754f4ff2,kill-switch-none-r01,2026-09-11T12:56:08.81182403Z,23000.331,none,false,0,0,0,0,0,463,37,37,0,0,0,0,0
retained-e8c21674a86f5d4737b23a59e2071da7754f4ff2,kill-switch-none-r01,2026-09-11T12:56:09.811797924Z,24000.305,none,false,0,0,0,0,0,483,38,38,0,0,0,0,0
retained-e8c21674a86f5d4737b23a59e2071da7754f4ff2,kill-switch-none-r01,2026-09-11T12:56:10.81169547Z,25000.203,none,false,0,0,0,0,0,503,40,40,0,0,0,0,0
retained-e8c21674a86f5d4737b23a59e2071da7754f4ff2,kill-switch-none-r01,2026-09-11T12:56:11.81237384Z,26000.881,none,false,0,0,0,0,0,523,41,41,0,0,0,0,0
retained-e8c21674a86f5d4737b23a59e2071da7754f4ff2,kill-switch-none-r01,2026-09-11T12:56:12.812160237Z,27000.667,none,false,0,0,0,0,0,543,43,43,0,0,0,0,0
retained-e8c21674a86f5d4737b23a59e2071da7754f4ff2,kill-switch-none-r01,2026-09-11T12:56:13.812400562Z,28000.908,none,false,0,0,0,0,0,563,44,44,0,0,0,0,0
retained-e8c21674a86f5d4737b23a59e2071da7754f4ff2,kill-switch-none-r01,2026-09-11T12:56:14.812554156Z,29001.061,none,false,0,0,0,0,0,583,46,46,0,0,0,0,0
retained-e8c21674a86f5d4737b23a59e2071da7754f4ff2,kill-switch-none-r01,2026-09-11T12:56:15.811807219Z,30000.314,none,false,0,0,0,0,0,603,47,47,0,0,0,0,0
retained-e8c21674a86f5d4737b23a59e2071da7754f4ff2,kill-switch-none-r01,2026-09-11T12:56:16.811597983Z,31000.105,none,false,0,0,0,0,0,623,49,49,0,0,0,0,0
retained-e8c21674a86f5d4737b23a59e2071da7754f4ff2,kill-switch-none-r01,2026-09-11T12:56:17.812335718Z,32000.843,none,false,0,0,0,0,0,643,50,50,0,0,0,0,0
retained-e8c21674a86f5d4737b23a59e2071da7754f4ff2,kill-switch-none-r01,2026-09-11T12:56:18.811567606Z,33000.075,none,false,0,0,0,0,0,663,52,52,0,0,0,0,0
retained-e8c21674a86f5d4737b23a59e2071da7754f4ff2,kill-switch-none-r01,2026-09-11T12:56:19.811976933Z,34000.484,none,false,0,0,0,0,0,683,53,53,0,0,0,0,0
retained-e8c21674a86f5d4737b23a59e2071da7754f4ff2,kill-switch-none-r01,2026-09-11T12:56:20.811938525Z,35000.446,none,false,0,0,0,0,0,703,55,55,0,0,0,0,0
retained-e8c21674a86f5d4737b23a59e2071da7754f4ff2,kill-switch-none-r01,2026-09-11T12:56:21.812018202Z,36000.525,none,false,0,0,0,0,0,723,56,56,0,0,0,0,0
retained-e8c21674a86f5d4737b23a59e2071da7754f4ff2,kill-switch-none-r01,2026-09-11T12:56:22.81246052Z,37000.968,none,false,0,0,0,0,0,743,58,58,0,0,0,0,0
retained-e8c21674a86f5d4737b23a59e2071da7754f4ff2,kill-switch-none-r01,2026-09-11T12:56:23.812453033Z,38000.960,none,false,0,0,0,0,0,763,59,59,0,0,0,0,0
retained-e8c21674a86f5d4737b23a59e2071da7754f4ff2,kill-switch-none-r01,2026-09-11T12:56:24.812239272Z,39000.746,none,false,0,0,0,0,0,783,61,61,0,0,0,0,0
retained-e8c21674a86f5d4737b23a59e2071da7754f4ff2,kill-switch-none-r01,2026-09-11T12:56:25.812764576Z,40001.272,none,false,0,0,0,0,0,803,62,62,0,0,0,0,0
retained-e8c21674a86f5d4737b23a59e2071da7754f4ff2,kill-switch-none-r01,2026-09-11T12:56:26.812253426Z,41000.761,none,false,0,0,0,0,0,823,64,64,0,0,0,0,0
retained-e8c21674a86f5d4737b23a59e2071da7754f4ff2,kill-switch-none-r01,2026-09-11T12:56:27.812171132Z,42000.678,none,false,0,0,0,0,0,843,65,65,0,0,0,0,0
retained-e8c21674a86f5d4737b23a59e2071da7754f4ff2,kill-switch-none-r01,2026-09-11T12:56:28.812558073Z,43001.065,none,false,0,0,0,0,0,863,67,67,0,0,0,0,0
retained-e8c21674a86f5d4737b23a59e2071da7754f4ff2,kill-switch-none-r01,2026-09-11T12:56:29.812287875Z,44000.795,none,false,0,0,0,0,0,883,68,68,0,0,0,0,0
retained-e8c21674a86f5d4737b23a59e2071da7754f4ff2,kill-switch-none-r01,2026-09-11T12:56:30.812436372Z,45000.944,none,false,0,0,0,0,0,904,70,70,0,0,0,0,0
retained-e8c21674a86f5d4737b23a59e2071da7754f4ff2,kill-switch-none-r01,2026-09-11T12:56:31.812178364Z,46000.686,none,false,0,0,0,0,0,923,71,71,0,0,0,0,0
retained-e8c21674a86f5d4737b23a59e2071da7754f4ff2,kill-switch-none-r01,2026-09-11T12:56:32.812067131Z,47000.574,none,false,0,0,0,0,0,943,73,73,0,0,0,0,0
retained-e8c21674a86f5d4737b23a59e2071da7754f4ff2,kill-switch-none-r01,2026-09-11T12:56:33.812173731Z,48000.681,none,false,0,0,0,0,0,963,74,74,0,0,0,0,0
retained-e8c21674a86f5d4737b23a59e2071da7754f4ff2,kill-switch-none-r01,2026-09-11T12:56:34.811557005Z,49000.064,none,false,0,0,0,0,0,983,76,76,0,0,0,0,0
retained-e8c21674a86f5d4737b23a59e2071da7754f4ff2,kill-switch-none-r01,2026-09-11T12:56:39.146804495Z,50001.084,none,false,0,0,0,0,0,1003,77,77,0,0,0,0,0
retained-e8c21674a86f5d4737b23a59e2071da7754f4ff2,kill-switch-none-r01,2026-09-11T12:56:40.146433391Z,51000.713,none,false,0,0,0,0,0,1023,79,79,0,0,0,0,0
retained-e8c21674a86f5d4737b23a59e2071da7754f4ff2,kill-switch-none-r01,2026-09-11T12:56:41.146647934Z,52000.928,none,false,0,0,0,0,0,1043,80,80,0,0,0,0,0
retained-e8c21674a86f5d4737b23a59e2071da7754f4ff2,kill-switch-none-r01,2026-09-11T12:56:42.146253741Z,53000.534,none,false,0,0,0,0,0,1063,82,82,0,0,0,0,0
retained-e8c21674a86f5d4737b23a59e2071da7754f4ff2,kill-switch-none-r01,2026-09-11T12:56:43.146391244Z,54000.671,none,false,0,0,0,0,0,1083,83,83,0,0,0,0,0
retained-e8c21674a86f5d4737b23a59e2071da7754f4ff2,kill-switch-none-r01,2026-09-11T12:56:44.146037351Z,55000.317,none,false,0,0,0,0,0,1103,85,85,0,0,0,0,0
retained-e8c21674a86f5d4737b23a59e2071da7754f4ff2,kill-switch-none-r01,2026-09-11T12:56:45.145817125Z,56000.097,none,false,0,0,0,0,0,1123,86,86,0,0,0,0,0
retained-e8c21674a86f5d4737b23a59e2071da7754f4ff2,kill-switch-none-r01,2026-09-11T12:56:46.146686415Z,57000.966,none,false,0,0,0,0,0,1143,88,88,0,0,0,0,0
retained-e8c21674a86f5d4737b23a59e2071da7754f4ff2,kill-switch-none-r01,2026-09-11T12:56:47.14593852Z,58000.218,none,false,0,0,0,0,0,1163,89,89,0,0,0,0,0
retained-e8c21674a86f5d4737b23a59e2071da7754f4ff2,kill-switch-none-r01,2026-09-11T12:56:48.146140746Z,59000.421,none,false,0,0,0,0,0,1183,91,91,0,0,0,0,0
retained-e8c21674a86f5d4737b23a59e2071da7754f4ff2,kill-switch-none-r01,2026-09-11T12:56:49.14675516Z,60001.035,none,false,0,0,0,0,0,1203,92,92,0,0,0,0,0
retained-e8c21674a86f5d4737b23a59e2071da7754f4ff2,kill-switch-none-r01,2026-09-11T12:56:50.146243096Z,61000.523,none,false,0,0,0,0,0,1223,94,94,0,0,0,0,0
retained-e8c21674a86f5d4737b23a59e2071da7754f4ff2,kill-switch-none-r01,2026-09-11T12:56:51.146550683Z,62000.831,none,false,0,0,0,0,0,1243,95,95,0,0,0,0,0
retained-e8c21674a86f5d4737b23a59e2071da7754f4ff2,kill-switch-none-r01,2026-09-11T12:56:52.146717442Z,63000.997,none,false,0,0,0,0,0,1263,97,97,0,0,0,0,0
retained-e8c21674a86f5d4737b23a59e2071da7754f4ff2,kill-switch-none-r01,2026-09-11T12:56:53.146498241Z,64000.778,none,false,0,0,0,0,0,1283,98,98,0,0,0,0,0
retained-e8c21674a86f5d4737b23a59e2071da7754f4ff2,kill-switch-none-r01,2026-09-11T12:56:54.146306947Z,65000.587,none,false,0,0,0,0,0,1303,100,100,0,0,0,0,0
retained-e8c21674a86f5d4737b23a59e2071da7754f4ff2,kill-switch-none-r01,2026-09-11T12:56:55.145950878Z,66000.231,none,false,0,0,0,0,0,1323,101,101,0,0,0,0,0
retained-e8c21674a86f5d4737b23a59e2071da7754f4ff2,kill-switch-none-r01,2026-09-11T12:56:56.146371555Z,67000.652,none,false,0,0,0,0,0,1343,103,103,0,0,0,0,0
retained-e8c21674a86f5d4737b23a59e2071da7754f4ff2,kill-switch-none-r01,2026-09-11T12:56:57.146382806Z,68000.663,none,false,0,0,0,0,0,1363,104,104,0,0,0,0,0
retained-e8c21674a86f5d4737b23a59e2071da7754f4ff2,kill-switch-none-r01,2026-09-11T12:56:58.14679043Z,69001.070,none,false,0,0,0,0,0,1383,106,106,0,0,0,0,0
retained-e8c21674a86f5d4737b23a59e2071da7754f4ff2,kill-switch-none-r01,2026-09-11T12:56:59.146581126Z,70000.861,none,false,0,0,0,0,0,1403,107,107,0,0,0,0,0
retained-e8c21674a86f5d4737b23a59e2071da7754f4ff2,kill-switch-none-r01,2026-09-11T12:57:00.146216493Z,71000.496,none,false,0,0,0,0,0,1423,109,109,0,0,0,0,0
retained-e8c21674a86f5d4737b23a59e2071da7754f4ff2,kill-switch-none-r01,2026-09-11T12:57:01.146703302Z,72000.983,none,false,0,0,0,0,0,1443,110,110,0,0,0,0,0
retained-e8c21674a86f5d4737b23a59e2071da7754f4ff2,kill-switch-none-r01,2026-09-11T12:57:02.146447798Z,73000.728,none,false,0,0,0,0,0,1463,112,112,0,0,0,0,0
retained-e8c21674a86f5d4737b23a59e2071da7754f4ff2,kill-switch-none-r01,2026-09-11T12:57:03.14643147Z,74000.711,none,false,0,0,0,0,0,1484,113,113,0,0,0,0,0
retained-e8c21674a86f5d4737b23a59e2071da7754f4ff2,kill-switch-none-r01,2026-09-11T12:57:04.146465763Z,75000.746,none,false,0,0,0,0,0,1503,115,115,0,0,0,0,0
retained-e8c21674a86f5d4737b23a59e2071da7754f4ff2,kill-switch-none-r01,2026-09-11T12:57:05.146119931Z,76000.400,none,false,0,0,0,0,0,1523,116,116,0,0,0,0,0
retained-e8c21674a86f5d4737b23a59e2071da7754f4ff2,kill-switch-none-r01,2026-09-11T12:57:06.14601153Z,77000.292,none,false,0,0,0,0,0,1543,118,118,0,0,0,0,0
retained-e8c21674a86f5d4737b23a59e2071da7754f4ff2,kill-switch-none-r01,2026-09-11T12:57:07.146663679Z,78000.944,none,false,0,0,0,0,0,1563,119,119,0,0,0,0,0
retained-e8c21674a86f5d4737b23a59e2071da7754f4ff2,kill-switch-none-r01,2026-09-11T12:57:08.146118792Z,79000.399,none,false,0,0,0,0,0,1583,121,121,0,0,0,0,0
retained-e8c21674a86f5d4737b23a59e2071da7754f4ff2,kill-switch-none-r01,2026-09-11T12:57:12.484031821Z,80000.924,none,false,0,0,0,0,0,1603,122,122,0,0,0,0,0
retained-e8c21674a86f5d4737b23a59e2071da7754f4ff2,kill-switch-none-r01,2026-09-11T12:57:13.483793543Z,81000.686,none,false,0,0,0,0,0,1623,124,124,0,0,0,0,0
retained-e8c21674a86f5d4737b23a59e2071da7754f4ff2,kill-switch-none-r01,2026-09-11T12:57:14.48405717Z,82000.949,none,false,0,0,0,0,0,1643,125,125,0,0,0,0,0
retained-e8c21674a86f5d4737b23a59e2071da7754f4ff2,kill-switch-none-r01,2026-09-11T12:57:15.483180504Z,83000.072,none,false,0,0,0,0,0,1663,127,127,0,0,0,0,0
retained-e8c21674a86f5d4737b23a59e2071da7754f4ff2,kill-switch-none-r01,2026-09-11T12:57:16.483710472Z,84000.602,none,false,0,0,0,0,0,1683,128,128,0,0,0,0,0
retained-e8c21674a86f5d4737b23a59e2071da7754f4ff2,kill-switch-none-r01,2026-09-11T12:57:17.483836036Z,85000.728,none,false,0,0,0,0,0,1703,130,130,0,0,0,0,0
retained-e8c21674a86f5d4737b23a59e2071da7754f4ff2,kill-switch-none-r01,2026-09-11T12:57:18.483606825Z,86000.499,none,false,0,0,0,0,0,1723,131,131,0,0,0,0,0
retained-e8c21674a86f5d4737b23a59e2071da7754f4ff2,kill-switch-none-r01,2026-09-11T12:57:19.483657108Z,87000.549,none,false,0,0,0,0,0,1743,133,133,0,0,0,0,0
retained-e8c21674a86f5d4737b23a59e2071da7754f4ff2,kill-switch-none-r01,2026-09-11T12:57:20.483383849Z,88000.276,none,false,0,0,0,0,0,1763,134,134,0,0,0,0,0
retained-e8c21674a86f5d4737b23a59e2071da7754f4ff2,kill-switch-none-r01,2026-09-11T12:57:21.483345785Z,89000.238,none,false,0,0,0,0,0,1783,136,136,0,0,0,0,0
retained-e8c21674a86f5d4737b23a59e2071da7754f4ff2,kill-switch-none-r01,2026-09-11T12:57:22.483712139Z,90000.604,none,false,0,0,0,0,0,1803,137,137,0,0,0,0,0
retained-e8c21674a86f5d4737b23a59e2071da7754f4ff2,kill-switch-none-r01,2026-09-11T12:57:23.483985677Z,91000.878,none,false,0,0,0,0,0,1823,139,139,0,0,0,0,0
retained-e8c21674a86f5d4737b23a59e2071da7754f4ff2,kill-switch-none-r01,2026-09-11T12:57:24.483764566Z,92000.657,none,false,0,0,0,0,0,1843,140,140,0,0,0,0,0
retained-e8c21674a86f5d4737b23a59e2071da7754f4ff2,kill-switch-none-r01,2026-09-11T12:57:25.483893144Z,93000.785,none,false,0,0,0,0,0,1863,142,142,0,0,0,0,0
retained-e8c21674a86f5d4737b23a59e2071da7754f4ff2,kill-switch-none-r01,2026-09-11T12:57:26.484185667Z,94001.078,none,false,0,0,0,0,0,1883,143,143,0,0,0,0,0
retained-e8c21674a86f5d4737b23a59e2071da7754f4ff2,kill-switch-none-r01,2026-09-11T12:57:27.484014775Z,95000.907,none,false,0,0,0,0,0,1903,145,145,0,0,0,0,0
retained-e8c21674a86f5d4737b23a59e2071da7754f4ff2,kill-switch-none-r01,2026-09-11T12:57:28.484331504Z,96001.224,none,false,0,0,0,0,0,1923,146,146,0,0,0,0,0
retained-e8c21674a86f5d4737b23a59e2071da7754f4ff2,kill-switch-none-r01,2026-09-11T12:57:29.484182278Z,97001.074,none,false,0,0,0,0,0,1943,148,148,0,0,0,0,0
retained-e8c21674a86f5d4737b23a59e2071da7754f4ff2,kill-switch-none-r01,2026-09-11T12:57:30.483520866Z,98000.413,none,false,0,0,0,0,0,1963,149,149,0,0,0,0,0
retained-e8c21674a86f5d4737b23a59e2071da7754f4ff2,kill-switch-none-r01,2026-09-11T12:57:31.484115055Z,99001.007,none,false,0,0,0,0,0,1983,151,151,0,0,0,0,0
retained-e8c21674a86f5d4737b23a59e2071da7754f4ff2,kill-switch-none-r01,2026-09-11T12:57:32.484036046Z,100000.928,none,false,0,0,0,0,0,2003,152,152,0,0,0,0,0
retained-e8c21674a86f5d4737b23a59e2071da7754f4ff2,kill-switch-none-r01,2026-09-11T12:57:33.484215653Z,101001.108,none,false,0,0,0,0,0,2023,154,154,0,0,0,0,0
retained-e8c21674a86f5d4737b23a59e2071da7754f4ff2,kill-switch-none-r01,2026-09-11T12:57:34.483848943Z,102000.741,none,false,0,0,0,0,0,2043,155,155,0,0,0,0,0
retained-e8c21674a86f5d4737b23a59e2071da7754f4ff2,kill-switch-none-r01,2026-09-11T12:57:35.484169506Z,103001.062,none,false,0,0,0,0,0,2063,157,157,0,0,0,0,0
retained-e8c21674a86f5d4737b23a59e2071da7754f4ff2,kill-switch-none-r01,2026-09-11T12:57:36.484049459Z,104000.941,none,false,0,0,0,0,0,2083,158,158,0,0,0,0,0
retained-e8c21674a86f5d4737b23a59e2071da7754f4ff2,kill-switch-none-r01,2026-09-11T12:57:37.484116876Z,105001.009,none,false,0,0,0,0,0,2103,160,160,0,0,0,0,0
retained-e8c21674a86f5d4737b23a59e2071da7754f4ff2,kill-switch-none-r01,2026-09-11T12:57:38.483188694Z,106000.081,none,false,0,0,0,0,0,2123,161,161,0,0,0,0,0
retained-e8c21674a86f5d4737b23a59e2071da7754f4ff2,kill-switch-none-r01,2026-09-11T12:57:39.483846999Z,107000.739,none,false,0,0,0,0,0,2143,163,163,0,0,0,0,0
retained-e8c21674a86f5d4737b23a59e2071da7754f4ff2,kill-switch-none-r01,2026-09-11T12:57:40.483791909Z,108000.684,none,false,0,0,0,0,0,2163,164,164,0,0,0,0,0
retained-e8c21674a86f5d4737b23a59e2071da7754f4ff2,kill-switch-none-r01,2026-09-11T12:57:41.484084543Z,109000.977,none,false,0,0,0,0,0,2183,166,166,0,0,0,0,0
retained-e8c21674a86f5d4737b23a59e2071da7754f4ff2,kill-switch-none-r01,2026-09-11T12:57:45.834941478Z,110000.691,none,false,0,0,0,0,0,2203,167,167,0,0,0,0,0
retained-e8c21674a86f5d4737b23a59e2071da7754f4ff2,kill-switch-none-r01,2026-09-11T12:57:46.834361476Z,111000.111,none,false,0,0,0,0,0,2223,169,169,0,0,0,0,0
retained-e8c21674a86f5d4737b23a59e2071da7754f4ff2,kill-switch-none-r01,2026-09-11T12:57:47.835135426Z,112000.885,none,false,0,0,0,0,0,2243,170,170,0,0,0,0,0
retained-e8c21674a86f5d4737b23a59e2071da7754f4ff2,kill-switch-none-r01,2026-09-11T12:57:48.835378062Z,113001.128,none,false,0,0,0,0,0,2263,172,172,0,0,0,0,0
retained-e8c21674a86f5d4737b23a59e2071da7754f4ff2,kill-switch-none-r01,2026-09-11T12:57:49.834832632Z,114000.583,none,false,0,0,0,0,0,2283,173,173,0,0,0,0,0
retained-e8c21674a86f5d4737b23a59e2071da7754f4ff2,kill-switch-none-r01,2026-09-11T12:57:50.834776752Z,115000.527,none,false,0,0,0,0,0,2303,175,175,0,0,0,0,0
retained-e8c21674a86f5d4737b23a59e2071da7754f4ff2,kill-switch-none-r01,2026-09-11T12:57:51.835099373Z,116000.849,none,false,0,0,0,0,0,2323,176,176,0,0,0,0,0
retained-e8c21674a86f5d4737b23a59e2071da7754f4ff2,kill-switch-none-r01,2026-09-11T12:57:52.834573374Z,117000.323,none,false,0,0,0,0,0,2343,178,178,0,0,0,0,0
retained-e8c21674a86f5d4737b23a59e2071da7754f4ff2,kill-switch-none-r01,2026-09-11T12:57:53.83469544Z,118000.445,none,false,0,0,0,0,0,2363,179,179,0,0,0,0,0
retained-e8c21674a86f5d4737b23a59e2071da7754f4ff2,kill-switch-none-r01,2026-09-11T12:57:54.835295456Z,119001.045,none,false,0,0,0,0,0,2383,181,181,0,0,0,0,0
retained-e8c21674a86f5d4737b23a59e2071da7754f4ff2,kill-switch-none-r01,2026-09-11T12:57:55.834817845Z,120000.568,none,false,0,0,0,0,0,2403,182,182,0,0,0,0,0
retained-e8c21674a86f5d4737b23a59e2071da7754f4ff2,kill-switch-none-r01,2026-09-11T12:57:56.835382379Z,121001.132,none,false,0,0,0,0,0,2423,184,184,0,0,0,0,0
retained-e8c21674a86f5d4737b23a59e2071da7754f4ff2,kill-switch-none-r01,2026-09-11T12:57:57.834769596Z,122000.520,none,false,0,0,0,0,0,2443,185,185,0,0,0,0,0
retained-e8c21674a86f5d4737b23a59e2071da7754f4ff2,kill-switch-none-r01,2026-09-11T12:57:58.83540384Z,123001.154,none,false,0,0,0,0,0,2463,187,187,0,0,0,0,0
retained-e8c21674a86f5d4737b23a59e2071da7754f4ff2,kill-switch-none-r01,2026-09-11T12:57:59.834863611Z,124000.614,none,false,0,0,0,0,0,2483,188,188,0,0,0,0,0
retained-e8c21674a86f5d4737b23a59e2071da7754f4ff2,kill-switch-none-r01,2026-09-11T12:58:00.834863004Z,125000.613,none,false,0,0,0,0,0,2503,190,190,0,0,0,0,0
retained-e8c21674a86f5d4737b23a59e2071da7754f4ff2,kill-switch-none-r01,2026-09-11T12:58:01.834577467Z,126000.327,none,false,0,0,0,0,0,2523,191,191,0,0,0,0,0
retained-e8c21674a86f5d4737b23a59e2071da7754f4ff2,kill-switch-none-r01,2026-09-11T12:58:02.835018319Z,127000.768,none,false,0,0,0,0,0,2543,193,193,0,0,0,0,0
retained-e8c21674a86f5d4737b23a59e2071da7754f4ff2,kill-switch-none-r01,2026-09-11T12:58:03.835030925Z,128000.781,none,false,0,0,0,0,0,2563,194,194,0,0,0,0,0
retained-e8c21674a86f5d4737b23a59e2071da7754f4ff2,kill-switch-none-r01,2026-09-11T12:58:04.834950629Z,129000.701,none,false,0,0,0,0,0,2583,196,196,0,0,0,0,0
retained-e8c21674a86f5d4737b23a59e2071da7754f4ff2,kill-switch-none-r01,2026-09-11T12:58:05.83467086Z,130000.421,none,false,0,0,0,0,0,2603,197,197,0,0,0,0,0
retained-e8c21674a86f5d4737b23a59e2071da7754f4ff2,kill-switch-none-r01,2026-09-11T12:58:06.835322539Z,131001.073,none,false,0,0,0,0,0,2623,199,199,0,0,0,0,0
retained-e8c21674a86f5d4737b23a59e2071da7754f4ff2,kill-switch-none-r01,2026-09-11T12:58:07.835005377Z,132000.755,none,false,0,0,0,0,0,2643,200,200,0,0,0,0,0
retained-e8c21674a86f5d4737b23a59e2071da7754f4ff2,kill-switch-none-r01,2026-09-11T12:58:08.834341894Z,133000.092,none,false,0,0,0,0,0,2663,202,202,0,0,0,0,0
retained-e8c21674a86f5d4737b23a59e2071da7754f4ff2,kill-switch-none-r01,2026-09-11T12:58:09.835368898Z,134001.119,none,false,0,0,0,0,0,2683,203,203,0,0,0,0,0
retained-e8c21674a86f5d4737b23a59e2071da7754f4ff2,kill-switch-none-r01,2026-09-11T12:58:10.835035317Z,135000.785,none,false,0,0,0,0,0,2703,205,205,0,0,0,0,0
retained-e8c21674a86f5d4737b23a59e2071da7754f4ff2,kill-switch-none-r01,2026-09-11T12:58:11.834862271Z,136000.612,none,false,0,0,0,0,0,2723,206,206,0,0,0,0,0
retained-e8c21674a86f5d4737b23a59e2071da7754f4ff2,kill-switch-none-r01,2026-09-11T12:58:12.83469366Z,137000.444,none,false,0,0,0,0,0,2743,208,208,0,0,0,0,0
retained-e8c21674a86f5d4737b23a59e2071da7754f4ff2,kill-switch-none-r01,2026-09-11T12:58:13.83495003Z,138000.700,none,false,0,0,0,0,0,2763,209,209,0,0,0,0,0
retained-e8c21674a86f5d4737b23a59e2071da7754f4ff2,kill-switch-none-r01,2026-09-11T12:58:14.835177062Z,139000.927,none,false,0,0,0,0,0,2783,211,211,0,0,0,0,0
retained-e8c21674a86f5d4737b23a59e2071da7754f4ff2,kill-switch-none-r01,2026-09-11T12:58:19.14910635Z,140000.466,none,false,0,0,0,0,0,2803,212,212,0,0,0,0,0
retained-e8c21674a86f5d4737b23a59e2071da7754f4ff2,kill-switch-none-r01,2026-09-11T12:58:20.149177052Z,141000.536,none,false,0,0,0,0,0,2823,214,214,0,0,0,0,0
retained-e8c21674a86f5d4737b23a59e2071da7754f4ff2,kill-switch-none-r01,2026-09-11T12:58:21.149784747Z,142001.144,none,false,0,0,0,0,0,2843,215,215,0,0,0,0,0
retained-e8c21674a86f5d4737b23a59e2071da7754f4ff2,kill-switch-none-r01,2026-09-11T12:58:22.149435322Z,143000.795,none,false,0,0,0,0,0,2863,217,217,0,0,0,0,0
retained-e8c21674a86f5d4737b23a59e2071da7754f4ff2,kill-switch-none-r01,2026-09-11T12:58:23.149489193Z,144000.849,none,false,0,0,0,0,0,2883,218,218,0,0,0,0,0
retained-e8c21674a86f5d4737b23a59e2071da7754f4ff2,kill-switch-none-r01,2026-09-11T12:58:24.148841423Z,145000.201,none,false,0,0,0,0,0,2903,220,220,0,0,0,0,0
retained-e8c21674a86f5d4737b23a59e2071da7754f4ff2,kill-switch-none-r01,2026-09-11T12:58:25.148744827Z,146000.104,none,false,0,0,0,0,0,2923,221,221,0,0,0,0,0
retained-e8c21674a86f5d4737b23a59e2071da7754f4ff2,kill-switch-none-r01,2026-09-11T12:58:26.149404203Z,147000.764,none,false,0,0,0,0,0,2943,223,223,0,0,0,0,0
retained-e8c21674a86f5d4737b23a59e2071da7754f4ff2,kill-switch-none-r01,2026-09-11T12:58:27.148930684Z,148000.290,none,false,0,0,0,0,0,2963,224,224,0,0,0,0,0
retained-e8c21674a86f5d4737b23a59e2071da7754f4ff2,kill-switch-none-r01,2026-09-11T12:58:28.149436136Z,149000.796,none,false,0,0,0,0,0,2983,226,226,0,0,0,0,0
retained-e8c21674a86f5d4737b23a59e2071da7754f4ff2,kill-switch-none-r01,2026-09-11T12:58:29.148870586Z,150000.230,none,false,0,0,0,0,0,3003,227,227,0,0,0,0,0
retained-e8c21674a86f5d4737b23a59e2071da7754f4ff2,kill-switch-none-r01,2026-09-11T12:58:29.14888705Z,150000.246,none,false,0,0,0,0,0,3003,227,227,0,0,0,0,0
retained-e8c21674a86f5d4737b23a59e2071da7754f4ff2,baseline-none-r01,2026-09-11T12:58:30.247851784Z,0.036,none,false,0,0,0,0,0,4,4,4,0,0,0,0,0
retained-e8c21674a86f5d4737b23a59e2071da7754f4ff2,baseline-none-r01,2026-09-11T12:58:31.248752045Z,1000.936,none,false,0,0,0,0,0,23,4,4,0,0,0,0,0
retained-e8c21674a86f5d4737b23a59e2071da7754f4ff2,baseline-none-r01,2026-09-11T12:58:32.248732379Z,2000.917,none,false,0,0,0,0,0,43,5,5,0,0,0,0,0
retained-e8c21674a86f5d4737b23a59e2071da7754f4ff2,baseline-none-r01,2026-09-11T12:58:33.248745883Z,3000.930,none,false,0,0,0,0,0,63,7,7,0,0,0,0,0
retained-e8c21674a86f5d4737b23a59e2071da7754f4ff2,baseline-none-r01,2026-09-11T12:58:34.248211337Z,4000.396,none,false,0,0,0,0,0,83,8,8,0,0,0,0,0
retained-e8c21674a86f5d4737b23a59e2071da7754f4ff2,baseline-none-r01,2026-09-11T12:58:35.248733461Z,5000.918,none,false,0,0,0,0,0,103,10,10,0,0,0,0,0
retained-e8c21674a86f5d4737b23a59e2071da7754f4ff2,baseline-none-r01,2026-09-11T12:58:36.248393434Z,6000.578,none,false,0,0,0,0,0,123,11,11,0,0,0,0,0
retained-e8c21674a86f5d4737b23a59e2071da7754f4ff2,baseline-none-r01,2026-09-11T12:58:37.248856567Z,7001.041,none,false,0,0,0,0,0,143,13,13,0,0,0,0,0
retained-e8c21674a86f5d4737b23a59e2071da7754f4ff2,baseline-none-r01,2026-09-11T12:58:38.248274108Z,8000.458,none,false,0,0,0,0,0,163,14,14,0,0,0,0,0
retained-e8c21674a86f5d4737b23a59e2071da7754f4ff2,baseline-none-r01,2026-09-11T12:58:39.248861275Z,9001.046,none,false,0,0,0,0,0,183,16,16,0,0,0,0,0
retained-e8c21674a86f5d4737b23a59e2071da7754f4ff2,baseline-none-r01,2026-09-11T12:58:40.248367494Z,10000.552,none,false,0,0,0,0,0,203,17,17,0,0,0,0,0
retained-e8c21674a86f5d4737b23a59e2071da7754f4ff2,baseline-none-r01,2026-09-11T12:58:41.248736665Z,11000.921,none,false,0,0,0,0,0,223,19,19,0,0,0,0,0
retained-e8c21674a86f5d4737b23a59e2071da7754f4ff2,baseline-none-r01,2026-09-11T12:58:42.248213168Z,12000.397,none,false,0,0,0,0,0,243,20,20,0,0,0,0,0
retained-e8c21674a86f5d4737b23a59e2071da7754f4ff2,baseline-none-r01,2026-09-11T12:58:43.248392279Z,13000.577,none,false,0,0,0,0,0,263,22,22,0,0,0,0,0
retained-e8c21674a86f5d4737b23a59e2071da7754f4ff2,baseline-none-r01,2026-09-11T12:58:44.248068173Z,14000.252,none,false,0,0,0,0,0,283,23,23,0,0,0,0,0
retained-e8c21674a86f5d4737b23a59e2071da7754f4ff2,baseline-none-r01,2026-09-11T12:58:45.248933671Z,15001.118,none,false,0,0,0,0,0,303,25,25,0,0,0,0,0
retained-e8c21674a86f5d4737b23a59e2071da7754f4ff2,baseline-none-r01,2026-09-11T12:58:46.249045646Z,16001.230,none,false,0,0,0,0,0,323,26,26,0,0,0,0,0
retained-e8c21674a86f5d4737b23a59e2071da7754f4ff2,baseline-none-r01,2026-09-11T12:58:47.248657851Z,17000.842,none,false,0,0,0,0,0,343,28,28,0,0,0,0,0
retained-e8c21674a86f5d4737b23a59e2071da7754f4ff2,baseline-none-r01,2026-09-11T12:58:48.756564914Z,18000.972,none,false,0,0,0,0,0,363,29,29,0,0,0,0,0
retained-e8c21674a86f5d4737b23a59e2071da7754f4ff2,baseline-none-r01,2026-09-11T12:58:52.584579438Z,19000.867,none,false,0,0,0,0,0,383,31,31,0,0,0,0,0
retained-e8c21674a86f5d4737b23a59e2071da7754f4ff2,baseline-none-r01,2026-09-11T12:58:53.583975036Z,20000.263,none,false,0,0,0,0,0,403,32,32,0,0,0,0,0
retained-e8c21674a86f5d4737b23a59e2071da7754f4ff2,baseline-none-r01,2026-09-11T12:58:54.584698353Z,21000.986,none,false,0,0,0,0,0,423,34,34,0,0,0,0,0
retained-e8c21674a86f5d4737b23a59e2071da7754f4ff2,baseline-none-r01,2026-09-11T12:58:55.584207449Z,22000.495,none,false,0,0,0,0,0,443,35,35,0,0,0,0,0
retained-e8c21674a86f5d4737b23a59e2071da7754f4ff2,baseline-none-r01,2026-09-11T12:58:56.584545208Z,23000.833,none,false,0,0,0,0,0,463,37,37,0,0,0,0,0
retained-e8c21674a86f5d4737b23a59e2071da7754f4ff2,baseline-none-r01,2026-09-11T12:58:57.584437457Z,24000.725,none,false,0,0,0,0,0,483,38,38,0,0,0,0,0
retained-e8c21674a86f5d4737b23a59e2071da7754f4ff2,baseline-none-r01,2026-09-11T12:58:58.584729917Z,25001.018,none,false,0,0,0,0,0,503,40,40,0,0,0,0,0
retained-e8c21674a86f5d4737b23a59e2071da7754f4ff2,baseline-none-r01,2026-09-11T12:58:59.584205069Z,26000.493,none,false,0,0,0,0,0,523,41,41,0,0,0,0,0
retained-e8c21674a86f5d4737b23a59e2071da7754f4ff2,baseline-none-r01,2026-09-11T12:59:00.584180211Z,27000.468,none,false,0,0,0,0,0,543,43,43,0,0,0,0,0
retained-e8c21674a86f5d4737b23a59e2071da7754f4ff2,baseline-none-r01,2026-09-11T12:59:01.583992492Z,28000.280,none,false,0,0,0,0,0,563,44,44,0,0,0,0,0
retained-e8c21674a86f5d4737b23a59e2071da7754f4ff2,baseline-none-r01,2026-09-11T12:59:02.584564699Z,29000.853,none,false,0,0,0,0,0,583,46,46,0,0,0,0,0
retained-e8c21674a86f5d4737b23a59e2071da7754f4ff2,baseline-none-r01,2026-09-11T12:59:03.584316776Z,30000.605,none,false,0,0,0,0,0,603,47,47,0,0,0,0,0
retained-e8c21674a86f5d4737b23a59e2071da7754f4ff2,baseline-none-r01,2026-09-11T12:59:04.584666855Z,31000.955,none,false,0,0,0,0,0,623,49,49,0,0,0,0,0
retained-e8c21674a86f5d4737b23a59e2071da7754f4ff2,baseline-none-r01,2026-09-11T12:59:05.58413526Z,32000.423,none,false,0,0,0,0,0,643,50,50,0,0,0,0,0
retained-e8c21674a86f5d4737b23a59e2071da7754f4ff2,baseline-none-r01,2026-09-11T12:59:06.584753023Z,33001.041,none,false,0,0,0,0,0,663,52,52,0,0,0,0,0
retained-e8c21674a86f5d4737b23a59e2071da7754f4ff2,baseline-none-r01,2026-09-11T12:59:07.584658776Z,34000.947,none,false,0,0,0,0,0,683,53,53,0,0,0,0,0
retained-e8c21674a86f5d4737b23a59e2071da7754f4ff2,baseline-none-r01,2026-09-11T12:59:08.58418836Z,35000.476,none,false,0,0,0,0,0,703,55,55,0,0,0,0,0
retained-e8c21674a86f5d4737b23a59e2071da7754f4ff2,baseline-none-r01,2026-09-11T12:59:09.584727521Z,36001.015,none,false,0,0,0,0,0,723,56,56,0,0,0,0,0
retained-e8c21674a86f5d4737b23a59e2071da7754f4ff2,baseline-none-r01,2026-09-11T12:59:10.584637727Z,37000.926,none,false,0,0,0,0,0,743,58,58,0,0,0,0,0
retained-e8c21674a86f5d4737b23a59e2071da7754f4ff2,baseline-none-r01,2026-09-11T12:59:11.584333672Z,38000.622,none,false,0,0,0,0,0,763,59,59,0,0,0,0,0
retained-e8c21674a86f5d4737b23a59e2071da7754f4ff2,baseline-none-r01,2026-09-11T12:59:12.584238616Z,39000.527,none,false,0,0,0,0,0,783,61,61,0,0,0,0,0
retained-e8c21674a86f5d4737b23a59e2071da7754f4ff2,baseline-none-r01,2026-09-11T12:59:13.584567419Z,40000.855,none,false,0,0,0,0,0,803,62,62,0,0,0,0,0
retained-e8c21674a86f5d4737b23a59e2071da7754f4ff2,baseline-none-r01,2026-09-11T12:59:14.584710761Z,41000.999,none,false,0,0,0,0,0,823,64,64,0,0,0,0,0
retained-e8c21674a86f5d4737b23a59e2071da7754f4ff2,baseline-none-r01,2026-09-11T12:59:15.584762588Z,42001.051,none,false,0,0,0,0,0,843,65,65,0,0,0,0,0
retained-e8c21674a86f5d4737b23a59e2071da7754f4ff2,baseline-none-r01,2026-09-11T12:59:16.583989523Z,43000.277,none,false,0,0,0,0,0,863,67,67,0,0,0,0,0
retained-e8c21674a86f5d4737b23a59e2071da7754f4ff2,baseline-none-r01,2026-09-11T12:59:17.584485347Z,44000.773,none,false,0,0,0,0,0,883,68,68,0,0,0,0,0
retained-e8c21674a86f5d4737b23a59e2071da7754f4ff2,baseline-none-r01,2026-09-11T12:59:18.584518029Z,45000.806,none,false,0,0,0,0,0,903,70,70,0,0,0,0,0
retained-e8c21674a86f5d4737b23a59e2071da7754f4ff2,baseline-none-r01,2026-09-11T12:59:19.583930978Z,46000.219,none,false,0,0,0,0,0,923,71,71,0,0,0,0,0
retained-e8c21674a86f5d4737b23a59e2071da7754f4ff2,baseline-none-r01,2026-09-11T12:59:20.584424808Z,47000.713,none,false,0,0,0,0,0,943,73,73,0,0,0,0,0
retained-e8c21674a86f5d4737b23a59e2071da7754f4ff2,baseline-none-r01,2026-09-11T12:59:22.089824342Z,48000.592,none,false,0,0,0,0,0,963,74,74,0,0,0,0,0
retained-e8c21674a86f5d4737b23a59e2071da7754f4ff2,baseline-none-r01,2026-09-11T12:59:25.919771219Z,49000.575,none,false,0,0,0,0,0,983,76,76,0,0,0,0,0
retained-e8c21674a86f5d4737b23a59e2071da7754f4ff2,baseline-none-r01,2026-09-11T12:59:26.919911436Z,50000.715,none,false,0,0,0,0,0,1003,77,77,0,0,0,0,0
retained-e8c21674a86f5d4737b23a59e2071da7754f4ff2,baseline-none-r01,2026-09-11T12:59:27.920094001Z,51000.898,none,false,0,0,0,0,0,1023,79,79,0,0,0,0,0
retained-e8c21674a86f5d4737b23a59e2071da7754f4ff2,baseline-none-r01,2026-09-11T12:59:28.920119307Z,52000.923,none,false,0,0,0,0,0,1043,80,80,0,0,0,0,0
retained-e8c21674a86f5d4737b23a59e2071da7754f4ff2,baseline-none-r01,2026-09-11T12:59:29.919546252Z,53000.350,none,false,0,0,0,0,0,1063,82,82,0,0,0,0,0
retained-e8c21674a86f5d4737b23a59e2071da7754f4ff2,baseline-none-r01,2026-09-11T12:59:30.919688067Z,54000.492,none,false,0,0,0,0,0,1083,83,83,0,0,0,0,0
retained-e8c21674a86f5d4737b23a59e2071da7754f4ff2,baseline-none-r01,2026-09-11T12:59:31.920098111Z,55000.902,none,false,0,0,0,0,0,1103,85,85,0,0,0,0,0
retained-e8c21674a86f5d4737b23a59e2071da7754f4ff2,baseline-none-r01,2026-09-11T12:59:32.920048725Z,56000.852,none,false,0,0,0,0,0,1123,86,86,0,0,0,0,0
retained-e8c21674a86f5d4737b23a59e2071da7754f4ff2,baseline-none-r01,2026-09-11T12:59:33.919896898Z,57000.700,none,false,0,0,0,0,0,1143,88,88,0,0,0,0,0
retained-e8c21674a86f5d4737b23a59e2071da7754f4ff2,baseline-none-r01,2026-09-11T12:59:34.9198806Z,58000.684,none,false,0,0,0,0,0,1163,89,89,0,0,0,0,0
retained-e8c21674a86f5d4737b23a59e2071da7754f4ff2,baseline-none-r01,2026-09-11T12:59:35.92014503Z,59000.949,none,false,0,0,0,0,0,1183,91,91,0,0,0,0,0
retained-e8c21674a86f5d4737b23a59e2071da7754f4ff2,baseline-none-r01,2026-09-11T12:59:36.919493159Z,60000.297,none,false,0,0,0,0,0,1203,92,92,0,0,0,0,0
retained-e8c21674a86f5d4737b23a59e2071da7754f4ff2,baseline-none-r01,2026-09-11T12:59:37.919608389Z,61000.412,none,false,0,0,0,0,0,1223,94,94,0,0,0,0,0
retained-e8c21674a86f5d4737b23a59e2071da7754f4ff2,baseline-none-r01,2026-09-11T12:59:38.919947225Z,62000.751,none,false,0,0,0,0,0,1243,95,95,0,0,0,0,0
retained-e8c21674a86f5d4737b23a59e2071da7754f4ff2,baseline-none-r01,2026-09-11T12:59:39.919973754Z,63000.777,none,false,0,0,0,0,0,1263,97,97,0,0,0,0,0
retained-e8c21674a86f5d4737b23a59e2071da7754f4ff2,baseline-none-r01,2026-09-11T12:59:40.920203536Z,64001.007,none,false,0,0,0,0,0,1283,98,98,0,0,0,0,0
retained-e8c21674a86f5d4737b23a59e2071da7754f4ff2,baseline-none-r01,2026-09-11T12:59:41.920284735Z,65001.088,none,false,0,0,0,0,0,1304,100,100,0,0,0,0,0
retained-e8c21674a86f5d4737b23a59e2071da7754f4ff2,baseline-none-r01,2026-09-11T12:59:42.919922243Z,66000.726,none,false,0,0,0,0,0,1323,101,101,0,0,0,0,0
retained-e8c21674a86f5d4737b23a59e2071da7754f4ff2,baseline-none-r01,2026-09-11T12:59:43.920363818Z,67001.167,none,false,0,0,0,0,0,1343,103,103,0,0,0,0,0
retained-e8c21674a86f5d4737b23a59e2071da7754f4ff2,baseline-none-r01,2026-09-11T12:59:44.920342543Z,68001.146,none,false,0,0,0,0,0,1363,104,104,0,0,0,0,0
retained-e8c21674a86f5d4737b23a59e2071da7754f4ff2,baseline-none-r01,2026-09-11T12:59:45.920300423Z,69001.104,none,false,0,0,0,0,0,1383,106,106,0,0,0,0,0
retained-e8c21674a86f5d4737b23a59e2071da7754f4ff2,baseline-none-r01,2026-09-11T12:59:46.920316393Z,70001.120,none,false,0,0,0,0,0,1403,107,107,0,0,0,0,0
retained-e8c21674a86f5d4737b23a59e2071da7754f4ff2,baseline-none-r01,2026-09-11T12:59:47.919783763Z,71000.587,none,false,0,0,0,0,0,1423,109,109,0,0,0,0,0
retained-e8c21674a86f5d4737b23a59e2071da7754f4ff2,baseline-none-r01,2026-09-11T12:59:48.919816028Z,72000.620,none,false,0,0,0,0,0,1443,110,110,0,0,0,0,0
retained-e8c21674a86f5d4737b23a59e2071da7754f4ff2,baseline-none-r01,2026-09-11T12:59:49.919816973Z,73000.621,none,false,0,0,0,0,0,1463,112,112,0,0,0,0,0
retained-e8c21674a86f5d4737b23a59e2071da7754f4ff2,baseline-none-r01,2026-09-11T12:59:50.920011862Z,74000.815,none,false,0,0,0,0,0,1483,113,113,0,0,0,0,0
retained-e8c21674a86f5d4737b23a59e2071da7754f4ff2,baseline-none-r01,2026-09-11T12:59:51.919563884Z,75000.367,none,false,0,0,0,0,0,1503,115,115,0,0,0,0,0
retained-e8c21674a86f5d4737b23a59e2071da7754f4ff2,baseline-none-r01,2026-09-11T12:59:52.91975692Z,76000.560,none,false,0,0,0,0,0,1523,116,116,0,0,0,0,0
retained-e8c21674a86f5d4737b23a59e2071da7754f4ff2,baseline-none-r01,2026-09-11T12:59:53.920378003Z,77001.182,none,false,0,0,0,0,0,1543,118,118,0,0,0,0,0
retained-e8c21674a86f5d4737b23a59e2071da7754f4ff2,baseline-none-r01,2026-09-11T12:59:55.423649151Z,78000.323,none,false,0,0,0,0,0,1563,119,119,0,0,0,0,0
retained-e8c21674a86f5d4737b23a59e2071da7754f4ff2,baseline-none-r01,2026-09-11T12:59:59.26319624Z,79000.836,none,false,0,0,0,0,0,1583,121,121,0,0,0,0,0
retained-e8c21674a86f5d4737b23a59e2071da7754f4ff2,baseline-none-r01,2026-09-11T13:00:00.263464486Z,80001.104,none,false,0,0,0,0,0,1603,122,122,0,0,0,0,0
retained-e8c21674a86f5d4737b23a59e2071da7754f4ff2,baseline-none-r01,2026-09-11T13:00:01.263164989Z,81000.805,none,false,0,0,0,0,0,1623,124,124,0,0,0,0,0
retained-e8c21674a86f5d4737b23a59e2071da7754f4ff2,baseline-none-r01,2026-09-11T13:00:02.262851809Z,82000.492,none,false,0,0,0,0,0,1643,125,125,0,0,0,0,0
retained-e8c21674a86f5d4737b23a59e2071da7754f4ff2,baseline-none-r01,2026-09-11T13:00:03.26349188Z,83001.132,none,false,0,0,0,0,0,1663,127,127,0,0,0,0,0
retained-e8c21674a86f5d4737b23a59e2071da7754f4ff2,baseline-none-r01,2026-09-11T13:00:04.262736213Z,84000.376,none,false,0,0,0,0,0,1683,128,128,0,0,0,0,0
retained-e8c21674a86f5d4737b23a59e2071da7754f4ff2,baseline-none-r01,2026-09-11T13:00:05.263212873Z,85000.853,none,false,0,0,0,0,0,1703,130,130,0,0,0,0,0
retained-e8c21674a86f5d4737b23a59e2071da7754f4ff2,baseline-none-r01,2026-09-11T13:00:06.262635975Z,86000.276,none,false,0,0,0,0,0,1723,131,131,0,0,0,0,0
retained-e8c21674a86f5d4737b23a59e2071da7754f4ff2,baseline-none-r01,2026-09-11T13:00:07.262960415Z,87000.600,none,false,0,0,0,0,0,1743,133,133,0,0,0,0,0
retained-e8c21674a86f5d4737b23a59e2071da7754f4ff2,baseline-none-r01,2026-09-11T13:00:08.263060641Z,88000.700,none,false,0,0,0,0,0,1763,134,134,0,0,0,0,0
retained-e8c21674a86f5d4737b23a59e2071da7754f4ff2,baseline-none-r01,2026-09-11T13:00:09.263040201Z,89000.680,none,false,0,0,0,0,0,1783,136,136,0,0,0,0,0
retained-e8c21674a86f5d4737b23a59e2071da7754f4ff2,baseline-none-r01,2026-09-11T13:00:10.26269495Z,90000.335,none,false,0,0,0,0,0,1803,137,137,0,0,0,0,0
retained-e8c21674a86f5d4737b23a59e2071da7754f4ff2,baseline-none-r01,2026-09-11T13:00:11.262566838Z,91000.207,none,false,0,0,0,0,0,1823,139,139,0,0,0,0,0
retained-e8c21674a86f5d4737b23a59e2071da7754f4ff2,baseline-none-r01,2026-09-11T13:00:12.262599719Z,92000.239,none,false,0,0,0,0,0,1843,140,140,0,0,0,0,0
retained-e8c21674a86f5d4737b23a59e2071da7754f4ff2,baseline-none-r01,2026-09-11T13:00:13.262972852Z,93000.613,none,false,0,0,0,0,0,1863,142,142,0,0,0,0,0
retained-e8c21674a86f5d4737b23a59e2071da7754f4ff2,baseline-none-r01,2026-09-11T13:00:14.26291382Z,94000.554,none,false,0,0,0,0,0,1883,143,143,0,0,0,0,0
retained-e8c21674a86f5d4737b23a59e2071da7754f4ff2,baseline-none-r01,2026-09-11T13:00:15.263337149Z,95000.977,none,false,0,0,0,0,0,1903,145,145,0,0,0,0,0
retained-e8c21674a86f5d4737b23a59e2071da7754f4ff2,baseline-none-r01,2026-09-11T13:00:16.262969904Z,96000.610,none,false,0,0,0,0,0,1923,146,146,0,0,0,0,0
retained-e8c21674a86f5d4737b23a59e2071da7754f4ff2,baseline-none-r01,2026-09-11T13:00:17.262762921Z,97000.403,none,false,0,0,0,0,0,1943,148,148,0,0,0,0,0
retained-e8c21674a86f5d4737b23a59e2071da7754f4ff2,baseline-none-r01,2026-09-11T13:00:18.263464422Z,98001.104,none,false,0,0,0,0,0,1963,149,149,0,0,0,0,0
retained-e8c21674a86f5d4737b23a59e2071da7754f4ff2,baseline-none-r01,2026-09-11T13:00:19.263154329Z,99000.794,none,false,0,0,0,0,0,1983,151,151,0,0,0,0,0
retained-e8c21674a86f5d4737b23a59e2071da7754f4ff2,baseline-none-r01,2026-09-11T13:00:20.263533516Z,100001.173,none,false,0,0,0,0,0,2003,152,152,0,0,0,0,0
retained-e8c21674a86f5d4737b23a59e2071da7754f4ff2,baseline-none-r01,2026-09-11T13:00:21.263131146Z,101000.771,none,false,0,0,0,0,0,2023,154,154,0,0,0,0,0
retained-e8c21674a86f5d4737b23a59e2071da7754f4ff2,baseline-none-r01,2026-09-11T13:00:22.263023359Z,102000.663,none,false,0,0,0,0,0,2043,155,155,0,0,0,0,0
retained-e8c21674a86f5d4737b23a59e2071da7754f4ff2,baseline-none-r01,2026-09-11T13:00:23.262866248Z,103000.506,none,false,0,0,0,0,0,2063,157,157,0,0,0,0,0
retained-e8c21674a86f5d4737b23a59e2071da7754f4ff2,baseline-none-r01,2026-09-11T13:00:24.263172018Z,104000.812,none,false,0,0,0,0,0,2083,158,158,0,0,0,0,0
retained-e8c21674a86f5d4737b23a59e2071da7754f4ff2,baseline-none-r01,2026-09-11T13:00:25.263351987Z,105000.992,none,false,0,0,0,0,0,2103,160,160,0,0,0,0,0
retained-e8c21674a86f5d4737b23a59e2071da7754f4ff2,baseline-none-r01,2026-09-11T13:00:26.262985754Z,106000.626,none,false,0,0,0,0,0,2123,161,161,0,0,0,0,0
retained-e8c21674a86f5d4737b23a59e2071da7754f4ff2,baseline-none-r01,2026-09-11T13:00:27.263078493Z,107000.718,none,false,0,0,0,0,0,2143,163,163,0,0,0,0,0
retained-e8c21674a86f5d4737b23a59e2071da7754f4ff2,baseline-none-r01,2026-09-11T13:00:28.756898419Z,108000.804,none,false,0,0,0,0,0,2163,164,164,0,0,0,0,0
retained-e8c21674a86f5d4737b23a59e2071da7754f4ff2,baseline-none-r01,2026-09-11T13:00:32.606043684Z,109000.461,none,false,0,0,0,0,0,2183,166,166,0,0,0,0,0
retained-e8c21674a86f5d4737b23a59e2071da7754f4ff2,baseline-none-r01,2026-09-11T13:00:33.606750897Z,110001.169,none,false,0,0,0,0,0,2203,167,167,0,0,0,0,0
retained-e8c21674a86f5d4737b23a59e2071da7754f4ff2,baseline-none-r01,2026-09-11T13:00:34.60580832Z,111000.226,none,false,0,0,0,0,0,2223,169,169,0,0,0,0,0
retained-e8c21674a86f5d4737b23a59e2071da7754f4ff2,baseline-none-r01,2026-09-11T13:00:35.60626196Z,112000.680,none,false,0,0,0,0,0,2243,170,170,0,0,0,0,0
retained-e8c21674a86f5d4737b23a59e2071da7754f4ff2,baseline-none-r01,2026-09-11T13:00:36.606114394Z,113000.532,none,false,0,0,0,0,0,2263,172,172,0,0,0,0,0
retained-e8c21674a86f5d4737b23a59e2071da7754f4ff2,baseline-none-r01,2026-09-11T13:00:37.606194489Z,114000.612,none,false,0,0,0,0,0,2283,173,173,0,0,0,0,0
retained-e8c21674a86f5d4737b23a59e2071da7754f4ff2,baseline-none-r01,2026-09-11T13:00:38.606667243Z,115001.085,none,false,0,0,0,0,0,2303,175,175,0,0,0,0,0
retained-e8c21674a86f5d4737b23a59e2071da7754f4ff2,baseline-none-r01,2026-09-11T13:00:39.605783346Z,116000.201,none,false,0,0,0,0,0,2323,176,176,0,0,0,0,0
retained-e8c21674a86f5d4737b23a59e2071da7754f4ff2,baseline-none-r01,2026-09-11T13:00:40.606369543Z,117000.787,none,false,0,0,0,0,0,2343,178,178,0,0,0,0,0
retained-e8c21674a86f5d4737b23a59e2071da7754f4ff2,baseline-none-r01,2026-09-11T13:00:41.60600291Z,118000.421,none,false,0,0,0,0,0,2363,179,179,0,0,0,0,0
retained-e8c21674a86f5d4737b23a59e2071da7754f4ff2,baseline-none-r01,2026-09-11T13:00:42.606438455Z,119000.856,none,false,0,0,0,0,0,2383,181,181,0,0,0,0,0
retained-e8c21674a86f5d4737b23a59e2071da7754f4ff2,baseline-none-r01,2026-09-11T13:00:43.606193263Z,120000.611,none,false,0,0,0,0,0,2403,182,182,0,0,0,0,0
retained-e8c21674a86f5d4737b23a59e2071da7754f4ff2,baseline-none-r01,2026-09-11T13:00:44.606681802Z,121001.099,none,false,0,0,0,0,0,2423,184,184,0,0,0,0,0
retained-e8c21674a86f5d4737b23a59e2071da7754f4ff2,baseline-none-r01,2026-09-11T13:00:45.606642134Z,122001.060,none,false,0,0,0,0,0,2443,185,185,0,0,0,0,0
retained-e8c21674a86f5d4737b23a59e2071da7754f4ff2,baseline-none-r01,2026-09-11T13:00:46.605818642Z,123000.236,none,false,0,0,0,0,0,2463,187,187,0,0,0,0,0
retained-e8c21674a86f5d4737b23a59e2071da7754f4ff2,baseline-none-r01,2026-09-11T13:00:47.606686099Z,124001.104,none,false,0,0,0,0,0,2483,188,188,0,0,0,0,0
retained-e8c21674a86f5d4737b23a59e2071da7754f4ff2,baseline-none-r01,2026-09-11T13:00:48.606207696Z,125000.625,none,false,0,0,0,0,0,2503,190,190,0,0,0,0,0
retained-e8c21674a86f5d4737b23a59e2071da7754f4ff2,baseline-none-r01,2026-09-11T13:00:49.605824251Z,126000.242,none,false,0,0,0,0,0,2523,191,191,0,0,0,0,0
retained-e8c21674a86f5d4737b23a59e2071da7754f4ff2,baseline-none-r01,2026-09-11T13:00:50.606585625Z,127001.003,none,false,0,0,0,0,0,2543,193,193,0,0,0,0,0
retained-e8c21674a86f5d4737b23a59e2071da7754f4ff2,baseline-none-r01,2026-09-11T13:00:51.606593957Z,128001.012,none,false,0,0,0,0,0,2563,194,194,0,0,0,0,0
retained-e8c21674a86f5d4737b23a59e2071da7754f4ff2,baseline-none-r01,2026-09-11T13:00:52.606026489Z,129000.444,none,false,0,0,0,0,0,2583,196,196,0,0,0,0,0
retained-e8c21674a86f5d4737b23a59e2071da7754f4ff2,baseline-none-r01,2026-09-11T13:00:53.606411777Z,130000.829,none,false,0,0,0,0,0,2603,197,197,0,0,0,0,0
retained-e8c21674a86f5d4737b23a59e2071da7754f4ff2,baseline-none-r01,2026-09-11T13:00:54.605779352Z,131000.197,none,false,0,0,0,0,0,2623,199,199,0,0,0,0,0
retained-e8c21674a86f5d4737b23a59e2071da7754f4ff2,baseline-none-r01,2026-09-11T13:00:55.606427508Z,132000.845,none,false,0,0,0,0,0,2643,200,200,0,0,0,0,0
retained-e8c21674a86f5d4737b23a59e2071da7754f4ff2,baseline-none-r01,2026-09-11T13:00:56.606016706Z,133000.434,none,false,0,0,0,0,0,2663,202,202,0,0,0,0,0
retained-e8c21674a86f5d4737b23a59e2071da7754f4ff2,baseline-none-r01,2026-09-11T13:00:57.606500904Z,134000.919,none,false,0,0,0,0,0,2683,203,203,0,0,0,0,0
retained-e8c21674a86f5d4737b23a59e2071da7754f4ff2,baseline-none-r01,2026-09-11T13:00:58.606308015Z,135000.726,none,false,0,0,0,0,0,2703,205,205,0,0,0,0,0
retained-e8c21674a86f5d4737b23a59e2071da7754f4ff2,baseline-none-r01,2026-09-11T13:00:59.606273154Z,136000.691,none,false,0,0,0,0,0,2723,206,206,0,0,0,0,0
retained-e8c21674a86f5d4737b23a59e2071da7754f4ff2,baseline-none-r01,2026-09-11T13:01:00.606084956Z,137000.503,none,false,0,0,0,0,0,2743,208,208,0,0,0,0,0
retained-e8c21674a86f5d4737b23a59e2071da7754f4ff2,baseline-none-r01,2026-09-11T13:01:02.090614573Z,138000.401,none,false,0,0,0,0,0,2763,209,209,0,0,0,0,0
retained-e8c21674a86f5d4737b23a59e2071da7754f4ff2,baseline-none-r01,2026-09-11T13:01:05.931024711Z,139000.237,none,false,0,0,0,0,0,2783,211,211,0,0,0,0,0
retained-e8c21674a86f5d4737b23a59e2071da7754f4ff2,baseline-none-r01,2026-09-11T13:01:06.931320534Z,140000.533,none,false,0,0,0,0,0,2803,212,212,0,0,0,0,0
retained-e8c21674a86f5d4737b23a59e2071da7754f4ff2,baseline-none-r01,2026-09-11T13:01:07.932015322Z,141001.228,none,false,0,0,0,0,0,2823,214,214,0,0,0,0,0
retained-e8c21674a86f5d4737b23a59e2071da7754f4ff2,baseline-none-r01,2026-09-11T13:01:08.931234035Z,142000.446,none,false,0,0,0,0,0,2843,215,215,0,0,0,0,0
retained-e8c21674a86f5d4737b23a59e2071da7754f4ff2,baseline-none-r01,2026-09-11T13:01:09.931949711Z,143001.162,none,false,0,0,0,0,0,2863,217,217,0,0,0,0,0
retained-e8c21674a86f5d4737b23a59e2071da7754f4ff2,baseline-none-r01,2026-09-11T13:01:10.930994751Z,144000.207,none,false,0,0,0,0,0,2883,218,218,0,0,0,0,0
retained-e8c21674a86f5d4737b23a59e2071da7754f4ff2,baseline-none-r01,2026-09-11T13:01:11.931367076Z,145000.579,none,false,0,0,0,0,0,2903,220,220,0,0,0,0,0
retained-e8c21674a86f5d4737b23a59e2071da7754f4ff2,baseline-none-r01,2026-09-11T13:01:12.93193405Z,146001.146,none,false,0,0,0,0,0,2923,221,221,0,0,0,0,0
retained-e8c21674a86f5d4737b23a59e2071da7754f4ff2,baseline-none-r01,2026-09-11T13:01:13.931069882Z,147000.282,none,false,0,0,0,0,0,2943,223,223,0,0,0,0,0
retained-e8c21674a86f5d4737b23a59e2071da7754f4ff2,baseline-none-r01,2026-09-11T13:01:14.931326965Z,148000.539,none,false,0,0,0,0,0,2963,224,224,0,0,0,0,0
retained-e8c21674a86f5d4737b23a59e2071da7754f4ff2,baseline-none-r01,2026-09-11T13:01:15.931851294Z,149001.064,none,false,0,0,0,0,0,2983,226,226,0,0,0,0,0
retained-e8c21674a86f5d4737b23a59e2071da7754f4ff2,baseline-none-r01,2026-09-11T13:01:16.931263561Z,150000.476,none,false,0,0,0,0,0,3003,227,227,0,0,0,0,0
retained-e8c21674a86f5d4737b23a59e2071da7754f4ff2,baseline-none-r01,2026-09-11T13:01:16.931364162Z,150000.576,none,false,0,0,0,0,0,3003,227,227,0,0,0,0,0
retained-e8c21674a86f5d4737b23a59e2071da7754f4ff2,kill-switch-slow-transform-r01,2026-09-11T13:01:18.261004994Z,0.028,none,false,0,0,0,0,0,4,4,4,0,0,0,0,0
retained-e8c21674a86f5d4737b23a59e2071da7754f4ff2,kill-switch-slow-transform-r01,2026-09-11T13:01:19.261253036Z,1000.277,none,false,0,0,0,0,0,23,4,4,0,0,0,0,0
retained-e8c21674a86f5d4737b23a59e2071da7754f4ff2,kill-switch-slow-transform-r01,2026-09-11T13:01:20.261572856Z,2000.596,none,false,0,0,0,0,0,44,5,5,0,0,0,0,0
retained-e8c21674a86f5d4737b23a59e2071da7754f4ff2,kill-switch-slow-transform-r01,2026-09-11T13:01:21.261770992Z,3000.794,none,false,0,0,0,0,0,63,7,7,0,0,0,0,0
retained-e8c21674a86f5d4737b23a59e2071da7754f4ff2,kill-switch-slow-transform-r01,2026-09-11T13:01:22.262074498Z,4001.098,none,false,0,0,0,0,0,83,8,8,0,0,0,0,0
retained-e8c21674a86f5d4737b23a59e2071da7754f4ff2,kill-switch-slow-transform-r01,2026-09-11T13:01:23.261402199Z,5000.426,none,false,0,0,0,0,0,103,10,10,0,0,0,0,0
retained-e8c21674a86f5d4737b23a59e2071da7754f4ff2,kill-switch-slow-transform-r01,2026-09-11T13:01:24.261891074Z,6000.915,none,false,0,0,0,0,0,123,11,11,0,0,0,0,0
retained-e8c21674a86f5d4737b23a59e2071da7754f4ff2,kill-switch-slow-transform-r01,2026-09-11T13:01:25.261603479Z,7000.627,none,false,0,0,0,0,0,143,13,13,0,0,0,0,0
retained-e8c21674a86f5d4737b23a59e2071da7754f4ff2,kill-switch-slow-transform-r01,2026-09-11T13:01:26.261809588Z,8000.833,none,false,0,0,0,0,0,163,14,14,0,0,0,0,0
retained-e8c21674a86f5d4737b23a59e2071da7754f4ff2,kill-switch-slow-transform-r01,2026-09-11T13:01:27.261234474Z,9000.258,none,false,0,0,0,0,0,183,16,16,0,0,0,0,0
retained-e8c21674a86f5d4737b23a59e2071da7754f4ff2,kill-switch-slow-transform-r01,2026-09-11T13:01:28.261418053Z,10000.442,none,false,0,0,0,0,0,203,17,17,0,0,0,0,0
retained-e8c21674a86f5d4737b23a59e2071da7754f4ff2,kill-switch-slow-transform-r01,2026-09-11T13:01:29.261851337Z,11000.875,none,false,0,0,0,0,0,223,19,19,0,0,0,0,0
retained-e8c21674a86f5d4737b23a59e2071da7754f4ff2,kill-switch-slow-transform-r01,2026-09-11T13:01:30.261150899Z,12000.174,none,false,0,0,0,0,0,243,20,20,0,0,0,0,0
retained-e8c21674a86f5d4737b23a59e2071da7754f4ff2,kill-switch-slow-transform-r01,2026-09-11T13:01:31.261050876Z,13000.074,none,false,0,0,0,0,0,263,22,22,0,0,0,0,0
retained-e8c21674a86f5d4737b23a59e2071da7754f4ff2,kill-switch-slow-transform-r01,2026-09-11T13:01:32.261634229Z,14000.658,none,false,0,0,0,0,0,283,23,23,0,0,0,0,0
retained-e8c21674a86f5d4737b23a59e2071da7754f4ff2,kill-switch-slow-transform-r01,2026-09-11T13:01:33.261196802Z,15000.220,none,false,0,0,0,0,0,303,25,25,0,0,0,0,0
retained-e8c21674a86f5d4737b23a59e2071da7754f4ff2,kill-switch-slow-transform-r01,2026-09-11T13:01:34.261317525Z,16000.341,none,false,0,0,0,0,0,323,26,26,0,0,0,0,0
retained-e8c21674a86f5d4737b23a59e2071da7754f4ff2,kill-switch-slow-transform-r01,2026-09-11T13:01:38.596683888Z,17000.754,none,false,0,0,0,0,0,343,28,28,0,0,0,0,0
retained-e8c21674a86f5d4737b23a59e2071da7754f4ff2,kill-switch-slow-transform-r01,2026-09-11T13:01:39.59683087Z,18000.901,none,false,0,0,0,0,0,363,29,29,0,0,0,0,0
retained-e8c21674a86f5d4737b23a59e2071da7754f4ff2,kill-switch-slow-transform-r01,2026-09-11T13:01:40.596686619Z,19000.757,none,false,0,0,0,0,0,383,31,31,0,0,0,0,0
retained-e8c21674a86f5d4737b23a59e2071da7754f4ff2,kill-switch-slow-transform-r01,2026-09-11T13:01:41.597066646Z,20001.137,none,false,0,0,0,0,0,403,32,32,0,0,0,0,0
retained-e8c21674a86f5d4737b23a59e2071da7754f4ff2,kill-switch-slow-transform-r01,2026-09-11T13:01:42.596841822Z,21000.912,none,false,0,0,0,0,0,423,34,34,0,0,0,0,0
retained-e8c21674a86f5d4737b23a59e2071da7754f4ff2,kill-switch-slow-transform-r01,2026-09-11T13:01:43.596719619Z,22000.790,none,false,0,0,0,0,0,443,35,35,0,0,0,0,0
retained-e8c21674a86f5d4737b23a59e2071da7754f4ff2,kill-switch-slow-transform-r01,2026-09-11T13:01:44.59633435Z,23000.405,none,false,0,0,0,0,0,463,37,37,0,0,0,0,0
retained-e8c21674a86f5d4737b23a59e2071da7754f4ff2,kill-switch-slow-transform-r01,2026-09-11T13:01:45.596277854Z,24000.348,none,false,0,0,0,0,0,483,38,38,0,0,0,0,0
retained-e8c21674a86f5d4737b23a59e2071da7754f4ff2,kill-switch-slow-transform-r01,2026-09-11T13:01:46.596362841Z,25000.433,none,false,0,0,0,0,0,503,40,40,0,0,0,0,0
retained-e8c21674a86f5d4737b23a59e2071da7754f4ff2,kill-switch-slow-transform-r01,2026-09-11T13:01:47.596573057Z,26000.643,none,false,0,0,0,0,0,523,41,41,0,0,0,0,0
retained-e8c21674a86f5d4737b23a59e2071da7754f4ff2,kill-switch-slow-transform-r01,2026-09-11T13:01:48.596067145Z,27000.138,none,false,0,0,0,0,0,543,43,43,0,0,0,0,0
retained-e8c21674a86f5d4737b23a59e2071da7754f4ff2,kill-switch-slow-transform-r01,2026-09-11T13:01:49.596786569Z,28000.857,none,false,0,0,0,0,0,563,44,44,0,0,0,0,0
retained-e8c21674a86f5d4737b23a59e2071da7754f4ff2,kill-switch-slow-transform-r01,2026-09-11T13:01:50.596432256Z,29000.503,none,false,0,0,0,0,0,583,46,46,0,0,0,0,0
retained-e8c21674a86f5d4737b23a59e2071da7754f4ff2,kill-switch-slow-transform-r01,2026-09-11T13:01:51.596837576Z,30000.908,none,false,0,0,0,0,0,603,47,47,0,0,0,0,0
retained-e8c21674a86f5d4737b23a59e2071da7754f4ff2,kill-switch-slow-transform-r01,2026-09-11T13:01:52.596904225Z,31000.975,slow-transform,false,1,0,1,0,4075024,623,49,48,0,0,0,0,1
retained-e8c21674a86f5d4737b23a59e2071da7754f4ff2,kill-switch-slow-transform-r01,2026-09-11T13:01:53.596281248Z,32000.352,slow-transform,false,2,0,2,0,8150048,643,50,48,0,0,0,0,2
retained-e8c21674a86f5d4737b23a59e2071da7754f4ff2,kill-switch-slow-transform-r01,2026-09-11T13:01:54.596130561Z,33000.201,slow-transform,false,3,0,3,0,12225072,663,52,49,0,0,0,0,3
retained-e8c21674a86f5d4737b23a59e2071da7754f4ff2,kill-switch-slow-transform-r01,2026-09-11T13:01:55.596389025Z,34000.459,slow-transform,false,4,0,4,0,16300096,683,53,49,0,0,0,0,4
retained-e8c21674a86f5d4737b23a59e2071da7754f4ff2,kill-switch-slow-transform-r01,2026-09-11T13:01:56.597111297Z,35001.182,slow-transform,false,4,2,6,0,24450144,703,55,49,0,0,0,0,4
retained-e8c21674a86f5d4737b23a59e2071da7754f4ff2,kill-switch-slow-transform-r01,2026-09-11T13:01:57.596694361Z,36000.765,slow-transform,false,4,3,7,0,28525168,724,56,49,0,0,0,0,4
retained-e8c21674a86f5d4737b23a59e2071da7754f4ff2,kill-switch-slow-transform-r01,2026-09-11T13:01:58.596542838Z,37000.613,slow-transform,false,4,5,9,0,36675216,744,58,49,0,0,0,0,4
retained-e8c21674a86f5d4737b23a59e2071da7754f4ff2,kill-switch-slow-transform-r01,2026-09-11T13:01:59.596854286Z,38000.925,slow-transform,false,4,6,10,0,40750240,764,59,49,0,0,0,0,4
retained-e8c21674a86f5d4737b23a59e2071da7754f4ff2,kill-switch-slow-transform-r01,2026-09-11T13:02:00.597261861Z,39001.332,slow-transform,false,4,8,12,0,48900288,784,61,49,0,0,0,0,4
retained-e8c21674a86f5d4737b23a59e2071da7754f4ff2,kill-switch-slow-transform-r01,2026-09-11T13:02:01.596665729Z,40000.736,slow-transform,false,4,9,13,0,52975312,804,62,49,0,0,0,0,4
retained-e8c21674a86f5d4737b23a59e2071da7754f4ff2,kill-switch-slow-transform-r01,2026-09-11T13:02:02.597022245Z,41001.093,slow-transform,false,4,11,15,0,61125360,824,64,49,0,0,0,0,4
retained-e8c21674a86f5d4737b23a59e2071da7754f4ff2,kill-switch-slow-transform-r01,2026-09-11T13:02:03.596526714Z,42000.597,slow-transform,false,4,12,16,0,65200384,844,65,49,0,0,0,0,4
retained-e8c21674a86f5d4737b23a59e2071da7754f4ff2,kill-switch-slow-transform-r01,2026-09-11T13:02:04.596622713Z,43000.693,slow-transform,false,4,14,18,0,73350432,864,67,49,0,0,0,0,4
retained-e8c21674a86f5d4737b23a59e2071da7754f4ff2,kill-switch-slow-transform-r01,2026-09-11T13:02:05.596482051Z,44000.552,slow-transform,false,4,15,19,0,77425456,884,68,49,0,0,0,0,4
retained-e8c21674a86f5d4737b23a59e2071da7754f4ff2,kill-switch-slow-transform-r01,2026-09-11T13:02:06.596930443Z,45001.001,slow-transform,false,4,17,21,0,85575504,904,70,49,0,0,0,0,4
retained-e8c21674a86f5d4737b23a59e2071da7754f4ff2,kill-switch-slow-transform-r01,2026-09-11T13:02:07.596592748Z,46000.663,slow-transform,false,4,16,20,0,81500480,923,71,51,0,0,0,0,5
retained-e8c21674a86f5d4737b23a59e2071da7754f4ff2,kill-switch-slow-transform-r01,2026-09-11T13:02:11.945045311Z,47001.166,slow-transform,false,4,17,21,0,85575504,943,73,52,0,0,0,0,6
retained-e8c21674a86f5d4737b23a59e2071da7754f4ff2,kill-switch-slow-transform-r01,2026-09-11T13:02:12.944613373Z,48000.734,slow-transform,false,4,16,20,0,81500480,963,74,54,0,0,0,0,7
retained-e8c21674a86f5d4737b23a59e2071da7754f4ff2,kill-switch-slow-transform-r01,2026-09-11T13:02:13.944810712Z,49000.932,slow-transform,false,4,17,21,0,85575504,983,76,55,0,0,0,0,8
retained-e8c21674a86f5d4737b23a59e2071da7754f4ff2,kill-switch-slow-transform-r01,2026-09-11T13:02:14.944728402Z,50000.849,slow-transform,false,4,18,22,0,89650528,1003,77,55,0,0,0,0,8
retained-e8c21674a86f5d4737b23a59e2071da7754f4ff2,kill-switch-slow-transform-r01,2026-09-11T13:02:15.944456158Z,51000.577,slow-transform,true,4,18,22,0,89650528,1023,79,55,0,0,0,2,8
retained-e8c21674a86f5d4737b23a59e2071da7754f4ff2,kill-switch-slow-transform-r01,2026-09-11T13:02:16.944186275Z,52000.307,slow-transform,true,4,18,22,0,89650528,1043,80,55,0,0,0,3,8
retained-e8c21674a86f5d4737b23a59e2071da7754f4ff2,kill-switch-slow-transform-r01,2026-09-11T13:02:17.944410742Z,53000.532,slow-transform,true,4,18,22,0,89650528,1063,82,55,0,0,0,5,8
retained-e8c21674a86f5d4737b23a59e2071da7754f4ff2,kill-switch-slow-transform-r01,2026-09-11T13:02:18.944815114Z,54000.936,slow-transform,true,3,18,21,0,85575504,1083,83,55,0,1,0,6,8
retained-e8c21674a86f5d4737b23a59e2071da7754f4ff2,kill-switch-slow-transform-r01,2026-09-11T13:02:19.944470962Z,55000.592,slow-transform,true,4,17,21,0,85575504,1103,85,55,0,1,0,8,9
retained-e8c21674a86f5d4737b23a59e2071da7754f4ff2,kill-switch-slow-transform-r01,2026-09-11T13:02:20.944682821Z,56000.804,slow-transform,true,4,15,19,0,77425456,1123,86,56,0,2,0,9,10
retained-e8c21674a86f5d4737b23a59e2071da7754f4ff2,kill-switch-slow-transform-r01,2026-09-11T13:02:21.944954431Z,57001.075,slow-transform,true,4,13,17,0,69275408,1143,88,57,0,3,0,11,11
retained-e8c21674a86f5d4737b23a59e2071da7754f4ff2,kill-switch-slow-transform-r01,2026-09-11T13:02:22.944947401Z,58001.068,slow-transform,true,4,12,16,0,65200384,1163,89,57,0,4,0,12,12
retained-e8c21674a86f5d4737b23a59e2071da7754f4ff2,kill-switch-slow-transform-r01,2026-09-11T13:02:23.944720147Z,59000.841,slow-transform,true,4,11,15,0,61125360,1183,91,57,0,5,0,14,13
retained-e8c21674a86f5d4737b23a59e2071da7754f4ff2,kill-switch-slow-transform-r01,2026-09-11T13:02:24.944950709Z,60001.071,slow-transform,true,3,9,12,0,48900288,1203,92,58,0,7,0,15,14
retained-e8c21674a86f5d4737b23a59e2071da7754f4ff2,kill-switch-slow-transform-r01,2026-09-11T13:02:25.944682198Z,61000.803,slow-transform,true,4,7,11,0,44825264,1223,94,59,0,7,0,17,15
retained-e8c21674a86f5d4737b23a59e2071da7754f4ff2,kill-switch-slow-transform-r01,2026-09-11T13:02:26.944796853Z,62000.918,slow-transform,true,4,5,9,0,36675216,1243,95,59,0,9,0,18,17
retained-e8c21674a86f5d4737b23a59e2071da7754f4ff2,kill-switch-slow-transform-r01,2026-09-11T13:02:27.94497486Z,63001.096,slow-transform,true,3,5,8,0,32600192,1263,97,59,0,10,0,20,17
retained-e8c21674a86f5d4737b23a59e2071da7754f4ff2,kill-switch-slow-transform-r01,2026-09-11T13:02:28.94487445Z,64000.995,slow-transform,true,3,3,6,0,24450144,1283,98,60,0,11,0,21,18
retained-e8c21674a86f5d4737b23a59e2071da7754f4ff2,kill-switch-slow-transform-r01,2026-09-11T13:02:29.944107301Z,65000.228,slow-transform,true,4,2,6,0,24450144,1303,100,60,0,11,0,23,19
retained-e8c21674a86f5d4737b23a59e2071da7754f4ff2,kill-switch-slow-transform-r01,2026-09-11T13:02:30.944762864Z,66000.884,slow-transform,true,4,0,4,0,16300096,1323,101,61,0,12,0,24,20
retained-e8c21674a86f5d4737b23a59e2071da7754f4ff2,kill-switch-slow-transform-r01,2026-09-11T13:02:31.944574179Z,67000.695,slow-transform,true,3,0,3,0,12225072,1343,103,61,0,13,0,26,20
retained-e8c21674a86f5d4737b23a59e2071da7754f4ff2,kill-switch-slow-transform-r01,2026-09-11T13:02:32.944260994Z,68000.382,slow-transform,true,2,0,2,0,8150048,1363,104,61,0,14,0,27,20
retained-e8c21674a86f5d4737b23a59e2071da7754f4ff2,kill-switch-slow-transform-r01,2026-09-11T13:02:33.944778496Z,69000.899,slow-transform,true,1,0,1,0,4075024,1383,106,61,0,15,0,29,20
retained-e8c21674a86f5d4737b23a59e2071da7754f4ff2,kill-switch-slow-transform-r01,2026-09-11T13:02:34.944898429Z,70001.019,slow-transform,true,0,0,0,0,0,1403,107,61,0,16,0,30,20
retained-e8c21674a86f5d4737b23a59e2071da7754f4ff2,kill-switch-slow-transform-r01,2026-09-11T13:02:35.944458083Z,71000.579,slow-transform,true,0,0,0,0,0,1423,109,61,0,16,0,32,20
retained-e8c21674a86f5d4737b23a59e2071da7754f4ff2,kill-switch-slow-transform-r01,2026-09-11T13:02:36.944522673Z,72000.643,slow-transform,true,0,0,0,0,0,1443,110,61,0,16,0,33,20
retained-e8c21674a86f5d4737b23a59e2071da7754f4ff2,kill-switch-slow-transform-r01,2026-09-11T13:02:37.94395975Z,73000.081,slow-transform,true,0,0,0,0,0,1463,112,61,0,16,0,35,20
retained-e8c21674a86f5d4737b23a59e2071da7754f4ff2,kill-switch-slow-transform-r01,2026-09-11T13:02:38.944556885Z,74000.678,slow-transform,true,0,0,0,0,0,1483,113,61,0,16,0,36,20
retained-e8c21674a86f5d4737b23a59e2071da7754f4ff2,kill-switch-slow-transform-r01,2026-09-11T13:02:39.944529054Z,75000.650,slow-transform,true,0,0,0,0,0,1503,115,61,0,16,0,38,20
retained-e8c21674a86f5d4737b23a59e2071da7754f4ff2,kill-switch-slow-transform-r01,2026-09-11T13:02:40.944812078Z,76000.933,slow-transform,true,0,0,0,0,0,1523,116,61,0,16,0,39,20
retained-e8c21674a86f5d4737b23a59e2071da7754f4ff2,kill-switch-slow-transform-r01,2026-09-11T13:02:45.263579093Z,77001.071,slow-transform,true,0,0,0,0,0,1543,118,61,0,16,0,41,20
retained-e8c21674a86f5d4737b23a59e2071da7754f4ff2,kill-switch-slow-transform-r01,2026-09-11T13:02:46.263549149Z,78001.041,slow-transform,true,0,0,0,0,0,1563,119,61,0,16,0,42,20
retained-e8c21674a86f5d4737b23a59e2071da7754f4ff2,kill-switch-slow-transform-r01,2026-09-11T13:02:47.263354142Z,79000.846,slow-transform,true,0,0,0,0,0,1583,121,61,0,16,0,44,20
retained-e8c21674a86f5d4737b23a59e2071da7754f4ff2,kill-switch-slow-transform-r01,2026-09-11T13:02:48.263332377Z,80000.824,slow-transform,true,0,0,0,0,0,1603,122,61,0,16,0,45,20
retained-e8c21674a86f5d4737b23a59e2071da7754f4ff2,kill-switch-slow-transform-r01,2026-09-11T13:02:49.263399311Z,81000.891,slow-transform,true,0,0,0,0,0,1623,124,61,0,16,0,47,20
retained-e8c21674a86f5d4737b23a59e2071da7754f4ff2,kill-switch-slow-transform-r01,2026-09-11T13:02:50.263263702Z,82000.755,slow-transform,true,0,0,0,0,0,1643,125,61,0,16,0,48,20
retained-e8c21674a86f5d4737b23a59e2071da7754f4ff2,kill-switch-slow-transform-r01,2026-09-11T13:02:51.262791698Z,83000.283,slow-transform,true,0,0,0,0,0,1663,127,61,0,16,0,50,20
retained-e8c21674a86f5d4737b23a59e2071da7754f4ff2,kill-switch-slow-transform-r01,2026-09-11T13:02:52.26339591Z,84000.888,slow-transform,true,0,0,0,0,0,1683,128,61,0,16,0,51,20
retained-e8c21674a86f5d4737b23a59e2071da7754f4ff2,kill-switch-slow-transform-r01,2026-09-11T13:02:53.26285459Z,85000.346,slow-transform,true,0,0,0,0,0,1703,130,61,0,16,0,53,20
retained-e8c21674a86f5d4737b23a59e2071da7754f4ff2,kill-switch-slow-transform-r01,2026-09-11T13:02:54.26305377Z,86000.545,slow-transform,true,0,0,0,0,0,1723,131,61,0,16,0,54,20
retained-e8c21674a86f5d4737b23a59e2071da7754f4ff2,kill-switch-slow-transform-r01,2026-09-11T13:02:55.262897783Z,87000.389,slow-transform,true,0,0,0,0,0,1743,133,61,0,16,0,56,20
retained-e8c21674a86f5d4737b23a59e2071da7754f4ff2,kill-switch-slow-transform-r01,2026-09-11T13:02:56.263044936Z,88000.537,slow-transform,true,0,0,0,0,0,1763,134,61,0,16,0,57,20
retained-e8c21674a86f5d4737b23a59e2071da7754f4ff2,kill-switch-slow-transform-r01,2026-09-11T13:02:57.263360221Z,89000.852,slow-transform,true,0,0,0,0,0,1783,136,61,0,16,0,59,20
retained-e8c21674a86f5d4737b23a59e2071da7754f4ff2,kill-switch-slow-transform-r01,2026-09-11T13:02:58.26341727Z,90000.909,slow-transform,true,0,0,0,0,0,1803,137,61,0,16,0,60,20
retained-e8c21674a86f5d4737b23a59e2071da7754f4ff2,kill-switch-slow-transform-r01,2026-09-11T13:02:59.263560188Z,91001.052,none,true,0,0,0,0,0,1823,139,61,0,16,0,62,20
retained-e8c21674a86f5d4737b23a59e2071da7754f4ff2,kill-switch-slow-transform-r01,2026-09-11T13:03:00.262839068Z,92000.331,none,true,0,0,0,0,0,1843,140,61,0,16,0,63,20
retained-e8c21674a86f5d4737b23a59e2071da7754f4ff2,kill-switch-slow-transform-r01,2026-09-11T13:03:01.263491844Z,93000.983,none,true,0,0,0,0,0,1863,142,61,0,16,0,65,20
retained-e8c21674a86f5d4737b23a59e2071da7754f4ff2,kill-switch-slow-transform-r01,2026-09-11T13:03:02.263563374Z,94001.055,none,true,0,0,0,0,0,1883,143,61,0,16,0,66,20
retained-e8c21674a86f5d4737b23a59e2071da7754f4ff2,kill-switch-slow-transform-r01,2026-09-11T13:03:03.263266078Z,95000.758,none,true,0,0,0,0,0,1903,145,61,0,16,0,68,20
retained-e8c21674a86f5d4737b23a59e2071da7754f4ff2,kill-switch-slow-transform-r01,2026-09-11T13:03:04.263092085Z,96000.584,none,true,0,0,0,0,0,1923,146,61,0,16,0,69,20
retained-e8c21674a86f5d4737b23a59e2071da7754f4ff2,kill-switch-slow-transform-r01,2026-09-11T13:03:05.263043175Z,97000.535,none,true,0,0,0,0,0,1943,148,61,0,16,0,71,20
retained-e8c21674a86f5d4737b23a59e2071da7754f4ff2,kill-switch-slow-transform-r01,2026-09-11T13:03:06.263619899Z,98001.112,none,true,0,0,0,0,0,1963,149,61,0,16,0,72,20
retained-e8c21674a86f5d4737b23a59e2071da7754f4ff2,kill-switch-slow-transform-r01,2026-09-11T13:03:07.263208257Z,99000.700,none,true,0,0,0,0,0,1983,151,61,0,16,0,74,20
retained-e8c21674a86f5d4737b23a59e2071da7754f4ff2,kill-switch-slow-transform-r01,2026-09-11T13:03:08.262770466Z,100000.262,none,true,0,0,0,0,0,2003,152,61,0,16,0,75,20
retained-e8c21674a86f5d4737b23a59e2071da7754f4ff2,kill-switch-slow-transform-r01,2026-09-11T13:03:09.263259758Z,101000.751,none,false,0,0,0,0,0,2023,154,63,0,16,0,75,20
retained-e8c21674a86f5d4737b23a59e2071da7754f4ff2,kill-switch-slow-transform-r01,2026-09-11T13:03:10.263473698Z,102000.965,none,false,0,0,0,0,0,2043,155,64,0,16,0,75,20
retained-e8c21674a86f5d4737b23a59e2071da7754f4ff2,kill-switch-slow-transform-r01,2026-09-11T13:03:11.263162144Z,103000.654,none,false,0,0,0,0,0,2063,157,66,0,16,0,75,20
retained-e8c21674a86f5d4737b23a59e2071da7754f4ff2,kill-switch-slow-transform-r01,2026-09-11T13:03:12.263284065Z,104000.776,none,false,0,0,0,0,0,2083,158,67,0,16,0,75,20
retained-e8c21674a86f5d4737b23a59e2071da7754f4ff2,kill-switch-slow-transform-r01,2026-09-11T13:03:13.263304084Z,105000.796,none,false,0,0,0,0,0,2103,160,69,0,16,0,75,20
retained-e8c21674a86f5d4737b23a59e2071da7754f4ff2,kill-switch-slow-transform-r01,2026-09-11T13:03:14.263523185Z,106001.015,none,false,0,0,0,0,0,2123,161,70,0,16,0,75,20
retained-e8c21674a86f5d4737b23a59e2071da7754f4ff2,kill-switch-slow-transform-r01,2026-09-11T13:03:18.594493152Z,107000.763,none,false,0,0,0,0,0,2143,163,72,0,16,0,75,20
retained-e8c21674a86f5d4737b23a59e2071da7754f4ff2,kill-switch-slow-transform-r01,2026-09-11T13:03:19.594103904Z,108000.374,none,false,0,0,0,0,0,2163,164,73,0,16,0,75,20
retained-e8c21674a86f5d4737b23a59e2071da7754f4ff2,kill-switch-slow-transform-r01,2026-09-11T13:03:20.594057184Z,109000.327,none,false,0,0,0,0,0,2183,166,75,0,16,0,75,20
retained-e8c21674a86f5d4737b23a59e2071da7754f4ff2,kill-switch-slow-transform-r01,2026-09-11T13:03:21.59435534Z,110000.625,none,false,0,0,0,0,0,2203,167,76,0,16,0,75,20
retained-e8c21674a86f5d4737b23a59e2071da7754f4ff2,kill-switch-slow-transform-r01,2026-09-11T13:03:22.593985079Z,111000.255,none,false,0,0,0,0,0,2223,169,78,0,16,0,75,20
retained-e8c21674a86f5d4737b23a59e2071da7754f4ff2,kill-switch-slow-transform-r01,2026-09-11T13:03:23.594523139Z,112000.793,none,false,0,0,0,0,0,2243,170,79,0,16,0,75,20
retained-e8c21674a86f5d4737b23a59e2071da7754f4ff2,kill-switch-slow-transform-r01,2026-09-11T13:03:24.593996574Z,113000.266,none,false,0,0,0,0,0,2263,172,81,0,16,0,75,20
retained-e8c21674a86f5d4737b23a59e2071da7754f4ff2,kill-switch-slow-transform-r01,2026-09-11T13:03:25.594651966Z,114000.922,none,false,0,0,0,0,0,2283,173,82,0,16,0,75,20
retained-e8c21674a86f5d4737b23a59e2071da7754f4ff2,kill-switch-slow-transform-r01,2026-09-11T13:03:26.594737685Z,115001.008,none,false,0,0,0,0,0,2303,175,84,0,16,0,75,20
retained-e8c21674a86f5d4737b23a59e2071da7754f4ff2,kill-switch-slow-transform-r01,2026-09-11T13:03:27.594033073Z,116000.303,none,false,0,0,0,0,0,2323,176,85,0,16,0,75,20
retained-e8c21674a86f5d4737b23a59e2071da7754f4ff2,kill-switch-slow-transform-r01,2026-09-11T13:03:28.594796071Z,117001.066,none,false,0,0,0,0,0,2343,178,87,0,16,0,75,20
retained-e8c21674a86f5d4737b23a59e2071da7754f4ff2,kill-switch-slow-transform-r01,2026-09-11T13:03:29.59415063Z,118000.420,none,false,0,0,0,0,0,2363,179,88,0,16,0,75,20
retained-e8c21674a86f5d4737b23a59e2071da7754f4ff2,kill-switch-slow-transform-r01,2026-09-11T13:03:30.594803484Z,119001.073,none,false,0,0,0,0,0,2383,181,90,0,16,0,75,20
retained-e8c21674a86f5d4737b23a59e2071da7754f4ff2,kill-switch-slow-transform-r01,2026-09-11T13:03:31.594662235Z,120000.932,none,false,0,0,0,0,0,2403,182,91,0,16,0,75,20
retained-e8c21674a86f5d4737b23a59e2071da7754f4ff2,kill-switch-slow-transform-r01,2026-09-11T13:03:32.594203847Z,121000.474,none,false,0,0,0,0,0,2423,184,93,0,16,0,75,20
retained-e8c21674a86f5d4737b23a59e2071da7754f4ff2,kill-switch-slow-transform-r01,2026-09-11T13:03:33.594536466Z,122000.806,none,false,0,0,0,0,0,2443,185,94,0,16,0,75,20
retained-e8c21674a86f5d4737b23a59e2071da7754f4ff2,kill-switch-slow-transform-r01,2026-09-11T13:03:34.594647208Z,123000.917,none,false,0,0,0,0,0,2463,187,96,0,16,0,75,20
retained-e8c21674a86f5d4737b23a59e2071da7754f4ff2,kill-switch-slow-transform-r01,2026-09-11T13:03:35.594325001Z,124000.595,none,false,0,0,0,0,0,2483,188,97,0,16,0,75,20
retained-e8c21674a86f5d4737b23a59e2071da7754f4ff2,kill-switch-slow-transform-r01,2026-09-11T13:03:36.593980814Z,125000.251,none,false,0,0,0,0,0,2503,190,99,0,16,0,75,20
retained-e8c21674a86f5d4737b23a59e2071da7754f4ff2,kill-switch-slow-transform-r01,2026-09-11T13:03:37.594489418Z,126000.759,none,false,0,0,0,0,0,2523,191,100,0,16,0,75,20
retained-e8c21674a86f5d4737b23a59e2071da7754f4ff2,kill-switch-slow-transform-r01,2026-09-11T13:03:38.594675392Z,127000.945,none,false,0,0,0,0,0,2543,193,102,0,16,0,75,20
retained-e8c21674a86f5d4737b23a59e2071da7754f4ff2,kill-switch-slow-transform-r01,2026-09-11T13:03:39.594816116Z,128001.086,none,false,0,0,0,0,0,2563,194,103,0,16,0,75,20
retained-e8c21674a86f5d4737b23a59e2071da7754f4ff2,kill-switch-slow-transform-r01,2026-09-11T13:03:40.593990798Z,129000.261,none,false,0,0,0,0,0,2583,196,105,0,16,0,75,20
retained-e8c21674a86f5d4737b23a59e2071da7754f4ff2,kill-switch-slow-transform-r01,2026-09-11T13:03:41.594185101Z,130000.455,none,false,0,0,0,0,0,2603,197,106,0,16,0,75,20
retained-e8c21674a86f5d4737b23a59e2071da7754f4ff2,kill-switch-slow-transform-r01,2026-09-11T13:03:42.594772538Z,131001.042,none,false,0,0,0,0,0,2623,199,108,0,16,0,75,20
retained-e8c21674a86f5d4737b23a59e2071da7754f4ff2,kill-switch-slow-transform-r01,2026-09-11T13:03:43.594756055Z,132001.026,none,false,0,0,0,0,0,2643,200,109,0,16,0,75,20
retained-e8c21674a86f5d4737b23a59e2071da7754f4ff2,kill-switch-slow-transform-r01,2026-09-11T13:03:44.594289658Z,133000.559,none,false,0,0,0,0,0,2663,202,111,0,16,0,75,20
retained-e8c21674a86f5d4737b23a59e2071da7754f4ff2,kill-switch-slow-transform-r01,2026-09-11T13:03:45.5941536Z,134000.423,none,false,0,0,0,0,0,2683,203,112,0,16,0,75,20
retained-e8c21674a86f5d4737b23a59e2071da7754f4ff2,kill-switch-slow-transform-r01,2026-09-11T13:03:46.594083427Z,135000.353,none,false,0,0,0,0,0,2703,205,114,0,16,0,75,20
retained-e8c21674a86f5d4737b23a59e2071da7754f4ff2,kill-switch-slow-transform-r01,2026-09-11T13:03:47.59479181Z,136001.062,none,false,0,0,0,0,0,2723,206,115,0,16,0,75,20
retained-e8c21674a86f5d4737b23a59e2071da7754f4ff2,kill-switch-slow-transform-r01,2026-09-11T13:03:51.955052185Z,137000.261,none,false,0,0,0,0,0,2743,208,117,0,16,0,75,20
retained-e8c21674a86f5d4737b23a59e2071da7754f4ff2,kill-switch-slow-transform-r01,2026-09-11T13:03:52.955814086Z,138001.023,none,false,0,0,0,0,0,2763,209,118,0,16,0,75,20
retained-e8c21674a86f5d4737b23a59e2071da7754f4ff2,kill-switch-slow-transform-r01,2026-09-11T13:03:53.955358381Z,139000.567,none,false,0,0,0,0,0,2783,211,120,0,16,0,75,20
retained-e8c21674a86f5d4737b23a59e2071da7754f4ff2,kill-switch-slow-transform-r01,2026-09-11T13:03:54.955271616Z,140000.480,none,false,0,0,0,0,0,2803,212,121,0,16,0,75,20
retained-e8c21674a86f5d4737b23a59e2071da7754f4ff2,kill-switch-slow-transform-r01,2026-09-11T13:03:55.955721509Z,141000.930,none,false,0,0,0,0,0,2823,214,123,0,16,0,75,20
retained-e8c21674a86f5d4737b23a59e2071da7754f4ff2,kill-switch-slow-transform-r01,2026-09-11T13:03:56.955321617Z,142000.530,none,false,0,0,0,0,0,2843,215,124,0,16,0,75,20
retained-e8c21674a86f5d4737b23a59e2071da7754f4ff2,kill-switch-slow-transform-r01,2026-09-11T13:03:57.955437867Z,143000.646,none,false,0,0,0,0,0,2863,217,126,0,16,0,75,20
retained-e8c21674a86f5d4737b23a59e2071da7754f4ff2,kill-switch-slow-transform-r01,2026-09-11T13:03:58.955379473Z,144000.588,none,false,0,0,0,0,0,2883,218,127,0,16,0,75,20
retained-e8c21674a86f5d4737b23a59e2071da7754f4ff2,kill-switch-slow-transform-r01,2026-09-11T13:03:59.955283004Z,145000.491,none,false,0,0,0,0,0,2903,220,129,0,16,0,75,20
retained-e8c21674a86f5d4737b23a59e2071da7754f4ff2,kill-switch-slow-transform-r01,2026-09-11T13:04:00.955290027Z,146000.498,none,false,0,0,0,0,0,2923,221,130,0,16,0,75,20
retained-e8c21674a86f5d4737b23a59e2071da7754f4ff2,kill-switch-slow-transform-r01,2026-09-11T13:04:01.955304551Z,147000.513,none,false,0,0,0,0,0,2943,223,132,0,16,0,75,20
retained-e8c21674a86f5d4737b23a59e2071da7754f4ff2,kill-switch-slow-transform-r01,2026-09-11T13:04:02.955633797Z,148000.842,none,false,0,0,0,0,0,2963,224,133,0,16,0,75,20
retained-e8c21674a86f5d4737b23a59e2071da7754f4ff2,kill-switch-slow-transform-r01,2026-09-11T13:04:03.955513266Z,149000.722,none,false,0,0,0,0,0,2983,226,135,0,16,0,75,20
retained-e8c21674a86f5d4737b23a59e2071da7754f4ff2,kill-switch-slow-transform-r01,2026-09-11T13:04:04.955308413Z,150000.517,none,false,0,0,0,0,0,3003,227,136,0,16,0,75,20
retained-e8c21674a86f5d4737b23a59e2071da7754f4ff2,kill-switch-slow-transform-r01,2026-09-11T13:04:04.9553494Z,150000.558,none,false,0,0,0,0,0,3003,227,136,0,16,0,75,20
retained-e8c21674a86f5d4737b23a59e2071da7754f4ff2,baseline-slow-transform-r01,2026-09-11T13:04:06.17486976Z,0.018,none,false,0,0,0,0,0,4,4,4,0,0,0,0,0
retained-e8c21674a86f5d4737b23a59e2071da7754f4ff2,baseline-slow-transform-r01,2026-09-11T13:04:07.175565819Z,1000.714,none,false,0,0,0,0,0,23,4,4,0,0,0,0,0
retained-e8c21674a86f5d4737b23a59e2071da7754f4ff2,baseline-slow-transform-r01,2026-09-11T13:04:08.175913274Z,2001.062,none,false,0,0,0,0,0,43,5,5,0,0,0,0,0
retained-e8c21674a86f5d4737b23a59e2071da7754f4ff2,baseline-slow-transform-r01,2026-09-11T13:04:09.175159014Z,3000.308,none,false,0,0,0,0,0,63,7,7,0,0,0,0,0
retained-e8c21674a86f5d4737b23a59e2071da7754f4ff2,baseline-slow-transform-r01,2026-09-11T13:04:10.175041686Z,4000.190,none,false,0,0,0,0,0,83,8,8,0,0,0,0,0
retained-e8c21674a86f5d4737b23a59e2071da7754f4ff2,baseline-slow-transform-r01,2026-09-11T13:04:11.175156082Z,5000.305,none,false,0,0,0,0,0,103,10,10,0,0,0,0,0
retained-e8c21674a86f5d4737b23a59e2071da7754f4ff2,baseline-slow-transform-r01,2026-09-11T13:04:12.175329393Z,6000.478,none,false,0,0,0,0,0,123,11,11,0,0,0,0,0
retained-e8c21674a86f5d4737b23a59e2071da7754f4ff2,baseline-slow-transform-r01,2026-09-11T13:04:13.175518387Z,7000.667,none,false,0,0,0,0,0,143,13,13,0,0,0,0,0
retained-e8c21674a86f5d4737b23a59e2071da7754f4ff2,baseline-slow-transform-r01,2026-09-11T13:04:14.175049202Z,8000.198,none,false,0,0,0,0,0,163,14,14,0,0,0,0,0
retained-e8c21674a86f5d4737b23a59e2071da7754f4ff2,baseline-slow-transform-r01,2026-09-11T13:04:15.175569852Z,9000.718,none,false,0,0,0,0,0,183,16,16,0,0,0,0,0
retained-e8c21674a86f5d4737b23a59e2071da7754f4ff2,baseline-slow-transform-r01,2026-09-11T13:04:16.175235345Z,10000.384,none,false,0,0,0,0,0,203,17,17,0,0,0,0,0
retained-e8c21674a86f5d4737b23a59e2071da7754f4ff2,baseline-slow-transform-r01,2026-09-11T13:04:17.175902359Z,11001.051,none,false,0,0,0,0,0,223,19,19,0,0,0,0,0
retained-e8c21674a86f5d4737b23a59e2071da7754f4ff2,baseline-slow-transform-r01,2026-09-11T13:04:18.175299508Z,12000.448,none,false,0,0,0,0,0,243,20,20,0,0,0,0,0
retained-e8c21674a86f5d4737b23a59e2071da7754f4ff2,baseline-slow-transform-r01,2026-09-11T13:04:19.175322254Z,13000.471,none,false,0,0,0,0,0,263,22,22,0,0,0,0,0
retained-e8c21674a86f5d4737b23a59e2071da7754f4ff2,baseline-slow-transform-r01,2026-09-11T13:04:20.175726575Z,14000.875,none,false,0,0,0,0,0,283,23,23,0,0,0,0,0
retained-e8c21674a86f5d4737b23a59e2071da7754f4ff2,baseline-slow-transform-r01,2026-09-11T13:04:21.175897438Z,15001.046,none,false,0,0,0,0,0,303,25,25,0,0,0,0,0
retained-e8c21674a86f5d4737b23a59e2071da7754f4ff2,baseline-slow-transform-r01,2026-09-11T13:04:25.484857346Z,16000.766,none,false,0,0,0,0,0,323,26,26,0,0,0,0,0
retained-e8c21674a86f5d4737b23a59e2071da7754f4ff2,baseline-slow-transform-r01,2026-09-11T13:04:26.484710133Z,17000.619,none,false,0,0,0,0,0,343,28,28,0,0,0,0,0
retained-e8c21674a86f5d4737b23a59e2071da7754f4ff2,baseline-slow-transform-r01,2026-09-11T13:04:27.484616767Z,18000.526,none,false,0,0,0,0,0,363,29,29,0,0,0,0,0
retained-e8c21674a86f5d4737b23a59e2071da7754f4ff2,baseline-slow-transform-r01,2026-09-11T13:04:28.484256552Z,19000.166,none,false,0,0,0,0,0,383,31,31,0,0,0,0,0
retained-e8c21674a86f5d4737b23a59e2071da7754f4ff2,baseline-slow-transform-r01,2026-09-11T13:04:29.484965912Z,20000.875,none,false,0,0,0,0,0,403,32,32,0,0,0,0,0
retained-e8c21674a86f5d4737b23a59e2071da7754f4ff2,baseline-slow-transform-r01,2026-09-11T13:04:30.485275684Z,21001.185,none,false,0,0,0,0,0,423,34,34,0,0,0,0,0
retained-e8c21674a86f5d4737b23a59e2071da7754f4ff2,baseline-slow-transform-r01,2026-09-11T13:04:31.484624943Z,22000.534,none,false,0,0,0,0,0,443,35,35,0,0,0,0,0
retained-e8c21674a86f5d4737b23a59e2071da7754f4ff2,baseline-slow-transform-r01,2026-09-11T13:04:32.48468428Z,23000.593,none,false,0,0,0,0,0,463,37,37,0,0,0,0,0
retained-e8c21674a86f5d4737b23a59e2071da7754f4ff2,baseline-slow-transform-r01,2026-09-11T13:04:33.484939689Z,24000.849,none,false,0,0,0,0,0,483,38,38,0,0,0,0,0
retained-e8c21674a86f5d4737b23a59e2071da7754f4ff2,baseline-slow-transform-r01,2026-09-11T13:04:34.484741145Z,25000.650,none,false,0,0,0,0,0,503,40,40,0,0,0,0,0
retained-e8c21674a86f5d4737b23a59e2071da7754f4ff2,baseline-slow-transform-r01,2026-09-11T13:04:35.485107185Z,26001.016,none,false,0,0,0,0,0,523,41,41,0,0,0,0,0
retained-e8c21674a86f5d4737b23a59e2071da7754f4ff2,baseline-slow-transform-r01,2026-09-11T13:04:36.484993069Z,27000.902,none,false,0,0,0,0,0,543,43,43,0,0,0,0,0
retained-e8c21674a86f5d4737b23a59e2071da7754f4ff2,baseline-slow-transform-r01,2026-09-11T13:04:37.484614457Z,28000.524,none,false,0,0,0,0,0,563,44,44,0,0,0,0,0
retained-e8c21674a86f5d4737b23a59e2071da7754f4ff2,baseline-slow-transform-r01,2026-09-11T13:04:38.485073047Z,29000.982,none,false,0,0,0,0,0,583,46,46,0,0,0,0,0
retained-e8c21674a86f5d4737b23a59e2071da7754f4ff2,baseline-slow-transform-r01,2026-09-11T13:04:39.484937117Z,30000.846,none,false,0,0,0,0,0,603,47,47,0,0,0,0,0
retained-e8c21674a86f5d4737b23a59e2071da7754f4ff2,baseline-slow-transform-r01,2026-09-11T13:04:40.484506386Z,31000.415,slow-transform,false,1,0,1,0,4075024,623,49,48,0,0,0,0,1
retained-e8c21674a86f5d4737b23a59e2071da7754f4ff2,baseline-slow-transform-r01,2026-09-11T13:04:41.484644487Z,32000.554,slow-transform,false,2,0,2,0,8150048,643,50,48,0,0,0,0,2
retained-e8c21674a86f5d4737b23a59e2071da7754f4ff2,baseline-slow-transform-r01,2026-09-11T13:04:42.48499776Z,33000.907,slow-transform,false,3,0,3,0,12225072,663,52,49,0,0,0,0,3
retained-e8c21674a86f5d4737b23a59e2071da7754f4ff2,baseline-slow-transform-r01,2026-09-11T13:04:43.484787941Z,34000.697,slow-transform,false,4,0,4,0,16300096,683,53,49,0,0,0,0,4
retained-e8c21674a86f5d4737b23a59e2071da7754f4ff2,baseline-slow-transform-r01,2026-09-11T13:04:44.484995529Z,35000.905,slow-transform,false,4,2,6,0,24450144,703,55,49,0,0,0,0,4
retained-e8c21674a86f5d4737b23a59e2071da7754f4ff2,baseline-slow-transform-r01,2026-09-11T13:04:45.484954147Z,36000.863,slow-transform,false,4,3,7,0,28525168,723,56,49,0,0,0,0,4
retained-e8c21674a86f5d4737b23a59e2071da7754f4ff2,baseline-slow-transform-r01,2026-09-11T13:04:46.484876145Z,37000.785,slow-transform,false,4,5,9,0,36675216,743,58,49,0,0,0,0,4
retained-e8c21674a86f5d4737b23a59e2071da7754f4ff2,baseline-slow-transform-r01,2026-09-11T13:04:47.484539422Z,38000.449,slow-transform,false,4,6,10,0,40750240,763,59,49,0,0,0,0,4
retained-e8c21674a86f5d4737b23a59e2071da7754f4ff2,baseline-slow-transform-r01,2026-09-11T13:04:48.485032832Z,39000.942,slow-transform,false,4,8,12,0,48900288,783,61,49,0,0,0,0,4
retained-e8c21674a86f5d4737b23a59e2071da7754f4ff2,baseline-slow-transform-r01,2026-09-11T13:04:49.484887334Z,40000.796,slow-transform,false,4,9,13,0,52975312,803,62,49,0,0,0,0,4
retained-e8c21674a86f5d4737b23a59e2071da7754f4ff2,baseline-slow-transform-r01,2026-09-11T13:04:50.484265626Z,41000.175,slow-transform,false,4,11,15,0,61125360,823,64,49,0,0,0,0,4
retained-e8c21674a86f5d4737b23a59e2071da7754f4ff2,baseline-slow-transform-r01,2026-09-11T13:04:51.484612215Z,42000.521,slow-transform,false,4,12,16,0,65200384,843,65,49,0,0,0,0,4
retained-e8c21674a86f5d4737b23a59e2071da7754f4ff2,baseline-slow-transform-r01,2026-09-11T13:04:52.4850457Z,43000.955,slow-transform,false,4,14,18,0,73350432,863,67,49,0,0,0,0,4
retained-e8c21674a86f5d4737b23a59e2071da7754f4ff2,baseline-slow-transform-r01,2026-09-11T13:04:53.484958225Z,44000.867,slow-transform,false,4,15,19,0,77425456,883,68,49,0,0,0,0,4
retained-e8c21674a86f5d4737b23a59e2071da7754f4ff2,baseline-slow-transform-r01,2026-09-11T13:04:54.48455863Z,45000.468,slow-transform,false,4,17,21,0,85575504,903,70,49,0,0,0,0,4
retained-e8c21674a86f5d4737b23a59e2071da7754f4ff2,baseline-slow-transform-r01,2026-09-11T13:04:58.834530455Z,46000.820,slow-transform,false,4,17,21,0,85575504,923,71,50,0,0,0,0,5
retained-e8c21674a86f5d4737b23a59e2071da7754f4ff2,baseline-slow-transform-r01,2026-09-11T13:04:59.834556799Z,47000.846,slow-transform,false,4,17,21,0,85575504,943,73,52,0,0,0,0,6
retained-e8c21674a86f5d4737b23a59e2071da7754f4ff2,baseline-slow-transform-r01,2026-09-11T13:05:00.834127479Z,48000.417,slow-transform,false,4,16,20,0,81500480,963,74,54,0,0,0,0,7
retained-e8c21674a86f5d4737b23a59e2071da7754f4ff2,baseline-slow-transform-r01,2026-09-11T13:05:01.834679687Z,49000.969,slow-transform,false,4,17,21,0,85575504,983,76,55,0,0,0,0,8
retained-e8c21674a86f5d4737b23a59e2071da7754f4ff2,baseline-slow-transform-r01,2026-09-11T13:05:02.834564974Z,50000.854,slow-transform,false,4,18,22,0,89650528,1003,77,55,0,0,0,0,8
retained-e8c21674a86f5d4737b23a59e2071da7754f4ff2,baseline-slow-transform-r01,2026-09-11T13:05:03.83446253Z,51000.752,slow-transform,false,4,20,24,0,97800576,1023,79,55,0,0,0,0,8
retained-e8c21674a86f5d4737b23a59e2071da7754f4ff2,baseline-slow-transform-r01,2026-09-11T13:05:04.833940257Z,52000.229,slow-transform,false,4,21,25,0,101875600,1043,80,55,0,0,0,0,8
retained-e8c21674a86f5d4737b23a59e2071da7754f4ff2,baseline-slow-transform-r01,2026-09-11T13:05:05.834028985Z,53000.318,slow-transform,false,4,23,27,0,110025648,1063,82,55,0,0,0,0,8
retained-e8c21674a86f5d4737b23a59e2071da7754f4ff2,baseline-slow-transform-r01,2026-09-11T13:05:06.834004499Z,54000.294,slow-transform,false,4,24,28,0,114100672,1083,83,55,0,0,0,0,8
retained-e8c21674a86f5d4737b23a59e2071da7754f4ff2,baseline-slow-transform-r01,2026-09-11T13:05:07.834482929Z,55000.772,slow-transform,false,4,25,29,0,118175696,1103,85,55,0,1,0,0,9
retained-e8c21674a86f5d4737b23a59e2071da7754f4ff2,baseline-slow-transform-r01,2026-09-11T13:05:08.834755073Z,56001.044,slow-transform,false,4,24,28,0,114100672,1123,86,56,0,2,0,0,10
retained-e8c21674a86f5d4737b23a59e2071da7754f4ff2,baseline-slow-transform-r01,2026-09-11T13:05:09.834098192Z,57000.387,slow-transform,false,4,24,28,0,114100672,1143,88,57,0,3,0,0,11
retained-e8c21674a86f5d4737b23a59e2071da7754f4ff2,baseline-slow-transform-r01,2026-09-11T13:05:10.834589201Z,58000.878,slow-transform,false,4,24,28,0,114100672,1163,89,57,0,4,0,0,12
retained-e8c21674a86f5d4737b23a59e2071da7754f4ff2,baseline-slow-transform-r01,2026-09-11T13:05:11.834591598Z,59000.881,slow-transform,false,4,25,29,0,118175696,1183,91,57,0,5,0,0,13
retained-e8c21674a86f5d4737b23a59e2071da7754f4ff2,baseline-slow-transform-r01,2026-09-11T13:05:12.834798812Z,60001.088,slow-transform,false,4,24,28,0,114100672,1203,92,58,0,6,0,0,14
retained-e8c21674a86f5d4737b23a59e2071da7754f4ff2,baseline-slow-transform-r01,2026-09-11T13:05:13.834587132Z,61000.876,slow-transform,false,3,25,29,0,114100672,1223,94,58,0,8,0,0,15
retained-e8c21674a86f5d4737b23a59e2071da7754f4ff2,baseline-slow-transform-r01,2026-09-11T13:05:14.834034207Z,62000.323,slow-transform,false,4,24,28,0,114100672,1243,95,59,0,8,0,0,16
retained-e8c21674a86f5d4737b23a59e2071da7754f4ff2,baseline-slow-transform-r01,2026-09-11T13:05:15.834588897Z,63000.878,slow-transform,false,4,25,29,0,118175696,1263,97,59,0,9,0,0,17
retained-e8c21674a86f5d4737b23a59e2071da7754f4ff2,baseline-slow-transform-r01,2026-09-11T13:05:16.834072111Z,64000.361,slow-transform,false,4,24,28,0,114100672,1283,98,60,0,10,0,0,18
retained-e8c21674a86f5d4737b23a59e2071da7754f4ff2,baseline-slow-transform-r01,2026-09-11T13:05:17.834984153Z,65001.273,slow-transform,false,3,24,28,0,110025648,1303,101,61,0,12,0,0,19
retained-e8c21674a86f5d4737b23a59e2071da7754f4ff2,baseline-slow-transform-r01,2026-09-11T13:05:18.834158967Z,66000.448,slow-transform,false,4,24,28,0,114100672,1323,101,61,0,12,0,0,20
retained-e8c21674a86f5d4737b23a59e2071da7754f4ff2,baseline-slow-transform-r01,2026-09-11T13:05:19.834305338Z,67000.594,slow-transform,false,4,25,29,0,118175696,1343,103,61,0,13,0,0,21
retained-e8c21674a86f5d4737b23a59e2071da7754f4ff2,baseline-slow-transform-r01,2026-09-11T13:05:20.834251554Z,68000.541,slow-transform,false,4,24,28,0,114100672,1363,104,62,0,14,0,0,22
retained-e8c21674a86f5d4737b23a59e2071da7754f4ff2,baseline-slow-transform-r01,2026-09-11T13:05:21.834757198Z,69001.046,slow-transform,false,4,24,28,0,114100672,1383,106,63,0,15,0,0,23
retained-e8c21674a86f5d4737b23a59e2071da7754f4ff2,baseline-slow-transform-r01,2026-09-11T13:05:22.834853474Z,70001.143,slow-transform,false,4,24,28,0,114100672,1403,107,63,0,16,0,0,24
retained-e8c21674a86f5d4737b23a59e2071da7754f4ff2,baseline-slow-transform-r01,2026-09-11T13:05:23.834010836Z,71000.300,slow-transform,false,4,24,28,0,114100672,1423,109,64,0,17,0,0,25
retained-e8c21674a86f5d4737b23a59e2071da7754f4ff2,baseline-slow-transform-r01,2026-09-11T13:05:24.834217123Z,72000.506,slow-transform,false,4,24,28,0,114100672,1443,110,64,0,18,0,0,26
retained-e8c21674a86f5d4737b23a59e2071da7754f4ff2,baseline-slow-transform-r01,2026-09-11T13:05:25.834556993Z,73000.846,slow-transform,false,3,24,27,0,110025648,1463,112,65,0,20,0,0,27
retained-e8c21674a86f5d4737b23a59e2071da7754f4ff2,baseline-slow-transform-r01,2026-09-11T13:05:26.834236116Z,74000.525,slow-transform,false,4,24,28,0,114100672,1483,113,65,0,20,0,0,28
retained-e8c21674a86f5d4737b23a59e2071da7754f4ff2,baseline-slow-transform-r01,2026-09-11T13:05:27.834760824Z,75001.050,slow-transform,false,3,24,27,0,110025648,1503,115,66,0,22,0,0,29
retained-e8c21674a86f5d4737b23a59e2071da7754f4ff2,baseline-slow-transform-r01,2026-09-11T13:05:32.155319258Z,76001.050,slow-transform,false,4,24,28,0,114100672,1523,116,66,0,22,0,0,30
retained-e8c21674a86f5d4737b23a59e2071da7754f4ff2,baseline-slow-transform-r01,2026-09-11T13:05:33.155228318Z,77000.959,slow-transform,false,3,25,28,0,114100672,1543,118,66,0,24,0,0,31
retained-e8c21674a86f5d4737b23a59e2071da7754f4ff2,baseline-slow-transform-r01,2026-09-11T13:05:34.154901676Z,78000.632,slow-transform,false,4,24,28,0,114100672,1563,119,67,0,24,0,0,32
retained-e8c21674a86f5d4737b23a59e2071da7754f4ff2,baseline-slow-transform-r01,2026-09-11T13:05:35.154800998Z,79000.532,slow-transform,false,4,24,28,0,114100672,1583,121,68,0,25,0,0,33
retained-e8c21674a86f5d4737b23a59e2071da7754f4ff2,baseline-slow-transform-r01,2026-09-11T13:05:36.154797133Z,80000.528,slow-transform,false,4,24,28,0,114100672,1603,122,68,0,26,0,0,34
retained-e8c21674a86f5d4737b23a59e2071da7754f4ff2,baseline-slow-transform-r01,2026-09-11T13:05:37.155075061Z,81000.806,slow-transform,false,4,24,28,0,114100672,1623,124,69,0,27,0,0,35
retained-e8c21674a86f5d4737b23a59e2071da7754f4ff2,baseline-slow-transform-r01,2026-09-11T13:05:38.15502604Z,82000.757,slow-transform,false,4,24,28,0,114100672,1643,125,69,0,28,0,0,36
retained-e8c21674a86f5d4737b23a59e2071da7754f4ff2,baseline-slow-transform-r01,2026-09-11T13:05:39.154678414Z,83000.409,slow-transform,false,4,25,29,0,118175696,1663,127,69,0,29,0,0,37
retained-e8c21674a86f5d4737b23a59e2071da7754f4ff2,baseline-slow-transform-r01,2026-09-11T13:05:40.155196179Z,84000.927,slow-transform,false,3,24,27,0,110025648,1683,128,70,0,31,0,0,38
retained-e8c21674a86f5d4737b23a59e2071da7754f4ff2,baseline-slow-transform-r01,2026-09-11T13:05:41.155516425Z,85001.247,slow-transform,false,4,25,29,0,118175696,1703,130,70,0,31,0,0,39
retained-e8c21674a86f5d4737b23a59e2071da7754f4ff2,baseline-slow-transform-r01,2026-09-11T13:05:42.154859648Z,86000.590,slow-transform,false,4,24,28,0,114100672,1723,131,71,0,32,0,0,40
retained-e8c21674a86f5d4737b23a59e2071da7754f4ff2,baseline-slow-transform-r01,2026-09-11T13:05:43.155243616Z,87000.974,slow-transform,false,4,23,27,0,110025648,1743,133,72,0,34,0,0,42
retained-e8c21674a86f5d4737b23a59e2071da7754f4ff2,baseline-slow-transform-r01,2026-09-11T13:05:44.155386473Z,88001.117,slow-transform,false,3,24,27,0,110025648,1763,134,72,0,35,0,0,42
retained-e8c21674a86f5d4737b23a59e2071da7754f4ff2,baseline-slow-transform-r01,2026-09-11T13:05:45.155197922Z,89000.928,slow-transform,false,4,25,29,0,118175696,1783,136,72,0,35,0,0,43
retained-e8c21674a86f5d4737b23a59e2071da7754f4ff2,baseline-slow-transform-r01,2026-09-11T13:05:46.15510947Z,90000.840,none,false,4,24,28,0,114100672,1803,137,73,0,36,0,0,44
retained-e8c21674a86f5d4737b23a59e2071da7754f4ff2,baseline-slow-transform-r01,2026-09-11T13:05:47.155350387Z,91001.081,none,false,3,22,25,0,101875600,1823,139,76,0,38,0,0,44
retained-e8c21674a86f5d4737b23a59e2071da7754f4ff2,baseline-slow-transform-r01,2026-09-11T13:05:48.155400749Z,92001.131,none,false,3,20,23,0,93725552,1843,140,78,0,39,0,0,44
retained-e8c21674a86f5d4737b23a59e2071da7754f4ff2,baseline-slow-transform-r01,2026-09-11T13:05:49.155391365Z,93001.122,none,false,3,18,21,0,85575504,1863,142,81,0,40,0,0,44
retained-e8c21674a86f5d4737b23a59e2071da7754f4ff2,baseline-slow-transform-r01,2026-09-11T13:05:50.155348383Z,94001.079,none,false,4,16,20,0,81500480,1883,143,83,0,40,0,0,44
retained-e8c21674a86f5d4737b23a59e2071da7754f4ff2,baseline-slow-transform-r01,2026-09-11T13:05:51.155178795Z,95000.909,none,false,4,14,18,0,73350432,1903,145,87,0,40,0,0,44
retained-e8c21674a86f5d4737b23a59e2071da7754f4ff2,baseline-slow-transform-r01,2026-09-11T13:05:52.154950083Z,96000.681,none,false,4,12,16,0,65200384,1923,146,90,0,40,0,0,44
retained-e8c21674a86f5d4737b23a59e2071da7754f4ff2,baseline-slow-transform-r01,2026-09-11T13:05:53.155482977Z,97001.214,none,false,4,11,15,0,61125360,1943,148,93,0,40,0,0,44
retained-e8c21674a86f5d4737b23a59e2071da7754f4ff2,baseline-slow-transform-r01,2026-09-11T13:05:54.154735135Z,98000.466,none,false,4,10,14,0,57050336,1963,149,95,0,40,0,0,44
retained-e8c21674a86f5d4737b23a59e2071da7754f4ff2,baseline-slow-transform-r01,2026-09-11T13:05:55.155465098Z,99001.196,none,false,4,8,12,0,48900288,1983,151,99,0,40,0,0,44
retained-e8c21674a86f5d4737b23a59e2071da7754f4ff2,baseline-slow-transform-r01,2026-09-11T13:05:56.155307908Z,100001.038,none,false,4,7,11,0,44825264,2003,152,101,0,40,0,0,44
retained-e8c21674a86f5d4737b23a59e2071da7754f4ff2,baseline-slow-transform-r01,2026-09-11T13:05:57.154832537Z,101000.563,none,false,4,5,9,0,36675216,2023,154,105,0,40,0,0,44
retained-e8c21674a86f5d4737b23a59e2071da7754f4ff2,baseline-slow-transform-r01,2026-09-11T13:05:58.154314706Z,102000.045,none,false,4,2,6,0,24450144,2043,155,109,0,40,0,0,44
retained-e8c21674a86f5d4737b23a59e2071da7754f4ff2,baseline-slow-transform-r01,2026-09-11T13:05:59.155278008Z,103001.009,none,false,4,0,4,0,16300096,2063,157,113,0,40,0,0,44
retained-e8c21674a86f5d4737b23a59e2071da7754f4ff2,baseline-slow-transform-r01,2026-09-11T13:06:00.155075607Z,104000.806,none,false,3,0,3,0,12225072,2083,158,115,0,40,0,0,44
retained-e8c21674a86f5d4737b23a59e2071da7754f4ff2,baseline-slow-transform-r01,2026-09-11T13:06:01.15512517Z,105000.856,none,false,0,0,0,0,0,2103,160,120,0,40,0,0,44
retained-e8c21674a86f5d4737b23a59e2071da7754f4ff2,baseline-slow-transform-r01,2026-09-11T13:06:05.502644964Z,106000.807,none,false,0,0,0,0,0,2123,161,121,0,40,0,0,44
retained-e8c21674a86f5d4737b23a59e2071da7754f4ff2,baseline-slow-transform-r01,2026-09-11T13:06:06.503014224Z,107001.176,none,false,0,0,0,0,0,2143,163,123,0,40,0,0,44
retained-e8c21674a86f5d4737b23a59e2071da7754f4ff2,baseline-slow-transform-r01,2026-09-11T13:06:07.502805296Z,108000.967,none,false,0,0,0,0,0,2163,164,124,0,40,0,0,44
retained-e8c21674a86f5d4737b23a59e2071da7754f4ff2,baseline-slow-transform-r01,2026-09-11T13:06:08.502821961Z,109000.984,none,false,0,0,0,0,0,2183,166,126,0,40,0,0,44
retained-e8c21674a86f5d4737b23a59e2071da7754f4ff2,baseline-slow-transform-r01,2026-09-11T13:06:09.502359576Z,110000.522,none,false,0,0,0,0,0,2203,167,127,0,40,0,0,44
retained-e8c21674a86f5d4737b23a59e2071da7754f4ff2,baseline-slow-transform-r01,2026-09-11T13:06:10.503034351Z,111001.197,none,false,0,0,0,0,0,2223,169,129,0,40,0,0,44
retained-e8c21674a86f5d4737b23a59e2071da7754f4ff2,baseline-slow-transform-r01,2026-09-11T13:06:11.502944057Z,112001.106,none,false,0,0,0,0,0,2243,170,130,0,40,0,0,44
retained-e8c21674a86f5d4737b23a59e2071da7754f4ff2,baseline-slow-transform-r01,2026-09-11T13:06:12.502728357Z,113000.891,none,false,0,0,0,0,0,2263,173,132,0,40,0,0,44
retained-e8c21674a86f5d4737b23a59e2071da7754f4ff2,baseline-slow-transform-r01,2026-09-11T13:06:13.502951544Z,114001.114,none,false,0,0,0,0,0,2283,173,133,0,40,0,0,44
retained-e8c21674a86f5d4737b23a59e2071da7754f4ff2,baseline-slow-transform-r01,2026-09-11T13:06:14.503025748Z,115001.188,none,false,0,0,0,0,0,2303,175,135,0,40,0,0,44
retained-e8c21674a86f5d4737b23a59e2071da7754f4ff2,baseline-slow-transform-r01,2026-09-11T13:06:15.502370998Z,116000.533,none,false,0,0,0,0,0,2323,176,136,0,40,0,0,44
retained-e8c21674a86f5d4737b23a59e2071da7754f4ff2,baseline-slow-transform-r01,2026-09-11T13:06:16.502723853Z,117000.886,none,false,0,0,0,0,0,2343,178,138,0,40,0,0,44
retained-e8c21674a86f5d4737b23a59e2071da7754f4ff2,baseline-slow-transform-r01,2026-09-11T13:06:17.502925071Z,118001.087,none,false,0,0,0,0,0,2363,179,139,0,40,0,0,44
retained-e8c21674a86f5d4737b23a59e2071da7754f4ff2,baseline-slow-transform-r01,2026-09-11T13:06:18.502876864Z,119001.039,none,false,0,0,0,0,0,2383,181,141,0,40,0,0,44
retained-e8c21674a86f5d4737b23a59e2071da7754f4ff2,baseline-slow-transform-r01,2026-09-11T13:06:19.502178541Z,120000.341,none,false,0,0,0,0,0,2403,182,142,0,40,0,0,44
retained-e8c21674a86f5d4737b23a59e2071da7754f4ff2,baseline-slow-transform-r01,2026-09-11T13:06:20.502832342Z,121000.994,none,false,0,0,0,0,0,2423,184,144,0,40,0,0,44
retained-e8c21674a86f5d4737b23a59e2071da7754f4ff2,baseline-slow-transform-r01,2026-09-11T13:06:21.502899551Z,122001.062,none,false,0,0,0,0,0,2443,185,145,0,40,0,0,44
retained-e8c21674a86f5d4737b23a59e2071da7754f4ff2,baseline-slow-transform-r01,2026-09-11T13:06:22.502664364Z,123000.827,none,false,0,0,0,0,0,2463,187,147,0,40,0,0,44
retained-e8c21674a86f5d4737b23a59e2071da7754f4ff2,baseline-slow-transform-r01,2026-09-11T13:06:23.50213729Z,124000.299,none,false,0,0,0,0,0,2483,188,148,0,40,0,0,44
retained-e8c21674a86f5d4737b23a59e2071da7754f4ff2,baseline-slow-transform-r01,2026-09-11T13:06:24.503004524Z,125001.167,none,false,0,0,0,0,0,2503,190,150,0,40,0,0,44
retained-e8c21674a86f5d4737b23a59e2071da7754f4ff2,baseline-slow-transform-r01,2026-09-11T13:06:25.502507327Z,126000.669,none,false,0,0,0,0,0,2523,191,151,0,40,0,0,44
retained-e8c21674a86f5d4737b23a59e2071da7754f4ff2,baseline-slow-transform-r01,2026-09-11T13:06:26.502378075Z,127000.540,none,false,0,0,0,0,0,2543,193,153,0,40,0,0,44
retained-e8c21674a86f5d4737b23a59e2071da7754f4ff2,baseline-slow-transform-r01,2026-09-11T13:06:27.502533431Z,128000.696,none,false,0,0,0,0,0,2563,194,154,0,40,0,0,44
retained-e8c21674a86f5d4737b23a59e2071da7754f4ff2,baseline-slow-transform-r01,2026-09-11T13:06:28.502550864Z,129000.713,none,false,0,0,0,0,0,2583,196,156,0,40,0,0,44
retained-e8c21674a86f5d4737b23a59e2071da7754f4ff2,baseline-slow-transform-r01,2026-09-11T13:06:29.502559717Z,130000.722,none,false,0,0,0,0,0,2603,197,157,0,40,0,0,44
retained-e8c21674a86f5d4737b23a59e2071da7754f4ff2,baseline-slow-transform-r01,2026-09-11T13:06:30.502768101Z,131000.930,none,false,0,0,0,0,0,2623,199,159,0,40,0,0,44
retained-e8c21674a86f5d4737b23a59e2071da7754f4ff2,baseline-slow-transform-r01,2026-09-11T13:06:31.502490395Z,132000.653,none,false,0,0,0,0,0,2643,200,160,0,40,0,0,44
retained-e8c21674a86f5d4737b23a59e2071da7754f4ff2,baseline-slow-transform-r01,2026-09-11T13:06:32.503145515Z,133001.308,none,false,0,0,0,0,0,2663,202,162,0,40,0,0,44
retained-e8c21674a86f5d4737b23a59e2071da7754f4ff2,baseline-slow-transform-r01,2026-09-11T13:06:33.502362136Z,134000.524,none,false,0,0,0,0,0,2683,203,163,0,40,0,0,44
retained-e8c21674a86f5d4737b23a59e2071da7754f4ff2,baseline-slow-transform-r01,2026-09-11T13:06:34.502568946Z,135000.731,none,false,0,0,0,0,0,2703,205,165,0,40,0,0,44
retained-e8c21674a86f5d4737b23a59e2071da7754f4ff2,baseline-slow-transform-r01,2026-09-11T13:06:38.827356502Z,136000.995,none,false,0,0,0,0,0,2723,206,166,0,40,0,0,44
retained-e8c21674a86f5d4737b23a59e2071da7754f4ff2,baseline-slow-transform-r01,2026-09-11T13:06:39.827356115Z,137000.995,none,false,0,0,0,0,0,2743,208,168,0,40,0,0,44
retained-e8c21674a86f5d4737b23a59e2071da7754f4ff2,baseline-slow-transform-r01,2026-09-11T13:06:40.82692908Z,138000.568,none,false,0,0,0,0,0,2763,209,169,0,40,0,0,44
retained-e8c21674a86f5d4737b23a59e2071da7754f4ff2,baseline-slow-transform-r01,2026-09-11T13:06:41.827523693Z,139001.162,none,false,0,0,0,0,0,2783,211,171,0,40,0,0,44
retained-e8c21674a86f5d4737b23a59e2071da7754f4ff2,baseline-slow-transform-r01,2026-09-11T13:06:42.827122371Z,140000.761,none,false,0,0,0,0,0,2803,212,172,0,40,0,0,44
retained-e8c21674a86f5d4737b23a59e2071da7754f4ff2,baseline-slow-transform-r01,2026-09-11T13:06:43.826789345Z,141000.428,none,false,0,0,0,0,0,2823,214,174,0,40,0,0,44
retained-e8c21674a86f5d4737b23a59e2071da7754f4ff2,baseline-slow-transform-r01,2026-09-11T13:06:44.827019633Z,142000.658,none,false,0,0,0,0,0,2843,215,175,0,40,0,0,44
retained-e8c21674a86f5d4737b23a59e2071da7754f4ff2,baseline-slow-transform-r01,2026-09-11T13:06:45.82720624Z,143000.845,none,false,0,0,0,0,0,2863,217,177,0,40,0,0,44
retained-e8c21674a86f5d4737b23a59e2071da7754f4ff2,baseline-slow-transform-r01,2026-09-11T13:06:46.827442243Z,144001.081,none,false,0,0,0,0,0,2883,218,178,0,40,0,0,44
retained-e8c21674a86f5d4737b23a59e2071da7754f4ff2,baseline-slow-transform-r01,2026-09-11T13:06:47.8275093Z,145001.148,none,false,0,0,1,0,0,2903,221,180,0,40,0,0,44
retained-e8c21674a86f5d4737b23a59e2071da7754f4ff2,baseline-slow-transform-r01,2026-09-11T13:06:48.82734297Z,146000.982,none,false,0,0,0,0,0,2923,221,181,0,40,0,0,44
retained-e8c21674a86f5d4737b23a59e2071da7754f4ff2,baseline-slow-transform-r01,2026-09-11T13:06:49.827113368Z,147000.752,none,false,0,0,0,0,0,2943,223,183,0,40,0,0,44
retained-e8c21674a86f5d4737b23a59e2071da7754f4ff2,baseline-slow-transform-r01,2026-09-11T13:06:50.826832489Z,148000.471,none,false,0,0,0,0,0,2963,224,184,0,40,0,0,44
retained-e8c21674a86f5d4737b23a59e2071da7754f4ff2,baseline-slow-transform-r01,2026-09-11T13:06:51.827193857Z,149000.832,none,false,0,0,0,0,0,2983,226,186,0,40,0,0,44
retained-e8c21674a86f5d4737b23a59e2071da7754f4ff2,baseline-slow-transform-r01,2026-09-11T13:06:52.827218236Z,150000.857,none,false,0,0,0,0,0,3003,227,187,0,40,0,0,44
retained-e8c21674a86f5d4737b23a59e2071da7754f4ff2,bounded-wait-slow-transform-r01,2026-09-11T13:06:53.934833674Z,0.035,none,false,0,0,0,0,0,4,4,4,0,0,0,0,0
retained-e8c21674a86f5d4737b23a59e2071da7754f4ff2,bounded-wait-slow-transform-r01,2026-09-11T13:06:54.935628068Z,1000.829,none,false,0,0,0,0,0,23,4,4,0,0,0,0,0
retained-e8c21674a86f5d4737b23a59e2071da7754f4ff2,bounded-wait-slow-transform-r01,2026-09-11T13:06:55.935315723Z,2000.517,none,false,0,0,0,0,0,43,5,5,0,0,0,0,0
retained-e8c21674a86f5d4737b23a59e2071da7754f4ff2,bounded-wait-slow-transform-r01,2026-09-11T13:06:56.935773828Z,3000.975,none,false,0,0,0,0,0,63,7,7,0,0,0,0,0
retained-e8c21674a86f5d4737b23a59e2071da7754f4ff2,bounded-wait-slow-transform-r01,2026-09-11T13:06:57.93573195Z,4000.933,none,false,0,0,0,0,0,83,8,8,0,0,0,0,0
retained-e8c21674a86f5d4737b23a59e2071da7754f4ff2,bounded-wait-slow-transform-r01,2026-09-11T13:06:58.935567034Z,5000.768,none,false,0,0,0,0,0,103,10,10,0,0,0,0,0
retained-e8c21674a86f5d4737b23a59e2071da7754f4ff2,bounded-wait-slow-transform-r01,2026-09-11T13:06:59.935623023Z,6000.824,none,false,0,0,0,0,0,123,11,11,0,0,0,0,0
retained-e8c21674a86f5d4737b23a59e2071da7754f4ff2,bounded-wait-slow-transform-r01,2026-09-11T13:07:00.935094627Z,7000.296,none,false,0,0,0,0,0,143,13,13,0,0,0,0,0
retained-e8c21674a86f5d4737b23a59e2071da7754f4ff2,bounded-wait-slow-transform-r01,2026-09-11T13:07:01.935272783Z,8000.474,none,false,0,0,0,0,0,163,14,14,0,0,0,0,0
retained-e8c21674a86f5d4737b23a59e2071da7754f4ff2,bounded-wait-slow-transform-r01,2026-09-11T13:07:02.93587046Z,9001.071,none,false,0,0,0,0,0,183,16,16,0,0,0,0,0
retained-e8c21674a86f5d4737b23a59e2071da7754f4ff2,bounded-wait-slow-transform-r01,2026-09-11T13:07:03.935303962Z,10000.505,none,false,0,0,0,0,0,203,17,17,0,0,0,0,0
retained-e8c21674a86f5d4737b23a59e2071da7754f4ff2,bounded-wait-slow-transform-r01,2026-09-11T13:07:04.935935591Z,11001.137,none,false,0,0,0,0,0,223,19,19,0,0,0,0,0
retained-e8c21674a86f5d4737b23a59e2071da7754f4ff2,bounded-wait-slow-transform-r01,2026-09-11T13:07:05.934882216Z,12000.083,none,false,0,0,0,0,0,243,20,20,0,0,0,0,0
retained-e8c21674a86f5d4737b23a59e2071da7754f4ff2,bounded-wait-slow-transform-r01,2026-09-11T13:07:06.935090531Z,13000.292,none,false,0,0,0,0,0,263,22,22,0,0,0,0,0
retained-e8c21674a86f5d4737b23a59e2071da7754f4ff2,bounded-wait-slow-transform-r01,2026-09-11T13:07:07.93571055Z,14000.912,none,false,0,0,0,0,0,283,23,23,0,0,0,0,0
retained-e8c21674a86f5d4737b23a59e2071da7754f4ff2,bounded-wait-slow-transform-r01,2026-09-11T13:07:12.283545765Z,15000.729,none,false,0,0,0,0,0,303,25,25,0,0,0,0,0
retained-e8c21674a86f5d4737b23a59e2071da7754f4ff2,bounded-wait-slow-transform-r01,2026-09-11T13:07:13.283317424Z,16000.501,none,false,0,0,0,0,0,323,26,26,0,0,0,0,0
retained-e8c21674a86f5d4737b23a59e2071da7754f4ff2,bounded-wait-slow-transform-r01,2026-09-11T13:07:14.283387432Z,17000.571,none,false,0,0,0,0,0,343,28,28,0,0,0,0,0
retained-e8c21674a86f5d4737b23a59e2071da7754f4ff2,bounded-wait-slow-transform-r01,2026-09-11T13:07:15.282971848Z,18000.155,none,false,0,0,0,0,0,363,29,29,0,0,0,0,0
retained-e8c21674a86f5d4737b23a59e2071da7754f4ff2,bounded-wait-slow-transform-r01,2026-09-11T13:07:16.283167977Z,19000.351,none,false,0,0,0,0,0,383,31,31,0,0,0,0,0
retained-e8c21674a86f5d4737b23a59e2071da7754f4ff2,bounded-wait-slow-transform-r01,2026-09-11T13:07:17.283075137Z,20000.258,none,false,0,0,0,0,0,403,32,32,0,0,0,0,0
retained-e8c21674a86f5d4737b23a59e2071da7754f4ff2,bounded-wait-slow-transform-r01,2026-09-11T13:07:18.28335577Z,21000.539,none,false,0,0,0,0,0,423,34,34,0,0,0,0,0
retained-e8c21674a86f5d4737b23a59e2071da7754f4ff2,bounded-wait-slow-transform-r01,2026-09-11T13:07:19.2835288Z,22000.712,none,false,0,0,0,0,0,443,35,35,0,0,0,0,0
retained-e8c21674a86f5d4737b23a59e2071da7754f4ff2,bounded-wait-slow-transform-r01,2026-09-11T13:07:20.283698021Z,23000.881,none,false,0,0,0,0,0,463,37,37,0,0,0,0,0
retained-e8c21674a86f5d4737b23a59e2071da7754f4ff2,bounded-wait-slow-transform-r01,2026-09-11T13:07:21.283863505Z,24001.047,none,false,0,0,0,0,0,483,38,38,0,0,0,0,0
retained-e8c21674a86f5d4737b23a59e2071da7754f4ff2,bounded-wait-slow-transform-r01,2026-09-11T13:07:22.283748392Z,25000.932,none,false,0,0,0,0,0,503,40,40,0,0,0,0,0
retained-e8c21674a86f5d4737b23a59e2071da7754f4ff2,bounded-wait-slow-transform-r01,2026-09-11T13:07:23.283344885Z,26000.528,none,false,0,0,0,0,0,523,41,41,0,0,0,0,0
retained-e8c21674a86f5d4737b23a59e2071da7754f4ff2,bounded-wait-slow-transform-r01,2026-09-11T13:07:24.283149276Z,27000.333,none,false,0,0,0,0,0,543,43,43,0,0,0,0,0
retained-e8c21674a86f5d4737b23a59e2071da7754f4ff2,bounded-wait-slow-transform-r01,2026-09-11T13:07:25.283782178Z,28000.965,none,false,0,0,0,0,0,563,44,44,0,0,0,0,0
retained-e8c21674a86f5d4737b23a59e2071da7754f4ff2,bounded-wait-slow-transform-r01,2026-09-11T13:07:26.283294087Z,29000.477,none,false,0,0,0,0,0,583,46,46,0,0,0,0,0
retained-e8c21674a86f5d4737b23a59e2071da7754f4ff2,bounded-wait-slow-transform-r01,2026-09-11T13:07:27.283636397Z,30000.820,slow-transform,false,0,0,0,0,0,603,47,47,0,0,0,0,0
retained-e8c21674a86f5d4737b23a59e2071da7754f4ff2,bounded-wait-slow-transform-r01,2026-09-11T13:07:28.283376271Z,31000.560,slow-transform,false,1,0,1,0,4075024,623,49,48,0,0,0,0,1
retained-e8c21674a86f5d4737b23a59e2071da7754f4ff2,bounded-wait-slow-transform-r01,2026-09-11T13:07:29.282890953Z,32000.074,slow-transform,false,2,0,2,0,8150048,643,50,48,0,0,0,0,2
retained-e8c21674a86f5d4737b23a59e2071da7754f4ff2,bounded-wait-slow-transform-r01,2026-09-11T13:07:30.283466751Z,33000.650,slow-transform,false,3,0,3,0,12225072,663,52,49,0,0,0,0,3
retained-e8c21674a86f5d4737b23a59e2071da7754f4ff2,bounded-wait-slow-transform-r01,2026-09-11T13:07:31.28374682Z,34000.930,slow-transform,false,4,0,4,0,16300096,683,53,49,0,0,0,0,4
retained-e8c21674a86f5d4737b23a59e2071da7754f4ff2,bounded-wait-slow-transform-r01,2026-09-11T13:07:32.283259717Z,35000.443,slow-transform,false,4,2,6,0,16300096,703,55,49,0,0,0,0,4
retained-e8c21674a86f5d4737b23a59e2071da7754f4ff2,bounded-wait-slow-transform-r01,2026-09-11T13:07:33.282914146Z,36000.097,slow-transform,false,4,3,7,0,16300096,723,56,49,0,0,0,0,4
retained-e8c21674a86f5d4737b23a59e2071da7754f4ff2,bounded-wait-slow-transform-r01,2026-09-11T13:07:34.283936456Z,37001.120,slow-transform,false,4,2,6,0,16300096,743,58,49,0,0,3,0,4
retained-e8c21674a86f5d4737b23a59e2071da7754f4ff2,bounded-wait-slow-transform-r01,2026-09-11T13:07:35.283733174Z,38000.916,slow-transform,false,4,2,6,0,16300096,763,59,49,0,0,4,0,4
retained-e8c21674a86f5d4737b23a59e2071da7754f4ff2,bounded-wait-slow-transform-r01,2026-09-11T13:07:36.283685833Z,39000.869,slow-transform,false,4,3,7,0,16300096,783,61,49,0,0,5,0,4
retained-e8c21674a86f5d4737b23a59e2071da7754f4ff2,bounded-wait-slow-transform-r01,2026-09-11T13:07:37.282931605Z,40000.115,slow-transform,false,4,3,7,0,16300096,803,62,49,0,0,6,0,4
retained-e8c21674a86f5d4737b23a59e2071da7754f4ff2,bounded-wait-slow-transform-r01,2026-09-11T13:07:38.28332971Z,41000.513,slow-transform,false,4,3,7,0,16300096,823,64,49,0,0,8,0,4
retained-e8c21674a86f5d4737b23a59e2071da7754f4ff2,bounded-wait-slow-transform-r01,2026-09-11T13:07:39.283791114Z,42000.974,slow-transform,false,4,1,5,0,16300096,843,65,49,0,0,11,0,4
retained-e8c21674a86f5d4737b23a59e2071da7754f4ff2,bounded-wait-slow-transform-r01,2026-09-11T13:07:40.283677009Z,43000.860,slow-transform,false,4,2,6,0,16300096,863,67,49,0,0,12,0,4
retained-e8c21674a86f5d4737b23a59e2071da7754f4ff2,bounded-wait-slow-transform-r01,2026-09-11T13:07:41.283700636Z,44000.884,slow-transform,false,4,3,7,0,16300096,883,68,49,0,0,12,0,4
retained-e8c21674a86f5d4737b23a59e2071da7754f4ff2,bounded-wait-slow-transform-r01,2026-09-11T13:07:45.606185997Z,45001.067,slow-transform,false,4,3,7,0,16300096,903,70,49,0,0,14,0,4
retained-e8c21674a86f5d4737b23a59e2071da7754f4ff2,bounded-wait-slow-transform-r01,2026-09-11T13:07:46.605688826Z,46000.570,slow-transform,false,4,1,5,0,16300096,923,71,51,0,0,15,0,5
retained-e8c21674a86f5d4737b23a59e2071da7754f4ff2,bounded-wait-slow-transform-r01,2026-09-11T13:07:47.606086279Z,47000.967,slow-transform,false,4,2,6,0,16300096,943,73,52,0,0,15,0,6
retained-e8c21674a86f5d4737b23a59e2071da7754f4ff2,bounded-wait-slow-transform-r01,2026-09-11T13:07:48.606184439Z,48001.065,slow-transform,false,4,1,5,0,16300096,963,74,54,0,0,15,0,7
retained-e8c21674a86f5d4737b23a59e2071da7754f4ff2,bounded-wait-slow-transform-r01,2026-09-11T13:07:49.605934327Z,49000.815,slow-transform,false,4,2,6,0,16300096,983,76,55,0,0,15,0,8
retained-e8c21674a86f5d4737b23a59e2071da7754f4ff2,bounded-wait-slow-transform-r01,2026-09-11T13:07:50.605497602Z,50000.379,slow-transform,false,4,3,7,0,16300096,1003,77,55,0,0,15,0,8
retained-e8c21674a86f5d4737b23a59e2071da7754f4ff2,bounded-wait-slow-transform-r01,2026-09-11T13:07:51.606001967Z,51000.883,slow-transform,false,4,3,7,0,16300096,1023,79,55,0,0,17,0,8
retained-e8c21674a86f5d4737b23a59e2071da7754f4ff2,bounded-wait-slow-transform-r01,2026-09-11T13:07:52.605557051Z,52000.438,slow-transform,false,4,3,7,0,16300096,1043,80,55,0,0,18,0,8
retained-e8c21674a86f5d4737b23a59e2071da7754f4ff2,bounded-wait-slow-transform-r01,2026-09-11T13:07:53.606043181Z,53000.924,slow-transform,false,4,3,7,0,16300096,1063,82,55,0,0,20,0,8
retained-e8c21674a86f5d4737b23a59e2071da7754f4ff2,bounded-wait-slow-transform-r01,2026-09-11T13:07:54.605263506Z,54000.145,slow-transform,false,4,3,7,0,16300096,1083,83,55,0,0,21,0,8
retained-e8c21674a86f5d4737b23a59e2071da7754f4ff2,bounded-wait-slow-transform-r01,2026-09-11T13:07:55.605533695Z,55000.415,slow-transform,false,4,3,7,0,16300096,1103,85,55,0,0,23,0,8
retained-e8c21674a86f5d4737b23a59e2071da7754f4ff2,bounded-wait-slow-transform-r01,2026-09-11T13:07:56.606226881Z,56001.108,slow-transform,false,4,1,5,0,16300096,1123,86,55,0,0,26,0,8
retained-e8c21674a86f5d4737b23a59e2071da7754f4ff2,bounded-wait-slow-transform-r01,2026-09-11T13:07:57.605592986Z,57000.474,slow-transform,false,4,3,7,0,16300096,1143,88,55,0,0,26,0,8
retained-e8c21674a86f5d4737b23a59e2071da7754f4ff2,bounded-wait-slow-transform-r01,2026-09-11T13:07:58.606146654Z,58001.028,slow-transform,false,4,3,7,0,16300096,1163,89,55,0,0,27,0,8
retained-e8c21674a86f5d4737b23a59e2071da7754f4ff2,bounded-wait-slow-transform-r01,2026-09-11T13:07:59.606027585Z,59000.909,slow-transform,false,4,2,6,0,16300096,1183,91,55,0,0,30,0,8
retained-e8c21674a86f5d4737b23a59e2071da7754f4ff2,bounded-wait-slow-transform-r01,2026-09-11T13:08:00.60558323Z,60000.464,slow-transform,false,4,3,7,0,16300096,1203,92,55,0,0,30,0,8
retained-e8c21674a86f5d4737b23a59e2071da7754f4ff2,bounded-wait-slow-transform-r01,2026-09-11T13:08:01.605522763Z,61000.404,slow-transform,false,4,2,6,0,16300096,1223,94,56,0,0,32,0,9
retained-e8c21674a86f5d4737b23a59e2071da7754f4ff2,bounded-wait-slow-transform-r01,2026-09-11T13:08:02.605197827Z,62000.079,slow-transform,false,4,1,5,0,16300096,1243,95,58,0,0,32,0,10
retained-e8c21674a86f5d4737b23a59e2071da7754f4ff2,bounded-wait-slow-transform-r01,2026-09-11T13:08:03.605631695Z,63000.513,slow-transform,false,4,2,6,0,16300096,1263,97,59,0,0,32,0,11
retained-e8c21674a86f5d4737b23a59e2071da7754f4ff2,bounded-wait-slow-transform-r01,2026-09-11T13:08:04.605932349Z,64000.813,slow-transform,false,4,1,5,0,16300096,1283,98,61,0,0,32,0,12
retained-e8c21674a86f5d4737b23a59e2071da7754f4ff2,bounded-wait-slow-transform-r01,2026-09-11T13:08:05.605198Z,65000.079,slow-transform,false,4,3,7,0,16300096,1303,100,61,0,0,32,0,12
retained-e8c21674a86f5d4737b23a59e2071da7754f4ff2,bounded-wait-slow-transform-r01,2026-09-11T13:08:06.605474731Z,66000.356,slow-transform,false,4,3,7,0,16300096,1323,101,61,0,0,33,0,12
retained-e8c21674a86f5d4737b23a59e2071da7754f4ff2,bounded-wait-slow-transform-r01,2026-09-11T13:08:07.605565129Z,67000.446,slow-transform,false,4,2,6,0,16300096,1343,103,61,0,0,36,0,12
retained-e8c21674a86f5d4737b23a59e2071da7754f4ff2,bounded-wait-slow-transform-r01,2026-09-11T13:08:08.606104347Z,68000.985,slow-transform,false,4,1,5,0,16300096,1363,104,61,0,0,38,0,12
retained-e8c21674a86f5d4737b23a59e2071da7754f4ff2,bounded-wait-slow-transform-r01,2026-09-11T13:08:09.606192148Z,69001.073,slow-transform,false,4,2,6,0,16300096,1383,106,61,0,0,39,0,12
retained-e8c21674a86f5d4737b23a59e2071da7754f4ff2,bounded-wait-slow-transform-r01,2026-09-11T13:08:10.605707524Z,70000.589,slow-transform,false,4,3,7,0,16300096,1403,107,61,0,0,39,0,12
retained-e8c21674a86f5d4737b23a59e2071da7754f4ff2,bounded-wait-slow-transform-r01,2026-09-11T13:08:11.605220298Z,71000.101,slow-transform,false,4,3,7,0,16300096,1423,109,61,0,0,41,0,12
retained-e8c21674a86f5d4737b23a59e2071da7754f4ff2,bounded-wait-slow-transform-r01,2026-09-11T13:08:12.606332257Z,72001.213,slow-transform,false,4,1,5,0,16300096,1443,110,61,0,0,44,0,12
retained-e8c21674a86f5d4737b23a59e2071da7754f4ff2,bounded-wait-slow-transform-r01,2026-09-11T13:08:13.60611607Z,73000.997,slow-transform,false,4,3,7,0,16300096,1463,112,61,0,0,44,0,12
retained-e8c21674a86f5d4737b23a59e2071da7754f4ff2,bounded-wait-slow-transform-r01,2026-09-11T13:08:14.605540191Z,74000.421,slow-transform,false,4,3,7,0,16300096,1483,113,61,0,0,45,0,12
retained-e8c21674a86f5d4737b23a59e2071da7754f4ff2,bounded-wait-slow-transform-r01,2026-09-11T13:08:18.938690972Z,75001.064,slow-transform,false,4,3,7,0,16300096,1503,115,61,0,0,47,0,12
retained-e8c21674a86f5d4737b23a59e2071da7754f4ff2,bounded-wait-slow-transform-r01,2026-09-11T13:08:19.938853262Z,76001.226,slow-transform,false,4,1,5,0,16300096,1523,116,61,0,0,50,0,12
retained-e8c21674a86f5d4737b23a59e2071da7754f4ff2,bounded-wait-slow-transform-r01,2026-09-11T13:08:20.938658914Z,77001.032,slow-transform,false,4,2,6,0,16300096,1543,118,62,0,0,50,0,13
retained-e8c21674a86f5d4737b23a59e2071da7754f4ff2,bounded-wait-slow-transform-r01,2026-09-11T13:08:21.937694849Z,78000.067,slow-transform,false,4,2,6,0,16300096,1563,119,63,0,0,50,0,14
retained-e8c21674a86f5d4737b23a59e2071da7754f4ff2,bounded-wait-slow-transform-r01,2026-09-11T13:08:22.938133975Z,79000.507,slow-transform,false,4,2,6,0,16300096,1583,121,64,0,0,51,0,15
retained-e8c21674a86f5d4737b23a59e2071da7754f4ff2,bounded-wait-slow-transform-r01,2026-09-11T13:08:23.938807489Z,80001.180,slow-transform,false,4,1,5,0,16300096,1603,122,65,0,0,52,0,16
retained-e8c21674a86f5d4737b23a59e2071da7754f4ff2,bounded-wait-slow-transform-r01,2026-09-11T13:08:24.939568002Z,81001.941,slow-transform,false,4,3,7,0,16300096,1623,125,65,0,0,53,0,16
retained-e8c21674a86f5d4737b23a59e2071da7754f4ff2,bounded-wait-slow-transform-r01,2026-09-11T13:08:25.937991524Z,82000.364,slow-transform,false,4,3,7,0,16300096,1643,125,65,0,0,53,0,16
retained-e8c21674a86f5d4737b23a59e2071da7754f4ff2,bounded-wait-slow-transform-r01,2026-09-11T13:08:26.938437218Z,83000.810,slow-transform,false,4,3,7,0,16300096,1663,127,65,0,0,55,0,16
retained-e8c21674a86f5d4737b23a59e2071da7754f4ff2,bounded-wait-slow-transform-r01,2026-09-11T13:08:27.938720782Z,84001.093,slow-transform,false,4,1,5,0,16300096,1683,128,65,0,0,58,0,16
retained-e8c21674a86f5d4737b23a59e2071da7754f4ff2,bounded-wait-slow-transform-r01,2026-09-11T13:08:28.938837546Z,85001.210,slow-transform,false,4,2,6,0,16300096,1703,130,65,0,0,59,0,16
retained-e8c21674a86f5d4737b23a59e2071da7754f4ff2,bounded-wait-slow-transform-r01,2026-09-11T13:08:29.938675324Z,86001.048,slow-transform,false,4,3,7,0,16300096,1723,131,65,0,0,59,0,16
retained-e8c21674a86f5d4737b23a59e2071da7754f4ff2,bounded-wait-slow-transform-r01,2026-09-11T13:08:30.938505204Z,87000.878,slow-transform,false,4,3,7,0,16300096,1743,133,65,0,0,61,0,16
retained-e8c21674a86f5d4737b23a59e2071da7754f4ff2,bounded-wait-slow-transform-r01,2026-09-11T13:08:31.938600161Z,88000.973,slow-transform,false,4,3,7,0,16300096,1763,134,65,0,0,62,0,16
retained-e8c21674a86f5d4737b23a59e2071da7754f4ff2,bounded-wait-slow-transform-r01,2026-09-11T13:08:32.938899Z,89001.272,slow-transform,false,4,2,6,0,16300096,1783,136,65,0,0,65,0,16
retained-e8c21674a86f5d4737b23a59e2071da7754f4ff2,bounded-wait-slow-transform-r01,2026-09-11T13:08:33.938679639Z,90001.052,none,false,4,3,7,0,16300096,1803,137,65,0,0,65,0,16
retained-e8c21674a86f5d4737b23a59e2071da7754f4ff2,bounded-wait-slow-transform-r01,2026-09-11T13:08:34.9381352Z,91000.508,none,false,4,3,7,0,16300096,1823,139,65,0,0,67,0,16
retained-e8c21674a86f5d4737b23a59e2071da7754f4ff2,bounded-wait-slow-transform-r01,2026-09-11T13:08:35.938054548Z,92000.427,none,false,4,1,5,0,16300096,1843,140,67,0,0,68,0,16
retained-e8c21674a86f5d4737b23a59e2071da7754f4ff2,bounded-wait-slow-transform-r01,2026-09-11T13:08:36.937984757Z,93000.357,none,false,4,0,4,0,16300096,1863,142,70,0,0,68,0,16
retained-e8c21674a86f5d4737b23a59e2071da7754f4ff2,bounded-wait-slow-transform-r01,2026-09-11T13:08:37.93877614Z,94001.149,none,false,1,0,2,0,4075024,1883,144,74,0,0,68,0,16
retained-e8c21674a86f5d4737b23a59e2071da7754f4ff2,bounded-wait-slow-transform-r01,2026-09-11T13:08:38.939088127Z,95001.461,none,false,0,0,0,0,0,1903,145,77,0,0,68,0,16
retained-e8c21674a86f5d4737b23a59e2071da7754f4ff2,bounded-wait-slow-transform-r01,2026-09-11T13:08:39.938354631Z,96000.727,none,false,0,0,0,0,0,1923,146,78,0,0,68,0,16
retained-e8c21674a86f5d4737b23a59e2071da7754f4ff2,bounded-wait-slow-transform-r01,2026-09-11T13:08:40.943615105Z,97005.988,none,false,2,0,2,0,8150048,1943,149,79,0,0,68,0,16
retained-e8c21674a86f5d4737b23a59e2071da7754f4ff2,bounded-wait-slow-transform-r01,2026-09-11T13:08:41.938259773Z,98000.632,none,false,0,0,0,0,0,1963,149,81,0,0,68,0,16
retained-e8c21674a86f5d4737b23a59e2071da7754f4ff2,bounded-wait-slow-transform-r01,2026-09-11T13:08:42.937999948Z,99000.373,none,false,0,0,0,0,0,1983,151,83,0,0,68,0,16
retained-e8c21674a86f5d4737b23a59e2071da7754f4ff2,bounded-wait-slow-transform-r01,2026-09-11T13:08:43.937956028Z,100000.329,none,false,0,0,0,0,0,2003,152,84,0,0,68,0,16
retained-e8c21674a86f5d4737b23a59e2071da7754f4ff2,bounded-wait-slow-transform-r01,2026-09-11T13:08:44.937801697Z,101000.174,none,false,0,0,0,0,0,2023,154,86,0,0,68,0,16
retained-e8c21674a86f5d4737b23a59e2071da7754f4ff2,bounded-wait-slow-transform-r01,2026-09-11T13:08:45.938440136Z,102000.813,none,false,0,0,0,0,0,2043,155,87,0,0,68,0,16
retained-e8c21674a86f5d4737b23a59e2071da7754f4ff2,bounded-wait-slow-transform-r01,2026-09-11T13:08:46.938636218Z,103001.009,none,false,0,0,0,0,0,2063,157,89,0,0,68,0,16
retained-e8c21674a86f5d4737b23a59e2071da7754f4ff2,bounded-wait-slow-transform-r01,2026-09-11T13:08:47.938395082Z,104000.768,none,false,0,0,0,0,0,2083,158,90,0,0,68,0,16
retained-e8c21674a86f5d4737b23a59e2071da7754f4ff2,bounded-wait-slow-transform-r01,2026-09-11T13:08:52.27490695Z,105000.776,none,false,0,0,0,0,0,2103,160,92,0,0,68,0,16
retained-e8c21674a86f5d4737b23a59e2071da7754f4ff2,bounded-wait-slow-transform-r01,2026-09-11T13:08:53.274744003Z,106000.613,none,false,0,0,0,0,0,2123,161,93,0,0,68,0,16
retained-e8c21674a86f5d4737b23a59e2071da7754f4ff2,bounded-wait-slow-transform-r01,2026-09-11T13:08:54.274329274Z,107000.199,none,false,0,0,0,0,0,2143,163,95,0,0,68,0,16
retained-e8c21674a86f5d4737b23a59e2071da7754f4ff2,bounded-wait-slow-transform-r01,2026-09-11T13:08:55.275049811Z,108000.919,none,false,0,0,0,0,0,2163,164,96,0,0,68,0,16
retained-e8c21674a86f5d4737b23a59e2071da7754f4ff2,bounded-wait-slow-transform-r01,2026-09-11T13:08:56.274954416Z,109000.824,none,false,0,0,0,0,0,2183,166,98,0,0,68,0,16
retained-e8c21674a86f5d4737b23a59e2071da7754f4ff2,bounded-wait-slow-transform-r01,2026-09-11T13:08:57.274225175Z,110000.094,none,false,0,0,0,0,0,2203,167,99,0,0,68,0,16
retained-e8c21674a86f5d4737b23a59e2071da7754f4ff2,bounded-wait-slow-transform-r01,2026-09-11T13:08:58.274410302Z,111000.280,none,false,0,0,0,0,0,2223,169,101,0,0,68,0,16
retained-e8c21674a86f5d4737b23a59e2071da7754f4ff2,bounded-wait-slow-transform-r01,2026-09-11T13:08:59.274578995Z,112000.448,none,false,0,0,0,0,0,2243,170,102,0,0,68,0,16
retained-e8c21674a86f5d4737b23a59e2071da7754f4ff2,bounded-wait-slow-transform-r01,2026-09-11T13:09:00.275077935Z,113000.947,none,false,0,0,0,0,0,2263,172,104,0,0,68,0,16
retained-e8c21674a86f5d4737b23a59e2071da7754f4ff2,bounded-wait-slow-transform-r01,2026-09-11T13:09:01.274262238Z,114000.132,none,false,0,0,0,0,0,2283,173,105,0,0,68,0,16
retained-e8c21674a86f5d4737b23a59e2071da7754f4ff2,bounded-wait-slow-transform-r01,2026-09-11T13:09:02.274316344Z,115000.186,none,false,1,0,1,0,4075024,2303,175,106,0,0,68,0,16
retained-e8c21674a86f5d4737b23a59e2071da7754f4ff2,bounded-wait-slow-transform-r01,2026-09-11T13:09:03.275238207Z,116001.108,none,false,0,0,0,0,0,2323,176,108,0,0,68,0,16
retained-e8c21674a86f5d4737b23a59e2071da7754f4ff2,bounded-wait-slow-transform-r01,2026-09-11T13:09:04.27516172Z,117001.031,none,false,0,0,0,0,0,2343,178,110,0,0,68,0,16
retained-e8c21674a86f5d4737b23a59e2071da7754f4ff2,bounded-wait-slow-transform-r01,2026-09-11T13:09:05.274530167Z,118000.399,none,false,0,0,0,0,0,2363,179,111,0,0,68,0,16
retained-e8c21674a86f5d4737b23a59e2071da7754f4ff2,bounded-wait-slow-transform-r01,2026-09-11T13:09:06.279920413Z,119005.790,none,false,0,0,0,0,0,2383,181,113,0,0,68,0,16
retained-e8c21674a86f5d4737b23a59e2071da7754f4ff2,bounded-wait-slow-transform-r01,2026-09-11T13:09:07.274718959Z,120000.588,none,false,0,0,0,0,0,2403,182,114,0,0,68,0,16
retained-e8c21674a86f5d4737b23a59e2071da7754f4ff2,bounded-wait-slow-transform-r01,2026-09-11T13:09:08.274628917Z,121000.498,none,false,0,0,0,0,0,2423,184,116,0,0,68,0,16
retained-e8c21674a86f5d4737b23a59e2071da7754f4ff2,bounded-wait-slow-transform-r01,2026-09-11T13:09:09.274435731Z,122000.305,none,false,0,0,0,0,0,2443,185,117,0,0,68,0,16
retained-e8c21674a86f5d4737b23a59e2071da7754f4ff2,bounded-wait-slow-transform-r01,2026-09-11T13:09:10.274414773Z,123000.284,none,false,0,0,0,0,0,2463,187,119,0,0,68,0,16
retained-e8c21674a86f5d4737b23a59e2071da7754f4ff2,bounded-wait-slow-transform-r01,2026-09-11T13:09:11.274831127Z,124000.700,none,false,0,0,0,0,0,2483,188,120,0,0,68,0,16
retained-e8c21674a86f5d4737b23a59e2071da7754f4ff2,bounded-wait-slow-transform-r01,2026-09-11T13:09:12.274270587Z,125000.140,none,false,0,0,0,0,0,2503,190,122,0,0,68,0,16
retained-e8c21674a86f5d4737b23a59e2071da7754f4ff2,bounded-wait-slow-transform-r01,2026-09-11T13:09:13.274620106Z,126000.489,none,false,0,0,0,0,0,2523,191,123,0,0,68,0,16
retained-e8c21674a86f5d4737b23a59e2071da7754f4ff2,bounded-wait-slow-transform-r01,2026-09-11T13:09:14.274710728Z,127000.580,none,false,0,0,0,0,0,2543,193,125,0,0,68,0,16
retained-e8c21674a86f5d4737b23a59e2071da7754f4ff2,bounded-wait-slow-transform-r01,2026-09-11T13:09:15.275445873Z,128001.315,none,false,0,0,1,0,0,2563,195,126,0,0,68,0,16
retained-e8c21674a86f5d4737b23a59e2071da7754f4ff2,bounded-wait-slow-transform-r01,2026-09-11T13:09:16.274778915Z,129000.648,none,false,0,0,0,0,0,2583,196,128,0,0,68,0,16
retained-e8c21674a86f5d4737b23a59e2071da7754f4ff2,bounded-wait-slow-transform-r01,2026-09-11T13:09:17.275169099Z,130001.038,none,false,0,0,1,0,0,2603,198,129,0,0,68,0,16
retained-e8c21674a86f5d4737b23a59e2071da7754f4ff2,bounded-wait-slow-transform-r01,2026-09-11T13:09:18.274486818Z,131000.356,none,false,0,0,0,0,0,2623,199,131,0,0,68,0,16
retained-e8c21674a86f5d4737b23a59e2071da7754f4ff2,bounded-wait-slow-transform-r01,2026-09-11T13:09:19.274481274Z,132000.351,none,false,0,0,0,0,0,2643,200,132,0,0,68,0,16
retained-e8c21674a86f5d4737b23a59e2071da7754f4ff2,bounded-wait-slow-transform-r01,2026-09-11T13:09:20.27421179Z,133000.081,none,false,0,0,0,0,0,2663,202,134,0,0,68,0,16
retained-e8c21674a86f5d4737b23a59e2071da7754f4ff2,bounded-wait-slow-transform-r01,2026-09-11T13:09:21.275086276Z,134000.956,none,false,0,0,0,0,0,2683,203,135,0,0,68,0,16
retained-e8c21674a86f5d4737b23a59e2071da7754f4ff2,bounded-wait-slow-transform-r01,2026-09-11T13:09:25.610661632Z,135000.963,none,false,0,0,0,0,0,2703,205,137,0,0,68,0,16
retained-e8c21674a86f5d4737b23a59e2071da7754f4ff2,bounded-wait-slow-transform-r01,2026-09-11T13:09:26.610943482Z,136001.245,none,false,0,0,0,0,0,2723,206,138,0,0,68,0,16
retained-e8c21674a86f5d4737b23a59e2071da7754f4ff2,bounded-wait-slow-transform-r01,2026-09-11T13:09:27.610762534Z,137001.064,none,false,0,0,0,0,0,2743,208,140,0,0,68,0,16
retained-e8c21674a86f5d4737b23a59e2071da7754f4ff2,bounded-wait-slow-transform-r01,2026-09-11T13:09:28.610617173Z,138000.919,none,false,0,0,0,0,0,2763,209,141,0,0,68,0,16
retained-e8c21674a86f5d4737b23a59e2071da7754f4ff2,bounded-wait-slow-transform-r01,2026-09-11T13:09:29.610693063Z,139000.995,none,false,0,0,0,0,0,2783,211,143,0,0,68,0,16
retained-e8c21674a86f5d4737b23a59e2071da7754f4ff2,bounded-wait-slow-transform-r01,2026-09-11T13:09:30.610813533Z,140001.115,none,false,0,0,0,0,0,2803,212,144,0,0,68,0,16
retained-e8c21674a86f5d4737b23a59e2071da7754f4ff2,bounded-wait-slow-transform-r01,2026-09-11T13:09:31.610349723Z,141000.651,none,false,0,0,0,0,0,2823,214,146,0,0,68,0,16
retained-e8c21674a86f5d4737b23a59e2071da7754f4ff2,bounded-wait-slow-transform-r01,2026-09-11T13:09:32.610796423Z,142001.098,none,false,0,0,0,0,0,2843,215,147,0,0,68,0,16
retained-e8c21674a86f5d4737b23a59e2071da7754f4ff2,bounded-wait-slow-transform-r01,2026-09-11T13:09:33.610837844Z,143001.140,none,false,0,0,0,0,0,2863,217,149,0,0,68,0,16
retained-e8c21674a86f5d4737b23a59e2071da7754f4ff2,bounded-wait-slow-transform-r01,2026-09-11T13:09:34.609912105Z,144000.214,none,false,0,0,0,0,0,2883,218,150,0,0,68,0,16
retained-e8c21674a86f5d4737b23a59e2071da7754f4ff2,bounded-wait-slow-transform-r01,2026-09-11T13:09:35.609928265Z,145000.230,none,false,0,0,0,0,0,2903,220,152,0,0,68,0,16
retained-e8c21674a86f5d4737b23a59e2071da7754f4ff2,bounded-wait-slow-transform-r01,2026-09-11T13:09:36.61034831Z,146000.650,none,false,0,0,0,0,0,2923,221,153,0,0,68,0,16
retained-e8c21674a86f5d4737b23a59e2071da7754f4ff2,bounded-wait-slow-transform-r01,2026-09-11T13:09:37.610123369Z,147000.425,none,false,0,0,0,0,0,2943,223,155,0,0,68,0,16
retained-e8c21674a86f5d4737b23a59e2071da7754f4ff2,bounded-wait-slow-transform-r01,2026-09-11T13:09:38.610638815Z,148000.940,none,false,0,0,0,0,0,2963,224,156,0,0,68,0,16
retained-e8c21674a86f5d4737b23a59e2071da7754f4ff2,bounded-wait-slow-transform-r01,2026-09-11T13:09:39.61014716Z,149000.449,none,false,0,0,0,0,0,2983,226,158,0,0,68,0,16
retained-e8c21674a86f5d4737b23a59e2071da7754f4ff2,bounded-wait-slow-transform-r01,2026-09-11T13:09:40.610527027Z,150000.829,none,false,0,0,0,0,0,3003,227,159,0,0,68,0,16
retained-e8c21674a86f5d4737b23a59e2071da7754f4ff2,bounded-wait-slow-transform-r01,2026-09-11T13:09:40.61054287Z,150000.845,none,false,0,0,0,0,0,3003,227,159,0,0,68,0,16
retained-e8c21674a86f5d4737b23a59e2071da7754f4ff2,baseline-transform-timeout-r01,2026-09-11T13:09:41.727996229Z,0.016,none,false,0,0,0,0,0,4,4,4,0,0,0,0,0
retained-e8c21674a86f5d4737b23a59e2071da7754f4ff2,baseline-transform-timeout-r01,2026-09-11T13:09:42.728842854Z,1000.862,none,false,0,0,0,0,0,23,4,4,0,0,0,0,0
retained-e8c21674a86f5d4737b23a59e2071da7754f4ff2,baseline-transform-timeout-r01,2026-09-11T13:09:43.728548984Z,2000.568,none,false,0,0,0,0,0,43,5,5,0,0,0,0,0
retained-e8c21674a86f5d4737b23a59e2071da7754f4ff2,baseline-transform-timeout-r01,2026-09-11T13:09:44.728054697Z,3000.074,none,false,0,0,0,0,0,63,7,7,0,0,0,0,0
retained-e8c21674a86f5d4737b23a59e2071da7754f4ff2,baseline-transform-timeout-r01,2026-09-11T13:09:45.72885888Z,4000.878,none,false,0,0,0,0,0,83,8,8,0,0,0,0,0
retained-e8c21674a86f5d4737b23a59e2071da7754f4ff2,baseline-transform-timeout-r01,2026-09-11T13:09:46.728939361Z,5000.959,none,false,0,0,0,0,0,103,10,10,0,0,0,0,0
retained-e8c21674a86f5d4737b23a59e2071da7754f4ff2,baseline-transform-timeout-r01,2026-09-11T13:09:47.728639657Z,6000.659,none,false,0,0,0,0,0,123,11,11,0,0,0,0,0
retained-e8c21674a86f5d4737b23a59e2071da7754f4ff2,baseline-transform-timeout-r01,2026-09-11T13:09:48.729120461Z,7001.140,none,false,0,0,0,0,0,143,13,13,0,0,0,0,0
retained-e8c21674a86f5d4737b23a59e2071da7754f4ff2,baseline-transform-timeout-r01,2026-09-11T13:09:49.728822895Z,8000.842,none,false,0,0,0,0,0,163,14,14,0,0,0,0,0
retained-e8c21674a86f5d4737b23a59e2071da7754f4ff2,baseline-transform-timeout-r01,2026-09-11T13:09:50.728553961Z,9000.573,none,false,0,0,0,0,0,183,16,16,0,0,0,0,0
retained-e8c21674a86f5d4737b23a59e2071da7754f4ff2,baseline-transform-timeout-r01,2026-09-11T13:09:51.728577906Z,10000.597,none,false,0,0,0,0,0,203,17,17,0,0,0,0,0
retained-e8c21674a86f5d4737b23a59e2071da7754f4ff2,baseline-transform-timeout-r01,2026-09-11T13:09:52.728225941Z,11000.245,none,false,0,0,0,0,0,223,19,19,0,0,0,0,0
retained-e8c21674a86f5d4737b23a59e2071da7754f4ff2,baseline-transform-timeout-r01,2026-09-11T13:09:53.728389815Z,12000.409,none,false,0,0,0,0,0,243,20,20,0,0,0,0,0
retained-e8c21674a86f5d4737b23a59e2071da7754f4ff2,baseline-transform-timeout-r01,2026-09-11T13:09:54.728946506Z,13000.966,none,false,0,0,0,0,0,263,22,22,0,0,0,0,0
retained-e8c21674a86f5d4737b23a59e2071da7754f4ff2,baseline-transform-timeout-r01,2026-09-11T13:09:59.076844536Z,14000.928,none,false,0,0,0,0,0,283,23,23,0,0,0,0,0
retained-e8c21674a86f5d4737b23a59e2071da7754f4ff2,baseline-transform-timeout-r01,2026-09-11T13:10:00.075978695Z,15000.062,none,false,0,0,0,0,0,303,25,25,0,0,0,0,0
retained-e8c21674a86f5d4737b23a59e2071da7754f4ff2,baseline-transform-timeout-r01,2026-09-11T13:10:01.076305185Z,16000.389,none,false,0,0,0,0,0,323,26,26,0,0,0,0,0
retained-e8c21674a86f5d4737b23a59e2071da7754f4ff2,baseline-transform-timeout-r01,2026-09-11T13:10:02.076088842Z,17000.172,none,false,0,0,0,0,0,343,28,28,0,0,0,0,0
retained-e8c21674a86f5d4737b23a59e2071da7754f4ff2,baseline-transform-timeout-r01,2026-09-11T13:10:03.076986473Z,18001.070,none,false,0,0,0,0,0,363,29,29,0,0,0,0,0
retained-e8c21674a86f5d4737b23a59e2071da7754f4ff2,baseline-transform-timeout-r01,2026-09-11T13:10:04.076422651Z,19000.506,none,false,0,0,0,0,0,383,31,31,0,0,0,0,0
retained-e8c21674a86f5d4737b23a59e2071da7754f4ff2,baseline-transform-timeout-r01,2026-09-11T13:10:05.076157696Z,20000.241,none,false,0,0,0,0,0,403,32,32,0,0,0,0,0
retained-e8c21674a86f5d4737b23a59e2071da7754f4ff2,baseline-transform-timeout-r01,2026-09-11T13:10:06.076864686Z,21000.948,none,false,0,0,0,0,0,423,34,34,0,0,0,0,0
retained-e8c21674a86f5d4737b23a59e2071da7754f4ff2,baseline-transform-timeout-r01,2026-09-11T13:10:07.076333091Z,22000.417,none,false,0,0,0,0,0,443,35,35,0,0,0,0,0
retained-e8c21674a86f5d4737b23a59e2071da7754f4ff2,baseline-transform-timeout-r01,2026-09-11T13:10:08.076878332Z,23000.962,none,false,0,0,0,0,0,463,37,37,0,0,0,0,0
retained-e8c21674a86f5d4737b23a59e2071da7754f4ff2,baseline-transform-timeout-r01,2026-09-11T13:10:09.076591112Z,24000.675,none,false,0,0,0,0,0,483,38,38,0,0,0,0,0
retained-e8c21674a86f5d4737b23a59e2071da7754f4ff2,baseline-transform-timeout-r01,2026-09-11T13:10:10.076687175Z,25000.771,none,false,0,0,0,0,0,503,40,40,0,0,0,0,0
retained-e8c21674a86f5d4737b23a59e2071da7754f4ff2,baseline-transform-timeout-r01,2026-09-11T13:10:11.076332676Z,26000.416,none,false,0,0,0,0,0,523,41,41,0,0,0,0,0
retained-e8c21674a86f5d4737b23a59e2071da7754f4ff2,baseline-transform-timeout-r01,2026-09-11T13:10:12.076394464Z,27000.478,none,false,0,0,0,0,0,543,43,43,0,0,0,0,0
retained-e8c21674a86f5d4737b23a59e2071da7754f4ff2,baseline-transform-timeout-r01,2026-09-11T13:10:13.076189505Z,28000.273,none,false,0,0,0,0,0,563,44,44,0,0,0,0,0
retained-e8c21674a86f5d4737b23a59e2071da7754f4ff2,baseline-transform-timeout-r01,2026-09-11T13:10:14.076972247Z,29001.056,none,false,0,0,0,0,0,583,46,46,0,0,0,0,0
retained-e8c21674a86f5d4737b23a59e2071da7754f4ff2,baseline-transform-timeout-r01,2026-09-11T13:10:15.076934293Z,30001.018,transform-timeout,false,0,0,0,0,0,603,47,47,0,0,0,0,0
retained-e8c21674a86f5d4737b23a59e2071da7754f4ff2,baseline-transform-timeout-r01,2026-09-11T13:10:16.076217093Z,31000.301,transform-timeout,false,1,0,1,0,4075024,623,49,48,0,0,0,0,1
retained-e8c21674a86f5d4737b23a59e2071da7754f4ff2,baseline-transform-timeout-r01,2026-09-11T13:10:17.076515037Z,32000.599,transform-timeout,false,2,0,2,0,8150048,643,50,48,0,0,0,0,2
retained-e8c21674a86f5d4737b23a59e2071da7754f4ff2,baseline-transform-timeout-r01,2026-09-11T13:10:18.07706552Z,33001.149,transform-timeout,false,3,0,3,0,12225072,663,52,49,0,0,0,0,3
retained-e8c21674a86f5d4737b23a59e2071da7754f4ff2,baseline-transform-timeout-r01,2026-09-11T13:10:19.076358299Z,34000.442,transform-timeout,false,4,0,4,0,16300096,683,53,49,0,0,0,0,4
retained-e8c21674a86f5d4737b23a59e2071da7754f4ff2,baseline-transform-timeout-r01,2026-09-11T13:10:20.076585324Z,35000.669,transform-timeout,false,4,2,6,0,24450144,703,55,49,0,0,0,0,4
retained-e8c21674a86f5d4737b23a59e2071da7754f4ff2,baseline-transform-timeout-r01,2026-09-11T13:10:21.076517364Z,36000.601,transform-timeout,false,4,3,7,0,28525168,723,56,49,0,0,0,0,4
retained-e8c21674a86f5d4737b23a59e2071da7754f4ff2,baseline-transform-timeout-r01,2026-09-11T13:10:22.076769886Z,37000.853,transform-timeout,false,4,5,10,0,36675216,743,59,49,0,0,0,0,4
retained-e8c21674a86f5d4737b23a59e2071da7754f4ff2,baseline-transform-timeout-r01,2026-09-11T13:10:23.077020353Z,38001.104,transform-timeout,false,4,6,10,0,40750240,763,59,49,0,0,0,0,4
retained-e8c21674a86f5d4737b23a59e2071da7754f4ff2,baseline-transform-timeout-r01,2026-09-11T13:10:24.076356628Z,39000.440,transform-timeout,false,4,8,12,0,48900288,783,61,49,0,0,0,0,4
retained-e8c21674a86f5d4737b23a59e2071da7754f4ff2,baseline-transform-timeout-r01,2026-09-11T13:10:25.076857897Z,40000.941,transform-timeout,false,4,9,13,0,52975312,803,62,49,0,0,0,0,4
retained-e8c21674a86f5d4737b23a59e2071da7754f4ff2,baseline-transform-timeout-r01,2026-09-11T13:10:26.07697428Z,41001.058,transform-timeout,false,4,11,15,0,61125360,823,64,49,0,0,0,0,4
retained-e8c21674a86f5d4737b23a59e2071da7754f4ff2,baseline-transform-timeout-r01,2026-09-11T13:10:27.077060462Z,42001.144,transform-timeout,false,4,12,16,0,65200384,843,65,49,0,0,0,0,4
retained-e8c21674a86f5d4737b23a59e2071da7754f4ff2,baseline-transform-timeout-r01,2026-09-11T13:10:28.077023892Z,43001.107,transform-timeout,false,4,14,18,0,73350432,863,67,49,0,0,0,0,4
retained-e8c21674a86f5d4737b23a59e2071da7754f4ff2,baseline-transform-timeout-r01,2026-09-11T13:10:32.3998081Z,44000.047,transform-timeout,false,4,15,19,0,77425456,883,68,49,0,0,0,0,4
retained-e8c21674a86f5d4737b23a59e2071da7754f4ff2,baseline-transform-timeout-r01,2026-09-11T13:10:33.400376551Z,45000.615,transform-timeout,false,4,17,21,0,85575504,903,70,49,0,0,0,0,4
retained-e8c21674a86f5d4737b23a59e2071da7754f4ff2,baseline-transform-timeout-r01,2026-09-11T13:10:34.400747487Z,46000.987,transform-timeout,false,4,18,22,0,89650528,923,71,49,0,0,0,0,4
retained-e8c21674a86f5d4737b23a59e2071da7754f4ff2,baseline-transform-timeout-r01,2026-09-11T13:10:35.401113955Z,47001.353,transform-timeout,false,4,20,24,0,97800576,943,73,49,0,0,0,0,4
retained-e8c21674a86f5d4737b23a59e2071da7754f4ff2,baseline-transform-timeout-r01,2026-09-11T13:10:36.400475789Z,48000.715,transform-timeout,false,4,21,25,0,101875600,963,74,49,0,0,0,0,4
retained-e8c21674a86f5d4737b23a59e2071da7754f4ff2,baseline-transform-timeout-r01,2026-09-11T13:10:37.400759491Z,49000.998,transform-timeout,false,4,23,27,0,110025648,983,76,49,0,0,0,0,4
retained-e8c21674a86f5d4737b23a59e2071da7754f4ff2,baseline-transform-timeout-r01,2026-09-11T13:10:38.400624597Z,50000.864,transform-timeout,false,4,24,28,0,114100672,1003,77,49,0,0,0,0,4
retained-e8c21674a86f5d4737b23a59e2071da7754f4ff2,baseline-transform-timeout-r01,2026-09-11T13:10:39.400064278Z,51000.303,transform-timeout,false,4,24,28,0,114100672,1023,79,50,0,1,0,0,5
retained-e8c21674a86f5d4737b23a59e2071da7754f4ff2,baseline-transform-timeout-r01,2026-09-11T13:10:40.400292962Z,52000.532,transform-timeout,false,4,24,28,0,114100672,1043,80,50,0,2,0,0,6
retained-e8c21674a86f5d4737b23a59e2071da7754f4ff2,baseline-transform-timeout-r01,2026-09-11T13:10:41.400328442Z,53000.567,transform-timeout,false,4,24,28,0,114100672,1063,82,51,0,3,0,0,7
retained-e8c21674a86f5d4737b23a59e2071da7754f4ff2,baseline-transform-timeout-r01,2026-09-11T13:10:42.400904269Z,54001.143,transform-timeout,false,3,24,27,0,110025648,1083,83,51,0,5,0,0,8
retained-e8c21674a86f5d4737b23a59e2071da7754f4ff2,baseline-transform-timeout-r01,2026-09-11T13:10:43.400856976Z,55001.096,transform-timeout,false,3,24,27,0,110025648,1103,85,52,0,6,0,0,9
retained-e8c21674a86f5d4737b23a59e2071da7754f4ff2,baseline-transform-timeout-r01,2026-09-11T13:10:44.400974101Z,56001.213,transform-timeout,false,3,24,27,0,110025648,1123,86,52,0,7,0,0,10
retained-e8c21674a86f5d4737b23a59e2071da7754f4ff2,baseline-transform-timeout-r01,2026-09-11T13:10:45.400757711Z,57000.997,transform-timeout,false,3,25,28,0,114100672,1143,88,52,0,8,0,0,11
retained-e8c21674a86f5d4737b23a59e2071da7754f4ff2,baseline-transform-timeout-r01,2026-09-11T13:10:46.400225397Z,58000.464,transform-timeout,false,4,24,28,0,114100672,1163,89,53,0,8,0,0,12
retained-e8c21674a86f5d4737b23a59e2071da7754f4ff2,baseline-transform-timeout-r01,2026-09-11T13:10:47.400950269Z,59001.189,transform-timeout,false,3,24,27,0,110025648,1183,91,54,0,10,0,0,13
retained-e8c21674a86f5d4737b23a59e2071da7754f4ff2,baseline-transform-timeout-r01,2026-09-11T13:10:48.400519164Z,60000.758,transform-timeout,false,4,24,28,0,114100672,1203,92,54,0,10,0,0,14
retained-e8c21674a86f5d4737b23a59e2071da7754f4ff2,baseline-transform-timeout-r01,2026-09-11T13:10:49.400095041Z,61000.334,transform-timeout,false,4,25,29,0,118175696,1223,94,54,0,11,0,0,15
retained-e8c21674a86f5d4737b23a59e2071da7754f4ff2,baseline-transform-timeout-r01,2026-09-11T13:10:50.400542652Z,62000.782,transform-timeout,false,4,24,28,0,114100672,1243,95,55,0,12,0,0,16
retained-e8c21674a86f5d4737b23a59e2071da7754f4ff2,baseline-transform-timeout-r01,2026-09-11T13:10:51.400418331Z,63000.657,transform-timeout,false,4,25,30,0,118175696,1263,98,55,0,13,0,0,17
retained-e8c21674a86f5d4737b23a59e2071da7754f4ff2,baseline-transform-timeout-r01,2026-09-11T13:10:52.400334223Z,64000.573,transform-timeout,false,4,24,28,0,114100672,1283,98,56,0,14,0,0,18
retained-e8c21674a86f5d4737b23a59e2071da7754f4ff2,baseline-transform-timeout-r01,2026-09-11T13:10:53.400168596Z,65000.408,transform-timeout,false,4,25,29,0,118175696,1303,100,56,0,15,0,0,19
retained-e8c21674a86f5d4737b23a59e2071da7754f4ff2,baseline-transform-timeout-r01,2026-09-11T13:10:54.400095074Z,66000.334,transform-timeout,false,4,24,28,0,114100672,1323,101,57,0,16,0,0,20
retained-e8c21674a86f5d4737b23a59e2071da7754f4ff2,baseline-transform-timeout-r01,2026-09-11T13:10:55.400713811Z,67000.953,transform-timeout,false,4,24,28,0,114100672,1343,103,58,0,17,0,0,21
retained-e8c21674a86f5d4737b23a59e2071da7754f4ff2,baseline-transform-timeout-r01,2026-09-11T13:10:56.400832197Z,68001.071,transform-timeout,false,4,23,27,0,110025648,1363,104,58,0,19,0,0,22
retained-e8c21674a86f5d4737b23a59e2071da7754f4ff2,baseline-transform-timeout-r01,2026-09-11T13:10:57.400786874Z,69001.026,transform-timeout,false,4,24,28,0,114100672,1383,106,59,0,19,0,0,23
retained-e8c21674a86f5d4737b23a59e2071da7754f4ff2,baseline-transform-timeout-r01,2026-09-11T13:10:58.400471228Z,70000.710,transform-timeout,false,4,24,28,0,114100672,1403,107,59,0,20,0,0,24
retained-e8c21674a86f5d4737b23a59e2071da7754f4ff2,baseline-transform-timeout-r01,2026-09-11T13:10:59.400481052Z,71000.720,transform-timeout,false,3,24,27,0,110025648,1423,109,60,0,22,0,0,25
retained-e8c21674a86f5d4737b23a59e2071da7754f4ff2,baseline-transform-timeout-r01,2026-09-11T13:11:00.399833514Z,72000.072,transform-timeout,false,4,24,28,0,114100672,1443,110,60,0,22,0,0,26
retained-e8c21674a86f5d4737b23a59e2071da7754f4ff2,baseline-transform-timeout-r01,2026-09-11T13:11:01.40010752Z,73000.346,transform-timeout,false,4,24,28,0,114100672,1463,112,61,0,23,0,0,27
retained-e8c21674a86f5d4737b23a59e2071da7754f4ff2,baseline-transform-timeout-r01,2026-09-11T13:11:05.733912614Z,74000.366,transform-timeout,false,4,24,28,0,114100672,1483,113,61,0,24,0,0,28
retained-e8c21674a86f5d4737b23a59e2071da7754f4ff2,baseline-transform-timeout-r01,2026-09-11T13:11:06.734020948Z,75000.475,transform-timeout,false,4,24,28,0,114100672,1503,115,62,0,25,0,0,29
retained-e8c21674a86f5d4737b23a59e2071da7754f4ff2,baseline-transform-timeout-r01,2026-09-11T13:11:07.734541564Z,76000.995,transform-timeout,false,4,24,28,0,114100672,1523,116,62,0,26,0,0,30
retained-e8c21674a86f5d4737b23a59e2071da7754f4ff2,baseline-transform-timeout-r01,2026-09-11T13:11:08.734422814Z,77000.877,transform-timeout,false,4,24,28,0,114100672,1543,118,63,0,27,0,0,31
retained-e8c21674a86f5d4737b23a59e2071da7754f4ff2,baseline-transform-timeout-r01,2026-09-11T13:11:09.733865586Z,78000.319,transform-timeout,false,4,24,28,0,114100672,1563,119,63,0,28,0,0,32
retained-e8c21674a86f5d4737b23a59e2071da7754f4ff2,baseline-transform-timeout-r01,2026-09-11T13:11:10.734629523Z,79001.083,transform-timeout,false,4,25,29,0,118175696,1583,121,63,0,29,0,0,33
retained-e8c21674a86f5d4737b23a59e2071da7754f4ff2,baseline-transform-timeout-r01,2026-09-11T13:11:11.733854563Z,80000.308,transform-timeout,false,4,24,28,0,114100672,1603,122,64,0,30,0,0,34
retained-e8c21674a86f5d4737b23a59e2071da7754f4ff2,baseline-transform-timeout-r01,2026-09-11T13:11:12.734510376Z,81000.964,transform-timeout,false,4,25,29,0,118175696,1623,124,64,0,31,0,0,35
retained-e8c21674a86f5d4737b23a59e2071da7754f4ff2,baseline-transform-timeout-r01,2026-09-11T13:11:13.734686037Z,82001.140,transform-timeout,false,3,24,28,0,110025648,1643,126,65,0,33,0,0,36
retained-e8c21674a86f5d4737b23a59e2071da7754f4ff2,baseline-transform-timeout-r01,2026-09-11T13:11:14.734230376Z,83000.684,transform-timeout,false,4,25,29,0,118175696,1663,127,65,0,33,0,0,37
retained-e8c21674a86f5d4737b23a59e2071da7754f4ff2,baseline-transform-timeout-r01,2026-09-11T13:11:15.73388916Z,84000.343,transform-timeout,false,4,24,28,0,114100672,1683,128,66,0,34,0,0,38
retained-e8c21674a86f5d4737b23a59e2071da7754f4ff2,baseline-transform-timeout-r01,2026-09-11T13:11:16.734097924Z,85000.552,transform-timeout,false,3,24,27,0,110025648,1703,130,67,0,36,0,0,39
retained-e8c21674a86f5d4737b23a59e2071da7754f4ff2,baseline-transform-timeout-r01,2026-09-11T13:11:17.734759942Z,86001.214,transform-timeout,false,3,24,27,0,110025648,1723,131,67,0,37,0,0,40
retained-e8c21674a86f5d4737b23a59e2071da7754f4ff2,baseline-transform-timeout-r01,2026-09-11T13:11:18.734622046Z,87001.076,transform-timeout,false,3,25,28,0,114100672,1743,133,67,0,38,0,0,41
retained-e8c21674a86f5d4737b23a59e2071da7754f4ff2,baseline-transform-timeout-r01,2026-09-11T13:11:19.734502864Z,88000.957,transform-timeout,false,4,24,28,0,114100672,1763,134,68,0,38,0,0,42
retained-e8c21674a86f5d4737b23a59e2071da7754f4ff2,baseline-transform-timeout-r01,2026-09-11T13:11:20.734091398Z,89000.545,transform-timeout,false,4,25,29,0,118175696,1783,136,68,0,39,0,0,43
retained-e8c21674a86f5d4737b23a59e2071da7754f4ff2,baseline-transform-timeout-r01,2026-09-11T13:11:21.734558993Z,90001.013,none,false,3,24,28,0,110025648,1803,138,69,0,41,0,0,44
retained-e8c21674a86f5d4737b23a59e2071da7754f4ff2,baseline-transform-timeout-r01,2026-09-11T13:11:22.733882776Z,91000.337,none,false,4,22,26,0,105950624,1823,139,72,0,41,0,0,44
retained-e8c21674a86f5d4737b23a59e2071da7754f4ff2,baseline-transform-timeout-r01,2026-09-11T13:11:23.73403087Z,92000.485,none,false,3,19,22,0,89650528,1843,140,75,0,43,0,0,44
retained-e8c21674a86f5d4737b23a59e2071da7754f4ff2,baseline-transform-timeout-r01,2026-09-11T13:11:24.733800322Z,93000.254,none,false,4,17,21,0,85575504,1862,142,78,0,43,0,0,44
retained-e8c21674a86f5d4737b23a59e2071da7754f4ff2,baseline-transform-timeout-r01,2026-09-11T13:11:25.734337656Z,94000.792,none,false,4,16,20,0,81500480,1881,143,79,0,44,0,0,44
retained-e8c21674a86f5d4737b23a59e2071da7754f4ff2,baseline-transform-timeout-r01,2026-09-11T13:11:26.734324498Z,95000.778,none,false,4,14,18,0,73350432,1900,145,83,0,44,0,0,44
retained-e8c21674a86f5d4737b23a59e2071da7754f4ff2,baseline-transform-timeout-r01,2026-09-11T13:11:27.802793841Z,96069.248,none,false,4,11,15,0,61125360,1919,146,87,0,44,0,0,44
retained-e8c21674a86f5d4737b23a59e2071da7754f4ff2,baseline-transform-timeout-r01,2026-09-11T13:11:28.733910795Z,97000.365,none,false,4,9,13,0,52975312,1937,148,91,0,44,0,0,44
retained-e8c21674a86f5d4737b23a59e2071da7754f4ff2,baseline-transform-timeout-r01,2026-09-11T13:11:29.734286162Z,98000.740,none,false,4,7,12,0,44825264,1957,150,94,0,44,0,0,44
retained-e8c21674a86f5d4737b23a59e2071da7754f4ff2,baseline-transform-timeout-r01,2026-09-11T13:11:30.734507487Z,99000.961,none,false,4,8,12,0,48900288,1972,151,95,0,44,0,0,44
retained-e8c21674a86f5d4737b23a59e2071da7754f4ff2,baseline-transform-timeout-r01,2026-09-11T13:11:31.733881692Z,100000.336,none,false,4,5,9,0,36675216,1990,152,99,0,44,0,0,44
retained-e8c21674a86f5d4737b23a59e2071da7754f4ff2,baseline-transform-timeout-r01,2026-09-11T13:11:32.733902437Z,101000.356,none,false,4,4,8,0,32600192,2009,154,102,0,44,0,0,44
retained-e8c21674a86f5d4737b23a59e2071da7754f4ff2,baseline-transform-timeout-r01,2026-09-11T13:11:33.734410862Z,102000.865,none,false,4,4,8,0,32600192,2027,155,103,0,44,0,0,44
retained-e8c21674a86f5d4737b23a59e2071da7754f4ff2,baseline-transform-timeout-r01,2026-09-11T13:11:34.802748358Z,103069.202,none,false,4,3,7,0,28525168,2043,157,106,0,44,0,0,44
retained-e8c21674a86f5d4737b23a59e2071da7754f4ff2,baseline-transform-timeout-r01,2026-09-11T13:11:39.07341384Z,104000.881,none,false,4,0,4,0,16300096,2059,158,110,0,44,0,0,44
retained-e8c21674a86f5d4737b23a59e2071da7754f4ff2,baseline-transform-timeout-r01,2026-09-11T13:11:40.073691249Z,105001.158,none,false,4,1,6,0,20375120,2075,161,111,0,44,0,0,44
retained-e8c21674a86f5d4737b23a59e2071da7754f4ff2,baseline-transform-timeout-r01,2026-09-11T13:11:41.073333583Z,106000.801,none,false,2,0,2,0,8150048,2094,161,115,0,44,0,0,44
retained-e8c21674a86f5d4737b23a59e2071da7754f4ff2,baseline-transform-timeout-r01,2026-09-11T13:11:42.073685683Z,107001.153,none,false,0,0,0,0,0,2114,163,119,0,44,0,0,44
retained-e8c21674a86f5d4737b23a59e2071da7754f4ff2,baseline-transform-timeout-r01,2026-09-11T13:11:43.073644487Z,108001.111,none,false,0,0,0,0,0,2134,164,120,0,44,0,0,44
retained-e8c21674a86f5d4737b23a59e2071da7754f4ff2,baseline-transform-timeout-r01,2026-09-11T13:11:44.072859479Z,109000.326,none,false,0,0,0,0,0,2154,166,122,0,44,0,0,44
retained-e8c21674a86f5d4737b23a59e2071da7754f4ff2,baseline-transform-timeout-r01,2026-09-11T13:11:45.073159164Z,110000.626,none,false,0,0,0,0,0,2174,167,123,0,44,0,0,44
retained-e8c21674a86f5d4737b23a59e2071da7754f4ff2,baseline-transform-timeout-r01,2026-09-11T13:11:46.073057093Z,111000.524,none,false,0,0,0,0,0,2194,169,125,0,44,0,0,44
retained-e8c21674a86f5d4737b23a59e2071da7754f4ff2,baseline-transform-timeout-r01,2026-09-11T13:11:47.073448066Z,112000.915,none,false,0,0,0,0,0,2214,170,126,0,44,0,0,44
retained-e8c21674a86f5d4737b23a59e2071da7754f4ff2,baseline-transform-timeout-r01,2026-09-11T13:11:48.072936407Z,113000.403,none,false,0,0,0,0,0,2234,172,128,0,44,0,0,44
retained-e8c21674a86f5d4737b23a59e2071da7754f4ff2,baseline-transform-timeout-r01,2026-09-11T13:11:49.072611135Z,114000.078,none,false,0,0,0,0,0,2254,173,129,0,44,0,0,44
retained-e8c21674a86f5d4737b23a59e2071da7754f4ff2,baseline-transform-timeout-r01,2026-09-11T13:11:50.073129465Z,115000.596,none,false,0,0,0,0,0,2274,175,131,0,44,0,0,44
retained-e8c21674a86f5d4737b23a59e2071da7754f4ff2,baseline-transform-timeout-r01,2026-09-11T13:11:51.073465539Z,116000.932,none,false,0,0,0,0,0,2294,176,132,0,44,0,0,44
retained-e8c21674a86f5d4737b23a59e2071da7754f4ff2,baseline-transform-timeout-r01,2026-09-11T13:11:52.073010438Z,117000.477,none,false,0,0,0,0,0,2314,178,134,0,44,0,0,44
retained-e8c21674a86f5d4737b23a59e2071da7754f4ff2,baseline-transform-timeout-r01,2026-09-11T13:11:53.072995181Z,118000.462,none,false,0,0,0,0,0,2334,179,135,0,44,0,0,44
retained-e8c21674a86f5d4737b23a59e2071da7754f4ff2,baseline-transform-timeout-r01,2026-09-11T13:11:54.072730176Z,119000.197,none,false,0,0,0,0,0,2354,181,137,0,44,0,0,44
retained-e8c21674a86f5d4737b23a59e2071da7754f4ff2,baseline-transform-timeout-r01,2026-09-11T13:11:55.073620172Z,120001.087,none,false,0,0,0,0,0,2374,182,138,0,44,0,0,44
retained-e8c21674a86f5d4737b23a59e2071da7754f4ff2,baseline-transform-timeout-r01,2026-09-11T13:11:56.072826287Z,121000.293,none,false,0,0,0,0,0,2394,184,140,0,44,0,0,44
retained-e8c21674a86f5d4737b23a59e2071da7754f4ff2,baseline-transform-timeout-r01,2026-09-11T13:11:57.073091546Z,122000.558,none,false,0,0,0,0,0,2414,185,141,0,44,0,0,44
retained-e8c21674a86f5d4737b23a59e2071da7754f4ff2,baseline-transform-timeout-r01,2026-09-11T13:11:58.0729395Z,123000.406,none,false,0,0,0,0,0,2434,187,143,0,44,0,0,44
retained-e8c21674a86f5d4737b23a59e2071da7754f4ff2,baseline-transform-timeout-r01,2026-09-11T13:11:59.072868167Z,124000.335,none,false,0,0,0,0,0,2454,188,144,0,44,0,0,44
retained-e8c21674a86f5d4737b23a59e2071da7754f4ff2,baseline-transform-timeout-r01,2026-09-11T13:12:00.072925146Z,125000.392,none,false,0,0,0,0,0,2474,190,146,0,44,0,0,44
retained-e8c21674a86f5d4737b23a59e2071da7754f4ff2,baseline-transform-timeout-r01,2026-09-11T13:12:01.072769397Z,126000.236,none,false,0,0,0,0,0,2494,191,147,0,44,0,0,44
retained-e8c21674a86f5d4737b23a59e2071da7754f4ff2,baseline-transform-timeout-r01,2026-09-11T13:12:02.072626649Z,127000.094,none,false,0,0,0,0,0,2514,193,149,0,44,0,0,44
retained-e8c21674a86f5d4737b23a59e2071da7754f4ff2,baseline-transform-timeout-r01,2026-09-11T13:12:03.073500094Z,128000.967,none,false,0,0,0,0,0,2534,194,150,0,44,0,0,44
retained-e8c21674a86f5d4737b23a59e2071da7754f4ff2,baseline-transform-timeout-r01,2026-09-11T13:12:04.073102231Z,129000.569,none,false,0,0,0,0,0,2554,196,152,0,44,0,0,44
retained-e8c21674a86f5d4737b23a59e2071da7754f4ff2,baseline-transform-timeout-r01,2026-09-11T13:12:05.07350804Z,130000.975,none,false,0,0,0,0,0,2574,197,153,0,44,0,0,44
retained-e8c21674a86f5d4737b23a59e2071da7754f4ff2,baseline-transform-timeout-r01,2026-09-11T13:12:06.073645438Z,131001.112,none,false,0,0,0,0,0,2594,199,155,0,44,0,0,44
retained-e8c21674a86f5d4737b23a59e2071da7754f4ff2,baseline-transform-timeout-r01,2026-09-11T13:12:07.073193132Z,132000.660,none,false,0,0,0,0,0,2614,200,156,0,44,0,0,44
retained-e8c21674a86f5d4737b23a59e2071da7754f4ff2,baseline-transform-timeout-r01,2026-09-11T13:12:08.073085486Z,133000.552,none,false,0,0,0,0,0,2634,202,158,0,44,0,0,44
retained-e8c21674a86f5d4737b23a59e2071da7754f4ff2,baseline-transform-timeout-r01,2026-09-11T13:12:12.418940952Z,134000.413,none,false,0,0,0,0,0,2654,203,159,0,44,0,0,44
retained-e8c21674a86f5d4737b23a59e2071da7754f4ff2,baseline-transform-timeout-r01,2026-09-11T13:12:13.419303825Z,135000.776,none,false,0,0,0,0,0,2674,205,161,0,44,0,0,44
retained-e8c21674a86f5d4737b23a59e2071da7754f4ff2,baseline-transform-timeout-r01,2026-09-11T13:12:14.41878451Z,136000.257,none,false,0,0,0,0,0,2694,206,162,0,44,0,0,44
retained-e8c21674a86f5d4737b23a59e2071da7754f4ff2,baseline-transform-timeout-r01,2026-09-11T13:12:15.418961195Z,137000.433,none,false,0,0,0,0,0,2714,208,164,0,44,0,0,44
retained-e8c21674a86f5d4737b23a59e2071da7754f4ff2,baseline-transform-timeout-r01,2026-09-11T13:12:16.418794226Z,138000.267,none,false,0,0,0,0,0,2734,209,165,0,44,0,0,44
retained-e8c21674a86f5d4737b23a59e2071da7754f4ff2,baseline-transform-timeout-r01,2026-09-11T13:12:17.419559697Z,139001.032,none,false,0,0,0,0,0,2754,211,167,0,44,0,0,44
retained-e8c21674a86f5d4737b23a59e2071da7754f4ff2,baseline-transform-timeout-r01,2026-09-11T13:12:18.419436797Z,140000.909,none,false,0,0,0,0,0,2774,212,168,0,44,0,0,44
retained-e8c21674a86f5d4737b23a59e2071da7754f4ff2,baseline-transform-timeout-r01,2026-09-11T13:12:19.418612277Z,141000.085,none,false,0,0,0,0,0,2794,214,170,0,44,0,0,44
retained-e8c21674a86f5d4737b23a59e2071da7754f4ff2,baseline-transform-timeout-r01,2026-09-11T13:12:20.419560651Z,142001.033,none,false,0,0,0,0,0,2814,215,171,0,44,0,0,44
retained-e8c21674a86f5d4737b23a59e2071da7754f4ff2,baseline-transform-timeout-r01,2026-09-11T13:12:21.418795222Z,143000.268,none,false,0,0,0,0,0,2834,217,173,0,44,0,0,44
retained-e8c21674a86f5d4737b23a59e2071da7754f4ff2,baseline-transform-timeout-r01,2026-09-11T13:12:22.419039319Z,144000.512,none,false,0,0,0,0,0,2854,218,174,0,44,0,0,44
retained-e8c21674a86f5d4737b23a59e2071da7754f4ff2,baseline-transform-timeout-r01,2026-09-11T13:12:23.419161068Z,145000.633,none,false,0,0,0,0,0,2874,220,176,0,44,0,0,44
retained-e8c21674a86f5d4737b23a59e2071da7754f4ff2,baseline-transform-timeout-r01,2026-09-11T13:12:24.41895324Z,146000.426,none,false,0,0,0,0,0,2894,221,177,0,44,0,0,44
retained-e8c21674a86f5d4737b23a59e2071da7754f4ff2,baseline-transform-timeout-r01,2026-09-11T13:12:25.419224213Z,147000.697,none,false,0,0,0,0,0,2914,223,179,0,44,0,0,44
retained-e8c21674a86f5d4737b23a59e2071da7754f4ff2,baseline-transform-timeout-r01,2026-09-11T13:12:26.418802547Z,148000.275,none,false,0,0,0,0,0,2934,224,180,0,44,0,0,44
retained-e8c21674a86f5d4737b23a59e2071da7754f4ff2,baseline-transform-timeout-r01,2026-09-11T13:12:27.419369458Z,149000.842,none,false,0,0,0,0,0,2954,226,182,0,44,0,0,44
retained-e8c21674a86f5d4737b23a59e2071da7754f4ff2,baseline-transform-timeout-r01,2026-09-11T13:12:28.418857994Z,150000.330,none,false,0,0,0,0,0,2974,227,183,0,44,0,0,44
retained-e8c21674a86f5d4737b23a59e2071da7754f4ff2,baseline-transform-timeout-r01,2026-09-11T13:12:28.418886358Z,150000.359,none,false,0,0,0,0,0,2974,227,183,0,44,0,0,44
retained-e8c21674a86f5d4737b23a59e2071da7754f4ff2,bounded-wait-transform-timeout-r01,2026-09-11T13:12:29.5891682Z,0.034,none,false,0,0,0,0,0,4,4,4,0,0,0,0,0
retained-e8c21674a86f5d4737b23a59e2071da7754f4ff2,bounded-wait-transform-timeout-r01,2026-09-11T13:12:30.590324841Z,1001.191,none,false,0,0,0,0,0,23,4,4,0,0,0,0,0
retained-e8c21674a86f5d4737b23a59e2071da7754f4ff2,bounded-wait-transform-timeout-r01,2026-09-11T13:12:31.590164095Z,2001.030,none,false,0,0,0,0,0,43,5,5,0,0,0,0,0
retained-e8c21674a86f5d4737b23a59e2071da7754f4ff2,bounded-wait-transform-timeout-r01,2026-09-11T13:12:32.58970214Z,3000.568,none,false,0,0,0,0,0,63,7,7,0,0,0,0,0
retained-e8c21674a86f5d4737b23a59e2071da7754f4ff2,bounded-wait-transform-timeout-r01,2026-09-11T13:12:33.589529213Z,4000.395,none,false,0,0,0,0,0,83,8,8,0,0,0,0,0
retained-e8c21674a86f5d4737b23a59e2071da7754f4ff2,bounded-wait-transform-timeout-r01,2026-09-11T13:12:34.5896218Z,5000.488,none,false,0,0,0,0,0,103,10,10,0,0,0,0,0
retained-e8c21674a86f5d4737b23a59e2071da7754f4ff2,bounded-wait-transform-timeout-r01,2026-09-11T13:12:35.589484389Z,6000.350,none,false,0,0,0,0,0,123,11,11,0,0,0,0,0
retained-e8c21674a86f5d4737b23a59e2071da7754f4ff2,bounded-wait-transform-timeout-r01,2026-09-11T13:12:36.590093666Z,7000.960,none,false,0,0,0,0,0,143,13,13,0,0,0,0,0
retained-e8c21674a86f5d4737b23a59e2071da7754f4ff2,bounded-wait-transform-timeout-r01,2026-09-11T13:12:37.590217482Z,8001.083,none,false,0,0,0,0,0,163,14,14,0,0,0,0,0
retained-e8c21674a86f5d4737b23a59e2071da7754f4ff2,bounded-wait-transform-timeout-r01,2026-09-11T13:12:38.589546888Z,9000.413,none,false,0,0,0,0,0,183,16,16,0,0,0,0,0
retained-e8c21674a86f5d4737b23a59e2071da7754f4ff2,bounded-wait-transform-timeout-r01,2026-09-11T13:12:39.590198802Z,10001.065,none,false,0,0,0,0,0,203,17,17,0,0,0,0,0
retained-e8c21674a86f5d4737b23a59e2071da7754f4ff2,bounded-wait-transform-timeout-r01,2026-09-11T13:12:40.590152655Z,11001.018,none,false,0,0,0,0,0,223,19,19,0,0,0,0,0
retained-e8c21674a86f5d4737b23a59e2071da7754f4ff2,bounded-wait-transform-timeout-r01,2026-09-11T13:12:41.589413965Z,12000.280,none,false,0,0,0,0,0,243,20,20,0,0,0,0,0
retained-e8c21674a86f5d4737b23a59e2071da7754f4ff2,bounded-wait-transform-timeout-r01,2026-09-11T13:12:45.909846901Z,13001.017,none,false,0,0,0,0,0,263,22,22,0,0,0,0,0
retained-e8c21674a86f5d4737b23a59e2071da7754f4ff2,bounded-wait-transform-timeout-r01,2026-09-11T13:12:46.909583411Z,14000.754,none,false,0,0,0,0,0,283,23,23,0,0,0,0,0
retained-e8c21674a86f5d4737b23a59e2071da7754f4ff2,bounded-wait-transform-timeout-r01,2026-09-11T13:12:47.909491517Z,15000.662,none,false,0,0,0,0,0,303,25,25,0,0,0,0,0
retained-e8c21674a86f5d4737b23a59e2071da7754f4ff2,bounded-wait-transform-timeout-r01,2026-09-11T13:12:48.909307416Z,16000.478,none,false,0,0,0,0,0,323,26,26,0,0,0,0,0
retained-e8c21674a86f5d4737b23a59e2071da7754f4ff2,bounded-wait-transform-timeout-r01,2026-09-11T13:12:49.909079456Z,17000.250,none,false,0,0,0,0,0,343,28,28,0,0,0,0,0
retained-e8c21674a86f5d4737b23a59e2071da7754f4ff2,bounded-wait-transform-timeout-r01,2026-09-11T13:12:50.909773854Z,18000.944,none,false,0,0,0,0,0,363,29,29,0,0,0,0,0
retained-e8c21674a86f5d4737b23a59e2071da7754f4ff2,bounded-wait-transform-timeout-r01,2026-09-11T13:12:51.909360528Z,19000.531,none,false,0,0,0,0,0,383,31,31,0,0,0,0,0
retained-e8c21674a86f5d4737b23a59e2071da7754f4ff2,bounded-wait-transform-timeout-r01,2026-09-11T13:12:52.909552576Z,20000.723,none,false,0,0,0,0,0,403,32,32,0,0,0,0,0
retained-e8c21674a86f5d4737b23a59e2071da7754f4ff2,bounded-wait-transform-timeout-r01,2026-09-11T13:12:53.90997474Z,21001.145,none,false,0,0,0,0,0,423,34,34,0,0,0,0,0
retained-e8c21674a86f5d4737b23a59e2071da7754f4ff2,bounded-wait-transform-timeout-r01,2026-09-11T13:12:54.909823347Z,22000.994,none,false,0,0,0,0,0,443,35,35,0,0,0,0,0
retained-e8c21674a86f5d4737b23a59e2071da7754f4ff2,bounded-wait-transform-timeout-r01,2026-09-11T13:12:55.908927881Z,23000.098,none,false,0,0,0,0,0,463,37,37,0,0,0,0,0
retained-e8c21674a86f5d4737b23a59e2071da7754f4ff2,bounded-wait-transform-timeout-r01,2026-09-11T13:12:56.908985446Z,24000.156,none,false,0,0,0,0,0,483,38,38,0,0,0,0,0
retained-e8c21674a86f5d4737b23a59e2071da7754f4ff2,bounded-wait-transform-timeout-r01,2026-09-11T13:12:57.908988115Z,25000.158,none,false,0,0,0,0,0,503,40,40,0,0,0,0,0
retained-e8c21674a86f5d4737b23a59e2071da7754f4ff2,bounded-wait-transform-timeout-r01,2026-09-11T13:12:58.909819044Z,26000.989,none,false,0,0,0,0,0,523,41,41,0,0,0,0,0
retained-e8c21674a86f5d4737b23a59e2071da7754f4ff2,bounded-wait-transform-timeout-r01,2026-09-11T13:12:59.909305598Z,27000.476,none,false,0,0,0,0,0,543,43,43,0,0,0,0,0
retained-e8c21674a86f5d4737b23a59e2071da7754f4ff2,bounded-wait-transform-timeout-r01,2026-09-11T13:13:00.90968697Z,28000.857,none,false,0,0,0,0,0,563,44,44,0,0,0,0,0
retained-e8c21674a86f5d4737b23a59e2071da7754f4ff2,bounded-wait-transform-timeout-r01,2026-09-11T13:13:01.908919939Z,29000.090,none,false,0,0,0,0,0,583,46,46,0,0,0,0,0
retained-e8c21674a86f5d4737b23a59e2071da7754f4ff2,bounded-wait-transform-timeout-r01,2026-09-11T13:13:02.908932074Z,30000.102,none,false,0,0,0,0,0,603,47,47,0,0,0,0,0
retained-e8c21674a86f5d4737b23a59e2071da7754f4ff2,bounded-wait-transform-timeout-r01,2026-09-11T13:13:03.908955063Z,31000.125,transform-timeout,false,1,0,1,0,4075024,623,49,48,0,0,0,0,1
retained-e8c21674a86f5d4737b23a59e2071da7754f4ff2,bounded-wait-transform-timeout-r01,2026-09-11T13:13:04.909464435Z,32000.635,transform-timeout,false,2,0,2,0,8150048,643,50,48,0,0,0,0,2
retained-e8c21674a86f5d4737b23a59e2071da7754f4ff2,bounded-wait-transform-timeout-r01,2026-09-11T13:13:05.909458235Z,33000.629,transform-timeout,false,3,0,3,0,12225072,663,52,49,0,0,0,0,3
retained-e8c21674a86f5d4737b23a59e2071da7754f4ff2,bounded-wait-transform-timeout-r01,2026-09-11T13:13:06.909883767Z,34001.054,transform-timeout,false,4,0,4,0,16300096,683,53,49,0,0,0,0,4
retained-e8c21674a86f5d4737b23a59e2071da7754f4ff2,bounded-wait-transform-timeout-r01,2026-09-11T13:13:07.909421572Z,35000.592,transform-timeout,false,4,2,6,0,16300096,703,55,49,0,0,0,0,4
retained-e8c21674a86f5d4737b23a59e2071da7754f4ff2,bounded-wait-transform-timeout-r01,2026-09-11T13:13:08.910098133Z,36001.268,transform-timeout,false,4,3,7,0,16300096,723,56,49,0,0,0,0,4
retained-e8c21674a86f5d4737b23a59e2071da7754f4ff2,bounded-wait-transform-timeout-r01,2026-09-11T13:13:09.909578186Z,37000.749,transform-timeout,false,4,3,7,0,16300096,743,58,49,0,0,2,0,4
retained-e8c21674a86f5d4737b23a59e2071da7754f4ff2,bounded-wait-transform-timeout-r01,2026-09-11T13:13:10.909372013Z,38000.542,transform-timeout,false,4,3,7,0,16300096,763,59,49,0,0,3,0,4
retained-e8c21674a86f5d4737b23a59e2071da7754f4ff2,bounded-wait-transform-timeout-r01,2026-09-11T13:13:11.909097484Z,39000.268,transform-timeout,false,4,3,7,0,16300096,783,61,49,0,0,5,0,4
retained-e8c21674a86f5d4737b23a59e2071da7754f4ff2,bounded-wait-transform-timeout-r01,2026-09-11T13:13:12.909583301Z,40000.754,transform-timeout,false,4,3,7,0,16300096,803,62,49,0,0,6,0,4
retained-e8c21674a86f5d4737b23a59e2071da7754f4ff2,bounded-wait-transform-timeout-r01,2026-09-11T13:13:13.909125418Z,41000.296,transform-timeout,false,4,3,7,0,16300096,823,64,49,0,0,8,0,4
retained-e8c21674a86f5d4737b23a59e2071da7754f4ff2,bounded-wait-transform-timeout-r01,2026-09-11T13:13:14.9100049Z,42001.175,transform-timeout,false,4,1,5,0,16300096,843,65,49,0,0,11,0,4
retained-e8c21674a86f5d4737b23a59e2071da7754f4ff2,bounded-wait-transform-timeout-r01,2026-09-11T13:13:19.257961223Z,43001.209,transform-timeout,false,4,2,6,0,16300096,863,67,49,0,0,12,0,4
retained-e8c21674a86f5d4737b23a59e2071da7754f4ff2,bounded-wait-transform-timeout-r01,2026-09-11T13:13:20.257470408Z,44000.718,transform-timeout,false,4,3,7,0,16300096,883,68,49,0,0,12,0,4
retained-e8c21674a86f5d4737b23a59e2071da7754f4ff2,bounded-wait-transform-timeout-r01,2026-09-11T13:13:21.257690237Z,45000.938,transform-timeout,false,4,3,7,0,16300096,903,70,49,0,0,14,0,4
retained-e8c21674a86f5d4737b23a59e2071da7754f4ff2,bounded-wait-transform-timeout-r01,2026-09-11T13:13:22.257247789Z,46000.496,transform-timeout,false,4,3,7,0,16300096,923,71,49,0,0,15,0,4
retained-e8c21674a86f5d4737b23a59e2071da7754f4ff2,bounded-wait-transform-timeout-r01,2026-09-11T13:13:23.257394446Z,47000.642,transform-timeout,false,4,3,7,0,16300096,943,73,49,0,0,17,0,4
retained-e8c21674a86f5d4737b23a59e2071da7754f4ff2,bounded-wait-transform-timeout-r01,2026-09-11T13:13:24.257310038Z,48000.558,transform-timeout,false,4,3,7,0,16300096,963,74,49,0,0,18,0,4
retained-e8c21674a86f5d4737b23a59e2071da7754f4ff2,bounded-wait-transform-timeout-r01,2026-09-11T13:13:25.25785302Z,49001.101,transform-timeout,false,4,3,7,0,16300096,983,76,49,0,0,20,0,4
retained-e8c21674a86f5d4737b23a59e2071da7754f4ff2,bounded-wait-transform-timeout-r01,2026-09-11T13:13:26.257076868Z,50000.325,transform-timeout,false,4,3,7,0,16300096,1003,77,49,0,0,21,0,4
retained-e8c21674a86f5d4737b23a59e2071da7754f4ff2,bounded-wait-transform-timeout-r01,2026-09-11T13:13:27.2577505Z,51000.998,transform-timeout,false,3,2,5,0,12225072,1023,79,50,0,2,22,0,5
retained-e8c21674a86f5d4737b23a59e2071da7754f4ff2,bounded-wait-transform-timeout-r01,2026-09-11T13:13:28.257126563Z,52000.375,transform-timeout,false,4,1,5,0,16300096,1043,80,51,0,2,22,0,6
retained-e8c21674a86f5d4737b23a59e2071da7754f4ff2,bounded-wait-transform-timeout-r01,2026-09-11T13:13:29.25748728Z,53000.735,transform-timeout,false,4,2,6,0,16300096,1063,82,51,0,3,22,0,7
retained-e8c21674a86f5d4737b23a59e2071da7754f4ff2,bounded-wait-transform-timeout-r01,2026-09-11T13:13:30.257422077Z,54000.670,transform-timeout,false,4,2,6,0,16300096,1083,83,51,0,4,22,0,8
retained-e8c21674a86f5d4737b23a59e2071da7754f4ff2,bounded-wait-transform-timeout-r01,2026-09-11T13:13:31.257835Z,55001.083,transform-timeout,false,4,3,7,0,16300096,1103,85,51,0,4,23,0,8
retained-e8c21674a86f5d4737b23a59e2071da7754f4ff2,bounded-wait-transform-timeout-r01,2026-09-11T13:13:32.256984845Z,56000.233,transform-timeout,false,4,3,7,0,16300096,1123,86,51,0,4,24,0,8
retained-e8c21674a86f5d4737b23a59e2071da7754f4ff2,bounded-wait-transform-timeout-r01,2026-09-11T13:13:33.25697709Z,57000.225,transform-timeout,false,4,3,7,0,16300096,1143,88,51,0,4,26,0,8
retained-e8c21674a86f5d4737b23a59e2071da7754f4ff2,bounded-wait-transform-timeout-r01,2026-09-11T13:13:34.257364748Z,58000.613,transform-timeout,false,4,1,6,0,16300096,1163,89,51,0,4,28,0,8
retained-e8c21674a86f5d4737b23a59e2071da7754f4ff2,bounded-wait-transform-timeout-r01,2026-09-11T13:13:35.25710025Z,59000.348,transform-timeout,false,4,3,7,0,16300096,1183,91,51,0,4,29,0,8
retained-e8c21674a86f5d4737b23a59e2071da7754f4ff2,bounded-wait-transform-timeout-r01,2026-09-11T13:13:36.257325713Z,60000.574,transform-timeout,false,4,3,7,0,16300096,1203,92,51,0,4,30,0,8
retained-e8c21674a86f5d4737b23a59e2071da7754f4ff2,bounded-wait-transform-timeout-r01,2026-09-11T13:13:37.257470769Z,61000.719,transform-timeout,false,4,2,6,0,16300096,1223,94,51,0,4,33,0,8
retained-e8c21674a86f5d4737b23a59e2071da7754f4ff2,bounded-wait-transform-timeout-r01,2026-09-11T13:13:38.257571738Z,62000.820,transform-timeout,false,4,1,5,0,16300096,1243,95,51,0,4,35,0,8
retained-e8c21674a86f5d4737b23a59e2071da7754f4ff2,bounded-wait-transform-timeout-r01,2026-09-11T13:13:39.257661368Z,63000.909,transform-timeout,false,4,2,6,0,16300096,1263,97,51,0,4,36,0,8
retained-e8c21674a86f5d4737b23a59e2071da7754f4ff2,bounded-wait-transform-timeout-r01,2026-09-11T13:13:40.257610673Z,64000.859,transform-timeout,false,4,3,7,0,16300096,1283,98,51,0,4,36,0,8
retained-e8c21674a86f5d4737b23a59e2071da7754f4ff2,bounded-wait-transform-timeout-r01,2026-09-11T13:13:41.257174052Z,65000.422,transform-timeout,false,4,3,7,0,16300096,1303,100,51,0,4,38,0,8
retained-e8c21674a86f5d4737b23a59e2071da7754f4ff2,bounded-wait-transform-timeout-r01,2026-09-11T13:13:42.25712365Z,66000.372,transform-timeout,false,4,3,7,0,16300096,1323,101,51,0,4,39,0,8
retained-e8c21674a86f5d4737b23a59e2071da7754f4ff2,bounded-wait-transform-timeout-r01,2026-09-11T13:13:43.257759265Z,67001.007,transform-timeout,false,4,2,6,0,16300096,1343,103,51,0,4,42,0,8
retained-e8c21674a86f5d4737b23a59e2071da7754f4ff2,bounded-wait-transform-timeout-r01,2026-09-11T13:13:44.25789846Z,68001.146,transform-timeout,false,4,1,5,0,16300096,1363,104,51,0,4,44,0,8
retained-e8c21674a86f5d4737b23a59e2071da7754f4ff2,bounded-wait-transform-timeout-r01,2026-09-11T13:13:45.257522805Z,69000.771,transform-timeout,false,4,3,7,0,16300096,1383,106,51,0,4,44,0,8
retained-e8c21674a86f5d4737b23a59e2071da7754f4ff2,bounded-wait-transform-timeout-r01,2026-09-11T13:13:46.257690471Z,70000.938,transform-timeout,false,3,1,4,0,12225072,1403,107,52,0,6,45,0,9
retained-e8c21674a86f5d4737b23a59e2071da7754f4ff2,bounded-wait-transform-timeout-r01,2026-09-11T13:13:47.257709753Z,71000.958,transform-timeout,false,4,2,6,0,16300096,1423,109,52,0,6,45,0,10
retained-e8c21674a86f5d4737b23a59e2071da7754f4ff2,bounded-wait-transform-timeout-r01,2026-09-11T13:13:48.257612198Z,72000.860,transform-timeout,false,4,1,5,0,16300096,1443,110,53,0,7,45,0,11
retained-e8c21674a86f5d4737b23a59e2071da7754f4ff2,bounded-wait-transform-timeout-r01,2026-09-11T13:13:52.598998397Z,73000.532,transform-timeout,false,4,2,6,0,16300096,1463,112,53,0,8,45,0,12
retained-e8c21674a86f5d4737b23a59e2071da7754f4ff2,bounded-wait-transform-timeout-r01,2026-09-11T13:13:53.598887449Z,74000.421,transform-timeout,false,4,3,7,0,16300096,1483,113,53,0,8,45,0,12
retained-e8c21674a86f5d4737b23a59e2071da7754f4ff2,bounded-wait-transform-timeout-r01,2026-09-11T13:13:54.599469378Z,75001.003,transform-timeout,false,4,2,6,0,16300096,1503,115,53,0,8,48,0,12
retained-e8c21674a86f5d4737b23a59e2071da7754f4ff2,bounded-wait-transform-timeout-r01,2026-09-11T13:13:55.59859985Z,76000.134,transform-timeout,false,4,3,7,0,16300096,1523,116,53,0,8,48,0,12
retained-e8c21674a86f5d4737b23a59e2071da7754f4ff2,bounded-wait-transform-timeout-r01,2026-09-11T13:13:56.599057476Z,77000.591,transform-timeout,false,4,3,7,0,16300096,1543,118,53,0,8,50,0,12
retained-e8c21674a86f5d4737b23a59e2071da7754f4ff2,bounded-wait-transform-timeout-r01,2026-09-11T13:13:57.59912579Z,78000.660,transform-timeout,false,4,3,7,0,16300096,1563,119,53,0,8,51,0,12
retained-e8c21674a86f5d4737b23a59e2071da7754f4ff2,bounded-wait-transform-timeout-r01,2026-09-11T13:13:58.599282087Z,79000.816,transform-timeout,false,4,3,7,0,16300096,1583,121,53,0,8,53,0,12
retained-e8c21674a86f5d4737b23a59e2071da7754f4ff2,bounded-wait-transform-timeout-r01,2026-09-11T13:13:59.598886618Z,80000.420,transform-timeout,false,4,3,7,0,16300096,1603,122,53,0,8,54,0,12
retained-e8c21674a86f5d4737b23a59e2071da7754f4ff2,bounded-wait-transform-timeout-r01,2026-09-11T13:14:00.599107055Z,81000.641,transform-timeout,false,4,3,7,0,16300096,1623,124,53,0,8,56,0,12
retained-e8c21674a86f5d4737b23a59e2071da7754f4ff2,bounded-wait-transform-timeout-r01,2026-09-11T13:14:01.598869327Z,82000.403,transform-timeout,false,4,3,7,0,16300096,1643,125,53,0,8,57,0,12
retained-e8c21674a86f5d4737b23a59e2071da7754f4ff2,bounded-wait-transform-timeout-r01,2026-09-11T13:14:02.598570318Z,83000.104,transform-timeout,false,4,3,7,0,16300096,1663,127,53,0,8,59,0,12
retained-e8c21674a86f5d4737b23a59e2071da7754f4ff2,bounded-wait-transform-timeout-r01,2026-09-11T13:14:03.599189407Z,84000.723,transform-timeout,false,4,3,7,0,16300096,1683,128,53,0,8,60,0,12
retained-e8c21674a86f5d4737b23a59e2071da7754f4ff2,bounded-wait-transform-timeout-r01,2026-09-11T13:14:04.59893704Z,85000.471,transform-timeout,false,4,2,6,0,16300096,1703,130,53,0,8,63,0,12
retained-e8c21674a86f5d4737b23a59e2071da7754f4ff2,bounded-wait-transform-timeout-r01,2026-09-11T13:14:05.599501874Z,86001.036,transform-timeout,false,4,3,7,0,16300096,1723,131,53,0,8,63,0,12
retained-e8c21674a86f5d4737b23a59e2071da7754f4ff2,bounded-wait-transform-timeout-r01,2026-09-11T13:14:06.598918597Z,87000.452,transform-timeout,false,4,3,7,0,16300096,1743,133,53,0,8,65,0,12
retained-e8c21674a86f5d4737b23a59e2071da7754f4ff2,bounded-wait-transform-timeout-r01,2026-09-11T13:14:07.599021432Z,88000.555,transform-timeout,false,4,3,7,0,16300096,1763,134,53,0,8,66,0,12
retained-e8c21674a86f5d4737b23a59e2071da7754f4ff2,bounded-wait-transform-timeout-r01,2026-09-11T13:14:08.598739067Z,89000.273,transform-timeout,false,4,2,6,0,16300096,1783,136,53,0,9,68,0,13
retained-e8c21674a86f5d4737b23a59e2071da7754f4ff2,bounded-wait-transform-timeout-r01,2026-09-11T13:14:09.599253158Z,90000.787,transform-timeout,false,4,2,6,0,16300096,1803,137,53,0,10,68,0,14
retained-e8c21674a86f5d4737b23a59e2071da7754f4ff2,bounded-wait-transform-timeout-r01,2026-09-11T13:14:10.599447943Z,91000.982,none,false,3,0,3,0,12225072,1823,139,56,0,11,69,0,14
retained-e8c21674a86f5d4737b23a59e2071da7754f4ff2,bounded-wait-transform-timeout-r01,2026-09-11T13:14:11.5994829Z,92001.017,none,false,2,0,2,0,8150048,1843,140,57,0,12,69,0,14
retained-e8c21674a86f5d4737b23a59e2071da7754f4ff2,bounded-wait-transform-timeout-r01,2026-09-11T13:14:12.599470865Z,93001.005,none,false,2,0,2,0,8150048,1863,142,59,0,12,69,0,14
retained-e8c21674a86f5d4737b23a59e2071da7754f4ff2,bounded-wait-transform-timeout-r01,2026-09-11T13:14:13.599167739Z,94000.702,none,false,2,0,2,0,8150048,1883,143,60,0,12,69,0,14
retained-e8c21674a86f5d4737b23a59e2071da7754f4ff2,bounded-wait-transform-timeout-r01,2026-09-11T13:14:14.599347153Z,95000.881,none,false,2,0,2,0,8150048,1903,145,62,0,12,69,0,14
retained-e8c21674a86f5d4737b23a59e2071da7754f4ff2,bounded-wait-transform-timeout-r01,2026-09-11T13:14:15.599267929Z,96000.802,none,false,2,0,2,0,8150048,1923,146,63,0,12,69,0,14
retained-e8c21674a86f5d4737b23a59e2071da7754f4ff2,bounded-wait-transform-timeout-r01,2026-09-11T13:14:16.599297012Z,97000.831,none,false,2,0,2,0,8150048,1943,148,65,0,12,69,0,14
retained-e8c21674a86f5d4737b23a59e2071da7754f4ff2,bounded-wait-transform-timeout-r01,2026-09-11T13:14:17.599724162Z,98001.258,none,false,2,0,2,0,8150048,1963,149,66,0,12,69,0,14
retained-e8c21674a86f5d4737b23a59e2071da7754f4ff2,bounded-wait-transform-timeout-r01,2026-09-11T13:14:18.599075765Z,99000.610,none,false,2,0,2,0,8150048,1983,151,68,0,12,69,0,14
retained-e8c21674a86f5d4737b23a59e2071da7754f4ff2,bounded-wait-transform-timeout-r01,2026-09-11T13:14:19.598776053Z,100000.310,none,false,2,0,2,0,8150048,2003,152,69,0,12,69,0,14
retained-e8c21674a86f5d4737b23a59e2071da7754f4ff2,bounded-wait-transform-timeout-r01,2026-09-11T13:14:20.598853512Z,101000.387,none,false,2,0,2,0,8150048,2023,154,71,0,12,69,0,14
retained-e8c21674a86f5d4737b23a59e2071da7754f4ff2,bounded-wait-transform-timeout-r01,2026-09-11T13:14:21.598888698Z,102000.423,none,false,2,0,2,0,8150048,2043,155,72,0,12,69,0,14
retained-e8c21674a86f5d4737b23a59e2071da7754f4ff2,bounded-wait-transform-timeout-r01,2026-09-11T13:14:25.914349832Z,103000.344,none,false,2,0,2,0,8150048,2063,157,74,0,12,69,0,14
retained-e8c21674a86f5d4737b23a59e2071da7754f4ff2,bounded-wait-transform-timeout-r01,2026-09-11T13:14:26.914540408Z,104000.534,none,false,2,0,2,0,8150048,2083,158,75,0,12,69,0,14
retained-e8c21674a86f5d4737b23a59e2071da7754f4ff2,bounded-wait-transform-timeout-r01,2026-09-11T13:14:27.914379311Z,105000.373,none,false,2,0,2,0,8150048,2103,160,77,0,12,69,0,14
retained-e8c21674a86f5d4737b23a59e2071da7754f4ff2,bounded-wait-transform-timeout-r01,2026-09-11T13:14:28.915069686Z,106001.064,none,false,2,0,2,0,8150048,2123,161,78,0,12,69,0,14
retained-e8c21674a86f5d4737b23a59e2071da7754f4ff2,bounded-wait-transform-timeout-r01,2026-09-11T13:14:29.914578301Z,107000.572,none,false,2,0,2,0,8150048,2143,163,80,0,12,69,0,14
retained-e8c21674a86f5d4737b23a59e2071da7754f4ff2,bounded-wait-transform-timeout-r01,2026-09-11T13:14:30.914596598Z,108000.591,none,false,1,0,1,0,4075024,2163,164,81,0,13,69,0,14
retained-e8c21674a86f5d4737b23a59e2071da7754f4ff2,bounded-wait-transform-timeout-r01,2026-09-11T13:14:31.914577823Z,109000.572,none,false,0,0,0,0,0,2183,166,83,0,14,69,0,14
retained-e8c21674a86f5d4737b23a59e2071da7754f4ff2,bounded-wait-transform-timeout-r01,2026-09-11T13:14:32.914460165Z,110000.454,none,false,0,0,0,0,0,2203,167,84,0,14,69,0,14
retained-e8c21674a86f5d4737b23a59e2071da7754f4ff2,bounded-wait-transform-timeout-r01,2026-09-11T13:14:33.915053092Z,111001.047,none,false,0,0,0,0,0,2223,169,86,0,14,69,0,14
retained-e8c21674a86f5d4737b23a59e2071da7754f4ff2,bounded-wait-transform-timeout-r01,2026-09-11T13:14:34.914566469Z,112000.560,none,false,0,0,0,0,0,2243,170,87,0,14,69,0,14
retained-e8c21674a86f5d4737b23a59e2071da7754f4ff2,bounded-wait-transform-timeout-r01,2026-09-11T13:14:35.915124552Z,113001.119,none,false,0,0,0,0,0,2263,172,89,0,14,69,0,14
retained-e8c21674a86f5d4737b23a59e2071da7754f4ff2,bounded-wait-transform-timeout-r01,2026-09-11T13:14:36.914425402Z,114000.419,none,false,0,0,0,0,0,2283,173,90,0,14,69,0,14
retained-e8c21674a86f5d4737b23a59e2071da7754f4ff2,bounded-wait-transform-timeout-r01,2026-09-11T13:14:37.914661754Z,115000.656,none,false,0,0,0,0,0,2303,175,92,0,14,69,0,14
retained-e8c21674a86f5d4737b23a59e2071da7754f4ff2,bounded-wait-transform-timeout-r01,2026-09-11T13:14:38.914914212Z,116000.908,none,false,0,0,0,0,0,2323,176,93,0,14,69,0,14
retained-e8c21674a86f5d4737b23a59e2071da7754f4ff2,bounded-wait-transform-timeout-r01,2026-09-11T13:14:39.914460559Z,117000.455,none,false,0,0,0,0,0,2343,178,95,0,14,69,0,14
retained-e8c21674a86f5d4737b23a59e2071da7754f4ff2,bounded-wait-transform-timeout-r01,2026-09-11T13:14:40.91410085Z,118000.095,none,false,0,0,0,0,0,2363,179,96,0,14,69,0,14
retained-e8c21674a86f5d4737b23a59e2071da7754f4ff2,bounded-wait-transform-timeout-r01,2026-09-11T13:14:41.914947702Z,119000.942,none,false,0,0,0,0,0,2383,181,98,0,14,69,0,14
retained-e8c21674a86f5d4737b23a59e2071da7754f4ff2,bounded-wait-transform-timeout-r01,2026-09-11T13:14:42.914356613Z,120000.351,none,false,0,0,0,0,0,2403,182,99,0,14,69,0,14
retained-e8c21674a86f5d4737b23a59e2071da7754f4ff2,bounded-wait-transform-timeout-r01,2026-09-11T13:14:43.91443245Z,121000.426,none,false,0,0,0,0,0,2423,184,101,0,14,69,0,14
retained-e8c21674a86f5d4737b23a59e2071da7754f4ff2,bounded-wait-transform-timeout-r01,2026-09-11T13:14:44.914609324Z,122000.603,none,false,0,0,0,0,0,2443,185,102,0,14,69,0,14
retained-e8c21674a86f5d4737b23a59e2071da7754f4ff2,bounded-wait-transform-timeout-r01,2026-09-11T13:14:45.915013072Z,123001.007,none,false,0,0,0,0,0,2463,187,104,0,14,69,0,14
retained-e8c21674a86f5d4737b23a59e2071da7754f4ff2,bounded-wait-transform-timeout-r01,2026-09-11T13:14:46.914554224Z,124000.548,none,false,0,0,0,0,0,2483,188,105,0,14,69,0,14
retained-e8c21674a86f5d4737b23a59e2071da7754f4ff2,bounded-wait-transform-timeout-r01,2026-09-11T13:14:47.914363762Z,125000.358,none,false,0,0,0,0,0,2503,190,107,0,14,69,0,14
retained-e8c21674a86f5d4737b23a59e2071da7754f4ff2,bounded-wait-transform-timeout-r01,2026-09-11T13:14:48.915170798Z,126001.165,none,false,0,0,0,0,0,2523,191,108,0,14,69,0,14
retained-e8c21674a86f5d4737b23a59e2071da7754f4ff2,bounded-wait-transform-timeout-r01,2026-09-11T13:14:49.914876768Z,127000.871,none,false,0,0,0,0,0,2543,193,110,0,14,69,0,14
retained-e8c21674a86f5d4737b23a59e2071da7754f4ff2,bounded-wait-transform-timeout-r01,2026-09-11T13:14:50.914463055Z,128000.457,none,false,0,0,0,0,0,2563,194,111,0,14,69,0,14
retained-e8c21674a86f5d4737b23a59e2071da7754f4ff2,bounded-wait-transform-timeout-r01,2026-09-11T13:14:51.914373576Z,129000.368,none,false,0,0,0,0,0,2583,196,113,0,14,69,0,14
retained-e8c21674a86f5d4737b23a59e2071da7754f4ff2,bounded-wait-transform-timeout-r01,2026-09-11T13:14:52.914190436Z,130000.184,none,false,0,0,0,0,0,2603,197,114,0,14,69,0,14
retained-e8c21674a86f5d4737b23a59e2071da7754f4ff2,bounded-wait-transform-timeout-r01,2026-09-11T13:14:53.914313617Z,131000.308,none,false,0,0,0,0,0,2623,199,116,0,14,69,0,14
retained-e8c21674a86f5d4737b23a59e2071da7754f4ff2,bounded-wait-transform-timeout-r01,2026-09-11T13:14:54.915059696Z,132001.054,none,false,0,0,0,0,0,2643,200,117,0,14,69,0,14
retained-e8c21674a86f5d4737b23a59e2071da7754f4ff2,bounded-wait-transform-timeout-r01,2026-09-11T13:14:59.263100665Z,133001.046,none,false,0,0,0,0,0,2663,202,119,0,14,69,0,14
retained-e8c21674a86f5d4737b23a59e2071da7754f4ff2,bounded-wait-transform-timeout-r01,2026-09-11T13:15:00.262785703Z,134000.731,none,false,0,0,0,0,0,2683,203,120,0,14,69,0,14
retained-e8c21674a86f5d4737b23a59e2071da7754f4ff2,bounded-wait-transform-timeout-r01,2026-09-11T13:15:01.262732917Z,135000.678,none,false,0,0,0,0,0,2703,205,122,0,14,69,0,14
retained-e8c21674a86f5d4737b23a59e2071da7754f4ff2,bounded-wait-transform-timeout-r01,2026-09-11T13:15:02.262812106Z,136000.757,none,false,0,0,0,0,0,2723,206,123,0,14,69,0,14
retained-e8c21674a86f5d4737b23a59e2071da7754f4ff2,bounded-wait-transform-timeout-r01,2026-09-11T13:15:03.262268188Z,137000.214,none,false,0,0,0,0,0,2743,208,125,0,14,69,0,14
retained-e8c21674a86f5d4737b23a59e2071da7754f4ff2,bounded-wait-transform-timeout-r01,2026-09-11T13:15:04.263246427Z,138001.192,none,false,0,0,0,0,0,2763,209,126,0,14,69,0,14
retained-e8c21674a86f5d4737b23a59e2071da7754f4ff2,bounded-wait-transform-timeout-r01,2026-09-11T13:15:05.262246149Z,139000.192,none,false,0,0,0,0,0,2783,211,128,0,14,69,0,14
retained-e8c21674a86f5d4737b23a59e2071da7754f4ff2,bounded-wait-transform-timeout-r01,2026-09-11T13:15:06.26244834Z,140000.394,none,false,0,0,0,0,0,2803,212,129,0,14,69,0,14
retained-e8c21674a86f5d4737b23a59e2071da7754f4ff2,bounded-wait-transform-timeout-r01,2026-09-11T13:15:07.262876059Z,141000.821,none,false,0,0,0,0,0,2823,214,131,0,14,69,0,14
retained-e8c21674a86f5d4737b23a59e2071da7754f4ff2,bounded-wait-transform-timeout-r01,2026-09-11T13:15:08.263192005Z,142001.137,none,false,0,0,0,0,0,2843,215,132,0,14,69,0,14
retained-e8c21674a86f5d4737b23a59e2071da7754f4ff2,bounded-wait-transform-timeout-r01,2026-09-11T13:15:09.262699373Z,143000.645,none,false,0,0,0,0,0,2863,217,134,0,14,69,0,14
retained-e8c21674a86f5d4737b23a59e2071da7754f4ff2,bounded-wait-transform-timeout-r01,2026-09-11T13:15:10.262829507Z,144000.775,none,false,0,0,0,0,0,2883,218,135,0,14,69,0,14
retained-e8c21674a86f5d4737b23a59e2071da7754f4ff2,bounded-wait-transform-timeout-r01,2026-09-11T13:15:11.262667512Z,145000.613,none,false,0,0,0,0,0,2903,220,137,0,14,69,0,14
retained-e8c21674a86f5d4737b23a59e2071da7754f4ff2,bounded-wait-transform-timeout-r01,2026-09-11T13:15:12.262544623Z,146000.490,none,false,0,0,0,0,0,2923,221,138,0,14,69,0,14
retained-e8c21674a86f5d4737b23a59e2071da7754f4ff2,bounded-wait-transform-timeout-r01,2026-09-11T13:15:13.262235045Z,147000.180,none,false,0,0,0,0,0,2943,223,140,0,14,69,0,14
retained-e8c21674a86f5d4737b23a59e2071da7754f4ff2,bounded-wait-transform-timeout-r01,2026-09-11T13:15:14.262485541Z,148000.431,none,false,0,0,0,0,0,2963,224,141,0,14,69,0,14
retained-e8c21674a86f5d4737b23a59e2071da7754f4ff2,bounded-wait-transform-timeout-r01,2026-09-11T13:15:15.262518366Z,149000.464,none,false,0,0,0,0,0,2983,226,143,0,14,69,0,14
retained-e8c21674a86f5d4737b23a59e2071da7754f4ff2,bounded-wait-transform-timeout-r01,2026-09-11T13:15:16.262600792Z,150000.546,none,false,0,0,0,0,0,3003,227,144,0,14,69,0,14
retained-e8c21674a86f5d4737b23a59e2071da7754f4ff2,bounded-wait-transform-timeout-r01,2026-09-11T13:15:16.262615438Z,150000.561,none,false,0,0,0,0,0,3003,227,144,0,14,69,0,14
retained-e8c21674a86f5d4737b23a59e2071da7754f4ff2,kill-switch-transform-timeout-r01,2026-09-11T13:15:17.412679164Z,0.029,none,false,0,0,0,0,0,4,4,4,0,0,0,0,0
retained-e8c21674a86f5d4737b23a59e2071da7754f4ff2,kill-switch-transform-timeout-r01,2026-09-11T13:15:18.413484473Z,1000.834,none,false,0,0,0,0,0,23,4,4,0,0,0,0,0
retained-e8c21674a86f5d4737b23a59e2071da7754f4ff2,kill-switch-transform-timeout-r01,2026-09-11T13:15:19.413588985Z,2000.939,none,false,0,0,1,0,0,43,6,5,0,0,0,0,0
retained-e8c21674a86f5d4737b23a59e2071da7754f4ff2,kill-switch-transform-timeout-r01,2026-09-11T13:15:20.413375136Z,3000.725,none,false,0,0,0,0,0,63,7,7,0,0,0,0,0
retained-e8c21674a86f5d4737b23a59e2071da7754f4ff2,kill-switch-transform-timeout-r01,2026-09-11T13:15:21.413471525Z,4000.821,none,false,0,0,0,0,0,83,8,8,0,0,0,0,0
retained-e8c21674a86f5d4737b23a59e2071da7754f4ff2,kill-switch-transform-timeout-r01,2026-09-11T13:15:22.4133055Z,5000.655,none,false,0,0,0,0,0,103,10,10,0,0,0,0,0
retained-e8c21674a86f5d4737b23a59e2071da7754f4ff2,kill-switch-transform-timeout-r01,2026-09-11T13:15:23.41336766Z,6000.717,none,false,0,0,0,0,0,123,11,11,0,0,0,0,0
retained-e8c21674a86f5d4737b23a59e2071da7754f4ff2,kill-switch-transform-timeout-r01,2026-09-11T13:15:24.413614809Z,7000.965,none,false,0,0,0,0,0,143,13,13,0,0,0,0,0
retained-e8c21674a86f5d4737b23a59e2071da7754f4ff2,kill-switch-transform-timeout-r01,2026-09-11T13:15:25.413044219Z,8000.394,none,false,0,0,0,0,0,163,14,14,0,0,0,0,0
retained-e8c21674a86f5d4737b23a59e2071da7754f4ff2,kill-switch-transform-timeout-r01,2026-09-11T13:15:26.413635451Z,9000.985,none,false,0,0,0,0,0,183,16,16,0,0,0,0,0
retained-e8c21674a86f5d4737b23a59e2071da7754f4ff2,kill-switch-transform-timeout-r01,2026-09-11T13:15:27.413546462Z,10000.896,none,false,0,0,0,0,0,203,17,17,0,0,0,0,0
retained-e8c21674a86f5d4737b23a59e2071da7754f4ff2,kill-switch-transform-timeout-r01,2026-09-11T13:15:28.861900353Z,11000.183,none,false,0,0,0,0,0,223,19,19,0,0,0,0,0
retained-e8c21674a86f5d4737b23a59e2071da7754f4ff2,kill-switch-transform-timeout-r01,2026-09-11T13:15:32.746328487Z,12001.041,none,false,0,0,0,0,0,243,20,20,0,0,0,0,0
retained-e8c21674a86f5d4737b23a59e2071da7754f4ff2,kill-switch-transform-timeout-r01,2026-09-11T13:15:33.746351644Z,13001.064,none,false,0,0,0,0,0,263,22,22,0,0,0,0,0
retained-e8c21674a86f5d4737b23a59e2071da7754f4ff2,kill-switch-transform-timeout-r01,2026-09-11T13:15:34.746048386Z,14000.761,none,false,0,0,0,0,0,283,23,23,0,0,0,0,0
retained-e8c21674a86f5d4737b23a59e2071da7754f4ff2,kill-switch-transform-timeout-r01,2026-09-11T13:15:35.746203715Z,15000.916,none,false,0,0,0,0,0,303,25,25,0,0,0,0,0
retained-e8c21674a86f5d4737b23a59e2071da7754f4ff2,kill-switch-transform-timeout-r01,2026-09-11T13:15:36.745892583Z,16000.605,none,false,0,0,0,0,0,323,26,26,0,0,0,0,0
retained-e8c21674a86f5d4737b23a59e2071da7754f4ff2,kill-switch-transform-timeout-r01,2026-09-11T13:15:37.745864506Z,17000.577,none,false,0,0,0,0,0,344,28,28,0,0,0,0,0
retained-e8c21674a86f5d4737b23a59e2071da7754f4ff2,kill-switch-transform-timeout-r01,2026-09-11T13:15:38.74578582Z,18000.498,none,false,0,0,0,0,0,363,29,29,0,0,0,0,0
retained-e8c21674a86f5d4737b23a59e2071da7754f4ff2,kill-switch-transform-timeout-r01,2026-09-11T13:15:39.746040285Z,19000.752,none,false,0,0,0,0,0,383,31,31,0,0,0,0,0
retained-e8c21674a86f5d4737b23a59e2071da7754f4ff2,kill-switch-transform-timeout-r01,2026-09-11T13:15:40.746274758Z,20000.987,none,false,0,0,0,0,0,403,32,32,0,0,0,0,0
retained-e8c21674a86f5d4737b23a59e2071da7754f4ff2,kill-switch-transform-timeout-r01,2026-09-11T13:15:41.745724409Z,21000.437,none,false,0,0,0,0,0,423,34,34,0,0,0,0,0
retained-e8c21674a86f5d4737b23a59e2071da7754f4ff2,kill-switch-transform-timeout-r01,2026-09-11T13:15:42.745867295Z,22000.579,none,false,0,0,0,0,0,444,35,35,0,0,0,0,0
retained-e8c21674a86f5d4737b23a59e2071da7754f4ff2,kill-switch-transform-timeout-r01,2026-09-11T13:15:43.745783145Z,23000.495,none,false,0,0,0,0,0,463,37,37,0,0,0,0,0
retained-e8c21674a86f5d4737b23a59e2071da7754f4ff2,kill-switch-transform-timeout-r01,2026-09-11T13:15:44.746385492Z,24001.098,none,false,0,0,0,0,0,483,38,38,0,0,0,0,0
retained-e8c21674a86f5d4737b23a59e2071da7754f4ff2,kill-switch-transform-timeout-r01,2026-09-11T13:15:45.746426204Z,25001.138,none,false,0,0,0,0,0,504,40,40,0,0,0,0,0
retained-e8c21674a86f5d4737b23a59e2071da7754f4ff2,kill-switch-transform-timeout-r01,2026-09-11T13:15:46.745831209Z,26000.543,none,false,0,0,0,0,0,523,41,41,0,0,0,0,0
retained-e8c21674a86f5d4737b23a59e2071da7754f4ff2,kill-switch-transform-timeout-r01,2026-09-11T13:15:47.745878942Z,27000.591,none,false,0,0,0,0,0,543,43,43,0,0,0,0,0
retained-e8c21674a86f5d4737b23a59e2071da7754f4ff2,kill-switch-transform-timeout-r01,2026-09-11T13:15:48.745767999Z,28000.480,none,false,0,0,0,0,0,563,44,44,0,0,0,0,0
retained-e8c21674a86f5d4737b23a59e2071da7754f4ff2,kill-switch-transform-timeout-r01,2026-09-11T13:15:49.745798342Z,29000.510,none,false,0,0,0,0,0,583,46,46,0,0,0,0,0
retained-e8c21674a86f5d4737b23a59e2071da7754f4ff2,kill-switch-transform-timeout-r01,2026-09-11T13:15:50.746512622Z,30001.225,transform-timeout,false,0,0,0,0,0,603,47,47,0,0,0,0,0
retained-e8c21674a86f5d4737b23a59e2071da7754f4ff2,kill-switch-transform-timeout-r01,2026-09-11T13:15:51.745933312Z,31000.645,transform-timeout,false,1,0,1,0,4075024,623,49,48,0,0,0,0,1
retained-e8c21674a86f5d4737b23a59e2071da7754f4ff2,kill-switch-transform-timeout-r01,2026-09-11T13:15:52.746354145Z,32001.066,transform-timeout,false,2,0,2,0,8150048,643,50,48,0,0,0,0,2
retained-e8c21674a86f5d4737b23a59e2071da7754f4ff2,kill-switch-transform-timeout-r01,2026-09-11T13:15:53.745493423Z,33000.206,transform-timeout,false,3,0,3,0,12225072,663,52,49,0,0,0,0,3
retained-e8c21674a86f5d4737b23a59e2071da7754f4ff2,kill-switch-transform-timeout-r01,2026-09-11T13:15:54.746184267Z,34000.896,transform-timeout,false,4,0,4,0,16300096,683,53,49,0,0,0,0,4
retained-e8c21674a86f5d4737b23a59e2071da7754f4ff2,kill-switch-transform-timeout-r01,2026-09-11T13:15:55.746222698Z,35000.935,transform-timeout,false,4,2,6,0,24450144,703,55,49,0,0,0,0,4
retained-e8c21674a86f5d4737b23a59e2071da7754f4ff2,kill-switch-transform-timeout-r01,2026-09-11T13:15:56.746062926Z,36000.775,transform-timeout,false,4,3,7,0,28525168,723,56,49,0,0,0,0,4
retained-e8c21674a86f5d4737b23a59e2071da7754f4ff2,kill-switch-transform-timeout-r01,2026-09-11T13:15:57.746039396Z,37000.752,transform-timeout,false,4,5,9,0,36675216,743,58,49,0,0,0,0,4
retained-e8c21674a86f5d4737b23a59e2071da7754f4ff2,kill-switch-transform-timeout-r01,2026-09-11T13:15:58.746218352Z,38000.930,transform-timeout,false,4,6,10,0,40750240,763,59,49,0,0,0,0,4
retained-e8c21674a86f5d4737b23a59e2071da7754f4ff2,kill-switch-transform-timeout-r01,2026-09-11T13:15:59.746157212Z,39000.869,transform-timeout,false,4,8,12,0,48900288,783,61,49,0,0,0,0,4
retained-e8c21674a86f5d4737b23a59e2071da7754f4ff2,kill-switch-transform-timeout-r01,2026-09-11T13:16:00.746237752Z,40000.950,transform-timeout,false,4,9,13,0,52975312,803,62,49,0,0,0,0,4
retained-e8c21674a86f5d4737b23a59e2071da7754f4ff2,kill-switch-transform-timeout-r01,2026-09-11T13:16:02.196276355Z,41000.804,transform-timeout,false,4,11,15,0,61125360,823,64,49,0,0,0,0,4
retained-e8c21674a86f5d4737b23a59e2071da7754f4ff2,kill-switch-transform-timeout-r01,2026-09-11T13:16:06.070181956Z,42000.861,transform-timeout,false,4,12,16,0,65200384,843,65,49,0,0,0,0,4
retained-e8c21674a86f5d4737b23a59e2071da7754f4ff2,kill-switch-transform-timeout-r01,2026-09-11T13:16:07.069740214Z,43000.420,transform-timeout,false,4,14,18,0,73350432,863,67,49,0,0,0,0,4
retained-e8c21674a86f5d4737b23a59e2071da7754f4ff2,kill-switch-transform-timeout-r01,2026-09-11T13:16:08.07032213Z,44001.002,transform-timeout,false,4,15,19,0,77425456,883,68,49,0,0,0,0,4
retained-e8c21674a86f5d4737b23a59e2071da7754f4ff2,kill-switch-transform-timeout-r01,2026-09-11T13:16:09.070451363Z,45001.131,transform-timeout,false,4,17,21,0,85575504,903,70,49,0,0,0,0,4
retained-e8c21674a86f5d4737b23a59e2071da7754f4ff2,kill-switch-transform-timeout-r01,2026-09-11T13:16:10.070225223Z,46000.905,transform-timeout,false,4,18,22,0,89650528,923,71,49,0,0,0,0,4
retained-e8c21674a86f5d4737b23a59e2071da7754f4ff2,kill-switch-transform-timeout-r01,2026-09-11T13:16:11.070417314Z,47001.097,transform-timeout,false,4,20,24,0,97800576,943,73,49,0,0,0,0,4
retained-e8c21674a86f5d4737b23a59e2071da7754f4ff2,kill-switch-transform-timeout-r01,2026-09-11T13:16:12.070225845Z,48000.905,transform-timeout,false,4,21,25,0,101875600,963,74,49,0,0,0,0,4
retained-e8c21674a86f5d4737b23a59e2071da7754f4ff2,kill-switch-transform-timeout-r01,2026-09-11T13:16:13.069845683Z,49000.525,transform-timeout,false,4,23,27,0,110025648,983,76,49,0,0,0,0,4
retained-e8c21674a86f5d4737b23a59e2071da7754f4ff2,kill-switch-transform-timeout-r01,2026-09-11T13:16:14.069776785Z,50000.456,transform-timeout,true,4,24,28,0,114100672,1003,77,49,0,0,0,0,4
retained-e8c21674a86f5d4737b23a59e2071da7754f4ff2,kill-switch-transform-timeout-r01,2026-09-11T13:16:15.07023844Z,51000.918,transform-timeout,true,4,23,27,0,110025648,1023,79,49,0,1,0,2,5
retained-e8c21674a86f5d4737b23a59e2071da7754f4ff2,kill-switch-transform-timeout-r01,2026-09-11T13:16:16.070624281Z,52001.304,transform-timeout,true,3,21,24,0,97800576,1043,81,50,0,3,0,4,6
retained-e8c21674a86f5d4737b23a59e2071da7754f4ff2,kill-switch-transform-timeout-r01,2026-09-11T13:16:17.070056884Z,53000.736,transform-timeout,true,3,19,22,0,89650528,1063,82,51,0,4,0,5,7
retained-e8c21674a86f5d4737b23a59e2071da7754f4ff2,kill-switch-transform-timeout-r01,2026-09-11T13:16:18.070525465Z,54001.205,transform-timeout,true,4,18,22,0,89650528,1083,83,51,0,4,0,6,8
retained-e8c21674a86f5d4737b23a59e2071da7754f4ff2,kill-switch-transform-timeout-r01,2026-09-11T13:16:19.069722725Z,55000.402,transform-timeout,true,4,16,20,0,81500480,1103,85,52,0,5,0,8,9
retained-e8c21674a86f5d4737b23a59e2071da7754f4ff2,kill-switch-transform-timeout-r01,2026-09-11T13:16:20.070048681Z,56000.728,transform-timeout,true,4,15,19,0,77425456,1123,86,52,0,6,0,9,10
retained-e8c21674a86f5d4737b23a59e2071da7754f4ff2,kill-switch-transform-timeout-r01,2026-09-11T13:16:21.07012489Z,57000.804,transform-timeout,true,4,13,17,0,69275408,1143,88,53,0,7,0,11,11
retained-e8c21674a86f5d4737b23a59e2071da7754f4ff2,kill-switch-transform-timeout-r01,2026-09-11T13:16:22.070384571Z,58001.064,transform-timeout,true,4,12,16,0,65200384,1163,89,53,0,8,0,12,12
retained-e8c21674a86f5d4737b23a59e2071da7754f4ff2,kill-switch-transform-timeout-r01,2026-09-11T13:16:23.069779097Z,59000.459,transform-timeout,true,4,10,14,0,57050336,1183,91,54,0,9,0,14,13
retained-e8c21674a86f5d4737b23a59e2071da7754f4ff2,kill-switch-transform-timeout-r01,2026-09-11T13:16:24.070070926Z,60000.750,transform-timeout,true,4,9,13,0,52975312,1203,92,54,0,10,0,15,14
retained-e8c21674a86f5d4737b23a59e2071da7754f4ff2,kill-switch-transform-timeout-r01,2026-09-11T13:16:25.070373188Z,61001.053,transform-timeout,true,4,7,11,0,44825264,1223,94,54,0,12,0,17,15
retained-e8c21674a86f5d4737b23a59e2071da7754f4ff2,kill-switch-transform-timeout-r01,2026-09-11T13:16:26.070027098Z,62000.707,transform-timeout,true,4,6,10,0,40750240,1243,95,55,0,12,0,18,16
retained-e8c21674a86f5d4737b23a59e2071da7754f4ff2,kill-switch-transform-timeout-r01,2026-09-11T13:16:27.070289298Z,63000.969,transform-timeout,true,3,5,8,0,32600192,1263,97,55,0,14,0,20,17
retained-e8c21674a86f5d4737b23a59e2071da7754f4ff2,kill-switch-transform-timeout-r01,2026-09-11T13:16:28.070488107Z,64001.168,transform-timeout,true,4,3,7,0,28525168,1283,98,56,0,14,0,21,18
retained-e8c21674a86f5d4737b23a59e2071da7754f4ff2,kill-switch-transform-timeout-r01,2026-09-11T13:16:29.070156181Z,65000.836,transform-timeout,true,4,2,6,0,24450144,1303,100,56,0,15,0,23,19
retained-e8c21674a86f5d4737b23a59e2071da7754f4ff2,kill-switch-transform-timeout-r01,2026-09-11T13:16:30.070288556Z,66000.968,transform-timeout,true,4,0,4,0,16300096,1323,101,57,0,16,0,24,20
retained-e8c21674a86f5d4737b23a59e2071da7754f4ff2,kill-switch-transform-timeout-r01,2026-09-11T13:16:31.07034012Z,67001.020,transform-timeout,true,3,0,3,0,12225072,1343,103,57,0,17,0,26,20
retained-e8c21674a86f5d4737b23a59e2071da7754f4ff2,kill-switch-transform-timeout-r01,2026-09-11T13:16:32.070074235Z,68000.754,transform-timeout,true,2,0,2,0,8150048,1363,104,57,0,18,0,27,20
retained-e8c21674a86f5d4737b23a59e2071da7754f4ff2,kill-switch-transform-timeout-r01,2026-09-11T13:16:33.07023577Z,69000.915,transform-timeout,true,0,0,0,0,0,1383,106,57,0,20,0,29,20
retained-e8c21674a86f5d4737b23a59e2071da7754f4ff2,kill-switch-transform-timeout-r01,2026-09-11T13:16:34.069864335Z,70000.544,transform-timeout,true,0,0,0,0,0,1403,107,57,0,20,0,30,20
retained-e8c21674a86f5d4737b23a59e2071da7754f4ff2,kill-switch-transform-timeout-r01,2026-09-11T13:16:35.529031984Z,71000.055,transform-timeout,true,0,0,0,0,0,1423,109,57,0,20,0,32,20
retained-e8c21674a86f5d4737b23a59e2071da7754f4ff2,kill-switch-transform-timeout-r01,2026-09-11T13:16:39.405441815Z,72000.963,transform-timeout,true,0,0,0,0,0,1443,110,57,0,20,0,33,20
retained-e8c21674a86f5d4737b23a59e2071da7754f4ff2,kill-switch-transform-timeout-r01,2026-09-11T13:16:40.404764628Z,73000.286,transform-timeout,true,0,0,0,0,0,1463,112,57,0,20,0,35,20
retained-e8c21674a86f5d4737b23a59e2071da7754f4ff2,kill-switch-transform-timeout-r01,2026-09-11T13:16:41.404824278Z,74000.346,transform-timeout,true,0,0,0,0,0,1483,113,57,0,20,0,36,20
retained-e8c21674a86f5d4737b23a59e2071da7754f4ff2,kill-switch-transform-timeout-r01,2026-09-11T13:16:42.405219797Z,75000.741,transform-timeout,true,0,0,0,0,0,1503,115,57,0,20,0,38,20
retained-e8c21674a86f5d4737b23a59e2071da7754f4ff2,kill-switch-transform-timeout-r01,2026-09-11T13:16:43.404759045Z,76000.281,transform-timeout,true,0,0,0,0,0,1523,116,57,0,20,0,39,20
retained-e8c21674a86f5d4737b23a59e2071da7754f4ff2,kill-switch-transform-timeout-r01,2026-09-11T13:16:44.404983Z,77000.505,transform-timeout,true,0,0,0,0,0,1543,118,57,0,20,0,41,20
retained-e8c21674a86f5d4737b23a59e2071da7754f4ff2,kill-switch-transform-timeout-r01,2026-09-11T13:16:45.405111399Z,78000.633,transform-timeout,true,0,0,0,0,0,1563,119,57,0,20,0,42,20
retained-e8c21674a86f5d4737b23a59e2071da7754f4ff2,kill-switch-transform-timeout-r01,2026-09-11T13:16:46.404712328Z,79000.234,transform-timeout,true,0,0,0,0,0,1583,121,57,0,20,0,44,20
retained-e8c21674a86f5d4737b23a59e2071da7754f4ff2,kill-switch-transform-timeout-r01,2026-09-11T13:16:47.405020617Z,80000.542,transform-timeout,true,0,0,0,0,0,1603,122,57,0,20,0,45,20
retained-e8c21674a86f5d4737b23a59e2071da7754f4ff2,kill-switch-transform-timeout-r01,2026-09-11T13:16:48.404904082Z,81000.426,transform-timeout,true,0,0,0,0,0,1623,124,57,0,20,0,47,20
retained-e8c21674a86f5d4737b23a59e2071da7754f4ff2,kill-switch-transform-timeout-r01,2026-09-11T13:16:49.405210064Z,82000.732,transform-timeout,true,0,0,0,0,0,1643,125,57,0,20,0,48,20
retained-e8c21674a86f5d4737b23a59e2071da7754f4ff2,kill-switch-transform-timeout-r01,2026-09-11T13:16:50.404942476Z,83000.464,transform-timeout,true,0,0,0,0,0,1663,127,57,0,20,0,50,20
retained-e8c21674a86f5d4737b23a59e2071da7754f4ff2,kill-switch-transform-timeout-r01,2026-09-11T13:16:51.405210412Z,84000.732,transform-timeout,true,0,0,0,0,0,1683,128,57,0,20,0,51,20
retained-e8c21674a86f5d4737b23a59e2071da7754f4ff2,kill-switch-transform-timeout-r01,2026-09-11T13:16:52.405459526Z,85000.981,transform-timeout,true,0,0,0,0,0,1703,130,57,0,20,0,53,20
retained-e8c21674a86f5d4737b23a59e2071da7754f4ff2,kill-switch-transform-timeout-r01,2026-09-11T13:16:53.404963136Z,86000.485,transform-timeout,true,0,0,0,0,0,1723,131,57,0,20,0,54,20
retained-e8c21674a86f5d4737b23a59e2071da7754f4ff2,kill-switch-transform-timeout-r01,2026-09-11T13:16:54.405409009Z,87000.931,transform-timeout,true,0,0,0,0,0,1743,133,57,0,20,0,56,20
retained-e8c21674a86f5d4737b23a59e2071da7754f4ff2,kill-switch-transform-timeout-r01,2026-09-11T13:16:55.405210167Z,88000.732,transform-timeout,true,0,0,0,0,0,1763,134,57,0,20,0,57,20
retained-e8c21674a86f5d4737b23a59e2071da7754f4ff2,kill-switch-transform-timeout-r01,2026-09-11T13:16:56.405361186Z,89000.883,transform-timeout,true,0,0,0,0,0,1783,136,57,0,20,0,59,20
retained-e8c21674a86f5d4737b23a59e2071da7754f4ff2,kill-switch-transform-timeout-r01,2026-09-11T13:16:57.405217873Z,90000.739,transform-timeout,true,0,0,0,0,0,1803,137,57,0,20,0,60,20
retained-e8c21674a86f5d4737b23a59e2071da7754f4ff2,kill-switch-transform-timeout-r01,2026-09-11T13:16:58.404964711Z,91000.486,none,true,0,0,0,0,0,1823,139,57,0,20,0,62,20
retained-e8c21674a86f5d4737b23a59e2071da7754f4ff2,kill-switch-transform-timeout-r01,2026-09-11T13:16:59.404942456Z,92000.464,none,true,0,0,0,0,0,1843,140,57,0,20,0,63,20
retained-e8c21674a86f5d4737b23a59e2071da7754f4ff2,kill-switch-transform-timeout-r01,2026-09-11T13:17:00.405372644Z,93000.894,none,true,0,0,0,0,0,1863,142,57,0,20,0,65,20
retained-e8c21674a86f5d4737b23a59e2071da7754f4ff2,kill-switch-transform-timeout-r01,2026-09-11T13:17:01.404825493Z,94000.347,none,true,0,0,0,0,0,1883,143,57,0,20,0,66,20
retained-e8c21674a86f5d4737b23a59e2071da7754f4ff2,kill-switch-transform-timeout-r01,2026-09-11T13:17:02.40475962Z,95000.281,none,true,0,0,0,0,0,1903,145,57,0,20,0,68,20
retained-e8c21674a86f5d4737b23a59e2071da7754f4ff2,kill-switch-transform-timeout-r01,2026-09-11T13:17:03.405607312Z,96001.129,none,true,0,0,0,0,0,1923,146,57,0,20,0,69,20
retained-e8c21674a86f5d4737b23a59e2071da7754f4ff2,kill-switch-transform-timeout-r01,2026-09-11T13:17:04.405178803Z,97000.700,none,true,0,0,0,0,0,1943,148,57,0,20,0,71,20
retained-e8c21674a86f5d4737b23a59e2071da7754f4ff2,kill-switch-transform-timeout-r01,2026-09-11T13:17:05.40468088Z,98000.202,none,true,0,0,0,0,0,1963,149,57,0,20,0,72,20
retained-e8c21674a86f5d4737b23a59e2071da7754f4ff2,kill-switch-transform-timeout-r01,2026-09-11T13:17:06.405395181Z,99000.917,none,true,0,0,0,0,0,1983,151,57,0,20,0,74,20
retained-e8c21674a86f5d4737b23a59e2071da7754f4ff2,kill-switch-transform-timeout-r01,2026-09-11T13:17:07.405565738Z,100001.087,none,true,0,0,0,0,0,2003,152,57,0,20,0,75,20
retained-e8c21674a86f5d4737b23a59e2071da7754f4ff2,kill-switch-transform-timeout-r01,2026-09-11T13:17:08.862939344Z,101000.254,none,false,0,0,0,0,0,2023,154,59,0,20,0,75,20
retained-e8c21674a86f5d4737b23a59e2071da7754f4ff2,kill-switch-transform-timeout-r01,2026-09-11T13:17:12.740148182Z,102000.321,none,false,0,0,0,0,0,2043,155,60,0,20,0,75,20
retained-e8c21674a86f5d4737b23a59e2071da7754f4ff2,kill-switch-transform-timeout-r01,2026-09-11T13:17:13.740798166Z,103000.971,none,false,0,0,0,0,0,2063,157,62,0,20,0,75,20
retained-e8c21674a86f5d4737b23a59e2071da7754f4ff2,kill-switch-transform-timeout-r01,2026-09-11T13:17:14.740228441Z,104000.401,none,false,0,0,0,0,0,2083,158,63,0,20,0,75,20
retained-e8c21674a86f5d4737b23a59e2071da7754f4ff2,kill-switch-transform-timeout-r01,2026-09-11T13:17:15.740180136Z,105000.352,none,false,0,0,0,0,0,2103,160,65,0,20,0,75,20
retained-e8c21674a86f5d4737b23a59e2071da7754f4ff2,kill-switch-transform-timeout-r01,2026-09-11T13:17:16.74099498Z,106001.167,none,false,0,0,0,0,0,2123,161,66,0,20,0,75,20
retained-e8c21674a86f5d4737b23a59e2071da7754f4ff2,kill-switch-transform-timeout-r01,2026-09-11T13:17:17.740891547Z,107001.064,none,false,0,0,0,0,0,2143,163,68,0,20,0,75,20
retained-e8c21674a86f5d4737b23a59e2071da7754f4ff2,kill-switch-transform-timeout-r01,2026-09-11T13:17:18.740251423Z,108000.424,none,false,0,0,0,0,0,2163,164,69,0,20,0,75,20
retained-e8c21674a86f5d4737b23a59e2071da7754f4ff2,kill-switch-transform-timeout-r01,2026-09-11T13:17:19.740370517Z,109000.543,none,false,0,0,0,0,0,2183,166,71,0,20,0,75,20
retained-e8c21674a86f5d4737b23a59e2071da7754f4ff2,kill-switch-transform-timeout-r01,2026-09-11T13:17:20.7402005Z,110000.373,none,false,0,0,0,0,0,2203,167,72,0,20,0,75,20
retained-e8c21674a86f5d4737b23a59e2071da7754f4ff2,kill-switch-transform-timeout-r01,2026-09-11T13:17:21.740915828Z,111001.088,none,false,0,0,0,0,0,2223,169,74,0,20,0,75,20
retained-e8c21674a86f5d4737b23a59e2071da7754f4ff2,kill-switch-transform-timeout-r01,2026-09-11T13:17:22.74089248Z,112001.065,none,false,0,0,0,0,0,2243,170,75,0,20,0,75,20
retained-e8c21674a86f5d4737b23a59e2071da7754f4ff2,kill-switch-transform-timeout-r01,2026-09-11T13:17:23.740464915Z,113000.637,none,false,0,0,0,0,0,2263,172,77,0,20,0,75,20
retained-e8c21674a86f5d4737b23a59e2071da7754f4ff2,kill-switch-transform-timeout-r01,2026-09-11T13:17:24.740595899Z,114000.768,none,false,0,0,0,0,0,2283,173,78,0,20,0,75,20
retained-e8c21674a86f5d4737b23a59e2071da7754f4ff2,kill-switch-transform-timeout-r01,2026-09-11T13:17:25.740004781Z,115000.177,none,false,0,0,0,0,0,2303,175,80,0,20,0,75,20
retained-e8c21674a86f5d4737b23a59e2071da7754f4ff2,kill-switch-transform-timeout-r01,2026-09-11T13:17:26.740888398Z,116001.061,none,false,0,0,0,0,0,2323,176,81,0,20,0,75,20
retained-e8c21674a86f5d4737b23a59e2071da7754f4ff2,kill-switch-transform-timeout-r01,2026-09-11T13:17:27.740647418Z,117000.820,none,false,0,0,0,0,0,2343,178,83,0,20,0,75,20
retained-e8c21674a86f5d4737b23a59e2071da7754f4ff2,kill-switch-transform-timeout-r01,2026-09-11T13:17:28.739892292Z,118000.065,none,false,0,0,0,0,0,2363,179,84,0,20,0,75,20
retained-e8c21674a86f5d4737b23a59e2071da7754f4ff2,kill-switch-transform-timeout-r01,2026-09-11T13:17:29.740044919Z,119000.217,none,false,0,0,0,0,0,2383,181,86,0,20,0,75,20
retained-e8c21674a86f5d4737b23a59e2071da7754f4ff2,kill-switch-transform-timeout-r01,2026-09-11T13:17:30.740367133Z,120000.539,none,false,0,0,0,0,0,2403,182,87,0,20,0,75,20
retained-e8c21674a86f5d4737b23a59e2071da7754f4ff2,kill-switch-transform-timeout-r01,2026-09-11T13:17:31.740255942Z,121000.428,none,false,0,0,0,0,0,2423,184,89,0,20,0,75,20
retained-e8c21674a86f5d4737b23a59e2071da7754f4ff2,kill-switch-transform-timeout-r01,2026-09-11T13:17:32.740005065Z,122000.177,none,false,0,0,0,0,0,2443,185,90,0,20,0,75,20
retained-e8c21674a86f5d4737b23a59e2071da7754f4ff2,kill-switch-transform-timeout-r01,2026-09-11T13:17:33.740179201Z,123000.352,none,false,0,0,0,0,0,2463,187,92,0,20,0,75,20
retained-e8c21674a86f5d4737b23a59e2071da7754f4ff2,kill-switch-transform-timeout-r01,2026-09-11T13:17:34.740730414Z,124000.903,none,false,0,0,0,0,0,2483,188,93,0,20,0,75,20
retained-e8c21674a86f5d4737b23a59e2071da7754f4ff2,kill-switch-transform-timeout-r01,2026-09-11T13:17:35.739976718Z,125000.149,none,false,0,0,0,0,0,2503,190,95,0,20,0,75,20
retained-e8c21674a86f5d4737b23a59e2071da7754f4ff2,kill-switch-transform-timeout-r01,2026-09-11T13:17:36.740507197Z,126000.680,none,false,0,0,0,0,0,2523,191,96,0,20,0,75,20
retained-e8c21674a86f5d4737b23a59e2071da7754f4ff2,kill-switch-transform-timeout-r01,2026-09-11T13:17:37.740475608Z,127000.648,none,false,0,0,0,0,0,2543,193,98,0,20,0,75,20
retained-e8c21674a86f5d4737b23a59e2071da7754f4ff2,kill-switch-transform-timeout-r01,2026-09-11T13:17:38.739963897Z,128000.136,none,false,0,0,0,0,0,2563,194,99,0,20,0,75,20
retained-e8c21674a86f5d4737b23a59e2071da7754f4ff2,kill-switch-transform-timeout-r01,2026-09-11T13:17:39.740356157Z,129000.529,none,false,0,0,0,0,0,2583,196,101,0,20,0,75,20
retained-e8c21674a86f5d4737b23a59e2071da7754f4ff2,kill-switch-transform-timeout-r01,2026-09-11T13:17:40.739914948Z,130000.087,none,false,0,0,0,0,0,2603,197,102,0,20,0,75,20
retained-e8c21674a86f5d4737b23a59e2071da7754f4ff2,kill-switch-transform-timeout-r01,2026-09-11T13:17:42.197229382Z,131001.047,none,false,0,0,0,0,0,2623,199,104,0,20,0,75,20
retained-e8c21674a86f5d4737b23a59e2071da7754f4ff2,kill-switch-transform-timeout-r01,2026-09-11T13:17:46.07863123Z,132000.710,none,false,0,0,0,0,0,2643,200,105,0,20,0,75,20
retained-e8c21674a86f5d4737b23a59e2071da7754f4ff2,kill-switch-transform-timeout-r01,2026-09-11T13:17:47.07873198Z,133000.811,none,false,0,0,0,0,0,2663,202,107,0,20,0,75,20
retained-e8c21674a86f5d4737b23a59e2071da7754f4ff2,kill-switch-transform-timeout-r01,2026-09-11T13:17:48.0784873Z,134000.566,none,false,0,0,0,0,0,2683,203,108,0,20,0,75,20
retained-e8c21674a86f5d4737b23a59e2071da7754f4ff2,kill-switch-transform-timeout-r01,2026-09-11T13:17:49.078765837Z,135000.845,none,false,0,0,0,0,0,2703,205,110,0,20,0,75,20
retained-e8c21674a86f5d4737b23a59e2071da7754f4ff2,kill-switch-transform-timeout-r01,2026-09-11T13:17:50.078693015Z,136000.772,none,false,0,0,0,0,0,2723,206,111,0,20,0,75,20
retained-e8c21674a86f5d4737b23a59e2071da7754f4ff2,kill-switch-transform-timeout-r01,2026-09-11T13:17:51.078615243Z,137000.694,none,false,0,0,0,0,0,2743,208,113,0,20,0,75,20
retained-e8c21674a86f5d4737b23a59e2071da7754f4ff2,kill-switch-transform-timeout-r01,2026-09-11T13:17:52.078418652Z,138000.497,none,false,0,0,0,0,0,2763,209,114,0,20,0,75,20
retained-e8c21674a86f5d4737b23a59e2071da7754f4ff2,kill-switch-transform-timeout-r01,2026-09-11T13:17:53.078733269Z,139000.812,none,false,0,0,0,0,0,2783,211,116,0,20,0,75,20
retained-e8c21674a86f5d4737b23a59e2071da7754f4ff2,kill-switch-transform-timeout-r01,2026-09-11T13:17:54.078980093Z,140001.059,none,false,0,0,0,0,0,2803,212,117,0,20,0,75,20
retained-e8c21674a86f5d4737b23a59e2071da7754f4ff2,kill-switch-transform-timeout-r01,2026-09-11T13:17:55.078632002Z,141000.711,none,false,0,0,0,0,0,2823,214,119,0,20,0,75,20
retained-e8c21674a86f5d4737b23a59e2071da7754f4ff2,kill-switch-transform-timeout-r01,2026-09-11T13:17:56.078711059Z,142000.790,none,false,0,0,0,0,0,2843,215,120,0,20,0,75,20
retained-e8c21674a86f5d4737b23a59e2071da7754f4ff2,kill-switch-transform-timeout-r01,2026-09-11T13:17:57.078514159Z,143000.593,none,false,0,0,0,0,0,2863,217,122,0,20,0,75,20
retained-e8c21674a86f5d4737b23a59e2071da7754f4ff2,kill-switch-transform-timeout-r01,2026-09-11T13:17:58.07880427Z,144000.883,none,false,0,0,0,0,0,2883,218,123,0,20,0,75,20
retained-e8c21674a86f5d4737b23a59e2071da7754f4ff2,kill-switch-transform-timeout-r01,2026-09-11T13:17:59.078332618Z,145000.411,none,false,0,0,0,0,0,2903,220,125,0,20,0,75,20
retained-e8c21674a86f5d4737b23a59e2071da7754f4ff2,kill-switch-transform-timeout-r01,2026-09-11T13:18:00.078947017Z,146001.026,none,false,0,0,0,0,0,2923,221,126,0,20,0,75,20
retained-e8c21674a86f5d4737b23a59e2071da7754f4ff2,kill-switch-transform-timeout-r01,2026-09-11T13:18:01.078758463Z,147000.837,none,false,0,0,0,0,0,2943,223,128,0,20,0,75,20
retained-e8c21674a86f5d4737b23a59e2071da7754f4ff2,kill-switch-transform-timeout-r01,2026-09-11T13:18:02.078823039Z,148000.902,none,false,0,0,0,0,0,2963,224,129,0,20,0,75,20
retained-e8c21674a86f5d4737b23a59e2071da7754f4ff2,kill-switch-transform-timeout-r01,2026-09-11T13:18:03.078629942Z,149000.709,none,false,0,0,0,0,0,2983,226,131,0,20,0,75,20
retained-e8c21674a86f5d4737b23a59e2071da7754f4ff2,kill-switch-transform-timeout-r01,2026-09-11T13:18:04.07807156Z,150000.150,none,false,0,0,0,0,0,3003,227,132,0,20,0,75,20
retained-e8c21674a86f5d4737b23a59e2071da7754f4ff2,kill-switch-transform-timeout-r01,2026-09-11T13:18:04.078104975Z,150000.184,none,false,0,0,0,0,0,3003,227,132,0,20,0,75,20
retained-e8c21674a86f5d4737b23a59e2071da7754f4ff2,bounded-wait-transform-error-r01,2026-09-11T13:18:05.352730958Z,0.036,none,false,0,0,0,0,0,4,4,4,0,0,0,0,0
retained-e8c21674a86f5d4737b23a59e2071da7754f4ff2,bounded-wait-transform-error-r01,2026-09-11T13:18:06.353859165Z,1001.164,none,false,0,0,0,0,0,23,4,4,0,0,0,0,0
retained-e8c21674a86f5d4737b23a59e2071da7754f4ff2,bounded-wait-transform-error-r01,2026-09-11T13:18:07.353825417Z,2001.130,none,false,0,0,0,0,0,43,5,5,0,0,0,0,0
retained-e8c21674a86f5d4737b23a59e2071da7754f4ff2,bounded-wait-transform-error-r01,2026-09-11T13:18:08.353277982Z,3000.583,none,false,0,0,0,0,0,63,7,7,0,0,0,0,0
retained-e8c21674a86f5d4737b23a59e2071da7754f4ff2,bounded-wait-transform-error-r01,2026-09-11T13:18:09.353173794Z,4000.478,none,false,0,0,0,0,0,83,8,8,0,0,0,0,0
retained-e8c21674a86f5d4737b23a59e2071da7754f4ff2,bounded-wait-transform-error-r01,2026-09-11T13:18:10.353223155Z,5000.528,none,false,0,0,0,0,0,103,10,10,0,0,0,0,0
retained-e8c21674a86f5d4737b23a59e2071da7754f4ff2,bounded-wait-transform-error-r01,2026-09-11T13:18:11.353652405Z,6000.957,none,false,0,0,0,0,0,123,11,11,0,0,0,0,0
retained-e8c21674a86f5d4737b23a59e2071da7754f4ff2,bounded-wait-transform-error-r01,2026-09-11T13:18:12.353057775Z,7000.362,none,false,0,0,0,0,0,143,13,13,0,0,0,0,0
retained-e8c21674a86f5d4737b23a59e2071da7754f4ff2,bounded-wait-transform-error-r01,2026-09-11T13:18:13.35365037Z,8000.955,none,false,0,0,0,0,0,163,14,14,0,0,0,0,0
retained-e8c21674a86f5d4737b23a59e2071da7754f4ff2,bounded-wait-transform-error-r01,2026-09-11T13:18:14.353217188Z,9000.522,none,false,0,0,0,0,0,183,16,16,0,0,0,0,0
retained-e8c21674a86f5d4737b23a59e2071da7754f4ff2,bounded-wait-transform-error-r01,2026-09-11T13:18:18.689836781Z,10000.918,none,false,0,0,0,0,0,203,17,17,0,0,0,0,0
retained-e8c21674a86f5d4737b23a59e2071da7754f4ff2,bounded-wait-transform-error-r01,2026-09-11T13:18:19.689704936Z,11000.786,none,false,0,0,0,0,0,223,19,19,0,0,0,0,0
retained-e8c21674a86f5d4737b23a59e2071da7754f4ff2,bounded-wait-transform-error-r01,2026-09-11T13:18:20.689647757Z,12000.729,none,false,0,0,0,0,0,243,20,20,0,0,0,0,0
retained-e8c21674a86f5d4737b23a59e2071da7754f4ff2,bounded-wait-transform-error-r01,2026-09-11T13:18:21.689339199Z,13000.420,none,false,0,0,0,0,0,263,22,22,0,0,0,0,0
retained-e8c21674a86f5d4737b23a59e2071da7754f4ff2,bounded-wait-transform-error-r01,2026-09-11T13:18:22.68952767Z,14000.609,none,false,0,0,0,0,0,283,23,23,0,0,0,0,0
retained-e8c21674a86f5d4737b23a59e2071da7754f4ff2,bounded-wait-transform-error-r01,2026-09-11T13:18:23.689964423Z,15001.045,none,false,0,0,0,0,0,303,25,25,0,0,0,0,0
retained-e8c21674a86f5d4737b23a59e2071da7754f4ff2,bounded-wait-transform-error-r01,2026-09-11T13:18:24.689568274Z,16000.649,none,false,0,0,0,0,0,323,26,26,0,0,0,0,0
retained-e8c21674a86f5d4737b23a59e2071da7754f4ff2,bounded-wait-transform-error-r01,2026-09-11T13:18:25.689397521Z,17000.478,none,false,0,0,0,0,0,343,28,28,0,0,0,0,0
retained-e8c21674a86f5d4737b23a59e2071da7754f4ff2,bounded-wait-transform-error-r01,2026-09-11T13:18:26.690132006Z,18001.213,none,false,0,0,0,0,0,363,29,29,0,0,0,0,0
retained-e8c21674a86f5d4737b23a59e2071da7754f4ff2,bounded-wait-transform-error-r01,2026-09-11T13:18:27.689843372Z,19000.924,none,false,0,0,0,0,0,383,31,31,0,0,0,0,0
retained-e8c21674a86f5d4737b23a59e2071da7754f4ff2,bounded-wait-transform-error-r01,2026-09-11T13:18:28.689261035Z,20000.342,none,false,0,0,0,0,0,403,32,32,0,0,0,0,0
retained-e8c21674a86f5d4737b23a59e2071da7754f4ff2,bounded-wait-transform-error-r01,2026-09-11T13:18:29.689114711Z,21000.196,none,false,0,0,0,0,0,423,34,34,0,0,0,0,0
retained-e8c21674a86f5d4737b23a59e2071da7754f4ff2,bounded-wait-transform-error-r01,2026-09-11T13:18:30.689467275Z,22000.548,none,false,0,0,0,0,0,443,35,35,0,0,0,0,0
retained-e8c21674a86f5d4737b23a59e2071da7754f4ff2,bounded-wait-transform-error-r01,2026-09-11T13:18:31.689486371Z,23000.567,none,false,0,0,0,0,0,463,37,37,0,0,0,0,0
retained-e8c21674a86f5d4737b23a59e2071da7754f4ff2,bounded-wait-transform-error-r01,2026-09-11T13:18:32.689242679Z,24000.324,none,false,0,0,0,0,0,483,38,38,0,0,0,0,0
retained-e8c21674a86f5d4737b23a59e2071da7754f4ff2,bounded-wait-transform-error-r01,2026-09-11T13:18:33.689270831Z,25000.352,none,false,0,0,0,0,0,503,40,40,0,0,0,0,0
retained-e8c21674a86f5d4737b23a59e2071da7754f4ff2,bounded-wait-transform-error-r01,2026-09-11T13:18:34.68939795Z,26000.479,none,false,0,0,0,0,0,523,41,41,0,0,0,0,0
retained-e8c21674a86f5d4737b23a59e2071da7754f4ff2,bounded-wait-transform-error-r01,2026-09-11T13:18:35.68927107Z,27000.352,none,false,0,0,0,0,0,543,43,43,0,0,0,0,0
retained-e8c21674a86f5d4737b23a59e2071da7754f4ff2,bounded-wait-transform-error-r01,2026-09-11T13:18:36.689326866Z,28000.408,none,false,0,0,0,0,0,563,44,44,0,0,0,0,0
retained-e8c21674a86f5d4737b23a59e2071da7754f4ff2,bounded-wait-transform-error-r01,2026-09-11T13:18:37.689383931Z,29000.465,none,false,0,0,0,0,0,583,46,46,0,0,0,0,0
retained-e8c21674a86f5d4737b23a59e2071da7754f4ff2,bounded-wait-transform-error-r01,2026-09-11T13:18:38.690027793Z,30001.109,none,false,0,0,0,0,0,603,47,47,0,0,0,0,0
retained-e8c21674a86f5d4737b23a59e2071da7754f4ff2,bounded-wait-transform-error-r01,2026-09-11T13:18:39.689256915Z,31000.338,transform-error,false,0,0,0,0,0,623,49,48,1,0,0,0,1
retained-e8c21674a86f5d4737b23a59e2071da7754f4ff2,bounded-wait-transform-error-r01,2026-09-11T13:18:40.689871362Z,32000.952,transform-error,false,0,0,0,0,0,643,50,48,2,0,0,0,2
retained-e8c21674a86f5d4737b23a59e2071da7754f4ff2,bounded-wait-transform-error-r01,2026-09-11T13:18:41.689476074Z,33000.557,transform-error,false,0,0,0,0,0,663,52,49,3,0,0,0,3
retained-e8c21674a86f5d4737b23a59e2071da7754f4ff2,bounded-wait-transform-error-r01,2026-09-11T13:18:42.689733303Z,34000.814,transform-error,false,0,0,0,0,0,683,53,49,4,0,0,0,4
retained-e8c21674a86f5d4737b23a59e2071da7754f4ff2,bounded-wait-transform-error-r01,2026-09-11T13:18:43.689092823Z,35000.174,transform-error,false,0,0,0,0,0,703,55,50,5,0,0,0,5
retained-e8c21674a86f5d4737b23a59e2071da7754f4ff2,bounded-wait-transform-error-r01,2026-09-11T13:18:44.689446129Z,36000.527,transform-error,false,0,0,0,0,0,723,56,50,6,0,0,0,6
retained-e8c21674a86f5d4737b23a59e2071da7754f4ff2,bounded-wait-transform-error-r01,2026-09-11T13:18:45.689449789Z,37000.531,transform-error,false,0,0,0,0,0,743,58,51,7,0,0,0,7
retained-e8c21674a86f5d4737b23a59e2071da7754f4ff2,bounded-wait-transform-error-r01,2026-09-11T13:18:46.689521351Z,38000.602,transform-error,false,0,0,0,0,0,763,59,51,8,0,0,0,8
retained-e8c21674a86f5d4737b23a59e2071da7754f4ff2,bounded-wait-transform-error-r01,2026-09-11T13:18:47.689266024Z,39000.347,transform-error,false,0,0,0,0,0,783,61,52,9,0,0,0,9
retained-e8c21674a86f5d4737b23a59e2071da7754f4ff2,bounded-wait-transform-error-r01,2026-09-11T13:18:52.022127681Z,40000.953,transform-error,false,0,0,0,0,0,803,62,52,10,0,0,0,10
retained-e8c21674a86f5d4737b23a59e2071da7754f4ff2,bounded-wait-transform-error-r01,2026-09-11T13:18:53.021694105Z,41000.519,transform-error,false,0,0,0,0,0,823,64,53,11,0,0,0,11
retained-e8c21674a86f5d4737b23a59e2071da7754f4ff2,bounded-wait-transform-error-r01,2026-09-11T13:18:54.022281554Z,42001.106,transform-error,false,0,0,0,0,0,843,65,53,12,0,0,0,12
retained-e8c21674a86f5d4737b23a59e2071da7754f4ff2,bounded-wait-transform-error-r01,2026-09-11T13:18:55.021590859Z,43000.416,transform-error,false,0,0,0,0,0,863,67,54,13,0,0,0,13
retained-e8c21674a86f5d4737b23a59e2071da7754f4ff2,bounded-wait-transform-error-r01,2026-09-11T13:18:56.022225902Z,44001.051,transform-error,false,0,0,0,0,0,883,68,54,14,0,0,0,14
retained-e8c21674a86f5d4737b23a59e2071da7754f4ff2,bounded-wait-transform-error-r01,2026-09-11T13:18:57.0217654Z,45000.590,transform-error,false,0,0,0,0,0,903,70,55,15,0,0,0,15
retained-e8c21674a86f5d4737b23a59e2071da7754f4ff2,bounded-wait-transform-error-r01,2026-09-11T13:18:58.021638072Z,46000.463,transform-error,false,0,0,0,0,0,923,71,55,16,0,0,0,16
retained-e8c21674a86f5d4737b23a59e2071da7754f4ff2,bounded-wait-transform-error-r01,2026-09-11T13:18:59.022277488Z,47001.102,transform-error,false,0,0,0,0,0,943,73,56,17,0,0,0,17
retained-e8c21674a86f5d4737b23a59e2071da7754f4ff2,bounded-wait-transform-error-r01,2026-09-11T13:19:00.022048437Z,48000.873,transform-error,false,0,0,0,0,0,963,74,56,18,0,0,0,18
retained-e8c21674a86f5d4737b23a59e2071da7754f4ff2,bounded-wait-transform-error-r01,2026-09-11T13:19:01.022229449Z,49001.054,transform-error,false,0,0,0,0,0,983,76,57,19,0,0,0,19
retained-e8c21674a86f5d4737b23a59e2071da7754f4ff2,bounded-wait-transform-error-r01,2026-09-11T13:19:02.021890596Z,50000.716,transform-error,false,0,0,0,0,0,1003,77,57,20,0,0,0,20
retained-e8c21674a86f5d4737b23a59e2071da7754f4ff2,bounded-wait-transform-error-r01,2026-09-11T13:19:03.021703706Z,51000.529,transform-error,false,0,0,0,0,0,1023,79,58,21,0,0,0,21
retained-e8c21674a86f5d4737b23a59e2071da7754f4ff2,bounded-wait-transform-error-r01,2026-09-11T13:19:04.02155073Z,52000.376,transform-error,false,0,0,0,0,0,1043,80,58,22,0,0,0,22
retained-e8c21674a86f5d4737b23a59e2071da7754f4ff2,bounded-wait-transform-error-r01,2026-09-11T13:19:05.021411082Z,53000.236,transform-error,false,0,0,0,0,0,1063,82,59,23,0,0,0,23
retained-e8c21674a86f5d4737b23a59e2071da7754f4ff2,bounded-wait-transform-error-r01,2026-09-11T13:19:06.02208348Z,54000.908,transform-error,false,0,0,0,0,0,1083,83,59,24,0,0,0,24
retained-e8c21674a86f5d4737b23a59e2071da7754f4ff2,bounded-wait-transform-error-r01,2026-09-11T13:19:07.021863685Z,55000.689,transform-error,false,0,0,0,0,0,1103,85,60,25,0,0,0,25
retained-e8c21674a86f5d4737b23a59e2071da7754f4ff2,bounded-wait-transform-error-r01,2026-09-11T13:19:08.021616983Z,56000.442,transform-error,false,0,0,0,0,0,1123,86,60,26,0,0,0,26
retained-e8c21674a86f5d4737b23a59e2071da7754f4ff2,bounded-wait-transform-error-r01,2026-09-11T13:19:09.021484572Z,57000.310,transform-error,false,0,0,0,0,0,1143,88,61,27,0,0,0,27
retained-e8c21674a86f5d4737b23a59e2071da7754f4ff2,bounded-wait-transform-error-r01,2026-09-11T13:19:10.021705706Z,58000.531,transform-error,false,0,0,0,0,0,1163,89,61,28,0,0,0,28
retained-e8c21674a86f5d4737b23a59e2071da7754f4ff2,bounded-wait-transform-error-r01,2026-09-11T13:19:11.021403695Z,59000.229,transform-error,false,0,0,0,0,0,1183,91,62,29,0,0,0,29
retained-e8c21674a86f5d4737b23a59e2071da7754f4ff2,bounded-wait-transform-error-r01,2026-09-11T13:19:12.021770733Z,60000.596,transform-error,false,0,0,0,0,0,1203,92,62,30,0,0,0,30
retained-e8c21674a86f5d4737b23a59e2071da7754f4ff2,bounded-wait-transform-error-r01,2026-09-11T13:19:13.0214108Z,61000.236,transform-error,false,0,0,0,0,0,1223,94,63,31,0,0,0,31
retained-e8c21674a86f5d4737b23a59e2071da7754f4ff2,bounded-wait-transform-error-r01,2026-09-11T13:19:14.022083141Z,62000.908,transform-error,false,0,0,0,0,0,1243,95,63,32,0,0,0,32
retained-e8c21674a86f5d4737b23a59e2071da7754f4ff2,bounded-wait-transform-error-r01,2026-09-11T13:19:15.021989102Z,63000.814,transform-error,false,0,0,0,0,0,1263,97,64,33,0,0,0,33
retained-e8c21674a86f5d4737b23a59e2071da7754f4ff2,bounded-wait-transform-error-r01,2026-09-11T13:19:16.021948247Z,64000.773,transform-error,false,0,0,0,0,0,1283,98,64,34,0,0,0,34
retained-e8c21674a86f5d4737b23a59e2071da7754f4ff2,bounded-wait-transform-error-r01,2026-09-11T13:19:17.02201339Z,65000.838,transform-error,false,0,0,0,0,0,1303,100,65,35,0,0,0,35
retained-e8c21674a86f5d4737b23a59e2071da7754f4ff2,bounded-wait-transform-error-r01,2026-09-11T13:19:18.021382893Z,66000.208,transform-error,false,0,0,0,0,0,1323,101,65,36,0,0,0,36
retained-e8c21674a86f5d4737b23a59e2071da7754f4ff2,bounded-wait-transform-error-r01,2026-09-11T13:19:19.021680453Z,67000.505,transform-error,false,0,0,0,0,0,1343,103,66,37,0,0,0,37
retained-e8c21674a86f5d4737b23a59e2071da7754f4ff2,bounded-wait-transform-error-r01,2026-09-11T13:19:20.021679307Z,68000.504,transform-error,false,0,0,0,0,0,1363,104,66,38,0,0,0,38
retained-e8c21674a86f5d4737b23a59e2071da7754f4ff2,bounded-wait-transform-error-r01,2026-09-11T13:19:21.022393064Z,69001.218,transform-error,false,0,0,0,0,0,1383,106,67,39,0,0,0,39
retained-e8c21674a86f5d4737b23a59e2071da7754f4ff2,bounded-wait-transform-error-r01,2026-09-11T13:19:25.365190395Z,70000.343,transform-error,false,0,0,0,0,0,1403,107,67,40,0,0,0,40
retained-e8c21674a86f5d4737b23a59e2071da7754f4ff2,bounded-wait-transform-error-r01,2026-09-11T13:19:26.365218373Z,71000.371,transform-error,false,0,0,0,0,0,1423,109,68,41,0,0,0,41
retained-e8c21674a86f5d4737b23a59e2071da7754f4ff2,bounded-wait-transform-error-r01,2026-09-11T13:19:27.365948107Z,72001.101,transform-error,false,0,0,0,0,0,1443,110,68,42,0,0,0,42
retained-e8c21674a86f5d4737b23a59e2071da7754f4ff2,bounded-wait-transform-error-r01,2026-09-11T13:19:28.365440965Z,73000.594,transform-error,false,0,0,0,0,0,1463,112,69,43,0,0,0,43
retained-e8c21674a86f5d4737b23a59e2071da7754f4ff2,bounded-wait-transform-error-r01,2026-09-11T13:19:29.36540619Z,74000.559,transform-error,false,0,0,0,0,0,1483,113,69,44,0,0,0,44
retained-e8c21674a86f5d4737b23a59e2071da7754f4ff2,bounded-wait-transform-error-r01,2026-09-11T13:19:30.365603403Z,75000.756,transform-error,false,0,0,0,0,0,1503,115,70,45,0,0,0,45
retained-e8c21674a86f5d4737b23a59e2071da7754f4ff2,bounded-wait-transform-error-r01,2026-09-11T13:19:31.365303635Z,76000.457,transform-error,false,0,0,0,0,0,1523,116,70,46,0,0,0,46
retained-e8c21674a86f5d4737b23a59e2071da7754f4ff2,bounded-wait-transform-error-r01,2026-09-11T13:19:32.365458292Z,77000.611,transform-error,false,0,0,0,0,0,1543,118,71,47,0,0,0,47
retained-e8c21674a86f5d4737b23a59e2071da7754f4ff2,bounded-wait-transform-error-r01,2026-09-11T13:19:33.365930313Z,78001.083,transform-error,false,0,0,0,0,0,1563,119,71,48,0,0,0,48
retained-e8c21674a86f5d4737b23a59e2071da7754f4ff2,bounded-wait-transform-error-r01,2026-09-11T13:19:34.365772125Z,79000.925,transform-error,false,0,0,0,0,0,1583,121,72,49,0,0,0,49
retained-e8c21674a86f5d4737b23a59e2071da7754f4ff2,bounded-wait-transform-error-r01,2026-09-11T13:19:35.365885544Z,80001.038,transform-error,false,0,0,0,0,0,1603,122,72,50,0,0,0,50
retained-e8c21674a86f5d4737b23a59e2071da7754f4ff2,bounded-wait-transform-error-r01,2026-09-11T13:19:36.365414575Z,81000.567,transform-error,false,0,0,0,0,0,1623,124,73,51,0,0,0,51
retained-e8c21674a86f5d4737b23a59e2071da7754f4ff2,bounded-wait-transform-error-r01,2026-09-11T13:19:37.36586638Z,82001.019,transform-error,false,0,0,0,0,0,1643,125,73,52,0,0,0,52
retained-e8c21674a86f5d4737b23a59e2071da7754f4ff2,bounded-wait-transform-error-r01,2026-09-11T13:19:38.365224242Z,83000.377,transform-error,false,0,0,0,0,0,1663,127,74,53,0,0,0,53
retained-e8c21674a86f5d4737b23a59e2071da7754f4ff2,bounded-wait-transform-error-r01,2026-09-11T13:19:39.365318968Z,84000.472,transform-error,false,0,0,0,0,0,1683,128,74,54,0,0,0,54
retained-e8c21674a86f5d4737b23a59e2071da7754f4ff2,bounded-wait-transform-error-r01,2026-09-11T13:19:40.365832605Z,85000.986,transform-error,false,0,0,0,0,0,1703,130,75,55,0,0,0,55
retained-e8c21674a86f5d4737b23a59e2071da7754f4ff2,bounded-wait-transform-error-r01,2026-09-11T13:19:41.365482749Z,86000.636,transform-error,false,0,0,0,0,0,1723,131,75,56,0,0,0,56
retained-e8c21674a86f5d4737b23a59e2071da7754f4ff2,bounded-wait-transform-error-r01,2026-09-11T13:19:42.365954723Z,87001.108,transform-error,false,0,0,0,0,0,1743,133,76,57,0,0,0,57
retained-e8c21674a86f5d4737b23a59e2071da7754f4ff2,bounded-wait-transform-error-r01,2026-09-11T13:19:43.36550284Z,88000.656,transform-error,false,0,0,0,0,0,1763,134,76,58,0,0,0,58
retained-e8c21674a86f5d4737b23a59e2071da7754f4ff2,bounded-wait-transform-error-r01,2026-09-11T13:19:44.365716247Z,89000.869,transform-error,false,0,0,0,0,0,1783,136,77,59,0,0,0,59
retained-e8c21674a86f5d4737b23a59e2071da7754f4ff2,bounded-wait-transform-error-r01,2026-09-11T13:19:45.365930183Z,90001.083,none,false,0,0,0,0,0,1803,137,77,60,0,0,0,60
retained-e8c21674a86f5d4737b23a59e2071da7754f4ff2,bounded-wait-transform-error-r01,2026-09-11T13:19:46.36520291Z,91000.356,none,false,0,0,0,0,0,1823,139,79,60,0,0,0,60
retained-e8c21674a86f5d4737b23a59e2071da7754f4ff2,bounded-wait-transform-error-r01,2026-09-11T13:19:47.365921958Z,92001.075,none,false,0,0,0,0,0,1843,140,80,60,0,0,0,60
retained-e8c21674a86f5d4737b23a59e2071da7754f4ff2,bounded-wait-transform-error-r01,2026-09-11T13:19:48.365509194Z,93000.662,none,false,0,0,0,0,0,1863,142,82,60,0,0,0,60
retained-e8c21674a86f5d4737b23a59e2071da7754f4ff2,bounded-wait-transform-error-r01,2026-09-11T13:19:49.365446069Z,94000.599,none,false,0,0,0,0,0,1883,143,83,60,0,0,0,60
retained-e8c21674a86f5d4737b23a59e2071da7754f4ff2,bounded-wait-transform-error-r01,2026-09-11T13:19:50.365537161Z,95000.690,none,false,0,0,0,0,0,1903,145,85,60,0,0,0,60
retained-e8c21674a86f5d4737b23a59e2071da7754f4ff2,bounded-wait-transform-error-r01,2026-09-11T13:19:51.36534155Z,96000.494,none,false,0,0,0,0,0,1923,146,86,60,0,0,0,60
retained-e8c21674a86f5d4737b23a59e2071da7754f4ff2,bounded-wait-transform-error-r01,2026-09-11T13:19:52.365366125Z,97000.519,none,false,0,0,0,0,0,1943,148,88,60,0,0,0,60
retained-e8c21674a86f5d4737b23a59e2071da7754f4ff2,bounded-wait-transform-error-r01,2026-09-11T13:19:53.365171555Z,98000.324,none,false,0,0,0,0,0,1963,149,89,60,0,0,0,60
retained-e8c21674a86f5d4737b23a59e2071da7754f4ff2,bounded-wait-transform-error-r01,2026-09-11T13:19:54.365181401Z,99000.334,none,false,0,0,0,0,0,1983,151,91,60,0,0,0,60
retained-e8c21674a86f5d4737b23a59e2071da7754f4ff2,bounded-wait-transform-error-r01,2026-09-11T13:19:58.690568473Z,100001.105,none,false,0,0,0,0,0,2003,152,92,60,0,0,0,60
retained-e8c21674a86f5d4737b23a59e2071da7754f4ff2,bounded-wait-transform-error-r01,2026-09-11T13:19:59.690029532Z,101000.566,none,false,0,0,0,0,0,2023,154,94,60,0,0,0,60
retained-e8c21674a86f5d4737b23a59e2071da7754f4ff2,bounded-wait-transform-error-r01,2026-09-11T13:20:00.69026734Z,102000.804,none,false,0,0,0,0,0,2043,155,95,60,0,0,0,60
retained-e8c21674a86f5d4737b23a59e2071da7754f4ff2,bounded-wait-transform-error-r01,2026-09-11T13:20:01.690027416Z,103000.564,none,false,0,0,0,0,0,2063,157,97,60,0,0,0,60
retained-e8c21674a86f5d4737b23a59e2071da7754f4ff2,bounded-wait-transform-error-r01,2026-09-11T13:20:02.689991566Z,104000.528,none,false,0,0,0,0,0,2083,158,98,60,0,0,0,60
retained-e8c21674a86f5d4737b23a59e2071da7754f4ff2,bounded-wait-transform-error-r01,2026-09-11T13:20:03.690449579Z,105000.986,none,false,0,0,0,0,0,2103,160,100,60,0,0,0,60
retained-e8c21674a86f5d4737b23a59e2071da7754f4ff2,bounded-wait-transform-error-r01,2026-09-11T13:20:04.689822303Z,106000.358,none,false,0,0,0,0,0,2123,161,101,60,0,0,0,60
retained-e8c21674a86f5d4737b23a59e2071da7754f4ff2,bounded-wait-transform-error-r01,2026-09-11T13:20:05.69040793Z,107000.944,none,false,0,0,0,0,0,2143,163,103,60,0,0,0,60
retained-e8c21674a86f5d4737b23a59e2071da7754f4ff2,bounded-wait-transform-error-r01,2026-09-11T13:20:06.689846404Z,108000.383,none,false,0,0,0,0,0,2163,164,104,60,0,0,0,60
retained-e8c21674a86f5d4737b23a59e2071da7754f4ff2,bounded-wait-transform-error-r01,2026-09-11T13:20:07.690378503Z,109000.915,none,false,0,0,0,0,0,2183,166,106,60,0,0,0,60
retained-e8c21674a86f5d4737b23a59e2071da7754f4ff2,bounded-wait-transform-error-r01,2026-09-11T13:20:08.690037502Z,110000.574,none,false,0,0,0,0,0,2203,167,107,60,0,0,0,60
retained-e8c21674a86f5d4737b23a59e2071da7754f4ff2,bounded-wait-transform-error-r01,2026-09-11T13:20:09.690269775Z,111000.806,none,false,0,0,0,0,0,2223,169,109,60,0,0,0,60
retained-e8c21674a86f5d4737b23a59e2071da7754f4ff2,bounded-wait-transform-error-r01,2026-09-11T13:20:10.690338904Z,112000.875,none,false,0,0,0,0,0,2243,170,110,60,0,0,0,60
retained-e8c21674a86f5d4737b23a59e2071da7754f4ff2,bounded-wait-transform-error-r01,2026-09-11T13:20:11.689885784Z,113000.422,none,false,0,0,0,0,0,2263,172,112,60,0,0,0,60
retained-e8c21674a86f5d4737b23a59e2071da7754f4ff2,bounded-wait-transform-error-r01,2026-09-11T13:20:12.6901058Z,114000.642,none,false,0,0,0,0,0,2283,173,113,60,0,0,0,60
retained-e8c21674a86f5d4737b23a59e2071da7754f4ff2,bounded-wait-transform-error-r01,2026-09-11T13:20:13.689545576Z,115000.082,none,false,0,0,0,0,0,2303,175,115,60,0,0,0,60
retained-e8c21674a86f5d4737b23a59e2071da7754f4ff2,bounded-wait-transform-error-r01,2026-09-11T13:20:14.690692065Z,116001.228,none,false,0,0,0,0,0,2323,176,116,60,0,0,0,60
retained-e8c21674a86f5d4737b23a59e2071da7754f4ff2,bounded-wait-transform-error-r01,2026-09-11T13:20:15.690066471Z,117000.603,none,false,0,0,0,0,0,2343,178,118,60,0,0,0,60
retained-e8c21674a86f5d4737b23a59e2071da7754f4ff2,bounded-wait-transform-error-r01,2026-09-11T13:20:16.690111516Z,118000.648,none,false,0,0,0,0,0,2363,179,119,60,0,0,0,60
retained-e8c21674a86f5d4737b23a59e2071da7754f4ff2,bounded-wait-transform-error-r01,2026-09-11T13:20:17.689687026Z,119000.223,none,false,0,0,0,0,0,2383,181,121,60,0,0,0,60
retained-e8c21674a86f5d4737b23a59e2071da7754f4ff2,bounded-wait-transform-error-r01,2026-09-11T13:20:18.689968009Z,120000.504,none,false,0,0,0,0,0,2403,182,122,60,0,0,0,60
retained-e8c21674a86f5d4737b23a59e2071da7754f4ff2,bounded-wait-transform-error-r01,2026-09-11T13:20:19.69014129Z,121000.677,none,false,0,0,0,0,0,2423,184,124,60,0,0,0,60
retained-e8c21674a86f5d4737b23a59e2071da7754f4ff2,bounded-wait-transform-error-r01,2026-09-11T13:20:20.690407724Z,122000.944,none,false,0,0,0,0,0,2443,185,125,60,0,0,0,60
retained-e8c21674a86f5d4737b23a59e2071da7754f4ff2,bounded-wait-transform-error-r01,2026-09-11T13:20:21.690222924Z,123000.759,none,false,0,0,0,0,0,2463,187,127,60,0,0,0,60
retained-e8c21674a86f5d4737b23a59e2071da7754f4ff2,bounded-wait-transform-error-r01,2026-09-11T13:20:22.690625576Z,124001.162,none,false,0,0,0,0,0,2483,188,128,60,0,0,0,60
retained-e8c21674a86f5d4737b23a59e2071da7754f4ff2,bounded-wait-transform-error-r01,2026-09-11T13:20:23.690505057Z,125001.041,none,false,0,0,0,0,0,2503,190,130,60,0,0,0,60
retained-e8c21674a86f5d4737b23a59e2071da7754f4ff2,bounded-wait-transform-error-r01,2026-09-11T13:20:24.68978216Z,126000.318,none,false,0,0,0,0,0,2523,191,131,60,0,0,0,60
retained-e8c21674a86f5d4737b23a59e2071da7754f4ff2,bounded-wait-transform-error-r01,2026-09-11T13:20:25.689763551Z,127000.300,none,false,0,0,0,0,0,2543,193,133,60,0,0,0,60
retained-e8c21674a86f5d4737b23a59e2071da7754f4ff2,bounded-wait-transform-error-r01,2026-09-11T13:20:26.690158756Z,128000.695,none,false,0,0,0,0,0,2563,194,134,60,0,0,0,60
retained-e8c21674a86f5d4737b23a59e2071da7754f4ff2,bounded-wait-transform-error-r01,2026-09-11T13:20:27.690638112Z,129001.174,none,false,0,0,0,0,0,2583,196,136,60,0,0,0,60
retained-e8c21674a86f5d4737b23a59e2071da7754f4ff2,bounded-wait-transform-error-r01,2026-09-11T13:20:32.0413979Z,130000.925,none,false,0,0,0,0,0,2603,197,137,60,0,0,0,60
retained-e8c21674a86f5d4737b23a59e2071da7754f4ff2,bounded-wait-transform-error-r01,2026-09-11T13:20:33.040972527Z,131000.500,none,false,0,0,0,0,0,2623,199,139,60,0,0,0,60
retained-e8c21674a86f5d4737b23a59e2071da7754f4ff2,bounded-wait-transform-error-r01,2026-09-11T13:20:34.041067111Z,132000.594,none,false,0,0,0,0,0,2643,200,140,60,0,0,0,60
retained-e8c21674a86f5d4737b23a59e2071da7754f4ff2,bounded-wait-transform-error-r01,2026-09-11T13:20:35.040932995Z,133000.460,none,false,0,0,0,0,0,2663,202,142,60,0,0,0,60
retained-e8c21674a86f5d4737b23a59e2071da7754f4ff2,bounded-wait-transform-error-r01,2026-09-11T13:20:36.04130553Z,134000.833,none,false,0,0,0,0,0,2683,203,143,60,0,0,0,60
retained-e8c21674a86f5d4737b23a59e2071da7754f4ff2,bounded-wait-transform-error-r01,2026-09-11T13:20:37.040725091Z,135000.252,none,false,0,0,0,0,0,2703,205,145,60,0,0,0,60
retained-e8c21674a86f5d4737b23a59e2071da7754f4ff2,bounded-wait-transform-error-r01,2026-09-11T13:20:38.041419039Z,136000.946,none,false,0,0,0,0,0,2723,206,146,60,0,0,0,60
retained-e8c21674a86f5d4737b23a59e2071da7754f4ff2,bounded-wait-transform-error-r01,2026-09-11T13:20:39.040547823Z,137000.075,none,false,0,0,0,0,0,2743,208,148,60,0,0,0,60
retained-e8c21674a86f5d4737b23a59e2071da7754f4ff2,bounded-wait-transform-error-r01,2026-09-11T13:20:40.04117299Z,138000.700,none,false,0,0,0,0,0,2763,209,149,60,0,0,0,60
retained-e8c21674a86f5d4737b23a59e2071da7754f4ff2,bounded-wait-transform-error-r01,2026-09-11T13:20:41.040891423Z,139000.419,none,false,0,0,0,0,0,2783,211,151,60,0,0,0,60
retained-e8c21674a86f5d4737b23a59e2071da7754f4ff2,bounded-wait-transform-error-r01,2026-09-11T13:20:42.040889341Z,140000.416,none,false,0,0,0,0,0,2803,212,152,60,0,0,0,60
retained-e8c21674a86f5d4737b23a59e2071da7754f4ff2,bounded-wait-transform-error-r01,2026-09-11T13:20:43.040646896Z,141000.174,none,false,0,0,0,0,0,2823,214,154,60,0,0,0,60
retained-e8c21674a86f5d4737b23a59e2071da7754f4ff2,bounded-wait-transform-error-r01,2026-09-11T13:20:44.041576592Z,142001.104,none,false,0,0,0,0,0,2843,215,155,60,0,0,0,60
retained-e8c21674a86f5d4737b23a59e2071da7754f4ff2,bounded-wait-transform-error-r01,2026-09-11T13:20:45.040750124Z,143000.277,none,false,0,0,0,0,0,2863,217,157,60,0,0,0,60
retained-e8c21674a86f5d4737b23a59e2071da7754f4ff2,bounded-wait-transform-error-r01,2026-09-11T13:20:46.041085707Z,144000.613,none,false,0,0,0,0,0,2883,218,158,60,0,0,0,60
retained-e8c21674a86f5d4737b23a59e2071da7754f4ff2,bounded-wait-transform-error-r01,2026-09-11T13:20:47.041419599Z,145000.947,none,false,0,0,0,0,0,2903,220,160,60,0,0,0,60
retained-e8c21674a86f5d4737b23a59e2071da7754f4ff2,bounded-wait-transform-error-r01,2026-09-11T13:20:48.041034755Z,146000.562,none,false,0,0,0,0,0,2923,221,161,60,0,0,0,60
retained-e8c21674a86f5d4737b23a59e2071da7754f4ff2,bounded-wait-transform-error-r01,2026-09-11T13:20:49.041119684Z,147000.647,none,false,0,0,0,0,0,2943,223,163,60,0,0,0,60
retained-e8c21674a86f5d4737b23a59e2071da7754f4ff2,bounded-wait-transform-error-r01,2026-09-11T13:20:50.041007992Z,148000.535,none,false,0,0,0,0,0,2963,224,164,60,0,0,0,60
retained-e8c21674a86f5d4737b23a59e2071da7754f4ff2,bounded-wait-transform-error-r01,2026-09-11T13:20:51.040861321Z,149000.388,none,false,0,0,1,0,0,2983,227,166,60,0,0,0,60
retained-e8c21674a86f5d4737b23a59e2071da7754f4ff2,bounded-wait-transform-error-r01,2026-09-11T13:20:52.040861405Z,150000.388,none,false,0,0,0,0,0,3003,227,167,60,0,0,0,60
retained-e8c21674a86f5d4737b23a59e2071da7754f4ff2,bounded-wait-transform-error-r01,2026-09-11T13:20:52.040891536Z,150000.419,none,false,0,0,0,0,0,3003,227,167,60,0,0,0,60
retained-e8c21674a86f5d4737b23a59e2071da7754f4ff2,kill-switch-transform-error-r01,2026-09-11T13:20:53.139032614Z,0.018,none,false,0,0,0,0,0,4,4,4,0,0,0,0,0
retained-e8c21674a86f5d4737b23a59e2071da7754f4ff2,kill-switch-transform-error-r01,2026-09-11T13:20:54.139317435Z,1000.303,none,false,0,0,0,0,0,23,4,4,0,0,0,0,0
retained-e8c21674a86f5d4737b23a59e2071da7754f4ff2,kill-switch-transform-error-r01,2026-09-11T13:20:55.139967838Z,2000.953,none,false,0,0,0,0,0,43,5,5,0,0,0,0,0
retained-e8c21674a86f5d4737b23a59e2071da7754f4ff2,kill-switch-transform-error-r01,2026-09-11T13:20:56.139711617Z,3000.697,none,false,0,0,0,0,0,63,7,7,0,0,0,0,0
retained-e8c21674a86f5d4737b23a59e2071da7754f4ff2,kill-switch-transform-error-r01,2026-09-11T13:20:57.139720449Z,4000.706,none,false,0,0,0,0,0,83,8,8,0,0,0,0,0
retained-e8c21674a86f5d4737b23a59e2071da7754f4ff2,kill-switch-transform-error-r01,2026-09-11T13:20:58.14022127Z,5001.207,none,false,0,0,0,0,0,103,10,10,0,0,0,0,0
retained-e8c21674a86f5d4737b23a59e2071da7754f4ff2,kill-switch-transform-error-r01,2026-09-11T13:20:59.13934011Z,6000.325,none,false,0,0,0,0,0,123,11,11,0,0,0,0,0
retained-e8c21674a86f5d4737b23a59e2071da7754f4ff2,kill-switch-transform-error-r01,2026-09-11T13:21:00.139085477Z,7000.071,none,false,0,0,0,0,0,143,13,13,0,0,0,0,0
retained-e8c21674a86f5d4737b23a59e2071da7754f4ff2,kill-switch-transform-error-r01,2026-09-11T13:21:01.139096852Z,8000.082,none,false,0,0,0,0,0,163,14,14,0,0,0,0,0
retained-e8c21674a86f5d4737b23a59e2071da7754f4ff2,kill-switch-transform-error-r01,2026-09-11T13:21:05.46501278Z,9000.842,none,false,0,0,0,0,0,183,16,16,0,0,0,0,0
retained-e8c21674a86f5d4737b23a59e2071da7754f4ff2,kill-switch-transform-error-r01,2026-09-11T13:21:06.465368834Z,10001.198,none,false,0,0,0,0,0,203,17,17,0,0,0,0,0
retained-e8c21674a86f5d4737b23a59e2071da7754f4ff2,kill-switch-transform-error-r01,2026-09-11T13:21:07.464507522Z,11000.337,none,false,0,0,0,0,0,223,19,19,0,0,0,0,0
retained-e8c21674a86f5d4737b23a59e2071da7754f4ff2,kill-switch-transform-error-r01,2026-09-11T13:21:08.46481555Z,12000.645,none,false,0,0,0,0,0,243,20,20,0,0,0,0,0
retained-e8c21674a86f5d4737b23a59e2071da7754f4ff2,kill-switch-transform-error-r01,2026-09-11T13:21:09.464742886Z,13000.572,none,false,0,0,0,0,0,263,22,22,0,0,0,0,0
retained-e8c21674a86f5d4737b23a59e2071da7754f4ff2,kill-switch-transform-error-r01,2026-09-11T13:21:10.4645826Z,14000.412,none,false,0,0,0,0,0,283,23,23,0,0,0,0,0
retained-e8c21674a86f5d4737b23a59e2071da7754f4ff2,kill-switch-transform-error-r01,2026-09-11T13:21:11.464860175Z,15000.690,none,false,0,0,0,0,0,303,25,25,0,0,0,0,0
retained-e8c21674a86f5d4737b23a59e2071da7754f4ff2,kill-switch-transform-error-r01,2026-09-11T13:21:12.465114633Z,16000.944,none,false,0,0,0,0,0,323,26,26,0,0,0,0,0
retained-e8c21674a86f5d4737b23a59e2071da7754f4ff2,kill-switch-transform-error-r01,2026-09-11T13:21:13.464621109Z,17000.451,none,false,0,0,0,0,0,343,28,28,0,0,0,0,0
retained-e8c21674a86f5d4737b23a59e2071da7754f4ff2,kill-switch-transform-error-r01,2026-09-11T13:21:14.464863536Z,18000.693,none,false,0,0,0,0,0,363,29,29,0,0,0,0,0
retained-e8c21674a86f5d4737b23a59e2071da7754f4ff2,kill-switch-transform-error-r01,2026-09-11T13:21:15.464481065Z,19000.311,none,false,0,0,0,0,0,383,31,31,0,0,0,0,0
retained-e8c21674a86f5d4737b23a59e2071da7754f4ff2,kill-switch-transform-error-r01,2026-09-11T13:21:16.464646911Z,20000.476,none,false,0,0,0,0,0,403,32,32,0,0,0,0,0
retained-e8c21674a86f5d4737b23a59e2071da7754f4ff2,kill-switch-transform-error-r01,2026-09-11T13:21:17.464921936Z,21000.751,none,false,0,0,0,0,0,423,34,34,0,0,0,0,0
retained-e8c21674a86f5d4737b23a59e2071da7754f4ff2,kill-switch-transform-error-r01,2026-09-11T13:21:18.464943849Z,22000.773,none,false,0,0,0,0,0,443,35,35,0,0,0,0,0
retained-e8c21674a86f5d4737b23a59e2071da7754f4ff2,kill-switch-transform-error-r01,2026-09-11T13:21:19.464684642Z,23000.514,none,false,0,0,0,0,0,463,37,37,0,0,0,0,0
retained-e8c21674a86f5d4737b23a59e2071da7754f4ff2,kill-switch-transform-error-r01,2026-09-11T13:21:20.465255949Z,24001.085,none,false,0,0,0,0,0,483,38,38,0,0,0,0,0
retained-e8c21674a86f5d4737b23a59e2071da7754f4ff2,kill-switch-transform-error-r01,2026-09-11T13:21:21.464840324Z,25000.670,none,false,0,0,0,0,0,503,40,40,0,0,0,0,0
retained-e8c21674a86f5d4737b23a59e2071da7754f4ff2,kill-switch-transform-error-r01,2026-09-11T13:21:22.465090755Z,26000.920,none,false,0,0,0,0,0,523,41,41,0,0,0,0,0
retained-e8c21674a86f5d4737b23a59e2071da7754f4ff2,kill-switch-transform-error-r01,2026-09-11T13:21:23.464922018Z,27000.752,none,false,0,0,0,0,0,543,43,43,0,0,0,0,0
retained-e8c21674a86f5d4737b23a59e2071da7754f4ff2,kill-switch-transform-error-r01,2026-09-11T13:21:24.464704558Z,28000.534,none,false,0,0,0,0,0,563,44,44,0,0,0,0,0
retained-e8c21674a86f5d4737b23a59e2071da7754f4ff2,kill-switch-transform-error-r01,2026-09-11T13:21:25.465487691Z,29001.317,none,false,0,0,0,0,0,583,46,46,0,0,0,0,0
retained-e8c21674a86f5d4737b23a59e2071da7754f4ff2,kill-switch-transform-error-r01,2026-09-11T13:21:26.464524902Z,30000.354,none,false,0,0,0,0,0,603,47,47,0,0,0,0,0
retained-e8c21674a86f5d4737b23a59e2071da7754f4ff2,kill-switch-transform-error-r01,2026-09-11T13:21:27.464770195Z,31000.600,transform-error,false,0,0,0,0,0,623,49,48,1,0,0,0,1
retained-e8c21674a86f5d4737b23a59e2071da7754f4ff2,kill-switch-transform-error-r01,2026-09-11T13:21:28.465207013Z,32001.036,transform-error,false,0,0,0,0,0,643,50,48,2,0,0,0,2
retained-e8c21674a86f5d4737b23a59e2071da7754f4ff2,kill-switch-transform-error-r01,2026-09-11T13:21:29.465140724Z,33000.970,transform-error,false,0,0,0,0,0,663,52,49,3,0,0,0,3
retained-e8c21674a86f5d4737b23a59e2071da7754f4ff2,kill-switch-transform-error-r01,2026-09-11T13:21:30.46482639Z,34000.656,transform-error,false,0,0,0,0,0,683,53,49,4,0,0,0,4
retained-e8c21674a86f5d4737b23a59e2071da7754f4ff2,kill-switch-transform-error-r01,2026-09-11T13:21:31.465109083Z,35000.939,transform-error,false,0,0,0,0,0,703,55,50,5,0,0,0,5
retained-e8c21674a86f5d4737b23a59e2071da7754f4ff2,kill-switch-transform-error-r01,2026-09-11T13:21:32.464852003Z,36000.681,transform-error,false,0,0,0,0,0,723,56,50,6,0,0,0,6
retained-e8c21674a86f5d4737b23a59e2071da7754f4ff2,kill-switch-transform-error-r01,2026-09-11T13:21:33.465292736Z,37001.122,transform-error,false,0,0,0,0,0,743,58,51,7,0,0,0,7
retained-e8c21674a86f5d4737b23a59e2071da7754f4ff2,kill-switch-transform-error-r01,2026-09-11T13:21:34.46467505Z,38000.505,transform-error,false,0,0,0,0,0,763,59,51,8,0,0,0,8
retained-e8c21674a86f5d4737b23a59e2071da7754f4ff2,kill-switch-transform-error-r01,2026-09-11T13:21:38.797969224Z,39000.218,transform-error,false,0,0,0,0,0,783,61,52,9,0,0,0,9
retained-e8c21674a86f5d4737b23a59e2071da7754f4ff2,kill-switch-transform-error-r01,2026-09-11T13:21:39.798555896Z,40000.805,transform-error,false,0,0,0,0,0,803,62,52,10,0,0,0,10
retained-e8c21674a86f5d4737b23a59e2071da7754f4ff2,kill-switch-transform-error-r01,2026-09-11T13:21:40.797927417Z,41000.177,transform-error,false,0,0,0,0,0,823,64,53,11,0,0,0,11
retained-e8c21674a86f5d4737b23a59e2071da7754f4ff2,kill-switch-transform-error-r01,2026-09-11T13:21:41.798829126Z,42001.078,transform-error,false,0,0,0,0,0,843,65,53,12,0,0,0,12
retained-e8c21674a86f5d4737b23a59e2071da7754f4ff2,kill-switch-transform-error-r01,2026-09-11T13:21:42.798797778Z,43001.047,transform-error,false,0,0,0,0,0,863,67,54,13,0,0,0,13
retained-e8c21674a86f5d4737b23a59e2071da7754f4ff2,kill-switch-transform-error-r01,2026-09-11T13:21:43.798571279Z,44000.820,transform-error,false,0,0,0,0,0,883,68,54,14,0,0,0,14
retained-e8c21674a86f5d4737b23a59e2071da7754f4ff2,kill-switch-transform-error-r01,2026-09-11T13:21:44.798690952Z,45000.940,transform-error,false,0,0,0,0,0,903,70,55,15,0,0,0,15
retained-e8c21674a86f5d4737b23a59e2071da7754f4ff2,kill-switch-transform-error-r01,2026-09-11T13:21:45.797836283Z,46000.085,transform-error,false,0,0,0,0,0,923,71,55,16,0,0,0,16
retained-e8c21674a86f5d4737b23a59e2071da7754f4ff2,kill-switch-transform-error-r01,2026-09-11T13:21:46.798755255Z,47001.004,transform-error,false,0,0,0,0,0,943,73,56,17,0,0,0,17
retained-e8c21674a86f5d4737b23a59e2071da7754f4ff2,kill-switch-transform-error-r01,2026-09-11T13:21:47.79827856Z,48000.528,transform-error,false,0,0,0,0,0,963,74,56,18,0,0,0,18
retained-e8c21674a86f5d4737b23a59e2071da7754f4ff2,kill-switch-transform-error-r01,2026-09-11T13:21:48.798128893Z,49000.378,transform-error,false,0,0,0,0,0,983,76,57,19,0,0,0,19
retained-e8c21674a86f5d4737b23a59e2071da7754f4ff2,kill-switch-transform-error-r01,2026-09-11T13:21:49.798751775Z,50001.001,transform-error,false,0,0,0,0,0,1003,77,57,20,0,0,0,20
retained-e8c21674a86f5d4737b23a59e2071da7754f4ff2,kill-switch-transform-error-r01,2026-09-11T13:21:50.798671069Z,51000.920,transform-error,true,0,0,0,0,0,1023,80,57,20,0,0,3,20
retained-e8c21674a86f5d4737b23a59e2071da7754f4ff2,kill-switch-transform-error-r01,2026-09-11T13:21:51.798636647Z,52000.886,transform-error,true,0,0,0,0,0,1043,80,57,20,0,0,3,20
retained-e8c21674a86f5d4737b23a59e2071da7754f4ff2,kill-switch-transform-error-r01,2026-09-11T13:21:52.798681692Z,53000.931,transform-error,true,0,0,0,0,0,1063,82,57,20,0,0,5,20
retained-e8c21674a86f5d4737b23a59e2071da7754f4ff2,kill-switch-transform-error-r01,2026-09-11T13:21:53.798052946Z,54000.302,transform-error,true,0,0,0,0,0,1083,83,57,20,0,0,6,20
retained-e8c21674a86f5d4737b23a59e2071da7754f4ff2,kill-switch-transform-error-r01,2026-09-11T13:21:54.797838057Z,55000.087,transform-error,true,0,0,0,0,0,1103,85,57,20,0,0,8,20
retained-e8c21674a86f5d4737b23a59e2071da7754f4ff2,kill-switch-transform-error-r01,2026-09-11T13:21:55.798669339Z,56000.918,transform-error,true,0,0,0,0,0,1123,86,57,20,0,0,9,20
retained-e8c21674a86f5d4737b23a59e2071da7754f4ff2,kill-switch-transform-error-r01,2026-09-11T13:21:56.798238271Z,57000.487,transform-error,true,0,0,0,0,0,1143,88,57,20,0,0,11,20
retained-e8c21674a86f5d4737b23a59e2071da7754f4ff2,kill-switch-transform-error-r01,2026-09-11T13:21:57.798173506Z,58000.423,transform-error,true,0,0,0,0,0,1163,89,57,20,0,0,12,20
retained-e8c21674a86f5d4737b23a59e2071da7754f4ff2,kill-switch-transform-error-r01,2026-09-11T13:21:58.798089251Z,59000.338,transform-error,true,0,0,0,0,0,1183,92,57,20,0,0,15,20
retained-e8c21674a86f5d4737b23a59e2071da7754f4ff2,kill-switch-transform-error-r01,2026-09-11T13:21:59.798571272Z,60000.820,transform-error,true,0,0,0,0,0,1203,92,57,20,0,0,15,20
retained-e8c21674a86f5d4737b23a59e2071da7754f4ff2,kill-switch-transform-error-r01,2026-09-11T13:22:00.79871667Z,61000.966,transform-error,true,0,0,0,0,0,1223,94,57,20,0,0,17,20
retained-e8c21674a86f5d4737b23a59e2071da7754f4ff2,kill-switch-transform-error-r01,2026-09-11T13:22:01.798262554Z,62000.512,transform-error,true,0,0,0,0,0,1243,95,57,20,0,0,18,20
retained-e8c21674a86f5d4737b23a59e2071da7754f4ff2,kill-switch-transform-error-r01,2026-09-11T13:22:02.798500453Z,63000.750,transform-error,true,0,0,0,0,0,1263,97,57,20,0,0,20,20
retained-e8c21674a86f5d4737b23a59e2071da7754f4ff2,kill-switch-transform-error-r01,2026-09-11T13:22:03.798564639Z,64000.814,transform-error,true,0,0,0,0,0,1283,98,57,20,0,0,21,20
retained-e8c21674a86f5d4737b23a59e2071da7754f4ff2,kill-switch-transform-error-r01,2026-09-11T13:22:04.798670145Z,65000.919,transform-error,true,0,0,0,0,0,1303,101,57,20,0,0,24,20
retained-e8c21674a86f5d4737b23a59e2071da7754f4ff2,kill-switch-transform-error-r01,2026-09-11T13:22:05.797838466Z,66000.088,transform-error,true,0,0,0,0,0,1323,101,57,20,0,0,24,20
retained-e8c21674a86f5d4737b23a59e2071da7754f4ff2,kill-switch-transform-error-r01,2026-09-11T13:22:06.798263919Z,67000.513,transform-error,true,0,0,0,0,0,1343,103,57,20,0,0,26,20
retained-e8c21674a86f5d4737b23a59e2071da7754f4ff2,kill-switch-transform-error-r01,2026-09-11T13:22:07.798659007Z,68000.908,transform-error,true,0,0,0,0,0,1363,104,57,20,0,0,27,20
retained-e8c21674a86f5d4737b23a59e2071da7754f4ff2,kill-switch-transform-error-r01,2026-09-11T13:22:12.117871861Z,69000.346,transform-error,true,0,0,0,0,0,1383,106,57,20,0,0,29,20
retained-e8c21674a86f5d4737b23a59e2071da7754f4ff2,kill-switch-transform-error-r01,2026-09-11T13:22:13.118345395Z,70000.819,transform-error,true,0,0,0,0,0,1403,107,57,20,0,0,30,20
retained-e8c21674a86f5d4737b23a59e2071da7754f4ff2,kill-switch-transform-error-r01,2026-09-11T13:22:14.118718922Z,71001.193,transform-error,true,0,0,0,0,0,1423,109,57,20,0,0,32,20
retained-e8c21674a86f5d4737b23a59e2071da7754f4ff2,kill-switch-transform-error-r01,2026-09-11T13:22:15.118533932Z,72001.008,transform-error,true,0,0,0,0,0,1443,110,57,20,0,0,33,20
retained-e8c21674a86f5d4737b23a59e2071da7754f4ff2,kill-switch-transform-error-r01,2026-09-11T13:22:16.118304433Z,73000.778,transform-error,true,0,0,0,0,0,1463,112,57,20,0,0,35,20
retained-e8c21674a86f5d4737b23a59e2071da7754f4ff2,kill-switch-transform-error-r01,2026-09-11T13:22:17.118591498Z,74001.065,transform-error,true,0,0,0,0,0,1483,113,57,20,0,0,36,20
retained-e8c21674a86f5d4737b23a59e2071da7754f4ff2,kill-switch-transform-error-r01,2026-09-11T13:22:18.117905225Z,75000.379,transform-error,true,0,0,0,0,0,1503,115,57,20,0,0,38,20
retained-e8c21674a86f5d4737b23a59e2071da7754f4ff2,kill-switch-transform-error-r01,2026-09-11T13:22:19.118553113Z,76001.027,transform-error,true,0,0,0,0,0,1523,116,57,20,0,0,39,20
retained-e8c21674a86f5d4737b23a59e2071da7754f4ff2,kill-switch-transform-error-r01,2026-09-11T13:22:20.118507614Z,77000.981,transform-error,true,0,0,0,0,0,1543,118,57,20,0,0,41,20
retained-e8c21674a86f5d4737b23a59e2071da7754f4ff2,kill-switch-transform-error-r01,2026-09-11T13:22:21.118493879Z,78000.968,transform-error,true,0,0,0,0,0,1563,119,57,20,0,0,42,20
retained-e8c21674a86f5d4737b23a59e2071da7754f4ff2,kill-switch-transform-error-r01,2026-09-11T13:22:22.11858465Z,79001.058,transform-error,true,0,0,0,0,0,1583,122,57,20,0,0,45,20
retained-e8c21674a86f5d4737b23a59e2071da7754f4ff2,kill-switch-transform-error-r01,2026-09-11T13:22:23.11804144Z,80000.515,transform-error,true,0,0,0,0,0,1603,122,57,20,0,0,45,20
retained-e8c21674a86f5d4737b23a59e2071da7754f4ff2,kill-switch-transform-error-r01,2026-09-11T13:22:24.1186206Z,81001.094,transform-error,true,0,0,0,0,0,1623,125,57,20,0,0,48,20
retained-e8c21674a86f5d4737b23a59e2071da7754f4ff2,kill-switch-transform-error-r01,2026-09-11T13:22:25.117993429Z,82000.467,transform-error,true,0,0,0,0,0,1643,125,57,20,0,0,48,20
retained-e8c21674a86f5d4737b23a59e2071da7754f4ff2,kill-switch-transform-error-r01,2026-09-11T13:22:26.118584126Z,83001.058,transform-error,true,0,0,0,0,0,1663,127,57,20,0,0,50,20
retained-e8c21674a86f5d4737b23a59e2071da7754f4ff2,kill-switch-transform-error-r01,2026-09-11T13:22:27.117971136Z,84000.445,transform-error,true,0,0,0,0,0,1683,128,57,20,0,0,51,20
retained-e8c21674a86f5d4737b23a59e2071da7754f4ff2,kill-switch-transform-error-r01,2026-09-11T13:22:28.117625518Z,85000.099,transform-error,true,0,0,0,0,0,1703,130,57,20,0,0,53,20
retained-e8c21674a86f5d4737b23a59e2071da7754f4ff2,kill-switch-transform-error-r01,2026-09-11T13:22:29.118032129Z,86000.506,transform-error,true,0,0,0,0,0,1723,131,57,20,0,0,54,20
retained-e8c21674a86f5d4737b23a59e2071da7754f4ff2,kill-switch-transform-error-r01,2026-09-11T13:22:30.118360983Z,87000.835,transform-error,true,0,0,0,0,0,1743,133,57,20,0,0,56,20
retained-e8c21674a86f5d4737b23a59e2071da7754f4ff2,kill-switch-transform-error-r01,2026-09-11T13:22:31.118370662Z,88000.844,transform-error,true,0,0,0,0,0,1763,134,57,20,0,0,57,20
retained-e8c21674a86f5d4737b23a59e2071da7754f4ff2,kill-switch-transform-error-r01,2026-09-11T13:22:32.118153157Z,89000.627,transform-error,true,0,0,0,0,0,1783,137,57,20,0,0,60,20
retained-e8c21674a86f5d4737b23a59e2071da7754f4ff2,kill-switch-transform-error-r01,2026-09-11T13:22:33.118497332Z,90000.971,transform-error,true,0,0,0,0,0,1803,137,57,20,0,0,60,20
retained-e8c21674a86f5d4737b23a59e2071da7754f4ff2,kill-switch-transform-error-r01,2026-09-11T13:22:34.117923859Z,91000.398,none,true,0,0,0,0,0,1823,139,57,20,0,0,62,20
retained-e8c21674a86f5d4737b23a59e2071da7754f4ff2,kill-switch-transform-error-r01,2026-09-11T13:22:35.118195095Z,92000.669,none,true,0,0,0,0,0,1843,140,57,20,0,0,63,20
retained-e8c21674a86f5d4737b23a59e2071da7754f4ff2,kill-switch-transform-error-r01,2026-09-11T13:22:36.117808966Z,93000.283,none,true,0,0,0,0,0,1863,142,57,20,0,0,65,20
retained-e8c21674a86f5d4737b23a59e2071da7754f4ff2,kill-switch-transform-error-r01,2026-09-11T13:22:37.117763762Z,94000.238,none,true,0,0,0,0,0,1883,143,57,20,0,0,66,20
retained-e8c21674a86f5d4737b23a59e2071da7754f4ff2,kill-switch-transform-error-r01,2026-09-11T13:22:38.118242976Z,95000.717,none,true,0,0,0,0,0,1903,145,57,20,0,0,68,20
retained-e8c21674a86f5d4737b23a59e2071da7754f4ff2,kill-switch-transform-error-r01,2026-09-11T13:22:39.117968515Z,96000.442,none,true,0,0,0,0,0,1923,146,57,20,0,0,69,20
retained-e8c21674a86f5d4737b23a59e2071da7754f4ff2,kill-switch-transform-error-r01,2026-09-11T13:22:40.117913582Z,97000.387,none,true,0,0,0,0,0,1943,148,57,20,0,0,71,20
retained-e8c21674a86f5d4737b23a59e2071da7754f4ff2,kill-switch-transform-error-r01,2026-09-11T13:22:41.118790394Z,98001.264,none,true,0,0,0,0,0,1963,149,57,20,0,0,72,20
retained-e8c21674a86f5d4737b23a59e2071da7754f4ff2,kill-switch-transform-error-r01,2026-09-11T13:22:45.478425067Z,99000.903,none,true,0,0,0,0,0,1983,152,57,20,0,0,75,20
retained-e8c21674a86f5d4737b23a59e2071da7754f4ff2,kill-switch-transform-error-r01,2026-09-11T13:22:46.478730984Z,100001.209,none,false,0,0,0,0,0,2003,152,57,20,0,0,75,20
retained-e8c21674a86f5d4737b23a59e2071da7754f4ff2,kill-switch-transform-error-r01,2026-09-11T13:22:47.477745519Z,101000.223,none,false,0,0,0,0,0,2023,154,59,20,0,0,75,20
retained-e8c21674a86f5d4737b23a59e2071da7754f4ff2,kill-switch-transform-error-r01,2026-09-11T13:22:48.478579788Z,102001.058,none,false,0,0,0,0,0,2043,155,60,20,0,0,75,20
retained-e8c21674a86f5d4737b23a59e2071da7754f4ff2,kill-switch-transform-error-r01,2026-09-11T13:22:49.47855115Z,103001.029,none,false,0,0,0,0,0,2063,157,62,20,0,0,75,20
retained-e8c21674a86f5d4737b23a59e2071da7754f4ff2,kill-switch-transform-error-r01,2026-09-11T13:22:50.478670472Z,104001.148,none,false,0,0,0,0,0,2083,158,63,20,0,0,75,20
retained-e8c21674a86f5d4737b23a59e2071da7754f4ff2,kill-switch-transform-error-r01,2026-09-11T13:22:51.477821219Z,105000.299,none,false,0,0,0,0,0,2103,160,65,20,0,0,75,20
retained-e8c21674a86f5d4737b23a59e2071da7754f4ff2,kill-switch-transform-error-r01,2026-09-11T13:22:52.478445169Z,106000.923,none,false,0,0,0,0,0,2123,161,66,20,0,0,75,20
retained-e8c21674a86f5d4737b23a59e2071da7754f4ff2,kill-switch-transform-error-r01,2026-09-11T13:22:53.478054092Z,107000.532,none,false,0,0,0,0,0,2143,163,68,20,0,0,75,20
retained-e8c21674a86f5d4737b23a59e2071da7754f4ff2,kill-switch-transform-error-r01,2026-09-11T13:22:54.478709978Z,108001.188,none,false,0,0,0,0,0,2163,164,69,20,0,0,75,20
retained-e8c21674a86f5d4737b23a59e2071da7754f4ff2,kill-switch-transform-error-r01,2026-09-11T13:22:55.477680204Z,109000.158,none,false,0,0,0,0,0,2183,166,71,20,0,0,75,20
retained-e8c21674a86f5d4737b23a59e2071da7754f4ff2,kill-switch-transform-error-r01,2026-09-11T13:22:56.478632583Z,110001.110,none,false,0,0,0,0,0,2203,167,72,20,0,0,75,20
retained-e8c21674a86f5d4737b23a59e2071da7754f4ff2,kill-switch-transform-error-r01,2026-09-11T13:22:57.478541976Z,111001.020,none,false,0,0,0,0,0,2223,169,74,20,0,0,75,20
retained-e8c21674a86f5d4737b23a59e2071da7754f4ff2,kill-switch-transform-error-r01,2026-09-11T13:22:58.478183883Z,112000.662,none,false,0,0,0,0,0,2243,170,75,20,0,0,75,20
retained-e8c21674a86f5d4737b23a59e2071da7754f4ff2,kill-switch-transform-error-r01,2026-09-11T13:22:59.47770134Z,113000.179,none,false,0,0,0,0,0,2263,172,77,20,0,0,75,20
retained-e8c21674a86f5d4737b23a59e2071da7754f4ff2,kill-switch-transform-error-r01,2026-09-11T13:23:00.47839487Z,114000.873,none,false,0,0,0,0,0,2283,173,78,20,0,0,75,20
retained-e8c21674a86f5d4737b23a59e2071da7754f4ff2,kill-switch-transform-error-r01,2026-09-11T13:23:01.478062773Z,115000.541,none,false,0,0,0,0,0,2303,175,80,20,0,0,75,20
retained-e8c21674a86f5d4737b23a59e2071da7754f4ff2,kill-switch-transform-error-r01,2026-09-11T13:23:02.478006971Z,116000.485,none,false,0,0,0,0,0,2323,176,81,20,0,0,75,20
retained-e8c21674a86f5d4737b23a59e2071da7754f4ff2,kill-switch-transform-error-r01,2026-09-11T13:23:03.478531543Z,117001.009,none,false,0,0,0,0,0,2343,178,83,20,0,0,75,20
retained-e8c21674a86f5d4737b23a59e2071da7754f4ff2,kill-switch-transform-error-r01,2026-09-11T13:23:04.478218563Z,118000.696,none,false,0,0,0,0,0,2363,179,84,20,0,0,75,20
retained-e8c21674a86f5d4737b23a59e2071da7754f4ff2,kill-switch-transform-error-r01,2026-09-11T13:23:05.478195177Z,119000.673,none,false,0,0,0,0,0,2383,181,86,20,0,0,75,20
retained-e8c21674a86f5d4737b23a59e2071da7754f4ff2,kill-switch-transform-error-r01,2026-09-11T13:23:06.478519274Z,120000.997,none,false,0,0,0,0,0,2403,182,87,20,0,0,75,20
retained-e8c21674a86f5d4737b23a59e2071da7754f4ff2,kill-switch-transform-error-r01,2026-09-11T13:23:07.47832357Z,121000.801,none,false,0,0,0,0,0,2423,184,89,20,0,0,75,20
retained-e8c21674a86f5d4737b23a59e2071da7754f4ff2,kill-switch-transform-error-r01,2026-09-11T13:23:08.47847373Z,122000.952,none,false,0,0,0,0,0,2443,185,90,20,0,0,75,20
retained-e8c21674a86f5d4737b23a59e2071da7754f4ff2,kill-switch-transform-error-r01,2026-09-11T13:23:09.47821942Z,123000.697,none,false,0,0,0,0,0,2463,187,92,20,0,0,75,20
retained-e8c21674a86f5d4737b23a59e2071da7754f4ff2,kill-switch-transform-error-r01,2026-09-11T13:23:10.478012997Z,124000.491,none,false,0,0,0,0,0,2483,188,93,20,0,0,75,20
retained-e8c21674a86f5d4737b23a59e2071da7754f4ff2,kill-switch-transform-error-r01,2026-09-11T13:23:11.478700747Z,125001.179,none,false,0,0,0,0,0,2503,190,95,20,0,0,75,20
retained-e8c21674a86f5d4737b23a59e2071da7754f4ff2,kill-switch-transform-error-r01,2026-09-11T13:23:12.478309117Z,126000.787,none,false,0,0,0,0,0,2523,191,96,20,0,0,75,20
retained-e8c21674a86f5d4737b23a59e2071da7754f4ff2,kill-switch-transform-error-r01,2026-09-11T13:23:13.477859915Z,127000.338,none,false,0,0,0,0,0,2543,193,98,20,0,0,75,20
retained-e8c21674a86f5d4737b23a59e2071da7754f4ff2,kill-switch-transform-error-r01,2026-09-11T13:23:14.4781824Z,128000.660,none,false,0,0,0,0,0,2563,194,99,20,0,0,75,20
retained-e8c21674a86f5d4737b23a59e2071da7754f4ff2,kill-switch-transform-error-r01,2026-09-11T13:23:18.804341118Z,129000.380,none,false,0,0,0,0,0,2583,196,101,20,0,0,75,20
retained-e8c21674a86f5d4737b23a59e2071da7754f4ff2,kill-switch-transform-error-r01,2026-09-11T13:23:19.804791507Z,130000.830,none,false,0,0,0,0,0,2603,197,102,20,0,0,75,20
retained-e8c21674a86f5d4737b23a59e2071da7754f4ff2,kill-switch-transform-error-r01,2026-09-11T13:23:20.804603315Z,131000.642,none,false,0,0,0,0,0,2623,199,104,20,0,0,75,20
retained-e8c21674a86f5d4737b23a59e2071da7754f4ff2,kill-switch-transform-error-r01,2026-09-11T13:23:21.804891238Z,132000.930,none,false,0,0,0,0,0,2643,200,105,20,0,0,75,20
retained-e8c21674a86f5d4737b23a59e2071da7754f4ff2,kill-switch-transform-error-r01,2026-09-11T13:23:22.804245682Z,133000.284,none,false,0,0,0,0,0,2663,202,107,20,0,0,75,20
retained-e8c21674a86f5d4737b23a59e2071da7754f4ff2,kill-switch-transform-error-r01,2026-09-11T13:23:23.805106569Z,134001.145,none,false,0,0,0,0,0,2683,203,108,20,0,0,75,20
retained-e8c21674a86f5d4737b23a59e2071da7754f4ff2,kill-switch-transform-error-r01,2026-09-11T13:23:24.80446796Z,135000.507,none,false,0,0,0,0,0,2703,205,110,20,0,0,75,20
retained-e8c21674a86f5d4737b23a59e2071da7754f4ff2,kill-switch-transform-error-r01,2026-09-11T13:23:25.804771728Z,136000.810,none,false,0,0,0,0,0,2723,206,111,20,0,0,75,20
retained-e8c21674a86f5d4737b23a59e2071da7754f4ff2,kill-switch-transform-error-r01,2026-09-11T13:23:26.804365058Z,137000.404,none,false,0,0,0,0,0,2743,208,113,20,0,0,75,20
retained-e8c21674a86f5d4737b23a59e2071da7754f4ff2,kill-switch-transform-error-r01,2026-09-11T13:23:27.80430648Z,138000.345,none,false,0,0,0,0,0,2763,209,114,20,0,0,75,20
retained-e8c21674a86f5d4737b23a59e2071da7754f4ff2,kill-switch-transform-error-r01,2026-09-11T13:23:28.804504186Z,139000.543,none,false,0,0,0,0,0,2783,211,116,20,0,0,75,20
retained-e8c21674a86f5d4737b23a59e2071da7754f4ff2,kill-switch-transform-error-r01,2026-09-11T13:23:29.805014111Z,140001.053,none,false,0,0,0,0,0,2803,212,117,20,0,0,75,20
retained-e8c21674a86f5d4737b23a59e2071da7754f4ff2,kill-switch-transform-error-r01,2026-09-11T13:23:30.804257659Z,141000.296,none,false,0,0,0,0,0,2823,214,119,20,0,0,75,20
retained-e8c21674a86f5d4737b23a59e2071da7754f4ff2,kill-switch-transform-error-r01,2026-09-11T13:23:31.804934437Z,142000.973,none,false,0,0,1,0,0,2843,216,120,20,0,0,75,20
retained-e8c21674a86f5d4737b23a59e2071da7754f4ff2,kill-switch-transform-error-r01,2026-09-11T13:23:32.804618727Z,143000.657,none,false,0,0,0,0,0,2863,217,122,20,0,0,75,20
retained-e8c21674a86f5d4737b23a59e2071da7754f4ff2,kill-switch-transform-error-r01,2026-09-11T13:23:33.804850943Z,144000.890,none,false,0,0,0,0,0,2883,218,123,20,0,0,75,20
retained-e8c21674a86f5d4737b23a59e2071da7754f4ff2,kill-switch-transform-error-r01,2026-09-11T13:23:34.805002066Z,145001.041,none,false,0,0,0,0,0,2903,220,125,20,0,0,75,20
retained-e8c21674a86f5d4737b23a59e2071da7754f4ff2,kill-switch-transform-error-r01,2026-09-11T13:23:35.804442088Z,146000.481,none,false,0,0,0,0,0,2923,221,126,20,0,0,75,20
retained-e8c21674a86f5d4737b23a59e2071da7754f4ff2,kill-switch-transform-error-r01,2026-09-11T13:23:36.804742051Z,147000.781,none,false,0,0,0,0,0,2943,223,128,20,0,0,75,20
retained-e8c21674a86f5d4737b23a59e2071da7754f4ff2,kill-switch-transform-error-r01,2026-09-11T13:23:37.804300629Z,148000.339,none,false,0,0,0,0,0,2963,224,129,20,0,0,75,20
retained-e8c21674a86f5d4737b23a59e2071da7754f4ff2,kill-switch-transform-error-r01,2026-09-11T13:23:38.804185188Z,149000.224,none,false,0,0,0,0,0,2983,226,131,20,0,0,75,20
retained-e8c21674a86f5d4737b23a59e2071da7754f4ff2,kill-switch-transform-error-r01,2026-09-11T13:23:39.804705946Z,150000.745,none,false,0,0,0,0,0,3003,227,132,20,0,0,75,20
retained-e8c21674a86f5d4737b23a59e2071da7754f4ff2,kill-switch-transform-error-r01,2026-09-11T13:23:39.804726394Z,150000.765,none,false,0,0,0,0,0,3003,227,132,20,0,0,75,20
retained-e8c21674a86f5d4737b23a59e2071da7754f4ff2,baseline-transform-error-r01,2026-09-11T13:23:40.944512613Z,0.029,none,false,0,0,0,0,0,4,4,4,0,0,0,0,0
retained-e8c21674a86f5d4737b23a59e2071da7754f4ff2,baseline-transform-error-r01,2026-09-11T13:23:41.94518849Z,1000.705,none,false,0,0,0,0,0,23,4,4,0,0,0,0,0
retained-e8c21674a86f5d4737b23a59e2071da7754f4ff2,baseline-transform-error-r01,2026-09-11T13:23:42.944974452Z,2000.491,none,false,0,0,0,0,0,44,5,5,0,0,0,0,0
retained-e8c21674a86f5d4737b23a59e2071da7754f4ff2,baseline-transform-error-r01,2026-09-11T13:23:43.945272767Z,3000.789,none,false,0,0,0,0,0,63,7,7,0,0,0,0,0
retained-e8c21674a86f5d4737b23a59e2071da7754f4ff2,baseline-transform-error-r01,2026-09-11T13:23:44.944959558Z,4000.476,none,false,0,0,0,0,0,83,8,8,0,0,0,0,0
retained-e8c21674a86f5d4737b23a59e2071da7754f4ff2,baseline-transform-error-r01,2026-09-11T13:23:45.944822635Z,5000.339,none,false,0,0,0,0,0,103,10,10,0,0,0,0,0
retained-e8c21674a86f5d4737b23a59e2071da7754f4ff2,baseline-transform-error-r01,2026-09-11T13:23:46.944965695Z,6000.482,none,false,0,0,0,0,0,123,11,11,0,0,0,0,0
retained-e8c21674a86f5d4737b23a59e2071da7754f4ff2,baseline-transform-error-r01,2026-09-11T13:23:47.945194881Z,7000.712,none,false,0,0,0,0,0,143,13,13,0,0,0,0,0
retained-e8c21674a86f5d4737b23a59e2071da7754f4ff2,baseline-transform-error-r01,2026-09-11T13:23:52.279684774Z,8001.238,none,false,0,0,0,0,0,163,14,14,0,0,0,0,0
retained-e8c21674a86f5d4737b23a59e2071da7754f4ff2,baseline-transform-error-r01,2026-09-11T13:23:53.279170441Z,9000.724,none,false,0,0,0,0,0,183,16,16,0,0,0,0,0
retained-e8c21674a86f5d4737b23a59e2071da7754f4ff2,baseline-transform-error-r01,2026-09-11T13:23:54.279164415Z,10000.718,none,false,0,0,0,0,0,203,17,17,0,0,0,0,0
retained-e8c21674a86f5d4737b23a59e2071da7754f4ff2,baseline-transform-error-r01,2026-09-11T13:23:55.278628928Z,11000.182,none,false,0,0,0,0,0,223,19,19,0,0,0,0,0
retained-e8c21674a86f5d4737b23a59e2071da7754f4ff2,baseline-transform-error-r01,2026-09-11T13:23:56.279231855Z,12000.785,none,false,0,0,0,0,0,243,20,20,0,0,0,0,0
retained-e8c21674a86f5d4737b23a59e2071da7754f4ff2,baseline-transform-error-r01,2026-09-11T13:23:57.278778725Z,13000.332,none,false,0,0,0,0,0,263,22,22,0,0,0,0,0
retained-e8c21674a86f5d4737b23a59e2071da7754f4ff2,baseline-transform-error-r01,2026-09-11T13:23:58.278941602Z,14000.495,none,false,0,0,0,0,0,283,23,23,0,0,0,0,0
retained-e8c21674a86f5d4737b23a59e2071da7754f4ff2,baseline-transform-error-r01,2026-09-11T13:23:59.278522677Z,15000.076,none,false,0,0,0,0,0,303,25,25,0,0,0,0,0
retained-e8c21674a86f5d4737b23a59e2071da7754f4ff2,baseline-transform-error-r01,2026-09-11T13:24:00.279511332Z,16001.064,none,false,0,0,0,0,0,323,26,26,0,0,0,0,0
retained-e8c21674a86f5d4737b23a59e2071da7754f4ff2,baseline-transform-error-r01,2026-09-11T13:24:01.279511038Z,17001.064,none,false,0,0,0,0,0,343,28,28,0,0,0,0,0
retained-e8c21674a86f5d4737b23a59e2071da7754f4ff2,baseline-transform-error-r01,2026-09-11T13:24:02.278849747Z,18000.403,none,false,0,0,0,0,0,363,29,29,0,0,0,0,0
retained-e8c21674a86f5d4737b23a59e2071da7754f4ff2,baseline-transform-error-r01,2026-09-11T13:24:03.278931438Z,19000.485,none,false,0,0,0,0,0,383,31,31,0,0,0,0,0
retained-e8c21674a86f5d4737b23a59e2071da7754f4ff2,baseline-transform-error-r01,2026-09-11T13:24:04.27941353Z,20000.967,none,false,0,0,0,0,0,403,32,32,0,0,0,0,0
retained-e8c21674a86f5d4737b23a59e2071da7754f4ff2,baseline-transform-error-r01,2026-09-11T13:24:05.278849447Z,21000.403,none,false,0,0,0,0,0,423,34,34,0,0,0,0,0
retained-e8c21674a86f5d4737b23a59e2071da7754f4ff2,baseline-transform-error-r01,2026-09-11T13:24:06.27915137Z,22000.704,none,false,0,0,0,0,0,443,35,35,0,0,0,0,0
retained-e8c21674a86f5d4737b23a59e2071da7754f4ff2,baseline-transform-error-r01,2026-09-11T13:24:07.278713088Z,23000.266,none,false,0,0,0,0,0,463,37,37,0,0,0,0,0
retained-e8c21674a86f5d4737b23a59e2071da7754f4ff2,baseline-transform-error-r01,2026-09-11T13:24:08.279686553Z,24001.240,none,false,0,0,0,0,0,483,38,38,0,0,0,0,0
retained-e8c21674a86f5d4737b23a59e2071da7754f4ff2,baseline-transform-error-r01,2026-09-11T13:24:09.279380534Z,25000.934,none,false,0,0,0,0,0,503,40,40,0,0,0,0,0
retained-e8c21674a86f5d4737b23a59e2071da7754f4ff2,baseline-transform-error-r01,2026-09-11T13:24:10.279250258Z,26000.803,none,false,0,0,0,0,0,523,41,41,0,0,0,0,0
retained-e8c21674a86f5d4737b23a59e2071da7754f4ff2,baseline-transform-error-r01,2026-09-11T13:24:11.278524995Z,27000.078,none,false,0,0,0,0,0,543,43,43,0,0,0,0,0
retained-e8c21674a86f5d4737b23a59e2071da7754f4ff2,baseline-transform-error-r01,2026-09-11T13:24:12.278989207Z,28000.542,none,false,0,0,0,0,0,563,44,44,0,0,0,0,0
retained-e8c21674a86f5d4737b23a59e2071da7754f4ff2,baseline-transform-error-r01,2026-09-11T13:24:13.279565345Z,29001.118,none,false,0,0,0,0,0,583,46,46,0,0,0,0,0
retained-e8c21674a86f5d4737b23a59e2071da7754f4ff2,baseline-transform-error-r01,2026-09-11T13:24:14.278962382Z,30000.515,none,false,0,0,0,0,0,603,47,47,0,0,0,0,0
retained-e8c21674a86f5d4737b23a59e2071da7754f4ff2,baseline-transform-error-r01,2026-09-11T13:24:15.278867308Z,31000.420,transform-error,false,0,0,0,0,0,623,49,48,1,0,0,0,1
retained-e8c21674a86f5d4737b23a59e2071da7754f4ff2,baseline-transform-error-r01,2026-09-11T13:24:16.278738227Z,32000.291,transform-error,false,0,0,0,0,0,643,50,48,2,0,0,0,2
retained-e8c21674a86f5d4737b23a59e2071da7754f4ff2,baseline-transform-error-r01,2026-09-11T13:24:17.278530919Z,33000.084,transform-error,false,0,0,0,0,0,663,52,49,3,0,0,0,3
retained-e8c21674a86f5d4737b23a59e2071da7754f4ff2,baseline-transform-error-r01,2026-09-11T13:24:18.279433087Z,34000.986,transform-error,false,0,0,0,0,0,683,53,49,4,0,0,0,4
retained-e8c21674a86f5d4737b23a59e2071da7754f4ff2,baseline-transform-error-r01,2026-09-11T13:24:19.278555876Z,35000.109,transform-error,false,0,0,0,0,0,703,55,50,5,0,0,0,5
retained-e8c21674a86f5d4737b23a59e2071da7754f4ff2,baseline-transform-error-r01,2026-09-11T13:24:20.279014801Z,36000.568,transform-error,false,0,0,0,0,0,723,56,50,6,0,0,0,6
retained-e8c21674a86f5d4737b23a59e2071da7754f4ff2,baseline-transform-error-r01,2026-09-11T13:24:21.278952503Z,37000.506,transform-error,false,0,0,0,0,0,743,58,51,7,0,0,0,7
retained-e8c21674a86f5d4737b23a59e2071da7754f4ff2,baseline-transform-error-r01,2026-09-11T13:24:25.621067484Z,38000.901,transform-error,false,0,0,0,0,0,763,59,51,8,0,0,0,8
retained-e8c21674a86f5d4737b23a59e2071da7754f4ff2,baseline-transform-error-r01,2026-09-11T13:24:26.620533942Z,39000.367,transform-error,false,0,0,0,0,0,783,61,52,9,0,0,0,9
retained-e8c21674a86f5d4737b23a59e2071da7754f4ff2,baseline-transform-error-r01,2026-09-11T13:24:27.621301526Z,40001.135,transform-error,false,0,0,0,0,0,803,62,52,10,0,0,0,10
retained-e8c21674a86f5d4737b23a59e2071da7754f4ff2,baseline-transform-error-r01,2026-09-11T13:24:28.620773023Z,41000.606,transform-error,false,0,0,0,0,0,823,64,53,11,0,0,0,11
retained-e8c21674a86f5d4737b23a59e2071da7754f4ff2,baseline-transform-error-r01,2026-09-11T13:24:29.621165834Z,42000.999,transform-error,false,0,0,0,0,0,843,65,53,12,0,0,0,12
retained-e8c21674a86f5d4737b23a59e2071da7754f4ff2,baseline-transform-error-r01,2026-09-11T13:24:30.621411938Z,43001.245,transform-error,false,0,0,0,0,0,863,67,54,13,0,0,0,13
retained-e8c21674a86f5d4737b23a59e2071da7754f4ff2,baseline-transform-error-r01,2026-09-11T13:24:31.6210243Z,44000.858,transform-error,false,0,0,0,0,0,883,68,54,14,0,0,0,14
retained-e8c21674a86f5d4737b23a59e2071da7754f4ff2,baseline-transform-error-r01,2026-09-11T13:24:32.620258026Z,45000.091,transform-error,false,0,0,0,0,0,903,70,55,15,0,0,0,15
retained-e8c21674a86f5d4737b23a59e2071da7754f4ff2,baseline-transform-error-r01,2026-09-11T13:24:33.620956548Z,46000.790,transform-error,false,0,0,0,0,0,923,71,55,16,0,0,0,16
retained-e8c21674a86f5d4737b23a59e2071da7754f4ff2,baseline-transform-error-r01,2026-09-11T13:24:34.620572892Z,47000.406,transform-error,false,0,0,0,0,0,943,73,56,17,0,0,0,17
retained-e8c21674a86f5d4737b23a59e2071da7754f4ff2,baseline-transform-error-r01,2026-09-11T13:24:35.621217429Z,48001.051,transform-error,false,0,0,0,0,0,963,74,56,18,0,0,0,18
retained-e8c21674a86f5d4737b23a59e2071da7754f4ff2,baseline-transform-error-r01,2026-09-11T13:24:36.620238317Z,49000.072,transform-error,false,0,0,0,0,0,983,76,57,19,0,0,0,19
retained-e8c21674a86f5d4737b23a59e2071da7754f4ff2,baseline-transform-error-r01,2026-09-11T13:24:37.62101971Z,50000.853,transform-error,false,0,0,0,0,0,1003,77,57,20,0,0,0,20
retained-e8c21674a86f5d4737b23a59e2071da7754f4ff2,baseline-transform-error-r01,2026-09-11T13:24:38.620595264Z,51000.429,transform-error,false,0,0,0,0,0,1023,79,58,21,0,0,0,21
retained-e8c21674a86f5d4737b23a59e2071da7754f4ff2,baseline-transform-error-r01,2026-09-11T13:24:39.620429133Z,52000.262,transform-error,false,0,0,0,0,0,1043,80,58,22,0,0,0,22
retained-e8c21674a86f5d4737b23a59e2071da7754f4ff2,baseline-transform-error-r01,2026-09-11T13:24:40.621070336Z,53000.904,transform-error,false,0,0,0,0,0,1063,82,59,23,0,0,0,23
retained-e8c21674a86f5d4737b23a59e2071da7754f4ff2,baseline-transform-error-r01,2026-09-11T13:24:41.6209997Z,54000.833,transform-error,false,0,0,0,0,0,1083,83,59,24,0,0,0,24
retained-e8c21674a86f5d4737b23a59e2071da7754f4ff2,baseline-transform-error-r01,2026-09-11T13:24:42.620287964Z,55000.121,transform-error,false,0,0,0,0,0,1103,85,60,25,0,0,0,25
retained-e8c21674a86f5d4737b23a59e2071da7754f4ff2,baseline-transform-error-r01,2026-09-11T13:24:43.620493403Z,56000.327,transform-error,false,0,0,0,0,0,1123,86,60,26,0,0,0,26
retained-e8c21674a86f5d4737b23a59e2071da7754f4ff2,baseline-transform-error-r01,2026-09-11T13:24:44.621121426Z,57000.955,transform-error,false,0,0,1,0,0,1143,89,61,27,0,0,0,27
retained-e8c21674a86f5d4737b23a59e2071da7754f4ff2,baseline-transform-error-r01,2026-09-11T13:24:45.620735017Z,58000.568,transform-error,false,0,0,0,0,0,1163,89,61,28,0,0,0,28
retained-e8c21674a86f5d4737b23a59e2071da7754f4ff2,baseline-transform-error-r01,2026-09-11T13:24:46.620257896Z,59000.091,transform-error,false,0,0,0,0,0,1183,91,62,29,0,0,0,29
retained-e8c21674a86f5d4737b23a59e2071da7754f4ff2,baseline-transform-error-r01,2026-09-11T13:24:47.620474321Z,60000.308,transform-error,false,0,0,0,0,0,1203,92,62,30,0,0,0,30
retained-e8c21674a86f5d4737b23a59e2071da7754f4ff2,baseline-transform-error-r01,2026-09-11T13:24:48.621066433Z,61000.900,transform-error,false,0,0,0,0,0,1223,94,63,31,0,0,0,31
retained-e8c21674a86f5d4737b23a59e2071da7754f4ff2,baseline-transform-error-r01,2026-09-11T13:24:49.620460599Z,62000.294,transform-error,false,0,0,0,0,0,1243,95,63,32,0,0,0,32
retained-e8c21674a86f5d4737b23a59e2071da7754f4ff2,baseline-transform-error-r01,2026-09-11T13:24:50.62090788Z,63000.741,transform-error,false,0,0,0,0,0,1263,97,64,33,0,0,0,33
retained-e8c21674a86f5d4737b23a59e2071da7754f4ff2,baseline-transform-error-r01,2026-09-11T13:24:51.620557831Z,64000.391,transform-error,false,0,0,0,0,0,1283,98,64,34,0,0,0,34
retained-e8c21674a86f5d4737b23a59e2071da7754f4ff2,baseline-transform-error-r01,2026-09-11T13:24:52.620555816Z,65000.389,transform-error,false,0,0,0,0,0,1303,100,65,35,0,0,0,35
retained-e8c21674a86f5d4737b23a59e2071da7754f4ff2,baseline-transform-error-r01,2026-09-11T13:24:53.621288606Z,66001.122,transform-error,false,0,0,0,0,0,1323,101,65,36,0,0,0,36
retained-e8c21674a86f5d4737b23a59e2071da7754f4ff2,baseline-transform-error-r01,2026-09-11T13:24:54.620398831Z,67000.232,transform-error,false,0,0,0,0,0,1343,103,66,37,0,0,0,37
retained-e8c21674a86f5d4737b23a59e2071da7754f4ff2,baseline-transform-error-r01,2026-09-11T13:24:58.959572476Z,68000.521,transform-error,false,0,0,0,0,0,1363,104,66,38,0,0,0,38
retained-e8c21674a86f5d4737b23a59e2071da7754f4ff2,baseline-transform-error-r01,2026-09-11T13:24:59.959978383Z,69000.927,transform-error,false,0,0,0,0,0,1383,106,67,39,0,0,0,39
retained-e8c21674a86f5d4737b23a59e2071da7754f4ff2,baseline-transform-error-r01,2026-09-11T13:25:00.959389262Z,70000.338,transform-error,false,0,0,0,0,0,1403,107,67,40,0,0,0,40
retained-e8c21674a86f5d4737b23a59e2071da7754f4ff2,baseline-transform-error-r01,2026-09-11T13:25:01.959391652Z,71000.340,transform-error,false,0,0,0,0,0,1423,109,68,41,0,0,0,41
retained-e8c21674a86f5d4737b23a59e2071da7754f4ff2,baseline-transform-error-r01,2026-09-11T13:25:02.959735084Z,72000.684,transform-error,false,0,0,0,0,0,1443,110,68,42,0,0,0,42
retained-e8c21674a86f5d4737b23a59e2071da7754f4ff2,baseline-transform-error-r01,2026-09-11T13:25:03.960145231Z,73001.094,transform-error,false,0,0,0,0,0,1463,112,69,43,0,0,0,43
retained-e8c21674a86f5d4737b23a59e2071da7754f4ff2,baseline-transform-error-r01,2026-09-11T13:25:04.959163846Z,74000.113,transform-error,false,0,0,0,0,0,1483,113,69,44,0,0,0,44
retained-e8c21674a86f5d4737b23a59e2071da7754f4ff2,baseline-transform-error-r01,2026-09-11T13:25:05.959825839Z,75000.775,transform-error,false,0,0,0,0,0,1503,115,70,45,0,0,0,45
retained-e8c21674a86f5d4737b23a59e2071da7754f4ff2,baseline-transform-error-r01,2026-09-11T13:25:06.959121315Z,76000.070,transform-error,false,0,0,0,0,0,1523,116,70,46,0,0,0,46
retained-e8c21674a86f5d4737b23a59e2071da7754f4ff2,baseline-transform-error-r01,2026-09-11T13:25:07.959431308Z,77000.380,transform-error,false,0,0,0,0,0,1543,118,71,47,0,0,0,47
retained-e8c21674a86f5d4737b23a59e2071da7754f4ff2,baseline-transform-error-r01,2026-09-11T13:25:08.960078644Z,78001.027,transform-error,false,0,0,0,0,0,1563,119,71,48,0,0,0,48
retained-e8c21674a86f5d4737b23a59e2071da7754f4ff2,baseline-transform-error-r01,2026-09-11T13:25:09.959146856Z,79000.096,transform-error,false,0,0,0,0,0,1583,121,72,49,0,0,0,49
retained-e8c21674a86f5d4737b23a59e2071da7754f4ff2,baseline-transform-error-r01,2026-09-11T13:25:10.959438849Z,80000.388,transform-error,false,0,0,0,0,0,1603,122,72,50,0,0,0,50
retained-e8c21674a86f5d4737b23a59e2071da7754f4ff2,baseline-transform-error-r01,2026-09-11T13:25:11.959737701Z,81000.686,transform-error,false,0,0,0,0,0,1623,124,73,51,0,0,0,51
retained-e8c21674a86f5d4737b23a59e2071da7754f4ff2,baseline-transform-error-r01,2026-09-11T13:25:12.959936242Z,82000.885,transform-error,false,0,0,0,0,0,1643,125,73,52,0,0,0,52
retained-e8c21674a86f5d4737b23a59e2071da7754f4ff2,baseline-transform-error-r01,2026-09-11T13:25:13.95962848Z,83000.577,transform-error,false,0,0,0,0,0,1663,127,74,53,0,0,0,53
retained-e8c21674a86f5d4737b23a59e2071da7754f4ff2,baseline-transform-error-r01,2026-09-11T13:25:14.959805997Z,84000.755,transform-error,false,0,0,0,0,0,1683,128,74,54,0,0,0,54
retained-e8c21674a86f5d4737b23a59e2071da7754f4ff2,baseline-transform-error-r01,2026-09-11T13:25:15.95997745Z,85000.926,transform-error,false,0,0,0,0,0,1703,130,75,55,0,0,0,55
retained-e8c21674a86f5d4737b23a59e2071da7754f4ff2,baseline-transform-error-r01,2026-09-11T13:25:16.959851079Z,86000.800,transform-error,false,0,0,0,0,0,1723,131,75,56,0,0,0,56
retained-e8c21674a86f5d4737b23a59e2071da7754f4ff2,baseline-transform-error-r01,2026-09-11T13:25:17.959243252Z,87000.192,transform-error,false,0,0,0,0,0,1743,133,76,57,0,0,0,57
retained-e8c21674a86f5d4737b23a59e2071da7754f4ff2,baseline-transform-error-r01,2026-09-11T13:25:18.959942111Z,88000.891,transform-error,false,0,0,0,0,0,1763,134,76,58,0,0,0,58
retained-e8c21674a86f5d4737b23a59e2071da7754f4ff2,baseline-transform-error-r01,2026-09-11T13:25:19.959865413Z,89000.814,transform-error,false,0,0,0,0,0,1783,136,77,59,0,0,0,59
retained-e8c21674a86f5d4737b23a59e2071da7754f4ff2,baseline-transform-error-r01,2026-09-11T13:25:20.95933648Z,90000.285,none,false,0,0,0,0,0,1803,137,77,60,0,0,0,60
retained-e8c21674a86f5d4737b23a59e2071da7754f4ff2,baseline-transform-error-r01,2026-09-11T13:25:21.959531364Z,91000.480,none,false,0,0,0,0,0,1823,139,79,60,0,0,0,60
retained-e8c21674a86f5d4737b23a59e2071da7754f4ff2,baseline-transform-error-r01,2026-09-11T13:25:22.960069483Z,92001.018,none,false,0,0,0,0,0,1843,140,80,60,0,0,0,60
retained-e8c21674a86f5d4737b23a59e2071da7754f4ff2,baseline-transform-error-r01,2026-09-11T13:25:23.959122443Z,93000.071,none,false,0,0,0,0,0,1863,142,82,60,0,0,0,60
retained-e8c21674a86f5d4737b23a59e2071da7754f4ff2,baseline-transform-error-r01,2026-09-11T13:25:24.959283122Z,94000.232,none,false,0,0,0,0,0,1883,143,83,60,0,0,0,60
retained-e8c21674a86f5d4737b23a59e2071da7754f4ff2,baseline-transform-error-r01,2026-09-11T13:25:25.959437346Z,95000.386,none,false,0,0,0,0,0,1903,145,85,60,0,0,0,60
retained-e8c21674a86f5d4737b23a59e2071da7754f4ff2,baseline-transform-error-r01,2026-09-11T13:25:26.959292453Z,96000.241,none,false,0,0,0,0,0,1923,146,86,60,0,0,0,60
retained-e8c21674a86f5d4737b23a59e2071da7754f4ff2,baseline-transform-error-r01,2026-09-11T13:25:27.959626299Z,97000.575,none,false,0,0,0,0,0,1943,148,88,60,0,0,0,60
retained-e8c21674a86f5d4737b23a59e2071da7754f4ff2,baseline-transform-error-r01,2026-09-11T13:25:32.278659886Z,98000.692,none,false,0,0,0,0,0,1963,149,89,60,0,0,0,60
retained-e8c21674a86f5d4737b23a59e2071da7754f4ff2,baseline-transform-error-r01,2026-09-11T13:25:33.278843176Z,99000.875,none,false,0,0,0,0,0,1983,151,91,60,0,0,0,60
retained-e8c21674a86f5d4737b23a59e2071da7754f4ff2,baseline-transform-error-r01,2026-09-11T13:25:34.278413205Z,100000.445,none,false,0,0,1,0,0,2003,153,92,60,0,0,0,60
retained-e8c21674a86f5d4737b23a59e2071da7754f4ff2,baseline-transform-error-r01,2026-09-11T13:25:35.278517228Z,101000.549,none,false,0,0,0,0,0,2023,154,94,60,0,0,0,60
retained-e8c21674a86f5d4737b23a59e2071da7754f4ff2,baseline-transform-error-r01,2026-09-11T13:25:36.278425204Z,102000.457,none,false,0,0,0,0,0,2043,155,95,60,0,0,0,60
retained-e8c21674a86f5d4737b23a59e2071da7754f4ff2,baseline-transform-error-r01,2026-09-11T13:25:37.278844131Z,103000.876,none,false,0,0,0,0,0,2063,157,97,60,0,0,0,60
retained-e8c21674a86f5d4737b23a59e2071da7754f4ff2,baseline-transform-error-r01,2026-09-11T13:25:38.278505618Z,104000.538,none,false,0,0,0,0,0,2083,158,98,60,0,0,0,60
retained-e8c21674a86f5d4737b23a59e2071da7754f4ff2,baseline-transform-error-r01,2026-09-11T13:25:39.278322409Z,105000.354,none,false,0,0,0,0,0,2103,160,100,60,0,0,0,60
retained-e8c21674a86f5d4737b23a59e2071da7754f4ff2,baseline-transform-error-r01,2026-09-11T13:25:40.278688687Z,106000.721,none,false,0,0,0,0,0,2123,161,101,60,0,0,0,60
retained-e8c21674a86f5d4737b23a59e2071da7754f4ff2,baseline-transform-error-r01,2026-09-11T13:25:41.278535526Z,107000.567,none,false,0,0,0,0,0,2143,163,103,60,0,0,0,60
retained-e8c21674a86f5d4737b23a59e2071da7754f4ff2,baseline-transform-error-r01,2026-09-11T13:25:42.279164987Z,108001.197,none,false,0,0,0,0,0,2163,164,104,60,0,0,0,60
retained-e8c21674a86f5d4737b23a59e2071da7754f4ff2,baseline-transform-error-r01,2026-09-11T13:25:43.278600666Z,109000.633,none,false,0,0,0,0,0,2183,166,106,60,0,0,0,60
retained-e8c21674a86f5d4737b23a59e2071da7754f4ff2,baseline-transform-error-r01,2026-09-11T13:25:44.278660913Z,110000.693,none,false,0,0,0,0,0,2203,167,107,60,0,0,0,60
retained-e8c21674a86f5d4737b23a59e2071da7754f4ff2,baseline-transform-error-r01,2026-09-11T13:25:45.278073187Z,111000.105,none,false,0,0,0,0,0,2223,169,109,60,0,0,0,60
retained-e8c21674a86f5d4737b23a59e2071da7754f4ff2,baseline-transform-error-r01,2026-09-11T13:25:46.278792349Z,112000.824,none,false,0,0,0,0,0,2243,170,110,60,0,0,0,60
retained-e8c21674a86f5d4737b23a59e2071da7754f4ff2,baseline-transform-error-r01,2026-09-11T13:25:47.278791469Z,113000.823,none,false,0,0,0,0,0,2263,172,112,60,0,0,0,60
retained-e8c21674a86f5d4737b23a59e2071da7754f4ff2,baseline-transform-error-r01,2026-09-11T13:25:48.279200229Z,114001.232,none,false,0,0,0,0,0,2283,173,113,60,0,0,0,60
retained-e8c21674a86f5d4737b23a59e2071da7754f4ff2,baseline-transform-error-r01,2026-09-11T13:25:49.278656556Z,115000.688,none,false,0,0,0,0,0,2304,175,115,60,0,0,0,60
retained-e8c21674a86f5d4737b23a59e2071da7754f4ff2,baseline-transform-error-r01,2026-09-11T13:25:50.278699379Z,116000.731,none,false,0,0,0,0,0,2323,176,116,60,0,0,0,60
retained-e8c21674a86f5d4737b23a59e2071da7754f4ff2,baseline-transform-error-r01,2026-09-11T13:25:51.278585992Z,117000.618,none,false,0,0,0,0,0,2343,178,118,60,0,0,0,60
retained-e8c21674a86f5d4737b23a59e2071da7754f4ff2,baseline-transform-error-r01,2026-09-11T13:25:52.278539897Z,118000.572,none,false,0,0,0,0,0,2363,179,119,60,0,0,0,60
retained-e8c21674a86f5d4737b23a59e2071da7754f4ff2,baseline-transform-error-r01,2026-09-11T13:25:53.278385234Z,119000.417,none,false,0,0,0,0,0,2383,181,121,60,0,0,0,60
retained-e8c21674a86f5d4737b23a59e2071da7754f4ff2,baseline-transform-error-r01,2026-09-11T13:25:54.278785945Z,120000.818,none,false,0,0,1,0,0,2403,183,122,60,0,0,0,60
retained-e8c21674a86f5d4737b23a59e2071da7754f4ff2,baseline-transform-error-r01,2026-09-11T13:25:55.278259531Z,121000.291,none,false,0,0,0,0,0,2423,184,124,60,0,0,0,60
retained-e8c21674a86f5d4737b23a59e2071da7754f4ff2,baseline-transform-error-r01,2026-09-11T13:25:56.278801229Z,122000.833,none,false,0,0,0,0,0,2443,185,125,60,0,0,0,60
retained-e8c21674a86f5d4737b23a59e2071da7754f4ff2,baseline-transform-error-r01,2026-09-11T13:25:57.278251915Z,123000.284,none,false,0,0,0,0,0,2463,187,127,60,0,0,0,60
retained-e8c21674a86f5d4737b23a59e2071da7754f4ff2,baseline-transform-error-r01,2026-09-11T13:25:58.279152095Z,124001.184,none,false,0,0,0,0,0,2483,188,128,60,0,0,0,60
retained-e8c21674a86f5d4737b23a59e2071da7754f4ff2,baseline-transform-error-r01,2026-09-11T13:25:59.278165567Z,125000.198,none,false,0,0,0,0,0,2503,190,130,60,0,0,0,60
retained-e8c21674a86f5d4737b23a59e2071da7754f4ff2,baseline-transform-error-r01,2026-09-11T13:26:00.278787673Z,126000.820,none,false,0,0,0,0,0,2523,191,131,60,0,0,0,60
retained-e8c21674a86f5d4737b23a59e2071da7754f4ff2,baseline-transform-error-r01,2026-09-11T13:26:01.278186875Z,127000.219,none,false,0,0,0,0,0,2543,193,133,60,0,0,0,60
retained-e8c21674a86f5d4737b23a59e2071da7754f4ff2,baseline-transform-error-r01,2026-09-11T13:26:05.616216661Z,128000.819,none,false,0,0,1,0,0,2563,195,134,60,0,0,0,60
retained-e8c21674a86f5d4737b23a59e2071da7754f4ff2,baseline-transform-error-r01,2026-09-11T13:26:06.616648007Z,129001.250,none,false,0,0,0,0,0,2584,196,136,60,0,0,0,60
retained-e8c21674a86f5d4737b23a59e2071da7754f4ff2,baseline-transform-error-r01,2026-09-11T13:26:07.615969979Z,130000.572,none,false,0,0,0,0,0,2603,197,137,60,0,0,0,60
retained-e8c21674a86f5d4737b23a59e2071da7754f4ff2,baseline-transform-error-r01,2026-09-11T13:26:08.615658491Z,131000.261,none,false,0,0,0,0,0,2623,199,139,60,0,0,0,60
retained-e8c21674a86f5d4737b23a59e2071da7754f4ff2,baseline-transform-error-r01,2026-09-11T13:26:09.616457434Z,132001.060,none,false,0,0,0,0,0,2643,200,140,60,0,0,0,60
retained-e8c21674a86f5d4737b23a59e2071da7754f4ff2,baseline-transform-error-r01,2026-09-11T13:26:10.616451065Z,133001.053,none,false,0,0,0,0,0,2663,202,142,60,0,0,0,60
retained-e8c21674a86f5d4737b23a59e2071da7754f4ff2,baseline-transform-error-r01,2026-09-11T13:26:11.616208201Z,134000.810,none,false,0,0,0,0,0,2683,204,143,60,0,0,0,60
retained-e8c21674a86f5d4737b23a59e2071da7754f4ff2,baseline-transform-error-r01,2026-09-11T13:26:12.616412749Z,135001.015,none,false,0,0,0,0,0,2703,205,145,60,0,0,0,60
retained-e8c21674a86f5d4737b23a59e2071da7754f4ff2,baseline-transform-error-r01,2026-09-11T13:26:13.61598317Z,136000.585,none,false,0,0,0,0,0,2723,206,146,60,0,0,0,60
retained-e8c21674a86f5d4737b23a59e2071da7754f4ff2,baseline-transform-error-r01,2026-09-11T13:26:14.616687583Z,137001.290,none,false,0,0,0,0,0,2743,208,148,60,0,0,0,60
retained-e8c21674a86f5d4737b23a59e2071da7754f4ff2,baseline-transform-error-r01,2026-09-11T13:26:15.616052288Z,138000.654,none,false,0,0,1,0,0,2763,210,149,60,0,0,0,60
retained-e8c21674a86f5d4737b23a59e2071da7754f4ff2,baseline-transform-error-r01,2026-09-11T13:26:16.61602822Z,139000.630,none,false,0,0,0,0,0,2783,211,151,60,0,0,0,60
retained-e8c21674a86f5d4737b23a59e2071da7754f4ff2,baseline-transform-error-r01,2026-09-11T13:26:17.615862245Z,140000.464,none,false,0,0,0,0,0,2803,212,152,60,0,0,0,60
retained-e8c21674a86f5d4737b23a59e2071da7754f4ff2,baseline-transform-error-r01,2026-09-11T13:26:18.615879625Z,141000.482,none,false,0,0,0,0,0,2823,214,154,60,0,0,0,60
retained-e8c21674a86f5d4737b23a59e2071da7754f4ff2,baseline-transform-error-r01,2026-09-11T13:26:19.61637282Z,142000.975,none,false,0,0,0,0,0,2843,215,155,60,0,0,0,60
retained-e8c21674a86f5d4737b23a59e2071da7754f4ff2,baseline-transform-error-r01,2026-09-11T13:26:20.615799941Z,143000.402,none,false,0,0,0,0,0,2863,217,157,60,0,0,0,60
retained-e8c21674a86f5d4737b23a59e2071da7754f4ff2,baseline-transform-error-r01,2026-09-11T13:26:21.616168476Z,144000.771,none,false,0,0,0,0,0,2883,218,158,60,0,0,0,60
retained-e8c21674a86f5d4737b23a59e2071da7754f4ff2,baseline-transform-error-r01,2026-09-11T13:26:22.616581102Z,145001.183,none,false,0,0,0,0,0,2903,220,160,60,0,0,0,60
retained-e8c21674a86f5d4737b23a59e2071da7754f4ff2,baseline-transform-error-r01,2026-09-11T13:26:23.616086962Z,146000.689,none,false,0,0,0,0,0,2923,221,161,60,0,0,0,60
retained-e8c21674a86f5d4737b23a59e2071da7754f4ff2,baseline-transform-error-r01,2026-09-11T13:26:24.616186907Z,147000.789,none,false,0,0,0,0,0,2943,223,163,60,0,0,0,60
retained-e8c21674a86f5d4737b23a59e2071da7754f4ff2,baseline-transform-error-r01,2026-09-11T13:26:25.616064829Z,148000.667,none,false,0,0,0,0,0,2963,224,164,60,0,0,0,60
retained-e8c21674a86f5d4737b23a59e2071da7754f4ff2,baseline-transform-error-r01,2026-09-11T13:26:26.616226999Z,149000.829,none,false,0,0,0,0,0,2984,226,166,60,0,0,0,60
retained-e8c21674a86f5d4737b23a59e2071da7754f4ff2,baseline-transform-error-r01,2026-09-11T13:26:27.616457986Z,150001.060,none,false,0,0,0,0,0,3003,227,167,60,0,0,0,60
retained-e8c21674a86f5d4737b23a59e2071da7754f4ff2,baseline-transform-error-r01,2026-09-11T13:26:27.616470409Z,150001.073,none,false,0,0,0,0,0,3003,227,167,60,0,0,0,60
retained-e8c21674a86f5d4737b23a59e2071da7754f4ff2,kill-switch-slow-original-r01,2026-09-11T13:26:28.738395067Z,0.035,none,false,0,0,0,0,0,4,4,4,0,0,0,0,0
retained-e8c21674a86f5d4737b23a59e2071da7754f4ff2,kill-switch-slow-original-r01,2026-09-11T13:26:29.739121113Z,1000.761,none,false,0,0,0,0,0,24,4,4,0,0,0,0,0
retained-e8c21674a86f5d4737b23a59e2071da7754f4ff2,kill-switch-slow-original-r01,2026-09-11T13:26:30.738905465Z,2000.546,none,false,0,0,0,0,0,43,5,5,0,0,0,0,0
retained-e8c21674a86f5d4737b23a59e2071da7754f4ff2,kill-switch-slow-original-r01,2026-09-11T13:26:31.739252934Z,3000.893,none,false,0,0,0,0,0,63,7,7,0,0,0,0,0
retained-e8c21674a86f5d4737b23a59e2071da7754f4ff2,kill-switch-slow-original-r01,2026-09-11T13:26:32.739173754Z,4000.814,none,false,0,0,0,0,0,83,8,8,0,0,0,0,0
retained-e8c21674a86f5d4737b23a59e2071da7754f4ff2,kill-switch-slow-original-r01,2026-09-11T13:26:33.738624378Z,5000.264,none,false,0,0,0,0,0,103,10,10,0,0,0,0,0
retained-e8c21674a86f5d4737b23a59e2071da7754f4ff2,kill-switch-slow-original-r01,2026-09-11T13:26:34.738733903Z,6000.374,none,false,0,0,0,0,0,123,11,11,0,0,0,0,0
retained-e8c21674a86f5d4737b23a59e2071da7754f4ff2,kill-switch-slow-original-r01,2026-09-11T13:26:39.072847549Z,7001.069,none,false,0,0,0,0,0,144,13,13,0,0,0,0,0
retained-e8c21674a86f5d4737b23a59e2071da7754f4ff2,kill-switch-slow-original-r01,2026-09-11T13:26:40.07284087Z,8001.063,none,false,0,0,0,0,0,163,14,14,0,0,0,0,0
retained-e8c21674a86f5d4737b23a59e2071da7754f4ff2,kill-switch-slow-original-r01,2026-09-11T13:26:41.072044902Z,9000.267,none,false,0,0,0,0,0,184,16,16,0,0,0,0,0
retained-e8c21674a86f5d4737b23a59e2071da7754f4ff2,kill-switch-slow-original-r01,2026-09-11T13:26:42.073079205Z,10001.301,none,false,0,0,0,0,0,204,17,17,0,0,0,0,0
retained-e8c21674a86f5d4737b23a59e2071da7754f4ff2,kill-switch-slow-original-r01,2026-09-11T13:26:43.072035084Z,11000.257,none,false,0,0,0,0,0,223,19,19,0,0,0,0,0
retained-e8c21674a86f5d4737b23a59e2071da7754f4ff2,kill-switch-slow-original-r01,2026-09-11T13:26:44.072502287Z,12000.724,none,false,0,0,0,0,0,243,20,20,0,0,0,0,0
retained-e8c21674a86f5d4737b23a59e2071da7754f4ff2,kill-switch-slow-original-r01,2026-09-11T13:26:45.072265493Z,13000.487,none,false,0,0,0,0,0,263,22,22,0,0,0,0,0
retained-e8c21674a86f5d4737b23a59e2071da7754f4ff2,kill-switch-slow-original-r01,2026-09-11T13:26:46.072400828Z,14000.623,none,false,0,0,0,0,0,283,23,23,0,0,0,0,0
retained-e8c21674a86f5d4737b23a59e2071da7754f4ff2,kill-switch-slow-original-r01,2026-09-11T13:26:47.071847524Z,15000.069,none,false,0,0,0,0,0,303,25,25,0,0,0,0,0
retained-e8c21674a86f5d4737b23a59e2071da7754f4ff2,kill-switch-slow-original-r01,2026-09-11T13:26:48.072434182Z,16000.656,none,false,0,0,0,0,0,324,26,26,0,0,0,0,0
retained-e8c21674a86f5d4737b23a59e2071da7754f4ff2,kill-switch-slow-original-r01,2026-09-11T13:26:49.072820019Z,17001.042,none,false,0,0,0,0,0,343,28,28,0,0,0,0,0
retained-e8c21674a86f5d4737b23a59e2071da7754f4ff2,kill-switch-slow-original-r01,2026-09-11T13:26:50.07243303Z,18000.655,none,false,0,0,0,0,0,363,29,29,0,0,0,0,0
retained-e8c21674a86f5d4737b23a59e2071da7754f4ff2,kill-switch-slow-original-r01,2026-09-11T13:26:51.072736477Z,19000.958,none,false,0,0,0,0,0,384,31,31,0,0,0,0,0
retained-e8c21674a86f5d4737b23a59e2071da7754f4ff2,kill-switch-slow-original-r01,2026-09-11T13:26:52.072668823Z,20000.891,none,false,0,0,0,0,0,403,32,32,0,0,0,0,0
retained-e8c21674a86f5d4737b23a59e2071da7754f4ff2,kill-switch-slow-original-r01,2026-09-11T13:26:53.072656947Z,21000.879,none,false,0,0,0,0,0,423,34,34,0,0,0,0,0
retained-e8c21674a86f5d4737b23a59e2071da7754f4ff2,kill-switch-slow-original-r01,2026-09-11T13:26:54.072554044Z,22000.776,none,false,0,0,0,0,0,443,35,35,0,0,0,0,0
retained-e8c21674a86f5d4737b23a59e2071da7754f4ff2,kill-switch-slow-original-r01,2026-09-11T13:26:55.072452287Z,23000.674,none,false,0,0,0,0,0,463,37,37,0,0,0,0,0
retained-e8c21674a86f5d4737b23a59e2071da7754f4ff2,kill-switch-slow-original-r01,2026-09-11T13:26:56.072839992Z,24001.062,none,false,0,0,0,0,0,483,38,38,0,0,0,0,0
retained-e8c21674a86f5d4737b23a59e2071da7754f4ff2,kill-switch-slow-original-r01,2026-09-11T13:26:57.072018386Z,25000.240,none,false,0,0,0,0,0,503,40,40,0,0,0,0,0
retained-e8c21674a86f5d4737b23a59e2071da7754f4ff2,kill-switch-slow-original-r01,2026-09-11T13:26:58.07230327Z,26000.525,none,false,0,0,0,0,0,523,41,41,0,0,0,0,0
retained-e8c21674a86f5d4737b23a59e2071da7754f4ff2,kill-switch-slow-original-r01,2026-09-11T13:26:59.072288864Z,27000.511,none,false,0,0,0,0,0,543,43,43,0,0,0,0,0
retained-e8c21674a86f5d4737b23a59e2071da7754f4ff2,kill-switch-slow-original-r01,2026-09-11T13:27:00.072320653Z,28000.542,none,false,0,0,0,0,0,563,44,44,0,0,0,0,0
retained-e8c21674a86f5d4737b23a59e2071da7754f4ff2,kill-switch-slow-original-r01,2026-09-11T13:27:01.072997304Z,29001.219,none,false,0,0,0,0,0,583,46,46,0,0,0,0,0
retained-e8c21674a86f5d4737b23a59e2071da7754f4ff2,kill-switch-slow-original-r01,2026-09-11T13:27:02.072908145Z,30001.130,slow-original,false,0,0,0,0,0,603,47,47,0,0,0,0,0
retained-e8c21674a86f5d4737b23a59e2071da7754f4ff2,kill-switch-slow-original-r01,2026-09-11T13:27:03.07257512Z,31000.797,slow-original,false,0,0,1,0,0,623,49,48,0,0,0,0,1
retained-e8c21674a86f5d4737b23a59e2071da7754f4ff2,kill-switch-slow-original-r01,2026-09-11T13:27:04.072728855Z,32000.951,slow-original,false,0,0,2,0,0,643,50,48,0,0,0,0,2
retained-e8c21674a86f5d4737b23a59e2071da7754f4ff2,kill-switch-slow-original-r01,2026-09-11T13:27:05.07189162Z,33000.113,slow-original,false,0,0,3,0,0,663,52,49,0,0,0,0,3
retained-e8c21674a86f5d4737b23a59e2071da7754f4ff2,kill-switch-slow-original-r01,2026-09-11T13:27:06.072518018Z,34000.740,slow-original,false,0,0,4,0,0,683,53,49,0,0,0,0,4
retained-e8c21674a86f5d4737b23a59e2071da7754f4ff2,kill-switch-slow-original-r01,2026-09-11T13:27:07.07206814Z,35000.290,slow-original,false,0,0,5,0,0,703,55,50,0,0,0,0,5
retained-e8c21674a86f5d4737b23a59e2071da7754f4ff2,kill-switch-slow-original-r01,2026-09-11T13:27:08.072416903Z,36000.639,slow-original,false,0,0,6,0,0,723,56,50,0,0,0,0,6
retained-e8c21674a86f5d4737b23a59e2071da7754f4ff2,kill-switch-slow-original-r01,2026-09-11T13:27:12.408600584Z,37000.957,slow-original,false,0,0,7,0,0,743,58,51,0,0,0,0,7
retained-e8c21674a86f5d4737b23a59e2071da7754f4ff2,kill-switch-slow-original-r01,2026-09-11T13:27:13.408686702Z,38001.043,slow-original,false,0,0,8,0,0,763,59,51,0,0,0,0,8
retained-e8c21674a86f5d4737b23a59e2071da7754f4ff2,kill-switch-slow-original-r01,2026-09-11T13:27:14.408313473Z,39000.670,slow-original,false,0,0,9,0,0,783,61,52,0,0,0,0,9
retained-e8c21674a86f5d4737b23a59e2071da7754f4ff2,kill-switch-slow-original-r01,2026-09-11T13:27:15.408628676Z,40000.985,slow-original,false,0,0,10,0,0,803,62,52,0,0,0,0,10
retained-e8c21674a86f5d4737b23a59e2071da7754f4ff2,kill-switch-slow-original-r01,2026-09-11T13:27:16.40777269Z,41000.129,slow-original,false,0,0,11,0,0,823,64,53,0,0,0,0,11
retained-e8c21674a86f5d4737b23a59e2071da7754f4ff2,kill-switch-slow-original-r01,2026-09-11T13:27:17.408493958Z,42000.850,slow-original,false,0,0,12,0,0,843,65,53,0,0,0,0,12
retained-e8c21674a86f5d4737b23a59e2071da7754f4ff2,kill-switch-slow-original-r01,2026-09-11T13:27:18.408421143Z,43000.777,slow-original,false,0,0,13,0,0,863,67,54,0,0,0,0,13
retained-e8c21674a86f5d4737b23a59e2071da7754f4ff2,kill-switch-slow-original-r01,2026-09-11T13:27:19.408206665Z,44000.563,slow-original,false,0,0,14,0,0,883,68,54,0,0,0,0,14
retained-e8c21674a86f5d4737b23a59e2071da7754f4ff2,kill-switch-slow-original-r01,2026-09-11T13:27:20.408061595Z,45000.418,slow-original,false,0,0,15,0,0,903,70,55,0,0,0,0,15
retained-e8c21674a86f5d4737b23a59e2071da7754f4ff2,kill-switch-slow-original-r01,2026-09-11T13:27:21.408084221Z,46000.440,slow-original,false,0,0,15,0,0,923,71,56,0,0,0,0,16
retained-e8c21674a86f5d4737b23a59e2071da7754f4ff2,kill-switch-slow-original-r01,2026-09-11T13:27:22.408507999Z,47000.864,slow-original,false,0,0,15,0,0,943,73,58,0,0,0,0,17
retained-e8c21674a86f5d4737b23a59e2071da7754f4ff2,kill-switch-slow-original-r01,2026-09-11T13:27:23.407782445Z,48000.139,slow-original,false,0,0,15,0,0,963,74,59,0,0,0,0,18
retained-e8c21674a86f5d4737b23a59e2071da7754f4ff2,kill-switch-slow-original-r01,2026-09-11T13:27:24.408955616Z,49001.312,slow-original,false,0,0,15,0,0,984,76,61,0,0,0,0,19
retained-e8c21674a86f5d4737b23a59e2071da7754f4ff2,kill-switch-slow-original-r01,2026-09-11T13:27:25.409281701Z,50001.638,slow-original,true,0,0,16,0,4075024,1003,78,62,0,0,0,0,20
retained-e8c21674a86f5d4737b23a59e2071da7754f4ff2,kill-switch-slow-original-r01,2026-09-11T13:27:26.407958805Z,51000.315,slow-original,true,0,0,14,0,0,1023,79,64,0,0,0,1,20
retained-e8c21674a86f5d4737b23a59e2071da7754f4ff2,kill-switch-slow-original-r01,2026-09-11T13:27:27.408879605Z,52001.236,slow-original,true,0,0,13,0,0,1043,81,65,0,0,0,3,20
retained-e8c21674a86f5d4737b23a59e2071da7754f4ff2,kill-switch-slow-original-r01,2026-09-11T13:27:28.408190591Z,53000.547,slow-original,true,0,0,12,0,0,1063,82,66,0,0,0,4,20
retained-e8c21674a86f5d4737b23a59e2071da7754f4ff2,kill-switch-slow-original-r01,2026-09-11T13:27:29.409056475Z,54001.413,slow-original,true,0,0,11,0,0,1084,85,67,0,0,0,7,20
retained-e8c21674a86f5d4737b23a59e2071da7754f4ff2,kill-switch-slow-original-r01,2026-09-11T13:27:30.407726885Z,55000.083,slow-original,true,0,0,10,0,0,1103,85,68,0,0,0,7,20
retained-e8c21674a86f5d4737b23a59e2071da7754f4ff2,kill-switch-slow-original-r01,2026-09-11T13:27:31.408231296Z,56000.587,slow-original,true,0,0,9,0,0,1124,88,69,0,0,0,10,20
retained-e8c21674a86f5d4737b23a59e2071da7754f4ff2,kill-switch-slow-original-r01,2026-09-11T13:27:32.408293907Z,57000.650,slow-original,true,0,0,8,0,0,1143,88,70,0,0,0,10,20
retained-e8c21674a86f5d4737b23a59e2071da7754f4ff2,kill-switch-slow-original-r01,2026-09-11T13:27:33.407747047Z,58000.103,slow-original,true,0,0,7,0,0,1163,89,71,0,0,0,11,20
retained-e8c21674a86f5d4737b23a59e2071da7754f4ff2,kill-switch-slow-original-r01,2026-09-11T13:27:34.407739224Z,59000.095,slow-original,true,0,0,6,0,0,1183,91,72,0,0,0,13,20
retained-e8c21674a86f5d4737b23a59e2071da7754f4ff2,kill-switch-slow-original-r01,2026-09-11T13:27:35.409004037Z,60001.360,slow-original,true,0,0,5,0,0,1204,94,73,0,0,0,16,20
retained-e8c21674a86f5d4737b23a59e2071da7754f4ff2,kill-switch-slow-original-r01,2026-09-11T13:27:36.408007958Z,61000.364,slow-original,true,0,0,4,0,0,1223,94,74,0,0,0,16,20
retained-e8c21674a86f5d4737b23a59e2071da7754f4ff2,kill-switch-slow-original-r01,2026-09-11T13:27:37.408331645Z,62000.688,slow-original,true,0,0,3,0,0,1243,95,75,0,0,0,17,20
retained-e8c21674a86f5d4737b23a59e2071da7754f4ff2,kill-switch-slow-original-r01,2026-09-11T13:27:38.409135781Z,63001.492,slow-original,true,0,0,2,0,0,1264,98,76,0,0,0,20,20
retained-e8c21674a86f5d4737b23a59e2071da7754f4ff2,kill-switch-slow-original-r01,2026-09-11T13:27:39.408151086Z,64000.507,slow-original,true,0,0,1,0,0,1283,98,77,0,0,0,20,20
retained-e8c21674a86f5d4737b23a59e2071da7754f4ff2,kill-switch-slow-original-r01,2026-09-11T13:27:40.408266386Z,65000.623,slow-original,true,0,0,0,0,0,1303,100,78,0,0,0,22,20
retained-e8c21674a86f5d4737b23a59e2071da7754f4ff2,kill-switch-slow-original-r01,2026-09-11T13:27:41.408393134Z,66000.749,slow-original,true,0,0,0,0,0,1323,101,78,0,0,0,23,20
retained-e8c21674a86f5d4737b23a59e2071da7754f4ff2,kill-switch-slow-original-r01,2026-09-11T13:27:45.742615029Z,67000.328,slow-original,true,0,0,0,0,0,1343,103,78,0,0,0,25,20
retained-e8c21674a86f5d4737b23a59e2071da7754f4ff2,kill-switch-slow-original-r01,2026-09-11T13:27:46.743606924Z,68001.320,slow-original,true,0,0,0,0,0,1363,105,78,0,0,0,27,20
retained-e8c21674a86f5d4737b23a59e2071da7754f4ff2,kill-switch-slow-original-r01,2026-09-11T13:27:47.743387558Z,69001.101,slow-original,true,0,0,0,0,0,1383,106,78,0,0,0,28,20
retained-e8c21674a86f5d4737b23a59e2071da7754f4ff2,kill-switch-slow-original-r01,2026-09-11T13:27:48.743409403Z,70001.123,slow-original,true,0,0,0,0,0,1403,107,78,0,0,0,29,20
retained-e8c21674a86f5d4737b23a59e2071da7754f4ff2,kill-switch-slow-original-r01,2026-09-11T13:27:49.743131433Z,71000.845,slow-original,true,0,0,0,0,0,1423,109,78,0,0,0,31,20
retained-e8c21674a86f5d4737b23a59e2071da7754f4ff2,kill-switch-slow-original-r01,2026-09-11T13:27:50.742812652Z,72000.526,slow-original,true,0,0,0,0,0,1443,110,78,0,0,0,32,20
retained-e8c21674a86f5d4737b23a59e2071da7754f4ff2,kill-switch-slow-original-r01,2026-09-11T13:27:51.743153635Z,73000.867,slow-original,true,0,0,0,0,0,1463,112,78,0,0,0,34,20
retained-e8c21674a86f5d4737b23a59e2071da7754f4ff2,kill-switch-slow-original-r01,2026-09-11T13:27:52.743021641Z,74000.735,slow-original,true,0,0,0,0,0,1483,114,78,0,0,0,36,20
retained-e8c21674a86f5d4737b23a59e2071da7754f4ff2,kill-switch-slow-original-r01,2026-09-11T13:27:53.742791686Z,75000.505,slow-original,true,0,0,0,0,0,1503,115,78,0,0,0,37,20
retained-e8c21674a86f5d4737b23a59e2071da7754f4ff2,kill-switch-slow-original-r01,2026-09-11T13:27:54.742657412Z,76000.371,slow-original,true,0,0,0,0,0,1523,117,78,0,0,0,39,20
retained-e8c21674a86f5d4737b23a59e2071da7754f4ff2,kill-switch-slow-original-r01,2026-09-11T13:27:55.742893514Z,77000.607,slow-original,true,0,0,0,0,0,1543,118,78,0,0,0,40,20
retained-e8c21674a86f5d4737b23a59e2071da7754f4ff2,kill-switch-slow-original-r01,2026-09-11T13:27:56.742834213Z,78000.548,slow-original,true,0,0,0,0,0,1563,120,78,0,0,0,42,20
retained-e8c21674a86f5d4737b23a59e2071da7754f4ff2,kill-switch-slow-original-r01,2026-09-11T13:27:57.743248944Z,79000.962,slow-original,true,0,0,0,0,0,1583,121,78,0,0,0,43,20
retained-e8c21674a86f5d4737b23a59e2071da7754f4ff2,kill-switch-slow-original-r01,2026-09-11T13:27:58.743080686Z,80000.794,slow-original,true,0,0,0,0,0,1603,123,78,0,0,0,45,20
retained-e8c21674a86f5d4737b23a59e2071da7754f4ff2,kill-switch-slow-original-r01,2026-09-11T13:27:59.743448059Z,81001.161,slow-original,true,0,0,0,0,0,1623,124,78,0,0,0,46,20
retained-e8c21674a86f5d4737b23a59e2071da7754f4ff2,kill-switch-slow-original-r01,2026-09-11T13:28:00.742694632Z,82000.408,slow-original,true,0,0,0,0,0,1643,125,78,0,0,0,47,20
retained-e8c21674a86f5d4737b23a59e2071da7754f4ff2,kill-switch-slow-original-r01,2026-09-11T13:28:01.743018124Z,83000.731,slow-original,true,0,0,0,0,0,1663,127,78,0,0,0,49,20
retained-e8c21674a86f5d4737b23a59e2071da7754f4ff2,kill-switch-slow-original-r01,2026-09-11T13:28:02.743155501Z,84000.869,slow-original,true,0,0,0,0,0,1683,128,78,0,0,0,50,20
retained-e8c21674a86f5d4737b23a59e2071da7754f4ff2,kill-switch-slow-original-r01,2026-09-11T13:28:03.743155593Z,85000.869,slow-original,true,0,0,0,0,0,1703,130,78,0,0,0,52,20
retained-e8c21674a86f5d4737b23a59e2071da7754f4ff2,kill-switch-slow-original-r01,2026-09-11T13:28:04.743264764Z,86000.978,slow-original,true,0,0,0,0,0,1723,131,78,0,0,0,53,20
retained-e8c21674a86f5d4737b23a59e2071da7754f4ff2,kill-switch-slow-original-r01,2026-09-11T13:28:05.74326841Z,87000.982,slow-original,true,0,0,0,0,0,1743,133,78,0,0,0,55,20
retained-e8c21674a86f5d4737b23a59e2071da7754f4ff2,kill-switch-slow-original-r01,2026-09-11T13:28:06.74258172Z,88000.295,slow-original,true,0,0,0,0,0,1763,135,78,0,0,0,57,20
retained-e8c21674a86f5d4737b23a59e2071da7754f4ff2,kill-switch-slow-original-r01,2026-09-11T13:28:07.743031097Z,89000.744,slow-original,true,0,0,0,0,0,1783,136,78,0,0,0,58,20
retained-e8c21674a86f5d4737b23a59e2071da7754f4ff2,kill-switch-slow-original-r01,2026-09-11T13:28:08.743511281Z,90001.225,none,true,0,0,0,0,0,1803,137,78,0,0,0,59,20
retained-e8c21674a86f5d4737b23a59e2071da7754f4ff2,kill-switch-slow-original-r01,2026-09-11T13:28:09.743392207Z,91001.106,none,true,0,0,0,0,0,1823,139,78,0,0,0,61,20
retained-e8c21674a86f5d4737b23a59e2071da7754f4ff2,kill-switch-slow-original-r01,2026-09-11T13:28:10.74323536Z,92000.949,none,true,0,0,0,0,0,1843,141,78,0,0,0,63,20
retained-e8c21674a86f5d4737b23a59e2071da7754f4ff2,kill-switch-slow-original-r01,2026-09-11T13:28:11.742409949Z,93000.123,none,true,0,0,0,0,0,1863,142,78,0,0,0,64,20
retained-e8c21674a86f5d4737b23a59e2071da7754f4ff2,kill-switch-slow-original-r01,2026-09-11T13:28:12.74317456Z,94000.888,none,true,0,0,0,0,0,1883,143,78,0,0,0,65,20
retained-e8c21674a86f5d4737b23a59e2071da7754f4ff2,kill-switch-slow-original-r01,2026-09-11T13:28:13.742570414Z,95000.284,none,true,0,0,0,0,0,1904,145,78,0,0,0,67,20
retained-e8c21674a86f5d4737b23a59e2071da7754f4ff2,kill-switch-slow-original-r01,2026-09-11T13:28:14.743398395Z,96001.112,none,true,0,0,0,0,0,1923,146,78,0,0,0,68,20
retained-e8c21674a86f5d4737b23a59e2071da7754f4ff2,kill-switch-slow-original-r01,2026-09-11T13:28:19.091366116Z,97000.363,none,true,0,0,0,0,0,1943,148,78,0,0,0,70,20
retained-e8c21674a86f5d4737b23a59e2071da7754f4ff2,kill-switch-slow-original-r01,2026-09-11T13:28:20.092124954Z,98001.122,none,true,0,0,0,0,0,1963,149,78,0,0,0,71,20
retained-e8c21674a86f5d4737b23a59e2071da7754f4ff2,kill-switch-slow-original-r01,2026-09-11T13:28:21.091780979Z,99000.778,none,true,0,0,0,0,0,1984,151,78,0,0,0,73,20
retained-e8c21674a86f5d4737b23a59e2071da7754f4ff2,kill-switch-slow-original-r01,2026-09-11T13:28:22.091476198Z,100000.473,none,false,0,0,0,0,0,2003,152,78,0,0,0,74,20
retained-e8c21674a86f5d4737b23a59e2071da7754f4ff2,kill-switch-slow-original-r01,2026-09-11T13:28:23.09204663Z,101001.044,none,false,0,0,0,0,0,2023,154,80,0,0,0,74,20
retained-e8c21674a86f5d4737b23a59e2071da7754f4ff2,kill-switch-slow-original-r01,2026-09-11T13:28:24.091743226Z,102000.740,none,false,0,0,0,0,0,2043,155,81,0,0,0,74,20
retained-e8c21674a86f5d4737b23a59e2071da7754f4ff2,kill-switch-slow-original-r01,2026-09-11T13:28:25.091659074Z,103000.656,none,false,0,0,0,0,0,2063,157,83,0,0,0,74,20
retained-e8c21674a86f5d4737b23a59e2071da7754f4ff2,kill-switch-slow-original-r01,2026-09-11T13:28:26.091777225Z,104000.774,none,false,0,0,0,0,0,2083,158,84,0,0,0,74,20
retained-e8c21674a86f5d4737b23a59e2071da7754f4ff2,kill-switch-slow-original-r01,2026-09-11T13:28:27.091567561Z,105000.565,none,false,0,0,0,0,0,2104,160,86,0,0,0,74,20
retained-e8c21674a86f5d4737b23a59e2071da7754f4ff2,kill-switch-slow-original-r01,2026-09-11T13:28:28.091083852Z,106000.081,none,false,0,0,0,0,0,2123,161,87,0,0,0,74,20
retained-e8c21674a86f5d4737b23a59e2071da7754f4ff2,kill-switch-slow-original-r01,2026-09-11T13:28:29.091546711Z,107000.544,none,false,0,0,0,0,0,2143,163,89,0,0,0,74,20
retained-e8c21674a86f5d4737b23a59e2071da7754f4ff2,kill-switch-slow-original-r01,2026-09-11T13:28:30.092069961Z,108001.067,none,false,0,0,0,0,0,2163,164,90,0,0,0,74,20
retained-e8c21674a86f5d4737b23a59e2071da7754f4ff2,kill-switch-slow-original-r01,2026-09-11T13:28:31.091580554Z,109000.578,none,false,0,0,0,0,0,2183,166,92,0,0,0,74,20
retained-e8c21674a86f5d4737b23a59e2071da7754f4ff2,kill-switch-slow-original-r01,2026-09-11T13:28:32.091671973Z,110000.669,none,false,0,0,0,0,0,2203,167,93,0,0,0,74,20
retained-e8c21674a86f5d4737b23a59e2071da7754f4ff2,kill-switch-slow-original-r01,2026-09-11T13:28:33.091633527Z,111000.631,none,false,0,0,0,0,0,2223,169,95,0,0,0,74,20
retained-e8c21674a86f5d4737b23a59e2071da7754f4ff2,kill-switch-slow-original-r01,2026-09-11T13:28:34.09169105Z,112000.688,none,false,0,0,0,0,0,2243,170,96,0,0,0,74,20
retained-e8c21674a86f5d4737b23a59e2071da7754f4ff2,kill-switch-slow-original-r01,2026-09-11T13:28:35.091773148Z,113000.770,none,false,0,0,0,0,0,2263,172,98,0,0,0,74,20
retained-e8c21674a86f5d4737b23a59e2071da7754f4ff2,kill-switch-slow-original-r01,2026-09-11T13:28:36.09170432Z,114000.701,none,false,0,0,1,0,0,2283,174,99,0,0,0,74,20
retained-e8c21674a86f5d4737b23a59e2071da7754f4ff2,kill-switch-slow-original-r01,2026-09-11T13:28:37.091711982Z,115000.709,none,false,0,0,0,0,0,2303,175,101,0,0,0,74,20
retained-e8c21674a86f5d4737b23a59e2071da7754f4ff2,kill-switch-slow-original-r01,2026-09-11T13:28:38.092161293Z,116001.158,none,false,0,0,0,0,0,2323,176,102,0,0,0,74,20
retained-e8c21674a86f5d4737b23a59e2071da7754f4ff2,kill-switch-slow-original-r01,2026-09-11T13:28:39.092011949Z,117001.009,none,false,0,0,0,0,0,2343,178,104,0,0,0,74,20
retained-e8c21674a86f5d4737b23a59e2071da7754f4ff2,kill-switch-slow-original-r01,2026-09-11T13:28:40.091537628Z,118000.535,none,false,0,0,0,0,0,2363,179,105,0,0,0,74,20
retained-e8c21674a86f5d4737b23a59e2071da7754f4ff2,kill-switch-slow-original-r01,2026-09-11T13:28:41.091197857Z,119000.195,none,false,0,0,0,0,0,2383,181,107,0,0,0,74,20
retained-e8c21674a86f5d4737b23a59e2071da7754f4ff2,kill-switch-slow-original-r01,2026-09-11T13:28:42.091240092Z,120000.237,none,false,0,0,0,0,0,2403,182,108,0,0,0,74,20
retained-e8c21674a86f5d4737b23a59e2071da7754f4ff2,kill-switch-slow-original-r01,2026-09-11T13:28:43.092035866Z,121001.033,none,false,0,0,0,0,0,2423,184,110,0,0,0,74,20
retained-e8c21674a86f5d4737b23a59e2071da7754f4ff2,kill-switch-slow-original-r01,2026-09-11T13:28:44.091603961Z,122000.601,none,false,0,0,0,0,0,2443,185,111,0,0,0,74,20
retained-e8c21674a86f5d4737b23a59e2071da7754f4ff2,kill-switch-slow-original-r01,2026-09-11T13:28:45.091881591Z,123000.879,none,false,0,0,0,0,0,2463,187,113,0,0,0,74,20
retained-e8c21674a86f5d4737b23a59e2071da7754f4ff2,kill-switch-slow-original-r01,2026-09-11T13:28:46.091598935Z,124000.596,none,false,0,0,0,0,0,2483,188,114,0,0,0,74,20
retained-e8c21674a86f5d4737b23a59e2071da7754f4ff2,kill-switch-slow-original-r01,2026-09-11T13:28:47.091835033Z,125000.832,none,false,0,0,0,0,0,2503,190,116,0,0,0,74,20
retained-e8c21674a86f5d4737b23a59e2071da7754f4ff2,kill-switch-slow-original-r01,2026-09-11T13:28:48.091882492Z,126000.879,none,false,0,0,0,0,0,2523,191,117,0,0,0,74,20
retained-e8c21674a86f5d4737b23a59e2071da7754f4ff2,kill-switch-slow-original-r01,2026-09-11T13:28:52.41446043Z,127000.969,none,false,0,0,0,0,0,2542,193,119,0,0,0,74,20
retained-e8c21674a86f5d4737b23a59e2071da7754f4ff2,kill-switch-slow-original-r01,2026-09-11T13:28:53.41442156Z,128000.930,none,false,0,0,0,0,0,2562,194,120,0,0,0,74,20
retained-e8c21674a86f5d4737b23a59e2071da7754f4ff2,kill-switch-slow-original-r01,2026-09-11T13:28:54.413815163Z,129000.323,none,false,0,0,0,0,0,2581,196,122,0,0,0,74,20
retained-e8c21674a86f5d4737b23a59e2071da7754f4ff2,kill-switch-slow-original-r01,2026-09-11T13:28:55.413964668Z,130000.473,none,false,0,0,1,0,0,2601,198,123,0,0,0,74,20
retained-e8c21674a86f5d4737b23a59e2071da7754f4ff2,kill-switch-slow-original-r01,2026-09-11T13:28:56.413666116Z,131000.174,none,false,0,0,0,0,0,2621,199,125,0,0,0,74,20
retained-e8c21674a86f5d4737b23a59e2071da7754f4ff2,kill-switch-slow-original-r01,2026-09-11T13:28:57.414070111Z,132000.578,none,false,0,0,0,0,0,2641,200,126,0,0,0,74,20
retained-e8c21674a86f5d4737b23a59e2071da7754f4ff2,kill-switch-slow-original-r01,2026-09-11T13:28:58.414204999Z,133000.713,none,false,0,0,0,0,0,2662,202,128,0,0,0,74,20
retained-e8c21674a86f5d4737b23a59e2071da7754f4ff2,kill-switch-slow-original-r01,2026-09-11T13:28:59.413967514Z,134000.476,none,false,0,0,0,0,0,2681,203,129,0,0,0,74,20
retained-e8c21674a86f5d4737b23a59e2071da7754f4ff2,kill-switch-slow-original-r01,2026-09-11T13:29:00.414486837Z,135000.995,none,false,0,0,0,0,0,2701,205,131,0,0,0,74,20
retained-e8c21674a86f5d4737b23a59e2071da7754f4ff2,kill-switch-slow-original-r01,2026-09-11T13:29:01.413741118Z,136000.249,none,false,0,0,0,0,0,2721,206,132,0,0,0,74,20
retained-e8c21674a86f5d4737b23a59e2071da7754f4ff2,kill-switch-slow-original-r01,2026-09-11T13:29:02.414288974Z,137000.797,none,false,0,0,0,0,0,2741,208,134,0,0,0,74,20
retained-e8c21674a86f5d4737b23a59e2071da7754f4ff2,kill-switch-slow-original-r01,2026-09-11T13:29:03.413567972Z,138000.076,none,false,0,0,0,0,0,2761,209,135,0,0,0,74,20
retained-e8c21674a86f5d4737b23a59e2071da7754f4ff2,kill-switch-slow-original-r01,2026-09-11T13:29:04.413684168Z,139000.192,none,false,0,0,0,0,0,2781,211,137,0,0,0,74,20
retained-e8c21674a86f5d4737b23a59e2071da7754f4ff2,kill-switch-slow-original-r01,2026-09-11T13:29:05.414429787Z,140000.938,none,false,0,0,0,0,0,2801,212,138,0,0,0,74,20
retained-e8c21674a86f5d4737b23a59e2071da7754f4ff2,kill-switch-slow-original-r01,2026-09-11T13:29:06.413584001Z,141000.092,none,false,0,0,0,0,0,2821,214,140,0,0,0,74,20
retained-e8c21674a86f5d4737b23a59e2071da7754f4ff2,kill-switch-slow-original-r01,2026-09-11T13:29:07.414642179Z,142001.150,none,false,0,0,0,0,0,2841,215,141,0,0,0,74,20
retained-e8c21674a86f5d4737b23a59e2071da7754f4ff2,kill-switch-slow-original-r01,2026-09-11T13:29:08.414316066Z,143000.824,none,false,0,0,0,0,0,2861,217,143,0,0,0,74,20
retained-e8c21674a86f5d4737b23a59e2071da7754f4ff2,kill-switch-slow-original-r01,2026-09-11T13:29:09.414537713Z,144001.046,none,false,0,0,0,0,0,2881,218,144,0,0,0,74,20
retained-e8c21674a86f5d4737b23a59e2071da7754f4ff2,kill-switch-slow-original-r01,2026-09-11T13:29:10.414678309Z,145001.186,none,false,0,0,0,0,0,2901,220,146,0,0,0,74,20
retained-e8c21674a86f5d4737b23a59e2071da7754f4ff2,kill-switch-slow-original-r01,2026-09-11T13:29:11.414460899Z,146000.969,none,false,0,0,0,0,0,2921,221,147,0,0,0,74,20
retained-e8c21674a86f5d4737b23a59e2071da7754f4ff2,kill-switch-slow-original-r01,2026-09-11T13:29:12.413598263Z,147000.106,none,false,0,0,0,0,0,2941,223,149,0,0,0,74,20
retained-e8c21674a86f5d4737b23a59e2071da7754f4ff2,kill-switch-slow-original-r01,2026-09-11T13:29:13.414560817Z,148001.069,none,false,0,0,0,0,0,2961,224,150,0,0,0,74,20
retained-e8c21674a86f5d4737b23a59e2071da7754f4ff2,kill-switch-slow-original-r01,2026-09-11T13:29:14.41443057Z,149000.939,none,false,0,0,0,0,0,2981,226,152,0,0,0,74,20
retained-e8c21674a86f5d4737b23a59e2071da7754f4ff2,kill-switch-slow-original-r01,2026-09-11T13:29:15.414491321Z,150000.999,none,false,0,0,0,0,0,3001,227,153,0,0,0,74,20
retained-e8c21674a86f5d4737b23a59e2071da7754f4ff2,kill-switch-slow-original-r01,2026-09-11T13:29:15.414524432Z,150001.033,none,false,0,0,0,0,0,3001,227,153,0,0,0,74,20
retained-e8c21674a86f5d4737b23a59e2071da7754f4ff2,baseline-slow-original-r01,2026-09-11T13:29:16.49858865Z,0.035,none,false,0,0,0,0,0,4,4,4,0,0,0,0,0
retained-e8c21674a86f5d4737b23a59e2071da7754f4ff2,baseline-slow-original-r01,2026-09-11T13:29:17.49972646Z,1001.172,none,false,0,0,0,0,0,23,4,4,0,0,0,0,0
retained-e8c21674a86f5d4737b23a59e2071da7754f4ff2,baseline-slow-original-r01,2026-09-11T13:29:18.498957379Z,2000.403,none,false,0,0,0,0,0,43,5,5,0,0,0,0,0
retained-e8c21674a86f5d4737b23a59e2071da7754f4ff2,baseline-slow-original-r01,2026-09-11T13:29:19.499305061Z,3000.751,none,false,0,0,0,0,0,63,7,7,0,0,0,0,0
retained-e8c21674a86f5d4737b23a59e2071da7754f4ff2,baseline-slow-original-r01,2026-09-11T13:29:20.499302813Z,4000.749,none,false,0,0,0,0,0,83,8,8,0,0,0,0,0
retained-e8c21674a86f5d4737b23a59e2071da7754f4ff2,baseline-slow-original-r01,2026-09-11T13:29:21.499349045Z,5000.795,none,false,0,0,0,0,0,103,10,10,0,0,0,0,0
retained-e8c21674a86f5d4737b23a59e2071da7754f4ff2,baseline-slow-original-r01,2026-09-11T13:29:25.830248676Z,6000.219,none,false,0,0,0,0,0,124,11,11,0,0,0,0,0
retained-e8c21674a86f5d4737b23a59e2071da7754f4ff2,baseline-slow-original-r01,2026-09-11T13:29:26.831028871Z,7000.999,none,false,0,0,0,0,0,143,13,13,0,0,0,0,0
retained-e8c21674a86f5d4737b23a59e2071da7754f4ff2,baseline-slow-original-r01,2026-09-11T13:29:27.830878544Z,8000.849,none,false,0,0,0,0,0,163,14,14,0,0,0,0,0
retained-e8c21674a86f5d4737b23a59e2071da7754f4ff2,baseline-slow-original-r01,2026-09-11T13:29:28.830447245Z,9000.417,none,false,0,0,0,0,0,183,16,16,0,0,0,0,0
retained-e8c21674a86f5d4737b23a59e2071da7754f4ff2,baseline-slow-original-r01,2026-09-11T13:29:29.83077612Z,10000.746,none,false,0,0,0,0,0,203,17,17,0,0,0,0,0
retained-e8c21674a86f5d4737b23a59e2071da7754f4ff2,baseline-slow-original-r01,2026-09-11T13:29:30.830803716Z,11000.774,none,false,0,0,0,0,0,223,19,19,0,0,0,0,0
retained-e8c21674a86f5d4737b23a59e2071da7754f4ff2,baseline-slow-original-r01,2026-09-11T13:29:31.830866816Z,12000.837,none,false,0,0,0,0,0,243,20,20,0,0,0,0,0
retained-e8c21674a86f5d4737b23a59e2071da7754f4ff2,baseline-slow-original-r01,2026-09-11T13:29:32.831120118Z,13001.090,none,false,0,0,0,0,0,263,22,22,0,0,0,0,0
retained-e8c21674a86f5d4737b23a59e2071da7754f4ff2,baseline-slow-original-r01,2026-09-11T13:29:33.830468893Z,14000.439,none,false,0,0,0,0,0,283,23,23,0,0,0,0,0
retained-e8c21674a86f5d4737b23a59e2071da7754f4ff2,baseline-slow-original-r01,2026-09-11T13:29:34.830830819Z,15000.801,none,false,0,0,0,0,0,303,25,25,0,0,0,0,0
retained-e8c21674a86f5d4737b23a59e2071da7754f4ff2,baseline-slow-original-r01,2026-09-11T13:29:35.83073954Z,16000.710,none,false,0,0,0,0,0,323,26,26,0,0,0,0,0
retained-e8c21674a86f5d4737b23a59e2071da7754f4ff2,baseline-slow-original-r01,2026-09-11T13:29:36.830543655Z,17000.514,none,false,0,0,0,0,0,343,28,28,0,0,0,0,0
retained-e8c21674a86f5d4737b23a59e2071da7754f4ff2,baseline-slow-original-r01,2026-09-11T13:29:37.830209208Z,18000.179,none,false,0,0,0,0,0,363,29,29,0,0,0,0,0
retained-e8c21674a86f5d4737b23a59e2071da7754f4ff2,baseline-slow-original-r01,2026-09-11T13:29:38.830667104Z,19000.637,none,false,0,0,0,0,0,383,31,31,0,0,0,0,0
retained-e8c21674a86f5d4737b23a59e2071da7754f4ff2,baseline-slow-original-r01,2026-09-11T13:29:39.831261003Z,20001.231,none,false,0,0,0,0,0,403,32,32,0,0,0,0,0
retained-e8c21674a86f5d4737b23a59e2071da7754f4ff2,baseline-slow-original-r01,2026-09-11T13:29:40.83087773Z,21000.848,none,false,0,0,0,0,0,423,34,34,0,0,0,0,0
retained-e8c21674a86f5d4737b23a59e2071da7754f4ff2,baseline-slow-original-r01,2026-09-11T13:29:41.831110003Z,22001.080,none,false,0,0,0,0,0,443,35,35,0,0,0,0,0
retained-e8c21674a86f5d4737b23a59e2071da7754f4ff2,baseline-slow-original-r01,2026-09-11T13:29:42.831097552Z,23001.068,none,false,0,0,0,0,0,463,37,37,0,0,0,0,0
retained-e8c21674a86f5d4737b23a59e2071da7754f4ff2,baseline-slow-original-r01,2026-09-11T13:29:43.830943059Z,24000.913,none,false,0,0,0,0,0,483,38,38,0,0,0,0,0
retained-e8c21674a86f5d4737b23a59e2071da7754f4ff2,baseline-slow-original-r01,2026-09-11T13:29:44.830556766Z,25000.527,none,false,0,0,0,0,0,503,40,40,0,0,0,0,0
retained-e8c21674a86f5d4737b23a59e2071da7754f4ff2,baseline-slow-original-r01,2026-09-11T13:29:45.830346394Z,26000.317,none,false,0,0,0,0,0,523,41,41,0,0,0,0,0
retained-e8c21674a86f5d4737b23a59e2071da7754f4ff2,baseline-slow-original-r01,2026-09-11T13:29:46.830868653Z,27000.839,none,false,0,0,0,0,0,543,43,43,0,0,0,0,0
retained-e8c21674a86f5d4737b23a59e2071da7754f4ff2,baseline-slow-original-r01,2026-09-11T13:29:47.830845962Z,28000.816,none,false,0,0,0,0,0,563,44,44,0,0,0,0,0
retained-e8c21674a86f5d4737b23a59e2071da7754f4ff2,baseline-slow-original-r01,2026-09-11T13:29:48.83095566Z,29000.926,none,false,0,0,0,0,0,583,46,46,0,0,0,0,0
retained-e8c21674a86f5d4737b23a59e2071da7754f4ff2,baseline-slow-original-r01,2026-09-11T13:29:49.830811235Z,30000.781,slow-original,false,0,0,0,0,0,603,47,47,0,0,0,0,0
retained-e8c21674a86f5d4737b23a59e2071da7754f4ff2,baseline-slow-original-r01,2026-09-11T13:29:50.830360136Z,31000.330,slow-original,false,0,0,1,0,0,623,49,48,0,0,0,0,1
retained-e8c21674a86f5d4737b23a59e2071da7754f4ff2,baseline-slow-original-r01,2026-09-11T13:29:51.83081315Z,32000.783,slow-original,false,0,0,2,0,0,643,50,48,0,0,0,0,2
retained-e8c21674a86f5d4737b23a59e2071da7754f4ff2,baseline-slow-original-r01,2026-09-11T13:29:52.830591951Z,33000.562,slow-original,false,0,0,3,0,0,663,52,49,0,0,0,0,3
retained-e8c21674a86f5d4737b23a59e2071da7754f4ff2,baseline-slow-original-r01,2026-09-11T13:29:53.830270907Z,34000.241,slow-original,false,0,0,4,0,0,683,53,49,0,0,0,0,4
retained-e8c21674a86f5d4737b23a59e2071da7754f4ff2,baseline-slow-original-r01,2026-09-11T13:29:54.83113795Z,35001.108,slow-original,false,0,0,5,0,0,703,55,50,0,0,0,0,5
retained-e8c21674a86f5d4737b23a59e2071da7754f4ff2,baseline-slow-original-r01,2026-09-11T13:29:59.181164692Z,36000.541,slow-original,false,0,0,6,0,0,723,56,50,0,0,0,0,6
retained-e8c21674a86f5d4737b23a59e2071da7754f4ff2,baseline-slow-original-r01,2026-09-11T13:30:00.181120801Z,37000.497,slow-original,false,0,0,7,0,0,743,58,51,0,0,0,0,7
retained-e8c21674a86f5d4737b23a59e2071da7754f4ff2,baseline-slow-original-r01,2026-09-11T13:30:01.18116992Z,38000.546,slow-original,false,0,0,8,0,0,763,59,51,0,0,0,0,8
retained-e8c21674a86f5d4737b23a59e2071da7754f4ff2,baseline-slow-original-r01,2026-09-11T13:30:02.181445837Z,39000.822,slow-original,false,0,0,9,0,0,783,61,52,0,0,0,0,9
retained-e8c21674a86f5d4737b23a59e2071da7754f4ff2,baseline-slow-original-r01,2026-09-11T13:30:03.181032084Z,40000.409,slow-original,false,0,0,10,0,0,803,62,52,0,0,0,0,10
retained-e8c21674a86f5d4737b23a59e2071da7754f4ff2,baseline-slow-original-r01,2026-09-11T13:30:04.18164586Z,41001.022,slow-original,false,0,0,11,0,0,823,64,53,0,0,0,0,11
retained-e8c21674a86f5d4737b23a59e2071da7754f4ff2,baseline-slow-original-r01,2026-09-11T13:30:05.181755043Z,42001.131,slow-original,false,0,0,12,0,0,843,65,53,0,0,0,0,12
retained-e8c21674a86f5d4737b23a59e2071da7754f4ff2,baseline-slow-original-r01,2026-09-11T13:30:06.181076707Z,43000.453,slow-original,false,0,0,13,0,0,863,67,54,0,0,0,0,13
retained-e8c21674a86f5d4737b23a59e2071da7754f4ff2,baseline-slow-original-r01,2026-09-11T13:30:07.181145061Z,44000.522,slow-original,false,0,0,14,0,0,883,68,54,0,0,0,0,14
retained-e8c21674a86f5d4737b23a59e2071da7754f4ff2,baseline-slow-original-r01,2026-09-11T13:30:08.181019709Z,45000.396,slow-original,false,0,0,15,0,0,903,70,55,0,0,0,0,15
retained-e8c21674a86f5d4737b23a59e2071da7754f4ff2,baseline-slow-original-r01,2026-09-11T13:30:09.181296204Z,46000.673,slow-original,false,0,0,15,0,0,923,71,56,0,0,0,0,16
retained-e8c21674a86f5d4737b23a59e2071da7754f4ff2,baseline-slow-original-r01,2026-09-11T13:30:10.181355856Z,47000.732,slow-original,false,0,0,15,0,0,943,73,58,0,0,0,0,17
retained-e8c21674a86f5d4737b23a59e2071da7754f4ff2,baseline-slow-original-r01,2026-09-11T13:30:11.181119339Z,48000.496,slow-original,false,0,0,15,0,0,963,74,59,0,0,0,0,18
retained-e8c21674a86f5d4737b23a59e2071da7754f4ff2,baseline-slow-original-r01,2026-09-11T13:30:12.181622988Z,49000.999,slow-original,false,0,0,16,0,0,983,77,61,0,0,0,0,20
retained-e8c21674a86f5d4737b23a59e2071da7754f4ff2,baseline-slow-original-r01,2026-09-11T13:30:13.181463148Z,50000.840,slow-original,false,0,0,15,0,0,1003,77,62,0,0,0,0,20
retained-e8c21674a86f5d4737b23a59e2071da7754f4ff2,baseline-slow-original-r01,2026-09-11T13:30:14.181137224Z,51000.514,slow-original,false,0,0,15,0,0,1023,79,64,0,0,0,0,21
retained-e8c21674a86f5d4737b23a59e2071da7754f4ff2,baseline-slow-original-r01,2026-09-11T13:30:15.181165894Z,52000.542,slow-original,false,0,0,15,0,0,1043,80,65,0,0,0,0,22
retained-e8c21674a86f5d4737b23a59e2071da7754f4ff2,baseline-slow-original-r01,2026-09-11T13:30:16.18104727Z,53000.424,slow-original,false,0,0,15,0,0,1063,82,67,0,0,0,0,23
retained-e8c21674a86f5d4737b23a59e2071da7754f4ff2,baseline-slow-original-r01,2026-09-11T13:30:17.181194809Z,54000.571,slow-original,false,0,0,15,0,0,1083,83,68,0,0,0,0,24
retained-e8c21674a86f5d4737b23a59e2071da7754f4ff2,baseline-slow-original-r01,2026-09-11T13:30:18.181666348Z,55001.043,slow-original,false,0,0,15,0,0,1103,85,70,0,0,0,0,25
retained-e8c21674a86f5d4737b23a59e2071da7754f4ff2,baseline-slow-original-r01,2026-09-11T13:30:19.181064517Z,56000.441,slow-original,false,0,0,15,0,0,1123,86,71,0,0,0,0,26
retained-e8c21674a86f5d4737b23a59e2071da7754f4ff2,baseline-slow-original-r01,2026-09-11T13:30:20.181636142Z,57001.013,slow-original,false,0,0,15,0,0,1143,88,73,0,0,0,0,27
retained-e8c21674a86f5d4737b23a59e2071da7754f4ff2,baseline-slow-original-r01,2026-09-11T13:30:21.180973624Z,58000.350,slow-original,false,0,0,15,0,0,1163,89,74,0,0,0,0,28
retained-e8c21674a86f5d4737b23a59e2071da7754f4ff2,baseline-slow-original-r01,2026-09-11T13:30:22.181192321Z,59000.569,slow-original,false,0,0,15,0,0,1183,91,76,0,0,0,0,29
retained-e8c21674a86f5d4737b23a59e2071da7754f4ff2,baseline-slow-original-r01,2026-09-11T13:30:23.181745423Z,60001.122,slow-original,false,0,0,15,0,0,1203,92,77,0,0,0,0,30
retained-e8c21674a86f5d4737b23a59e2071da7754f4ff2,baseline-slow-original-r01,2026-09-11T13:30:24.1812245Z,61000.601,slow-original,false,0,0,15,0,0,1223,94,79,0,0,0,0,31
retained-e8c21674a86f5d4737b23a59e2071da7754f4ff2,baseline-slow-original-r01,2026-09-11T13:30:25.181252814Z,62000.629,slow-original,false,0,0,15,0,0,1243,95,80,0,0,0,0,32
retained-e8c21674a86f5d4737b23a59e2071da7754f4ff2,baseline-slow-original-r01,2026-09-11T13:30:26.181164467Z,63000.541,slow-original,false,0,0,15,0,0,1263,97,82,0,0,0,0,33
retained-e8c21674a86f5d4737b23a59e2071da7754f4ff2,baseline-slow-original-r01,2026-09-11T13:30:27.181602256Z,64000.979,slow-original,false,0,0,15,0,0,1283,98,83,0,0,0,0,34
retained-e8c21674a86f5d4737b23a59e2071da7754f4ff2,baseline-slow-original-r01,2026-09-11T13:30:28.181066832Z,65000.443,slow-original,false,0,0,15,0,0,1303,100,85,0,0,0,0,35
retained-e8c21674a86f5d4737b23a59e2071da7754f4ff2,baseline-slow-original-r01,2026-09-11T13:30:32.506938605Z,66000.148,slow-original,false,0,0,15,0,0,1323,101,86,0,0,0,0,36
retained-e8c21674a86f5d4737b23a59e2071da7754f4ff2,baseline-slow-original-r01,2026-09-11T13:30:33.507292167Z,67000.501,slow-original,false,0,0,15,0,0,1343,103,88,0,0,0,0,37
retained-e8c21674a86f5d4737b23a59e2071da7754f4ff2,baseline-slow-original-r01,2026-09-11T13:30:34.507860682Z,68001.070,slow-original,false,0,0,15,0,0,1363,104,89,0,0,0,0,38
retained-e8c21674a86f5d4737b23a59e2071da7754f4ff2,baseline-slow-original-r01,2026-09-11T13:30:35.507014488Z,69000.224,slow-original,false,0,0,15,0,0,1384,106,91,0,0,0,0,39
retained-e8c21674a86f5d4737b23a59e2071da7754f4ff2,baseline-slow-original-r01,2026-09-11T13:30:36.507917317Z,70001.126,slow-original,false,0,0,15,0,0,1403,107,92,0,0,0,0,40
retained-e8c21674a86f5d4737b23a59e2071da7754f4ff2,baseline-slow-original-r01,2026-09-11T13:30:37.507338889Z,71000.548,slow-original,false,0,0,15,0,0,1423,109,94,0,0,0,0,41
retained-e8c21674a86f5d4737b23a59e2071da7754f4ff2,baseline-slow-original-r01,2026-09-11T13:30:38.507223251Z,72000.432,slow-original,false,0,0,15,0,0,1443,110,95,0,0,0,0,42
retained-e8c21674a86f5d4737b23a59e2071da7754f4ff2,baseline-slow-original-r01,2026-09-11T13:30:39.507414544Z,73000.624,slow-original,false,0,0,15,0,0,1463,112,97,0,0,0,0,43
retained-e8c21674a86f5d4737b23a59e2071da7754f4ff2,baseline-slow-original-r01,2026-09-11T13:30:40.507167005Z,74000.376,slow-original,false,0,0,15,0,0,1483,113,98,0,0,0,0,44
retained-e8c21674a86f5d4737b23a59e2071da7754f4ff2,baseline-slow-original-r01,2026-09-11T13:30:41.507246459Z,75000.456,slow-original,false,0,0,15,0,0,1503,115,100,0,0,0,0,45
retained-e8c21674a86f5d4737b23a59e2071da7754f4ff2,baseline-slow-original-r01,2026-09-11T13:30:42.507006853Z,76000.216,slow-original,false,0,0,15,0,0,1523,116,101,0,0,0,0,46
retained-e8c21674a86f5d4737b23a59e2071da7754f4ff2,baseline-slow-original-r01,2026-09-11T13:30:43.507534141Z,77000.743,slow-original,false,0,0,15,0,0,1543,118,103,0,0,0,0,47
retained-e8c21674a86f5d4737b23a59e2071da7754f4ff2,baseline-slow-original-r01,2026-09-11T13:30:44.507758055Z,78000.967,slow-original,false,0,0,15,0,0,1563,119,104,0,0,0,0,48
retained-e8c21674a86f5d4737b23a59e2071da7754f4ff2,baseline-slow-original-r01,2026-09-11T13:30:45.507862677Z,79001.072,slow-original,false,0,0,15,0,0,1583,121,106,0,0,0,0,49
retained-e8c21674a86f5d4737b23a59e2071da7754f4ff2,baseline-slow-original-r01,2026-09-11T13:30:46.507248732Z,80000.458,slow-original,false,0,0,15,0,0,1603,122,107,0,0,0,0,50
retained-e8c21674a86f5d4737b23a59e2071da7754f4ff2,baseline-slow-original-r01,2026-09-11T13:30:47.507828026Z,81001.037,slow-original,false,0,0,15,0,0,1623,124,109,0,0,0,0,51
retained-e8c21674a86f5d4737b23a59e2071da7754f4ff2,baseline-slow-original-r01,2026-09-11T13:30:48.507457844Z,82000.667,slow-original,false,0,0,16,0,0,1643,126,110,0,0,0,0,53
retained-e8c21674a86f5d4737b23a59e2071da7754f4ff2,baseline-slow-original-r01,2026-09-11T13:30:49.507599664Z,83000.809,slow-original,false,0,0,15,0,0,1663,127,112,0,0,0,0,53
retained-e8c21674a86f5d4737b23a59e2071da7754f4ff2,baseline-slow-original-r01,2026-09-11T13:30:50.508549971Z,84001.759,slow-original,false,0,0,15,0,0,1683,128,113,0,0,0,0,54
retained-e8c21674a86f5d4737b23a59e2071da7754f4ff2,baseline-slow-original-r01,2026-09-11T13:30:51.508005424Z,85001.215,slow-original,false,0,0,15,0,0,1703,130,115,0,0,0,0,55
retained-e8c21674a86f5d4737b23a59e2071da7754f4ff2,baseline-slow-original-r01,2026-09-11T13:30:52.508135555Z,86001.345,slow-original,false,0,0,15,0,0,1724,131,116,0,0,0,0,56
retained-e8c21674a86f5d4737b23a59e2071da7754f4ff2,baseline-slow-original-r01,2026-09-11T13:30:53.507478639Z,87000.688,slow-original,false,0,0,15,0,0,1743,133,118,0,0,0,0,57
retained-e8c21674a86f5d4737b23a59e2071da7754f4ff2,baseline-slow-original-r01,2026-09-11T13:30:54.507824449Z,88001.034,slow-original,false,0,0,15,0,0,1763,134,119,0,0,0,0,58
retained-e8c21674a86f5d4737b23a59e2071da7754f4ff2,baseline-slow-original-r01,2026-09-11T13:30:55.507542377Z,89000.751,slow-original,false,0,0,15,0,0,1783,136,121,0,0,0,0,59
retained-e8c21674a86f5d4737b23a59e2071da7754f4ff2,baseline-slow-original-r01,2026-09-11T13:30:56.507823051Z,90001.032,none,false,0,0,15,0,0,1804,137,122,0,0,0,0,60
retained-e8c21674a86f5d4737b23a59e2071da7754f4ff2,baseline-slow-original-r01,2026-09-11T13:30:57.507798342Z,91001.007,none,false,0,0,14,0,0,1823,139,125,0,0,0,0,60
retained-e8c21674a86f5d4737b23a59e2071da7754f4ff2,baseline-slow-original-r01,2026-09-11T13:30:58.507229067Z,92000.438,none,false,0,0,13,0,0,1843,140,127,0,0,0,0,60
retained-e8c21674a86f5d4737b23a59e2071da7754f4ff2,baseline-slow-original-r01,2026-09-11T13:30:59.507147371Z,93000.356,none,false,0,0,12,0,0,1863,142,130,0,0,0,0,60
retained-e8c21674a86f5d4737b23a59e2071da7754f4ff2,baseline-slow-original-r01,2026-09-11T13:31:00.507374311Z,94000.583,none,false,0,0,11,0,0,1883,143,132,0,0,0,0,60
retained-e8c21674a86f5d4737b23a59e2071da7754f4ff2,baseline-slow-original-r01,2026-09-11T13:31:01.507792203Z,95001.001,none,false,0,0,10,0,0,1903,145,135,0,0,0,0,60
retained-e8c21674a86f5d4737b23a59e2071da7754f4ff2,baseline-slow-original-r01,2026-09-11T13:31:05.847158119Z,96000.115,none,false,0,0,9,0,0,1923,146,137,0,0,0,0,60
retained-e8c21674a86f5d4737b23a59e2071da7754f4ff2,baseline-slow-original-r01,2026-09-11T13:31:06.847961385Z,97000.918,none,false,0,0,8,0,0,1943,148,140,0,0,0,0,60
retained-e8c21674a86f5d4737b23a59e2071da7754f4ff2,baseline-slow-original-r01,2026-09-11T13:31:07.847584694Z,98000.542,none,false,0,0,7,0,0,1963,149,142,0,0,0,0,60
retained-e8c21674a86f5d4737b23a59e2071da7754f4ff2,baseline-slow-original-r01,2026-09-11T13:31:08.847523009Z,99000.480,none,false,0,0,6,0,0,1983,151,145,0,0,0,0,60
retained-e8c21674a86f5d4737b23a59e2071da7754f4ff2,baseline-slow-original-r01,2026-09-11T13:31:09.847664386Z,100000.621,none,false,0,0,5,0,0,2003,152,147,0,0,0,0,60
retained-e8c21674a86f5d4737b23a59e2071da7754f4ff2,baseline-slow-original-r01,2026-09-11T13:31:10.847345828Z,101000.303,none,false,0,0,4,0,0,2023,154,150,0,0,0,0,60
retained-e8c21674a86f5d4737b23a59e2071da7754f4ff2,baseline-slow-original-r01,2026-09-11T13:31:11.848294451Z,102001.251,none,false,0,0,3,0,0,2044,155,152,0,0,0,0,60
retained-e8c21674a86f5d4737b23a59e2071da7754f4ff2,baseline-slow-original-r01,2026-09-11T13:31:12.847975539Z,103000.933,none,false,0,0,2,0,0,2063,157,155,0,0,0,0,60
retained-e8c21674a86f5d4737b23a59e2071da7754f4ff2,baseline-slow-original-r01,2026-09-11T13:31:13.847639345Z,104000.596,none,false,0,0,1,0,0,2083,158,157,0,0,0,0,60
retained-e8c21674a86f5d4737b23a59e2071da7754f4ff2,baseline-slow-original-r01,2026-09-11T13:31:14.847833807Z,105000.791,none,false,0,0,0,0,0,2103,160,160,0,0,0,0,60
retained-e8c21674a86f5d4737b23a59e2071da7754f4ff2,baseline-slow-original-r01,2026-09-11T13:31:15.847530167Z,106000.487,none,false,0,0,0,0,0,2123,161,161,0,0,0,0,60
retained-e8c21674a86f5d4737b23a59e2071da7754f4ff2,baseline-slow-original-r01,2026-09-11T13:31:16.847880708Z,107000.838,none,false,0,0,0,0,0,2143,163,163,0,0,0,0,60
retained-e8c21674a86f5d4737b23a59e2071da7754f4ff2,baseline-slow-original-r01,2026-09-11T13:31:17.847751431Z,108000.708,none,false,0,0,0,0,0,2163,164,164,0,0,0,0,60
retained-e8c21674a86f5d4737b23a59e2071da7754f4ff2,baseline-slow-original-r01,2026-09-11T13:31:18.847922193Z,109000.879,none,false,0,0,0,0,0,2183,166,166,0,0,0,0,60
retained-e8c21674a86f5d4737b23a59e2071da7754f4ff2,baseline-slow-original-r01,2026-09-11T13:31:19.847520178Z,110000.477,none,false,0,0,0,0,0,2203,167,167,0,0,0,0,60
retained-e8c21674a86f5d4737b23a59e2071da7754f4ff2,baseline-slow-original-r01,2026-09-11T13:31:20.848164209Z,111001.121,none,false,0,0,0,0,0,2223,169,169,0,0,0,0,60
retained-e8c21674a86f5d4737b23a59e2071da7754f4ff2,baseline-slow-original-r01,2026-09-11T13:31:21.84813096Z,112001.088,none,false,0,0,0,0,0,2243,170,170,0,0,0,0,60
retained-e8c21674a86f5d4737b23a59e2071da7754f4ff2,baseline-slow-original-r01,2026-09-11T13:31:22.848213988Z,113001.171,none,false,0,0,0,0,0,2263,172,172,0,0,0,0,60
retained-e8c21674a86f5d4737b23a59e2071da7754f4ff2,baseline-slow-original-r01,2026-09-11T13:31:23.847779052Z,114000.736,none,false,0,0,0,0,0,2283,173,173,0,0,0,0,60
retained-e8c21674a86f5d4737b23a59e2071da7754f4ff2,baseline-slow-original-r01,2026-09-11T13:31:24.847527252Z,115000.484,none,false,0,0,0,0,0,2303,175,175,0,0,0,0,60
retained-e8c21674a86f5d4737b23a59e2071da7754f4ff2,baseline-slow-original-r01,2026-09-11T13:31:25.847675261Z,116000.632,none,false,0,0,0,0,0,2323,176,176,0,0,0,0,60
retained-e8c21674a86f5d4737b23a59e2071da7754f4ff2,baseline-slow-original-r01,2026-09-11T13:31:26.84789851Z,117000.855,none,false,0,0,0,0,0,2343,178,178,0,0,0,0,60
retained-e8c21674a86f5d4737b23a59e2071da7754f4ff2,baseline-slow-original-r01,2026-09-11T13:31:27.847775529Z,118000.732,none,false,0,0,0,0,0,2363,179,179,0,0,0,0,60
retained-e8c21674a86f5d4737b23a59e2071da7754f4ff2,baseline-slow-original-r01,2026-09-11T13:31:28.847518076Z,119000.475,none,false,0,0,0,0,0,2383,181,181,0,0,0,0,60
retained-e8c21674a86f5d4737b23a59e2071da7754f4ff2,baseline-slow-original-r01,2026-09-11T13:31:29.848252878Z,120001.210,none,false,0,0,0,0,0,2403,182,182,0,0,0,0,60
retained-e8c21674a86f5d4737b23a59e2071da7754f4ff2,baseline-slow-original-r01,2026-09-11T13:31:30.847320519Z,121000.277,none,false,0,0,0,0,0,2423,184,184,0,0,0,0,60
retained-e8c21674a86f5d4737b23a59e2071da7754f4ff2,baseline-slow-original-r01,2026-09-11T13:31:31.847563821Z,122000.521,none,false,0,0,0,0,0,2443,185,185,0,0,0,0,60
retained-e8c21674a86f5d4737b23a59e2071da7754f4ff2,baseline-slow-original-r01,2026-09-11T13:31:32.848073825Z,123001.031,none,false,0,0,0,0,0,2463,187,187,0,0,0,0,60
retained-e8c21674a86f5d4737b23a59e2071da7754f4ff2,baseline-slow-original-r01,2026-09-11T13:31:33.847609124Z,124000.566,none,false,0,0,0,0,0,2483,188,188,0,0,0,0,60
retained-e8c21674a86f5d4737b23a59e2071da7754f4ff2,baseline-slow-original-r01,2026-09-11T13:31:34.847807113Z,125000.764,none,false,0,0,0,0,0,2503,190,190,0,0,0,0,60
retained-e8c21674a86f5d4737b23a59e2071da7754f4ff2,baseline-slow-original-r01,2026-09-11T13:31:39.174201998Z,126000.714,none,false,0,0,0,0,0,2523,191,191,0,0,0,0,60
retained-e8c21674a86f5d4737b23a59e2071da7754f4ff2,baseline-slow-original-r01,2026-09-11T13:31:40.17417518Z,127000.687,none,false,0,0,0,0,0,2543,193,193,0,0,0,0,60
retained-e8c21674a86f5d4737b23a59e2071da7754f4ff2,baseline-slow-original-r01,2026-09-11T13:31:41.174635138Z,128001.147,none,false,0,0,0,0,0,2563,194,194,0,0,0,0,60
retained-e8c21674a86f5d4737b23a59e2071da7754f4ff2,baseline-slow-original-r01,2026-09-11T13:31:42.1740405Z,129000.552,none,false,0,0,0,0,0,2583,196,196,0,0,0,0,60
retained-e8c21674a86f5d4737b23a59e2071da7754f4ff2,baseline-slow-original-r01,2026-09-11T13:31:43.174663071Z,130001.175,none,false,0,0,0,0,0,2603,197,197,0,0,0,0,60
retained-e8c21674a86f5d4737b23a59e2071da7754f4ff2,baseline-slow-original-r01,2026-09-11T13:31:44.174274932Z,131000.786,none,false,0,0,0,0,0,2623,199,199,0,0,0,0,60
retained-e8c21674a86f5d4737b23a59e2071da7754f4ff2,baseline-slow-original-r01,2026-09-11T13:31:45.173844742Z,132000.356,none,false,0,0,0,0,0,2643,200,200,0,0,0,0,60
retained-e8c21674a86f5d4737b23a59e2071da7754f4ff2,baseline-slow-original-r01,2026-09-11T13:31:46.173904744Z,133000.416,none,false,0,0,0,0,0,2663,202,202,0,0,0,0,60
retained-e8c21674a86f5d4737b23a59e2071da7754f4ff2,baseline-slow-original-r01,2026-09-11T13:31:47.173773179Z,134000.285,none,false,0,0,0,0,0,2683,203,203,0,0,0,0,60
retained-e8c21674a86f5d4737b23a59e2071da7754f4ff2,baseline-slow-original-r01,2026-09-11T13:31:48.17372549Z,135000.237,none,false,0,0,0,0,0,2703,205,205,0,0,0,0,60
retained-e8c21674a86f5d4737b23a59e2071da7754f4ff2,baseline-slow-original-r01,2026-09-11T13:31:49.174134037Z,136000.646,none,false,0,0,0,0,0,2723,206,206,0,0,0,0,60
retained-e8c21674a86f5d4737b23a59e2071da7754f4ff2,baseline-slow-original-r01,2026-09-11T13:31:50.174601415Z,137001.113,none,false,0,0,0,0,0,2743,208,208,0,0,0,0,60
retained-e8c21674a86f5d4737b23a59e2071da7754f4ff2,baseline-slow-original-r01,2026-09-11T13:31:51.17392137Z,138000.433,none,false,0,0,0,0,0,2763,209,209,0,0,0,0,60
retained-e8c21674a86f5d4737b23a59e2071da7754f4ff2,baseline-slow-original-r01,2026-09-11T13:31:52.174139651Z,139000.651,none,false,0,0,0,0,0,2783,211,211,0,0,0,0,60
retained-e8c21674a86f5d4737b23a59e2071da7754f4ff2,baseline-slow-original-r01,2026-09-11T13:31:53.173904269Z,140000.416,none,false,0,0,0,0,0,2803,212,212,0,0,0,0,60
retained-e8c21674a86f5d4737b23a59e2071da7754f4ff2,baseline-slow-original-r01,2026-09-11T13:31:54.17440205Z,141000.914,none,false,0,0,0,0,0,2823,214,214,0,0,0,0,60
retained-e8c21674a86f5d4737b23a59e2071da7754f4ff2,baseline-slow-original-r01,2026-09-11T13:31:55.173991259Z,142000.503,none,false,0,0,0,0,0,2843,215,215,0,0,0,0,60
retained-e8c21674a86f5d4737b23a59e2071da7754f4ff2,baseline-slow-original-r01,2026-09-11T13:31:56.174136786Z,143000.648,none,false,0,0,0,0,0,2863,217,217,0,0,0,0,60
retained-e8c21674a86f5d4737b23a59e2071da7754f4ff2,baseline-slow-original-r01,2026-09-11T13:31:57.174476766Z,144000.988,none,false,0,0,0,0,0,2883,218,218,0,0,0,0,60
retained-e8c21674a86f5d4737b23a59e2071da7754f4ff2,baseline-slow-original-r01,2026-09-11T13:31:58.173757985Z,145000.270,none,false,0,0,1,0,0,2903,221,220,0,0,0,0,60
retained-e8c21674a86f5d4737b23a59e2071da7754f4ff2,baseline-slow-original-r01,2026-09-11T13:31:59.173984023Z,146000.496,none,false,0,0,0,0,0,2923,221,221,0,0,0,0,60
retained-e8c21674a86f5d4737b23a59e2071da7754f4ff2,baseline-slow-original-r01,2026-09-11T13:32:00.174341325Z,147000.853,none,false,0,0,0,0,0,2943,223,223,0,0,0,0,60
retained-e8c21674a86f5d4737b23a59e2071da7754f4ff2,baseline-slow-original-r01,2026-09-11T13:32:01.174050104Z,148000.562,none,false,0,0,0,0,0,2963,224,224,0,0,0,0,60
retained-e8c21674a86f5d4737b23a59e2071da7754f4ff2,baseline-slow-original-r01,2026-09-11T13:32:02.174324774Z,149000.836,none,false,0,0,0,0,0,2983,226,226,0,0,0,0,60
retained-e8c21674a86f5d4737b23a59e2071da7754f4ff2,baseline-slow-original-r01,2026-09-11T13:32:03.174634451Z,150001.146,none,false,0,0,0,0,0,3003,227,227,0,0,0,0,60
retained-e8c21674a86f5d4737b23a59e2071da7754f4ff2,baseline-slow-original-r01,2026-09-11T13:32:03.174652598Z,150001.164,none,false,0,0,0,0,0,3003,227,227,0,0,0,0,60
retained-e8c21674a86f5d4737b23a59e2071da7754f4ff2,bounded-wait-slow-original-r01,2026-09-11T13:32:04.429923714Z,0.040,none,false,0,0,0,0,0,4,4,4,0,0,0,0,0
retained-e8c21674a86f5d4737b23a59e2071da7754f4ff2,bounded-wait-slow-original-r01,2026-09-11T13:32:05.431004711Z,1001.121,none,false,0,0,0,0,0,24,4,4,0,0,0,0,0
retained-e8c21674a86f5d4737b23a59e2071da7754f4ff2,bounded-wait-slow-original-r01,2026-09-11T13:32:06.430922716Z,2001.039,none,false,0,0,0,0,0,43,5,5,0,0,0,0,0
retained-e8c21674a86f5d4737b23a59e2071da7754f4ff2,bounded-wait-slow-original-r01,2026-09-11T13:32:07.431049731Z,3001.166,none,false,0,0,0,0,0,63,7,7,0,0,0,0,0
retained-e8c21674a86f5d4737b23a59e2071da7754f4ff2,bounded-wait-slow-original-r01,2026-09-11T13:32:08.847740072Z,4000.465,none,false,0,0,0,0,0,83,8,8,0,0,0,0,0
retained-e8c21674a86f5d4737b23a59e2071da7754f4ff2,bounded-wait-slow-original-r01,2026-09-11T13:32:12.775728896Z,5000.355,none,false,0,0,0,0,0,103,10,10,0,0,0,0,0
retained-e8c21674a86f5d4737b23a59e2071da7754f4ff2,bounded-wait-slow-original-r01,2026-09-11T13:32:13.776212589Z,6000.839,none,false,0,0,0,0,0,123,11,11,0,0,0,0,0
retained-e8c21674a86f5d4737b23a59e2071da7754f4ff2,bounded-wait-slow-original-r01,2026-09-11T13:32:14.776008745Z,7000.635,none,false,0,0,0,0,0,143,13,13,0,0,0,0,0
retained-e8c21674a86f5d4737b23a59e2071da7754f4ff2,bounded-wait-slow-original-r01,2026-09-11T13:32:15.775681415Z,8000.307,none,false,0,0,0,0,0,163,14,14,0,0,0,0,0
retained-e8c21674a86f5d4737b23a59e2071da7754f4ff2,bounded-wait-slow-original-r01,2026-09-11T13:32:16.776389845Z,9001.016,none,false,0,0,0,0,0,183,16,16,0,0,0,0,0
retained-e8c21674a86f5d4737b23a59e2071da7754f4ff2,bounded-wait-slow-original-r01,2026-09-11T13:32:17.77625056Z,10000.876,none,false,0,0,0,0,0,203,17,17,0,0,0,0,0
retained-e8c21674a86f5d4737b23a59e2071da7754f4ff2,bounded-wait-slow-original-r01,2026-09-11T13:32:18.776001964Z,11000.628,none,false,0,0,0,0,0,223,19,19,0,0,0,0,0
retained-e8c21674a86f5d4737b23a59e2071da7754f4ff2,bounded-wait-slow-original-r01,2026-09-11T13:32:19.775710936Z,12000.337,none,false,0,0,0,0,0,243,20,20,0,0,0,0,0
retained-e8c21674a86f5d4737b23a59e2071da7754f4ff2,bounded-wait-slow-original-r01,2026-09-11T13:32:20.775999853Z,13000.626,none,false,0,0,0,0,0,263,22,22,0,0,0,0,0
retained-e8c21674a86f5d4737b23a59e2071da7754f4ff2,bounded-wait-slow-original-r01,2026-09-11T13:32:21.776519988Z,14001.146,none,false,0,0,0,0,0,283,23,23,0,0,0,0,0
retained-e8c21674a86f5d4737b23a59e2071da7754f4ff2,bounded-wait-slow-original-r01,2026-09-11T13:32:22.776477888Z,15001.104,none,false,0,0,0,0,0,303,25,25,0,0,0,0,0
retained-e8c21674a86f5d4737b23a59e2071da7754f4ff2,bounded-wait-slow-original-r01,2026-09-11T13:32:23.775832346Z,16000.458,none,false,0,0,0,0,0,323,26,26,0,0,0,0,0
retained-e8c21674a86f5d4737b23a59e2071da7754f4ff2,bounded-wait-slow-original-r01,2026-09-11T13:32:24.776384041Z,17001.010,none,false,0,0,0,0,0,343,28,28,0,0,0,0,0
retained-e8c21674a86f5d4737b23a59e2071da7754f4ff2,bounded-wait-slow-original-r01,2026-09-11T13:32:25.776264063Z,18000.890,none,false,0,0,0,0,0,363,29,29,0,0,0,0,0
retained-e8c21674a86f5d4737b23a59e2071da7754f4ff2,bounded-wait-slow-original-r01,2026-09-11T13:32:26.776145855Z,19000.772,none,false,0,0,0,0,0,383,31,31,0,0,0,0,0
retained-e8c21674a86f5d4737b23a59e2071da7754f4ff2,bounded-wait-slow-original-r01,2026-09-11T13:32:27.775637074Z,20000.263,none,false,0,0,0,0,0,403,32,32,0,0,0,0,0
retained-e8c21674a86f5d4737b23a59e2071da7754f4ff2,bounded-wait-slow-original-r01,2026-09-11T13:32:28.775672167Z,21000.298,none,false,0,0,0,0,0,423,34,34,0,0,0,0,0
retained-e8c21674a86f5d4737b23a59e2071da7754f4ff2,bounded-wait-slow-original-r01,2026-09-11T13:32:29.776359155Z,22000.985,none,false,0,0,0,0,0,443,35,35,0,0,0,0,0
retained-e8c21674a86f5d4737b23a59e2071da7754f4ff2,bounded-wait-slow-original-r01,2026-09-11T13:32:30.776033322Z,23000.659,none,false,0,0,0,0,0,463,37,37,0,0,0,0,0
retained-e8c21674a86f5d4737b23a59e2071da7754f4ff2,bounded-wait-slow-original-r01,2026-09-11T13:32:31.776270949Z,24000.897,none,false,0,0,0,0,0,483,38,38,0,0,0,0,0
retained-e8c21674a86f5d4737b23a59e2071da7754f4ff2,bounded-wait-slow-original-r01,2026-09-11T13:32:32.775723195Z,25000.349,none,false,0,0,0,0,0,503,40,40,0,0,0,0,0
retained-e8c21674a86f5d4737b23a59e2071da7754f4ff2,bounded-wait-slow-original-r01,2026-09-11T13:32:33.775951914Z,26000.578,none,false,0,0,0,0,0,523,41,41,0,0,0,0,0
retained-e8c21674a86f5d4737b23a59e2071da7754f4ff2,bounded-wait-slow-original-r01,2026-09-11T13:32:34.776161867Z,27000.788,none,false,0,0,0,0,0,543,43,43,0,0,0,0,0
retained-e8c21674a86f5d4737b23a59e2071da7754f4ff2,bounded-wait-slow-original-r01,2026-09-11T13:32:35.77579488Z,28000.421,none,false,0,0,0,0,0,563,44,44,0,0,0,0,0
retained-e8c21674a86f5d4737b23a59e2071da7754f4ff2,bounded-wait-slow-original-r01,2026-09-11T13:32:36.775913749Z,29000.540,none,false,0,0,0,0,0,583,46,46,0,0,0,0,0
retained-e8c21674a86f5d4737b23a59e2071da7754f4ff2,bounded-wait-slow-original-r01,2026-09-11T13:32:37.776404325Z,30001.030,slow-original,false,0,0,0,0,0,603,47,47,0,0,0,0,0
retained-e8c21674a86f5d4737b23a59e2071da7754f4ff2,bounded-wait-slow-original-r01,2026-09-11T13:32:38.775812229Z,31000.438,slow-original,false,0,0,1,0,0,623,49,48,0,0,0,0,1
retained-e8c21674a86f5d4737b23a59e2071da7754f4ff2,bounded-wait-slow-original-r01,2026-09-11T13:32:39.776115411Z,32000.741,slow-original,false,0,0,3,0,0,643,51,48,0,0,0,0,3
retained-e8c21674a86f5d4737b23a59e2071da7754f4ff2,bounded-wait-slow-original-r01,2026-09-11T13:32:40.776548185Z,33001.174,slow-original,false,0,0,3,0,0,663,52,49,0,0,0,0,3
retained-e8c21674a86f5d4737b23a59e2071da7754f4ff2,bounded-wait-slow-original-r01,2026-09-11T13:32:42.181472419Z,34000.590,slow-original,false,0,0,4,0,0,683,53,49,0,0,0,0,4
retained-e8c21674a86f5d4737b23a59e2071da7754f4ff2,bounded-wait-slow-original-r01,2026-09-11T13:32:46.117862437Z,35000.312,slow-original,false,0,2,6,0,0,703,55,49,0,0,0,0,4
retained-e8c21674a86f5d4737b23a59e2071da7754f4ff2,bounded-wait-slow-original-r01,2026-09-11T13:32:47.118093901Z,36000.543,slow-original,false,0,3,7,0,0,723,56,49,0,0,0,0,4
retained-e8c21674a86f5d4737b23a59e2071da7754f4ff2,bounded-wait-slow-original-r01,2026-09-11T13:32:48.117708382Z,37000.158,slow-original,false,0,3,7,0,0,743,58,49,0,0,2,0,4
retained-e8c21674a86f5d4737b23a59e2071da7754f4ff2,bounded-wait-slow-original-r01,2026-09-11T13:32:49.118597693Z,38001.047,slow-original,false,0,2,6,0,0,763,59,49,0,0,4,0,4
retained-e8c21674a86f5d4737b23a59e2071da7754f4ff2,bounded-wait-slow-original-r01,2026-09-11T13:32:50.118607615Z,39001.057,slow-original,false,0,2,6,0,0,783,61,49,0,0,6,0,4
retained-e8c21674a86f5d4737b23a59e2071da7754f4ff2,bounded-wait-slow-original-r01,2026-09-11T13:32:51.118142425Z,40000.592,slow-original,false,0,3,7,0,0,803,62,49,0,0,6,0,4
retained-e8c21674a86f5d4737b23a59e2071da7754f4ff2,bounded-wait-slow-original-r01,2026-09-11T13:32:52.118339192Z,41000.788,slow-original,false,0,3,7,0,0,823,64,49,0,0,8,0,4
retained-e8c21674a86f5d4737b23a59e2071da7754f4ff2,bounded-wait-slow-original-r01,2026-09-11T13:32:53.117698685Z,42000.148,slow-original,false,0,3,7,0,0,843,65,49,0,0,9,0,4
retained-e8c21674a86f5d4737b23a59e2071da7754f4ff2,bounded-wait-slow-original-r01,2026-09-11T13:32:54.11864574Z,43001.095,slow-original,false,0,2,6,0,0,863,67,49,0,0,12,0,4
retained-e8c21674a86f5d4737b23a59e2071da7754f4ff2,bounded-wait-slow-original-r01,2026-09-11T13:32:55.117753621Z,44000.203,slow-original,false,0,3,7,0,0,883,68,49,0,0,12,0,4
retained-e8c21674a86f5d4737b23a59e2071da7754f4ff2,bounded-wait-slow-original-r01,2026-09-11T13:32:56.117993904Z,45000.443,slow-original,false,0,3,7,0,0,903,70,49,0,0,14,0,4
retained-e8c21674a86f5d4737b23a59e2071da7754f4ff2,bounded-wait-slow-original-r01,2026-09-11T13:32:57.11796532Z,46000.414,slow-original,false,0,2,6,0,0,923,71,50,0,0,15,0,5
retained-e8c21674a86f5d4737b23a59e2071da7754f4ff2,bounded-wait-slow-original-r01,2026-09-11T13:32:58.118589891Z,47001.039,slow-original,false,0,2,6,0,0,943,73,51,0,0,16,0,6
retained-e8c21674a86f5d4737b23a59e2071da7754f4ff2,bounded-wait-slow-original-r01,2026-09-11T13:32:59.118196491Z,48000.646,slow-original,false,0,1,5,0,0,963,74,53,0,0,16,0,7
retained-e8c21674a86f5d4737b23a59e2071da7754f4ff2,bounded-wait-slow-original-r01,2026-09-11T13:33:00.118613733Z,49001.063,slow-original,false,0,2,6,0,0,983,76,54,0,0,16,0,8
retained-e8c21674a86f5d4737b23a59e2071da7754f4ff2,bounded-wait-slow-original-r01,2026-09-11T13:33:01.118376968Z,50000.826,slow-original,false,0,1,5,0,0,1003,77,54,0,0,18,0,8
retained-e8c21674a86f5d4737b23a59e2071da7754f4ff2,bounded-wait-slow-original-r01,2026-09-11T13:33:02.118193451Z,51000.643,slow-original,false,0,3,7,0,0,1023,79,54,0,0,18,0,8
retained-e8c21674a86f5d4737b23a59e2071da7754f4ff2,bounded-wait-slow-original-r01,2026-09-11T13:33:03.118476317Z,52000.925,slow-original,false,0,2,7,0,0,1043,80,54,0,0,20,0,8
retained-e8c21674a86f5d4737b23a59e2071da7754f4ff2,bounded-wait-slow-original-r01,2026-09-11T13:33:04.117881946Z,53000.331,slow-original,false,0,3,7,0,0,1063,82,54,0,0,21,0,8
retained-e8c21674a86f5d4737b23a59e2071da7754f4ff2,bounded-wait-slow-original-r01,2026-09-11T13:33:05.118493521Z,54000.943,slow-original,false,0,3,7,0,0,1083,83,54,0,0,22,0,8
retained-e8c21674a86f5d4737b23a59e2071da7754f4ff2,bounded-wait-slow-original-r01,2026-09-11T13:33:06.11792072Z,55000.370,slow-original,false,0,3,7,0,0,1103,85,54,0,0,24,0,8
retained-e8c21674a86f5d4737b23a59e2071da7754f4ff2,bounded-wait-slow-original-r01,2026-09-11T13:33:07.118044668Z,56000.494,slow-original,false,0,3,7,0,0,1123,86,54,0,0,25,0,8
retained-e8c21674a86f5d4737b23a59e2071da7754f4ff2,bounded-wait-slow-original-r01,2026-09-11T13:33:08.11822596Z,57000.675,slow-original,false,0,2,6,0,0,1143,88,54,0,0,28,0,8
retained-e8c21674a86f5d4737b23a59e2071da7754f4ff2,bounded-wait-slow-original-r01,2026-09-11T13:33:09.118510707Z,58000.960,slow-original,false,0,1,5,0,0,1163,89,54,0,0,30,0,8
retained-e8c21674a86f5d4737b23a59e2071da7754f4ff2,bounded-wait-slow-original-r01,2026-09-11T13:33:10.11785846Z,59000.308,slow-original,false,0,3,7,0,0,1183,91,54,0,0,30,0,8
retained-e8c21674a86f5d4737b23a59e2071da7754f4ff2,bounded-wait-slow-original-r01,2026-09-11T13:33:11.118174338Z,60000.623,slow-original,false,0,3,7,0,0,1203,92,54,0,0,31,0,8
retained-e8c21674a86f5d4737b23a59e2071da7754f4ff2,bounded-wait-slow-original-r01,2026-09-11T13:33:12.118229489Z,61000.679,slow-original,false,0,2,6,0,0,1223,94,55,0,0,33,0,9
retained-e8c21674a86f5d4737b23a59e2071da7754f4ff2,bounded-wait-slow-original-r01,2026-09-11T13:33:13.118173127Z,62000.622,slow-original,false,0,2,6,0,0,1243,95,56,0,0,33,0,10
retained-e8c21674a86f5d4737b23a59e2071da7754f4ff2,bounded-wait-slow-original-r01,2026-09-11T13:33:14.118614991Z,63001.064,slow-original,false,0,2,6,0,0,1263,97,57,0,0,34,0,11
retained-e8c21674a86f5d4737b23a59e2071da7754f4ff2,bounded-wait-slow-original-r01,2026-09-11T13:33:15.118771754Z,64001.221,slow-original,false,0,1,5,0,0,1283,98,59,0,0,34,0,12
retained-e8c21674a86f5d4737b23a59e2071da7754f4ff2,bounded-wait-slow-original-r01,2026-09-11T13:33:19.445882535Z,65000.743,slow-original,false,0,3,7,0,0,1303,100,59,0,0,34,0,12
retained-e8c21674a86f5d4737b23a59e2071da7754f4ff2,bounded-wait-slow-original-r01,2026-09-11T13:33:20.446040512Z,66000.900,slow-original,false,0,3,7,0,0,1323,101,59,0,0,35,0,12
retained-e8c21674a86f5d4737b23a59e2071da7754f4ff2,bounded-wait-slow-original-r01,2026-09-11T13:33:21.446269292Z,67001.129,slow-original,false,0,2,6,0,0,1343,103,59,0,0,38,0,12
retained-e8c21674a86f5d4737b23a59e2071da7754f4ff2,bounded-wait-slow-original-r01,2026-09-11T13:33:22.445501494Z,68000.361,slow-original,false,0,3,7,0,0,1363,104,59,0,0,38,0,12
retained-e8c21674a86f5d4737b23a59e2071da7754f4ff2,bounded-wait-slow-original-r01,2026-09-11T13:33:23.445535479Z,69000.395,slow-original,false,0,3,7,0,0,1383,106,59,0,0,40,0,12
retained-e8c21674a86f5d4737b23a59e2071da7754f4ff2,bounded-wait-slow-original-r01,2026-09-11T13:33:24.445892354Z,70000.752,slow-original,false,0,1,5,0,0,1403,107,59,0,0,43,0,12
retained-e8c21674a86f5d4737b23a59e2071da7754f4ff2,bounded-wait-slow-original-r01,2026-09-11T13:33:25.445906164Z,71000.766,slow-original,false,0,2,6,0,0,1423,109,59,0,0,44,0,12
retained-e8c21674a86f5d4737b23a59e2071da7754f4ff2,bounded-wait-slow-original-r01,2026-09-11T13:33:26.445652924Z,72000.513,slow-original,false,0,3,7,0,0,1443,110,59,0,0,44,0,12
retained-e8c21674a86f5d4737b23a59e2071da7754f4ff2,bounded-wait-slow-original-r01,2026-09-11T13:33:27.44592317Z,73000.783,slow-original,false,0,3,7,0,0,1463,112,59,0,0,46,0,12
retained-e8c21674a86f5d4737b23a59e2071da7754f4ff2,bounded-wait-slow-original-r01,2026-09-11T13:33:28.445493204Z,74000.353,slow-original,false,0,3,7,0,0,1483,113,59,0,0,47,0,12
retained-e8c21674a86f5d4737b23a59e2071da7754f4ff2,bounded-wait-slow-original-r01,2026-09-11T13:33:29.445318773Z,75000.179,slow-original,false,0,3,7,0,0,1503,115,59,0,0,49,0,12
retained-e8c21674a86f5d4737b23a59e2071da7754f4ff2,bounded-wait-slow-original-r01,2026-09-11T13:33:30.446134725Z,76000.995,slow-original,false,0,1,5,0,0,1523,116,60,0,0,51,0,13
retained-e8c21674a86f5d4737b23a59e2071da7754f4ff2,bounded-wait-slow-original-r01,2026-09-11T13:33:31.446096517Z,77000.956,slow-original,false,0,2,6,0,0,1543,118,61,0,0,51,0,14
retained-e8c21674a86f5d4737b23a59e2071da7754f4ff2,bounded-wait-slow-original-r01,2026-09-11T13:33:32.445431297Z,78000.291,slow-original,false,1,3,7,0,4075024,1563,119,61,0,0,51,0,14
retained-e8c21674a86f5d4737b23a59e2071da7754f4ff2,bounded-wait-slow-original-r01,2026-09-11T13:33:33.445431445Z,79000.291,slow-original,false,1,2,6,0,4075024,1583,121,62,0,0,53,0,15
retained-e8c21674a86f5d4737b23a59e2071da7754f4ff2,bounded-wait-slow-original-r01,2026-09-11T13:33:34.446232207Z,80001.092,slow-original,false,0,1,5,0,0,1603,122,64,0,0,53,0,16
retained-e8c21674a86f5d4737b23a59e2071da7754f4ff2,bounded-wait-slow-original-r01,2026-09-11T13:33:35.445676301Z,81000.536,slow-original,false,0,2,6,0,0,1623,124,64,0,0,54,0,16
retained-e8c21674a86f5d4737b23a59e2071da7754f4ff2,bounded-wait-slow-original-r01,2026-09-11T13:33:36.445299519Z,82000.159,slow-original,false,0,3,7,0,0,1643,125,64,0,0,54,0,16
retained-e8c21674a86f5d4737b23a59e2071da7754f4ff2,bounded-wait-slow-original-r01,2026-09-11T13:33:37.446229849Z,83001.090,slow-original,false,0,2,6,0,0,1663,127,64,0,0,57,0,16
retained-e8c21674a86f5d4737b23a59e2071da7754f4ff2,bounded-wait-slow-original-r01,2026-09-11T13:33:38.44627828Z,84001.138,slow-original,false,0,2,6,0,0,1683,128,64,0,0,58,0,16
retained-e8c21674a86f5d4737b23a59e2071da7754f4ff2,bounded-wait-slow-original-r01,2026-09-11T13:33:39.445585788Z,85000.446,slow-original,false,0,3,7,0,0,1703,130,64,0,0,59,0,16
retained-e8c21674a86f5d4737b23a59e2071da7754f4ff2,bounded-wait-slow-original-r01,2026-09-11T13:33:40.446139558Z,86000.999,slow-original,false,0,3,7,0,0,1723,131,64,0,0,60,0,16
retained-e8c21674a86f5d4737b23a59e2071da7754f4ff2,bounded-wait-slow-original-r01,2026-09-11T13:33:41.445307265Z,87000.167,slow-original,false,0,3,7,0,0,1743,133,64,0,0,62,0,16
retained-e8c21674a86f5d4737b23a59e2071da7754f4ff2,bounded-wait-slow-original-r01,2026-09-11T13:33:42.445715881Z,88000.576,slow-original,false,0,3,7,0,0,1763,134,64,0,0,63,0,16
retained-e8c21674a86f5d4737b23a59e2071da7754f4ff2,bounded-wait-slow-original-r01,2026-09-11T13:33:43.445915211Z,89000.775,slow-original,false,0,2,6,0,0,1783,136,64,0,0,66,0,16
retained-e8c21674a86f5d4737b23a59e2071da7754f4ff2,bounded-wait-slow-original-r01,2026-09-11T13:33:44.446180367Z,90001.040,none,false,0,2,6,0,0,1803,137,64,0,0,67,0,16
retained-e8c21674a86f5d4737b23a59e2071da7754f4ff2,bounded-wait-slow-original-r01,2026-09-11T13:33:45.445821062Z,91000.681,none,false,1,3,7,0,4075024,1823,139,64,0,0,68,0,16
retained-e8c21674a86f5d4737b23a59e2071da7754f4ff2,bounded-wait-slow-original-r01,2026-09-11T13:33:46.446145154Z,92001.005,none,false,2,0,4,0,8150048,1843,140,67,0,0,69,0,16
retained-e8c21674a86f5d4737b23a59e2071da7754f4ff2,bounded-wait-slow-original-r01,2026-09-11T13:33:47.446016173Z,93000.876,none,false,0,0,2,0,0,1863,142,71,0,0,69,0,16
retained-e8c21674a86f5d4737b23a59e2071da7754f4ff2,bounded-wait-slow-original-r01,2026-09-11T13:33:48.446162237Z,94001.022,none,false,0,0,1,0,0,1883,143,73,0,0,69,0,16
retained-e8c21674a86f5d4737b23a59e2071da7754f4ff2,bounded-wait-slow-original-r01,2026-09-11T13:33:52.776810902Z,95000.426,none,false,0,0,0,0,0,1903,145,76,0,0,69,0,16
retained-e8c21674a86f5d4737b23a59e2071da7754f4ff2,bounded-wait-slow-original-r01,2026-09-11T13:33:53.77701999Z,96000.635,none,false,0,0,0,0,0,1923,146,77,0,0,69,0,16
retained-e8c21674a86f5d4737b23a59e2071da7754f4ff2,bounded-wait-slow-original-r01,2026-09-11T13:33:54.776673362Z,97000.288,none,false,0,0,0,0,0,1943,148,79,0,0,69,0,16
retained-e8c21674a86f5d4737b23a59e2071da7754f4ff2,bounded-wait-slow-original-r01,2026-09-11T13:33:55.776885849Z,98000.501,none,false,0,0,0,0,0,1963,149,80,0,0,69,0,16
retained-e8c21674a86f5d4737b23a59e2071da7754f4ff2,bounded-wait-slow-original-r01,2026-09-11T13:33:56.776969211Z,99000.584,none,false,0,0,0,0,0,1983,151,82,0,0,69,0,16
retained-e8c21674a86f5d4737b23a59e2071da7754f4ff2,bounded-wait-slow-original-r01,2026-09-11T13:33:57.77694756Z,100000.562,none,false,0,0,0,0,0,2003,152,83,0,0,69,0,16
retained-e8c21674a86f5d4737b23a59e2071da7754f4ff2,bounded-wait-slow-original-r01,2026-09-11T13:33:58.777470589Z,101001.086,none,false,0,0,0,0,0,2023,154,85,0,0,69,0,16
retained-e8c21674a86f5d4737b23a59e2071da7754f4ff2,bounded-wait-slow-original-r01,2026-09-11T13:33:59.776716906Z,102000.332,none,false,0,0,0,0,0,2043,155,86,0,0,69,0,16
retained-e8c21674a86f5d4737b23a59e2071da7754f4ff2,bounded-wait-slow-original-r01,2026-09-11T13:34:00.777317374Z,103000.932,none,false,0,0,0,0,0,2063,157,88,0,0,69,0,16
retained-e8c21674a86f5d4737b23a59e2071da7754f4ff2,bounded-wait-slow-original-r01,2026-09-11T13:34:01.776635915Z,104000.251,none,false,0,0,0,0,0,2083,158,89,0,0,69,0,16
retained-e8c21674a86f5d4737b23a59e2071da7754f4ff2,bounded-wait-slow-original-r01,2026-09-11T13:34:02.776929913Z,105000.545,none,false,0,0,0,0,0,2103,160,91,0,0,69,0,16
retained-e8c21674a86f5d4737b23a59e2071da7754f4ff2,bounded-wait-slow-original-r01,2026-09-11T13:34:03.777007484Z,106000.622,none,false,0,0,0,0,0,2123,161,92,0,0,69,0,16
retained-e8c21674a86f5d4737b23a59e2071da7754f4ff2,bounded-wait-slow-original-r01,2026-09-11T13:34:04.777386306Z,107001.001,none,false,0,0,0,0,0,2143,163,94,0,0,69,0,16
retained-e8c21674a86f5d4737b23a59e2071da7754f4ff2,bounded-wait-slow-original-r01,2026-09-11T13:34:05.777231431Z,108000.846,none,false,0,0,0,0,0,2163,164,95,0,0,69,0,16
retained-e8c21674a86f5d4737b23a59e2071da7754f4ff2,bounded-wait-slow-original-r01,2026-09-11T13:34:06.777560596Z,109001.176,none,false,0,0,0,0,0,2183,166,97,0,0,69,0,16
retained-e8c21674a86f5d4737b23a59e2071da7754f4ff2,bounded-wait-slow-original-r01,2026-09-11T13:34:07.777198424Z,110000.813,none,false,0,0,0,0,0,2203,167,98,0,0,69,0,16
retained-e8c21674a86f5d4737b23a59e2071da7754f4ff2,bounded-wait-slow-original-r01,2026-09-11T13:34:08.776983238Z,111000.598,none,false,0,0,0,0,0,2223,169,100,0,0,69,0,16
retained-e8c21674a86f5d4737b23a59e2071da7754f4ff2,bounded-wait-slow-original-r01,2026-09-11T13:34:09.777558497Z,112001.173,none,false,0,0,0,0,0,2243,170,101,0,0,69,0,16
retained-e8c21674a86f5d4737b23a59e2071da7754f4ff2,bounded-wait-slow-original-r01,2026-09-11T13:34:10.776474988Z,113000.090,none,false,0,0,0,0,0,2263,172,103,0,0,69,0,16
retained-e8c21674a86f5d4737b23a59e2071da7754f4ff2,bounded-wait-slow-original-r01,2026-09-11T13:34:11.776576782Z,114000.192,none,false,0,0,0,0,0,2283,173,104,0,0,69,0,16
retained-e8c21674a86f5d4737b23a59e2071da7754f4ff2,bounded-wait-slow-original-r01,2026-09-11T13:34:12.777395105Z,115001.010,none,false,0,0,0,0,0,2303,175,106,0,0,69,0,16
retained-e8c21674a86f5d4737b23a59e2071da7754f4ff2,bounded-wait-slow-original-r01,2026-09-11T13:34:13.777277922Z,116000.893,none,false,0,0,0,0,0,2323,176,107,0,0,69,0,16
retained-e8c21674a86f5d4737b23a59e2071da7754f4ff2,bounded-wait-slow-original-r01,2026-09-11T13:34:14.776681035Z,117000.296,none,false,0,0,0,0,0,2343,178,109,0,0,69,0,16
retained-e8c21674a86f5d4737b23a59e2071da7754f4ff2,bounded-wait-slow-original-r01,2026-09-11T13:34:15.777019395Z,118000.634,none,false,0,0,0,0,0,2363,179,110,0,0,69,0,16
retained-e8c21674a86f5d4737b23a59e2071da7754f4ff2,bounded-wait-slow-original-r01,2026-09-11T13:34:16.777622458Z,119001.237,none,false,0,0,0,0,0,2383,181,112,0,0,69,0,16
retained-e8c21674a86f5d4737b23a59e2071da7754f4ff2,bounded-wait-slow-original-r01,2026-09-11T13:34:17.777313296Z,120000.928,none,false,0,0,0,0,0,2403,182,113,0,0,69,0,16
retained-e8c21674a86f5d4737b23a59e2071da7754f4ff2,bounded-wait-slow-original-r01,2026-09-11T13:34:18.77714607Z,121000.761,none,false,0,0,0,0,0,2423,184,115,0,0,69,0,16
retained-e8c21674a86f5d4737b23a59e2071da7754f4ff2,bounded-wait-slow-original-r01,2026-09-11T13:34:19.777517716Z,122001.133,none,false,0,0,0,0,0,2443,185,116,0,0,69,0,16
retained-e8c21674a86f5d4737b23a59e2071da7754f4ff2,bounded-wait-slow-original-r01,2026-09-11T13:34:20.776718485Z,123000.333,none,false,0,0,0,0,0,2463,187,118,0,0,69,0,16
retained-e8c21674a86f5d4737b23a59e2071da7754f4ff2,bounded-wait-slow-original-r01,2026-09-11T13:34:21.777144603Z,124000.760,none,false,0,0,0,0,0,2483,188,119,0,0,69,0,16
retained-e8c21674a86f5d4737b23a59e2071da7754f4ff2,bounded-wait-slow-original-r01,2026-09-11T13:34:26.1301127Z,125000.983,none,false,0,0,0,0,0,2503,190,121,0,0,69,0,16
retained-e8c21674a86f5d4737b23a59e2071da7754f4ff2,bounded-wait-slow-original-r01,2026-09-11T13:34:27.129669793Z,126000.541,none,false,0,0,0,0,0,2523,191,122,0,0,69,0,16
retained-e8c21674a86f5d4737b23a59e2071da7754f4ff2,bounded-wait-slow-original-r01,2026-09-11T13:34:28.129675282Z,127000.546,none,false,0,0,0,0,0,2543,193,124,0,0,69,0,16
retained-e8c21674a86f5d4737b23a59e2071da7754f4ff2,bounded-wait-slow-original-r01,2026-09-11T13:34:29.129774548Z,128000.645,none,false,0,0,0,0,0,2563,194,125,0,0,69,0,16
retained-e8c21674a86f5d4737b23a59e2071da7754f4ff2,bounded-wait-slow-original-r01,2026-09-11T13:34:30.129725548Z,129000.596,none,false,0,0,0,0,0,2583,196,127,0,0,69,0,16
retained-e8c21674a86f5d4737b23a59e2071da7754f4ff2,bounded-wait-slow-original-r01,2026-09-11T13:34:31.130345847Z,130001.217,none,false,0,0,0,0,0,2603,197,128,0,0,69,0,16
retained-e8c21674a86f5d4737b23a59e2071da7754f4ff2,bounded-wait-slow-original-r01,2026-09-11T13:34:32.129479892Z,131000.351,none,false,0,0,0,0,0,2623,199,130,0,0,69,0,16
retained-e8c21674a86f5d4737b23a59e2071da7754f4ff2,bounded-wait-slow-original-r01,2026-09-11T13:34:33.1295774Z,132000.448,none,false,0,0,0,0,0,2643,200,131,0,0,69,0,16
retained-e8c21674a86f5d4737b23a59e2071da7754f4ff2,bounded-wait-slow-original-r01,2026-09-11T13:34:34.129611388Z,133000.482,none,false,0,0,0,0,0,2663,202,133,0,0,69,0,16
retained-e8c21674a86f5d4737b23a59e2071da7754f4ff2,bounded-wait-slow-original-r01,2026-09-11T13:34:35.129406438Z,134000.277,none,false,0,0,0,0,0,2683,203,134,0,0,69,0,16
retained-e8c21674a86f5d4737b23a59e2071da7754f4ff2,bounded-wait-slow-original-r01,2026-09-11T13:34:36.129789599Z,135000.660,none,false,0,0,0,0,0,2703,205,136,0,0,69,0,16
retained-e8c21674a86f5d4737b23a59e2071da7754f4ff2,bounded-wait-slow-original-r01,2026-09-11T13:34:37.130165352Z,136001.036,none,false,0,0,0,0,0,2723,206,137,0,0,69,0,16
retained-e8c21674a86f5d4737b23a59e2071da7754f4ff2,bounded-wait-slow-original-r01,2026-09-11T13:34:38.129899787Z,137000.771,none,false,0,0,0,0,0,2743,208,139,0,0,69,0,16
retained-e8c21674a86f5d4737b23a59e2071da7754f4ff2,bounded-wait-slow-original-r01,2026-09-11T13:34:39.130061079Z,138000.932,none,false,0,0,0,0,0,2763,209,140,0,0,69,0,16
retained-e8c21674a86f5d4737b23a59e2071da7754f4ff2,bounded-wait-slow-original-r01,2026-09-11T13:34:40.129438353Z,139000.309,none,false,0,0,0,0,0,2783,211,142,0,0,69,0,16
retained-e8c21674a86f5d4737b23a59e2071da7754f4ff2,bounded-wait-slow-original-r01,2026-09-11T13:34:41.129921058Z,140000.792,none,false,0,0,0,0,0,2803,212,143,0,0,69,0,16
retained-e8c21674a86f5d4737b23a59e2071da7754f4ff2,bounded-wait-slow-original-r01,2026-09-11T13:34:42.129861324Z,141000.732,none,false,0,0,0,0,0,2823,214,145,0,0,69,0,16
retained-e8c21674a86f5d4737b23a59e2071da7754f4ff2,bounded-wait-slow-original-r01,2026-09-11T13:34:43.12997693Z,142000.848,none,false,0,0,0,0,0,2843,215,146,0,0,69,0,16
retained-e8c21674a86f5d4737b23a59e2071da7754f4ff2,bounded-wait-slow-original-r01,2026-09-11T13:34:44.130070435Z,143000.941,none,false,0,0,0,0,0,2863,217,148,0,0,69,0,16
retained-e8c21674a86f5d4737b23a59e2071da7754f4ff2,bounded-wait-slow-original-r01,2026-09-11T13:34:45.12982929Z,144000.700,none,false,0,0,0,0,0,2883,218,149,0,0,69,0,16
retained-e8c21674a86f5d4737b23a59e2071da7754f4ff2,bounded-wait-slow-original-r01,2026-09-11T13:34:46.129861544Z,145000.732,none,false,0,0,0,0,0,2903,220,151,0,0,69,0,16
retained-e8c21674a86f5d4737b23a59e2071da7754f4ff2,bounded-wait-slow-original-r01,2026-09-11T13:34:47.129611507Z,146000.482,none,false,0,0,0,0,0,2923,221,152,0,0,69,0,16
retained-e8c21674a86f5d4737b23a59e2071da7754f4ff2,bounded-wait-slow-original-r01,2026-09-11T13:34:48.130059346Z,147000.930,none,false,0,0,0,0,0,2943,223,154,0,0,69,0,16
retained-e8c21674a86f5d4737b23a59e2071da7754f4ff2,bounded-wait-slow-original-r01,2026-09-11T13:34:49.129488036Z,148000.359,none,false,0,0,0,0,0,2963,224,155,0,0,69,0,16
retained-e8c21674a86f5d4737b23a59e2071da7754f4ff2,bounded-wait-slow-original-r01,2026-09-11T13:34:50.129814386Z,149000.685,none,false,0,0,0,0,0,2983,226,157,0,0,69,0,16
retained-e8c21674a86f5d4737b23a59e2071da7754f4ff2,bounded-wait-slow-original-r01,2026-09-11T13:34:51.129671129Z,150000.542,none,false,0,0,0,0,0,3003,227,158,0,0,69,0,16
retained-e8c21674a86f5d4737b23a59e2071da7754f4ff2,bounded-wait-slow-original-r01,2026-09-11T13:34:51.129686268Z,150000.557,none,false,0,0,0,0,0,3003,227,158,0,0,69,0,16
retained-e8c21674a86f5d4737b23a59e2071da7754f4ff2,kill-switch-none-r02,2026-09-11T13:34:52.349966258Z,0.019,none,false,0,0,0,0,0,4,4,4,0,0,0,0,0
retained-e8c21674a86f5d4737b23a59e2071da7754f4ff2,kill-switch-none-r02,2026-09-11T13:34:53.350395877Z,1000.449,none,false,0,0,0,0,0,23,4,4,0,0,0,0,0
retained-e8c21674a86f5d4737b23a59e2071da7754f4ff2,kill-switch-none-r02,2026-09-11T13:34:54.350010748Z,2000.064,none,false,0,0,0,0,0,43,5,5,0,0,0,0,0
retained-e8c21674a86f5d4737b23a59e2071da7754f4ff2,kill-switch-none-r02,2026-09-11T13:34:55.736871252Z,3000.354,none,false,0,0,0,0,0,63,7,7,0,0,0,0,0
retained-e8c21674a86f5d4737b23a59e2071da7754f4ff2,kill-switch-none-r02,2026-09-11T13:34:59.662985862Z,4000.973,none,false,0,0,0,0,0,83,8,8,0,0,0,0,0
retained-e8c21674a86f5d4737b23a59e2071da7754f4ff2,kill-switch-none-r02,2026-09-11T13:35:00.662688409Z,5000.676,none,false,0,0,0,0,0,103,10,10,0,0,0,0,0
retained-e8c21674a86f5d4737b23a59e2071da7754f4ff2,kill-switch-none-r02,2026-09-11T13:35:01.662575667Z,6000.563,none,false,0,0,0,0,0,123,11,11,0,0,0,0,0
retained-e8c21674a86f5d4737b23a59e2071da7754f4ff2,kill-switch-none-r02,2026-09-11T13:35:02.66273488Z,7000.722,none,false,0,0,0,0,0,143,13,13,0,0,0,0,0
retained-e8c21674a86f5d4737b23a59e2071da7754f4ff2,kill-switch-none-r02,2026-09-11T13:35:03.662879618Z,8000.867,none,false,0,0,0,0,0,163,14,14,0,0,0,0,0
retained-e8c21674a86f5d4737b23a59e2071da7754f4ff2,kill-switch-none-r02,2026-09-11T13:35:04.663043283Z,9001.031,none,false,0,0,0,0,0,183,16,16,0,0,0,0,0
retained-e8c21674a86f5d4737b23a59e2071da7754f4ff2,kill-switch-none-r02,2026-09-11T13:35:05.662698511Z,10000.686,none,false,0,0,0,0,0,203,17,17,0,0,0,0,0
retained-e8c21674a86f5d4737b23a59e2071da7754f4ff2,kill-switch-none-r02,2026-09-11T13:35:06.662671747Z,11000.659,none,false,0,0,0,0,0,223,19,19,0,0,0,0,0
retained-e8c21674a86f5d4737b23a59e2071da7754f4ff2,kill-switch-none-r02,2026-09-11T13:35:07.662959601Z,12000.947,none,false,0,0,0,0,0,243,20,20,0,0,0,0,0
retained-e8c21674a86f5d4737b23a59e2071da7754f4ff2,kill-switch-none-r02,2026-09-11T13:35:08.662938493Z,13000.926,none,false,0,0,0,0,0,263,22,22,0,0,0,0,0
retained-e8c21674a86f5d4737b23a59e2071da7754f4ff2,kill-switch-none-r02,2026-09-11T13:35:09.66234052Z,14000.328,none,false,0,0,0,0,0,283,23,23,0,0,0,0,0
retained-e8c21674a86f5d4737b23a59e2071da7754f4ff2,kill-switch-none-r02,2026-09-11T13:35:10.66315391Z,15001.141,none,false,0,0,0,0,0,303,25,25,0,0,0,0,0
retained-e8c21674a86f5d4737b23a59e2071da7754f4ff2,kill-switch-none-r02,2026-09-11T13:35:11.662920259Z,16000.908,none,false,0,0,0,0,0,323,26,26,0,0,0,0,0
retained-e8c21674a86f5d4737b23a59e2071da7754f4ff2,kill-switch-none-r02,2026-09-11T13:35:12.66254945Z,17000.537,none,false,0,0,0,0,0,343,28,28,0,0,0,0,0
retained-e8c21674a86f5d4737b23a59e2071da7754f4ff2,kill-switch-none-r02,2026-09-11T13:35:13.662953502Z,18000.941,none,false,0,0,0,0,0,363,29,29,0,0,0,0,0
retained-e8c21674a86f5d4737b23a59e2071da7754f4ff2,kill-switch-none-r02,2026-09-11T13:35:14.662623911Z,19000.611,none,false,0,0,0,0,0,383,31,31,0,0,0,0,0
retained-e8c21674a86f5d4737b23a59e2071da7754f4ff2,kill-switch-none-r02,2026-09-11T13:35:15.66282897Z,20000.816,none,false,0,0,0,0,0,403,32,32,0,0,0,0,0
retained-e8c21674a86f5d4737b23a59e2071da7754f4ff2,kill-switch-none-r02,2026-09-11T13:35:16.662493149Z,21000.481,none,false,0,0,0,0,0,423,34,34,0,0,0,0,0
retained-e8c21674a86f5d4737b23a59e2071da7754f4ff2,kill-switch-none-r02,2026-09-11T13:35:17.66249964Z,22000.487,none,false,0,0,0,0,0,443,35,35,0,0,0,0,0
retained-e8c21674a86f5d4737b23a59e2071da7754f4ff2,kill-switch-none-r02,2026-09-11T13:35:18.663014831Z,23001.002,none,false,0,0,0,0,0,463,37,37,0,0,0,0,0
retained-e8c21674a86f5d4737b23a59e2071da7754f4ff2,kill-switch-none-r02,2026-09-11T13:35:19.662499052Z,24000.487,none,false,0,0,0,0,0,483,38,38,0,0,0,0,0
retained-e8c21674a86f5d4737b23a59e2071da7754f4ff2,kill-switch-none-r02,2026-09-11T13:35:20.663133053Z,25001.121,none,false,0,0,0,0,0,503,40,40,0,0,0,0,0
retained-e8c21674a86f5d4737b23a59e2071da7754f4ff2,kill-switch-none-r02,2026-09-11T13:35:21.662690547Z,26000.678,none,false,0,0,0,0,0,523,41,41,0,0,0,0,0
retained-e8c21674a86f5d4737b23a59e2071da7754f4ff2,kill-switch-none-r02,2026-09-11T13:35:22.662519375Z,27000.507,none,false,0,0,0,0,0,543,43,43,0,0,0,0,0
retained-e8c21674a86f5d4737b23a59e2071da7754f4ff2,kill-switch-none-r02,2026-09-11T13:35:23.662104493Z,28000.092,none,false,0,0,0,0,0,563,44,44,0,0,0,0,0
retained-e8c21674a86f5d4737b23a59e2071da7754f4ff2,kill-switch-none-r02,2026-09-11T13:35:24.6628441Z,29000.832,none,false,0,0,0,0,0,583,46,46,0,0,0,0,0
retained-e8c21674a86f5d4737b23a59e2071da7754f4ff2,kill-switch-none-r02,2026-09-11T13:35:25.662745183Z,30000.733,none,false,0,0,0,0,0,603,47,47,0,0,0,0,0
retained-e8c21674a86f5d4737b23a59e2071da7754f4ff2,kill-switch-none-r02,2026-09-11T13:35:26.662457334Z,31000.445,none,false,0,0,0,0,0,623,49,49,0,0,0,0,0
retained-e8c21674a86f5d4737b23a59e2071da7754f4ff2,kill-switch-none-r02,2026-09-11T13:35:27.66261287Z,32000.600,none,false,0,0,0,0,0,643,50,50,0,0,0,0,0
retained-e8c21674a86f5d4737b23a59e2071da7754f4ff2,kill-switch-none-r02,2026-09-11T13:35:29.070292834Z,33000.247,none,false,0,0,0,0,0,663,52,52,0,0,0,0,0
retained-e8c21674a86f5d4737b23a59e2071da7754f4ff2,kill-switch-none-r02,2026-09-11T13:35:33.002219395Z,34000.647,none,false,0,0,0,0,0,683,53,53,0,0,0,0,0
retained-e8c21674a86f5d4737b23a59e2071da7754f4ff2,kill-switch-none-r02,2026-09-11T13:35:34.001966912Z,35000.394,none,false,0,0,0,0,0,703,55,55,0,0,0,0,0
retained-e8c21674a86f5d4737b23a59e2071da7754f4ff2,kill-switch-none-r02,2026-09-11T13:35:35.002626062Z,36001.053,none,false,0,0,0,0,0,723,56,56,0,0,0,0,0
retained-e8c21674a86f5d4737b23a59e2071da7754f4ff2,kill-switch-none-r02,2026-09-11T13:35:36.002648156Z,37001.075,none,false,0,0,0,0,0,743,58,58,0,0,0,0,0
retained-e8c21674a86f5d4737b23a59e2071da7754f4ff2,kill-switch-none-r02,2026-09-11T13:35:37.001893039Z,38000.320,none,false,0,0,0,0,0,763,59,59,0,0,0,0,0
retained-e8c21674a86f5d4737b23a59e2071da7754f4ff2,kill-switch-none-r02,2026-09-11T13:35:38.002089967Z,39000.517,none,false,0,0,0,0,0,783,61,61,0,0,0,0,0
retained-e8c21674a86f5d4737b23a59e2071da7754f4ff2,kill-switch-none-r02,2026-09-11T13:35:39.00201851Z,40000.446,none,false,0,0,0,0,0,803,62,62,0,0,0,0,0
retained-e8c21674a86f5d4737b23a59e2071da7754f4ff2,kill-switch-none-r02,2026-09-11T13:35:40.002528243Z,41000.955,none,false,0,0,0,0,0,823,64,64,0,0,0,0,0
retained-e8c21674a86f5d4737b23a59e2071da7754f4ff2,kill-switch-none-r02,2026-09-11T13:35:41.002544613Z,42000.972,none,false,0,0,0,0,0,843,65,65,0,0,0,0,0
retained-e8c21674a86f5d4737b23a59e2071da7754f4ff2,kill-switch-none-r02,2026-09-11T13:35:42.002052568Z,43000.480,none,false,0,0,0,0,0,863,67,67,0,0,0,0,0
retained-e8c21674a86f5d4737b23a59e2071da7754f4ff2,kill-switch-none-r02,2026-09-11T13:35:43.002587388Z,44001.015,none,false,0,0,0,0,0,883,68,68,0,0,0,0,0
retained-e8c21674a86f5d4737b23a59e2071da7754f4ff2,kill-switch-none-r02,2026-09-11T13:35:44.002155243Z,45000.582,none,false,0,0,0,0,0,903,70,70,0,0,0,0,0
retained-e8c21674a86f5d4737b23a59e2071da7754f4ff2,kill-switch-none-r02,2026-09-11T13:35:45.002548127Z,46000.975,none,false,0,0,0,0,0,923,71,71,0,0,0,0,0
retained-e8c21674a86f5d4737b23a59e2071da7754f4ff2,kill-switch-none-r02,2026-09-11T13:35:46.002495127Z,47000.922,none,false,0,0,0,0,0,943,73,73,0,0,0,0,0
retained-e8c21674a86f5d4737b23a59e2071da7754f4ff2,kill-switch-none-r02,2026-09-11T13:35:47.001992493Z,48000.420,none,false,0,0,0,0,0,963,74,74,0,0,0,0,0
retained-e8c21674a86f5d4737b23a59e2071da7754f4ff2,kill-switch-none-r02,2026-09-11T13:35:48.00216694Z,49000.594,none,false,0,0,0,0,0,983,76,76,0,0,0,0,0
retained-e8c21674a86f5d4737b23a59e2071da7754f4ff2,kill-switch-none-r02,2026-09-11T13:35:49.002335613Z,50000.763,none,false,0,0,0,0,0,1003,77,77,0,0,0,0,0
retained-e8c21674a86f5d4737b23a59e2071da7754f4ff2,kill-switch-none-r02,2026-09-11T13:35:50.002272668Z,51000.700,none,false,0,0,0,0,0,1023,79,79,0,0,0,0,0
retained-e8c21674a86f5d4737b23a59e2071da7754f4ff2,kill-switch-none-r02,2026-09-11T13:35:51.001783396Z,52000.211,none,false,0,0,0,0,0,1043,80,80,0,0,0,0,0
retained-e8c21674a86f5d4737b23a59e2071da7754f4ff2,kill-switch-none-r02,2026-09-11T13:35:52.002519599Z,53000.947,none,false,0,0,0,0,0,1063,82,82,0,0,0,0,0
retained-e8c21674a86f5d4737b23a59e2071da7754f4ff2,kill-switch-none-r02,2026-09-11T13:35:53.002202766Z,54000.630,none,false,0,0,0,0,0,1083,83,83,0,0,0,0,0
retained-e8c21674a86f5d4737b23a59e2071da7754f4ff2,kill-switch-none-r02,2026-09-11T13:35:54.002159086Z,55000.586,none,false,0,0,0,0,0,1103,85,85,0,0,0,0,0
retained-e8c21674a86f5d4737b23a59e2071da7754f4ff2,kill-switch-none-r02,2026-09-11T13:35:55.002833468Z,56001.261,none,false,0,0,0,0,0,1123,86,86,0,0,0,0,0
retained-e8c21674a86f5d4737b23a59e2071da7754f4ff2,kill-switch-none-r02,2026-09-11T13:35:56.001828472Z,57000.256,none,false,0,0,0,0,0,1143,88,88,0,0,0,0,0
retained-e8c21674a86f5d4737b23a59e2071da7754f4ff2,kill-switch-none-r02,2026-09-11T13:35:57.001839974Z,58000.267,none,false,0,0,0,0,0,1163,89,89,0,0,0,0,0
retained-e8c21674a86f5d4737b23a59e2071da7754f4ff2,kill-switch-none-r02,2026-09-11T13:35:58.002727615Z,59001.155,none,false,0,0,0,0,0,1183,91,91,0,0,0,0,0
retained-e8c21674a86f5d4737b23a59e2071da7754f4ff2,kill-switch-none-r02,2026-09-11T13:35:59.002429872Z,60000.857,none,false,0,0,0,0,0,1203,92,92,0,0,0,0,0
retained-e8c21674a86f5d4737b23a59e2071da7754f4ff2,kill-switch-none-r02,2026-09-11T13:36:00.002101892Z,61000.529,none,false,0,0,0,0,0,1223,94,94,0,0,0,0,0
retained-e8c21674a86f5d4737b23a59e2071da7754f4ff2,kill-switch-none-r02,2026-09-11T13:36:01.00238064Z,62000.808,none,false,0,0,0,0,0,1243,95,95,0,0,0,0,0
retained-e8c21674a86f5d4737b23a59e2071da7754f4ff2,kill-switch-none-r02,2026-09-11T13:36:02.40415755Z,63000.360,none,false,0,0,0,0,0,1263,97,97,0,0,0,0,0
retained-e8c21674a86f5d4737b23a59e2071da7754f4ff2,kill-switch-none-r02,2026-09-11T13:36:06.335578927Z,64000.325,none,false,0,0,0,0,0,1283,98,98,0,0,0,0,0
retained-e8c21674a86f5d4737b23a59e2071da7754f4ff2,kill-switch-none-r02,2026-09-11T13:36:07.335688996Z,65000.435,none,false,0,0,0,0,0,1303,100,100,0,0,0,0,0
retained-e8c21674a86f5d4737b23a59e2071da7754f4ff2,kill-switch-none-r02,2026-09-11T13:36:08.335933519Z,66000.680,none,false,0,0,0,0,0,1323,101,101,0,0,0,0,0
retained-e8c21674a86f5d4737b23a59e2071da7754f4ff2,kill-switch-none-r02,2026-09-11T13:36:09.336133193Z,67000.879,none,false,0,0,0,0,0,1343,103,103,0,0,0,0,0
retained-e8c21674a86f5d4737b23a59e2071da7754f4ff2,kill-switch-none-r02,2026-09-11T13:36:10.335500223Z,68000.246,none,false,0,0,0,0,0,1363,104,104,0,0,0,0,0
retained-e8c21674a86f5d4737b23a59e2071da7754f4ff2,kill-switch-none-r02,2026-09-11T13:36:11.336343218Z,69001.089,none,false,0,0,0,0,0,1383,106,106,0,0,0,0,0
retained-e8c21674a86f5d4737b23a59e2071da7754f4ff2,kill-switch-none-r02,2026-09-11T13:36:12.336006528Z,70000.753,none,false,0,0,0,0,0,1403,107,107,0,0,0,0,0
retained-e8c21674a86f5d4737b23a59e2071da7754f4ff2,kill-switch-none-r02,2026-09-11T13:36:13.335865445Z,71000.612,none,false,0,0,0,0,0,1423,109,109,0,0,0,0,0
retained-e8c21674a86f5d4737b23a59e2071da7754f4ff2,kill-switch-none-r02,2026-09-11T13:36:14.336337518Z,72001.084,none,false,0,0,0,0,0,1443,110,110,0,0,0,0,0
retained-e8c21674a86f5d4737b23a59e2071da7754f4ff2,kill-switch-none-r02,2026-09-11T13:36:15.335701968Z,73000.448,none,false,0,0,0,0,0,1463,112,112,0,0,0,0,0
retained-e8c21674a86f5d4737b23a59e2071da7754f4ff2,kill-switch-none-r02,2026-09-11T13:36:16.33610129Z,74000.848,none,false,0,0,0,0,0,1483,113,113,0,0,0,0,0
retained-e8c21674a86f5d4737b23a59e2071da7754f4ff2,kill-switch-none-r02,2026-09-11T13:36:17.335602946Z,75000.349,none,false,0,0,0,0,0,1503,115,115,0,0,0,0,0
retained-e8c21674a86f5d4737b23a59e2071da7754f4ff2,kill-switch-none-r02,2026-09-11T13:36:18.335775231Z,76000.521,none,false,0,0,0,0,0,1523,116,116,0,0,0,0,0
retained-e8c21674a86f5d4737b23a59e2071da7754f4ff2,kill-switch-none-r02,2026-09-11T13:36:19.335722827Z,77000.469,none,false,0,0,0,0,0,1543,118,118,0,0,0,0,0
retained-e8c21674a86f5d4737b23a59e2071da7754f4ff2,kill-switch-none-r02,2026-09-11T13:36:20.335909933Z,78000.656,none,false,0,0,0,0,0,1563,119,119,0,0,0,0,0
retained-e8c21674a86f5d4737b23a59e2071da7754f4ff2,kill-switch-none-r02,2026-09-11T13:36:21.33635145Z,79001.098,none,false,0,0,0,0,0,1583,121,121,0,0,0,0,0
retained-e8c21674a86f5d4737b23a59e2071da7754f4ff2,kill-switch-none-r02,2026-09-11T13:36:22.336222646Z,80000.969,none,false,0,0,0,0,0,1603,122,122,0,0,0,0,0
retained-e8c21674a86f5d4737b23a59e2071da7754f4ff2,kill-switch-none-r02,2026-09-11T13:36:23.336169077Z,81000.915,none,false,0,0,0,0,0,1623,124,124,0,0,0,0,0
retained-e8c21674a86f5d4737b23a59e2071da7754f4ff2,kill-switch-none-r02,2026-09-11T13:36:24.336086174Z,82000.832,none,false,0,0,0,0,0,1643,125,125,0,0,0,0,0
retained-e8c21674a86f5d4737b23a59e2071da7754f4ff2,kill-switch-none-r02,2026-09-11T13:36:25.336368004Z,83001.114,none,false,0,0,0,0,0,1663,127,127,0,0,0,0,0
retained-e8c21674a86f5d4737b23a59e2071da7754f4ff2,kill-switch-none-r02,2026-09-11T13:36:26.335997148Z,84000.743,none,false,0,0,0,0,0,1683,128,128,0,0,0,0,0
retained-e8c21674a86f5d4737b23a59e2071da7754f4ff2,kill-switch-none-r02,2026-09-11T13:36:27.335862162Z,85000.608,none,false,0,0,0,0,0,1703,130,130,0,0,0,0,0
retained-e8c21674a86f5d4737b23a59e2071da7754f4ff2,kill-switch-none-r02,2026-09-11T13:36:28.335503712Z,86000.250,none,false,0,0,0,0,0,1723,131,131,0,0,0,0,0
retained-e8c21674a86f5d4737b23a59e2071da7754f4ff2,kill-switch-none-r02,2026-09-11T13:36:29.335667452Z,87000.414,none,false,0,0,0,0,0,1743,133,133,0,0,0,0,0
retained-e8c21674a86f5d4737b23a59e2071da7754f4ff2,kill-switch-none-r02,2026-09-11T13:36:30.336279754Z,88001.026,none,false,0,0,0,0,0,1763,134,134,0,0,0,0,0
retained-e8c21674a86f5d4737b23a59e2071da7754f4ff2,kill-switch-none-r02,2026-09-11T13:36:31.336218743Z,89000.965,none,false,0,0,0,0,0,1783,136,136,0,0,0,0,0
retained-e8c21674a86f5d4737b23a59e2071da7754f4ff2,kill-switch-none-r02,2026-09-11T13:36:32.336366357Z,90001.113,none,false,0,0,0,0,0,1803,137,137,0,0,0,0,0
retained-e8c21674a86f5d4737b23a59e2071da7754f4ff2,kill-switch-none-r02,2026-09-11T13:36:33.33576947Z,91000.516,none,false,0,0,0,0,0,1823,139,139,0,0,0,0,0
retained-e8c21674a86f5d4737b23a59e2071da7754f4ff2,kill-switch-none-r02,2026-09-11T13:36:34.336153855Z,92000.900,none,false,0,0,0,0,0,1843,140,140,0,0,0,0,0
retained-e8c21674a86f5d4737b23a59e2071da7754f4ff2,kill-switch-none-r02,2026-09-11T13:36:35.738285225Z,93000.907,none,false,0,0,0,0,0,1863,142,142,0,0,0,0,0
retained-e8c21674a86f5d4737b23a59e2071da7754f4ff2,kill-switch-none-r02,2026-09-11T13:36:39.672356216Z,94000.804,none,false,0,0,0,0,0,1883,143,143,0,0,0,0,0
retained-e8c21674a86f5d4737b23a59e2071da7754f4ff2,kill-switch-none-r02,2026-09-11T13:36:40.672472889Z,95000.921,none,false,0,0,0,0,0,1903,145,145,0,0,0,0,0
retained-e8c21674a86f5d4737b23a59e2071da7754f4ff2,kill-switch-none-r02,2026-09-11T13:36:41.672192958Z,96000.641,none,false,0,0,0,0,0,1923,146,146,0,0,0,0,0
retained-e8c21674a86f5d4737b23a59e2071da7754f4ff2,kill-switch-none-r02,2026-09-11T13:36:42.672459028Z,97000.907,none,false,0,0,0,0,0,1943,148,148,0,0,0,0,0
retained-e8c21674a86f5d4737b23a59e2071da7754f4ff2,kill-switch-none-r02,2026-09-11T13:36:43.671846416Z,98000.294,none,false,0,0,0,0,0,1963,149,149,0,0,0,0,0
retained-e8c21674a86f5d4737b23a59e2071da7754f4ff2,kill-switch-none-r02,2026-09-11T13:36:44.672718414Z,99001.166,none,false,0,0,0,0,0,1983,151,151,0,0,0,0,0
retained-e8c21674a86f5d4737b23a59e2071da7754f4ff2,kill-switch-none-r02,2026-09-11T13:36:45.671744792Z,100000.193,none,false,0,0,0,0,0,2003,152,152,0,0,0,0,0
retained-e8c21674a86f5d4737b23a59e2071da7754f4ff2,kill-switch-none-r02,2026-09-11T13:36:46.67200509Z,101000.453,none,false,0,0,0,0,0,2023,154,154,0,0,0,0,0
retained-e8c21674a86f5d4737b23a59e2071da7754f4ff2,kill-switch-none-r02,2026-09-11T13:36:47.671806363Z,102000.254,none,false,0,0,0,0,0,2043,155,155,0,0,0,0,0
retained-e8c21674a86f5d4737b23a59e2071da7754f4ff2,kill-switch-none-r02,2026-09-11T13:36:48.671824085Z,103000.272,none,false,0,0,0,0,0,2063,157,157,0,0,0,0,0
retained-e8c21674a86f5d4737b23a59e2071da7754f4ff2,kill-switch-none-r02,2026-09-11T13:36:49.671656834Z,104000.105,none,false,0,0,0,0,0,2083,158,158,0,0,0,0,0
retained-e8c21674a86f5d4737b23a59e2071da7754f4ff2,kill-switch-none-r02,2026-09-11T13:36:50.671726971Z,105000.175,none,false,0,0,0,0,0,2103,160,160,0,0,0,0,0
retained-e8c21674a86f5d4737b23a59e2071da7754f4ff2,kill-switch-none-r02,2026-09-11T13:36:51.672277037Z,106000.725,none,false,0,0,0,0,0,2123,161,161,0,0,0,0,0
retained-e8c21674a86f5d4737b23a59e2071da7754f4ff2,kill-switch-none-r02,2026-09-11T13:36:52.672553224Z,107001.001,none,false,0,0,0,0,0,2143,163,163,0,0,0,0,0
retained-e8c21674a86f5d4737b23a59e2071da7754f4ff2,kill-switch-none-r02,2026-09-11T13:36:53.671808317Z,108000.256,none,false,0,0,0,0,0,2163,164,164,0,0,0,0,0
retained-e8c21674a86f5d4737b23a59e2071da7754f4ff2,kill-switch-none-r02,2026-09-11T13:36:54.6724048Z,109000.853,none,false,0,0,0,0,0,2183,166,166,0,0,0,0,0
retained-e8c21674a86f5d4737b23a59e2071da7754f4ff2,kill-switch-none-r02,2026-09-11T13:36:55.672194962Z,110000.643,none,false,0,0,0,0,0,2203,167,167,0,0,0,0,0
retained-e8c21674a86f5d4737b23a59e2071da7754f4ff2,kill-switch-none-r02,2026-09-11T13:36:56.672213677Z,111000.662,none,false,0,0,0,0,0,2223,169,169,0,0,0,0,0
retained-e8c21674a86f5d4737b23a59e2071da7754f4ff2,kill-switch-none-r02,2026-09-11T13:36:57.672386915Z,112000.835,none,false,0,0,0,0,0,2243,170,170,0,0,0,0,0
retained-e8c21674a86f5d4737b23a59e2071da7754f4ff2,kill-switch-none-r02,2026-09-11T13:36:58.671882412Z,113000.330,none,false,0,0,0,0,0,2263,172,172,0,0,0,0,0
retained-e8c21674a86f5d4737b23a59e2071da7754f4ff2,kill-switch-none-r02,2026-09-11T13:36:59.672313052Z,114000.761,none,false,0,0,0,0,0,2283,173,173,0,0,0,0,0
retained-e8c21674a86f5d4737b23a59e2071da7754f4ff2,kill-switch-none-r02,2026-09-11T13:37:00.672713243Z,115001.161,none,false,0,0,0,0,0,2303,175,175,0,0,0,0,0
retained-e8c21674a86f5d4737b23a59e2071da7754f4ff2,kill-switch-none-r02,2026-09-11T13:37:01.672255304Z,116000.703,none,false,0,0,0,0,0,2323,176,176,0,0,0,0,0
retained-e8c21674a86f5d4737b23a59e2071da7754f4ff2,kill-switch-none-r02,2026-09-11T13:37:02.672353293Z,117000.801,none,false,0,0,0,0,0,2343,178,178,0,0,0,0,0
retained-e8c21674a86f5d4737b23a59e2071da7754f4ff2,kill-switch-none-r02,2026-09-11T13:37:03.672389949Z,118000.838,none,false,0,0,0,0,0,2363,179,179,0,0,0,0,0
retained-e8c21674a86f5d4737b23a59e2071da7754f4ff2,kill-switch-none-r02,2026-09-11T13:37:04.671990003Z,119000.438,none,false,0,0,0,0,0,2383,181,181,0,0,0,0,0
retained-e8c21674a86f5d4737b23a59e2071da7754f4ff2,kill-switch-none-r02,2026-09-11T13:37:05.672359522Z,120000.807,none,false,0,0,0,0,0,2403,182,182,0,0,0,0,0
retained-e8c21674a86f5d4737b23a59e2071da7754f4ff2,kill-switch-none-r02,2026-09-11T13:37:06.672237567Z,121000.685,none,false,0,0,0,0,0,2423,184,184,0,0,0,0,0
retained-e8c21674a86f5d4737b23a59e2071da7754f4ff2,kill-switch-none-r02,2026-09-11T13:37:07.67164146Z,122000.089,none,false,0,0,0,0,0,2443,185,185,0,0,0,0,0
retained-e8c21674a86f5d4737b23a59e2071da7754f4ff2,kill-switch-none-r02,2026-09-11T13:37:09.071291984Z,123000.274,none,false,0,0,0,0,0,2463,187,187,0,0,0,0,0
retained-e8c21674a86f5d4737b23a59e2071da7754f4ff2,kill-switch-none-r02,2026-09-11T13:37:13.001083985Z,124000.077,none,false,0,0,0,0,0,2483,188,188,0,0,0,0,0
retained-e8c21674a86f5d4737b23a59e2071da7754f4ff2,kill-switch-none-r02,2026-09-11T13:37:14.001981783Z,125000.974,none,false,0,0,0,0,0,2503,190,190,0,0,0,0,0
retained-e8c21674a86f5d4737b23a59e2071da7754f4ff2,kill-switch-none-r02,2026-09-11T13:37:15.001675653Z,126000.668,none,false,0,0,0,0,0,2523,191,191,0,0,0,0,0
retained-e8c21674a86f5d4737b23a59e2071da7754f4ff2,kill-switch-none-r02,2026-09-11T13:37:16.001956763Z,127000.949,none,false,0,0,0,0,0,2543,193,193,0,0,0,0,0
retained-e8c21674a86f5d4737b23a59e2071da7754f4ff2,kill-switch-none-r02,2026-09-11T13:37:17.001635309Z,128000.628,none,false,0,0,0,0,0,2563,194,194,0,0,0,0,0
retained-e8c21674a86f5d4737b23a59e2071da7754f4ff2,kill-switch-none-r02,2026-09-11T13:37:18.001314231Z,129000.307,none,false,0,0,0,0,0,2583,196,196,0,0,0,0,0
retained-e8c21674a86f5d4737b23a59e2071da7754f4ff2,kill-switch-none-r02,2026-09-11T13:37:19.001295681Z,130000.288,none,false,0,0,0,0,0,2603,197,197,0,0,0,0,0
retained-e8c21674a86f5d4737b23a59e2071da7754f4ff2,kill-switch-none-r02,2026-09-11T13:37:20.001452465Z,131000.445,none,false,0,0,0,0,0,2623,199,199,0,0,0,0,0
retained-e8c21674a86f5d4737b23a59e2071da7754f4ff2,kill-switch-none-r02,2026-09-11T13:37:21.002071689Z,132001.064,none,false,0,0,0,0,0,2643,200,200,0,0,0,0,0
retained-e8c21674a86f5d4737b23a59e2071da7754f4ff2,kill-switch-none-r02,2026-09-11T13:37:22.001568309Z,133000.561,none,false,0,0,0,0,0,2663,202,202,0,0,0,0,0
retained-e8c21674a86f5d4737b23a59e2071da7754f4ff2,kill-switch-none-r02,2026-09-11T13:37:23.002112584Z,134001.105,none,false,0,0,0,0,0,2683,203,203,0,0,0,0,0
retained-e8c21674a86f5d4737b23a59e2071da7754f4ff2,kill-switch-none-r02,2026-09-11T13:37:24.001595894Z,135000.588,none,false,0,0,0,0,0,2703,205,205,0,0,0,0,0
retained-e8c21674a86f5d4737b23a59e2071da7754f4ff2,kill-switch-none-r02,2026-09-11T13:37:25.002128937Z,136001.121,none,false,0,0,0,0,0,2723,206,206,0,0,0,0,0
retained-e8c21674a86f5d4737b23a59e2071da7754f4ff2,kill-switch-none-r02,2026-09-11T13:37:26.001511297Z,137000.504,none,false,0,0,0,0,0,2743,208,208,0,0,0,0,0
retained-e8c21674a86f5d4737b23a59e2071da7754f4ff2,kill-switch-none-r02,2026-09-11T13:37:27.002229717Z,138001.222,none,false,0,0,0,0,0,2763,209,209,0,0,0,0,0
retained-e8c21674a86f5d4737b23a59e2071da7754f4ff2,kill-switch-none-r02,2026-09-11T13:37:28.001435267Z,139000.428,none,false,0,0,0,0,0,2783,211,211,0,0,0,0,0
retained-e8c21674a86f5d4737b23a59e2071da7754f4ff2,kill-switch-none-r02,2026-09-11T13:37:29.001521172Z,140000.514,none,false,0,0,0,0,0,2803,212,212,0,0,0,0,0
retained-e8c21674a86f5d4737b23a59e2071da7754f4ff2,kill-switch-none-r02,2026-09-11T13:37:30.001513998Z,141000.507,none,false,0,0,0,0,0,2823,214,214,0,0,0,0,0
retained-e8c21674a86f5d4737b23a59e2071da7754f4ff2,kill-switch-none-r02,2026-09-11T13:37:31.001735176Z,142000.728,none,false,0,0,0,0,0,2843,215,215,0,0,0,0,0
retained-e8c21674a86f5d4737b23a59e2071da7754f4ff2,kill-switch-none-r02,2026-09-11T13:37:32.001167427Z,143000.160,none,false,0,0,0,0,0,2863,217,217,0,0,0,0,0
retained-e8c21674a86f5d4737b23a59e2071da7754f4ff2,kill-switch-none-r02,2026-09-11T13:37:33.001345539Z,144000.338,none,false,0,0,0,0,0,2883,218,218,0,0,0,0,0
retained-e8c21674a86f5d4737b23a59e2071da7754f4ff2,kill-switch-none-r02,2026-09-11T13:37:34.002040379Z,145001.033,none,false,0,0,0,0,0,2903,220,220,0,0,0,0,0
retained-e8c21674a86f5d4737b23a59e2071da7754f4ff2,kill-switch-none-r02,2026-09-11T13:37:35.001752308Z,146000.745,none,false,0,0,0,0,0,2923,221,221,0,0,0,0,0
retained-e8c21674a86f5d4737b23a59e2071da7754f4ff2,kill-switch-none-r02,2026-09-11T13:37:36.001445596Z,147000.438,none,false,0,0,0,0,0,2943,223,223,0,0,0,0,0
retained-e8c21674a86f5d4737b23a59e2071da7754f4ff2,kill-switch-none-r02,2026-09-11T13:37:37.002058457Z,148001.051,none,false,0,0,0,0,0,2963,224,224,0,0,0,0,0
retained-e8c21674a86f5d4737b23a59e2071da7754f4ff2,kill-switch-none-r02,2026-09-11T13:37:38.001985355Z,149000.978,none,false,0,0,0,0,0,2983,226,226,0,0,0,0,0
retained-e8c21674a86f5d4737b23a59e2071da7754f4ff2,kill-switch-none-r02,2026-09-11T13:37:39.001565165Z,150000.558,none,false,0,0,0,0,0,3003,227,227,0,0,0,0,0
retained-e8c21674a86f5d4737b23a59e2071da7754f4ff2,kill-switch-none-r02,2026-09-11T13:37:39.001580318Z,150000.573,none,false,0,0,0,0,0,3003,227,227,0,0,0,0,0
retained-e8c21674a86f5d4737b23a59e2071da7754f4ff2,baseline-none-r02,2026-09-11T13:37:40.273329911Z,0.038,none,false,0,0,0,0,0,4,4,4,0,0,0,0,0
retained-e8c21674a86f5d4737b23a59e2071da7754f4ff2,baseline-none-r02,2026-09-11T13:37:41.274347846Z,1001.056,none,false,0,0,0,0,0,23,5,4,0,0,0,0,0
retained-e8c21674a86f5d4737b23a59e2071da7754f4ff2,baseline-none-r02,2026-09-11T13:37:45.62285325Z,2000.440,none,false,0,0,0,0,0,43,5,5,0,0,0,0,0
retained-e8c21674a86f5d4737b23a59e2071da7754f4ff2,baseline-none-r02,2026-09-11T13:37:46.623659585Z,3001.247,none,false,0,0,0,0,0,63,7,7,0,0,0,0,0
retained-e8c21674a86f5d4737b23a59e2071da7754f4ff2,baseline-none-r02,2026-09-11T13:37:47.622788501Z,4000.376,none,false,0,0,0,0,0,83,8,8,0,0,0,0,0
retained-e8c21674a86f5d4737b23a59e2071da7754f4ff2,baseline-none-r02,2026-09-11T13:37:48.62297811Z,5000.565,none,false,0,0,0,0,0,103,10,10,0,0,0,0,0
retained-e8c21674a86f5d4737b23a59e2071da7754f4ff2,baseline-none-r02,2026-09-11T13:37:49.622642478Z,6000.230,none,false,0,0,0,0,0,123,11,11,0,0,0,0,0
retained-e8c21674a86f5d4737b23a59e2071da7754f4ff2,baseline-none-r02,2026-09-11T13:37:50.622933582Z,7000.521,none,false,0,0,0,0,0,143,13,13,0,0,0,0,0
retained-e8c21674a86f5d4737b23a59e2071da7754f4ff2,baseline-none-r02,2026-09-11T13:37:51.623003121Z,8000.590,none,false,0,0,0,0,0,163,14,14,0,0,0,0,0
retained-e8c21674a86f5d4737b23a59e2071da7754f4ff2,baseline-none-r02,2026-09-11T13:37:52.623330436Z,9000.917,none,false,0,0,0,0,0,183,16,16,0,0,0,0,0
retained-e8c21674a86f5d4737b23a59e2071da7754f4ff2,baseline-none-r02,2026-09-11T13:37:53.623223096Z,10000.810,none,false,0,0,0,0,0,203,17,17,0,0,0,0,0
retained-e8c21674a86f5d4737b23a59e2071da7754f4ff2,baseline-none-r02,2026-09-11T13:37:54.623280094Z,11000.867,none,false,0,0,0,0,0,223,19,19,0,0,0,0,0
retained-e8c21674a86f5d4737b23a59e2071da7754f4ff2,baseline-none-r02,2026-09-11T13:37:55.622892364Z,12000.479,none,false,0,0,0,0,0,243,20,20,0,0,0,0,0
retained-e8c21674a86f5d4737b23a59e2071da7754f4ff2,baseline-none-r02,2026-09-11T13:37:56.622779535Z,13000.367,none,false,0,0,0,0,0,263,22,22,0,0,0,0,0
retained-e8c21674a86f5d4737b23a59e2071da7754f4ff2,baseline-none-r02,2026-09-11T13:37:57.623123199Z,14000.710,none,false,0,0,0,0,0,283,23,23,0,0,0,0,0
retained-e8c21674a86f5d4737b23a59e2071da7754f4ff2,baseline-none-r02,2026-09-11T13:37:58.623201378Z,15000.788,none,false,0,0,0,0,0,303,25,25,0,0,0,0,0
retained-e8c21674a86f5d4737b23a59e2071da7754f4ff2,baseline-none-r02,2026-09-11T13:37:59.622824499Z,16000.412,none,false,0,0,0,0,0,323,26,26,0,0,0,0,0
retained-e8c21674a86f5d4737b23a59e2071da7754f4ff2,baseline-none-r02,2026-09-11T13:38:00.623101396Z,17000.688,none,false,0,0,0,0,0,343,28,28,0,0,0,0,0
retained-e8c21674a86f5d4737b23a59e2071da7754f4ff2,baseline-none-r02,2026-09-11T13:38:01.622969729Z,18000.557,none,false,0,0,0,0,0,363,29,29,0,0,0,0,0
retained-e8c21674a86f5d4737b23a59e2071da7754f4ff2,baseline-none-r02,2026-09-11T13:38:02.622657195Z,19000.244,none,false,0,0,0,0,0,383,31,31,0,0,0,0,0
retained-e8c21674a86f5d4737b23a59e2071da7754f4ff2,baseline-none-r02,2026-09-11T13:38:03.623114641Z,20000.702,none,false,0,0,0,0,0,403,32,32,0,0,0,0,0
retained-e8c21674a86f5d4737b23a59e2071da7754f4ff2,baseline-none-r02,2026-09-11T13:38:04.622909304Z,21000.496,none,false,0,0,0,0,0,423,34,34,0,0,0,0,0
retained-e8c21674a86f5d4737b23a59e2071da7754f4ff2,baseline-none-r02,2026-09-11T13:38:05.622787746Z,22000.375,none,false,0,0,0,0,0,443,35,35,0,0,0,0,0
retained-e8c21674a86f5d4737b23a59e2071da7754f4ff2,baseline-none-r02,2026-09-11T13:38:06.62332797Z,23000.915,none,false,0,0,0,0,0,463,37,37,0,0,0,0,0
retained-e8c21674a86f5d4737b23a59e2071da7754f4ff2,baseline-none-r02,2026-09-11T13:38:07.622994361Z,24000.581,none,false,0,0,0,0,0,483,38,38,0,0,0,0,0
retained-e8c21674a86f5d4737b23a59e2071da7754f4ff2,baseline-none-r02,2026-09-11T13:38:08.622979171Z,25000.566,none,false,0,0,0,0,0,503,40,40,0,0,0,0,0
retained-e8c21674a86f5d4737b23a59e2071da7754f4ff2,baseline-none-r02,2026-09-11T13:38:09.623161679Z,26000.749,none,false,0,0,0,0,0,523,41,41,0,0,0,0,0
retained-e8c21674a86f5d4737b23a59e2071da7754f4ff2,baseline-none-r02,2026-09-11T13:38:10.622947243Z,27000.534,none,false,0,0,0,0,0,543,43,43,0,0,0,0,0
retained-e8c21674a86f5d4737b23a59e2071da7754f4ff2,baseline-none-r02,2026-09-11T13:38:11.623436717Z,28001.024,none,false,0,0,0,0,0,563,44,44,0,0,0,0,0
retained-e8c21674a86f5d4737b23a59e2071da7754f4ff2,baseline-none-r02,2026-09-11T13:38:12.622814176Z,29000.401,none,false,0,0,0,0,0,583,46,46,0,0,0,0,0
retained-e8c21674a86f5d4737b23a59e2071da7754f4ff2,baseline-none-r02,2026-09-11T13:38:13.623222751Z,30000.810,none,false,0,0,0,0,0,603,47,47,0,0,0,0,0
retained-e8c21674a86f5d4737b23a59e2071da7754f4ff2,baseline-none-r02,2026-09-11T13:38:14.623017107Z,31000.604,none,false,0,0,0,0,0,623,49,49,0,0,0,0,0
retained-e8c21674a86f5d4737b23a59e2071da7754f4ff2,baseline-none-r02,2026-09-11T13:38:18.943557935Z,32000.622,none,false,0,0,0,0,0,643,50,50,0,0,0,0,0
retained-e8c21674a86f5d4737b23a59e2071da7754f4ff2,baseline-none-r02,2026-09-11T13:38:19.94357171Z,33000.636,none,false,0,0,0,0,0,663,52,52,0,0,0,0,0
retained-e8c21674a86f5d4737b23a59e2071da7754f4ff2,baseline-none-r02,2026-09-11T13:38:20.943805136Z,34000.869,none,false,0,0,0,0,0,683,53,53,0,0,0,0,0
retained-e8c21674a86f5d4737b23a59e2071da7754f4ff2,baseline-none-r02,2026-09-11T13:38:21.943442987Z,35000.507,none,false,0,0,0,0,0,703,55,55,0,0,0,0,0
retained-e8c21674a86f5d4737b23a59e2071da7754f4ff2,baseline-none-r02,2026-09-11T13:38:22.943235335Z,36000.299,none,false,0,0,0,0,0,723,56,56,0,0,0,0,0
retained-e8c21674a86f5d4737b23a59e2071da7754f4ff2,baseline-none-r02,2026-09-11T13:38:23.943419171Z,37000.483,none,false,0,0,0,0,0,743,58,58,0,0,0,0,0
retained-e8c21674a86f5d4737b23a59e2071da7754f4ff2,baseline-none-r02,2026-09-11T13:38:24.944148067Z,38001.212,none,false,0,0,0,0,0,763,59,59,0,0,0,0,0
retained-e8c21674a86f5d4737b23a59e2071da7754f4ff2,baseline-none-r02,2026-09-11T13:38:25.943448748Z,39000.513,none,false,0,0,0,0,0,783,61,61,0,0,0,0,0
retained-e8c21674a86f5d4737b23a59e2071da7754f4ff2,baseline-none-r02,2026-09-11T13:38:26.944018355Z,40001.082,none,false,0,0,0,0,0,803,62,62,0,0,0,0,0
retained-e8c21674a86f5d4737b23a59e2071da7754f4ff2,baseline-none-r02,2026-09-11T13:38:27.943588927Z,41000.653,none,false,0,0,0,0,0,823,64,64,0,0,0,0,0
retained-e8c21674a86f5d4737b23a59e2071da7754f4ff2,baseline-none-r02,2026-09-11T13:38:28.943815845Z,42000.880,none,false,0,0,0,0,0,843,65,65,0,0,0,0,0
retained-e8c21674a86f5d4737b23a59e2071da7754f4ff2,baseline-none-r02,2026-09-11T13:38:29.943208801Z,43000.273,none,false,0,0,0,0,0,863,67,67,0,0,0,0,0
retained-e8c21674a86f5d4737b23a59e2071da7754f4ff2,baseline-none-r02,2026-09-11T13:38:30.943390706Z,44000.455,none,false,0,0,0,0,0,883,68,68,0,0,0,0,0
retained-e8c21674a86f5d4737b23a59e2071da7754f4ff2,baseline-none-r02,2026-09-11T13:38:31.943728271Z,45000.792,none,false,0,0,0,0,0,903,70,70,0,0,0,0,0
retained-e8c21674a86f5d4737b23a59e2071da7754f4ff2,baseline-none-r02,2026-09-11T13:38:32.943444096Z,46000.508,none,false,0,0,0,0,0,923,71,71,0,0,0,0,0
retained-e8c21674a86f5d4737b23a59e2071da7754f4ff2,baseline-none-r02,2026-09-11T13:38:33.943764918Z,47000.829,none,false,0,0,0,0,0,943,73,73,0,0,0,0,0
retained-e8c21674a86f5d4737b23a59e2071da7754f4ff2,baseline-none-r02,2026-09-11T13:38:34.943443643Z,48000.508,none,false,0,0,0,0,0,963,74,74,0,0,0,0,0
retained-e8c21674a86f5d4737b23a59e2071da7754f4ff2,baseline-none-r02,2026-09-11T13:38:35.943489424Z,49000.553,none,false,0,0,0,0,0,983,76,76,0,0,0,0,0
retained-e8c21674a86f5d4737b23a59e2071da7754f4ff2,baseline-none-r02,2026-09-11T13:38:36.944067665Z,50001.132,none,false,0,0,0,0,0,1003,77,77,0,0,0,0,0
retained-e8c21674a86f5d4737b23a59e2071da7754f4ff2,baseline-none-r02,2026-09-11T13:38:37.943351586Z,51000.416,none,false,0,0,0,0,0,1023,79,79,0,0,0,0,0
retained-e8c21674a86f5d4737b23a59e2071da7754f4ff2,baseline-none-r02,2026-09-11T13:38:38.943414445Z,52000.478,none,false,0,0,0,0,0,1043,80,80,0,0,0,0,0
retained-e8c21674a86f5d4737b23a59e2071da7754f4ff2,baseline-none-r02,2026-09-11T13:38:39.943427142Z,53000.491,none,false,0,0,0,0,0,1063,82,82,0,0,0,0,0
retained-e8c21674a86f5d4737b23a59e2071da7754f4ff2,baseline-none-r02,2026-09-11T13:38:40.943833889Z,54000.898,none,false,0,0,0,0,0,1083,83,83,0,0,0,0,0
retained-e8c21674a86f5d4737b23a59e2071da7754f4ff2,baseline-none-r02,2026-09-11T13:38:41.943308482Z,55000.372,none,false,0,0,0,0,0,1103,85,85,0,0,0,0,0
retained-e8c21674a86f5d4737b23a59e2071da7754f4ff2,baseline-none-r02,2026-09-11T13:38:42.943808111Z,56000.872,none,false,0,0,0,0,0,1123,86,86,0,0,0,0,0
retained-e8c21674a86f5d4737b23a59e2071da7754f4ff2,baseline-none-r02,2026-09-11T13:38:43.94311841Z,57000.182,none,false,0,0,0,0,0,1143,88,88,0,0,0,0,0
retained-e8c21674a86f5d4737b23a59e2071da7754f4ff2,baseline-none-r02,2026-09-11T13:38:44.943954215Z,58001.018,none,false,0,0,0,0,0,1163,89,89,0,0,0,0,0
retained-e8c21674a86f5d4737b23a59e2071da7754f4ff2,baseline-none-r02,2026-09-11T13:38:45.943644546Z,59000.709,none,false,0,0,0,0,0,1183,91,91,0,0,0,0,0
retained-e8c21674a86f5d4737b23a59e2071da7754f4ff2,baseline-none-r02,2026-09-11T13:38:46.94364982Z,60000.714,none,false,0,0,0,0,0,1203,92,92,0,0,0,0,0
retained-e8c21674a86f5d4737b23a59e2071da7754f4ff2,baseline-none-r02,2026-09-11T13:38:47.943565665Z,61000.630,none,false,0,0,0,0,0,1223,94,94,0,0,0,0,0
retained-e8c21674a86f5d4737b23a59e2071da7754f4ff2,baseline-none-r02,2026-09-11T13:38:52.280419425Z,62000.561,none,false,0,0,0,0,0,1243,95,95,0,0,0,0,0
retained-e8c21674a86f5d4737b23a59e2071da7754f4ff2,baseline-none-r02,2026-09-11T13:38:53.280390788Z,63000.532,none,false,0,0,0,0,0,1263,97,97,0,0,0,0,0
retained-e8c21674a86f5d4737b23a59e2071da7754f4ff2,baseline-none-r02,2026-09-11T13:38:54.28006728Z,64000.209,none,false,0,0,0,0,0,1283,98,98,0,0,0,0,0
retained-e8c21674a86f5d4737b23a59e2071da7754f4ff2,baseline-none-r02,2026-09-11T13:38:55.280954774Z,65001.096,none,false,0,0,0,0,0,1303,100,100,0,0,0,0,0
retained-e8c21674a86f5d4737b23a59e2071da7754f4ff2,baseline-none-r02,2026-09-11T13:38:56.280405053Z,66000.547,none,false,0,0,0,0,0,1323,101,101,0,0,0,0,0
retained-e8c21674a86f5d4737b23a59e2071da7754f4ff2,baseline-none-r02,2026-09-11T13:38:57.280426066Z,67000.568,none,false,0,0,0,0,0,1343,103,103,0,0,0,0,0
retained-e8c21674a86f5d4737b23a59e2071da7754f4ff2,baseline-none-r02,2026-09-11T13:38:58.280179285Z,68000.321,none,false,0,0,0,0,0,1363,104,104,0,0,0,0,0
retained-e8c21674a86f5d4737b23a59e2071da7754f4ff2,baseline-none-r02,2026-09-11T13:38:59.280082364Z,69000.224,none,false,0,0,0,0,0,1383,106,106,0,0,0,0,0
retained-e8c21674a86f5d4737b23a59e2071da7754f4ff2,baseline-none-r02,2026-09-11T13:39:00.281038862Z,70001.180,none,false,0,0,0,0,0,1403,107,107,0,0,0,0,0
retained-e8c21674a86f5d4737b23a59e2071da7754f4ff2,baseline-none-r02,2026-09-11T13:39:01.280196533Z,71000.338,none,false,0,0,0,0,0,1423,109,109,0,0,0,0,0
retained-e8c21674a86f5d4737b23a59e2071da7754f4ff2,baseline-none-r02,2026-09-11T13:39:02.280093031Z,72000.235,none,false,0,0,0,0,0,1443,110,110,0,0,0,0,0
retained-e8c21674a86f5d4737b23a59e2071da7754f4ff2,baseline-none-r02,2026-09-11T13:39:03.280036405Z,73000.178,none,false,0,0,0,0,0,1463,112,112,0,0,0,0,0
retained-e8c21674a86f5d4737b23a59e2071da7754f4ff2,baseline-none-r02,2026-09-11T13:39:04.280667501Z,74000.809,none,false,0,0,0,0,0,1483,113,113,0,0,0,0,0
retained-e8c21674a86f5d4737b23a59e2071da7754f4ff2,baseline-none-r02,2026-09-11T13:39:05.280504242Z,75000.646,none,false,0,0,0,0,0,1503,115,115,0,0,0,0,0
retained-e8c21674a86f5d4737b23a59e2071da7754f4ff2,baseline-none-r02,2026-09-11T13:39:06.280707354Z,76000.849,none,false,0,0,0,0,0,1523,116,116,0,0,0,0,0
retained-e8c21674a86f5d4737b23a59e2071da7754f4ff2,baseline-none-r02,2026-09-11T13:39:07.280179737Z,77000.321,none,false,0,0,0,0,0,1543,118,118,0,0,0,0,0
retained-e8c21674a86f5d4737b23a59e2071da7754f4ff2,baseline-none-r02,2026-09-11T13:39:08.280177117Z,78000.319,none,false,0,0,0,0,0,1563,119,119,0,0,0,0,0
retained-e8c21674a86f5d4737b23a59e2071da7754f4ff2,baseline-none-r02,2026-09-11T13:39:09.280187832Z,79000.329,none,false,0,0,0,0,0,1583,121,121,0,0,0,0,0
retained-e8c21674a86f5d4737b23a59e2071da7754f4ff2,baseline-none-r02,2026-09-11T13:39:10.280227074Z,80000.369,none,false,0,0,0,0,0,1603,122,122,0,0,0,0,0
retained-e8c21674a86f5d4737b23a59e2071da7754f4ff2,baseline-none-r02,2026-09-11T13:39:11.280751295Z,81000.893,none,false,0,0,0,0,0,1623,124,124,0,0,0,0,0
retained-e8c21674a86f5d4737b23a59e2071da7754f4ff2,baseline-none-r02,2026-09-11T13:39:12.280133122Z,82000.275,none,false,0,0,0,0,0,1643,125,125,0,0,0,0,0
retained-e8c21674a86f5d4737b23a59e2071da7754f4ff2,baseline-none-r02,2026-09-11T13:39:13.280306019Z,83000.448,none,false,0,0,0,0,0,1663,127,127,0,0,0,0,0
retained-e8c21674a86f5d4737b23a59e2071da7754f4ff2,baseline-none-r02,2026-09-11T13:39:14.280197066Z,84000.339,none,false,0,0,0,0,0,1683,128,128,0,0,0,0,0
retained-e8c21674a86f5d4737b23a59e2071da7754f4ff2,baseline-none-r02,2026-09-11T13:39:15.280507537Z,85000.649,none,false,0,0,0,0,0,1703,130,130,0,0,0,0,0
retained-e8c21674a86f5d4737b23a59e2071da7754f4ff2,baseline-none-r02,2026-09-11T13:39:16.280872258Z,86001.014,none,false,0,0,0,0,0,1723,131,131,0,0,0,0,0
retained-e8c21674a86f5d4737b23a59e2071da7754f4ff2,baseline-none-r02,2026-09-11T13:39:17.281009053Z,87001.151,none,false,0,0,0,0,0,1743,133,133,0,0,0,0,0
retained-e8c21674a86f5d4737b23a59e2071da7754f4ff2,baseline-none-r02,2026-09-11T13:39:18.280532612Z,88000.674,none,false,0,0,0,0,0,1763,134,134,0,0,0,0,0
retained-e8c21674a86f5d4737b23a59e2071da7754f4ff2,baseline-none-r02,2026-09-11T13:39:19.280215732Z,89000.357,none,false,0,0,0,0,0,1783,136,136,0,0,0,0,0
retained-e8c21674a86f5d4737b23a59e2071da7754f4ff2,baseline-none-r02,2026-09-11T13:39:20.281058952Z,90001.200,none,false,0,0,0,0,0,1803,137,137,0,0,0,0,0
retained-e8c21674a86f5d4737b23a59e2071da7754f4ff2,baseline-none-r02,2026-09-11T13:39:21.280612906Z,91000.754,none,false,0,0,0,0,0,1823,139,139,0,0,0,0,0
retained-e8c21674a86f5d4737b23a59e2071da7754f4ff2,baseline-none-r02,2026-09-11T13:39:25.616425921Z,92000.882,none,false,0,0,0,0,0,1843,140,140,0,0,0,0,0
retained-e8c21674a86f5d4737b23a59e2071da7754f4ff2,baseline-none-r02,2026-09-11T13:39:26.616609013Z,93001.065,none,false,0,0,0,0,0,1863,142,142,0,0,0,0,0
retained-e8c21674a86f5d4737b23a59e2071da7754f4ff2,baseline-none-r02,2026-09-11T13:39:27.61636993Z,94000.826,none,false,0,0,0,0,0,1883,143,143,0,0,0,0,0
retained-e8c21674a86f5d4737b23a59e2071da7754f4ff2,baseline-none-r02,2026-09-11T13:39:28.615859361Z,95000.316,none,false,0,0,0,0,0,1903,145,145,0,0,0,0,0
retained-e8c21674a86f5d4737b23a59e2071da7754f4ff2,baseline-none-r02,2026-09-11T13:39:29.615914902Z,96000.371,none,false,0,0,0,0,0,1923,146,146,0,0,0,0,0
retained-e8c21674a86f5d4737b23a59e2071da7754f4ff2,baseline-none-r02,2026-09-11T13:39:30.616380299Z,97000.837,none,false,0,0,0,0,0,1943,148,148,0,0,0,0,0
retained-e8c21674a86f5d4737b23a59e2071da7754f4ff2,baseline-none-r02,2026-09-11T13:39:31.616319333Z,98000.776,none,false,0,0,0,0,0,1963,149,149,0,0,0,0,0
retained-e8c21674a86f5d4737b23a59e2071da7754f4ff2,baseline-none-r02,2026-09-11T13:39:32.615929559Z,99000.386,none,false,0,0,0,0,0,1983,151,151,0,0,0,0,0
retained-e8c21674a86f5d4737b23a59e2071da7754f4ff2,baseline-none-r02,2026-09-11T13:39:33.615832169Z,100000.289,none,false,0,0,0,0,0,2003,152,152,0,0,0,0,0
retained-e8c21674a86f5d4737b23a59e2071da7754f4ff2,baseline-none-r02,2026-09-11T13:39:34.616301515Z,101000.758,none,false,0,0,0,0,0,2023,154,154,0,0,0,0,0
retained-e8c21674a86f5d4737b23a59e2071da7754f4ff2,baseline-none-r02,2026-09-11T13:39:35.616223571Z,102000.680,none,false,0,0,0,0,0,2043,155,155,0,0,0,0,0
retained-e8c21674a86f5d4737b23a59e2071da7754f4ff2,baseline-none-r02,2026-09-11T13:39:36.616054702Z,103000.511,none,false,0,0,0,0,0,2063,157,157,0,0,0,0,0
retained-e8c21674a86f5d4737b23a59e2071da7754f4ff2,baseline-none-r02,2026-09-11T13:39:37.615698318Z,104000.155,none,false,0,0,0,0,0,2083,158,158,0,0,0,0,0
retained-e8c21674a86f5d4737b23a59e2071da7754f4ff2,baseline-none-r02,2026-09-11T13:39:38.61672726Z,105001.184,none,false,0,0,0,0,0,2103,160,160,0,0,0,0,0
retained-e8c21674a86f5d4737b23a59e2071da7754f4ff2,baseline-none-r02,2026-09-11T13:39:39.616633012Z,106001.089,none,false,0,0,0,0,0,2123,161,161,0,0,0,0,0
retained-e8c21674a86f5d4737b23a59e2071da7754f4ff2,baseline-none-r02,2026-09-11T13:39:40.616337334Z,107000.794,none,false,0,0,0,0,0,2143,163,163,0,0,0,0,0
retained-e8c21674a86f5d4737b23a59e2071da7754f4ff2,baseline-none-r02,2026-09-11T13:39:41.616539618Z,108000.996,none,false,0,0,0,0,0,2163,164,164,0,0,0,0,0
retained-e8c21674a86f5d4737b23a59e2071da7754f4ff2,baseline-none-r02,2026-09-11T13:39:42.616183337Z,109000.640,none,false,0,0,0,0,0,2183,166,166,0,0,0,0,0
retained-e8c21674a86f5d4737b23a59e2071da7754f4ff2,baseline-none-r02,2026-09-11T13:39:43.615766412Z,110000.223,none,false,0,0,0,0,0,2203,167,167,0,0,0,0,0
retained-e8c21674a86f5d4737b23a59e2071da7754f4ff2,baseline-none-r02,2026-09-11T13:39:44.616114827Z,111000.571,none,false,0,0,0,0,0,2223,169,169,0,0,0,0,0
retained-e8c21674a86f5d4737b23a59e2071da7754f4ff2,baseline-none-r02,2026-09-11T13:39:45.616080298Z,112000.537,none,false,0,0,0,0,0,2243,170,170,0,0,0,0,0
retained-e8c21674a86f5d4737b23a59e2071da7754f4ff2,baseline-none-r02,2026-09-11T13:39:46.61654707Z,113001.004,none,false,0,0,0,0,0,2263,172,172,0,0,0,0,0
retained-e8c21674a86f5d4737b23a59e2071da7754f4ff2,baseline-none-r02,2026-09-11T13:39:47.616584634Z,114001.041,none,false,0,0,0,0,0,2283,173,173,0,0,0,0,0
retained-e8c21674a86f5d4737b23a59e2071da7754f4ff2,baseline-none-r02,2026-09-11T13:39:48.616361422Z,115000.818,none,false,0,0,0,0,0,2303,175,175,0,0,0,0,0
retained-e8c21674a86f5d4737b23a59e2071da7754f4ff2,baseline-none-r02,2026-09-11T13:39:49.616189891Z,116000.646,none,false,0,0,0,0,0,2323,176,176,0,0,0,0,0
retained-e8c21674a86f5d4737b23a59e2071da7754f4ff2,baseline-none-r02,2026-09-11T13:39:50.615985739Z,117000.442,none,false,0,0,0,0,0,2343,178,178,0,0,0,0,0
retained-e8c21674a86f5d4737b23a59e2071da7754f4ff2,baseline-none-r02,2026-09-11T13:39:51.616185452Z,118000.642,none,false,0,0,0,0,0,2363,179,179,0,0,0,0,0
retained-e8c21674a86f5d4737b23a59e2071da7754f4ff2,baseline-none-r02,2026-09-11T13:39:52.616759392Z,119001.216,none,false,0,0,0,0,0,2383,181,181,0,0,0,0,0
retained-e8c21674a86f5d4737b23a59e2071da7754f4ff2,baseline-none-r02,2026-09-11T13:39:53.616414528Z,120000.871,none,false,0,0,0,0,0,2403,182,182,0,0,0,0,0
retained-e8c21674a86f5d4737b23a59e2071da7754f4ff2,baseline-none-r02,2026-09-11T13:39:54.61585661Z,121000.313,none,false,0,0,0,0,0,2423,184,184,0,0,0,0,0
retained-e8c21674a86f5d4737b23a59e2071da7754f4ff2,baseline-none-r02,2026-09-11T13:39:58.951378573Z,122000.813,none,false,0,0,0,0,0,2443,185,185,0,0,0,0,0
retained-e8c21674a86f5d4737b23a59e2071da7754f4ff2,baseline-none-r02,2026-09-11T13:39:59.951565396Z,123001.000,none,false,0,0,0,0,0,2463,187,187,0,0,0,0,0
retained-e8c21674a86f5d4737b23a59e2071da7754f4ff2,baseline-none-r02,2026-09-11T13:40:00.951114359Z,124000.549,none,false,0,0,0,0,0,2483,188,188,0,0,0,0,0
retained-e8c21674a86f5d4737b23a59e2071da7754f4ff2,baseline-none-r02,2026-09-11T13:40:01.951202767Z,125000.637,none,false,0,0,0,0,0,2503,190,190,0,0,0,0,0
retained-e8c21674a86f5d4737b23a59e2071da7754f4ff2,baseline-none-r02,2026-09-11T13:40:02.951596977Z,126001.031,none,false,0,0,0,0,0,2523,191,191,0,0,0,0,0
retained-e8c21674a86f5d4737b23a59e2071da7754f4ff2,baseline-none-r02,2026-09-11T13:40:03.951632155Z,127001.067,none,false,0,0,0,0,0,2543,193,193,0,0,0,0,0
retained-e8c21674a86f5d4737b23a59e2071da7754f4ff2,baseline-none-r02,2026-09-11T13:40:04.951914619Z,128001.349,none,false,0,0,0,0,0,2563,194,194,0,0,0,0,0
retained-e8c21674a86f5d4737b23a59e2071da7754f4ff2,baseline-none-r02,2026-09-11T13:40:05.951088662Z,129000.523,none,false,0,0,0,0,0,2583,196,196,0,0,0,0,0
retained-e8c21674a86f5d4737b23a59e2071da7754f4ff2,baseline-none-r02,2026-09-11T13:40:06.951373895Z,130000.808,none,false,0,0,0,0,0,2603,197,197,0,0,0,0,0
retained-e8c21674a86f5d4737b23a59e2071da7754f4ff2,baseline-none-r02,2026-09-11T13:40:07.951411492Z,131000.846,none,false,0,0,0,0,0,2623,199,199,0,0,0,0,0
retained-e8c21674a86f5d4737b23a59e2071da7754f4ff2,baseline-none-r02,2026-09-11T13:40:08.95174186Z,132001.176,none,false,0,0,0,0,0,2643,200,200,0,0,0,0,0
retained-e8c21674a86f5d4737b23a59e2071da7754f4ff2,baseline-none-r02,2026-09-11T13:40:09.951560302Z,133000.995,none,false,0,0,0,0,0,2663,202,202,0,0,0,0,0
retained-e8c21674a86f5d4737b23a59e2071da7754f4ff2,baseline-none-r02,2026-09-11T13:40:10.950740533Z,134000.175,none,false,0,0,0,0,0,2683,203,203,0,0,0,0,0
retained-e8c21674a86f5d4737b23a59e2071da7754f4ff2,baseline-none-r02,2026-09-11T13:40:11.951330919Z,135000.765,none,false,0,0,0,0,0,2703,205,205,0,0,0,0,0
retained-e8c21674a86f5d4737b23a59e2071da7754f4ff2,baseline-none-r02,2026-09-11T13:40:12.951563742Z,136000.998,none,false,0,0,0,0,0,2723,206,206,0,0,0,0,0
retained-e8c21674a86f5d4737b23a59e2071da7754f4ff2,baseline-none-r02,2026-09-11T13:40:13.951452748Z,137000.887,none,false,0,0,0,0,0,2743,208,208,0,0,0,0,0
retained-e8c21674a86f5d4737b23a59e2071da7754f4ff2,baseline-none-r02,2026-09-11T13:40:14.951445034Z,138000.879,none,false,0,0,0,0,0,2763,209,209,0,0,0,0,0
retained-e8c21674a86f5d4737b23a59e2071da7754f4ff2,baseline-none-r02,2026-09-11T13:40:15.951658603Z,139001.093,none,false,0,0,0,0,0,2783,211,211,0,0,0,0,0
retained-e8c21674a86f5d4737b23a59e2071da7754f4ff2,baseline-none-r02,2026-09-11T13:40:16.950955558Z,140000.390,none,false,0,0,0,0,0,2803,212,212,0,0,0,0,0
retained-e8c21674a86f5d4737b23a59e2071da7754f4ff2,baseline-none-r02,2026-09-11T13:40:17.950884089Z,141000.318,none,false,0,0,0,0,0,2823,214,214,0,0,0,0,0
retained-e8c21674a86f5d4737b23a59e2071da7754f4ff2,baseline-none-r02,2026-09-11T13:40:18.950941345Z,142000.376,none,false,0,0,0,0,0,2843,215,215,0,0,0,0,0
retained-e8c21674a86f5d4737b23a59e2071da7754f4ff2,baseline-none-r02,2026-09-11T13:40:19.951072732Z,143000.507,none,false,0,0,0,0,0,2863,217,217,0,0,0,0,0
retained-e8c21674a86f5d4737b23a59e2071da7754f4ff2,baseline-none-r02,2026-09-11T13:40:20.95133863Z,144000.773,none,false,0,0,0,0,0,2883,218,218,0,0,0,0,0
retained-e8c21674a86f5d4737b23a59e2071da7754f4ff2,baseline-none-r02,2026-09-11T13:40:21.951375616Z,145000.810,none,false,0,0,0,0,0,2903,220,220,0,0,0,0,0
retained-e8c21674a86f5d4737b23a59e2071da7754f4ff2,baseline-none-r02,2026-09-11T13:40:22.951364621Z,146000.799,none,false,0,0,0,0,0,2923,221,221,0,0,0,0,0
retained-e8c21674a86f5d4737b23a59e2071da7754f4ff2,baseline-none-r02,2026-09-11T13:40:23.951408293Z,147000.843,none,false,0,0,0,0,0,2943,223,223,0,0,0,0,0
retained-e8c21674a86f5d4737b23a59e2071da7754f4ff2,baseline-none-r02,2026-09-11T13:40:24.951012162Z,148000.447,none,false,0,0,0,0,0,2963,224,224,0,0,0,0,0
retained-e8c21674a86f5d4737b23a59e2071da7754f4ff2,baseline-none-r02,2026-09-11T13:40:25.951237924Z,149000.672,none,false,0,0,0,0,0,2983,226,226,0,0,0,0,0
retained-e8c21674a86f5d4737b23a59e2071da7754f4ff2,baseline-none-r02,2026-09-11T13:40:26.951371536Z,150000.806,none,false,0,0,0,0,0,3003,227,227,0,0,0,0,0
retained-e8c21674a86f5d4737b23a59e2071da7754f4ff2,baseline-none-r02,2026-09-11T13:40:26.951396712Z,150000.831,none,false,0,0,0,0,0,3003,227,227,0,0,0,0,0
retained-e8c21674a86f5d4737b23a59e2071da7754f4ff2,bounded-wait-none-r02,2026-09-11T13:40:28.245833224Z,0.017,none,false,0,0,0,0,0,4,4,4,0,0,0,0,0
retained-e8c21674a86f5d4737b23a59e2071da7754f4ff2,bounded-wait-none-r02,2026-09-11T13:40:32.580652045Z,1000.906,none,false,0,0,0,0,0,23,4,4,0,0,0,0,0
retained-e8c21674a86f5d4737b23a59e2071da7754f4ff2,bounded-wait-none-r02,2026-09-11T13:40:33.579830643Z,2000.085,none,false,0,0,0,0,0,43,5,5,0,0,0,0,0
retained-e8c21674a86f5d4737b23a59e2071da7754f4ff2,bounded-wait-none-r02,2026-09-11T13:40:34.580905389Z,3001.160,none,false,0,0,1,0,0,63,8,7,0,0,0,0,0
retained-e8c21674a86f5d4737b23a59e2071da7754f4ff2,bounded-wait-none-r02,2026-09-11T13:40:35.579909437Z,4000.164,none,false,0,0,0,0,0,83,8,8,0,0,0,0,0
retained-e8c21674a86f5d4737b23a59e2071da7754f4ff2,bounded-wait-none-r02,2026-09-11T13:40:36.580660828Z,5000.915,none,false,0,0,0,0,0,103,10,10,0,0,0,0,0
retained-e8c21674a86f5d4737b23a59e2071da7754f4ff2,bounded-wait-none-r02,2026-09-11T13:40:37.580347414Z,6000.602,none,false,0,0,0,0,0,123,11,11,0,0,0,0,0
retained-e8c21674a86f5d4737b23a59e2071da7754f4ff2,bounded-wait-none-r02,2026-09-11T13:40:38.580329128Z,7000.583,none,false,0,0,0,0,0,143,13,13,0,0,0,0,0
retained-e8c21674a86f5d4737b23a59e2071da7754f4ff2,bounded-wait-none-r02,2026-09-11T13:40:39.58039475Z,8000.649,none,false,0,0,0,0,0,163,14,14,0,0,0,0,0
retained-e8c21674a86f5d4737b23a59e2071da7754f4ff2,bounded-wait-none-r02,2026-09-11T13:40:40.580312414Z,9000.567,none,false,0,0,0,0,0,183,16,16,0,0,0,0,0
retained-e8c21674a86f5d4737b23a59e2071da7754f4ff2,bounded-wait-none-r02,2026-09-11T13:40:41.580181981Z,10000.436,none,false,0,0,0,0,0,203,17,17,0,0,0,0,0
retained-e8c21674a86f5d4737b23a59e2071da7754f4ff2,bounded-wait-none-r02,2026-09-11T13:40:42.58015989Z,11000.414,none,false,0,0,0,0,0,223,19,19,0,0,0,0,0
retained-e8c21674a86f5d4737b23a59e2071da7754f4ff2,bounded-wait-none-r02,2026-09-11T13:40:43.58065686Z,12000.911,none,false,0,0,0,0,0,243,20,20,0,0,0,0,0
retained-e8c21674a86f5d4737b23a59e2071da7754f4ff2,bounded-wait-none-r02,2026-09-11T13:40:44.580151824Z,13000.406,none,false,0,0,0,0,0,263,22,22,0,0,0,0,0
retained-e8c21674a86f5d4737b23a59e2071da7754f4ff2,bounded-wait-none-r02,2026-09-11T13:40:45.580932549Z,14001.187,none,false,0,0,0,0,0,283,23,23,0,0,0,0,0
retained-e8c21674a86f5d4737b23a59e2071da7754f4ff2,bounded-wait-none-r02,2026-09-11T13:40:46.580593758Z,15000.848,none,false,0,0,0,0,0,303,25,25,0,0,0,0,0
retained-e8c21674a86f5d4737b23a59e2071da7754f4ff2,bounded-wait-none-r02,2026-09-11T13:40:47.579840836Z,16000.095,none,false,0,0,0,0,0,323,26,26,0,0,0,0,0
retained-e8c21674a86f5d4737b23a59e2071da7754f4ff2,bounded-wait-none-r02,2026-09-11T13:40:48.58042849Z,17000.683,none,false,0,0,0,0,0,343,28,28,0,0,0,0,0
retained-e8c21674a86f5d4737b23a59e2071da7754f4ff2,bounded-wait-none-r02,2026-09-11T13:40:49.580469706Z,18000.724,none,false,0,0,0,0,0,363,29,29,0,0,0,0,0
retained-e8c21674a86f5d4737b23a59e2071da7754f4ff2,bounded-wait-none-r02,2026-09-11T13:40:50.580723098Z,19000.977,none,false,0,0,0,0,0,383,31,31,0,0,0,0,0
retained-e8c21674a86f5d4737b23a59e2071da7754f4ff2,bounded-wait-none-r02,2026-09-11T13:40:51.580269232Z,20000.524,none,false,0,0,0,0,0,403,32,32,0,0,0,0,0
retained-e8c21674a86f5d4737b23a59e2071da7754f4ff2,bounded-wait-none-r02,2026-09-11T13:40:52.580593675Z,21000.848,none,false,0,0,0,0,0,423,34,34,0,0,0,0,0
retained-e8c21674a86f5d4737b23a59e2071da7754f4ff2,bounded-wait-none-r02,2026-09-11T13:40:53.580880903Z,22001.135,none,false,0,0,0,0,0,443,35,35,0,0,0,0,0
retained-e8c21674a86f5d4737b23a59e2071da7754f4ff2,bounded-wait-none-r02,2026-09-11T13:40:54.580659905Z,23000.914,none,false,0,0,0,0,0,463,37,37,0,0,0,0,0
retained-e8c21674a86f5d4737b23a59e2071da7754f4ff2,bounded-wait-none-r02,2026-09-11T13:40:55.579966559Z,24000.221,none,false,0,0,0,0,0,483,38,38,0,0,0,0,0
retained-e8c21674a86f5d4737b23a59e2071da7754f4ff2,bounded-wait-none-r02,2026-09-11T13:40:56.580720251Z,25000.975,none,false,0,0,0,0,0,503,40,40,0,0,0,0,0
retained-e8c21674a86f5d4737b23a59e2071da7754f4ff2,bounded-wait-none-r02,2026-09-11T13:40:57.580713267Z,26000.968,none,false,0,0,0,0,0,523,41,41,0,0,0,0,0
retained-e8c21674a86f5d4737b23a59e2071da7754f4ff2,bounded-wait-none-r02,2026-09-11T13:40:58.579953673Z,27000.208,none,false,0,0,0,0,0,543,43,43,0,0,0,0,0
retained-e8c21674a86f5d4737b23a59e2071da7754f4ff2,bounded-wait-none-r02,2026-09-11T13:40:59.580154538Z,28000.409,none,false,0,0,0,0,0,563,44,44,0,0,0,0,0
retained-e8c21674a86f5d4737b23a59e2071da7754f4ff2,bounded-wait-none-r02,2026-09-11T13:41:00.580006098Z,29000.260,none,false,0,0,0,0,0,583,46,46,0,0,0,0,0
retained-e8c21674a86f5d4737b23a59e2071da7754f4ff2,bounded-wait-none-r02,2026-09-11T13:41:01.580273958Z,30000.528,none,false,0,0,0,0,0,603,47,47,0,0,0,0,0
retained-e8c21674a86f5d4737b23a59e2071da7754f4ff2,bounded-wait-none-r02,2026-09-11T13:41:05.916370752Z,31000.446,none,false,0,0,0,0,0,623,49,49,0,0,0,0,0
retained-e8c21674a86f5d4737b23a59e2071da7754f4ff2,bounded-wait-none-r02,2026-09-11T13:41:06.916379239Z,32000.455,none,false,0,0,0,0,0,643,50,50,0,0,0,0,0
retained-e8c21674a86f5d4737b23a59e2071da7754f4ff2,bounded-wait-none-r02,2026-09-11T13:41:07.916941235Z,33001.017,none,false,0,0,0,0,0,663,52,52,0,0,0,0,0
retained-e8c21674a86f5d4737b23a59e2071da7754f4ff2,bounded-wait-none-r02,2026-09-11T13:41:08.916043043Z,34000.118,none,false,0,0,0,0,0,683,53,53,0,0,0,0,0
retained-e8c21674a86f5d4737b23a59e2071da7754f4ff2,bounded-wait-none-r02,2026-09-11T13:41:09.917062193Z,35001.138,none,false,0,0,0,0,0,703,55,55,0,0,0,0,0
retained-e8c21674a86f5d4737b23a59e2071da7754f4ff2,bounded-wait-none-r02,2026-09-11T13:41:10.916373415Z,36000.449,none,false,0,0,0,0,0,723,56,56,0,0,0,0,0
retained-e8c21674a86f5d4737b23a59e2071da7754f4ff2,bounded-wait-none-r02,2026-09-11T13:41:11.91659157Z,37000.667,none,false,0,0,0,0,0,743,58,58,0,0,0,0,0
retained-e8c21674a86f5d4737b23a59e2071da7754f4ff2,bounded-wait-none-r02,2026-09-11T13:41:12.916592199Z,38000.668,none,false,0,0,0,0,0,763,59,59,0,0,0,0,0
retained-e8c21674a86f5d4737b23a59e2071da7754f4ff2,bounded-wait-none-r02,2026-09-11T13:41:13.917013588Z,39001.089,none,false,0,0,0,0,0,783,61,61,0,0,0,0,0
retained-e8c21674a86f5d4737b23a59e2071da7754f4ff2,bounded-wait-none-r02,2026-09-11T13:41:14.917096911Z,40001.172,none,false,0,0,0,0,0,803,62,62,0,0,0,0,0
retained-e8c21674a86f5d4737b23a59e2071da7754f4ff2,bounded-wait-none-r02,2026-09-11T13:41:15.91638861Z,41000.464,none,false,0,0,0,0,0,823,64,64,0,0,0,0,0
retained-e8c21674a86f5d4737b23a59e2071da7754f4ff2,bounded-wait-none-r02,2026-09-11T13:41:16.917105216Z,42001.181,none,false,0,0,0,0,0,843,65,65,0,0,0,0,0
retained-e8c21674a86f5d4737b23a59e2071da7754f4ff2,bounded-wait-none-r02,2026-09-11T13:41:17.916941287Z,43001.017,none,false,0,0,0,0,0,863,67,67,0,0,0,0,0
retained-e8c21674a86f5d4737b23a59e2071da7754f4ff2,bounded-wait-none-r02,2026-09-11T13:41:18.916814437Z,44000.890,none,false,0,0,0,0,0,883,68,68,0,0,0,0,0
retained-e8c21674a86f5d4737b23a59e2071da7754f4ff2,bounded-wait-none-r02,2026-09-11T13:41:19.916756097Z,45000.832,none,false,0,0,0,0,0,903,70,70,0,0,0,0,0
retained-e8c21674a86f5d4737b23a59e2071da7754f4ff2,bounded-wait-none-r02,2026-09-11T13:41:20.916400534Z,46000.476,none,false,0,0,0,0,0,923,71,71,0,0,0,0,0
retained-e8c21674a86f5d4737b23a59e2071da7754f4ff2,bounded-wait-none-r02,2026-09-11T13:41:21.916667659Z,47000.743,none,false,0,0,0,0,0,943,73,73,0,0,0,0,0
retained-e8c21674a86f5d4737b23a59e2071da7754f4ff2,bounded-wait-none-r02,2026-09-11T13:41:22.916037741Z,48000.113,none,false,0,0,0,0,0,963,74,74,0,0,0,0,0
retained-e8c21674a86f5d4737b23a59e2071da7754f4ff2,bounded-wait-none-r02,2026-09-11T13:41:23.916344998Z,49000.420,none,false,0,0,0,0,0,983,76,76,0,0,0,0,0
retained-e8c21674a86f5d4737b23a59e2071da7754f4ff2,bounded-wait-none-r02,2026-09-11T13:41:24.916479683Z,50000.555,none,false,0,0,0,0,0,1003,77,77,0,0,0,0,0
retained-e8c21674a86f5d4737b23a59e2071da7754f4ff2,bounded-wait-none-r02,2026-09-11T13:41:25.917133262Z,51001.209,none,false,0,0,1,0,0,1023,80,79,0,0,0,0,0
retained-e8c21674a86f5d4737b23a59e2071da7754f4ff2,bounded-wait-none-r02,2026-09-11T13:41:26.916957061Z,52001.033,none,false,0,0,0,0,0,1043,80,80,0,0,0,0,0
retained-e8c21674a86f5d4737b23a59e2071da7754f4ff2,bounded-wait-none-r02,2026-09-11T13:41:27.917053988Z,53001.129,none,false,0,0,0,0,0,1063,82,82,0,0,0,0,0
retained-e8c21674a86f5d4737b23a59e2071da7754f4ff2,bounded-wait-none-r02,2026-09-11T13:41:28.916358939Z,54000.434,none,false,0,0,0,0,0,1083,83,83,0,0,0,0,0
retained-e8c21674a86f5d4737b23a59e2071da7754f4ff2,bounded-wait-none-r02,2026-09-11T13:41:29.916253587Z,55000.329,none,false,0,0,0,0,0,1103,85,85,0,0,0,0,0
retained-e8c21674a86f5d4737b23a59e2071da7754f4ff2,bounded-wait-none-r02,2026-09-11T13:41:30.916108139Z,56000.184,none,false,0,0,0,0,0,1123,86,86,0,0,0,0,0
retained-e8c21674a86f5d4737b23a59e2071da7754f4ff2,bounded-wait-none-r02,2026-09-11T13:41:31.916571448Z,57000.647,none,false,0,0,0,0,0,1143,88,88,0,0,0,0,0
retained-e8c21674a86f5d4737b23a59e2071da7754f4ff2,bounded-wait-none-r02,2026-09-11T13:41:32.916040936Z,58000.116,none,false,0,0,0,0,0,1163,89,89,0,0,0,0,0
retained-e8c21674a86f5d4737b23a59e2071da7754f4ff2,bounded-wait-none-r02,2026-09-11T13:41:33.916593628Z,59000.669,none,false,0,0,0,0,0,1183,91,91,0,0,0,0,0
retained-e8c21674a86f5d4737b23a59e2071da7754f4ff2,bounded-wait-none-r02,2026-09-11T13:41:34.9169507Z,60001.026,none,false,0,0,0,0,0,1203,92,92,0,0,0,0,0
retained-e8c21674a86f5d4737b23a59e2071da7754f4ff2,bounded-wait-none-r02,2026-09-11T13:41:39.249219477Z,61000.564,none,false,0,0,0,0,0,1223,94,94,0,0,0,0,0
retained-e8c21674a86f5d4737b23a59e2071da7754f4ff2,bounded-wait-none-r02,2026-09-11T13:41:40.24953529Z,62000.880,none,false,0,0,0,0,0,1243,95,95,0,0,0,0,0
retained-e8c21674a86f5d4737b23a59e2071da7754f4ff2,bounded-wait-none-r02,2026-09-11T13:41:41.249088414Z,63000.433,none,false,0,0,0,0,0,1263,97,97,0,0,0,0,0
retained-e8c21674a86f5d4737b23a59e2071da7754f4ff2,bounded-wait-none-r02,2026-09-11T13:41:42.249101941Z,64000.446,none,false,0,0,0,0,0,1283,98,98,0,0,0,0,0
retained-e8c21674a86f5d4737b23a59e2071da7754f4ff2,bounded-wait-none-r02,2026-09-11T13:41:43.249107663Z,65000.452,none,false,0,0,0,0,0,1303,100,100,0,0,0,0,0
retained-e8c21674a86f5d4737b23a59e2071da7754f4ff2,bounded-wait-none-r02,2026-09-11T13:41:44.249326596Z,66000.671,none,false,0,0,0,0,0,1323,101,101,0,0,0,0,0
retained-e8c21674a86f5d4737b23a59e2071da7754f4ff2,bounded-wait-none-r02,2026-09-11T13:41:45.249164274Z,67000.509,none,false,0,0,0,0,0,1343,103,103,0,0,0,0,0
retained-e8c21674a86f5d4737b23a59e2071da7754f4ff2,bounded-wait-none-r02,2026-09-11T13:41:46.249114436Z,68000.459,none,false,0,0,0,0,0,1363,104,104,0,0,0,0,0
retained-e8c21674a86f5d4737b23a59e2071da7754f4ff2,bounded-wait-none-r02,2026-09-11T13:41:47.249303179Z,69000.648,none,false,0,0,0,0,0,1383,106,106,0,0,0,0,0
retained-e8c21674a86f5d4737b23a59e2071da7754f4ff2,bounded-wait-none-r02,2026-09-11T13:41:48.249305279Z,70000.650,none,false,0,0,0,0,0,1403,107,107,0,0,0,0,0
retained-e8c21674a86f5d4737b23a59e2071da7754f4ff2,bounded-wait-none-r02,2026-09-11T13:41:49.248894111Z,71000.239,none,false,0,0,0,0,0,1423,109,109,0,0,0,0,0
retained-e8c21674a86f5d4737b23a59e2071da7754f4ff2,bounded-wait-none-r02,2026-09-11T13:41:50.249253084Z,72000.598,none,false,0,0,0,0,0,1443,110,110,0,0,0,0,0
retained-e8c21674a86f5d4737b23a59e2071da7754f4ff2,bounded-wait-none-r02,2026-09-11T13:41:51.249328357Z,73000.673,none,false,0,0,0,0,0,1463,112,112,0,0,0,0,0
retained-e8c21674a86f5d4737b23a59e2071da7754f4ff2,bounded-wait-none-r02,2026-09-11T13:41:52.249346465Z,74000.691,none,false,0,0,0,0,0,1483,113,113,0,0,0,0,0
retained-e8c21674a86f5d4737b23a59e2071da7754f4ff2,bounded-wait-none-r02,2026-09-11T13:41:53.249793718Z,75001.138,none,false,0,0,0,0,0,1503,115,115,0,0,0,0,0
retained-e8c21674a86f5d4737b23a59e2071da7754f4ff2,bounded-wait-none-r02,2026-09-11T13:41:54.249629615Z,76000.974,none,false,0,0,0,0,0,1523,116,116,0,0,0,0,0
retained-e8c21674a86f5d4737b23a59e2071da7754f4ff2,bounded-wait-none-r02,2026-09-11T13:41:55.249124761Z,77000.469,none,false,0,0,0,0,0,1543,118,118,0,0,0,0,0
retained-e8c21674a86f5d4737b23a59e2071da7754f4ff2,bounded-wait-none-r02,2026-09-11T13:41:56.249811121Z,78001.156,none,false,0,0,0,0,0,1563,119,119,0,0,0,0,0
retained-e8c21674a86f5d4737b23a59e2071da7754f4ff2,bounded-wait-none-r02,2026-09-11T13:41:57.249249133Z,79000.594,none,false,0,0,0,0,0,1583,121,121,0,0,0,0,0
retained-e8c21674a86f5d4737b23a59e2071da7754f4ff2,bounded-wait-none-r02,2026-09-11T13:41:58.249519995Z,80000.865,none,false,0,0,0,0,0,1603,122,122,0,0,0,0,0
retained-e8c21674a86f5d4737b23a59e2071da7754f4ff2,bounded-wait-none-r02,2026-09-11T13:41:59.249292213Z,81000.637,none,false,0,0,0,0,0,1623,124,124,0,0,0,0,0
retained-e8c21674a86f5d4737b23a59e2071da7754f4ff2,bounded-wait-none-r02,2026-09-11T13:42:00.249851585Z,82001.196,none,false,0,0,0,0,0,1643,125,125,0,0,0,0,0
retained-e8c21674a86f5d4737b23a59e2071da7754f4ff2,bounded-wait-none-r02,2026-09-11T13:42:01.249472438Z,83000.817,none,false,0,0,0,0,0,1663,127,127,0,0,0,0,0
retained-e8c21674a86f5d4737b23a59e2071da7754f4ff2,bounded-wait-none-r02,2026-09-11T13:42:02.249726369Z,84001.071,none,false,0,0,0,0,0,1683,128,128,0,0,0,0,0
retained-e8c21674a86f5d4737b23a59e2071da7754f4ff2,bounded-wait-none-r02,2026-09-11T13:42:03.249307159Z,85000.652,none,false,0,0,0,0,0,1703,130,130,0,0,0,0,0
retained-e8c21674a86f5d4737b23a59e2071da7754f4ff2,bounded-wait-none-r02,2026-09-11T13:42:04.249814167Z,86001.159,none,false,0,0,0,0,0,1723,131,131,0,0,0,0,0
retained-e8c21674a86f5d4737b23a59e2071da7754f4ff2,bounded-wait-none-r02,2026-09-11T13:42:05.249278774Z,87000.623,none,false,0,0,0,0,0,1743,133,133,0,0,0,0,0
retained-e8c21674a86f5d4737b23a59e2071da7754f4ff2,bounded-wait-none-r02,2026-09-11T13:42:06.249163584Z,88000.508,none,false,0,0,0,0,0,1763,134,134,0,0,0,0,0
retained-e8c21674a86f5d4737b23a59e2071da7754f4ff2,bounded-wait-none-r02,2026-09-11T13:42:07.249081514Z,89000.426,none,false,0,0,0,0,0,1783,136,136,0,0,0,0,0
retained-e8c21674a86f5d4737b23a59e2071da7754f4ff2,bounded-wait-none-r02,2026-09-11T13:42:08.249860638Z,90001.205,none,false,0,0,0,0,0,1803,137,137,0,0,0,0,0
retained-e8c21674a86f5d4737b23a59e2071da7754f4ff2,bounded-wait-none-r02,2026-09-11T13:42:12.574149815Z,91000.646,none,false,0,0,0,0,0,1823,139,139,0,0,0,0,0
retained-e8c21674a86f5d4737b23a59e2071da7754f4ff2,bounded-wait-none-r02,2026-09-11T13:42:13.573926577Z,92000.423,none,false,0,0,0,0,0,1843,140,140,0,0,0,0,0
retained-e8c21674a86f5d4737b23a59e2071da7754f4ff2,bounded-wait-none-r02,2026-09-11T13:42:14.574055934Z,93000.552,none,false,0,0,0,0,0,1863,142,142,0,0,0,0,0
retained-e8c21674a86f5d4737b23a59e2071da7754f4ff2,bounded-wait-none-r02,2026-09-11T13:42:15.574285198Z,94000.781,none,false,0,0,0,0,0,1883,143,143,0,0,0,0,0
retained-e8c21674a86f5d4737b23a59e2071da7754f4ff2,bounded-wait-none-r02,2026-09-11T13:42:16.574050794Z,95000.547,none,false,0,0,0,0,0,1903,145,145,0,0,0,0,0
retained-e8c21674a86f5d4737b23a59e2071da7754f4ff2,bounded-wait-none-r02,2026-09-11T13:42:17.574603598Z,96001.100,none,false,0,0,0,0,0,1923,146,146,0,0,0,0,0
retained-e8c21674a86f5d4737b23a59e2071da7754f4ff2,bounded-wait-none-r02,2026-09-11T13:42:18.573784376Z,97000.280,none,false,0,0,0,0,0,1943,148,148,0,0,0,0,0
retained-e8c21674a86f5d4737b23a59e2071da7754f4ff2,bounded-wait-none-r02,2026-09-11T13:42:19.573830066Z,98000.326,none,false,0,0,0,0,0,1963,149,149,0,0,0,0,0
retained-e8c21674a86f5d4737b23a59e2071da7754f4ff2,bounded-wait-none-r02,2026-09-11T13:42:20.573705266Z,99000.201,none,false,0,0,0,0,0,1983,151,151,0,0,0,0,0
retained-e8c21674a86f5d4737b23a59e2071da7754f4ff2,bounded-wait-none-r02,2026-09-11T13:42:21.573883783Z,100000.380,none,false,0,0,0,0,0,2003,152,152,0,0,0,0,0
retained-e8c21674a86f5d4737b23a59e2071da7754f4ff2,bounded-wait-none-r02,2026-09-11T13:42:22.574077896Z,101000.574,none,false,0,0,0,0,0,2023,154,154,0,0,0,0,0
retained-e8c21674a86f5d4737b23a59e2071da7754f4ff2,bounded-wait-none-r02,2026-09-11T13:42:23.574274823Z,102000.771,none,false,0,0,0,0,0,2043,155,155,0,0,0,0,0
retained-e8c21674a86f5d4737b23a59e2071da7754f4ff2,bounded-wait-none-r02,2026-09-11T13:42:24.574079463Z,103000.575,none,false,0,0,0,0,0,2063,157,157,0,0,0,0,0
retained-e8c21674a86f5d4737b23a59e2071da7754f4ff2,bounded-wait-none-r02,2026-09-11T13:42:25.574294342Z,104000.790,none,false,0,0,0,0,0,2083,158,158,0,0,0,0,0
retained-e8c21674a86f5d4737b23a59e2071da7754f4ff2,bounded-wait-none-r02,2026-09-11T13:42:26.573695993Z,105000.192,none,false,0,0,0,0,0,2103,160,160,0,0,0,0,0
retained-e8c21674a86f5d4737b23a59e2071da7754f4ff2,bounded-wait-none-r02,2026-09-11T13:42:27.574260406Z,106000.756,none,false,0,0,0,0,0,2123,161,161,0,0,0,0,0
retained-e8c21674a86f5d4737b23a59e2071da7754f4ff2,bounded-wait-none-r02,2026-09-11T13:42:28.573959579Z,107000.456,none,false,0,0,0,0,0,2143,163,163,0,0,0,0,0
retained-e8c21674a86f5d4737b23a59e2071da7754f4ff2,bounded-wait-none-r02,2026-09-11T13:42:29.574608256Z,108001.104,none,false,0,0,0,0,0,2163,164,164,0,0,0,0,0
retained-e8c21674a86f5d4737b23a59e2071da7754f4ff2,bounded-wait-none-r02,2026-09-11T13:42:30.57407148Z,109000.567,none,false,0,0,0,0,0,2183,166,166,0,0,0,0,0
retained-e8c21674a86f5d4737b23a59e2071da7754f4ff2,bounded-wait-none-r02,2026-09-11T13:42:31.574575995Z,110001.072,none,false,0,0,0,0,0,2203,167,167,0,0,0,0,0
retained-e8c21674a86f5d4737b23a59e2071da7754f4ff2,bounded-wait-none-r02,2026-09-11T13:42:32.573708712Z,111000.205,none,false,0,0,0,0,0,2223,169,169,0,0,0,0,0
retained-e8c21674a86f5d4737b23a59e2071da7754f4ff2,bounded-wait-none-r02,2026-09-11T13:42:33.574694243Z,112001.190,none,false,0,0,0,0,0,2243,170,170,0,0,0,0,0
retained-e8c21674a86f5d4737b23a59e2071da7754f4ff2,bounded-wait-none-r02,2026-09-11T13:42:34.57377052Z,113000.267,none,false,0,0,0,0,0,2263,172,172,0,0,0,0,0
retained-e8c21674a86f5d4737b23a59e2071da7754f4ff2,bounded-wait-none-r02,2026-09-11T13:42:35.574303647Z,114000.800,none,false,0,0,0,0,0,2283,173,173,0,0,0,0,0
retained-e8c21674a86f5d4737b23a59e2071da7754f4ff2,bounded-wait-none-r02,2026-09-11T13:42:36.574487172Z,115000.983,none,false,0,0,0,0,0,2303,175,175,0,0,0,0,0
retained-e8c21674a86f5d4737b23a59e2071da7754f4ff2,bounded-wait-none-r02,2026-09-11T13:42:37.574306836Z,116000.803,none,false,0,0,0,0,0,2323,176,176,0,0,0,0,0
retained-e8c21674a86f5d4737b23a59e2071da7754f4ff2,bounded-wait-none-r02,2026-09-11T13:42:38.573885923Z,117000.382,none,false,0,0,0,0,0,2343,178,178,0,0,0,0,0
retained-e8c21674a86f5d4737b23a59e2071da7754f4ff2,bounded-wait-none-r02,2026-09-11T13:42:39.574581908Z,118001.078,none,false,0,0,0,0,0,2363,179,179,0,0,0,0,0
retained-e8c21674a86f5d4737b23a59e2071da7754f4ff2,bounded-wait-none-r02,2026-09-11T13:42:40.574470712Z,119000.967,none,false,0,0,0,0,0,2383,181,181,0,0,0,0,0
retained-e8c21674a86f5d4737b23a59e2071da7754f4ff2,bounded-wait-none-r02,2026-09-11T13:42:41.574395598Z,120000.892,none,false,0,0,0,0,0,2403,182,182,0,0,0,0,0
retained-e8c21674a86f5d4737b23a59e2071da7754f4ff2,bounded-wait-none-r02,2026-09-11T13:42:45.909972167Z,121000.444,none,false,0,0,0,0,0,2423,184,184,0,0,0,0,0
retained-e8c21674a86f5d4737b23a59e2071da7754f4ff2,bounded-wait-none-r02,2026-09-11T13:42:46.910073187Z,122000.545,none,false,0,0,0,0,0,2443,185,185,0,0,0,0,0
retained-e8c21674a86f5d4737b23a59e2071da7754f4ff2,bounded-wait-none-r02,2026-09-11T13:42:47.909849024Z,123000.321,none,false,0,0,0,0,0,2463,187,187,0,0,0,0,0
retained-e8c21674a86f5d4737b23a59e2071da7754f4ff2,bounded-wait-none-r02,2026-09-11T13:42:48.91047547Z,124000.947,none,false,0,0,0,0,0,2483,188,188,0,0,0,0,0
retained-e8c21674a86f5d4737b23a59e2071da7754f4ff2,bounded-wait-none-r02,2026-09-11T13:42:49.910103875Z,125000.576,none,false,0,0,0,0,0,2503,190,190,0,0,0,0,0
retained-e8c21674a86f5d4737b23a59e2071da7754f4ff2,bounded-wait-none-r02,2026-09-11T13:42:50.9099906Z,126000.462,none,false,0,0,0,0,0,2523,191,191,0,0,0,0,0
retained-e8c21674a86f5d4737b23a59e2071da7754f4ff2,bounded-wait-none-r02,2026-09-11T13:42:51.910369584Z,127000.841,none,false,0,0,0,0,0,2543,193,193,0,0,0,0,0
retained-e8c21674a86f5d4737b23a59e2071da7754f4ff2,bounded-wait-none-r02,2026-09-11T13:42:52.910040033Z,128000.512,none,false,0,0,0,0,0,2563,194,194,0,0,0,0,0
retained-e8c21674a86f5d4737b23a59e2071da7754f4ff2,bounded-wait-none-r02,2026-09-11T13:42:53.910326081Z,129000.798,none,false,0,0,0,0,0,2583,196,196,0,0,0,0,0
retained-e8c21674a86f5d4737b23a59e2071da7754f4ff2,bounded-wait-none-r02,2026-09-11T13:42:54.909991042Z,130000.463,none,false,0,0,0,0,0,2603,197,197,0,0,0,0,0
retained-e8c21674a86f5d4737b23a59e2071da7754f4ff2,bounded-wait-none-r02,2026-09-11T13:42:55.910690515Z,131001.162,none,false,0,0,0,0,0,2623,199,199,0,0,0,0,0
retained-e8c21674a86f5d4737b23a59e2071da7754f4ff2,bounded-wait-none-r02,2026-09-11T13:42:56.910454244Z,132000.926,none,false,0,0,0,0,0,2643,200,200,0,0,0,0,0
retained-e8c21674a86f5d4737b23a59e2071da7754f4ff2,bounded-wait-none-r02,2026-09-11T13:42:57.909709388Z,133000.181,none,false,0,0,0,0,0,2663,202,202,0,0,0,0,0
retained-e8c21674a86f5d4737b23a59e2071da7754f4ff2,bounded-wait-none-r02,2026-09-11T13:42:58.910661809Z,134001.134,none,false,0,0,0,0,0,2683,203,203,0,0,0,0,0
retained-e8c21674a86f5d4737b23a59e2071da7754f4ff2,bounded-wait-none-r02,2026-09-11T13:42:59.910225408Z,135000.697,none,false,0,0,0,0,0,2703,205,205,0,0,0,0,0
retained-e8c21674a86f5d4737b23a59e2071da7754f4ff2,bounded-wait-none-r02,2026-09-11T13:43:00.910575503Z,136001.047,none,false,0,0,0,0,0,2723,206,206,0,0,0,0,0
retained-e8c21674a86f5d4737b23a59e2071da7754f4ff2,bounded-wait-none-r02,2026-09-11T13:43:01.910232918Z,137000.705,none,false,0,0,0,0,0,2743,208,208,0,0,0,0,0
retained-e8c21674a86f5d4737b23a59e2071da7754f4ff2,bounded-wait-none-r02,2026-09-11T13:43:02.910144138Z,138000.616,none,false,0,0,0,0,0,2763,209,209,0,0,0,0,0
retained-e8c21674a86f5d4737b23a59e2071da7754f4ff2,bounded-wait-none-r02,2026-09-11T13:43:03.910202816Z,139000.675,none,false,0,0,0,0,0,2783,211,211,0,0,0,0,0
retained-e8c21674a86f5d4737b23a59e2071da7754f4ff2,bounded-wait-none-r02,2026-09-11T13:43:04.910535574Z,140001.007,none,false,0,0,0,0,0,2803,212,212,0,0,0,0,0
retained-e8c21674a86f5d4737b23a59e2071da7754f4ff2,bounded-wait-none-r02,2026-09-11T13:43:05.910117562Z,141000.589,none,false,0,0,0,0,0,2823,214,214,0,0,0,0,0
retained-e8c21674a86f5d4737b23a59e2071da7754f4ff2,bounded-wait-none-r02,2026-09-11T13:43:06.90994546Z,142000.417,none,false,0,0,0,0,0,2843,215,215,0,0,0,0,0
retained-e8c21674a86f5d4737b23a59e2071da7754f4ff2,bounded-wait-none-r02,2026-09-11T13:43:07.910352666Z,143000.824,none,false,0,0,0,0,0,2863,217,217,0,0,0,0,0
retained-e8c21674a86f5d4737b23a59e2071da7754f4ff2,bounded-wait-none-r02,2026-09-11T13:43:08.910175397Z,144000.647,none,false,0,0,0,0,0,2883,218,218,0,0,0,0,0
retained-e8c21674a86f5d4737b23a59e2071da7754f4ff2,bounded-wait-none-r02,2026-09-11T13:43:09.910096064Z,145000.568,none,false,0,0,0,0,0,2903,220,220,0,0,0,0,0
retained-e8c21674a86f5d4737b23a59e2071da7754f4ff2,bounded-wait-none-r02,2026-09-11T13:43:10.909752181Z,146000.224,none,false,0,0,0,0,0,2923,221,221,0,0,0,0,0
retained-e8c21674a86f5d4737b23a59e2071da7754f4ff2,bounded-wait-none-r02,2026-09-11T13:43:11.91033429Z,147000.806,none,false,0,0,0,0,0,2943,223,223,0,0,0,0,0
retained-e8c21674a86f5d4737b23a59e2071da7754f4ff2,bounded-wait-none-r02,2026-09-11T13:43:12.910264168Z,148000.736,none,false,0,0,0,0,0,2963,224,224,0,0,0,0,0
retained-e8c21674a86f5d4737b23a59e2071da7754f4ff2,bounded-wait-none-r02,2026-09-11T13:43:13.909603618Z,149000.075,none,false,0,0,0,0,0,2983,226,226,0,0,0,0,0
retained-e8c21674a86f5d4737b23a59e2071da7754f4ff2,bounded-wait-none-r02,2026-09-11T13:43:14.910386764Z,150000.858,none,false,0,0,0,0,0,3003,227,227,0,0,0,0,0
retained-e8c21674a86f5d4737b23a59e2071da7754f4ff2,bounded-wait-none-r02,2026-09-11T13:43:14.910391605Z,150000.863,none,false,0,0,0,0,0,3003,227,227,0,0,0,0,0
retained-e8c21674a86f5d4737b23a59e2071da7754f4ff2,baseline-slow-transform-r02,2026-09-11T13:43:19.555026046Z,0.017,none,false,0,0,0,0,0,4,4,4,0,0,0,0,0
retained-e8c21674a86f5d4737b23a59e2071da7754f4ff2,baseline-slow-transform-r02,2026-09-11T13:43:20.556041064Z,1001.032,none,false,0,0,0,0,0,23,4,4,0,0,0,0,0
retained-e8c21674a86f5d4737b23a59e2071da7754f4ff2,baseline-slow-transform-r02,2026-09-11T13:43:21.555826487Z,2000.817,none,false,0,0,0,0,0,43,5,5,0,0,0,0,0
retained-e8c21674a86f5d4737b23a59e2071da7754f4ff2,baseline-slow-transform-r02,2026-09-11T13:43:22.555334939Z,3000.326,none,false,0,0,0,0,0,63,7,7,0,0,0,0,0
retained-e8c21674a86f5d4737b23a59e2071da7754f4ff2,baseline-slow-transform-r02,2026-09-11T13:43:23.556181863Z,4001.173,none,false,0,0,0,0,0,83,8,8,0,0,0,0,0
retained-e8c21674a86f5d4737b23a59e2071da7754f4ff2,baseline-slow-transform-r02,2026-09-11T13:43:24.555406919Z,5000.398,none,false,0,0,0,0,0,103,10,10,0,0,0,0,0
retained-e8c21674a86f5d4737b23a59e2071da7754f4ff2,baseline-slow-transform-r02,2026-09-11T13:43:25.555674346Z,6000.665,none,false,0,0,0,0,0,123,11,11,0,0,0,0,0
retained-e8c21674a86f5d4737b23a59e2071da7754f4ff2,baseline-slow-transform-r02,2026-09-11T13:43:26.555802281Z,7000.793,none,false,0,0,0,0,0,143,13,13,0,0,0,0,0
retained-e8c21674a86f5d4737b23a59e2071da7754f4ff2,baseline-slow-transform-r02,2026-09-11T13:43:27.555360853Z,8000.352,none,false,0,0,0,0,0,163,14,14,0,0,0,0,0
retained-e8c21674a86f5d4737b23a59e2071da7754f4ff2,baseline-slow-transform-r02,2026-09-11T13:43:28.556189939Z,9001.181,none,false,0,0,0,0,0,183,16,16,0,0,0,0,0
retained-e8c21674a86f5d4737b23a59e2071da7754f4ff2,baseline-slow-transform-r02,2026-09-11T13:43:29.555543391Z,10000.534,none,false,0,0,0,0,0,203,17,17,0,0,0,0,0
retained-e8c21674a86f5d4737b23a59e2071da7754f4ff2,baseline-slow-transform-r02,2026-09-11T13:43:30.555582383Z,11000.573,none,false,0,0,0,0,0,223,19,19,0,0,0,0,0
retained-e8c21674a86f5d4737b23a59e2071da7754f4ff2,baseline-slow-transform-r02,2026-09-11T13:43:31.555394331Z,12000.385,none,false,0,0,0,0,0,243,20,20,0,0,0,0,0
retained-e8c21674a86f5d4737b23a59e2071da7754f4ff2,baseline-slow-transform-r02,2026-09-11T13:43:32.555464635Z,13000.456,none,false,0,0,0,0,0,263,22,22,0,0,0,0,0
retained-e8c21674a86f5d4737b23a59e2071da7754f4ff2,baseline-slow-transform-r02,2026-09-11T13:43:33.556082236Z,14001.073,none,false,0,0,0,0,0,283,23,23,0,0,0,0,0
retained-e8c21674a86f5d4737b23a59e2071da7754f4ff2,baseline-slow-transform-r02,2026-09-11T13:43:34.555964589Z,15000.956,none,false,0,0,0,0,0,303,25,25,0,0,0,0,0
retained-e8c21674a86f5d4737b23a59e2071da7754f4ff2,baseline-slow-transform-r02,2026-09-11T13:43:35.555461272Z,16000.452,none,false,0,0,0,0,0,323,26,26,0,0,0,0,0
retained-e8c21674a86f5d4737b23a59e2071da7754f4ff2,baseline-slow-transform-r02,2026-09-11T13:43:36.555722656Z,17000.714,none,false,0,0,0,0,0,343,28,28,0,0,0,0,0
retained-e8c21674a86f5d4737b23a59e2071da7754f4ff2,baseline-slow-transform-r02,2026-09-11T13:43:37.555712633Z,18000.704,none,false,0,0,0,0,0,363,29,29,0,0,0,0,0
retained-e8c21674a86f5d4737b23a59e2071da7754f4ff2,baseline-slow-transform-r02,2026-09-11T13:43:38.556137569Z,19001.129,none,false,0,0,0,0,0,383,31,31,0,0,0,0,0
retained-e8c21674a86f5d4737b23a59e2071da7754f4ff2,baseline-slow-transform-r02,2026-09-11T13:43:39.55569169Z,20000.683,none,false,0,0,0,0,0,403,32,32,0,0,0,0,0
retained-e8c21674a86f5d4737b23a59e2071da7754f4ff2,baseline-slow-transform-r02,2026-09-11T13:43:40.555922619Z,21000.914,none,false,0,0,0,0,0,423,34,34,0,0,0,0,0
retained-e8c21674a86f5d4737b23a59e2071da7754f4ff2,baseline-slow-transform-r02,2026-09-11T13:43:41.55575582Z,22000.747,none,false,0,0,0,0,0,443,35,35,0,0,0,0,0
retained-e8c21674a86f5d4737b23a59e2071da7754f4ff2,baseline-slow-transform-r02,2026-09-11T13:43:42.555879454Z,23000.870,none,false,0,0,0,0,0,463,37,37,0,0,0,0,0
retained-e8c21674a86f5d4737b23a59e2071da7754f4ff2,baseline-slow-transform-r02,2026-09-11T13:43:43.555292093Z,24000.283,none,false,0,0,0,0,0,483,38,38,0,0,0,0,0
retained-e8c21674a86f5d4737b23a59e2071da7754f4ff2,baseline-slow-transform-r02,2026-09-11T13:43:44.555312814Z,25000.304,none,false,0,0,0,0,0,503,40,40,0,0,0,0,0
retained-e8c21674a86f5d4737b23a59e2071da7754f4ff2,baseline-slow-transform-r02,2026-09-11T13:43:45.555232839Z,26000.224,none,false,0,0,0,0,0,523,41,41,0,0,0,0,0
retained-e8c21674a86f5d4737b23a59e2071da7754f4ff2,baseline-slow-transform-r02,2026-09-11T13:43:46.555483856Z,27000.475,none,false,0,0,0,0,0,543,43,43,0,0,0,0,0
retained-e8c21674a86f5d4737b23a59e2071da7754f4ff2,baseline-slow-transform-r02,2026-09-11T13:43:47.55595821Z,28000.949,none,false,0,0,0,0,0,563,44,44,0,0,0,0,0
retained-e8c21674a86f5d4737b23a59e2071da7754f4ff2,baseline-slow-transform-r02,2026-09-11T13:43:48.942572446Z,29000.457,none,false,0,0,1,0,0,583,47,46,0,0,0,0,0
retained-e8c21674a86f5d4737b23a59e2071da7754f4ff2,baseline-slow-transform-r02,2026-09-11T13:43:52.905186682Z,30001.104,slow-transform,false,0,0,0,0,0,603,47,47,0,0,0,0,0
retained-e8c21674a86f5d4737b23a59e2071da7754f4ff2,baseline-slow-transform-r02,2026-09-11T13:43:53.904174505Z,31000.092,slow-transform,false,1,0,1,0,4075024,623,49,48,0,0,0,0,1
retained-e8c21674a86f5d4737b23a59e2071da7754f4ff2,baseline-slow-transform-r02,2026-09-11T13:43:54.905096715Z,32001.014,slow-transform,false,2,0,2,0,8150048,643,50,48,0,0,0,0,2
retained-e8c21674a86f5d4737b23a59e2071da7754f4ff2,baseline-slow-transform-r02,2026-09-11T13:43:55.904151238Z,33000.069,slow-transform,false,3,0,3,0,12225072,663,52,49,0,0,0,0,3
retained-e8c21674a86f5d4737b23a59e2071da7754f4ff2,baseline-slow-transform-r02,2026-09-11T13:43:56.904297056Z,34000.214,slow-transform,false,4,0,4,0,16300096,683,53,49,0,0,0,0,4
retained-e8c21674a86f5d4737b23a59e2071da7754f4ff2,baseline-slow-transform-r02,2026-09-11T13:43:57.904684935Z,35000.602,slow-transform,false,4,2,6,0,24450144,703,55,49,0,0,0,0,4
retained-e8c21674a86f5d4737b23a59e2071da7754f4ff2,baseline-slow-transform-r02,2026-09-11T13:43:58.90477734Z,36000.695,slow-transform,false,4,3,7,0,28525168,723,56,49,0,0,0,0,4
retained-e8c21674a86f5d4737b23a59e2071da7754f4ff2,baseline-slow-transform-r02,2026-09-11T13:43:59.905054485Z,37000.972,slow-transform,false,4,5,10,0,36675216,743,59,49,0,0,0,0,4
retained-e8c21674a86f5d4737b23a59e2071da7754f4ff2,baseline-slow-transform-r02,2026-09-11T13:44:00.904714012Z,38000.631,slow-transform,false,4,6,10,0,40750240,763,59,49,0,0,0,0,4
retained-e8c21674a86f5d4737b23a59e2071da7754f4ff2,baseline-slow-transform-r02,2026-09-11T13:44:01.904983099Z,39000.900,slow-transform,false,4,8,12,0,48900288,783,61,49,0,0,0,0,4
retained-e8c21674a86f5d4737b23a59e2071da7754f4ff2,baseline-slow-transform-r02,2026-09-11T13:44:02.904748966Z,40000.666,slow-transform,false,4,9,13,0,52975312,803,62,49,0,0,0,0,4
retained-e8c21674a86f5d4737b23a59e2071da7754f4ff2,baseline-slow-transform-r02,2026-09-11T13:44:03.904829712Z,41000.747,slow-transform,false,4,11,15,0,61125360,823,64,49,0,0,0,0,4
retained-e8c21674a86f5d4737b23a59e2071da7754f4ff2,baseline-slow-transform-r02,2026-09-11T13:44:04.904780837Z,42000.698,slow-transform,false,4,12,16,0,65200384,843,65,49,0,0,0,0,4
retained-e8c21674a86f5d4737b23a59e2071da7754f4ff2,baseline-slow-transform-r02,2026-09-11T13:44:05.904766824Z,43000.684,slow-transform,false,4,14,18,0,73350432,863,67,49,0,0,0,0,4
retained-e8c21674a86f5d4737b23a59e2071da7754f4ff2,baseline-slow-transform-r02,2026-09-11T13:44:06.904699502Z,44000.617,slow-transform,false,4,15,19,0,77425456,883,68,49,0,0,0,0,4
retained-e8c21674a86f5d4737b23a59e2071da7754f4ff2,baseline-slow-transform-r02,2026-09-11T13:44:07.905100516Z,45001.018,slow-transform,false,4,17,21,0,85575504,903,70,49,0,0,0,0,4
retained-e8c21674a86f5d4737b23a59e2071da7754f4ff2,baseline-slow-transform-r02,2026-09-11T13:44:08.904438876Z,46000.356,slow-transform,false,4,16,20,0,81500480,923,71,51,0,0,0,0,5
retained-e8c21674a86f5d4737b23a59e2071da7754f4ff2,baseline-slow-transform-r02,2026-09-11T13:44:09.90451768Z,47000.435,slow-transform,false,4,17,21,0,85575504,943,73,52,0,0,0,0,6
retained-e8c21674a86f5d4737b23a59e2071da7754f4ff2,baseline-slow-transform-r02,2026-09-11T13:44:10.904655612Z,48000.573,slow-transform,false,4,17,21,0,85575504,963,74,53,0,0,0,0,7
retained-e8c21674a86f5d4737b23a59e2071da7754f4ff2,baseline-slow-transform-r02,2026-09-11T13:44:11.90443884Z,49000.356,slow-transform,false,4,17,21,0,85575504,983,76,55,0,0,0,0,8
retained-e8c21674a86f5d4737b23a59e2071da7754f4ff2,baseline-slow-transform-r02,2026-09-11T13:44:12.905155892Z,50001.073,slow-transform,false,4,18,22,0,89650528,1003,77,55,0,0,0,0,8
retained-e8c21674a86f5d4737b23a59e2071da7754f4ff2,baseline-slow-transform-r02,2026-09-11T13:44:13.904419257Z,51000.337,slow-transform,false,4,20,24,0,97800576,1023,79,55,0,0,0,0,8
retained-e8c21674a86f5d4737b23a59e2071da7754f4ff2,baseline-slow-transform-r02,2026-09-11T13:44:14.904509343Z,52000.427,slow-transform,false,4,21,25,0,101875600,1043,80,55,0,0,0,0,8
retained-e8c21674a86f5d4737b23a59e2071da7754f4ff2,baseline-slow-transform-r02,2026-09-11T13:44:15.904159747Z,53000.077,slow-transform,false,4,23,27,0,110025648,1063,82,55,0,0,0,0,8
retained-e8c21674a86f5d4737b23a59e2071da7754f4ff2,baseline-slow-transform-r02,2026-09-11T13:44:16.90426106Z,54000.178,slow-transform,false,4,24,28,0,114100672,1083,83,55,0,0,0,0,8
retained-e8c21674a86f5d4737b23a59e2071da7754f4ff2,baseline-slow-transform-r02,2026-09-11T13:44:17.904883389Z,55000.801,slow-transform,false,4,25,29,0,118175696,1103,85,55,0,1,0,0,9
retained-e8c21674a86f5d4737b23a59e2071da7754f4ff2,baseline-slow-transform-r02,2026-09-11T13:44:18.904914685Z,56000.832,slow-transform,false,4,24,28,0,114100672,1123,86,56,0,2,0,0,10
retained-e8c21674a86f5d4737b23a59e2071da7754f4ff2,baseline-slow-transform-r02,2026-09-11T13:44:19.905171634Z,57001.089,slow-transform,false,3,24,27,0,110025648,1143,88,57,0,4,0,0,11
retained-e8c21674a86f5d4737b23a59e2071da7754f4ff2,baseline-slow-transform-r02,2026-09-11T13:44:20.90522882Z,58001.146,slow-transform,false,3,24,27,0,110025648,1163,89,57,0,5,0,0,12
retained-e8c21674a86f5d4737b23a59e2071da7754f4ff2,baseline-slow-transform-r02,2026-09-11T13:44:22.276864993Z,59001.079,slow-transform,false,3,25,28,0,114100672,1183,91,57,0,6,0,0,13
retained-e8c21674a86f5d4737b23a59e2071da7754f4ff2,baseline-slow-transform-r02,2026-09-11T13:44:26.230284606Z,60000.558,slow-transform,false,4,24,28,0,114100672,1203,92,58,0,6,0,0,14
retained-e8c21674a86f5d4737b23a59e2071da7754f4ff2,baseline-slow-transform-r02,2026-09-11T13:44:27.230093487Z,61000.366,slow-transform,false,4,24,28,0,114100672,1223,94,59,0,7,0,0,15
retained-e8c21674a86f5d4737b23a59e2071da7754f4ff2,baseline-slow-transform-r02,2026-09-11T13:44:28.230679444Z,62000.952,slow-transform,false,4,24,28,0,114100672,1243,95,59,0,8,0,0,16
retained-e8c21674a86f5d4737b23a59e2071da7754f4ff2,baseline-slow-transform-r02,2026-09-11T13:44:29.230612683Z,63000.886,slow-transform,false,3,25,28,0,114100672,1263,97,59,0,10,0,0,17
retained-e8c21674a86f5d4737b23a59e2071da7754f4ff2,baseline-slow-transform-r02,2026-09-11T13:44:30.23026611Z,64000.539,slow-transform,false,4,24,28,0,114100672,1283,98,60,0,10,0,0,18
retained-e8c21674a86f5d4737b23a59e2071da7754f4ff2,baseline-slow-transform-r02,2026-09-11T13:44:31.230561949Z,65000.835,slow-transform,false,4,24,28,0,114100672,1303,100,61,0,11,0,0,19
retained-e8c21674a86f5d4737b23a59e2071da7754f4ff2,baseline-slow-transform-r02,2026-09-11T13:44:32.23040915Z,66000.682,slow-transform,false,3,24,27,0,110025648,1323,101,61,0,13,0,0,20
retained-e8c21674a86f5d4737b23a59e2071da7754f4ff2,baseline-slow-transform-r02,2026-09-11T13:44:33.230707549Z,67000.981,slow-transform,false,3,25,28,0,114100672,1343,103,61,0,14,0,0,21
retained-e8c21674a86f5d4737b23a59e2071da7754f4ff2,baseline-slow-transform-r02,2026-09-11T13:44:34.230311218Z,68000.584,slow-transform,false,4,24,28,0,114100672,1363,104,62,0,14,0,0,22
retained-e8c21674a86f5d4737b23a59e2071da7754f4ff2,baseline-slow-transform-r02,2026-09-11T13:44:35.230512776Z,69000.786,slow-transform,false,3,24,27,0,110025648,1383,106,63,0,16,0,0,23
retained-e8c21674a86f5d4737b23a59e2071da7754f4ff2,baseline-slow-transform-r02,2026-09-11T13:44:36.23028623Z,70000.559,slow-transform,false,4,24,28,0,114100672,1403,107,63,0,16,0,0,24
retained-e8c21674a86f5d4737b23a59e2071da7754f4ff2,baseline-slow-transform-r02,2026-09-11T13:44:37.230380304Z,71000.653,slow-transform,false,4,25,29,0,118175696,1423,110,63,0,17,0,0,25
retained-e8c21674a86f5d4737b23a59e2071da7754f4ff2,baseline-slow-transform-r02,2026-09-11T13:44:38.230400922Z,72000.674,slow-transform,false,4,24,28,0,114100672,1443,110,64,0,18,0,0,26
retained-e8c21674a86f5d4737b23a59e2071da7754f4ff2,baseline-slow-transform-r02,2026-09-11T13:44:39.230091681Z,73000.365,slow-transform,false,4,25,29,0,118175696,1463,112,64,0,19,0,0,27
retained-e8c21674a86f5d4737b23a59e2071da7754f4ff2,baseline-slow-transform-r02,2026-09-11T13:44:40.230918552Z,74001.192,slow-transform,false,3,24,27,0,110025648,1483,113,65,0,21,0,0,28
retained-e8c21674a86f5d4737b23a59e2071da7754f4ff2,baseline-slow-transform-r02,2026-09-11T13:44:41.230284415Z,75000.557,slow-transform,false,4,24,29,0,114100672,1503,116,66,0,21,0,0,29
retained-e8c21674a86f5d4737b23a59e2071da7754f4ff2,baseline-slow-transform-r02,2026-09-11T13:44:42.23015201Z,76000.425,slow-transform,false,4,24,28,0,114100672,1523,116,66,0,22,0,0,30
retained-e8c21674a86f5d4737b23a59e2071da7754f4ff2,baseline-slow-transform-r02,2026-09-11T13:44:43.230104414Z,77000.377,slow-transform,false,4,24,29,0,114100672,1543,119,67,0,23,0,0,31
retained-e8c21674a86f5d4737b23a59e2071da7754f4ff2,baseline-slow-transform-r02,2026-09-11T13:44:44.230846541Z,78001.120,slow-transform,false,4,24,28,0,114100672,1563,119,67,0,24,0,0,32
retained-e8c21674a86f5d4737b23a59e2071da7754f4ff2,baseline-slow-transform-r02,2026-09-11T13:44:45.229815445Z,79000.088,slow-transform,false,4,24,28,0,114100672,1583,121,68,0,25,0,0,33
retained-e8c21674a86f5d4737b23a59e2071da7754f4ff2,baseline-slow-transform-r02,2026-09-11T13:44:46.230063711Z,80000.337,slow-transform,false,4,24,28,0,114100672,1603,122,68,0,26,0,0,34
retained-e8c21674a86f5d4737b23a59e2071da7754f4ff2,baseline-slow-transform-r02,2026-09-11T13:44:47.230743859Z,81001.017,slow-transform,false,3,24,27,0,110025648,1623,124,69,0,28,0,0,35
retained-e8c21674a86f5d4737b23a59e2071da7754f4ff2,baseline-slow-transform-r02,2026-09-11T13:44:48.230718198Z,82000.991,slow-transform,false,4,24,28,0,114100672,1643,125,69,0,28,0,0,36
retained-e8c21674a86f5d4737b23a59e2071da7754f4ff2,baseline-slow-transform-r02,2026-09-11T13:44:49.230723653Z,83000.997,slow-transform,false,4,24,29,0,114100672,1663,128,70,0,29,0,0,37
retained-e8c21674a86f5d4737b23a59e2071da7754f4ff2,baseline-slow-transform-r02,2026-09-11T13:44:50.230812483Z,84001.085,slow-transform,false,3,24,27,0,110025648,1683,128,70,0,31,0,0,38
retained-e8c21674a86f5d4737b23a59e2071da7754f4ff2,baseline-slow-transform-r02,2026-09-11T13:44:51.230648398Z,85000.921,slow-transform,false,4,24,29,0,114100672,1703,131,71,0,32,0,0,39
retained-e8c21674a86f5d4737b23a59e2071da7754f4ff2,baseline-slow-transform-r02,2026-09-11T13:44:52.230800862Z,86001.074,slow-transform,false,3,24,27,0,110025648,1723,131,71,0,33,0,0,40
retained-e8c21674a86f5d4737b23a59e2071da7754f4ff2,baseline-slow-transform-r02,2026-09-11T13:44:53.230390523Z,87000.664,slow-transform,false,4,25,29,0,118175696,1743,133,71,0,33,0,0,41
retained-e8c21674a86f5d4737b23a59e2071da7754f4ff2,baseline-slow-transform-r02,2026-09-11T13:44:54.230075696Z,88000.349,slow-transform,false,4,24,28,0,114100672,1763,134,72,0,34,0,0,42
retained-e8c21674a86f5d4737b23a59e2071da7754f4ff2,baseline-slow-transform-r02,2026-09-11T13:44:55.610363543Z,89001.088,slow-transform,false,3,24,28,0,110025648,1783,137,73,0,36,0,0,43
retained-e8c21674a86f5d4737b23a59e2071da7754f4ff2,baseline-slow-transform-r02,2026-09-11T13:44:59.566076808Z,90000.417,none,false,4,24,28,0,114100672,1803,137,73,0,36,0,0,44
retained-e8c21674a86f5d4737b23a59e2071da7754f4ff2,baseline-slow-transform-r02,2026-09-11T13:45:00.566323893Z,91000.664,none,false,4,22,27,0,105950624,1823,140,76,0,37,0,0,44
retained-e8c21674a86f5d4737b23a59e2071da7754f4ff2,baseline-slow-transform-r02,2026-09-11T13:45:01.568011389Z,92002.351,none,false,4,20,25,0,97800576,1844,142,78,0,39,0,0,44
retained-e8c21674a86f5d4737b23a59e2071da7754f4ff2,baseline-slow-transform-r02,2026-09-11T13:45:02.567055319Z,93001.395,none,false,4,16,20,0,81500480,1863,142,82,0,40,0,0,44
retained-e8c21674a86f5d4737b23a59e2071da7754f4ff2,baseline-slow-transform-r02,2026-09-11T13:45:03.566661285Z,94001.001,none,false,4,16,20,0,81500480,1883,143,83,0,40,0,0,44
retained-e8c21674a86f5d4737b23a59e2071da7754f4ff2,baseline-slow-transform-r02,2026-09-11T13:45:04.566176945Z,95000.517,none,false,4,14,18,0,73350432,1902,145,87,0,40,0,0,44
retained-e8c21674a86f5d4737b23a59e2071da7754f4ff2,baseline-slow-transform-r02,2026-09-11T13:45:05.566554263Z,96000.894,none,false,4,11,15,0,61125360,1922,146,91,0,40,0,0,44
retained-e8c21674a86f5d4737b23a59e2071da7754f4ff2,baseline-slow-transform-r02,2026-09-11T13:45:06.566599614Z,97000.939,none,false,4,10,14,0,57050336,1942,148,94,0,40,0,0,44
retained-e8c21674a86f5d4737b23a59e2071da7754f4ff2,baseline-slow-transform-r02,2026-09-11T13:45:07.570176454Z,98004.516,none,false,4,8,12,0,48900288,1962,149,97,0,40,0,0,44
retained-e8c21674a86f5d4737b23a59e2071da7754f4ff2,baseline-slow-transform-r02,2026-09-11T13:45:08.648083539Z,99082.423,none,false,4,9,13,0,52975312,1983,152,99,0,40,0,0,44
retained-e8c21674a86f5d4737b23a59e2071da7754f4ff2,baseline-slow-transform-r02,2026-09-11T13:45:09.566649064Z,100000.989,none,false,4,5,9,0,36675216,1999,152,103,0,40,0,0,44
retained-e8c21674a86f5d4737b23a59e2071da7754f4ff2,baseline-slow-transform-r02,2026-09-11T13:45:10.566278364Z,101000.618,none,false,4,3,7,0,28525168,2019,154,107,0,40,0,0,44
retained-e8c21674a86f5d4737b23a59e2071da7754f4ff2,baseline-slow-transform-r02,2026-09-11T13:45:11.566595884Z,102000.936,none,false,4,1,5,0,20375120,2039,155,110,0,40,0,0,44
retained-e8c21674a86f5d4737b23a59e2071da7754f4ff2,baseline-slow-transform-r02,2026-09-11T13:45:12.566715906Z,103001.056,none,false,4,0,4,0,16300096,2058,157,113,0,40,0,0,44
retained-e8c21674a86f5d4737b23a59e2071da7754f4ff2,baseline-slow-transform-r02,2026-09-11T13:45:13.566764596Z,104001.104,none,false,3,0,4,0,12225072,2078,159,115,0,40,0,0,44
retained-e8c21674a86f5d4737b23a59e2071da7754f4ff2,baseline-slow-transform-r02,2026-09-11T13:45:14.566479557Z,105000.819,none,false,0,0,0,0,0,2098,160,120,0,40,0,0,44
retained-e8c21674a86f5d4737b23a59e2071da7754f4ff2,baseline-slow-transform-r02,2026-09-11T13:45:15.566245764Z,106000.586,none,false,0,0,0,0,0,2118,161,121,0,40,0,0,44
retained-e8c21674a86f5d4737b23a59e2071da7754f4ff2,baseline-slow-transform-r02,2026-09-11T13:45:16.566063784Z,107000.404,none,false,0,0,0,0,0,2138,163,123,0,40,0,0,44
retained-e8c21674a86f5d4737b23a59e2071da7754f4ff2,baseline-slow-transform-r02,2026-09-11T13:45:17.565978745Z,108000.318,none,false,0,0,0,0,0,2158,164,124,0,40,0,0,44
retained-e8c21674a86f5d4737b23a59e2071da7754f4ff2,baseline-slow-transform-r02,2026-09-11T13:45:18.566008824Z,109000.349,none,false,0,0,0,0,0,2178,166,126,0,40,0,0,44
retained-e8c21674a86f5d4737b23a59e2071da7754f4ff2,baseline-slow-transform-r02,2026-09-11T13:45:19.566283762Z,110000.624,none,false,0,0,0,0,0,2198,167,127,0,40,0,0,44
retained-e8c21674a86f5d4737b23a59e2071da7754f4ff2,baseline-slow-transform-r02,2026-09-11T13:45:20.566042281Z,111000.382,none,false,0,0,0,0,0,2218,169,129,0,40,0,0,44
retained-e8c21674a86f5d4737b23a59e2071da7754f4ff2,baseline-slow-transform-r02,2026-09-11T13:45:21.566252859Z,112000.593,none,false,0,0,0,0,0,2238,170,130,0,40,0,0,44
retained-e8c21674a86f5d4737b23a59e2071da7754f4ff2,baseline-slow-transform-r02,2026-09-11T13:45:22.566091044Z,113000.431,none,false,0,0,0,0,0,2258,172,132,0,40,0,0,44
retained-e8c21674a86f5d4737b23a59e2071da7754f4ff2,baseline-slow-transform-r02,2026-09-11T13:45:23.566321805Z,114000.662,none,false,0,0,0,0,0,2278,173,133,0,40,0,0,44
retained-e8c21674a86f5d4737b23a59e2071da7754f4ff2,baseline-slow-transform-r02,2026-09-11T13:45:24.566025258Z,115000.365,none,false,0,0,0,0,0,2298,175,135,0,40,0,0,44
retained-e8c21674a86f5d4737b23a59e2071da7754f4ff2,baseline-slow-transform-r02,2026-09-11T13:45:25.566272433Z,116000.612,none,false,0,0,0,0,0,2318,176,136,0,40,0,0,44
retained-e8c21674a86f5d4737b23a59e2071da7754f4ff2,baseline-slow-transform-r02,2026-09-11T13:45:26.565831704Z,117000.171,none,false,0,0,0,0,0,2338,178,138,0,40,0,0,44
retained-e8c21674a86f5d4737b23a59e2071da7754f4ff2,baseline-slow-transform-r02,2026-09-11T13:45:27.565821558Z,118000.161,none,false,0,0,0,0,0,2358,179,139,0,40,0,0,44
retained-e8c21674a86f5d4737b23a59e2071da7754f4ff2,baseline-slow-transform-r02,2026-09-11T13:45:28.943866883Z,119001.021,none,false,0,0,0,0,0,2378,181,141,0,40,0,0,44
retained-e8c21674a86f5d4737b23a59e2071da7754f4ff2,baseline-slow-transform-r02,2026-09-11T13:45:32.900372189Z,120000.767,none,false,0,0,0,0,0,2398,182,142,0,40,0,0,44
retained-e8c21674a86f5d4737b23a59e2071da7754f4ff2,baseline-slow-transform-r02,2026-09-11T13:45:33.899961689Z,121000.357,none,false,0,0,0,0,0,2418,184,144,0,40,0,0,44
retained-e8c21674a86f5d4737b23a59e2071da7754f4ff2,baseline-slow-transform-r02,2026-09-11T13:45:34.90038878Z,122000.784,none,false,0,0,0,0,0,2438,185,145,0,40,0,0,44
retained-e8c21674a86f5d4737b23a59e2071da7754f4ff2,baseline-slow-transform-r02,2026-09-11T13:45:35.900596878Z,123000.992,none,false,0,0,0,0,0,2458,187,147,0,40,0,0,44
retained-e8c21674a86f5d4737b23a59e2071da7754f4ff2,baseline-slow-transform-r02,2026-09-11T13:45:36.899709661Z,124000.105,none,false,0,0,0,0,0,2478,188,148,0,40,0,0,44
retained-e8c21674a86f5d4737b23a59e2071da7754f4ff2,baseline-slow-transform-r02,2026-09-11T13:45:37.900057252Z,125000.452,none,false,0,0,0,0,0,2498,190,150,0,40,0,0,44
retained-e8c21674a86f5d4737b23a59e2071da7754f4ff2,baseline-slow-transform-r02,2026-09-11T13:45:38.899852201Z,126000.247,none,false,0,0,0,0,0,2518,191,151,0,40,0,0,44
retained-e8c21674a86f5d4737b23a59e2071da7754f4ff2,baseline-slow-transform-r02,2026-09-11T13:45:39.900022196Z,127000.417,none,false,0,0,0,0,0,2538,193,153,0,40,0,0,44
retained-e8c21674a86f5d4737b23a59e2071da7754f4ff2,baseline-slow-transform-r02,2026-09-11T13:45:40.90028396Z,128000.679,none,false,0,0,0,0,0,2558,194,154,0,40,0,0,44
retained-e8c21674a86f5d4737b23a59e2071da7754f4ff2,baseline-slow-transform-r02,2026-09-11T13:45:41.900275908Z,129000.671,none,false,0,0,0,0,0,2578,196,156,0,40,0,0,44
retained-e8c21674a86f5d4737b23a59e2071da7754f4ff2,baseline-slow-transform-r02,2026-09-11T13:45:42.899806928Z,130000.202,none,false,0,0,0,0,0,2598,197,157,0,40,0,0,44
retained-e8c21674a86f5d4737b23a59e2071da7754f4ff2,baseline-slow-transform-r02,2026-09-11T13:45:43.89987328Z,131000.268,none,false,0,0,0,0,0,2618,199,159,0,40,0,0,44
retained-e8c21674a86f5d4737b23a59e2071da7754f4ff2,baseline-slow-transform-r02,2026-09-11T13:45:44.90069027Z,132001.085,none,false,0,0,0,0,0,2638,200,160,0,40,0,0,44
retained-e8c21674a86f5d4737b23a59e2071da7754f4ff2,baseline-slow-transform-r02,2026-09-11T13:45:45.900016937Z,133000.412,none,false,0,0,0,0,0,2658,202,162,0,40,0,0,44
retained-e8c21674a86f5d4737b23a59e2071da7754f4ff2,baseline-slow-transform-r02,2026-09-11T13:45:46.899671225Z,134000.066,none,false,0,0,0,0,0,2678,203,163,0,40,0,0,44
retained-e8c21674a86f5d4737b23a59e2071da7754f4ff2,baseline-slow-transform-r02,2026-09-11T13:45:47.900523695Z,135000.919,none,false,0,0,0,0,0,2698,205,165,0,40,0,0,44
retained-e8c21674a86f5d4737b23a59e2071da7754f4ff2,baseline-slow-transform-r02,2026-09-11T13:45:48.899991006Z,136000.386,none,false,0,0,0,0,0,2718,206,166,0,40,0,0,44
retained-e8c21674a86f5d4737b23a59e2071da7754f4ff2,baseline-slow-transform-r02,2026-09-11T13:45:49.899991571Z,137000.387,none,false,0,0,0,0,0,2738,208,168,0,40,0,0,44
retained-e8c21674a86f5d4737b23a59e2071da7754f4ff2,baseline-slow-transform-r02,2026-09-11T13:45:50.900208346Z,138000.603,none,false,0,0,0,0,0,2758,209,169,0,40,0,0,44
retained-e8c21674a86f5d4737b23a59e2071da7754f4ff2,baseline-slow-transform-r02,2026-09-11T13:45:51.899773576Z,139000.169,none,false,0,0,0,0,0,2778,211,171,0,40,0,0,44
retained-e8c21674a86f5d4737b23a59e2071da7754f4ff2,baseline-slow-transform-r02,2026-09-11T13:45:52.899890571Z,140000.286,none,false,0,0,0,0,0,2798,212,172,0,40,0,0,44
retained-e8c21674a86f5d4737b23a59e2071da7754f4ff2,baseline-slow-transform-r02,2026-09-11T13:45:53.900536632Z,141000.932,none,false,0,0,0,0,0,2818,214,174,0,40,0,0,44
retained-e8c21674a86f5d4737b23a59e2071da7754f4ff2,baseline-slow-transform-r02,2026-09-11T13:45:54.900131582Z,142000.527,none,false,0,0,0,0,0,2838,215,175,0,40,0,0,44
retained-e8c21674a86f5d4737b23a59e2071da7754f4ff2,baseline-slow-transform-r02,2026-09-11T13:45:55.900581681Z,143000.977,none,false,0,0,0,0,0,2858,217,177,0,40,0,0,44
retained-e8c21674a86f5d4737b23a59e2071da7754f4ff2,baseline-slow-transform-r02,2026-09-11T13:45:56.899981221Z,144000.376,none,false,0,0,0,0,0,2878,218,178,0,40,0,0,44
retained-e8c21674a86f5d4737b23a59e2071da7754f4ff2,baseline-slow-transform-r02,2026-09-11T13:45:57.900173332Z,145000.568,none,false,0,0,0,0,0,2898,220,180,0,40,0,0,44
retained-e8c21674a86f5d4737b23a59e2071da7754f4ff2,baseline-slow-transform-r02,2026-09-11T13:45:58.900573913Z,146000.969,none,false,0,0,0,0,0,2918,221,181,0,40,0,0,44
retained-e8c21674a86f5d4737b23a59e2071da7754f4ff2,baseline-slow-transform-r02,2026-09-11T13:45:59.900036373Z,147000.431,none,false,0,0,0,0,0,2938,223,183,0,40,0,0,44
retained-e8c21674a86f5d4737b23a59e2071da7754f4ff2,baseline-slow-transform-r02,2026-09-11T13:46:00.900359813Z,148000.755,none,false,0,0,0,0,0,2958,224,184,0,40,0,0,44
retained-e8c21674a86f5d4737b23a59e2071da7754f4ff2,baseline-slow-transform-r02,2026-09-11T13:46:02.276683489Z,149000.306,none,false,0,0,0,0,0,2978,226,186,0,40,0,0,44
retained-e8c21674a86f5d4737b23a59e2071da7754f4ff2,baseline-slow-transform-r02,2026-09-11T13:46:06.243623811Z,150000.315,none,false,0,0,0,0,0,2998,227,187,0,40,0,0,44
retained-e8c21674a86f5d4737b23a59e2071da7754f4ff2,baseline-slow-transform-r02,2026-09-11T13:46:06.243636959Z,150000.328,none,false,0,0,0,0,0,2998,227,187,0,40,0,0,44
retained-e8c21674a86f5d4737b23a59e2071da7754f4ff2,bounded-wait-slow-transform-r02,2026-09-11T13:46:07.482752478Z,0.034,none,false,0,0,0,0,0,4,4,4,0,0,0,0,0
retained-e8c21674a86f5d4737b23a59e2071da7754f4ff2,bounded-wait-slow-transform-r02,2026-09-11T13:46:08.483093007Z,1000.375,none,false,0,0,0,0,0,23,4,4,0,0,0,0,0
retained-e8c21674a86f5d4737b23a59e2071da7754f4ff2,bounded-wait-slow-transform-r02,2026-09-11T13:46:09.483690189Z,2000.972,none,false,0,0,0,0,0,43,5,5,0,0,0,0,0
retained-e8c21674a86f5d4737b23a59e2071da7754f4ff2,bounded-wait-slow-transform-r02,2026-09-11T13:46:10.482938809Z,3000.221,none,false,0,0,0,0,0,63,7,7,0,0,0,0,0
retained-e8c21674a86f5d4737b23a59e2071da7754f4ff2,bounded-wait-slow-transform-r02,2026-09-11T13:46:11.483674862Z,4000.957,none,false,0,0,0,0,0,83,8,8,0,0,0,0,0
retained-e8c21674a86f5d4737b23a59e2071da7754f4ff2,bounded-wait-slow-transform-r02,2026-09-11T13:46:12.483099839Z,5000.382,none,false,0,0,0,0,0,103,10,10,0,0,0,0,0
retained-e8c21674a86f5d4737b23a59e2071da7754f4ff2,bounded-wait-slow-transform-r02,2026-09-11T13:46:13.483824149Z,6001.106,none,false,0,0,0,0,0,123,11,11,0,0,0,0,0
retained-e8c21674a86f5d4737b23a59e2071da7754f4ff2,bounded-wait-slow-transform-r02,2026-09-11T13:46:14.483810581Z,7001.092,none,false,0,0,0,0,0,143,13,13,0,0,0,0,0
retained-e8c21674a86f5d4737b23a59e2071da7754f4ff2,bounded-wait-slow-transform-r02,2026-09-11T13:46:15.483145326Z,8000.427,none,false,0,0,0,0,0,163,14,14,0,0,0,0,0
retained-e8c21674a86f5d4737b23a59e2071da7754f4ff2,bounded-wait-slow-transform-r02,2026-09-11T13:46:16.483441558Z,9000.723,none,false,0,0,0,0,0,183,16,16,0,0,0,0,0
retained-e8c21674a86f5d4737b23a59e2071da7754f4ff2,bounded-wait-slow-transform-r02,2026-09-11T13:46:17.483081426Z,10000.363,none,false,0,0,0,0,0,203,17,17,0,0,0,0,0
retained-e8c21674a86f5d4737b23a59e2071da7754f4ff2,bounded-wait-slow-transform-r02,2026-09-11T13:46:18.483712217Z,11000.994,none,false,0,0,0,0,0,223,19,19,0,0,0,0,0
retained-e8c21674a86f5d4737b23a59e2071da7754f4ff2,bounded-wait-slow-transform-r02,2026-09-11T13:46:19.483104249Z,12000.386,none,false,0,0,0,0,0,243,20,20,0,0,0,0,0
retained-e8c21674a86f5d4737b23a59e2071da7754f4ff2,bounded-wait-slow-transform-r02,2026-09-11T13:46:20.483609411Z,13000.891,none,false,0,0,0,0,0,263,22,22,0,0,0,0,0
retained-e8c21674a86f5d4737b23a59e2071da7754f4ff2,bounded-wait-slow-transform-r02,2026-09-11T13:46:21.483601036Z,14000.883,none,false,0,0,0,0,0,283,23,23,0,0,0,0,0
retained-e8c21674a86f5d4737b23a59e2071da7754f4ff2,bounded-wait-slow-transform-r02,2026-09-11T13:46:22.483110731Z,15000.393,none,false,0,0,0,0,0,303,25,25,0,0,0,0,0
retained-e8c21674a86f5d4737b23a59e2071da7754f4ff2,bounded-wait-slow-transform-r02,2026-09-11T13:46:23.48339109Z,16000.673,none,false,0,0,0,0,0,323,26,26,0,0,0,0,0
retained-e8c21674a86f5d4737b23a59e2071da7754f4ff2,bounded-wait-slow-transform-r02,2026-09-11T13:46:24.483655368Z,17000.937,none,false,0,0,0,0,0,343,28,28,0,0,0,0,0
retained-e8c21674a86f5d4737b23a59e2071da7754f4ff2,bounded-wait-slow-transform-r02,2026-09-11T13:46:25.483735391Z,18001.017,none,false,0,0,0,0,0,363,29,29,0,0,0,0,0
retained-e8c21674a86f5d4737b23a59e2071da7754f4ff2,bounded-wait-slow-transform-r02,2026-09-11T13:46:26.48381265Z,19001.094,none,false,0,0,0,0,0,383,31,31,0,0,0,0,0
retained-e8c21674a86f5d4737b23a59e2071da7754f4ff2,bounded-wait-slow-transform-r02,2026-09-11T13:46:27.483750058Z,20001.032,none,false,0,0,0,0,0,403,32,32,0,0,0,0,0
retained-e8c21674a86f5d4737b23a59e2071da7754f4ff2,bounded-wait-slow-transform-r02,2026-09-11T13:46:28.483418919Z,21000.701,none,false,0,0,1,0,0,423,35,34,0,0,0,0,0
retained-e8c21674a86f5d4737b23a59e2071da7754f4ff2,bounded-wait-slow-transform-r02,2026-09-11T13:46:29.483169583Z,22000.451,none,false,0,0,0,0,0,443,35,35,0,0,0,0,0
retained-e8c21674a86f5d4737b23a59e2071da7754f4ff2,bounded-wait-slow-transform-r02,2026-09-11T13:46:30.483124133Z,23000.406,none,false,0,0,0,0,0,463,37,37,0,0,0,0,0
retained-e8c21674a86f5d4737b23a59e2071da7754f4ff2,bounded-wait-slow-transform-r02,2026-09-11T13:46:31.483606219Z,24000.888,none,false,0,0,0,0,0,483,38,38,0,0,0,0,0
retained-e8c21674a86f5d4737b23a59e2071da7754f4ff2,bounded-wait-slow-transform-r02,2026-09-11T13:46:32.482904739Z,25000.187,none,false,0,0,0,0,0,503,40,40,0,0,0,0,0
retained-e8c21674a86f5d4737b23a59e2071da7754f4ff2,bounded-wait-slow-transform-r02,2026-09-11T13:46:33.483258102Z,26000.540,none,false,0,0,0,0,0,523,41,41,0,0,0,0,0
retained-e8c21674a86f5d4737b23a59e2071da7754f4ff2,bounded-wait-slow-transform-r02,2026-09-11T13:46:34.482818425Z,27000.100,none,false,0,0,0,0,0,543,43,43,0,0,0,0,0
retained-e8c21674a86f5d4737b23a59e2071da7754f4ff2,bounded-wait-slow-transform-r02,2026-09-11T13:46:38.804874886Z,28000.366,none,false,0,0,0,0,0,563,44,44,0,0,0,0,0
retained-e8c21674a86f5d4737b23a59e2071da7754f4ff2,bounded-wait-slow-transform-r02,2026-09-11T13:46:39.805434222Z,29000.925,none,false,0,0,0,0,0,583,46,46,0,0,0,0,0
retained-e8c21674a86f5d4737b23a59e2071da7754f4ff2,bounded-wait-slow-transform-r02,2026-09-11T13:46:40.805322675Z,30000.814,slow-transform,false,0,0,0,0,0,603,47,47,0,0,0,0,0
retained-e8c21674a86f5d4737b23a59e2071da7754f4ff2,bounded-wait-slow-transform-r02,2026-09-11T13:46:41.804711137Z,31000.202,slow-transform,false,1,0,1,0,4075024,623,49,48,0,0,0,0,1
retained-e8c21674a86f5d4737b23a59e2071da7754f4ff2,bounded-wait-slow-transform-r02,2026-09-11T13:46:42.804942185Z,32000.433,slow-transform,false,2,0,2,0,8150048,643,50,48,0,0,0,0,2
retained-e8c21674a86f5d4737b23a59e2071da7754f4ff2,bounded-wait-slow-transform-r02,2026-09-11T13:46:43.80500882Z,33000.500,slow-transform,false,3,0,3,0,12225072,663,52,49,0,0,0,0,3
retained-e8c21674a86f5d4737b23a59e2071da7754f4ff2,bounded-wait-slow-transform-r02,2026-09-11T13:46:44.805392069Z,34000.883,slow-transform,false,4,0,4,0,16300096,683,53,49,0,0,0,0,4
retained-e8c21674a86f5d4737b23a59e2071da7754f4ff2,bounded-wait-slow-transform-r02,2026-09-11T13:46:45.805492424Z,35000.983,slow-transform,false,4,2,6,0,16300096,703,55,49,0,0,0,0,4
retained-e8c21674a86f5d4737b23a59e2071da7754f4ff2,bounded-wait-slow-transform-r02,2026-09-11T13:46:46.805086816Z,36000.578,slow-transform,false,4,3,7,0,16300096,723,56,49,0,0,0,0,4
retained-e8c21674a86f5d4737b23a59e2071da7754f4ff2,bounded-wait-slow-transform-r02,2026-09-11T13:46:47.80492573Z,37000.417,slow-transform,false,4,3,7,0,16300096,743,58,49,0,0,2,0,4
retained-e8c21674a86f5d4737b23a59e2071da7754f4ff2,bounded-wait-slow-transform-r02,2026-09-11T13:46:48.804865036Z,38000.356,slow-transform,false,4,3,7,0,16300096,763,59,49,0,0,3,0,4
retained-e8c21674a86f5d4737b23a59e2071da7754f4ff2,bounded-wait-slow-transform-r02,2026-09-11T13:46:49.804913916Z,39000.405,slow-transform,false,4,3,7,0,16300096,783,61,49,0,0,5,0,4
retained-e8c21674a86f5d4737b23a59e2071da7754f4ff2,bounded-wait-slow-transform-r02,2026-09-11T13:46:50.805457371Z,40000.948,slow-transform,false,4,2,6,0,16300096,803,62,49,0,0,7,0,4
retained-e8c21674a86f5d4737b23a59e2071da7754f4ff2,bounded-wait-slow-transform-r02,2026-09-11T13:46:51.805023865Z,41000.515,slow-transform,false,4,3,7,0,16300096,823,64,49,0,0,8,0,4
retained-e8c21674a86f5d4737b23a59e2071da7754f4ff2,bounded-wait-slow-transform-r02,2026-09-11T13:46:52.80490664Z,42000.398,slow-transform,false,4,3,7,0,16300096,843,65,49,0,0,9,0,4
retained-e8c21674a86f5d4737b23a59e2071da7754f4ff2,bounded-wait-slow-transform-r02,2026-09-11T13:46:53.805451486Z,43000.942,slow-transform,false,4,2,6,0,16300096,863,67,49,0,0,12,0,4
retained-e8c21674a86f5d4737b23a59e2071da7754f4ff2,bounded-wait-slow-transform-r02,2026-09-11T13:46:54.80533046Z,44000.821,slow-transform,false,4,2,6,0,16300096,883,68,49,0,0,13,0,4
retained-e8c21674a86f5d4737b23a59e2071da7754f4ff2,bounded-wait-slow-transform-r02,2026-09-11T13:46:55.805006401Z,45000.497,slow-transform,false,4,3,7,0,16300096,903,70,49,0,0,14,0,4
retained-e8c21674a86f5d4737b23a59e2071da7754f4ff2,bounded-wait-slow-transform-r02,2026-09-11T13:46:56.80558956Z,46001.080,slow-transform,false,4,1,5,0,16300096,923,71,51,0,0,15,0,5
retained-e8c21674a86f5d4737b23a59e2071da7754f4ff2,bounded-wait-slow-transform-r02,2026-09-11T13:46:57.805439138Z,47000.930,slow-transform,false,4,2,6,0,16300096,943,73,52,0,0,15,0,6
retained-e8c21674a86f5d4737b23a59e2071da7754f4ff2,bounded-wait-slow-transform-r02,2026-09-11T13:46:58.80491338Z,48000.404,slow-transform,false,4,1,5,0,16300096,963,74,54,0,0,15,0,7
retained-e8c21674a86f5d4737b23a59e2071da7754f4ff2,bounded-wait-slow-transform-r02,2026-09-11T13:46:59.80531633Z,49000.807,slow-transform,false,4,2,6,0,16300096,983,76,55,0,0,15,0,8
retained-e8c21674a86f5d4737b23a59e2071da7754f4ff2,bounded-wait-slow-transform-r02,2026-09-11T13:47:00.805584631Z,50001.076,slow-transform,false,4,3,7,0,16300096,1003,77,55,0,0,15,0,8
retained-e8c21674a86f5d4737b23a59e2071da7754f4ff2,bounded-wait-slow-transform-r02,2026-09-11T13:47:01.805384387Z,51000.875,slow-transform,false,4,3,7,0,16300096,1023,79,55,0,0,17,0,8
retained-e8c21674a86f5d4737b23a59e2071da7754f4ff2,bounded-wait-slow-transform-r02,2026-09-11T13:47:02.80544662Z,52000.937,slow-transform,false,4,3,7,0,16300096,1043,80,55,0,0,18,0,8
retained-e8c21674a86f5d4737b23a59e2071da7754f4ff2,bounded-wait-slow-transform-r02,2026-09-11T13:47:03.805465116Z,53000.956,slow-transform,false,4,3,7,0,16300096,1063,82,55,0,0,20,0,8
retained-e8c21674a86f5d4737b23a59e2071da7754f4ff2,bounded-wait-slow-transform-r02,2026-09-11T13:47:04.804824307Z,54000.315,slow-transform,false,4,3,7,0,16300096,1083,83,55,0,0,21,0,8
retained-e8c21674a86f5d4737b23a59e2071da7754f4ff2,bounded-wait-slow-transform-r02,2026-09-11T13:47:05.805038971Z,55000.530,slow-transform,false,4,3,7,0,16300096,1103,85,55,0,0,23,0,8
retained-e8c21674a86f5d4737b23a59e2071da7754f4ff2,bounded-wait-slow-transform-r02,2026-09-11T13:47:06.805099515Z,56000.590,slow-transform,false,4,3,7,0,16300096,1123,86,55,0,0,24,0,8
retained-e8c21674a86f5d4737b23a59e2071da7754f4ff2,bounded-wait-slow-transform-r02,2026-09-11T13:47:07.805248259Z,57000.739,slow-transform,false,4,3,7,0,16300096,1143,88,55,0,0,26,0,8
retained-e8c21674a86f5d4737b23a59e2071da7754f4ff2,bounded-wait-slow-transform-r02,2026-09-11T13:47:12.14040137Z,58000.742,slow-transform,false,4,3,7,0,16300096,1163,89,55,0,0,27,0,8
retained-e8c21674a86f5d4737b23a59e2071da7754f4ff2,bounded-wait-slow-transform-r02,2026-09-11T13:47:13.140777931Z,59001.118,slow-transform,false,4,2,6,0,16300096,1183,91,55,0,0,30,0,8
retained-e8c21674a86f5d4737b23a59e2071da7754f4ff2,bounded-wait-slow-transform-r02,2026-09-11T13:47:14.140861243Z,60001.202,slow-transform,false,4,1,5,0,16300096,1203,92,55,0,0,32,0,8
retained-e8c21674a86f5d4737b23a59e2071da7754f4ff2,bounded-wait-slow-transform-r02,2026-09-11T13:47:15.140374503Z,61000.715,slow-transform,false,4,2,6,0,16300096,1223,94,56,0,0,32,0,9
retained-e8c21674a86f5d4737b23a59e2071da7754f4ff2,bounded-wait-slow-transform-r02,2026-09-11T13:47:16.140643079Z,62000.984,slow-transform,false,4,2,6,0,16300096,1243,95,57,0,0,32,0,10
retained-e8c21674a86f5d4737b23a59e2071da7754f4ff2,bounded-wait-slow-transform-r02,2026-09-11T13:47:17.140404972Z,63000.746,slow-transform,false,4,2,6,0,16300096,1263,97,58,0,0,33,0,11
retained-e8c21674a86f5d4737b23a59e2071da7754f4ff2,bounded-wait-slow-transform-r02,2026-09-11T13:47:18.140497745Z,64000.838,slow-transform,false,4,1,5,0,16300096,1283,98,60,0,0,33,0,12
retained-e8c21674a86f5d4737b23a59e2071da7754f4ff2,bounded-wait-slow-transform-r02,2026-09-11T13:47:19.139793904Z,65000.134,slow-transform,false,4,3,7,0,16300096,1303,100,60,0,0,33,0,12
retained-e8c21674a86f5d4737b23a59e2071da7754f4ff2,bounded-wait-slow-transform-r02,2026-09-11T13:47:20.14053661Z,66000.877,slow-transform,false,4,2,6,0,16300096,1323,101,60,0,0,35,0,12
retained-e8c21674a86f5d4737b23a59e2071da7754f4ff2,bounded-wait-slow-transform-r02,2026-09-11T13:47:21.140545205Z,67000.886,slow-transform,false,4,2,6,0,16300096,1343,103,60,0,0,37,0,12
retained-e8c21674a86f5d4737b23a59e2071da7754f4ff2,bounded-wait-slow-transform-r02,2026-09-11T13:47:22.14065382Z,68000.994,slow-transform,false,4,3,7,0,16300096,1363,104,60,0,0,37,0,12
retained-e8c21674a86f5d4737b23a59e2071da7754f4ff2,bounded-wait-slow-transform-r02,2026-09-11T13:47:23.140568552Z,69000.909,slow-transform,false,4,3,7,0,16300096,1383,106,60,0,0,39,0,12
retained-e8c21674a86f5d4737b23a59e2071da7754f4ff2,bounded-wait-slow-transform-r02,2026-09-11T13:47:24.140478312Z,70000.819,slow-transform,false,4,3,7,0,16300096,1403,107,60,0,0,40,0,12
retained-e8c21674a86f5d4737b23a59e2071da7754f4ff2,bounded-wait-slow-transform-r02,2026-09-11T13:47:25.140376612Z,71000.717,slow-transform,false,4,3,7,0,16300096,1423,109,60,0,0,42,0,12
retained-e8c21674a86f5d4737b23a59e2071da7754f4ff2,bounded-wait-slow-transform-r02,2026-09-11T13:47:26.140587883Z,72000.928,slow-transform,false,4,2,6,0,16300096,1443,110,60,0,0,44,0,12
retained-e8c21674a86f5d4737b23a59e2071da7754f4ff2,bounded-wait-slow-transform-r02,2026-09-11T13:47:27.140580521Z,73000.921,slow-transform,false,4,3,7,0,16300096,1463,112,60,0,0,45,0,12
retained-e8c21674a86f5d4737b23a59e2071da7754f4ff2,bounded-wait-slow-transform-r02,2026-09-11T13:47:28.140629677Z,74000.970,slow-transform,false,4,3,7,0,16300096,1483,113,60,0,0,46,0,12
retained-e8c21674a86f5d4737b23a59e2071da7754f4ff2,bounded-wait-slow-transform-r02,2026-09-11T13:47:29.14054188Z,75000.882,slow-transform,false,4,3,7,0,16300096,1503,115,60,0,0,48,0,12
retained-e8c21674a86f5d4737b23a59e2071da7754f4ff2,bounded-wait-slow-transform-r02,2026-09-11T13:47:30.140225554Z,76000.566,slow-transform,false,4,3,7,0,16300096,1523,116,60,0,0,49,0,12
retained-e8c21674a86f5d4737b23a59e2071da7754f4ff2,bounded-wait-slow-transform-r02,2026-09-11T13:47:31.140266816Z,77000.607,slow-transform,false,4,1,5,0,16300096,1543,118,62,0,0,51,0,14
retained-e8c21674a86f5d4737b23a59e2071da7754f4ff2,bounded-wait-slow-transform-r02,2026-09-11T13:47:32.140169416Z,78000.510,slow-transform,false,4,2,6,0,16300096,1563,119,62,0,0,51,0,14
retained-e8c21674a86f5d4737b23a59e2071da7754f4ff2,bounded-wait-slow-transform-r02,2026-09-11T13:47:33.140707059Z,79001.048,slow-transform,false,4,2,6,0,16300096,1583,121,63,0,0,52,0,15
retained-e8c21674a86f5d4737b23a59e2071da7754f4ff2,bounded-wait-slow-transform-r02,2026-09-11T13:47:34.139952431Z,80000.293,slow-transform,false,4,1,5,0,16300096,1603,122,65,0,0,52,0,16
retained-e8c21674a86f5d4737b23a59e2071da7754f4ff2,bounded-wait-slow-transform-r02,2026-09-11T13:47:35.140059974Z,81000.401,slow-transform,false,4,3,7,0,16300096,1623,124,65,0,0,52,0,16
retained-e8c21674a86f5d4737b23a59e2071da7754f4ff2,bounded-wait-slow-transform-r02,2026-09-11T13:47:36.1397819Z,82000.122,slow-transform,false,4,3,7,0,16300096,1643,125,65,0,0,53,0,16
retained-e8c21674a86f5d4737b23a59e2071da7754f4ff2,bounded-wait-slow-transform-r02,2026-09-11T13:47:37.140391727Z,83000.732,slow-transform,false,4,2,6,0,16300096,1663,127,65,0,0,56,0,16
retained-e8c21674a86f5d4737b23a59e2071da7754f4ff2,bounded-wait-slow-transform-r02,2026-09-11T13:47:38.140292406Z,84000.633,slow-transform,false,4,3,7,0,16300096,1683,128,65,0,0,56,0,16
retained-e8c21674a86f5d4737b23a59e2071da7754f4ff2,bounded-wait-slow-transform-r02,2026-09-11T13:47:39.140147853Z,85000.488,slow-transform,false,4,3,7,0,16300096,1703,130,65,0,0,58,0,16
retained-e8c21674a86f5d4737b23a59e2071da7754f4ff2,bounded-wait-slow-transform-r02,2026-09-11T13:47:40.140757712Z,86001.098,slow-transform,false,4,1,5,0,16300096,1723,131,65,0,0,61,0,16
retained-e8c21674a86f5d4737b23a59e2071da7754f4ff2,bounded-wait-slow-transform-r02,2026-09-11T13:47:41.140071246Z,87000.412,slow-transform,false,4,3,7,0,16300096,1743,133,65,0,0,61,0,16
retained-e8c21674a86f5d4737b23a59e2071da7754f4ff2,bounded-wait-slow-transform-r02,2026-09-11T13:47:45.474852262Z,88000.405,slow-transform,false,4,3,7,0,16300096,1763,134,65,0,0,62,0,16
retained-e8c21674a86f5d4737b23a59e2071da7754f4ff2,bounded-wait-slow-transform-r02,2026-09-11T13:47:46.474578075Z,89000.130,slow-transform,false,4,3,7,0,16300096,1783,136,65,0,0,64,0,16
retained-e8c21674a86f5d4737b23a59e2071da7754f4ff2,bounded-wait-slow-transform-r02,2026-09-11T13:47:47.475402615Z,90000.955,none,false,4,2,6,0,16300096,1803,137,65,0,0,66,0,16
retained-e8c21674a86f5d4737b23a59e2071da7754f4ff2,bounded-wait-slow-transform-r02,2026-09-11T13:47:48.47532606Z,91000.878,none,false,4,2,6,0,16300096,1823,139,65,0,0,68,0,16
retained-e8c21674a86f5d4737b23a59e2071da7754f4ff2,bounded-wait-slow-transform-r02,2026-09-11T13:47:49.474718181Z,92000.270,none,false,4,1,5,0,16300096,1843,140,67,0,0,68,0,16
retained-e8c21674a86f5d4737b23a59e2071da7754f4ff2,bounded-wait-slow-transform-r02,2026-09-11T13:47:50.475475291Z,93001.028,none,false,4,0,4,0,16300096,1863,142,70,0,0,68,0,16
retained-e8c21674a86f5d4737b23a59e2071da7754f4ff2,bounded-wait-slow-transform-r02,2026-09-11T13:47:51.474806501Z,94000.359,none,false,1,0,1,0,4075024,1883,143,74,0,0,68,0,16
retained-e8c21674a86f5d4737b23a59e2071da7754f4ff2,bounded-wait-slow-transform-r02,2026-09-11T13:47:52.475145062Z,95000.697,none,false,0,0,0,0,0,1903,145,77,0,0,68,0,16
retained-e8c21674a86f5d4737b23a59e2071da7754f4ff2,bounded-wait-slow-transform-r02,2026-09-11T13:47:53.475059021Z,96000.611,none,false,0,0,0,0,0,1923,146,78,0,0,68,0,16
retained-e8c21674a86f5d4737b23a59e2071da7754f4ff2,bounded-wait-slow-transform-r02,2026-09-11T13:47:54.475343065Z,97000.895,none,false,0,0,0,0,0,1943,148,80,0,0,68,0,16
retained-e8c21674a86f5d4737b23a59e2071da7754f4ff2,bounded-wait-slow-transform-r02,2026-09-11T13:47:55.47525953Z,98000.812,none,false,0,0,0,0,0,1963,149,81,0,0,68,0,16
retained-e8c21674a86f5d4737b23a59e2071da7754f4ff2,bounded-wait-slow-transform-r02,2026-09-11T13:47:56.475316437Z,99000.869,none,false,0,0,0,0,0,1983,151,83,0,0,68,0,16
retained-e8c21674a86f5d4737b23a59e2071da7754f4ff2,bounded-wait-slow-transform-r02,2026-09-11T13:47:57.474852664Z,100000.405,none,false,0,0,0,0,0,2003,152,84,0,0,68,0,16
retained-e8c21674a86f5d4737b23a59e2071da7754f4ff2,bounded-wait-slow-transform-r02,2026-09-11T13:47:58.474850471Z,101000.403,none,false,0,0,0,0,0,2023,154,86,0,0,68,0,16
retained-e8c21674a86f5d4737b23a59e2071da7754f4ff2,bounded-wait-slow-transform-r02,2026-09-11T13:47:59.474769185Z,102000.321,none,false,0,0,0,0,0,2043,155,87,0,0,68,0,16
retained-e8c21674a86f5d4737b23a59e2071da7754f4ff2,bounded-wait-slow-transform-r02,2026-09-11T13:48:00.474853208Z,103000.405,none,false,0,0,0,0,0,2063,157,89,0,0,68,0,16
retained-e8c21674a86f5d4737b23a59e2071da7754f4ff2,bounded-wait-slow-transform-r02,2026-09-11T13:48:01.474960787Z,104000.513,none,false,0,0,0,0,0,2083,158,90,0,0,68,0,16
retained-e8c21674a86f5d4737b23a59e2071da7754f4ff2,bounded-wait-slow-transform-r02,2026-09-11T13:48:02.474999474Z,105000.552,none,false,0,0,0,0,0,2103,160,92,0,0,68,0,16
retained-e8c21674a86f5d4737b23a59e2071da7754f4ff2,bounded-wait-slow-transform-r02,2026-09-11T13:48:03.47492133Z,106000.474,none,false,0,0,0,0,0,2123,161,93,0,0,68,0,16
retained-e8c21674a86f5d4737b23a59e2071da7754f4ff2,bounded-wait-slow-transform-r02,2026-09-11T13:48:04.475505671Z,107001.058,none,false,0,0,0,0,0,2143,163,95,0,0,68,0,16
retained-e8c21674a86f5d4737b23a59e2071da7754f4ff2,bounded-wait-slow-transform-r02,2026-09-11T13:48:05.475004518Z,108000.557,none,false,0,0,0,0,0,2163,164,96,0,0,68,0,16
retained-e8c21674a86f5d4737b23a59e2071da7754f4ff2,bounded-wait-slow-transform-r02,2026-09-11T13:48:06.474703538Z,109000.256,none,false,0,0,0,0,0,2183,166,98,0,0,68,0,16
retained-e8c21674a86f5d4737b23a59e2071da7754f4ff2,bounded-wait-slow-transform-r02,2026-09-11T13:48:07.474922071Z,110000.474,none,false,0,0,0,0,0,2203,167,99,0,0,68,0,16
retained-e8c21674a86f5d4737b23a59e2071da7754f4ff2,bounded-wait-slow-transform-r02,2026-09-11T13:48:08.474682653Z,111000.235,none,false,0,0,0,0,0,2223,169,101,0,0,68,0,16
retained-e8c21674a86f5d4737b23a59e2071da7754f4ff2,bounded-wait-slow-transform-r02,2026-09-11T13:48:09.475306455Z,112000.859,none,false,0,0,0,0,0,2243,170,102,0,0,68,0,16
retained-e8c21674a86f5d4737b23a59e2071da7754f4ff2,bounded-wait-slow-transform-r02,2026-09-11T13:48:10.475196938Z,113000.749,none,false,0,0,0,0,0,2263,172,104,0,0,68,0,16
retained-e8c21674a86f5d4737b23a59e2071da7754f4ff2,bounded-wait-slow-transform-r02,2026-09-11T13:48:11.474742147Z,114000.294,none,false,0,0,0,0,0,2283,173,105,0,0,68,0,16
retained-e8c21674a86f5d4737b23a59e2071da7754f4ff2,bounded-wait-slow-transform-r02,2026-09-11T13:48:12.474995022Z,115000.547,none,false,0,0,0,0,0,2303,175,107,0,0,68,0,16
retained-e8c21674a86f5d4737b23a59e2071da7754f4ff2,bounded-wait-slow-transform-r02,2026-09-11T13:48:13.474939963Z,116000.492,none,false,0,0,0,0,0,2323,176,108,0,0,68,0,16
retained-e8c21674a86f5d4737b23a59e2071da7754f4ff2,bounded-wait-slow-transform-r02,2026-09-11T13:48:14.475097162Z,117000.649,none,false,0,0,0,0,0,2343,178,110,0,0,68,0,16
retained-e8c21674a86f5d4737b23a59e2071da7754f4ff2,bounded-wait-slow-transform-r02,2026-09-11T13:48:18.810350161Z,118000.680,none,false,0,0,0,0,0,2363,179,111,0,0,68,0,16
retained-e8c21674a86f5d4737b23a59e2071da7754f4ff2,bounded-wait-slow-transform-r02,2026-09-11T13:48:19.810453834Z,119000.784,none,false,0,0,0,0,0,2383,181,113,0,0,68,0,16
retained-e8c21674a86f5d4737b23a59e2071da7754f4ff2,bounded-wait-slow-transform-r02,2026-09-11T13:48:20.810651025Z,120000.981,none,false,0,0,0,0,0,2403,182,114,0,0,68,0,16
retained-e8c21674a86f5d4737b23a59e2071da7754f4ff2,bounded-wait-slow-transform-r02,2026-09-11T13:48:21.809989327Z,121000.319,none,false,0,0,0,0,0,2423,184,116,0,0,68,0,16
retained-e8c21674a86f5d4737b23a59e2071da7754f4ff2,bounded-wait-slow-transform-r02,2026-09-11T13:48:22.810429571Z,122000.759,none,false,0,0,0,0,0,2443,185,117,0,0,68,0,16
retained-e8c21674a86f5d4737b23a59e2071da7754f4ff2,bounded-wait-slow-transform-r02,2026-09-11T13:48:23.809874098Z,123000.204,none,false,0,0,0,0,0,2463,187,119,0,0,68,0,16
retained-e8c21674a86f5d4737b23a59e2071da7754f4ff2,bounded-wait-slow-transform-r02,2026-09-11T13:48:24.8105487Z,124000.878,none,false,0,0,0,0,0,2483,188,120,0,0,68,0,16
retained-e8c21674a86f5d4737b23a59e2071da7754f4ff2,bounded-wait-slow-transform-r02,2026-09-11T13:48:25.810148657Z,125000.478,none,false,0,0,0,0,0,2503,190,122,0,0,68,0,16
retained-e8c21674a86f5d4737b23a59e2071da7754f4ff2,bounded-wait-slow-transform-r02,2026-09-11T13:48:26.810779052Z,126001.109,none,false,0,0,0,0,0,2523,191,123,0,0,68,0,16
retained-e8c21674a86f5d4737b23a59e2071da7754f4ff2,bounded-wait-slow-transform-r02,2026-09-11T13:48:27.810179331Z,127000.509,none,false,0,0,0,0,0,2543,193,125,0,0,68,0,16
retained-e8c21674a86f5d4737b23a59e2071da7754f4ff2,bounded-wait-slow-transform-r02,2026-09-11T13:48:28.810804247Z,128001.134,none,false,0,0,0,0,0,2563,194,126,0,0,68,0,16
retained-e8c21674a86f5d4737b23a59e2071da7754f4ff2,bounded-wait-slow-transform-r02,2026-09-11T13:48:29.810737579Z,129001.067,none,false,0,0,0,0,0,2583,196,128,0,0,68,0,16
retained-e8c21674a86f5d4737b23a59e2071da7754f4ff2,bounded-wait-slow-transform-r02,2026-09-11T13:48:30.809810336Z,130000.140,none,false,0,0,0,0,0,2603,197,129,0,0,68,0,16
retained-e8c21674a86f5d4737b23a59e2071da7754f4ff2,bounded-wait-slow-transform-r02,2026-09-11T13:48:31.810672448Z,131001.002,none,false,0,0,0,0,0,2623,199,131,0,0,68,0,16
retained-e8c21674a86f5d4737b23a59e2071da7754f4ff2,bounded-wait-slow-transform-r02,2026-09-11T13:48:32.810516563Z,132000.846,none,false,0,0,0,0,0,2643,200,132,0,0,68,0,16
retained-e8c21674a86f5d4737b23a59e2071da7754f4ff2,bounded-wait-slow-transform-r02,2026-09-11T13:48:33.810611266Z,133000.941,none,false,0,0,0,0,0,2663,202,134,0,0,68,0,16
retained-e8c21674a86f5d4737b23a59e2071da7754f4ff2,bounded-wait-slow-transform-r02,2026-09-11T13:48:34.810236245Z,134000.566,none,false,0,0,0,0,0,2683,203,135,0,0,68,0,16
retained-e8c21674a86f5d4737b23a59e2071da7754f4ff2,bounded-wait-slow-transform-r02,2026-09-11T13:48:35.810762398Z,135001.092,none,false,0,0,0,0,0,2703,205,137,0,0,68,0,16
retained-e8c21674a86f5d4737b23a59e2071da7754f4ff2,bounded-wait-slow-transform-r02,2026-09-11T13:48:36.810088661Z,136000.418,none,false,0,0,0,0,0,2723,206,138,0,0,68,0,16
retained-e8c21674a86f5d4737b23a59e2071da7754f4ff2,bounded-wait-slow-transform-r02,2026-09-11T13:48:37.810587586Z,137000.917,none,false,0,0,0,0,0,2743,208,140,0,0,68,0,16
retained-e8c21674a86f5d4737b23a59e2071da7754f4ff2,bounded-wait-slow-transform-r02,2026-09-11T13:48:38.810790849Z,138001.121,none,false,0,0,0,0,0,2763,209,141,0,0,68,0,16
retained-e8c21674a86f5d4737b23a59e2071da7754f4ff2,bounded-wait-slow-transform-r02,2026-09-11T13:48:39.810727571Z,139001.057,none,false,0,0,0,0,0,2783,211,143,0,0,68,0,16
retained-e8c21674a86f5d4737b23a59e2071da7754f4ff2,bounded-wait-slow-transform-r02,2026-09-11T13:48:40.810091708Z,140000.421,none,false,0,0,0,0,0,2803,212,144,0,0,68,0,16
retained-e8c21674a86f5d4737b23a59e2071da7754f4ff2,bounded-wait-slow-transform-r02,2026-09-11T13:48:41.810719653Z,141001.049,none,false,0,0,0,0,0,2823,214,146,0,0,68,0,16
retained-e8c21674a86f5d4737b23a59e2071da7754f4ff2,bounded-wait-slow-transform-r02,2026-09-11T13:48:42.810111285Z,142000.441,none,false,0,0,0,0,0,2843,215,147,0,0,68,0,16
retained-e8c21674a86f5d4737b23a59e2071da7754f4ff2,bounded-wait-slow-transform-r02,2026-09-11T13:48:43.809756921Z,143000.087,none,false,0,0,0,0,0,2863,217,149,0,0,68,0,16
retained-e8c21674a86f5d4737b23a59e2071da7754f4ff2,bounded-wait-slow-transform-r02,2026-09-11T13:48:44.810122527Z,144000.452,none,false,0,0,0,0,0,2883,218,150,0,0,68,0,16
retained-e8c21674a86f5d4737b23a59e2071da7754f4ff2,bounded-wait-slow-transform-r02,2026-09-11T13:48:45.810856611Z,145001.186,none,false,0,0,0,0,0,2903,220,152,0,0,68,0,16
retained-e8c21674a86f5d4737b23a59e2071da7754f4ff2,bounded-wait-slow-transform-r02,2026-09-11T13:48:46.81056557Z,146000.895,none,false,0,0,0,0,0,2923,221,153,0,0,68,0,16
retained-e8c21674a86f5d4737b23a59e2071da7754f4ff2,bounded-wait-slow-transform-r02,2026-09-11T13:48:47.810491332Z,147000.821,none,false,0,0,0,0,0,2943,223,155,0,0,68,0,16
retained-e8c21674a86f5d4737b23a59e2071da7754f4ff2,bounded-wait-slow-transform-r02,2026-09-11T13:48:52.143648099Z,148000.281,none,false,0,0,0,0,0,2963,224,156,0,0,68,0,16
retained-e8c21674a86f5d4737b23a59e2071da7754f4ff2,bounded-wait-slow-transform-r02,2026-09-11T13:48:53.143481739Z,149000.114,none,false,0,0,0,0,0,2983,226,158,0,0,68,0,16
retained-e8c21674a86f5d4737b23a59e2071da7754f4ff2,bounded-wait-slow-transform-r02,2026-09-11T13:48:54.143691164Z,150000.324,none,false,0,0,0,0,0,3003,227,159,0,0,68,0,16
retained-e8c21674a86f5d4737b23a59e2071da7754f4ff2,bounded-wait-slow-transform-r02,2026-09-11T13:48:54.143697441Z,150000.330,none,false,0,0,0,0,0,3003,227,159,0,0,68,0,16
retained-e8c21674a86f5d4737b23a59e2071da7754f4ff2,kill-switch-slow-transform-r02,2026-09-11T13:48:55.223830283Z,0.055,none,false,0,0,0,0,0,4,4,4,0,0,0,0,0
retained-e8c21674a86f5d4737b23a59e2071da7754f4ff2,kill-switch-slow-transform-r02,2026-09-11T13:48:56.224117071Z,1000.342,none,false,0,0,0,0,0,23,4,4,0,0,0,0,0
retained-e8c21674a86f5d4737b23a59e2071da7754f4ff2,kill-switch-slow-transform-r02,2026-09-11T13:48:57.223863928Z,2000.089,none,false,0,0,0,0,0,43,5,5,0,0,0,0,0
retained-e8c21674a86f5d4737b23a59e2071da7754f4ff2,kill-switch-slow-transform-r02,2026-09-11T13:48:58.224927342Z,3001.152,none,false,0,0,0,0,0,63,7,7,0,0,0,0,0
retained-e8c21674a86f5d4737b23a59e2071da7754f4ff2,kill-switch-slow-transform-r02,2026-09-11T13:48:59.224867282Z,4001.092,none,false,0,0,0,0,0,83,8,8,0,0,0,0,0
retained-e8c21674a86f5d4737b23a59e2071da7754f4ff2,kill-switch-slow-transform-r02,2026-09-11T13:49:00.224312675Z,5000.537,none,false,0,0,0,0,0,103,10,10,0,0,0,0,0
retained-e8c21674a86f5d4737b23a59e2071da7754f4ff2,kill-switch-slow-transform-r02,2026-09-11T13:49:01.224622495Z,6000.847,none,false,0,0,0,0,0,123,11,11,0,0,0,0,0
retained-e8c21674a86f5d4737b23a59e2071da7754f4ff2,kill-switch-slow-transform-r02,2026-09-11T13:49:02.22443324Z,7000.658,none,false,0,0,0,0,0,143,13,13,0,0,0,0,0
retained-e8c21674a86f5d4737b23a59e2071da7754f4ff2,kill-switch-slow-transform-r02,2026-09-11T13:49:03.224344174Z,8000.569,none,false,0,0,0,0,0,163,14,14,0,0,0,0,0
retained-e8c21674a86f5d4737b23a59e2071da7754f4ff2,kill-switch-slow-transform-r02,2026-09-11T13:49:04.224268002Z,9000.493,none,false,0,0,0,0,0,183,16,16,0,0,0,0,0
retained-e8c21674a86f5d4737b23a59e2071da7754f4ff2,kill-switch-slow-transform-r02,2026-09-11T13:49:05.224260881Z,10000.486,none,false,0,0,0,0,0,203,17,17,0,0,0,0,0
retained-e8c21674a86f5d4737b23a59e2071da7754f4ff2,kill-switch-slow-transform-r02,2026-09-11T13:49:06.224414701Z,11000.639,none,false,0,0,0,0,0,223,19,19,0,0,0,0,0
retained-e8c21674a86f5d4737b23a59e2071da7754f4ff2,kill-switch-slow-transform-r02,2026-09-11T13:49:07.223881517Z,12000.106,none,false,0,0,0,0,0,243,20,20,0,0,0,0,0
retained-e8c21674a86f5d4737b23a59e2071da7754f4ff2,kill-switch-slow-transform-r02,2026-09-11T13:49:08.224459569Z,13000.684,none,false,0,0,0,0,0,263,22,22,0,0,0,0,0
retained-e8c21674a86f5d4737b23a59e2071da7754f4ff2,kill-switch-slow-transform-r02,2026-09-11T13:49:09.224204219Z,14000.429,none,false,0,0,0,0,0,283,23,23,0,0,0,0,0
retained-e8c21674a86f5d4737b23a59e2071da7754f4ff2,kill-switch-slow-transform-r02,2026-09-11T13:49:10.224535464Z,15000.760,none,false,0,0,0,0,0,303,25,25,0,0,0,0,0
retained-e8c21674a86f5d4737b23a59e2071da7754f4ff2,kill-switch-slow-transform-r02,2026-09-11T13:49:11.224139734Z,16000.364,none,false,0,0,0,0,0,323,26,26,0,0,0,0,0
retained-e8c21674a86f5d4737b23a59e2071da7754f4ff2,kill-switch-slow-transform-r02,2026-09-11T13:49:12.22448123Z,17000.706,none,false,0,0,0,0,0,343,28,28,0,0,0,0,0
retained-e8c21674a86f5d4737b23a59e2071da7754f4ff2,kill-switch-slow-transform-r02,2026-09-11T13:49:13.22470006Z,18000.925,none,false,0,0,0,0,0,363,29,29,0,0,0,0,0
retained-e8c21674a86f5d4737b23a59e2071da7754f4ff2,kill-switch-slow-transform-r02,2026-09-11T13:49:14.224386624Z,19000.611,none,false,0,0,0,0,0,383,31,31,0,0,0,0,0
retained-e8c21674a86f5d4737b23a59e2071da7754f4ff2,kill-switch-slow-transform-r02,2026-09-11T13:49:15.22461735Z,20000.842,none,false,0,0,0,0,0,403,32,32,0,0,0,0,0
retained-e8c21674a86f5d4737b23a59e2071da7754f4ff2,kill-switch-slow-transform-r02,2026-09-11T13:49:16.224623602Z,21000.848,none,false,0,0,0,0,0,423,34,34,0,0,0,0,0
retained-e8c21674a86f5d4737b23a59e2071da7754f4ff2,kill-switch-slow-transform-r02,2026-09-11T13:49:17.224333777Z,22000.558,none,false,0,0,0,0,0,443,35,35,0,0,0,0,0
retained-e8c21674a86f5d4737b23a59e2071da7754f4ff2,kill-switch-slow-transform-r02,2026-09-11T13:49:18.22477207Z,23000.997,none,false,0,0,0,0,0,463,37,37,0,0,0,0,0
retained-e8c21674a86f5d4737b23a59e2071da7754f4ff2,kill-switch-slow-transform-r02,2026-09-11T13:49:19.224465464Z,24000.690,none,false,0,0,0,0,0,483,38,38,0,0,0,0,0
retained-e8c21674a86f5d4737b23a59e2071da7754f4ff2,kill-switch-slow-transform-r02,2026-09-11T13:49:20.224521421Z,25000.746,none,false,0,0,0,0,0,503,40,40,0,0,0,0,0
retained-e8c21674a86f5d4737b23a59e2071da7754f4ff2,kill-switch-slow-transform-r02,2026-09-11T13:49:21.224588349Z,26000.813,none,false,0,0,0,0,0,523,41,41,0,0,0,0,0
retained-e8c21674a86f5d4737b23a59e2071da7754f4ff2,kill-switch-slow-transform-r02,2026-09-11T13:49:25.55873457Z,27000.120,none,false,0,0,0,0,0,543,43,43,0,0,0,0,0
retained-e8c21674a86f5d4737b23a59e2071da7754f4ff2,kill-switch-slow-transform-r02,2026-09-11T13:49:26.558857356Z,28000.243,none,false,0,0,0,0,0,563,44,44,0,0,0,0,0
retained-e8c21674a86f5d4737b23a59e2071da7754f4ff2,kill-switch-slow-transform-r02,2026-09-11T13:49:27.559524619Z,29000.910,none,false,0,0,0,0,0,583,46,46,0,0,0,0,0
retained-e8c21674a86f5d4737b23a59e2071da7754f4ff2,kill-switch-slow-transform-r02,2026-09-11T13:49:28.559051638Z,30000.437,none,false,0,0,0,0,0,603,47,47,0,0,0,0,0
retained-e8c21674a86f5d4737b23a59e2071da7754f4ff2,kill-switch-slow-transform-r02,2026-09-11T13:49:29.558874967Z,31000.260,slow-transform,false,1,0,1,0,4075024,623,49,48,0,0,0,0,1
retained-e8c21674a86f5d4737b23a59e2071da7754f4ff2,kill-switch-slow-transform-r02,2026-09-11T13:49:30.558889053Z,32000.274,slow-transform,false,2,0,2,0,8150048,643,50,48,0,0,0,0,2
retained-e8c21674a86f5d4737b23a59e2071da7754f4ff2,kill-switch-slow-transform-r02,2026-09-11T13:49:31.559218038Z,33000.603,slow-transform,false,3,0,3,0,12225072,663,52,49,0,0,0,0,3
retained-e8c21674a86f5d4737b23a59e2071da7754f4ff2,kill-switch-slow-transform-r02,2026-09-11T13:49:32.558959756Z,34000.345,slow-transform,false,4,0,4,0,16300096,683,53,49,0,0,0,0,4
retained-e8c21674a86f5d4737b23a59e2071da7754f4ff2,kill-switch-slow-transform-r02,2026-09-11T13:49:33.559648974Z,35001.034,slow-transform,false,4,2,6,0,24450144,703,55,49,0,0,0,0,4
retained-e8c21674a86f5d4737b23a59e2071da7754f4ff2,kill-switch-slow-transform-r02,2026-09-11T13:49:34.559489972Z,36000.875,slow-transform,false,4,3,7,0,28525168,723,56,49,0,0,0,0,4
retained-e8c21674a86f5d4737b23a59e2071da7754f4ff2,kill-switch-slow-transform-r02,2026-09-11T13:49:35.55955228Z,37000.938,slow-transform,false,4,5,9,0,36675216,743,58,49,0,0,0,0,4
retained-e8c21674a86f5d4737b23a59e2071da7754f4ff2,kill-switch-slow-transform-r02,2026-09-11T13:49:36.559827834Z,38001.213,slow-transform,false,4,6,10,0,40750240,763,59,49,0,0,0,0,4
retained-e8c21674a86f5d4737b23a59e2071da7754f4ff2,kill-switch-slow-transform-r02,2026-09-11T13:49:37.559150595Z,39000.536,slow-transform,false,4,8,12,0,48900288,783,61,49,0,0,0,0,4
retained-e8c21674a86f5d4737b23a59e2071da7754f4ff2,kill-switch-slow-transform-r02,2026-09-11T13:49:38.559073719Z,40000.459,slow-transform,false,4,9,13,0,52975312,803,62,49,0,0,0,0,4
retained-e8c21674a86f5d4737b23a59e2071da7754f4ff2,kill-switch-slow-transform-r02,2026-09-11T13:49:39.558855589Z,41000.241,slow-transform,false,4,11,15,0,61125360,823,64,49,0,0,0,0,4
retained-e8c21674a86f5d4737b23a59e2071da7754f4ff2,kill-switch-slow-transform-r02,2026-09-11T13:49:40.559548237Z,42000.934,slow-transform,false,4,12,16,0,65200384,843,65,49,0,0,0,0,4
retained-e8c21674a86f5d4737b23a59e2071da7754f4ff2,kill-switch-slow-transform-r02,2026-09-11T13:49:41.559372426Z,43000.758,slow-transform,false,4,14,19,0,73350432,863,68,49,0,0,0,0,4
retained-e8c21674a86f5d4737b23a59e2071da7754f4ff2,kill-switch-slow-transform-r02,2026-09-11T13:49:42.559544742Z,44000.930,slow-transform,false,4,15,20,0,77425456,883,69,49,0,0,0,0,4
retained-e8c21674a86f5d4737b23a59e2071da7754f4ff2,kill-switch-slow-transform-r02,2026-09-11T13:49:43.559319152Z,45000.704,slow-transform,false,4,17,21,0,85575504,903,70,49,0,0,0,0,4
retained-e8c21674a86f5d4737b23a59e2071da7754f4ff2,kill-switch-slow-transform-r02,2026-09-11T13:49:44.559119564Z,46000.505,slow-transform,false,4,16,20,0,81500480,923,71,51,0,0,0,0,5
retained-e8c21674a86f5d4737b23a59e2071da7754f4ff2,kill-switch-slow-transform-r02,2026-09-11T13:49:45.559154175Z,47000.539,slow-transform,false,4,17,21,0,85575504,943,73,52,0,0,0,0,6
retained-e8c21674a86f5d4737b23a59e2071da7754f4ff2,kill-switch-slow-transform-r02,2026-09-11T13:49:46.559695658Z,48001.081,slow-transform,false,4,16,20,0,81500480,963,74,54,0,0,0,0,7
retained-e8c21674a86f5d4737b23a59e2071da7754f4ff2,kill-switch-slow-transform-r02,2026-09-11T13:49:47.558726897Z,49000.112,slow-transform,false,4,17,21,0,85575504,983,76,55,0,0,0,0,8
retained-e8c21674a86f5d4737b23a59e2071da7754f4ff2,kill-switch-slow-transform-r02,2026-09-11T13:49:48.559159512Z,50000.545,slow-transform,true,4,18,22,0,89650528,1003,77,55,0,0,0,0,8
retained-e8c21674a86f5d4737b23a59e2071da7754f4ff2,kill-switch-slow-transform-r02,2026-09-11T13:49:49.559309153Z,51000.694,slow-transform,true,4,18,22,0,89650528,1023,79,55,0,0,0,2,8
retained-e8c21674a86f5d4737b23a59e2071da7754f4ff2,kill-switch-slow-transform-r02,2026-09-11T13:49:50.559293429Z,52000.679,slow-transform,true,4,18,22,0,89650528,1043,80,55,0,0,0,3,8
retained-e8c21674a86f5d4737b23a59e2071da7754f4ff2,kill-switch-slow-transform-r02,2026-09-11T13:49:51.559138454Z,53000.524,slow-transform,true,4,18,22,0,89650528,1063,82,55,0,0,0,5,8
retained-e8c21674a86f5d4737b23a59e2071da7754f4ff2,kill-switch-slow-transform-r02,2026-09-11T13:49:52.559298567Z,54000.684,slow-transform,true,4,18,22,0,89650528,1083,83,55,0,0,0,6,8
retained-e8c21674a86f5d4737b23a59e2071da7754f4ff2,kill-switch-slow-transform-r02,2026-09-11T13:49:53.559172875Z,55000.558,slow-transform,true,4,16,20,0,81500480,1103,85,56,0,1,0,8,9
retained-e8c21674a86f5d4737b23a59e2071da7754f4ff2,kill-switch-slow-transform-r02,2026-09-11T13:49:54.558955048Z,56000.340,slow-transform,true,4,15,19,0,77425456,1123,86,56,0,2,0,9,10
retained-e8c21674a86f5d4737b23a59e2071da7754f4ff2,kill-switch-slow-transform-r02,2026-09-11T13:49:58.895722794Z,57000.954,slow-transform,true,4,13,17,0,69275408,1143,88,57,0,3,0,11,11
retained-e8c21674a86f5d4737b23a59e2071da7754f4ff2,kill-switch-slow-transform-r02,2026-09-11T13:49:59.895606253Z,58000.837,slow-transform,true,4,12,16,0,65200384,1163,89,57,0,4,0,12,12
retained-e8c21674a86f5d4737b23a59e2071da7754f4ff2,kill-switch-slow-transform-r02,2026-09-11T13:50:00.895648408Z,59000.879,slow-transform,true,4,11,15,0,61125360,1183,91,57,0,5,0,14,13
retained-e8c21674a86f5d4737b23a59e2071da7754f4ff2,kill-switch-slow-transform-r02,2026-09-11T13:50:01.895721885Z,60000.953,slow-transform,true,3,9,12,0,48900288,1203,92,58,0,7,0,15,14
retained-e8c21674a86f5d4737b23a59e2071da7754f4ff2,kill-switch-slow-transform-r02,2026-09-11T13:50:02.894890645Z,61000.122,slow-transform,true,4,8,12,0,48900288,1223,94,58,0,7,0,17,15
retained-e8c21674a86f5d4737b23a59e2071da7754f4ff2,kill-switch-slow-transform-r02,2026-09-11T13:50:03.895914881Z,62001.146,slow-transform,true,4,6,10,0,40750240,1243,95,59,0,8,0,18,16
retained-e8c21674a86f5d4737b23a59e2071da7754f4ff2,kill-switch-slow-transform-r02,2026-09-11T13:50:04.895354542Z,63000.586,slow-transform,true,4,5,9,0,36675216,1263,97,59,0,9,0,20,17
retained-e8c21674a86f5d4737b23a59e2071da7754f4ff2,kill-switch-slow-transform-r02,2026-09-11T13:50:05.895698501Z,64000.930,slow-transform,true,3,3,6,0,24450144,1283,98,60,0,11,0,21,18
retained-e8c21674a86f5d4737b23a59e2071da7754f4ff2,kill-switch-slow-transform-r02,2026-09-11T13:50:06.895003721Z,65000.235,slow-transform,true,4,1,5,0,20375120,1303,100,61,0,11,0,23,19
retained-e8c21674a86f5d4737b23a59e2071da7754f4ff2,kill-switch-slow-transform-r02,2026-09-11T13:50:07.895703497Z,66000.934,slow-transform,true,3,0,3,0,12225072,1323,101,61,0,13,0,24,20
retained-e8c21674a86f5d4737b23a59e2071da7754f4ff2,kill-switch-slow-transform-r02,2026-09-11T13:50:08.895016632Z,67000.248,slow-transform,true,3,0,3,0,12225072,1343,103,61,0,13,0,26,20
retained-e8c21674a86f5d4737b23a59e2071da7754f4ff2,kill-switch-slow-transform-r02,2026-09-11T13:50:09.895385448Z,68000.616,slow-transform,true,2,0,2,0,8150048,1363,104,61,0,14,0,27,20
retained-e8c21674a86f5d4737b23a59e2071da7754f4ff2,kill-switch-slow-transform-r02,2026-09-11T13:50:10.895566862Z,69000.798,slow-transform,true,0,0,0,0,0,1383,106,61,0,16,0,29,20
retained-e8c21674a86f5d4737b23a59e2071da7754f4ff2,kill-switch-slow-transform-r02,2026-09-11T13:50:11.895522127Z,70000.753,slow-transform,true,0,0,0,0,0,1403,107,61,0,16,0,30,20
retained-e8c21674a86f5d4737b23a59e2071da7754f4ff2,kill-switch-slow-transform-r02,2026-09-11T13:50:12.895664812Z,71000.896,slow-transform,true,0,0,0,0,0,1423,109,61,0,16,0,32,20
retained-e8c21674a86f5d4737b23a59e2071da7754f4ff2,kill-switch-slow-transform-r02,2026-09-11T13:50:13.895490644Z,72000.722,slow-transform,true,0,0,0,0,0,1443,110,61,0,16,0,33,20
retained-e8c21674a86f5d4737b23a59e2071da7754f4ff2,kill-switch-slow-transform-r02,2026-09-11T13:50:14.895942799Z,73001.174,slow-transform,true,0,0,0,0,0,1463,112,61,0,16,0,35,20
retained-e8c21674a86f5d4737b23a59e2071da7754f4ff2,kill-switch-slow-transform-r02,2026-09-11T13:50:15.895241102Z,74000.472,slow-transform,true,0,0,0,0,0,1483,113,61,0,16,0,36,20
retained-e8c21674a86f5d4737b23a59e2071da7754f4ff2,kill-switch-slow-transform-r02,2026-09-11T13:50:16.895812099Z,75001.043,slow-transform,true,0,0,0,0,0,1503,115,61,0,16,0,38,20
retained-e8c21674a86f5d4737b23a59e2071da7754f4ff2,kill-switch-slow-transform-r02,2026-09-11T13:50:17.895211441Z,76000.442,slow-transform,true,0,0,0,0,0,1523,116,61,0,16,0,39,20
retained-e8c21674a86f5d4737b23a59e2071da7754f4ff2,kill-switch-slow-transform-r02,2026-09-11T13:50:18.895536371Z,77000.767,slow-transform,true,0,0,0,0,0,1543,118,61,0,16,0,41,20
retained-e8c21674a86f5d4737b23a59e2071da7754f4ff2,kill-switch-slow-transform-r02,2026-09-11T13:50:19.89509016Z,78000.321,slow-transform,true,0,0,0,0,0,1563,119,61,0,16,0,42,20
retained-e8c21674a86f5d4737b23a59e2071da7754f4ff2,kill-switch-slow-transform-r02,2026-09-11T13:50:20.895370434Z,79000.601,slow-transform,true,0,0,0,0,0,1583,121,61,0,16,0,44,20
retained-e8c21674a86f5d4737b23a59e2071da7754f4ff2,kill-switch-slow-transform-r02,2026-09-11T13:50:21.895966737Z,80001.198,slow-transform,true,0,0,0,0,0,1603,122,61,0,16,0,45,20
retained-e8c21674a86f5d4737b23a59e2071da7754f4ff2,kill-switch-slow-transform-r02,2026-09-11T13:50:22.895317415Z,81000.548,slow-transform,true,0,0,0,0,0,1623,124,61,0,16,0,47,20
retained-e8c21674a86f5d4737b23a59e2071da7754f4ff2,kill-switch-slow-transform-r02,2026-09-11T13:50:23.895615539Z,82000.847,slow-transform,true,0,0,0,0,0,1643,125,61,0,16,0,48,20
retained-e8c21674a86f5d4737b23a59e2071da7754f4ff2,kill-switch-slow-transform-r02,2026-09-11T13:50:24.89537803Z,83000.609,slow-transform,true,0,0,0,0,0,1663,127,61,0,16,0,50,20
retained-e8c21674a86f5d4737b23a59e2071da7754f4ff2,kill-switch-slow-transform-r02,2026-09-11T13:50:25.895967808Z,84001.199,slow-transform,true,0,0,0,0,0,1683,128,61,0,16,0,51,20
retained-e8c21674a86f5d4737b23a59e2071da7754f4ff2,kill-switch-slow-transform-r02,2026-09-11T13:50:26.895887016Z,85001.118,slow-transform,true,0,0,0,0,0,1703,130,61,0,16,0,53,20
retained-e8c21674a86f5d4737b23a59e2071da7754f4ff2,kill-switch-slow-transform-r02,2026-09-11T13:50:27.895469593Z,86000.701,slow-transform,true,0,0,0,0,0,1723,131,61,0,16,0,54,20
retained-e8c21674a86f5d4737b23a59e2071da7754f4ff2,kill-switch-slow-transform-r02,2026-09-11T13:50:32.235871076Z,87000.327,slow-transform,true,0,0,0,0,0,1743,133,61,0,16,0,56,20
retained-e8c21674a86f5d4737b23a59e2071da7754f4ff2,kill-switch-slow-transform-r02,2026-09-11T13:50:33.23667806Z,88001.134,slow-transform,true,0,0,0,0,0,1763,134,61,0,16,0,57,20
retained-e8c21674a86f5d4737b23a59e2071da7754f4ff2,kill-switch-slow-transform-r02,2026-09-11T13:50:34.236170962Z,89000.627,slow-transform,true,0,0,0,0,0,1783,136,61,0,16,0,59,20
retained-e8c21674a86f5d4737b23a59e2071da7754f4ff2,kill-switch-slow-transform-r02,2026-09-11T13:50:35.23598145Z,90000.437,none,true,0,0,0,0,0,1803,137,61,0,16,0,60,20
retained-e8c21674a86f5d4737b23a59e2071da7754f4ff2,kill-switch-slow-transform-r02,2026-09-11T13:50:36.236039547Z,91000.496,none,true,0,0,0,0,0,1823,139,61,0,16,0,62,20
retained-e8c21674a86f5d4737b23a59e2071da7754f4ff2,kill-switch-slow-transform-r02,2026-09-11T13:50:37.236682509Z,92001.138,none,true,0,0,0,0,0,1843,140,61,0,16,0,63,20
retained-e8c21674a86f5d4737b23a59e2071da7754f4ff2,kill-switch-slow-transform-r02,2026-09-11T13:50:38.236330435Z,93000.786,none,true,0,0,0,0,0,1863,142,61,0,16,0,65,20
retained-e8c21674a86f5d4737b23a59e2071da7754f4ff2,kill-switch-slow-transform-r02,2026-09-11T13:50:39.236071958Z,94000.528,none,true,0,0,0,0,0,1883,143,61,0,16,0,66,20
retained-e8c21674a86f5d4737b23a59e2071da7754f4ff2,kill-switch-slow-transform-r02,2026-09-11T13:50:40.235891694Z,95000.348,none,true,0,0,0,0,0,1903,145,61,0,16,0,68,20
retained-e8c21674a86f5d4737b23a59e2071da7754f4ff2,kill-switch-slow-transform-r02,2026-09-11T13:50:41.236549365Z,96001.005,none,true,0,0,0,0,0,1923,146,61,0,16,0,69,20
retained-e8c21674a86f5d4737b23a59e2071da7754f4ff2,kill-switch-slow-transform-r02,2026-09-11T13:50:42.236426962Z,97000.883,none,true,0,0,0,0,0,1943,148,61,0,16,0,71,20
retained-e8c21674a86f5d4737b23a59e2071da7754f4ff2,kill-switch-slow-transform-r02,2026-09-11T13:50:43.236743655Z,98001.200,none,true,0,0,0,0,0,1963,149,61,0,16,0,72,20
retained-e8c21674a86f5d4737b23a59e2071da7754f4ff2,kill-switch-slow-transform-r02,2026-09-11T13:50:44.236081453Z,99000.537,none,true,0,0,0,0,0,1983,151,61,0,16,0,74,20
retained-e8c21674a86f5d4737b23a59e2071da7754f4ff2,kill-switch-slow-transform-r02,2026-09-11T13:50:45.235981027Z,100000.437,none,false,0,0,0,0,0,2003,152,61,0,16,0,75,20
retained-e8c21674a86f5d4737b23a59e2071da7754f4ff2,kill-switch-slow-transform-r02,2026-09-11T13:50:46.236433992Z,101000.890,none,false,0,0,0,0,0,2023,154,63,0,16,0,75,20
retained-e8c21674a86f5d4737b23a59e2071da7754f4ff2,kill-switch-slow-transform-r02,2026-09-11T13:50:47.236654117Z,102001.110,none,false,0,0,0,0,0,2043,155,64,0,16,0,75,20
retained-e8c21674a86f5d4737b23a59e2071da7754f4ff2,kill-switch-slow-transform-r02,2026-09-11T13:50:48.236014964Z,103000.471,none,false,0,0,0,0,0,2063,157,66,0,16,0,75,20
retained-e8c21674a86f5d4737b23a59e2071da7754f4ff2,kill-switch-slow-transform-r02,2026-09-11T13:50:49.236721867Z,104001.178,none,false,0,0,0,0,0,2083,158,67,0,16,0,75,20
retained-e8c21674a86f5d4737b23a59e2071da7754f4ff2,kill-switch-slow-transform-r02,2026-09-11T13:50:50.236072305Z,105000.528,none,false,0,0,0,0,0,2103,160,69,0,16,0,75,20
retained-e8c21674a86f5d4737b23a59e2071da7754f4ff2,kill-switch-slow-transform-r02,2026-09-11T13:50:51.236717426Z,106001.173,none,false,0,0,0,0,0,2123,161,70,0,16,0,75,20
retained-e8c21674a86f5d4737b23a59e2071da7754f4ff2,kill-switch-slow-transform-r02,2026-09-11T13:50:52.236068105Z,107000.524,none,false,0,0,0,0,0,2143,163,72,0,16,0,75,20
retained-e8c21674a86f5d4737b23a59e2071da7754f4ff2,kill-switch-slow-transform-r02,2026-09-11T13:50:53.236264047Z,108000.720,none,false,0,0,0,0,0,2163,164,73,0,16,0,75,20
retained-e8c21674a86f5d4737b23a59e2071da7754f4ff2,kill-switch-slow-transform-r02,2026-09-11T13:50:54.236178935Z,109000.635,none,false,0,0,0,0,0,2183,166,75,0,16,0,75,20
retained-e8c21674a86f5d4737b23a59e2071da7754f4ff2,kill-switch-slow-transform-r02,2026-09-11T13:50:55.236729328Z,110001.185,none,false,0,0,0,0,0,2203,167,76,0,16,0,75,20
retained-e8c21674a86f5d4737b23a59e2071da7754f4ff2,kill-switch-slow-transform-r02,2026-09-11T13:50:56.236206975Z,111000.663,none,false,0,0,0,0,0,2223,169,78,0,16,0,75,20
retained-e8c21674a86f5d4737b23a59e2071da7754f4ff2,kill-switch-slow-transform-r02,2026-09-11T13:50:57.236799672Z,112001.256,none,false,0,0,0,0,0,2243,170,79,0,16,0,75,20
retained-e8c21674a86f5d4737b23a59e2071da7754f4ff2,kill-switch-slow-transform-r02,2026-09-11T13:50:58.236257767Z,113000.714,none,false,0,0,0,0,0,2263,172,81,0,16,0,75,20
retained-e8c21674a86f5d4737b23a59e2071da7754f4ff2,kill-switch-slow-transform-r02,2026-09-11T13:50:59.23632594Z,114000.782,none,false,0,0,0,0,0,2283,173,82,0,16,0,75,20
retained-e8c21674a86f5d4737b23a59e2071da7754f4ff2,kill-switch-slow-transform-r02,2026-09-11T13:51:00.23601191Z,115000.468,none,false,0,0,0,0,0,2303,175,84,0,16,0,75,20
retained-e8c21674a86f5d4737b23a59e2071da7754f4ff2,kill-switch-slow-transform-r02,2026-09-11T13:51:01.236140961Z,116000.597,none,false,0,0,0,0,0,2323,176,85,0,16,0,75,20
retained-e8c21674a86f5d4737b23a59e2071da7754f4ff2,kill-switch-slow-transform-r02,2026-09-11T13:51:05.56671074Z,117000.713,none,false,0,0,0,0,0,2342,178,87,0,16,0,75,20
retained-e8c21674a86f5d4737b23a59e2071da7754f4ff2,kill-switch-slow-transform-r02,2026-09-11T13:51:06.567096455Z,118001.099,none,false,0,0,0,0,0,2362,179,88,0,16,0,75,20
retained-e8c21674a86f5d4737b23a59e2071da7754f4ff2,kill-switch-slow-transform-r02,2026-09-11T13:51:07.567029381Z,119001.032,none,false,0,0,0,0,0,2382,181,90,0,16,0,75,20
retained-e8c21674a86f5d4737b23a59e2071da7754f4ff2,kill-switch-slow-transform-r02,2026-09-11T13:51:08.566264131Z,120000.266,none,false,0,0,0,0,0,2402,182,91,0,16,0,75,20
retained-e8c21674a86f5d4737b23a59e2071da7754f4ff2,kill-switch-slow-transform-r02,2026-09-11T13:51:09.566839436Z,121000.842,none,false,0,0,0,0,0,2422,184,93,0,16,0,75,20
retained-e8c21674a86f5d4737b23a59e2071da7754f4ff2,kill-switch-slow-transform-r02,2026-09-11T13:51:10.566947278Z,122000.949,none,false,0,0,0,0,0,2442,185,94,0,16,0,75,20
retained-e8c21674a86f5d4737b23a59e2071da7754f4ff2,kill-switch-slow-transform-r02,2026-09-11T13:51:11.566507136Z,123000.509,none,false,0,0,0,0,0,2462,187,96,0,16,0,75,20
retained-e8c21674a86f5d4737b23a59e2071da7754f4ff2,kill-switch-slow-transform-r02,2026-09-11T13:51:12.567024771Z,124001.027,none,false,0,0,0,0,0,2482,188,97,0,16,0,75,20
retained-e8c21674a86f5d4737b23a59e2071da7754f4ff2,kill-switch-slow-transform-r02,2026-09-11T13:51:13.567024878Z,125001.027,none,false,0,0,0,0,0,2502,190,99,0,16,0,75,20
retained-e8c21674a86f5d4737b23a59e2071da7754f4ff2,kill-switch-slow-transform-r02,2026-09-11T13:51:14.567163245Z,126001.165,none,false,0,0,0,0,0,2522,191,100,0,16,0,75,20
retained-e8c21674a86f5d4737b23a59e2071da7754f4ff2,kill-switch-slow-transform-r02,2026-09-11T13:51:15.566595548Z,127000.598,none,false,0,0,0,0,0,2543,193,102,0,16,0,75,20
retained-e8c21674a86f5d4737b23a59e2071da7754f4ff2,kill-switch-slow-transform-r02,2026-09-11T13:51:16.566853496Z,128000.856,none,false,0,0,0,0,0,2562,194,103,0,16,0,75,20
retained-e8c21674a86f5d4737b23a59e2071da7754f4ff2,kill-switch-slow-transform-r02,2026-09-11T13:51:17.566840795Z,129000.843,none,false,0,0,0,0,0,2582,196,105,0,16,0,75,20
retained-e8c21674a86f5d4737b23a59e2071da7754f4ff2,kill-switch-slow-transform-r02,2026-09-11T13:51:18.56703904Z,130001.041,none,false,0,0,0,0,0,2602,197,106,0,16,0,75,20
retained-e8c21674a86f5d4737b23a59e2071da7754f4ff2,kill-switch-slow-transform-r02,2026-09-11T13:51:19.566573432Z,131000.576,none,false,0,0,0,0,0,2622,199,108,0,16,0,75,20
retained-e8c21674a86f5d4737b23a59e2071da7754f4ff2,kill-switch-slow-transform-r02,2026-09-11T13:51:20.566254047Z,132000.256,none,false,0,0,0,0,0,2642,200,109,0,16,0,75,20
retained-e8c21674a86f5d4737b23a59e2071da7754f4ff2,kill-switch-slow-transform-r02,2026-09-11T13:51:21.566954401Z,133000.957,none,false,0,0,0,0,0,2662,202,111,0,16,0,75,20
retained-e8c21674a86f5d4737b23a59e2071da7754f4ff2,kill-switch-slow-transform-r02,2026-09-11T13:51:22.566632902Z,134000.635,none,false,0,0,0,0,0,2682,203,112,0,16,0,75,20
retained-e8c21674a86f5d4737b23a59e2071da7754f4ff2,kill-switch-slow-transform-r02,2026-09-11T13:51:23.56655775Z,135000.560,none,false,0,0,0,0,0,2702,205,114,0,16,0,75,20
retained-e8c21674a86f5d4737b23a59e2071da7754f4ff2,kill-switch-slow-transform-r02,2026-09-11T13:51:24.56628003Z,136000.282,none,false,0,0,0,0,0,2722,206,115,0,16,0,75,20
retained-e8c21674a86f5d4737b23a59e2071da7754f4ff2,kill-switch-slow-transform-r02,2026-09-11T13:51:25.566593393Z,137000.596,none,false,0,0,0,0,0,2742,208,117,0,16,0,75,20
retained-e8c21674a86f5d4737b23a59e2071da7754f4ff2,kill-switch-slow-transform-r02,2026-09-11T13:51:26.566654243Z,138000.656,none,false,0,0,0,0,0,2762,209,118,0,16,0,75,20
retained-e8c21674a86f5d4737b23a59e2071da7754f4ff2,kill-switch-slow-transform-r02,2026-09-11T13:51:27.566674404Z,139000.677,none,false,0,0,0,0,0,2782,211,120,0,16,0,75,20
retained-e8c21674a86f5d4737b23a59e2071da7754f4ff2,kill-switch-slow-transform-r02,2026-09-11T13:51:28.566684157Z,140000.686,none,false,0,0,0,0,0,2802,212,121,0,16,0,75,20
retained-e8c21674a86f5d4737b23a59e2071da7754f4ff2,kill-switch-slow-transform-r02,2026-09-11T13:51:29.566467876Z,141000.470,none,false,0,0,0,0,0,2822,214,123,0,16,0,75,20
retained-e8c21674a86f5d4737b23a59e2071da7754f4ff2,kill-switch-slow-transform-r02,2026-09-11T13:51:30.566235814Z,142000.238,none,false,0,0,0,0,0,2842,215,124,0,16,0,75,20
retained-e8c21674a86f5d4737b23a59e2071da7754f4ff2,kill-switch-slow-transform-r02,2026-09-11T13:51:31.567067767Z,143001.070,none,false,0,0,0,0,0,2862,217,126,0,16,0,75,20
retained-e8c21674a86f5d4737b23a59e2071da7754f4ff2,kill-switch-slow-transform-r02,2026-09-11T13:51:32.566688599Z,144000.691,none,false,0,0,0,0,0,2882,218,127,0,16,0,75,20
retained-e8c21674a86f5d4737b23a59e2071da7754f4ff2,kill-switch-slow-transform-r02,2026-09-11T13:51:33.566920284Z,145000.923,none,false,0,0,0,0,0,2902,220,129,0,16,0,75,20
retained-e8c21674a86f5d4737b23a59e2071da7754f4ff2,kill-switch-slow-transform-r02,2026-09-11T13:51:34.566665582Z,146000.668,none,false,0,0,0,0,0,2922,221,130,0,16,0,75,20
retained-e8c21674a86f5d4737b23a59e2071da7754f4ff2,kill-switch-slow-transform-r02,2026-09-11T13:51:38.900147285Z,147001.030,none,false,0,0,0,0,0,2942,223,132,0,16,0,75,20
retained-e8c21674a86f5d4737b23a59e2071da7754f4ff2,kill-switch-slow-transform-r02,2026-09-11T13:51:39.900060241Z,148000.943,none,false,0,0,0,0,0,2962,224,133,0,16,0,75,20
retained-e8c21674a86f5d4737b23a59e2071da7754f4ff2,kill-switch-slow-transform-r02,2026-09-11T13:51:40.900165974Z,149001.048,none,false,0,0,0,0,0,2982,226,135,0,16,0,75,20
retained-e8c21674a86f5d4737b23a59e2071da7754f4ff2,kill-switch-slow-transform-r02,2026-09-11T13:51:41.900098471Z,150000.981,none,false,0,0,0,0,0,3002,227,136,0,16,0,75,20
retained-e8c21674a86f5d4737b23a59e2071da7754f4ff2,kill-switch-slow-transform-r02,2026-09-11T13:51:41.900127281Z,150001.010,none,false,0,0,0,0,0,3002,227,136,0,16,0,75,20
retained-e8c21674a86f5d4737b23a59e2071da7754f4ff2,bounded-wait-transform-timeout-r02,2026-09-11T13:51:43.140311732Z,0.018,none,false,0,0,0,0,0,4,4,4,0,0,0,0,0
retained-e8c21674a86f5d4737b23a59e2071da7754f4ff2,bounded-wait-transform-timeout-r02,2026-09-11T13:51:44.141237797Z,1000.944,none,false,0,0,0,0,0,23,4,4,0,0,0,0,0
retained-e8c21674a86f5d4737b23a59e2071da7754f4ff2,bounded-wait-transform-timeout-r02,2026-09-11T13:51:45.14133388Z,2001.040,none,false,0,0,0,0,0,43,5,5,0,0,0,0,0
retained-e8c21674a86f5d4737b23a59e2071da7754f4ff2,bounded-wait-transform-timeout-r02,2026-09-11T13:51:46.140377821Z,3000.084,none,false,0,0,0,0,0,63,7,7,0,0,0,0,0
retained-e8c21674a86f5d4737b23a59e2071da7754f4ff2,bounded-wait-transform-timeout-r02,2026-09-11T13:51:47.14069371Z,4000.399,none,false,0,0,0,0,0,83,8,8,0,0,0,0,0
retained-e8c21674a86f5d4737b23a59e2071da7754f4ff2,bounded-wait-transform-timeout-r02,2026-09-11T13:51:48.141309527Z,5001.015,none,false,0,0,0,0,0,103,10,10,0,0,0,0,0
retained-e8c21674a86f5d4737b23a59e2071da7754f4ff2,bounded-wait-transform-timeout-r02,2026-09-11T13:51:49.140699799Z,6000.406,none,false,0,0,0,0,0,123,11,11,0,0,0,0,0
retained-e8c21674a86f5d4737b23a59e2071da7754f4ff2,bounded-wait-transform-timeout-r02,2026-09-11T13:51:50.141493523Z,7001.199,none,false,0,0,0,0,0,143,13,13,0,0,0,0,0
retained-e8c21674a86f5d4737b23a59e2071da7754f4ff2,bounded-wait-transform-timeout-r02,2026-09-11T13:51:51.141560465Z,8001.266,none,false,0,0,1,0,0,163,15,14,0,0,0,0,0
retained-e8c21674a86f5d4737b23a59e2071da7754f4ff2,bounded-wait-transform-timeout-r02,2026-09-11T13:51:52.140994564Z,9000.700,none,false,0,0,0,0,0,183,16,16,0,0,0,0,0
retained-e8c21674a86f5d4737b23a59e2071da7754f4ff2,bounded-wait-transform-timeout-r02,2026-09-11T13:51:53.141248694Z,10000.954,none,false,0,0,0,0,0,203,17,17,0,0,0,0,0
retained-e8c21674a86f5d4737b23a59e2071da7754f4ff2,bounded-wait-transform-timeout-r02,2026-09-11T13:51:54.140373763Z,11000.080,none,false,0,0,0,0,0,223,19,19,0,0,0,0,0
retained-e8c21674a86f5d4737b23a59e2071da7754f4ff2,bounded-wait-transform-timeout-r02,2026-09-11T13:51:55.141305905Z,12001.012,none,false,0,0,0,0,0,243,20,20,0,0,0,0,0
retained-e8c21674a86f5d4737b23a59e2071da7754f4ff2,bounded-wait-transform-timeout-r02,2026-09-11T13:51:56.140779228Z,13000.485,none,false,0,0,0,0,0,263,22,22,0,0,0,0,0
retained-e8c21674a86f5d4737b23a59e2071da7754f4ff2,bounded-wait-transform-timeout-r02,2026-09-11T13:51:57.140713555Z,14000.419,none,false,0,0,0,0,0,283,23,23,0,0,0,0,0
retained-e8c21674a86f5d4737b23a59e2071da7754f4ff2,bounded-wait-transform-timeout-r02,2026-09-11T13:51:58.1411262Z,15000.832,none,false,0,0,0,0,0,303,25,25,0,0,0,0,0
retained-e8c21674a86f5d4737b23a59e2071da7754f4ff2,bounded-wait-transform-timeout-r02,2026-09-11T13:51:59.140778581Z,16000.484,none,false,0,0,0,0,0,323,26,26,0,0,0,0,0
retained-e8c21674a86f5d4737b23a59e2071da7754f4ff2,bounded-wait-transform-timeout-r02,2026-09-11T13:52:00.141135168Z,17000.841,none,false,0,0,0,0,0,343,28,28,0,0,0,0,0
retained-e8c21674a86f5d4737b23a59e2071da7754f4ff2,bounded-wait-transform-timeout-r02,2026-09-11T13:52:01.141003021Z,18000.709,none,false,0,0,0,0,0,363,29,29,0,0,0,0,0
retained-e8c21674a86f5d4737b23a59e2071da7754f4ff2,bounded-wait-transform-timeout-r02,2026-09-11T13:52:02.140695201Z,19000.401,none,false,0,0,0,0,0,383,31,31,0,0,0,0,0
retained-e8c21674a86f5d4737b23a59e2071da7754f4ff2,bounded-wait-transform-timeout-r02,2026-09-11T13:52:03.14136783Z,20001.074,none,false,0,0,0,0,0,403,32,32,0,0,0,0,0
retained-e8c21674a86f5d4737b23a59e2071da7754f4ff2,bounded-wait-transform-timeout-r02,2026-09-11T13:52:04.140989674Z,21000.695,none,false,0,0,0,0,0,423,34,34,0,0,0,0,0
retained-e8c21674a86f5d4737b23a59e2071da7754f4ff2,bounded-wait-transform-timeout-r02,2026-09-11T13:52:05.140729852Z,22000.436,none,false,0,0,0,0,0,443,35,35,0,0,0,0,0
retained-e8c21674a86f5d4737b23a59e2071da7754f4ff2,bounded-wait-transform-timeout-r02,2026-09-11T13:52:06.141358278Z,23001.064,none,false,0,0,0,0,0,463,37,37,0,0,0,0,0
retained-e8c21674a86f5d4737b23a59e2071da7754f4ff2,bounded-wait-transform-timeout-r02,2026-09-11T13:52:07.140946627Z,24000.652,none,false,0,0,0,0,0,483,38,38,0,0,0,0,0
retained-e8c21674a86f5d4737b23a59e2071da7754f4ff2,bounded-wait-transform-timeout-r02,2026-09-11T13:52:08.141417159Z,25001.123,none,false,0,0,0,0,0,503,40,40,0,0,0,0,0
retained-e8c21674a86f5d4737b23a59e2071da7754f4ff2,bounded-wait-transform-timeout-r02,2026-09-11T13:52:12.476059086Z,26000.718,none,false,0,0,0,0,0,523,41,41,0,0,0,0,0
retained-e8c21674a86f5d4737b23a59e2071da7754f4ff2,bounded-wait-transform-timeout-r02,2026-09-11T13:52:13.476093776Z,27000.753,none,false,0,0,0,0,0,543,43,43,0,0,0,0,0
retained-e8c21674a86f5d4737b23a59e2071da7754f4ff2,bounded-wait-transform-timeout-r02,2026-09-11T13:52:14.475709031Z,28000.368,none,false,0,0,0,0,0,563,44,44,0,0,0,0,0
retained-e8c21674a86f5d4737b23a59e2071da7754f4ff2,bounded-wait-transform-timeout-r02,2026-09-11T13:52:15.475926224Z,29000.586,none,false,0,0,0,0,0,583,46,46,0,0,0,0,0
retained-e8c21674a86f5d4737b23a59e2071da7754f4ff2,bounded-wait-transform-timeout-r02,2026-09-11T13:52:16.476035852Z,30000.695,transform-timeout,false,0,0,0,0,0,603,47,47,0,0,0,0,0
retained-e8c21674a86f5d4737b23a59e2071da7754f4ff2,bounded-wait-transform-timeout-r02,2026-09-11T13:52:17.475962562Z,31000.622,transform-timeout,false,1,0,1,0,4075024,623,49,48,0,0,0,0,1
retained-e8c21674a86f5d4737b23a59e2071da7754f4ff2,bounded-wait-transform-timeout-r02,2026-09-11T13:52:18.476241168Z,32000.901,transform-timeout,false,2,0,2,0,8150048,643,50,48,0,0,0,0,2
retained-e8c21674a86f5d4737b23a59e2071da7754f4ff2,bounded-wait-transform-timeout-r02,2026-09-11T13:52:19.476046875Z,33000.706,transform-timeout,false,3,0,3,0,12225072,663,52,49,0,0,0,0,3
retained-e8c21674a86f5d4737b23a59e2071da7754f4ff2,bounded-wait-transform-timeout-r02,2026-09-11T13:52:20.475558637Z,34000.218,transform-timeout,false,4,0,4,0,16300096,683,53,49,0,0,0,0,4
retained-e8c21674a86f5d4737b23a59e2071da7754f4ff2,bounded-wait-transform-timeout-r02,2026-09-11T13:52:21.475400234Z,35000.060,transform-timeout,false,4,2,6,0,16300096,703,55,49,0,0,0,0,4
retained-e8c21674a86f5d4737b23a59e2071da7754f4ff2,bounded-wait-transform-timeout-r02,2026-09-11T13:52:22.476465721Z,36001.125,transform-timeout,false,4,2,6,0,16300096,723,56,49,0,0,1,0,4
retained-e8c21674a86f5d4737b23a59e2071da7754f4ff2,bounded-wait-transform-timeout-r02,2026-09-11T13:52:23.475840303Z,37000.500,transform-timeout,false,4,2,6,0,16300096,743,58,49,0,0,3,0,4
retained-e8c21674a86f5d4737b23a59e2071da7754f4ff2,bounded-wait-transform-timeout-r02,2026-09-11T13:52:24.476546231Z,38001.206,transform-timeout,false,4,3,7,0,16300096,763,59,49,0,0,3,0,4
retained-e8c21674a86f5d4737b23a59e2071da7754f4ff2,bounded-wait-transform-timeout-r02,2026-09-11T13:52:25.4755637Z,39000.223,transform-timeout,false,4,3,7,0,16300096,783,61,49,0,0,5,0,4
retained-e8c21674a86f5d4737b23a59e2071da7754f4ff2,bounded-wait-transform-timeout-r02,2026-09-11T13:52:26.475610296Z,40000.270,transform-timeout,false,4,3,7,0,16300096,803,62,49,0,0,6,0,4
retained-e8c21674a86f5d4737b23a59e2071da7754f4ff2,bounded-wait-transform-timeout-r02,2026-09-11T13:52:27.476288314Z,41000.948,transform-timeout,false,4,2,6,0,16300096,823,64,49,0,0,9,0,4
retained-e8c21674a86f5d4737b23a59e2071da7754f4ff2,bounded-wait-transform-timeout-r02,2026-09-11T13:52:28.476180572Z,42000.840,transform-timeout,false,4,2,6,0,16300096,843,65,49,0,0,10,0,4
retained-e8c21674a86f5d4737b23a59e2071da7754f4ff2,bounded-wait-transform-timeout-r02,2026-09-11T13:52:29.47560175Z,43000.261,transform-timeout,false,4,3,7,0,16300096,863,67,49,0,0,11,0,4
retained-e8c21674a86f5d4737b23a59e2071da7754f4ff2,bounded-wait-transform-timeout-r02,2026-09-11T13:52:30.476263657Z,44000.923,transform-timeout,false,4,3,7,0,16300096,883,68,49,0,0,12,0,4
retained-e8c21674a86f5d4737b23a59e2071da7754f4ff2,bounded-wait-transform-timeout-r02,2026-09-11T13:52:31.476324603Z,45000.984,transform-timeout,false,4,2,6,0,16300096,903,70,49,0,0,15,0,4
retained-e8c21674a86f5d4737b23a59e2071da7754f4ff2,bounded-wait-transform-timeout-r02,2026-09-11T13:52:32.476273422Z,46000.933,transform-timeout,false,4,3,7,0,16300096,923,71,49,0,0,15,0,4
retained-e8c21674a86f5d4737b23a59e2071da7754f4ff2,bounded-wait-transform-timeout-r02,2026-09-11T13:52:33.47579573Z,47000.455,transform-timeout,false,4,3,7,0,16300096,943,73,49,0,0,17,0,4
retained-e8c21674a86f5d4737b23a59e2071da7754f4ff2,bounded-wait-transform-timeout-r02,2026-09-11T13:52:34.476113917Z,48000.773,transform-timeout,false,4,3,7,0,16300096,963,74,49,0,0,18,0,4
retained-e8c21674a86f5d4737b23a59e2071da7754f4ff2,bounded-wait-transform-timeout-r02,2026-09-11T13:52:35.475850525Z,49000.510,transform-timeout,false,4,3,7,0,16300096,983,76,49,0,0,20,0,4
retained-e8c21674a86f5d4737b23a59e2071da7754f4ff2,bounded-wait-transform-timeout-r02,2026-09-11T13:52:36.47557512Z,50000.235,transform-timeout,false,4,3,7,0,16300096,1003,77,49,0,0,21,0,4
retained-e8c21674a86f5d4737b23a59e2071da7754f4ff2,bounded-wait-transform-timeout-r02,2026-09-11T13:52:37.475790315Z,51000.450,transform-timeout,false,4,2,6,0,16300096,1023,79,49,0,1,23,0,5
retained-e8c21674a86f5d4737b23a59e2071da7754f4ff2,bounded-wait-transform-timeout-r02,2026-09-11T13:52:38.475549052Z,52000.208,transform-timeout,false,4,2,6,0,16300096,1043,80,49,0,2,23,0,6
retained-e8c21674a86f5d4737b23a59e2071da7754f4ff2,bounded-wait-transform-timeout-r02,2026-09-11T13:52:39.475925451Z,53000.585,transform-timeout,false,4,2,6,0,16300096,1063,82,49,0,3,24,0,7
retained-e8c21674a86f5d4737b23a59e2071da7754f4ff2,bounded-wait-transform-timeout-r02,2026-09-11T13:52:40.475629786Z,54000.289,transform-timeout,false,4,2,6,0,16300096,1083,83,49,0,4,24,0,8
retained-e8c21674a86f5d4737b23a59e2071da7754f4ff2,bounded-wait-transform-timeout-r02,2026-09-11T13:52:41.476525Z,55001.184,transform-timeout,false,4,2,6,0,16300096,1103,85,49,0,4,26,0,8
retained-e8c21674a86f5d4737b23a59e2071da7754f4ff2,bounded-wait-transform-timeout-r02,2026-09-11T13:52:45.823487761Z,56000.710,transform-timeout,false,4,1,5,0,16300096,1123,86,49,0,4,28,0,8
retained-e8c21674a86f5d4737b23a59e2071da7754f4ff2,bounded-wait-transform-timeout-r02,2026-09-11T13:52:46.823231343Z,57000.453,transform-timeout,false,4,3,7,0,16300096,1143,88,49,0,4,28,0,8
retained-e8c21674a86f5d4737b23a59e2071da7754f4ff2,bounded-wait-transform-timeout-r02,2026-09-11T13:52:47.823465194Z,58000.687,transform-timeout,false,4,3,7,0,16300096,1163,89,49,0,4,29,0,8
retained-e8c21674a86f5d4737b23a59e2071da7754f4ff2,bounded-wait-transform-timeout-r02,2026-09-11T13:52:48.823492414Z,59000.714,transform-timeout,false,4,2,6,0,16300096,1183,91,49,0,4,32,0,8
retained-e8c21674a86f5d4737b23a59e2071da7754f4ff2,bounded-wait-transform-timeout-r02,2026-09-11T13:52:49.823556914Z,60000.779,transform-timeout,false,4,3,7,0,16300096,1203,92,49,0,4,32,0,8
retained-e8c21674a86f5d4737b23a59e2071da7754f4ff2,bounded-wait-transform-timeout-r02,2026-09-11T13:52:50.823638028Z,61000.860,transform-timeout,false,4,3,7,0,16300096,1223,94,49,0,4,34,0,8
retained-e8c21674a86f5d4737b23a59e2071da7754f4ff2,bounded-wait-transform-timeout-r02,2026-09-11T13:52:51.823234307Z,62000.456,transform-timeout,false,4,3,7,0,16300096,1243,95,49,0,4,35,0,8
retained-e8c21674a86f5d4737b23a59e2071da7754f4ff2,bounded-wait-transform-timeout-r02,2026-09-11T13:52:52.823180439Z,63000.403,transform-timeout,false,4,3,7,0,16300096,1263,97,49,0,4,37,0,8
retained-e8c21674a86f5d4737b23a59e2071da7754f4ff2,bounded-wait-transform-timeout-r02,2026-09-11T13:52:53.823337737Z,64000.560,transform-timeout,false,4,3,7,0,16300096,1283,98,49,0,4,38,0,8
retained-e8c21674a86f5d4737b23a59e2071da7754f4ff2,bounded-wait-transform-timeout-r02,2026-09-11T13:52:54.82312571Z,65000.348,transform-timeout,false,4,3,7,0,16300096,1303,100,49,0,4,40,0,8
retained-e8c21674a86f5d4737b23a59e2071da7754f4ff2,bounded-wait-transform-timeout-r02,2026-09-11T13:52:55.823184129Z,66000.406,transform-timeout,false,4,3,7,0,16300096,1323,101,49,0,4,41,0,8
retained-e8c21674a86f5d4737b23a59e2071da7754f4ff2,bounded-wait-transform-timeout-r02,2026-09-11T13:52:56.823819806Z,67001.042,transform-timeout,false,4,2,6,0,16300096,1343,103,49,0,4,44,0,8
retained-e8c21674a86f5d4737b23a59e2071da7754f4ff2,bounded-wait-transform-timeout-r02,2026-09-11T13:52:57.823033345Z,68000.255,transform-timeout,false,4,3,7,0,16300096,1363,104,49,0,4,44,0,8
retained-e8c21674a86f5d4737b23a59e2071da7754f4ff2,bounded-wait-transform-timeout-r02,2026-09-11T13:52:58.822956087Z,69000.178,transform-timeout,false,4,3,7,0,16300096,1383,106,49,0,4,46,0,8
retained-e8c21674a86f5d4737b23a59e2071da7754f4ff2,bounded-wait-transform-timeout-r02,2026-09-11T13:52:59.822853608Z,70000.076,transform-timeout,false,4,3,7,0,16300096,1403,107,49,0,5,46,0,9
retained-e8c21674a86f5d4737b23a59e2071da7754f4ff2,bounded-wait-transform-timeout-r02,2026-09-11T13:53:00.823080876Z,71000.303,transform-timeout,false,4,2,6,0,16300096,1423,109,49,0,6,48,0,10
retained-e8c21674a86f5d4737b23a59e2071da7754f4ff2,bounded-wait-transform-timeout-r02,2026-09-11T13:53:01.823670796Z,72000.893,transform-timeout,false,3,2,5,0,12225072,1443,110,49,0,8,48,0,11
retained-e8c21674a86f5d4737b23a59e2071da7754f4ff2,bounded-wait-transform-timeout-r02,2026-09-11T13:53:02.823767781Z,73000.990,transform-timeout,false,4,2,6,0,16300096,1463,112,49,0,8,49,0,12
retained-e8c21674a86f5d4737b23a59e2071da7754f4ff2,bounded-wait-transform-timeout-r02,2026-09-11T13:53:03.823516101Z,74000.738,transform-timeout,false,4,3,7,0,16300096,1483,113,49,0,8,49,0,12
retained-e8c21674a86f5d4737b23a59e2071da7754f4ff2,bounded-wait-transform-timeout-r02,2026-09-11T13:53:04.823160017Z,75000.382,transform-timeout,false,4,3,7,0,16300096,1503,115,49,0,8,51,0,12
retained-e8c21674a86f5d4737b23a59e2071da7754f4ff2,bounded-wait-transform-timeout-r02,2026-09-11T13:53:05.822998504Z,76000.221,transform-timeout,false,4,3,7,0,16300096,1523,116,49,0,8,52,0,12
retained-e8c21674a86f5d4737b23a59e2071da7754f4ff2,bounded-wait-transform-timeout-r02,2026-09-11T13:53:06.823732516Z,77000.955,transform-timeout,false,4,2,6,0,16300096,1543,118,49,0,8,55,0,12
retained-e8c21674a86f5d4737b23a59e2071da7754f4ff2,bounded-wait-transform-timeout-r02,2026-09-11T13:53:07.822934999Z,78000.157,transform-timeout,false,4,3,7,0,16300096,1563,119,49,0,8,55,0,12
retained-e8c21674a86f5d4737b23a59e2071da7754f4ff2,bounded-wait-transform-timeout-r02,2026-09-11T13:53:08.823042991Z,79000.265,transform-timeout,false,4,3,7,0,16300096,1583,121,49,0,8,57,0,12
retained-e8c21674a86f5d4737b23a59e2071da7754f4ff2,bounded-wait-transform-timeout-r02,2026-09-11T13:53:09.823725969Z,80000.948,transform-timeout,false,4,2,6,0,16300096,1603,122,49,0,8,59,0,12
retained-e8c21674a86f5d4737b23a59e2071da7754f4ff2,bounded-wait-transform-timeout-r02,2026-09-11T13:53:10.823906607Z,81001.129,transform-timeout,false,4,2,6,0,16300096,1623,124,49,0,8,61,0,12
retained-e8c21674a86f5d4737b23a59e2071da7754f4ff2,bounded-wait-transform-timeout-r02,2026-09-11T13:53:11.823825896Z,82001.048,transform-timeout,false,4,3,7,0,16300096,1643,125,49,0,8,61,0,12
retained-e8c21674a86f5d4737b23a59e2071da7754f4ff2,bounded-wait-transform-timeout-r02,2026-09-11T13:53:12.823425134Z,83000.647,transform-timeout,false,4,3,7,0,16300096,1663,127,49,0,8,63,0,12
retained-e8c21674a86f5d4737b23a59e2071da7754f4ff2,bounded-wait-transform-timeout-r02,2026-09-11T13:53:13.823160657Z,84000.383,transform-timeout,false,4,3,7,0,16300096,1683,128,49,0,8,64,0,12
retained-e8c21674a86f5d4737b23a59e2071da7754f4ff2,bounded-wait-transform-timeout-r02,2026-09-11T13:53:14.823157991Z,85000.380,transform-timeout,false,4,3,7,0,16300096,1703,130,49,0,8,66,0,12
retained-e8c21674a86f5d4737b23a59e2071da7754f4ff2,bounded-wait-transform-timeout-r02,2026-09-11T13:53:19.158647123Z,86001.111,transform-timeout,false,4,1,5,0,16300096,1723,131,49,0,8,69,0,12
retained-e8c21674a86f5d4737b23a59e2071da7754f4ff2,bounded-wait-transform-timeout-r02,2026-09-11T13:53:20.157809145Z,87000.274,transform-timeout,false,4,3,7,0,16300096,1743,133,49,0,8,69,0,12
retained-e8c21674a86f5d4737b23a59e2071da7754f4ff2,bounded-wait-transform-timeout-r02,2026-09-11T13:53:21.158506047Z,88000.970,transform-timeout,false,4,2,6,0,16300096,1763,134,49,0,9,70,0,13
retained-e8c21674a86f5d4737b23a59e2071da7754f4ff2,bounded-wait-transform-timeout-r02,2026-09-11T13:53:22.158291501Z,89000.756,transform-timeout,false,3,1,5,0,12225072,1783,136,49,0,10,72,0,13
retained-e8c21674a86f5d4737b23a59e2071da7754f4ff2,bounded-wait-transform-timeout-r02,2026-09-11T13:53:23.157938822Z,90000.403,transform-timeout,false,3,2,5,0,12225072,1803,137,49,0,11,72,0,14
retained-e8c21674a86f5d4737b23a59e2071da7754f4ff2,bounded-wait-transform-timeout-r02,2026-09-11T13:53:24.158587591Z,91001.052,none,false,3,0,3,0,12225072,1823,139,52,0,12,72,0,14
retained-e8c21674a86f5d4737b23a59e2071da7754f4ff2,bounded-wait-transform-timeout-r02,2026-09-11T13:53:25.157838173Z,92000.303,none,false,2,0,2,0,8150048,1843,140,54,0,12,72,0,14
retained-e8c21674a86f5d4737b23a59e2071da7754f4ff2,bounded-wait-transform-timeout-r02,2026-09-11T13:53:26.158344656Z,93000.809,none,false,2,0,2,0,8150048,1863,142,56,0,12,72,0,14
retained-e8c21674a86f5d4737b23a59e2071da7754f4ff2,bounded-wait-transform-timeout-r02,2026-09-11T13:53:27.158121764Z,94000.586,none,false,2,0,2,0,8150048,1883,143,57,0,12,72,0,14
retained-e8c21674a86f5d4737b23a59e2071da7754f4ff2,bounded-wait-transform-timeout-r02,2026-09-11T13:53:28.158524861Z,95000.989,none,false,2,0,2,0,8150048,1903,145,59,0,12,72,0,14
retained-e8c21674a86f5d4737b23a59e2071da7754f4ff2,bounded-wait-transform-timeout-r02,2026-09-11T13:53:29.157836336Z,96000.301,none,false,2,0,2,0,8150048,1923,146,60,0,12,72,0,14
retained-e8c21674a86f5d4737b23a59e2071da7754f4ff2,bounded-wait-transform-timeout-r02,2026-09-11T13:53:30.158557563Z,97001.022,none,false,2,0,2,0,8150048,1943,148,62,0,12,72,0,14
retained-e8c21674a86f5d4737b23a59e2071da7754f4ff2,bounded-wait-transform-timeout-r02,2026-09-11T13:53:31.15824992Z,98000.714,none,false,2,0,2,0,8150048,1963,149,63,0,12,72,0,14
retained-e8c21674a86f5d4737b23a59e2071da7754f4ff2,bounded-wait-transform-timeout-r02,2026-09-11T13:53:32.158207434Z,99000.672,none,false,2,0,2,0,8150048,1983,151,65,0,12,72,0,14
retained-e8c21674a86f5d4737b23a59e2071da7754f4ff2,bounded-wait-transform-timeout-r02,2026-09-11T13:53:33.158627349Z,100001.092,none,false,2,0,2,0,8150048,2003,152,66,0,12,72,0,14
retained-e8c21674a86f5d4737b23a59e2071da7754f4ff2,bounded-wait-transform-timeout-r02,2026-09-11T13:53:34.158571788Z,101001.036,none,false,2,0,2,0,8150048,2023,154,68,0,12,72,0,14
retained-e8c21674a86f5d4737b23a59e2071da7754f4ff2,bounded-wait-transform-timeout-r02,2026-09-11T13:53:35.158549704Z,102001.014,none,false,2,0,2,0,8150048,2043,155,69,0,12,72,0,14
retained-e8c21674a86f5d4737b23a59e2071da7754f4ff2,bounded-wait-transform-timeout-r02,2026-09-11T13:53:36.158601601Z,103001.066,none,false,2,0,2,0,8150048,2063,157,71,0,12,72,0,14
retained-e8c21674a86f5d4737b23a59e2071da7754f4ff2,bounded-wait-transform-timeout-r02,2026-09-11T13:53:37.158562166Z,104001.027,none,false,2,0,2,0,8150048,2083,158,72,0,12,72,0,14
retained-e8c21674a86f5d4737b23a59e2071da7754f4ff2,bounded-wait-transform-timeout-r02,2026-09-11T13:53:38.158672416Z,105001.137,none,false,2,0,2,0,8150048,2103,160,74,0,12,72,0,14
retained-e8c21674a86f5d4737b23a59e2071da7754f4ff2,bounded-wait-transform-timeout-r02,2026-09-11T13:53:39.158001906Z,106000.466,none,false,2,0,2,0,8150048,2123,161,75,0,12,72,0,14
retained-e8c21674a86f5d4737b23a59e2071da7754f4ff2,bounded-wait-transform-timeout-r02,2026-09-11T13:53:40.158033707Z,107000.498,none,false,1,0,1,0,4075024,2143,163,77,0,13,72,0,14
retained-e8c21674a86f5d4737b23a59e2071da7754f4ff2,bounded-wait-transform-timeout-r02,2026-09-11T13:53:41.158465473Z,108000.930,none,false,1,0,1,0,4075024,2163,164,78,0,13,72,0,14
retained-e8c21674a86f5d4737b23a59e2071da7754f4ff2,bounded-wait-transform-timeout-r02,2026-09-11T13:53:42.157871698Z,109000.336,none,false,0,0,0,0,0,2183,166,80,0,14,72,0,14
retained-e8c21674a86f5d4737b23a59e2071da7754f4ff2,bounded-wait-transform-timeout-r02,2026-09-11T13:53:43.158434264Z,110000.899,none,false,0,0,0,0,0,2203,167,81,0,14,72,0,14
retained-e8c21674a86f5d4737b23a59e2071da7754f4ff2,bounded-wait-transform-timeout-r02,2026-09-11T13:53:44.157880016Z,111000.344,none,false,0,0,0,0,0,2223,169,83,0,14,72,0,14
retained-e8c21674a86f5d4737b23a59e2071da7754f4ff2,bounded-wait-transform-timeout-r02,2026-09-11T13:53:45.158544466Z,112001.009,none,false,0,0,0,0,0,2243,170,84,0,14,72,0,14
retained-e8c21674a86f5d4737b23a59e2071da7754f4ff2,bounded-wait-transform-timeout-r02,2026-09-11T13:53:46.158035623Z,113000.500,none,false,0,0,0,0,0,2263,172,86,0,14,72,0,14
retained-e8c21674a86f5d4737b23a59e2071da7754f4ff2,bounded-wait-transform-timeout-r02,2026-09-11T13:53:47.158040992Z,114000.505,none,false,0,0,0,0,0,2283,173,87,0,14,72,0,14
retained-e8c21674a86f5d4737b23a59e2071da7754f4ff2,bounded-wait-transform-timeout-r02,2026-09-11T13:53:48.158621508Z,115001.086,none,false,0,0,0,0,0,2303,175,89,0,14,72,0,14
retained-e8c21674a86f5d4737b23a59e2071da7754f4ff2,bounded-wait-transform-timeout-r02,2026-09-11T13:53:52.475983641Z,116000.456,none,false,0,0,0,0,0,2323,176,90,0,14,72,0,14
retained-e8c21674a86f5d4737b23a59e2071da7754f4ff2,bounded-wait-transform-timeout-r02,2026-09-11T13:53:53.475909814Z,117000.382,none,false,0,0,0,0,0,2343,178,92,0,14,72,0,14
retained-e8c21674a86f5d4737b23a59e2071da7754f4ff2,bounded-wait-transform-timeout-r02,2026-09-11T13:53:54.476727037Z,118001.199,none,false,0,0,0,0,0,2363,179,93,0,14,72,0,14
retained-e8c21674a86f5d4737b23a59e2071da7754f4ff2,bounded-wait-transform-timeout-r02,2026-09-11T13:53:55.47661394Z,119001.086,none,false,0,0,0,0,0,2383,181,95,0,14,72,0,14
retained-e8c21674a86f5d4737b23a59e2071da7754f4ff2,bounded-wait-transform-timeout-r02,2026-09-11T13:53:56.476333595Z,120000.806,none,false,0,0,0,0,0,2403,182,96,0,14,72,0,14
retained-e8c21674a86f5d4737b23a59e2071da7754f4ff2,bounded-wait-transform-timeout-r02,2026-09-11T13:53:57.475854785Z,121000.327,none,false,0,0,0,0,0,2423,184,98,0,14,72,0,14
retained-e8c21674a86f5d4737b23a59e2071da7754f4ff2,bounded-wait-transform-timeout-r02,2026-09-11T13:53:58.475888954Z,122000.361,none,false,0,0,0,0,0,2443,185,99,0,14,72,0,14
retained-e8c21674a86f5d4737b23a59e2071da7754f4ff2,bounded-wait-transform-timeout-r02,2026-09-11T13:53:59.476387676Z,123000.860,none,false,0,0,0,0,0,2463,187,101,0,14,72,0,14
retained-e8c21674a86f5d4737b23a59e2071da7754f4ff2,bounded-wait-transform-timeout-r02,2026-09-11T13:54:00.475810105Z,124000.282,none,false,0,0,0,0,0,2483,188,102,0,14,72,0,14
retained-e8c21674a86f5d4737b23a59e2071da7754f4ff2,bounded-wait-transform-timeout-r02,2026-09-11T13:54:01.476156126Z,125000.628,none,false,0,0,0,0,0,2503,190,104,0,14,72,0,14
retained-e8c21674a86f5d4737b23a59e2071da7754f4ff2,bounded-wait-transform-timeout-r02,2026-09-11T13:54:02.476545668Z,126001.018,none,false,0,0,0,0,0,2523,191,105,0,14,72,0,14
retained-e8c21674a86f5d4737b23a59e2071da7754f4ff2,bounded-wait-transform-timeout-r02,2026-09-11T13:54:03.476111857Z,127000.584,none,false,0,0,0,0,0,2543,193,107,0,14,72,0,14
retained-e8c21674a86f5d4737b23a59e2071da7754f4ff2,bounded-wait-transform-timeout-r02,2026-09-11T13:54:04.476460876Z,128000.933,none,false,0,0,0,0,0,2563,194,108,0,14,72,0,14
retained-e8c21674a86f5d4737b23a59e2071da7754f4ff2,bounded-wait-transform-timeout-r02,2026-09-11T13:54:05.476734308Z,129001.206,none,false,0,0,0,0,0,2583,196,110,0,14,72,0,14
retained-e8c21674a86f5d4737b23a59e2071da7754f4ff2,bounded-wait-transform-timeout-r02,2026-09-11T13:54:06.476739921Z,130001.212,none,false,0,0,0,0,0,2603,197,111,0,14,72,0,14
retained-e8c21674a86f5d4737b23a59e2071da7754f4ff2,bounded-wait-transform-timeout-r02,2026-09-11T13:54:07.476625Z,131001.097,none,false,0,0,0,0,0,2623,199,113,0,14,72,0,14
retained-e8c21674a86f5d4737b23a59e2071da7754f4ff2,bounded-wait-transform-timeout-r02,2026-09-11T13:54:08.476218259Z,132000.690,none,false,0,0,0,0,0,2643,200,114,0,14,72,0,14
retained-e8c21674a86f5d4737b23a59e2071da7754f4ff2,bounded-wait-transform-timeout-r02,2026-09-11T13:54:09.476042162Z,133000.514,none,false,0,0,0,0,0,2663,202,116,0,14,72,0,14
retained-e8c21674a86f5d4737b23a59e2071da7754f4ff2,bounded-wait-transform-timeout-r02,2026-09-11T13:54:10.47596934Z,134000.441,none,false,0,0,0,0,0,2683,203,117,0,14,72,0,14
retained-e8c21674a86f5d4737b23a59e2071da7754f4ff2,bounded-wait-transform-timeout-r02,2026-09-11T13:54:11.476742267Z,135001.214,none,false,0,0,0,0,0,2703,205,119,0,14,72,0,14
retained-e8c21674a86f5d4737b23a59e2071da7754f4ff2,bounded-wait-transform-timeout-r02,2026-09-11T13:54:12.476691966Z,136001.164,none,false,0,0,0,0,0,2723,206,120,0,14,72,0,14
retained-e8c21674a86f5d4737b23a59e2071da7754f4ff2,bounded-wait-transform-timeout-r02,2026-09-11T13:54:13.476724928Z,137001.197,none,false,0,0,0,0,0,2743,208,122,0,14,72,0,14
retained-e8c21674a86f5d4737b23a59e2071da7754f4ff2,bounded-wait-transform-timeout-r02,2026-09-11T13:54:14.476027313Z,138000.499,none,false,0,0,0,0,0,2763,209,123,0,14,72,0,14
retained-e8c21674a86f5d4737b23a59e2071da7754f4ff2,bounded-wait-transform-timeout-r02,2026-09-11T13:54:15.476191419Z,139000.663,none,false,0,0,0,0,0,2783,211,125,0,14,72,0,14
retained-e8c21674a86f5d4737b23a59e2071da7754f4ff2,bounded-wait-transform-timeout-r02,2026-09-11T13:54:16.475970903Z,140000.443,none,false,0,0,0,0,0,2803,212,126,0,14,72,0,14
retained-e8c21674a86f5d4737b23a59e2071da7754f4ff2,bounded-wait-transform-timeout-r02,2026-09-11T13:54:17.476193539Z,141000.665,none,false,0,0,0,0,0,2823,214,128,0,14,72,0,14
retained-e8c21674a86f5d4737b23a59e2071da7754f4ff2,bounded-wait-transform-timeout-r02,2026-09-11T13:54:18.476577203Z,142001.049,none,false,0,0,0,0,0,2843,215,129,0,14,72,0,14
retained-e8c21674a86f5d4737b23a59e2071da7754f4ff2,bounded-wait-transform-timeout-r02,2026-09-11T13:54:19.476522118Z,143000.994,none,false,0,0,0,0,0,2863,217,131,0,14,72,0,14
retained-e8c21674a86f5d4737b23a59e2071da7754f4ff2,bounded-wait-transform-timeout-r02,2026-09-11T13:54:20.476759743Z,144001.232,none,false,0,0,0,0,0,2883,218,132,0,14,72,0,14
retained-e8c21674a86f5d4737b23a59e2071da7754f4ff2,bounded-wait-transform-timeout-r02,2026-09-11T13:54:21.476702565Z,145001.175,none,false,0,0,0,0,0,2903,220,134,0,14,72,0,14
retained-e8c21674a86f5d4737b23a59e2071da7754f4ff2,bounded-wait-transform-timeout-r02,2026-09-11T13:54:25.815919717Z,146000.637,none,false,0,0,0,0,0,2923,221,135,0,14,72,0,14
retained-e8c21674a86f5d4737b23a59e2071da7754f4ff2,bounded-wait-transform-timeout-r02,2026-09-11T13:54:26.815843624Z,147000.561,none,false,0,0,0,0,0,2943,223,137,0,14,72,0,14
retained-e8c21674a86f5d4737b23a59e2071da7754f4ff2,bounded-wait-transform-timeout-r02,2026-09-11T13:54:27.815643153Z,148000.360,none,false,0,0,0,0,0,2963,224,138,0,14,72,0,14
retained-e8c21674a86f5d4737b23a59e2071da7754f4ff2,bounded-wait-transform-timeout-r02,2026-09-11T13:54:28.816242151Z,149000.959,none,false,0,0,0,0,0,2983,226,140,0,14,72,0,14
retained-e8c21674a86f5d4737b23a59e2071da7754f4ff2,bounded-wait-transform-timeout-r02,2026-09-11T13:54:29.81544778Z,150000.165,none,false,0,0,0,0,0,3003,227,141,0,14,72,0,14
retained-e8c21674a86f5d4737b23a59e2071da7754f4ff2,bounded-wait-transform-timeout-r02,2026-09-11T13:54:29.815463835Z,150000.181,none,false,0,0,0,0,0,3003,227,141,0,14,72,0,14
retained-e8c21674a86f5d4737b23a59e2071da7754f4ff2,kill-switch-transform-timeout-r02,2026-09-11T13:54:31.0373687Z,0.035,none,false,0,0,0,0,0,4,4,4,0,0,0,0,0
retained-e8c21674a86f5d4737b23a59e2071da7754f4ff2,kill-switch-transform-timeout-r02,2026-09-11T13:54:32.038274887Z,1000.942,none,false,0,0,0,0,0,23,4,4,0,0,0,0,0
retained-e8c21674a86f5d4737b23a59e2071da7754f4ff2,kill-switch-transform-timeout-r02,2026-09-11T13:54:33.037975319Z,2000.642,none,false,0,0,0,0,0,43,5,5,0,0,0,0,0
retained-e8c21674a86f5d4737b23a59e2071da7754f4ff2,kill-switch-transform-timeout-r02,2026-09-11T13:54:34.038223586Z,3000.890,none,false,0,0,0,0,0,63,7,7,0,0,0,0,0
retained-e8c21674a86f5d4737b23a59e2071da7754f4ff2,kill-switch-transform-timeout-r02,2026-09-11T13:54:35.037550863Z,4000.218,none,false,0,0,0,0,0,83,8,8,0,0,0,0,0
retained-e8c21674a86f5d4737b23a59e2071da7754f4ff2,kill-switch-transform-timeout-r02,2026-09-11T13:54:36.037797382Z,5000.464,none,false,0,0,0,0,0,103,10,10,0,0,0,0,0
retained-e8c21674a86f5d4737b23a59e2071da7754f4ff2,kill-switch-transform-timeout-r02,2026-09-11T13:54:37.038190035Z,6000.857,none,false,0,0,0,0,0,123,11,11,0,0,0,0,0
retained-e8c21674a86f5d4737b23a59e2071da7754f4ff2,kill-switch-transform-timeout-r02,2026-09-11T13:54:38.037577151Z,7000.244,none,false,0,0,0,0,0,143,13,13,0,0,0,0,0
retained-e8c21674a86f5d4737b23a59e2071da7754f4ff2,kill-switch-transform-timeout-r02,2026-09-11T13:54:39.037565815Z,8000.233,none,false,0,0,0,0,0,163,14,14,0,0,0,0,0
retained-e8c21674a86f5d4737b23a59e2071da7754f4ff2,kill-switch-transform-timeout-r02,2026-09-11T13:54:40.037821202Z,9000.488,none,false,0,0,0,0,0,183,16,16,0,0,0,0,0
retained-e8c21674a86f5d4737b23a59e2071da7754f4ff2,kill-switch-transform-timeout-r02,2026-09-11T13:54:41.037713561Z,10000.380,none,false,0,0,0,0,0,203,17,17,0,0,0,0,0
retained-e8c21674a86f5d4737b23a59e2071da7754f4ff2,kill-switch-transform-timeout-r02,2026-09-11T13:54:42.037728837Z,11000.396,none,false,0,0,0,0,0,223,19,19,0,0,0,0,0
retained-e8c21674a86f5d4737b23a59e2071da7754f4ff2,kill-switch-transform-timeout-r02,2026-09-11T13:54:43.038004887Z,12000.672,none,false,0,0,0,0,0,243,20,20,0,0,0,0,0
retained-e8c21674a86f5d4737b23a59e2071da7754f4ff2,kill-switch-transform-timeout-r02,2026-09-11T13:54:44.037788183Z,13000.455,none,false,0,0,0,0,0,263,22,22,0,0,0,0,0
retained-e8c21674a86f5d4737b23a59e2071da7754f4ff2,kill-switch-transform-timeout-r02,2026-09-11T13:54:45.0380498Z,14000.717,none,false,0,0,0,0,0,283,23,23,0,0,0,0,0
retained-e8c21674a86f5d4737b23a59e2071da7754f4ff2,kill-switch-transform-timeout-r02,2026-09-11T13:54:46.038207655Z,15000.874,none,false,0,0,0,0,0,303,25,25,0,0,0,0,0
retained-e8c21674a86f5d4737b23a59e2071da7754f4ff2,kill-switch-transform-timeout-r02,2026-09-11T13:54:47.038334912Z,16001.002,none,false,0,0,0,0,0,323,26,26,0,0,0,0,0
retained-e8c21674a86f5d4737b23a59e2071da7754f4ff2,kill-switch-transform-timeout-r02,2026-09-11T13:54:48.03846335Z,17001.130,none,false,0,0,0,0,0,343,28,28,0,0,0,0,0
retained-e8c21674a86f5d4737b23a59e2071da7754f4ff2,kill-switch-transform-timeout-r02,2026-09-11T13:54:49.037581344Z,18000.248,none,false,0,0,0,0,0,363,29,29,0,0,0,0,0
retained-e8c21674a86f5d4737b23a59e2071da7754f4ff2,kill-switch-transform-timeout-r02,2026-09-11T13:54:50.037654999Z,19000.322,none,false,0,0,0,0,0,383,31,31,0,0,0,0,0
retained-e8c21674a86f5d4737b23a59e2071da7754f4ff2,kill-switch-transform-timeout-r02,2026-09-11T13:54:51.037619989Z,20000.287,none,false,0,0,0,0,0,403,32,32,0,0,0,0,0
retained-e8c21674a86f5d4737b23a59e2071da7754f4ff2,kill-switch-transform-timeout-r02,2026-09-11T13:54:52.038399343Z,21001.066,none,false,0,0,0,0,0,423,34,34,0,0,0,0,0
retained-e8c21674a86f5d4737b23a59e2071da7754f4ff2,kill-switch-transform-timeout-r02,2026-09-11T13:54:53.037875776Z,22000.543,none,false,0,0,0,0,0,443,35,35,0,0,0,0,0
retained-e8c21674a86f5d4737b23a59e2071da7754f4ff2,kill-switch-transform-timeout-r02,2026-09-11T13:54:54.037755884Z,23000.423,none,false,0,0,0,0,0,463,37,37,0,0,0,0,0
retained-e8c21674a86f5d4737b23a59e2071da7754f4ff2,kill-switch-transform-timeout-r02,2026-09-11T13:54:55.037732953Z,24000.400,none,false,0,0,0,0,0,483,38,38,0,0,0,0,0
retained-e8c21674a86f5d4737b23a59e2071da7754f4ff2,kill-switch-transform-timeout-r02,2026-09-11T13:54:59.374400029Z,25000.654,none,false,0,0,0,0,0,503,40,40,0,0,0,0,0
retained-e8c21674a86f5d4737b23a59e2071da7754f4ff2,kill-switch-transform-timeout-r02,2026-09-11T13:55:00.374040437Z,26000.295,none,false,0,0,0,0,0,523,41,41,0,0,0,0,0
retained-e8c21674a86f5d4737b23a59e2071da7754f4ff2,kill-switch-transform-timeout-r02,2026-09-11T13:55:01.374359605Z,27000.614,none,false,0,0,0,0,0,543,43,43,0,0,0,0,0
retained-e8c21674a86f5d4737b23a59e2071da7754f4ff2,kill-switch-transform-timeout-r02,2026-09-11T13:55:02.374725205Z,28000.980,none,false,0,0,0,0,0,563,44,44,0,0,0,0,0
retained-e8c21674a86f5d4737b23a59e2071da7754f4ff2,kill-switch-transform-timeout-r02,2026-09-11T13:55:03.374148482Z,29000.403,none,false,0,0,0,0,0,583,46,46,0,0,0,0,0
retained-e8c21674a86f5d4737b23a59e2071da7754f4ff2,kill-switch-transform-timeout-r02,2026-09-11T13:55:04.374678466Z,30000.933,transform-timeout,false,0,0,0,0,0,603,47,47,0,0,0,0,0
retained-e8c21674a86f5d4737b23a59e2071da7754f4ff2,kill-switch-transform-timeout-r02,2026-09-11T13:55:05.374037305Z,31000.292,transform-timeout,false,1,0,1,0,4075024,623,49,48,0,0,0,0,1
retained-e8c21674a86f5d4737b23a59e2071da7754f4ff2,kill-switch-transform-timeout-r02,2026-09-11T13:55:06.374795712Z,32001.050,transform-timeout,false,2,0,2,0,8150048,643,50,48,0,0,0,0,2
retained-e8c21674a86f5d4737b23a59e2071da7754f4ff2,kill-switch-transform-timeout-r02,2026-09-11T13:55:07.374436992Z,33000.691,transform-timeout,false,3,0,3,0,12225072,663,52,49,0,0,0,0,3
retained-e8c21674a86f5d4737b23a59e2071da7754f4ff2,kill-switch-transform-timeout-r02,2026-09-11T13:55:08.374172683Z,34000.427,transform-timeout,false,4,0,4,0,16300096,683,53,49,0,0,0,0,4
retained-e8c21674a86f5d4737b23a59e2071da7754f4ff2,kill-switch-transform-timeout-r02,2026-09-11T13:55:09.374398085Z,35000.652,transform-timeout,false,4,2,6,0,24450144,703,55,49,0,0,0,0,4
retained-e8c21674a86f5d4737b23a59e2071da7754f4ff2,kill-switch-transform-timeout-r02,2026-09-11T13:55:10.374396198Z,36000.651,transform-timeout,false,4,3,7,0,28525168,723,56,49,0,0,0,0,4
retained-e8c21674a86f5d4737b23a59e2071da7754f4ff2,kill-switch-transform-timeout-r02,2026-09-11T13:55:11.374392298Z,37000.647,transform-timeout,false,4,5,9,0,36675216,743,58,49,0,0,0,0,4
retained-e8c21674a86f5d4737b23a59e2071da7754f4ff2,kill-switch-transform-timeout-r02,2026-09-11T13:55:12.374252939Z,38000.507,transform-timeout,false,4,6,10,0,40750240,763,59,49,0,0,0,0,4
retained-e8c21674a86f5d4737b23a59e2071da7754f4ff2,kill-switch-transform-timeout-r02,2026-09-11T13:55:13.374531297Z,39000.786,transform-timeout,false,4,8,12,0,48900288,783,61,49,0,0,0,0,4
retained-e8c21674a86f5d4737b23a59e2071da7754f4ff2,kill-switch-transform-timeout-r02,2026-09-11T13:55:14.374536215Z,40000.791,transform-timeout,false,4,9,13,0,52975312,803,62,49,0,0,0,0,4
retained-e8c21674a86f5d4737b23a59e2071da7754f4ff2,kill-switch-transform-timeout-r02,2026-09-11T13:55:15.374570609Z,41000.825,transform-timeout,false,4,11,15,0,61125360,823,64,49,0,0,0,0,4
retained-e8c21674a86f5d4737b23a59e2071da7754f4ff2,kill-switch-transform-timeout-r02,2026-09-11T13:55:16.374385733Z,42000.640,transform-timeout,false,4,12,17,0,65200384,843,66,49,0,0,0,0,4
retained-e8c21674a86f5d4737b23a59e2071da7754f4ff2,kill-switch-transform-timeout-r02,2026-09-11T13:55:17.37428278Z,43000.537,transform-timeout,false,4,14,18,0,73350432,863,67,49,0,0,0,0,4
retained-e8c21674a86f5d4737b23a59e2071da7754f4ff2,kill-switch-transform-timeout-r02,2026-09-11T13:55:18.374076011Z,44000.330,transform-timeout,false,4,15,19,0,77425456,883,68,49,0,0,0,0,4
retained-e8c21674a86f5d4737b23a59e2071da7754f4ff2,kill-switch-transform-timeout-r02,2026-09-11T13:55:19.374339277Z,45000.594,transform-timeout,false,4,17,21,0,85575504,903,70,49,0,0,0,0,4
retained-e8c21674a86f5d4737b23a59e2071da7754f4ff2,kill-switch-transform-timeout-r02,2026-09-11T13:55:20.37401982Z,46000.274,transform-timeout,false,4,18,22,0,89650528,923,71,49,0,0,0,0,4
retained-e8c21674a86f5d4737b23a59e2071da7754f4ff2,kill-switch-transform-timeout-r02,2026-09-11T13:55:21.374381124Z,47000.635,transform-timeout,false,4,20,24,0,97800576,943,73,49,0,0,0,0,4
retained-e8c21674a86f5d4737b23a59e2071da7754f4ff2,kill-switch-transform-timeout-r02,2026-09-11T13:55:22.374938932Z,48001.193,transform-timeout,false,4,21,25,0,101875600,963,74,49,0,0,0,0,4
retained-e8c21674a86f5d4737b23a59e2071da7754f4ff2,kill-switch-transform-timeout-r02,2026-09-11T13:55:23.374661581Z,49000.916,transform-timeout,false,4,23,27,0,110025648,983,76,49,0,0,0,0,4
retained-e8c21674a86f5d4737b23a59e2071da7754f4ff2,kill-switch-transform-timeout-r02,2026-09-11T13:55:24.374326782Z,50000.581,transform-timeout,false,4,24,28,0,114100672,1003,77,49,0,0,0,0,4
retained-e8c21674a86f5d4737b23a59e2071da7754f4ff2,kill-switch-transform-timeout-r02,2026-09-11T13:55:25.373941683Z,51000.196,transform-timeout,true,4,23,27,0,110025648,1023,79,49,0,1,0,2,5
retained-e8c21674a86f5d4737b23a59e2071da7754f4ff2,kill-switch-transform-timeout-r02,2026-09-11T13:55:26.374561895Z,52000.816,transform-timeout,true,4,21,25,0,101875600,1043,80,50,0,2,0,3,6
retained-e8c21674a86f5d4737b23a59e2071da7754f4ff2,kill-switch-transform-timeout-r02,2026-09-11T13:55:27.374575302Z,53000.830,transform-timeout,true,4,19,23,0,93725552,1063,82,51,0,3,0,5,7
retained-e8c21674a86f5d4737b23a59e2071da7754f4ff2,kill-switch-transform-timeout-r02,2026-09-11T13:55:28.374345457Z,54000.600,transform-timeout,true,3,18,22,0,85575504,1083,83,51,0,5,0,6,8
retained-e8c21674a86f5d4737b23a59e2071da7754f4ff2,kill-switch-transform-timeout-r02,2026-09-11T13:55:32.709895077Z,55000.482,transform-timeout,true,4,17,21,0,85575504,1103,85,51,0,5,0,8,9
retained-e8c21674a86f5d4737b23a59e2071da7754f4ff2,kill-switch-transform-timeout-r02,2026-09-11T13:55:33.710580169Z,56001.167,transform-timeout,true,4,14,18,0,73350432,1123,86,52,0,7,0,9,11
retained-e8c21674a86f5d4737b23a59e2071da7754f4ff2,kill-switch-transform-timeout-r02,2026-09-11T13:55:34.710318854Z,57000.906,transform-timeout,true,3,14,17,0,69275408,1143,88,52,0,8,0,11,11
retained-e8c21674a86f5d4737b23a59e2071da7754f4ff2,kill-switch-transform-timeout-r02,2026-09-11T13:55:35.709511709Z,58000.098,transform-timeout,true,4,12,16,0,65200384,1163,89,53,0,8,0,12,12
retained-e8c21674a86f5d4737b23a59e2071da7754f4ff2,kill-switch-transform-timeout-r02,2026-09-11T13:55:36.70991287Z,59000.500,transform-timeout,true,4,11,15,0,61125360,1183,91,53,0,9,0,14,13
retained-e8c21674a86f5d4737b23a59e2071da7754f4ff2,kill-switch-transform-timeout-r02,2026-09-11T13:55:37.710009915Z,60000.597,transform-timeout,true,4,9,13,0,52975312,1203,92,54,0,10,0,15,14
retained-e8c21674a86f5d4737b23a59e2071da7754f4ff2,kill-switch-transform-timeout-r02,2026-09-11T13:55:38.70985335Z,61000.440,transform-timeout,true,4,7,11,0,44825264,1223,94,55,0,11,0,17,15
retained-e8c21674a86f5d4737b23a59e2071da7754f4ff2,kill-switch-transform-timeout-r02,2026-09-11T13:55:39.710421737Z,62001.009,transform-timeout,true,3,6,9,0,36675216,1243,95,55,0,13,0,18,16
retained-e8c21674a86f5d4737b23a59e2071da7754f4ff2,kill-switch-transform-timeout-r02,2026-09-11T13:55:40.709959745Z,63000.547,transform-timeout,true,4,4,8,0,32600192,1263,97,56,0,13,0,20,17
retained-e8c21674a86f5d4737b23a59e2071da7754f4ff2,kill-switch-transform-timeout-r02,2026-09-11T13:55:41.710322785Z,64000.910,transform-timeout,true,4,2,6,0,24450144,1283,98,56,0,15,0,21,18
retained-e8c21674a86f5d4737b23a59e2071da7754f4ff2,kill-switch-transform-timeout-r02,2026-09-11T13:55:42.709914468Z,65000.501,transform-timeout,true,4,1,5,0,20375120,1303,100,57,0,15,0,23,19
retained-e8c21674a86f5d4737b23a59e2071da7754f4ff2,kill-switch-transform-timeout-r02,2026-09-11T13:55:43.710083548Z,66000.670,transform-timeout,true,3,0,3,0,12225072,1323,101,57,0,17,0,24,20
retained-e8c21674a86f5d4737b23a59e2071da7754f4ff2,kill-switch-transform-timeout-r02,2026-09-11T13:55:44.709668627Z,67000.255,transform-timeout,true,3,0,3,0,12225072,1343,103,57,0,17,0,26,20
retained-e8c21674a86f5d4737b23a59e2071da7754f4ff2,kill-switch-transform-timeout-r02,2026-09-11T13:55:45.709988607Z,68000.575,transform-timeout,true,2,0,2,0,8150048,1363,104,57,0,18,0,27,20
retained-e8c21674a86f5d4737b23a59e2071da7754f4ff2,kill-switch-transform-timeout-r02,2026-09-11T13:55:46.710137268Z,69000.724,transform-timeout,true,1,0,1,0,4075024,1383,106,57,0,19,0,29,20
retained-e8c21674a86f5d4737b23a59e2071da7754f4ff2,kill-switch-transform-timeout-r02,2026-09-11T13:55:47.71005647Z,70000.643,transform-timeout,true,0,0,0,0,0,1403,107,57,0,20,0,30,20
retained-e8c21674a86f5d4737b23a59e2071da7754f4ff2,kill-switch-transform-timeout-r02,2026-09-11T13:55:48.709971107Z,71000.558,transform-timeout,true,0,0,0,0,0,1423,109,57,0,20,0,32,20
retained-e8c21674a86f5d4737b23a59e2071da7754f4ff2,kill-switch-transform-timeout-r02,2026-09-11T13:55:49.709778564Z,72000.365,transform-timeout,true,0,0,0,0,0,1443,110,57,0,20,0,33,20
retained-e8c21674a86f5d4737b23a59e2071da7754f4ff2,kill-switch-transform-timeout-r02,2026-09-11T13:55:50.709832073Z,73000.419,transform-timeout,true,0,0,0,0,0,1463,112,57,0,20,0,35,20
retained-e8c21674a86f5d4737b23a59e2071da7754f4ff2,kill-switch-transform-timeout-r02,2026-09-11T13:55:51.710042326Z,74000.629,transform-timeout,true,0,0,0,0,0,1483,113,57,0,20,0,36,20
retained-e8c21674a86f5d4737b23a59e2071da7754f4ff2,kill-switch-transform-timeout-r02,2026-09-11T13:55:52.710500367Z,75001.087,transform-timeout,true,0,0,0,0,0,1503,115,57,0,20,0,38,20
retained-e8c21674a86f5d4737b23a59e2071da7754f4ff2,kill-switch-transform-timeout-r02,2026-09-11T13:55:53.709892909Z,76000.480,transform-timeout,true,0,0,0,0,0,1523,116,57,0,20,0,39,20
retained-e8c21674a86f5d4737b23a59e2071da7754f4ff2,kill-switch-transform-timeout-r02,2026-09-11T13:55:54.710024397Z,77000.611,transform-timeout,true,0,0,0,0,0,1543,118,57,0,20,0,41,20
retained-e8c21674a86f5d4737b23a59e2071da7754f4ff2,kill-switch-transform-timeout-r02,2026-09-11T13:55:55.709933589Z,78000.520,transform-timeout,true,0,0,0,0,0,1563,119,57,0,20,0,42,20
retained-e8c21674a86f5d4737b23a59e2071da7754f4ff2,kill-switch-transform-timeout-r02,2026-09-11T13:55:56.709873337Z,79000.460,transform-timeout,true,0,0,0,0,0,1583,121,57,0,20,0,44,20
retained-e8c21674a86f5d4737b23a59e2071da7754f4ff2,kill-switch-transform-timeout-r02,2026-09-11T13:55:57.710632998Z,80001.220,transform-timeout,true,0,0,0,0,0,1603,122,57,0,20,0,45,20
retained-e8c21674a86f5d4737b23a59e2071da7754f4ff2,kill-switch-transform-timeout-r02,2026-09-11T13:55:58.710055308Z,81000.642,transform-timeout,true,0,0,0,0,0,1623,124,57,0,20,0,47,20
retained-e8c21674a86f5d4737b23a59e2071da7754f4ff2,kill-switch-transform-timeout-r02,2026-09-11T13:55:59.710323704Z,82000.910,transform-timeout,true,0,0,0,0,0,1643,125,57,0,20,0,48,20
retained-e8c21674a86f5d4737b23a59e2071da7754f4ff2,kill-switch-transform-timeout-r02,2026-09-11T13:56:00.710287166Z,83000.874,transform-timeout,true,0,0,0,0,0,1663,127,57,0,20,0,50,20
retained-e8c21674a86f5d4737b23a59e2071da7754f4ff2,kill-switch-transform-timeout-r02,2026-09-11T13:56:01.709902047Z,84000.489,transform-timeout,true,0,0,0,0,0,1683,128,57,0,20,0,51,20
retained-e8c21674a86f5d4737b23a59e2071da7754f4ff2,kill-switch-transform-timeout-r02,2026-09-11T13:56:06.04302549Z,85000.450,transform-timeout,true,0,0,0,0,0,1703,130,57,0,20,0,53,20
retained-e8c21674a86f5d4737b23a59e2071da7754f4ff2,kill-switch-transform-timeout-r02,2026-09-11T13:56:07.043676966Z,86001.102,transform-timeout,true,0,0,0,0,0,1723,131,57,0,20,0,54,20
retained-e8c21674a86f5d4737b23a59e2071da7754f4ff2,kill-switch-transform-timeout-r02,2026-09-11T13:56:08.043678055Z,87001.103,transform-timeout,true,0,0,0,0,0,1743,133,57,0,20,0,56,20
retained-e8c21674a86f5d4737b23a59e2071da7754f4ff2,kill-switch-transform-timeout-r02,2026-09-11T13:56:09.043254285Z,88000.679,transform-timeout,true,0,0,0,0,0,1763,134,57,0,20,0,57,20
retained-e8c21674a86f5d4737b23a59e2071da7754f4ff2,kill-switch-transform-timeout-r02,2026-09-11T13:56:10.042773417Z,89000.198,transform-timeout,true,0,0,0,0,0,1783,136,57,0,20,0,59,20
retained-e8c21674a86f5d4737b23a59e2071da7754f4ff2,kill-switch-transform-timeout-r02,2026-09-11T13:56:11.042991342Z,90000.416,none,true,0,0,0,0,0,1803,137,57,0,20,0,60,20
retained-e8c21674a86f5d4737b23a59e2071da7754f4ff2,kill-switch-transform-timeout-r02,2026-09-11T13:56:12.043774965Z,91001.200,none,true,0,0,0,0,0,1823,139,57,0,20,0,62,20
retained-e8c21674a86f5d4737b23a59e2071da7754f4ff2,kill-switch-transform-timeout-r02,2026-09-11T13:56:13.043477595Z,92000.902,none,true,0,0,0,0,0,1843,140,57,0,20,0,63,20
retained-e8c21674a86f5d4737b23a59e2071da7754f4ff2,kill-switch-transform-timeout-r02,2026-09-11T13:56:14.042860569Z,93000.285,none,true,0,0,0,0,0,1863,142,57,0,20,0,65,20
retained-e8c21674a86f5d4737b23a59e2071da7754f4ff2,kill-switch-transform-timeout-r02,2026-09-11T13:56:15.043638792Z,94001.063,none,true,0,0,0,0,0,1883,143,57,0,20,0,66,20
retained-e8c21674a86f5d4737b23a59e2071da7754f4ff2,kill-switch-transform-timeout-r02,2026-09-11T13:56:16.043224371Z,95000.649,none,true,0,0,0,0,0,1903,145,57,0,20,0,68,20
retained-e8c21674a86f5d4737b23a59e2071da7754f4ff2,kill-switch-transform-timeout-r02,2026-09-11T13:56:17.043559487Z,96000.984,none,true,0,0,0,0,0,1923,146,57,0,20,0,69,20
retained-e8c21674a86f5d4737b23a59e2071da7754f4ff2,kill-switch-transform-timeout-r02,2026-09-11T13:56:18.043021486Z,97000.446,none,true,0,0,0,0,0,1943,148,57,0,20,0,71,20
retained-e8c21674a86f5d4737b23a59e2071da7754f4ff2,kill-switch-transform-timeout-r02,2026-09-11T13:56:19.043059391Z,98000.484,none,true,0,0,0,0,0,1963,149,57,0,20,0,72,20
retained-e8c21674a86f5d4737b23a59e2071da7754f4ff2,kill-switch-transform-timeout-r02,2026-09-11T13:56:20.04346236Z,99000.887,none,true,0,0,0,0,0,1983,151,57,0,20,0,74,20
retained-e8c21674a86f5d4737b23a59e2071da7754f4ff2,kill-switch-transform-timeout-r02,2026-09-11T13:56:21.043254601Z,100000.679,none,false,0,0,0,0,0,2003,152,57,0,20,0,75,20
retained-e8c21674a86f5d4737b23a59e2071da7754f4ff2,kill-switch-transform-timeout-r02,2026-09-11T13:56:22.04334545Z,101000.770,none,false,0,0,0,0,0,2023,154,59,0,20,0,75,20
retained-e8c21674a86f5d4737b23a59e2071da7754f4ff2,kill-switch-transform-timeout-r02,2026-09-11T13:56:23.043585427Z,102001.010,none,false,0,0,0,0,0,2043,155,60,0,20,0,75,20
retained-e8c21674a86f5d4737b23a59e2071da7754f4ff2,kill-switch-transform-timeout-r02,2026-09-11T13:56:24.043711585Z,103001.136,none,false,0,0,0,0,0,2063,157,62,0,20,0,75,20
retained-e8c21674a86f5d4737b23a59e2071da7754f4ff2,kill-switch-transform-timeout-r02,2026-09-11T13:56:25.043256876Z,104000.682,none,false,0,0,0,0,0,2083,158,63,0,20,0,75,20
retained-e8c21674a86f5d4737b23a59e2071da7754f4ff2,kill-switch-transform-timeout-r02,2026-09-11T13:56:26.042948246Z,105000.373,none,false,0,0,0,0,0,2103,160,65,0,20,0,75,20
retained-e8c21674a86f5d4737b23a59e2071da7754f4ff2,kill-switch-transform-timeout-r02,2026-09-11T13:56:27.042812297Z,106000.237,none,false,0,0,0,0,0,2123,161,66,0,20,0,75,20
retained-e8c21674a86f5d4737b23a59e2071da7754f4ff2,kill-switch-transform-timeout-r02,2026-09-11T13:56:28.043490107Z,107000.915,none,false,0,0,0,0,0,2143,163,68,0,20,0,75,20
retained-e8c21674a86f5d4737b23a59e2071da7754f4ff2,kill-switch-transform-timeout-r02,2026-09-11T13:56:29.043250251Z,108000.675,none,false,0,0,0,0,0,2163,164,69,0,20,0,75,20
retained-e8c21674a86f5d4737b23a59e2071da7754f4ff2,kill-switch-transform-timeout-r02,2026-09-11T13:56:30.043482934Z,109000.908,none,false,0,0,0,0,0,2183,166,71,0,20,0,75,20
retained-e8c21674a86f5d4737b23a59e2071da7754f4ff2,kill-switch-transform-timeout-r02,2026-09-11T13:56:31.042849103Z,110000.274,none,false,0,0,0,0,0,2203,167,72,0,20,0,75,20
retained-e8c21674a86f5d4737b23a59e2071da7754f4ff2,kill-switch-transform-timeout-r02,2026-09-11T13:56:32.042992459Z,111000.417,none,false,0,0,0,0,0,2223,169,74,0,20,0,75,20
retained-e8c21674a86f5d4737b23a59e2071da7754f4ff2,kill-switch-transform-timeout-r02,2026-09-11T13:56:33.043257247Z,112000.682,none,false,0,0,0,0,0,2243,170,75,0,20,0,75,20
retained-e8c21674a86f5d4737b23a59e2071da7754f4ff2,kill-switch-transform-timeout-r02,2026-09-11T13:56:34.043436775Z,113000.861,none,false,0,0,0,0,0,2263,172,77,0,20,0,75,20
retained-e8c21674a86f5d4737b23a59e2071da7754f4ff2,kill-switch-transform-timeout-r02,2026-09-11T13:56:35.043181828Z,114000.606,none,false,0,0,0,0,0,2283,173,78,0,20,0,75,20
retained-e8c21674a86f5d4737b23a59e2071da7754f4ff2,kill-switch-transform-timeout-r02,2026-09-11T13:56:39.379246754Z,115000.606,none,false,0,0,0,0,0,2303,175,80,0,20,0,75,20
retained-e8c21674a86f5d4737b23a59e2071da7754f4ff2,kill-switch-transform-timeout-r02,2026-09-11T13:56:40.3796011Z,116000.960,none,false,0,0,0,0,0,2323,176,81,0,20,0,75,20
retained-e8c21674a86f5d4737b23a59e2071da7754f4ff2,kill-switch-transform-timeout-r02,2026-09-11T13:56:41.379789985Z,117001.149,none,false,0,0,0,0,0,2343,178,83,0,20,0,75,20
retained-e8c21674a86f5d4737b23a59e2071da7754f4ff2,kill-switch-transform-timeout-r02,2026-09-11T13:56:42.379162846Z,118000.522,none,false,0,0,0,0,0,2363,179,84,0,20,0,75,20
retained-e8c21674a86f5d4737b23a59e2071da7754f4ff2,kill-switch-transform-timeout-r02,2026-09-11T13:56:43.378861687Z,119000.221,none,false,0,0,0,0,0,2383,181,86,0,20,0,75,20
retained-e8c21674a86f5d4737b23a59e2071da7754f4ff2,kill-switch-transform-timeout-r02,2026-09-11T13:56:44.378860374Z,120000.220,none,false,0,0,0,0,0,2403,182,87,0,20,0,75,20
retained-e8c21674a86f5d4737b23a59e2071da7754f4ff2,kill-switch-transform-timeout-r02,2026-09-11T13:56:45.378932065Z,121000.291,none,false,0,0,0,0,0,2423,184,89,0,20,0,75,20
retained-e8c21674a86f5d4737b23a59e2071da7754f4ff2,kill-switch-transform-timeout-r02,2026-09-11T13:56:46.378990125Z,122000.349,none,false,0,0,0,0,0,2443,185,90,0,20,0,75,20
retained-e8c21674a86f5d4737b23a59e2071da7754f4ff2,kill-switch-transform-timeout-r02,2026-09-11T13:56:47.379469154Z,123000.828,none,false,0,0,0,0,0,2463,187,92,0,20,0,75,20
retained-e8c21674a86f5d4737b23a59e2071da7754f4ff2,kill-switch-transform-timeout-r02,2026-09-11T13:56:48.379214593Z,124000.574,none,false,0,0,0,0,0,2483,188,93,0,20,0,75,20
retained-e8c21674a86f5d4737b23a59e2071da7754f4ff2,kill-switch-transform-timeout-r02,2026-09-11T13:56:49.379559885Z,125000.919,none,false,0,0,0,0,0,2503,190,95,0,20,0,75,20
retained-e8c21674a86f5d4737b23a59e2071da7754f4ff2,kill-switch-transform-timeout-r02,2026-09-11T13:56:50.379114299Z,126000.473,none,false,0,0,0,0,0,2523,191,96,0,20,0,75,20
retained-e8c21674a86f5d4737b23a59e2071da7754f4ff2,kill-switch-transform-timeout-r02,2026-09-11T13:56:51.379320893Z,127000.680,none,false,0,0,0,0,0,2543,193,98,0,20,0,75,20
retained-e8c21674a86f5d4737b23a59e2071da7754f4ff2,kill-switch-transform-timeout-r02,2026-09-11T13:56:52.379185473Z,128000.545,none,false,0,0,0,0,0,2563,194,99,0,20,0,75,20
retained-e8c21674a86f5d4737b23a59e2071da7754f4ff2,kill-switch-transform-timeout-r02,2026-09-11T13:56:53.379141132Z,129000.500,none,false,0,0,0,0,0,2583,196,101,0,20,0,75,20
retained-e8c21674a86f5d4737b23a59e2071da7754f4ff2,kill-switch-transform-timeout-r02,2026-09-11T13:56:54.378972755Z,130000.332,none,false,0,0,0,0,0,2603,197,102,0,20,0,75,20
retained-e8c21674a86f5d4737b23a59e2071da7754f4ff2,kill-switch-transform-timeout-r02,2026-09-11T13:56:55.379483869Z,131000.843,none,false,0,0,0,0,0,2623,199,104,0,20,0,75,20
retained-e8c21674a86f5d4737b23a59e2071da7754f4ff2,kill-switch-transform-timeout-r02,2026-09-11T13:56:56.379241738Z,132000.601,none,false,0,0,0,0,0,2643,200,105,0,20,0,75,20
retained-e8c21674a86f5d4737b23a59e2071da7754f4ff2,kill-switch-transform-timeout-r02,2026-09-11T13:56:57.379312871Z,133000.672,none,false,0,0,0,0,0,2663,202,107,0,20,0,75,20
retained-e8c21674a86f5d4737b23a59e2071da7754f4ff2,kill-switch-transform-timeout-r02,2026-09-11T13:56:58.379468074Z,134000.827,none,false,0,0,0,0,0,2683,203,108,0,20,0,75,20
retained-e8c21674a86f5d4737b23a59e2071da7754f4ff2,kill-switch-transform-timeout-r02,2026-09-11T13:56:59.379012327Z,135000.372,none,false,0,0,0,0,0,2703,205,110,0,20,0,75,20
retained-e8c21674a86f5d4737b23a59e2071da7754f4ff2,kill-switch-transform-timeout-r02,2026-09-11T13:57:00.379694886Z,136001.054,none,false,0,0,0,0,0,2723,206,111,0,20,0,75,20
retained-e8c21674a86f5d4737b23a59e2071da7754f4ff2,kill-switch-transform-timeout-r02,2026-09-11T13:57:01.37953162Z,137000.891,none,false,0,0,0,0,0,2743,208,113,0,20,0,75,20
retained-e8c21674a86f5d4737b23a59e2071da7754f4ff2,kill-switch-transform-timeout-r02,2026-09-11T13:57:02.379314162Z,138000.673,none,false,0,0,0,0,0,2763,209,114,0,20,0,75,20
retained-e8c21674a86f5d4737b23a59e2071da7754f4ff2,kill-switch-transform-timeout-r02,2026-09-11T13:57:03.379051522Z,139000.411,none,false,0,0,0,0,0,2783,211,116,0,20,0,75,20
retained-e8c21674a86f5d4737b23a59e2071da7754f4ff2,kill-switch-transform-timeout-r02,2026-09-11T13:57:04.37913688Z,140000.496,none,false,0,0,0,0,0,2803,212,117,0,20,0,75,20
retained-e8c21674a86f5d4737b23a59e2071da7754f4ff2,kill-switch-transform-timeout-r02,2026-09-11T13:57:05.379477929Z,141000.837,none,false,0,0,0,0,0,2823,214,119,0,20,0,75,20
retained-e8c21674a86f5d4737b23a59e2071da7754f4ff2,kill-switch-transform-timeout-r02,2026-09-11T13:57:06.37928334Z,142000.643,none,false,0,0,0,0,0,2843,215,120,0,20,0,75,20
retained-e8c21674a86f5d4737b23a59e2071da7754f4ff2,kill-switch-transform-timeout-r02,2026-09-11T13:57:07.379871819Z,143001.231,none,false,0,0,0,0,0,2863,217,122,0,20,0,75,20
retained-e8c21674a86f5d4737b23a59e2071da7754f4ff2,kill-switch-transform-timeout-r02,2026-09-11T13:57:08.379569025Z,144000.928,none,false,0,0,0,0,0,2883,218,123,0,20,0,75,20
retained-e8c21674a86f5d4737b23a59e2071da7754f4ff2,kill-switch-transform-timeout-r02,2026-09-11T13:57:12.712994478Z,145000.796,none,false,0,0,0,0,0,2903,220,125,0,20,0,75,20
retained-e8c21674a86f5d4737b23a59e2071da7754f4ff2,kill-switch-transform-timeout-r02,2026-09-11T13:57:13.713104222Z,146000.906,none,false,0,0,0,0,0,2923,221,126,0,20,0,75,20
retained-e8c21674a86f5d4737b23a59e2071da7754f4ff2,kill-switch-transform-timeout-r02,2026-09-11T13:57:14.712749372Z,147000.551,none,false,0,0,0,0,0,2943,223,128,0,20,0,75,20
retained-e8c21674a86f5d4737b23a59e2071da7754f4ff2,kill-switch-transform-timeout-r02,2026-09-11T13:57:15.712756376Z,148000.558,none,false,0,0,0,0,0,2963,224,129,0,20,0,75,20
retained-e8c21674a86f5d4737b23a59e2071da7754f4ff2,kill-switch-transform-timeout-r02,2026-09-11T13:57:16.713169672Z,149000.971,none,false,0,0,0,0,0,2983,226,131,0,20,0,75,20
retained-e8c21674a86f5d4737b23a59e2071da7754f4ff2,kill-switch-transform-timeout-r02,2026-09-11T13:57:17.712853707Z,150000.656,none,false,0,0,0,0,0,3003,227,132,0,20,0,75,20
retained-e8c21674a86f5d4737b23a59e2071da7754f4ff2,kill-switch-transform-timeout-r02,2026-09-11T13:57:17.71289119Z,150000.693,none,false,0,0,0,0,0,3003,227,132,0,20,0,75,20
retained-e8c21674a86f5d4737b23a59e2071da7754f4ff2,baseline-transform-timeout-r02,2026-09-11T13:57:18.833805676Z,0.018,none,false,0,0,0,0,0,4,4,4,0,0,0,0,0
retained-e8c21674a86f5d4737b23a59e2071da7754f4ff2,baseline-transform-timeout-r02,2026-09-11T13:57:19.835099792Z,1001.313,none,false,0,0,0,0,0,23,4,4,0,0,0,0,0
retained-e8c21674a86f5d4737b23a59e2071da7754f4ff2,baseline-transform-timeout-r02,2026-09-11T13:57:20.834033478Z,2000.246,none,false,0,0,0,0,0,43,5,5,0,0,0,0,0
retained-e8c21674a86f5d4737b23a59e2071da7754f4ff2,baseline-transform-timeout-r02,2026-09-11T13:57:21.834747699Z,3000.960,none,false,0,0,0,0,0,63,7,7,0,0,0,0,0
retained-e8c21674a86f5d4737b23a59e2071da7754f4ff2,baseline-transform-timeout-r02,2026-09-11T13:57:22.834695161Z,4000.908,none,false,0,0,0,0,0,83,8,8,0,0,0,0,0
retained-e8c21674a86f5d4737b23a59e2071da7754f4ff2,baseline-transform-timeout-r02,2026-09-11T13:57:23.833857922Z,5000.071,none,false,0,0,0,0,0,103,10,10,0,0,0,0,0
retained-e8c21674a86f5d4737b23a59e2071da7754f4ff2,baseline-transform-timeout-r02,2026-09-11T13:57:24.834242578Z,6000.455,none,false,0,0,0,0,0,123,11,11,0,0,0,0,0
retained-e8c21674a86f5d4737b23a59e2071da7754f4ff2,baseline-transform-timeout-r02,2026-09-11T13:57:25.834010957Z,7000.224,none,false,0,0,0,0,0,143,13,13,0,0,0,0,0
retained-e8c21674a86f5d4737b23a59e2071da7754f4ff2,baseline-transform-timeout-r02,2026-09-11T13:57:26.83474641Z,8000.959,none,false,0,0,0,0,0,163,14,14,0,0,0,0,0
retained-e8c21674a86f5d4737b23a59e2071da7754f4ff2,baseline-transform-timeout-r02,2026-09-11T13:57:27.834568683Z,9000.781,none,false,0,0,0,0,0,183,16,16,0,0,0,0,0
retained-e8c21674a86f5d4737b23a59e2071da7754f4ff2,baseline-transform-timeout-r02,2026-09-11T13:57:28.834323065Z,10000.536,none,false,0,0,0,0,0,203,17,17,0,0,0,0,0
retained-e8c21674a86f5d4737b23a59e2071da7754f4ff2,baseline-transform-timeout-r02,2026-09-11T13:57:29.834939373Z,11001.152,none,false,0,0,0,0,0,223,19,19,0,0,0,0,0
retained-e8c21674a86f5d4737b23a59e2071da7754f4ff2,baseline-transform-timeout-r02,2026-09-11T13:57:30.834030349Z,12000.243,none,false,0,0,0,0,0,243,20,20,0,0,0,0,0
retained-e8c21674a86f5d4737b23a59e2071da7754f4ff2,baseline-transform-timeout-r02,2026-09-11T13:57:31.834584379Z,13000.797,none,false,0,0,0,0,0,263,22,22,0,0,0,0,0
retained-e8c21674a86f5d4737b23a59e2071da7754f4ff2,baseline-transform-timeout-r02,2026-09-11T13:57:32.834897111Z,14001.110,none,false,0,0,0,0,0,283,23,23,0,0,0,0,0
retained-e8c21674a86f5d4737b23a59e2071da7754f4ff2,baseline-transform-timeout-r02,2026-09-11T13:57:33.834205777Z,15000.419,none,false,0,0,0,0,0,303,25,25,0,0,0,0,0
retained-e8c21674a86f5d4737b23a59e2071da7754f4ff2,baseline-transform-timeout-r02,2026-09-11T13:57:34.834306413Z,16000.519,none,false,0,0,0,0,0,323,26,26,0,0,0,0,0
retained-e8c21674a86f5d4737b23a59e2071da7754f4ff2,baseline-transform-timeout-r02,2026-09-11T13:57:35.834292869Z,17000.506,none,false,0,0,0,0,0,343,28,28,0,0,0,0,0
retained-e8c21674a86f5d4737b23a59e2071da7754f4ff2,baseline-transform-timeout-r02,2026-09-11T13:57:36.834840923Z,18001.054,none,false,0,0,0,0,0,363,29,29,0,0,0,0,0
retained-e8c21674a86f5d4737b23a59e2071da7754f4ff2,baseline-transform-timeout-r02,2026-09-11T13:57:37.834704129Z,19000.917,none,false,0,0,0,0,0,383,31,31,0,0,0,0,0
retained-e8c21674a86f5d4737b23a59e2071da7754f4ff2,baseline-transform-timeout-r02,2026-09-11T13:57:38.834458011Z,20000.671,none,false,0,0,0,0,0,403,32,32,0,0,0,0,0
retained-e8c21674a86f5d4737b23a59e2071da7754f4ff2,baseline-transform-timeout-r02,2026-09-11T13:57:39.83484736Z,21001.060,none,false,0,0,0,0,0,423,34,34,0,0,0,0,0
retained-e8c21674a86f5d4737b23a59e2071da7754f4ff2,baseline-transform-timeout-r02,2026-09-11T13:57:40.834074171Z,22000.287,none,false,0,0,0,0,0,443,35,35,0,0,0,0,0
retained-e8c21674a86f5d4737b23a59e2071da7754f4ff2,baseline-transform-timeout-r02,2026-09-11T13:57:41.834167541Z,23000.380,none,false,0,0,0,0,0,463,37,37,0,0,0,0,0
retained-e8c21674a86f5d4737b23a59e2071da7754f4ff2,baseline-transform-timeout-r02,2026-09-11T13:57:46.182615914Z,24000.318,none,false,0,0,0,0,0,483,38,38,0,0,0,0,0
retained-e8c21674a86f5d4737b23a59e2071da7754f4ff2,baseline-transform-timeout-r02,2026-09-11T13:57:47.182732966Z,25000.435,none,false,0,0,0,0,0,503,40,40,0,0,0,0,0
retained-e8c21674a86f5d4737b23a59e2071da7754f4ff2,baseline-transform-timeout-r02,2026-09-11T13:57:48.18284102Z,26000.543,none,false,0,0,0,0,0,523,41,41,0,0,0,0,0
retained-e8c21674a86f5d4737b23a59e2071da7754f4ff2,baseline-transform-timeout-r02,2026-09-11T13:57:49.182938952Z,27000.641,none,false,0,0,0,0,0,543,43,43,0,0,0,0,0
retained-e8c21674a86f5d4737b23a59e2071da7754f4ff2,baseline-transform-timeout-r02,2026-09-11T13:57:50.182826007Z,28000.528,none,false,0,0,0,0,0,563,44,44,0,0,0,0,0
retained-e8c21674a86f5d4737b23a59e2071da7754f4ff2,baseline-transform-timeout-r02,2026-09-11T13:57:51.183327168Z,29001.029,none,false,0,0,0,0,0,583,46,46,0,0,0,0,0
retained-e8c21674a86f5d4737b23a59e2071da7754f4ff2,baseline-transform-timeout-r02,2026-09-11T13:57:52.182975277Z,30000.677,none,false,0,0,0,0,0,603,47,47,0,0,0,0,0
retained-e8c21674a86f5d4737b23a59e2071da7754f4ff2,baseline-transform-timeout-r02,2026-09-11T13:57:53.183016209Z,31000.718,transform-timeout,false,1,0,1,0,4075024,623,49,48,0,0,0,0,1
retained-e8c21674a86f5d4737b23a59e2071da7754f4ff2,baseline-transform-timeout-r02,2026-09-11T13:57:54.183305572Z,32001.008,transform-timeout,false,2,0,2,0,8150048,643,50,48,0,0,0,0,2
retained-e8c21674a86f5d4737b23a59e2071da7754f4ff2,baseline-transform-timeout-r02,2026-09-11T13:57:55.183368102Z,33001.070,transform-timeout,false,3,0,3,0,12225072,663,52,49,0,0,0,0,3
retained-e8c21674a86f5d4737b23a59e2071da7754f4ff2,baseline-transform-timeout-r02,2026-09-11T13:57:56.183553588Z,34001.256,transform-timeout,false,4,0,4,0,16300096,683,53,49,0,0,0,0,4
retained-e8c21674a86f5d4737b23a59e2071da7754f4ff2,baseline-transform-timeout-r02,2026-09-11T13:57:57.182850769Z,35000.553,transform-timeout,false,4,2,6,0,24450144,703,55,49,0,0,0,0,4
retained-e8c21674a86f5d4737b23a59e2071da7754f4ff2,baseline-transform-timeout-r02,2026-09-11T13:57:58.183075529Z,36000.778,transform-timeout,false,4,3,7,0,28525168,723,56,49,0,0,0,0,4
retained-e8c21674a86f5d4737b23a59e2071da7754f4ff2,baseline-transform-timeout-r02,2026-09-11T13:57:59.183388619Z,37001.091,transform-timeout,false,4,5,9,0,36675216,743,58,49,0,0,0,0,4
retained-e8c21674a86f5d4737b23a59e2071da7754f4ff2,baseline-transform-timeout-r02,2026-09-11T13:58:00.18255866Z,38000.261,transform-timeout,false,4,6,10,0,40750240,763,59,49,0,0,0,0,4
retained-e8c21674a86f5d4737b23a59e2071da7754f4ff2,baseline-transform-timeout-r02,2026-09-11T13:58:01.18335835Z,39001.060,transform-timeout,false,4,8,12,0,48900288,783,61,49,0,0,0,0,4
retained-e8c21674a86f5d4737b23a59e2071da7754f4ff2,baseline-transform-timeout-r02,2026-09-11T13:58:02.183005798Z,40000.708,transform-timeout,false,4,9,13,0,52975312,803,62,49,0,0,0,0,4
retained-e8c21674a86f5d4737b23a59e2071da7754f4ff2,baseline-transform-timeout-r02,2026-09-11T13:58:03.183006259Z,41000.708,transform-timeout,false,4,11,15,0,61125360,823,64,49,0,0,0,0,4
retained-e8c21674a86f5d4737b23a59e2071da7754f4ff2,baseline-transform-timeout-r02,2026-09-11T13:58:04.183361927Z,42001.064,transform-timeout,false,4,12,16,0,65200384,843,65,49,0,0,0,0,4
retained-e8c21674a86f5d4737b23a59e2071da7754f4ff2,baseline-transform-timeout-r02,2026-09-11T13:58:05.183107018Z,43000.809,transform-timeout,false,4,14,18,0,73350432,863,67,49,0,0,0,0,4
retained-e8c21674a86f5d4737b23a59e2071da7754f4ff2,baseline-transform-timeout-r02,2026-09-11T13:58:06.183332288Z,44001.034,transform-timeout,false,4,15,19,0,77425456,883,68,49,0,0,0,0,4
retained-e8c21674a86f5d4737b23a59e2071da7754f4ff2,baseline-transform-timeout-r02,2026-09-11T13:58:07.18282051Z,45000.523,transform-timeout,false,4,17,21,0,85575504,903,70,49,0,0,0,0,4
retained-e8c21674a86f5d4737b23a59e2071da7754f4ff2,baseline-transform-timeout-r02,2026-09-11T13:58:08.182817189Z,46000.519,transform-timeout,false,4,18,22,0,89650528,923,71,49,0,0,0,0,4
retained-e8c21674a86f5d4737b23a59e2071da7754f4ff2,baseline-transform-timeout-r02,2026-09-11T13:58:09.183151413Z,47000.853,transform-timeout,false,4,20,24,0,97800576,943,73,49,0,0,0,0,4
retained-e8c21674a86f5d4737b23a59e2071da7754f4ff2,baseline-transform-timeout-r02,2026-09-11T13:58:10.183283908Z,48000.986,transform-timeout,false,4,21,25,0,101875600,963,74,49,0,0,0,0,4
retained-e8c21674a86f5d4737b23a59e2071da7754f4ff2,baseline-transform-timeout-r02,2026-09-11T13:58:11.182714466Z,49000.416,transform-timeout,false,4,23,27,0,110025648,983,76,49,0,0,0,0,4
retained-e8c21674a86f5d4737b23a59e2071da7754f4ff2,baseline-transform-timeout-r02,2026-09-11T13:58:12.183253665Z,50000.956,transform-timeout,false,4,24,28,0,114100672,1003,77,49,0,0,0,0,4
retained-e8c21674a86f5d4737b23a59e2071da7754f4ff2,baseline-transform-timeout-r02,2026-09-11T13:58:13.183327325Z,51001.029,transform-timeout,false,3,25,28,0,114100672,1023,79,49,0,2,0,0,5
retained-e8c21674a86f5d4737b23a59e2071da7754f4ff2,baseline-transform-timeout-r02,2026-09-11T13:58:14.183189614Z,52000.892,transform-timeout,false,4,24,28,0,114100672,1043,80,50,0,2,0,0,6
retained-e8c21674a86f5d4737b23a59e2071da7754f4ff2,baseline-transform-timeout-r02,2026-09-11T13:58:15.182773019Z,53000.475,transform-timeout,false,4,25,29,0,118175696,1063,82,50,0,3,0,0,7
retained-e8c21674a86f5d4737b23a59e2071da7754f4ff2,baseline-transform-timeout-r02,2026-09-11T13:58:19.51107151Z,54000.397,transform-timeout,false,4,24,28,0,114100672,1083,83,51,0,4,0,0,8
retained-e8c21674a86f5d4737b23a59e2071da7754f4ff2,baseline-transform-timeout-r02,2026-09-11T13:58:20.510801155Z,55000.127,transform-timeout,false,4,24,28,0,114100672,1103,85,52,0,5,0,0,9
retained-e8c21674a86f5d4737b23a59e2071da7754f4ff2,baseline-transform-timeout-r02,2026-09-11T13:58:21.511173586Z,56000.499,transform-timeout,false,4,24,28,0,114100672,1123,86,52,0,6,0,0,10
retained-e8c21674a86f5d4737b23a59e2071da7754f4ff2,baseline-transform-timeout-r02,2026-09-11T13:58:22.511023401Z,57000.349,transform-timeout,false,4,24,28,0,114100672,1143,88,53,0,7,0,0,11
retained-e8c21674a86f5d4737b23a59e2071da7754f4ff2,baseline-transform-timeout-r02,2026-09-11T13:58:23.511212165Z,58000.538,transform-timeout,false,4,24,28,0,114100672,1163,89,53,0,8,0,0,12
retained-e8c21674a86f5d4737b23a59e2071da7754f4ff2,baseline-transform-timeout-r02,2026-09-11T13:58:24.511404771Z,59000.731,transform-timeout,false,4,25,29,0,118175696,1183,91,53,0,9,0,0,13
retained-e8c21674a86f5d4737b23a59e2071da7754f4ff2,baseline-transform-timeout-r02,2026-09-11T13:58:25.511160331Z,60000.486,transform-timeout,false,4,24,28,0,114100672,1203,92,54,0,10,0,0,14
retained-e8c21674a86f5d4737b23a59e2071da7754f4ff2,baseline-transform-timeout-r02,2026-09-11T13:58:26.511586551Z,61000.912,transform-timeout,false,4,25,29,0,118175696,1223,94,54,0,11,0,0,15
retained-e8c21674a86f5d4737b23a59e2071da7754f4ff2,baseline-transform-timeout-r02,2026-09-11T13:58:27.510950373Z,62000.276,transform-timeout,false,4,24,28,0,114100672,1243,95,55,0,12,0,0,16
retained-e8c21674a86f5d4737b23a59e2071da7754f4ff2,baseline-transform-timeout-r02,2026-09-11T13:58:28.511268438Z,63000.594,transform-timeout,false,4,25,29,0,118175696,1263,97,55,0,13,0,0,17
retained-e8c21674a86f5d4737b23a59e2071da7754f4ff2,baseline-transform-timeout-r02,2026-09-11T13:58:29.510834224Z,64000.160,transform-timeout,false,4,24,28,0,114100672,1283,98,56,0,14,0,0,18
retained-e8c21674a86f5d4737b23a59e2071da7754f4ff2,baseline-transform-timeout-r02,2026-09-11T13:58:30.511067078Z,65000.393,transform-timeout,false,4,25,29,0,118175696,1303,100,56,0,15,0,0,19
retained-e8c21674a86f5d4737b23a59e2071da7754f4ff2,baseline-transform-timeout-r02,2026-09-11T13:58:31.511178763Z,66000.504,transform-timeout,false,4,24,28,0,114100672,1323,101,57,0,16,0,0,20
retained-e8c21674a86f5d4737b23a59e2071da7754f4ff2,baseline-transform-timeout-r02,2026-09-11T13:58:32.511659407Z,67000.985,transform-timeout,false,4,24,28,0,114100672,1343,103,58,0,17,0,0,21
retained-e8c21674a86f5d4737b23a59e2071da7754f4ff2,baseline-transform-timeout-r02,2026-09-11T13:58:33.511318306Z,68000.644,transform-timeout,false,4,24,28,0,114100672,1363,104,58,0,18,0,0,22
retained-e8c21674a86f5d4737b23a59e2071da7754f4ff2,baseline-transform-timeout-r02,2026-09-11T13:58:34.510974364Z,69000.300,transform-timeout,false,4,24,28,0,114100672,1383,106,59,0,19,0,0,23
retained-e8c21674a86f5d4737b23a59e2071da7754f4ff2,baseline-transform-timeout-r02,2026-09-11T13:58:35.51102055Z,70000.346,transform-timeout,false,4,24,28,0,114100672,1403,107,59,0,20,0,0,24
retained-e8c21674a86f5d4737b23a59e2071da7754f4ff2,baseline-transform-timeout-r02,2026-09-11T13:58:36.510967739Z,71000.293,transform-timeout,false,4,25,29,0,118175696,1423,109,59,0,21,0,0,25
retained-e8c21674a86f5d4737b23a59e2071da7754f4ff2,baseline-transform-timeout-r02,2026-09-11T13:58:37.51154098Z,72000.867,transform-timeout,false,4,24,28,0,114100672,1443,110,60,0,22,0,0,26
retained-e8c21674a86f5d4737b23a59e2071da7754f4ff2,baseline-transform-timeout-r02,2026-09-11T13:58:38.511150689Z,73000.476,transform-timeout,false,4,24,28,0,114100672,1463,112,61,0,23,0,0,27
retained-e8c21674a86f5d4737b23a59e2071da7754f4ff2,baseline-transform-timeout-r02,2026-09-11T13:58:39.511744069Z,74001.070,transform-timeout,false,3,24,27,0,110025648,1483,113,61,0,25,0,0,28
retained-e8c21674a86f5d4737b23a59e2071da7754f4ff2,baseline-transform-timeout-r02,2026-09-11T13:58:40.5115019Z,75000.828,transform-timeout,false,3,25,28,0,114100672,1503,115,61,0,26,0,0,29
retained-e8c21674a86f5d4737b23a59e2071da7754f4ff2,baseline-transform-timeout-r02,2026-09-11T13:58:41.511337061Z,76000.663,transform-timeout,false,4,24,28,0,114100672,1523,116,62,0,26,0,0,30
retained-e8c21674a86f5d4737b23a59e2071da7754f4ff2,baseline-transform-timeout-r02,2026-09-11T13:58:42.511085002Z,77000.411,transform-timeout,false,4,25,29,0,118175696,1543,118,62,0,27,0,0,31
retained-e8c21674a86f5d4737b23a59e2071da7754f4ff2,baseline-transform-timeout-r02,2026-09-11T13:58:43.510900987Z,78000.227,transform-timeout,false,4,24,28,0,114100672,1563,119,63,0,28,0,0,32
retained-e8c21674a86f5d4737b23a59e2071da7754f4ff2,baseline-transform-timeout-r02,2026-09-11T13:58:44.511297666Z,79000.623,transform-timeout,false,4,25,29,0,118175696,1583,121,63,0,29,0,0,33
retained-e8c21674a86f5d4737b23a59e2071da7754f4ff2,baseline-transform-timeout-r02,2026-09-11T13:58:45.511504586Z,80000.830,transform-timeout,false,4,24,28,0,114100672,1603,122,64,0,30,0,0,34
retained-e8c21674a86f5d4737b23a59e2071da7754f4ff2,baseline-transform-timeout-r02,2026-09-11T13:58:46.511361471Z,81000.687,transform-timeout,false,4,24,28,0,114100672,1623,124,65,0,31,0,0,35
retained-e8c21674a86f5d4737b23a59e2071da7754f4ff2,baseline-transform-timeout-r02,2026-09-11T13:58:47.511102753Z,82000.428,transform-timeout,false,4,24,28,0,114100672,1643,125,65,0,32,0,0,36
retained-e8c21674a86f5d4737b23a59e2071da7754f4ff2,baseline-transform-timeout-r02,2026-09-11T13:58:48.511361895Z,83000.688,transform-timeout,false,4,24,28,0,114100672,1663,127,66,0,33,0,0,37
retained-e8c21674a86f5d4737b23a59e2071da7754f4ff2,baseline-transform-timeout-r02,2026-09-11T13:58:52.840906585Z,84000.524,transform-timeout,false,4,24,28,0,114100672,1683,128,66,0,34,0,0,38
retained-e8c21674a86f5d4737b23a59e2071da7754f4ff2,baseline-transform-timeout-r02,2026-09-11T13:58:53.841274392Z,85000.892,transform-timeout,false,3,24,27,0,110025648,1703,130,67,0,36,0,0,39
retained-e8c21674a86f5d4737b23a59e2071da7754f4ff2,baseline-transform-timeout-r02,2026-09-11T13:58:54.840812781Z,86000.431,transform-timeout,false,4,24,28,0,114100672,1723,131,67,0,36,0,0,40
retained-e8c21674a86f5d4737b23a59e2071da7754f4ff2,baseline-transform-timeout-r02,2026-09-11T13:58:55.840976778Z,87000.595,transform-timeout,false,4,24,28,0,114100672,1743,133,68,0,37,0,0,41
retained-e8c21674a86f5d4737b23a59e2071da7754f4ff2,baseline-transform-timeout-r02,2026-09-11T13:58:56.840955544Z,88000.573,transform-timeout,false,4,24,28,0,114100672,1763,134,68,0,38,0,0,42
retained-e8c21674a86f5d4737b23a59e2071da7754f4ff2,baseline-transform-timeout-r02,2026-09-11T13:58:57.841245483Z,89000.863,transform-timeout,false,3,24,27,0,110025648,1783,136,69,0,40,0,0,43
retained-e8c21674a86f5d4737b23a59e2071da7754f4ff2,baseline-transform-timeout-r02,2026-09-11T13:58:58.84102314Z,90000.641,transform-timeout,false,4,24,28,0,114100672,1803,137,69,0,40,0,0,44
retained-e8c21674a86f5d4737b23a59e2071da7754f4ff2,baseline-transform-timeout-r02,2026-09-11T13:58:59.840889668Z,91000.507,none,false,4,22,26,0,105950624,1823,139,72,0,41,0,0,44
retained-e8c21674a86f5d4737b23a59e2071da7754f4ff2,baseline-transform-timeout-r02,2026-09-11T13:59:00.841249316Z,92000.867,none,false,4,19,23,0,93725552,1843,140,75,0,42,0,0,44
retained-e8c21674a86f5d4737b23a59e2071da7754f4ff2,baseline-transform-timeout-r02,2026-09-11T13:59:01.841384176Z,93001.002,none,false,3,17,20,0,81500480,1863,142,78,0,44,0,0,44
retained-e8c21674a86f5d4737b23a59e2071da7754f4ff2,baseline-transform-timeout-r02,2026-09-11T13:59:02.853085406Z,94012.703,none,false,3,15,19,0,77425456,1880,143,81,0,44,0,0,44
retained-e8c21674a86f5d4737b23a59e2071da7754f4ff2,baseline-transform-timeout-r02,2026-09-11T13:59:03.840543399Z,95000.161,none,false,4,14,18,0,73350432,1900,145,83,0,44,0,0,44
retained-e8c21674a86f5d4737b23a59e2071da7754f4ff2,baseline-transform-timeout-r02,2026-09-11T13:59:04.841465769Z,96001.084,none,false,4,11,15,0,61125360,1919,146,87,0,44,0,0,44
retained-e8c21674a86f5d4737b23a59e2071da7754f4ff2,baseline-transform-timeout-r02,2026-09-11T13:59:05.84137131Z,97000.989,none,false,4,10,14,0,57050336,1939,148,90,0,44,0,0,44
retained-e8c21674a86f5d4737b23a59e2071da7754f4ff2,baseline-transform-timeout-r02,2026-09-11T13:59:06.917035159Z,98076.653,none,false,3,8,12,0,48900288,1958,149,94,0,44,0,0,44
retained-e8c21674a86f5d4737b23a59e2071da7754f4ff2,baseline-transform-timeout-r02,2026-09-11T13:59:07.841975735Z,99001.594,none,false,4,9,13,0,52975312,1978,152,95,0,44,0,0,44
retained-e8c21674a86f5d4737b23a59e2071da7754f4ff2,baseline-transform-timeout-r02,2026-09-11T13:59:08.841531233Z,100001.149,none,false,4,5,9,0,36675216,1997,152,99,0,44,0,0,44
retained-e8c21674a86f5d4737b23a59e2071da7754f4ff2,baseline-transform-timeout-r02,2026-09-11T13:59:09.841168662Z,101000.786,none,false,4,3,7,0,28525168,2016,154,103,0,44,0,0,44
retained-e8c21674a86f5d4737b23a59e2071da7754f4ff2,baseline-transform-timeout-r02,2026-09-11T13:59:10.840832321Z,102000.450,none,false,4,1,5,0,20375120,2035,155,106,0,44,0,0,44
retained-e8c21674a86f5d4737b23a59e2071da7754f4ff2,baseline-transform-timeout-r02,2026-09-11T13:59:11.8405264Z,103000.144,none,false,4,0,4,0,16300096,2053,157,109,0,44,0,0,44
retained-e8c21674a86f5d4737b23a59e2071da7754f4ff2,baseline-transform-timeout-r02,2026-09-11T13:59:12.841095445Z,104000.713,none,false,1,0,1,0,4075024,2073,158,113,0,44,0,0,44
retained-e8c21674a86f5d4737b23a59e2071da7754f4ff2,baseline-transform-timeout-r02,2026-09-11T13:59:13.841312579Z,105000.930,none,false,0,0,0,0,0,2093,160,116,0,44,0,0,44
retained-e8c21674a86f5d4737b23a59e2071da7754f4ff2,baseline-transform-timeout-r02,2026-09-11T13:59:14.84097405Z,106000.592,none,false,0,0,0,0,0,2113,161,117,0,44,0,0,44
retained-e8c21674a86f5d4737b23a59e2071da7754f4ff2,baseline-transform-timeout-r02,2026-09-11T13:59:15.84126052Z,107000.878,none,false,0,0,0,0,0,2133,163,119,0,44,0,0,44
retained-e8c21674a86f5d4737b23a59e2071da7754f4ff2,baseline-transform-timeout-r02,2026-09-11T13:59:16.841257792Z,108000.876,none,false,0,0,0,0,0,2153,164,120,0,44,0,0,44
retained-e8c21674a86f5d4737b23a59e2071da7754f4ff2,baseline-transform-timeout-r02,2026-09-11T13:59:17.841264486Z,109000.882,none,false,0,0,0,0,0,2173,166,122,0,44,0,0,44
retained-e8c21674a86f5d4737b23a59e2071da7754f4ff2,baseline-transform-timeout-r02,2026-09-11T13:59:18.841021511Z,110000.639,none,false,0,0,0,0,0,2193,167,123,0,44,0,0,44
retained-e8c21674a86f5d4737b23a59e2071da7754f4ff2,baseline-transform-timeout-r02,2026-09-11T13:59:19.840702851Z,111000.321,none,false,0,0,0,0,0,2213,169,125,0,44,0,0,44
retained-e8c21674a86f5d4737b23a59e2071da7754f4ff2,baseline-transform-timeout-r02,2026-09-11T13:59:20.840483953Z,112000.102,none,false,0,0,0,0,0,2233,170,126,0,44,0,0,44
retained-e8c21674a86f5d4737b23a59e2071da7754f4ff2,baseline-transform-timeout-r02,2026-09-11T13:59:21.841531224Z,113001.149,none,false,0,0,0,0,0,2253,172,128,0,44,0,0,44
retained-e8c21674a86f5d4737b23a59e2071da7754f4ff2,baseline-transform-timeout-r02,2026-09-11T13:59:26.174906914Z,114000.353,none,false,0,0,0,0,0,2273,173,129,0,44,0,0,44
retained-e8c21674a86f5d4737b23a59e2071da7754f4ff2,baseline-transform-timeout-r02,2026-09-11T13:59:27.175238408Z,115000.684,none,false,0,0,0,0,0,2293,175,131,0,44,0,0,44
retained-e8c21674a86f5d4737b23a59e2071da7754f4ff2,baseline-transform-timeout-r02,2026-09-11T13:59:28.175343515Z,116000.789,none,false,0,0,0,0,0,2313,176,132,0,44,0,0,44
retained-e8c21674a86f5d4737b23a59e2071da7754f4ff2,baseline-transform-timeout-r02,2026-09-11T13:59:29.175451518Z,117000.897,none,false,0,0,0,0,0,2333,178,134,0,44,0,0,44
retained-e8c21674a86f5d4737b23a59e2071da7754f4ff2,baseline-transform-timeout-r02,2026-09-11T13:59:30.174998995Z,118000.445,none,false,0,0,0,0,0,2353,179,135,0,44,0,0,44
retained-e8c21674a86f5d4737b23a59e2071da7754f4ff2,baseline-transform-timeout-r02,2026-09-11T13:59:31.175472097Z,119000.918,none,false,0,0,0,0,0,2373,181,137,0,44,0,0,44
retained-e8c21674a86f5d4737b23a59e2071da7754f4ff2,baseline-transform-timeout-r02,2026-09-11T13:59:32.175436709Z,120000.882,none,false,0,0,0,0,0,2393,182,138,0,44,0,0,44
retained-e8c21674a86f5d4737b23a59e2071da7754f4ff2,baseline-transform-timeout-r02,2026-09-11T13:59:33.175266075Z,121000.712,none,false,0,0,0,0,0,2413,184,140,0,44,0,0,44
retained-e8c21674a86f5d4737b23a59e2071da7754f4ff2,baseline-transform-timeout-r02,2026-09-11T13:59:34.17527007Z,122000.716,none,false,0,0,0,0,0,2433,185,141,0,44,0,0,44
retained-e8c21674a86f5d4737b23a59e2071da7754f4ff2,baseline-transform-timeout-r02,2026-09-11T13:59:35.175393452Z,123000.839,none,false,0,0,0,0,0,2453,187,143,0,44,0,0,44
retained-e8c21674a86f5d4737b23a59e2071da7754f4ff2,baseline-transform-timeout-r02,2026-09-11T13:59:36.175012803Z,124000.458,none,false,0,0,0,0,0,2473,188,144,0,44,0,0,44
retained-e8c21674a86f5d4737b23a59e2071da7754f4ff2,baseline-transform-timeout-r02,2026-09-11T13:59:37.175086947Z,125000.533,none,false,0,0,0,0,0,2493,190,146,0,44,0,0,44
retained-e8c21674a86f5d4737b23a59e2071da7754f4ff2,baseline-transform-timeout-r02,2026-09-11T13:59:38.175015164Z,126000.461,none,false,0,0,0,0,0,2513,191,147,0,44,0,0,44
retained-e8c21674a86f5d4737b23a59e2071da7754f4ff2,baseline-transform-timeout-r02,2026-09-11T13:59:39.175014785Z,127000.460,none,false,0,0,0,0,0,2533,193,149,0,44,0,0,44
retained-e8c21674a86f5d4737b23a59e2071da7754f4ff2,baseline-transform-timeout-r02,2026-09-11T13:59:40.175041181Z,128000.487,none,false,0,0,0,0,0,2553,194,150,0,44,0,0,44
retained-e8c21674a86f5d4737b23a59e2071da7754f4ff2,baseline-transform-timeout-r02,2026-09-11T13:59:41.175199407Z,129000.645,none,false,0,0,1,0,0,2573,197,152,0,44,0,0,44
retained-e8c21674a86f5d4737b23a59e2071da7754f4ff2,baseline-transform-timeout-r02,2026-09-11T13:59:42.175769423Z,130001.215,none,false,0,0,0,0,0,2593,197,153,0,44,0,0,44
retained-e8c21674a86f5d4737b23a59e2071da7754f4ff2,baseline-transform-timeout-r02,2026-09-11T13:59:43.17547181Z,131000.917,none,false,0,0,0,0,0,2613,199,155,0,44,0,0,44
retained-e8c21674a86f5d4737b23a59e2071da7754f4ff2,baseline-transform-timeout-r02,2026-09-11T13:59:44.17530216Z,132000.748,none,false,0,0,0,0,0,2633,200,156,0,44,0,0,44
retained-e8c21674a86f5d4737b23a59e2071da7754f4ff2,baseline-transform-timeout-r02,2026-09-11T13:59:45.175752547Z,133001.198,none,false,0,0,0,0,0,2653,202,158,0,44,0,0,44
retained-e8c21674a86f5d4737b23a59e2071da7754f4ff2,baseline-transform-timeout-r02,2026-09-11T13:59:46.175771935Z,134001.218,none,false,0,0,0,0,0,2673,203,159,0,44,0,0,44
retained-e8c21674a86f5d4737b23a59e2071da7754f4ff2,baseline-transform-timeout-r02,2026-09-11T13:59:47.175387533Z,135000.833,none,false,0,0,0,0,0,2693,205,161,0,44,0,0,44
retained-e8c21674a86f5d4737b23a59e2071da7754f4ff2,baseline-transform-timeout-r02,2026-09-11T13:59:48.175131269Z,136000.577,none,false,0,0,0,0,0,2713,206,162,0,44,0,0,44
retained-e8c21674a86f5d4737b23a59e2071da7754f4ff2,baseline-transform-timeout-r02,2026-09-11T13:59:49.174854412Z,137000.300,none,false,0,0,0,0,0,2733,208,164,0,44,0,0,44
retained-e8c21674a86f5d4737b23a59e2071da7754f4ff2,baseline-transform-timeout-r02,2026-09-11T13:59:50.175141206Z,138000.587,none,false,0,0,0,0,0,2753,209,165,0,44,0,0,44
retained-e8c21674a86f5d4737b23a59e2071da7754f4ff2,baseline-transform-timeout-r02,2026-09-11T13:59:51.175093285Z,139000.539,none,false,0,0,0,0,0,2773,211,167,0,44,0,0,44
retained-e8c21674a86f5d4737b23a59e2071da7754f4ff2,baseline-transform-timeout-r02,2026-09-11T13:59:52.175072233Z,140000.518,none,false,0,0,0,0,0,2793,212,168,0,44,0,0,44
retained-e8c21674a86f5d4737b23a59e2071da7754f4ff2,baseline-transform-timeout-r02,2026-09-11T13:59:53.175018788Z,141000.464,none,false,0,0,0,0,0,2813,214,170,0,44,0,0,44
retained-e8c21674a86f5d4737b23a59e2071da7754f4ff2,baseline-transform-timeout-r02,2026-09-11T13:59:54.175568326Z,142001.014,none,false,0,0,0,0,0,2833,215,171,0,44,0,0,44
retained-e8c21674a86f5d4737b23a59e2071da7754f4ff2,baseline-transform-timeout-r02,2026-09-11T13:59:55.175200805Z,143000.646,none,false,0,0,0,0,0,2853,217,173,0,44,0,0,44
retained-e8c21674a86f5d4737b23a59e2071da7754f4ff2,baseline-transform-timeout-r02,2026-09-11T13:59:59.508557863Z,144000.531,none,false,0,0,0,0,0,2873,218,174,0,44,0,0,44
retained-e8c21674a86f5d4737b23a59e2071da7754f4ff2,baseline-transform-timeout-r02,2026-09-11T14:00:00.509226034Z,145001.199,none,false,0,0,0,0,0,2893,220,176,0,44,0,0,44
retained-e8c21674a86f5d4737b23a59e2071da7754f4ff2,baseline-transform-timeout-r02,2026-09-11T14:00:01.509214934Z,146001.188,none,false,0,0,0,0,0,2913,221,177,0,44,0,0,44
retained-e8c21674a86f5d4737b23a59e2071da7754f4ff2,baseline-transform-timeout-r02,2026-09-11T14:00:02.508369376Z,147000.342,none,false,0,0,0,0,0,2933,223,179,0,44,0,0,44
retained-e8c21674a86f5d4737b23a59e2071da7754f4ff2,baseline-transform-timeout-r02,2026-09-11T14:00:03.508640453Z,148000.613,none,false,0,0,0,0,0,2953,224,180,0,44,0,0,44
retained-e8c21674a86f5d4737b23a59e2071da7754f4ff2,baseline-transform-timeout-r02,2026-09-11T14:00:04.508667388Z,149000.640,none,false,0,0,0,0,0,2973,226,182,0,44,0,0,44
retained-e8c21674a86f5d4737b23a59e2071da7754f4ff2,baseline-transform-timeout-r02,2026-09-11T14:00:05.50898849Z,150000.962,none,false,0,0,0,0,0,2993,227,183,0,44,0,0,44
retained-e8c21674a86f5d4737b23a59e2071da7754f4ff2,baseline-transform-timeout-r02,2026-09-11T14:00:05.508994916Z,150000.968,none,false,0,0,0,0,0,2993,227,183,0,44,0,0,44
