run_id,trial_id,scenario,request_id,image_key,task_id,started_at,finished_at,latency_ms,http_status,response_sha256,error_type,coalesced,cache
calibration-20260902-f,S0-r01,S0,request-001,d4745ce8b0076d85ef4bad6643512dad50425d8f61a49108664596ff785caf3e,3b5bb4ef4c4e,2026-09-01T15:46:15.658535978Z,2026-09-01T15:46:15.973044309Z,314.508339,200,fa5bbaa12602c6803fc911cd560f3cd567585f7b4703499b433ac2343ab380c5,,false,miss
calibration-20260902-f,S2-10-r01,S2-10,request-001,d4745ce8b0076d85ef4bad6643512dad50425d8f61a49108664596ff785caf3e,3b5bb4ef4c4e,2026-09-01T15:46:16.269004953Z,2026-09-01T15:46:16.583141259Z,314.136310,200,fa5bbaa12602c6803fc911cd560f3cd567585f7b4703499b433ac2343ab380c5,,true,miss
calibration-20260902-f,S2-10-r01,S2-10,request-002,d4745ce8b0076d85ef4bad6643512dad50425d8f61a49108664596ff785caf3e,3b5bb4ef4c4e,2026-09-01T15:46:16.268987343Z,2026-09-01T15:46:16.58287628Z,313.888945,200,fa5bbaa12602c6803fc911cd560f3cd567585f7b4703499b433ac2343ab380c5,,true,miss
calibration-20260902-f,S2-10-r01,S2-10,request-003,d4745ce8b0076d85ef4bad6643512dad50425d8f61a49108664596ff785caf3e,3b5bb4ef4c4e,2026-09-01T15:46:16.268957699Z,2026-09-01T15:46:16.583089389Z,314.131691,200,fa5bbaa12602c6803fc911cd560f3cd567585f7b4703499b433ac2343ab380c5,,true,miss
calibration-20260902-f,S2-10-r01,S2-10,request-004,d4745ce8b0076d85ef4bad6643512dad50425d8f61a49108664596ff785caf3e,3b5bb4ef4c4e,2026-09-01T15:46:16.268799035Z,2026-09-01T15:46:16.583090827Z,314.291790,200,fa5bbaa12602c6803fc911cd560f3cd567585f7b4703499b433ac2343ab380c5,,true,miss
calibration-20260902-f,S2-10-r01,S2-10,request-005,d4745ce8b0076d85ef4bad6643512dad50425d8f61a49108664596ff785caf3e,3b5bb4ef4c4e,2026-09-01T15:46:16.269115275Z,2026-09-01T15:46:16.583040879Z,313.925599,200,fa5bbaa12602c6803fc911cd560f3cd567585f7b4703499b433ac2343ab380c5,,true,miss
calibration-20260902-f,S2-10-r01,S2-10,request-006,d4745ce8b0076d85ef4bad6643512dad50425d8f61a49108664596ff785caf3e,3b5bb4ef4c4e,2026-09-01T15:46:16.269052865Z,2026-09-01T15:46:16.583147264Z,314.094402,200,fa5bbaa12602c6803fc911cd560f3cd567585f7b4703499b433ac2343ab380c5,,true,miss
calibration-20260902-f,S2-10-r01,S2-10,request-007,d4745ce8b0076d85ef4bad6643512dad50425d8f61a49108664596ff785caf3e,3b5bb4ef4c4e,2026-09-01T15:46:16.26898428Z,2026-09-01T15:46:16.582988024Z,314.003743,200,fa5bbaa12602c6803fc911cd560f3cd567585f7b4703499b433ac2343ab380c5,,true,miss
calibration-20260902-f,S2-10-r01,S2-10,request-008,d4745ce8b0076d85ef4bad6643512dad50425d8f61a49108664596ff785caf3e,3b5bb4ef4c4e,2026-09-01T15:46:16.268811402Z,2026-09-01T15:46:16.582923477Z,314.112077,200,fa5bbaa12602c6803fc911cd560f3cd567585f7b4703499b433ac2343ab380c5,,false,miss
calibration-20260902-f,S2-10-r01,S2-10,request-009,d4745ce8b0076d85ef4bad6643512dad50425d8f61a49108664596ff785caf3e,3b5bb4ef4c4e,2026-09-01T15:46:16.269021677Z,2026-09-01T15:46:16.582988102Z,313.966432,200,fa5bbaa12602c6803fc911cd560f3cd567585f7b4703499b433ac2343ab380c5,,true,miss
calibration-20260902-f,S2-10-r01,S2-10,request-010,d4745ce8b0076d85ef4bad6643512dad50425d8f61a49108664596ff785caf3e,3b5bb4ef4c4e,2026-09-01T15:46:16.269161814Z,2026-09-01T15:46:16.583039107Z,313.877291,200,fa5bbaa12602c6803fc911cd560f3cd567585f7b4703499b433ac2343ab380c5,,true,miss
calibration-20260902-f,S1-10-r01,S1-10,request-001,d4745ce8b0076d85ef4bad6643512dad50425d8f61a49108664596ff785caf3e,3b5bb4ef4c4e,2026-09-01T15:46:16.907625991Z,2026-09-01T15:46:20.13243969Z,3224.813705,200,fa5bbaa12602c6803fc911cd560f3cd567585f7b4703499b433ac2343ab380c5,,false,miss
calibration-20260902-f,S1-10-r01,S1-10,request-002,d4745ce8b0076d85ef4bad6643512dad50425d8f61a49108664596ff785caf3e,3b5bb4ef4c4e,2026-09-01T15:46:16.907815352Z,2026-09-01T15:46:19.707486153Z,2799.670810,200,fa5bbaa12602c6803fc911cd560f3cd567585f7b4703499b433ac2343ab380c5,,false,miss
calibration-20260902-f,S1-10-r01,S1-10,request-003,d4745ce8b0076d85ef4bad6643512dad50425d8f61a49108664596ff785caf3e,3b5bb4ef4c4e,2026-09-01T15:46:16.907796475Z,2026-09-01T15:46:19.521328474Z,2613.532006,200,fa5bbaa12602c6803fc911cd560f3cd567585f7b4703499b433ac2343ab380c5,,false,miss
calibration-20260902-f,S1-10-r01,S1-10,request-004,d4745ce8b0076d85ef4bad6643512dad50425d8f61a49108664596ff785caf3e,3b5bb4ef4c4e,2026-09-01T15:46:16.907760098Z,2026-09-01T15:46:18.41706178Z,1509.301681,200,fa5bbaa12602c6803fc911cd560f3cd567585f7b4703499b433ac2343ab380c5,,false,miss
calibration-20260902-f,S1-10-r01,S1-10,request-005,d4745ce8b0076d85ef4bad6643512dad50425d8f61a49108664596ff785caf3e,3b5bb4ef4c4e,2026-09-01T15:46:16.907733669Z,2026-09-01T15:46:18.213062371Z,1305.328704,200,fa5bbaa12602c6803fc911cd560f3cd567585f7b4703499b433ac2343ab380c5,,false,miss
calibration-20260902-f,S1-10-r01,S1-10,request-006,d4745ce8b0076d85ef4bad6643512dad50425d8f61a49108664596ff785caf3e,3b5bb4ef4c4e,2026-09-01T15:46:16.907903946Z,2026-09-01T15:46:18.301809563Z,1393.905621,200,fa5bbaa12602c6803fc911cd560f3cd567585f7b4703499b433ac2343ab380c5,,false,miss
calibration-20260902-f,S1-10-r01,S1-10,request-007,d4745ce8b0076d85ef4bad6643512dad50425d8f61a49108664596ff785caf3e,3b5bb4ef4c4e,2026-09-01T15:46:16.907877118Z,2026-09-01T15:46:19.325192137Z,2417.315021,200,fa5bbaa12602c6803fc911cd560f3cd567585f7b4703499b433ac2343ab380c5,,false,miss
calibration-20260902-f,S1-10-r01,S1-10,request-008,d4745ce8b0076d85ef4bad6643512dad50425d8f61a49108664596ff785caf3e,3b5bb4ef4c4e,2026-09-01T15:46:16.907856138Z,2026-09-01T15:46:19.4169658Z,2509.109663,200,fa5bbaa12602c6803fc911cd560f3cd567585f7b4703499b433ac2343ab380c5,,false,miss
calibration-20260902-f,S1-10-r01,S1-10,request-009,d4745ce8b0076d85ef4bad6643512dad50425d8f61a49108664596ff785caf3e,3b5bb4ef4c4e,2026-09-01T15:46:16.907824836Z,2026-09-01T15:46:20.149834193Z,3242.009357,200,fa5bbaa12602c6803fc911cd560f3cd567585f7b4703499b433ac2343ab380c5,,false,miss
calibration-20260902-f,S1-10-r01,S1-10,request-010,d4745ce8b0076d85ef4bad6643512dad50425d8f61a49108664596ff785caf3e,3b5bb4ef4c4e,2026-09-01T15:46:16.907838739Z,2026-09-01T15:46:18.114826268Z,1206.987535,200,fa5bbaa12602c6803fc911cd560f3cd567585f7b4703499b433ac2343ab380c5,,false,miss
calibration-20260902-f,S1-50-r01,S1-50,request-001,d4745ce8b0076d85ef4bad6643512dad50425d8f61a49108664596ff785caf3e,3b5bb4ef4c4e,2026-09-01T15:46:20.524272978Z,2026-09-01T15:46:22.006336688Z,1482.063716,200,fa5bbaa12602c6803fc911cd560f3cd567585f7b4703499b433ac2343ab380c5,,false,miss
calibration-20260902-f,S1-50-r01,S1-50,request-002,d4745ce8b0076d85ef4bad6643512dad50425d8f61a49108664596ff785caf3e,3b5bb4ef4c4e,2026-09-01T15:46:20.524139562Z,2026-09-01T15:46:31.843375718Z,7990.185100,200,fa5bbaa12602c6803fc911cd560f3cd567585f7b4703499b433ac2343ab380c5,,false,miss
calibration-20260902-f,S1-50-r01,S1-50,request-003,d4745ce8b0076d85ef4bad6643512dad50425d8f61a49108664596ff785caf3e,3b5bb4ef4c4e,2026-09-01T15:46:20.524737557Z,2026-09-01T15:46:39.351613343Z,15497.824730,200,fa5bbaa12602c6803fc911cd560f3cd567585f7b4703499b433ac2343ab380c5,,false,miss
calibration-20260902-f,S1-50-r01,S1-50,request-004,d4745ce8b0076d85ef4bad6643512dad50425d8f61a49108664596ff785caf3e,3b5bb4ef4c4e,2026-09-01T15:46:20.524717687Z,2026-09-01T15:46:37.537315103Z,13683.546367,200,fa5bbaa12602c6803fc911cd560f3cd567585f7b4703499b433ac2343ab380c5,,false,miss
calibration-20260902-f,S1-50-r01,S1-50,request-005,d4745ce8b0076d85ef4bad6643512dad50425d8f61a49108664596ff785caf3e,3b5bb4ef4c4e,2026-09-01T15:46:20.524700951Z,2026-09-01T15:46:35.637248311Z,11783.496311,200,fa5bbaa12602c6803fc911cd560f3cd567585f7b4703499b433ac2343ab380c5,,false,miss
calibration-20260902-f,S1-50-r01,S1-50,request-006,d4745ce8b0076d85ef4bad6643512dad50425d8f61a49108664596ff785caf3e,3b5bb4ef4c4e,2026-09-01T15:46:20.524686441Z,2026-09-01T15:46:35.03414235Z,11180.404857,200,fa5bbaa12602c6803fc911cd560f3cd567585f7b4703499b433ac2343ab380c5,,false,miss
calibration-20260902-f,S1-50-r01,S1-50,request-007,d4745ce8b0076d85ef4bad6643512dad50425d8f61a49108664596ff785caf3e,3b5bb4ef4c4e,2026-09-01T15:46:20.524661772Z,2026-09-01T15:46:38.637312157Z,14783.599338,200,fa5bbaa12602c6803fc911cd560f3cd567585f7b4703499b433ac2343ab380c5,,false,miss
calibration-20260902-f,S1-50-r01,S1-50,request-008,d4745ce8b0076d85ef4bad6643512dad50425d8f61a49108664596ff785caf3e,3b5bb4ef4c4e,2026-09-01T15:46:20.524641441Z,2026-09-01T15:46:34.233749512Z,10380.057019,200,fa5bbaa12602c6803fc911cd560f3cd567585f7b4703499b433ac2343ab380c5,,false,miss
calibration-20260902-f,S1-50-r01,S1-50,request-009,d4745ce8b0076d85ef4bad6643512dad50425d8f61a49108664596ff785caf3e,3b5bb4ef4c4e,2026-09-01T15:46:20.524622092Z,2026-09-01T15:46:33.733302607Z,9879.629458,200,fa5bbaa12602c6803fc911cd560f3cd567585f7b4703499b433ac2343ab380c5,,false,miss
calibration-20260902-f,S1-50-r01,S1-50,request-010,d4745ce8b0076d85ef4bad6643512dad50425d8f61a49108664596ff785caf3e,3b5bb4ef4c4e,2026-09-01T15:46:20.524602628Z,2026-09-01T15:46:32.948300381Z,9094.646705,200,fa5bbaa12602c6803fc911cd560f3cd567585f7b4703499b433ac2343ab380c5,,false,miss
calibration-20260902-f,S1-50-r01,S1-50,request-011,d4745ce8b0076d85ef4bad6643512dad50425d8f61a49108664596ff785caf3e,3b5bb4ef4c4e,2026-09-01T15:46:20.52458193Z,2026-09-01T15:46:32.544432776Z,8690.799789,200,fa5bbaa12602c6803fc911cd560f3cd567585f7b4703499b433ac2343ab380c5,,false,miss
calibration-20260902-f,S1-50-r01,S1-50,request-012,d4745ce8b0076d85ef4bad6643512dad50425d8f61a49108664596ff785caf3e,3b5bb4ef4c4e,2026-09-01T15:46:20.524552889Z,2026-09-01T15:46:31.744540373Z,7890.936433,200,fa5bbaa12602c6803fc911cd560f3cd567585f7b4703499b433ac2343ab380c5,,false,miss
calibration-20260902-f,S1-50-r01,S1-50,request-013,d4745ce8b0076d85ef4bad6643512dad50425d8f61a49108664596ff785caf3e,3b5bb4ef4c4e,2026-09-01T15:46:20.524535187Z,2026-09-01T15:46:32.438580805Z,8584.994563,200,fa5bbaa12602c6803fc911cd560f3cd567585f7b4703499b433ac2343ab380c5,,false,miss
calibration-20260902-f,S1-50-r01,S1-50,request-014,d4745ce8b0076d85ef4bad6643512dad50425d8f61a49108664596ff785caf3e,3b5bb4ef4c4e,2026-09-01T15:46:20.524506742Z,2026-09-01T15:46:31.135901831Z,7282.344034,200,fa5bbaa12602c6803fc911cd560f3cd567585f7b4703499b433ac2343ab380c5,,false,miss
calibration-20260902-f,S1-50-r01,S1-50,request-015,d4745ce8b0076d85ef4bad6643512dad50425d8f61a49108664596ff785caf3e,3b5bb4ef4c4e,2026-09-01T15:46:20.524489693Z,2026-09-01T15:46:30.44032719Z,6586.786442,200,fa5bbaa12602c6803fc911cd560f3cd567585f7b4703499b433ac2343ab380c5,,false,miss
calibration-20260902-f,S1-50-r01,S1-50,request-016,d4745ce8b0076d85ef4bad6643512dad50425d8f61a49108664596ff785caf3e,3b5bb4ef4c4e,2026-09-01T15:46:20.524466719Z,2026-09-01T15:46:29.334032837Z,5480.515067,200,fa5bbaa12602c6803fc911cd560f3cd567585f7b4703499b433ac2343ab380c5,,false,miss
calibration-20260902-f,S1-50-r01,S1-50,request-017,d4745ce8b0076d85ef4bad6643512dad50425d8f61a49108664596ff785caf3e,3b5bb4ef4c4e,2026-09-01T15:46:20.524445582Z,2026-09-01T15:46:28.835626097Z,4982.129460,200,fa5bbaa12602c6803fc911cd560f3cd567585f7b4703499b433ac2343ab380c5,,false,miss
calibration-20260902-f,S1-50-r01,S1-50,request-018,d4745ce8b0076d85ef4bad6643512dad50425d8f61a49108664596ff785caf3e,3b5bb4ef4c4e,2026-09-01T15:46:20.524426445Z,2026-09-01T15:46:28.736964476Z,4883.486983,200,fa5bbaa12602c6803fc911cd560f3cd567585f7b4703499b433ac2343ab380c5,,false,miss
calibration-20260902-f,S1-50-r01,S1-50,request-019,d4745ce8b0076d85ef4bad6643512dad50425d8f61a49108664596ff785caf3e,3b5bb4ef4c4e,2026-09-01T15:46:20.52440671Z,2026-09-01T15:46:27.838081003Z,3984.623242,200,fa5bbaa12602c6803fc911cd560f3cd567585f7b4703499b433ac2343ab380c5,,false,miss
calibration-20260902-f,S1-50-r01,S1-50,request-020,d4745ce8b0076d85ef4bad6643512dad50425d8f61a49108664596ff785caf3e,3b5bb4ef4c4e,2026-09-01T15:46:20.524386786Z,2026-09-01T15:46:27.644563704Z,3791.125870,200,fa5bbaa12602c6803fc911cd560f3cd567585f7b4703499b433ac2343ab380c5,,false,miss
calibration-20260902-f,S1-50-r01,S1-50,request-021,d4745ce8b0076d85ef4bad6643512dad50425d8f61a49108664596ff785caf3e,3b5bb4ef4c4e,2026-09-01T15:46:20.524370578Z,2026-09-01T15:46:26.731656601Z,2878.234982,200,fa5bbaa12602c6803fc911cd560f3cd567585f7b4703499b433ac2343ab380c5,,false,miss
calibration-20260902-f,S1-50-r01,S1-50,request-022,d4745ce8b0076d85ef4bad6643512dad50425d8f61a49108664596ff785caf3e,3b5bb4ef4c4e,2026-09-01T15:46:20.524354735Z,2026-09-01T15:46:37.434574883Z,13581.169098,200,fa5bbaa12602c6803fc911cd560f3cd567585f7b4703499b433ac2343ab380c5,,false,miss
calibration-20260902-f,S1-50-r01,S1-50,request-023,d4745ce8b0076d85ef4bad6643512dad50425d8f61a49108664596ff785caf3e,3b5bb4ef4c4e,2026-09-01T15:46:20.524333086Z,2026-09-01T15:46:21.8112176Z,1286.884519,200,fa5bbaa12602c6803fc911cd560f3cd567585f7b4703499b433ac2343ab380c5,,false,miss
calibration-20260902-f,S1-50-r01,S1-50,request-024,d4745ce8b0076d85ef4bad6643512dad50425d8f61a49108664596ff785caf3e,3b5bb4ef4c4e,2026-09-01T15:46:20.524309197Z,2026-09-01T15:46:39.678317729Z,15824.957482,200,fa5bbaa12602c6803fc911cd560f3cd567585f7b4703499b433ac2343ab380c5,,false,miss
calibration-20260902-f,S1-50-r01,S1-50,request-025,d4745ce8b0076d85ef4bad6643512dad50425d8f61a49108664596ff785caf3e,3b5bb4ef4c4e,2026-09-01T15:46:20.524272584Z,2026-09-01T15:46:22.006237672Z,1481.965093,200,fa5bbaa12602c6803fc911cd560f3cd567585f7b4703499b433ac2343ab380c5,,false,miss
calibration-20260902-f,S1-50-r01,S1-50,request-026,d4745ce8b0076d85ef4bad6643512dad50425d8f61a49108664596ff785caf3e,3b5bb4ef4c4e,2026-09-01T15:46:20.524181046Z,2026-09-01T15:46:36.83786861Z,12984.636513,200,fa5bbaa12602c6803fc911cd560f3cd567585f7b4703499b433ac2343ab380c5,,false,miss
calibration-20260902-f,S1-50-r01,S1-50,request-027,d4745ce8b0076d85ef4bad6643512dad50425d8f61a49108664596ff785caf3e,3b5bb4ef4c4e,2026-09-01T15:46:20.524756183Z,2026-09-01T15:46:38.046124295Z,14192.317058,200,fa5bbaa12602c6803fc911cd560f3cd567585f7b4703499b433ac2343ab380c5,,false,miss
calibration-20260902-f,S1-50-r01,S1-50,request-028,d4745ce8b0076d85ef4bad6643512dad50425d8f61a49108664596ff785caf3e,3b5bb4ef4c4e,2026-09-01T15:46:20.524734893Z,2026-09-01T15:46:39.573396835Z,15719.610887,200,fa5bbaa12602c6803fc911cd560f3cd567585f7b4703499b433ac2343ab380c5,,false,miss
calibration-20260902-f,S1-50-r01,S1-50,request-029,d4745ce8b0076d85ef4bad6643512dad50425d8f61a49108664596ff785caf3e,3b5bb4ef4c4e,2026-09-01T15:46:20.524715853Z,2026-09-01T15:46:36.133718967Z,12279.952063,200,fa5bbaa12602c6803fc911cd560f3cd567585f7b4703499b433ac2343ab380c5,,false,miss
calibration-20260902-f,S1-50-r01,S1-50,request-030,d4745ce8b0076d85ef4bad6643512dad50425d8f61a49108664596ff785caf3e,3b5bb4ef4c4e,2026-09-01T15:46:20.524693832Z,2026-09-01T15:46:35.5443418Z,11690.596917,200,fa5bbaa12602c6803fc911cd560f3cd567585f7b4703499b433ac2343ab380c5,,false,miss
calibration-20260902-f,S1-50-r01,S1-50,request-031,d4745ce8b0076d85ef4bad6643512dad50425d8f61a49108664596ff785caf3e,3b5bb4ef4c4e,2026-09-01T15:46:20.524679957Z,2026-09-01T15:46:36.231953898Z,12378.222886,200,fa5bbaa12602c6803fc911cd560f3cd567585f7b4703499b433ac2343ab380c5,,false,miss
calibration-20260902-f,S1-50-r01,S1-50,request-032,d4745ce8b0076d85ef4bad6643512dad50425d8f61a49108664596ff785caf3e,3b5bb4ef4c4e,2026-09-01T15:46:20.52466269Z,2026-09-01T15:46:34.338744898Z,10485.031157,200,fa5bbaa12602c6803fc911cd560f3cd567585f7b4703499b433ac2343ab380c5,,false,miss
calibration-20260902-f,S1-50-r01,S1-50,request-033,d4745ce8b0076d85ef4bad6643512dad50425d8f61a49108664596ff785caf3e,3b5bb4ef4c4e,2026-09-01T15:46:20.524644861Z,2026-09-01T15:46:34.942534554Z,11088.838642,200,fa5bbaa12602c6803fc911cd560f3cd567585f7b4703499b433ac2343ab380c5,,false,miss
calibration-20260902-f,S1-50-r01,S1-50,request-034,d4745ce8b0076d85ef4bad6643512dad50425d8f61a49108664596ff785caf3e,3b5bb4ef4c4e,2026-09-01T15:46:20.524625746Z,2026-09-01T15:46:33.834397851Z,9980.721055,200,fa5bbaa12602c6803fc911cd560f3cd567585f7b4703499b433ac2343ab380c5,,false,miss
calibration-20260902-f,S1-50-r01,S1-50,request-035,d4745ce8b0076d85ef4bad6643512dad50425d8f61a49108664596ff785caf3e,3b5bb4ef4c4e,2026-09-01T15:46:20.524608572Z,2026-09-01T15:46:38.135088026Z,14281.428387,200,fa5bbaa12602c6803fc911cd560f3cd567585f7b4703499b433ac2343ab380c5,,false,miss
calibration-20260902-f,S1-50-r01,S1-50,request-036,d4745ce8b0076d85ef4bad6643512dad50425d8f61a49108664596ff785caf3e,3b5bb4ef4c4e,2026-09-01T15:46:20.524586535Z,2026-09-01T15:46:33.042763452Z,9189.125866,200,fa5bbaa12602c6803fc911cd560f3cd567585f7b4703499b433ac2343ab380c5,,false,miss
calibration-20260902-f,S1-50-r01,S1-50,request-037,d4745ce8b0076d85ef4bad6643512dad50425d8f61a49108664596ff785caf3e,3b5bb4ef4c4e,2026-09-01T15:46:20.524552206Z,2026-09-01T15:46:23.018631485Z,2494.079285,200,fa5bbaa12602c6803fc911cd560f3cd567585f7b4703499b433ac2343ab380c5,,false,miss
calibration-20260902-f,S1-50-r01,S1-50,request-038,d4745ce8b0076d85ef4bad6643512dad50425d8f61a49108664596ff785caf3e,3b5bb4ef4c4e,2026-09-01T15:46:20.52453266Z,2026-09-01T15:46:31.337220591Z,7483.636879,200,fa5bbaa12602c6803fc911cd560f3cd567585f7b4703499b433ac2343ab380c5,,false,miss
calibration-20260902-f,S1-50-r01,S1-50,request-039,d4745ce8b0076d85ef4bad6643512dad50425d8f61a49108664596ff785caf3e,3b5bb4ef4c4e,2026-09-01T15:46:20.524504639Z,2026-09-01T15:46:30.637642397Z,6784.086706,200,fa5bbaa12602c6803fc911cd560f3cd567585f7b4703499b433ac2343ab380c5,,false,miss
calibration-20260902-f,S1-50-r01,S1-50,request-040,d4745ce8b0076d85ef4bad6643512dad50425d8f61a49108664596ff785caf3e,3b5bb4ef4c4e,2026-09-01T15:46:20.524485965Z,2026-09-01T15:46:30.032634186Z,6179.097168,200,fa5bbaa12602c6803fc911cd560f3cd567585f7b4703499b433ac2343ab380c5,,false,miss
calibration-20260902-f,S1-50-r01,S1-50,request-041,d4745ce8b0076d85ef4bad6643512dad50425d8f61a49108664596ff785caf3e,3b5bb4ef4c4e,2026-09-01T15:46:20.524465291Z,2026-09-01T15:46:30.030843261Z,6177.326919,200,fa5bbaa12602c6803fc911cd560f3cd567585f7b4703499b433ac2343ab380c5,,false,miss
calibration-20260902-f,S1-50-r01,S1-50,request-042,d4745ce8b0076d85ef4bad6643512dad50425d8f61a49108664596ff785caf3e,3b5bb4ef4c4e,2026-09-01T15:46:20.524447649Z,2026-09-01T15:46:29.138468176Z,5284.969472,200,fa5bbaa12602c6803fc911cd560f3cd567585f7b4703499b433ac2343ab380c5,,false,miss
calibration-20260902-f,S1-50-r01,S1-50,request-043,d4745ce8b0076d85ef4bad6643512dad50425d8f61a49108664596ff785caf3e,3b5bb4ef4c4e,2026-09-01T15:46:20.524429255Z,2026-09-01T15:46:28.03503452Z,4181.554217,200,fa5bbaa12602c6803fc911cd560f3cd567585f7b4703499b433ac2343ab380c5,,false,miss
calibration-20260902-f,S1-50-r01,S1-50,request-044,d4745ce8b0076d85ef4bad6643512dad50425d8f61a49108664596ff785caf3e,3b5bb4ef4c4e,2026-09-01T15:46:20.524405382Z,2026-09-01T15:46:38.837396578Z,14983.940141,200,fa5bbaa12602c6803fc911cd560f3cd567585f7b4703499b433ac2343ab380c5,,false,miss
calibration-20260902-f,S1-50-r01,S1-50,request-045,d4745ce8b0076d85ef4bad6643512dad50425d8f61a49108664596ff785caf3e,3b5bb4ef4c4e,2026-09-01T15:46:20.524385748Z,2026-09-01T15:46:27.54483427Z,3691.397470,200,fa5bbaa12602c6803fc911cd560f3cd567585f7b4703499b433ac2343ab380c5,,false,miss
calibration-20260902-f,S1-50-r01,S1-50,request-046,d4745ce8b0076d85ef4bad6643512dad50425d8f61a49108664596ff785caf3e,3b5bb4ef4c4e,2026-09-01T15:46:20.524367084Z,2026-09-01T15:46:23.018695968Z,2494.328891,200,fa5bbaa12602c6803fc911cd560f3cd567585f7b4703499b433ac2343ab380c5,,false,miss
calibration-20260902-f,S1-50-r01,S1-50,request-047,d4745ce8b0076d85ef4bad6643512dad50425d8f61a49108664596ff785caf3e,3b5bb4ef4c4e,2026-09-01T15:46:20.52434434Z,2026-09-01T15:46:36.838508705Z,12985.113318,200,fa5bbaa12602c6803fc911cd560f3cd567585f7b4703499b433ac2343ab380c5,,false,miss
calibration-20260902-f,S1-50-r01,S1-50,request-048,d4745ce8b0076d85ef4bad6643512dad50425d8f61a49108664596ff785caf3e,3b5bb4ef4c4e,2026-09-01T15:46:20.524325136Z,2026-09-01T15:46:39.251675474Z,15398.299289,200,fa5bbaa12602c6803fc911cd560f3cd567585f7b4703499b433ac2343ab380c5,,false,miss
calibration-20260902-f,S1-50-r01,S1-50,request-049,d4745ce8b0076d85ef4bad6643512dad50425d8f61a49108664596ff785caf3e,3b5bb4ef4c4e,2026-09-01T15:46:20.524299603Z,2026-09-01T15:46:23.164578827Z,2690.225261,200,fa5bbaa12602c6803fc911cd560f3cd567585f7b4703499b433ac2343ab380c5,,false,miss
calibration-20260902-f,S1-50-r01,S1-50,request-050,d4745ce8b0076d85ef4bad6643512dad50425d8f61a49108664596ff785caf3e,3b5bb4ef4c4e,2026-09-01T15:46:20.524779797Z,2026-09-01T15:46:21.715821996Z,1191.042199,200,fa5bbaa12602c6803fc911cd560f3cd567585f7b4703499b433ac2343ab380c5,,false,miss
calibration-20260902-f,S2-50-r01,S2-50,request-001,d4745ce8b0076d85ef4bad6643512dad50425d8f61a49108664596ff785caf3e,3b5bb4ef4c4e,2026-09-01T15:46:39.93590853Z,2026-09-01T15:46:40.273713832Z,337.805308,200,fa5bbaa12602c6803fc911cd560f3cd567585f7b4703499b433ac2343ab380c5,,true,miss
calibration-20260902-f,S2-50-r01,S2-50,request-002,d4745ce8b0076d85ef4bad6643512dad50425d8f61a49108664596ff785caf3e,3b5bb4ef4c4e,2026-09-01T15:46:39.935888409Z,2026-09-01T15:46:40.275205591Z,339.317187,200,fa5bbaa12602c6803fc911cd560f3cd567585f7b4703499b433ac2343ab380c5,,true,miss
calibration-20260902-f,S2-50-r01,S2-50,request-003,d4745ce8b0076d85ef4bad6643512dad50425d8f61a49108664596ff785caf3e,3b5bb4ef4c4e,2026-09-01T15:46:39.935925839Z,2026-09-01T15:46:40.272051323Z,336.125489,200,fa5bbaa12602c6803fc911cd560f3cd567585f7b4703499b433ac2343ab380c5,,true,miss
calibration-20260902-f,S2-50-r01,S2-50,request-004,d4745ce8b0076d85ef4bad6643512dad50425d8f61a49108664596ff785caf3e,3b5bb4ef4c4e,2026-09-01T15:46:39.935812609Z,2026-09-01T15:46:40.272579744Z,336.767140,200,fa5bbaa12602c6803fc911cd560f3cd567585f7b4703499b433ac2343ab380c5,,true,miss
calibration-20260902-f,S2-50-r01,S2-50,request-005,d4745ce8b0076d85ef4bad6643512dad50425d8f61a49108664596ff785caf3e,3b5bb4ef4c4e,2026-09-01T15:46:39.935807758Z,2026-09-01T15:46:40.273263477Z,337.455726,200,fa5bbaa12602c6803fc911cd560f3cd567585f7b4703499b433ac2343ab380c5,,true,miss
calibration-20260902-f,S2-50-r01,S2-50,request-006,d4745ce8b0076d85ef4bad6643512dad50425d8f61a49108664596ff785caf3e,3b5bb4ef4c4e,2026-09-01T15:46:39.935769416Z,2026-09-01T15:46:40.273406836Z,337.637421,200,fa5bbaa12602c6803fc911cd560f3cd567585f7b4703499b433ac2343ab380c5,,true,miss
calibration-20260902-f,S2-50-r01,S2-50,request-007,d4745ce8b0076d85ef4bad6643512dad50425d8f61a49108664596ff785caf3e,3b5bb4ef4c4e,2026-09-01T15:46:39.936395302Z,2026-09-01T15:46:40.274890859Z,338.495563,200,fa5bbaa12602c6803fc911cd560f3cd567585f7b4703499b433ac2343ab380c5,,true,miss
calibration-20260902-f,S2-50-r01,S2-50,request-008,d4745ce8b0076d85ef4bad6643512dad50425d8f61a49108664596ff785caf3e,3b5bb4ef4c4e,2026-09-01T15:46:39.936375905Z,2026-09-01T15:46:40.274666184Z,338.290281,200,fa5bbaa12602c6803fc911cd560f3cd567585f7b4703499b433ac2343ab380c5,,true,miss
calibration-20260902-f,S2-50-r01,S2-50,request-009,d4745ce8b0076d85ef4bad6643512dad50425d8f61a49108664596ff785caf3e,3b5bb4ef4c4e,2026-09-01T15:46:39.936359286Z,2026-09-01T15:46:40.275628074Z,339.268782,200,fa5bbaa12602c6803fc911cd560f3cd567585f7b4703499b433ac2343ab380c5,,true,miss
calibration-20260902-f,S2-50-r01,S2-50,request-010,d4745ce8b0076d85ef4bad6643512dad50425d8f61a49108664596ff785caf3e,3b5bb4ef4c4e,2026-09-01T15:46:39.936339851Z,2026-09-01T15:46:40.273463407Z,337.123562,200,fa5bbaa12602c6803fc911cd560f3cd567585f7b4703499b433ac2343ab380c5,,true,miss
calibration-20260902-f,S2-50-r01,S2-50,request-011,d4745ce8b0076d85ef4bad6643512dad50425d8f61a49108664596ff785caf3e,3b5bb4ef4c4e,2026-09-01T15:46:39.936314342Z,2026-09-01T15:46:40.275474373Z,339.160037,200,fa5bbaa12602c6803fc911cd560f3cd567585f7b4703499b433ac2343ab380c5,,true,miss
calibration-20260902-f,S2-50-r01,S2-50,request-012,d4745ce8b0076d85ef4bad6643512dad50425d8f61a49108664596ff785caf3e,3b5bb4ef4c4e,2026-09-01T15:46:39.936294415Z,2026-09-01T15:46:40.274897693Z,338.603277,200,fa5bbaa12602c6803fc911cd560f3cd567585f7b4703499b433ac2343ab380c5,,true,miss
calibration-20260902-f,S2-50-r01,S2-50,request-013,d4745ce8b0076d85ef4bad6643512dad50425d8f61a49108664596ff785caf3e,3b5bb4ef4c4e,2026-09-01T15:46:39.936258045Z,2026-09-01T15:46:40.274670573Z,338.412530,200,fa5bbaa12602c6803fc911cd560f3cd567585f7b4703499b433ac2343ab380c5,,true,miss
calibration-20260902-f,S2-50-r01,S2-50,request-014,d4745ce8b0076d85ef4bad6643512dad50425d8f61a49108664596ff785caf3e,3b5bb4ef4c4e,2026-09-01T15:46:39.936240274Z,2026-09-01T15:46:40.273464437Z,337.224166,200,fa5bbaa12602c6803fc911cd560f3cd567585f7b4703499b433ac2343ab380c5,,true,miss
calibration-20260902-f,S2-50-r01,S2-50,request-015,d4745ce8b0076d85ef4bad6643512dad50425d8f61a49108664596ff785caf3e,3b5bb4ef4c4e,2026-09-01T15:46:39.936220904Z,2026-09-01T15:46:40.275391031Z,339.170134,200,fa5bbaa12602c6803fc911cd560f3cd567585f7b4703499b433ac2343ab380c5,,true,miss
calibration-20260902-f,S2-50-r01,S2-50,request-016,d4745ce8b0076d85ef4bad6643512dad50425d8f61a49108664596ff785caf3e,3b5bb4ef4c4e,2026-09-01T15:46:39.936204911Z,2026-09-01T15:46:40.273789436Z,337.584527,200,fa5bbaa12602c6803fc911cd560f3cd567585f7b4703499b433ac2343ab380c5,,true,miss
calibration-20260902-f,S2-50-r01,S2-50,request-017,d4745ce8b0076d85ef4bad6643512dad50425d8f61a49108664596ff785caf3e,3b5bb4ef4c4e,2026-09-01T15:46:39.936170703Z,2026-09-01T15:46:40.274605641Z,338.434940,200,fa5bbaa12602c6803fc911cd560f3cd567585f7b4703499b433ac2343ab380c5,,true,miss
calibration-20260902-f,S2-50-r01,S2-50,request-018,d4745ce8b0076d85ef4bad6643512dad50425d8f61a49108664596ff785caf3e,3b5bb4ef4c4e,2026-09-01T15:46:39.936149709Z,2026-09-01T15:46:40.273587475Z,337.437773,200,fa5bbaa12602c6803fc911cd560f3cd567585f7b4703499b433ac2343ab380c5,,true,miss
calibration-20260902-f,S2-50-r01,S2-50,request-019,d4745ce8b0076d85ef4bad6643512dad50425d8f61a49108664596ff785caf3e,3b5bb4ef4c4e,2026-09-01T15:46:39.936120323Z,2026-09-01T15:46:40.275489276Z,339.368954,200,fa5bbaa12602c6803fc911cd560f3cd567585f7b4703499b433ac2343ab380c5,,true,miss
calibration-20260902-f,S2-50-r01,S2-50,request-020,d4745ce8b0076d85ef4bad6643512dad50425d8f61a49108664596ff785caf3e,3b5bb4ef4c4e,2026-09-01T15:46:39.936093931Z,2026-09-01T15:46:40.275507668Z,339.413742,200,fa5bbaa12602c6803fc911cd560f3cd567585f7b4703499b433ac2343ab380c5,,true,miss
calibration-20260902-f,S2-50-r01,S2-50,request-021,d4745ce8b0076d85ef4bad6643512dad50425d8f61a49108664596ff785caf3e,3b5bb4ef4c4e,2026-09-01T15:46:39.936075102Z,2026-09-01T15:46:40.273572511Z,337.497416,200,fa5bbaa12602c6803fc911cd560f3cd567585f7b4703499b433ac2343ab380c5,,true,miss
calibration-20260902-f,S2-50-r01,S2-50,request-022,d4745ce8b0076d85ef4bad6643512dad50425d8f61a49108664596ff785caf3e,3b5bb4ef4c4e,2026-09-01T15:46:39.936055464Z,2026-09-01T15:46:40.273108915Z,337.053456,200,fa5bbaa12602c6803fc911cd560f3cd567585f7b4703499b433ac2343ab380c5,,true,miss
calibration-20260902-f,S2-50-r01,S2-50,request-023,d4745ce8b0076d85ef4bad6643512dad50425d8f61a49108664596ff785caf3e,3b5bb4ef4c4e,2026-09-01T15:46:39.93602938Z,2026-09-01T15:46:40.274275452Z,338.246073,200,fa5bbaa12602c6803fc911cd560f3cd567585f7b4703499b433ac2343ab380c5,,true,miss
calibration-20260902-f,S2-50-r01,S2-50,request-024,d4745ce8b0076d85ef4bad6643512dad50425d8f61a49108664596ff785caf3e,3b5bb4ef4c4e,2026-09-01T15:46:39.936002623Z,2026-09-01T15:46:40.273537454Z,337.534838,200,fa5bbaa12602c6803fc911cd560f3cd567585f7b4703499b433ac2343ab380c5,,true,miss
calibration-20260902-f,S2-50-r01,S2-50,request-025,d4745ce8b0076d85ef4bad6643512dad50425d8f61a49108664596ff785caf3e,3b5bb4ef4c4e,2026-09-01T15:46:39.93598296Z,2026-09-01T15:46:40.274743166Z,338.760208,200,fa5bbaa12602c6803fc911cd560f3cd567585f7b4703499b433ac2343ab380c5,,true,miss
calibration-20260902-f,S2-50-r01,S2-50,request-026,d4745ce8b0076d85ef4bad6643512dad50425d8f61a49108664596ff785caf3e,3b5bb4ef4c4e,2026-09-01T15:46:39.935962484Z,2026-09-01T15:46:40.274296441Z,338.333963,200,fa5bbaa12602c6803fc911cd560f3cd567585f7b4703499b433ac2343ab380c5,,true,miss
calibration-20260902-f,S2-50-r01,S2-50,request-027,d4745ce8b0076d85ef4bad6643512dad50425d8f61a49108664596ff785caf3e,3b5bb4ef4c4e,2026-09-01T15:46:39.935942115Z,2026-09-01T15:46:40.273518259Z,337.576150,200,fa5bbaa12602c6803fc911cd560f3cd567585f7b4703499b433ac2343ab380c5,,true,miss
calibration-20260902-f,S2-50-r01,S2-50,request-028,d4745ce8b0076d85ef4bad6643512dad50425d8f61a49108664596ff785caf3e,3b5bb4ef4c4e,2026-09-01T15:46:39.935917541Z,2026-09-01T15:46:40.274730257Z,338.812723,200,fa5bbaa12602c6803fc911cd560f3cd567585f7b4703499b433ac2343ab380c5,,true,miss
calibration-20260902-f,S2-50-r01,S2-50,request-029,d4745ce8b0076d85ef4bad6643512dad50425d8f61a49108664596ff785caf3e,3b5bb4ef4c4e,2026-09-01T15:46:39.935890095Z,2026-09-01T15:46:40.273108264Z,337.218179,200,fa5bbaa12602c6803fc911cd560f3cd567585f7b4703499b433ac2343ab380c5,,false,miss
calibration-20260902-f,S2-50-r01,S2-50,request-030,d4745ce8b0076d85ef4bad6643512dad50425d8f61a49108664596ff785caf3e,3b5bb4ef4c4e,2026-09-01T15:46:39.935792564Z,2026-09-01T15:46:40.273244972Z,337.452404,200,fa5bbaa12602c6803fc911cd560f3cd567585f7b4703499b433ac2343ab380c5,,true,miss
calibration-20260902-f,S2-50-r01,S2-50,request-031,d4745ce8b0076d85ef4bad6643512dad50425d8f61a49108664596ff785caf3e,3b5bb4ef4c4e,2026-09-01T15:46:39.936352541Z,2026-09-01T15:46:40.273713832Z,337.361288,200,fa5bbaa12602c6803fc911cd560f3cd567585f7b4703499b433ac2343ab380c5,,true,miss
calibration-20260902-f,S2-50-r01,S2-50,request-032,d4745ce8b0076d85ef4bad6643512dad50425d8f61a49108664596ff785caf3e,3b5bb4ef4c4e,2026-09-01T15:46:39.936329293Z,2026-09-01T15:46:40.27317669Z,336.847394,200,fa5bbaa12602c6803fc911cd560f3cd567585f7b4703499b433ac2343ab380c5,,true,miss
calibration-20260902-f,S2-50-r01,S2-50,request-033,d4745ce8b0076d85ef4bad6643512dad50425d8f61a49108664596ff785caf3e,3b5bb4ef4c4e,2026-09-01T15:46:39.936311208Z,2026-09-01T15:46:40.275402142Z,339.090935,200,fa5bbaa12602c6803fc911cd560f3cd567585f7b4703499b433ac2343ab380c5,,true,miss
calibration-20260902-f,S2-50-r01,S2-50,request-034,d4745ce8b0076d85ef4bad6643512dad50425d8f61a49108664596ff785caf3e,3b5bb4ef4c4e,2026-09-01T15:46:39.93629157Z,2026-09-01T15:46:40.274784119Z,338.492548,200,fa5bbaa12602c6803fc911cd560f3cd567585f7b4703499b433ac2343ab380c5,,true,miss
calibration-20260902-f,S2-50-r01,S2-50,request-035,d4745ce8b0076d85ef4bad6643512dad50425d8f61a49108664596ff785caf3e,3b5bb4ef4c4e,2026-09-01T15:46:39.936252241Z,2026-09-01T15:46:40.273795233Z,337.542996,200,fa5bbaa12602c6803fc911cd560f3cd567585f7b4703499b433ac2343ab380c5,,true,miss
calibration-20260902-f,S2-50-r01,S2-50,request-036,d4745ce8b0076d85ef4bad6643512dad50425d8f61a49108664596ff785caf3e,3b5bb4ef4c4e,2026-09-01T15:46:39.936234256Z,2026-09-01T15:46:40.273175495Z,336.941240,200,fa5bbaa12602c6803fc911cd560f3cd567585f7b4703499b433ac2343ab380c5,,true,miss
calibration-20260902-f,S2-50-r01,S2-50,request-037,d4745ce8b0076d85ef4bad6643512dad50425d8f61a49108664596ff785caf3e,3b5bb4ef4c4e,2026-09-01T15:46:39.936213393Z,2026-09-01T15:46:40.275699335Z,339.485940,200,fa5bbaa12602c6803fc911cd560f3cd567585f7b4703499b433ac2343ab380c5,,true,miss
calibration-20260902-f,S2-50-r01,S2-50,request-038,d4745ce8b0076d85ef4bad6643512dad50425d8f61a49108664596ff785caf3e,3b5bb4ef4c4e,2026-09-01T15:46:39.936191951Z,2026-09-01T15:46:40.275544458Z,339.352508,200,fa5bbaa12602c6803fc911cd560f3cd567585f7b4703499b433ac2343ab380c5,,true,miss
calibration-20260902-f,S2-50-r01,S2-50,request-039,d4745ce8b0076d85ef4bad6643512dad50425d8f61a49108664596ff785caf3e,3b5bb4ef4c4e,2026-09-01T15:46:39.936159113Z,2026-09-01T15:46:40.273868609Z,337.709503,200,fa5bbaa12602c6803fc911cd560f3cd567585f7b4703499b433ac2343ab380c5,,true,miss
calibration-20260902-f,S2-50-r01,S2-50,request-040,d4745ce8b0076d85ef4bad6643512dad50425d8f61a49108664596ff785caf3e,3b5bb4ef4c4e,2026-09-01T15:46:39.936133505Z,2026-09-01T15:46:40.273404135Z,337.270636,200,fa5bbaa12602c6803fc911cd560f3cd567585f7b4703499b433ac2343ab380c5,,true,miss
calibration-20260902-f,S2-50-r01,S2-50,request-041,d4745ce8b0076d85ef4bad6643512dad50425d8f61a49108664596ff785caf3e,3b5bb4ef4c4e,2026-09-01T15:46:39.936122737Z,2026-09-01T15:46:40.275454308Z,339.331574,200,fa5bbaa12602c6803fc911cd560f3cd567585f7b4703499b433ac2343ab380c5,,true,miss
calibration-20260902-f,S2-50-r01,S2-50,request-042,d4745ce8b0076d85ef4bad6643512dad50425d8f61a49108664596ff785caf3e,3b5bb4ef4c4e,2026-09-01T15:46:39.936094893Z,2026-09-01T15:46:40.275012645Z,338.917755,200,fa5bbaa12602c6803fc911cd560f3cd567585f7b4703499b433ac2343ab380c5,,true,miss
calibration-20260902-f,S2-50-r01,S2-50,request-043,d4745ce8b0076d85ef4bad6643512dad50425d8f61a49108664596ff785caf3e,3b5bb4ef4c4e,2026-09-01T15:46:39.936075831Z,2026-09-01T15:46:40.273866029Z,337.790205,200,fa5bbaa12602c6803fc911cd560f3cd567585f7b4703499b433ac2343ab380c5,,true,miss
calibration-20260902-f,S2-50-r01,S2-50,request-044,d4745ce8b0076d85ef4bad6643512dad50425d8f61a49108664596ff785caf3e,3b5bb4ef4c4e,2026-09-01T15:46:39.936058659Z,2026-09-01T15:46:40.273353117Z,337.294462,200,fa5bbaa12602c6803fc911cd560f3cd567585f7b4703499b433ac2343ab380c5,,true,miss
calibration-20260902-f,S2-50-r01,S2-50,request-045,d4745ce8b0076d85ef4bad6643512dad50425d8f61a49108664596ff785caf3e,3b5bb4ef4c4e,2026-09-01T15:46:39.936041589Z,2026-09-01T15:46:40.275041616Z,339.000028,200,fa5bbaa12602c6803fc911cd560f3cd567585f7b4703499b433ac2343ab380c5,,true,miss
calibration-20260902-f,S2-50-r01,S2-50,request-046,d4745ce8b0076d85ef4bad6643512dad50425d8f61a49108664596ff785caf3e,3b5bb4ef4c4e,2026-09-01T15:46:39.936011077Z,2026-09-01T15:46:40.273647265Z,337.636198,200,fa5bbaa12602c6803fc911cd560f3cd567585f7b4703499b433ac2343ab380c5,,true,miss
calibration-20260902-f,S2-50-r01,S2-50,request-047,d4745ce8b0076d85ef4bad6643512dad50425d8f61a49108664596ff785caf3e,3b5bb4ef4c4e,2026-09-01T15:46:39.935985798Z,2026-09-01T15:46:40.273341847Z,337.356055,200,fa5bbaa12602c6803fc911cd560f3cd567585f7b4703499b433ac2343ab380c5,,true,miss
calibration-20260902-f,S2-50-r01,S2-50,request-048,d4745ce8b0076d85ef4bad6643512dad50425d8f61a49108664596ff785caf3e,3b5bb4ef4c4e,2026-09-01T15:46:39.935969467Z,2026-09-01T15:46:40.274589703Z,338.620241,200,fa5bbaa12602c6803fc911cd560f3cd567585f7b4703499b433ac2343ab380c5,,true,miss
calibration-20260902-f,S2-50-r01,S2-50,request-049,d4745ce8b0076d85ef4bad6643512dad50425d8f61a49108664596ff785caf3e,3b5bb4ef4c4e,2026-09-01T15:46:39.935946894Z,2026-09-01T15:46:40.273629877Z,337.682993,200,fa5bbaa12602c6803fc911cd560f3cd567585f7b4703499b433ac2343ab380c5,,true,miss
calibration-20260902-f,S2-50-r01,S2-50,request-050,d4745ce8b0076d85ef4bad6643512dad50425d8f61a49108664596ff785caf3e,3b5bb4ef4c4e,2026-09-01T15:46:39.936411135Z,2026-09-01T15:46:40.275214646Z,338.803513,200,fa5bbaa12602c6803fc911cd560f3cd567585f7b4703499b433ac2343ab380c5,,true,miss
calibration-20260902-f,S2-100-r01,S2-100,request-001,d4745ce8b0076d85ef4bad6643512dad50425d8f61a49108664596ff785caf3e,3b5bb4ef4c4e,2026-09-01T15:46:40.593805237Z,2026-09-01T15:46:40.893206338Z,299.401093,200,fa5bbaa12602c6803fc911cd560f3cd567585f7b4703499b433ac2343ab380c5,,true,miss
calibration-20260902-f,S2-100-r01,S2-100,request-002,d4745ce8b0076d85ef4bad6643512dad50425d8f61a49108664596ff785caf3e,3b5bb4ef4c4e,2026-09-01T15:46:40.593627301Z,2026-09-01T15:46:40.893087831Z,299.460529,200,fa5bbaa12602c6803fc911cd560f3cd567585f7b4703499b433ac2343ab380c5,,true,miss
calibration-20260902-f,S2-100-r01,S2-100,request-003,d4745ce8b0076d85ef4bad6643512dad50425d8f61a49108664596ff785caf3e,3b5bb4ef4c4e,2026-09-01T15:46:40.593536075Z,2026-09-01T15:46:40.894080796Z,300.544719,200,fa5bbaa12602c6803fc911cd560f3cd567585f7b4703499b433ac2343ab380c5,,true,miss
calibration-20260902-f,S2-100-r01,S2-100,request-004,d4745ce8b0076d85ef4bad6643512dad50425d8f61a49108664596ff785caf3e,3b5bb4ef4c4e,2026-09-01T15:46:40.57062812Z,2026-09-01T15:46:40.891711282Z,321.083170,200,fa5bbaa12602c6803fc911cd560f3cd567585f7b4703499b433ac2343ab380c5,,true,miss
calibration-20260902-f,S2-100-r01,S2-100,request-005,d4745ce8b0076d85ef4bad6643512dad50425d8f61a49108664596ff785caf3e,3b5bb4ef4c4e,2026-09-01T15:46:40.57057975Z,2026-09-01T15:46:40.891461129Z,320.881378,200,fa5bbaa12602c6803fc911cd560f3cd567585f7b4703499b433ac2343ab380c5,,true,miss
calibration-20260902-f,S2-100-r01,S2-100,request-006,d4745ce8b0076d85ef4bad6643512dad50425d8f61a49108664596ff785caf3e,3b5bb4ef4c4e,2026-09-01T15:46:40.56987788Z,2026-09-01T15:46:40.894403509Z,324.525624,200,fa5bbaa12602c6803fc911cd560f3cd567585f7b4703499b433ac2343ab380c5,,true,miss
calibration-20260902-f,S2-100-r01,S2-100,request-007,d4745ce8b0076d85ef4bad6643512dad50425d8f61a49108664596ff785caf3e,3b5bb4ef4c4e,2026-09-01T15:46:40.569587258Z,2026-09-01T15:46:40.894097424Z,324.510174,200,fa5bbaa12602c6803fc911cd560f3cd567585f7b4703499b433ac2343ab380c5,,true,miss
calibration-20260902-f,S2-100-r01,S2-100,request-008,d4745ce8b0076d85ef4bad6643512dad50425d8f61a49108664596ff785caf3e,3b5bb4ef4c4e,2026-09-01T15:46:40.569550328Z,2026-09-01T15:46:40.89475026Z,325.199938,200,fa5bbaa12602c6803fc911cd560f3cd567585f7b4703499b433ac2343ab380c5,,true,miss
calibration-20260902-f,S2-100-r01,S2-100,request-009,d4745ce8b0076d85ef4bad6643512dad50425d8f61a49108664596ff785caf3e,3b5bb4ef4c4e,2026-09-01T15:46:40.569511669Z,2026-09-01T15:46:40.891290438Z,321.778776,200,fa5bbaa12602c6803fc911cd560f3cd567585f7b4703499b433ac2343ab380c5,,true,miss
calibration-20260902-f,S2-100-r01,S2-100,request-010,d4745ce8b0076d85ef4bad6643512dad50425d8f61a49108664596ff785caf3e,3b5bb4ef4c4e,2026-09-01T15:46:40.569481891Z,2026-09-01T15:46:40.891184453Z,321.702563,200,fa5bbaa12602c6803fc911cd560f3cd567585f7b4703499b433ac2343ab380c5,,true,miss
calibration-20260902-f,S2-100-r01,S2-100,request-011,d4745ce8b0076d85ef4bad6643512dad50425d8f61a49108664596ff785caf3e,3b5bb4ef4c4e,2026-09-01T15:46:40.569463752Z,2026-09-01T15:46:40.891061498Z,321.597748,200,fa5bbaa12602c6803fc911cd560f3cd567585f7b4703499b433ac2343ab380c5,,true,miss
calibration-20260902-f,S2-100-r01,S2-100,request-012,d4745ce8b0076d85ef4bad6643512dad50425d8f61a49108664596ff785caf3e,3b5bb4ef4c4e,2026-09-01T15:46:40.569430692Z,2026-09-01T15:46:40.894044754Z,324.614068,200,fa5bbaa12602c6803fc911cd560f3cd567585f7b4703499b433ac2343ab380c5,,true,miss
calibration-20260902-f,S2-100-r01,S2-100,request-013,d4745ce8b0076d85ef4bad6643512dad50425d8f61a49108664596ff785caf3e,3b5bb4ef4c4e,2026-09-01T15:46:40.569407638Z,2026-09-01T15:46:40.892748243Z,323.340612,200,fa5bbaa12602c6803fc911cd560f3cd567585f7b4703499b433ac2343ab380c5,,true,miss
calibration-20260902-f,S2-100-r01,S2-100,request-014,d4745ce8b0076d85ef4bad6643512dad50425d8f61a49108664596ff785caf3e,3b5bb4ef4c4e,2026-09-01T15:46:40.569384083Z,2026-09-01T15:46:40.890652414Z,321.268335,200,fa5bbaa12602c6803fc911cd560f3cd567585f7b4703499b433ac2343ab380c5,,true,miss
calibration-20260902-f,S2-100-r01,S2-100,request-015,d4745ce8b0076d85ef4bad6643512dad50425d8f61a49108664596ff785caf3e,3b5bb4ef4c4e,2026-09-01T15:46:40.56936786Z,2026-09-01T15:46:40.890335798Z,320.967938,200,fa5bbaa12602c6803fc911cd560f3cd567585f7b4703499b433ac2343ab380c5,,true,miss
calibration-20260902-f,S2-100-r01,S2-100,request-016,d4745ce8b0076d85ef4bad6643512dad50425d8f61a49108664596ff785caf3e,3b5bb4ef4c4e,2026-09-01T15:46:40.569347672Z,2026-09-01T15:46:40.89339989Z,324.052212,200,fa5bbaa12602c6803fc911cd560f3cd567585f7b4703499b433ac2343ab380c5,,true,miss
calibration-20260902-f,S2-100-r01,S2-100,request-017,d4745ce8b0076d85ef4bad6643512dad50425d8f61a49108664596ff785caf3e,3b5bb4ef4c4e,2026-09-01T15:46:40.569330251Z,2026-09-01T15:46:40.893191949Z,323.861695,200,fa5bbaa12602c6803fc911cd560f3cd567585f7b4703499b433ac2343ab380c5,,true,miss
calibration-20260902-f,S2-100-r01,S2-100,request-018,d4745ce8b0076d85ef4bad6643512dad50425d8f61a49108664596ff785caf3e,3b5bb4ef4c4e,2026-09-01T15:46:40.569310448Z,2026-09-01T15:46:40.893138937Z,323.828485,200,fa5bbaa12602c6803fc911cd560f3cd567585f7b4703499b433ac2343ab380c5,,true,miss
calibration-20260902-f,S2-100-r01,S2-100,request-019,d4745ce8b0076d85ef4bad6643512dad50425d8f61a49108664596ff785caf3e,3b5bb4ef4c4e,2026-09-01T15:46:40.569776597Z,2026-09-01T15:46:40.894306303Z,324.529707,200,fa5bbaa12602c6803fc911cd560f3cd567585f7b4703499b433ac2343ab380c5,,true,miss
calibration-20260902-f,S2-100-r01,S2-100,request-020,d4745ce8b0076d85ef4bad6643512dad50425d8f61a49108664596ff785caf3e,3b5bb4ef4c4e,2026-09-01T15:46:40.569715962Z,2026-09-01T15:46:40.894208293Z,324.492333,200,fa5bbaa12602c6803fc911cd560f3cd567585f7b4703499b433ac2343ab380c5,,true,miss
calibration-20260902-f,S2-100-r01,S2-100,request-021,d4745ce8b0076d85ef4bad6643512dad50425d8f61a49108664596ff785caf3e,3b5bb4ef4c4e,2026-09-01T15:46:40.569565282Z,2026-09-01T15:46:40.895056685Z,325.491408,200,fa5bbaa12602c6803fc911cd560f3cd567585f7b4703499b433ac2343ab380c5,,true,miss
calibration-20260902-f,S2-100-r01,S2-100,request-022,d4745ce8b0076d85ef4bad6643512dad50425d8f61a49108664596ff785caf3e,3b5bb4ef4c4e,2026-09-01T15:46:40.569528905Z,2026-09-01T15:46:40.891519951Z,321.991053,200,fa5bbaa12602c6803fc911cd560f3cd567585f7b4703499b433ac2343ab380c5,,true,miss
calibration-20260902-f,S2-100-r01,S2-100,request-023,d4745ce8b0076d85ef4bad6643512dad50425d8f61a49108664596ff785caf3e,3b5bb4ef4c4e,2026-09-01T15:46:40.569044979Z,2026-09-01T15:46:40.891650835Z,322.605853,200,fa5bbaa12602c6803fc911cd560f3cd567585f7b4703499b433ac2343ab380c5,,true,miss
calibration-20260902-f,S2-100-r01,S2-100,request-024,d4745ce8b0076d85ef4bad6643512dad50425d8f61a49108664596ff785caf3e,3b5bb4ef4c4e,2026-09-01T15:46:40.569258482Z,2026-09-01T15:46:40.89287943Z,323.620954,200,fa5bbaa12602c6803fc911cd560f3cd567585f7b4703499b433ac2343ab380c5,,true,miss
calibration-20260902-f,S2-100-r01,S2-100,request-025,d4745ce8b0076d85ef4bad6643512dad50425d8f61a49108664596ff785caf3e,3b5bb4ef4c4e,2026-09-01T15:46:40.569236736Z,2026-09-01T15:46:40.892110336Z,322.873597,200,fa5bbaa12602c6803fc911cd560f3cd567585f7b4703499b433ac2343ab380c5,,true,miss
calibration-20260902-f,S2-100-r01,S2-100,request-026,d4745ce8b0076d85ef4bad6643512dad50425d8f61a49108664596ff785caf3e,3b5bb4ef4c4e,2026-09-01T15:46:40.569201111Z,2026-09-01T15:46:40.892372547Z,323.171436,200,fa5bbaa12602c6803fc911cd560f3cd567585f7b4703499b433ac2343ab380c5,,true,miss
calibration-20260902-f,S2-100-r01,S2-100,request-027,d4745ce8b0076d85ef4bad6643512dad50425d8f61a49108664596ff785caf3e,3b5bb4ef4c4e,2026-09-01T15:46:40.569284976Z,2026-09-01T15:46:40.892983857Z,323.698896,200,fa5bbaa12602c6803fc911cd560f3cd567585f7b4703499b433ac2343ab380c5,,true,miss
calibration-20260902-f,S2-100-r01,S2-100,request-028,d4745ce8b0076d85ef4bad6643512dad50425d8f61a49108664596ff785caf3e,3b5bb4ef4c4e,2026-09-01T15:46:40.569108908Z,2026-09-01T15:46:40.893748644Z,324.639737,200,fa5bbaa12602c6803fc911cd560f3cd567585f7b4703499b433ac2343ab380c5,,true,miss
calibration-20260902-f,S2-100-r01,S2-100,request-029,d4745ce8b0076d85ef4bad6643512dad50425d8f61a49108664596ff785caf3e,3b5bb4ef4c4e,2026-09-01T15:46:40.569115037Z,2026-09-01T15:46:40.888978575Z,319.863542,200,fa5bbaa12602c6803fc911cd560f3cd567585f7b4703499b433ac2343ab380c5,,false,miss
calibration-20260902-f,S2-100-r01,S2-100,request-030,d4745ce8b0076d85ef4bad6643512dad50425d8f61a49108664596ff785caf3e,3b5bb4ef4c4e,2026-09-01T15:46:40.569085112Z,2026-09-01T15:46:40.891756761Z,322.671651,200,fa5bbaa12602c6803fc911cd560f3cd567585f7b4703499b433ac2343ab380c5,,true,miss
calibration-20260902-f,S2-100-r01,S2-100,request-031,d4745ce8b0076d85ef4bad6643512dad50425d8f61a49108664596ff785caf3e,3b5bb4ef4c4e,2026-09-01T15:46:40.569080234Z,2026-09-01T15:46:40.892229687Z,323.149454,200,fa5bbaa12602c6803fc911cd560f3cd567585f7b4703499b433ac2343ab380c5,,true,miss
calibration-20260902-f,S2-100-r01,S2-100,request-032,d4745ce8b0076d85ef4bad6643512dad50425d8f61a49108664596ff785caf3e,3b5bb4ef4c4e,2026-09-01T15:46:40.569045252Z,2026-09-01T15:46:40.889828877Z,320.783625,200,fa5bbaa12602c6803fc911cd560f3cd567585f7b4703499b433ac2343ab380c5,,true,miss
calibration-20260902-f,S2-100-r01,S2-100,request-033,d4745ce8b0076d85ef4bad6643512dad50425d8f61a49108664596ff785caf3e,3b5bb4ef4c4e,2026-09-01T15:46:40.593895692Z,2026-09-01T15:46:40.893371135Z,299.475449,200,fa5bbaa12602c6803fc911cd560f3cd567585f7b4703499b433ac2343ab380c5,,true,miss
calibration-20260902-f,S2-100-r01,S2-100,request-034,d4745ce8b0076d85ef4bad6643512dad50425d8f61a49108664596ff785caf3e,3b5bb4ef4c4e,2026-09-01T15:46:40.593879861Z,2026-09-01T15:46:40.893049142Z,299.169280,200,fa5bbaa12602c6803fc911cd560f3cd567585f7b4703499b433ac2343ab380c5,,true,miss
calibration-20260902-f,S2-100-r01,S2-100,request-035,d4745ce8b0076d85ef4bad6643512dad50425d8f61a49108664596ff785caf3e,3b5bb4ef4c4e,2026-09-01T15:46:40.593863648Z,2026-09-01T15:46:40.892649509Z,298.785869,200,fa5bbaa12602c6803fc911cd560f3cd567585f7b4703499b433ac2343ab380c5,,true,miss
calibration-20260902-f,S2-100-r01,S2-100,request-036,d4745ce8b0076d85ef4bad6643512dad50425d8f61a49108664596ff785caf3e,3b5bb4ef4c4e,2026-09-01T15:46:40.593845638Z,2026-09-01T15:46:40.894508791Z,300.663154,200,fa5bbaa12602c6803fc911cd560f3cd567585f7b4703499b433ac2343ab380c5,,true,miss
calibration-20260902-f,S2-100-r01,S2-100,request-037,d4745ce8b0076d85ef4bad6643512dad50425d8f61a49108664596ff785caf3e,3b5bb4ef4c4e,2026-09-01T15:46:40.593830883Z,2026-09-01T15:46:40.892970343Z,299.139456,200,fa5bbaa12602c6803fc911cd560f3cd567585f7b4703499b433ac2343ab380c5,,true,miss
calibration-20260902-f,S2-100-r01,S2-100,request-038,d4745ce8b0076d85ef4bad6643512dad50425d8f61a49108664596ff785caf3e,3b5bb4ef4c4e,2026-09-01T15:46:40.59381184Z,2026-09-01T15:46:40.892703916Z,298.892088,200,fa5bbaa12602c6803fc911cd560f3cd567585f7b4703499b433ac2343ab380c5,,true,miss
calibration-20260902-f,S2-100-r01,S2-100,request-039,d4745ce8b0076d85ef4bad6643512dad50425d8f61a49108664596ff785caf3e,3b5bb4ef4c4e,2026-09-01T15:46:40.593787843Z,2026-09-01T15:46:40.894320111Z,300.532275,200,fa5bbaa12602c6803fc911cd560f3cd567585f7b4703499b433ac2343ab380c5,,true,miss
calibration-20260902-f,S2-100-r01,S2-100,request-040,d4745ce8b0076d85ef4bad6643512dad50425d8f61a49108664596ff785caf3e,3b5bb4ef4c4e,2026-09-01T15:46:40.593770642Z,2026-09-01T15:46:40.891778048Z,298.007405,200,fa5bbaa12602c6803fc911cd560f3cd567585f7b4703499b433ac2343ab380c5,,true,miss
calibration-20260902-f,S2-100-r01,S2-100,request-041,d4745ce8b0076d85ef4bad6643512dad50425d8f61a49108664596ff785caf3e,3b5bb4ef4c4e,2026-09-01T15:46:40.593754671Z,2026-09-01T15:46:40.891529741Z,297.775071,200,fa5bbaa12602c6803fc911cd560f3cd567585f7b4703499b433ac2343ab380c5,,true,miss
calibration-20260902-f,S2-100-r01,S2-100,request-042,d4745ce8b0076d85ef4bad6643512dad50425d8f61a49108664596ff785caf3e,3b5bb4ef4c4e,2026-09-01T15:46:40.59373716Z,2026-09-01T15:46:40.89045968Z,296.722525,200,fa5bbaa12602c6803fc911cd560f3cd567585f7b4703499b433ac2343ab380c5,,true,miss
calibration-20260902-f,S2-100-r01,S2-100,request-043,d4745ce8b0076d85ef4bad6643512dad50425d8f61a49108664596ff785caf3e,3b5bb4ef4c4e,2026-09-01T15:46:40.59372286Z,2026-09-01T15:46:40.894450612Z,300.727758,200,fa5bbaa12602c6803fc911cd560f3cd567585f7b4703499b433ac2343ab380c5,,true,miss
calibration-20260902-f,S2-100-r01,S2-100,request-044,d4745ce8b0076d85ef4bad6643512dad50425d8f61a49108664596ff785caf3e,3b5bb4ef4c4e,2026-09-01T15:46:40.593708718Z,2026-09-01T15:46:40.893576031Z,299.867315,200,fa5bbaa12602c6803fc911cd560f3cd567585f7b4703499b433ac2343ab380c5,,true,miss
calibration-20260902-f,S2-100-r01,S2-100,request-045,d4745ce8b0076d85ef4bad6643512dad50425d8f61a49108664596ff785caf3e,3b5bb4ef4c4e,2026-09-01T15:46:40.593690354Z,2026-09-01T15:46:40.895302426Z,301.612078,200,fa5bbaa12602c6803fc911cd560f3cd567585f7b4703499b433ac2343ab380c5,,true,miss
calibration-20260902-f,S2-100-r01,S2-100,request-046,d4745ce8b0076d85ef4bad6643512dad50425d8f61a49108664596ff785caf3e,3b5bb4ef4c4e,2026-09-01T15:46:40.593673624Z,2026-09-01T15:46:40.892931083Z,299.257466,200,fa5bbaa12602c6803fc911cd560f3cd567585f7b4703499b433ac2343ab380c5,,true,miss
calibration-20260902-f,S2-100-r01,S2-100,request-047,d4745ce8b0076d85ef4bad6643512dad50425d8f61a49108664596ff785caf3e,3b5bb4ef4c4e,2026-09-01T15:46:40.593642366Z,2026-09-01T15:46:40.894968911Z,301.326550,200,fa5bbaa12602c6803fc911cd560f3cd567585f7b4703499b433ac2343ab380c5,,true,miss
calibration-20260902-f,S2-100-r01,S2-100,request-048,d4745ce8b0076d85ef4bad6643512dad50425d8f61a49108664596ff785caf3e,3b5bb4ef4c4e,2026-09-01T15:46:40.593612875Z,2026-09-01T15:46:40.891929162Z,298.316291,200,fa5bbaa12602c6803fc911cd560f3cd567585f7b4703499b433ac2343ab380c5,,true,miss
calibration-20260902-f,S2-100-r01,S2-100,request-049,d4745ce8b0076d85ef4bad6643512dad50425d8f61a49108664596ff785caf3e,3b5bb4ef4c4e,2026-09-01T15:46:40.593598012Z,2026-09-01T15:46:40.891236908Z,297.638898,200,fa5bbaa12602c6803fc911cd560f3cd567585f7b4703499b433ac2343ab380c5,,true,miss
calibration-20260902-f,S2-100-r01,S2-100,request-050,d4745ce8b0076d85ef4bad6643512dad50425d8f61a49108664596ff785caf3e,3b5bb4ef4c4e,2026-09-01T15:46:40.593593025Z,2026-09-01T15:46:40.891597755Z,298.004737,200,fa5bbaa12602c6803fc911cd560f3cd567585f7b4703499b433ac2343ab380c5,,true,miss
calibration-20260902-f,S2-100-r01,S2-100,request-051,d4745ce8b0076d85ef4bad6643512dad50425d8f61a49108664596ff785caf3e,3b5bb4ef4c4e,2026-09-01T15:46:40.593572275Z,2026-09-01T15:46:40.89310373Z,299.531456,200,fa5bbaa12602c6803fc911cd560f3cd567585f7b4703499b433ac2343ab380c5,,true,miss
calibration-20260902-f,S2-100-r01,S2-100,request-052,d4745ce8b0076d85ef4bad6643512dad50425d8f61a49108664596ff785caf3e,3b5bb4ef4c4e,2026-09-01T15:46:40.593555501Z,2026-09-01T15:46:40.890016567Z,296.461072,200,fa5bbaa12602c6803fc911cd560f3cd567585f7b4703499b433ac2343ab380c5,,true,miss
calibration-20260902-f,S2-100-r01,S2-100,request-053,d4745ce8b0076d85ef4bad6643512dad50425d8f61a49108664596ff785caf3e,3b5bb4ef4c4e,2026-09-01T15:46:40.593538369Z,2026-09-01T15:46:40.888568481Z,295.030120,200,fa5bbaa12602c6803fc911cd560f3cd567585f7b4703499b433ac2343ab380c5,,true,miss
calibration-20260902-f,S2-100-r01,S2-100,request-054,d4745ce8b0076d85ef4bad6643512dad50425d8f61a49108664596ff785caf3e,3b5bb4ef4c4e,2026-09-01T15:46:40.593517955Z,2026-09-01T15:46:40.894662344Z,301.144394,200,fa5bbaa12602c6803fc911cd560f3cd567585f7b4703499b433ac2343ab380c5,,true,miss
calibration-20260902-f,S2-100-r01,S2-100,request-055,d4745ce8b0076d85ef4bad6643512dad50425d8f61a49108664596ff785caf3e,3b5bb4ef4c4e,2026-09-01T15:46:40.593491275Z,2026-09-01T15:46:40.893710814Z,300.219544,200,fa5bbaa12602c6803fc911cd560f3cd567585f7b4703499b433ac2343ab380c5,,true,miss
calibration-20260902-f,S2-100-r01,S2-100,request-056,d4745ce8b0076d85ef4bad6643512dad50425d8f61a49108664596ff785caf3e,3b5bb4ef4c4e,2026-09-01T15:46:40.593473173Z,2026-09-01T15:46:40.893152514Z,299.679343,200,fa5bbaa12602c6803fc911cd560f3cd567585f7b4703499b433ac2343ab380c5,,true,miss
calibration-20260902-f,S2-100-r01,S2-100,request-057,d4745ce8b0076d85ef4bad6643512dad50425d8f61a49108664596ff785caf3e,3b5bb4ef4c4e,2026-09-01T15:46:40.593449249Z,2026-09-01T15:46:40.892911965Z,299.462721,200,fa5bbaa12602c6803fc911cd560f3cd567585f7b4703499b433ac2343ab380c5,,true,miss
calibration-20260902-f,S2-100-r01,S2-100,request-058,d4745ce8b0076d85ef4bad6643512dad50425d8f61a49108664596ff785caf3e,3b5bb4ef4c4e,2026-09-01T15:46:40.593426359Z,2026-09-01T15:46:40.894367795Z,300.941443,200,fa5bbaa12602c6803fc911cd560f3cd567585f7b4703499b433ac2343ab380c5,,true,miss
calibration-20260902-f,S2-100-r01,S2-100,request-059,d4745ce8b0076d85ef4bad6643512dad50425d8f61a49108664596ff785caf3e,3b5bb4ef4c4e,2026-09-01T15:46:40.593300101Z,2026-09-01T15:46:40.895299663Z,301.999564,200,fa5bbaa12602c6803fc911cd560f3cd567585f7b4703499b433ac2343ab380c5,,true,miss
calibration-20260902-f,S2-100-r01,S2-100,request-060,d4745ce8b0076d85ef4bad6643512dad50425d8f61a49108664596ff785caf3e,3b5bb4ef4c4e,2026-09-01T15:46:40.577774376Z,2026-09-01T15:46:40.891993511Z,314.219138,200,fa5bbaa12602c6803fc911cd560f3cd567585f7b4703499b433ac2343ab380c5,,true,miss
calibration-20260902-f,S2-100-r01,S2-100,request-061,d4745ce8b0076d85ef4bad6643512dad50425d8f61a49108664596ff785caf3e,3b5bb4ef4c4e,2026-09-01T15:46:40.621814651Z,2026-09-01T15:46:40.894855131Z,273.040487,200,fa5bbaa12602c6803fc911cd560f3cd567585f7b4703499b433ac2343ab380c5,,true,miss
calibration-20260902-f,S2-100-r01,S2-100,request-062,d4745ce8b0076d85ef4bad6643512dad50425d8f61a49108664596ff785caf3e,3b5bb4ef4c4e,2026-09-01T15:46:40.621800744Z,2026-09-01T15:46:40.895383461Z,273.582719,200,fa5bbaa12602c6803fc911cd560f3cd567585f7b4703499b433ac2343ab380c5,,true,miss
calibration-20260902-f,S2-100-r01,S2-100,request-063,d4745ce8b0076d85ef4bad6643512dad50425d8f61a49108664596ff785caf3e,3b5bb4ef4c4e,2026-09-01T15:46:40.621783901Z,2026-09-01T15:46:40.895305019Z,273.521123,200,fa5bbaa12602c6803fc911cd560f3cd567585f7b4703499b433ac2343ab380c5,,true,miss
calibration-20260902-f,S2-100-r01,S2-100,request-064,d4745ce8b0076d85ef4bad6643512dad50425d8f61a49108664596ff785caf3e,3b5bb4ef4c4e,2026-09-01T15:46:40.621769406Z,2026-09-01T15:46:40.89354341Z,271.774011,200,fa5bbaa12602c6803fc911cd560f3cd567585f7b4703499b433ac2343ab380c5,,true,miss
calibration-20260902-f,S2-100-r01,S2-100,request-065,d4745ce8b0076d85ef4bad6643512dad50425d8f61a49108664596ff785caf3e,3b5bb4ef4c4e,2026-09-01T15:46:40.621749692Z,2026-09-01T15:46:40.894168597Z,272.418912,200,fa5bbaa12602c6803fc911cd560f3cd567585f7b4703499b433ac2343ab380c5,,true,miss
calibration-20260902-f,S2-100-r01,S2-100,request-066,d4745ce8b0076d85ef4bad6643512dad50425d8f61a49108664596ff785caf3e,3b5bb4ef4c4e,2026-09-01T15:46:40.621727065Z,2026-09-01T15:46:40.894271625Z,272.544562,200,fa5bbaa12602c6803fc911cd560f3cd567585f7b4703499b433ac2343ab380c5,,true,miss
calibration-20260902-f,S2-100-r01,S2-100,request-067,d4745ce8b0076d85ef4bad6643512dad50425d8f61a49108664596ff785caf3e,3b5bb4ef4c4e,2026-09-01T15:46:40.621708754Z,2026-09-01T15:46:40.892846648Z,271.137896,200,fa5bbaa12602c6803fc911cd560f3cd567585f7b4703499b433ac2343ab380c5,,true,miss
calibration-20260902-f,S2-100-r01,S2-100,request-068,d4745ce8b0076d85ef4bad6643512dad50425d8f61a49108664596ff785caf3e,3b5bb4ef4c4e,2026-09-01T15:46:40.621691189Z,2026-09-01T15:46:40.89533471Z,273.643526,200,fa5bbaa12602c6803fc911cd560f3cd567585f7b4703499b433ac2343ab380c5,,true,miss
calibration-20260902-f,S2-100-r01,S2-100,request-069,d4745ce8b0076d85ef4bad6643512dad50425d8f61a49108664596ff785caf3e,3b5bb4ef4c4e,2026-09-01T15:46:40.621675215Z,2026-09-01T15:46:40.89421913Z,272.543921,200,fa5bbaa12602c6803fc911cd560f3cd567585f7b4703499b433ac2343ab380c5,,true,miss
calibration-20260902-f,S2-100-r01,S2-100,request-070,d4745ce8b0076d85ef4bad6643512dad50425d8f61a49108664596ff785caf3e,3b5bb4ef4c4e,2026-09-01T15:46:40.621657568Z,2026-09-01T15:46:40.892137418Z,270.479844,200,fa5bbaa12602c6803fc911cd560f3cd567585f7b4703499b433ac2343ab380c5,,true,miss
calibration-20260902-f,S2-100-r01,S2-100,request-071,d4745ce8b0076d85ef4bad6643512dad50425d8f61a49108664596ff785caf3e,3b5bb4ef4c4e,2026-09-01T15:46:40.621601252Z,2026-09-01T15:46:40.891660942Z,270.059693,200,fa5bbaa12602c6803fc911cd560f3cd567585f7b4703499b433ac2343ab380c5,,true,miss
calibration-20260902-f,S2-100-r01,S2-100,request-072,d4745ce8b0076d85ef4bad6643512dad50425d8f61a49108664596ff785caf3e,3b5bb4ef4c4e,2026-09-01T15:46:40.621579394Z,2026-09-01T15:46:40.894117074Z,272.537681,200,fa5bbaa12602c6803fc911cd560f3cd567585f7b4703499b433ac2343ab380c5,,true,miss
calibration-20260902-f,S2-100-r01,S2-100,request-073,d4745ce8b0076d85ef4bad6643512dad50425d8f61a49108664596ff785caf3e,3b5bb4ef4c4e,2026-09-01T15:46:40.62149111Z,2026-09-01T15:46:40.891066763Z,269.575645,200,fa5bbaa12602c6803fc911cd560f3cd567585f7b4703499b433ac2343ab380c5,,true,miss
calibration-20260902-f,S2-100-r01,S2-100,request-074,d4745ce8b0076d85ef4bad6643512dad50425d8f61a49108664596ff785caf3e,3b5bb4ef4c4e,2026-09-01T15:46:40.621390828Z,2026-09-01T15:46:40.894356607Z,272.965780,200,fa5bbaa12602c6803fc911cd560f3cd567585f7b4703499b433ac2343ab380c5,,true,miss
calibration-20260902-f,S2-100-r01,S2-100,request-075,d4745ce8b0076d85ef4bad6643512dad50425d8f61a49108664596ff785caf3e,3b5bb4ef4c4e,2026-09-01T15:46:40.594233043Z,2026-09-01T15:46:40.894035168Z,299.802123,200,fa5bbaa12602c6803fc911cd560f3cd567585f7b4703499b433ac2343ab380c5,,true,miss
calibration-20260902-f,S2-100-r01,S2-100,request-076,d4745ce8b0076d85ef4bad6643512dad50425d8f61a49108664596ff785caf3e,3b5bb4ef4c4e,2026-09-01T15:46:40.594193406Z,2026-09-01T15:46:40.894155457Z,299.962050,200,fa5bbaa12602c6803fc911cd560f3cd567585f7b4703499b433ac2343ab380c5,,true,miss
calibration-20260902-f,S2-100-r01,S2-100,request-077,d4745ce8b0076d85ef4bad6643512dad50425d8f61a49108664596ff785caf3e,3b5bb4ef4c4e,2026-09-01T15:46:40.594157001Z,2026-09-01T15:46:40.893037926Z,298.880919,200,fa5bbaa12602c6803fc911cd560f3cd567585f7b4703499b433ac2343ab380c5,,true,miss
calibration-20260902-f,S2-100-r01,S2-100,request-078,d4745ce8b0076d85ef4bad6643512dad50425d8f61a49108664596ff785caf3e,3b5bb4ef4c4e,2026-09-01T15:46:40.59412472Z,2026-09-01T15:46:40.892818668Z,298.693942,200,fa5bbaa12602c6803fc911cd560f3cd567585f7b4703499b433ac2343ab380c5,,true,miss
calibration-20260902-f,S2-100-r01,S2-100,request-079,d4745ce8b0076d85ef4bad6643512dad50425d8f61a49108664596ff785caf3e,3b5bb4ef4c4e,2026-09-01T15:46:40.594092757Z,2026-09-01T15:46:40.891703135Z,297.610381,200,fa5bbaa12602c6803fc911cd560f3cd567585f7b4703499b433ac2343ab380c5,,true,miss
calibration-20260902-f,S2-100-r01,S2-100,request-080,d4745ce8b0076d85ef4bad6643512dad50425d8f61a49108664596ff785caf3e,3b5bb4ef4c4e,2026-09-01T15:46:40.594055555Z,2026-09-01T15:46:40.89142236Z,297.366803,200,fa5bbaa12602c6803fc911cd560f3cd567585f7b4703499b433ac2343ab380c5,,true,miss
calibration-20260902-f,S2-100-r01,S2-100,request-081,d4745ce8b0076d85ef4bad6643512dad50425d8f61a49108664596ff785caf3e,3b5bb4ef4c4e,2026-09-01T15:46:40.594026345Z,2026-09-01T15:46:40.891125089Z,297.098742,200,fa5bbaa12602c6803fc911cd560f3cd567585f7b4703499b433ac2343ab380c5,,true,miss
calibration-20260902-f,S2-100-r01,S2-100,request-082,d4745ce8b0076d85ef4bad6643512dad50425d8f61a49108664596ff785caf3e,3b5bb4ef4c4e,2026-09-01T15:46:40.59398878Z,2026-09-01T15:46:40.894883202Z,300.894418,200,fa5bbaa12602c6803fc911cd560f3cd567585f7b4703499b433ac2343ab380c5,,true,miss
calibration-20260902-f,S2-100-r01,S2-100,request-083,d4745ce8b0076d85ef4bad6643512dad50425d8f61a49108664596ff785caf3e,3b5bb4ef4c4e,2026-09-01T15:46:40.593948873Z,2026-09-01T15:46:40.890511536Z,296.562658,200,fa5bbaa12602c6803fc911cd560f3cd567585f7b4703499b433ac2343ab380c5,,true,miss
calibration-20260902-f,S2-100-r01,S2-100,request-084,d4745ce8b0076d85ef4bad6643512dad50425d8f61a49108664596ff785caf3e,3b5bb4ef4c4e,2026-09-01T15:46:40.593917624Z,2026-09-01T15:46:40.889836099Z,295.918473,200,fa5bbaa12602c6803fc911cd560f3cd567585f7b4703499b433ac2343ab380c5,,true,miss
calibration-20260902-f,S2-100-r01,S2-100,request-085,d4745ce8b0076d85ef4bad6643512dad50425d8f61a49108664596ff785caf3e,3b5bb4ef4c4e,2026-09-01T15:46:40.593886603Z,2026-09-01T15:46:40.894413442Z,300.526832,200,fa5bbaa12602c6803fc911cd560f3cd567585f7b4703499b433ac2343ab380c5,,true,miss
calibration-20260902-f,S2-100-r01,S2-100,request-086,d4745ce8b0076d85ef4bad6643512dad50425d8f61a49108664596ff785caf3e,3b5bb4ef4c4e,2026-09-01T15:46:40.593854506Z,2026-09-01T15:46:40.892763995Z,298.909485,200,fa5bbaa12602c6803fc911cd560f3cd567585f7b4703499b433ac2343ab380c5,,true,miss
calibration-20260902-f,S2-100-r01,S2-100,request-087,d4745ce8b0076d85ef4bad6643512dad50425d8f61a49108664596ff785caf3e,3b5bb4ef4c4e,2026-09-01T15:46:40.59376896Z,2026-09-01T15:46:40.895044027Z,301.275059,200,fa5bbaa12602c6803fc911cd560f3cd567585f7b4703499b433ac2343ab380c5,,true,miss
calibration-20260902-f,S2-100-r01,S2-100,request-088,d4745ce8b0076d85ef4bad6643512dad50425d8f61a49108664596ff785caf3e,3b5bb4ef4c4e,2026-09-01T15:46:40.593730086Z,2026-09-01T15:46:40.891223502Z,297.493409,200,fa5bbaa12602c6803fc911cd560f3cd567585f7b4703499b433ac2343ab380c5,,true,miss
calibration-20260902-f,S2-100-r01,S2-100,request-089,d4745ce8b0076d85ef4bad6643512dad50425d8f61a49108664596ff785caf3e,3b5bb4ef4c4e,2026-09-01T15:46:40.593695176Z,2026-09-01T15:46:40.89425705Z,300.561872,200,fa5bbaa12602c6803fc911cd560f3cd567585f7b4703499b433ac2343ab380c5,,true,miss
calibration-20260902-f,S2-100-r01,S2-100,request-090,d4745ce8b0076d85ef4bad6643512dad50425d8f61a49108664596ff785caf3e,3b5bb4ef4c4e,2026-09-01T15:46:40.593586282Z,2026-09-01T15:46:40.895459958Z,301.873677,200,fa5bbaa12602c6803fc911cd560f3cd567585f7b4703499b433ac2343ab380c5,,true,miss
calibration-20260902-f,S2-100-r01,S2-100,request-091,d4745ce8b0076d85ef4bad6643512dad50425d8f61a49108664596ff785caf3e,3b5bb4ef4c4e,2026-09-01T15:46:40.593453742Z,2026-09-01T15:46:40.894460373Z,301.006631,200,fa5bbaa12602c6803fc911cd560f3cd567585f7b4703499b433ac2343ab380c5,,true,miss
calibration-20260902-f,S2-100-r01,S2-100,request-092,d4745ce8b0076d85ef4bad6643512dad50425d8f61a49108664596ff785caf3e,3b5bb4ef4c4e,2026-09-01T15:46:40.577827915Z,2026-09-01T15:46:40.890169574Z,312.341660,200,fa5bbaa12602c6803fc911cd560f3cd567585f7b4703499b433ac2343ab380c5,,true,miss
calibration-20260902-f,S2-100-r01,S2-100,request-093,d4745ce8b0076d85ef4bad6643512dad50425d8f61a49108664596ff785caf3e,3b5bb4ef4c4e,2026-09-01T15:46:40.570644951Z,2026-09-01T15:46:40.892658961Z,322.014020,200,fa5bbaa12602c6803fc911cd560f3cd567585f7b4703499b433ac2343ab380c5,,true,miss
calibration-20260902-f,S2-100-r01,S2-100,request-094,d4745ce8b0076d85ef4bad6643512dad50425d8f61a49108664596ff785caf3e,3b5bb4ef4c4e,2026-09-01T15:46:40.57060498Z,2026-09-01T15:46:40.891604936Z,320.999957,200,fa5bbaa12602c6803fc911cd560f3cd567585f7b4703499b433ac2343ab380c5,,true,miss
calibration-20260902-f,S2-100-r01,S2-100,request-095,d4745ce8b0076d85ef4bad6643512dad50425d8f61a49108664596ff785caf3e,3b5bb4ef4c4e,2026-09-01T15:46:40.570550229Z,2026-09-01T15:46:40.891275276Z,320.725048,200,fa5bbaa12602c6803fc911cd560f3cd567585f7b4703499b433ac2343ab380c5,,true,miss
calibration-20260902-f,S2-100-r01,S2-100,request-096,d4745ce8b0076d85ef4bad6643512dad50425d8f61a49108664596ff785caf3e,3b5bb4ef4c4e,2026-09-01T15:46:40.570509403Z,2026-09-01T15:46:40.891160038Z,320.650635,200,fa5bbaa12602c6803fc911cd560f3cd567585f7b4703499b433ac2343ab380c5,,true,miss
calibration-20260902-f,S2-100-r01,S2-100,request-097,d4745ce8b0076d85ef4bad6643512dad50425d8f61a49108664596ff785caf3e,3b5bb4ef4c4e,2026-09-01T15:46:40.570119846Z,2026-09-01T15:46:40.89059724Z,320.477400,200,fa5bbaa12602c6803fc911cd560f3cd567585f7b4703499b433ac2343ab380c5,,true,miss
calibration-20260902-f,S2-100-r01,S2-100,request-098,d4745ce8b0076d85ef4bad6643512dad50425d8f61a49108664596ff785caf3e,3b5bb4ef4c4e,2026-09-01T15:46:40.570037866Z,2026-09-01T15:46:40.890313351Z,320.275485,200,fa5bbaa12602c6803fc911cd560f3cd567585f7b4703499b433ac2343ab380c5,,true,miss
calibration-20260902-f,S2-100-r01,S2-100,request-099,d4745ce8b0076d85ef4bad6643512dad50425d8f61a49108664596ff785caf3e,3b5bb4ef4c4e,2026-09-01T15:46:40.569954593Z,2026-09-01T15:46:40.894508126Z,324.553534,200,fa5bbaa12602c6803fc911cd560f3cd567585f7b4703499b433ac2343ab380c5,,true,miss
calibration-20260902-f,S2-100-r01,S2-100,request-100,d4745ce8b0076d85ef4bad6643512dad50425d8f61a49108664596ff785caf3e,3b5bb4ef4c4e,2026-09-01T15:46:40.593913758Z,2026-09-01T15:46:40.895003014Z,301.089258,200,fa5bbaa12602c6803fc911cd560f3cd567585f7b4703499b433ac2343ab380c5,,true,miss
calibration-20260902-f,S1-100-r01,S1-100,request-001,d4745ce8b0076d85ef4bad6643512dad50425d8f61a49108664596ff785caf3e,3b5bb4ef4c4e,2026-09-01T15:46:41.136399447Z,2026-09-01T15:46:42.732808019Z,1596.408571,200,fa5bbaa12602c6803fc911cd560f3cd567585f7b4703499b433ac2343ab380c5,,false,miss
calibration-20260902-f,S1-100-r01,S1-100,request-002,d4745ce8b0076d85ef4bad6643512dad50425d8f61a49108664596ff785caf3e,3b5bb4ef4c4e,2026-09-01T15:46:41.185892765Z,2026-09-01T15:47:08.576950558Z,24057.711386,200,fa5bbaa12602c6803fc911cd560f3cd567585f7b4703499b433ac2343ab380c5,,false,miss
calibration-20260902-f,S1-100-r01,S1-100,request-003,d4745ce8b0076d85ef4bad6643512dad50425d8f61a49108664596ff785caf3e,3b5bb4ef4c4e,2026-09-01T15:46:41.18587251Z,2026-09-01T15:47:11.172185643Z,26652.966712,200,fa5bbaa12602c6803fc911cd560f3cd567585f7b4703499b433ac2343ab380c5,,false,miss
calibration-20260902-f,S1-100-r01,S1-100,request-004,d4745ce8b0076d85ef4bad6643512dad50425d8f61a49108664596ff785caf3e,3b5bb4ef4c4e,2026-09-01T15:46:41.185854295Z,2026-09-01T15:47:15.764260771Z,31245.060050,200,fa5bbaa12602c6803fc911cd560f3cd567585f7b4703499b433ac2343ab380c5,,false,miss
calibration-20260902-f,S1-100-r01,S1-100,request-005,d4745ce8b0076d85ef4bad6643512dad50425d8f61a49108664596ff785caf3e,3b5bb4ef4c4e,2026-09-01T15:46:41.185837319Z,2026-09-01T15:47:14.270853185Z,29751.669434,200,fa5bbaa12602c6803fc911cd560f3cd567585f7b4703499b433ac2343ab380c5,,false,miss
calibration-20260902-f,S1-100-r01,S1-100,request-006,d4745ce8b0076d85ef4bad6643512dad50425d8f61a49108664596ff785caf3e,3b5bb4ef4c4e,2026-09-01T15:46:41.185815093Z,2026-09-01T15:47:07.971916857Z,23452.755331,200,fa5bbaa12602c6803fc911cd560f3cd567585f7b4703499b433ac2343ab380c5,,false,miss
calibration-20260902-f,S1-100-r01,S1-100,request-007,d4745ce8b0076d85ef4bad6643512dad50425d8f61a49108664596ff785caf3e,3b5bb4ef4c4e,2026-09-01T15:46:41.185769743Z,2026-09-01T15:47:09.169552539Z,24650.436374,200,fa5bbaa12602c6803fc911cd560f3cd567585f7b4703499b433ac2343ab380c5,,false,miss
calibration-20260902-f,S1-100-r01,S1-100,request-008,d4745ce8b0076d85ef4bad6643512dad50425d8f61a49108664596ff785caf3e,3b5bb4ef4c4e,2026-09-01T15:46:41.185734436Z,2026-09-01T15:47:14.779165429Z,30260.084572,200,fa5bbaa12602c6803fc911cd560f3cd567585f7b4703499b433ac2343ab380c5,,false,miss
calibration-20260902-f,S1-100-r01,S1-100,request-009,d4745ce8b0076d85ef4bad6643512dad50425d8f61a49108664596ff785caf3e,3b5bb4ef4c4e,2026-09-01T15:46:41.185709655Z,2026-09-01T15:47:13.569389987Z,29050.333910,200,fa5bbaa12602c6803fc911cd560f3cd567585f7b4703499b433ac2343ab380c5,,false,miss
calibration-20260902-f,S1-100-r01,S1-100,request-010,d4745ce8b0076d85ef4bad6643512dad50425d8f61a49108664596ff785caf3e,3b5bb4ef4c4e,2026-09-01T15:46:41.185690344Z,2026-09-01T15:47:12.664416259Z,28145.379492,200,fa5bbaa12602c6803fc911cd560f3cd567585f7b4703499b433ac2343ab380c5,,false,miss
calibration-20260902-f,S1-100-r01,S1-100,request-011,d4745ce8b0076d85ef4bad6643512dad50425d8f61a49108664596ff785caf3e,3b5bb4ef4c4e,2026-09-01T15:46:41.185655499Z,2026-09-01T15:47:11.367866223Z,26848.864298,200,fa5bbaa12602c6803fc911cd560f3cd567585f7b4703499b433ac2343ab380c5,,false,miss
calibration-20260902-f,S1-100-r01,S1-100,request-012,d4745ce8b0076d85ef4bad6643512dad50425d8f61a49108664596ff785caf3e,3b5bb4ef4c4e,2026-09-01T15:46:41.185632009Z,2026-09-01T15:47:10.267174523Z,25748.196088,200,fa5bbaa12602c6803fc911cd560f3cd567585f7b4703499b433ac2343ab380c5,,false,miss
calibration-20260902-f,S1-100-r01,S1-100,request-013,d4745ce8b0076d85ef4bad6643512dad50425d8f61a49108664596ff785caf3e,3b5bb4ef4c4e,2026-09-01T15:46:41.185611836Z,2026-09-01T15:47:11.679030093Z,27160.071839,200,fa5bbaa12602c6803fc911cd560f3cd567585f7b4703499b433ac2343ab380c5,,false,miss
calibration-20260902-f,S1-100-r01,S1-100,request-014,d4745ce8b0076d85ef4bad6643512dad50425d8f61a49108664596ff785caf3e,3b5bb4ef4c4e,2026-09-01T15:46:41.185586432Z,2026-09-01T15:47:04.788678598Z,20269.745740,200,fa5bbaa12602c6803fc911cd560f3cd567585f7b4703499b433ac2343ab380c5,,false,miss
calibration-20260902-f,S1-100-r01,S1-100,request-015,d4745ce8b0076d85ef4bad6643512dad50425d8f61a49108664596ff785caf3e,3b5bb4ef4c4e,2026-09-01T15:46:41.185570398Z,2026-09-01T15:47:03.978556857Z,19459.640038,200,fa5bbaa12602c6803fc911cd560f3cd567585f7b4703499b433ac2343ab380c5,,false,miss
calibration-20260902-f,S1-100-r01,S1-100,request-016,d4745ce8b0076d85ef4bad6643512dad50425d8f61a49108664596ff785caf3e,3b5bb4ef4c4e,2026-09-01T15:46:41.185547356Z,2026-09-01T15:47:03.580645455Z,19061.751676,200,fa5bbaa12602c6803fc911cd560f3cd567585f7b4703499b433ac2343ab380c5,,false,miss
calibration-20260902-f,S1-100-r01,S1-100,request-017,d4745ce8b0076d85ef4bad6643512dad50425d8f61a49108664596ff785caf3e,3b5bb4ef4c4e,2026-09-01T15:46:41.185520597Z,2026-09-01T15:47:03.270711312Z,18751.844295,200,fa5bbaa12602c6803fc911cd560f3cd567585f7b4703499b433ac2343ab380c5,,false,miss
calibration-20260902-f,S1-100-r01,S1-100,request-018,d4745ce8b0076d85ef4bad6643512dad50425d8f61a49108664596ff785caf3e,3b5bb4ef4c4e,2026-09-01T15:46:41.185496341Z,2026-09-01T15:46:52.656810238Z,11471.313901,200,fa5bbaa12602c6803fc911cd560f3cd567585f7b4703499b433ac2343ab380c5,,false,miss
calibration-20260902-f,S1-100-r01,S1-100,request-019,d4745ce8b0076d85ef4bad6643512dad50425d8f61a49108664596ff785caf3e,3b5bb4ef4c4e,2026-09-01T15:46:41.185422247Z,2026-09-01T15:47:02.067126013Z,17548.357337,200,fa5bbaa12602c6803fc911cd560f3cd567585f7b4703499b433ac2343ab380c5,,false,miss
calibration-20260902-f,S1-100-r01,S1-100,request-020,d4745ce8b0076d85ef4bad6643512dad50425d8f61a49108664596ff785caf3e,3b5bb4ef4c4e,2026-09-01T15:46:41.137225141Z,2026-09-01T15:46:50.435789249Z,9298.564117,200,fa5bbaa12602c6803fc911cd560f3cd567585f7b4703499b433ac2343ab380c5,,false,miss
calibration-20260902-f,S1-100-r01,S1-100,request-021,d4745ce8b0076d85ef4bad6643512dad50425d8f61a49108664596ff785caf3e,3b5bb4ef4c4e,2026-09-01T15:46:41.137190447Z,2026-09-01T15:47:00.776156473Z,16305.619600,200,fa5bbaa12602c6803fc911cd560f3cd567585f7b4703499b433ac2343ab380c5,,false,miss
calibration-20260902-f,S1-100-r01,S1-100,request-022,d4745ce8b0076d85ef4bad6643512dad50425d8f61a49108664596ff785caf3e,3b5bb4ef4c4e,2026-09-01T15:46:41.137163591Z,2026-09-01T15:46:56.492006132Z,15400.345863,200,fa5bbaa12602c6803fc911cd560f3cd567585f7b4703499b433ac2343ab380c5,,false,miss
calibration-20260902-f,S1-100-r01,S1-100,request-023,d4745ce8b0076d85ef4bad6643512dad50425d8f61a49108664596ff785caf3e,3b5bb4ef4c4e,2026-09-01T15:46:41.137144362Z,2026-09-01T15:46:56.238231047Z,15101.086694,200,fa5bbaa12602c6803fc911cd560f3cd567585f7b4703499b433ac2343ab380c5,,false,miss
calibration-20260902-f,S1-100-r01,S1-100,request-024,d4745ce8b0076d85ef4bad6643512dad50425d8f61a49108664596ff785caf3e,3b5bb4ef4c4e,2026-09-01T15:46:41.137087223Z,2026-09-01T15:46:55.535437122Z,14398.349907,200,fa5bbaa12602c6803fc911cd560f3cd567585f7b4703499b433ac2343ab380c5,,false,miss
calibration-20260902-f,S1-100-r01,S1-100,request-025,d4745ce8b0076d85ef4bad6643512dad50425d8f61a49108664596ff785caf3e,3b5bb4ef4c4e,2026-09-01T15:46:41.137052076Z,2026-09-01T15:47:07.771411889Z,23301.013390,200,fa5bbaa12602c6803fc911cd560f3cd567585f7b4703499b433ac2343ab380c5,,false,miss
calibration-20260902-f,S1-100-r01,S1-100,request-026,d4745ce8b0076d85ef4bad6643512dad50425d8f61a49108664596ff785caf3e,3b5bb4ef4c4e,2026-09-01T15:46:41.137011489Z,2026-09-01T15:47:06.778181203Z,22307.823283,200,fa5bbaa12602c6803fc911cd560f3cd567585f7b4703499b433ac2343ab380c5,,false,miss
calibration-20260902-f,S1-100-r01,S1-100,request-027,d4745ce8b0076d85ef4bad6643512dad50425d8f61a49108664596ff785caf3e,3b5bb4ef4c4e,2026-09-01T15:46:41.136962097Z,2026-09-01T15:46:51.547260508Z,10410.298412,200,fa5bbaa12602c6803fc911cd560f3cd567585f7b4703499b433ac2343ab380c5,,false,miss
calibration-20260902-f,S1-100-r01,S1-100,request-028,d4745ce8b0076d85ef4bad6643512dad50425d8f61a49108664596ff785caf3e,3b5bb4ef4c4e,2026-09-01T15:46:41.136940706Z,2026-09-01T15:46:51.539069503Z,10402.128806,200,fa5bbaa12602c6803fc911cd560f3cd567585f7b4703499b433ac2343ab380c5,,false,miss
calibration-20260902-f,S1-100-r01,S1-100,request-029,d4745ce8b0076d85ef4bad6643512dad50425d8f61a49108664596ff785caf3e,3b5bb4ef4c4e,2026-09-01T15:46:41.18565583Z,2026-09-01T15:47:13.86781065Z,29348.808399,200,fa5bbaa12602c6803fc911cd560f3cd567585f7b4703499b433ac2343ab380c5,,false,miss
calibration-20260902-f,S1-100-r01,S1-100,request-030,d4745ce8b0076d85ef4bad6643512dad50425d8f61a49108664596ff785caf3e,3b5bb4ef4c4e,2026-09-01T15:46:41.185635904Z,2026-09-01T15:47:09.871459056Z,25352.476728,200,fa5bbaa12602c6803fc911cd560f3cd567585f7b4703499b433ac2343ab380c5,,false,miss
calibration-20260902-f,S1-100-r01,S1-100,request-031,d4745ce8b0076d85ef4bad6643512dad50425d8f61a49108664596ff785caf3e,3b5bb4ef4c4e,2026-09-01T15:46:41.185612465Z,2026-09-01T15:47:12.971615303Z,28452.656415,200,fa5bbaa12602c6803fc911cd560f3cd567585f7b4703499b433ac2343ab380c5,,false,miss
calibration-20260902-f,S1-100-r01,S1-100,request-032,d4745ce8b0076d85ef4bad6643512dad50425d8f61a49108664596ff785caf3e,3b5bb4ef4c4e,2026-09-01T15:46:41.185587457Z,2026-09-01T15:47:04.564233513Z,20045.299634,200,fa5bbaa12602c6803fc911cd560f3cd567585f7b4703499b433ac2343ab380c5,,false,miss
calibration-20260902-f,S1-100-r01,S1-100,request-033,d4745ce8b0076d85ef4bad6643512dad50425d8f61a49108664596ff785caf3e,3b5bb4ef4c4e,2026-09-01T15:46:41.137131348Z,2026-09-01T15:47:00.177236972Z,15706.759202,200,fa5bbaa12602c6803fc911cd560f3cd567585f7b4703499b433ac2343ab380c5,,false,miss
calibration-20260902-f,S1-100-r01,S1-100,request-034,d4745ce8b0076d85ef4bad6643512dad50425d8f61a49108664596ff785caf3e,3b5bb4ef4c4e,2026-09-01T15:46:41.137164607Z,2026-09-01T15:47:00.76914088Z,16298.629850,200,fa5bbaa12602c6803fc911cd560f3cd567585f7b4703499b433ac2343ab380c5,,false,miss
calibration-20260902-f,S1-100-r01,S1-100,request-035,d4745ce8b0076d85ef4bad6643512dad50425d8f61a49108664596ff785caf3e,3b5bb4ef4c4e,2026-09-01T15:46:41.136393554Z,2026-09-01T15:47:09.072282135Z,24602.542144,200,fa5bbaa12602c6803fc911cd560f3cd567585f7b4703499b433ac2343ab380c5,,false,miss
calibration-20260902-f,S1-100-r01,S1-100,request-036,d4745ce8b0076d85ef4bad6643512dad50425d8f61a49108664596ff785caf3e,3b5bb4ef4c4e,2026-09-01T15:46:41.136759475Z,2026-09-01T15:46:46.343907378Z,5207.147910,200,fa5bbaa12602c6803fc911cd560f3cd567585f7b4703499b433ac2343ab380c5,,false,miss
calibration-20260902-f,S1-100-r01,S1-100,request-037,d4745ce8b0076d85ef4bad6643512dad50425d8f61a49108664596ff785caf3e,3b5bb4ef4c4e,2026-09-01T15:46:41.136740395Z,2026-09-01T15:46:47.633339436Z,6496.599047,200,fa5bbaa12602c6803fc911cd560f3cd567585f7b4703499b433ac2343ab380c5,,false,miss
calibration-20260902-f,S1-100-r01,S1-100,request-038,d4745ce8b0076d85ef4bad6643512dad50425d8f61a49108664596ff785caf3e,3b5bb4ef4c4e,2026-09-01T15:46:41.13671787Z,2026-09-01T15:46:48.736982089Z,7600.264227,200,fa5bbaa12602c6803fc911cd560f3cd567585f7b4703499b433ac2343ab380c5,,false,miss
calibration-20260902-f,S1-100-r01,S1-100,request-039,d4745ce8b0076d85ef4bad6643512dad50425d8f61a49108664596ff785caf3e,3b5bb4ef4c4e,2026-09-01T15:46:41.136698192Z,2026-09-01T15:46:42.631297347Z,1494.599170,200,fa5bbaa12602c6803fc911cd560f3cd567585f7b4703499b433ac2343ab380c5,,false,miss
calibration-20260902-f,S1-100-r01,S1-100,request-040,d4745ce8b0076d85ef4bad6643512dad50425d8f61a49108664596ff785caf3e,3b5bb4ef4c4e,2026-09-01T15:46:41.136675728Z,2026-09-01T15:46:45.038626337Z,3901.950613,200,fa5bbaa12602c6803fc911cd560f3cd567585f7b4703499b433ac2343ab380c5,,false,miss
calibration-20260902-f,S1-100-r01,S1-100,request-041,d4745ce8b0076d85ef4bad6643512dad50425d8f61a49108664596ff785caf3e,3b5bb4ef4c4e,2026-09-01T15:46:41.136779002Z,2026-09-01T15:46:48.843532286Z,7706.753284,200,fa5bbaa12602c6803fc911cd560f3cd567585f7b4703499b433ac2343ab380c5,,false,miss
calibration-20260902-f,S1-100-r01,S1-100,request-042,d4745ce8b0076d85ef4bad6643512dad50425d8f61a49108664596ff785caf3e,3b5bb4ef4c4e,2026-09-01T15:46:41.136635959Z,2026-09-01T15:46:42.545914771Z,1409.278814,200,fa5bbaa12602c6803fc911cd560f3cd567585f7b4703499b433ac2343ab380c5,,false,miss
calibration-20260902-f,S1-100-r01,S1-100,request-043,d4745ce8b0076d85ef4bad6643512dad50425d8f61a49108664596ff785caf3e,3b5bb4ef4c4e,2026-09-01T15:46:41.136614673Z,2026-09-01T15:46:45.337085425Z,4200.470756,200,fa5bbaa12602c6803fc911cd560f3cd567585f7b4703499b433ac2343ab380c5,,false,miss
calibration-20260902-f,S1-100-r01,S1-100,request-044,d4745ce8b0076d85ef4bad6643512dad50425d8f61a49108664596ff785caf3e,3b5bb4ef4c4e,2026-09-01T15:46:41.136656496Z,2026-09-01T15:46:46.336287272Z,5199.630783,200,fa5bbaa12602c6803fc911cd560f3cd567585f7b4703499b433ac2343ab380c5,,false,miss
calibration-20260902-f,S1-100-r01,S1-100,request-045,d4745ce8b0076d85ef4bad6643512dad50425d8f61a49108664596ff785caf3e,3b5bb4ef4c4e,2026-09-01T15:46:41.136587538Z,2026-09-01T15:46:43.846691758Z,2710.104222,200,fa5bbaa12602c6803fc911cd560f3cd567585f7b4703499b433ac2343ab380c5,,false,miss
calibration-20260902-f,S1-100-r01,S1-100,request-046,d4745ce8b0076d85ef4bad6643512dad50425d8f61a49108664596ff785caf3e,3b5bb4ef4c4e,2026-09-01T15:46:41.136555934Z,2026-09-01T15:47:08.372236935Z,23902.334572,200,fa5bbaa12602c6803fc911cd560f3cd567585f7b4703499b433ac2343ab380c5,,false,miss
calibration-20260902-f,S1-100-r01,S1-100,request-047,d4745ce8b0076d85ef4bad6643512dad50425d8f61a49108664596ff785caf3e,3b5bb4ef4c4e,2026-09-01T15:46:41.137194808Z,2026-09-01T15:47:11.979531228Z,27508.989999,200,fa5bbaa12602c6803fc911cd560f3cd567585f7b4703499b433ac2343ab380c5,,false,miss
calibration-20260902-f,S1-100-r01,S1-100,request-048,d4745ce8b0076d85ef4bad6643512dad50425d8f61a49108664596ff785caf3e,3b5bb4ef4c4e,2026-09-01T15:46:41.137112011Z,2026-09-01T15:46:55.239515811Z,14102.403806,200,fa5bbaa12602c6803fc911cd560f3cd567585f7b4703499b433ac2343ab380c5,,false,miss
calibration-20260902-f,S1-100-r01,S1-100,request-049,d4745ce8b0076d85ef4bad6643512dad50425d8f61a49108664596ff785caf3e,3b5bb4ef4c4e,2026-09-01T15:46:41.137084987Z,2026-09-01T15:46:55.042881557Z,13905.796576,200,fa5bbaa12602c6803fc911cd560f3cd567585f7b4703499b433ac2343ab380c5,,false,miss
calibration-20260902-f,S1-100-r01,S1-100,request-050,d4745ce8b0076d85ef4bad6643512dad50425d8f61a49108664596ff785caf3e,3b5bb4ef4c4e,2026-09-01T15:46:41.137064499Z,2026-09-01T15:47:07.279100222Z,22808.689302,200,fa5bbaa12602c6803fc911cd560f3cd567585f7b4703499b433ac2343ab380c5,,false,miss
calibration-20260902-f,S1-100-r01,S1-100,request-051,d4745ce8b0076d85ef4bad6643512dad50425d8f61a49108664596ff785caf3e,3b5bb4ef4c4e,2026-09-01T15:46:41.137041575Z,2026-09-01T15:47:07.074921506Z,22604.533507,200,fa5bbaa12602c6803fc911cd560f3cd567585f7b4703499b433ac2343ab380c5,,false,miss
calibration-20260902-f,S1-100-r01,S1-100,request-052,d4745ce8b0076d85ef4bad6643512dad50425d8f61a49108664596ff785caf3e,3b5bb4ef4c4e,2026-09-01T15:46:41.137022304Z,2026-09-01T15:47:06.07405651Z,21603.687782,200,fa5bbaa12602c6803fc911cd560f3cd567585f7b4703499b433ac2343ab380c5,,false,miss
calibration-20260902-f,S1-100-r01,S1-100,request-053,d4745ce8b0076d85ef4bad6643512dad50425d8f61a49108664596ff785caf3e,3b5bb4ef4c4e,2026-09-01T15:46:41.137001604Z,2026-09-01T15:46:53.834647887Z,12697.646284,200,fa5bbaa12602c6803fc911cd560f3cd567585f7b4703499b433ac2343ab380c5,,false,miss
calibration-20260902-f,S1-100-r01,S1-100,request-054,d4745ce8b0076d85ef4bad6643512dad50425d8f61a49108664596ff785caf3e,3b5bb4ef4c4e,2026-09-01T15:46:41.136982931Z,2026-09-01T15:47:05.777327256Z,21306.997898,200,fa5bbaa12602c6803fc911cd560f3cd567585f7b4703499b433ac2343ab380c5,,false,miss
calibration-20260902-f,S1-100-r01,S1-100,request-055,d4745ce8b0076d85ef4bad6643512dad50425d8f61a49108664596ff785caf3e,3b5bb4ef4c4e,2026-09-01T15:46:41.136962827Z,2026-09-01T15:47:05.567550499Z,21097.241252,200,fa5bbaa12602c6803fc911cd560f3cd567585f7b4703499b433ac2343ab380c5,,false,miss
calibration-20260902-f,S1-100-r01,S1-100,request-056,d4745ce8b0076d85ef4bad6643512dad50425d8f61a49108664596ff785caf3e,3b5bb4ef4c4e,2026-09-01T15:46:41.136934381Z,2026-09-01T15:47:06.575046052Z,22104.765248,200,fa5bbaa12602c6803fc911cd560f3cd567585f7b4703499b433ac2343ab380c5,,false,miss
calibration-20260902-f,S1-100-r01,S1-100,request-057,d4745ce8b0076d85ef4bad6643512dad50425d8f61a49108664596ff785caf3e,3b5bb4ef4c4e,2026-09-01T15:46:41.136910168Z,2026-09-01T15:46:49.146596067Z,8009.685905,200,fa5bbaa12602c6803fc911cd560f3cd567585f7b4703499b433ac2343ab380c5,,false,miss
calibration-20260902-f,S1-100-r01,S1-100,request-058,d4745ce8b0076d85ef4bad6643512dad50425d8f61a49108664596ff785caf3e,3b5bb4ef4c4e,2026-09-01T15:46:41.13688613Z,2026-09-01T15:46:50.051731099Z,8914.844976,200,fa5bbaa12602c6803fc911cd560f3cd567585f7b4703499b433ac2343ab380c5,,false,miss
calibration-20260902-f,S1-100-r01,S1-100,request-059,d4745ce8b0076d85ef4bad6643512dad50425d8f61a49108664596ff785caf3e,3b5bb4ef4c4e,2026-09-01T15:46:41.136864641Z,2026-09-01T15:46:52.941140153Z,11804.275519,200,fa5bbaa12602c6803fc911cd560f3cd567585f7b4703499b433ac2343ab380c5,,false,miss
calibration-20260902-f,S1-100-r01,S1-100,request-060,d4745ce8b0076d85ef4bad6643512dad50425d8f61a49108664596ff785caf3e,3b5bb4ef4c4e,2026-09-01T15:46:41.136845846Z,2026-09-01T15:46:50.039339507Z,8902.493669,200,fa5bbaa12602c6803fc911cd560f3cd567585f7b4703499b433ac2343ab380c5,,false,miss
calibration-20260902-f,S1-100-r01,S1-100,request-061,d4745ce8b0076d85ef4bad6643512dad50425d8f61a49108664596ff785caf3e,3b5bb4ef4c4e,2026-09-01T15:46:41.13680636Z,2026-09-01T15:47:05.277047342Z,20806.894559,200,fa5bbaa12602c6803fc911cd560f3cd567585f7b4703499b433ac2343ab380c5,,false,miss
calibration-20260902-f,S1-100-r01,S1-100,request-062,d4745ce8b0076d85ef4bad6643512dad50425d8f61a49108664596ff785caf3e,3b5bb4ef4c4e,2026-09-01T15:46:41.137114196Z,2026-09-01T15:46:56.233966591Z,15096.852397,200,fa5bbaa12602c6803fc911cd560f3cd567585f7b4703499b433ac2343ab380c5,,false,miss
calibration-20260902-f,S1-100-r01,S1-100,request-063,d4745ce8b0076d85ef4bad6643512dad50425d8f61a49108664596ff785caf3e,3b5bb4ef4c4e,2026-09-01T15:46:41.137067783Z,2026-09-01T15:46:55.037104262Z,13900.036484,200,fa5bbaa12602c6803fc911cd560f3cd567585f7b4703499b433ac2343ab380c5,,false,miss
calibration-20260902-f,S1-100-r01,S1-100,request-064,d4745ce8b0076d85ef4bad6643512dad50425d8f61a49108664596ff785caf3e,3b5bb4ef4c4e,2026-09-01T15:46:41.137028552Z,2026-09-01T15:46:54.239017652Z,13101.989102,200,fa5bbaa12602c6803fc911cd560f3cd567585f7b4703499b433ac2343ab380c5,,false,miss
calibration-20260902-f,S1-100-r01,S1-100,request-065,d4745ce8b0076d85ef4bad6643512dad50425d8f61a49108664596ff785caf3e,3b5bb4ef4c4e,2026-09-01T15:46:41.136994164Z,2026-09-01T15:46:54.030837788Z,12893.843629,200,fa5bbaa12602c6803fc911cd560f3cd567585f7b4703499b433ac2343ab380c5,,false,miss
calibration-20260902-f,S1-100-r01,S1-100,request-066,d4745ce8b0076d85ef4bad6643512dad50425d8f61a49108664596ff785caf3e,3b5bb4ef4c4e,2026-09-01T15:46:41.136923095Z,2026-09-01T15:46:50.23698898Z,9100.065893,200,fa5bbaa12602c6803fc911cd560f3cd567585f7b4703499b433ac2343ab380c5,,false,miss
calibration-20260902-f,S1-100-r01,S1-100,request-067,d4745ce8b0076d85ef4bad6643512dad50425d8f61a49108664596ff785caf3e,3b5bb4ef4c4e,2026-09-01T15:46:41.136905419Z,2026-09-01T15:46:47.936085985Z,6799.180569,200,fa5bbaa12602c6803fc911cd560f3cd567585f7b4703499b433ac2343ab380c5,,false,miss
calibration-20260902-f,S1-100-r01,S1-100,request-068,d4745ce8b0076d85ef4bad6643512dad50425d8f61a49108664596ff785caf3e,3b5bb4ef4c4e,2026-09-01T15:46:41.136870665Z,2026-09-01T15:46:51.349510329Z,10212.639661,200,fa5bbaa12602c6803fc911cd560f3cd567585f7b4703499b433ac2343ab380c5,,false,miss
calibration-20260902-f,S1-100-r01,S1-100,request-069,d4745ce8b0076d85ef4bad6643512dad50425d8f61a49108664596ff785caf3e,3b5bb4ef4c4e,2026-09-01T15:46:41.136844266Z,2026-09-01T15:46:53.83477985Z,12697.935584,200,fa5bbaa12602c6803fc911cd560f3cd567585f7b4703499b433ac2343ab380c5,,false,miss
calibration-20260902-f,S1-100-r01,S1-100,request-070,d4745ce8b0076d85ef4bad6643512dad50425d8f61a49108664596ff785caf3e,3b5bb4ef4c4e,2026-09-01T15:46:41.136816274Z,2026-09-01T15:46:51.349469456Z,10212.653184,200,fa5bbaa12602c6803fc911cd560f3cd567585f7b4703499b433ac2343ab380c5,,false,miss
calibration-20260902-f,S1-100-r01,S1-100,request-071,d4745ce8b0076d85ef4bad6643512dad50425d8f61a49108664596ff785caf3e,3b5bb4ef4c4e,2026-09-01T15:46:41.136787008Z,2026-09-01T15:46:52.656870502Z,11520.083502,200,fa5bbaa12602c6803fc911cd560f3cd567585f7b4703499b433ac2343ab380c5,,false,miss
calibration-20260902-f,S1-100-r01,S1-100,request-072,d4745ce8b0076d85ef4bad6643512dad50425d8f61a49108664596ff785caf3e,3b5bb4ef4c4e,2026-09-01T15:46:41.136771062Z,2026-09-01T15:46:48.94837895Z,7811.607891,200,fa5bbaa12602c6803fc911cd560f3cd567585f7b4703499b433ac2343ab380c5,,false,miss
calibration-20260902-f,S1-100-r01,S1-100,request-073,d4745ce8b0076d85ef4bad6643512dad50425d8f61a49108664596ff785caf3e,3b5bb4ef4c4e,2026-09-01T15:46:41.136745393Z,2026-09-01T15:46:47.54377097Z,6407.025579,200,fa5bbaa12602c6803fc911cd560f3cd567585f7b4703499b433ac2343ab380c5,,false,miss
calibration-20260902-f,S1-100-r01,S1-100,request-074,d4745ce8b0076d85ef4bad6643512dad50425d8f61a49108664596ff785caf3e,3b5bb4ef4c4e,2026-09-01T15:46:41.136728533Z,2026-09-01T15:46:47.54749522Z,6410.766686,200,fa5bbaa12602c6803fc911cd560f3cd567585f7b4703499b433ac2343ab380c5,,false,miss
calibration-20260902-f,S1-100-r01,S1-100,request-075,d4745ce8b0076d85ef4bad6643512dad50425d8f61a49108664596ff785caf3e,3b5bb4ef4c4e,2026-09-01T15:46:41.136710492Z,2026-09-01T15:46:42.644193689Z,1507.483197,200,fa5bbaa12602c6803fc911cd560f3cd567585f7b4703499b433ac2343ab380c5,,false,miss
calibration-20260902-f,S1-100-r01,S1-100,request-076,d4745ce8b0076d85ef4bad6643512dad50425d8f61a49108664596ff785caf3e,3b5bb4ef4c4e,2026-09-01T15:46:41.136681052Z,2026-09-01T15:46:52.546054478Z,11409.373434,200,fa5bbaa12602c6803fc911cd560f3cd567585f7b4703499b433ac2343ab380c5,,false,miss
calibration-20260902-f,S1-100-r01,S1-100,request-077,d4745ce8b0076d85ef4bad6643512dad50425d8f61a49108664596ff785caf3e,3b5bb4ef4c4e,2026-09-01T15:46:41.136664335Z,2026-09-01T15:46:46.644304461Z,5507.640133,200,fa5bbaa12602c6803fc911cd560f3cd567585f7b4703499b433ac2343ab380c5,,false,miss
calibration-20260902-f,S1-100-r01,S1-100,request-078,d4745ce8b0076d85ef4bad6643512dad50425d8f61a49108664596ff785caf3e,3b5bb4ef4c4e,2026-09-01T15:46:41.136644495Z,2026-09-01T15:46:46.240043504Z,5103.399015,200,fa5bbaa12602c6803fc911cd560f3cd567585f7b4703499b433ac2343ab380c5,,false,miss
calibration-20260902-f,S1-100-r01,S1-100,request-079,d4745ce8b0076d85ef4bad6643512dad50425d8f61a49108664596ff785caf3e,3b5bb4ef4c4e,2026-09-01T15:46:41.13662035Z,2026-09-01T15:46:44.044122361Z,2907.502019,200,fa5bbaa12602c6803fc911cd560f3cd567585f7b4703499b433ac2343ab380c5,,false,miss
calibration-20260902-f,S1-100-r01,S1-100,request-080,d4745ce8b0076d85ef4bad6643512dad50425d8f61a49108664596ff785caf3e,3b5bb4ef4c4e,2026-09-01T15:46:41.136589867Z,2026-09-01T15:46:45.046521718Z,3909.931854,200,fa5bbaa12602c6803fc911cd560f3cd567585f7b4703499b433ac2343ab380c5,,false,miss
calibration-20260902-f,S1-100-r01,S1-100,request-081,d4745ce8b0076d85ef4bad6643512dad50425d8f61a49108664596ff785caf3e,3b5bb4ef4c4e,2026-09-01T15:46:41.13656458Z,2026-09-01T15:46:45.239905122Z,4103.340541,200,fa5bbaa12602c6803fc911cd560f3cd567585f7b4703499b433ac2343ab380c5,,false,miss
calibration-20260902-f,S1-100-r01,S1-100,request-082,d4745ce8b0076d85ef4bad6643512dad50425d8f61a49108664596ff785caf3e,3b5bb4ef4c4e,2026-09-01T15:46:41.136554922Z,2026-09-01T15:46:43.934648343Z,2798.093422,200,fa5bbaa12602c6803fc911cd560f3cd567585f7b4703499b433ac2343ab380c5,,false,miss
calibration-20260902-f,S1-100-r01,S1-100,request-083,d4745ce8b0076d85ef4bad6643512dad50425d8f61a49108664596ff785caf3e,3b5bb4ef4c4e,2026-09-01T15:46:41.136442398Z,2026-09-01T15:46:43.748096173Z,2611.653781,200,fa5bbaa12602c6803fc911cd560f3cd567585f7b4703499b433ac2343ab380c5,,false,miss
calibration-20260902-f,S1-100-r01,S1-100,request-084,d4745ce8b0076d85ef4bad6643512dad50425d8f61a49108664596ff785caf3e,3b5bb4ef4c4e,2026-09-01T15:46:41.18587012Z,2026-09-01T15:47:15.789655173Z,31270.438632,200,fa5bbaa12602c6803fc911cd560f3cd567585f7b4703499b433ac2343ab380c5,,false,miss
calibration-20260902-f,S1-100-r01,S1-100,request-085,d4745ce8b0076d85ef4bad6643512dad50425d8f61a49108664596ff785caf3e,3b5bb4ef4c4e,2026-09-01T15:46:41.185853921Z,2026-09-01T15:47:14.975795061Z,30456.594720,200,fa5bbaa12602c6803fc911cd560f3cd567585f7b4703499b433ac2343ab380c5,,false,miss
calibration-20260902-f,S1-100-r01,S1-100,request-086,d4745ce8b0076d85ef4bad6643512dad50425d8f61a49108664596ff785caf3e,3b5bb4ef4c4e,2026-09-01T15:46:41.185834318Z,2026-09-01T15:47:10.768195905Z,26249.015176,200,fa5bbaa12602c6803fc911cd560f3cd567585f7b4703499b433ac2343ab380c5,,false,miss
calibration-20260902-f,S1-100-r01,S1-100,request-087,d4745ce8b0076d85ef4bad6643512dad50425d8f61a49108664596ff785caf3e,3b5bb4ef4c4e,2026-09-01T15:46:41.185810951Z,2026-09-01T15:47:12.37158094Z,27852.423566,200,fa5bbaa12602c6803fc911cd560f3cd567585f7b4703499b433ac2343ab380c5,,false,miss
calibration-20260902-f,S1-100-r01,S1-100,request-088,d4745ce8b0076d85ef4bad6643512dad50425d8f61a49108664596ff785caf3e,3b5bb4ef4c4e,2026-09-01T15:46:41.185784975Z,2026-09-01T15:47:10.379253194Z,25860.121800,200,fa5bbaa12602c6803fc911cd560f3cd567585f7b4703499b433ac2343ab380c5,,false,miss
calibration-20260902-f,S1-100-r01,S1-100,request-089,d4745ce8b0076d85ef4bad6643512dad50425d8f61a49108664596ff785caf3e,3b5bb4ef4c4e,2026-09-01T15:46:41.185770351Z,2026-09-01T15:47:15.479205132Z,30960.088362,200,fa5bbaa12602c6803fc911cd560f3cd567585f7b4703499b433ac2343ab380c5,,false,miss
calibration-20260902-f,S1-100-r01,S1-100,request-090,d4745ce8b0076d85ef4bad6643512dad50425d8f61a49108664596ff785caf3e,3b5bb4ef4c4e,2026-09-01T15:46:41.185754212Z,2026-09-01T15:47:15.910922595Z,31391.821962,200,fa5bbaa12602c6803fc911cd560f3cd567585f7b4703499b433ac2343ab380c5,,false,miss
calibration-20260902-f,S1-100-r01,S1-100,request-091,d4745ce8b0076d85ef4bad6643512dad50425d8f61a49108664596ff785caf3e,3b5bb4ef4c4e,2026-09-01T15:46:41.185731445Z,2026-09-01T15:47:02.376586631Z,17857.508760,200,fa5bbaa12602c6803fc911cd560f3cd567585f7b4703499b433ac2343ab380c5,,false,miss
calibration-20260902-f,S1-100-r01,S1-100,request-092,d4745ce8b0076d85ef4bad6643512dad50425d8f61a49108664596ff785caf3e,3b5bb4ef4c4e,2026-09-01T15:46:41.185711325Z,2026-09-01T15:47:13.17987956Z,28660.821813,200,fa5bbaa12602c6803fc911cd560f3cd567585f7b4703499b433ac2343ab380c5,,false,miss
calibration-20260902-f,S1-100-r01,S1-100,request-093,d4745ce8b0076d85ef4bad6643512dad50425d8f61a49108664596ff785caf3e,3b5bb4ef4c4e,2026-09-01T15:46:41.185685799Z,2026-09-01T15:47:14.480651774Z,29961.619555,200,fa5bbaa12602c6803fc911cd560f3cd567585f7b4703499b433ac2343ab380c5,,false,miss
calibration-20260902-f,S1-100-r01,S1-100,request-094,d4745ce8b0076d85ef4bad6643512dad50425d8f61a49108664596ff785caf3e,3b5bb4ef4c4e,2026-09-01T15:46:41.185563942Z,2026-09-01T15:47:04.378136897Z,19859.226533,200,fa5bbaa12602c6803fc911cd560f3cd567585f7b4703499b433ac2343ab380c5,,false,miss
calibration-20260902-f,S1-100-r01,S1-100,request-095,d4745ce8b0076d85ef4bad6643512dad50425d8f61a49108664596ff785caf3e,3b5bb4ef4c4e,2026-09-01T15:46:41.185543306Z,2026-09-01T15:47:03.167501012Z,18648.611281,200,fa5bbaa12602c6803fc911cd560f3cd567585f7b4703499b433ac2343ab380c5,,false,miss
calibration-20260902-f,S1-100-r01,S1-100,request-096,d4745ce8b0076d85ef4bad6643512dad50425d8f61a49108664596ff785caf3e,3b5bb4ef4c4e,2026-09-01T15:46:41.185509955Z,2026-09-01T15:47:02.686498193Z,18167.641814,200,fa5bbaa12602c6803fc911cd560f3cd567585f7b4703499b433ac2343ab380c5,,false,miss
calibration-20260902-f,S1-100-r01,S1-100,request-097,d4745ce8b0076d85ef4bad6643512dad50425d8f61a49108664596ff785caf3e,3b5bb4ef4c4e,2026-09-01T15:46:41.185484355Z,2026-09-01T15:47:01.967890307Z,17449.059528,200,fa5bbaa12602c6803fc911cd560f3cd567585f7b4703499b433ac2343ab380c5,,false,miss
calibration-20260902-f,S1-100-r01,S1-100,request-098,d4745ce8b0076d85ef4bad6643512dad50425d8f61a49108664596ff785caf3e,3b5bb4ef4c4e,2026-09-01T15:46:41.185456346Z,2026-09-01T15:47:01.464257807Z,16945.455039,200,fa5bbaa12602c6803fc911cd560f3cd567585f7b4703499b433ac2343ab380c5,,false,miss
calibration-20260902-f,S1-100-r01,S1-100,request-099,d4745ce8b0076d85ef4bad6643512dad50425d8f61a49108664596ff785caf3e,3b5bb4ef4c4e,2026-09-01T15:46:41.185319385Z,2026-09-01T15:47:01.170058115Z,16651.392303,200,fa5bbaa12602c6803fc911cd560f3cd567585f7b4703499b433ac2343ab380c5,,false,miss
calibration-20260902-f,S1-100-r01,S1-100,request-100,d4745ce8b0076d85ef4bad6643512dad50425d8f61a49108664596ff785caf3e,3b5bb4ef4c4e,2026-09-01T15:46:41.185919207Z,2026-09-01T15:47:09.570811427Z,25051.545797,200,fa5bbaa12602c6803fc911cd560f3cd567585f7b4703499b433ac2343ab380c5,,false,miss
calibration-20260902-f,S0-r02,S0,request-001,d4745ce8b0076d85ef4bad6643512dad50425d8f61a49108664596ff785caf3e,3b5bb4ef4c4e,2026-09-01T15:47:16.270202608Z,2026-09-01T15:47:16.583551985Z,313.349378,200,fa5bbaa12602c6803fc911cd560f3cd567585f7b4703499b433ac2343ab380c5,,false,miss
calibration-20260902-f,S1-10-r02,S1-10,request-001,d4745ce8b0076d85ef4bad6643512dad50425d8f61a49108664596ff785caf3e,3b5bb4ef4c4e,2026-09-01T15:47:16.890048866Z,2026-09-01T15:47:19.476753501Z,2586.704644,200,fa5bbaa12602c6803fc911cd560f3cd567585f7b4703499b433ac2343ab380c5,,false,miss
calibration-20260902-f,S1-10-r02,S1-10,request-002,d4745ce8b0076d85ef4bad6643512dad50425d8f61a49108664596ff785caf3e,3b5bb4ef4c4e,2026-09-01T15:47:16.889968171Z,2026-09-01T15:47:19.387767046Z,2497.798880,200,fa5bbaa12602c6803fc911cd560f3cd567585f7b4703499b433ac2343ab380c5,,false,miss
calibration-20260902-f,S1-10-r02,S1-10,request-003,d4745ce8b0076d85ef4bad6643512dad50425d8f61a49108664596ff785caf3e,3b5bb4ef4c4e,2026-09-01T15:47:16.889962217Z,2026-09-01T15:47:20.064856811Z,3174.894596,200,fa5bbaa12602c6803fc911cd560f3cd567585f7b4703499b433ac2343ab380c5,,false,miss
calibration-20260902-f,S1-10-r02,S1-10,request-004,d4745ce8b0076d85ef4bad6643512dad50425d8f61a49108664596ff785caf3e,3b5bb4ef4c4e,2026-09-01T15:47:16.889919017Z,2026-09-01T15:47:18.176260947Z,1286.341930,200,fa5bbaa12602c6803fc911cd560f3cd567585f7b4703499b433ac2343ab380c5,,false,miss
calibration-20260902-f,S1-10-r02,S1-10,request-005,d4745ce8b0076d85ef4bad6643512dad50425d8f61a49108664596ff785caf3e,3b5bb4ef4c4e,2026-09-01T15:47:16.89006798Z,2026-09-01T15:47:19.365739152Z,2475.671177,200,fa5bbaa12602c6803fc911cd560f3cd567585f7b4703499b433ac2343ab380c5,,false,miss
calibration-20260902-f,S1-10-r02,S1-10,request-006,d4745ce8b0076d85ef4bad6643512dad50425d8f61a49108664596ff785caf3e,3b5bb4ef4c4e,2026-09-01T15:47:16.890048029Z,2026-09-01T15:47:18.171677118Z,1281.629091,200,fa5bbaa12602c6803fc911cd560f3cd567585f7b4703499b433ac2343ab380c5,,false,miss
calibration-20260902-f,S1-10-r02,S1-10,request-007,d4745ce8b0076d85ef4bad6643512dad50425d8f61a49108664596ff785caf3e,3b5bb4ef4c4e,2026-09-01T15:47:16.889982283Z,2026-09-01T15:47:19.463478365Z,2573.496085,200,fa5bbaa12602c6803fc911cd560f3cd567585f7b4703499b433ac2343ab380c5,,false,miss
calibration-20260902-f,S1-10-r02,S1-10,request-008,d4745ce8b0076d85ef4bad6643512dad50425d8f61a49108664596ff785caf3e,3b5bb4ef4c4e,2026-09-01T15:47:16.889926076Z,2026-09-01T15:47:18.172550671Z,1282.624599,200,fa5bbaa12602c6803fc911cd560f3cd567585f7b4703499b433ac2343ab380c5,,false,miss
calibration-20260902-f,S1-10-r02,S1-10,request-009,d4745ce8b0076d85ef4bad6643512dad50425d8f61a49108664596ff785caf3e,3b5bb4ef4c4e,2026-09-01T15:47:16.890069298Z,2026-09-01T15:47:20.004635115Z,3114.565821,200,fa5bbaa12602c6803fc911cd560f3cd567585f7b4703499b433ac2343ab380c5,,false,miss
calibration-20260902-f,S1-10-r02,S1-10,request-010,d4745ce8b0076d85ef4bad6643512dad50425d8f61a49108664596ff785caf3e,3b5bb4ef4c4e,2026-09-01T15:47:16.890094643Z,2026-09-01T15:47:18.263131215Z,1373.036578,200,fa5bbaa12602c6803fc911cd560f3cd567585f7b4703499b433ac2343ab380c5,,false,miss
calibration-20260902-f,S2-10-r02,S2-10,request-001,d4745ce8b0076d85ef4bad6643512dad50425d8f61a49108664596ff785caf3e,3b5bb4ef4c4e,2026-09-01T15:47:20.410735714Z,2026-09-01T15:47:20.72944222Z,318.706510,200,fa5bbaa12602c6803fc911cd560f3cd567585f7b4703499b433ac2343ab380c5,,true,miss
calibration-20260902-f,S2-10-r02,S2-10,request-002,d4745ce8b0076d85ef4bad6643512dad50425d8f61a49108664596ff785caf3e,3b5bb4ef4c4e,2026-09-01T15:47:20.410818763Z,2026-09-01T15:47:20.729379052Z,318.560297,200,fa5bbaa12602c6803fc911cd560f3cd567585f7b4703499b433ac2343ab380c5,,true,miss
calibration-20260902-f,S2-10-r02,S2-10,request-003,d4745ce8b0076d85ef4bad6643512dad50425d8f61a49108664596ff785caf3e,3b5bb4ef4c4e,2026-09-01T15:47:20.410797367Z,2026-09-01T15:47:20.729483639Z,318.686274,200,fa5bbaa12602c6803fc911cd560f3cd567585f7b4703499b433ac2343ab380c5,,true,miss
calibration-20260902-f,S2-10-r02,S2-10,request-004,d4745ce8b0076d85ef4bad6643512dad50425d8f61a49108664596ff785caf3e,3b5bb4ef4c4e,2026-09-01T15:47:20.410779978Z,2026-09-01T15:47:20.729569144Z,318.789170,200,fa5bbaa12602c6803fc911cd560f3cd567585f7b4703499b433ac2343ab380c5,,true,miss
calibration-20260902-f,S2-10-r02,S2-10,request-005,d4745ce8b0076d85ef4bad6643512dad50425d8f61a49108664596ff785caf3e,3b5bb4ef4c4e,2026-09-01T15:47:20.410755408Z,2026-09-01T15:47:20.729434669Z,318.679263,200,fa5bbaa12602c6803fc911cd560f3cd567585f7b4703499b433ac2343ab380c5,,true,miss
calibration-20260902-f,S2-10-r02,S2-10,request-006,d4745ce8b0076d85ef4bad6643512dad50425d8f61a49108664596ff785caf3e,3b5bb4ef4c4e,2026-09-01T15:47:20.410891468Z,2026-09-01T15:47:20.729380098Z,318.488627,200,fa5bbaa12602c6803fc911cd560f3cd567585f7b4703499b433ac2343ab380c5,,false,miss
calibration-20260902-f,S2-10-r02,S2-10,request-007,d4745ce8b0076d85ef4bad6643512dad50425d8f61a49108664596ff785caf3e,3b5bb4ef4c4e,2026-09-01T15:47:20.410843741Z,2026-09-01T15:47:20.729546292Z,318.702559,200,fa5bbaa12602c6803fc911cd560f3cd567585f7b4703499b433ac2343ab380c5,,true,miss
calibration-20260902-f,S2-10-r02,S2-10,request-008,d4745ce8b0076d85ef4bad6643512dad50425d8f61a49108664596ff785caf3e,3b5bb4ef4c4e,2026-09-01T15:47:20.410821844Z,2026-09-01T15:47:20.729497435Z,318.675593,200,fa5bbaa12602c6803fc911cd560f3cd567585f7b4703499b433ac2343ab380c5,,true,miss
calibration-20260902-f,S2-10-r02,S2-10,request-009,d4745ce8b0076d85ef4bad6643512dad50425d8f61a49108664596ff785caf3e,3b5bb4ef4c4e,2026-09-01T15:47:20.410796477Z,2026-09-01T15:47:20.729312826Z,318.516351,200,fa5bbaa12602c6803fc911cd560f3cd567585f7b4703499b433ac2343ab380c5,,true,miss
calibration-20260902-f,S2-10-r02,S2-10,request-010,d4745ce8b0076d85ef4bad6643512dad50425d8f61a49108664596ff785caf3e,3b5bb4ef4c4e,2026-09-01T15:47:20.410638383Z,2026-09-01T15:47:20.72930906Z,318.670679,200,fa5bbaa12602c6803fc911cd560f3cd567585f7b4703499b433ac2343ab380c5,,true,miss
calibration-20260902-f,S2-50-r02,S2-50,request-001,d4745ce8b0076d85ef4bad6643512dad50425d8f61a49108664596ff785caf3e,3b5bb4ef4c4e,2026-09-01T15:47:20.973574201Z,2026-09-01T15:47:21.310944176Z,337.369977,200,fa5bbaa12602c6803fc911cd560f3cd567585f7b4703499b433ac2343ab380c5,,true,miss
calibration-20260902-f,S2-50-r02,S2-50,request-002,d4745ce8b0076d85ef4bad6643512dad50425d8f61a49108664596ff785caf3e,3b5bb4ef4c4e,2026-09-01T15:47:20.973595963Z,2026-09-01T15:47:21.309978915Z,336.382956,200,fa5bbaa12602c6803fc911cd560f3cd567585f7b4703499b433ac2343ab380c5,,true,miss
calibration-20260902-f,S2-50-r02,S2-50,request-003,d4745ce8b0076d85ef4bad6643512dad50425d8f61a49108664596ff785caf3e,3b5bb4ef4c4e,2026-09-01T15:47:20.973547488Z,2026-09-01T15:47:21.30936911Z,335.821618,200,fa5bbaa12602c6803fc911cd560f3cd567585f7b4703499b433ac2343ab380c5,,true,miss
calibration-20260902-f,S2-50-r02,S2-50,request-004,d4745ce8b0076d85ef4bad6643512dad50425d8f61a49108664596ff785caf3e,3b5bb4ef4c4e,2026-09-01T15:47:20.973404649Z,2026-09-01T15:47:21.310162584Z,336.757937,200,fa5bbaa12602c6803fc911cd560f3cd567585f7b4703499b433ac2343ab380c5,,true,miss
calibration-20260902-f,S2-50-r02,S2-50,request-005,d4745ce8b0076d85ef4bad6643512dad50425d8f61a49108664596ff785caf3e,3b5bb4ef4c4e,2026-09-01T15:47:20.973977484Z,2026-09-01T15:47:21.309907972Z,335.930490,200,fa5bbaa12602c6803fc911cd560f3cd567585f7b4703499b433ac2343ab380c5,,true,miss
calibration-20260902-f,S2-50-r02,S2-50,request-006,d4745ce8b0076d85ef4bad6643512dad50425d8f61a49108664596ff785caf3e,3b5bb4ef4c4e,2026-09-01T15:47:20.973957066Z,2026-09-01T15:47:21.309567321Z,335.610260,200,fa5bbaa12602c6803fc911cd560f3cd567585f7b4703499b433ac2343ab380c5,,true,miss
calibration-20260902-f,S2-50-r02,S2-50,request-007,d4745ce8b0076d85ef4bad6643512dad50425d8f61a49108664596ff785caf3e,3b5bb4ef4c4e,2026-09-01T15:47:20.973934941Z,2026-09-01T15:47:21.310721929Z,336.786989,200,fa5bbaa12602c6803fc911cd560f3cd567585f7b4703499b433ac2343ab380c5,,true,miss
calibration-20260902-f,S2-50-r02,S2-50,request-008,d4745ce8b0076d85ef4bad6643512dad50425d8f61a49108664596ff785caf3e,3b5bb4ef4c4e,2026-09-01T15:47:20.973893985Z,2026-09-01T15:47:21.311773252Z,337.879273,200,fa5bbaa12602c6803fc911cd560f3cd567585f7b4703499b433ac2343ab380c5,,true,miss
calibration-20260902-f,S2-50-r02,S2-50,request-009,d4745ce8b0076d85ef4bad6643512dad50425d8f61a49108664596ff785caf3e,3b5bb4ef4c4e,2026-09-01T15:47:20.973874814Z,2026-09-01T15:47:21.30970258Z,335.827768,200,fa5bbaa12602c6803fc911cd560f3cd567585f7b4703499b433ac2343ab380c5,,true,miss
calibration-20260902-f,S2-50-r02,S2-50,request-010,d4745ce8b0076d85ef4bad6643512dad50425d8f61a49108664596ff785caf3e,3b5bb4ef4c4e,2026-09-01T15:47:20.973856489Z,2026-09-01T15:47:21.31185816Z,338.001679,200,fa5bbaa12602c6803fc911cd560f3cd567585f7b4703499b433ac2343ab380c5,,true,miss
calibration-20260902-f,S2-50-r02,S2-50,request-011,d4745ce8b0076d85ef4bad6643512dad50425d8f61a49108664596ff785caf3e,3b5bb4ef4c4e,2026-09-01T15:47:20.973833858Z,2026-09-01T15:47:21.309765835Z,335.931978,200,fa5bbaa12602c6803fc911cd560f3cd567585f7b4703499b433ac2343ab380c5,,true,miss
calibration-20260902-f,S2-50-r02,S2-50,request-012,d4745ce8b0076d85ef4bad6643512dad50425d8f61a49108664596ff785caf3e,3b5bb4ef4c4e,2026-09-01T15:47:20.973804667Z,2026-09-01T15:47:21.31184292Z,338.038262,200,fa5bbaa12602c6803fc911cd560f3cd567585f7b4703499b433ac2343ab380c5,,true,miss
calibration-20260902-f,S2-50-r02,S2-50,request-013,d4745ce8b0076d85ef4bad6643512dad50425d8f61a49108664596ff785caf3e,3b5bb4ef4c4e,2026-09-01T15:47:20.973780383Z,2026-09-01T15:47:21.310049094Z,336.268710,200,fa5bbaa12602c6803fc911cd560f3cd567585f7b4703499b433ac2343ab380c5,,true,miss
calibration-20260902-f,S2-50-r02,S2-50,request-014,d4745ce8b0076d85ef4bad6643512dad50425d8f61a49108664596ff785caf3e,3b5bb4ef4c4e,2026-09-01T15:47:20.973759699Z,2026-09-01T15:47:21.309483028Z,335.723336,200,fa5bbaa12602c6803fc911cd560f3cd567585f7b4703499b433ac2343ab380c5,,true,miss
calibration-20260902-f,S2-50-r02,S2-50,request-015,d4745ce8b0076d85ef4bad6643512dad50425d8f61a49108664596ff785caf3e,3b5bb4ef4c4e,2026-09-01T15:47:20.973736473Z,2026-09-01T15:47:21.310869889Z,337.133420,200,fa5bbaa12602c6803fc911cd560f3cd567585f7b4703499b433ac2343ab380c5,,true,miss
calibration-20260902-f,S2-50-r02,S2-50,request-016,d4745ce8b0076d85ef4bad6643512dad50425d8f61a49108664596ff785caf3e,3b5bb4ef4c4e,2026-09-01T15:47:20.973717357Z,2026-09-01T15:47:21.310031936Z,336.314586,200,fa5bbaa12602c6803fc911cd560f3cd567585f7b4703499b433ac2343ab380c5,,true,miss
calibration-20260902-f,S2-50-r02,S2-50,request-017,d4745ce8b0076d85ef4bad6643512dad50425d8f61a49108664596ff785caf3e,3b5bb4ef4c4e,2026-09-01T15:47:20.973697744Z,2026-09-01T15:47:21.309600095Z,335.902357,200,fa5bbaa12602c6803fc911cd560f3cd567585f7b4703499b433ac2343ab380c5,,true,miss
calibration-20260902-f,S2-50-r02,S2-50,request-018,d4745ce8b0076d85ef4bad6643512dad50425d8f61a49108664596ff785caf3e,3b5bb4ef4c4e,2026-09-01T15:47:20.973677762Z,2026-09-01T15:47:21.311801587Z,338.123832,200,fa5bbaa12602c6803fc911cd560f3cd567585f7b4703499b433ac2343ab380c5,,true,miss
calibration-20260902-f,S2-50-r02,S2-50,request-019,d4745ce8b0076d85ef4bad6643512dad50425d8f61a49108664596ff785caf3e,3b5bb4ef4c4e,2026-09-01T15:47:20.973656009Z,2026-09-01T15:47:21.311919642Z,338.263640,200,fa5bbaa12602c6803fc911cd560f3cd567585f7b4703499b433ac2343ab380c5,,true,miss
calibration-20260902-f,S2-50-r02,S2-50,request-020,d4745ce8b0076d85ef4bad6643512dad50425d8f61a49108664596ff785caf3e,3b5bb4ef4c4e,2026-09-01T15:47:20.973632465Z,2026-09-01T15:47:21.310905626Z,337.273168,200,fa5bbaa12602c6803fc911cd560f3cd567585f7b4703499b433ac2343ab380c5,,true,miss
calibration-20260902-f,S2-50-r02,S2-50,request-021,d4745ce8b0076d85ef4bad6643512dad50425d8f61a49108664596ff785caf3e,3b5bb4ef4c4e,2026-09-01T15:47:20.973620052Z,2026-09-01T15:47:21.310806337Z,337.186286,200,fa5bbaa12602c6803fc911cd560f3cd567585f7b4703499b433ac2343ab380c5,,true,miss
calibration-20260902-f,S2-50-r02,S2-50,request-022,d4745ce8b0076d85ef4bad6643512dad50425d8f61a49108664596ff785caf3e,3b5bb4ef4c4e,2026-09-01T15:47:20.973603213Z,2026-09-01T15:47:21.310308219Z,336.705011,200,fa5bbaa12602c6803fc911cd560f3cd567585f7b4703499b433ac2343ab380c5,,true,miss
calibration-20260902-f,S2-50-r02,S2-50,request-023,d4745ce8b0076d85ef4bad6643512dad50425d8f61a49108664596ff785caf3e,3b5bb4ef4c4e,2026-09-01T15:47:20.973586778Z,2026-09-01T15:47:21.311033597Z,337.446823,200,fa5bbaa12602c6803fc911cd560f3cd567585f7b4703499b433ac2343ab380c5,,true,miss
calibration-20260902-f,S2-50-r02,S2-50,request-024,d4745ce8b0076d85ef4bad6643512dad50425d8f61a49108664596ff785caf3e,3b5bb4ef4c4e,2026-09-01T15:47:20.9735695Z,2026-09-01T15:47:21.309426387Z,335.856895,200,fa5bbaa12602c6803fc911cd560f3cd567585f7b4703499b433ac2343ab380c5,,true,miss
calibration-20260902-f,S2-50-r02,S2-50,request-025,d4745ce8b0076d85ef4bad6643512dad50425d8f61a49108664596ff785caf3e,3b5bb4ef4c4e,2026-09-01T15:47:20.973547577Z,2026-09-01T15:47:21.309734974Z,336.187401,200,fa5bbaa12602c6803fc911cd560f3cd567585f7b4703499b433ac2343ab380c5,,true,miss
calibration-20260902-f,S2-50-r02,S2-50,request-026,d4745ce8b0076d85ef4bad6643512dad50425d8f61a49108664596ff785caf3e,3b5bb4ef4c4e,2026-09-01T15:47:20.973475757Z,2026-09-01T15:47:21.309618475Z,336.142719,200,fa5bbaa12602c6803fc911cd560f3cd567585f7b4703499b433ac2343ab380c5,,true,miss
calibration-20260902-f,S2-50-r02,S2-50,request-027,d4745ce8b0076d85ef4bad6643512dad50425d8f61a49108664596ff785caf3e,3b5bb4ef4c4e,2026-09-01T15:47:20.973466275Z,2026-09-01T15:47:21.311596785Z,338.130517,200,fa5bbaa12602c6803fc911cd560f3cd567585f7b4703499b433ac2343ab380c5,,true,miss
calibration-20260902-f,S2-50-r02,S2-50,request-028,d4745ce8b0076d85ef4bad6643512dad50425d8f61a49108664596ff785caf3e,3b5bb4ef4c4e,2026-09-01T15:47:20.973412885Z,2026-09-01T15:47:21.308308693Z,334.895809,200,fa5bbaa12602c6803fc911cd560f3cd567585f7b4703499b433ac2343ab380c5,,false,miss
calibration-20260902-f,S2-50-r02,S2-50,request-029,d4745ce8b0076d85ef4bad6643512dad50425d8f61a49108664596ff785caf3e,3b5bb4ef4c4e,2026-09-01T15:47:20.974084155Z,2026-09-01T15:47:21.309884833Z,335.800680,200,fa5bbaa12602c6803fc911cd560f3cd567585f7b4703499b433ac2343ab380c5,,true,miss
calibration-20260902-f,S2-50-r02,S2-50,request-030,d4745ce8b0076d85ef4bad6643512dad50425d8f61a49108664596ff785caf3e,3b5bb4ef4c4e,2026-09-01T15:47:20.974068476Z,2026-09-01T15:47:21.309649558Z,335.581090,200,fa5bbaa12602c6803fc911cd560f3cd567585f7b4703499b433ac2343ab380c5,,true,miss
calibration-20260902-f,S2-50-r02,S2-50,request-031,d4745ce8b0076d85ef4bad6643512dad50425d8f61a49108664596ff785caf3e,3b5bb4ef4c4e,2026-09-01T15:47:20.97405174Z,2026-09-01T15:47:21.30942831Z,335.376577,200,fa5bbaa12602c6803fc911cd560f3cd567585f7b4703499b433ac2343ab380c5,,true,miss
calibration-20260902-f,S2-50-r02,S2-50,request-032,d4745ce8b0076d85ef4bad6643512dad50425d8f61a49108664596ff785caf3e,3b5bb4ef4c4e,2026-09-01T15:47:20.974001628Z,2026-09-01T15:47:21.31102699Z,337.025368,200,fa5bbaa12602c6803fc911cd560f3cd567585f7b4703499b433ac2343ab380c5,,true,miss
calibration-20260902-f,S2-50-r02,S2-50,request-033,d4745ce8b0076d85ef4bad6643512dad50425d8f61a49108664596ff785caf3e,3b5bb4ef4c4e,2026-09-01T15:47:20.973982968Z,2026-09-01T15:47:21.310681549Z,336.698586,200,fa5bbaa12602c6803fc911cd560f3cd567585f7b4703499b433ac2343ab380c5,,true,miss
calibration-20260902-f,S2-50-r02,S2-50,request-034,d4745ce8b0076d85ef4bad6643512dad50425d8f61a49108664596ff785caf3e,3b5bb4ef4c4e,2026-09-01T15:47:20.973964979Z,2026-09-01T15:47:21.30978856Z,335.823588,200,fa5bbaa12602c6803fc911cd560f3cd567585f7b4703499b433ac2343ab380c5,,true,miss
calibration-20260902-f,S2-50-r02,S2-50,request-035,d4745ce8b0076d85ef4bad6643512dad50425d8f61a49108664596ff785caf3e,3b5bb4ef4c4e,2026-09-01T15:47:20.973948429Z,2026-09-01T15:47:21.308526252Z,334.577824,200,fa5bbaa12602c6803fc911cd560f3cd567585f7b4703499b433ac2343ab380c5,,true,miss
calibration-20260902-f,S2-50-r02,S2-50,request-036,d4745ce8b0076d85ef4bad6643512dad50425d8f61a49108664596ff785caf3e,3b5bb4ef4c4e,2026-09-01T15:47:20.973900644Z,2026-09-01T15:47:21.311746852Z,337.846215,200,fa5bbaa12602c6803fc911cd560f3cd567585f7b4703499b433ac2343ab380c5,,true,miss
calibration-20260902-f,S2-50-r02,S2-50,request-037,d4745ce8b0076d85ef4bad6643512dad50425d8f61a49108664596ff785caf3e,3b5bb4ef4c4e,2026-09-01T15:47:20.973884913Z,2026-09-01T15:47:21.309956456Z,336.071545,200,fa5bbaa12602c6803fc911cd560f3cd567585f7b4703499b433ac2343ab380c5,,true,miss
calibration-20260902-f,S2-50-r02,S2-50,request-038,d4745ce8b0076d85ef4bad6643512dad50425d8f61a49108664596ff785caf3e,3b5bb4ef4c4e,2026-09-01T15:47:20.973866009Z,2026-09-01T15:47:21.309480389Z,335.614387,200,fa5bbaa12602c6803fc911cd560f3cd567585f7b4703499b433ac2343ab380c5,,true,miss
calibration-20260902-f,S2-50-r02,S2-50,request-039,d4745ce8b0076d85ef4bad6643512dad50425d8f61a49108664596ff785caf3e,3b5bb4ef4c4e,2026-09-01T15:47:20.973842102Z,2026-09-01T15:47:21.311199285Z,337.357191,200,fa5bbaa12602c6803fc911cd560f3cd567585f7b4703499b433ac2343ab380c5,,true,miss
calibration-20260902-f,S2-50-r02,S2-50,request-040,d4745ce8b0076d85ef4bad6643512dad50425d8f61a49108664596ff785caf3e,3b5bb4ef4c4e,2026-09-01T15:47:20.973808854Z,2026-09-01T15:47:21.30954526Z,335.736412,200,fa5bbaa12602c6803fc911cd560f3cd567585f7b4703499b433ac2343ab380c5,,true,miss
calibration-20260902-f,S2-50-r02,S2-50,request-041,d4745ce8b0076d85ef4bad6643512dad50425d8f61a49108664596ff785caf3e,3b5bb4ef4c4e,2026-09-01T15:47:20.973785483Z,2026-09-01T15:47:21.310856061Z,337.070585,200,fa5bbaa12602c6803fc911cd560f3cd567585f7b4703499b433ac2343ab380c5,,true,miss
calibration-20260902-f,S2-50-r02,S2-50,request-042,d4745ce8b0076d85ef4bad6643512dad50425d8f61a49108664596ff785caf3e,3b5bb4ef4c4e,2026-09-01T15:47:20.973762946Z,2026-09-01T15:47:21.309667448Z,335.904508,200,fa5bbaa12602c6803fc911cd560f3cd567585f7b4703499b433ac2343ab380c5,,true,miss
calibration-20260902-f,S2-50-r02,S2-50,request-043,d4745ce8b0076d85ef4bad6643512dad50425d8f61a49108664596ff785caf3e,3b5bb4ef4c4e,2026-09-01T15:47:20.973741799Z,2026-09-01T15:47:21.309365137Z,335.623345,200,fa5bbaa12602c6803fc911cd560f3cd567585f7b4703499b433ac2343ab380c5,,true,miss
calibration-20260902-f,S2-50-r02,S2-50,request-044,d4745ce8b0076d85ef4bad6643512dad50425d8f61a49108664596ff785caf3e,3b5bb4ef4c4e,2026-09-01T15:47:20.973722732Z,2026-09-01T15:47:21.311993482Z,338.270757,200,fa5bbaa12602c6803fc911cd560f3cd567585f7b4703499b433ac2343ab380c5,,true,miss
calibration-20260902-f,S2-50-r02,S2-50,request-045,d4745ce8b0076d85ef4bad6643512dad50425d8f61a49108664596ff785caf3e,3b5bb4ef4c4e,2026-09-01T15:47:20.973706145Z,2026-09-01T15:47:21.309818097Z,336.111956,200,fa5bbaa12602c6803fc911cd560f3cd567585f7b4703499b433ac2343ab380c5,,true,miss
calibration-20260902-f,S2-50-r02,S2-50,request-046,d4745ce8b0076d85ef4bad6643512dad50425d8f61a49108664596ff785caf3e,3b5bb4ef4c4e,2026-09-01T15:47:20.973684772Z,2026-09-01T15:47:21.312006016Z,338.321251,200,fa5bbaa12602c6803fc911cd560f3cd567585f7b4703499b433ac2343ab380c5,,true,miss
calibration-20260902-f,S2-50-r02,S2-50,request-047,d4745ce8b0076d85ef4bad6643512dad50425d8f61a49108664596ff785caf3e,3b5bb4ef4c4e,2026-09-01T15:47:20.973667525Z,2026-09-01T15:47:21.310801471Z,337.133955,200,fa5bbaa12602c6803fc911cd560f3cd567585f7b4703499b433ac2343ab380c5,,true,miss
calibration-20260902-f,S2-50-r02,S2-50,request-048,d4745ce8b0076d85ef4bad6643512dad50425d8f61a49108664596ff785caf3e,3b5bb4ef4c4e,2026-09-01T15:47:20.973650387Z,2026-09-01T15:47:21.311325432Z,337.675055,200,fa5bbaa12602c6803fc911cd560f3cd567585f7b4703499b433ac2343ab380c5,,true,miss
calibration-20260902-f,S2-50-r02,S2-50,request-049,d4745ce8b0076d85ef4bad6643512dad50425d8f61a49108664596ff785caf3e,3b5bb4ef4c4e,2026-09-01T15:47:20.973620542Z,2026-09-01T15:47:21.309839371Z,336.218829,200,fa5bbaa12602c6803fc911cd560f3cd567585f7b4703499b433ac2343ab380c5,,true,miss
calibration-20260902-f,S2-50-r02,S2-50,request-050,d4745ce8b0076d85ef4bad6643512dad50425d8f61a49108664596ff785caf3e,3b5bb4ef4c4e,2026-09-01T15:47:20.973996145Z,2026-09-01T15:47:21.311950951Z,337.954813,200,fa5bbaa12602c6803fc911cd560f3cd567585f7b4703499b433ac2343ab380c5,,true,miss
calibration-20260902-f,S1-50-r02,S1-50,request-001,d4745ce8b0076d85ef4bad6643512dad50425d8f61a49108664596ff785caf3e,3b5bb4ef4c4e,2026-09-01T15:47:21.540721826Z,2026-09-01T15:47:37.736847676Z,12838.394233,200,fa5bbaa12602c6803fc911cd560f3cd567585f7b4703499b433ac2343ab380c5,,false,miss
calibration-20260902-f,S1-50-r02,S1-50,request-002,d4745ce8b0076d85ef4bad6643512dad50425d8f61a49108664596ff785caf3e,3b5bb4ef4c4e,2026-09-01T15:47:21.540748191Z,2026-09-01T15:47:22.77817517Z,1237.426988,200,fa5bbaa12602c6803fc911cd560f3cd567585f7b4703499b433ac2343ab380c5,,false,miss
calibration-20260902-f,S1-50-r02,S1-50,request-003,d4745ce8b0076d85ef4bad6643512dad50425d8f61a49108664596ff785caf3e,3b5bb4ef4c4e,2026-09-01T15:47:21.540641406Z,2026-09-01T15:47:38.230904007Z,13332.530980,200,fa5bbaa12602c6803fc911cd560f3cd567585f7b4703499b433ac2343ab380c5,,false,miss
calibration-20260902-f,S1-50-r02,S1-50,request-004,d4745ce8b0076d85ef4bad6643512dad50425d8f61a49108664596ff785caf3e,3b5bb4ef4c4e,2026-09-01T15:47:21.540600478Z,2026-09-01T15:47:22.879387471Z,1338.786987,200,fa5bbaa12602c6803fc911cd560f3cd567585f7b4703499b433ac2343ab380c5,,false,miss
calibration-20260902-f,S1-50-r02,S1-50,request-005,d4745ce8b0076d85ef4bad6643512dad50425d8f61a49108664596ff785caf3e,3b5bb4ef4c4e,2026-09-01T15:47:21.541226821Z,2026-09-01T15:47:29.085303252Z,7544.076433,200,fa5bbaa12602c6803fc911cd560f3cd567585f7b4703499b433ac2343ab380c5,,false,miss
calibration-20260902-f,S1-50-r02,S1-50,request-006,d4745ce8b0076d85ef4bad6643512dad50425d8f61a49108664596ff785caf3e,3b5bb4ef4c4e,2026-09-01T15:47:21.541210939Z,2026-09-01T15:47:40.3473615Z,15448.418934,200,fa5bbaa12602c6803fc911cd560f3cd567585f7b4703499b433ac2343ab380c5,,false,miss
calibration-20260902-f,S1-50-r02,S1-50,request-007,d4745ce8b0076d85ef4bad6643512dad50425d8f61a49108664596ff785caf3e,3b5bb4ef4c4e,2026-09-01T15:47:21.541193941Z,2026-09-01T15:47:39.734281074Z,14835.355507,200,fa5bbaa12602c6803fc911cd560f3cd567585f7b4703499b433ac2343ab380c5,,false,miss
calibration-20260902-f,S1-50-r02,S1-50,request-008,d4745ce8b0076d85ef4bad6643512dad50425d8f61a49108664596ff785caf3e,3b5bb4ef4c4e,2026-09-01T15:47:21.541176354Z,2026-09-01T15:47:26.876961897Z,5335.785543,200,fa5bbaa12602c6803fc911cd560f3cd567585f7b4703499b433ac2343ab380c5,,false,miss
calibration-20260902-f,S1-50-r02,S1-50,request-009,d4745ce8b0076d85ef4bad6643512dad50425d8f61a49108664596ff785caf3e,3b5bb4ef4c4e,2026-09-01T15:47:21.541146404Z,2026-09-01T15:47:27.570474458Z,6029.328059,200,fa5bbaa12602c6803fc911cd560f3cd567585f7b4703499b433ac2343ab380c5,,false,miss
calibration-20260902-f,S1-50-r02,S1-50,request-010,d4745ce8b0076d85ef4bad6643512dad50425d8f61a49108664596ff785caf3e,3b5bb4ef4c4e,2026-09-01T15:47:21.541088813Z,2026-09-01T15:47:26.776873107Z,5235.784302,200,fa5bbaa12602c6803fc911cd560f3cd567585f7b4703499b433ac2343ab380c5,,false,miss
calibration-20260902-f,S1-50-r02,S1-50,request-011,d4745ce8b0076d85ef4bad6643512dad50425d8f61a49108664596ff785caf3e,3b5bb4ef4c4e,2026-09-01T15:47:21.541067207Z,2026-09-01T15:47:38.528733656Z,13629.934831,200,fa5bbaa12602c6803fc911cd560f3cd567585f7b4703499b433ac2343ab380c5,,false,miss
calibration-20260902-f,S1-50-r02,S1-50,request-012,d4745ce8b0076d85ef4bad6643512dad50425d8f61a49108664596ff785caf3e,3b5bb4ef4c4e,2026-09-01T15:47:21.541046877Z,2026-09-01T15:47:36.930963508Z,12032.185013,200,fa5bbaa12602c6803fc911cd560f3cd567585f7b4703499b433ac2343ab380c5,,false,miss
calibration-20260902-f,S1-50-r02,S1-50,request-013,d4745ce8b0076d85ef4bad6643512dad50425d8f61a49108664596ff785caf3e,3b5bb4ef4c4e,2026-09-01T15:47:21.541026467Z,2026-09-01T15:47:34.044239706Z,9145.481618,200,fa5bbaa12602c6803fc911cd560f3cd567585f7b4703499b433ac2343ab380c5,,false,miss
calibration-20260902-f,S1-50-r02,S1-50,request-014,d4745ce8b0076d85ef4bad6643512dad50425d8f61a49108664596ff785caf3e,3b5bb4ef4c4e,2026-09-01T15:47:21.541000295Z,2026-09-01T15:47:35.643149026Z,10744.417114,200,fa5bbaa12602c6803fc911cd560f3cd567585f7b4703499b433ac2343ab380c5,,false,miss
calibration-20260902-f,S1-50-r02,S1-50,request-015,d4745ce8b0076d85ef4bad6643512dad50425d8f61a49108664596ff785caf3e,3b5bb4ef4c4e,2026-09-01T15:47:21.540970664Z,2026-09-01T15:47:28.78336435Z,7242.393693,200,fa5bbaa12602c6803fc911cd560f3cd567585f7b4703499b433ac2343ab380c5,,false,miss
calibration-20260902-f,S1-50-r02,S1-50,request-016,d4745ce8b0076d85ef4bad6643512dad50425d8f61a49108664596ff785caf3e,3b5bb4ef4c4e,2026-09-01T15:47:21.540948895Z,2026-09-01T15:47:33.641559514Z,8742.878994,200,fa5bbaa12602c6803fc911cd560f3cd567585f7b4703499b433ac2343ab380c5,,false,miss
calibration-20260902-f,S1-50-r02,S1-50,request-017,d4745ce8b0076d85ef4bad6643512dad50425d8f61a49108664596ff785caf3e,3b5bb4ef4c4e,2026-09-01T15:47:21.540926419Z,2026-09-01T15:47:27.965458083Z,6424.531670,200,fa5bbaa12602c6803fc911cd560f3cd567585f7b4703499b433ac2343ab380c5,,false,miss
calibration-20260902-f,S1-50-r02,S1-50,request-018,d4745ce8b0076d85ef4bad6643512dad50425d8f61a49108664596ff785caf3e,3b5bb4ef4c4e,2026-09-01T15:47:21.540906076Z,2026-09-01T15:47:24.368787444Z,2827.881370,200,fa5bbaa12602c6803fc911cd560f3cd567585f7b4703499b433ac2343ab380c5,,false,miss
calibration-20260902-f,S1-50-r02,S1-50,request-019,d4745ce8b0076d85ef4bad6643512dad50425d8f61a49108664596ff785caf3e,3b5bb4ef4c4e,2026-09-01T15:47:21.54088729Z,2026-09-01T15:47:24.16587102Z,2624.983733,200,fa5bbaa12602c6803fc911cd560f3cd567585f7b4703499b433ac2343ab380c5,,false,miss
calibration-20260902-f,S1-50-r02,S1-50,request-020,d4745ce8b0076d85ef4bad6643512dad50425d8f61a49108664596ff785caf3e,3b5bb4ef4c4e,2026-09-01T15:47:21.540867598Z,2026-09-01T15:47:22.880374415Z,1339.506818,200,fa5bbaa12602c6803fc911cd560f3cd567585f7b4703499b433ac2343ab380c5,,false,miss
calibration-20260902-f,S1-50-r02,S1-50,request-021,d4745ce8b0076d85ef4bad6643512dad50425d8f61a49108664596ff785caf3e,3b5bb4ef4c4e,2026-09-01T15:47:21.540848113Z,2026-09-01T15:47:29.840208427Z,8344.652405,200,fa5bbaa12602c6803fc911cd560f3cd567585f7b4703499b433ac2343ab380c5,,false,miss
calibration-20260902-f,S1-50-r02,S1-50,request-022,d4745ce8b0076d85ef4bad6643512dad50425d8f61a49108664596ff785caf3e,3b5bb4ef4c4e,2026-09-01T15:47:21.540827515Z,2026-09-01T15:47:40.533528682Z,15634.969548,200,fa5bbaa12602c6803fc911cd560f3cd567585f7b4703499b433ac2343ab380c5,,false,miss
calibration-20260902-f,S1-50-r02,S1-50,request-023,d4745ce8b0076d85ef4bad6643512dad50425d8f61a49108664596ff785caf3e,3b5bb4ef4c4e,2026-09-01T15:47:21.54080717Z,2026-09-01T15:47:36.5330751Z,11634.536309,200,fa5bbaa12602c6803fc911cd560f3cd567585f7b4703499b433ac2343ab380c5,,false,miss
calibration-20260902-f,S1-50-r02,S1-50,request-024,d4745ce8b0076d85ef4bad6643512dad50425d8f61a49108664596ff785caf3e,3b5bb4ef4c4e,2026-09-01T15:47:21.540790243Z,2026-09-01T15:47:36.043019997Z,11144.498133,200,fa5bbaa12602c6803fc911cd560f3cd567585f7b4703499b433ac2343ab380c5,,false,miss
calibration-20260902-f,S1-50-r02,S1-50,request-025,d4745ce8b0076d85ef4bad6643512dad50425d8f61a49108664596ff785caf3e,3b5bb4ef4c4e,2026-09-01T15:47:21.540773855Z,2026-09-01T15:47:39.025746175Z,14127.240696,200,fa5bbaa12602c6803fc911cd560f3cd567585f7b4703499b433ac2343ab380c5,,false,miss
calibration-20260902-f,S1-50-r02,S1-50,request-026,d4745ce8b0076d85ef4bad6643512dad50425d8f61a49108664596ff785caf3e,3b5bb4ef4c4e,2026-09-01T15:47:21.540750471Z,2026-09-01T15:47:26.776204963Z,5235.454499,200,fa5bbaa12602c6803fc911cd560f3cd567585f7b4703499b433ac2343ab380c5,,false,miss
calibration-20260902-f,S1-50-r02,S1-50,request-027,d4745ce8b0076d85ef4bad6643512dad50425d8f61a49108664596ff785caf3e,3b5bb4ef4c4e,2026-09-01T15:47:21.540721401Z,2026-09-01T15:47:23.073559606Z,1532.838210,200,fa5bbaa12602c6803fc911cd560f3cd567585f7b4703499b433ac2343ab380c5,,false,miss
calibration-20260902-f,S1-50-r02,S1-50,request-028,d4745ce8b0076d85ef4bad6643512dad50425d8f61a49108664596ff785caf3e,3b5bb4ef4c4e,2026-09-01T15:47:21.540622327Z,2026-09-01T15:47:24.070087441Z,2529.465114,200,fa5bbaa12602c6803fc911cd560f3cd567585f7b4703499b433ac2343ab380c5,,false,miss
calibration-20260902-f,S1-50-r02,S1-50,request-029,d4745ce8b0076d85ef4bad6643512dad50425d8f61a49108664596ff785caf3e,3b5bb4ef4c4e,2026-09-01T15:47:21.541227779Z,2026-09-01T15:47:29.383224175Z,7841.996401,200,fa5bbaa12602c6803fc911cd560f3cd567585f7b4703499b433ac2343ab380c5,,false,miss
calibration-20260902-f,S1-50-r02,S1-50,request-030,d4745ce8b0076d85ef4bad6643512dad50425d8f61a49108664596ff785caf3e,3b5bb4ef4c4e,2026-09-01T15:47:21.541209329Z,2026-09-01T15:47:25.479816092Z,3938.606770,200,fa5bbaa12602c6803fc911cd560f3cd567585f7b4703499b433ac2343ab380c5,,false,miss
calibration-20260902-f,S1-50-r02,S1-50,request-031,d4745ce8b0076d85ef4bad6643512dad50425d8f61a49108664596ff785caf3e,3b5bb4ef4c4e,2026-09-01T15:47:21.541191874Z,2026-09-01T15:47:34.836602579Z,9937.679085,200,fa5bbaa12602c6803fc911cd560f3cd567585f7b4703499b433ac2343ab380c5,,false,miss
calibration-20260902-f,S1-50-r02,S1-50,request-032,d4745ce8b0076d85ef4bad6643512dad50425d8f61a49108664596ff785caf3e,3b5bb4ef4c4e,2026-09-01T15:47:21.541172125Z,2026-09-01T15:47:28.091034748Z,6549.862630,200,fa5bbaa12602c6803fc911cd560f3cd567585f7b4703499b433ac2343ab380c5,,false,miss
calibration-20260902-f,S1-50-r02,S1-50,request-033,d4745ce8b0076d85ef4bad6643512dad50425d8f61a49108664596ff785caf3e,3b5bb4ef4c4e,2026-09-01T15:47:21.541148125Z,2026-09-01T15:47:25.47603248Z,3934.884361,200,fa5bbaa12602c6803fc911cd560f3cd567585f7b4703499b433ac2343ab380c5,,false,miss
calibration-20260902-f,S1-50-r02,S1-50,request-034,d4745ce8b0076d85ef4bad6643512dad50425d8f61a49108664596ff785caf3e,3b5bb4ef4c4e,2026-09-01T15:47:21.541099478Z,2026-09-01T15:47:34.533226876Z,9634.395782,200,fa5bbaa12602c6803fc911cd560f3cd567585f7b4703499b433ac2343ab380c5,,false,miss
calibration-20260902-f,S1-50-r02,S1-50,request-035,d4745ce8b0076d85ef4bad6643512dad50425d8f61a49108664596ff785caf3e,3b5bb4ef4c4e,2026-09-01T15:47:21.541081747Z,2026-09-01T15:47:39.438452314Z,14539.638964,200,fa5bbaa12602c6803fc911cd560f3cd567585f7b4703499b433ac2343ab380c5,,false,miss
calibration-20260902-f,S1-50-r02,S1-50,request-036,d4745ce8b0076d85ef4bad6643512dad50425d8f61a49108664596ff785caf3e,3b5bb4ef4c4e,2026-09-01T15:47:21.541061606Z,2026-09-01T15:47:37.241363652Z,12342.570422,200,fa5bbaa12602c6803fc911cd560f3cd567585f7b4703499b433ac2343ab380c5,,false,miss
calibration-20260902-f,S1-50-r02,S1-50,request-037,d4745ce8b0076d85ef4bad6643512dad50425d8f61a49108664596ff785caf3e,3b5bb4ef4c4e,2026-09-01T15:47:21.541042146Z,2026-09-01T15:47:35.329970497Z,10431.196730,200,fa5bbaa12602c6803fc911cd560f3cd567585f7b4703499b433ac2343ab380c5,,false,miss
calibration-20260902-f,S1-50-r02,S1-50,request-038,d4745ce8b0076d85ef4bad6643512dad50425d8f61a49108664596ff785caf3e,3b5bb4ef4c4e,2026-09-01T15:47:21.541020962Z,2026-09-01T15:47:26.379133993Z,4838.113032,200,fa5bbaa12602c6803fc911cd560f3cd567585f7b4703499b433ac2343ab380c5,,false,miss
calibration-20260902-f,S1-50-r02,S1-50,request-039,d4745ce8b0076d85ef4bad6643512dad50425d8f61a49108664596ff785caf3e,3b5bb4ef4c4e,2026-09-01T15:47:21.540990656Z,2026-09-01T15:47:25.569419413Z,4028.428762,200,fa5bbaa12602c6803fc911cd560f3cd567585f7b4703499b433ac2343ab380c5,,false,miss
calibration-20260902-f,S1-50-r02,S1-50,request-040,d4745ce8b0076d85ef4bad6643512dad50425d8f61a49108664596ff785caf3e,3b5bb4ef4c4e,2026-09-01T15:47:21.540971875Z,2026-09-01T15:47:34.137323029Z,9238.619535,200,fa5bbaa12602c6803fc911cd560f3cd567585f7b4703499b433ac2343ab380c5,,false,miss
calibration-20260902-f,S1-50-r02,S1-50,request-041,d4745ce8b0076d85ef4bad6643512dad50425d8f61a49108664596ff785caf3e,3b5bb4ef4c4e,2026-09-01T15:47:21.540948179Z,2026-09-01T15:47:29.378584024Z,7837.635852,200,fa5bbaa12602c6803fc911cd560f3cd567585f7b4703499b433ac2343ab380c5,,false,miss
calibration-20260902-f,S1-50-r02,S1-50,request-042,d4745ce8b0076d85ef4bad6643512dad50425d8f61a49108664596ff785caf3e,3b5bb4ef4c4e,2026-09-01T15:47:21.540932522Z,2026-09-01T15:47:25.269040365Z,3728.107850,200,fa5bbaa12602c6803fc911cd560f3cd567585f7b4703499b433ac2343ab380c5,,false,miss
calibration-20260902-f,S1-50-r02,S1-50,request-043,d4745ce8b0076d85ef4bad6643512dad50425d8f61a49108664596ff785caf3e,3b5bb4ef4c4e,2026-09-01T15:47:21.540913741Z,2026-09-01T15:47:28.090939386Z,6550.025641,200,fa5bbaa12602c6803fc911cd560f3cd567585f7b4703499b433ac2343ab380c5,,false,miss
calibration-20260902-f,S1-50-r02,S1-50,request-044,d4745ce8b0076d85ef4bad6643512dad50425d8f61a49108664596ff785caf3e,3b5bb4ef4c4e,2026-09-01T15:47:21.540886365Z,2026-09-01T15:47:24.266950898Z,2726.064538,200,fa5bbaa12602c6803fc911cd560f3cd567585f7b4703499b433ac2343ab380c5,,false,miss
calibration-20260902-f,S1-50-r02,S1-50,request-045,d4745ce8b0076d85ef4bad6643512dad50425d8f61a49108664596ff785caf3e,3b5bb4ef4c4e,2026-09-01T15:47:21.540864254Z,2026-09-01T15:47:38.028557495Z,13129.961620,200,fa5bbaa12602c6803fc911cd560f3cd567585f7b4703499b433ac2343ab380c5,,false,miss
calibration-20260902-f,S1-50-r02,S1-50,request-046,d4745ce8b0076d85ef4bad6643512dad50425d8f61a49108664596ff785caf3e,3b5bb4ef4c4e,2026-09-01T15:47:21.540843352Z,2026-09-01T15:47:40.584635411Z,15686.060439,200,fa5bbaa12602c6803fc911cd560f3cd567585f7b4703499b433ac2343ab380c5,,false,miss
calibration-20260902-f,S1-50-r02,S1-50,request-047,d4745ce8b0076d85ef4bad6643512dad50425d8f61a49108664596ff785caf3e,3b5bb4ef4c4e,2026-09-01T15:47:21.540824008Z,2026-09-01T15:47:36.733029316Z,11834.473684,200,fa5bbaa12602c6803fc911cd560f3cd567585f7b4703499b433ac2343ab380c5,,false,miss
calibration-20260902-f,S1-50-r02,S1-50,request-048,d4745ce8b0076d85ef4bad6643512dad50425d8f61a49108664596ff785caf3e,3b5bb4ef4c4e,2026-09-01T15:47:21.540801398Z,2026-09-01T15:47:35.421892924Z,10523.359902,200,fa5bbaa12602c6803fc911cd560f3cd567585f7b4703499b433ac2343ab380c5,,false,miss
calibration-20260902-f,S1-50-r02,S1-50,request-049,d4745ce8b0076d85ef4bad6643512dad50425d8f61a49108664596ff785caf3e,3b5bb4ef4c4e,2026-09-01T15:47:21.54077459Z,2026-09-01T15:47:40.222029559Z,15323.523351,200,fa5bbaa12602c6803fc911cd560f3cd567585f7b4703499b433ac2343ab380c5,,false,miss
calibration-20260902-f,S1-50-r02,S1-50,request-050,d4745ce8b0076d85ef4bad6643512dad50425d8f61a49108664596ff785caf3e,3b5bb4ef4c4e,2026-09-01T15:47:21.541242854Z,2026-09-01T15:47:39.228014513Z,14329.040040,200,fa5bbaa12602c6803fc911cd560f3cd567585f7b4703499b433ac2343ab380c5,,false,miss
calibration-20260902-f,S1-100-r02,S1-100,request-001,d4745ce8b0076d85ef4bad6643512dad50425d8f61a49108664596ff785caf3e,3b5bb4ef4c4e,2026-09-01T15:47:41.077976543Z,2026-09-01T15:47:56.526852892Z,15448.876353,200,fa5bbaa12602c6803fc911cd560f3cd567585f7b4703499b433ac2343ab380c5,,false,miss
calibration-20260902-f,S1-100-r02,S1-100,request-002,d4745ce8b0076d85ef4bad6643512dad50425d8f61a49108664596ff785caf3e,3b5bb4ef4c4e,2026-09-01T15:47:41.07789217Z,2026-09-01T15:47:55.435743227Z,14357.851064,200,fa5bbaa12602c6803fc911cd560f3cd567585f7b4703499b433ac2343ab380c5,,false,miss
calibration-20260902-f,S1-100-r02,S1-100,request-003,d4745ce8b0076d85ef4bad6643512dad50425d8f61a49108664596ff785caf3e,3b5bb4ef4c4e,2026-09-01T15:47:41.077808013Z,2026-09-01T15:47:54.22913882Z,13151.330812,200,fa5bbaa12602c6803fc911cd560f3cd567585f7b4703499b433ac2343ab380c5,,false,miss
calibration-20260902-f,S1-100-r02,S1-100,request-004,d4745ce8b0076d85ef4bad6643512dad50425d8f61a49108664596ff785caf3e,3b5bb4ef4c4e,2026-09-01T15:47:41.077787572Z,2026-09-01T15:47:54.023901903Z,12946.114335,200,fa5bbaa12602c6803fc911cd560f3cd567585f7b4703499b433ac2343ab380c5,,false,miss
calibration-20260902-f,S1-100-r02,S1-100,request-005,d4745ce8b0076d85ef4bad6643512dad50425d8f61a49108664596ff785caf3e,3b5bb4ef4c4e,2026-09-01T15:47:41.077751808Z,2026-09-01T15:47:53.434100761Z,12356.348958,200,fa5bbaa12602c6803fc911cd560f3cd567585f7b4703499b433ac2343ab380c5,,false,miss
calibration-20260902-f,S1-100-r02,S1-100,request-006,d4745ce8b0076d85ef4bad6643512dad50425d8f61a49108664596ff785caf3e,3b5bb4ef4c4e,2026-09-01T15:47:41.077690565Z,2026-09-01T15:47:52.32994482Z,11252.254272,200,fa5bbaa12602c6803fc911cd560f3cd567585f7b4703499b433ac2343ab380c5,,false,miss
calibration-20260902-f,S1-100-r02,S1-100,request-007,d4745ce8b0076d85ef4bad6643512dad50425d8f61a49108664596ff785caf3e,3b5bb4ef4c4e,2026-09-01T15:47:41.077673299Z,2026-09-01T15:47:52.226434984Z,11148.761694,200,fa5bbaa12602c6803fc911cd560f3cd567585f7b4703499b433ac2343ab380c5,,false,miss
calibration-20260902-f,S1-100-r02,S1-100,request-008,d4745ce8b0076d85ef4bad6643512dad50425d8f61a49108664596ff785caf3e,3b5bb4ef4c4e,2026-09-01T15:47:41.077658745Z,2026-09-01T15:47:51.433916676Z,10356.257941,200,fa5bbaa12602c6803fc911cd560f3cd567585f7b4703499b433ac2343ab380c5,,false,miss
calibration-20260902-f,S1-100-r02,S1-100,request-009,d4745ce8b0076d85ef4bad6643512dad50425d8f61a49108664596ff785caf3e,3b5bb4ef4c4e,2026-09-01T15:47:41.077641045Z,2026-09-01T15:47:51.041167545Z,9963.526506,200,fa5bbaa12602c6803fc911cd560f3cd567585f7b4703499b433ac2343ab380c5,,false,miss
calibration-20260902-f,S1-100-r02,S1-100,request-010,d4745ce8b0076d85ef4bad6643512dad50425d8f61a49108664596ff785caf3e,3b5bb4ef4c4e,2026-09-01T15:47:41.07660107Z,2026-09-01T15:47:50.132811284Z,9056.210224,200,fa5bbaa12602c6803fc911cd560f3cd567585f7b4703499b433ac2343ab380c5,,false,miss
calibration-20260902-f,S1-100-r02,S1-100,request-011,d4745ce8b0076d85ef4bad6643512dad50425d8f61a49108664596ff785caf3e,3b5bb4ef4c4e,2026-09-01T15:47:41.076549523Z,2026-09-01T15:48:09.448430331Z,25057.630211,200,fa5bbaa12602c6803fc911cd560f3cd567585f7b4703499b433ac2343ab380c5,,false,miss
calibration-20260902-f,S1-100-r02,S1-100,request-012,d4745ce8b0076d85ef4bad6643512dad50425d8f61a49108664596ff785caf3e,3b5bb4ef4c4e,2026-09-01T15:47:41.076520444Z,2026-09-01T15:48:09.054254309Z,24663.483260,200,fa5bbaa12602c6803fc911cd560f3cd567585f7b4703499b433ac2343ab380c5,,false,miss
calibration-20260902-f,S1-100-r02,S1-100,request-013,d4745ce8b0076d85ef4bad6643512dad50425d8f61a49108664596ff785caf3e,3b5bb4ef4c4e,2026-09-01T15:47:41.076378147Z,2026-09-01T15:48:08.643680543Z,24253.051782,200,fa5bbaa12602c6803fc911cd560f3cd567585f7b4703499b433ac2343ab380c5,,false,miss
calibration-20260902-f,S1-100-r02,S1-100,request-014,d4745ce8b0076d85ef4bad6643512dad50425d8f61a49108664596ff785caf3e,3b5bb4ef4c4e,2026-09-01T15:47:41.031614376Z,2026-09-01T15:48:07.245669005Z,22899.804024,200,fa5bbaa12602c6803fc911cd560f3cd567585f7b4703499b433ac2343ab380c5,,false,miss
calibration-20260902-f,S1-100-r02,S1-100,request-015,d4745ce8b0076d85ef4bad6643512dad50425d8f61a49108664596ff785caf3e,3b5bb4ef4c4e,2026-09-01T15:47:41.031507361Z,2026-09-01T15:47:45.027200495Z,3995.693143,200,fa5bbaa12602c6803fc911cd560f3cd567585f7b4703499b433ac2343ab380c5,,false,miss
calibration-20260902-f,S1-100-r02,S1-100,request-016,d4745ce8b0076d85ef4bad6643512dad50425d8f61a49108664596ff785caf3e,3b5bb4ef4c4e,2026-09-01T15:47:41.03147872Z,2026-09-01T15:47:42.536276394Z,1504.797680,200,fa5bbaa12602c6803fc911cd560f3cd567585f7b4703499b433ac2343ab380c5,,false,miss
calibration-20260902-f,S1-100-r02,S1-100,request-017,d4745ce8b0076d85ef4bad6643512dad50425d8f61a49108664596ff785caf3e,3b5bb4ef4c4e,2026-09-01T15:47:41.031457347Z,2026-09-01T15:47:42.628820348Z,1597.363011,200,fa5bbaa12602c6803fc911cd560f3cd567585f7b4703499b433ac2343ab380c5,,false,miss
calibration-20260902-f,S1-100-r02,S1-100,request-018,d4745ce8b0076d85ef4bad6643512dad50425d8f61a49108664596ff785caf3e,3b5bb4ef4c4e,2026-09-01T15:47:41.031436173Z,2026-09-01T15:47:46.529553674Z,5498.117505,200,fa5bbaa12602c6803fc911cd560f3cd567585f7b4703499b433ac2343ab380c5,,false,miss
calibration-20260902-f,S1-100-r02,S1-100,request-019,d4745ce8b0076d85ef4bad6643512dad50425d8f61a49108664596ff785caf3e,3b5bb4ef4c4e,2026-09-01T15:47:41.031207218Z,2026-09-01T15:47:45.237663517Z,4206.456305,200,fa5bbaa12602c6803fc911cd560f3cd567585f7b4703499b433ac2343ab380c5,,false,miss
calibration-20260902-f,S1-100-r02,S1-100,request-020,d4745ce8b0076d85ef4bad6643512dad50425d8f61a49108664596ff785caf3e,3b5bb4ef4c4e,2026-09-01T15:47:41.03122515Z,2026-09-01T15:47:43.836543542Z,2805.318403,200,fa5bbaa12602c6803fc911cd560f3cd567585f7b4703499b433ac2343ab380c5,,false,miss
calibration-20260902-f,S1-100-r02,S1-100,request-021,d4745ce8b0076d85ef4bad6643512dad50425d8f61a49108664596ff785caf3e,3b5bb4ef4c4e,2026-09-01T15:47:41.031291195Z,2026-09-01T15:48:08.438153565Z,24092.611761,200,fa5bbaa12602c6803fc911cd560f3cd567585f7b4703499b433ac2343ab380c5,,false,miss
calibration-20260902-f,S1-100-r02,S1-100,request-022,d4745ce8b0076d85ef4bad6643512dad50425d8f61a49108664596ff785caf3e,3b5bb4ef4c4e,2026-09-01T15:47:41.031160333Z,2026-09-01T15:47:42.237144054Z,1205.983726,200,fa5bbaa12602c6803fc911cd560f3cd567585f7b4703499b433ac2343ab380c5,,false,miss
calibration-20260902-f,S1-100-r02,S1-100,request-023,d4745ce8b0076d85ef4bad6643512dad50425d8f61a49108664596ff785caf3e,3b5bb4ef4c4e,2026-09-01T15:47:41.031199454Z,2026-09-01T15:47:43.537252386Z,2506.052942,200,fa5bbaa12602c6803fc911cd560f3cd567585f7b4703499b433ac2343ab380c5,,false,miss
calibration-20260902-f,S1-100-r02,S1-100,request-024,d4745ce8b0076d85ef4bad6643512dad50425d8f61a49108664596ff785caf3e,3b5bb4ef4c4e,2026-09-01T15:47:41.031558827Z,2026-09-01T15:47:47.536475942Z,6504.917123,200,fa5bbaa12602c6803fc911cd560f3cd567585f7b4703499b433ac2343ab380c5,,false,miss
calibration-20260902-f,S1-100-r02,S1-100,request-025,d4745ce8b0076d85ef4bad6643512dad50425d8f61a49108664596ff785caf3e,3b5bb4ef4c4e,2026-09-01T15:47:41.031593906Z,2026-09-01T15:47:45.135051036Z,4103.457136,200,fa5bbaa12602c6803fc911cd560f3cd567585f7b4703499b433ac2343ab380c5,,false,miss
calibration-20260902-f,S1-100-r02,S1-100,request-026,d4745ce8b0076d85ef4bad6643512dad50425d8f61a49108664596ff785caf3e,3b5bb4ef4c4e,2026-09-01T15:47:41.031578721Z,2026-09-01T15:47:47.83009264Z,6798.513922,200,fa5bbaa12602c6803fc911cd560f3cd567585f7b4703499b433ac2343ab380c5,,false,miss
calibration-20260902-f,S1-100-r02,S1-100,request-027,d4745ce8b0076d85ef4bad6643512dad50425d8f61a49108664596ff785caf3e,3b5bb4ef4c4e,2026-09-01T15:47:41.031530281Z,2026-09-01T15:48:06.955647473Z,22609.866585,200,fa5bbaa12602c6803fc911cd560f3cd567585f7b4703499b433ac2343ab380c5,,false,miss
calibration-20260902-f,S1-100-r02,S1-100,request-028,d4745ce8b0076d85ef4bad6643512dad50425d8f61a49108664596ff785caf3e,3b5bb4ef4c4e,2026-09-01T15:47:41.031416021Z,2026-09-01T15:48:07.743963479Z,23398.296852,200,fa5bbaa12602c6803fc911cd560f3cd567585f7b4703499b433ac2343ab380c5,,false,miss
calibration-20260902-f,S1-100-r02,S1-100,request-029,d4745ce8b0076d85ef4bad6643512dad50425d8f61a49108664596ff785caf3e,3b5bb4ef4c4e,2026-09-01T15:47:41.031397907Z,2026-09-01T15:47:46.437561535Z,5406.163637,200,fa5bbaa12602c6803fc911cd560f3cd567585f7b4703499b433ac2343ab380c5,,false,miss
calibration-20260902-f,S1-100-r02,S1-100,request-030,d4745ce8b0076d85ef4bad6643512dad50425d8f61a49108664596ff785caf3e,3b5bb4ef4c4e,2026-09-01T15:47:41.031383934Z,2026-09-01T15:47:44.729185705Z,3697.801781,200,fa5bbaa12602c6803fc911cd560f3cd567585f7b4703499b433ac2343ab380c5,,false,miss
calibration-20260902-f,S1-100-r02,S1-100,request-031,d4745ce8b0076d85ef4bad6643512dad50425d8f61a49108664596ff785caf3e,3b5bb4ef4c4e,2026-09-01T15:47:41.031366721Z,2026-09-01T15:47:43.934576823Z,2903.210106,200,fa5bbaa12602c6803fc911cd560f3cd567585f7b4703499b433ac2343ab380c5,,false,miss
calibration-20260902-f,S1-100-r02,S1-100,request-032,d4745ce8b0076d85ef4bad6643512dad50425d8f61a49108664596ff785caf3e,3b5bb4ef4c4e,2026-09-01T15:47:41.03133576Z,2026-09-01T15:47:43.831251015Z,2799.915259,200,fa5bbaa12602c6803fc911cd560f3cd567585f7b4703499b433ac2343ab380c5,,false,miss
calibration-20260902-f,S1-100-r02,S1-100,request-033,d4745ce8b0076d85ef4bad6643512dad50425d8f61a49108664596ff785caf3e,3b5bb4ef4c4e,2026-09-01T15:47:41.031314313Z,2026-09-01T15:47:47.13990708Z,6108.592781,200,fa5bbaa12602c6803fc911cd560f3cd567585f7b4703499b433ac2343ab380c5,,false,miss
calibration-20260902-f,S1-100-r02,S1-100,request-034,d4745ce8b0076d85ef4bad6643512dad50425d8f61a49108664596ff785caf3e,3b5bb4ef4c4e,2026-09-01T15:47:41.031160425Z,2026-09-01T15:47:42.538842863Z,1507.682438,200,fa5bbaa12602c6803fc911cd560f3cd567585f7b4703499b433ac2343ab380c5,,false,miss
calibration-20260902-f,S1-100-r02,S1-100,request-035,d4745ce8b0076d85ef4bad6643512dad50425d8f61a49108664596ff785caf3e,3b5bb4ef4c4e,2026-09-01T15:47:41.100328839Z,2026-09-01T15:47:50.523012104Z,9422.683265,200,fa5bbaa12602c6803fc911cd560f3cd567585f7b4703499b433ac2343ab380c5,,false,miss
calibration-20260902-f,S1-100-r02,S1-100,request-036,d4745ce8b0076d85ef4bad6643512dad50425d8f61a49108664596ff785caf3e,3b5bb4ef4c4e,2026-09-01T15:47:41.078703018Z,2026-09-01T15:47:51.743025768Z,10664.322760,200,fa5bbaa12602c6803fc911cd560f3cd567585f7b4703499b433ac2343ab380c5,,false,miss
calibration-20260902-f,S1-100-r02,S1-100,request-037,d4745ce8b0076d85ef4bad6643512dad50425d8f61a49108664596ff785caf3e,3b5bb4ef4c4e,2026-09-01T15:47:41.078689833Z,2026-09-01T15:48:15.344985989Z,30952.045551,200,fa5bbaa12602c6803fc911cd560f3cd567585f7b4703499b433ac2343ab380c5,,false,miss
calibration-20260902-f,S1-100-r02,S1-100,request-038,d4745ce8b0076d85ef4bad6643512dad50425d8f61a49108664596ff785caf3e,3b5bb4ef4c4e,2026-09-01T15:47:41.078676685Z,2026-09-01T15:48:15.651505588Z,31258.578299,200,fa5bbaa12602c6803fc911cd560f3cd567585f7b4703499b433ac2343ab380c5,,false,miss
calibration-20260902-f,S1-100-r02,S1-100,request-039,d4745ce8b0076d85ef4bad6643512dad50425d8f61a49108664596ff785caf3e,3b5bb4ef4c4e,2026-09-01T15:47:41.078660724Z,2026-09-01T15:48:15.651508295Z,31258.596965,200,fa5bbaa12602c6803fc911cd560f3cd567585f7b4703499b433ac2343ab380c5,,false,miss
calibration-20260902-f,S1-100-r02,S1-100,request-040,d4745ce8b0076d85ef4bad6643512dad50425d8f61a49108664596ff785caf3e,3b5bb4ef4c4e,2026-09-01T15:47:41.078638925Z,2026-09-01T15:48:13.236789619Z,28843.900094,200,fa5bbaa12602c6803fc911cd560f3cd567585f7b4703499b433ac2343ab380c5,,false,miss
calibration-20260902-f,S1-100-r02,S1-100,request-041,d4745ce8b0076d85ef4bad6643512dad50425d8f61a49108664596ff785caf3e,3b5bb4ef4c4e,2026-09-01T15:47:41.078607074Z,2026-09-01T15:48:14.940567191Z,30547.709517,200,fa5bbaa12602c6803fc911cd560f3cd567585f7b4703499b433ac2343ab380c5,,false,miss
calibration-20260902-f,S1-100-r02,S1-100,request-042,d4745ce8b0076d85ef4bad6643512dad50425d8f61a49108664596ff785caf3e,3b5bb4ef4c4e,2026-09-01T15:47:41.078585786Z,2026-09-01T15:48:12.33912635Z,27946.289963,200,fa5bbaa12602c6803fc911cd560f3cd567585f7b4703499b433ac2343ab380c5,,false,miss
calibration-20260902-f,S1-100-r02,S1-100,request-043,d4745ce8b0076d85ef4bad6643512dad50425d8f61a49108664596ff785caf3e,3b5bb4ef4c4e,2026-09-01T15:47:41.07856309Z,2026-09-01T15:48:14.548746145Z,30155.932447,200,fa5bbaa12602c6803fc911cd560f3cd567585f7b4703499b433ac2343ab380c5,,false,miss
calibration-20260902-f,S1-100-r02,S1-100,request-044,d4745ce8b0076d85ef4bad6643512dad50425d8f61a49108664596ff785caf3e,3b5bb4ef4c4e,2026-09-01T15:47:41.078545984Z,2026-09-01T15:48:13.957536939Z,29564.740356,200,fa5bbaa12602c6803fc911cd560f3cd567585f7b4703499b433ac2343ab380c5,,false,miss
calibration-20260902-f,S1-100-r02,S1-100,request-045,d4745ce8b0076d85ef4bad6643512dad50425d8f61a49108664596ff785caf3e,3b5bb4ef4c4e,2026-09-01T15:47:41.078526052Z,2026-09-01T15:48:11.54759591Z,27154.819259,200,fa5bbaa12602c6803fc911cd560f3cd567585f7b4703499b433ac2343ab380c5,,false,miss
calibration-20260902-f,S1-100-r02,S1-100,request-046,d4745ce8b0076d85ef4bad6643512dad50425d8f61a49108664596ff785caf3e,3b5bb4ef4c4e,2026-09-01T15:47:41.078509056Z,2026-09-01T15:48:03.156324667Z,22147.130675,200,fa5bbaa12602c6803fc911cd560f3cd567585f7b4703499b433ac2343ab380c5,,false,miss
calibration-20260902-f,S1-100-r02,S1-100,request-047,d4745ce8b0076d85ef4bad6643512dad50425d8f61a49108664596ff785caf3e,3b5bb4ef4c4e,2026-09-01T15:47:41.078490601Z,2026-09-01T15:48:02.729819049Z,21651.328462,200,fa5bbaa12602c6803fc911cd560f3cd567585f7b4703499b433ac2343ab380c5,,false,miss
calibration-20260902-f,S1-100-r02,S1-100,request-048,d4745ce8b0076d85ef4bad6643512dad50425d8f61a49108664596ff785caf3e,3b5bb4ef4c4e,2026-09-01T15:47:41.078473815Z,2026-09-01T15:48:10.850636577Z,26457.912161,200,fa5bbaa12602c6803fc911cd560f3cd567585f7b4703499b433ac2343ab380c5,,false,miss
calibration-20260902-f,S1-100-r02,S1-100,request-049,d4745ce8b0076d85ef4bad6643512dad50425d8f61a49108664596ff785caf3e,3b5bb4ef4c4e,2026-09-01T15:47:41.078444082Z,2026-09-01T15:48:12.051347106Z,27658.652420,200,fa5bbaa12602c6803fc911cd560f3cd567585f7b4703499b433ac2343ab380c5,,false,miss
calibration-20260902-f,S1-100-r02,S1-100,request-050,d4745ce8b0076d85ef4bad6643512dad50425d8f61a49108664596ff785caf3e,3b5bb4ef4c4e,2026-09-01T15:47:41.078422259Z,2026-09-01T15:48:13.341903697Z,28949.230836,200,fa5bbaa12602c6803fc911cd560f3cd567585f7b4703499b433ac2343ab380c5,,false,miss
calibration-20260902-f,S1-100-r02,S1-100,request-051,d4745ce8b0076d85ef4bad6643512dad50425d8f61a49108664596ff785caf3e,3b5bb4ef4c4e,2026-09-01T15:47:41.078400142Z,2026-09-01T15:48:14.455783644Z,30063.132907,200,fa5bbaa12602c6803fc911cd560f3cd567585f7b4703499b433ac2343ab380c5,,false,miss
calibration-20260902-f,S1-100-r02,S1-100,request-052,d4745ce8b0076d85ef4bad6643512dad50425d8f61a49108664596ff785caf3e,3b5bb4ef4c4e,2026-09-01T15:47:41.078379599Z,2026-09-01T15:48:11.049058682Z,26656.428484,200,fa5bbaa12602c6803fc911cd560f3cd567585f7b4703499b433ac2343ab380c5,,false,miss
calibration-20260902-f,S1-100-r02,S1-100,request-053,d4745ce8b0076d85ef4bad6643512dad50425d8f61a49108664596ff785caf3e,3b5bb4ef4c4e,2026-09-01T15:47:41.07836187Z,2026-09-01T15:48:12.743752426Z,28351.139952,200,fa5bbaa12602c6803fc911cd560f3cd567585f7b4703499b433ac2343ab380c5,,false,miss
calibration-20260902-f,S1-100-r02,S1-100,request-054,d4745ce8b0076d85ef4bad6643512dad50425d8f61a49108664596ff785caf3e,3b5bb4ef4c4e,2026-09-01T15:47:41.078345514Z,2026-09-01T15:48:09.852898032Z,25460.301916,200,fa5bbaa12602c6803fc911cd560f3cd567585f7b4703499b433ac2343ab380c5,,false,miss
calibration-20260902-f,S1-100-r02,S1-100,request-055,d4745ce8b0076d85ef4bad6643512dad50425d8f61a49108664596ff785caf3e,3b5bb4ef4c4e,2026-09-01T15:47:41.078327823Z,2026-09-01T15:48:13.644860324Z,29252.281929,200,fa5bbaa12602c6803fc911cd560f3cd567585f7b4703499b433ac2343ab380c5,,false,miss
calibration-20260902-f,S1-100-r02,S1-100,request-056,d4745ce8b0076d85ef4bad6643512dad50425d8f61a49108664596ff785caf3e,3b5bb4ef4c4e,2026-09-01T15:47:41.078312481Z,2026-09-01T15:48:10.74987449Z,26357.311405,200,fa5bbaa12602c6803fc911cd560f3cd567585f7b4703499b433ac2343ab380c5,,false,miss
calibration-20260902-f,S1-100-r02,S1-100,request-057,d4745ce8b0076d85ef4bad6643512dad50425d8f61a49108664596ff785caf3e,3b5bb4ef4c4e,2026-09-01T15:47:41.078289241Z,2026-09-01T15:48:10.250213591Z,25857.673753,200,fa5bbaa12602c6803fc911cd560f3cd567585f7b4703499b433ac2343ab380c5,,false,miss
calibration-20260902-f,S1-100-r02,S1-100,request-058,d4745ce8b0076d85ef4bad6643512dad50425d8f61a49108664596ff785caf3e,3b5bb4ef4c4e,2026-09-01T15:47:41.078273964Z,2026-09-01T15:48:02.733691654Z,21655.417701,200,fa5bbaa12602c6803fc911cd560f3cd567585f7b4703499b433ac2343ab380c5,,false,miss
calibration-20260902-f,S1-100-r02,S1-100,request-059,d4745ce8b0076d85ef4bad6643512dad50425d8f61a49108664596ff785caf3e,3b5bb4ef4c4e,2026-09-01T15:47:41.078252594Z,2026-09-01T15:48:02.436100248Z,21357.847665,200,fa5bbaa12602c6803fc911cd560f3cd567585f7b4703499b433ac2343ab380c5,,false,miss
calibration-20260902-f,S1-100-r02,S1-100,request-060,d4745ce8b0076d85ef4bad6643512dad50425d8f61a49108664596ff785caf3e,3b5bb4ef4c4e,2026-09-01T15:47:41.078237918Z,2026-09-01T15:48:01.928670716Z,20850.432801,200,fa5bbaa12602c6803fc911cd560f3cd567585f7b4703499b433ac2343ab380c5,,false,miss
calibration-20260902-f,S1-100-r02,S1-100,request-061,d4745ce8b0076d85ef4bad6643512dad50425d8f61a49108664596ff785caf3e,3b5bb4ef4c4e,2026-09-01T15:47:41.078218618Z,2026-09-01T15:48:01.441321106Z,20363.102494,200,fa5bbaa12602c6803fc911cd560f3cd567585f7b4703499b433ac2343ab380c5,,false,miss
calibration-20260902-f,S1-100-r02,S1-100,request-062,d4745ce8b0076d85ef4bad6643512dad50425d8f61a49108664596ff785caf3e,3b5bb4ef4c4e,2026-09-01T15:47:41.078199972Z,2026-09-01T15:47:59.841445994Z,18763.246032,200,fa5bbaa12602c6803fc911cd560f3cd567585f7b4703499b433ac2343ab380c5,,false,miss
calibration-20260902-f,S1-100-r02,S1-100,request-063,d4745ce8b0076d85ef4bad6643512dad50425d8f61a49108664596ff785caf3e,3b5bb4ef4c4e,2026-09-01T15:47:41.078181025Z,2026-09-01T15:47:59.12519823Z,18047.017216,200,fa5bbaa12602c6803fc911cd560f3cd567585f7b4703499b433ac2343ab380c5,,false,miss
calibration-20260902-f,S1-100-r02,S1-100,request-064,d4745ce8b0076d85ef4bad6643512dad50425d8f61a49108664596ff785caf3e,3b5bb4ef4c4e,2026-09-01T15:47:41.078147969Z,2026-09-01T15:47:59.134641212Z,18056.493249,200,fa5bbaa12602c6803fc911cd560f3cd567585f7b4703499b433ac2343ab380c5,,false,miss
calibration-20260902-f,S1-100-r02,S1-100,request-065,d4745ce8b0076d85ef4bad6643512dad50425d8f61a49108664596ff785caf3e,3b5bb4ef4c4e,2026-09-01T15:47:41.078126669Z,2026-09-01T15:48:15.776578443Z,31384.201176,200,fa5bbaa12602c6803fc911cd560f3cd567585f7b4703499b433ac2343ab380c5,,false,miss
calibration-20260902-f,S1-100-r02,S1-100,request-066,d4745ce8b0076d85ef4bad6643512dad50425d8f61a49108664596ff785caf3e,3b5bb4ef4c4e,2026-09-01T15:47:41.078111705Z,2026-09-01T15:47:58.536537635Z,17458.425937,200,fa5bbaa12602c6803fc911cd560f3cd567585f7b4703499b433ac2343ab380c5,,false,miss
calibration-20260902-f,S1-100-r02,S1-100,request-067,d4745ce8b0076d85ef4bad6643512dad50425d8f61a49108664596ff785caf3e,3b5bb4ef4c4e,2026-09-01T15:47:41.078092867Z,2026-09-01T15:47:58.241427096Z,17163.334238,200,fa5bbaa12602c6803fc911cd560f3cd567585f7b4703499b433ac2343ab380c5,,false,miss
calibration-20260902-f,S1-100-r02,S1-100,request-068,d4745ce8b0076d85ef4bad6643512dad50425d8f61a49108664596ff785caf3e,3b5bb4ef4c4e,2026-09-01T15:47:41.078072992Z,2026-09-01T15:47:57.924068842Z,16845.995866,200,fa5bbaa12602c6803fc911cd560f3cd567585f7b4703499b433ac2343ab380c5,,false,miss
calibration-20260902-f,S1-100-r02,S1-100,request-069,d4745ce8b0076d85ef4bad6643512dad50425d8f61a49108664596ff785caf3e,3b5bb4ef4c4e,2026-09-01T15:47:41.078051221Z,2026-09-01T15:47:57.831404177Z,16753.352960,200,fa5bbaa12602c6803fc911cd560f3cd567585f7b4703499b433ac2343ab380c5,,false,miss
calibration-20260902-f,S1-100-r02,S1-100,request-070,d4745ce8b0076d85ef4bad6643512dad50425d8f61a49108664596ff785caf3e,3b5bb4ef4c4e,2026-09-01T15:47:41.078035749Z,2026-09-01T15:47:56.726699239Z,15648.663546,200,fa5bbaa12602c6803fc911cd560f3cd567585f7b4703499b433ac2343ab380c5,,false,miss
calibration-20260902-f,S1-100-r02,S1-100,request-071,d4745ce8b0076d85ef4bad6643512dad50425d8f61a49108664596ff785caf3e,3b5bb4ef4c4e,2026-09-01T15:47:41.078017867Z,2026-09-01T15:47:57.037444677Z,15959.426820,200,fa5bbaa12602c6803fc911cd560f3cd567585f7b4703499b433ac2343ab380c5,,false,miss
calibration-20260902-f,S1-100-r02,S1-100,request-072,d4745ce8b0076d85ef4bad6643512dad50425d8f61a49108664596ff785caf3e,3b5bb4ef4c4e,2026-09-01T15:47:41.078001933Z,2026-09-01T15:47:57.334061771Z,16256.059843,200,fa5bbaa12602c6803fc911cd560f3cd567585f7b4703499b433ac2343ab380c5,,false,miss
calibration-20260902-f,S1-100-r02,S1-100,request-073,d4745ce8b0076d85ef4bad6643512dad50425d8f61a49108664596ff785caf3e,3b5bb4ef4c4e,2026-09-01T15:47:41.077927277Z,2026-09-01T15:47:55.823129565Z,14745.202298,200,fa5bbaa12602c6803fc911cd560f3cd567585f7b4703499b433ac2343ab380c5,,false,miss
calibration-20260902-f,S1-100-r02,S1-100,request-074,d4745ce8b0076d85ef4bad6643512dad50425d8f61a49108664596ff785caf3e,3b5bb4ef4c4e,2026-09-01T15:47:41.077908514Z,2026-09-01T15:47:56.123939201Z,15046.030699,200,fa5bbaa12602c6803fc911cd560f3cd567585f7b4703499b433ac2343ab380c5,,false,miss
calibration-20260902-f,S1-100-r02,S1-100,request-075,d4745ce8b0076d85ef4bad6643512dad50425d8f61a49108664596ff785caf3e,3b5bb4ef4c4e,2026-09-01T15:47:41.077870108Z,2026-09-01T15:47:55.241695736Z,14163.825632,200,fa5bbaa12602c6803fc911cd560f3cd567585f7b4703499b433ac2343ab380c5,,false,miss
calibration-20260902-f,S1-100-r02,S1-100,request-076,d4745ce8b0076d85ef4bad6643512dad50425d8f61a49108664596ff785caf3e,3b5bb4ef4c4e,2026-09-01T15:47:41.077848336Z,2026-09-01T15:47:54.831946632Z,13754.098307,200,fa5bbaa12602c6803fc911cd560f3cd567585f7b4703499b433ac2343ab380c5,,false,miss
calibration-20260902-f,S1-100-r02,S1-100,request-077,d4745ce8b0076d85ef4bad6643512dad50425d8f61a49108664596ff785caf3e,3b5bb4ef4c4e,2026-09-01T15:47:41.07782318Z,2026-09-01T15:47:54.547221793Z,13469.398621,200,fa5bbaa12602c6803fc911cd560f3cd567585f7b4703499b433ac2343ab380c5,,false,miss
calibration-20260902-f,S1-100-r02,S1-100,request-078,d4745ce8b0076d85ef4bad6643512dad50425d8f61a49108664596ff785caf3e,3b5bb4ef4c4e,2026-09-01T15:47:41.077772059Z,2026-09-01T15:47:53.528913262Z,12451.141216,200,fa5bbaa12602c6803fc911cd560f3cd567585f7b4703499b433ac2343ab380c5,,false,miss
calibration-20260902-f,S1-100-r02,S1-100,request-079,d4745ce8b0076d85ef4bad6643512dad50425d8f61a49108664596ff785caf3e,3b5bb4ef4c4e,2026-09-01T15:47:41.077731292Z,2026-09-01T15:47:52.930206474Z,11852.475192,200,fa5bbaa12602c6803fc911cd560f3cd567585f7b4703499b433ac2343ab380c5,,false,miss
calibration-20260902-f,S1-100-r02,S1-100,request-080,d4745ce8b0076d85ef4bad6643512dad50425d8f61a49108664596ff785caf3e,3b5bb4ef4c4e,2026-09-01T15:47:41.077704427Z,2026-09-01T15:47:52.72240142Z,11644.696997,200,fa5bbaa12602c6803fc911cd560f3cd567585f7b4703499b433ac2343ab380c5,,false,miss
calibration-20260902-f,S1-100-r02,S1-100,request-081,d4745ce8b0076d85ef4bad6643512dad50425d8f61a49108664596ff785caf3e,3b5bb4ef4c4e,2026-09-01T15:47:41.077620376Z,2026-09-01T15:47:49.737081372Z,8659.461001,200,fa5bbaa12602c6803fc911cd560f3cd567585f7b4703499b433ac2343ab380c5,,false,miss
calibration-20260902-f,S1-100-r02,S1-100,request-082,d4745ce8b0076d85ef4bad6643512dad50425d8f61a49108664596ff785caf3e,3b5bb4ef4c4e,2026-09-01T15:47:41.077587742Z,2026-09-01T15:47:48.733018689Z,7655.430949,200,fa5bbaa12602c6803fc911cd560f3cd567585f7b4703499b433ac2343ab380c5,,false,miss
calibration-20260902-f,S1-100-r02,S1-100,request-083,d4745ce8b0076d85ef4bad6643512dad50425d8f61a49108664596ff785caf3e,3b5bb4ef4c4e,2026-09-01T15:47:41.077511229Z,2026-09-01T15:47:49.141732399Z,8064.221163,200,fa5bbaa12602c6803fc911cd560f3cd567585f7b4703499b433ac2343ab380c5,,false,miss
calibration-20260902-f,S1-100-r02,S1-100,request-084,d4745ce8b0076d85ef4bad6643512dad50425d8f61a49108664596ff785caf3e,3b5bb4ef4c4e,2026-09-01T15:47:41.076577161Z,2026-09-01T15:47:48.927124598Z,7850.547442,200,fa5bbaa12602c6803fc911cd560f3cd567585f7b4703499b433ac2343ab380c5,,false,miss
calibration-20260902-f,S1-100-r02,S1-100,request-085,d4745ce8b0076d85ef4bad6643512dad50425d8f61a49108664596ff785caf3e,3b5bb4ef4c4e,2026-09-01T15:47:41.032818273Z,2026-09-01T15:47:49.837368239Z,8804.549973,200,fa5bbaa12602c6803fc911cd560f3cd567585f7b4703499b433ac2343ab380c5,,false,miss
calibration-20260902-f,S1-100-r02,S1-100,request-086,d4745ce8b0076d85ef4bad6643512dad50425d8f61a49108664596ff785caf3e,3b5bb4ef4c4e,2026-09-01T15:47:41.032802604Z,2026-09-01T15:48:09.647583065Z,25300.529863,200,fa5bbaa12602c6803fc911cd560f3cd567585f7b4703499b433ac2343ab380c5,,false,miss
calibration-20260902-f,S1-100-r02,S1-100,request-087,d4745ce8b0076d85ef4bad6643512dad50425d8f61a49108664596ff785caf3e,3b5bb4ef4c4e,2026-09-01T15:47:41.03277453Z,2026-09-01T15:48:08.236299222Z,23889.274096,200,fa5bbaa12602c6803fc911cd560f3cd567585f7b4703499b433ac2343ab380c5,,false,miss
calibration-20260902-f,S1-100-r02,S1-100,request-088,d4745ce8b0076d85ef4bad6643512dad50425d8f61a49108664596ff785caf3e,3b5bb4ef4c4e,2026-09-01T15:47:41.032759297Z,2026-09-01T15:47:47.640984128Z,6608.224833,200,fa5bbaa12602c6803fc911cd560f3cd567585f7b4703499b433ac2343ab380c5,,false,miss
calibration-20260902-f,S1-100-r02,S1-100,request-089,d4745ce8b0076d85ef4bad6643512dad50425d8f61a49108664596ff785caf3e,3b5bb4ef4c4e,2026-09-01T15:47:41.032733625Z,2026-09-01T15:48:07.34360643Z,22996.622214,200,fa5bbaa12602c6803fc911cd560f3cd567585f7b4703499b433ac2343ab380c5,,false,miss
calibration-20260902-f,S1-100-r02,S1-100,request-090,d4745ce8b0076d85ef4bad6643512dad50425d8f61a49108664596ff785caf3e,3b5bb4ef4c4e,2026-09-01T15:47:41.032705545Z,2026-09-01T15:47:48.435250684Z,7402.545150,200,fa5bbaa12602c6803fc911cd560f3cd567585f7b4703499b433ac2343ab380c5,,false,miss
calibration-20260902-f,S1-100-r02,S1-100,request-091,d4745ce8b0076d85ef4bad6643512dad50425d8f61a49108664596ff785caf3e,3b5bb4ef4c4e,2026-09-01T15:47:41.032682498Z,2026-09-01T15:47:46.229961516Z,5197.279023,200,fa5bbaa12602c6803fc911cd560f3cd567585f7b4703499b433ac2343ab380c5,,false,miss
calibration-20260902-f,S1-100-r02,S1-100,request-092,d4745ce8b0076d85ef4bad6643512dad50425d8f61a49108664596ff785caf3e,3b5bb4ef4c4e,2026-09-01T15:47:41.032628532Z,2026-09-01T15:47:46.027134704Z,4994.506175,200,fa5bbaa12602c6803fc911cd560f3cd567585f7b4703499b433ac2343ab380c5,,false,miss
calibration-20260902-f,S1-100-r02,S1-100,request-093,d4745ce8b0076d85ef4bad6643512dad50425d8f61a49108664596ff785caf3e,3b5bb4ef4c4e,2026-09-01T15:47:41.032231119Z,2026-09-01T15:48:12.043677873Z,27697.196149,200,fa5bbaa12602c6803fc911cd560f3cd567585f7b4703499b433ac2343ab380c5,,false,miss
calibration-20260902-f,S1-100-r02,S1-100,request-094,d4745ce8b0076d85ef4bad6643512dad50425d8f61a49108664596ff785caf3e,3b5bb4ef4c4e,2026-09-01T15:47:41.032088945Z,2026-09-01T15:48:01.635103776Z,20603.014835,200,fa5bbaa12602c6803fc911cd560f3cd567585f7b4703499b433ac2343ab380c5,,false,miss
calibration-20260902-f,S1-100-r02,S1-100,request-095,d4745ce8b0076d85ef4bad6643512dad50425d8f61a49108664596ff785caf3e,3b5bb4ef4c4e,2026-09-01T15:47:41.031961423Z,2026-09-01T15:48:01.134215018Z,20102.253609,200,fa5bbaa12602c6803fc911cd560f3cd567585f7b4703499b433ac2343ab380c5,,false,miss
calibration-20260902-f,S1-100-r02,S1-100,request-096,d4745ce8b0076d85ef4bad6643512dad50425d8f61a49108664596ff785caf3e,3b5bb4ef4c4e,2026-09-01T15:47:41.031876229Z,2026-09-01T15:48:00.42851606Z,19396.639838,200,fa5bbaa12602c6803fc911cd560f3cd567585f7b4703499b433ac2343ab380c5,,false,miss
calibration-20260902-f,S1-100-r02,S1-100,request-097,d4745ce8b0076d85ef4bad6643512dad50425d8f61a49108664596ff785caf3e,3b5bb4ef4c4e,2026-09-01T15:47:41.03181569Z,2026-09-01T15:48:00.236377656Z,19204.561977,200,fa5bbaa12602c6803fc911cd560f3cd567585f7b4703499b433ac2343ab380c5,,false,miss
calibration-20260902-f,S1-100-r02,S1-100,request-098,d4745ce8b0076d85ef4bad6643512dad50425d8f61a49108664596ff785caf3e,3b5bb4ef4c4e,2026-09-01T15:47:41.031787184Z,2026-09-01T15:48:00.727994579Z,19696.207394,200,fa5bbaa12602c6803fc911cd560f3cd567585f7b4703499b433ac2343ab380c5,,false,miss
calibration-20260902-f,S1-100-r02,S1-100,request-099,d4745ce8b0076d85ef4bad6643512dad50425d8f61a49108664596ff785caf3e,3b5bb4ef4c4e,2026-09-01T15:47:41.031629195Z,2026-09-01T15:47:59.439675894Z,18408.046700,200,fa5bbaa12602c6803fc911cd560f3cd567585f7b4703499b433ac2343ab380c5,,false,miss
calibration-20260902-f,S1-100-r02,S1-100,request-100,d4745ce8b0076d85ef4bad6643512dad50425d8f61a49108664596ff785caf3e,3b5bb4ef4c4e,2026-09-01T15:47:41.100470169Z,2026-09-01T15:47:50.938340238Z,9837.870080,200,fa5bbaa12602c6803fc911cd560f3cd567585f7b4703499b433ac2343ab380c5,,false,miss
calibration-20260902-f,S2-100-r02,S2-100,request-001,d4745ce8b0076d85ef4bad6643512dad50425d8f61a49108664596ff785caf3e,3b5bb4ef4c4e,2026-09-01T15:48:16.222638119Z,2026-09-01T15:48:16.496938929Z,274.300809,200,fa5bbaa12602c6803fc911cd560f3cd567585f7b4703499b433ac2343ab380c5,,true,miss
calibration-20260902-f,S2-100-r02,S2-100,request-002,d4745ce8b0076d85ef4bad6643512dad50425d8f61a49108664596ff785caf3e,3b5bb4ef4c4e,2026-09-01T15:48:16.195332837Z,2026-09-01T15:48:16.499085102Z,303.752271,200,fa5bbaa12602c6803fc911cd560f3cd567585f7b4703499b433ac2343ab380c5,,true,miss
calibration-20260902-f,S2-100-r02,S2-100,request-003,d4745ce8b0076d85ef4bad6643512dad50425d8f61a49108664596ff785caf3e,3b5bb4ef4c4e,2026-09-01T15:48:16.195317754Z,2026-09-01T15:48:16.496567469Z,301.249720,200,fa5bbaa12602c6803fc911cd560f3cd567585f7b4703499b433ac2343ab380c5,,true,miss
calibration-20260902-f,S2-100-r02,S2-100,request-004,d4745ce8b0076d85ef4bad6643512dad50425d8f61a49108664596ff785caf3e,3b5bb4ef4c4e,2026-09-01T15:48:16.195299061Z,2026-09-01T15:48:16.495823689Z,300.524634,200,fa5bbaa12602c6803fc911cd560f3cd567585f7b4703499b433ac2343ab380c5,,true,miss
calibration-20260902-f,S2-100-r02,S2-100,request-005,d4745ce8b0076d85ef4bad6643512dad50425d8f61a49108664596ff785caf3e,3b5bb4ef4c4e,2026-09-01T15:48:16.195284487Z,2026-09-01T15:48:16.495550272Z,300.265786,200,fa5bbaa12602c6803fc911cd560f3cd567585f7b4703499b433ac2343ab380c5,,true,miss
calibration-20260902-f,S2-100-r02,S2-100,request-006,d4745ce8b0076d85ef4bad6643512dad50425d8f61a49108664596ff785caf3e,3b5bb4ef4c4e,2026-09-01T15:48:16.195269257Z,2026-09-01T15:48:16.499025486Z,303.756232,200,fa5bbaa12602c6803fc911cd560f3cd567585f7b4703499b433ac2343ab380c5,,true,miss
calibration-20260902-f,S2-100-r02,S2-100,request-007,d4745ce8b0076d85ef4bad6643512dad50425d8f61a49108664596ff785caf3e,3b5bb4ef4c4e,2026-09-01T15:48:16.195253528Z,2026-09-01T15:48:16.496927977Z,301.674453,200,fa5bbaa12602c6803fc911cd560f3cd567585f7b4703499b433ac2343ab380c5,,true,miss
calibration-20260902-f,S2-100-r02,S2-100,request-008,d4745ce8b0076d85ef4bad6643512dad50425d8f61a49108664596ff785caf3e,3b5bb4ef4c4e,2026-09-01T15:48:16.195237717Z,2026-09-01T15:48:16.496614745Z,301.377035,200,fa5bbaa12602c6803fc911cd560f3cd567585f7b4703499b433ac2343ab380c5,,true,miss
calibration-20260902-f,S2-100-r02,S2-100,request-009,d4745ce8b0076d85ef4bad6643512dad50425d8f61a49108664596ff785caf3e,3b5bb4ef4c4e,2026-09-01T15:48:16.195223Z,2026-09-01T15:48:16.499308125Z,304.085140,200,fa5bbaa12602c6803fc911cd560f3cd567585f7b4703499b433ac2343ab380c5,,true,miss
calibration-20260902-f,S2-100-r02,S2-100,request-010,d4745ce8b0076d85ef4bad6643512dad50425d8f61a49108664596ff785caf3e,3b5bb4ef4c4e,2026-09-01T15:48:16.195207222Z,2026-09-01T15:48:16.495569156Z,300.361942,200,fa5bbaa12602c6803fc911cd560f3cd567585f7b4703499b433ac2343ab380c5,,true,miss
calibration-20260902-f,S2-100-r02,S2-100,request-011,d4745ce8b0076d85ef4bad6643512dad50425d8f61a49108664596ff785caf3e,3b5bb4ef4c4e,2026-09-01T15:48:16.195190154Z,2026-09-01T15:48:16.498488933Z,303.298785,200,fa5bbaa12602c6803fc911cd560f3cd567585f7b4703499b433ac2343ab380c5,,true,miss
calibration-20260902-f,S2-100-r02,S2-100,request-012,d4745ce8b0076d85ef4bad6643512dad50425d8f61a49108664596ff785caf3e,3b5bb4ef4c4e,2026-09-01T15:48:16.195171295Z,2026-09-01T15:48:16.493193681Z,298.022392,200,fa5bbaa12602c6803fc911cd560f3cd567585f7b4703499b433ac2343ab380c5,,true,miss
calibration-20260902-f,S2-100-r02,S2-100,request-013,d4745ce8b0076d85ef4bad6643512dad50425d8f61a49108664596ff785caf3e,3b5bb4ef4c4e,2026-09-01T15:48:16.195153869Z,2026-09-01T15:48:16.498186541Z,303.032673,200,fa5bbaa12602c6803fc911cd560f3cd567585f7b4703499b433ac2343ab380c5,,true,miss
calibration-20260902-f,S2-100-r02,S2-100,request-014,d4745ce8b0076d85ef4bad6643512dad50425d8f61a49108664596ff785caf3e,3b5bb4ef4c4e,2026-09-01T15:48:16.19512966Z,2026-09-01T15:48:16.499055552Z,303.925893,200,fa5bbaa12602c6803fc911cd560f3cd567585f7b4703499b433ac2343ab380c5,,true,miss
calibration-20260902-f,S2-100-r02,S2-100,request-015,d4745ce8b0076d85ef4bad6643512dad50425d8f61a49108664596ff785caf3e,3b5bb4ef4c4e,2026-09-01T15:48:16.19511349Z,2026-09-01T15:48:16.49837711Z,303.263622,200,fa5bbaa12602c6803fc911cd560f3cd567585f7b4703499b433ac2343ab380c5,,true,miss
calibration-20260902-f,S2-100-r02,S2-100,request-016,d4745ce8b0076d85ef4bad6643512dad50425d8f61a49108664596ff785caf3e,3b5bb4ef4c4e,2026-09-01T15:48:16.195069446Z,2026-09-01T15:48:16.496624582Z,301.555142,200,fa5bbaa12602c6803fc911cd560f3cd567585f7b4703499b433ac2343ab380c5,,true,miss
calibration-20260902-f,S2-100-r02,S2-100,request-017,d4745ce8b0076d85ef4bad6643512dad50425d8f61a49108664596ff785caf3e,3b5bb4ef4c4e,2026-09-01T15:48:16.195006601Z,2026-09-01T15:48:16.495340699Z,300.334097,200,fa5bbaa12602c6803fc911cd560f3cd567585f7b4703499b433ac2343ab380c5,,true,miss
calibration-20260902-f,S2-100-r02,S2-100,request-018,d4745ce8b0076d85ef4bad6643512dad50425d8f61a49108664596ff785caf3e,3b5bb4ef4c4e,2026-09-01T15:48:16.194986199Z,2026-09-01T15:48:16.498454513Z,303.468292,200,fa5bbaa12602c6803fc911cd560f3cd567585f7b4703499b433ac2343ab380c5,,true,miss
calibration-20260902-f,S2-100-r02,S2-100,request-019,d4745ce8b0076d85ef4bad6643512dad50425d8f61a49108664596ff785caf3e,3b5bb4ef4c4e,2026-09-01T15:48:16.19497082Z,2026-09-01T15:48:16.499132504Z,304.161690,200,fa5bbaa12602c6803fc911cd560f3cd567585f7b4703499b433ac2343ab380c5,,true,miss
calibration-20260902-f,S2-100-r02,S2-100,request-020,d4745ce8b0076d85ef4bad6643512dad50425d8f61a49108664596ff785caf3e,3b5bb4ef4c4e,2026-09-01T15:48:16.194951758Z,2026-09-01T15:48:16.49697528Z,302.023528,200,fa5bbaa12602c6803fc911cd560f3cd567585f7b4703499b433ac2343ab380c5,,true,miss
calibration-20260902-f,S2-100-r02,S2-100,request-021,d4745ce8b0076d85ef4bad6643512dad50425d8f61a49108664596ff785caf3e,3b5bb4ef4c4e,2026-09-01T15:48:16.194907184Z,2026-09-01T15:48:16.496089155Z,301.181973,200,fa5bbaa12602c6803fc911cd560f3cd567585f7b4703499b433ac2343ab380c5,,true,miss
calibration-20260902-f,S2-100-r02,S2-100,request-022,d4745ce8b0076d85ef4bad6643512dad50425d8f61a49108664596ff785caf3e,3b5bb4ef4c4e,2026-09-01T15:48:16.194850466Z,2026-09-01T15:48:16.49421612Z,299.365655,200,fa5bbaa12602c6803fc911cd560f3cd567585f7b4703499b433ac2343ab380c5,,true,miss
calibration-20260902-f,S2-100-r02,S2-100,request-023,d4745ce8b0076d85ef4bad6643512dad50425d8f61a49108664596ff785caf3e,3b5bb4ef4c4e,2026-09-01T15:48:16.194793357Z,2026-09-01T15:48:16.495033704Z,300.240351,200,fa5bbaa12602c6803fc911cd560f3cd567585f7b4703499b433ac2343ab380c5,,true,miss
calibration-20260902-f,S2-100-r02,S2-100,request-024,d4745ce8b0076d85ef4bad6643512dad50425d8f61a49108664596ff785caf3e,3b5bb4ef4c4e,2026-09-01T15:48:16.177853011Z,2026-09-01T15:48:16.497034238Z,319.181234,200,fa5bbaa12602c6803fc911cd560f3cd567585f7b4703499b433ac2343ab380c5,,true,miss
calibration-20260902-f,S2-100-r02,S2-100,request-025,d4745ce8b0076d85ef4bad6643512dad50425d8f61a49108664596ff785caf3e,3b5bb4ef4c4e,2026-09-01T15:48:16.222727524Z,2026-09-01T15:48:16.497366668Z,274.639150,200,fa5bbaa12602c6803fc911cd560f3cd567585f7b4703499b433ac2343ab380c5,,true,miss
calibration-20260902-f,S2-100-r02,S2-100,request-026,d4745ce8b0076d85ef4bad6643512dad50425d8f61a49108664596ff785caf3e,3b5bb4ef4c4e,2026-09-01T15:48:16.222611333Z,2026-09-01T15:48:16.499200362Z,276.589030,200,fa5bbaa12602c6803fc911cd560f3cd567585f7b4703499b433ac2343ab380c5,,true,miss
calibration-20260902-f,S2-100-r02,S2-100,request-027,d4745ce8b0076d85ef4bad6643512dad50425d8f61a49108664596ff785caf3e,3b5bb4ef4c4e,2026-09-01T15:48:16.19536179Z,2026-09-01T15:48:16.49560675Z,300.244963,200,fa5bbaa12602c6803fc911cd560f3cd567585f7b4703499b433ac2343ab380c5,,true,miss
calibration-20260902-f,S2-100-r02,S2-100,request-028,d4745ce8b0076d85ef4bad6643512dad50425d8f61a49108664596ff785caf3e,3b5bb4ef4c4e,2026-09-01T15:48:16.195346369Z,2026-09-01T15:48:16.49678785Z,301.441483,200,fa5bbaa12602c6803fc911cd560f3cd567585f7b4703499b433ac2343ab380c5,,true,miss
calibration-20260902-f,S2-100-r02,S2-100,request-029,d4745ce8b0076d85ef4bad6643512dad50425d8f61a49108664596ff785caf3e,3b5bb4ef4c4e,2026-09-01T15:48:16.195331624Z,2026-09-01T15:48:16.496683375Z,301.351758,200,fa5bbaa12602c6803fc911cd560f3cd567585f7b4703499b433ac2343ab380c5,,true,miss
calibration-20260902-f,S2-100-r02,S2-100,request-030,d4745ce8b0076d85ef4bad6643512dad50425d8f61a49108664596ff785caf3e,3b5bb4ef4c4e,2026-09-01T15:48:16.195314312Z,2026-09-01T15:48:16.496243807Z,300.929501,200,fa5bbaa12602c6803fc911cd560f3cd567585f7b4703499b433ac2343ab380c5,,true,miss
calibration-20260902-f,S2-100-r02,S2-100,request-031,d4745ce8b0076d85ef4bad6643512dad50425d8f61a49108664596ff785caf3e,3b5bb4ef4c4e,2026-09-01T15:48:16.19529559Z,2026-09-01T15:48:16.49566398Z,300.368386,200,fa5bbaa12602c6803fc911cd560f3cd567585f7b4703499b433ac2343ab380c5,,true,miss
calibration-20260902-f,S2-100-r02,S2-100,request-032,d4745ce8b0076d85ef4bad6643512dad50425d8f61a49108664596ff785caf3e,3b5bb4ef4c4e,2026-09-01T15:48:16.195274307Z,2026-09-01T15:48:16.495192923Z,299.918612,200,fa5bbaa12602c6803fc911cd560f3cd567585f7b4703499b433ac2343ab380c5,,true,miss
calibration-20260902-f,S2-100-r02,S2-100,request-033,d4745ce8b0076d85ef4bad6643512dad50425d8f61a49108664596ff785caf3e,3b5bb4ef4c4e,2026-09-01T15:48:16.195259334Z,2026-09-01T15:48:16.49820382Z,302.944485,200,fa5bbaa12602c6803fc911cd560f3cd567585f7b4703499b433ac2343ab380c5,,true,miss
calibration-20260902-f,S2-100-r02,S2-100,request-034,d4745ce8b0076d85ef4bad6643512dad50425d8f61a49108664596ff785caf3e,3b5bb4ef4c4e,2026-09-01T15:48:16.195242622Z,2026-09-01T15:48:16.496821392Z,301.578770,200,fa5bbaa12602c6803fc911cd560f3cd567585f7b4703499b433ac2343ab380c5,,true,miss
calibration-20260902-f,S2-100-r02,S2-100,request-035,d4745ce8b0076d85ef4bad6643512dad50425d8f61a49108664596ff785caf3e,3b5bb4ef4c4e,2026-09-01T15:48:16.195227687Z,2026-09-01T15:48:16.499248722Z,304.021033,200,fa5bbaa12602c6803fc911cd560f3cd567585f7b4703499b433ac2343ab380c5,,true,miss
calibration-20260902-f,S2-100-r02,S2-100,request-036,d4745ce8b0076d85ef4bad6643512dad50425d8f61a49108664596ff785caf3e,3b5bb4ef4c4e,2026-09-01T15:48:16.19521267Z,2026-09-01T15:48:16.495916422Z,300.703747,200,fa5bbaa12602c6803fc911cd560f3cd567585f7b4703499b433ac2343ab380c5,,true,miss
calibration-20260902-f,S2-100-r02,S2-100,request-037,d4745ce8b0076d85ef4bad6643512dad50425d8f61a49108664596ff785caf3e,3b5bb4ef4c4e,2026-09-01T15:48:16.195195046Z,2026-09-01T15:48:16.495099844Z,299.904797,200,fa5bbaa12602c6803fc911cd560f3cd567585f7b4703499b433ac2343ab380c5,,true,miss
calibration-20260902-f,S2-100-r02,S2-100,request-038,d4745ce8b0076d85ef4bad6643512dad50425d8f61a49108664596ff785caf3e,3b5bb4ef4c4e,2026-09-01T15:48:16.195164784Z,2026-09-01T15:48:16.494790334Z,299.625552,200,fa5bbaa12602c6803fc911cd560f3cd567585f7b4703499b433ac2343ab380c5,,true,miss
calibration-20260902-f,S2-100-r02,S2-100,request-039,d4745ce8b0076d85ef4bad6643512dad50425d8f61a49108664596ff785caf3e,3b5bb4ef4c4e,2026-09-01T15:48:16.195128386Z,2026-09-01T15:48:16.497954644Z,302.826263,200,fa5bbaa12602c6803fc911cd560f3cd567585f7b4703499b433ac2343ab380c5,,true,miss
calibration-20260902-f,S2-100-r02,S2-100,request-040,d4745ce8b0076d85ef4bad6643512dad50425d8f61a49108664596ff785caf3e,3b5bb4ef4c4e,2026-09-01T15:48:16.195114129Z,2026-09-01T15:48:16.497982163Z,302.868041,200,fa5bbaa12602c6803fc911cd560f3cd567585f7b4703499b433ac2343ab380c5,,true,miss
calibration-20260902-f,S2-100-r02,S2-100,request-041,d4745ce8b0076d85ef4bad6643512dad50425d8f61a49108664596ff785caf3e,3b5bb4ef4c4e,2026-09-01T15:48:16.195096363Z,2026-09-01T15:48:16.497172561Z,302.076205,200,fa5bbaa12602c6803fc911cd560f3cd567585f7b4703499b433ac2343ab380c5,,true,miss
calibration-20260902-f,S2-100-r02,S2-100,request-042,d4745ce8b0076d85ef4bad6643512dad50425d8f61a49108664596ff785caf3e,3b5bb4ef4c4e,2026-09-01T15:48:16.195074869Z,2026-09-01T15:48:16.496835611Z,301.760748,200,fa5bbaa12602c6803fc911cd560f3cd567585f7b4703499b433ac2343ab380c5,,true,miss
calibration-20260902-f,S2-100-r02,S2-100,request-043,d4745ce8b0076d85ef4bad6643512dad50425d8f61a49108664596ff785caf3e,3b5bb4ef4c4e,2026-09-01T15:48:16.195051031Z,2026-09-01T15:48:16.495471139Z,300.420115,200,fa5bbaa12602c6803fc911cd560f3cd567585f7b4703499b433ac2343ab380c5,,true,miss
calibration-20260902-f,S2-100-r02,S2-100,request-044,d4745ce8b0076d85ef4bad6643512dad50425d8f61a49108664596ff785caf3e,3b5bb4ef4c4e,2026-09-01T15:48:16.195035767Z,2026-09-01T15:48:16.49914396Z,304.108199,200,fa5bbaa12602c6803fc911cd560f3cd567585f7b4703499b433ac2343ab380c5,,true,miss
calibration-20260902-f,S2-100-r02,S2-100,request-045,d4745ce8b0076d85ef4bad6643512dad50425d8f61a49108664596ff785caf3e,3b5bb4ef4c4e,2026-09-01T15:48:16.195017058Z,2026-09-01T15:48:16.498333744Z,303.316692,200,fa5bbaa12602c6803fc911cd560f3cd567585f7b4703499b433ac2343ab380c5,,true,miss
calibration-20260902-f,S2-100-r02,S2-100,request-046,d4745ce8b0076d85ef4bad6643512dad50425d8f61a49108664596ff785caf3e,3b5bb4ef4c4e,2026-09-01T15:48:16.194999962Z,2026-09-01T15:48:16.499102727Z,304.102772,200,fa5bbaa12602c6803fc911cd560f3cd567585f7b4703499b433ac2343ab380c5,,true,miss
calibration-20260902-f,S2-100-r02,S2-100,request-047,d4745ce8b0076d85ef4bad6643512dad50425d8f61a49108664596ff785caf3e,3b5bb4ef4c4e,2026-09-01T15:48:16.194984563Z,2026-09-01T15:48:16.498010542Z,303.025985,200,fa5bbaa12602c6803fc911cd560f3cd567585f7b4703499b433ac2343ab380c5,,true,miss
calibration-20260902-f,S2-100-r02,S2-100,request-048,d4745ce8b0076d85ef4bad6643512dad50425d8f61a49108664596ff785caf3e,3b5bb4ef4c4e,2026-09-01T15:48:16.194969295Z,2026-09-01T15:48:16.497136641Z,302.167353,200,fa5bbaa12602c6803fc911cd560f3cd567585f7b4703499b433ac2343ab380c5,,true,miss
calibration-20260902-f,S2-100-r02,S2-100,request-049,d4745ce8b0076d85ef4bad6643512dad50425d8f61a49108664596ff785caf3e,3b5bb4ef4c4e,2026-09-01T15:48:16.194952205Z,2026-09-01T15:48:16.496875212Z,301.923009,200,fa5bbaa12602c6803fc911cd560f3cd567585f7b4703499b433ac2343ab380c5,,true,miss
calibration-20260902-f,S2-100-r02,S2-100,request-050,d4745ce8b0076d85ef4bad6643512dad50425d8f61a49108664596ff785caf3e,3b5bb4ef4c4e,2026-09-01T15:48:16.194936589Z,2026-09-01T15:48:16.496724951Z,301.788367,200,fa5bbaa12602c6803fc911cd560f3cd567585f7b4703499b433ac2343ab380c5,,true,miss
calibration-20260902-f,S2-100-r02,S2-100,request-051,d4745ce8b0076d85ef4bad6643512dad50425d8f61a49108664596ff785caf3e,3b5bb4ef4c4e,2026-09-01T15:48:16.194917323Z,2026-09-01T15:48:16.498953209Z,304.035892,200,fa5bbaa12602c6803fc911cd560f3cd567585f7b4703499b433ac2343ab380c5,,true,miss
calibration-20260902-f,S2-100-r02,S2-100,request-052,d4745ce8b0076d85ef4bad6643512dad50425d8f61a49108664596ff785caf3e,3b5bb4ef4c4e,2026-09-01T15:48:16.194897363Z,2026-09-01T15:48:16.495676327Z,300.778965,200,fa5bbaa12602c6803fc911cd560f3cd567585f7b4703499b433ac2343ab380c5,,true,miss
calibration-20260902-f,S2-100-r02,S2-100,request-053,d4745ce8b0076d85ef4bad6643512dad50425d8f61a49108664596ff785caf3e,3b5bb4ef4c4e,2026-09-01T15:48:16.19487114Z,2026-09-01T15:48:16.49803965Z,303.168517,200,fa5bbaa12602c6803fc911cd560f3cd567585f7b4703499b433ac2343ab380c5,,true,miss
calibration-20260902-f,S2-100-r02,S2-100,request-054,d4745ce8b0076d85ef4bad6643512dad50425d8f61a49108664596ff785caf3e,3b5bb4ef4c4e,2026-09-01T15:48:16.194846635Z,2026-09-01T15:48:16.499278206Z,304.431574,200,fa5bbaa12602c6803fc911cd560f3cd567585f7b4703499b433ac2343ab380c5,,true,miss
calibration-20260902-f,S2-100-r02,S2-100,request-055,d4745ce8b0076d85ef4bad6643512dad50425d8f61a49108664596ff785caf3e,3b5bb4ef4c4e,2026-09-01T15:48:16.194801625Z,2026-09-01T15:48:16.49804471Z,303.243092,200,fa5bbaa12602c6803fc911cd560f3cd567585f7b4703499b433ac2343ab380c5,,true,miss
calibration-20260902-f,S2-100-r02,S2-100,request-056,d4745ce8b0076d85ef4bad6643512dad50425d8f61a49108664596ff785caf3e,3b5bb4ef4c4e,2026-09-01T15:48:16.194783928Z,2026-09-01T15:48:16.499114976Z,304.331055,200,fa5bbaa12602c6803fc911cd560f3cd567585f7b4703499b433ac2343ab380c5,,true,miss
calibration-20260902-f,S2-100-r02,S2-100,request-057,d4745ce8b0076d85ef4bad6643512dad50425d8f61a49108664596ff785caf3e,3b5bb4ef4c4e,2026-09-01T15:48:16.194758313Z,2026-09-01T15:48:16.498096333Z,303.338022,200,fa5bbaa12602c6803fc911cd560f3cd567585f7b4703499b433ac2343ab380c5,,true,miss
calibration-20260902-f,S2-100-r02,S2-100,request-058,d4745ce8b0076d85ef4bad6643512dad50425d8f61a49108664596ff785caf3e,3b5bb4ef4c4e,2026-09-01T15:48:16.195094073Z,2026-09-01T15:48:16.496987167Z,301.893092,200,fa5bbaa12602c6803fc911cd560f3cd567585f7b4703499b433ac2343ab380c5,,true,miss
calibration-20260902-f,S2-100-r02,S2-100,request-059,d4745ce8b0076d85ef4bad6643512dad50425d8f61a49108664596ff785caf3e,3b5bb4ef4c4e,2026-09-01T15:48:16.195053264Z,2026-09-01T15:48:16.496077568Z,301.024309,200,fa5bbaa12602c6803fc911cd560f3cd567585f7b4703499b433ac2343ab380c5,,true,miss
calibration-20260902-f,S2-100-r02,S2-100,request-060,d4745ce8b0076d85ef4bad6643512dad50425d8f61a49108664596ff785caf3e,3b5bb4ef4c4e,2026-09-01T15:48:16.195037224Z,2026-09-01T15:48:16.498088606Z,303.051389,200,fa5bbaa12602c6803fc911cd560f3cd567585f7b4703499b433ac2343ab380c5,,true,miss
calibration-20260902-f,S2-100-r02,S2-100,request-061,d4745ce8b0076d85ef4bad6643512dad50425d8f61a49108664596ff785caf3e,3b5bb4ef4c4e,2026-09-01T15:48:16.195021005Z,2026-09-01T15:48:16.498000632Z,302.979631,200,fa5bbaa12602c6803fc911cd560f3cd567585f7b4703499b433ac2343ab380c5,,true,miss
calibration-20260902-f,S2-100-r02,S2-100,request-062,d4745ce8b0076d85ef4bad6643512dad50425d8f61a49108664596ff785caf3e,3b5bb4ef4c4e,2026-09-01T15:48:16.194931668Z,2026-09-01T15:48:16.499228609Z,304.296947,200,fa5bbaa12602c6803fc911cd560f3cd567585f7b4703499b433ac2343ab380c5,,true,miss
calibration-20260902-f,S2-100-r02,S2-100,request-063,d4745ce8b0076d85ef4bad6643512dad50425d8f61a49108664596ff785caf3e,3b5bb4ef4c4e,2026-09-01T15:48:16.194880643Z,2026-09-01T15:48:16.495246204Z,300.365567,200,fa5bbaa12602c6803fc911cd560f3cd567585f7b4703499b433ac2343ab380c5,,true,miss
calibration-20260902-f,S2-100-r02,S2-100,request-064,d4745ce8b0076d85ef4bad6643512dad50425d8f61a49108664596ff785caf3e,3b5bb4ef4c4e,2026-09-01T15:48:16.19473435Z,2026-09-01T15:48:16.498902396Z,304.168052,200,fa5bbaa12602c6803fc911cd560f3cd567585f7b4703499b433ac2343ab380c5,,true,miss
calibration-20260902-f,S2-100-r02,S2-100,request-065,d4745ce8b0076d85ef4bad6643512dad50425d8f61a49108664596ff785caf3e,3b5bb4ef4c4e,2026-09-01T15:48:16.222752531Z,2026-09-01T15:48:16.497952312Z,275.199789,200,fa5bbaa12602c6803fc911cd560f3cd567585f7b4703499b433ac2343ab380c5,,true,miss
calibration-20260902-f,S2-100-r02,S2-100,request-066,d4745ce8b0076d85ef4bad6643512dad50425d8f61a49108664596ff785caf3e,3b5bb4ef4c4e,2026-09-01T15:48:16.170749286Z,2026-09-01T15:48:16.499287744Z,328.538472,200,fa5bbaa12602c6803fc911cd560f3cd567585f7b4703499b433ac2343ab380c5,,true,miss
calibration-20260902-f,S2-100-r02,S2-100,request-067,d4745ce8b0076d85ef4bad6643512dad50425d8f61a49108664596ff785caf3e,3b5bb4ef4c4e,2026-09-01T15:48:16.177898714Z,2026-09-01T15:48:16.498238512Z,320.339803,200,fa5bbaa12602c6803fc911cd560f3cd567585f7b4703499b433ac2343ab380c5,,true,miss
calibration-20260902-f,S2-100-r02,S2-100,request-068,d4745ce8b0076d85ef4bad6643512dad50425d8f61a49108664596ff785caf3e,3b5bb4ef4c4e,2026-09-01T15:48:16.170873177Z,2026-09-01T15:48:16.498716274Z,327.843096,200,fa5bbaa12602c6803fc911cd560f3cd567585f7b4703499b433ac2343ab380c5,,true,miss
calibration-20260902-f,S2-100-r02,S2-100,request-069,d4745ce8b0076d85ef4bad6643512dad50425d8f61a49108664596ff785caf3e,3b5bb4ef4c4e,2026-09-01T15:48:16.170845375Z,2026-09-01T15:48:16.496888383Z,326.043008,200,fa5bbaa12602c6803fc911cd560f3cd567585f7b4703499b433ac2343ab380c5,,true,miss
calibration-20260902-f,S2-100-r02,S2-100,request-070,d4745ce8b0076d85ef4bad6643512dad50425d8f61a49108664596ff785caf3e,3b5bb4ef4c4e,2026-09-01T15:48:16.170794197Z,2026-09-01T15:48:16.496741108Z,325.946914,200,fa5bbaa12602c6803fc911cd560f3cd567585f7b4703499b433ac2343ab380c5,,true,miss
calibration-20260902-f,S2-100-r02,S2-100,request-071,d4745ce8b0076d85ef4bad6643512dad50425d8f61a49108664596ff785caf3e,3b5bb4ef4c4e,2026-09-01T15:48:16.17077964Z,2026-09-01T15:48:16.496319779Z,325.540145,200,fa5bbaa12602c6803fc911cd560f3cd567585f7b4703499b433ac2343ab380c5,,true,miss
calibration-20260902-f,S2-100-r02,S2-100,request-072,d4745ce8b0076d85ef4bad6643512dad50425d8f61a49108664596ff785caf3e,3b5bb4ef4c4e,2026-09-01T15:48:16.17076495Z,2026-09-01T15:48:16.495714582Z,324.949639,200,fa5bbaa12602c6803fc911cd560f3cd567585f7b4703499b433ac2343ab380c5,,true,miss
calibration-20260902-f,S2-100-r02,S2-100,request-073,d4745ce8b0076d85ef4bad6643512dad50425d8f61a49108664596ff785caf3e,3b5bb4ef4c4e,2026-09-01T15:48:16.169362836Z,2026-09-01T15:48:16.49677305Z,327.410215,200,fa5bbaa12602c6803fc911cd560f3cd567585f7b4703499b433ac2343ab380c5,,true,miss
calibration-20260902-f,S2-100-r02,S2-100,request-074,d4745ce8b0076d85ef4bad6643512dad50425d8f61a49108664596ff785caf3e,3b5bb4ef4c4e,2026-09-01T15:48:16.169579152Z,2026-09-01T15:48:16.495185767Z,325.606615,200,fa5bbaa12602c6803fc911cd560f3cd567585f7b4703499b433ac2343ab380c5,,true,miss
calibration-20260902-f,S2-100-r02,S2-100,request-075,d4745ce8b0076d85ef4bad6643512dad50425d8f61a49108664596ff785caf3e,3b5bb4ef4c4e,2026-09-01T15:48:16.169560225Z,2026-09-01T15:48:16.496673234Z,327.113010,200,fa5bbaa12602c6803fc911cd560f3cd567585f7b4703499b433ac2343ab380c5,,true,miss
calibration-20260902-f,S2-100-r02,S2-100,request-076,d4745ce8b0076d85ef4bad6643512dad50425d8f61a49108664596ff785caf3e,3b5bb4ef4c4e,2026-09-01T15:48:16.169539722Z,2026-09-01T15:48:16.496568386Z,327.028669,200,fa5bbaa12602c6803fc911cd560f3cd567585f7b4703499b433ac2343ab380c5,,true,miss
calibration-20260902-f,S2-100-r02,S2-100,request-077,d4745ce8b0076d85ef4bad6643512dad50425d8f61a49108664596ff785caf3e,3b5bb4ef4c4e,2026-09-01T15:48:16.169524172Z,2026-09-01T15:48:16.49925798Z,329.733815,200,fa5bbaa12602c6803fc911cd560f3cd567585f7b4703499b433ac2343ab380c5,,true,miss
calibration-20260902-f,S2-100-r02,S2-100,request-078,d4745ce8b0076d85ef4bad6643512dad50425d8f61a49108664596ff785caf3e,3b5bb4ef4c4e,2026-09-01T15:48:16.169603746Z,2026-09-01T15:48:16.495311526Z,325.707787,200,fa5bbaa12602c6803fc911cd560f3cd567585f7b4703499b433ac2343ab380c5,,true,miss
calibration-20260902-f,S2-100-r02,S2-100,request-079,d4745ce8b0076d85ef4bad6643512dad50425d8f61a49108664596ff785caf3e,3b5bb4ef4c4e,2026-09-01T15:48:16.169457954Z,2026-09-01T15:48:16.494445937Z,324.987980,200,fa5bbaa12602c6803fc911cd560f3cd567585f7b4703499b433ac2343ab380c5,,true,miss
calibration-20260902-f,S2-100-r02,S2-100,request-080,d4745ce8b0076d85ef4bad6643512dad50425d8f61a49108664596ff785caf3e,3b5bb4ef4c4e,2026-09-01T15:48:16.169503641Z,2026-09-01T15:48:16.499171918Z,329.668279,200,fa5bbaa12602c6803fc911cd560f3cd567585f7b4703499b433ac2343ab380c5,,true,miss
calibration-20260902-f,S2-100-r02,S2-100,request-081,d4745ce8b0076d85ef4bad6643512dad50425d8f61a49108664596ff785caf3e,3b5bb4ef4c4e,2026-09-01T15:48:16.169321013Z,2026-09-01T15:48:16.493780462Z,324.459452,200,fa5bbaa12602c6803fc911cd560f3cd567585f7b4703499b433ac2343ab380c5,,false,miss
calibration-20260902-f,S2-100-r02,S2-100,request-082,d4745ce8b0076d85ef4bad6643512dad50425d8f61a49108664596ff785caf3e,3b5bb4ef4c4e,2026-09-01T15:48:16.169358343Z,2026-09-01T15:48:16.494063169Z,324.704827,200,fa5bbaa12602c6803fc911cd560f3cd567585f7b4703499b433ac2343ab380c5,,true,miss
calibration-20260902-f,S2-100-r02,S2-100,request-083,d4745ce8b0076d85ef4bad6643512dad50425d8f61a49108664596ff785caf3e,3b5bb4ef4c4e,2026-09-01T15:48:16.194645165Z,2026-09-01T15:48:16.499219611Z,304.574447,200,fa5bbaa12602c6803fc911cd560f3cd567585f7b4703499b433ac2343ab380c5,,true,miss
calibration-20260902-f,S2-100-r02,S2-100,request-084,d4745ce8b0076d85ef4bad6643512dad50425d8f61a49108664596ff785caf3e,3b5bb4ef4c4e,2026-09-01T15:48:16.170717552Z,2026-09-01T15:48:16.497472111Z,326.754566,200,fa5bbaa12602c6803fc911cd560f3cd567585f7b4703499b433ac2343ab380c5,,true,miss
calibration-20260902-f,S2-100-r02,S2-100,request-085,d4745ce8b0076d85ef4bad6643512dad50425d8f61a49108664596ff785caf3e,3b5bb4ef4c4e,2026-09-01T15:48:16.170700634Z,2026-09-01T15:48:16.497305Z,326.604372,200,fa5bbaa12602c6803fc911cd560f3cd567585f7b4703499b433ac2343ab380c5,,true,miss
calibration-20260902-f,S2-100-r02,S2-100,request-086,d4745ce8b0076d85ef4bad6643512dad50425d8f61a49108664596ff785caf3e,3b5bb4ef4c4e,2026-09-01T15:48:16.170669886Z,2026-09-01T15:48:16.497022463Z,326.352584,200,fa5bbaa12602c6803fc911cd560f3cd567585f7b4703499b433ac2343ab380c5,,true,miss
calibration-20260902-f,S2-100-r02,S2-100,request-087,d4745ce8b0076d85ef4bad6643512dad50425d8f61a49108664596ff785caf3e,3b5bb4ef4c4e,2026-09-01T15:48:16.170344879Z,2026-09-01T15:48:16.497508338Z,327.163460,200,fa5bbaa12602c6803fc911cd560f3cd567585f7b4703499b433ac2343ab380c5,,true,miss
calibration-20260902-f,S2-100-r02,S2-100,request-088,d4745ce8b0076d85ef4bad6643512dad50425d8f61a49108664596ff785caf3e,3b5bb4ef4c4e,2026-09-01T15:48:16.170222879Z,2026-09-01T15:48:16.495268411Z,325.045528,200,fa5bbaa12602c6803fc911cd560f3cd567585f7b4703499b433ac2343ab380c5,,true,miss
calibration-20260902-f,S2-100-r02,S2-100,request-089,d4745ce8b0076d85ef4bad6643512dad50425d8f61a49108664596ff785caf3e,3b5bb4ef4c4e,2026-09-01T15:48:16.170129902Z,2026-09-01T15:48:16.495118002Z,324.988094,200,fa5bbaa12602c6803fc911cd560f3cd567585f7b4703499b433ac2343ab380c5,,true,miss
calibration-20260902-f,S2-100-r02,S2-100,request-090,d4745ce8b0076d85ef4bad6643512dad50425d8f61a49108664596ff785caf3e,3b5bb4ef4c4e,2026-09-01T15:48:16.170062518Z,2026-09-01T15:48:16.499073806Z,329.011286,200,fa5bbaa12602c6803fc911cd560f3cd567585f7b4703499b433ac2343ab380c5,,true,miss
calibration-20260902-f,S2-100-r02,S2-100,request-091,d4745ce8b0076d85ef4bad6643512dad50425d8f61a49108664596ff785caf3e,3b5bb4ef4c4e,2026-09-01T15:48:16.169927613Z,2026-09-01T15:48:16.498792918Z,328.865312,200,fa5bbaa12602c6803fc911cd560f3cd567585f7b4703499b433ac2343ab380c5,,true,miss
calibration-20260902-f,S2-100-r02,S2-100,request-092,d4745ce8b0076d85ef4bad6643512dad50425d8f61a49108664596ff785caf3e,3b5bb4ef4c4e,2026-09-01T15:48:16.169901337Z,2026-09-01T15:48:16.498596099Z,328.694762,200,fa5bbaa12602c6803fc911cd560f3cd567585f7b4703499b433ac2343ab380c5,,true,miss
calibration-20260902-f,S2-100-r02,S2-100,request-093,d4745ce8b0076d85ef4bad6643512dad50425d8f61a49108664596ff785caf3e,3b5bb4ef4c4e,2026-09-01T15:48:16.169768485Z,2026-09-01T15:48:16.498287785Z,328.519298,200,fa5bbaa12602c6803fc911cd560f3cd567585f7b4703499b433ac2343ab380c5,,true,miss
calibration-20260902-f,S2-100-r02,S2-100,request-094,d4745ce8b0076d85ef4bad6643512dad50425d8f61a49108664596ff785caf3e,3b5bb4ef4c4e,2026-09-01T15:48:16.169742536Z,2026-09-01T15:48:16.496346654Z,326.604119,200,fa5bbaa12602c6803fc911cd560f3cd567585f7b4703499b433ac2343ab380c5,,true,miss
calibration-20260902-f,S2-100-r02,S2-100,request-095,d4745ce8b0076d85ef4bad6643512dad50425d8f61a49108664596ff785caf3e,3b5bb4ef4c4e,2026-09-01T15:48:16.169722446Z,2026-09-01T15:48:16.495927095Z,326.204650,200,fa5bbaa12602c6803fc911cd560f3cd567585f7b4703499b433ac2343ab380c5,,true,miss
calibration-20260902-f,S2-100-r02,S2-100,request-096,d4745ce8b0076d85ef4bad6643512dad50425d8f61a49108664596ff785caf3e,3b5bb4ef4c4e,2026-09-01T15:48:16.169678423Z,2026-09-01T15:48:16.495726354Z,326.047921,200,fa5bbaa12602c6803fc911cd560f3cd567585f7b4703499b433ac2343ab380c5,,true,miss
calibration-20260902-f,S2-100-r02,S2-100,request-097,d4745ce8b0076d85ef4bad6643512dad50425d8f61a49108664596ff785caf3e,3b5bb4ef4c4e,2026-09-01T15:48:16.169658578Z,2026-09-01T15:48:16.495626483Z,325.967908,200,fa5bbaa12602c6803fc911cd560f3cd567585f7b4703499b433ac2343ab380c5,,true,miss
calibration-20260902-f,S2-100-r02,S2-100,request-098,d4745ce8b0076d85ef4bad6643512dad50425d8f61a49108664596ff785caf3e,3b5bb4ef4c4e,2026-09-01T15:48:16.16964276Z,2026-09-01T15:48:16.495482972Z,325.840220,200,fa5bbaa12602c6803fc911cd560f3cd567585f7b4703499b433ac2343ab380c5,,true,miss
calibration-20260902-f,S2-100-r02,S2-100,request-099,d4745ce8b0076d85ef4bad6643512dad50425d8f61a49108664596ff785caf3e,3b5bb4ef4c4e,2026-09-01T15:48:16.169623565Z,2026-09-01T15:48:16.49540639Z,325.782825,200,fa5bbaa12602c6803fc911cd560f3cd567585f7b4703499b433ac2343ab380c5,,true,miss
calibration-20260902-f,S2-100-r02,S2-100,request-100,d4745ce8b0076d85ef4bad6643512dad50425d8f61a49108664596ff785caf3e,3b5bb4ef4c4e,2026-09-01T15:48:16.169322196Z,2026-09-01T15:48:16.498067958Z,328.745764,200,fa5bbaa12602c6803fc911cd560f3cd567585f7b4703499b433ac2343ab380c5,,true,miss
calibration-20260902-f,F1-r01,F1,request-001,d4745ce8b0076d85ef4bad6643512dad50425d8f61a49108664596ff785caf3e,3b5bb4ef4c4e,2026-09-01T15:48:16.843535621Z,2026-09-01T15:48:17.046021241Z,202.485619,500,,http_500,true,miss
calibration-20260902-f,F1-r01,F1,request-002,d4745ce8b0076d85ef4bad6643512dad50425d8f61a49108664596ff785caf3e,3b5bb4ef4c4e,2026-09-01T15:48:16.843530378Z,2026-09-01T15:48:17.045991569Z,202.461192,500,,http_500,true,miss
calibration-20260902-f,F1-r01,F1,request-003,d4745ce8b0076d85ef4bad6643512dad50425d8f61a49108664596ff785caf3e,3b5bb4ef4c4e,2026-09-01T15:48:16.843525608Z,2026-09-01T15:48:17.045988841Z,202.463233,500,,http_500,true,miss
calibration-20260902-f,F1-r01,F1,request-004,d4745ce8b0076d85ef4bad6643512dad50425d8f61a49108664596ff785caf3e,3b5bb4ef4c4e,2026-09-01T15:48:16.843489248Z,2026-09-01T15:48:17.046012988Z,202.523736,500,,http_500,true,miss
calibration-20260902-f,F1-r01,F1,request-005,d4745ce8b0076d85ef4bad6643512dad50425d8f61a49108664596ff785caf3e,3b5bb4ef4c4e,2026-09-01T15:48:16.843665894Z,2026-09-01T15:48:17.046016412Z,202.350519,500,,http_500,true,miss
calibration-20260902-f,F1-r01,F1,request-006,d4745ce8b0076d85ef4bad6643512dad50425d8f61a49108664596ff785caf3e,3b5bb4ef4c4e,2026-09-01T15:48:16.843645963Z,2026-09-01T15:48:17.046030655Z,202.384691,500,,http_500,true,miss
calibration-20260902-f,F1-r01,F1,request-007,d4745ce8b0076d85ef4bad6643512dad50425d8f61a49108664596ff785caf3e,3b5bb4ef4c4e,2026-09-01T15:48:16.843615198Z,2026-09-01T15:48:17.046004681Z,202.389484,500,,http_500,true,miss
calibration-20260902-f,F1-r01,F1,request-008,d4745ce8b0076d85ef4bad6643512dad50425d8f61a49108664596ff785caf3e,3b5bb4ef4c4e,2026-09-01T15:48:16.843511817Z,2026-09-01T15:48:17.046045983Z,202.534176,500,,http_500,true,miss
calibration-20260902-f,F1-r01,F1,request-009,d4745ce8b0076d85ef4bad6643512dad50425d8f61a49108664596ff785caf3e,3b5bb4ef4c4e,2026-09-01T15:48:16.843541613Z,2026-09-01T15:48:17.046006001Z,202.464388,500,,http_500,false,miss
calibration-20260902-f,F1-r01,F1,request-010,d4745ce8b0076d85ef4bad6643512dad50425d8f61a49108664596ff785caf3e,3b5bb4ef4c4e,2026-09-01T15:48:16.843692376Z,2026-09-01T15:48:17.046025215Z,202.332841,500,,http_500,true,miss
calibration-20260902-f,F1-r01,F1,recovery-001,d4745ce8b0076d85ef4bad6643512dad50425d8f61a49108664596ff785caf3e,3b5bb4ef4c4e,2026-09-01T15:48:17.046132347Z,2026-09-01T15:48:17.251551046Z,205.418698,200,389ecd3df03641adaf3931dcd784a722606c6dae8d165970c7dae02e90d0ff34,,false,miss
