run_id,trial_id,timestamp,elapsed_ms,cpu_usage_usec,rss_bytes,cgroup_memory_bytes
calibration-20260902-f,S0-r01,2026-09-01T15:46:15.658577928Z,0.061367,248999,59772928,43675648
calibration-20260902-f,S0-r01,2026-09-01T15:46:15.668883812Z,10.367232,260715,92344320,76705792
calibration-20260902-f,S0-r01,2026-09-01T15:46:15.679158482Z,20.641932,269870,114823168,98795520
calibration-20260902-f,S0-r01,2026-09-01T15:46:15.689579788Z,31.063213,283788,114823168,98787328
calibration-20260902-f,S0-r01,2026-09-01T15:46:15.699017619Z,40.501101,284200,114823168,98787328
calibration-20260902-f,S0-r01,2026-09-01T15:46:15.7093331Z,50.816525,293385,114823168,98787328
calibration-20260902-f,S0-r01,2026-09-01T15:46:15.719613571Z,61.096996,302514,114823168,98807808
calibration-20260902-f,S0-r01,2026-09-01T15:46:15.728674444Z,70.157870,316002,114823168,98807808
calibration-20260902-f,S0-r01,2026-09-01T15:46:15.738872729Z,80.356154,325053,114823168,98807808
calibration-20260902-f,S0-r01,2026-09-01T15:46:15.749097885Z,90.581311,338627,114823168,98549760
calibration-20260902-f,S0-r01,2026-09-01T15:46:15.759292222Z,100.775647,347700,114823168,98549760
calibration-20260902-f,S0-r01,2026-09-01T15:46:15.76947239Z,110.955816,361271,114823168,98549760
calibration-20260902-f,S0-r01,2026-09-01T15:46:15.779615331Z,121.098757,370522,125374464,109555712
calibration-20260902-f,S0-r01,2026-09-01T15:46:15.788674369Z,130.157794,384283,141660160,125808640
calibration-20260902-f,S0-r01,2026-09-01T15:46:15.798866827Z,140.350252,384444,141660160,125808640
calibration-20260902-f,S0-r01,2026-09-01T15:46:15.809053351Z,150.536778,393610,157945856,142581760
calibration-20260902-f,S0-r01,2026-09-01T15:46:15.819181484Z,160.664904,403012,173772800,158560256
calibration-20260902-f,S0-r01,2026-09-01T15:46:15.829380024Z,170.863449,416490,173772800,158560256
calibration-20260902-f,S0-r01,2026-09-01T15:46:15.83959725Z,181.080676,425639,173772800,158560256
calibration-20260902-f,S0-r01,2026-09-01T15:46:15.848862104Z,190.345530,439241,174002176,158822400
calibration-20260902-f,S0-r01,2026-09-01T15:46:15.859068024Z,200.551449,448340,174002176,158822400
calibration-20260902-f,S0-r01,2026-09-01T15:46:15.869241188Z,210.724614,461870,174460928,159084544
calibration-20260902-f,S0-r01,2026-09-01T15:46:15.879465743Z,220.949168,471000,174690304,159084544
calibration-20260902-f,S0-r01,2026-09-01T15:46:15.88960932Z,231.092745,484553,174690304,159084544
calibration-20260902-f,S0-r01,2026-09-01T15:46:15.898773255Z,240.256679,484725,174690304,159084544
calibration-20260902-f,S0-r01,2026-09-01T15:46:15.908898046Z,250.381473,493648,175149056,159608832
calibration-20260902-f,S0-r01,2026-09-01T15:46:15.919186279Z,260.669703,502793,175149056,159375360
calibration-20260902-f,S0-r01,2026-09-01T15:46:15.929405692Z,270.889118,516401,175378432,159637504
calibration-20260902-f,S0-r01,2026-09-01T15:46:15.939562599Z,281.046025,525540,175378432,159637504
calibration-20260902-f,S0-r01,2026-09-01T15:46:15.948660632Z,290.144058,539484,176754688,160948224
calibration-20260902-f,S0-r01,2026-09-01T15:46:15.958861864Z,300.345289,548742,176754688,160948224
calibration-20260902-f,S0-r01,2026-09-01T15:46:15.969049109Z,310.532529,562488,137277440,160915456
calibration-20260902-f,S0-r01,2026-09-01T15:46:15.97308341Z,314.566838,565096,128741376,112930816
calibration-20260902-f,S2-10-r01,2026-09-01T15:46:16.268732985Z,0.037380,790602,59006976,43884544
calibration-20260902-f,S2-10-r01,2026-09-01T15:46:16.27927079Z,10.575182,802106,89743360,74813440
calibration-20260902-f,S2-10-r01,2026-09-01T15:46:16.289452472Z,20.756865,815606,115204096,100241408
calibration-20260902-f,S2-10-r01,2026-09-01T15:46:16.299651355Z,30.955748,815804,115204096,99844096
calibration-20260902-f,S2-10-r01,2026-09-01T15:46:16.308827234Z,40.131626,824833,115204096,99749888
calibration-20260902-f,S2-10-r01,2026-09-01T15:46:16.319020108Z,50.324502,833870,115204096,99749888
calibration-20260902-f,S2-10-r01,2026-09-01T15:46:16.329138573Z,60.442967,847379,115204096,99737600
calibration-20260902-f,S2-10-r01,2026-09-01T15:46:16.339313064Z,70.617458,856426,115204096,99737600
calibration-20260902-f,S2-10-r01,2026-09-01T15:46:16.34953207Z,80.836464,869970,115204096,99737600
calibration-20260902-f,S2-10-r01,2026-09-01T15:46:16.359731856Z,91.036250,879077,115204096,99737600
calibration-20260902-f,S2-10-r01,2026-09-01T15:46:16.369853511Z,101.157905,892607,115204096,99737600
calibration-20260902-f,S2-10-r01,2026-09-01T15:46:16.378984628Z,110.289021,901725,115204096,99737600
calibration-20260902-f,S2-10-r01,2026-09-01T15:46:16.389243586Z,120.547979,915411,123691008,108384256
calibration-20260902-f,S2-10-r01,2026-09-01T15:46:16.399379231Z,130.683624,915578,123691008,108384256
calibration-20260902-f,S2-10-r01,2026-09-01T15:46:16.409514221Z,140.818614,924705,141123584,125947904
calibration-20260902-f,S2-10-r01,2026-09-01T15:46:16.419687219Z,150.991612,934057,160161792,144822272
calibration-20260902-f,S2-10-r01,2026-09-01T15:46:16.428847187Z,160.151575,947858,173465600,157929472
calibration-20260902-f,S2-10-r01,2026-09-01T15:46:16.439028511Z,170.332905,956934,173465600,157929472
calibration-20260902-f,S2-10-r01,2026-09-01T15:46:16.449208523Z,180.512916,970470,173465600,157929472
calibration-20260902-f,S2-10-r01,2026-09-01T15:46:16.459350543Z,190.654937,979579,173694976,158453760
calibration-20260902-f,S2-10-r01,2026-09-01T15:46:16.469464827Z,200.769221,993098,173694976,158453760
calibration-20260902-f,S2-10-r01,2026-09-01T15:46:16.479683342Z,210.987735,1002258,174153728,158715904
calibration-20260902-f,S2-10-r01,2026-09-01T15:46:16.488885177Z,220.189570,1015811,174153728,158715904
calibration-20260902-f,S2-10-r01,2026-09-01T15:46:16.499086144Z,230.390537,1015996,174383104,158715904
calibration-20260902-f,S2-10-r01,2026-09-01T15:46:16.509310515Z,240.614908,1024965,174383104,158715904
calibration-20260902-f,S2-10-r01,2026-09-01T15:46:16.519531133Z,250.835526,1034120,174612480,159240192
calibration-20260902-f,S2-10-r01,2026-09-01T15:46:16.529704042Z,261.008436,1047688,174612480,159240192
calibration-20260902-f,S2-10-r01,2026-09-01T15:46:16.538871531Z,270.175924,1056773,175071232,159502336
calibration-20260902-f,S2-10-r01,2026-09-01T15:46:16.549050692Z,280.355085,1070305,175071232,159502336
calibration-20260902-f,S2-10-r01,2026-09-01T15:46:16.559296306Z,290.600699,1079992,176447488,161075200
calibration-20260902-f,S2-10-r01,2026-09-01T15:46:16.569475128Z,300.779523,1093452,176447488,161075200
calibration-20260902-f,S2-10-r01,2026-09-01T15:46:16.579619343Z,310.923731,1104790,128446464,113340416
calibration-20260902-f,S2-10-r01,2026-09-01T15:46:16.583258926Z,314.563320,1107900,128905216,113381376
calibration-20260902-f,S1-10-r01,2026-09-01T15:46:16.907651374Z,0.073321,1326816,59830272,44658688
calibration-20260902-f,S1-10-r01,2026-09-01T15:46:16.925744796Z,18.166727,1380295,212135936,207937536
calibration-20260902-f,S1-10-r01,2026-09-01T15:46:16.92863125Z,21.053186,1401148,225439744,212287488
calibration-20260902-f,S1-10-r01,2026-09-01T15:46:16.938348602Z,30.770538,1434968,241037312,228970496
calibration-20260902-f,S1-10-r01,2026-09-01T15:46:17.001413219Z,93.835157,1438666,242184192,229756928
calibration-20260902-f,S1-10-r01,2026-09-01T15:46:17.008726605Z,101.148542,1474464,263516160,251252736
calibration-20260902-f,S1-10-r01,2026-09-01T15:46:17.017903379Z,110.325316,1510223,283471872,270913536
calibration-20260902-f,S1-10-r01,2026-09-01T15:46:17.028137929Z,120.559866,1537236,288059392,275570688
calibration-20260902-f,S1-10-r01,2026-09-01T15:46:17.038311093Z,130.733030,1537388,288059392,275570688
calibration-20260902-f,S1-10-r01,2026-09-01T15:46:17.048460405Z,140.882341,1537583,288288768,275570688
calibration-20260902-f,S1-10-r01,2026-09-01T15:46:17.100429232Z,192.851170,1537931,288518144,275832832
calibration-20260902-f,S1-10-r01,2026-09-01T15:46:17.107795122Z,200.217080,1555189,295170048,282386432
calibration-20260902-f,S1-10-r01,2026-09-01T15:46:17.118032347Z,210.454307,1608932,295170048,282386432
calibration-20260902-f,S1-10-r01,2026-09-01T15:46:17.128334792Z,220.756728,1635962,295170048,282386432
calibration-20260902-f,S1-10-r01,2026-09-01T15:46:17.138426761Z,230.848699,1636116,295170048,282386432
calibration-20260902-f,S1-10-r01,2026-09-01T15:46:17.148579327Z,241.001263,1636347,295170048,282386432
calibration-20260902-f,S1-10-r01,2026-09-01T15:46:17.158771534Z,251.193470,1636620,295170048,282386432
calibration-20260902-f,S1-10-r01,2026-09-01T15:46:17.16790352Z,260.325457,1636746,295170048,282136576
calibration-20260902-f,S1-10-r01,2026-09-01T15:46:17.178112508Z,270.534444,1636901,295170048,282136576
calibration-20260902-f,S1-10-r01,2026-09-01T15:46:17.18830848Z,280.730416,1637073,295170048,282136576
calibration-20260902-f,S1-10-r01,2026-09-01T15:46:17.198511369Z,290.933306,1637218,295170048,282136576
calibration-20260902-f,S1-10-r01,2026-09-01T15:46:17.208673396Z,301.095352,1672244,295170048,282136576
calibration-20260902-f,S1-10-r01,2026-09-01T15:46:17.217787977Z,310.209913,1708192,295170048,282136576
calibration-20260902-f,S1-10-r01,2026-09-01T15:46:17.228002953Z,320.424919,1730652,295170048,282136576
calibration-20260902-f,S1-10-r01,2026-09-01T15:46:17.238300308Z,330.722244,1735461,295170048,282136576
calibration-20260902-f,S1-10-r01,2026-09-01T15:46:17.248470702Z,340.892638,1735671,295170048,282136576
calibration-20260902-f,S1-10-r01,2026-09-01T15:46:17.258635134Z,351.057070,1735862,295170048,282136576
calibration-20260902-f,S1-10-r01,2026-09-01T15:46:17.267821577Z,360.243512,1736036,295170048,282136576
calibration-20260902-f,S1-10-r01,2026-09-01T15:46:17.27796555Z,370.387487,1736165,295170048,282136576
calibration-20260902-f,S1-10-r01,2026-09-01T15:46:17.288105247Z,380.527178,1736445,295170048,282394624
calibration-20260902-f,S1-10-r01,2026-09-01T15:46:17.298290753Z,390.712690,1736555,295170048,282394624
calibration-20260902-f,S1-10-r01,2026-09-01T15:46:17.308425892Z,400.847829,1771451,295170048,282394624
calibration-20260902-f,S1-10-r01,2026-09-01T15:46:17.318705355Z,411.127290,1809490,334622720,322240512
calibration-20260902-f,S1-10-r01,2026-09-01T15:46:17.328028207Z,420.450143,1830146,346320896,333774848
calibration-20260902-f,S1-10-r01,2026-09-01T15:46:17.33822256Z,430.644497,1830288,346320896,333774848
calibration-20260902-f,S1-10-r01,2026-09-01T15:46:17.348385734Z,440.807671,1830415,346320896,333774848
calibration-20260902-f,S1-10-r01,2026-09-01T15:46:17.358578226Z,451.000162,1830549,346320896,333774848
calibration-20260902-f,S1-10-r01,2026-09-01T15:46:17.400437188Z,492.859125,1830728,347009024,334299136
calibration-20260902-f,S1-10-r01,2026-09-01T15:46:17.408627033Z,501.048969,1866811,384626688,371785728
calibration-20260902-f,S1-10-r01,2026-09-01T15:46:17.417755814Z,510.177750,1903403,419033088,406913024
calibration-20260902-f,S1-10-r01,2026-09-01T15:46:17.427987304Z,520.409240,1932893,441970688,429719552
calibration-20260902-f,S1-10-r01,2026-09-01T15:46:17.438194266Z,530.616203,1933060,441970688,429719552
calibration-20260902-f,S1-10-r01,2026-09-01T15:46:17.448366194Z,540.788131,1933185,441970688,429719552
calibration-20260902-f,S1-10-r01,2026-09-01T15:46:17.458553401Z,550.975336,1933325,441970688,429719552
calibration-20260902-f,S1-10-r01,2026-09-01T15:46:17.468708489Z,561.130426,1933438,441970688,429719552
calibration-20260902-f,S1-10-r01,2026-09-01T15:46:17.50058709Z,593.009028,1933869,442658816,430243840
calibration-20260902-f,S1-10-r01,2026-09-01T15:46:17.50789404Z,600.315971,1951285,466972672,454623232
calibration-20260902-f,S1-10-r01,2026-09-01T15:46:17.51885811Z,611.280068,2005295,495415296,482934784
calibration-20260902-f,S1-10-r01,2026-09-01T15:46:17.528201262Z,620.623198,2032681,511012864,498401280
calibration-20260902-f,S1-10-r01,2026-09-01T15:46:17.538448311Z,630.870248,2032915,511012864,498401280
calibration-20260902-f,S1-10-r01,2026-09-01T15:46:17.548545126Z,640.967062,2033097,511012864,498401280
calibration-20260902-f,S1-10-r01,2026-09-01T15:46:17.558759102Z,651.181038,2033288,511012864,498401280
calibration-20260902-f,S1-10-r01,2026-09-01T15:46:17.567918828Z,660.340764,2033458,511012864,498401280
calibration-20260902-f,S1-10-r01,2026-09-01T15:46:17.600378865Z,692.800801,2033587,511012864,498663424
calibration-20260902-f,S1-10-r01,2026-09-01T15:46:17.60861337Z,701.035306,2068921,522711040,510459904
calibration-20260902-f,S1-10-r01,2026-09-01T15:46:17.617796428Z,710.218365,2105015,536473600,524353536
calibration-20260902-f,S1-10-r01,2026-09-01T15:46:17.628048887Z,720.470823,2132006,539914240,528023552
calibration-20260902-f,S1-10-r01,2026-09-01T15:46:17.63820166Z,730.623596,2136659,539914240,528023552
calibration-20260902-f,S1-10-r01,2026-09-01T15:46:17.648381917Z,740.803853,2136828,539914240,527826944
calibration-20260902-f,S1-10-r01,2026-09-01T15:46:17.658598872Z,751.020810,2137040,539914240,527826944
calibration-20260902-f,S1-10-r01,2026-09-01T15:46:17.668674Z,761.095936,2137244,539914240,527826944
calibration-20260902-f,S1-10-r01,2026-09-01T15:46:17.677904899Z,770.326836,2137456,539914240,527826944
calibration-20260902-f,S1-10-r01,2026-09-01T15:46:17.688055803Z,780.477739,2137633,539914240,527826944
calibration-20260902-f,S1-10-r01,2026-09-01T15:46:17.698204287Z,790.626224,2137799,539914240,527826944
calibration-20260902-f,S1-10-r01,2026-09-01T15:46:17.70835375Z,800.775686,2172854,542666752,530448384
calibration-20260902-f,S1-10-r01,2026-09-01T15:46:17.718544169Z,810.966106,2208772,542896128,530710528
calibration-20260902-f,S1-10-r01,2026-09-01T15:46:17.727771415Z,820.193351,2231262,543354880,531234816
calibration-20260902-f,S1-10-r01,2026-09-01T15:46:17.737960597Z,830.382533,2235970,543354880,531234816
calibration-20260902-f,S1-10-r01,2026-09-01T15:46:17.800382156Z,892.804093,2236181,543354880,531234816
calibration-20260902-f,S1-10-r01,2026-09-01T15:46:17.808641855Z,901.063792,2271330,544043008,532017152
calibration-20260902-f,S1-10-r01,2026-09-01T15:46:17.817872214Z,910.294151,2307149,544501760,532279296
calibration-20260902-f,S1-10-r01,2026-09-01T15:46:17.828085584Z,920.507519,2334244,544960512,532541440
calibration-20260902-f,S1-10-r01,2026-09-01T15:46:17.838399183Z,930.821120,2334448,544960512,532541440
calibration-20260902-f,S1-10-r01,2026-09-01T15:46:17.848592917Z,941.014853,2334753,544960512,532275200
calibration-20260902-f,S1-10-r01,2026-09-01T15:46:17.85774268Z,950.164617,2334906,544960512,532537344
calibration-20260902-f,S1-10-r01,2026-09-01T15:46:17.867921325Z,960.343262,2335081,544960512,532795392
calibration-20260902-f,S1-10-r01,2026-09-01T15:46:17.878144852Z,970.566788,2335265,544960512,532795392
calibration-20260902-f,S1-10-r01,2026-09-01T15:46:17.88829564Z,980.717578,2335481,544960512,532795392
calibration-20260902-f,S1-10-r01,2026-09-01T15:46:17.898505586Z,990.927522,2335676,544960512,532795392
calibration-20260902-f,S1-10-r01,2026-09-01T15:46:17.908761867Z,1001.183804,2370928,545419264,533319680
calibration-20260902-f,S1-10-r01,2026-09-01T15:46:17.918021539Z,1010.443499,2407183,545878016,533843968
calibration-20260902-f,S1-10-r01,2026-09-01T15:46:17.928387559Z,1020.809584,2434367,546336768,534106112
calibration-20260902-f,S1-10-r01,2026-09-01T15:46:17.938737123Z,1031.159059,2434763,546336768,534106112
calibration-20260902-f,S1-10-r01,2026-09-01T15:46:17.948002594Z,1040.424530,2434979,546336768,534106112
calibration-20260902-f,S1-10-r01,2026-09-01T15:46:17.958222593Z,1050.644529,2435191,546336768,534106112
calibration-20260902-f,S1-10-r01,2026-09-01T15:46:17.968331743Z,1060.753678,2435362,546336768,534106112
calibration-20260902-f,S1-10-r01,2026-09-01T15:46:17.978483862Z,1070.905798,2435578,546336768,534106112
calibration-20260902-f,S1-10-r01,2026-09-01T15:46:17.988560257Z,1080.982193,2435799,546336768,534106112
calibration-20260902-f,S1-10-r01,2026-09-01T15:46:17.998714419Z,1091.136355,2435931,546566144,534106112
calibration-20260902-f,S1-10-r01,2026-09-01T15:46:18.007905398Z,1100.327334,2453036,547024896,534630400
calibration-20260902-f,S1-10-r01,2026-09-01T15:46:18.018092141Z,1110.514077,2508188,548859904,536465408
calibration-20260902-f,S1-10-r01,2026-09-01T15:46:18.028308524Z,1120.730460,2534085,548859904,536465408
calibration-20260902-f,S1-10-r01,2026-09-01T15:46:18.038508588Z,1130.930525,2534252,548859904,536465408
calibration-20260902-f,S1-10-r01,2026-09-01T15:46:18.048636909Z,1141.058839,2534534,548859904,536465408
calibration-20260902-f,S1-10-r01,2026-09-01T15:46:18.057775328Z,1150.197264,2534624,548859904,536465408
calibration-20260902-f,S1-10-r01,2026-09-01T15:46:18.067938043Z,1160.359974,2534733,548859904,536465408
calibration-20260902-f,S1-10-r01,2026-09-01T15:46:18.07809323Z,1170.515161,2534819,548859904,536465408
calibration-20260902-f,S1-10-r01,2026-09-01T15:46:18.100386871Z,1192.808808,2535035,548859904,536465408
calibration-20260902-f,S1-10-r01,2026-09-01T15:46:18.108638419Z,1201.060350,2570785,550694912,538562560
calibration-20260902-f,S1-10-r01,2026-09-01T15:46:18.117734213Z,1210.156144,2608603,517918720,506077184
calibration-20260902-f,S1-10-r01,2026-09-01T15:46:18.12796709Z,1220.389027,2634889,539709440,527572992
calibration-20260902-f,S1-10-r01,2026-09-01T15:46:18.138137Z,1230.558937,2635107,539709440,527572992
calibration-20260902-f,S1-10-r01,2026-09-01T15:46:18.14835032Z,1240.772256,2635325,539709440,527736832
calibration-20260902-f,S1-10-r01,2026-09-01T15:46:18.158602911Z,1251.024847,2635621,539709440,527609856
calibration-20260902-f,S1-10-r01,2026-09-01T15:46:18.168794881Z,1261.216818,2635841,539938816,527609856
calibration-20260902-f,S1-10-r01,2026-09-01T15:46:18.200387055Z,1292.808991,2636216,540168192,528134144
calibration-20260902-f,S1-10-r01,2026-09-01T15:46:18.208635516Z,1301.057447,2672453,516009984,503992320
calibration-20260902-f,S1-10-r01,2026-09-01T15:46:18.218054662Z,1310.476600,2708291,547893248,536166400
calibration-20260902-f,S1-10-r01,2026-09-01T15:46:18.228274403Z,1320.696335,2735776,511946752,500224000
calibration-20260902-f,S1-10-r01,2026-09-01T15:46:18.238508767Z,1330.930703,2736018,512176128,500125696
calibration-20260902-f,S1-10-r01,2026-09-01T15:46:18.248794406Z,1341.216343,2736285,512176128,500027392
calibration-20260902-f,S1-10-r01,2026-09-01T15:46:18.258066604Z,1350.488540,2736550,512176128,500027392
calibration-20260902-f,S1-10-r01,2026-09-01T15:46:18.300403791Z,1392.825728,2737150,512634880,500551680
calibration-20260902-f,S1-10-r01,2026-09-01T15:46:18.308724948Z,1401.146879,2773174,540389376,528748544
calibration-20260902-f,S1-10-r01,2026-09-01T15:46:18.317969762Z,1410.391694,2808821,554381312,542642176
calibration-20260902-f,S1-10-r01,2026-09-01T15:46:18.328263628Z,1420.685565,2835765,554381312,542642176
calibration-20260902-f,S1-10-r01,2026-09-01T15:46:18.338544715Z,1430.966651,2836055,554381312,542642176
calibration-20260902-f,S1-10-r01,2026-09-01T15:46:18.400396724Z,1492.818661,2836270,554381312,542642176
calibration-20260902-f,S1-10-r01,2026-09-01T15:46:18.408628892Z,1501.050830,2871343,514977792,513363968
calibration-20260902-f,S1-10-r01,2026-09-01T15:46:18.418135982Z,1510.557920,2908133,506671104,494800896
calibration-20260902-f,S1-10-r01,2026-09-01T15:46:18.428337626Z,1520.759562,2935014,506671104,494800896
calibration-20260902-f,S1-10-r01,2026-09-01T15:46:18.438512728Z,1530.934665,2935218,506671104,494702592
calibration-20260902-f,S1-10-r01,2026-09-01T15:46:18.448637197Z,1541.059134,2935388,506671104,494702592
calibration-20260902-f,S1-10-r01,2026-09-01T15:46:18.45775628Z,1550.178216,2935503,506671104,494702592
calibration-20260902-f,S1-10-r01,2026-09-01T15:46:18.467908419Z,1560.330355,2935665,506671104,494473216
calibration-20260902-f,S1-10-r01,2026-09-01T15:46:18.478145723Z,1570.567666,2935898,506671104,494473216
calibration-20260902-f,S1-10-r01,2026-09-01T15:46:18.500363894Z,1592.785830,2936460,506671104,494415872
calibration-20260902-f,S1-10-r01,2026-09-01T15:46:18.508573126Z,1600.995062,2971527,506671104,494415872
calibration-20260902-f,S1-10-r01,2026-09-01T15:46:18.517757808Z,1610.179744,3007298,506671104,494415872
calibration-20260902-f,S1-10-r01,2026-09-01T15:46:18.527984093Z,1620.406029,3029707,506671104,494415872
calibration-20260902-f,S1-10-r01,2026-09-01T15:46:18.538180024Z,1630.601961,3034293,506671104,494415872
calibration-20260902-f,S1-10-r01,2026-09-01T15:46:18.54835522Z,1640.777156,3034442,506671104,494415872
calibration-20260902-f,S1-10-r01,2026-09-01T15:46:18.558519703Z,1650.941639,3034607,506900480,494415872
calibration-20260902-f,S1-10-r01,2026-09-01T15:46:18.568640722Z,1661.062659,3034734,506900480,494415872
calibration-20260902-f,S1-10-r01,2026-09-01T15:46:18.577761936Z,1670.183872,3034836,506900480,494415872
calibration-20260902-f,S1-10-r01,2026-09-01T15:46:18.58788949Z,1680.311428,3034941,506900480,494415872
calibration-20260902-f,S1-10-r01,2026-09-01T15:46:18.598069056Z,1690.490994,3035056,506900480,494415872
calibration-20260902-f,S1-10-r01,2026-09-01T15:46:18.608196397Z,1700.618333,3069995,506900480,494415872
calibration-20260902-f,S1-10-r01,2026-09-01T15:46:18.618385637Z,1710.807573,3106404,520204288,507785216
calibration-20260902-f,S1-10-r01,2026-09-01T15:46:18.628568115Z,1720.990051,3138029,536031232,523513856
calibration-20260902-f,S1-10-r01,2026-09-01T15:46:18.638811568Z,1731.233504,3138246,536031232,523513856
calibration-20260902-f,S1-10-r01,2026-09-01T15:46:18.700391187Z,1792.813123,3138480,536031232,523288576
calibration-20260902-f,S1-10-r01,2026-09-01T15:46:18.708590702Z,1801.012633,3174133,546582528,533774336
calibration-20260902-f,S1-10-r01,2026-09-01T15:46:18.718456368Z,1810.878299,3210221,566308864,554221568
calibration-20260902-f,S1-10-r01,2026-09-01T15:46:18.72869081Z,1821.112746,3232963,570208256,558411776
calibration-20260902-f,S1-10-r01,2026-09-01T15:46:18.737930502Z,1830.352438,3233194,570208256,558145536
calibration-20260902-f,S1-10-r01,2026-09-01T15:46:18.74811998Z,1840.541917,3233485,570208256,558407680
calibration-20260902-f,S1-10-r01,2026-09-01T15:46:18.758393799Z,1850.815736,3233666,570208256,558407680
calibration-20260902-f,S1-10-r01,2026-09-01T15:46:18.768540195Z,1860.962132,3233879,570208256,558407680
calibration-20260902-f,S1-10-r01,2026-09-01T15:46:18.778786786Z,1871.208721,3234150,570208256,558407680
calibration-20260902-f,S1-10-r01,2026-09-01T15:46:18.787936628Z,1880.358565,3234314,570208256,558665728
calibration-20260902-f,S1-10-r01,2026-09-01T15:46:18.798105055Z,1890.526986,3234502,570208256,558665728
calibration-20260902-f,S1-10-r01,2026-09-01T15:46:18.808270593Z,1900.692529,3269697,580988928,569413632
calibration-20260902-f,S1-10-r01,2026-09-01T15:46:18.818525655Z,1910.947592,3305807,595210240,583569408
calibration-20260902-f,S1-10-r01,2026-09-01T15:46:18.828749406Z,1921.171344,3331913,607825920,595890176
calibration-20260902-f,S1-10-r01,2026-09-01T15:46:18.8379534Z,1930.375336,3332057,607825920,595890176
calibration-20260902-f,S1-10-r01,2026-09-01T15:46:18.848077699Z,1940.499635,3332172,607825920,595890176
calibration-20260902-f,S1-10-r01,2026-09-01T15:46:18.900527176Z,1992.949114,3332423,607825920,595890176
calibration-20260902-f,S1-10-r01,2026-09-01T15:46:18.907777992Z,2000.199928,3349976,615854080,603959296
calibration-20260902-f,S1-10-r01,2026-09-01T15:46:18.918065066Z,2010.487003,3403971,628240384,616542208
calibration-20260902-f,S1-10-r01,2026-09-01T15:46:18.928262414Z,2020.684350,3435668,630763520,618901504
calibration-20260902-f,S1-10-r01,2026-09-01T15:46:18.938558772Z,2030.980708,3435987,630763520,618901504
calibration-20260902-f,S1-10-r01,2026-09-01T15:46:18.948786878Z,2041.208815,3436194,630763520,618901504
calibration-20260902-f,S1-10-r01,2026-09-01T15:46:18.957980999Z,2050.402936,3436366,630763520,618901504
calibration-20260902-f,S1-10-r01,2026-09-01T15:46:19.000390911Z,2092.812854,3436547,630763520,618901504
calibration-20260902-f,S1-10-r01,2026-09-01T15:46:19.008645486Z,2101.067423,3471844,642232320,630697984
calibration-20260902-f,S1-10-r01,2026-09-01T15:46:19.017879294Z,2110.301231,3507980,655077376,643543040
calibration-20260902-f,S1-10-r01,2026-09-01T15:46:19.028119846Z,2120.541782,3535085,658288640,646418432
calibration-20260902-f,S1-10-r01,2026-09-01T15:46:19.03832454Z,2130.746476,3535260,658518016,646418432
calibration-20260902-f,S1-10-r01,2026-09-01T15:46:19.048482869Z,2140.904801,3535480,658747392,646418432
calibration-20260902-f,S1-10-r01,2026-09-01T15:46:19.100383402Z,2192.805338,3535597,658747392,646418432
calibration-20260902-f,S1-10-r01,2026-09-01T15:46:19.108649046Z,2201.070977,3570646,660582400,648253440
calibration-20260902-f,S1-10-r01,2026-09-01T15:46:19.117856554Z,2210.278485,3606452,661041152,648515584
calibration-20260902-f,S1-10-r01,2026-09-01T15:46:19.128092303Z,2220.514238,3628987,661041152,648515584
calibration-20260902-f,S1-10-r01,2026-09-01T15:46:19.138363836Z,2230.785773,3633746,661041152,648515584
calibration-20260902-f,S1-10-r01,2026-09-01T15:46:19.148570681Z,2240.992616,3634047,661041152,648773632
calibration-20260902-f,S1-10-r01,2026-09-01T15:46:19.158782894Z,2251.204830,3634303,661041152,648773632
calibration-20260902-f,S1-10-r01,2026-09-01T15:46:19.168066834Z,2260.488781,3634630,661041152,648773632
calibration-20260902-f,S1-10-r01,2026-09-01T15:46:19.178341968Z,2270.763905,3635108,661041152,648773632
calibration-20260902-f,S1-10-r01,2026-09-01T15:46:19.188594084Z,2281.016020,3635536,661041152,648773632
calibration-20260902-f,S1-10-r01,2026-09-01T15:46:19.197869011Z,2290.290948,3635792,661041152,648773632
calibration-20260902-f,S1-10-r01,2026-09-01T15:46:19.208076608Z,2300.498544,3653145,661041152,648773632
calibration-20260902-f,S1-10-r01,2026-09-01T15:46:19.218330546Z,2310.752482,3706845,661729280,649560064
calibration-20260902-f,S1-10-r01,2026-09-01T15:46:19.228526259Z,2320.948190,3729680,661729280,649560064
calibration-20260902-f,S1-10-r01,2026-09-01T15:46:19.300459775Z,2392.881711,3730142,661729280,649326592
calibration-20260902-f,S1-10-r01,2026-09-01T15:46:19.308278209Z,2400.700145,3765272,661729280,649326592
calibration-20260902-f,S1-10-r01,2026-09-01T15:46:19.318446384Z,2410.868315,3803488,661729280,649588736
calibration-20260902-f,S1-10-r01,2026-09-01T15:46:19.400386825Z,2492.808761,3833816,664481792,652402688
calibration-20260902-f,S1-10-r01,2026-09-01T15:46:19.40869061Z,2501.112547,3869014,683061248,670752768
calibration-20260902-f,S1-10-r01,2026-09-01T15:46:19.417829613Z,2510.251549,3905772,659550208,647593984
calibration-20260902-f,S1-10-r01,2026-09-01T15:46:19.428005334Z,2520.427265,3928663,663908352,652050432
calibration-20260902-f,S1-10-r01,2026-09-01T15:46:19.438218565Z,2530.640502,3933300,663908352,651952128
calibration-20260902-f,S1-10-r01,2026-09-01T15:46:19.448408618Z,2540.830554,3933511,663908352,651952128
calibration-20260902-f,S1-10-r01,2026-09-01T15:46:19.458631157Z,2551.053094,3933762,663908352,651952128
calibration-20260902-f,S1-10-r01,2026-09-01T15:46:19.467801527Z,2560.223463,3933903,663908352,651952128
calibration-20260902-f,S1-10-r01,2026-09-01T15:46:19.477994565Z,2570.416501,3934067,663908352,651952128
calibration-20260902-f,S1-10-r01,2026-09-01T15:46:19.48820216Z,2580.624095,3934288,663908352,651952128
calibration-20260902-f,S1-10-r01,2026-09-01T15:46:19.498388853Z,2590.810789,3934455,663908352,651952128
calibration-20260902-f,S1-10-r01,2026-09-01T15:46:19.508510974Z,2600.932911,3969491,663908352,651952128
calibration-20260902-f,S1-10-r01,2026-09-01T15:46:19.518700049Z,2611.121986,4007506,624537600,647667712
calibration-20260902-f,S1-10-r01,2026-09-01T15:46:19.528294244Z,2620.716181,4027890,616001536,604069888
calibration-20260902-f,S1-10-r01,2026-09-01T15:46:19.538472371Z,2630.894307,4028081,616230912,604069888
calibration-20260902-f,S1-10-r01,2026-09-01T15:46:19.548590964Z,2641.012901,4028267,616230912,603971584
calibration-20260902-f,S1-10-r01,2026-09-01T15:46:19.558723385Z,2651.145321,4028444,616230912,603971584
calibration-20260902-f,S1-10-r01,2026-09-01T15:46:19.567898133Z,2660.320070,4028564,616230912,603971584
calibration-20260902-f,S1-10-r01,2026-09-01T15:46:19.578113937Z,2670.535874,4028901,616460288,603971584
calibration-20260902-f,S1-10-r01,2026-09-01T15:46:19.588309214Z,2680.731144,4029034,616460288,603971584
calibration-20260902-f,S1-10-r01,2026-09-01T15:46:19.598505129Z,2690.927060,4029178,616460288,603971584
calibration-20260902-f,S1-10-r01,2026-09-01T15:46:19.608673266Z,2701.095202,4055472,616460288,604229632
calibration-20260902-f,S1-10-r01,2026-09-01T15:46:19.617862609Z,2710.284545,4082558,616460288,604229632
calibration-20260902-f,S1-10-r01,2026-09-01T15:46:19.628145363Z,2720.567299,4122833,616460288,604225536
calibration-20260902-f,S1-10-r01,2026-09-01T15:46:19.638323829Z,2730.745766,4127512,616460288,604225536
calibration-20260902-f,S1-10-r01,2026-09-01T15:46:19.6485596Z,2740.981537,4127774,616460288,604094464
calibration-20260902-f,S1-10-r01,2026-09-01T15:46:19.658729144Z,2751.151079,4128004,616460288,604094464
calibration-20260902-f,S1-10-r01,2026-09-01T15:46:19.667952247Z,2760.374185,4128219,616460288,604094464
calibration-20260902-f,S1-10-r01,2026-09-01T15:46:19.678126494Z,2770.548431,4128386,616460288,604094464
calibration-20260902-f,S1-10-r01,2026-09-01T15:46:19.688323433Z,2780.745369,4128581,616460288,604094464
calibration-20260902-f,S1-10-r01,2026-09-01T15:46:19.698461358Z,2790.883295,4128747,616460288,604094464
calibration-20260902-f,S1-10-r01,2026-09-01T15:46:19.708407716Z,2800.829653,4153393,568766464,556404736
calibration-20260902-f,S1-10-r01,2026-09-01T15:46:19.718558493Z,2810.980429,4171325,568766464,556404736
calibration-20260902-f,S1-10-r01,2026-09-01T15:46:19.728781523Z,2821.203507,4198204,568766464,556306432
calibration-20260902-f,S1-10-r01,2026-09-01T15:46:19.738147441Z,2830.569401,4216456,568766464,556306432
calibration-20260902-f,S1-10-r01,2026-09-01T15:46:19.748564334Z,2840.986290,4226210,568766464,556306432
calibration-20260902-f,S1-10-r01,2026-09-01T15:46:19.757963198Z,2850.385136,4226599,568766464,556306432
calibration-20260902-f,S1-10-r01,2026-09-01T15:46:19.768197081Z,2860.619017,4226790,568766464,556306432
calibration-20260902-f,S1-10-r01,2026-09-01T15:46:19.778339401Z,2870.761337,4226905,568766464,556306432
calibration-20260902-f,S1-10-r01,2026-09-01T15:46:19.788442196Z,2880.864127,4226989,568766464,556306432
calibration-20260902-f,S1-10-r01,2026-09-01T15:46:19.798592815Z,2891.014752,4227067,568766464,556306432
calibration-20260902-f,S1-10-r01,2026-09-01T15:46:19.808780947Z,2901.202884,4245166,577941504,565481472
calibration-20260902-f,S1-10-r01,2026-09-01T15:46:19.817953872Z,2910.375803,4263684,552554496,540160000
calibration-20260902-f,S1-10-r01,2026-09-01T15:46:19.828183794Z,2920.605731,4290928,572739584,560607232
calibration-20260902-f,S1-10-r01,2026-09-01T15:46:19.838352112Z,2930.774043,4309160,576868352,564514816
calibration-20260902-f,S1-10-r01,2026-09-01T15:46:19.848518148Z,2940.940085,4322738,576868352,564432896
calibration-20260902-f,S1-10-r01,2026-09-01T15:46:19.858744152Z,2951.166090,4322947,576868352,564432896
calibration-20260902-f,S1-10-r01,2026-09-01T15:46:19.867883076Z,2960.305012,4323087,576868352,564432896
calibration-20260902-f,S1-10-r01,2026-09-01T15:46:19.878026419Z,2970.448356,4323192,576868352,564432896
calibration-20260902-f,S1-10-r01,2026-09-01T15:46:19.900360067Z,2992.782004,4323324,576868352,564432896
calibration-20260902-f,S1-10-r01,2026-09-01T15:46:19.908592949Z,3001.014886,4341060,576868352,564432896
calibration-20260902-f,S1-10-r01,2026-09-01T15:46:19.917755413Z,3010.177349,4359062,576868352,564461568
calibration-20260902-f,S1-10-r01,2026-09-01T15:46:19.928048724Z,3020.470660,4377139,577327104,564985856
calibration-20260902-f,S1-10-r01,2026-09-01T15:46:19.938199054Z,3030.620991,4404050,577327104,564985856
calibration-20260902-f,S1-10-r01,2026-09-01T15:46:19.948426225Z,3040.848162,4422046,577785856,565248000
calibration-20260902-f,S1-10-r01,2026-09-01T15:46:19.958667962Z,3051.089898,4422316,577785856,565243904
calibration-20260902-f,S1-10-r01,2026-09-01T15:46:19.967849476Z,3060.271412,4422533,577785856,565243904
calibration-20260902-f,S1-10-r01,2026-09-01T15:46:19.978032117Z,3070.454048,4422652,577785856,565243904
calibration-20260902-f,S1-10-r01,2026-09-01T15:46:19.988174248Z,3080.596186,4422736,578015232,565243904
calibration-20260902-f,S1-10-r01,2026-09-01T15:46:19.998352345Z,3090.774283,4422826,578015232,565243904
calibration-20260902-f,S1-10-r01,2026-09-01T15:46:20.008676022Z,3101.097964,4440574,578015232,565243904
calibration-20260902-f,S1-10-r01,2026-09-01T15:46:20.017994239Z,3110.416175,4458754,578015232,565243904
calibration-20260902-f,S1-10-r01,2026-09-01T15:46:20.028188612Z,3120.610548,4485701,578244608,565649408
calibration-20260902-f,S1-10-r01,2026-09-01T15:46:20.038430461Z,3130.852398,4503693,578244608,565911552
calibration-20260902-f,S1-10-r01,2026-09-01T15:46:20.048713024Z,3141.134960,4521684,578244608,565911552
calibration-20260902-f,S1-10-r01,2026-09-01T15:46:20.057956868Z,3150.378804,4521883,578244608,565661696
calibration-20260902-f,S1-10-r01,2026-09-01T15:46:20.068131957Z,3160.553893,4522125,578244608,565923840
calibration-20260902-f,S1-10-r01,2026-09-01T15:46:20.078302991Z,3170.724928,4522212,578244608,565923840
calibration-20260902-f,S1-10-r01,2026-09-01T15:46:20.08843313Z,3180.855066,4522353,578244608,565923840
calibration-20260902-f,S1-10-r01,2026-09-01T15:46:20.098658304Z,3191.080240,4522529,578244608,565923840
calibration-20260902-f,S1-10-r01,2026-09-01T15:46:20.107840843Z,3200.262774,4533476,578703360,566185984
calibration-20260902-f,S1-10-r01,2026-09-01T15:46:20.118027783Z,3210.449714,4558221,578703360,566185984
calibration-20260902-f,S1-10-r01,2026-09-01T15:46:20.12825685Z,3220.678787,4585405,580308992,567758848
calibration-20260902-f,S1-10-r01,2026-09-01T15:46:20.138396611Z,3230.818548,4596820,580767744,567951360
calibration-20260902-f,S1-10-r01,2026-09-01T15:46:20.148240406Z,3240.662344,4610359,532664320,519692288
calibration-20260902-f,S1-10-r01,2026-09-01T15:46:20.149958161Z,3242.380097,4611104,532664320,520146944
calibration-20260902-f,S1-50-r01,2026-09-01T15:46:20.524088362Z,0.079287,4841370,59633664,46252032
calibration-20260902-f,S1-50-r01,2026-09-01T15:46:20.552315274Z,28.306194,4845125,62156800,48918528
calibration-20260902-f,S1-50-r01,2026-09-01T15:46:20.567115003Z,43.105922,4881285,238317568,226648064
calibration-20260902-f,S1-50-r01,2026-09-01T15:46:20.600507279Z,76.498198,4929517,238317568,226648064
calibration-20260902-f,S1-50-r01,2026-09-01T15:46:20.606996368Z,82.987293,4950426,278458368,267018240
calibration-20260902-f,S1-50-r01,2026-09-01T15:46:20.700373415Z,176.364340,5033848,354840576,342331392
calibration-20260902-f,S1-50-r01,2026-09-01T15:46:20.704232216Z,180.223143,5058300,374108160,361730048
calibration-20260902-f,S1-50-r01,2026-09-01T15:46:20.724619657Z,200.610581,5135061,435580928,424906752
calibration-20260902-f,S1-50-r01,2026-09-01T15:46:20.802058299Z,278.049226,5139500,437645312,426217472
calibration-20260902-f,S1-50-r01,2026-09-01T15:46:20.80505341Z,281.044341,5166882,461041664,449024000
calibration-20260902-f,S1-50-r01,2026-09-01T15:46:20.815215547Z,291.206473,5202684,461041664,449024000
calibration-20260902-f,S1-50-r01,2026-09-01T15:46:20.824418145Z,300.409070,5229580,461041664,449024000
calibration-20260902-f,S1-50-r01,2026-09-01T15:46:20.834621543Z,310.612468,5229773,461041664,449024000
calibration-20260902-f,S1-50-r01,2026-09-01T15:46:20.844758305Z,320.749230,5229950,461041664,449024000
calibration-20260902-f,S1-50-r01,2026-09-01T15:46:20.854934548Z,330.925472,5230109,461041664,449024000
calibration-20260902-f,S1-50-r01,2026-09-01T15:46:20.865083793Z,341.074718,5230288,461041664,449024000
calibration-20260902-f,S1-50-r01,2026-09-01T15:46:20.8752262Z,351.217125,5230464,461041664,449024000
calibration-20260902-f,S1-50-r01,2026-09-01T15:46:20.884333278Z,360.324203,5230577,461041664,449024000
calibration-20260902-f,S1-50-r01,2026-09-01T15:46:20.894486466Z,370.477390,5230743,461041664,449011712
calibration-20260902-f,S1-50-r01,2026-09-01T15:46:20.904653683Z,380.644607,5248038,461041664,449011712
calibration-20260902-f,S1-50-r01,2026-09-01T15:46:20.914839322Z,390.830247,5283870,461041664,449007616
calibration-20260902-f,S1-50-r01,2026-09-01T15:46:20.924984661Z,400.975585,5324058,461041664,449269760
calibration-20260902-f,S1-50-r01,2026-09-01T15:46:20.93518342Z,411.174344,5328773,461041664,449269760
calibration-20260902-f,S1-50-r01,2026-09-01T15:46:20.944311601Z,420.302525,5328920,461041664,449269760
calibration-20260902-f,S1-50-r01,2026-09-01T15:46:20.954480624Z,430.471548,5329024,461041664,449269760
calibration-20260902-f,S1-50-r01,2026-09-01T15:46:20.964624881Z,440.615805,5329149,461041664,449269760
calibration-20260902-f,S1-50-r01,2026-09-01T15:46:20.974787168Z,450.778092,5329312,461041664,449527808
calibration-20260902-f,S1-50-r01,2026-09-01T15:46:20.984967286Z,460.958211,5329464,461041664,449527808
calibration-20260902-f,S1-50-r01,2026-09-01T15:46:20.995184757Z,471.175682,5329619,461041664,449527808
calibration-20260902-f,S1-50-r01,2026-09-01T15:46:21.004397828Z,480.388754,5346861,462647296,451362816
calibration-20260902-f,S1-50-r01,2026-09-01T15:46:21.014610055Z,490.600980,5383106,506228736,495403008
calibration-20260902-f,S1-50-r01,2026-09-01T15:46:21.024814777Z,500.805701,5428310,546828288,536035328
calibration-20260902-f,S1-50-r01,2026-09-01T15:46:21.035029385Z,511.020310,5428506,546828288,535826432
calibration-20260902-f,S1-50-r01,2026-09-01T15:46:21.045161117Z,521.152041,5428699,546828288,535826432
calibration-20260902-f,S1-50-r01,2026-09-01T15:46:21.100383662Z,576.374586,5429180,547516416,536612864
calibration-20260902-f,S1-50-r01,2026-09-01T15:46:21.10461288Z,580.603804,5446742,571830272,561516544
calibration-20260902-f,S1-50-r01,2026-09-01T15:46:21.119863884Z,595.854808,5501190,644313088,633606144
calibration-20260902-f,S1-50-r01,2026-09-01T15:46:21.125106533Z,601.097457,5528316,653946880,643305472
calibration-20260902-f,S1-50-r01,2026-09-01T15:46:21.134335338Z,610.326262,5533045,658075648,646889472
calibration-20260902-f,S1-50-r01,2026-09-01T15:46:21.144499223Z,620.490148,5533326,658075648,646889472
calibration-20260902-f,S1-50-r01,2026-09-01T15:46:21.154676317Z,630.667246,5533434,658075648,646889472
calibration-20260902-f,S1-50-r01,2026-09-01T15:46:21.164822988Z,640.813908,5533529,658075648,646889472
calibration-20260902-f,S1-50-r01,2026-09-01T15:46:21.175026341Z,651.017265,5533670,658075648,646889472
calibration-20260902-f,S1-50-r01,2026-09-01T15:46:21.18419508Z,660.186000,5533790,658075648,646889472
calibration-20260902-f,S1-50-r01,2026-09-01T15:46:21.194405577Z,670.396497,5533950,658075648,646889472
calibration-20260902-f,S1-50-r01,2026-09-01T15:46:21.204622891Z,680.613815,5551301,668397568,657375232
calibration-20260902-f,S1-50-r01,2026-09-01T15:46:21.214836668Z,690.827587,5587843,691564544,680706048
calibration-20260902-f,S1-50-r01,2026-09-01T15:46:21.225025666Z,701.016585,5624001,700510208,689881088
calibration-20260902-f,S1-50-r01,2026-09-01T15:46:21.234199708Z,710.190632,5624217,700510208,689823744
calibration-20260902-f,S1-50-r01,2026-09-01T15:46:21.244371445Z,720.362371,5624459,700510208,689823744
calibration-20260902-f,S1-50-r01,2026-09-01T15:46:21.254634344Z,730.625269,5624720,700510208,690081792
calibration-20260902-f,S1-50-r01,2026-09-01T15:46:21.264813771Z,740.804695,5624975,700510208,690081792
calibration-20260902-f,S1-50-r01,2026-09-01T15:46:21.274977471Z,750.968395,5625212,700510208,690081792
calibration-20260902-f,S1-50-r01,2026-09-01T15:46:21.285140081Z,761.131005,5625421,700510208,690081792
calibration-20260902-f,S1-50-r01,2026-09-01T15:46:21.294330078Z,770.321003,5625581,700510208,690081792
calibration-20260902-f,S1-50-r01,2026-09-01T15:46:21.304508942Z,780.499866,5642916,706473984,696111104
calibration-20260902-f,S1-50-r01,2026-09-01T15:46:21.314743027Z,790.733952,5678784,707391488,697159680
calibration-20260902-f,S1-50-r01,2026-09-01T15:46:21.325060351Z,801.051276,5723641,708079616,697946112
calibration-20260902-f,S1-50-r01,2026-09-01T15:46:21.334362226Z,810.353150,5728398,708079616,697946112
calibration-20260902-f,S1-50-r01,2026-09-01T15:46:21.344535339Z,820.526264,5728586,708079616,697946112
calibration-20260902-f,S1-50-r01,2026-09-01T15:46:21.354751932Z,830.742857,5728794,708308992,697946112
calibration-20260902-f,S1-50-r01,2026-09-01T15:46:21.364929827Z,840.920751,5729098,708308992,697946112
calibration-20260902-f,S1-50-r01,2026-09-01T15:46:21.37516886Z,851.159779,5729249,708308992,697946112
calibration-20260902-f,S1-50-r01,2026-09-01T15:46:21.384334186Z,860.325112,5729375,708308992,697946112
calibration-20260902-f,S1-50-r01,2026-09-01T15:46:21.394580428Z,870.571347,5729537,708308992,697946112
calibration-20260902-f,S1-50-r01,2026-09-01T15:46:21.404809381Z,880.800305,5746795,708767744,698470400
calibration-20260902-f,S1-50-r01,2026-09-01T15:46:21.415017213Z,891.008137,5782665,709226496,698732544
calibration-20260902-f,S1-50-r01,2026-09-01T15:46:21.424231763Z,900.222687,5822977,709685248,698994688
calibration-20260902-f,S1-50-r01,2026-09-01T15:46:21.434485654Z,910.476579,5827671,709685248,698994688
calibration-20260902-f,S1-50-r01,2026-09-01T15:46:21.444653339Z,920.644263,5827856,709685248,698994688
calibration-20260902-f,S1-50-r01,2026-09-01T15:46:21.454892905Z,930.883829,5828058,709685248,698994688
calibration-20260902-f,S1-50-r01,2026-09-01T15:46:21.465066038Z,941.056962,5828200,709685248,698994688
calibration-20260902-f,S1-50-r01,2026-09-01T15:46:21.474200197Z,950.191122,5828317,709685248,698994688
calibration-20260902-f,S1-50-r01,2026-09-01T15:46:21.484325126Z,960.316051,5828489,709685248,698994688
calibration-20260902-f,S1-50-r01,2026-09-01T15:46:21.4945255Z,970.516424,5828637,709685248,699252736
calibration-20260902-f,S1-50-r01,2026-09-01T15:46:21.504802813Z,980.793737,5845830,710144000,699777024
calibration-20260902-f,S1-50-r01,2026-09-01T15:46:21.515005268Z,990.996193,5881720,710602752,700039168
calibration-20260902-f,S1-50-r01,2026-09-01T15:46:21.525167777Z,1001.158701,5926513,711520256,701087744
calibration-20260902-f,S1-50-r01,2026-09-01T15:46:21.534363632Z,1010.354556,5931126,711520256,701087744
calibration-20260902-f,S1-50-r01,2026-09-01T15:46:21.600405483Z,1076.396408,5931320,711520256,701087744
calibration-20260902-f,S1-50-r01,2026-09-01T15:46:21.604699179Z,1080.690102,5948498,711520256,701087744
calibration-20260902-f,S1-50-r01,2026-09-01T15:46:21.615058701Z,1091.049625,5984491,712437760,702136320
calibration-20260902-f,S1-50-r01,2026-09-01T15:46:21.624200485Z,1100.191404,6024921,714043392,703971328
calibration-20260902-f,S1-50-r01,2026-09-01T15:46:21.634434817Z,1110.425741,6029539,714043392,703938560
calibration-20260902-f,S1-50-r01,2026-09-01T15:46:21.644606151Z,1120.597076,6029694,714043392,703909888
calibration-20260902-f,S1-50-r01,2026-09-01T15:46:21.65476235Z,1130.753274,6029830,714043392,703909888
calibration-20260902-f,S1-50-r01,2026-09-01T15:46:21.66494185Z,1140.932776,6029972,714043392,703909888
calibration-20260902-f,S1-50-r01,2026-09-01T15:46:21.675122176Z,1151.113100,6030101,714043392,703909888
calibration-20260902-f,S1-50-r01,2026-09-01T15:46:21.684187269Z,1160.178187,6030234,714043392,703909888
calibration-20260902-f,S1-50-r01,2026-09-01T15:46:21.694393562Z,1170.384486,6030374,714043392,704167936
calibration-20260902-f,S1-50-r01,2026-09-01T15:46:21.704569208Z,1180.560132,6047573,714043392,704167936
calibration-20260902-f,S1-50-r01,2026-09-01T15:46:21.714316653Z,1190.307572,6086384,667492352,657244160
calibration-20260902-f,S1-50-r01,2026-09-01T15:46:21.724731349Z,1200.722273,6129581,701210624,691036160
calibration-20260902-f,S1-50-r01,2026-09-01T15:46:21.73490541Z,1210.896335,6129804,701210624,690937856
calibration-20260902-f,S1-50-r01,2026-09-01T15:46:21.745103424Z,1221.094348,6130035,701210624,690937856
calibration-20260902-f,S1-50-r01,2026-09-01T15:46:21.754195629Z,1230.186553,6130188,701210624,690937856
calibration-20260902-f,S1-50-r01,2026-09-01T15:46:21.764371044Z,1240.361968,6130397,701210624,690937856
calibration-20260902-f,S1-50-r01,2026-09-01T15:46:21.774558029Z,1250.548953,6130551,701210624,690937856
calibration-20260902-f,S1-50-r01,2026-09-01T15:46:21.784682942Z,1260.673867,6130699,701210624,690937856
calibration-20260902-f,S1-50-r01,2026-09-01T15:46:21.794895625Z,1270.886550,6130880,701210624,690937856
calibration-20260902-f,S1-50-r01,2026-09-01T15:46:21.805067251Z,1281.058176,6148158,716349440,706142208
calibration-20260902-f,S1-50-r01,2026-09-01T15:46:21.815180463Z,1291.171387,6185113,686657536,676622336
calibration-20260902-f,S1-50-r01,2026-09-01T15:46:21.824294739Z,1300.285665,6230760,706154496,696545280
calibration-20260902-f,S1-50-r01,2026-09-01T15:46:21.834493951Z,1310.484870,6230877,706154496,696496128
calibration-20260902-f,S1-50-r01,2026-09-01T15:46:21.844620693Z,1320.611612,6230986,706154496,696496128
calibration-20260902-f,S1-50-r01,2026-09-01T15:46:21.854769695Z,1330.760614,6231056,706383872,696401920
calibration-20260902-f,S1-50-r01,2026-09-01T15:46:21.864913797Z,1340.904716,6231126,706383872,696401920
calibration-20260902-f,S1-50-r01,2026-09-01T15:46:21.875065746Z,1351.056665,6231210,706383872,696401920
calibration-20260902-f,S1-50-r01,2026-09-01T15:46:21.884208286Z,1360.199205,6231273,706383872,696041472
calibration-20260902-f,S1-50-r01,2026-09-01T15:46:21.894448931Z,1370.439850,6231446,706383872,696041472
calibration-20260902-f,S1-50-r01,2026-09-01T15:46:21.904635811Z,1380.626735,6248740,719917056,709672960
calibration-20260902-f,S1-50-r01,2026-09-01T15:46:21.91480725Z,1390.798174,6284536,720375808,709935104
calibration-20260902-f,S1-50-r01,2026-09-01T15:46:22.000917787Z,1476.908720,6325295,624287744,614035456
calibration-20260902-f,S1-50-r01,2026-09-01T15:46:22.006021761Z,1482.012680,6342656,637362176,627335168
calibration-20260902-f,S1-50-r01,2026-09-01T15:46:22.014516422Z,1490.507342,6378940,665346048,655122432
calibration-20260902-f,S1-50-r01,2026-09-01T15:46:22.02478708Z,1500.778005,6423735,672915456,662626304
calibration-20260902-f,S1-50-r01,2026-09-01T15:46:22.034987474Z,1510.978398,6428557,673144832,662482944
calibration-20260902-f,S1-50-r01,2026-09-01T15:46:22.045135522Z,1521.126448,6428826,673144832,662482944
calibration-20260902-f,S1-50-r01,2026-09-01T15:46:22.05437102Z,1530.361945,6429072,673144832,662482944
calibration-20260902-f,S1-50-r01,2026-09-01T15:46:22.064532497Z,1540.523416,6429216,673144832,662482944
calibration-20260902-f,S1-50-r01,2026-09-01T15:46:22.074728048Z,1550.718973,6429331,673144832,662482944
calibration-20260902-f,S1-50-r01,2026-09-01T15:46:22.08485996Z,1560.850880,6429410,673144832,662482944
calibration-20260902-f,S1-50-r01,2026-09-01T15:46:22.095005839Z,1570.996757,6429486,673144832,662745088
calibration-20260902-f,S1-50-r01,2026-09-01T15:46:22.105175955Z,1581.166880,6446617,673144832,662745088
calibration-20260902-f,S1-50-r01,2026-09-01T15:46:22.114395539Z,1590.386463,6482349,673144832,662745088
calibration-20260902-f,S1-50-r01,2026-09-01T15:46:22.124709014Z,1600.699939,6526967,673144832,662745088
calibration-20260902-f,S1-50-r01,2026-09-01T15:46:22.134919069Z,1610.909993,6531595,673144832,662745088
calibration-20260902-f,S1-50-r01,2026-09-01T15:46:22.145099021Z,1621.089946,6531748,673144832,662745088
calibration-20260902-f,S1-50-r01,2026-09-01T15:46:22.154255108Z,1630.246033,6531877,673144832,662745088
calibration-20260902-f,S1-50-r01,2026-09-01T15:46:22.20042075Z,1676.411699,6531982,673144832,662458368
calibration-20260902-f,S1-50-r01,2026-09-01T15:46:22.204942094Z,1680.933018,6549402,676126720,665862144
calibration-20260902-f,S1-50-r01,2026-09-01T15:46:22.21521157Z,1691.202494,6585590,692183040,681590784
calibration-20260902-f,S1-50-r01,2026-09-01T15:46:22.300382458Z,1776.373382,6630505,700899328,690765824
calibration-20260902-f,S1-50-r01,2026-09-01T15:46:22.304649319Z,1780.640243,6647972,708468736,698368000
calibration-20260902-f,S1-50-r01,2026-09-01T15:46:22.314828109Z,1790.819028,6686021,732094464,721960960
calibration-20260902-f,S1-50-r01,2026-09-01T15:46:22.325072107Z,1801.063031,6729736,751591424,741097472
calibration-20260902-f,S1-50-r01,2026-09-01T15:46:22.400609183Z,1876.600107,6730541,752050176,741883904
calibration-20260902-f,S1-50-r01,2026-09-01T15:46:22.404737097Z,1880.728022,6747567,763289600,752889856
calibration-20260902-f,S1-50-r01,2026-09-01T15:46:22.414936805Z,1890.927729,6783788,792879104,782512128
calibration-20260902-f,S1-50-r01,2026-09-01T15:46:22.425089704Z,1901.080629,6824259,805494784,795095040
calibration-20260902-f,S1-50-r01,2026-09-01T15:46:22.500527448Z,1976.518373,6824826,805953536,795451392
calibration-20260902-f,S1-50-r01,2026-09-01T15:46:22.504817128Z,1980.808052,6842810,812605440,802791424
calibration-20260902-f,S1-50-r01,2026-09-01T15:46:22.514988745Z,1990.979669,6881425,836231168,826384384
calibration-20260902-f,S1-50-r01,2026-09-01T15:46:22.525208032Z,2001.198956,6928148,849764352,840015872
calibration-20260902-f,S1-50-r01,2026-09-01T15:46:22.534442391Z,2010.433316,6928363,849764352,840015872
calibration-20260902-f,S1-50-r01,2026-09-01T15:46:22.600392218Z,2076.383142,6928759,849764352,840024064
calibration-20260902-f,S1-50-r01,2026-09-01T15:46:22.604546797Z,2080.537722,6946179,855498752,845791232
calibration-20260902-f,S1-50-r01,2026-09-01T15:46:22.614712399Z,2090.703324,6982315,869949440,860209152
calibration-20260902-f,S1-50-r01,2026-09-01T15:46:22.624947499Z,2100.938423,7022662,874078208,864403456
calibration-20260902-f,S1-50-r01,2026-09-01T15:46:22.635196886Z,2111.187811,7027411,874078208,864403456
calibration-20260902-f,S1-50-r01,2026-09-01T15:46:22.644392141Z,2120.383061,7027788,874078208,864153600
calibration-20260902-f,S1-50-r01,2026-09-01T15:46:22.654597615Z,2130.588535,7027912,874078208,864153600
calibration-20260902-f,S1-50-r01,2026-09-01T15:46:22.664766711Z,2140.757630,7028056,874078208,864153600
calibration-20260902-f,S1-50-r01,2026-09-01T15:46:22.674955173Z,2150.946098,7028193,874078208,864153600
calibration-20260902-f,S1-50-r01,2026-09-01T15:46:22.685104841Z,2161.095760,7028299,874078208,864153600
calibration-20260902-f,S1-50-r01,2026-09-01T15:46:22.694297885Z,2170.288810,7028422,874078208,864153600
calibration-20260902-f,S1-50-r01,2026-09-01T15:46:22.704475187Z,2180.466111,7045686,874995712,865202176
calibration-20260902-f,S1-50-r01,2026-09-01T15:46:22.714707629Z,2190.698553,7081545,875454464,865464320
calibration-20260902-f,S1-50-r01,2026-09-01T15:46:22.724894942Z,2200.885867,7126214,875683840,865464320
calibration-20260902-f,S1-50-r01,2026-09-01T15:46:22.735126113Z,2211.117037,7130885,875683840,865464320
calibration-20260902-f,S1-50-r01,2026-09-01T15:46:22.74431742Z,2220.308345,7131032,875683840,865411072
calibration-20260902-f,S1-50-r01,2026-09-01T15:46:22.754501946Z,2230.492871,7131165,875683840,865247232
calibration-20260902-f,S1-50-r01,2026-09-01T15:46:22.764716998Z,2240.707923,7131356,875683840,865247232
calibration-20260902-f,S1-50-r01,2026-09-01T15:46:22.774937492Z,2250.928417,7131537,875683840,865247232
calibration-20260902-f,S1-50-r01,2026-09-01T15:46:22.78507405Z,2261.064974,7131748,875683840,865509376
calibration-20260902-f,S1-50-r01,2026-09-01T15:46:22.794212013Z,2270.202937,7131872,875683840,865509376
calibration-20260902-f,S1-50-r01,2026-09-01T15:46:22.804875967Z,2280.866891,7149025,875683840,865509376
calibration-20260902-f,S1-50-r01,2026-09-01T15:46:22.81508121Z,2291.072134,7184969,876371968,866557952
calibration-20260902-f,S1-50-r01,2026-09-01T15:46:22.824196805Z,2300.187729,7225253,876371968,866557952
calibration-20260902-f,S1-50-r01,2026-09-01T15:46:22.834447661Z,2310.438587,7229939,876371968,866557952
calibration-20260902-f,S1-50-r01,2026-09-01T15:46:22.844644737Z,2320.635661,7230078,876371968,866402304
calibration-20260902-f,S1-50-r01,2026-09-01T15:46:22.854825476Z,2330.816400,7230200,876371968,866402304
calibration-20260902-f,S1-50-r01,2026-09-01T15:46:22.865005191Z,2340.996116,7230343,876371968,866402304
calibration-20260902-f,S1-50-r01,2026-09-01T15:46:22.875216471Z,2351.207396,7230502,876371968,866402304
calibration-20260902-f,S1-50-r01,2026-09-01T15:46:22.884335985Z,2360.326909,7230619,876371968,866402304
calibration-20260902-f,S1-50-r01,2026-09-01T15:46:22.894476978Z,2370.467902,7230755,876371968,866402304
calibration-20260902-f,S1-50-r01,2026-09-01T15:46:22.905214158Z,2381.205083,7248052,876371968,866664448
calibration-20260902-f,S1-50-r01,2026-09-01T15:46:22.914389784Z,2390.380710,7286222,877060096,867188736
calibration-20260902-f,S1-50-r01,2026-09-01T15:46:22.92456798Z,2400.558905,7329130,878206976,868499456
calibration-20260902-f,S1-50-r01,2026-09-01T15:46:22.934653149Z,2410.644075,7329333,878206976,868499456
calibration-20260902-f,S1-50-r01,2026-09-01T15:46:23.000378129Z,2476.369060,7329812,878436352,868171776
calibration-20260902-f,S1-50-r01,2026-09-01T15:46:23.004601918Z,2480.592842,7346960,878436352,868429824
calibration-20260902-f,S1-50-r01,2026-09-01T15:46:23.014758579Z,2490.749499,7384875,838987776,856387584
calibration-20260902-f,S1-50-r01,2026-09-01T15:46:23.024700412Z,2500.691336,7424344,783126528,773578752
calibration-20260902-f,S1-50-r01,2026-09-01T15:46:23.034919319Z,2510.910243,7429032,783126528,773578752
calibration-20260902-f,S1-50-r01,2026-09-01T15:46:23.045089097Z,2521.080021,7429217,783126528,773234688
calibration-20260902-f,S1-50-r01,2026-09-01T15:46:23.054332274Z,2530.323198,7429439,783126528,773234688
calibration-20260902-f,S1-50-r01,2026-09-01T15:46:23.064422897Z,2540.413822,7429599,783126528,773234688
calibration-20260902-f,S1-50-r01,2026-09-01T15:46:23.074596803Z,2550.587727,7429789,783126528,773234688
calibration-20260902-f,S1-50-r01,2026-09-01T15:46:23.084793963Z,2560.784888,7430038,783126528,773234688
calibration-20260902-f,S1-50-r01,2026-09-01T15:46:23.094996765Z,2570.987690,7430172,783126528,773185536
calibration-20260902-f,S1-50-r01,2026-09-01T15:46:23.105170968Z,2581.161892,7447390,783126528,773185536
calibration-20260902-f,S1-50-r01,2026-09-01T15:46:23.114336456Z,2590.327381,7483131,783126528,773185536
calibration-20260902-f,S1-50-r01,2026-09-01T15:46:23.124581857Z,2600.572780,7527970,783585280,773709824
calibration-20260902-f,S1-50-r01,2026-09-01T15:46:23.134790517Z,2610.781441,7532611,783585280,773709824
calibration-20260902-f,S1-50-r01,2026-09-01T15:46:23.144941856Z,2620.932780,7532742,783585280,773550080
calibration-20260902-f,S1-50-r01,2026-09-01T15:46:23.155176187Z,2631.167111,7532922,783585280,773550080
calibration-20260902-f,S1-50-r01,2026-09-01T15:46:23.1504748Z,2676.411755,7533034,783585280,773156864
calibration-20260902-f,S1-50-r01,2026-09-01T15:46:23.154666195Z,2680.603150,7550365,783585280,773156864
calibration-20260902-f,S1-50-r01,2026-09-01T15:46:23.164292454Z,2690.229412,7587789,735584256,725090304
calibration-20260902-f,S1-50-r01,2026-09-01T15:46:23.174582021Z,2700.518969,7628124,737419264,726663168
calibration-20260902-f,S1-50-r01,2026-09-01T15:46:23.184900716Z,2710.837671,7628513,737419264,726564864
calibration-20260902-f,S1-50-r01,2026-09-01T15:46:23.195202423Z,2721.139378,7628915,737419264,726564864
calibration-20260902-f,S1-50-r01,2026-09-01T15:46:23.204426965Z,2730.363920,7629227,737419264,726564864
calibration-20260902-f,S1-50-r01,2026-09-01T15:46:23.214540398Z,2740.477352,7629421,737419264,726564864
calibration-20260902-f,S1-50-r01,2026-09-01T15:46:23.224690496Z,2750.627450,7629553,737648640,726564864
calibration-20260902-f,S1-50-r01,2026-09-01T15:46:23.234858944Z,2760.795899,7629687,737648640,726564864
calibration-20260902-f,S1-50-r01,2026-09-01T15:46:23.244951314Z,2770.888269,7629787,737648640,726564864
calibration-20260902-f,S1-50-r01,2026-09-01T15:46:23.255139925Z,2781.076879,7646894,737648640,726822912
calibration-20260902-f,S1-50-r01,2026-09-01T15:46:23.264367006Z,2790.303960,7682643,737648640,726822912
calibration-20260902-f,S1-50-r01,2026-09-01T15:46:23.274530357Z,2800.467311,7727446,689774592,679088128
calibration-20260902-f,S1-50-r01,2026-09-01T15:46:23.284728603Z,2810.665557,7732073,689774592,679088128
calibration-20260902-f,S1-50-r01,2026-09-01T15:46:26.729432992Z,2876.372859,7732458,689774592,679010304
calibration-20260902-f,S1-50-r01,2026-09-01T15:46:26.733636766Z,2880.576634,7750263,690003968,679165952
calibration-20260902-f,S1-50-r01,2026-09-01T15:46:26.743762713Z,2890.702580,7785981,690003968,679165952
calibration-20260902-f,S1-50-r01,2026-09-01T15:46:26.753966636Z,2900.906503,7826190,690003968,679165952
calibration-20260902-f,S1-50-r01,2026-09-01T15:46:26.76420386Z,2911.143728,7830858,690003968,679165952
calibration-20260902-f,S1-50-r01,2026-09-01T15:46:26.773342253Z,2920.282121,7831030,690003968,679034880
calibration-20260902-f,S1-50-r01,2026-09-01T15:46:26.78344629Z,2930.386157,7831157,690003968,679034880
calibration-20260902-f,S1-50-r01,2026-09-01T15:46:26.793581266Z,2940.521135,7831274,690003968,679034880
calibration-20260902-f,S1-50-r01,2026-09-01T15:46:26.829422609Z,2976.362477,7831453,690003968,679034880
calibration-20260902-f,S1-50-r01,2026-09-01T15:46:26.833558844Z,2980.498711,7848761,693673984,682442752
calibration-20260902-f,S1-50-r01,2026-09-01T15:46:26.8437796Z,2990.719466,7885121,728768512,717570048
calibration-20260902-f,S1-50-r01,2026-09-01T15:46:26.853996497Z,3000.936365,7930205,752852992,741687296
calibration-20260902-f,S1-50-r01,2026-09-01T15:46:26.864147644Z,3011.087512,7930458,752852992,741687296
calibration-20260902-f,S1-50-r01,2026-09-01T15:46:26.873349088Z,3020.288955,7930617,752852992,741687296
calibration-20260902-f,S1-50-r01,2026-09-01T15:46:26.883467955Z,3030.407823,7930758,752852992,741687296
calibration-20260902-f,S1-50-r01,2026-09-01T15:46:26.893604936Z,3040.544804,7930953,752852992,741687296
calibration-20260902-f,S1-50-r01,2026-09-01T15:46:26.903740387Z,3050.680255,7931096,752852992,741687296
calibration-20260902-f,S1-50-r01,2026-09-01T15:46:26.91386838Z,3060.808247,7931270,752852992,741687296
calibration-20260902-f,S1-50-r01,2026-09-01T15:46:26.924040429Z,3070.980296,7931370,752852992,741687296
calibration-20260902-f,S1-50-r01,2026-09-01T15:46:26.934173816Z,3081.113684,7948965,769138688,757940224
calibration-20260902-f,S1-50-r01,2026-09-01T15:46:26.943281175Z,3090.221038,7987055,788406272,777338880
calibration-20260902-f,S1-50-r01,2026-09-01T15:46:26.95353037Z,3100.470237,8030611,803774464,792543232
calibration-20260902-f,S1-50-r01,2026-09-01T15:46:26.963748045Z,3110.687912,8030834,803774464,792543232
calibration-20260902-f,S1-50-r01,2026-09-01T15:46:26.97393073Z,3120.870598,8031064,803774464,792399872
calibration-20260902-f,S1-50-r01,2026-09-01T15:46:26.984133409Z,3131.073276,8031267,803774464,792657920
calibration-20260902-f,S1-50-r01,2026-09-01T15:46:26.993256947Z,3140.196815,8031441,803774464,792657920
calibration-20260902-f,S1-50-r01,2026-09-01T15:46:27.0034296Z,3150.369467,8031592,803774464,792657920
calibration-20260902-f,S1-50-r01,2026-09-01T15:46:27.029425335Z,3176.365202,8032029,803774464,792657920
calibration-20260902-f,S1-50-r01,2026-09-01T15:46:27.033604075Z,3180.543943,8049414,809738240,798425088
calibration-20260902-f,S1-50-r01,2026-09-01T15:46:27.043807967Z,3190.747834,8085429,824418304,812843008
calibration-20260902-f,S1-50-r01,2026-09-01T15:46:27.054019425Z,3200.959292,8125736,832217088,820707328
calibration-20260902-f,S1-50-r01,2026-09-01T15:46:27.064255226Z,3211.195094,8130372,835428352,824377344
calibration-20260902-f,S1-50-r01,2026-09-01T15:46:27.073440786Z,3220.380653,8130542,835428352,824123392
calibration-20260902-f,S1-50-r01,2026-09-01T15:46:27.083650746Z,3230.590615,8130703,835428352,824123392
calibration-20260902-f,S1-50-r01,2026-09-01T15:46:27.093869474Z,3240.809341,8130888,835428352,824123392
calibration-20260902-f,S1-50-r01,2026-09-01T15:46:27.104065504Z,3251.005371,8131043,835428352,824123392
calibration-20260902-f,S1-50-r01,2026-09-01T15:46:27.114245941Z,3261.185808,8131187,835428352,824123392
calibration-20260902-f,S1-50-r01,2026-09-01T15:46:27.123394022Z,3270.333895,8131307,835428352,824381440
calibration-20260902-f,S1-50-r01,2026-09-01T15:46:27.133610137Z,3280.550024,8148819,845062144,834080768
calibration-20260902-f,S1-50-r01,2026-09-01T15:46:27.143821385Z,3290.761252,8185274,858136576,847187968
calibration-20260902-f,S1-50-r01,2026-09-01T15:46:27.153991321Z,3300.931188,8225791,865476608,854790144
calibration-20260902-f,S1-50-r01,2026-09-01T15:46:27.164165965Z,3311.105834,8230490,865476608,854790144
calibration-20260902-f,S1-50-r01,2026-09-01T15:46:27.173292143Z,3320.232010,8230659,865476608,854790144
calibration-20260902-f,S1-50-r01,2026-09-01T15:46:27.183491498Z,3330.431366,8230830,865705984,854790144
calibration-20260902-f,S1-50-r01,2026-09-01T15:46:27.193680879Z,3340.620747,8230994,865705984,854790144
calibration-20260902-f,S1-50-r01,2026-09-01T15:46:27.203879074Z,3350.818943,8231183,865705984,854790144
calibration-20260902-f,S1-50-r01,2026-09-01T15:46:27.213995496Z,3360.935364,8231349,865705984,854790144
calibration-20260902-f,S1-50-r01,2026-09-01T15:46:27.224127946Z,3371.067814,8231558,865705984,854790144
calibration-20260902-f,S1-50-r01,2026-09-01T15:46:27.233304465Z,3380.244344,8249069,871211008,860295168
calibration-20260902-f,S1-50-r01,2026-09-01T15:46:27.243470844Z,3390.410711,8285373,884285440,873402368
calibration-20260902-f,S1-50-r01,2026-09-01T15:46:27.25362435Z,3400.564218,8330228,884973568,874188800
calibration-20260902-f,S1-50-r01,2026-09-01T15:46:27.263904357Z,3410.844224,8330508,885202944,874188800
calibration-20260902-f,S1-50-r01,2026-09-01T15:46:27.274138673Z,3421.078540,8330788,885202944,874160128
calibration-20260902-f,S1-50-r01,2026-09-01T15:46:27.283265399Z,3430.205266,8330917,885202944,874160128
calibration-20260902-f,S1-50-r01,2026-09-01T15:46:27.293388166Z,3440.328034,8331095,885202944,874160128
calibration-20260902-f,S1-50-r01,2026-09-01T15:46:27.329405928Z,3476.345790,8331211,885202944,874160128
calibration-20260902-f,S1-50-r01,2026-09-01T15:46:27.333520901Z,3480.460768,8348447,885202944,874160128
calibration-20260902-f,S1-50-r01,2026-09-01T15:46:27.343764173Z,3490.704040,8384314,885202944,874160128
calibration-20260902-f,S1-50-r01,2026-09-01T15:46:27.353883425Z,3500.823293,8424699,885661696,874684416
calibration-20260902-f,S1-50-r01,2026-09-01T15:46:27.364111354Z,3511.051221,8429410,885661696,874684416
calibration-20260902-f,S1-50-r01,2026-09-01T15:46:27.373278028Z,3520.217918,8429587,885661696,874528768
calibration-20260902-f,S1-50-r01,2026-09-01T15:46:27.383559352Z,3530.499219,8429904,885661696,874528768
calibration-20260902-f,S1-50-r01,2026-09-01T15:46:27.393694103Z,3540.633971,8430065,885661696,874528768
calibration-20260902-f,S1-50-r01,2026-09-01T15:46:27.403904835Z,3550.844702,8430298,885661696,874528768
calibration-20260902-f,S1-50-r01,2026-09-01T15:46:27.414133915Z,3561.073783,8430675,885661696,874528768
calibration-20260902-f,S1-50-r01,2026-09-01T15:46:27.423265171Z,3570.205038,8430782,885661696,874528768
calibration-20260902-f,S1-50-r01,2026-09-01T15:46:27.433391368Z,3580.331236,8447968,885661696,874528768
calibration-20260902-f,S1-50-r01,2026-09-01T15:46:27.443647574Z,3590.587441,8483842,885661696,874790912
calibration-20260902-f,S1-50-r01,2026-09-01T15:46:27.453932922Z,3600.872789,8524358,885661696,874790912
calibration-20260902-f,S1-50-r01,2026-09-01T15:46:27.4642116Z,3611.151467,8529124,885661696,874790912
calibration-20260902-f,S1-50-r01,2026-09-01T15:46:27.473606696Z,3620.546580,8529432,885661696,874532864
calibration-20260902-f,S1-50-r01,2026-09-01T15:46:27.48393495Z,3630.874842,8529876,885661696,874532864
calibration-20260902-f,S1-50-r01,2026-09-01T15:46:27.494227552Z,3641.167420,8530211,885661696,874532864
calibration-20260902-f,S1-50-r01,2026-09-01T15:46:27.503379587Z,3650.319454,8530339,885661696,874532864
calibration-20260902-f,S1-50-r01,2026-09-01T15:46:27.513573136Z,3660.513005,8530433,885661696,874532864
calibration-20260902-f,S1-50-r01,2026-09-01T15:46:27.529431855Z,3676.371722,8530708,885661696,874532864
calibration-20260902-f,S1-50-r01,2026-09-01T15:46:27.533659361Z,3680.599228,8548029,885661696,874532864
calibration-20260902-f,S1-50-r01,2026-09-01T15:46:27.543338979Z,3690.278841,8587905,837820416,827060224
calibration-20260902-f,S1-50-r01,2026-09-01T15:46:27.553760209Z,3700.700076,8629582,870621184,859496448
calibration-20260902-f,S1-50-r01,2026-09-01T15:46:27.563912645Z,3710.852513,8629807,870621184,859398144
calibration-20260902-f,S1-50-r01,2026-09-01T15:46:27.574088967Z,3721.028836,8629992,870621184,859242496
calibration-20260902-f,S1-50-r01,2026-09-01T15:46:27.584237659Z,3731.177527,8630202,870621184,859242496
calibration-20260902-f,S1-50-r01,2026-09-01T15:46:27.593460026Z,3740.399893,8630414,870621184,859500544
calibration-20260902-f,S1-50-r01,2026-09-01T15:46:27.60363282Z,3750.572688,8630622,870621184,859234304
calibration-20260902-f,S1-50-r01,2026-09-01T15:46:27.61374905Z,3760.688924,8630754,870621184,859492352
calibration-20260902-f,S1-50-r01,2026-09-01T15:46:27.623952068Z,3770.891930,8630895,870621184,859492352
calibration-20260902-f,S1-50-r01,2026-09-01T15:46:27.63409659Z,3781.036458,8648056,884842496,873910272
calibration-20260902-f,S1-50-r01,2026-09-01T15:46:27.644572879Z,3791.512748,8686155,838946816,827453440
calibration-20260902-f,S1-50-r01,2026-09-01T15:46:27.653684356Z,3800.624218,8729419,838946816,827715584
calibration-20260902-f,S1-50-r01,2026-09-01T15:46:27.663926459Z,3810.866321,8729849,838946816,827715584
calibration-20260902-f,S1-50-r01,2026-09-01T15:46:27.674068523Z,3821.008391,8729984,838946816,827564032
calibration-20260902-f,S1-50-r01,2026-09-01T15:46:27.684258746Z,3831.198614,8730160,838946816,827469824
calibration-20260902-f,S1-50-r01,2026-09-01T15:46:27.693423291Z,3840.363159,8730448,838946816,827469824
calibration-20260902-f,S1-50-r01,2026-09-01T15:46:27.703567462Z,3850.507330,8730529,838946816,827469824
calibration-20260902-f,S1-50-r01,2026-09-01T15:46:27.713673547Z,3860.613408,8730603,838946816,827469824
calibration-20260902-f,S1-50-r01,2026-09-01T15:46:27.723842854Z,3870.782716,8730698,838946816,827469824
calibration-20260902-f,S1-50-r01,2026-09-01T15:46:27.734046859Z,3880.986721,8748100,838946816,827731968
calibration-20260902-f,S1-50-r01,2026-09-01T15:46:27.744261708Z,3891.201575,8783934,838946816,827731968
calibration-20260902-f,S1-50-r01,2026-09-01T15:46:27.753443398Z,3900.383266,8824202,839405568,828256256
calibration-20260902-f,S1-50-r01,2026-09-01T15:46:27.831105139Z,3978.045080,8830202,839405568,828100608
calibration-20260902-f,S1-50-r01,2026-09-01T15:46:27.83334384Z,3980.283708,8845748,839405568,828100608
calibration-20260902-f,S1-50-r01,2026-09-01T15:46:27.844069444Z,3991.009311,8882668,791420928,780214272
calibration-20260902-f,S1-50-r01,2026-09-01T15:46:27.853248372Z,4000.188238,8923339,793026560,781684736
calibration-20260902-f,S1-50-r01,2026-09-01T15:46:27.863460042Z,4010.399909,8927986,793026560,781684736
calibration-20260902-f,S1-50-r01,2026-09-01T15:46:27.873646139Z,4020.586006,8928185,793026560,781946880
calibration-20260902-f,S1-50-r01,2026-09-01T15:46:27.883797614Z,4030.737481,8928396,793026560,781946880
calibration-20260902-f,S1-50-r01,2026-09-01T15:46:27.893977966Z,4040.917833,8928565,793026560,781946880
calibration-20260902-f,S1-50-r01,2026-09-01T15:46:27.929420853Z,4076.360721,8928963,793026560,781946880
calibration-20260902-f,S1-50-r01,2026-09-01T15:46:27.933664475Z,4080.604344,8946202,793026560,781946880
calibration-20260902-f,S1-50-r01,2026-09-01T15:46:27.943822063Z,4090.761930,8981821,793026560,781684736
calibration-20260902-f,S1-50-r01,2026-09-01T15:46:27.954001362Z,4100.941230,9026401,793026560,781684736
calibration-20260902-f,S1-50-r01,2026-09-01T15:46:27.964199413Z,4111.139280,9031007,793026560,781684736
calibration-20260902-f,S1-50-r01,2026-09-01T15:46:27.97331692Z,4120.256788,9031116,793026560,781684736
calibration-20260902-f,S1-50-r01,2026-09-01T15:46:27.983444328Z,4130.384196,9031238,793026560,781455360
calibration-20260902-f,S1-50-r01,2026-09-01T15:46:27.993612186Z,4140.552053,9031406,793026560,781455360
calibration-20260902-f,S1-50-r01,2026-09-01T15:46:28.0038187Z,4150.758567,9031564,793026560,781455360
calibration-20260902-f,S1-50-r01,2026-09-01T15:46:28.013938834Z,4160.878702,9031699,793026560,781455360
calibration-20260902-f,S1-50-r01,2026-09-01T15:46:28.02415648Z,4171.096347,9031847,793026560,781455360
calibration-20260902-f,S1-50-r01,2026-09-01T15:46:28.033571734Z,4180.511601,9049352,745037824,733732864
calibration-20260902-f,S1-50-r01,2026-09-01T15:46:28.044021464Z,4190.961331,9086394,759947264,748343296
calibration-20260902-f,S1-50-r01,2026-09-01T15:46:28.054165051Z,4201.104918,9127171,768892928,757256192
calibration-20260902-f,S1-50-r01,2026-09-01T15:46:28.063386994Z,4210.326861,9127350,768892928,757157888
calibration-20260902-f,S1-50-r01,2026-09-01T15:46:28.073568622Z,4220.508489,9127553,768892928,757157888
calibration-20260902-f,S1-50-r01,2026-09-01T15:46:28.083770004Z,4230.709871,9127748,768892928,757157888
calibration-20260902-f,S1-50-r01,2026-09-01T15:46:28.093891703Z,4240.831570,9127923,768892928,757157888
calibration-20260902-f,S1-50-r01,2026-09-01T15:46:28.104069932Z,4251.009799,9128134,768892928,757157888
calibration-20260902-f,S1-50-r01,2026-09-01T15:46:28.114250046Z,4261.189914,9128353,768892928,757157888
calibration-20260902-f,S1-50-r01,2026-09-01T15:46:28.123457202Z,4270.397070,9128528,768892928,757157888
calibration-20260902-f,S1-50-r01,2026-09-01T15:46:28.133565923Z,4280.505791,9145909,777379840,766066688
calibration-20260902-f,S1-50-r01,2026-09-01T15:46:28.143807164Z,4290.747032,9183856,794124288,782843904
calibration-20260902-f,S1-50-r01,2026-09-01T15:46:28.15402786Z,4300.967727,9226712,794583040,783093760
calibration-20260902-f,S1-50-r01,2026-09-01T15:46:28.164238708Z,4311.178575,9231373,794583040,783093760
calibration-20260902-f,S1-50-r01,2026-09-01T15:46:28.229429155Z,4376.369023,9231669,794583040,783093760
calibration-20260902-f,S1-50-r01,2026-09-01T15:46:28.23361024Z,4380.550107,9248873,794583040,783093760
calibration-20260902-f,S1-50-r01,2026-09-01T15:46:28.243839465Z,4390.779332,9284872,804904960,793464832
calibration-20260902-f,S1-50-r01,2026-09-01T15:46:28.25408564Z,4401.025508,9325333,813162496,801853440
calibration-20260902-f,S1-50-r01,2026-09-01T15:46:28.263270831Z,4410.210698,9329959,813162496,801853440
calibration-20260902-f,S1-50-r01,2026-09-01T15:46:28.273486934Z,4420.426801,9330212,813162496,801853440
calibration-20260902-f,S1-50-r01,2026-09-01T15:46:28.283658337Z,4430.598204,9330368,813162496,801853440
calibration-20260902-f,S1-50-r01,2026-09-01T15:46:28.293826288Z,4440.766155,9330520,813162496,801853440
calibration-20260902-f,S1-50-r01,2026-09-01T15:46:28.304057416Z,4450.997284,9330704,813162496,801853440
calibration-20260902-f,S1-50-r01,2026-09-01T15:46:28.314264267Z,4461.204134,9330899,813162496,801853440
calibration-20260902-f,S1-50-r01,2026-09-01T15:46:28.323447513Z,4470.387380,9331054,813391872,801853440
calibration-20260902-f,S1-50-r01,2026-09-01T15:46:28.333688299Z,4480.628167,9348416,820502528,809193472
calibration-20260902-f,S1-50-r01,2026-09-01T15:46:28.343888369Z,4490.828237,9384568,839311360,827805696
calibration-20260902-f,S1-50-r01,2026-09-01T15:46:28.354122932Z,4501.062794,9424885,843210752,831737856
calibration-20260902-f,S1-50-r01,2026-09-01T15:46:28.363326869Z,4510.266731,9429516,843210752,831737856
calibration-20260902-f,S1-50-r01,2026-09-01T15:46:28.373495064Z,4520.434931,9429670,843210752,831737856
calibration-20260902-f,S1-50-r01,2026-09-01T15:46:28.383691642Z,4530.631509,9429801,843440128,831737856
calibration-20260902-f,S1-50-r01,2026-09-01T15:46:28.393828036Z,4540.767903,9429922,843440128,831737856
calibration-20260902-f,S1-50-r01,2026-09-01T15:46:28.404031387Z,4550.971254,9430054,843440128,831737856
calibration-20260902-f,S1-50-r01,2026-09-01T15:46:28.414188623Z,4561.128491,9430189,843440128,831737856
calibration-20260902-f,S1-50-r01,2026-09-01T15:46:28.423284764Z,4570.224631,9430293,843440128,831737856
calibration-20260902-f,S1-50-r01,2026-09-01T15:46:28.43341643Z,4580.356297,9447540,843440128,831737856
calibration-20260902-f,S1-50-r01,2026-09-01T15:46:28.443608943Z,4590.548812,9483446,843898880,832000000
calibration-20260902-f,S1-50-r01,2026-09-01T15:46:28.453898883Z,4600.838750,9524005,857890816,846680064
calibration-20260902-f,S1-50-r01,2026-09-01T15:46:28.464124078Z,4611.063946,9528783,862707712,851398656
calibration-20260902-f,S1-50-r01,2026-09-01T15:46:28.473254831Z,4620.194698,9528954,862707712,851144704
calibration-20260902-f,S1-50-r01,2026-09-01T15:46:28.483435063Z,4630.374932,9529165,862707712,851144704
calibration-20260902-f,S1-50-r01,2026-09-01T15:46:28.493589262Z,4640.529123,9529322,862707712,851144704
calibration-20260902-f,S1-50-r01,2026-09-01T15:46:28.529439614Z,4676.379481,9529469,862707712,851406848
calibration-20260902-f,S1-50-r01,2026-09-01T15:46:28.533654873Z,4680.594740,9547108,868212736,856911872
calibration-20260902-f,S1-50-r01,2026-09-01T15:46:28.54387191Z,4690.811777,9583316,882892800,871591936
calibration-20260902-f,S1-50-r01,2026-09-01T15:46:28.554033768Z,4700.973635,9623746,890003456,878669824
calibration-20260902-f,S1-50-r01,2026-09-01T15:46:28.564196579Z,4711.136441,9628127,890003456,878931968
calibration-20260902-f,S1-50-r01,2026-09-01T15:46:28.573419185Z,4720.359053,9628345,890003456,879190016
calibration-20260902-f,S1-50-r01,2026-09-01T15:46:28.583656481Z,4730.596349,9628587,890003456,878923776
calibration-20260902-f,S1-50-r01,2026-09-01T15:46:28.593728665Z,4740.668532,9628723,890003456,879185920
calibration-20260902-f,S1-50-r01,2026-09-01T15:46:28.603849178Z,4750.789045,9628920,890003456,879181824
calibration-20260902-f,S1-50-r01,2026-09-01T15:46:28.613987648Z,4760.927515,9629184,890003456,879181824
calibration-20260902-f,S1-50-r01,2026-09-01T15:46:28.62422593Z,4771.165798,9629421,890003456,879181824
calibration-20260902-f,S1-50-r01,2026-09-01T15:46:28.633397487Z,4780.337354,9646913,892755968,881803264
calibration-20260902-f,S1-50-r01,2026-09-01T15:46:28.643570584Z,4790.510451,9682760,892755968,881803264
calibration-20260902-f,S1-50-r01,2026-09-01T15:46:28.653689805Z,4800.629672,9723077,892985344,882065408
calibration-20260902-f,S1-50-r01,2026-09-01T15:46:28.663955416Z,4810.895284,9727796,892985344,882065408
calibration-20260902-f,S1-50-r01,2026-09-01T15:46:28.674206784Z,4821.146652,9727991,892985344,882065408
calibration-20260902-f,S1-50-r01,2026-09-01T15:46:28.729481982Z,4876.421849,9728123,892985344,882049024
calibration-20260902-f,S1-50-r01,2026-09-01T15:46:28.733722232Z,4880.662099,9745459,853471232,863215616
calibration-20260902-f,S1-50-r01,2026-09-01T15:46:28.743940612Z,4890.880475,9782782,879214592,868376576
calibration-20260902-f,S1-50-r01,2026-09-01T15:46:28.754165374Z,4901.105242,9827512,886095872,875192320
calibration-20260902-f,S1-50-r01,2026-09-01T15:46:28.763275726Z,4910.215594,9832113,886095872,875106304
calibration-20260902-f,S1-50-r01,2026-09-01T15:46:28.773409585Z,4920.349452,9832318,886095872,875106304
calibration-20260902-f,S1-50-r01,2026-09-01T15:46:28.783545727Z,4930.485594,9832509,886095872,875106304
calibration-20260902-f,S1-50-r01,2026-09-01T15:46:28.793631818Z,4940.571686,9832675,886095872,875106304
calibration-20260902-f,S1-50-r01,2026-09-01T15:46:28.803819943Z,4950.759811,9832875,886095872,875106304
calibration-20260902-f,S1-50-r01,2026-09-01T15:46:28.813944176Z,4960.884043,9833073,886095872,875106304
calibration-20260902-f,S1-50-r01,2026-09-01T15:46:28.829444882Z,4976.384750,9833269,886095872,875106304
calibration-20260902-f,S1-50-r01,2026-09-01T15:46:28.833613688Z,4980.553555,9850550,837992448,826847232
calibration-20260902-f,S1-50-r01,2026-09-01T15:46:28.843634817Z,4990.574684,9887398,838451200,827039744
calibration-20260902-f,S1-50-r01,2026-09-01T15:46:28.853899403Z,5000.839271,9932151,838451200,827039744
calibration-20260902-f,S1-50-r01,2026-09-01T15:46:28.864129494Z,5011.069361,9932407,838451200,826945536
calibration-20260902-f,S1-50-r01,2026-09-01T15:46:28.873338616Z,5020.278482,9932591,838451200,826945536
calibration-20260902-f,S1-50-r01,2026-09-01T15:46:28.929412536Z,5076.352399,9932998,838451200,826675200
calibration-20260902-f,S1-50-r01,2026-09-01T15:46:28.933643328Z,5080.583217,9950262,838451200,826675200
calibration-20260902-f,S1-50-r01,2026-09-01T15:46:28.943890906Z,5090.830774,9986100,838451200,826675200
calibration-20260902-f,S1-50-r01,2026-09-01T15:46:28.954122001Z,5101.061869,10026302,838680576,826675200
calibration-20260902-f,S1-50-r01,2026-09-01T15:46:28.963279025Z,5110.218893,10030894,838680576,826675200
calibration-20260902-f,S1-50-r01,2026-09-01T15:46:28.973493283Z,5120.433150,10031126,838680576,826675200
calibration-20260902-f,S1-50-r01,2026-09-01T15:46:28.983692074Z,5130.631943,10031279,838680576,826884096
calibration-20260902-f,S1-50-r01,2026-09-01T15:46:28.993895882Z,5140.835749,10031433,838680576,826884096
calibration-20260902-f,S1-50-r01,2026-09-01T15:46:29.004071583Z,5151.011456,10031605,838680576,826884096
calibration-20260902-f,S1-50-r01,2026-09-01T15:46:29.014188528Z,5161.128395,10031738,838680576,826884096
calibration-20260902-f,S1-50-r01,2026-09-01T15:46:29.023384618Z,5170.324485,10031865,838680576,826884096
calibration-20260902-f,S1-50-r01,2026-09-01T15:46:29.033507988Z,5180.447850,10049395,838909952,827146240
calibration-20260902-f,S1-50-r01,2026-09-01T15:46:29.043661032Z,5190.600899,10085149,838909952,827146240
calibration-20260902-f,S1-50-r01,2026-09-01T15:46:29.053927113Z,5200.866980,10129847,838909952,827146240
calibration-20260902-f,S1-50-r01,2026-09-01T15:46:29.064085984Z,5211.025852,10130039,838909952,827146240
calibration-20260902-f,S1-50-r01,2026-09-01T15:46:29.074233278Z,5221.173145,10130146,838909952,827146240
calibration-20260902-f,S1-50-r01,2026-09-01T15:46:29.083430502Z,5230.370370,10130287,838909952,827146240
calibration-20260902-f,S1-50-r01,2026-09-01T15:46:29.09365173Z,5240.591598,10130407,838909952,827146240
calibration-20260902-f,S1-50-r01,2026-09-01T15:46:29.103807655Z,5250.747518,10130494,838909952,827146240
calibration-20260902-f,S1-50-r01,2026-09-01T15:46:29.113946842Z,5260.886710,10130565,838909952,827146240
calibration-20260902-f,S1-50-r01,2026-09-01T15:46:29.124100726Z,5271.040588,10130644,838909952,827146240
calibration-20260902-f,S1-50-r01,2026-09-01T15:46:29.133421292Z,5280.361154,10148131,790745088,779153408
calibration-20260902-f,S1-50-r01,2026-09-01T15:46:29.143297388Z,5290.237256,10185028,815058944,803684352
calibration-20260902-f,S1-50-r01,2026-09-01T15:46:29.153481853Z,5300.421720,10227795,825380864,813805568
calibration-20260902-f,S1-50-r01,2026-09-01T15:46:29.163717041Z,5310.656908,10228021,825380864,813801472
calibration-20260902-f,S1-50-r01,2026-09-01T15:46:29.173899177Z,5320.839045,10228202,825380864,813801472
calibration-20260902-f,S1-50-r01,2026-09-01T15:46:29.18408413Z,5331.023998,10228383,825380864,813801472
calibration-20260902-f,S1-50-r01,2026-09-01T15:46:29.194263696Z,5341.203563,10228626,825380864,813801472
calibration-20260902-f,S1-50-r01,2026-09-01T15:46:29.20340551Z,5350.345377,10228770,825380864,813801472
calibration-20260902-f,S1-50-r01,2026-09-01T15:46:29.213549882Z,5360.489749,10228961,825380864,813801472
calibration-20260902-f,S1-50-r01,2026-09-01T15:46:29.223831538Z,5370.771405,10229236,825380864,813801472
calibration-20260902-f,S1-50-r01,2026-09-01T15:46:29.233993724Z,5380.933591,10247054,840749056,829755392
calibration-20260902-f,S1-50-r01,2026-09-01T15:46:29.244199089Z,5391.138955,10283835,874237952,863244288
calibration-20260902-f,S1-50-r01,2026-09-01T15:46:29.253421223Z,5400.361091,10328843,898322432,887099392
calibration-20260902-f,S1-50-r01,2026-09-01T15:46:29.263666551Z,5410.606419,10331631,898322432,887365632
calibration-20260902-f,S1-50-r01,2026-09-01T15:46:29.273853729Z,5420.793596,10331860,898322432,887365632
calibration-20260902-f,S1-50-r01,2026-09-01T15:46:29.284018969Z,5430.958836,10332050,898322432,887365632
calibration-20260902-f,S1-50-r01,2026-09-01T15:46:29.294203254Z,5441.143122,10332263,898322432,887365632
calibration-20260902-f,S1-50-r01,2026-09-01T15:46:29.329420316Z,5476.360183,10332694,898322432,887627776
calibration-20260902-f,S1-50-r01,2026-09-01T15:46:29.333824172Z,5480.764043,10350411,871628800,860798976
calibration-20260902-f,S1-50-r01,2026-09-01T15:46:29.34415534Z,5491.095202,10386764,904658944,893829120
calibration-20260902-f,S1-50-r01,2026-09-01T15:46:29.353394763Z,5500.334630,10431500,916815872,905789440
calibration-20260902-f,S1-50-r01,2026-09-01T15:46:29.429440567Z,5576.380433,10431851,917274624,906313728
calibration-20260902-f,S1-50-r01,2026-09-01T15:46:29.433754757Z,5580.694624,10449140,922550272,911818752
calibration-20260902-f,S1-50-r01,2026-09-01T15:46:29.44397614Z,5590.916007,10484969,922550272,911552512
calibration-20260902-f,S1-50-r01,2026-09-01T15:46:29.453237147Z,5600.177008,10525274,922550272,911814656
calibration-20260902-f,S1-50-r01,2026-09-01T15:46:29.463393389Z,5610.333256,10529961,922550272,911814656
calibration-20260902-f,S1-50-r01,2026-09-01T15:46:29.473587Z,5620.526868,10530151,922550272,911814656
calibration-20260902-f,S1-50-r01,2026-09-01T15:46:29.483677024Z,5630.616892,10530308,922550272,911814656
calibration-20260902-f,S1-50-r01,2026-09-01T15:46:29.493817851Z,5640.757718,10530463,922550272,911814656
calibration-20260902-f,S1-50-r01,2026-09-01T15:46:29.503924177Z,5650.864044,10530669,922550272,911814656
calibration-20260902-f,S1-50-r01,2026-09-01T15:46:29.514147293Z,5661.087160,10530879,922550272,911814656
calibration-20260902-f,S1-50-r01,2026-09-01T15:46:29.523244042Z,5670.183909,10531014,922550272,911814656
calibration-20260902-f,S1-50-r01,2026-09-01T15:46:29.533564346Z,5680.504214,10548305,922550272,911589376
calibration-20260902-f,S1-50-r01,2026-09-01T15:46:29.543761144Z,5690.701012,10584285,922550272,911589376
calibration-20260902-f,S1-50-r01,2026-09-01T15:46:29.553981288Z,5700.921155,10625982,924844032,913948672
calibration-20260902-f,S1-50-r01,2026-09-01T15:46:29.62948642Z,5776.426288,10626403,925073408,914210816
calibration-20260902-f,S1-50-r01,2026-09-01T15:46:29.63365944Z,5780.599307,10643833,931266560,920502272
calibration-20260902-f,S1-50-r01,2026-09-01T15:46:29.643827148Z,5790.767015,10679876,945946624,935182336
calibration-20260902-f,S1-50-r01,2026-09-01T15:46:29.653995412Z,5800.935280,10724656,953745408,943046656
calibration-20260902-f,S1-50-r01,2026-09-01T15:46:29.664205374Z,5811.145242,10729273,953745408,943046656
calibration-20260902-f,S1-50-r01,2026-09-01T15:46:29.729438859Z,5876.378727,10729450,954204160,943308800
calibration-20260902-f,S1-50-r01,2026-09-01T15:46:29.733718943Z,5880.658811,10746888,959938560,948813824
calibration-20260902-f,S1-50-r01,2026-09-01T15:46:29.743883169Z,5890.823032,10783015,971177984,960086016
calibration-20260902-f,S1-50-r01,2026-09-01T15:46:29.754100487Z,5901.040354,10827567,971177984,960086016
calibration-20260902-f,S1-50-r01,2026-09-01T15:46:29.763267249Z,5910.207116,10832227,971177984,960086016
calibration-20260902-f,S1-50-r01,2026-09-01T15:46:29.773399475Z,5920.339343,10832427,971177984,960086016
calibration-20260902-f,S1-50-r01,2026-09-01T15:46:29.783559717Z,5930.499585,10832565,971177984,959680512
calibration-20260902-f,S1-50-r01,2026-09-01T15:46:29.793694075Z,5940.633942,10832694,971177984,959680512
calibration-20260902-f,S1-50-r01,2026-09-01T15:46:29.803885449Z,5950.825317,10832834,971177984,959680512
calibration-20260902-f,S1-50-r01,2026-09-01T15:46:29.814060883Z,5961.000751,10832964,971177984,959533056
calibration-20260902-f,S1-50-r01,2026-09-01T15:46:29.824278616Z,5971.218483,10833132,971177984,959533056
calibration-20260902-f,S1-50-r01,2026-09-01T15:46:29.833473679Z,5980.413546,10850503,976453632,965033984
calibration-20260902-f,S1-50-r01,2026-09-01T15:46:29.843724494Z,5990.664361,10886639,991592448,980238336
calibration-20260902-f,S1-50-r01,2026-09-01T15:46:29.929439697Z,6076.379564,10927753,1000538112,989134848
calibration-20260902-f,S1-50-r01,2026-09-01T15:46:29.933612927Z,6080.552793,10945435,1006731264,995426304
calibration-20260902-f,S1-50-r01,2026-09-01T15:46:29.944257055Z,6091.196924,10984102,1021181952,1010106368
calibration-20260902-f,S1-50-r01,2026-09-01T15:46:29.953478208Z,6100.418075,11029296,981028864,969711616
calibration-20260902-f,S1-50-r01,2026-09-01T15:46:29.9636849Z,6110.624768,11029532,981028864,969973760
calibration-20260902-f,S1-50-r01,2026-09-01T15:46:29.973852976Z,6120.792844,11029733,981028864,970235904
calibration-20260902-f,S1-50-r01,2026-09-01T15:46:29.984085425Z,6131.025292,11029924,981028864,970031104
calibration-20260902-f,S1-50-r01,2026-09-01T15:46:29.99324934Z,6140.189207,11030072,981028864,970031104
calibration-20260902-f,S1-50-r01,2026-09-01T15:46:30.003455842Z,6150.395717,11030225,981028864,970031104
calibration-20260902-f,S1-50-r01,2026-09-01T15:46:30.013593311Z,6160.533178,11030349,981028864,970031104
calibration-20260902-f,S1-50-r01,2026-09-01T15:46:30.029446413Z,6176.386302,11030597,981028864,970031104
calibration-20260902-f,S1-50-r01,2026-09-01T15:46:30.033617025Z,6180.556915,11049203,933154816,922136576
calibration-20260902-f,S1-50-r01,2026-09-01T15:46:30.043888985Z,6190.828852,11085131,933154816,922136576
calibration-20260902-f,S1-50-r01,2026-09-01T15:46:30.05403438Z,6200.974247,11125435,933384192,922394624
calibration-20260902-f,S1-50-r01,2026-09-01T15:46:30.064284714Z,6211.224582,11130162,933384192,922300416
calibration-20260902-f,S1-50-r01,2026-09-01T15:46:30.073471597Z,6220.411465,11130419,933384192,922300416
calibration-20260902-f,S1-50-r01,2026-09-01T15:46:30.083665047Z,6230.604915,11130579,933384192,922300416
calibration-20260902-f,S1-50-r01,2026-09-01T15:46:30.093877547Z,6240.817414,11130794,933384192,922300416
calibration-20260902-f,S1-50-r01,2026-09-01T15:46:30.104083869Z,6251.023737,11130984,933384192,922300416
calibration-20260902-f,S1-50-r01,2026-09-01T15:46:30.129494445Z,6276.434312,11131312,933384192,922300416
calibration-20260902-f,S1-50-r01,2026-09-01T15:46:30.134264833Z,6281.204700,11148620,933384192,922300416
calibration-20260902-f,S1-50-r01,2026-09-01T15:46:30.143593741Z,6290.533608,11184492,933384192,922300416
calibration-20260902-f,S1-50-r01,2026-09-01T15:46:30.153755451Z,6300.695319,11224707,933384192,922300416
calibration-20260902-f,S1-50-r01,2026-09-01T15:46:30.163917094Z,6310.856961,11229368,933384192,922300416
calibration-20260902-f,S1-50-r01,2026-09-01T15:46:30.174208536Z,6321.148425,11229670,933384192,922300416
calibration-20260902-f,S1-50-r01,2026-09-01T15:46:30.183382709Z,6330.322577,11230019,933384192,922300416
calibration-20260902-f,S1-50-r01,2026-09-01T15:46:30.229466906Z,6376.406773,11230290,933384192,922300416
calibration-20260902-f,S1-50-r01,2026-09-01T15:46:30.233677801Z,6380.617667,11247653,933384192,922300416
calibration-20260902-f,S1-50-r01,2026-09-01T15:46:30.243822664Z,6390.762532,11283392,933384192,922300416
calibration-20260902-f,S1-50-r01,2026-09-01T15:46:30.254017194Z,6400.957062,11323638,933384192,922300416
calibration-20260902-f,S1-50-r01,2026-09-01T15:46:30.264243836Z,6411.183704,11328276,933384192,922562560
calibration-20260902-f,S1-50-r01,2026-09-01T15:46:30.273389101Z,6420.328968,11328408,933384192,922562560
calibration-20260902-f,S1-50-r01,2026-09-01T15:46:30.283525522Z,6430.465389,11328527,933384192,922562560
calibration-20260902-f,S1-50-r01,2026-09-01T15:46:30.293650012Z,6440.589880,11328644,933384192,922562560
calibration-20260902-f,S1-50-r01,2026-09-01T15:46:30.303804257Z,6450.744125,11328776,933384192,922562560
calibration-20260902-f,S1-50-r01,2026-09-01T15:46:30.313931448Z,6460.871315,11328891,933384192,922562560
calibration-20260902-f,S1-50-r01,2026-09-01T15:46:30.324095983Z,6471.035849,11329008,933384192,922562560
calibration-20260902-f,S1-50-r01,2026-09-01T15:46:30.334222764Z,6481.162631,11346058,933384192,922562560
calibration-20260902-f,S1-50-r01,2026-09-01T15:46:30.34341975Z,6490.359612,11382009,933842944,922824704
calibration-20260902-f,S1-50-r01,2026-09-01T15:46:30.353592805Z,6500.532672,11426668,937283584,926494720
calibration-20260902-f,S1-50-r01,2026-09-01T15:46:30.363796314Z,6510.736181,11431318,937283584,926494720
calibration-20260902-f,S1-50-r01,2026-09-01T15:46:30.373967936Z,6520.907803,11431501,937283584,926494720
calibration-20260902-f,S1-50-r01,2026-09-01T15:46:30.384120883Z,6531.060750,11431688,937283584,926494720
calibration-20260902-f,S1-50-r01,2026-09-01T15:46:30.394290919Z,6541.230787,11431859,937283584,926494720
calibration-20260902-f,S1-50-r01,2026-09-01T15:46:30.403466837Z,6550.406705,11432026,937283584,926494720
calibration-20260902-f,S1-50-r01,2026-09-01T15:46:30.413625906Z,6560.565774,11432192,937283584,926494720
calibration-20260902-f,S1-50-r01,2026-09-01T15:46:30.429405573Z,6576.345440,11432562,937512960,926494720
calibration-20260902-f,S1-50-r01,2026-09-01T15:46:30.433552162Z,6580.492029,11449826,944623616,933834752
calibration-20260902-f,S1-50-r01,2026-09-01T15:46:30.44344533Z,6590.385198,11486683,873107456,862920704
calibration-20260902-f,S1-50-r01,2026-09-01T15:46:30.453608951Z,6600.548818,11527169,909807616,899358720
calibration-20260902-f,S1-50-r01,2026-09-01T15:46:30.463817366Z,6610.757234,11531877,909807616,899358720
calibration-20260902-f,S1-50-r01,2026-09-01T15:46:30.473954277Z,6620.894145,11532093,909807616,898879488
calibration-20260902-f,S1-50-r01,2026-09-01T15:46:30.484173232Z,6631.113099,11532334,909807616,898625536
calibration-20260902-f,S1-50-r01,2026-09-01T15:46:30.493350436Z,6640.290304,11532493,909807616,898625536
calibration-20260902-f,S1-50-r01,2026-09-01T15:46:30.503556132Z,6650.495999,11532661,909807616,898625536
calibration-20260902-f,S1-50-r01,2026-09-01T15:46:30.529433762Z,6676.373629,11532912,910495744,899674112
calibration-20260902-f,S1-50-r01,2026-09-01T15:46:30.533603423Z,6680.543289,11551331,925863936,914878464
calibration-20260902-f,S1-50-r01,2026-09-01T15:46:30.543798702Z,6690.738568,11587886,946049024,934801408
calibration-20260902-f,S1-50-r01,2026-09-01T15:46:30.553999818Z,6700.939681,11632961,950636544,939257856
calibration-20260902-f,S1-50-r01,2026-09-01T15:46:30.56419863Z,6711.138497,11633173,950636544,939257856
calibration-20260902-f,S1-50-r01,2026-09-01T15:46:30.573344617Z,6720.284484,11633368,950636544,939520000
calibration-20260902-f,S1-50-r01,2026-09-01T15:46:30.583517716Z,6730.457583,11633504,950636544,939520000
calibration-20260902-f,S1-50-r01,2026-09-01T15:46:30.593682329Z,6740.622196,11633634,950636544,939520000
calibration-20260902-f,S1-50-r01,2026-09-01T15:46:30.603826443Z,6750.766310,11633746,950636544,939520000
calibration-20260902-f,S1-50-r01,2026-09-01T15:46:30.613981068Z,6760.920936,11633859,950636544,939520000
calibration-20260902-f,S1-50-r01,2026-09-01T15:46:30.62417174Z,6771.111608,11633954,950636544,939520000
calibration-20260902-f,S1-50-r01,2026-09-01T15:46:30.633377052Z,6780.316914,11651258,911114240,923037696
calibration-20260902-f,S1-50-r01,2026-09-01T15:46:30.643571659Z,6790.511527,11688240,902807552,891969536
calibration-20260902-f,S1-50-r01,2026-09-01T15:46:30.65368878Z,6800.628647,11732950,902807552,891969536
calibration-20260902-f,S1-50-r01,2026-09-01T15:46:30.663931766Z,6810.871633,11733184,902807552,891871232
calibration-20260902-f,S1-50-r01,2026-09-01T15:46:30.674147335Z,6821.087202,11733439,902807552,891871232
calibration-20260902-f,S1-50-r01,2026-09-01T15:46:30.683354284Z,6830.294152,11733605,902807552,891871232
calibration-20260902-f,S1-50-r01,2026-09-01T15:46:30.693518456Z,6840.458325,11733775,902807552,891871232
calibration-20260902-f,S1-50-r01,2026-09-01T15:46:30.70373086Z,6850.670728,11733967,902807552,891871232
calibration-20260902-f,S1-50-r01,2026-09-01T15:46:30.713868667Z,6860.808535,11734168,902807552,891871232
calibration-20260902-f,S1-50-r01,2026-09-01T15:46:30.724126696Z,6871.066564,11734468,902807552,891871232
calibration-20260902-f,S1-50-r01,2026-09-01T15:46:30.733260833Z,6880.200700,11751757,902807552,891871232
calibration-20260902-f,S1-50-r01,2026-09-01T15:46:30.743506938Z,6890.446806,11787627,902807552,891871232
calibration-20260902-f,S1-50-r01,2026-09-01T15:46:30.753698956Z,6900.638823,11827984,902807552,891871232
calibration-20260902-f,S1-50-r01,2026-09-01T15:46:30.763970566Z,6910.910433,11832747,902807552,891871232
calibration-20260902-f,S1-50-r01,2026-09-01T15:46:30.774184216Z,6921.124078,11832937,902807552,891871232
calibration-20260902-f,S1-50-r01,2026-09-01T15:46:30.783396998Z,6930.336860,11833088,902807552,891871232
calibration-20260902-f,S1-50-r01,2026-09-01T15:46:30.829439832Z,6976.379699,11833214,902807552,891658240
calibration-20260902-f,S1-50-r01,2026-09-01T15:46:30.833698586Z,6980.638456,11850586,902807552,891658240
calibration-20260902-f,S1-50-r01,2026-09-01T15:46:30.843973443Z,6990.913311,11886497,902807552,891658240
calibration-20260902-f,S1-50-r01,2026-09-01T15:46:30.85422507Z,7001.164938,11926867,902807552,891658240
calibration-20260902-f,S1-50-r01,2026-09-01T15:46:30.863461508Z,7010.401375,11931576,902807552,891658240
calibration-20260902-f,S1-50-r01,2026-09-01T15:46:30.873775799Z,7020.715666,11931910,902807552,891658240
calibration-20260902-f,S1-50-r01,2026-09-01T15:46:30.884046382Z,7030.986249,11932224,902807552,891658240
calibration-20260902-f,S1-50-r01,2026-09-01T15:46:30.893269203Z,7040.209070,11932447,903036928,891658240
calibration-20260902-f,S1-50-r01,2026-09-01T15:46:30.903539602Z,7050.479470,11932759,903036928,891658240
calibration-20260902-f,S1-50-r01,2026-09-01T15:46:30.913820241Z,7060.760108,11933083,903036928,891658240
calibration-20260902-f,S1-50-r01,2026-09-01T15:46:30.923977854Z,7070.917721,11933354,903036928,891658240
calibration-20260902-f,S1-50-r01,2026-09-01T15:46:30.93424456Z,7081.184427,11950773,903036928,891658240
calibration-20260902-f,S1-50-r01,2026-09-01T15:46:30.943504745Z,7090.444612,11986893,914276352,903016448
calibration-20260902-f,S1-50-r01,2026-09-01T15:46:30.953702349Z,7100.642216,12031887,927580160,916385792
calibration-20260902-f,S1-50-r01,2026-09-01T15:46:31.029503155Z,7176.443022,12036384,927580160,917172224
calibration-20260902-f,S1-50-r01,2026-09-01T15:46:31.033704287Z,7180.644149,12053989,934920192,924250112
calibration-20260902-f,S1-50-r01,2026-09-01T15:46:31.043927315Z,7190.867181,12095875,951894016,941551616
calibration-20260902-f,S1-50-r01,2026-09-01T15:46:31.054166698Z,7201.106566,12130665,959234048,948891648
calibration-20260902-f,S1-50-r01,2026-09-01T15:46:31.063409311Z,7210.349178,12130882,959234048,948891648
calibration-20260902-f,S1-50-r01,2026-09-01T15:46:31.073614567Z,7220.554435,12131116,959463424,948891648
calibration-20260902-f,S1-50-r01,2026-09-01T15:46:31.083870812Z,7230.810680,12131359,959463424,949153792
calibration-20260902-f,S1-50-r01,2026-09-01T15:46:31.094060057Z,7240.999924,12131581,959463424,949153792
calibration-20260902-f,S1-50-r01,2026-09-01T15:46:31.104271909Z,7251.211777,12131813,959463424,948944896
calibration-20260902-f,S1-50-r01,2026-09-01T15:46:31.113389042Z,7260.328910,12131952,959463424,948944896
calibration-20260902-f,S1-50-r01,2026-09-01T15:46:31.123532601Z,7270.472469,12132089,959463424,948944896
calibration-20260902-f,S1-50-r01,2026-09-01T15:46:31.133624632Z,7280.564494,12149487,927690752,931708928
calibration-20260902-f,S1-50-r01,2026-09-01T15:46:31.14391224Z,7290.852107,12186604,936357888,926044160
calibration-20260902-f,S1-50-r01,2026-09-01T15:46:31.154158905Z,7301.098772,12231495,952184832,942034944
calibration-20260902-f,S1-50-r01,2026-09-01T15:46:31.163252174Z,7310.192041,12231677,952184832,942034944
calibration-20260902-f,S1-50-r01,2026-09-01T15:46:31.173394547Z,7320.334414,12231850,952184832,941940736
calibration-20260902-f,S1-50-r01,2026-09-01T15:46:31.183598749Z,7330.538617,12232039,952184832,941940736
calibration-20260902-f,S1-50-r01,2026-09-01T15:46:31.193723761Z,7340.663629,12232194,952184832,941940736
calibration-20260902-f,S1-50-r01,2026-09-01T15:46:31.203922547Z,7350.862414,12232407,952184832,941940736
calibration-20260902-f,S1-50-r01,2026-09-01T15:46:31.214068402Z,7361.008269,12232590,952184832,941940736
calibration-20260902-f,S1-50-r01,2026-09-01T15:46:31.224259376Z,7371.199243,12232816,952184832,941940736
calibration-20260902-f,S1-50-r01,2026-09-01T15:46:31.23344536Z,7380.385227,12250103,952414208,941940736
calibration-20260902-f,S1-50-r01,2026-09-01T15:46:31.243591359Z,7390.531226,12286161,952414208,941940736
calibration-20260902-f,S1-50-r01,2026-09-01T15:46:31.2537562Z,7400.696068,12330891,952414208,941940736
calibration-20260902-f,S1-50-r01,2026-09-01T15:46:31.26397649Z,7410.916358,12331132,952414208,941940736
calibration-20260902-f,S1-50-r01,2026-09-01T15:46:31.274112157Z,7421.052025,12331342,952414208,941940736
calibration-20260902-f,S1-50-r01,2026-09-01T15:46:31.283291094Z,7430.230961,12331516,952414208,941940736
calibration-20260902-f,S1-50-r01,2026-09-01T15:46:31.293421698Z,7440.361566,12331682,952414208,941940736
calibration-20260902-f,S1-50-r01,2026-09-01T15:46:31.303586008Z,7450.525870,12331999,952414208,941940736
calibration-20260902-f,S1-50-r01,2026-09-01T15:46:31.313720706Z,7460.660568,12332115,952414208,941940736
calibration-20260902-f,S1-50-r01,2026-09-01T15:46:31.323879728Z,7470.819596,12332210,952414208,941940736
calibration-20260902-f,S1-50-r01,2026-09-01T15:46:31.334023934Z,7480.963796,12349434,904372224,893685760
calibration-20260902-f,S1-50-r01,2026-09-01T15:46:31.344197964Z,7491.137833,12386124,904372224,893878272
calibration-20260902-f,S1-50-r01,2026-09-01T15:46:31.353464423Z,7500.404290,12430877,904372224,893878272
calibration-20260902-f,S1-50-r01,2026-09-01T15:46:31.363692135Z,7510.632002,12431087,904372224,893878272
calibration-20260902-f,S1-50-r01,2026-09-01T15:46:31.373906567Z,7520.846435,12431302,904372224,893779968
calibration-20260902-f,S1-50-r01,2026-09-01T15:46:31.384092263Z,7531.032130,12431470,904372224,893779968
calibration-20260902-f,S1-50-r01,2026-09-01T15:46:31.393264359Z,7540.204227,12431625,904372224,893779968
calibration-20260902-f,S1-50-r01,2026-09-01T15:46:31.40345606Z,7550.395927,12431784,904372224,893779968
calibration-20260902-f,S1-50-r01,2026-09-01T15:46:31.413548113Z,7560.487981,12431931,904372224,894038016
calibration-20260902-f,S1-50-r01,2026-09-01T15:46:31.429434573Z,7576.374440,12432353,904601600,894038016
calibration-20260902-f,S1-50-r01,2026-09-01T15:46:31.433638063Z,7580.577930,12449533,904601600,894038016
calibration-20260902-f,S1-50-r01,2026-09-01T15:46:31.443842144Z,7590.782011,12485291,904601600,894038016
calibration-20260902-f,S1-50-r01,2026-09-01T15:46:31.453995521Z,7600.935389,12525520,904601600,894038016
calibration-20260902-f,S1-50-r01,2026-09-01T15:46:31.464163402Z,7611.103270,12530137,904601600,894038016
calibration-20260902-f,S1-50-r01,2026-09-01T15:46:31.473250266Z,7620.190134,12530322,904601600,894038016
calibration-20260902-f,S1-50-r01,2026-09-01T15:46:31.483456618Z,7630.396485,12530490,904601600,894038016
calibration-20260902-f,S1-50-r01,2026-09-01T15:46:31.49359882Z,7640.538689,12530632,904601600,894038016
calibration-20260902-f,S1-50-r01,2026-09-01T15:46:31.503731551Z,7650.671418,12530756,904601600,894038016
calibration-20260902-f,S1-50-r01,2026-09-01T15:46:31.513859311Z,7660.799178,12530874,904601600,894038016
calibration-20260902-f,S1-50-r01,2026-09-01T15:46:31.524106343Z,7671.046210,12531095,904830976,894038016
calibration-20260902-f,S1-50-r01,2026-09-01T15:46:31.533309258Z,7680.249125,12548355,904830976,894038016
calibration-20260902-f,S1-50-r01,2026-09-01T15:46:31.543532873Z,7690.472741,12585976,905748480,895303680
calibration-20260902-f,S1-50-r01,2026-09-01T15:46:31.55370995Z,7700.649817,12629128,922722304,912343040
calibration-20260902-f,S1-50-r01,2026-09-01T15:46:31.563894965Z,7710.834832,12629314,922722304,912343040
calibration-20260902-f,S1-50-r01,2026-09-01T15:46:31.629447493Z,7776.387361,12629494,922951680,912388096
calibration-20260902-f,S1-50-r01,2026-09-01T15:46:31.633908718Z,7780.848585,12647101,930750464,920252416
calibration-20260902-f,S1-50-r01,2026-09-01T15:46:31.644091687Z,7791.031554,12684087,949100544,938864640
calibration-20260902-f,S1-50-r01,2026-09-01T15:46:31.654237571Z,7801.177438,12728630,953229312,943058944
calibration-20260902-f,S1-50-r01,2026-09-01T15:46:31.663445168Z,7810.385036,12728801,953229312,942985216
calibration-20260902-f,S1-50-r01,2026-09-01T15:46:31.673610253Z,7820.550121,12728942,953229312,942985216
calibration-20260902-f,S1-50-r01,2026-09-01T15:46:31.683829776Z,7830.769643,12729109,953229312,942985216
calibration-20260902-f,S1-50-r01,2026-09-01T15:46:31.694026113Z,7840.965980,12729264,953229312,942985216
calibration-20260902-f,S1-50-r01,2026-09-01T15:46:31.704236447Z,7851.176316,12729431,953229312,942985216
calibration-20260902-f,S1-50-r01,2026-09-01T15:46:31.713370755Z,7860.310622,12729561,953229312,942985216
calibration-20260902-f,S1-50-r01,2026-09-01T15:46:31.723508104Z,7870.447971,12729696,953229312,942985216
calibration-20260902-f,S1-50-r01,2026-09-01T15:46:31.733606063Z,7880.545930,12746921,953229312,942985216
calibration-20260902-f,S1-50-r01,2026-09-01T15:46:31.743751074Z,7890.690937,12785268,912687104,902119424
calibration-20260902-f,S1-50-r01,2026-09-01T15:46:31.753489342Z,7900.429209,12829151,929890304,919351296
calibration-20260902-f,S1-50-r01,2026-09-01T15:46:31.763717672Z,7910.657541,12829374,929890304,919252992
calibration-20260902-f,S1-50-r01,2026-09-01T15:46:31.773916018Z,7920.855886,12829599,929890304,919252992
calibration-20260902-f,S1-50-r01,2026-09-01T15:46:31.784162827Z,7931.102694,12829882,929890304,919252992
calibration-20260902-f,S1-50-r01,2026-09-01T15:46:31.793314443Z,7940.254310,12830082,929890304,919252992
calibration-20260902-f,S1-50-r01,2026-09-01T15:46:31.803466959Z,7950.406826,12830220,929890304,919252992
calibration-20260902-f,S1-50-r01,2026-09-01T15:46:31.813625336Z,7960.565203,12830401,929890304,919252992
calibration-20260902-f,S1-50-r01,2026-09-01T15:46:31.823746649Z,7970.686517,12830597,929890304,919252992
calibration-20260902-f,S1-50-r01,2026-09-01T15:46:31.833875157Z,7980.815025,12847961,938147840,927379456
calibration-20260902-f,S1-50-r01,2026-09-01T15:46:31.843263934Z,7990.203796,12887434,905867264,895045632
calibration-20260902-f,S1-50-r01,2026-09-01T15:46:31.853445179Z,8000.385046,12929526,906096640,895045632
calibration-20260902-f,S1-50-r01,2026-09-01T15:46:31.863689772Z,8010.629640,12929766,906326016,895303680
calibration-20260902-f,S1-50-r01,2026-09-01T15:46:31.873864257Z,8020.804120,12930086,906326016,895205376
calibration-20260902-f,S1-50-r01,2026-09-01T15:46:31.929468329Z,8076.408210,12930236,906326016,895148032
calibration-20260902-f,S1-50-r01,2026-09-01T15:46:31.933803309Z,8080.743177,12947625,906326016,895143936
calibration-20260902-f,S1-50-r01,2026-09-01T15:46:31.944037704Z,8090.977570,12983469,906326016,895143936
calibration-20260902-f,S1-50-r01,2026-09-01T15:46:31.954234152Z,8101.174019,13023657,906326016,895143936
calibration-20260902-f,S1-50-r01,2026-09-01T15:46:31.963461977Z,8110.401845,13028316,906326016,895406080
calibration-20260902-f,S1-50-r01,2026-09-01T15:46:31.973662996Z,8120.602863,13028559,906326016,895406080
calibration-20260902-f,S1-50-r01,2026-09-01T15:46:31.983836602Z,8130.776469,13028730,906326016,895299584
calibration-20260902-f,S1-50-r01,2026-09-01T15:46:31.99400726Z,8140.947128,13028871,906326016,895299584
calibration-20260902-f,S1-50-r01,2026-09-01T15:46:32.004205083Z,8151.144951,13028990,906326016,895299584
calibration-20260902-f,S1-50-r01,2026-09-01T15:46:32.013249186Z,8160.189053,13029112,906326016,895299584
calibration-20260902-f,S1-50-r01,2026-09-01T15:46:32.023438874Z,8170.378743,13029264,906326016,895299584
calibration-20260902-f,S1-50-r01,2026-09-01T15:46:32.03364944Z,8180.589308,13046445,906326016,895299584
calibration-20260902-f,S1-50-r01,2026-09-01T15:46:32.043843372Z,8190.783239,13082187,906326016,895299584
calibration-20260902-f,S1-50-r01,2026-09-01T15:46:32.053965458Z,8200.905325,13126823,906326016,895299584
calibration-20260902-f,S1-50-r01,2026-09-01T15:46:32.064276286Z,8211.216153,13131470,906326016,895299584
calibration-20260902-f,S1-50-r01,2026-09-01T15:46:32.073462732Z,8220.402600,13131639,906326016,895299584
calibration-20260902-f,S1-50-r01,2026-09-01T15:46:32.083615839Z,8230.555706,13131876,906326016,895303680
calibration-20260902-f,S1-50-r01,2026-09-01T15:46:32.093725797Z,8240.665665,13132054,906326016,895303680
calibration-20260902-f,S1-50-r01,2026-09-01T15:46:32.129431122Z,8276.370991,13132335,906326016,895303680
calibration-20260902-f,S1-50-r01,2026-09-01T15:46:32.133667627Z,8280.607494,13149465,906555392,895303680
calibration-20260902-f,S1-50-r01,2026-09-01T15:46:32.143900311Z,8290.840178,13187838,907472896,896876544
calibration-20260902-f,S1-50-r01,2026-09-01T15:46:32.154043422Z,8300.983290,13230350,922382336,911556608
calibration-20260902-f,S1-50-r01,2026-09-01T15:46:32.164226888Z,8311.166756,13230528,922382336,911556608
calibration-20260902-f,S1-50-r01,2026-09-01T15:46:32.229477297Z,8376.417165,13230690,922382336,911302656
calibration-20260902-f,S1-50-r01,2026-09-01T15:46:32.23365588Z,8380.595747,13248247,929492992,918380544
calibration-20260902-f,S1-50-r01,2026-09-01T15:46:32.243883115Z,8390.822983,13287018,947154944,935944192
calibration-20260902-f,S1-50-r01,2026-09-01T15:46:32.254102965Z,8401.042832,13329557,970092544,958750720
calibration-20260902-f,S1-50-r01,2026-09-01T15:46:32.263304595Z,8410.244463,13329779,970092544,959008768
calibration-20260902-f,S1-50-r01,2026-09-01T15:46:32.273461417Z,8420.401284,13330026,970092544,959008768
calibration-20260902-f,S1-50-r01,2026-09-01T15:46:32.283625807Z,8430.565674,13330212,970092544,959008768
calibration-20260902-f,S1-50-r01,2026-09-01T15:46:32.293758145Z,8440.698013,13330381,970092544,959008768
calibration-20260902-f,S1-50-r01,2026-09-01T15:46:32.303899745Z,8450.839613,13330502,970092544,959008768
calibration-20260902-f,S1-50-r01,2026-09-01T15:46:32.314026356Z,8460.966224,13330633,970092544,959008768
calibration-20260902-f,S1-50-r01,2026-09-01T15:46:32.324205685Z,8471.145552,13330757,970092544,959008768
calibration-20260902-f,S1-50-r01,2026-09-01T15:46:32.333372668Z,8480.312535,13347987,976515072,965562368
calibration-20260902-f,S1-50-r01,2026-09-01T15:46:32.343613686Z,8490.553554,13384115,991424512,980504576
calibration-20260902-f,S1-50-r01,2026-09-01T15:46:32.35376459Z,8500.704452,13424768,963764224,961458176
calibration-20260902-f,S1-50-r01,2026-09-01T15:46:32.363973063Z,8510.912930,13424977,963764224,961458176
calibration-20260902-f,S1-50-r01,2026-09-01T15:46:32.374171597Z,8521.111464,13425185,963764224,961458176
calibration-20260902-f,S1-50-r01,2026-09-01T15:46:32.429433602Z,8576.373470,13425509,963764224,953102336
calibration-20260902-f,S1-50-r01,2026-09-01T15:46:32.438334699Z,8585.274561,13460856,955228160,944766976
calibration-20260902-f,S1-50-r01,2026-09-01T15:46:32.443692802Z,8590.632664,13479263,955457536,944766976
calibration-20260902-f,S1-50-r01,2026-09-01T15:46:32.453871606Z,8600.811467,13524303,955457536,944766976
calibration-20260902-f,S1-50-r01,2026-09-01T15:46:32.464084778Z,8611.024644,13533431,955457536,944672768
calibration-20260902-f,S1-50-r01,2026-09-01T15:46:32.473260069Z,8620.199937,13533592,955457536,944672768
calibration-20260902-f,S1-50-r01,2026-09-01T15:46:32.483457014Z,8630.396883,13533808,955457536,944672768
calibration-20260902-f,S1-50-r01,2026-09-01T15:46:32.52949033Z,8676.430220,13534110,955457536,944672768
calibration-20260902-f,S1-50-r01,2026-09-01T15:46:32.533672246Z,8680.612115,13551230,955457536,944934912
calibration-20260902-f,S1-50-r01,2026-09-01T15:46:32.543899297Z,8690.839159,13589470,907386880,897019904
calibration-20260902-f,S1-50-r01,2026-09-01T15:46:32.55348595Z,8700.425817,13628547,907616256,897167360
calibration-20260902-f,S1-50-r01,2026-09-01T15:46:32.563748429Z,8710.688296,13628794,907616256,897228800
calibration-20260902-f,S1-50-r01,2026-09-01T15:46:32.573886936Z,8720.826803,13629008,907616256,897228800
calibration-20260902-f,S1-50-r01,2026-09-01T15:46:32.584025298Z,8730.965164,13629222,907616256,897228800
calibration-20260902-f,S1-50-r01,2026-09-01T15:46:32.594196072Z,8741.135940,13629384,907616256,897228800
calibration-20260902-f,S1-50-r01,2026-09-01T15:46:32.603425484Z,8750.365351,13629629,907616256,897228800
calibration-20260902-f,S1-50-r01,2026-09-01T15:46:32.613691707Z,8760.631575,13629869,907616256,897228800
calibration-20260902-f,S1-50-r01,2026-09-01T15:46:32.623869065Z,8770.808933,13630185,907616256,897228800
calibration-20260902-f,S1-50-r01,2026-09-01T15:46:32.633297585Z,8780.237452,13647370,907616256,897228800
calibration-20260902-f,S1-50-r01,2026-09-01T15:46:32.643456963Z,8790.396830,13683235,907616256,897228800
calibration-20260902-f,S1-50-r01,2026-09-01T15:46:32.653395918Z,8800.335786,13729159,907616256,897056768
calibration-20260902-f,S1-50-r01,2026-09-01T15:46:32.663613363Z,8810.553230,13733807,907616256,897056768
calibration-20260902-f,S1-50-r01,2026-09-01T15:46:32.673732962Z,8820.672829,13733947,907616256,897056768
calibration-20260902-f,S1-50-r01,2026-09-01T15:46:32.683875373Z,8830.815240,13734072,907616256,897056768
calibration-20260902-f,S1-50-r01,2026-09-01T15:46:32.694061494Z,8841.001362,13734234,907616256,897056768
calibration-20260902-f,S1-50-r01,2026-09-01T15:46:32.704308506Z,8851.248374,13734416,907616256,897056768
calibration-20260902-f,S1-50-r01,2026-09-01T15:46:32.713494745Z,8860.434613,13734595,907616256,897056768
calibration-20260902-f,S1-50-r01,2026-09-01T15:46:32.723673804Z,8870.613666,13734711,907616256,897056768
calibration-20260902-f,S1-50-r01,2026-09-01T15:46:32.733842417Z,8880.782284,13751942,907616256,897056768
calibration-20260902-f,S1-50-r01,2026-09-01T15:46:32.744054475Z,8890.994342,13787718,907616256,897056768
calibration-20260902-f,S1-50-r01,2026-09-01T15:46:32.753244848Z,8900.184716,13827914,907616256,897056768
calibration-20260902-f,S1-50-r01,2026-09-01T15:46:32.763473499Z,8910.413366,13832554,907616256,897056768
calibration-20260902-f,S1-50-r01,2026-09-01T15:46:32.773621806Z,8920.561674,13832740,907616256,897056768
calibration-20260902-f,S1-50-r01,2026-09-01T15:46:32.78379555Z,8930.735417,13832911,907616256,897056768
calibration-20260902-f,S1-50-r01,2026-09-01T15:46:32.793983662Z,8940.923531,13833034,907616256,897056768
calibration-20260902-f,S1-50-r01,2026-09-01T15:46:32.804130152Z,8951.070019,13833154,907616256,897056768
calibration-20260902-f,S1-50-r01,2026-09-01T15:46:32.813250834Z,8960.190702,13833272,907616256,897056768
calibration-20260902-f,S1-50-r01,2026-09-01T15:46:32.82346524Z,8970.405109,13833466,907616256,897056768
calibration-20260902-f,S1-50-r01,2026-09-01T15:46:32.833682798Z,8980.622665,13850595,907616256,897056768
calibration-20260902-f,S1-50-r01,2026-09-01T15:46:32.84387832Z,8990.818182,13889610,912203776,901505024
calibration-20260902-f,S1-50-r01,2026-09-01T15:46:32.854074823Z,9001.014691,13931610,921608192,910942208
calibration-20260902-f,S1-50-r01,2026-09-01T15:46:32.864253099Z,9011.192966,13931798,921608192,910942208
calibration-20260902-f,S1-50-r01,2026-09-01T15:46:32.929433868Z,9076.373736,13931912,921608192,910942208
calibration-20260902-f,S1-50-r01,2026-09-01T15:46:32.934490391Z,9081.430430,13949541,929865728,919330816
calibration-20260902-f,S1-50-r01,2026-09-01T15:46:32.943533193Z,9090.473055,13991159,943398912,932917248
calibration-20260902-f,S1-50-r01,2026-09-01T15:46:32.954231003Z,9101.170871,14028128,910548992,899985408
calibration-20260902-f,S1-50-r01,2026-09-01T15:46:32.963380805Z,9110.320673,14028292,910548992,900149248
calibration-20260902-f,S1-50-r01,2026-09-01T15:46:32.973533536Z,9120.473403,14028461,910548992,900149248
calibration-20260902-f,S1-50-r01,2026-09-01T15:46:32.983736687Z,9130.676555,14028643,910548992,899895296
calibration-20260902-f,S1-50-r01,2026-09-01T15:46:32.993899563Z,9140.839430,14028880,910548992,899895296
calibration-20260902-f,S1-50-r01,2026-09-01T15:46:33.004144786Z,9151.084660,14029137,910548992,899895296
calibration-20260902-f,S1-50-r01,2026-09-01T15:46:33.013327564Z,9160.267432,14029339,910548992,899895296
calibration-20260902-f,S1-50-r01,2026-09-01T15:46:33.023519445Z,9170.459313,14029528,910548992,899895296
calibration-20260902-f,S1-50-r01,2026-09-01T15:46:33.033682955Z,9180.622822,14046908,917889024,907235328
calibration-20260902-f,S1-50-r01,2026-09-01T15:46:33.043699083Z,9190.638951,14084454,887529472,876662784
calibration-20260902-f,S1-50-r01,2026-09-01T15:46:33.05383705Z,9200.776918,14128999,897392640,886882304
calibration-20260902-f,S1-50-r01,2026-09-01T15:46:33.063997842Z,9210.937710,14129213,897392640,886779904
calibration-20260902-f,S1-50-r01,2026-09-01T15:46:33.074170196Z,9221.110063,14129412,897392640,886775808
calibration-20260902-f,S1-50-r01,2026-09-01T15:46:33.083320779Z,9230.260647,14129552,897392640,886775808
calibration-20260902-f,S1-50-r01,2026-09-01T15:46:33.093413487Z,9240.353355,14129703,897392640,886775808
calibration-20260902-f,S1-50-r01,2026-09-01T15:46:33.103566687Z,9250.506554,14129840,897392640,886775808
calibration-20260902-f,S1-50-r01,2026-09-01T15:46:33.113656229Z,9260.596096,14130034,897392640,886775808
calibration-20260902-f,S1-50-r01,2026-09-01T15:46:33.123838749Z,9270.778616,14130197,897392640,886775808
calibration-20260902-f,S1-50-r01,2026-09-01T15:46:33.13402825Z,9280.968117,14147600,906108928,895426560
calibration-20260902-f,S1-50-r01,2026-09-01T15:46:33.144226322Z,9291.166188,14183603,908173312,897523712
calibration-20260902-f,S1-50-r01,2026-09-01T15:46:33.153429056Z,9300.368924,14228355,908173312,897523712
calibration-20260902-f,S1-50-r01,2026-09-01T15:46:33.16364101Z,9310.580877,14228617,908173312,897523712
calibration-20260902-f,S1-50-r01,2026-09-01T15:46:33.173825706Z,9320.765574,14228787,908173312,897523712
calibration-20260902-f,S1-50-r01,2026-09-01T15:46:33.183998457Z,9330.938324,14228933,908173312,897523712
calibration-20260902-f,S1-50-r01,2026-09-01T15:46:33.19415506Z,9341.094927,14229059,908173312,897523712
calibration-20260902-f,S1-50-r01,2026-09-01T15:46:33.20326925Z,9350.209117,14229156,908173312,897523712
calibration-20260902-f,S1-50-r01,2026-09-01T15:46:33.213389707Z,9360.329575,14229274,908173312,897523712
calibration-20260902-f,S1-50-r01,2026-09-01T15:46:33.223533334Z,9370.473204,14229352,908173312,897523712
calibration-20260902-f,S1-50-r01,2026-09-01T15:46:33.233976215Z,9380.916082,14246718,908173312,897282048
calibration-20260902-f,S1-50-r01,2026-09-01T15:46:33.244197422Z,9391.137290,14282648,908173312,897282048
calibration-20260902-f,S1-50-r01,2026-09-01T15:46:33.253511344Z,9400.451212,14327382,908173312,897282048
calibration-20260902-f,S1-50-r01,2026-09-01T15:46:33.263702843Z,9410.642710,14332066,908173312,897282048
calibration-20260902-f,S1-50-r01,2026-09-01T15:46:33.329408262Z,9476.348128,14332415,908173312,897282048
calibration-20260902-f,S1-50-r01,2026-09-01T15:46:33.333625365Z,9480.565233,14349688,908173312,897282048
calibration-20260902-f,S1-50-r01,2026-09-01T15:46:33.343810736Z,9490.750603,14385713,908173312,897282048
calibration-20260902-f,S1-50-r01,2026-09-01T15:46:33.354005335Z,9500.945202,14425863,908632064,897806336
calibration-20260902-f,S1-50-r01,2026-09-01T15:46:33.364281891Z,9511.221759,14426112,908632064,897806336
calibration-20260902-f,S1-50-r01,2026-09-01T15:46:33.373492967Z,9520.432834,14426329,908632064,897806336
calibration-20260902-f,S1-50-r01,2026-09-01T15:46:33.383641529Z,9530.581397,14426457,908632064,897806336
calibration-20260902-f,S1-50-r01,2026-09-01T15:46:33.393837016Z,9540.776884,14426593,908632064,897806336
calibration-20260902-f,S1-50-r01,2026-09-01T15:46:33.404022994Z,9550.962862,14426715,908632064,897806336
calibration-20260902-f,S1-50-r01,2026-09-01T15:46:33.414185588Z,9561.125455,14426843,908632064,897806336
calibration-20260902-f,S1-50-r01,2026-09-01T15:46:33.423365434Z,9570.305303,14426961,908632064,897806336
calibration-20260902-f,S1-50-r01,2026-09-01T15:46:33.433532737Z,9580.472604,14444353,914825216,904097792
calibration-20260902-f,S1-50-r01,2026-09-01T15:46:33.443724534Z,9590.664402,14482851,934322176,923496448
calibration-20260902-f,S1-50-r01,2026-09-01T15:46:33.453943448Z,9600.883316,14525473,960471040,949448704
calibration-20260902-f,S1-50-r01,2026-09-01T15:46:33.464149486Z,9611.089353,14530109,960471040,949448704
calibration-20260902-f,S1-50-r01,2026-09-01T15:46:33.473327835Z,9620.267696,14530252,960471040,949448704
calibration-20260902-f,S1-50-r01,2026-09-01T15:46:33.48350986Z,9630.449728,14530355,960471040,949448704
calibration-20260902-f,S1-50-r01,2026-09-01T15:46:33.493633998Z,9640.573864,14530468,960471040,949448704
calibration-20260902-f,S1-50-r01,2026-09-01T15:46:33.503791506Z,9650.731374,14530736,960471040,949448704
calibration-20260902-f,S1-50-r01,2026-09-01T15:46:33.513925683Z,9660.865549,14530818,960471040,949448704
calibration-20260902-f,S1-50-r01,2026-09-01T15:46:33.524084322Z,9671.024187,14530905,960471040,949448704
calibration-20260902-f,S1-50-r01,2026-09-01T15:46:33.533288668Z,9680.228535,14548369,974233600,963342336
calibration-20260902-f,S1-50-r01,2026-09-01T15:46:33.543523516Z,9690.463379,14584573,998547456,988241920
calibration-20260902-f,S1-50-r01,2026-09-01T15:46:33.553699324Z,9700.639191,14629590,1004740608,994533376
calibration-20260902-f,S1-50-r01,2026-09-01T15:46:33.563925874Z,9710.865742,14629795,1004740608,994533376
calibration-20260902-f,S1-50-r01,2026-09-01T15:46:33.57412966Z,9721.069528,14630021,1004740608,994533376
calibration-20260902-f,S1-50-r01,2026-09-01T15:46:33.583261314Z,9730.201176,14630316,1004740608,994533376
calibration-20260902-f,S1-50-r01,2026-09-01T15:46:33.593411109Z,9740.350971,14630420,1004740608,994533376
calibration-20260902-f,S1-50-r01,2026-09-01T15:46:33.603586429Z,9750.526296,14630524,1004740608,994533376
calibration-20260902-f,S1-50-r01,2026-09-01T15:46:33.613688056Z,9760.627918,14630616,1004740608,994533376
calibration-20260902-f,S1-50-r01,2026-09-01T15:46:33.623864692Z,9770.804555,14630726,1004740608,994533376
calibration-20260902-f,S1-50-r01,2026-09-01T15:46:33.634027411Z,9780.967273,14647917,1004740608,994533376
calibration-20260902-f,S1-50-r01,2026-09-01T15:46:33.644257425Z,9791.197292,14683699,1004740608,994533376
calibration-20260902-f,S1-50-r01,2026-09-01T15:46:33.653553011Z,9800.492879,14723957,965230592,961081344
calibration-20260902-f,S1-50-r01,2026-09-01T15:46:33.663751296Z,9810.691163,14724157,965230592,961081344
calibration-20260902-f,S1-50-r01,2026-09-01T15:46:33.673927397Z,9820.867265,14724346,965230592,961081344
calibration-20260902-f,S1-50-r01,2026-09-01T15:46:33.684073242Z,9831.013110,14724508,965230592,961081344
calibration-20260902-f,S1-50-r01,2026-09-01T15:46:33.694226229Z,9841.166096,14724667,965230592,961081344
calibration-20260902-f,S1-50-r01,2026-09-01T15:46:33.703464115Z,9850.403982,14724892,965230592,961081344
calibration-20260902-f,S1-50-r01,2026-09-01T15:46:33.713636188Z,9860.576056,14725092,965230592,961081344
calibration-20260902-f,S1-50-r01,2026-09-01T15:46:33.723851596Z,9870.791463,14725279,965230592,961081344
calibration-20260902-f,S1-50-r01,2026-09-01T15:46:33.733264426Z,9880.204289,14743660,956694528,946151424
calibration-20260902-f,S1-50-r01,2026-09-01T15:46:33.743448777Z,9890.388644,14779465,956694528,946413568
calibration-20260902-f,S1-50-r01,2026-09-01T15:46:33.753688508Z,9900.628376,14824207,956694528,946319360
calibration-20260902-f,S1-50-r01,2026-09-01T15:46:33.763884619Z,9910.824486,14828953,956694528,946319360
calibration-20260902-f,S1-50-r01,2026-09-01T15:46:33.774238982Z,9921.178873,14829426,956694528,946319360
calibration-20260902-f,S1-50-r01,2026-09-01T15:46:33.783599043Z,9930.538911,14829808,956694528,946319360
calibration-20260902-f,S1-50-r01,2026-09-01T15:46:33.793732385Z,9940.672252,14830011,956694528,946319360
calibration-20260902-f,S1-50-r01,2026-09-01T15:46:33.803916287Z,9950.856155,14830197,956694528,946319360
calibration-20260902-f,S1-50-r01,2026-09-01T15:46:33.814036455Z,9960.976323,14830400,956694528,946122752
calibration-20260902-f,S1-50-r01,2026-09-01T15:46:33.824175238Z,9971.115105,14830562,956694528,946122752
calibration-20260902-f,S1-50-r01,2026-09-01T15:46:33.833246441Z,9980.186303,14848125,908554240,898146304
calibration-20260902-f,S1-50-r01,2026-09-01T15:46:33.843426797Z,9990.366665,14884369,908554240,898019328
calibration-20260902-f,S1-50-r01,2026-09-01T15:46:33.853623933Z,10000.563802,14929140,908554240,898019328
calibration-20260902-f,S1-50-r01,2026-09-01T15:46:33.863803235Z,10010.743102,14929345,908554240,897921024
calibration-20260902-f,S1-50-r01,2026-09-01T15:46:33.929496286Z,10076.436174,14929583,908554240,897658880
calibration-20260902-f,S1-50-r01,2026-09-01T15:46:33.933709538Z,10080.649421,14946988,908554240,897658880
calibration-20260902-f,S1-50-r01,2026-09-01T15:46:33.944005226Z,10090.945094,14982992,908554240,897658880
calibration-20260902-f,S1-50-r01,2026-09-01T15:46:33.954287085Z,10101.226952,15023268,908554240,897658880
calibration-20260902-f,S1-50-r01,2026-09-01T15:46:33.963477621Z,10110.417488,15027949,908554240,897658880
calibration-20260902-f,S1-50-r01,2026-09-01T15:46:33.973654012Z,10120.593880,15028184,908554240,897658880
calibration-20260902-f,S1-50-r01,2026-09-01T15:46:33.983812892Z,10130.752760,15028434,908554240,897658880
calibration-20260902-f,S1-50-r01,2026-09-01T15:46:33.993963692Z,10140.903559,15028580,908554240,897658880
calibration-20260902-f,S1-50-r01,2026-09-01T15:46:34.029410046Z,10176.349914,15028771,908554240,897658880
calibration-20260902-f,S1-50-r01,2026-09-01T15:46:34.033570983Z,10180.510851,15046094,908554240,897658880
calibration-20260902-f,S1-50-r01,2026-09-01T15:46:34.04371172Z,10190.651588,15081910,908554240,897658880
calibration-20260902-f,S1-50-r01,2026-09-01T15:46:34.053925432Z,10200.865300,15122130,908554240,897658880
calibration-20260902-f,S1-50-r01,2026-09-01T15:46:34.064164185Z,10211.104053,15126769,908554240,897658880
calibration-20260902-f,S1-50-r01,2026-09-01T15:46:34.073378212Z,10220.318078,15126951,908554240,897658880
calibration-20260902-f,S1-50-r01,2026-09-01T15:46:34.083498718Z,10230.438585,15127063,908554240,897658880
calibration-20260902-f,S1-50-r01,2026-09-01T15:46:34.093617867Z,10240.557734,15127173,908554240,897658880
calibration-20260902-f,S1-50-r01,2026-09-01T15:46:34.103789194Z,10250.729059,15127273,908554240,897658880
calibration-20260902-f,S1-50-r01,2026-09-01T15:46:34.113928944Z,10260.868812,15127355,908554240,897658880
calibration-20260902-f,S1-50-r01,2026-09-01T15:46:34.124084632Z,10271.024494,15127444,908554240,897658880
calibration-20260902-f,S1-50-r01,2026-09-01T15:46:34.133236538Z,10280.176400,15144702,909701120,899231744
calibration-20260902-f,S1-50-r01,2026-09-01T15:46:34.143446373Z,10290.386241,15182320,910389248,900018176
calibration-20260902-f,S1-50-r01,2026-09-01T15:46:34.153589892Z,10300.529760,15230101,940437504,929886208
calibration-20260902-f,S1-50-r01,2026-09-01T15:46:34.163823935Z,10310.763802,15230362,940437504,929886208
calibration-20260902-f,S1-50-r01,2026-09-01T15:46:34.174111642Z,10321.051509,15230646,940437504,929886208
calibration-20260902-f,S1-50-r01,2026-09-01T15:46:34.183291339Z,10330.231207,15230826,940437504,929886208
calibration-20260902-f,S1-50-r01,2026-09-01T15:46:34.193417022Z,10340.356889,15230988,940437504,929886208
calibration-20260902-f,S1-50-r01,2026-09-01T15:46:34.203590616Z,10350.530483,15231172,940437504,929886208
calibration-20260902-f,S1-50-r01,2026-09-01T15:46:34.213723285Z,10360.663153,15231327,940437504,929886208
calibration-20260902-f,S1-50-r01,2026-09-01T15:46:34.223948756Z,10370.888623,15231572,940437504,929886208
calibration-20260902-f,S1-50-r01,2026-09-01T15:46:34.233364685Z,10380.304554,15249778,907780096,897544192
calibration-20260902-f,S1-50-r01,2026-09-01T15:46:34.243631897Z,10390.571764,15286677,973381632,962777088
calibration-20260902-f,S1-50-r01,2026-09-01T15:46:34.253730082Z,10400.669944,15327482,989437952,978755584
calibration-20260902-f,S1-50-r01,2026-09-01T15:46:34.263925788Z,10410.865656,15327677,989437952,978657280
calibration-20260902-f,S1-50-r01,2026-09-01T15:46:34.274065343Z,10421.005211,15327927,989437952,978653184
calibration-20260902-f,S1-50-r01,2026-09-01T15:46:34.284257807Z,10431.197674,15328108,989437952,978653184
calibration-20260902-f,S1-50-r01,2026-09-01T15:46:34.293370268Z,10440.310130,15328412,989437952,978653184
calibration-20260902-f,S1-50-r01,2026-09-01T15:46:34.303545485Z,10450.485347,15328495,989437952,978653184
calibration-20260902-f,S1-50-r01,2026-09-01T15:46:34.313657287Z,10460.597149,15328597,989437952,978653184
calibration-20260902-f,S1-50-r01,2026-09-01T15:46:34.329467201Z,10476.407070,15328722,989437952,978915328
calibration-20260902-f,S1-50-r01,2026-09-01T15:46:34.334143792Z,10481.083659,15346015,989667328,979173376
calibration-20260902-f,S1-50-r01,2026-09-01T15:46:34.343879632Z,10490.819501,15382466,941547520,931049472
calibration-20260902-f,S1-50-r01,2026-09-01T15:46:34.354092283Z,10501.032151,15427217,941547520,931045376
calibration-20260902-f,S1-50-r01,2026-09-01T15:46:34.363289922Z,10510.229790,15431878,941547520,931045376
calibration-20260902-f,S1-50-r01,2026-09-01T15:46:34.373456147Z,10520.396015,15432034,941547520,930947072
calibration-20260902-f,S1-50-r01,2026-09-01T15:46:34.383556706Z,10530.496573,15432229,941547520,930947072
calibration-20260902-f,S1-50-r01,2026-09-01T15:46:34.393639934Z,10540.579802,15432391,941547520,930947072
calibration-20260902-f,S1-50-r01,2026-09-01T15:46:34.40379081Z,10550.730677,15432560,941547520,930947072
calibration-20260902-f,S1-50-r01,2026-09-01T15:46:34.413967523Z,10560.907391,15432768,941547520,930947072
calibration-20260902-f,S1-50-r01,2026-09-01T15:46:34.424154687Z,10571.094555,15432995,941547520,930947072
calibration-20260902-f,S1-50-r01,2026-09-01T15:46:34.433355619Z,10580.295487,15450267,941547520,930947072
calibration-20260902-f,S1-50-r01,2026-09-01T15:46:34.443581574Z,10590.521442,15486055,941547520,930947072
calibration-20260902-f,S1-50-r01,2026-09-01T15:46:34.45382053Z,10600.760397,15526378,941547520,930947072
calibration-20260902-f,S1-50-r01,2026-09-01T15:46:34.464051215Z,10610.991082,15531063,941547520,930947072
calibration-20260902-f,S1-50-r01,2026-09-01T15:46:34.474253168Z,10621.193036,15531273,941547520,930947072
calibration-20260902-f,S1-50-r01,2026-09-01T15:46:34.483402473Z,10630.342340,15531447,941547520,930947072
calibration-20260902-f,S1-50-r01,2026-09-01T15:46:34.493542962Z,10640.482829,15531607,941547520,930947072
calibration-20260902-f,S1-50-r01,2026-09-01T15:46:34.503710146Z,10650.650014,15531787,941547520,930947072
calibration-20260902-f,S1-50-r01,2026-09-01T15:46:34.513839606Z,10660.779474,15531944,941547520,930742272
calibration-20260902-f,S1-50-r01,2026-09-01T15:46:34.523992595Z,10670.932462,15532154,941547520,930742272
calibration-20260902-f,S1-50-r01,2026-09-01T15:46:34.53417347Z,10681.113338,15549451,941547520,930742272
calibration-20260902-f,S1-50-r01,2026-09-01T15:46:34.543390421Z,10690.330288,15585202,941547520,930742272
calibration-20260902-f,S1-50-r01,2026-09-01T15:46:34.553566463Z,10700.506330,15625497,941547520,930480128
calibration-20260902-f,S1-50-r01,2026-09-01T15:46:34.563744627Z,10710.684494,15630158,941547520,930742272
calibration-20260902-f,S1-50-r01,2026-09-01T15:46:34.57390136Z,10720.841227,15630344,941547520,930742272
calibration-20260902-f,S1-50-r01,2026-09-01T15:46:34.584063838Z,10731.003706,15630517,941547520,930742272
calibration-20260902-f,S1-50-r01,2026-09-01T15:46:34.594242912Z,10741.182779,15630674,941547520,930742272
calibration-20260902-f,S1-50-r01,2026-09-01T15:46:34.603438025Z,10750.377892,15630836,941547520,930742272
calibration-20260902-f,S1-50-r01,2026-09-01T15:46:34.613619033Z,10760.558900,15631010,941547520,930742272
calibration-20260902-f,S1-50-r01,2026-09-01T15:46:34.623803369Z,10770.743237,15631119,941547520,930742272
calibration-20260902-f,S1-50-r01,2026-09-01T15:46:34.635203719Z,10782.143590,15648360,941547520,930742272
calibration-20260902-f,S1-50-r01,2026-09-01T15:46:34.64345391Z,10790.393777,15684288,941547520,930742272
calibration-20260902-f,S1-50-r01,2026-09-01T15:46:34.729463589Z,10876.403457,15729481,955768832,945160192
calibration-20260902-f,S1-50-r01,2026-09-01T15:46:34.733669021Z,10880.608889,15746691,961732608,950927360
calibration-20260902-f,S1-50-r01,2026-09-01T15:46:34.743900936Z,10890.840804,15782914,984211456,973996032
calibration-20260902-f,S1-50-r01,2026-09-01T15:46:34.754117333Z,10901.057201,15827974,1003937792,993656832
calibration-20260902-f,S1-50-r01,2026-09-01T15:46:34.763279816Z,10910.219683,15832587,1003937792,993656832
calibration-20260902-f,S1-50-r01,2026-09-01T15:46:34.773454411Z,10920.394278,15832776,1003937792,993656832
calibration-20260902-f,S1-50-r01,2026-09-01T15:46:34.783617923Z,10930.557791,15832910,1003937792,993656832
calibration-20260902-f,S1-50-r01,2026-09-01T15:46:34.79369907Z,10940.638938,15833027,1003937792,993402880
calibration-20260902-f,S1-50-r01,2026-09-01T15:46:34.803867568Z,10950.807435,15833143,1003937792,993402880
calibration-20260902-f,S1-50-r01,2026-09-01T15:46:34.813987154Z,10960.927022,15833257,1003937792,993402880
calibration-20260902-f,S1-50-r01,2026-09-01T15:46:34.824173762Z,10971.113629,15833405,1003937792,993173504
calibration-20260902-f,S1-50-r01,2026-09-01T15:46:34.833406791Z,10980.346654,15850743,1011048448,1000775680
calibration-20260902-f,S1-50-r01,2026-09-01T15:46:34.84363628Z,10990.576148,15887173,1025499136,1015193600
calibration-20260902-f,S1-50-r01,2026-09-01T15:46:34.853845915Z,11000.785777,15928037,1032609792,1022271488
calibration-20260902-f,S1-50-r01,2026-09-01T15:46:34.864067793Z,11011.007660,15928266,1032609792,1022271488
calibration-20260902-f,S1-50-r01,2026-09-01T15:46:34.873244099Z,11020.183967,15928422,1032609792,1022271488
calibration-20260902-f,S1-50-r01,2026-09-01T15:46:34.883417523Z,11030.357384,15928693,1032609792,1022271488
calibration-20260902-f,S1-50-r01,2026-09-01T15:46:34.893541723Z,11040.481590,15928773,1032609792,1022271488
calibration-20260902-f,S1-50-r01,2026-09-01T15:46:34.903738029Z,11050.677892,15928880,1032609792,1022271488
calibration-20260902-f,S1-50-r01,2026-09-01T15:46:34.913899003Z,11060.838870,15928990,1032609792,1022271488
calibration-20260902-f,S1-50-r01,2026-09-01T15:46:34.924064007Z,11071.003875,15929081,1032609792,1022271488
calibration-20260902-f,S1-50-r01,2026-09-01T15:46:34.934276956Z,11081.216826,15947083,1038114816,1027776512
calibration-20260902-f,S1-50-r01,2026-09-01T15:46:34.943487988Z,11090.427855,15983571,989863936,979673088
calibration-20260902-f,S1-50-r01,2026-09-01T15:46:34.953673441Z,11100.613303,16028709,941604864,931938304
calibration-20260902-f,S1-50-r01,2026-09-01T15:46:34.963843388Z,11110.783255,16028922,941604864,931672064
calibration-20260902-f,S1-50-r01,2026-09-01T15:46:34.97406354Z,11121.003407,16029210,941604864,931741696
calibration-20260902-f,S1-50-r01,2026-09-01T15:46:34.984288201Z,11131.228068,16029478,941604864,931532800
calibration-20260902-f,S1-50-r01,2026-09-01T15:46:34.993472005Z,11140.411873,16029660,941604864,931356672
calibration-20260902-f,S1-50-r01,2026-09-01T15:46:35.003673705Z,11150.613579,16029819,941604864,931356672
calibration-20260902-f,S1-50-r01,2026-09-01T15:46:35.013811651Z,11160.751518,16030028,941604864,931356672
calibration-20260902-f,S1-50-r01,2026-09-01T15:46:35.023975582Z,11170.915449,16030131,941604864,931356672
calibration-20260902-f,S1-50-r01,2026-09-01T15:46:35.033776859Z,11180.716729,16047410,941604864,931287040
calibration-20260902-f,S1-50-r01,2026-09-01T15:46:35.044138351Z,11191.078218,16083704,941604864,931287040
calibration-20260902-f,S1-50-r01,2026-09-01T15:46:35.053358453Z,11200.298321,16123939,941604864,931287040
calibration-20260902-f,S1-50-r01,2026-09-01T15:46:35.063543672Z,11210.483540,16128564,941604864,931287040
calibration-20260902-f,S1-50-r01,2026-09-01T15:46:35.073711892Z,11220.651759,16128739,941604864,931287040
calibration-20260902-f,S1-50-r01,2026-09-01T15:46:35.08388593Z,11230.825799,16128898,941604864,931287040
calibration-20260902-f,S1-50-r01,2026-09-01T15:46:35.094070407Z,11241.010274,16129039,941604864,931287040
calibration-20260902-f,S1-50-r01,2026-09-01T15:46:35.104248067Z,11251.187934,16129202,941604864,931287040
calibration-20260902-f,S1-50-r01,2026-09-01T15:46:35.113577986Z,11260.517853,16129457,941604864,931287040
calibration-20260902-f,S1-50-r01,2026-09-01T15:46:35.12949326Z,11276.433129,16129668,941604864,931287040
calibration-20260902-f,S1-50-r01,2026-09-01T15:46:35.133693587Z,11280.633455,16146973,941604864,931287040
calibration-20260902-f,S1-50-r01,2026-09-01T15:46:35.143881116Z,11290.820984,16182748,941604864,931287040
calibration-20260902-f,S1-50-r01,2026-09-01T15:46:35.154073719Z,11301.013587,16227374,941604864,931287040
calibration-20260902-f,S1-50-r01,2026-09-01T15:46:35.163244165Z,11310.184033,16231973,941604864,931287040
calibration-20260902-f,S1-50-r01,2026-09-01T15:46:35.173414138Z,11320.354005,16232118,941604864,931287040
calibration-20260902-f,S1-50-r01,2026-09-01T15:46:35.183672754Z,11330.612622,16232292,941604864,931287040
calibration-20260902-f,S1-50-r01,2026-09-01T15:46:35.193927342Z,11340.867210,16232514,941604864,931287040
calibration-20260902-f,S1-50-r01,2026-09-01T15:46:35.204165089Z,11351.104957,16232708,941604864,931287040
calibration-20260902-f,S1-50-r01,2026-09-01T15:46:35.213329314Z,11360.269176,16232829,941604864,931287040
calibration-20260902-f,S1-50-r01,2026-09-01T15:46:35.223495732Z,11370.435599,16232925,941604864,931287040
calibration-20260902-f,S1-50-r01,2026-09-01T15:46:35.233626111Z,11380.565978,16250128,941604864,931287040
calibration-20260902-f,S1-50-r01,2026-09-01T15:46:35.243890581Z,11390.830448,16286010,941604864,931287040
calibration-20260902-f,S1-50-r01,2026-09-01T15:46:35.254087963Z,11401.027831,16326247,941604864,931287040
calibration-20260902-f,S1-50-r01,2026-09-01T15:46:35.264232131Z,11411.171999,16330891,941604864,931287040
calibration-20260902-f,S1-50-r01,2026-09-01T15:46:35.329416943Z,11476.356811,16331257,941604864,931287040
calibration-20260902-f,S1-50-r01,2026-09-01T15:46:35.33359522Z,11480.535087,16348505,941604864,931287040
calibration-20260902-f,S1-50-r01,2026-09-01T15:46:35.343817074Z,11490.756941,16384378,952614912,942297088
calibration-20260902-f,S1-50-r01,2026-09-01T15:46:35.354034871Z,11500.974738,16429372,968900608,958648320
calibration-20260902-f,S1-50-r01,2026-09-01T15:46:35.364261215Z,11511.201083,16429569,968900608,958648320
calibration-20260902-f,S1-50-r01,2026-09-01T15:46:35.373406786Z,11520.346649,16429676,968900608,958648320
calibration-20260902-f,S1-50-r01,2026-09-01T15:46:35.383561536Z,11530.501404,16429914,968900608,958722048
calibration-20260902-f,S1-50-r01,2026-09-01T15:46:35.393669634Z,11540.609497,16430000,968900608,958722048
calibration-20260902-f,S1-50-r01,2026-09-01T15:46:35.403863716Z,11550.803578,16430108,968900608,958722048
calibration-20260902-f,S1-50-r01,2026-09-01T15:46:35.414026768Z,11560.966630,16430222,968900608,958722048
calibration-20260902-f,S1-50-r01,2026-09-01T15:46:35.424169555Z,11571.109423,16430291,968900608,958722048
calibration-20260902-f,S1-50-r01,2026-09-01T15:46:35.433295247Z,11580.235114,16447670,982433792,972091392
calibration-20260902-f,S1-50-r01,2026-09-01T15:46:35.443381561Z,11590.321516,16484522,1016610816,1006694400
calibration-20260902-f,S1-50-r01,2026-09-01T15:46:35.453560496Z,11600.500365,16525139,1031749632,1021632512
calibration-20260902-f,S1-50-r01,2026-09-01T15:46:35.463758071Z,11610.697938,16529757,1031749632,1021632512
calibration-20260902-f,S1-50-r01,2026-09-01T15:46:35.473943601Z,11620.883469,16529987,1031749632,1021632512
calibration-20260902-f,S1-50-r01,2026-09-01T15:46:35.484147911Z,11631.087779,16530177,1031749632,1021632512
calibration-20260902-f,S1-50-r01,2026-09-01T15:46:35.494292547Z,11641.232414,16530343,1031749632,1021632512
calibration-20260902-f,S1-50-r01,2026-09-01T15:46:35.529438283Z,11676.378151,16530573,1031979008,1021894656
calibration-20260902-f,S1-50-r01,2026-09-01T15:46:35.544091274Z,11691.031137,16581726,945127424,934854656
calibration-20260902-f,S1-50-r01,2026-09-01T15:46:35.553385987Z,11700.325855,16626740,960724992,950345728
calibration-20260902-f,S1-50-r01,2026-09-01T15:46:35.563631847Z,11710.571714,16631453,960724992,950345728
calibration-20260902-f,S1-50-r01,2026-09-01T15:46:35.629447733Z,11776.387594,16631687,961183744,950796288
calibration-20260902-f,S1-50-r01,2026-09-01T15:46:35.633693067Z,11780.632935,16648957,972652544,962330624
calibration-20260902-f,S1-50-r01,2026-09-01T15:46:35.644146003Z,11791.085870,16685855,924397568,914042880
calibration-20260902-f,S1-50-r01,2026-09-01T15:46:35.653371138Z,11800.311005,16730582,924397568,914300928
calibration-20260902-f,S1-50-r01,2026-09-01T15:46:35.663586341Z,11810.526208,16730779,924397568,914202624
calibration-20260902-f,S1-50-r01,2026-09-01T15:46:35.673776185Z,11820.716053,16730937,924397568,914202624
calibration-20260902-f,S1-50-r01,2026-09-01T15:46:35.683927084Z,11830.866951,16731143,924397568,914202624
calibration-20260902-f,S1-50-r01,2026-09-01T15:46:35.694063215Z,11841.003083,16731328,924397568,914022400
calibration-20260902-f,S1-50-r01,2026-09-01T15:46:35.704260971Z,11851.200838,16731532,924397568,914022400
calibration-20260902-f,S1-50-r01,2026-09-01T15:46:35.713365753Z,11860.305621,16731629,924397568,914022400
calibration-20260902-f,S1-50-r01,2026-09-01T15:46:35.723499589Z,11870.439456,16731747,924397568,914022400
calibration-20260902-f,S1-50-r01,2026-09-01T15:46:35.733702726Z,11880.642617,16749170,924397568,914284544
calibration-20260902-f,S1-50-r01,2026-09-01T15:46:35.744028872Z,11890.968739,16784992,924397568,914284544
calibration-20260902-f,S1-50-r01,2026-09-01T15:46:35.754190325Z,11901.130193,16825339,924397568,914284544
calibration-20260902-f,S1-50-r01,2026-09-01T15:46:35.763434931Z,11910.374798,16829970,924397568,914284544
calibration-20260902-f,S1-50-r01,2026-09-01T15:46:35.773573179Z,11920.513048,16830165,924397568,914284544
calibration-20260902-f,S1-50-r01,2026-09-01T15:46:35.783716968Z,11930.656836,16830319,924397568,914284544
calibration-20260902-f,S1-50-r01,2026-09-01T15:46:35.793901436Z,11940.841303,16830510,924397568,914284544
calibration-20260902-f,S1-50-r01,2026-09-01T15:46:35.804059973Z,11950.999840,16830684,924397568,914284544
calibration-20260902-f,S1-50-r01,2026-09-01T15:46:35.814246834Z,11961.186701,16830832,924397568,914284544
calibration-20260902-f,S1-50-r01,2026-09-01T15:46:35.823439644Z,11970.379511,16830968,924397568,914284544
calibration-20260902-f,S1-50-r01,2026-09-01T15:46:35.83364397Z,11980.583837,16848184,924397568,914284544
calibration-20260902-f,S1-50-r01,2026-09-01T15:46:35.843905619Z,11990.845487,16884090,924397568,914284544
calibration-20260902-f,S1-50-r01,2026-09-01T15:46:35.854113876Z,12001.053743,16924315,924397568,914284544
calibration-20260902-f,S1-50-r01,2026-09-01T15:46:35.863362609Z,12010.302477,16929003,924397568,914284544
calibration-20260902-f,S1-50-r01,2026-09-01T15:46:35.873509493Z,12020.449361,16929210,924397568,914284544
calibration-20260902-f,S1-50-r01,2026-09-01T15:46:35.883747312Z,12030.687178,16929419,924397568,914284544
calibration-20260902-f,S1-50-r01,2026-09-01T15:46:35.929411926Z,12076.351793,16929782,924397568,914284544
calibration-20260902-f,S1-50-r01,2026-09-01T15:46:35.933627164Z,12080.567032,16947039,924397568,914284544
calibration-20260902-f,S1-50-r01,2026-09-01T15:46:35.943809763Z,12090.749630,16982835,924397568,914284544
calibration-20260902-f,S1-50-r01,2026-09-01T15:46:35.954023479Z,12100.963346,17023029,924397568,914284544
calibration-20260902-f,S1-50-r01,2026-09-01T15:46:35.964228989Z,12111.168856,17027638,924397568,914284544
calibration-20260902-f,S1-50-r01,2026-09-01T15:46:35.97338272Z,12120.322588,17027741,924397568,914284544
calibration-20260902-f,S1-50-r01,2026-09-01T15:46:35.983551725Z,12130.491592,17027938,924397568,914124800
calibration-20260902-f,S1-50-r01,2026-09-01T15:46:35.993641559Z,12140.581427,17028078,924397568,914124800
calibration-20260902-f,S1-50-r01,2026-09-01T15:46:36.003781698Z,12150.721565,17028187,924397568,914124800
calibration-20260902-f,S1-50-r01,2026-09-01T15:46:36.013943562Z,12160.883430,17028342,924397568,914124800
calibration-20260902-f,S1-50-r01,2026-09-01T15:46:36.024192691Z,12171.132559,17028549,924397568,914124800
calibration-20260902-f,S1-50-r01,2026-09-01T15:46:36.033507581Z,12180.447443,17045994,924397568,914124800
calibration-20260902-f,S1-50-r01,2026-09-01T15:46:36.043704788Z,12190.644656,17081990,936095744,926183424
calibration-20260902-f,S1-50-r01,2026-09-01T15:46:36.129431838Z,12276.371707,17127718,953069568,943222784
calibration-20260902-f,S1-50-r01,2026-09-01T15:46:36.133444232Z,12280.384094,17145833,914907136,905699328
calibration-20260902-f,S1-50-r01,2026-09-01T15:46:36.143741198Z,12290.681060,17182825,962617344,953360384
calibration-20260902-f,S1-50-r01,2026-09-01T15:46:36.229470578Z,12376.410441,17232248,936837120,927277056
calibration-20260902-f,S1-50-r01,2026-09-01T15:46:36.234255997Z,12381.195885,17250354,949911552,940584960
calibration-20260902-f,S1-50-r01,2026-09-01T15:46:36.243532204Z,12390.472072,17286270,959315968,949760000
calibration-20260902-f,S1-50-r01,2026-09-01T15:46:36.253784367Z,12400.724234,17326522,959315968,949760000
calibration-20260902-f,S1-50-r01,2026-09-01T15:46:36.263985968Z,12410.925836,17326767,959315968,949760000
calibration-20260902-f,S1-50-r01,2026-09-01T15:46:36.274169313Z,12421.109180,17326962,959315968,949760000
calibration-20260902-f,S1-50-r01,2026-09-01T15:46:36.329420826Z,12476.360694,17327273,959315968,949497856
calibration-20260902-f,S1-50-r01,2026-09-01T15:46:36.333671994Z,12480.611861,17344619,959315968,949497856
calibration-20260902-f,S1-50-r01,2026-09-01T15:46:36.34383991Z,12490.779777,17380473,959315968,949497856
calibration-20260902-f,S1-50-r01,2026-09-01T15:46:36.354051403Z,12500.991272,17425105,959315968,949497856
calibration-20260902-f,S1-50-r01,2026-09-01T15:46:36.364219518Z,12511.159386,17429790,959315968,949497856
calibration-20260902-f,S1-50-r01,2026-09-01T15:46:36.373406292Z,12520.346160,17429950,959315968,949497856
calibration-20260902-f,S1-50-r01,2026-09-01T15:46:36.383542221Z,12530.482089,17430062,959315968,949063680
calibration-20260902-f,S1-50-r01,2026-09-01T15:46:36.39364399Z,12540.583852,17430149,959315968,949063680
calibration-20260902-f,S1-50-r01,2026-09-01T15:46:36.403813965Z,12550.753833,17430254,959315968,949063680
calibration-20260902-f,S1-50-r01,2026-09-01T15:46:36.413974619Z,12560.914486,17430356,959315968,949063680
calibration-20260902-f,S1-50-r01,2026-09-01T15:46:36.42416492Z,12571.104782,17430491,959315968,949063680
calibration-20260902-f,S1-50-r01,2026-09-01T15:46:36.433348085Z,12580.287953,17447735,959315968,949063680
calibration-20260902-f,S1-50-r01,2026-09-01T15:46:36.443547566Z,12590.487433,17483555,959315968,949063680
calibration-20260902-f,S1-50-r01,2026-09-01T15:46:36.453740886Z,12600.680754,17523762,959315968,949063680
calibration-20260902-f,S1-50-r01,2026-09-01T15:46:36.530424422Z,12677.364290,17529589,959315968,949063680
calibration-20260902-f,S1-50-r01,2026-09-01T15:46:36.533654998Z,12680.594864,17545725,959315968,949063680
calibration-20260902-f,S1-50-r01,2026-09-01T15:46:36.543828697Z,12690.768566,17582125,962756608,952692736
calibration-20260902-f,S1-50-r01,2026-09-01T15:46:36.553968968Z,12700.908835,17630807,977666048,967634944
calibration-20260902-f,S1-50-r01,2026-09-01T15:46:36.564149722Z,12711.089589,17631000,977666048,967634944
calibration-20260902-f,S1-50-r01,2026-09-01T15:46:36.573240191Z,12720.180058,17631165,977666048,967634944
calibration-20260902-f,S1-50-r01,2026-09-01T15:46:36.583428717Z,12730.368584,17631296,977666048,967634944
calibration-20260902-f,S1-50-r01,2026-09-01T15:46:36.593621144Z,12740.561011,17631456,977666048,967634944
calibration-20260902-f,S1-50-r01,2026-09-01T15:46:36.603756162Z,12750.696025,17631526,977666048,967634944
calibration-20260902-f,S1-50-r01,2026-09-01T15:46:36.613884065Z,12760.823932,17631595,977666048,967634944
calibration-20260902-f,S1-50-r01,2026-09-01T15:46:36.624022821Z,12770.962683,17631661,977666048,967634944
calibration-20260902-f,S1-50-r01,2026-09-01T15:46:36.633545567Z,12780.485429,17648960,984317952,974188544
calibration-20260902-f,S1-50-r01,2026-09-01T15:46:36.643692035Z,12790.631902,17685189,998768640,988553216
calibration-20260902-f,S1-50-r01,2026-09-01T15:46:36.653944118Z,12800.883986,17730634,1022394368,1012150272
calibration-20260902-f,S1-50-r01,2026-09-01T15:46:36.664129991Z,12811.069858,17730867,1022394368,1012150272
calibration-20260902-f,S1-50-r01,2026-09-01T15:46:36.67333138Z,12820.271247,17731027,1022394368,1012150272
calibration-20260902-f,S1-50-r01,2026-09-01T15:46:36.683544969Z,12830.484836,17731142,1022394368,1012113408
calibration-20260902-f,S1-50-r01,2026-09-01T15:46:36.69365444Z,12840.594308,17731281,1022394368,1012113408
calibration-20260902-f,S1-50-r01,2026-09-01T15:46:36.703800048Z,12850.739915,17731411,1022394368,1012113408
calibration-20260902-f,S1-50-r01,2026-09-01T15:46:36.71395927Z,12860.899137,17731518,1022394368,1012113408
calibration-20260902-f,S1-50-r01,2026-09-01T15:46:36.729419948Z,12876.359815,17731608,1022394368,1012113408
calibration-20260902-f,S1-50-r01,2026-09-01T15:46:36.733585638Z,12880.525506,17749045,1033633792,1023647744
calibration-20260902-f,S1-50-r01,2026-09-01T15:46:36.74377685Z,12890.716717,17785798,1050378240,1040424960
calibration-20260902-f,S1-50-r01,2026-09-01T15:46:36.753996992Z,12900.936859,17830686,1058406400,1048170496
calibration-20260902-f,S1-50-r01,2026-09-01T15:46:36.764210182Z,12911.150049,17830912,1058406400,1048170496
calibration-20260902-f,S1-50-r01,2026-09-01T15:46:36.773432321Z,12920.372189,17831101,1058406400,1048432640
calibration-20260902-f,S1-50-r01,2026-09-01T15:46:36.78359398Z,12930.533847,17831267,1058406400,1048432640
calibration-20260902-f,S1-50-r01,2026-09-01T15:46:36.793786769Z,12940.726636,17831572,1058406400,1048432640
calibration-20260902-f,S1-50-r01,2026-09-01T15:46:36.829436813Z,12976.376680,17831863,1058635776,1048694784
calibration-20260902-f,S1-50-r01,2026-09-01T15:46:36.833586973Z,12980.526841,17849453,1064599552,1054461952
calibration-20260902-f,S1-50-r01,2026-09-01T15:46:36.843546164Z,12990.486032,17884910,1016451072,1006325760
calibration-20260902-f,S1-50-r01,2026-09-01T15:46:36.853719977Z,13000.659845,17929595,1016451072,1006587904
calibration-20260902-f,S1-50-r01,2026-09-01T15:46:36.86387892Z,13010.818788,17929888,1016451072,1006587904
calibration-20260902-f,S1-50-r01,2026-09-01T15:46:36.873997759Z,13020.937626,17930057,1016451072,1006489600
calibration-20260902-f,S1-50-r01,2026-09-01T15:46:36.88414223Z,13031.082099,17930307,1016451072,1006489600
calibration-20260902-f,S1-50-r01,2026-09-01T15:46:36.893339872Z,13040.279739,17930432,1016451072,1006489600
calibration-20260902-f,S1-50-r01,2026-09-01T15:46:36.903483538Z,13050.423407,17930578,1016451072,1006489600
calibration-20260902-f,S1-50-r01,2026-09-01T15:46:36.913591392Z,13060.531259,17930717,1016451072,1006489600
calibration-20260902-f,S1-50-r01,2026-09-01T15:46:36.923742927Z,13070.682794,17930843,1016451072,1006489600
calibration-20260902-f,S1-50-r01,2026-09-01T15:46:36.9336332Z,13080.573067,17948096,1016451072,1006489600
calibration-20260902-f,S1-50-r01,2026-09-01T15:46:36.943810658Z,13090.750525,17983954,1016451072,1006489600
calibration-20260902-f,S1-50-r01,2026-09-01T15:46:36.953956965Z,13100.896832,18024185,1016451072,1006489600
calibration-20260902-f,S1-50-r01,2026-09-01T15:46:36.964172721Z,13111.112588,18028809,1016451072,1006489600
calibration-20260902-f,S1-50-r01,2026-09-01T15:46:36.973353341Z,13120.293209,18028952,1016451072,1006489600
calibration-20260902-f,S1-50-r01,2026-09-01T15:46:36.983491368Z,13130.431237,18029071,1016451072,1006329856
calibration-20260902-f,S1-50-r01,2026-09-01T15:46:36.993596269Z,13140.536137,18029230,1016451072,1006329856
calibration-20260902-f,S1-50-r01,2026-09-01T15:46:37.003785585Z,13150.725452,18029356,1016451072,1006329856
calibration-20260902-f,S1-50-r01,2026-09-01T15:46:37.013944578Z,13160.884446,18029522,1016451072,1006329856
calibration-20260902-f,S1-50-r01,2026-09-01T15:46:37.024088796Z,13171.028663,18029646,1016451072,1006329856
calibration-20260902-f,S1-50-r01,2026-09-01T15:46:37.033245767Z,13180.185635,18046858,1016451072,1006329856
calibration-20260902-f,S1-50-r01,2026-09-01T15:46:37.043436047Z,13190.375915,18082673,1016451072,1006329856
calibration-20260902-f,S1-50-r01,2026-09-01T15:46:37.053686261Z,13200.626129,18127356,1016451072,1006329856
calibration-20260902-f,S1-50-r01,2026-09-01T15:46:37.063907739Z,13210.847606,18132003,1016451072,1006329856
calibration-20260902-f,S1-50-r01,2026-09-01T15:46:37.074069607Z,13221.009474,18132125,1016451072,1006329856
calibration-20260902-f,S1-50-r01,2026-09-01T15:46:37.084221133Z,13231.160999,18132211,1016451072,1006329856
calibration-20260902-f,S1-50-r01,2026-09-01T15:46:37.093368545Z,13240.308412,18132299,1016451072,1006329856
calibration-20260902-f,S1-50-r01,2026-09-01T15:46:37.103545727Z,13250.485594,18132372,1016451072,1006329856
calibration-20260902-f,S1-50-r01,2026-09-01T15:46:37.113659117Z,13260.598984,18132479,1016451072,1006329856
calibration-20260902-f,S1-50-r01,2026-09-01T15:46:37.123928382Z,13270.868248,18132705,1016451072,1006329856
calibration-20260902-f,S1-50-r01,2026-09-01T15:46:37.134190014Z,13281.129881,18149978,1016451072,1006329856
calibration-20260902-f,S1-50-r01,2026-09-01T15:46:37.143478518Z,13290.418385,18185877,1016451072,1006329856
calibration-20260902-f,S1-50-r01,2026-09-01T15:46:37.153724141Z,13300.664153,18226289,1016451072,1006329856
calibration-20260902-f,S1-50-r01,2026-09-01T15:46:37.163937294Z,13310.877183,18231283,1016451072,1006329856
calibration-20260902-f,S1-50-r01,2026-09-01T15:46:37.17327929Z,13320.219158,18231685,1016451072,1006329856
calibration-20260902-f,S1-50-r01,2026-09-01T15:46:37.18351649Z,13330.456358,18231906,1016451072,1006329856
calibration-20260902-f,S1-50-r01,2026-09-01T15:46:37.193678443Z,13340.618311,18232107,1016451072,1006329856
calibration-20260902-f,S1-50-r01,2026-09-01T15:46:37.203897497Z,13350.837365,18232356,1016451072,1006329856
calibration-20260902-f,S1-50-r01,2026-09-01T15:46:37.214060939Z,13361.000806,18232522,1016451072,1006329856
calibration-20260902-f,S1-50-r01,2026-09-01T15:46:37.224210056Z,13371.149924,18232737,1016451072,1006329856
calibration-20260902-f,S1-50-r01,2026-09-01T15:46:37.233386316Z,13380.326187,18249805,1016451072,1006329856
calibration-20260902-f,S1-50-r01,2026-09-01T15:46:37.243616533Z,13390.556400,18285763,1025855488,1015767040
calibration-20260902-f,S1-50-r01,2026-09-01T15:46:37.253780611Z,13400.720478,18330849,1049939968,1039724544
calibration-20260902-f,S1-50-r01,2026-09-01T15:46:37.263963459Z,13410.903327,18331045,1049939968,1039982592
calibration-20260902-f,S1-50-r01,2026-09-01T15:46:37.274169813Z,13421.109681,18331208,1049939968,1039982592
calibration-20260902-f,S1-50-r01,2026-09-01T15:46:37.283377708Z,13430.317576,18331360,1049939968,1039982592
calibration-20260902-f,S1-50-r01,2026-09-01T15:46:37.329510402Z,13476.450294,18331581,1050169344,1040244736
calibration-20260902-f,S1-50-r01,2026-09-01T15:46:37.333719566Z,13480.659428,18349365,1061408768,1051197440
calibration-20260902-f,S1-50-r01,2026-09-01T15:46:37.343940126Z,13490.879994,18385983,1089163264,1079246848
calibration-20260902-f,S1-50-r01,2026-09-01T15:46:37.354197091Z,13501.136957,18431305,1104531456,1094189056
calibration-20260902-f,S1-50-r01,2026-09-01T15:46:37.363386535Z,13510.326404,18431476,1104531456,1094451200
calibration-20260902-f,S1-50-r01,2026-09-01T15:46:37.373556039Z,13520.495907,18431698,1104531456,1094451200
calibration-20260902-f,S1-50-r01,2026-09-01T15:46:37.38369216Z,13530.632027,18431902,1104531456,1094451200
calibration-20260902-f,S1-50-r01,2026-09-01T15:46:37.42943298Z,13576.372847,18432128,1104990208,1094676480
calibration-20260902-f,S1-50-r01,2026-09-01T15:46:37.43363348Z,13580.573342,18450467,1065771008,1055592448
calibration-20260902-f,S1-50-r01,2026-09-01T15:46:37.443584208Z,13590.524075,18486177,1065771008,1055215616
calibration-20260902-f,S1-50-r01,2026-09-01T15:46:37.453834924Z,13600.774792,18528486,1065771008,1055121408
calibration-20260902-f,S1-50-r01,2026-09-01T15:46:37.464091133Z,13611.031000,18528749,1065771008,1055121408
calibration-20260902-f,S1-50-r01,2026-09-01T15:46:37.474222487Z,13621.162354,18528881,1065771008,1055121408
calibration-20260902-f,S1-50-r01,2026-09-01T15:46:37.483312837Z,13630.252705,18528983,1065771008,1055121408
calibration-20260902-f,S1-50-r01,2026-09-01T15:46:37.493439336Z,13640.379204,18529097,1065771008,1055121408
calibration-20260902-f,S1-50-r01,2026-09-01T15:46:37.50357677Z,13650.516637,18529212,1065771008,1055121408
calibration-20260902-f,S1-50-r01,2026-09-01T15:46:37.513721595Z,13660.661462,18529365,1065771008,1055121408
calibration-20260902-f,S1-50-r01,2026-09-01T15:46:37.529437528Z,13676.377395,18529624,1065771008,1055121408
calibration-20260902-f,S1-50-r01,2026-09-01T15:46:37.533400712Z,13680.340581,18547144,937345024,926887936
calibration-20260902-f,S1-50-r01,2026-09-01T15:46:37.543272284Z,13690.212151,18583761,937345024,926818304
calibration-20260902-f,S1-50-r01,2026-09-01T15:46:37.553529964Z,13700.469832,18628472,937345024,926568448
calibration-20260902-f,S1-50-r01,2026-09-01T15:46:37.563757252Z,13710.697119,18628709,937345024,926568448
calibration-20260902-f,S1-50-r01,2026-09-01T15:46:37.573895834Z,13720.835701,18628984,937345024,926568448
calibration-20260902-f,S1-50-r01,2026-09-01T15:46:37.584063992Z,13731.003860,18629084,937345024,926568448
calibration-20260902-f,S1-50-r01,2026-09-01T15:46:37.59421012Z,13741.149982,18629185,937345024,926568448
calibration-20260902-f,S1-50-r01,2026-09-01T15:46:37.603367056Z,13750.306923,18629264,937345024,926568448
calibration-20260902-f,S1-50-r01,2026-09-01T15:46:37.62942592Z,13776.365782,18629370,937345024,926568448
calibration-20260902-f,S1-50-r01,2026-09-01T15:46:37.633639853Z,13780.579721,18646510,937345024,926568448
calibration-20260902-f,S1-50-r01,2026-09-01T15:46:37.643775277Z,13790.715144,18682322,937345024,926568448
calibration-20260902-f,S1-50-r01,2026-09-01T15:46:37.654050824Z,13800.990692,18722555,937345024,926568448
calibration-20260902-f,S1-50-r01,2026-09-01T15:46:37.664250927Z,13811.190794,18727200,937345024,926568448
calibration-20260902-f,S1-50-r01,2026-09-01T15:46:37.673395052Z,13820.334919,18727357,937345024,926568448
calibration-20260902-f,S1-50-r01,2026-09-01T15:46:37.683573146Z,13830.513014,18727495,937345024,926568448
calibration-20260902-f,S1-50-r01,2026-09-01T15:46:37.69371415Z,13840.654018,18727624,937345024,926568448
calibration-20260902-f,S1-50-r01,2026-09-01T15:46:37.703912522Z,13850.852389,18727796,937345024,926568448
calibration-20260902-f,S1-50-r01,2026-09-01T15:46:37.714068986Z,13861.008854,18727912,937345024,926568448
calibration-20260902-f,S1-50-r01,2026-09-01T15:46:37.724230391Z,13871.170258,18728029,937345024,926568448
calibration-20260902-f,S1-50-r01,2026-09-01T15:46:37.733380179Z,13880.320074,18745188,937345024,926568448
calibration-20260902-f,S1-50-r01,2026-09-01T15:46:37.74364361Z,13890.583477,18781042,937345024,926568448
calibration-20260902-f,S1-50-r01,2026-09-01T15:46:37.753910073Z,13900.849941,18825745,937345024,926568448
calibration-20260902-f,S1-50-r01,2026-09-01T15:46:37.764128446Z,13911.068314,18830388,937345024,926568448
calibration-20260902-f,S1-50-r01,2026-09-01T15:46:37.77332076Z,13920.260629,18830528,937345024,926568448
calibration-20260902-f,S1-50-r01,2026-09-01T15:46:37.829432832Z,13976.372699,18830723,937345024,926568448
calibration-20260902-f,S1-50-r01,2026-09-01T15:46:37.833697408Z,13980.637276,18848015,937345024,926568448
calibration-20260902-f,S1-50-r01,2026-09-01T15:46:37.843896812Z,13990.836679,18884071,954089472,943869952
calibration-20260902-f,S1-50-r01,2026-09-01T15:46:37.854111326Z,14001.051193,18929015,970604544,960385024
calibration-20260902-f,S1-50-r01,2026-09-01T15:46:37.863254718Z,14010.194585,18929195,970604544,960385024
calibration-20260902-f,S1-50-r01,2026-09-01T15:46:37.873582264Z,14020.522131,18929504,970604544,960385024
calibration-20260902-f,S1-50-r01,2026-09-01T15:46:37.883740749Z,14030.680616,18929744,970604544,960385024
calibration-20260902-f,S1-50-r01,2026-09-01T15:46:37.893944349Z,14040.884217,18929923,970604544,960385024
calibration-20260902-f,S1-50-r01,2026-09-01T15:46:37.904167748Z,14051.107615,18930071,970604544,960385024
calibration-20260902-f,S1-50-r01,2026-09-01T15:46:37.913317745Z,14060.257613,18930180,970604544,960385024
calibration-20260902-f,S1-50-r01,2026-09-01T15:46:37.923478463Z,14070.418331,18930256,970604544,960385024
calibration-20260902-f,S1-50-r01,2026-09-01T15:46:37.933619036Z,14080.558904,18947645,978173952,967987200
calibration-20260902-f,S1-50-r01,2026-09-01T15:46:37.943816486Z,14090.756348,18984696,989413376,979783680
calibration-20260902-f,S1-50-r01,2026-09-01T15:46:37.954004611Z,14100.944479,19028877,1006387200,996823040
calibration-20260902-f,S1-50-r01,2026-09-01T15:46:37.964229449Z,14111.169317,19029164,1006387200,996548608
calibration-20260902-f,S1-50-r01,2026-09-01T15:46:37.973367536Z,14120.307404,19029336,1006387200,996548608
calibration-20260902-f,S1-50-r01,2026-09-01T15:46:37.983517814Z,14130.457681,19029484,1006387200,996294656
calibration-20260902-f,S1-50-r01,2026-09-01T15:46:37.993617365Z,14140.557234,19029652,1006387200,996036608
calibration-20260902-f,S1-50-r01,2026-09-01T15:46:38.00382839Z,14150.768264,19029859,1006387200,996036608
calibration-20260902-f,S1-50-r01,2026-09-01T15:46:38.014070461Z,14161.010329,19030041,1006387200,996036608
calibration-20260902-f,S1-50-r01,2026-09-01T15:46:38.024212295Z,14171.152162,19030245,1006387200,996036608
calibration-20260902-f,S1-50-r01,2026-09-01T15:46:38.033371931Z,14180.311799,19047753,1014185984,1003638784
calibration-20260902-f,S1-50-r01,2026-09-01T15:46:38.043590227Z,14190.530098,19085367,985911296,975556608
calibration-20260902-f,S1-50-r01,2026-09-01T15:46:38.054198906Z,14201.138774,19130084,1015271424,1004584960
calibration-20260902-f,S1-50-r01,2026-09-01T15:46:38.063394565Z,14210.334432,19130238,1015271424,1004584960
calibration-20260902-f,S1-50-r01,2026-09-01T15:46:38.073582116Z,14220.521984,19130427,1015271424,1004482560
calibration-20260902-f,S1-50-r01,2026-09-01T15:46:38.083793885Z,14230.733752,19130632,1015271424,1004482560
calibration-20260902-f,S1-50-r01,2026-09-01T15:46:38.093916475Z,14240.856342,19130810,1015271424,1004482560
calibration-20260902-f,S1-50-r01,2026-09-01T15:46:38.104056451Z,14250.996318,19130980,1015271424,1004482560
calibration-20260902-f,S1-50-r01,2026-09-01T15:46:38.12942843Z,14276.368297,19131279,1015500800,1004744704
calibration-20260902-f,S1-50-r01,2026-09-01T15:46:38.133313019Z,14280.252886,19148377,969535488,958873600
calibration-20260902-f,S1-50-r01,2026-09-01T15:46:38.144198534Z,14291.138396,19184633,998207488,987856896
calibration-20260902-f,S1-50-r01,2026-09-01T15:46:38.153408904Z,14300.348773,19229325,1001648128,990904320
calibration-20260902-f,S1-50-r01,2026-09-01T15:46:38.163655465Z,14310.595332,19229557,1001648128,990900224
calibration-20260902-f,S1-50-r01,2026-09-01T15:46:38.173794038Z,14320.733905,19229738,1001648128,990900224
calibration-20260902-f,S1-50-r01,2026-09-01T15:46:38.183979271Z,14330.919138,19229956,1001648128,990900224
calibration-20260902-f,S1-50-r01,2026-09-01T15:46:38.194115475Z,14341.055343,19230122,1001648128,990900224
calibration-20260902-f,S1-50-r01,2026-09-01T15:46:38.204266024Z,14351.205891,19230250,1001648128,990900224
calibration-20260902-f,S1-50-r01,2026-09-01T15:46:38.213477889Z,14360.417756,19230428,1001648128,990900224
calibration-20260902-f,S1-50-r01,2026-09-01T15:46:38.223609288Z,14370.549155,19230526,1001648128,990900224
calibration-20260902-f,S1-50-r01,2026-09-01T15:46:38.233720074Z,14380.659942,19247794,1001648128,990900224
calibration-20260902-f,S1-50-r01,2026-09-01T15:46:38.243955179Z,14390.895047,19283696,1001648128,990359552
calibration-20260902-f,S1-50-r01,2026-09-01T15:46:38.254191063Z,14401.130930,19323958,1001648128,990617600
calibration-20260902-f,S1-50-r01,2026-09-01T15:46:38.263435447Z,14410.375314,19328655,1001648128,990617600
calibration-20260902-f,S1-50-r01,2026-09-01T15:46:38.273577375Z,14420.517242,19328811,1001648128,990617600
calibration-20260902-f,S1-50-r01,2026-09-01T15:46:38.283785219Z,14430.725087,19329015,1001648128,990617600
calibration-20260902-f,S1-50-r01,2026-09-01T15:46:38.29391068Z,14440.850547,19329202,1001648128,990617600
calibration-20260902-f,S1-50-r01,2026-09-01T15:46:38.304083277Z,14451.023145,19329398,1001648128,990617600
calibration-20260902-f,S1-50-r01,2026-09-01T15:46:38.314202415Z,14461.142282,19329576,1001648128,990617600
calibration-20260902-f,S1-50-r01,2026-09-01T15:46:38.323386003Z,14470.325870,19329703,1001648128,990617600
calibration-20260902-f,S1-50-r01,2026-09-01T15:46:38.3340416Z,14480.981467,19346901,1001648128,990617600
calibration-20260902-f,S1-50-r01,2026-09-01T15:46:38.344283819Z,14491.223686,19382747,1001648128,990617600
calibration-20260902-f,S1-50-r01,2026-09-01T15:46:38.353540424Z,14500.480292,19427394,1001648128,990617600
calibration-20260902-f,S1-50-r01,2026-09-01T15:46:38.363742022Z,14510.681889,19432011,1001648128,990617600
calibration-20260902-f,S1-50-r01,2026-09-01T15:46:38.429439387Z,14576.379254,19432160,1001648128,990617600
calibration-20260902-f,S1-50-r01,2026-09-01T15:46:38.433648342Z,14580.588210,19449374,1001648128,990617600
calibration-20260902-f,S1-50-r01,2026-09-01T15:46:38.443846182Z,14590.786049,19485127,1001648128,990617600
calibration-20260902-f,S1-50-r01,2026-09-01T15:46:38.454124359Z,14601.064227,19525394,1001648128,990617600
calibration-20260902-f,S1-50-r01,2026-09-01T15:46:38.464245989Z,14611.185857,19530082,1001648128,990617600
calibration-20260902-f,S1-50-r01,2026-09-01T15:46:38.473415441Z,14620.355308,19530226,1001648128,990617600
calibration-20260902-f,S1-50-r01,2026-09-01T15:46:38.483577215Z,14630.517082,19530340,1001648128,990617600
calibration-20260902-f,S1-50-r01,2026-09-01T15:46:38.49377704Z,14640.716908,19530511,1001648128,990617600
calibration-20260902-f,S1-50-r01,2026-09-01T15:46:38.503975779Z,14650.915647,19530667,1001648128,990617600
calibration-20260902-f,S1-50-r01,2026-09-01T15:46:38.514141332Z,14661.081200,19530789,1001648128,990617600
calibration-20260902-f,S1-50-r01,2026-09-01T15:46:38.529412045Z,14676.351912,19530891,1001648128,990617600
calibration-20260902-f,S1-50-r01,2026-09-01T15:46:38.533245448Z,14680.185311,19548079,1004171264,993501184
calibration-20260902-f,S1-50-r01,2026-09-01T15:46:38.543658342Z,14690.598210,19584517,1040642048,1029918720
calibration-20260902-f,S1-50-r01,2026-09-01T15:46:38.55390619Z,14700.846057,19629788,1064267776,1053249536
calibration-20260902-f,S1-50-r01,2026-09-01T15:46:38.564084722Z,14711.024589,19630011,1064267776,1053507584
calibration-20260902-f,S1-50-r01,2026-09-01T15:46:38.573241709Z,14720.181578,19630178,1064267776,1053507584
calibration-20260902-f,S1-50-r01,2026-09-01T15:46:38.583442901Z,14730.382769,19630337,1064267776,1053507584
calibration-20260902-f,S1-50-r01,2026-09-01T15:46:38.593587366Z,14740.527235,19630497,1064267776,1053507584
calibration-20260902-f,S1-50-r01,2026-09-01T15:46:38.603722832Z,14750.662700,19630656,1064267776,1053507584
calibration-20260902-f,S1-50-r01,2026-09-01T15:46:38.613843401Z,14760.783269,19630780,1064267776,1053507584
calibration-20260902-f,S1-50-r01,2026-09-01T15:46:38.624005539Z,14770.945407,19630857,1064267776,1053507584
calibration-20260902-f,S1-50-r01,2026-09-01T15:46:38.634166344Z,14781.106207,19648320,1029804032,1019146240
calibration-20260902-f,S1-50-r01,2026-09-01T15:46:38.643240931Z,14790.180794,19686315,1051365376,1040834560
calibration-20260902-f,S1-50-r01,2026-09-01T15:46:38.653419551Z,14800.359419,19725773,1051365376,1040740352
calibration-20260902-f,S1-50-r01,2026-09-01T15:46:38.663590615Z,14810.530482,19725968,1051365376,1040740352
calibration-20260902-f,S1-50-r01,2026-09-01T15:46:38.673730825Z,14820.670692,19726170,1051365376,1040740352
calibration-20260902-f,S1-50-r01,2026-09-01T15:46:38.683868809Z,14830.808677,19726332,1051365376,1040740352
calibration-20260902-f,S1-50-r01,2026-09-01T15:46:38.694023838Z,14840.963706,19726559,1051365376,1040564224
calibration-20260902-f,S1-50-r01,2026-09-01T15:46:38.70421526Z,14851.155127,19726783,1051365376,1040826368
calibration-20260902-f,S1-50-r01,2026-09-01T15:46:38.713358231Z,14860.298099,19726977,1051365376,1040826368
calibration-20260902-f,S1-50-r01,2026-09-01T15:46:38.723508026Z,14870.447894,19727160,1051365376,1040826368
calibration-20260902-f,S1-50-r01,2026-09-01T15:46:38.733736655Z,14880.676525,19744883,1051365376,1040826368
calibration-20260902-f,S1-50-r01,2026-09-01T15:46:38.744014082Z,14890.953950,19780756,1051365376,1040826368
calibration-20260902-f,S1-50-r01,2026-09-01T15:46:38.754264974Z,14901.204841,19821115,1051365376,1040826368
calibration-20260902-f,S1-50-r01,2026-09-01T15:46:38.763491732Z,14910.431599,19825773,1051365376,1040826368
calibration-20260902-f,S1-50-r01,2026-09-01T15:46:38.77364107Z,14920.580938,19825934,1051365376,1040826368
calibration-20260902-f,S1-50-r01,2026-09-01T15:46:38.783784396Z,14930.724263,19826082,1051365376,1040826368
calibration-20260902-f,S1-50-r01,2026-09-01T15:46:38.793986679Z,14940.926548,19826293,1051365376,1040826368
calibration-20260902-f,S1-50-r01,2026-09-01T15:46:38.804148307Z,14951.088170,19826510,1051365376,1040826368
calibration-20260902-f,S1-50-r01,2026-09-01T15:46:38.814279852Z,14961.219720,19826585,1051365376,1040826368
calibration-20260902-f,S1-50-r01,2026-09-01T15:46:38.823430234Z,14970.370102,19826662,1051365376,1040826368
calibration-20260902-f,S1-50-r01,2026-09-01T15:46:38.833540112Z,14980.479980,19843766,1051365376,1040826368
calibration-20260902-f,S1-50-r01,2026-09-01T15:46:38.84342258Z,14990.362447,19880295,1003134976,992497664
calibration-20260902-f,S1-50-r01,2026-09-01T15:46:38.85355904Z,15000.498908,19925098,1003134976,992497664
calibration-20260902-f,S1-50-r01,2026-09-01T15:46:38.863811353Z,15010.751220,19929758,1003134976,992403456
calibration-20260902-f,S1-50-r01,2026-09-01T15:46:38.874031416Z,15020.971284,19929996,1003134976,992403456
calibration-20260902-f,S1-50-r01,2026-09-01T15:46:38.884187114Z,15031.126981,19930251,1003134976,992403456
calibration-20260902-f,S1-50-r01,2026-09-01T15:46:38.893295981Z,15040.235850,19930419,1003134976,992403456
calibration-20260902-f,S1-50-r01,2026-09-01T15:46:38.903491686Z,15050.431553,19930560,1003134976,992219136
calibration-20260902-f,S1-50-r01,2026-09-01T15:46:38.913702301Z,15060.642169,19930717,1003134976,992477184
calibration-20260902-f,S1-50-r01,2026-09-01T15:46:38.923865371Z,15070.805238,19930907,1003134976,992477184
calibration-20260902-f,S1-50-r01,2026-09-01T15:46:38.933979354Z,15080.919222,19948142,1003134976,992477184
calibration-20260902-f,S1-50-r01,2026-09-01T15:46:38.944189092Z,15091.128959,19983941,1003134976,992477184
calibration-20260902-f,S1-50-r01,2026-09-01T15:46:38.953387452Z,15100.327319,20024130,1003134976,992477184
calibration-20260902-f,S1-50-r01,2026-09-01T15:46:38.96360264Z,15110.542507,20028731,1003134976,992477184
calibration-20260902-f,S1-50-r01,2026-09-01T15:46:38.973736042Z,15120.675910,20028887,1003134976,992477184
calibration-20260902-f,S1-50-r01,2026-09-01T15:46:38.983918752Z,15130.858619,20029016,1003134976,992477184
calibration-20260902-f,S1-50-r01,2026-09-01T15:46:38.994079554Z,15141.019421,20029139,1003134976,992477184
calibration-20260902-f,S1-50-r01,2026-09-01T15:46:39.004285934Z,15151.225809,20029274,1003134976,992219136
calibration-20260902-f,S1-50-r01,2026-09-01T15:46:39.013416381Z,15160.356249,20029419,1003134976,992477184
calibration-20260902-f,S1-50-r01,2026-09-01T15:46:39.023613542Z,15170.553410,20029562,1003134976,992477184
calibration-20260902-f,S1-50-r01,2026-09-01T15:46:39.033716214Z,15180.656082,20046746,1003134976,992477184
calibration-20260902-f,S1-50-r01,2026-09-01T15:46:39.044111401Z,15191.051268,20082978,1017126912,1006891008
calibration-20260902-f,S1-50-r01,2026-09-01T15:46:39.053260229Z,15200.200096,20123424,1025155072,1015017472
calibration-20260902-f,S1-50-r01,2026-09-01T15:46:39.063510598Z,15210.450465,20128108,1025155072,1015017472
calibration-20260902-f,S1-50-r01,2026-09-01T15:46:39.073679772Z,15220.619639,20128291,1025155072,1015017472
calibration-20260902-f,S1-50-r01,2026-09-01T15:46:39.083921396Z,15230.861265,20128500,1025155072,1015017472
calibration-20260902-f,S1-50-r01,2026-09-01T15:46:39.09412338Z,15241.063248,20128679,1025155072,1015017472
calibration-20260902-f,S1-50-r01,2026-09-01T15:46:39.103301585Z,15250.241452,20128800,1025155072,1014775808
calibration-20260902-f,S1-50-r01,2026-09-01T15:46:39.129428051Z,15276.367918,20129040,1025384448,1014743040
calibration-20260902-f,S1-50-r01,2026-09-01T15:46:39.133550795Z,15280.490662,20146469,1032495104,1022341120
calibration-20260902-f,S1-50-r01,2026-09-01T15:46:39.143761662Z,15290.701529,20185246,1051303936,1040920576
calibration-20260902-f,S1-50-r01,2026-09-01T15:46:39.153649791Z,15300.589659,20227411,1051992064,1041707008
calibration-20260902-f,S1-50-r01,2026-09-01T15:46:39.163860549Z,15310.800418,20227713,1051992064,1041707008
calibration-20260902-f,S1-50-r01,2026-09-01T15:46:39.174035869Z,15320.975736,20227910,1051992064,1041707008
calibration-20260902-f,S1-50-r01,2026-09-01T15:46:39.183241724Z,15330.181591,20228152,1051992064,1041965056
calibration-20260902-f,S1-50-r01,2026-09-01T15:46:39.193414515Z,15340.354382,20228309,1051992064,1041965056
calibration-20260902-f,S1-50-r01,2026-09-01T15:46:39.203546289Z,15350.486157,20228461,1051992064,1041829888
calibration-20260902-f,S1-50-r01,2026-09-01T15:46:39.213630851Z,15360.570718,20228618,1051992064,1041829888
calibration-20260902-f,S1-50-r01,2026-09-01T15:46:39.223815041Z,15370.754909,20228764,1051992064,1041829888
calibration-20260902-f,S1-50-r01,2026-09-01T15:46:39.233944143Z,15380.884010,20246039,1051992064,1042092032
calibration-20260902-f,S1-50-r01,2026-09-01T15:46:39.244178109Z,15391.117976,20282048,1065295872,1055125504
calibration-20260902-f,S1-50-r01,2026-09-01T15:46:39.253639378Z,15400.579245,20323421,1025286144,1015189504
calibration-20260902-f,S1-50-r01,2026-09-01T15:46:39.263842372Z,15410.782239,20323599,1025286144,1015189504
calibration-20260902-f,S1-50-r01,2026-09-01T15:46:39.274019121Z,15420.958988,20323803,1025286144,1015091200
calibration-20260902-f,S1-50-r01,2026-09-01T15:46:39.284211922Z,15431.151790,20324033,1025286144,1015091200
calibration-20260902-f,S1-50-r01,2026-09-01T15:46:39.293450065Z,15440.389933,20324266,1025286144,1015091200
calibration-20260902-f,S1-50-r01,2026-09-01T15:46:39.30360755Z,15450.547418,20324436,1025286144,1015021568
calibration-20260902-f,S1-50-r01,2026-09-01T15:46:39.313680704Z,15460.620567,20324665,1025286144,1015021568
calibration-20260902-f,S1-50-r01,2026-09-01T15:46:39.329458004Z,15476.397872,20324738,1025515520,1015283712
calibration-20260902-f,S1-50-r01,2026-09-01T15:46:39.333939855Z,15480.879739,20338092,1032626176,1022361600
calibration-20260902-f,S1-50-r01,2026-09-01T15:46:39.344092596Z,15491.032463,20365835,1051205632,1040973824
calibration-20260902-f,S1-50-r01,2026-09-01T15:46:39.353661247Z,15500.601110,20402775,938426368,928104448
calibration-20260902-f,S1-50-r01,2026-09-01T15:46:39.363869929Z,15510.809796,20416358,938426368,928104448
calibration-20260902-f,S1-50-r01,2026-09-01T15:46:39.374093605Z,15521.033472,20421075,938426368,927879168
calibration-20260902-f,S1-50-r01,2026-09-01T15:46:39.384256537Z,15531.196404,20421362,938426368,927879168
calibration-20260902-f,S1-50-r01,2026-09-01T15:46:39.393403155Z,15540.343017,20421433,938426368,927879168
calibration-20260902-f,S1-50-r01,2026-09-01T15:46:39.403575196Z,15550.515057,20421512,938426368,927801344
calibration-20260902-f,S1-50-r01,2026-09-01T15:46:39.413676294Z,15560.616157,20421595,938426368,927801344
calibration-20260902-f,S1-50-r01,2026-09-01T15:46:39.423837586Z,15570.777453,20421673,938426368,927801344
calibration-20260902-f,S1-50-r01,2026-09-01T15:46:39.434006535Z,15580.946402,20430269,938426368,927801344
calibration-20260902-f,S1-50-r01,2026-09-01T15:46:39.444236479Z,15591.176349,20448259,938426368,927801344
calibration-20260902-f,S1-50-r01,2026-09-01T15:46:39.453384991Z,15600.324858,20475150,938426368,927801344
calibration-20260902-f,S1-50-r01,2026-09-01T15:46:39.463547766Z,15610.487635,20493105,938426368,927801344
calibration-20260902-f,S1-50-r01,2026-09-01T15:46:39.473668564Z,15620.608431,20519993,938426368,927801344
calibration-20260902-f,S1-50-r01,2026-09-01T15:46:39.483828871Z,15630.768739,20520178,938426368,927801344
calibration-20260902-f,S1-50-r01,2026-09-01T15:46:39.493947342Z,15640.887209,20520298,938426368,927801344
calibration-20260902-f,S1-50-r01,2026-09-01T15:46:39.504094427Z,15651.034295,20520417,938426368,927801344
calibration-20260902-f,S1-50-r01,2026-09-01T15:46:39.514287946Z,15661.227814,20520546,938426368,927801344
calibration-20260902-f,S1-50-r01,2026-09-01T15:46:39.523432632Z,15670.372499,20520661,938426368,927801344
calibration-20260902-f,S1-50-r01,2026-09-01T15:46:39.53355749Z,15680.497357,20529353,938426368,927801344
calibration-20260902-f,S1-50-r01,2026-09-01T15:46:39.543754417Z,15690.694286,20547309,938426368,927801344
calibration-20260902-f,S1-50-r01,2026-09-01T15:46:39.55399021Z,15700.930078,20574385,938426368,927801344
calibration-20260902-f,S1-50-r01,2026-09-01T15:46:39.56418536Z,15711.125228,20592351,938426368,927801344
calibration-20260902-f,S1-50-r01,2026-09-01T15:46:39.573312238Z,15720.252100,20616406,890306560,879419392
calibration-20260902-f,S1-50-r01,2026-09-01T15:46:39.583484171Z,15730.424039,20616739,890306560,879419392
calibration-20260902-f,S1-50-r01,2026-09-01T15:46:39.593662939Z,15740.602807,20616891,890306560,879325184
calibration-20260902-f,S1-50-r01,2026-09-01T15:46:39.603806935Z,15750.746802,20617024,890306560,879325184
calibration-20260902-f,S1-50-r01,2026-09-01T15:46:39.613905777Z,15760.845645,20617169,890306560,879325184
calibration-20260902-f,S1-50-r01,2026-09-01T15:46:39.624055345Z,15770.995214,20617332,890306560,879325184
calibration-20260902-f,S1-50-r01,2026-09-01T15:46:39.634227166Z,15781.167033,20621769,890306560,879325184
calibration-20260902-f,S1-50-r01,2026-09-01T15:46:39.643379083Z,15790.318951,20630819,890306560,879325184
calibration-20260902-f,S1-50-r01,2026-09-01T15:46:39.653470656Z,15800.410523,20644649,891453440,880857088
calibration-20260902-f,S1-50-r01,2026-09-01T15:46:39.663631466Z,15810.571334,20653742,891453440,880857088
calibration-20260902-f,S1-50-r01,2026-09-01T15:46:39.673720382Z,15820.660250,20667266,891453440,880857088
calibration-20260902-f,S1-50-r01,2026-09-01T15:46:39.678640781Z,15825.580647,20671281,843268096,832790528
calibration-20260902-f,S2-50-r01,2026-09-01T15:46:39.935699383Z,0.071036,20915092,59416576,48668672
calibration-20260902-f,S2-50-r01,2026-09-01T15:46:39.949026782Z,13.398423,20919471,63545344,52912128
calibration-20260902-f,S2-50-r01,2026-09-01T15:46:39.966066562Z,30.438203,20919471,63774720,53174272
calibration-20260902-f,S2-50-r01,2026-09-01T15:46:39.97611536Z,40.487007,20929732,94281728,83582976
calibration-20260902-f,S2-50-r01,2026-09-01T15:46:39.986292836Z,50.664482,20943201,114696192,104026112
calibration-20260902-f,S2-50-r01,2026-09-01T15:46:39.996504257Z,60.875902,20952294,114696192,104026112
calibration-20260902-f,S2-50-r01,2026-09-01T15:46:40.006735389Z,71.107035,20965896,114696192,104026112
calibration-20260902-f,S2-50-r01,2026-09-01T15:46:40.015996727Z,80.368372,20975060,114696192,104026112
calibration-20260902-f,S2-50-r01,2026-09-01T15:46:40.026236897Z,90.608543,20988660,114696192,104026112
calibration-20260902-f,S2-50-r01,2026-09-01T15:46:40.036469812Z,100.841458,20997770,114925568,104026112
calibration-20260902-f,S2-50-r01,2026-09-01T15:46:40.04667505Z,111.046696,21011329,114925568,104026112
calibration-20260902-f,S2-50-r01,2026-09-01T15:46:40.055875656Z,120.247301,21020420,114925568,104026112
calibration-20260902-f,S2-50-r01,2026-09-01T15:46:40.066038723Z,130.410368,21033997,114925568,104026112
calibration-20260902-f,S2-50-r01,2026-09-01T15:46:40.076275488Z,140.647134,21043426,130064384,119230464
calibration-20260902-f,S2-50-r01,2026-09-01T15:46:40.08653677Z,150.908416,21057323,149102592,138104832
calibration-20260902-f,S2-50-r01,2026-09-01T15:46:40.096784424Z,161.156070,21068542,164929536,154357760
calibration-20260902-f,S2-50-r01,2026-09-01T15:46:40.106033409Z,170.405055,21080414,169058304,158019584
calibration-20260902-f,S2-50-r01,2026-09-01T15:46:40.116276576Z,180.648221,21089557,169058304,158019584
calibration-20260902-f,S2-50-r01,2026-09-01T15:46:40.126510107Z,190.881753,21094199,169058304,158019584
calibration-20260902-f,S2-50-r01,2026-09-01T15:46:40.136747967Z,201.119612,21098882,169517056,158281728
calibration-20260902-f,S2-50-r01,2026-09-01T15:46:40.146066305Z,210.437951,21112573,169517056,158539776
calibration-20260902-f,S2-50-r01,2026-09-01T15:46:40.156299247Z,220.670892,21121771,169517056,158539776
calibration-20260902-f,S2-50-r01,2026-09-01T15:46:40.16657253Z,230.944176,21135399,169746432,159064064
calibration-20260902-f,S2-50-r01,2026-09-01T15:46:40.176839589Z,241.211235,21144712,169746432,159064064
calibration-20260902-f,S2-50-r01,2026-09-01T15:46:40.186087246Z,250.458892,21158420,169746432,159064064
calibration-20260902-f,S2-50-r01,2026-09-01T15:46:40.196374833Z,260.746479,21167652,170205184,159326208
calibration-20260902-f,S2-50-r01,2026-09-01T15:46:40.20660806Z,270.979706,21181304,170205184,159326208
calibration-20260902-f,S2-50-r01,2026-09-01T15:46:40.215851446Z,280.223092,21190501,170434560,159260672
calibration-20260902-f,S2-50-r01,2026-09-01T15:46:40.226113184Z,290.484830,21195251,170434560,159260672
calibration-20260902-f,S2-50-r01,2026-09-01T15:46:40.236388325Z,300.759970,21199901,170434560,159260672
calibration-20260902-f,S2-50-r01,2026-09-01T15:46:40.246612789Z,310.984429,21213957,172498944,161357824
calibration-20260902-f,S2-50-r01,2026-09-01T15:46:40.256865398Z,321.237045,21223141,172957696,161882112
calibration-20260902-f,S2-50-r01,2026-09-01T15:46:40.266099462Z,330.471108,21236734,173645824,162668544
calibration-20260902-f,S2-50-r01,2026-09-01T15:46:40.275795065Z,340.166704,21249564,124657664,113659904
calibration-20260902-f,S2-50-r01,2026-09-01T15:46:40.276152573Z,340.524213,21249564,121507840,110682112
calibration-20260902-f,S2-100-r01,2026-09-01T15:46:40.568881928Z,0.069658,21471709,59932672,49291264
calibration-20260902-f,S2-100-r01,2026-09-01T15:46:40.593325245Z,24.512956,21502325,114524160,103612416
calibration-20260902-f,S2-100-r01,2026-09-01T15:46:40.621305546Z,52.493256,21527300,114753536,104136704
calibration-20260902-f,S2-100-r01,2026-09-01T15:46:40.629400587Z,60.588298,21530423,114753536,104390656
calibration-20260902-f,S2-100-r01,2026-09-01T15:46:40.639549514Z,70.737223,21539281,114753536,104390656
calibration-20260902-f,S2-100-r01,2026-09-01T15:46:40.64969103Z,80.878739,21552761,114753536,104390656
calibration-20260902-f,S2-100-r01,2026-09-01T15:46:40.6598863Z,91.074010,21561803,114753536,104390656
calibration-20260902-f,S2-100-r01,2026-09-01T15:46:40.668993956Z,100.181665,21570798,114753536,104390656
calibration-20260902-f,S2-100-r01,2026-09-01T15:46:40.679190508Z,110.378217,21584271,114753536,104390656
calibration-20260902-f,S2-100-r01,2026-09-01T15:46:40.689361483Z,120.549193,21597838,118423552,108322816
calibration-20260902-f,S2-100-r01,2026-09-01T15:46:40.699556323Z,130.744032,21607089,137920512,127721472
calibration-20260902-f,S2-100-r01,2026-09-01T15:46:40.709737576Z,140.925286,21620812,156729344,146595840
calibration-20260902-f,S2-100-r01,2026-09-01T15:46:40.71995567Z,151.143380,21630090,167739392,157605888
calibration-20260902-f,S2-100-r01,2026-09-01T15:46:40.729197032Z,160.384742,21630295,167739392,157605888
calibration-20260902-f,S2-100-r01,2026-09-01T15:46:40.739360203Z,170.547912,21639222,168886272,158654464
calibration-20260902-f,S2-100-r01,2026-09-01T15:46:40.749595423Z,180.783132,21652790,168886272,158654464
calibration-20260902-f,S2-100-r01,2026-09-01T15:46:40.759787402Z,190.975111,21661883,169345024,159178752
calibration-20260902-f,S2-100-r01,2026-09-01T15:46:40.770013561Z,201.201270,21675561,169345024,159178752
calibration-20260902-f,S2-100-r01,2026-09-01T15:46:40.779288557Z,210.476271,21684905,169345024,159178752
calibration-20260902-f,S2-100-r01,2026-09-01T15:46:40.789664668Z,220.852383,21698743,169574400,159440896
calibration-20260902-f,S2-100-r01,2026-09-01T15:46:40.799876538Z,231.064247,21708004,169574400,159440896
calibration-20260902-f,S2-100-r01,2026-09-01T15:46:40.808997048Z,240.184758,21717085,170033152,159703040
calibration-20260902-f,S2-100-r01,2026-09-01T15:46:40.81914693Z,250.334640,21730667,170033152,159703040
calibration-20260902-f,S2-100-r01,2026-09-01T15:46:40.829327135Z,260.514844,21730879,170033152,159703040
calibration-20260902-f,S2-100-r01,2026-09-01T15:46:40.839497668Z,270.685377,21739806,170033152,159703040
calibration-20260902-f,S2-100-r01,2026-09-01T15:46:40.849688174Z,280.875884,21753419,170491904,160227328
calibration-20260902-f,S2-100-r01,2026-09-01T15:46:40.859929789Z,291.117499,21762569,170491904,160227328
calibration-20260902-f,S2-100-r01,2026-09-01T15:46:40.869145024Z,300.332728,21772254,172785664,162586624
calibration-20260902-f,S2-100-r01,2026-09-01T15:46:40.879385029Z,310.572738,21785792,173703168,163635200
calibration-20260902-f,S2-100-r01,2026-09-01T15:46:40.889017654Z,320.205358,21795704,126181376,122040320
calibration-20260902-f,S2-100-r01,2026-09-01T15:46:40.895996192Z,327.183900,21814003,128409600,117891072
calibration-20260902-f,S1-100-r01,2026-09-01T15:46:41.136159517Z,0.071158,22035748,59318272,46751744
calibration-20260902-f,S1-100-r01,2026-09-01T15:46:41.185322804Z,49.234445,22038503,61612032,48386048
calibration-20260902-f,S1-100-r01,2026-09-01T15:46:41.186236942Z,50.148582,22039093,62758912,49696768
calibration-20260902-f,S1-100-r01,2026-09-01T15:46:41.204796273Z,68.707916,22052434,79044608,66736128
calibration-20260902-f,S1-100-r01,2026-09-01T15:46:41.212339739Z,76.251374,22052450,79732736,66998272
calibration-20260902-f,S1-100-r01,2026-09-01T15:46:41.216704136Z,80.615772,22073509,117121024,106217472
calibration-20260902-f,S1-100-r01,2026-09-01T15:46:41.229955274Z,93.866910,22141080,259563520,250343424
calibration-20260902-f,S1-100-r01,2026-09-01T15:46:41.236693051Z,100.604694,22203422,370810880,362803200
calibration-20260902-f,S1-100-r01,2026-09-01T15:46:41.431856973Z,295.768616,22362353,567156736,557940736
calibration-20260902-f,S1-100-r01,2026-09-01T15:46:41.431995423Z,295.907066,22362364,567386112,558989312
calibration-20260902-f,S1-100-r01,2026-09-01T15:46:41.529710395Z,393.622042,22445011,596516864,589230080
calibration-20260902-f,S1-100-r01,2026-09-01T15:46:41.536929302Z,400.840943,22496937,665788416,656773120
calibration-20260902-f,S1-100-r01,2026-09-01T15:46:41.546287989Z,410.199631,22537172,665788416,656773120
calibration-20260902-f,S1-100-r01,2026-09-01T15:46:41.556454416Z,420.366057,22541813,665788416,656773120
calibration-20260902-f,S1-100-r01,2026-09-01T15:46:41.566649196Z,430.560837,22541987,665788416,656773120
calibration-20260902-f,S1-100-r01,2026-09-01T15:46:41.576843787Z,440.755428,22542136,665788416,656773120
calibration-20260902-f,S1-100-r01,2026-09-01T15:46:41.587028903Z,450.940543,22542268,665788416,656773120
calibration-20260902-f,S1-100-r01,2026-09-01T15:46:41.597149391Z,461.061032,22542385,665788416,657035264
calibration-20260902-f,S1-100-r01,2026-09-01T15:46:41.60624822Z,470.159861,22542516,665788416,656531456
calibration-20260902-f,S1-100-r01,2026-09-01T15:46:41.616417248Z,480.328888,22542701,665788416,656789504
calibration-20260902-f,S1-100-r01,2026-09-01T15:46:41.626586983Z,490.498624,22542841,665788416,656789504
calibration-20260902-f,S1-100-r01,2026-09-01T15:46:41.636765781Z,500.677421,22559974,665788416,656785408
calibration-20260902-f,S1-100-r01,2026-09-01T15:46:41.647007673Z,510.919314,22613515,665788416,657047552
calibration-20260902-f,S1-100-r01,2026-09-01T15:46:41.657171456Z,521.083096,22644787,665788416,657047552
calibration-20260902-f,S1-100-r01,2026-09-01T15:46:41.729428643Z,593.340284,22645050,665788416,657002496
calibration-20260902-f,S1-100-r01,2026-09-01T15:46:41.736655563Z,600.567204,22662251,665788416,657002496
calibration-20260902-f,S1-100-r01,2026-09-01T15:46:41.746850945Z,610.762587,22715925,670375936,661221376
calibration-20260902-f,S1-100-r01,2026-09-01T15:46:41.757099784Z,621.011425,22738548,686891008,677998592
calibration-20260902-f,S1-100-r01,2026-09-01T15:46:41.767272621Z,631.184261,22738777,686891008,677998592
calibration-20260902-f,S1-100-r01,2026-09-01T15:46:41.776518163Z,640.429804,22738972,686891008,677998592
calibration-20260902-f,S1-100-r01,2026-09-01T15:46:41.786755882Z,650.667522,22739207,686891008,677998592
calibration-20260902-f,S1-100-r01,2026-09-01T15:46:41.797003561Z,660.915201,22739410,686891008,677998592
calibration-20260902-f,S1-100-r01,2026-09-01T15:46:41.807246153Z,671.157792,22739638,686891008,677998592
calibration-20260902-f,S1-100-r01,2026-09-01T15:46:41.816535941Z,680.447581,22739877,686891008,677859328
calibration-20260902-f,S1-100-r01,2026-09-01T15:46:41.826753811Z,690.665452,22740168,686891008,677859328
calibration-20260902-f,S1-100-r01,2026-09-01T15:46:41.83697914Z,700.890780,22757899,735518720,726880256
calibration-20260902-f,S1-100-r01,2026-09-01T15:46:41.847152861Z,711.064502,22812884,802267136,794251264
calibration-20260902-f,S1-100-r01,2026-09-01T15:46:41.856429387Z,720.341028,22834945,824057856,816271360
calibration-20260902-f,S1-100-r01,2026-09-01T15:46:41.866665334Z,730.576974,22839631,825434112,817319936
calibration-20260902-f,S1-100-r01,2026-09-01T15:46:41.87680953Z,740.721170,22839809,825434112,817319936
calibration-20260902-f,S1-100-r01,2026-09-01T15:46:41.886983909Z,750.895549,22839973,825434112,817319936
calibration-20260902-f,S1-100-r01,2026-09-01T15:46:41.897164113Z,761.075754,22840131,825434112,817319936
calibration-20260902-f,S1-100-r01,2026-09-01T15:46:41.906271889Z,770.183529,22840306,825434112,817319936
calibration-20260902-f,S1-100-r01,2026-09-01T15:46:41.916402921Z,780.314560,22840438,825434112,817319936
calibration-20260902-f,S1-100-r01,2026-09-01T15:46:41.926536769Z,790.448409,22840561,825434112,817319936
calibration-20260902-f,S1-100-r01,2026-09-01T15:46:41.936450854Z,800.362489,22862051,867409920,859525120
calibration-20260902-f,S1-100-r01,2026-09-01T15:46:41.94671474Z,810.626375,22913566,904568832,896487424
calibration-20260902-f,S1-100-r01,2026-09-01T15:46:42.02944976Z,893.361400,22940835,909385728,900730880
calibration-20260902-f,S1-100-r01,2026-09-01T15:46:42.036744503Z,900.656168,22958377,920395776,911732736
calibration-20260902-f,S1-100-r01,2026-09-01T15:46:42.04692252Z,910.834186,23012387,920854528,912257024
calibration-20260902-f,S1-100-r01,2026-09-01T15:46:42.057178747Z,921.090388,23039656,920854528,912257024
calibration-20260902-f,S1-100-r01,2026-09-01T15:46:42.066435402Z,930.347042,23039827,920854528,912257024
calibration-20260902-f,S1-100-r01,2026-09-01T15:46:42.076647292Z,940.558932,23040094,920854528,912257024
calibration-20260902-f,S1-100-r01,2026-09-01T15:46:42.086890524Z,950.802164,23040265,920854528,912257024
calibration-20260902-f,S1-100-r01,2026-09-01T15:46:42.097032036Z,960.943677,23040424,920854528,912257024
calibration-20260902-f,S1-100-r01,2026-09-01T15:46:42.107224513Z,971.136154,23040592,920854528,912257024
calibration-20260902-f,S1-100-r01,2026-09-01T15:46:42.116417924Z,980.329565,23040765,920854528,912056320
calibration-20260902-f,S1-100-r01,2026-09-01T15:46:42.126545857Z,990.457497,23040920,921083904,912056320
calibration-20260902-f,S1-100-r01,2026-09-01T15:46:42.136687793Z,1000.599433,23058280,922001408,913104896
calibration-20260902-f,S1-100-r01,2026-09-01T15:46:42.146955365Z,1010.867006,23111991,922460160,913367040
calibration-20260902-f,S1-100-r01,2026-09-01T15:46:42.157198994Z,1021.110634,23143485,922689536,913891328
calibration-20260902-f,S1-100-r01,2026-09-01T15:46:42.166442391Z,1030.354033,23143665,922689536,913891328
calibration-20260902-f,S1-100-r01,2026-09-01T15:46:42.176688769Z,1040.600409,23143908,922689536,913891328
calibration-20260902-f,S1-100-r01,2026-09-01T15:46:42.186896695Z,1050.808336,23144138,922689536,913891328
calibration-20260902-f,S1-100-r01,2026-09-01T15:46:42.197055Z,1060.966635,23144423,922689536,914149376
calibration-20260902-f,S1-100-r01,2026-09-01T15:46:42.207212642Z,1071.124278,23144502,922689536,914149376
calibration-20260902-f,S1-100-r01,2026-09-01T15:46:42.216365987Z,1080.277622,23144565,922689536,914149376
calibration-20260902-f,S1-100-r01,2026-09-01T15:46:42.226515465Z,1090.427100,23144653,922689536,914149376
calibration-20260902-f,S1-100-r01,2026-09-01T15:46:42.236682386Z,1100.594026,23161887,922918912,914673664
calibration-20260902-f,S1-100-r01,2026-09-01T15:46:42.246833617Z,1110.745257,23215540,923377664,915197952
calibration-20260902-f,S1-100-r01,2026-09-01T15:46:42.257142351Z,1121.053997,23238034,923836416,915460096
calibration-20260902-f,S1-100-r01,2026-09-01T15:46:42.266503805Z,1130.415445,23242880,923836416,915460096
calibration-20260902-f,S1-100-r01,2026-09-01T15:46:42.329444066Z,1193.355706,23243161,923836416,915132416
calibration-20260902-f,S1-100-r01,2026-09-01T15:46:42.336698898Z,1200.610539,23260489,924295168,915394560
calibration-20260902-f,S1-100-r01,2026-09-01T15:46:42.346914896Z,1210.826535,23314103,925212672,916443136
calibration-20260902-f,S1-100-r01,2026-09-01T15:46:42.357143812Z,1221.055452,23336575,925671424,916705280
calibration-20260902-f,S1-100-r01,2026-09-01T15:46:42.36729078Z,1231.202420,23341182,925900800,916705280
calibration-20260902-f,S1-100-r01,2026-09-01T15:46:42.376455186Z,1240.366826,23341294,925900800,916705280
calibration-20260902-f,S1-100-r01,2026-09-01T15:46:42.386637655Z,1250.549295,23341564,925900800,916701184
calibration-20260902-f,S1-100-r01,2026-09-01T15:46:42.396791737Z,1260.703377,23341754,925900800,916701184
calibration-20260902-f,S1-100-r01,2026-09-01T15:46:42.429686715Z,1293.598356,23342079,925900800,916701184
calibration-20260902-f,S1-100-r01,2026-09-01T15:46:42.436830903Z,1300.742543,23359400,925900800,916701184
calibration-20260902-f,S1-100-r01,2026-09-01T15:46:42.446365058Z,1310.276694,23414730,927965184,918798336
calibration-20260902-f,S1-100-r01,2026-09-01T15:46:42.457062664Z,1320.974299,23436301,929570816,920371200
calibration-20260902-f,S1-100-r01,2026-09-01T15:46:42.467276151Z,1331.187791,23440933,929570816,920371200
calibration-20260902-f,S1-100-r01,2026-09-01T15:46:42.476483566Z,1340.395206,23441095,929570816,920371200
calibration-20260902-f,S1-100-r01,2026-09-01T15:46:42.486630334Z,1350.541969,23441267,929570816,920371200
calibration-20260902-f,S1-100-r01,2026-09-01T15:46:42.496809304Z,1360.720939,23441360,929570816,920629248
calibration-20260902-f,S1-100-r01,2026-09-01T15:46:42.506974892Z,1370.886532,23441445,929570816,920420352
calibration-20260902-f,S1-100-r01,2026-09-01T15:46:42.517112703Z,1381.024344,23441517,929570816,920420352
calibration-20260902-f,S1-100-r01,2026-09-01T15:46:42.527304871Z,1391.216506,23441604,929570816,920420352
calibration-20260902-f,S1-100-r01,2026-09-01T15:46:42.536510375Z,1400.422016,23458846,929570816,920420352
calibration-20260902-f,S1-100-r01,2026-09-01T15:46:42.5468469Z,1410.758541,23511751,883511296,874778624
calibration-20260902-f,S1-100-r01,2026-09-01T15:46:42.557021261Z,1420.932897,23538806,835559424,827043840
calibration-20260902-f,S1-100-r01,2026-09-01T15:46:42.567233601Z,1431.145242,23539077,835559424,826712064
calibration-20260902-f,S1-100-r01,2026-09-01T15:46:42.576424912Z,1440.336553,23539232,835559424,826712064
calibration-20260902-f,S1-100-r01,2026-09-01T15:46:42.586546553Z,1450.458194,23539476,835559424,826712064
calibration-20260902-f,S1-100-r01,2026-09-01T15:46:42.596801018Z,1460.712657,23539659,835559424,826712064
calibration-20260902-f,S1-100-r01,2026-09-01T15:46:42.606999483Z,1470.911124,23539893,835559424,826499072
calibration-20260902-f,S1-100-r01,2026-09-01T15:46:42.617127618Z,1481.039258,23540033,835559424,826499072
calibration-20260902-f,S1-100-r01,2026-09-01T15:46:42.627287778Z,1491.199418,23540162,835559424,826499072
calibration-20260902-f,S1-100-r01,2026-09-01T15:46:42.636291545Z,1500.203209,23558499,857350144,848449536
calibration-20260902-f,S1-100-r01,2026-09-01T15:46:42.647100445Z,1511.012087,23613464,852086784,843898880
calibration-20260902-f,S1-100-r01,2026-09-01T15:46:42.656288752Z,1520.200393,23640331,872960000,864608256
calibration-20260902-f,S1-100-r01,2026-09-01T15:46:42.66646046Z,1530.372100,23640565,872960000,864608256
calibration-20260902-f,S1-100-r01,2026-09-01T15:46:42.676678291Z,1540.589931,23640774,872960000,864514048
calibration-20260902-f,S1-100-r01,2026-09-01T15:46:42.686823165Z,1550.734806,23641049,872960000,864514048
calibration-20260902-f,S1-100-r01,2026-09-01T15:46:42.697019554Z,1560.931195,23641356,872960000,864514048
calibration-20260902-f,S1-100-r01,2026-09-01T15:46:42.729436563Z,1593.348203,23641632,873418752,864784384
calibration-20260902-f,S1-100-r01,2026-09-01T15:46:42.736780412Z,1600.692054,23659951,854888448,846077952
calibration-20260902-f,S1-100-r01,2026-09-01T15:46:42.74700352Z,1610.915160,23713539,885854208,877010944
calibration-20260902-f,S1-100-r01,2026-09-01T15:46:42.757229129Z,1621.140769,23740542,885854208,876912640
calibration-20260902-f,S1-100-r01,2026-09-01T15:46:42.766429757Z,1630.341397,23740757,885854208,876912640
calibration-20260902-f,S1-100-r01,2026-09-01T15:46:42.776559977Z,1640.471617,23740995,885854208,876912640
calibration-20260902-f,S1-100-r01,2026-09-01T15:46:42.786706799Z,1650.618439,23741219,885854208,876912640
calibration-20260902-f,S1-100-r01,2026-09-01T15:46:42.796922968Z,1660.834609,23741431,885854208,876912640
calibration-20260902-f,S1-100-r01,2026-09-01T15:46:42.807143528Z,1671.055168,23741674,885854208,876675072
calibration-20260902-f,S1-100-r01,2026-09-01T15:46:42.816341006Z,1680.252648,23741829,885854208,876675072
calibration-20260902-f,S1-100-r01,2026-09-01T15:46:42.826473395Z,1690.385036,23741973,885854208,876675072
calibration-20260902-f,S1-100-r01,2026-09-01T15:46:42.83661211Z,1700.523750,23759085,885854208,876789760
calibration-20260902-f,S1-100-r01,2026-09-01T15:46:42.846907014Z,1710.818653,23812640,885854208,876789760
calibration-20260902-f,S1-100-r01,2026-09-01T15:46:42.857077042Z,1720.988682,23835037,885854208,876789760
calibration-20260902-f,S1-100-r01,2026-09-01T15:46:42.866282001Z,1730.193641,23839697,885854208,876789760
calibration-20260902-f,S1-100-r01,2026-09-01T15:46:42.876422406Z,1740.334046,23839850,885854208,876789760
calibration-20260902-f,S1-100-r01,2026-09-01T15:46:42.886579235Z,1750.490876,23839975,885854208,876789760
calibration-20260902-f,S1-100-r01,2026-09-01T15:46:42.896721602Z,1760.633242,23840084,885854208,876789760
calibration-20260902-f,S1-100-r01,2026-09-01T15:46:42.906864462Z,1770.776103,23840241,885854208,876789760
calibration-20260902-f,S1-100-r01,2026-09-01T15:46:42.929413978Z,1793.325617,23840333,885854208,876789760
calibration-20260902-f,S1-100-r01,2026-09-01T15:46:42.936578698Z,1800.490338,23857438,885854208,876785664
calibration-20260902-f,S1-100-r01,2026-09-01T15:46:42.946807921Z,1810.719561,23911126,889294848,880193536
calibration-20260902-f,S1-100-r01,2026-09-01T15:46:42.956976634Z,1820.888273,23938204,900304896,891461632
calibration-20260902-f,S1-100-r01,2026-09-01T15:46:42.967221091Z,1831.132732,23942866,900304896,891461632
calibration-20260902-f,S1-100-r01,2026-09-01T15:46:42.976425849Z,1840.337489,23943024,900304896,891461632
calibration-20260902-f,S1-100-r01,2026-09-01T15:46:42.986534067Z,1850.445707,23943168,900304896,891236352
calibration-20260902-f,S1-100-r01,2026-09-01T15:46:42.996685685Z,1860.597325,23943260,900304896,891236352
calibration-20260902-f,S1-100-r01,2026-09-01T15:46:43.006856355Z,1870.767990,23943348,900304896,891236352
calibration-20260902-f,S1-100-r01,2026-09-01T15:46:43.01700558Z,1880.917215,23943431,900304896,891236352
calibration-20260902-f,S1-100-r01,2026-09-01T15:46:43.027185802Z,1891.097438,23943543,900304896,891236352
calibration-20260902-f,S1-100-r01,2026-09-01T15:46:43.036352142Z,1900.263782,23960855,913379328,904343552
calibration-20260902-f,S1-100-r01,2026-09-01T15:46:43.046475029Z,1910.386669,24014611,931729408,922955776
calibration-20260902-f,S1-100-r01,2026-09-01T15:46:43.05669941Z,1920.611050,24041717,945950720,937369600
calibration-20260902-f,S1-100-r01,2026-09-01T15:46:43.066821865Z,1930.733505,24041880,945950720,937369600
calibration-20260902-f,S1-100-r01,2026-09-01T15:46:43.129450954Z,1993.362594,24041971,945950720,937631744
calibration-20260902-f,S1-100-r01,2026-09-01T15:46:43.136655108Z,2000.566772,24059706,955813888,947855360
calibration-20260902-f,S1-100-r01,2026-09-01T15:46:43.146976253Z,2010.887893,24114417,969117696,960962560
calibration-20260902-f,S1-100-r01,2026-09-01T15:46:43.157226353Z,2021.137988,24141792,977604608,969613312
calibration-20260902-f,S1-100-r01,2026-09-01T15:46:43.166408094Z,2030.319735,24141996,977604608,969613312
calibration-20260902-f,S1-100-r01,2026-09-01T15:46:43.176533697Z,2040.445338,24142122,977604608,969613312
calibration-20260902-f,S1-100-r01,2026-09-01T15:46:43.186741242Z,2050.652882,24142362,977604608,969613312
calibration-20260902-f,S1-100-r01,2026-09-01T15:46:43.196962911Z,2060.874551,24142589,977604608,969613312
calibration-20260902-f,S1-100-r01,2026-09-01T15:46:43.207132613Z,2071.044254,24142787,977604608,969613312
calibration-20260902-f,S1-100-r01,2026-09-01T15:46:43.217247226Z,2081.158867,24142980,977604608,969613312
calibration-20260902-f,S1-100-r01,2026-09-01T15:46:43.226452459Z,2090.364101,24143152,977604608,969613312
calibration-20260902-f,S1-100-r01,2026-09-01T15:46:43.236651448Z,2100.563084,24167087,989990912,981934080
calibration-20260902-f,S1-100-r01,2026-09-01T15:46:43.246927248Z,2110.838888,24215190,1007652864,999497728
calibration-20260902-f,S1-100-r01,2026-09-01T15:46:43.257181538Z,2121.093178,24242438,1016827904,1008672768
calibration-20260902-f,S1-100-r01,2026-09-01T15:46:43.266415619Z,2130.327259,24242591,1016827904,1008672768
calibration-20260902-f,S1-100-r01,2026-09-01T15:46:43.276555189Z,2140.466830,24242769,1016827904,1008672768
calibration-20260902-f,S1-100-r01,2026-09-01T15:46:43.286720764Z,2150.632404,24242942,1016827904,1008672768
calibration-20260902-f,S1-100-r01,2026-09-01T15:46:43.329436002Z,2193.347642,24243240,1017516032,1008750592
calibration-20260902-f,S1-100-r01,2026-09-01T15:46:43.336637374Z,2200.549014,24260754,1028296704,1019498496
calibration-20260902-f,S1-100-r01,2026-09-01T15:46:43.346748952Z,2210.660587,24314508,1039077376,1030508544
calibration-20260902-f,S1-100-r01,2026-09-01T15:46:43.356962411Z,2220.874052,24341433,1039536128,1031294976
calibration-20260902-f,S1-100-r01,2026-09-01T15:46:43.367202123Z,2231.113764,24341721,1039536128,1031294976
calibration-20260902-f,S1-100-r01,2026-09-01T15:46:43.376405038Z,2240.316679,24341890,1039536128,1031294976
calibration-20260902-f,S1-100-r01,2026-09-01T15:46:43.38653744Z,2250.449080,24342051,1039536128,1031294976
calibration-20260902-f,S1-100-r01,2026-09-01T15:46:43.396716731Z,2260.628372,24342232,1039536128,1031294976
calibration-20260902-f,S1-100-r01,2026-09-01T15:46:43.429440404Z,2293.352044,24342530,1039536128,1031294976
calibration-20260902-f,S1-100-r01,2026-09-01T15:46:43.436697403Z,2300.609043,24359928,1039536128,1031294976
calibration-20260902-f,S1-100-r01,2026-09-01T15:46:43.446835518Z,2310.747158,24413651,1040453632,1032081408
calibration-20260902-f,S1-100-r01,2026-09-01T15:46:43.4569902Z,2320.901843,24436209,1040453632,1032081408
calibration-20260902-f,S1-100-r01,2026-09-01T15:46:43.467224782Z,2331.136421,24440929,1040453632,1032081408
calibration-20260902-f,S1-100-r01,2026-09-01T15:46:43.476430702Z,2340.342338,24441179,1040453632,1032081408
calibration-20260902-f,S1-100-r01,2026-09-01T15:46:43.486593616Z,2350.505251,24441294,1040453632,1032081408
calibration-20260902-f,S1-100-r01,2026-09-01T15:46:43.496766871Z,2360.678506,24441414,1040453632,1032081408
calibration-20260902-f,S1-100-r01,2026-09-01T15:46:43.506949555Z,2370.861196,24441506,1040453632,1032081408
calibration-20260902-f,S1-100-r01,2026-09-01T15:46:43.517119453Z,2381.031094,24441625,1040453632,1032081408
calibration-20260902-f,S1-100-r01,2026-09-01T15:46:43.527236235Z,2391.147870,24441702,1040453632,1032081408
calibration-20260902-f,S1-100-r01,2026-09-01T15:46:43.536463847Z,2400.375487,24458853,1040453632,1032081408
calibration-20260902-f,S1-100-r01,2026-09-01T15:46:43.54678558Z,2410.697226,24512530,1040912384,1032343552
calibration-20260902-f,S1-100-r01,2026-09-01T15:46:43.55698626Z,2420.897900,24535087,1041141760,1032867840
calibration-20260902-f,S1-100-r01,2026-09-01T15:46:43.567227053Z,2431.138694,24539715,1041141760,1032867840
calibration-20260902-f,S1-100-r01,2026-09-01T15:46:43.576388327Z,2440.299968,24539898,1041141760,1032867840
calibration-20260902-f,S1-100-r01,2026-09-01T15:46:43.586567885Z,2450.479526,24540049,1041141760,1032867840
calibration-20260902-f,S1-100-r01,2026-09-01T15:46:43.596753121Z,2460.664761,24540191,1041141760,1032867840
calibration-20260902-f,S1-100-r01,2026-09-01T15:46:43.606862792Z,2470.774433,24540351,1041141760,1032867840
calibration-20260902-f,S1-100-r01,2026-09-01T15:46:43.617092552Z,2481.004192,24540518,1041141760,1032867840
calibration-20260902-f,S1-100-r01,2026-09-01T15:46:43.627249695Z,2491.161336,24540706,1041141760,1032867840
calibration-20260902-f,S1-100-r01,2026-09-01T15:46:43.636535103Z,2500.446851,24558050,1041141760,1032867840
calibration-20260902-f,S1-100-r01,2026-09-01T15:46:43.646863541Z,2510.775181,24613597,1042747392,1035218944
calibration-20260902-f,S1-100-r01,2026-09-01T15:46:43.657036206Z,2520.947846,24640574,1042747392,1035481088
calibration-20260902-f,S1-100-r01,2026-09-01T15:46:43.667282327Z,2531.193968,24640853,1042747392,1035481088
calibration-20260902-f,S1-100-r01,2026-09-01T15:46:43.676439822Z,2540.351463,24641032,1042747392,1035481088
calibration-20260902-f,S1-100-r01,2026-09-01T15:46:43.686656921Z,2550.568561,24641250,1042747392,1035481088
calibration-20260902-f,S1-100-r01,2026-09-01T15:46:43.696859671Z,2560.771311,24641444,1042747392,1035481088
calibration-20260902-f,S1-100-r01,2026-09-01T15:46:43.706989264Z,2570.900904,24641645,1042747392,1035481088
calibration-20260902-f,S1-100-r01,2026-09-01T15:46:43.717119985Z,2581.031626,24641817,1042976768,1035481088
calibration-20260902-f,S1-100-r01,2026-09-01T15:46:43.727244523Z,2591.156163,24642062,1042976768,1035481088
calibration-20260902-f,S1-100-r01,2026-09-01T15:46:43.736430755Z,2600.342502,24659322,1042976768,1035481088
calibration-20260902-f,S1-100-r01,2026-09-01T15:46:43.746698893Z,2610.610528,24714189,997068800,988581888
calibration-20260902-f,S1-100-r01,2026-09-01T15:46:43.75691948Z,2620.831121,24741672,997298176,988692480
calibration-20260902-f,S1-100-r01,2026-09-01T15:46:43.76713084Z,2631.042480,24741864,997298176,988598272
calibration-20260902-f,S1-100-r01,2026-09-01T15:46:43.777284885Z,2641.196526,24742017,997298176,988598272
calibration-20260902-f,S1-100-r01,2026-09-01T15:46:43.786482228Z,2650.393868,24742180,997298176,988598272
calibration-20260902-f,S1-100-r01,2026-09-01T15:46:43.796650127Z,2660.561766,24742343,997298176,988594176
calibration-20260902-f,S1-100-r01,2026-09-01T15:46:43.806780412Z,2670.692054,24742514,997298176,988594176
calibration-20260902-f,S1-100-r01,2026-09-01T15:46:43.816968579Z,2680.880219,24742723,997298176,988594176
calibration-20260902-f,S1-100-r01,2026-09-01T15:46:43.82721225Z,2691.123890,24742991,997298176,988594176
calibration-20260902-f,S1-100-r01,2026-09-01T15:46:43.836393419Z,2700.305060,24760699,997298176,988594176
calibration-20260902-f,S1-100-r01,2026-09-01T15:46:43.846656615Z,2710.568250,24813268,1001197568,992456704
calibration-20260902-f,S1-100-r01,2026-09-01T15:46:43.856876732Z,2720.788373,24840222,1010143232,1001361408
calibration-20260902-f,S1-100-r01,2026-09-01T15:46:43.867072594Z,2730.984234,24840467,1010143232,1001623552
calibration-20260902-f,S1-100-r01,2026-09-01T15:46:43.877279686Z,2741.191326,24840660,1010143232,1001623552
calibration-20260902-f,S1-100-r01,2026-09-01T15:46:43.886434919Z,2750.346555,24840929,1010143232,1001623552
calibration-20260902-f,S1-100-r01,2026-09-01T15:46:43.896591041Z,2760.502682,24841005,1010143232,1001623552
calibration-20260902-f,S1-100-r01,2026-09-01T15:46:43.90671582Z,2770.627455,24841110,1010143232,1001623552
calibration-20260902-f,S1-100-r01,2026-09-01T15:46:43.91684819Z,2780.759825,24841177,1010143232,1001623552
calibration-20260902-f,S1-100-r01,2026-09-01T15:46:43.927044045Z,2790.955686,24841278,1010143232,1001623552
calibration-20260902-f,S1-100-r01,2026-09-01T15:46:43.936731677Z,2800.643312,24859230,987590656,979206144
calibration-20260902-f,S1-100-r01,2026-09-01T15:46:43.951880565Z,2815.792208,24930849,998141952,989691904
calibration-20260902-f,S1-100-r01,2026-09-01T15:46:43.957103751Z,2821.015391,24944476,998141952,989954048
calibration-20260902-f,S1-100-r01,2026-09-01T15:46:43.966237326Z,2830.148968,24944797,998141952,989855744
calibration-20260902-f,S1-100-r01,2026-09-01T15:46:43.976378794Z,2840.290435,24944883,998141952,989855744
calibration-20260902-f,S1-100-r01,2026-09-01T15:46:43.986503611Z,2850.415251,24944942,998141952,989614080
calibration-20260902-f,S1-100-r01,2026-09-01T15:46:44.02943549Z,2893.347130,24945099,998141952,989614080
calibration-20260902-f,S1-100-r01,2026-09-01T15:46:44.036931596Z,2900.843237,24962220,998141952,989614080
calibration-20260902-f,S1-100-r01,2026-09-01T15:46:44.0472663Z,2911.177942,25016636,950345728,941809664
calibration-20260902-f,S1-100-r01,2026-09-01T15:46:44.056555489Z,2920.467130,25043518,950345728,941809664
calibration-20260902-f,S1-100-r01,2026-09-01T15:46:44.066738026Z,2930.649667,25043707,950345728,941711360
calibration-20260902-f,S1-100-r01,2026-09-01T15:46:44.076945861Z,2940.857501,25043945,950345728,941711360
calibration-20260902-f,S1-100-r01,2026-09-01T15:46:44.08713409Z,2951.045730,25044119,950345728,941711360
calibration-20260902-f,S1-100-r01,2026-09-01T15:46:44.097238905Z,2961.150545,25044299,950345728,941711360
calibration-20260902-f,S1-100-r01,2026-09-01T15:46:44.129546236Z,2993.457877,25044610,950345728,941883392
calibration-20260902-f,S1-100-r01,2026-09-01T15:46:44.136747183Z,3000.658823,25061457,950345728,941883392
calibration-20260902-f,S1-100-r01,2026-09-01T15:46:44.146939974Z,3010.851615,25114715,950345728,941895680
calibration-20260902-f,S1-100-r01,2026-09-01T15:46:44.157106513Z,3021.018153,25139688,952639488,943742976
calibration-20260902-f,S1-100-r01,2026-09-01T15:46:44.166255792Z,3030.167432,25141773,952639488,944005120
calibration-20260902-f,S1-100-r01,2026-09-01T15:46:44.176389764Z,3040.301404,25141896,952639488,944005120
calibration-20260902-f,S1-100-r01,2026-09-01T15:46:44.186550226Z,3050.461867,25142017,952639488,944009216
calibration-20260902-f,S1-100-r01,2026-09-01T15:46:44.19668592Z,3060.597560,25142153,952639488,944009216
calibration-20260902-f,S1-100-r01,2026-09-01T15:46:44.206900321Z,3070.811962,25142310,952639488,944017408
calibration-20260902-f,S1-100-r01,2026-09-01T15:46:44.229506332Z,3093.417972,25142501,952639488,944017408
calibration-20260902-f,S1-100-r01,2026-09-01T15:46:44.236663128Z,3100.574768,25159788,963649536,955027456
calibration-20260902-f,S1-100-r01,2026-09-01T15:46:44.24687224Z,3110.783880,25213622,983146496,974426112
calibration-20260902-f,S1-100-r01,2026-09-01T15:46:44.257033127Z,3120.944767,25239022,998514688,989892608
calibration-20260902-f,S1-100-r01,2026-09-01T15:46:44.267184758Z,3131.096398,25241008,998514688,990412800
calibration-20260902-f,S1-100-r01,2026-09-01T15:46:44.27630309Z,3140.214730,25241149,998514688,990412800
calibration-20260902-f,S1-100-r01,2026-09-01T15:46:44.286480766Z,3150.392406,25241310,998514688,990412800
calibration-20260902-f,S1-100-r01,2026-09-01T15:46:44.296631168Z,3160.542808,25241477,998514688,990412800
calibration-20260902-f,S1-100-r01,2026-09-01T15:46:44.3067212Z,3170.632840,25241624,998514688,990183424
calibration-20260902-f,S1-100-r01,2026-09-01T15:46:44.316916775Z,3180.828417,25241818,998514688,990183424
calibration-20260902-f,S1-100-r01,2026-09-01T15:46:44.327117122Z,3191.028761,25242037,998514688,990183424
calibration-20260902-f,S1-100-r01,2026-09-01T15:46:44.336569126Z,3200.480773,25259287,998514688,990183424
calibration-20260902-f,S1-100-r01,2026-09-01T15:46:44.346958687Z,3210.870327,25314220,1002872832,994902016
calibration-20260902-f,S1-100-r01,2026-09-01T15:46:44.357182628Z,3221.094268,25340384,1013194752,1005125632
calibration-20260902-f,S1-100-r01,2026-09-01T15:46:44.36640613Z,3230.317770,25340518,1013424128,1005125632
calibration-20260902-f,S1-100-r01,2026-09-01T15:46:44.376589307Z,3240.500947,25340711,1013424128,1005387776
calibration-20260902-f,S1-100-r01,2026-09-01T15:46:44.386740761Z,3250.652401,25340857,1013424128,1005387776
calibration-20260902-f,S1-100-r01,2026-09-01T15:46:44.396888836Z,3260.800471,25341125,1013424128,1005387776
calibration-20260902-f,S1-100-r01,2026-09-01T15:46:44.407051459Z,3270.963100,25341196,1013424128,1005133824
calibration-20260902-f,S1-100-r01,2026-09-01T15:46:44.417203273Z,3281.114914,25341315,1013424128,1005133824
calibration-20260902-f,S1-100-r01,2026-09-01T15:46:44.426393014Z,3290.304649,25341402,1013424128,1005133824
calibration-20260902-f,S1-100-r01,2026-09-01T15:46:44.436600499Z,3300.512139,25359539,1027416064,1019027456
calibration-20260902-f,S1-100-r01,2026-09-01T15:46:44.446737519Z,3310.649155,25415386,1045766144,1037639680
calibration-20260902-f,S1-100-r01,2026-09-01T15:46:44.456526357Z,3320.437997,25436716,1047830528,1039736832
calibration-20260902-f,S1-100-r01,2026-09-01T15:46:44.466716289Z,3330.627931,25436934,1047830528,1039736832
calibration-20260902-f,S1-100-r01,2026-09-01T15:46:44.476841594Z,3340.753235,25437136,1047830528,1039736832
calibration-20260902-f,S1-100-r01,2026-09-01T15:46:44.487018526Z,3350.930166,25437347,1047830528,1039736832
calibration-20260902-f,S1-100-r01,2026-09-01T15:46:44.497170524Z,3361.082163,25437618,1047830528,1039736832
calibration-20260902-f,S1-100-r01,2026-09-01T15:46:44.506399969Z,3370.311610,25437812,1047830528,1039777792
calibration-20260902-f,S1-100-r01,2026-09-01T15:46:44.51663571Z,3380.547350,25438052,1047830528,1039777792
calibration-20260902-f,S1-100-r01,2026-09-01T15:46:44.526821197Z,3390.732837,25438284,1047830528,1039777792
calibration-20260902-f,S1-100-r01,2026-09-01T15:46:44.537051535Z,3400.963176,25455854,1061822464,1053933568
calibration-20260902-f,S1-100-r01,2026-09-01T15:46:44.546256319Z,3410.167959,25509717,1074896896,1067040768
calibration-20260902-f,S1-100-r01,2026-09-01T15:46:44.556532232Z,3420.443872,25536959,1088430080,1080147968
calibration-20260902-f,S1-100-r01,2026-09-01T15:46:44.566667784Z,3430.579424,25541659,1089118208,1080934400
calibration-20260902-f,S1-100-r01,2026-09-01T15:46:44.576834813Z,3440.746453,25541924,1089118208,1080848384
calibration-20260902-f,S1-100-r01,2026-09-01T15:46:44.587074552Z,3450.986193,25542209,1089118208,1080848384
calibration-20260902-f,S1-100-r01,2026-09-01T15:46:44.597291327Z,3461.202969,25542435,1089118208,1080848384
calibration-20260902-f,S1-100-r01,2026-09-01T15:46:44.606469263Z,3470.380903,25542618,1089118208,1080676352
calibration-20260902-f,S1-100-r01,2026-09-01T15:46:44.616655044Z,3480.566685,25542785,1089118208,1080938496
calibration-20260902-f,S1-100-r01,2026-09-01T15:46:44.629414207Z,3493.325847,25543107,1089118208,1080938496
calibration-20260902-f,S1-100-r01,2026-09-01T15:46:44.636546378Z,3500.458013,25564142,1100128256,1091686400
calibration-20260902-f,S1-100-r01,2026-09-01T15:46:44.646743126Z,3510.654767,25614176,1100357632,1091948544
calibration-20260902-f,S1-100-r01,2026-09-01T15:46:44.657024309Z,3520.935950,25636736,1100587008,1092210688
calibration-20260902-f,S1-100-r01,2026-09-01T15:46:44.667196826Z,3531.108467,25641424,1100587008,1092210688
calibration-20260902-f,S1-100-r01,2026-09-01T15:46:44.676340309Z,3540.251949,25641650,1100587008,1092210688
calibration-20260902-f,S1-100-r01,2026-09-01T15:46:44.686540415Z,3550.452055,25641831,1100587008,1092210688
calibration-20260902-f,S1-100-r01,2026-09-01T15:46:44.696724637Z,3560.636278,25641993,1100587008,1091747840
calibration-20260902-f,S1-100-r01,2026-09-01T15:46:44.706975838Z,3570.887479,25642186,1100587008,1092005888
calibration-20260902-f,S1-100-r01,2026-09-01T15:46:44.717101005Z,3581.012646,25642382,1100587008,1092276224
calibration-20260902-f,S1-100-r01,2026-09-01T15:46:44.727221351Z,3591.132992,25642557,1100587008,1092538368
calibration-20260902-f,S1-100-r01,2026-09-01T15:46:44.736444325Z,3600.355989,25659889,1100587008,1092538368
calibration-20260902-f,S1-100-r01,2026-09-01T15:46:44.746755815Z,3610.667456,25713729,1100587008,1092538368
calibration-20260902-f,S1-100-r01,2026-09-01T15:46:44.757020053Z,3620.931694,25736286,1101045760,1093062656
calibration-20260902-f,S1-100-r01,2026-09-01T15:46:44.829483571Z,3693.395211,25741222,1101045760,1093091328
calibration-20260902-f,S1-100-r01,2026-09-01T15:46:44.836802651Z,3700.714292,25758568,1101045760,1093091328
calibration-20260902-f,S1-100-r01,2026-09-01T15:46:44.847047141Z,3710.958782,25812211,1101045760,1093091328
calibration-20260902-f,S1-100-r01,2026-09-01T15:46:44.857227933Z,3721.139568,25839101,1101504512,1093353472
calibration-20260902-f,S1-100-r01,2026-09-01T15:46:44.866377924Z,3730.289565,25839226,1101504512,1093353472
calibration-20260902-f,S1-100-r01,2026-09-01T15:46:44.876582997Z,3740.494637,25839411,1101504512,1093353472
calibration-20260902-f,S1-100-r01,2026-09-01T15:46:44.886733746Z,3750.645387,25839547,1101504512,1093353472
calibration-20260902-f,S1-100-r01,2026-09-01T15:46:44.896881786Z,3760.793426,25839678,1101504512,1093353472
calibration-20260902-f,S1-100-r01,2026-09-01T15:46:44.906994446Z,3770.906086,25839809,1101504512,1093148672
calibration-20260902-f,S1-100-r01,2026-09-01T15:46:44.91716864Z,3781.080280,25839954,1101504512,1093410816
calibration-20260902-f,S1-100-r01,2026-09-01T15:46:44.926385879Z,3790.297519,25840150,1101504512,1093410816
calibration-20260902-f,S1-100-r01,2026-09-01T15:46:44.936571636Z,3800.483271,25859025,1101504512,1093410816
calibration-20260902-f,S1-100-r01,2026-09-01T15:46:44.946815211Z,3810.726846,25911637,1103110144,1095507968
calibration-20260902-f,S1-100-r01,2026-09-01T15:46:44.957048105Z,3820.959746,25943045,1103339520,1095507968
calibration-20260902-f,S1-100-r01,2026-09-01T15:46:44.967258914Z,3831.170554,25943214,1103568896,1095507968
calibration-20260902-f,S1-100-r01,2026-09-01T15:46:44.976409387Z,3840.321023,25943301,1103568896,1095507968
calibration-20260902-f,S1-100-r01,2026-09-01T15:46:44.986560049Z,3850.471684,25943374,1103568896,1095507968
calibration-20260902-f,S1-100-r01,2026-09-01T15:46:44.996707348Z,3860.618983,25943450,1103568896,1095286784
calibration-20260902-f,S1-100-r01,2026-09-01T15:46:45.006882072Z,3870.793707,25943541,1103568896,1095286784
calibration-20260902-f,S1-100-r01,2026-09-01T15:46:45.017046519Z,3880.958160,25943619,1103568896,1095061504
calibration-20260902-f,S1-100-r01,2026-09-01T15:46:45.029459987Z,3893.371650,25943777,1103568896,1095323648
calibration-20260902-f,S1-100-r01,2026-09-01T15:46:45.036897334Z,3900.808970,25964083,1060339712,1052045312
calibration-20260902-f,S1-100-r01,2026-09-01T15:46:45.046416576Z,3910.328211,26016560,1093140480,1085198336
calibration-20260902-f,S1-100-r01,2026-09-01T15:46:45.0566019Z,3920.513541,26039562,1103691776,1095327744
calibration-20260902-f,S1-100-r01,2026-09-01T15:46:45.06677713Z,3930.688772,26039771,1103691776,1095327744
calibration-20260902-f,S1-100-r01,2026-09-01T15:46:45.076916495Z,3940.828136,26039904,1103691776,1095327744
calibration-20260902-f,S1-100-r01,2026-09-01T15:46:45.087109154Z,3951.020795,26040064,1103691776,1095327744
calibration-20260902-f,S1-100-r01,2026-09-01T15:46:45.097243779Z,3961.155419,26040276,1103921152,1095327744
calibration-20260902-f,S1-100-r01,2026-09-01T15:46:45.106394276Z,3970.305917,26040395,1103921152,1095327744
calibration-20260902-f,S1-100-r01,2026-09-01T15:46:45.116534687Z,3980.446327,26040523,1103921152,1095081984
calibration-20260902-f,S1-100-r01,2026-09-01T15:46:45.126695051Z,3990.606692,26040669,1103921152,1095081984
calibration-20260902-f,S1-100-r01,2026-09-01T15:46:45.136881876Z,4000.793512,26058323,1103921152,1095081984
calibration-20260902-f,S1-100-r01,2026-09-01T15:46:45.147115388Z,4011.027029,26111915,1103921152,1095081984
calibration-20260902-f,S1-100-r01,2026-09-01T15:46:45.156438099Z,4020.349739,26134869,1103921152,1095081984
calibration-20260902-f,S1-100-r01,2026-09-01T15:46:45.166653863Z,4030.565504,26135065,1103921152,1095081984
calibration-20260902-f,S1-100-r01,2026-09-01T15:46:45.176855894Z,4040.767559,26135446,1103921152,1095081984
calibration-20260902-f,S1-100-r01,2026-09-01T15:46:45.186265932Z,4050.177573,26135878,1103921152,1095081984
calibration-20260902-f,S1-100-r01,2026-09-01T15:46:45.196503964Z,4060.415629,26136187,1103921152,1095081984
calibration-20260902-f,S1-100-r01,2026-09-01T15:46:45.229425339Z,4093.336974,26136703,1103921152,1095081984
calibration-20260902-f,S1-100-r01,2026-09-01T15:46:45.239911241Z,4103.822882,26174815,1056063488,1047252992
calibration-20260902-f,S1-100-r01,2026-09-01T15:46:45.247092491Z,4111.004126,26208100,1056063488,1047252992
calibration-20260902-f,S1-100-r01,2026-09-01T15:46:45.25730216Z,4121.213800,26243912,1056063488,1047154688
calibration-20260902-f,S1-100-r01,2026-09-01T15:46:45.266485994Z,4130.397634,26244068,1056063488,1047154688
calibration-20260902-f,S1-100-r01,2026-09-01T15:46:45.276615341Z,4140.526981,26244199,1056063488,1047154688
calibration-20260902-f,S1-100-r01,2026-09-01T15:46:45.28676158Z,4150.673220,26244319,1056063488,1047412736
calibration-20260902-f,S1-100-r01,2026-09-01T15:46:45.296960618Z,4160.872258,26244479,1056063488,1047412736
calibration-20260902-f,S1-100-r01,2026-09-01T15:46:45.307150967Z,4171.062608,26244596,1056063488,1047412736
calibration-20260902-f,S1-100-r01,2026-09-01T15:46:45.316244364Z,4180.155999,26244680,1056063488,1047412736
calibration-20260902-f,S1-100-r01,2026-09-01T15:46:45.326390908Z,4190.302549,26244747,1056063488,1047412736
calibration-20260902-f,S1-100-r01,2026-09-01T15:46:45.33664144Z,4200.553075,26265220,1008037888,999440384
calibration-20260902-f,S1-100-r01,2026-09-01T15:46:45.347084626Z,4210.996266,26316266,1008267264,999583744
calibration-20260902-f,S1-100-r01,2026-09-01T15:46:45.357305543Z,4221.217183,26343195,1008267264,999841792
calibration-20260902-f,S1-100-r01,2026-09-01T15:46:45.366509419Z,4230.421059,26343376,1008267264,999743488
calibration-20260902-f,S1-100-r01,2026-09-01T15:46:45.376724451Z,4240.636092,26343612,1008267264,999743488
calibration-20260902-f,S1-100-r01,2026-09-01T15:46:45.386938873Z,4250.850513,26343816,1008267264,999743488
calibration-20260902-f,S1-100-r01,2026-09-01T15:46:45.397136336Z,4261.047976,26343997,1008267264,999743488
calibration-20260902-f,S1-100-r01,2026-09-01T15:46:45.407298301Z,4271.209942,26344238,1008267264,999743488
calibration-20260902-f,S1-100-r01,2026-09-01T15:46:45.41651377Z,4280.425411,26344458,1008267264,999743488
calibration-20260902-f,S1-100-r01,2026-09-01T15:46:45.426721239Z,4290.632879,26344687,1008267264,999743488
calibration-20260902-f,S1-100-r01,2026-09-01T15:46:45.436913828Z,4300.825468,26362019,1008267264,999743488
calibration-20260902-f,S1-100-r01,2026-09-01T15:46:45.447064228Z,4310.975868,26415606,1008267264,999743488
calibration-20260902-f,S1-100-r01,2026-09-01T15:46:45.456268567Z,4320.180207,26438175,1008267264,999743488
calibration-20260902-f,S1-100-r01,2026-09-01T15:46:45.466458984Z,4330.370624,26438394,1008267264,999743488
calibration-20260902-f,S1-100-r01,2026-09-01T15:46:45.476665408Z,4340.577049,26438622,1008267264,999743488
calibration-20260902-f,S1-100-r01,2026-09-01T15:46:45.486851729Z,4350.763369,26438839,1008267264,1000001536
calibration-20260902-f,S1-100-r01,2026-09-01T15:46:45.497084971Z,4360.996612,26439048,1008267264,1000001536
calibration-20260902-f,S1-100-r01,2026-09-01T15:46:45.507249078Z,4371.160719,26439268,1008267264,1000001536
calibration-20260902-f,S1-100-r01,2026-09-01T15:46:45.51642992Z,4380.341561,26439392,1008267264,1000001536
calibration-20260902-f,S1-100-r01,2026-09-01T15:46:45.526577913Z,4390.489548,26439480,1008267264,1000001536
calibration-20260902-f,S1-100-r01,2026-09-01T15:46:45.536762872Z,4400.674512,26457039,1008267264,1000001536
calibration-20260902-f,S1-100-r01,2026-09-01T15:46:45.547023107Z,4410.934748,26511458,1025011712,1016778752
calibration-20260902-f,S1-100-r01,2026-09-01T15:46:45.557239073Z,4421.150714,26542951,1043820544,1035915264
calibration-20260902-f,S1-100-r01,2026-09-01T15:46:45.566394867Z,4430.306508,26543134,1043820544,1035915264
calibration-20260902-f,S1-100-r01,2026-09-01T15:46:45.576583235Z,4440.494876,26543348,1043820544,1035915264
calibration-20260902-f,S1-100-r01,2026-09-01T15:46:45.586703493Z,4450.615134,26543501,1043820544,1035915264
calibration-20260902-f,S1-100-r01,2026-09-01T15:46:45.596838602Z,4460.750242,26543674,1043820544,1035915264
calibration-20260902-f,S1-100-r01,2026-09-01T15:46:45.606991639Z,4470.903279,26543836,1043820544,1035915264
calibration-20260902-f,S1-100-r01,2026-09-01T15:46:45.617121961Z,4481.033602,26544027,1043820544,1035915264
calibration-20260902-f,S1-100-r01,2026-09-01T15:46:45.629404886Z,4493.316526,26544306,1044279296,1036177408
calibration-20260902-f,S1-100-r01,2026-09-01T15:46:45.636566147Z,4500.477788,26565254,1066299392,1058197504
calibration-20260902-f,S1-100-r01,2026-09-01T15:46:45.646707267Z,4510.618907,26615810,1084190720,1075761152
calibration-20260902-f,S1-100-r01,2026-09-01T15:46:45.656957139Z,4520.868780,26642947,1095430144,1087033344
calibration-20260902-f,S1-100-r01,2026-09-01T15:46:45.667152607Z,4531.064247,26643171,1095430144,1087033344
calibration-20260902-f,S1-100-r01,2026-09-01T15:46:45.676376547Z,4540.288187,26643357,1095430144,1087033344
calibration-20260902-f,S1-100-r01,2026-09-01T15:46:45.729584765Z,4593.496430,26643729,1095659520,1086984192
calibration-20260902-f,S1-100-r01,2026-09-01T15:46:45.736832809Z,4600.744445,26665167,1105063936,1096421376
calibration-20260902-f,S1-100-r01,2026-09-01T15:46:45.747094168Z,4611.005803,26715069,1107357696,1099018240
calibration-20260902-f,S1-100-r01,2026-09-01T15:46:45.756243504Z,4620.155139,26737535,1110110208,1101639680
calibration-20260902-f,S1-100-r01,2026-09-01T15:46:45.766438522Z,4630.350161,26742144,1110110208,1101901824
calibration-20260902-f,S1-100-r01,2026-09-01T15:46:45.776624828Z,4640.536467,26742356,1110110208,1102163968
calibration-20260902-f,S1-100-r01,2026-09-01T15:46:45.786795058Z,4650.706698,26742549,1110110208,1102163968
calibration-20260902-f,S1-100-r01,2026-09-01T15:46:45.796925381Z,4660.837021,26742737,1110110208,1102163968
calibration-20260902-f,S1-100-r01,2026-09-01T15:46:45.807094886Z,4671.006528,26742926,1110110208,1102163968
calibration-20260902-f,S1-100-r01,2026-09-01T15:46:45.817263366Z,4681.175008,26743130,1110110208,1101905920
calibration-20260902-f,S1-100-r01,2026-09-01T15:46:45.826386723Z,4690.298363,26743362,1110110208,1102168064
calibration-20260902-f,S1-100-r01,2026-09-01T15:46:45.83664576Z,4700.557403,26760941,1119973376,1112129536
calibration-20260902-f,S1-100-r01,2026-09-01T15:46:45.846884428Z,4710.796068,26814957,1134882816,1127071744
calibration-20260902-f,S1-100-r01,2026-09-01T15:46:45.857065082Z,4720.976722,26837595,1137864704,1130217472
calibration-20260902-f,S1-100-r01,2026-09-01T15:46:45.867231249Z,4731.142889,26842317,1138094080,1130217472
calibration-20260902-f,S1-100-r01,2026-09-01T15:46:45.876429706Z,4740.341346,26842496,1138094080,1130217472
calibration-20260902-f,S1-100-r01,2026-09-01T15:46:45.886549118Z,4750.460758,26842617,1138323456,1130217472
calibration-20260902-f,S1-100-r01,2026-09-01T15:46:45.929450288Z,4793.361928,26842876,1138552832,1129955328
calibration-20260902-f,S1-100-r01,2026-09-01T15:46:45.936657015Z,4800.568656,26860354,1149104128,1140965376
calibration-20260902-f,S1-100-r01,2026-09-01T15:46:45.946848169Z,4810.759805,26914323,1153691648,1145421824
calibration-20260902-f,S1-100-r01,2026-09-01T15:46:45.957066046Z,4820.977687,26936848,1153691648,1145421824
calibration-20260902-f,S1-100-r01,2026-09-01T15:46:45.967299994Z,4831.211635,26941661,1153691648,1145421824
calibration-20260902-f,S1-100-r01,2026-09-01T15:46:45.976552733Z,4840.464375,26941893,1153691648,1145421824
calibration-20260902-f,S1-100-r01,2026-09-01T15:46:45.986736891Z,4850.648531,26942096,1153691648,1145421824
calibration-20260902-f,S1-100-r01,2026-09-01T15:46:45.996873287Z,4860.784928,26942294,1153691648,1145147392
calibration-20260902-f,S1-100-r01,2026-09-01T15:46:46.007083122Z,4870.994762,26942505,1153691648,1145409536
calibration-20260902-f,S1-100-r01,2026-09-01T15:46:46.017223509Z,4881.135149,26942764,1153691648,1145147392
calibration-20260902-f,S1-100-r01,2026-09-01T15:46:46.026390551Z,4890.302187,26942846,1153691648,1145163776
calibration-20260902-f,S1-100-r01,2026-09-01T15:46:46.03659058Z,4900.502244,26960153,1153691648,1145163776
calibration-20260902-f,S1-100-r01,2026-09-01T15:46:46.04677261Z,4910.684250,27013939,1153691648,1145163776
calibration-20260902-f,S1-100-r01,2026-09-01T15:46:46.057034764Z,4920.946404,27036440,1153691648,1145163776
calibration-20260902-f,S1-100-r01,2026-09-01T15:46:46.067264826Z,4931.176466,27041075,1153691648,1145163776
calibration-20260902-f,S1-100-r01,2026-09-01T15:46:46.076481707Z,4940.393347,27041240,1153691648,1145163776
calibration-20260902-f,S1-100-r01,2026-09-01T15:46:46.086674632Z,4950.586273,27041417,1153691648,1145163776
calibration-20260902-f,S1-100-r01,2026-09-01T15:46:46.096874912Z,4960.786553,27041581,1153691648,1145163776
calibration-20260902-f,S1-100-r01,2026-09-01T15:46:46.107064168Z,4970.975808,27041732,1153691648,1145163776
calibration-20260902-f,S1-100-r01,2026-09-01T15:46:46.117190904Z,4981.102545,27041967,1153691648,1145163776
calibration-20260902-f,S1-100-r01,2026-09-01T15:46:46.126362046Z,4990.273686,27042068,1153691648,1145163776
calibration-20260902-f,S1-100-r01,2026-09-01T15:46:46.136549731Z,5000.461371,27059364,1153691648,1145163776
calibration-20260902-f,S1-100-r01,2026-09-01T15:46:46.146757739Z,5010.669380,27113149,1154609152,1145950208
calibration-20260902-f,S1-100-r01,2026-09-01T15:46:46.156972622Z,5020.884262,27135632,1154609152,1145950208
calibration-20260902-f,S1-100-r01,2026-09-01T15:46:46.167177352Z,5031.088992,27140364,1154609152,1145950208
calibration-20260902-f,S1-100-r01,2026-09-01T15:46:46.176339812Z,5040.251453,27140565,1154838528,1145950208
calibration-20260902-f,S1-100-r01,2026-09-01T15:46:46.186525756Z,5050.437397,27140702,1154838528,1145950208
calibration-20260902-f,S1-100-r01,2026-09-01T15:46:46.196698047Z,5060.609687,27140826,1154838528,1145950208
calibration-20260902-f,S1-100-r01,2026-09-01T15:46:46.206877669Z,5070.789310,27140943,1154838528,1145950208
calibration-20260902-f,S1-100-r01,2026-09-01T15:46:46.217013759Z,5080.925399,27141127,1154838528,1145950208
calibration-20260902-f,S1-100-r01,2026-09-01T15:46:46.227201733Z,5091.113373,27141251,1154838528,1145950208
calibration-20260902-f,S1-100-r01,2026-09-01T15:46:46.236273712Z,5100.185348,27160449,1083211776,1097293824
calibration-20260902-f,S1-100-r01,2026-09-01T15:46:46.24716193Z,5111.073565,27214406,1097965568,1089552384
calibration-20260902-f,S1-100-r01,2026-09-01T15:46:46.256352254Z,5120.263894,27235529,1104158720,1095581696
calibration-20260902-f,S1-100-r01,2026-09-01T15:46:46.266512747Z,5130.424387,27240171,1104158720,1095401472
calibration-20260902-f,S1-100-r01,2026-09-01T15:46:46.276721721Z,5140.633362,27240386,1104158720,1095401472
calibration-20260902-f,S1-100-r01,2026-09-01T15:46:46.286804514Z,5150.716153,27240565,1104158720,1095401472
calibration-20260902-f,S1-100-r01,2026-09-01T15:46:46.296936978Z,5160.848619,27240769,1104158720,1095401472
calibration-20260902-f,S1-100-r01,2026-09-01T15:46:46.307153284Z,5171.064919,27241034,1104158720,1095401472
calibration-20260902-f,S1-100-r01,2026-09-01T15:46:46.32943422Z,5193.345860,27241174,1104617472,1095798784
calibration-20260902-f,S1-100-r01,2026-09-01T15:46:46.336244981Z,5200.156616,27261292,1069522944,1061371904
calibration-20260902-f,S1-100-r01,2026-09-01T15:46:46.346899487Z,5210.811128,27313986,1071026176,1063374848
calibration-20260902-f,S1-100-r01,2026-09-01T15:46:46.357070376Z,5220.982015,27340905,1100386304,1092472832
calibration-20260902-f,S1-100-r01,2026-09-01T15:46:46.367283386Z,5231.195026,27341146,1100386304,1092452352
calibration-20260902-f,S1-100-r01,2026-09-01T15:46:46.376511105Z,5240.422745,27341344,1100386304,1092358144
calibration-20260902-f,S1-100-r01,2026-09-01T15:46:46.386703339Z,5250.614979,27341549,1100386304,1092259840
calibration-20260902-f,S1-100-r01,2026-09-01T15:46:46.396846398Z,5260.758039,27341736,1100386304,1092259840
calibration-20260902-f,S1-100-r01,2026-09-01T15:46:46.407034028Z,5270.945668,27341897,1100386304,1092259840
calibration-20260902-f,S1-100-r01,2026-09-01T15:46:46.41718551Z,5281.097155,27342229,1100386304,1092079616
calibration-20260902-f,S1-100-r01,2026-09-01T15:46:46.426433099Z,5290.344740,27342385,1100386304,1092341760
calibration-20260902-f,S1-100-r01,2026-09-01T15:46:46.436563063Z,5300.474703,27359680,1113001984,1104924672
calibration-20260902-f,S1-100-r01,2026-09-01T15:46:46.446757095Z,5310.668735,27413230,1113001984,1104924672
calibration-20260902-f,S1-100-r01,2026-09-01T15:46:46.456875776Z,5320.787417,27435649,1113231360,1104924672
calibration-20260902-f,S1-100-r01,2026-09-01T15:46:46.467001427Z,5330.913068,27440284,1113231360,1104924672
calibration-20260902-f,S1-100-r01,2026-09-01T15:46:46.47722797Z,5341.139611,27440477,1113231360,1104924672
calibration-20260902-f,S1-100-r01,2026-09-01T15:46:46.486400975Z,5350.312615,27440606,1113231360,1104924672
calibration-20260902-f,S1-100-r01,2026-09-01T15:46:46.496514161Z,5360.425801,27440720,1113231360,1104924672
calibration-20260902-f,S1-100-r01,2026-09-01T15:46:46.506683192Z,5370.594834,27440823,1113231360,1104924672
calibration-20260902-f,S1-100-r01,2026-09-01T15:46:46.516807882Z,5380.719523,27440936,1113231360,1104990208
calibration-20260902-f,S1-100-r01,2026-09-01T15:46:46.526953671Z,5390.865311,27441055,1113231360,1104990208
calibration-20260902-f,S1-100-r01,2026-09-01T15:46:46.537105347Z,5401.016987,27458201,1113231360,1104904192
calibration-20260902-f,S1-100-r01,2026-09-01T15:46:46.546320547Z,5410.232182,27512281,1113460736,1105166336
calibration-20260902-f,S1-100-r01,2026-09-01T15:46:46.556579891Z,5420.491531,27534470,1113460736,1105166336
calibration-20260902-f,S1-100-r01,2026-09-01T15:46:46.566694151Z,5430.605790,27539159,1113690112,1105285120
calibration-20260902-f,S1-100-r01,2026-09-01T15:46:46.576867251Z,5440.778890,27539372,1113690112,1105285120
calibration-20260902-f,S1-100-r01,2026-09-01T15:46:46.587133253Z,5451.044895,27539655,1113690112,1105293312
calibration-20260902-f,S1-100-r01,2026-09-01T15:46:46.597295013Z,5461.206655,27539917,1113690112,1105293312
calibration-20260902-f,S1-100-r01,2026-09-01T15:46:46.629412036Z,5493.323676,27540220,1113690112,1105108992
calibration-20260902-f,S1-100-r01,2026-09-01T15:46:46.636624219Z,5500.535860,27557417,1113690112,1105371136
calibration-20260902-f,S1-100-r01,2026-09-01T15:46:46.646425563Z,5510.337204,27611491,1065529344,1057308672
calibration-20260902-f,S1-100-r01,2026-09-01T15:46:46.656618838Z,5520.530478,27638301,1065758720,1057308672
calibration-20260902-f,S1-100-r01,2026-09-01T15:46:46.666863331Z,5530.774971,27643015,1065758720,1057210368
calibration-20260902-f,S1-100-r01,2026-09-01T15:46:46.677016621Z,5540.928263,27643229,1065758720,1057210368
calibration-20260902-f,S1-100-r01,2026-09-01T15:46:46.687245247Z,5551.156889,27643478,1065758720,1057210368
calibration-20260902-f,S1-100-r01,2026-09-01T15:46:46.696395243Z,5560.306883,27643621,1065758720,1057210368
calibration-20260902-f,S1-100-r01,2026-09-01T15:46:46.706515944Z,5570.427585,27643751,1065758720,1057210368
calibration-20260902-f,S1-100-r01,2026-09-01T15:46:46.729423246Z,5593.334886,27643991,1065758720,1056952320
calibration-20260902-f,S1-100-r01,2026-09-01T15:46:46.736618159Z,5600.529911,27661222,1065758720,1056952320
calibration-20260902-f,S1-100-r01,2026-09-01T15:46:46.746836413Z,5610.748053,27715736,1069428736,1060864000
calibration-20260902-f,S1-100-r01,2026-09-01T15:46:46.757035028Z,5620.946668,27737916,1082503168,1074233344
calibration-20260902-f,S1-100-r01,2026-09-01T15:46:46.767250992Z,5631.162633,27742545,1082732544,1074233344
calibration-20260902-f,S1-100-r01,2026-09-01T15:46:46.776472531Z,5640.384171,27742707,1082732544,1074233344
calibration-20260902-f,S1-100-r01,2026-09-01T15:46:46.786637167Z,5650.548807,27742825,1082732544,1074233344
calibration-20260902-f,S1-100-r01,2026-09-01T15:46:46.829441033Z,5693.352677,27742981,1082732544,1074233344
calibration-20260902-f,S1-100-r01,2026-09-01T15:46:46.836652015Z,5700.563656,27760910,1090072576,1081573376
calibration-20260902-f,S1-100-r01,2026-09-01T15:46:46.846919332Z,5710.830972,27815615,1102688256,1094414336
calibration-20260902-f,S1-100-r01,2026-09-01T15:46:46.85710092Z,5721.012560,27843083,1106128896,1098084352
calibration-20260902-f,S1-100-r01,2026-09-01T15:46:46.867262021Z,5731.173663,27843255,1106128896,1098084352
calibration-20260902-f,S1-100-r01,2026-09-01T15:46:46.876484553Z,5740.396194,27843446,1106128896,1098084352
calibration-20260902-f,S1-100-r01,2026-09-01T15:46:46.886614938Z,5750.526578,27843626,1106128896,1098084352
calibration-20260902-f,S1-100-r01,2026-09-01T15:46:46.896805737Z,5760.717377,27843793,1106128896,1098084352
calibration-20260902-f,S1-100-r01,2026-09-01T15:46:46.90697231Z,5770.883950,27844009,1106128896,1098084352
calibration-20260902-f,S1-100-r01,2026-09-01T15:46:46.91715214Z,5781.063780,27844220,1106128896,1097826304
calibration-20260902-f,S1-100-r01,2026-09-01T15:46:46.929469373Z,5793.381008,27844483,1106128896,1097826304
calibration-20260902-f,S1-100-r01,2026-09-01T15:46:46.936598807Z,5800.510447,27864204,1114615808,1106477056
calibration-20260902-f,S1-100-r01,2026-09-01T15:46:46.946833754Z,5810.745394,27915588,1117827072,1109622784
calibration-20260902-f,S1-100-r01,2026-09-01T15:46:46.957082237Z,5820.993878,27942569,1117827072,1109622784
calibration-20260902-f,S1-100-r01,2026-09-01T15:46:46.966310271Z,5830.221912,27942796,1117827072,1109622784
calibration-20260902-f,S1-100-r01,2026-09-01T15:46:46.976462859Z,5840.374500,27942987,1117827072,1109622784
calibration-20260902-f,S1-100-r01,2026-09-01T15:46:46.986606304Z,5850.517945,27943204,1117827072,1109622784
calibration-20260902-f,S1-100-r01,2026-09-01T15:46:46.996769056Z,5860.680697,27943300,1117827072,1109368832
calibration-20260902-f,S1-100-r01,2026-09-01T15:46:47.006934435Z,5870.846070,27943372,1117827072,1109368832
calibration-20260902-f,S1-100-r01,2026-09-01T15:46:47.017093462Z,5881.005096,27943453,1117827072,1109106688
calibration-20260902-f,S1-100-r01,2026-09-01T15:46:47.027272948Z,5891.184588,27943558,1118056448,1109106688
calibration-20260902-f,S1-100-r01,2026-09-01T15:46:47.036485645Z,5900.397286,27960863,1118056448,1109368832
calibration-20260902-f,S1-100-r01,2026-09-01T15:46:47.04668445Z,5910.596090,28014530,1118056448,1109368832
calibration-20260902-f,S1-100-r01,2026-09-01T15:46:47.056910361Z,5920.822002,28037081,1118056448,1109368832
calibration-20260902-f,S1-100-r01,2026-09-01T15:46:47.067107014Z,5931.018654,28041782,1118056448,1109368832
calibration-20260902-f,S1-100-r01,2026-09-01T15:46:47.077303889Z,5941.215530,28042010,1118056448,1109368832
calibration-20260902-f,S1-100-r01,2026-09-01T15:46:47.086506011Z,5950.417651,28042195,1118056448,1109368832
calibration-20260902-f,S1-100-r01,2026-09-01T15:46:47.096693905Z,5960.605545,28042374,1118056448,1109368832
calibration-20260902-f,S1-100-r01,2026-09-01T15:46:47.106856496Z,5970.768137,28042544,1118056448,1109368832
calibration-20260902-f,S1-100-r01,2026-09-01T15:46:47.116977166Z,5980.888807,28042686,1118056448,1109032960
calibration-20260902-f,S1-100-r01,2026-09-01T15:46:47.127115199Z,5991.026840,28042830,1118056448,1109041152
calibration-20260902-f,S1-100-r01,2026-09-01T15:46:47.136389362Z,6000.301002,28060262,1122414592,1113759744
calibration-20260902-f,S1-100-r01,2026-09-01T15:46:47.146659472Z,6010.571136,28114604,1136406528,1127915520
calibration-20260902-f,S1-100-r01,2026-09-01T15:46:47.156882398Z,6020.794038,28141894,1145810944,1137090560
calibration-20260902-f,S1-100-r01,2026-09-01T15:46:47.167107093Z,6031.018734,28142190,1145810944,1137352704
calibration-20260902-f,S1-100-r01,2026-09-01T15:46:47.176307818Z,6040.219460,28142325,1146040320,1137352704
calibration-20260902-f,S1-100-r01,2026-09-01T15:46:47.186494084Z,6050.405724,28142550,1146040320,1137352704
calibration-20260902-f,S1-100-r01,2026-09-01T15:46:47.229443827Z,6093.355468,28142986,1146269696,1137352704
calibration-20260902-f,S1-100-r01,2026-09-01T15:46:47.236598909Z,6100.510550,28160530,1156591616,1147838464
calibration-20260902-f,S1-100-r01,2026-09-01T15:46:47.246804504Z,6110.716144,28214335,1166454784,1157795840
calibration-20260902-f,S1-100-r01,2026-09-01T15:46:47.257117049Z,6121.028690,28241379,1166454784,1158057984
calibration-20260902-f,S1-100-r01,2026-09-01T15:46:47.267250501Z,6131.162142,28241695,1166454784,1158057984
calibration-20260902-f,S1-100-r01,2026-09-01T15:46:47.276416956Z,6140.328596,28241969,1166454784,1158057984
calibration-20260902-f,S1-100-r01,2026-09-01T15:46:47.286581103Z,6150.492743,28242155,1166454784,1158057984
calibration-20260902-f,S1-100-r01,2026-09-01T15:46:47.296770856Z,6160.682497,28242357,1166454784,1158057984
calibration-20260902-f,S1-100-r01,2026-09-01T15:46:47.306927817Z,6170.839457,28242542,1166684160,1158057984
calibration-20260902-f,S1-100-r01,2026-09-01T15:46:47.317062124Z,6180.973764,28242701,1166684160,1157795840
calibration-20260902-f,S1-100-r01,2026-09-01T15:46:47.327248082Z,6191.159723,28242870,1166684160,1157795840
calibration-20260902-f,S1-100-r01,2026-09-01T15:46:47.336430174Z,6200.341814,28260174,1166684160,1157795840
calibration-20260902-f,S1-100-r01,2026-09-01T15:46:47.34667599Z,6210.587630,28313911,1166684160,1158057984
calibration-20260902-f,S1-100-r01,2026-09-01T15:46:47.356939178Z,6220.850817,28336503,1166684160,1158057984
calibration-20260902-f,S1-100-r01,2026-09-01T15:46:47.367196399Z,6231.108040,28341187,1166684160,1158057984
calibration-20260902-f,S1-100-r01,2026-09-01T15:46:47.376406874Z,6240.318509,28341502,1166684160,1158057984
calibration-20260902-f,S1-100-r01,2026-09-01T15:46:47.3865843Z,6250.495941,28341640,1166684160,1158057984
calibration-20260902-f,S1-100-r01,2026-09-01T15:46:47.39673761Z,6260.649245,28341727,1166684160,1158057984
calibration-20260902-f,S1-100-r01,2026-09-01T15:46:47.406936061Z,6270.847702,28341827,1166684160,1158057984
calibration-20260902-f,S1-100-r01,2026-09-01T15:46:47.417117457Z,6281.029092,28341961,1166684160,1157795840
calibration-20260902-f,S1-100-r01,2026-09-01T15:46:47.426247133Z,6290.158768,28342057,1166684160,1157795840
calibration-20260902-f,S1-100-r01,2026-09-01T15:46:47.436610872Z,6300.522535,28359492,1166684160,1157795840
calibration-20260902-f,S1-100-r01,2026-09-01T15:46:47.456510397Z,6320.422032,28440475,1168289792,1159630848
calibration-20260902-f,S1-100-r01,2026-09-01T15:46:47.466803914Z,6330.715554,28440812,1168289792,1159630848
calibration-20260902-f,S1-100-r01,2026-09-01T15:46:47.476974539Z,6340.886180,28440976,1168289792,1159630848
calibration-20260902-f,S1-100-r01,2026-09-01T15:46:47.487193358Z,6351.105003,28441241,1168289792,1159630848
calibration-20260902-f,S1-100-r01,2026-09-01T15:46:47.496427293Z,6360.338933,28441589,1168289792,1159888896
calibration-20260902-f,S1-100-r01,2026-09-01T15:46:47.506616088Z,6370.527729,28441926,1168289792,1159888896
calibration-20260902-f,S1-100-r01,2026-09-01T15:46:47.516838174Z,6380.749814,28442144,1168289792,1159626752
calibration-20260902-f,S1-100-r01,2026-09-01T15:46:47.527024636Z,6390.936276,28442452,1168289792,1159888896
calibration-20260902-f,S1-100-r01,2026-09-01T15:46:47.537193182Z,6401.104823,28477750,1168289792,1159888896
calibration-20260902-f,S1-100-r01,2026-09-01T15:46:47.546279357Z,6410.190998,28515701,1168748544,1160081408
calibration-20260902-f,S1-100-r01,2026-09-01T15:46:47.556500858Z,6420.412499,28541067,1168977920,1160380416
calibration-20260902-f,S1-100-r01,2026-09-01T15:46:47.56668935Z,6430.600992,28541361,1168977920,1160380416
calibration-20260902-f,S1-100-r01,2026-09-01T15:46:47.57682421Z,6440.735850,28541500,1168977920,1160380416
calibration-20260902-f,S1-100-r01,2026-09-01T15:46:47.586968024Z,6450.879666,28541636,1168977920,1160380416
calibration-20260902-f,S1-100-r01,2026-09-01T15:46:47.59718018Z,6461.091819,28541889,1168977920,1160130560
calibration-20260902-f,S1-100-r01,2026-09-01T15:46:47.606384858Z,6470.296498,28542014,1168977920,1160130560
calibration-20260902-f,S1-100-r01,2026-09-01T15:46:47.616512379Z,6480.424019,28542123,1168977920,1159872512
calibration-20260902-f,S1-100-r01,2026-09-01T15:46:47.629436242Z,6493.347907,28542400,1168977920,1160134656
calibration-20260902-f,S1-100-r01,2026-09-01T15:46:47.637297833Z,6501.209474,28578560,1121075200,1112326144
calibration-20260902-f,S1-100-r01,2026-09-01T15:46:47.646625565Z,6510.537206,28614365,1121075200,1112326144
calibration-20260902-f,S1-100-r01,2026-09-01T15:46:47.656858356Z,6520.769996,28636850,1121075200,1112326144
calibration-20260902-f,S1-100-r01,2026-09-01T15:46:47.667080469Z,6530.992110,28641514,1121075200,1112326144
calibration-20260902-f,S1-100-r01,2026-09-01T15:46:47.67728335Z,6541.194991,28641740,1121075200,1112231936
calibration-20260902-f,S1-100-r01,2026-09-01T15:46:47.686446289Z,6550.357929,28641894,1121075200,1112231936
calibration-20260902-f,S1-100-r01,2026-09-01T15:46:47.69662988Z,6560.541520,28642051,1121075200,1112231936
calibration-20260902-f,S1-100-r01,2026-09-01T15:46:47.706761997Z,6570.673638,28642243,1121075200,1112231936
calibration-20260902-f,S1-100-r01,2026-09-01T15:46:47.716922416Z,6580.834057,28642449,1121075200,1111969792
calibration-20260902-f,S1-100-r01,2026-09-01T15:46:47.727104257Z,6591.015892,28642710,1121075200,1112231936
calibration-20260902-f,S1-100-r01,2026-09-01T15:46:47.73730383Z,6601.215470,28677707,1121075200,1112231936
calibration-20260902-f,S1-100-r01,2026-09-01T15:46:47.746571729Z,6610.483369,28713480,1121075200,1112231936
calibration-20260902-f,S1-100-r01,2026-09-01T15:46:47.756797222Z,6620.708857,28743741,1121075200,1112494080
calibration-20260902-f,S1-100-r01,2026-09-01T15:46:47.766991711Z,6630.903353,28745075,1121075200,1112494080
calibration-20260902-f,S1-100-r01,2026-09-01T15:46:47.777142276Z,6641.053911,28745149,1121075200,1112494080
calibration-20260902-f,S1-100-r01,2026-09-01T15:46:47.786248364Z,6650.159999,28745218,1121075200,1112494080
calibration-20260902-f,S1-100-r01,2026-09-01T15:46:47.796388196Z,6660.299837,28745284,1121075200,1112494080
calibration-20260902-f,S1-100-r01,2026-09-01T15:46:47.829443698Z,6693.355339,28745374,1121075200,1112231936
calibration-20260902-f,S1-100-r01,2026-09-01T15:46:47.836671592Z,6700.583235,28762628,1121075200,1112231936
calibration-20260902-f,S1-100-r01,2026-09-01T15:46:47.846931214Z,6710.842854,28816190,1121075200,1112494080
calibration-20260902-f,S1-100-r01,2026-09-01T15:46:47.856269117Z,6720.180757,28838812,1121075200,1112494080
calibration-20260902-f,S1-100-r01,2026-09-01T15:46:47.866446519Z,6730.358160,28843466,1121075200,1112305664
calibration-20260902-f,S1-100-r01,2026-09-01T15:46:47.876689517Z,6740.601181,28843695,1121075200,1112305664
calibration-20260902-f,S1-100-r01,2026-09-01T15:46:47.886909945Z,6750.821606,28844170,1121075200,1112305664
calibration-20260902-f,S1-100-r01,2026-09-01T15:46:47.929464125Z,6793.375765,28845050,1121075200,1112047616
calibration-20260902-f,S1-100-r01,2026-09-01T15:46:47.937030324Z,6800.941964,28863659,1073451008,1064722432
calibration-20260902-f,S1-100-r01,2026-09-01T15:46:47.947205076Z,6811.116717,28917027,1081937920,1072840704
calibration-20260902-f,S1-100-r01,2026-09-01T15:46:47.956416797Z,6820.328437,28944086,1094782976,1085849600
calibration-20260902-f,S1-100-r01,2026-09-01T15:46:48.029430357Z,6893.341997,28944491,1095012352,1086242816
calibration-20260902-f,S1-100-r01,2026-09-01T15:46:48.0365604Z,6900.472041,28962128,1119326208,1110360064
calibration-20260902-f,S1-100-r01,2026-09-01T15:46:48.046912516Z,6910.824181,29016653,1148915712,1139982336
calibration-20260902-f,S1-100-r01,2026-09-01T15:46:48.057264215Z,6921.175858,29044368,1161531392,1152565248
calibration-20260902-f,S1-100-r01,2026-09-01T15:46:48.066552327Z,6930.463967,29044650,1161531392,1152565248
calibration-20260902-f,S1-100-r01,2026-09-01T15:46:48.076801141Z,6940.712781,29044903,1161531392,1152565248
calibration-20260902-f,S1-100-r01,2026-09-01T15:46:48.087045159Z,6950.956799,29045160,1161531392,1152565248
calibration-20260902-f,S1-100-r01,2026-09-01T15:46:48.097223228Z,6961.134868,29045430,1161531392,1152565248
calibration-20260902-f,S1-100-r01,2026-09-01T15:46:48.106447457Z,6970.359097,29045616,1161531392,1152565248
calibration-20260902-f,S1-100-r01,2026-09-01T15:46:48.11658866Z,6980.500299,29045830,1161531392,1152565248
calibration-20260902-f,S1-100-r01,2026-09-01T15:46:48.126763078Z,6990.674718,29046031,1161760768,1152565248
calibration-20260902-f,S1-100-r01,2026-09-01T15:46:48.136993445Z,7000.905086,29063671,1184927744,1175633920
calibration-20260902-f,S1-100-r01,2026-09-01T15:46:48.14719719Z,7011.108832,29118098,1204424704,1195819008
calibration-20260902-f,S1-100-r01,2026-09-01T15:46:48.156478487Z,7020.390122,29140635,1207177216,1198440448
calibration-20260902-f,S1-100-r01,2026-09-01T15:46:48.166680704Z,7030.592345,29140832,1207177216,1198440448
calibration-20260902-f,S1-100-r01,2026-09-01T15:46:48.17688063Z,7040.792270,29141049,1207177216,1198440448
calibration-20260902-f,S1-100-r01,2026-09-01T15:46:48.187042947Z,7050.954587,29141248,1207177216,1198440448
calibration-20260902-f,S1-100-r01,2026-09-01T15:46:48.197288424Z,7061.200065,29141496,1207177216,1198440448
calibration-20260902-f,S1-100-r01,2026-09-01T15:46:48.229407519Z,7093.319160,29141791,1207177216,1198440448
calibration-20260902-f,S1-100-r01,2026-09-01T15:46:48.23658933Z,7100.500970,29159271,1216811008,1207877632
calibration-20260902-f,S1-100-r01,2026-09-01T15:46:48.24680813Z,7110.719771,29212933,1218646016,1210494976
calibration-20260902-f,S1-100-r01,2026-09-01T15:46:48.257105479Z,7121.017120,29239917,1218646016,1210486784
calibration-20260902-f,S1-100-r01,2026-09-01T15:46:48.329506196Z,7193.417832,29244608,1218646016,1210486784
calibration-20260902-f,S1-100-r01,2026-09-01T15:46:48.336763838Z,7200.675505,29262081,1218646016,1210748928
calibration-20260902-f,S1-100-r01,2026-09-01T15:46:48.347087009Z,7210.998649,29316158,1226215424,1218351104
calibration-20260902-f,S1-100-r01,2026-09-01T15:46:48.356297081Z,7220.208721,29343308,1234472960,1226477568
calibration-20260902-f,S1-100-r01,2026-09-01T15:46:48.36651379Z,7230.425430,29343543,1234472960,1226477568
calibration-20260902-f,S1-100-r01,2026-09-01T15:46:48.376692496Z,7240.604137,29343742,1234472960,1226477568
calibration-20260902-f,S1-100-r01,2026-09-01T15:46:48.386841338Z,7250.752978,29343914,1234472960,1226477568
calibration-20260902-f,S1-100-r01,2026-09-01T15:46:48.397034712Z,7260.946352,29344105,1234472960,1226477568
calibration-20260902-f,S1-100-r01,2026-09-01T15:46:48.407204721Z,7271.116363,29344254,1234472960,1226477568
calibration-20260902-f,S1-100-r01,2026-09-01T15:46:48.41638475Z,7280.296390,29344392,1234472960,1226477568
calibration-20260902-f,S1-100-r01,2026-09-01T15:46:48.429449048Z,7293.360712,29344557,1234472960,1226342400
calibration-20260902-f,S1-100-r01,2026-09-01T15:46:48.436762942Z,7300.674607,29362158,1242730496,1234731008
calibration-20260902-f,S1-100-r01,2026-09-01T15:46:48.446970766Z,7310.882407,29416357,1257869312,1249673216
calibration-20260902-f,S1-100-r01,2026-09-01T15:46:48.457140705Z,7321.052345,29439306,1267044352,1258586112
calibration-20260902-f,S1-100-r01,2026-09-01T15:46:48.466408091Z,7330.319731,29439523,1267044352,1258586112
calibration-20260902-f,S1-100-r01,2026-09-01T15:46:48.476593045Z,7340.504686,29439675,1267044352,1258586112
calibration-20260902-f,S1-100-r01,2026-09-01T15:46:48.486808098Z,7350.719740,29439837,1267044352,1258586112
calibration-20260902-f,S1-100-r01,2026-09-01T15:46:48.497010805Z,7360.922445,29439969,1267273728,1258586112
calibration-20260902-f,S1-100-r01,2026-09-01T15:46:48.507132324Z,7371.043964,29440083,1267273728,1258586112
calibration-20260902-f,S1-100-r01,2026-09-01T15:46:48.51723246Z,7381.144100,29440197,1267273728,1258586112
calibration-20260902-f,S1-100-r01,2026-09-01T15:46:48.526362085Z,7390.273726,29440339,1267273728,1258586112
calibration-20260902-f,S1-100-r01,2026-09-01T15:46:48.536538735Z,7400.450376,29457578,1267273728,1258586112
calibration-20260902-f,S1-100-r01,2026-09-01T15:46:48.546727402Z,7410.639042,29511291,1267273728,1258582016
calibration-20260902-f,S1-100-r01,2026-09-01T15:46:48.556988476Z,7420.900117,29538377,1267273728,1258582016
calibration-20260902-f,S1-100-r01,2026-09-01T15:46:48.567285555Z,7431.197196,29543135,1267273728,1258582016
calibration-20260902-f,S1-100-r01,2026-09-01T15:46:48.629430855Z,7493.342490,29543398,1267273728,1258582016
calibration-20260902-f,S1-100-r01,2026-09-01T15:46:48.636567888Z,7500.479529,29560706,1267273728,1258582016
calibration-20260902-f,S1-100-r01,2026-09-01T15:46:48.646728559Z,7510.640199,29614545,1267273728,1258844160
calibration-20260902-f,S1-100-r01,2026-09-01T15:46:48.657028639Z,7520.940280,29641580,1267273728,1258844160
calibration-20260902-f,S1-100-r01,2026-09-01T15:46:48.667248568Z,7531.160208,29646241,1267273728,1258844160
calibration-20260902-f,S1-100-r01,2026-09-01T15:46:48.676426725Z,7540.338366,29646613,1267273728,1258844160
calibration-20260902-f,S1-100-r01,2026-09-01T15:46:48.686695271Z,7550.606936,29646789,1267273728,1258844160
calibration-20260902-f,S1-100-r01,2026-09-01T15:46:48.729433627Z,7593.345262,29647376,1267273728,1259073536
calibration-20260902-f,S1-100-r01,2026-09-01T15:46:48.736669623Z,7600.581259,29666682,1219530752,1211011072
calibration-20260902-f,S1-100-r01,2026-09-01T15:46:48.746986084Z,7610.897719,29720649,1178939392,1170829312
calibration-20260902-f,S1-100-r01,2026-09-01T15:46:48.757199988Z,7621.111628,29743152,1178939392,1170829312
calibration-20260902-f,S1-100-r01,2026-09-01T15:46:48.766323233Z,7630.234873,29743287,1178939392,1170653184
calibration-20260902-f,S1-100-r01,2026-09-01T15:46:48.776455028Z,7640.366669,29743410,1178939392,1170653184
calibration-20260902-f,S1-100-r01,2026-09-01T15:46:48.786596634Z,7650.508274,29743515,1178939392,1170653184
calibration-20260902-f,S1-100-r01,2026-09-01T15:46:48.796761759Z,7660.673399,29743650,1178939392,1170653184
calibration-20260902-f,S1-100-r01,2026-09-01T15:46:48.806906483Z,7670.818123,29743761,1178939392,1170653184
calibration-20260902-f,S1-100-r01,2026-09-01T15:46:48.829436893Z,7693.348534,29743847,1178939392,1170395136
calibration-20260902-f,S1-100-r01,2026-09-01T15:46:48.836757624Z,7700.669264,29761152,1178939392,1170395136
calibration-20260902-f,S1-100-r01,2026-09-01T15:46:48.846361541Z,7710.273176,29817181,1131773952,1123627008
calibration-20260902-f,S1-100-r01,2026-09-01T15:46:48.856573465Z,7720.485105,29843115,1131773952,1123627008
calibration-20260902-f,S1-100-r01,2026-09-01T15:46:48.866791834Z,7730.703475,29843353,1131773952,1123528704
calibration-20260902-f,S1-100-r01,2026-09-01T15:46:48.877005817Z,7740.917457,29843569,1131773952,1123528704
calibration-20260902-f,S1-100-r01,2026-09-01T15:46:48.887132792Z,7751.044432,29843734,1131773952,1123528704
calibration-20260902-f,S1-100-r01,2026-09-01T15:46:48.896295047Z,7760.206687,29843886,1131773952,1123528704
calibration-20260902-f,S1-100-r01,2026-09-01T15:46:48.906450606Z,7770.362246,29844021,1131773952,1123528704
calibration-20260902-f,S1-100-r01,2026-09-01T15:46:48.916593262Z,7780.504902,29844123,1131773952,1123266560
calibration-20260902-f,S1-100-r01,2026-09-01T15:46:48.926736407Z,7790.648047,29844262,1131773952,1123266560
calibration-20260902-f,S1-100-r01,2026-09-01T15:46:48.936937676Z,7800.849317,29861533,1131773952,1123266560
calibration-20260902-f,S1-100-r01,2026-09-01T15:46:48.946257215Z,7810.168850,29916355,1083748352,1075269632
calibration-20260902-f,S1-100-r01,2026-09-01T15:46:48.956286673Z,7820.198314,29938527,1083977728,1075200000
calibration-20260902-f,S1-100-r01,2026-09-01T15:46:48.966480614Z,7830.392255,29943161,1083977728,1075200000
calibration-20260902-f,S1-100-r01,2026-09-01T15:46:48.976613703Z,7840.525343,29943319,1083977728,1075200000
calibration-20260902-f,S1-100-r01,2026-09-01T15:46:48.986746602Z,7850.658243,29943498,1083977728,1075101696
calibration-20260902-f,S1-100-r01,2026-09-01T15:46:48.996956428Z,7860.868068,29943706,1083977728,1075621888
calibration-20260902-f,S1-100-r01,2026-09-01T15:46:49.007145504Z,7871.057140,29943937,1083977728,1075617792
calibration-20260902-f,S1-100-r01,2026-09-01T15:46:49.016250288Z,7880.161929,29944021,1083977728,1075355648
calibration-20260902-f,S1-100-r01,2026-09-01T15:46:49.026454666Z,7890.366300,29944179,1083977728,1075355648
calibration-20260902-f,S1-100-r01,2026-09-01T15:46:49.03670838Z,7900.620046,29961418,1083977728,1075355648
calibration-20260902-f,S1-100-r01,2026-09-01T15:46:49.047031723Z,7910.943364,30015288,1083977728,1075875840
calibration-20260902-f,S1-100-r01,2026-09-01T15:46:49.056275823Z,7920.187464,30042197,1083977728,1075875840
calibration-20260902-f,S1-100-r01,2026-09-01T15:46:49.066461328Z,7930.372968,30042418,1083977728,1075875840
calibration-20260902-f,S1-100-r01,2026-09-01T15:46:49.076678098Z,7940.589739,30042642,1083977728,1075875840
calibration-20260902-f,S1-100-r01,2026-09-01T15:46:49.086836026Z,7950.747666,30042845,1083977728,1075875840
calibration-20260902-f,S1-100-r01,2026-09-01T15:46:49.096990494Z,7960.902133,30043045,1083977728,1075875840
calibration-20260902-f,S1-100-r01,2026-09-01T15:46:49.107191729Z,7971.103371,30043231,1083977728,1075875840
calibration-20260902-f,S1-100-r01,2026-09-01T15:46:49.129415244Z,7993.326885,30043565,1083977728,1075789824
calibration-20260902-f,S1-100-r01,2026-09-01T15:46:49.13667569Z,8000.587354,30060791,1083977728,1075789824
calibration-20260902-f,S1-100-r01,2026-09-01T15:46:49.146362494Z,8010.274138,30116455,1040093184,1032175616
calibration-20260902-f,S1-100-r01,2026-09-01T15:46:49.156776781Z,8020.688422,30142382,1044680704,1036632064
calibration-20260902-f,S1-100-r01,2026-09-01T15:46:49.166970276Z,8030.881915,30142658,1044680704,1036632064
calibration-20260902-f,S1-100-r01,2026-09-01T15:46:49.17722962Z,8041.141261,30142931,1044680704,1036533760
calibration-20260902-f,S1-100-r01,2026-09-01T15:46:49.186381115Z,8050.292755,30143057,1044680704,1036533760
calibration-20260902-f,S1-100-r01,2026-09-01T15:46:49.196561308Z,8060.472949,30143227,1044680704,1036533760
calibration-20260902-f,S1-100-r01,2026-09-01T15:46:49.206754588Z,8070.666228,30143445,1044680704,1036533760
calibration-20260902-f,S1-100-r01,2026-09-01T15:46:49.216892056Z,8080.803697,30143741,1044680704,1036603392
calibration-20260902-f,S1-100-r01,2026-09-01T15:46:49.229398117Z,8093.309752,30143825,1044680704,1036603392
calibration-20260902-f,S1-100-r01,2026-09-01T15:46:49.236563523Z,8100.475163,30161343,1056837632,1048924160
calibration-20260902-f,S1-100-r01,2026-09-01T15:46:49.246928774Z,8110.840419,30215386,1074040832,1066012672
calibration-20260902-f,S1-100-r01,2026-09-01T15:46:49.257266868Z,8121.178509,30243112,1088491520,1080143872
calibration-20260902-f,S1-100-r01,2026-09-01T15:46:49.266469723Z,8130.381363,30243354,1088491520,1080143872
calibration-20260902-f,S1-100-r01,2026-09-01T15:46:49.276702083Z,8140.613724,30243560,1088491520,1080143872
calibration-20260902-f,S1-100-r01,2026-09-01T15:46:49.286943708Z,8150.855349,30243758,1088491520,1080143872
calibration-20260902-f,S1-100-r01,2026-09-01T15:46:49.297165926Z,8161.077566,30243943,1088491520,1080143872
calibration-20260902-f,S1-100-r01,2026-09-01T15:46:49.306275459Z,8170.187099,30244105,1088720896,1080143872
calibration-20260902-f,S1-100-r01,2026-09-01T15:46:49.316504317Z,8180.415957,30244311,1088720896,1080201216
calibration-20260902-f,S1-100-r01,2026-09-01T15:46:49.326694624Z,8190.606265,30244496,1088720896,1080201216
calibration-20260902-f,S1-100-r01,2026-09-01T15:46:49.336920127Z,8200.831762,30262130,1108905984,1100648448
calibration-20260902-f,S1-100-r01,2026-09-01T15:46:49.347177532Z,8211.089173,30316007,1127485440,1119260672
calibration-20260902-f,S1-100-r01,2026-09-01T15:46:49.356425528Z,8220.337168,30342984,1130926080,1122668544
calibration-20260902-f,S1-100-r01,2026-09-01T15:46:49.366602992Z,8230.514632,30343247,1130926080,1122668544
calibration-20260902-f,S1-100-r01,2026-09-01T15:46:49.376832828Z,8240.744468,30343502,1131155456,1122668544
calibration-20260902-f,S1-100-r01,2026-09-01T15:46:49.387049925Z,8250.961567,30343772,1131155456,1122668544
calibration-20260902-f,S1-100-r01,2026-09-01T15:46:49.397304134Z,8261.215774,30344033,1131155456,1122668544
calibration-20260902-f,S1-100-r01,2026-09-01T15:46:49.406442978Z,8270.354618,30344223,1131155456,1122668544
calibration-20260902-f,S1-100-r01,2026-09-01T15:46:49.416700089Z,8280.611730,30344489,1131155456,1122783232
calibration-20260902-f,S1-100-r01,2026-09-01T15:46:49.426969187Z,8290.880828,30344760,1131155456,1123045376
calibration-20260902-f,S1-100-r01,2026-09-01T15:46:49.437226481Z,8301.138122,30380180,1143771136,1135632384
calibration-20260902-f,S1-100-r01,2026-09-01T15:46:49.446505779Z,8310.417420,30416338,1160286208,1152147456
calibration-20260902-f,S1-100-r01,2026-09-01T15:46:49.45674529Z,8320.656931,30439858,1165791232,1157689344
calibration-20260902-f,S1-100-r01,2026-09-01T15:46:49.466961299Z,8330.872939,30440104,1165791232,1157689344
calibration-20260902-f,S1-100-r01,2026-09-01T15:46:49.477228964Z,8341.140604,30440442,1165791232,1157689344
calibration-20260902-f,S1-100-r01,2026-09-01T15:46:49.486491068Z,8350.402710,30440704,1165791232,1157689344
calibration-20260902-f,S1-100-r01,2026-09-01T15:46:49.496825072Z,8360.736707,30441092,1165791232,1157689344
calibration-20260902-f,S1-100-r01,2026-09-01T15:46:49.507049561Z,8370.961201,30441362,1165791232,1157689344
calibration-20260902-f,S1-100-r01,2026-09-01T15:46:49.517261629Z,8381.173270,30441633,1165791232,1157472256
calibration-20260902-f,S1-100-r01,2026-09-01T15:46:49.526497548Z,8390.409189,30441865,1165791232,1157734400
calibration-20260902-f,S1-100-r01,2026-09-01T15:46:49.53672641Z,8400.638051,30459332,1176342528,1168482304
calibration-20260902-f,S1-100-r01,2026-09-01T15:46:49.546998583Z,8410.910223,30513195,1181388800,1173200896
calibration-20260902-f,S1-100-r01,2026-09-01T15:46:49.557306445Z,8421.218085,30540263,1185976320,1177919488
calibration-20260902-f,S1-100-r01,2026-09-01T15:46:49.566596585Z,8430.508225,30540535,1185976320,1177919488
calibration-20260902-f,S1-100-r01,2026-09-01T15:46:49.629479409Z,8493.391051,30541016,1185976320,1177669632
calibration-20260902-f,S1-100-r01,2026-09-01T15:46:49.636626425Z,8500.538065,30558386,1196298240,1188155392
calibration-20260902-f,S1-100-r01,2026-09-01T15:46:49.646808687Z,8510.720327,30612206,1211437056,1203359744
calibration-20260902-f,S1-100-r01,2026-09-01T15:46:49.657050727Z,8520.962368,30634927,1226117120,1217777664
calibration-20260902-f,S1-100-r01,2026-09-01T15:46:49.667229691Z,8531.141331,30639562,1226117120,1217777664
calibration-20260902-f,S1-100-r01,2026-09-01T15:46:49.67638624Z,8540.297881,30639707,1226117120,1218039808
calibration-20260902-f,S1-100-r01,2026-09-01T15:46:49.686493453Z,8550.405093,30639909,1226117120,1218039808
calibration-20260902-f,S1-100-r01,2026-09-01T15:46:49.69663853Z,8560.550170,30640056,1226117120,1218297856
calibration-20260902-f,S1-100-r01,2026-09-01T15:46:49.706797769Z,8570.709409,30640208,1226117120,1218297856
calibration-20260902-f,S1-100-r01,2026-09-01T15:46:49.71700743Z,8580.919070,30640380,1226117120,1218035712
calibration-20260902-f,S1-100-r01,2026-09-01T15:46:49.727139627Z,8591.051267,30640501,1226346496,1217495040
calibration-20260902-f,S1-100-r01,2026-09-01T15:46:49.736262651Z,8600.174287,30657817,1229787136,1221165056
calibration-20260902-f,S1-100-r01,2026-09-01T15:46:49.746509703Z,8610.421344,30711479,1229787136,1221165056
calibration-20260902-f,S1-100-r01,2026-09-01T15:46:49.756794395Z,8620.706034,30738457,1229787136,1221427200
calibration-20260902-f,S1-100-r01,2026-09-01T15:46:49.766971708Z,8630.883348,30743179,1229787136,1221427200
calibration-20260902-f,S1-100-r01,2026-09-01T15:46:49.829439439Z,8693.351103,30743537,1229787136,1221177344
calibration-20260902-f,S1-100-r01,2026-09-01T15:46:49.836862546Z,8700.774212,30760768,1229787136,1221177344
calibration-20260902-f,S1-100-r01,2026-09-01T15:46:49.847050264Z,8710.961932,30814548,1229787136,1221177344
calibration-20260902-f,S1-100-r01,2026-09-01T15:46:49.857230646Z,8721.142286,30841684,1229787136,1221177344
calibration-20260902-f,S1-100-r01,2026-09-01T15:46:49.866492884Z,8730.404524,30841911,1229787136,1221177344
calibration-20260902-f,S1-100-r01,2026-09-01T15:46:49.876685518Z,8740.597159,30842061,1229787136,1221177344
calibration-20260902-f,S1-100-r01,2026-09-01T15:46:49.886881384Z,8750.793025,30842190,1230016512,1221177344
calibration-20260902-f,S1-100-r01,2026-09-01T15:46:49.897060329Z,8760.971969,30842361,1230016512,1221177344
calibration-20260902-f,S1-100-r01,2026-09-01T15:46:49.907213181Z,8771.124821,30842497,1230016512,1221177344
calibration-20260902-f,S1-100-r01,2026-09-01T15:46:49.916484963Z,8780.396604,30842685,1230016512,1221177344
calibration-20260902-f,S1-100-r01,2026-09-01T15:46:49.926575451Z,8790.487091,30842889,1230016512,1221177344
calibration-20260902-f,S1-100-r01,2026-09-01T15:46:49.936774615Z,8800.686249,30863436,1230016512,1221439488
calibration-20260902-f,S1-100-r01,2026-09-01T15:46:49.947020153Z,8810.931793,30914208,1230016512,1221439488
calibration-20260902-f,S1-100-r01,2026-09-01T15:46:49.957168717Z,8821.080353,30941572,1230016512,1221439488
calibration-20260902-f,S1-100-r01,2026-09-01T15:46:49.966430047Z,8830.341687,30941766,1230016512,1221439488
calibration-20260902-f,S1-100-r01,2026-09-01T15:46:49.97661018Z,8840.521820,30941973,1230016512,1221439488
calibration-20260902-f,S1-100-r01,2026-09-01T15:46:49.986871271Z,8850.782911,30942241,1230016512,1221701632
calibration-20260902-f,S1-100-r01,2026-09-01T15:46:49.997082552Z,8860.994192,30942468,1230016512,1221451776
calibration-20260902-f,S1-100-r01,2026-09-01T15:46:50.006302133Z,8870.213772,30942691,1230016512,1221713920
calibration-20260902-f,S1-100-r01,2026-09-01T15:46:50.016517301Z,8880.428942,30942874,1230016512,1221713920
calibration-20260902-f,S1-100-r01,2026-09-01T15:46:50.026690061Z,8890.601702,30943050,1230016512,1221455872
calibration-20260902-f,S1-100-r01,2026-09-01T15:46:50.036359525Z,8900.271160,30963883,1182150656,1173458944
calibration-20260902-f,S1-100-r01,2026-09-01T15:46:50.046274628Z,8910.186268,31014771,1182150656,1173651456
calibration-20260902-f,S1-100-r01,2026-09-01T15:46:50.056704805Z,8920.616445,31038197,1134514176,1126137856
calibration-20260902-f,S1-100-r01,2026-09-01T15:46:50.066920594Z,8930.832234,31038386,1134514176,1126137856
calibration-20260902-f,S1-100-r01,2026-09-01T15:46:50.077098963Z,8941.010604,31038622,1134514176,1126043648
calibration-20260902-f,S1-100-r01,2026-09-01T15:46:50.087302602Z,8951.214243,31038943,1134514176,1125945344
calibration-20260902-f,S1-100-r01,2026-09-01T15:46:50.096538741Z,8960.450382,31039178,1134514176,1125945344
calibration-20260902-f,S1-100-r01,2026-09-01T15:46:50.106777707Z,8970.689347,31039422,1134514176,1125945344
calibration-20260902-f,S1-100-r01,2026-09-01T15:46:50.116913703Z,8980.825344,31039623,1134514176,1125945344
calibration-20260902-f,S1-100-r01,2026-09-01T15:46:50.127096145Z,8991.007784,31039819,1134514176,1125949440
calibration-20260902-f,S1-100-r01,2026-09-01T15:46:50.136681925Z,9000.593561,31059112,1134514176,1125949440
calibration-20260902-f,S1-100-r01,2026-09-01T15:46:50.14696456Z,9010.876201,31111330,1134514176,1125949440
calibration-20260902-f,S1-100-r01,2026-09-01T15:46:50.157249806Z,9021.161446,31142695,1134514176,1125949440
calibration-20260902-f,S1-100-r01,2026-09-01T15:46:50.16657181Z,9030.483449,31142986,1134514176,1125949440
calibration-20260902-f,S1-100-r01,2026-09-01T15:46:50.176763476Z,9040.675115,31143213,1134514176,1125949440
calibration-20260902-f,S1-100-r01,2026-09-01T15:46:50.229469664Z,9093.381304,31143550,1134514176,1125687296
calibration-20260902-f,S1-100-r01,2026-09-01T15:46:50.236652331Z,9100.563966,31163965,1086423040,1077649408
calibration-20260902-f,S1-100-r01,2026-09-01T15:46:50.24702861Z,9110.940250,31215455,1086423040,1077911552
calibration-20260902-f,S1-100-r01,2026-09-01T15:46:50.256273143Z,9120.184783,31242497,1086423040,1077870592
calibration-20260902-f,S1-100-r01,2026-09-01T15:46:50.266453438Z,9130.365078,31242676,1086423040,1077772288
calibration-20260902-f,S1-100-r01,2026-09-01T15:46:50.276650654Z,9140.562295,31242862,1086423040,1077772288
calibration-20260902-f,S1-100-r01,2026-09-01T15:46:50.286811449Z,9150.723089,31243031,1086423040,1077190656
calibration-20260902-f,S1-100-r01,2026-09-01T15:46:50.296996565Z,9160.908205,31243234,1086423040,1077190656
calibration-20260902-f,S1-100-r01,2026-09-01T15:46:50.307170884Z,9171.082526,31243441,1086423040,1077190656
calibration-20260902-f,S1-100-r01,2026-09-01T15:46:50.32942961Z,9193.341250,31243591,1086423040,1076928512
calibration-20260902-f,S1-100-r01,2026-09-01T15:46:50.336600158Z,9200.511798,31260903,1086423040,1076920320
calibration-20260902-f,S1-100-r01,2026-09-01T15:46:50.346798935Z,9210.710570,31314867,1086423040,1076920320
calibration-20260902-f,S1-100-r01,2026-09-01T15:46:50.357001095Z,9220.912736,31337293,1086423040,1076920320
calibration-20260902-f,S1-100-r01,2026-09-01T15:46:50.367173461Z,9231.085101,31341946,1086652416,1076920320
calibration-20260902-f,S1-100-r01,2026-09-01T15:46:50.37640088Z,9240.312520,31342154,1086652416,1076920320
calibration-20260902-f,S1-100-r01,2026-09-01T15:46:50.386658002Z,9250.569643,31342381,1086652416,1077182464
calibration-20260902-f,S1-100-r01,2026-09-01T15:46:50.396794181Z,9260.705821,31342542,1086652416,1077182464
calibration-20260902-f,S1-100-r01,2026-09-01T15:46:50.406964529Z,9270.876169,31342720,1086652416,1077182464
calibration-20260902-f,S1-100-r01,2026-09-01T15:46:50.417095566Z,9281.007206,31342904,1086652416,1077182464
calibration-20260902-f,S1-100-r01,2026-09-01T15:46:50.42721951Z,9291.131151,31343114,1086652416,1077182464
calibration-20260902-f,S1-100-r01,2026-09-01T15:46:50.43670434Z,9300.615980,31363396,1038630912,1029873664
calibration-20260902-f,S1-100-r01,2026-09-01T15:46:50.446994311Z,9310.905951,31415186,1042300928,1033805824
calibration-20260902-f,S1-100-r01,2026-09-01T15:46:50.457252729Z,9321.164371,31442031,1045512192,1037213696
calibration-20260902-f,S1-100-r01,2026-09-01T15:46:50.466412083Z,9330.323723,31442212,1045512192,1037115392
calibration-20260902-f,S1-100-r01,2026-09-01T15:46:50.476546657Z,9340.458297,31442338,1045512192,1037115392
calibration-20260902-f,S1-100-r01,2026-09-01T15:46:50.486655577Z,9350.567217,31442460,1045512192,1037115392
calibration-20260902-f,S1-100-r01,2026-09-01T15:46:50.496847263Z,9360.758904,31442586,1045512192,1037115392
calibration-20260902-f,S1-100-r01,2026-09-01T15:46:50.506976555Z,9370.888196,31442773,1045512192,1037115392
calibration-20260902-f,S1-100-r01,2026-09-01T15:46:50.517124807Z,9381.036448,31442895,1045512192,1037115392
calibration-20260902-f,S1-100-r01,2026-09-01T15:46:50.527282884Z,9391.194524,31443014,1045741568,1036853248
calibration-20260902-f,S1-100-r01,2026-09-01T15:46:50.536498659Z,9400.410301,31460522,1051017216,1042096128
calibration-20260902-f,S1-100-r01,2026-09-01T15:46:50.546675956Z,9410.587596,31514981,1078083584,1069617152
calibration-20260902-f,S1-100-r01,2026-09-01T15:46:50.556853318Z,9420.764958,31541324,1101021184,1092161536
calibration-20260902-f,S1-100-r01,2026-09-01T15:46:50.567075188Z,9430.986828,31542497,1101021184,1092423680
calibration-20260902-f,S1-100-r01,2026-09-01T15:46:50.629443146Z,9493.354787,31542924,1101021184,1092161536
calibration-20260902-f,S1-100-r01,2026-09-01T15:46:50.636763512Z,9500.675153,31560381,1113407488,1104744448
calibration-20260902-f,S1-100-r01,2026-09-01T15:46:50.646990467Z,9510.902108,31614331,1135427584,1126764544
calibration-20260902-f,S1-100-r01,2026-09-01T15:46:50.657147332Z,9521.058967,31641459,1151025152,1142493184
calibration-20260902-f,S1-100-r01,2026-09-01T15:46:50.666360775Z,9530.272414,31641596,1151025152,1142493184
calibration-20260902-f,S1-100-r01,2026-09-01T15:46:50.676528172Z,9540.439812,31641696,1151025152,1142493184
calibration-20260902-f,S1-100-r01,2026-09-01T15:46:50.686672446Z,9550.584087,31641896,1151025152,1142493184
calibration-20260902-f,S1-100-r01,2026-09-01T15:46:50.696862512Z,9560.774151,31642118,1151025152,1142755328
calibration-20260902-f,S1-100-r01,2026-09-01T15:46:50.707113617Z,9571.025258,31642452,1151025152,1142755328
calibration-20260902-f,S1-100-r01,2026-09-01T15:46:50.72944795Z,9593.359610,31642713,1151254528,1142755328
calibration-20260902-f,S1-100-r01,2026-09-01T15:46:50.736630878Z,9600.542526,31660257,1164328960,1155862528
calibration-20260902-f,S1-100-r01,2026-09-01T15:46:50.746731852Z,9610.643492,31714259,1181532160,1172901888
calibration-20260902-f,S1-100-r01,2026-09-01T15:46:50.756975957Z,9620.887597,31736829,1183825920,1175261184
calibration-20260902-f,S1-100-r01,2026-09-01T15:46:50.767192972Z,9631.104612,31737043,1183825920,1175523328
calibration-20260902-f,S1-100-r01,2026-09-01T15:46:50.776416151Z,9640.327792,31737258,1183825920,1175523328
calibration-20260902-f,S1-100-r01,2026-09-01T15:46:50.786550545Z,9650.462185,31737421,1183825920,1175523328
calibration-20260902-f,S1-100-r01,2026-09-01T15:46:50.796745749Z,9660.657390,31737603,1183825920,1175523328
calibration-20260902-f,S1-100-r01,2026-09-01T15:46:50.806932594Z,9670.844235,31737800,1183825920,1175523328
calibration-20260902-f,S1-100-r01,2026-09-01T15:46:50.817132174Z,9681.043809,31737957,1183825920,1175523328
calibration-20260902-f,S1-100-r01,2026-09-01T15:46:50.82639391Z,9690.305554,31738133,1183825920,1175523328
calibration-20260902-f,S1-100-r01,2026-09-01T15:46:50.836658263Z,9700.569929,31755666,1183825920,1175785472
calibration-20260902-f,S1-100-r01,2026-09-01T15:46:50.846895403Z,9710.807043,31809399,1188872192,1180766208
calibration-20260902-f,S1-100-r01,2026-09-01T15:46:50.857144609Z,9721.056249,31841238,1200570368,1192300544
calibration-20260902-f,S1-100-r01,2026-09-01T15:46:50.866294154Z,9730.205795,31841375,1200570368,1192300544
calibration-20260902-f,S1-100-r01,2026-09-01T15:46:50.876430929Z,9740.342570,31841540,1200570368,1192300544
calibration-20260902-f,S1-100-r01,2026-09-01T15:46:50.886637258Z,9750.548899,31841788,1200570368,1192300544
calibration-20260902-f,S1-100-r01,2026-09-01T15:46:50.896857112Z,9760.768752,31841998,1200570368,1192300544
calibration-20260902-f,S1-100-r01,2026-09-01T15:46:50.907102361Z,9771.014002,31842251,1200570368,1192558592
calibration-20260902-f,S1-100-r01,2026-09-01T15:46:50.917297701Z,9781.209342,31842422,1200570368,1192558592
calibration-20260902-f,S1-100-r01,2026-09-01T15:46:50.926413558Z,9790.325198,31842571,1200570368,1192296448
calibration-20260902-f,S1-100-r01,2026-09-01T15:46:50.936571118Z,9800.482758,31860083,1213874176,1205665792
calibration-20260902-f,S1-100-r01,2026-09-01T15:46:50.946714973Z,9810.626613,31915681,1232224256,1224015872
calibration-20260902-f,S1-100-r01,2026-09-01T15:46:51.029417575Z,9893.329217,31941342,1232453632,1224273920
calibration-20260902-f,S1-100-r01,2026-09-01T15:46:51.036668414Z,9900.580055,31958650,1232453632,1224273920
calibration-20260902-f,S1-100-r01,2026-09-01T15:46:51.046893299Z,9910.804940,32012318,1232453632,1224273920
calibration-20260902-f,S1-100-r01,2026-09-01T15:46:51.057117303Z,9921.028944,32034802,1232453632,1224273920
calibration-20260902-f,S1-100-r01,2026-09-01T15:46:51.12971365Z,9993.625290,32039892,1232683008,1224536064
calibration-20260902-f,S1-100-r01,2026-09-01T15:46:51.136872348Z,10000.783989,32056880,1232683008,1224536064
calibration-20260902-f,S1-100-r01,2026-09-01T15:46:51.147006204Z,10010.917845,32110481,1232683008,1224536064
calibration-20260902-f,S1-100-r01,2026-09-01T15:46:51.15626991Z,10020.181549,32137539,1232683008,1224536064
calibration-20260902-f,S1-100-r01,2026-09-01T15:46:51.166496611Z,10030.408252,32142201,1232683008,1224536064
calibration-20260902-f,S1-100-r01,2026-09-01T15:46:51.176715614Z,10040.627254,32142384,1232683008,1224536064
calibration-20260902-f,S1-100-r01,2026-09-01T15:46:51.186888378Z,10050.800019,32142548,1232683008,1224536064
calibration-20260902-f,S1-100-r01,2026-09-01T15:46:51.197018289Z,10060.929929,32142659,1232683008,1224536064
calibration-20260902-f,S1-100-r01,2026-09-01T15:46:51.207252961Z,10071.164596,32142807,1232683008,1224536064
calibration-20260902-f,S1-100-r01,2026-09-01T15:46:51.229440237Z,10093.351880,32142958,1232683008,1224536064
calibration-20260902-f,S1-100-r01,2026-09-01T15:46:51.23948991Z,10103.401545,32178479,1232683008,1224798208
calibration-20260902-f,S1-100-r01,2026-09-01T15:46:51.246754844Z,10110.666483,32214445,1232683008,1224798208
calibration-20260902-f,S1-100-r01,2026-09-01T15:46:51.256944529Z,10120.856170,32241394,1232683008,1224798208
calibration-20260902-f,S1-100-r01,2026-09-01T15:46:51.267165003Z,10131.076644,32241607,1232683008,1224798208
calibration-20260902-f,S1-100-r01,2026-09-01T15:46:51.277277474Z,10141.189120,32241809,1232683008,1224683520
calibration-20260902-f,S1-100-r01,2026-09-01T15:46:51.286588001Z,10150.499641,32242133,1232683008,1224683520
calibration-20260902-f,S1-100-r01,2026-09-01T15:46:51.296833174Z,10160.744839,32242342,1232683008,1224683520
calibration-20260902-f,S1-100-r01,2026-09-01T15:46:51.329451998Z,10193.363638,32242834,1232683008,1224429568
calibration-20260902-f,S1-100-r01,2026-09-01T15:46:51.337810117Z,10201.721752,32273729,1136529408,1128558592
calibration-20260902-f,S1-100-r01,2026-09-01T15:46:51.349250031Z,10213.161666,32325920,1136529408,1128558592
calibration-20260902-f,S1-100-r01,2026-09-01T15:46:51.429413723Z,10293.325364,32340180,1136988160,1128366080
calibration-20260902-f,S1-100-r01,2026-09-01T15:46:51.436626242Z,10300.537877,32358283,1136988160,1128628224
calibration-20260902-f,S1-100-r01,2026-09-01T15:46:51.446955808Z,10310.867443,32411875,1136988160,1128628224
calibration-20260902-f,S1-100-r01,2026-09-01T15:46:51.457199931Z,10321.111571,32438817,1136988160,1128628224
calibration-20260902-f,S1-100-r01,2026-09-01T15:46:51.466377516Z,10330.289156,32438974,1136988160,1128628224
calibration-20260902-f,S1-100-r01,2026-09-01T15:46:51.476568292Z,10340.479933,32439148,1136988160,1128628224
calibration-20260902-f,S1-100-r01,2026-09-01T15:46:51.48673273Z,10350.644371,32439300,1136988160,1128628224
calibration-20260902-f,S1-100-r01,2026-09-01T15:46:51.496864355Z,10360.775996,32439470,1136988160,1128628224
calibration-20260902-f,S1-100-r01,2026-09-01T15:46:51.507025076Z,10370.936716,32439647,1136988160,1128628224
calibration-20260902-f,S1-100-r01,2026-09-01T15:46:51.51716365Z,10381.075290,32439838,1136988160,1128370176
calibration-20260902-f,S1-100-r01,2026-09-01T15:46:51.529474311Z,10393.385947,32439970,1136988160,1128370176
calibration-20260902-f,S1-100-r01,2026-09-01T15:46:51.536701921Z,10400.613562,32458876,1088868352,1080651776
calibration-20260902-f,S1-100-r01,2026-09-01T15:46:51.546873249Z,10410.784884,32513464,1040879616,1032802304
calibration-20260902-f,S1-100-r01,2026-09-01T15:46:51.557240931Z,10421.152572,32540252,1041108992,1033261056
calibration-20260902-f,S1-100-r01,2026-09-01T15:46:51.566460224Z,10430.371864,32540483,1041108992,1033052160
calibration-20260902-f,S1-100-r01,2026-09-01T15:46:51.576591917Z,10440.503557,32540645,1041108992,1033052160
calibration-20260902-f,S1-100-r01,2026-09-01T15:46:51.586711231Z,10450.622871,32540837,1041108992,1032998912
calibration-20260902-f,S1-100-r01,2026-09-01T15:46:51.596913891Z,10460.825531,32541055,1041108992,1033261056
calibration-20260902-f,S1-100-r01,2026-09-01T15:46:51.629428595Z,10493.340235,32541404,1041108992,1033248768
calibration-20260902-f,S1-100-r01,2026-09-01T15:46:51.636676252Z,10500.587892,32558673,1041108992,1033248768
calibration-20260902-f,S1-100-r01,2026-09-01T15:46:51.646791969Z,10510.703611,32612170,1041108992,1033248768
calibration-20260902-f,S1-100-r01,2026-09-01T15:46:51.656915614Z,10520.827254,32634535,1041108992,1033248768
calibration-20260902-f,S1-100-r01,2026-09-01T15:46:51.667137605Z,10531.049245,32639134,1041108992,1033248768
calibration-20260902-f,S1-100-r01,2026-09-01T15:46:51.676266622Z,10540.178263,32639298,1041108992,1033248768
calibration-20260902-f,S1-100-r01,2026-09-01T15:46:51.686383744Z,10550.295385,32639441,1041108992,1033248768
calibration-20260902-f,S1-100-r01,2026-09-01T15:46:51.696529555Z,10560.441190,32639519,1041108992,1033248768
calibration-20260902-f,S1-100-r01,2026-09-01T15:46:51.706626502Z,10570.538137,32639583,1041108992,1033248768
calibration-20260902-f,S1-100-r01,2026-09-01T15:46:51.716811987Z,10580.723627,32639699,1041108992,1033248768
calibration-20260902-f,S1-100-r01,2026-09-01T15:46:51.727004981Z,10590.916623,32639828,1041108992,1033248768
calibration-20260902-f,S1-100-r01,2026-09-01T15:46:51.737210491Z,10601.122133,32674735,1041108992,1033248768
calibration-20260902-f,S1-100-r01,2026-09-01T15:46:51.746480484Z,10610.392125,32710627,1049595904,1041870848
calibration-20260902-f,S1-100-r01,2026-09-01T15:46:51.756653204Z,10620.564844,32738058,1071157248,1063366656
calibration-20260902-f,S1-100-r01,2026-09-01T15:46:51.76689902Z,10630.810660,32738263,1071157248,1063366656
calibration-20260902-f,S1-100-r01,2026-09-01T15:46:51.777157305Z,10641.068946,32738520,1071157248,1063366656
calibration-20260902-f,S1-100-r01,2026-09-01T15:46:51.786371866Z,10650.283506,32738628,1071157248,1063366656
calibration-20260902-f,S1-100-r01,2026-09-01T15:46:51.796565262Z,10660.476902,32738784,1071157248,1063366656
calibration-20260902-f,S1-100-r01,2026-09-01T15:46:51.806733353Z,10670.644993,32738942,1071157248,1063366656
calibration-20260902-f,S1-100-r01,2026-09-01T15:46:51.816895439Z,10680.807079,32739060,1071386624,1063366656
calibration-20260902-f,S1-100-r01,2026-09-01T15:46:51.82708183Z,10690.993470,32739188,1071386624,1063366656
calibration-20260902-f,S1-100-r01,2026-09-01T15:46:51.837247367Z,10701.159008,32774659,1099599872,1091678208
calibration-20260902-f,S1-100-r01,2026-09-01T15:46:51.846467373Z,10710.379014,32810774,1127124992,1118941184
calibration-20260902-f,S1-100-r01,2026-09-01T15:46:51.856811661Z,10720.723302,32837844,1134694400,1126281216
calibration-20260902-f,S1-100-r01,2026-09-01T15:46:51.867024495Z,10730.936136,32842461,1134694400,1126281216
calibration-20260902-f,S1-100-r01,2026-09-01T15:46:51.929436455Z,10793.348096,32842652,1134694400,1126543360
calibration-20260902-f,S1-100-r01,2026-09-01T15:46:51.936657489Z,10800.569124,32859992,1138135040,1129951232
calibration-20260902-f,S1-100-r01,2026-09-01T15:46:51.946869979Z,10810.781619,32914307,1139511296,1131524096
calibration-20260902-f,S1-100-r01,2026-09-01T15:46:51.95712765Z,10821.039289,32937154,1142263808,1134145536
calibration-20260902-f,S1-100-r01,2026-09-01T15:46:51.96625837Z,10830.170011,32941756,1142263808,1134145536
calibration-20260902-f,S1-100-r01,2026-09-01T15:46:51.97648275Z,10840.394392,32941980,1142263808,1134145536
calibration-20260902-f,S1-100-r01,2026-09-01T15:46:51.986648979Z,10850.560619,32942150,1142263808,1134145536
calibration-20260902-f,S1-100-r01,2026-09-01T15:46:51.99679341Z,10860.705050,32942334,1142263808,1134129152
calibration-20260902-f,S1-100-r01,2026-09-01T15:46:52.007027547Z,10870.939187,32942546,1142263808,1134129152
calibration-20260902-f,S1-100-r01,2026-09-01T15:46:52.017173892Z,10881.085532,32942844,1142263808,1134129152
calibration-20260902-f,S1-100-r01,2026-09-01T15:46:52.026284849Z,10890.196489,32942950,1142263808,1134129152
calibration-20260902-f,S1-100-r01,2026-09-01T15:46:52.036440636Z,10900.352271,32960597,1151209472,1143570432
calibration-20260902-f,S1-100-r01,2026-09-01T15:46:52.046652604Z,10910.564245,33014482,1164742656,1156939776
calibration-20260902-f,S1-100-r01,2026-09-01T15:46:52.056880298Z,10920.791938,33037048,1168183296,1160347648
calibration-20260902-f,S1-100-r01,2026-09-01T15:46:52.067079201Z,10930.990842,33041689,1168183296,1160347648
calibration-20260902-f,S1-100-r01,2026-09-01T15:46:52.07726134Z,10941.172980,33041831,1168183296,1160347648
calibration-20260902-f,S1-100-r01,2026-09-01T15:46:52.08642028Z,10950.331915,33041909,1168183296,1160347648
calibration-20260902-f,S1-100-r01,2026-09-01T15:46:52.096560234Z,10960.471869,33041982,1168183296,1160347648
calibration-20260902-f,S1-100-r01,2026-09-01T15:46:52.129445426Z,10993.357066,33042093,1168183296,1160347648
calibration-20260902-f,S1-100-r01,2026-09-01T15:46:52.136677755Z,11000.589421,33059695,1173229568,1165590528
calibration-20260902-f,S1-100-r01,2026-09-01T15:46:52.146911344Z,11010.822989,33114048,1181257728,1173188608
calibration-20260902-f,S1-100-r01,2026-09-01T15:46:52.157172143Z,11021.083784,33141313,1183322112,1175547904
calibration-20260902-f,S1-100-r01,2026-09-01T15:46:52.166410268Z,11030.321909,33141653,1183322112,1175318528
calibration-20260902-f,S1-100-r01,2026-09-01T15:46:52.176594976Z,11040.506616,33141934,1183322112,1175580672
calibration-20260902-f,S1-100-r01,2026-09-01T15:46:52.18680864Z,11050.720280,33142174,1183322112,1175580672
calibration-20260902-f,S1-100-r01,2026-09-01T15:46:52.196945843Z,11060.857483,33142333,1183322112,1175580672
calibration-20260902-f,S1-100-r01,2026-09-01T15:46:52.207087497Z,11070.999138,33142544,1183322112,1175580672
calibration-20260902-f,S1-100-r01,2026-09-01T15:46:52.217251964Z,11081.163604,33142767,1183322112,1175580672
calibration-20260902-f,S1-100-r01,2026-09-01T15:46:52.226476244Z,11090.387884,33143045,1183322112,1175580672
calibration-20260902-f,S1-100-r01,2026-09-01T15:46:52.236646821Z,11100.558457,33160545,1186304000,1178464256
calibration-20260902-f,S1-100-r01,2026-09-01T15:46:52.246841967Z,11110.753607,33214228,1186304000,1178464256
calibration-20260902-f,S1-100-r01,2026-09-01T15:46:52.257082444Z,11120.994084,33236792,1186304000,1178464256
calibration-20260902-f,S1-100-r01,2026-09-01T15:46:52.267252814Z,11131.164455,33241511,1186304000,1178464256
calibration-20260902-f,S1-100-r01,2026-09-01T15:46:52.276454587Z,11140.366227,33241663,1186304000,1178464256
calibration-20260902-f,S1-100-r01,2026-09-01T15:46:52.286639692Z,11150.551332,33241817,1186304000,1178464256
calibration-20260902-f,S1-100-r01,2026-09-01T15:46:52.296814829Z,11160.726470,33241960,1186304000,1178464256
calibration-20260902-f,S1-100-r01,2026-09-01T15:46:52.306990279Z,11170.901914,33242067,1186533376,1178464256
calibration-20260902-f,S1-100-r01,2026-09-01T15:46:52.317169735Z,11181.081370,33242176,1186533376,1178464256
calibration-20260902-f,S1-100-r01,2026-09-01T15:46:52.326408196Z,11190.319831,33242337,1186533376,1178464256
calibration-20260902-f,S1-100-r01,2026-09-01T15:46:52.33657476Z,11200.486400,33259584,1186533376,1178464256
calibration-20260902-f,S1-100-r01,2026-09-01T15:46:52.346793829Z,11210.705470,33313303,1186533376,1178464256
calibration-20260902-f,S1-100-r01,2026-09-01T15:46:52.357021598Z,11220.933238,33335926,1186533376,1178464256
calibration-20260902-f,S1-100-r01,2026-09-01T15:46:52.367207461Z,11231.119100,33340674,1186533376,1178464256
calibration-20260902-f,S1-100-r01,2026-09-01T15:46:52.376441693Z,11240.353334,33340890,1186533376,1178464256
calibration-20260902-f,S1-100-r01,2026-09-01T15:46:52.386621293Z,11250.532933,33341093,1186533376,1178464256
calibration-20260902-f,S1-100-r01,2026-09-01T15:46:52.396856997Z,11260.768637,33341351,1186533376,1178464256
calibration-20260902-f,S1-100-r01,2026-09-01T15:46:52.406980151Z,11270.891792,33341538,1186533376,1178464256
calibration-20260902-f,S1-100-r01,2026-09-01T15:46:52.417131844Z,11281.043485,33341705,1186533376,1178464256
calibration-20260902-f,S1-100-r01,2026-09-01T15:46:52.426304145Z,11290.215785,33341870,1186533376,1178464256
calibration-20260902-f,S1-100-r01,2026-09-01T15:46:52.436520533Z,11300.432175,33359191,1186533376,1178464256
calibration-20260902-f,S1-100-r01,2026-09-01T15:46:52.446740124Z,11310.651759,33413264,1186533376,1178464256
calibration-20260902-f,S1-100-r01,2026-09-01T15:46:52.456954062Z,11320.865702,33440202,1186533376,1178464256
calibration-20260902-f,S1-100-r01,2026-09-01T15:46:52.467114465Z,11331.026106,33440412,1186533376,1178722304
calibration-20260902-f,S1-100-r01,2026-09-01T15:46:52.477273695Z,11341.185337,33440652,1186762752,1178722304
calibration-20260902-f,S1-100-r01,2026-09-01T15:46:52.486389404Z,11350.301045,33440835,1186762752,1178722304
calibration-20260902-f,S1-100-r01,2026-09-01T15:46:52.496558847Z,11360.470488,33440947,1186762752,1178722304
calibration-20260902-f,S1-100-r01,2026-09-01T15:46:52.506679071Z,11370.590707,33441022,1186762752,1178722304
calibration-20260902-f,S1-100-r01,2026-09-01T15:46:52.516809243Z,11380.720879,33441081,1186762752,1178722304
calibration-20260902-f,S1-100-r01,2026-09-01T15:46:52.526974346Z,11390.885982,33441160,1186762752,1178722304
calibration-20260902-f,S1-100-r01,2026-09-01T15:46:52.537183537Z,11401.095178,33476337,1186762752,1178722304
calibration-20260902-f,S1-100-r01,2026-09-01T15:46:52.546908313Z,11410.819954,33512741,1151959040,1144004608
calibration-20260902-f,S1-100-r01,2026-09-01T15:46:52.557152166Z,11421.063806,33539677,1171685376,1163665408
calibration-20260902-f,S1-100-r01,2026-09-01T15:46:52.566400776Z,11430.312416,33539888,1171685376,1163571200
calibration-20260902-f,S1-100-r01,2026-09-01T15:46:52.576532278Z,11440.443918,33540025,1171685376,1163571200
calibration-20260902-f,S1-100-r01,2026-09-01T15:46:52.586681768Z,11450.593409,33540152,1171685376,1163571200
calibration-20260902-f,S1-100-r01,2026-09-01T15:46:52.596844449Z,11460.756089,33540281,1171685376,1163833344
calibration-20260902-f,S1-100-r01,2026-09-01T15:46:52.607001201Z,11470.912842,33540446,1171685376,1163567104
calibration-20260902-f,S1-100-r01,2026-09-01T15:46:52.617183823Z,11481.095458,33540659,1171685376,1163829248
calibration-20260902-f,S1-100-r01,2026-09-01T15:46:52.626426507Z,11490.338147,33540799,1171685376,1163829248
calibration-20260902-f,S1-100-r01,2026-09-01T15:46:52.636624821Z,11500.536461,33558030,1179254784,1171431424
calibration-20260902-f,S1-100-r01,2026-09-01T15:46:52.656635803Z,11520.547444,33635999,1131139072,1123565568
calibration-20260902-f,S1-100-r01,2026-09-01T15:46:52.666951732Z,11530.863373,33640981,1131368448,1123827712
calibration-20260902-f,S1-100-r01,2026-09-01T15:46:52.677168051Z,11541.079691,33641128,1131597824,1123463168
calibration-20260902-f,S1-100-r01,2026-09-01T15:46:52.686379651Z,11550.291286,33641285,1131597824,1123463168
calibration-20260902-f,S1-100-r01,2026-09-01T15:46:52.696534613Z,11560.446249,33641370,1131597824,1123463168
calibration-20260902-f,S1-100-r01,2026-09-01T15:46:52.70666062Z,11570.572260,33641437,1131597824,1123463168
calibration-20260902-f,S1-100-r01,2026-09-01T15:46:52.716786104Z,11580.697739,33641492,1131597824,1123463168
calibration-20260902-f,S1-100-r01,2026-09-01T15:46:52.726931289Z,11590.842930,33641546,1131597824,1123344384
calibration-20260902-f,S1-100-r01,2026-09-01T15:46:52.737095141Z,11601.006782,33658778,1131597824,1123344384
calibration-20260902-f,S1-100-r01,2026-09-01T15:46:52.746292166Z,11610.203806,33712351,1131597824,1123606528
calibration-20260902-f,S1-100-r01,2026-09-01T15:46:52.756516761Z,11620.428401,33734792,1131597824,1123606528
calibration-20260902-f,S1-100-r01,2026-09-01T15:46:52.766721901Z,11630.633542,33739510,1131597824,1123606528
calibration-20260902-f,S1-100-r01,2026-09-01T15:46:52.776991627Z,11640.903268,33739802,1131597824,1123606528
calibration-20260902-f,S1-100-r01,2026-09-01T15:46:52.787119022Z,11651.030663,33740046,1131597824,1123606528
calibration-20260902-f,S1-100-r01,2026-09-01T15:46:52.797239409Z,11661.151049,33740255,1131597824,1123606528
calibration-20260902-f,S1-100-r01,2026-09-01T15:46:52.806440368Z,11670.352008,33740442,1131597824,1123606528
calibration-20260902-f,S1-100-r01,2026-09-01T15:46:52.816672056Z,11680.583696,33740670,1131597824,1123606528
calibration-20260902-f,S1-100-r01,2026-09-01T15:46:52.826828073Z,11690.739713,33740892,1131597824,1123606528
calibration-20260902-f,S1-100-r01,2026-09-01T15:46:52.836797266Z,11700.708907,33761958,1131597824,1123606528
calibration-20260902-f,S1-100-r01,2026-09-01T15:46:52.847033137Z,11710.944772,33812110,1131827200,1123606528
calibration-20260902-f,S1-100-r01,2026-09-01T15:46:52.85724833Z,11721.159969,33843422,1131827200,1123864576
calibration-20260902-f,S1-100-r01,2026-09-01T15:46:52.866473525Z,11730.385165,33843645,1131827200,1123864576
calibration-20260902-f,S1-100-r01,2026-09-01T15:46:52.876611327Z,11740.522969,33843793,1131827200,1123864576
calibration-20260902-f,S1-100-r01,2026-09-01T15:46:52.886759167Z,11750.670802,33843928,1131827200,1123864576
calibration-20260902-f,S1-100-r01,2026-09-01T15:46:52.896900653Z,11760.812293,33844009,1131827200,1123864576
calibration-20260902-f,S1-100-r01,2026-09-01T15:46:52.907058979Z,11770.970614,33844082,1131827200,1123864576
calibration-20260902-f,S1-100-r01,2026-09-01T15:46:52.917191157Z,11781.102792,33844144,1131827200,1123864576
calibration-20260902-f,S1-100-r01,2026-09-01T15:46:52.926360871Z,11790.272512,33844233,1131827200,1123864576
calibration-20260902-f,S1-100-r01,2026-09-01T15:46:52.936523411Z,11800.435047,33862831,1083858944,1075658752
calibration-20260902-f,S1-100-r01,2026-09-01T15:46:52.947176732Z,11811.088374,33916273,1083858944,1075802112
calibration-20260902-f,S1-100-r01,2026-09-01T15:46:52.956264694Z,11820.176334,33938666,1083858944,1075802112
calibration-20260902-f,S1-100-r01,2026-09-01T15:46:52.966469273Z,11830.380912,33938866,1083858944,1075703808
calibration-20260902-f,S1-100-r01,2026-09-01T15:46:52.976617431Z,11840.529071,33939038,1083858944,1075703808
calibration-20260902-f,S1-100-r01,2026-09-01T15:46:52.986773231Z,11850.684872,33939219,1083858944,1075703808
calibration-20260902-f,S1-100-r01,2026-09-01T15:46:52.996936007Z,11860.847648,33939381,1083858944,1075703808
calibration-20260902-f,S1-100-r01,2026-09-01T15:46:53.007075218Z,11870.986858,33939543,1083858944,1075703808
calibration-20260902-f,S1-100-r01,2026-09-01T15:46:53.017231943Z,11881.143584,33939725,1083858944,1075703808
calibration-20260902-f,S1-100-r01,2026-09-01T15:46:53.026391522Z,11890.303162,33939883,1083858944,1075703808
calibration-20260902-f,S1-100-r01,2026-09-01T15:46:53.036601064Z,11900.512705,33957149,1083858944,1075703808
calibration-20260902-f,S1-100-r01,2026-09-01T15:46:53.046891515Z,11910.803199,34011235,1115054080,1106849792
calibration-20260902-f,S1-100-r01,2026-09-01T15:46:53.057199381Z,11921.111021,34038678,1138909184,1130704896
calibration-20260902-f,S1-100-r01,2026-09-01T15:46:53.066343242Z,11930.254882,34038832,1138909184,1130962944
calibration-20260902-f,S1-100-r01,2026-09-01T15:46:53.0765554Z,11940.467040,34039031,1139138560,1130962944
calibration-20260902-f,S1-100-r01,2026-09-01T15:46:53.086666032Z,11950.577673,34039180,1139138560,1130962944
calibration-20260902-f,S1-100-r01,2026-09-01T15:46:53.09680261Z,11960.714250,34039322,1139138560,1130962944
calibration-20260902-f,S1-100-r01,2026-09-01T15:46:53.107052034Z,11970.963674,34039603,1139367936,1130962944
calibration-20260902-f,S1-100-r01,2026-09-01T15:46:53.117319406Z,11981.231072,34039994,1139367936,1130962944
calibration-20260902-f,S1-100-r01,2026-09-01T15:46:53.129408969Z,11993.320604,34040553,1139597312,1130962944
calibration-20260902-f,S1-100-r01,2026-09-01T15:46:53.136651746Z,12000.563386,34061265,1171480576,1163423744
calibration-20260902-f,S1-100-r01,2026-09-01T15:46:53.14684519Z,12010.756830,34112416,1201758208,1193426944
calibration-20260902-f,S1-100-r01,2026-09-01T15:46:53.157096101Z,12021.007735,34139611,1207492608,1198686208
calibration-20260902-f,S1-100-r01,2026-09-01T15:46:53.166251505Z,12030.163146,34139737,1207492608,1198686208
calibration-20260902-f,S1-100-r01,2026-09-01T15:46:53.229462646Z,12093.374287,34139912,1207721984,1198784512
calibration-20260902-f,S1-100-r01,2026-09-01T15:46:53.236671763Z,12100.583403,34157555,1217126400,1208086528
calibration-20260902-f,S1-100-r01,2026-09-01T15:46:53.246821868Z,12110.733508,34211717,1229512704,1220407296
calibration-20260902-f,S1-100-r01,2026-09-01T15:46:53.257060566Z,12120.972207,34233952,1229512704,1220407296
calibration-20260902-f,S1-100-r01,2026-09-01T15:46:53.267226299Z,12131.137940,34238729,1229512704,1220407296
calibration-20260902-f,S1-100-r01,2026-09-01T15:46:53.276451019Z,12140.362660,34238925,1229512704,1220407296
calibration-20260902-f,S1-100-r01,2026-09-01T15:46:53.286623382Z,12150.535022,34239092,1229512704,1220407296
calibration-20260902-f,S1-100-r01,2026-09-01T15:46:53.296740636Z,12160.652276,34239269,1229512704,1220407296
calibration-20260902-f,S1-100-r01,2026-09-01T15:46:53.306897482Z,12170.809121,34239497,1229512704,1220407296
calibration-20260902-f,S1-100-r01,2026-09-01T15:46:53.317007725Z,12180.919365,34239675,1229742080,1220407296
calibration-20260902-f,S1-100-r01,2026-09-01T15:46:53.327204921Z,12191.116561,34239919,1229742080,1220407296
calibration-20260902-f,S1-100-r01,2026-09-01T15:46:53.336426981Z,12200.338622,34257225,1229742080,1220407296
calibration-20260902-f,S1-100-r01,2026-09-01T15:46:53.346640406Z,12210.552046,34310998,1234329600,1225388032
calibration-20260902-f,S1-100-r01,2026-09-01T15:46:53.356842088Z,12220.753730,34338124,1243275264,1234300928
calibration-20260902-f,S1-100-r01,2026-09-01T15:46:53.367079114Z,12230.990754,34342841,1243275264,1234563072
calibration-20260902-f,S1-100-r01,2026-09-01T15:46:53.377303947Z,12241.215589,34343104,1243275264,1234563072
calibration-20260902-f,S1-100-r01,2026-09-01T15:46:53.386468945Z,12250.380586,34343285,1243275264,1234563072
calibration-20260902-f,S1-100-r01,2026-09-01T15:46:53.396660765Z,12260.572406,34343470,1243275264,1234563072
calibration-20260902-f,S1-100-r01,2026-09-01T15:46:53.406857983Z,12270.769624,34343629,1243275264,1234563072
calibration-20260902-f,S1-100-r01,2026-09-01T15:46:53.417058994Z,12280.970635,34343755,1243275264,1234563072
calibration-20260902-f,S1-100-r01,2026-09-01T15:46:53.427194237Z,12291.105877,34343882,1243275264,1234563072
calibration-20260902-f,S1-100-r01,2026-09-01T15:46:53.436384786Z,12300.296427,34361283,1253138432,1244524544
calibration-20260902-f,S1-100-r01,2026-09-01T15:46:53.446631788Z,12310.543429,34415320,1266900992,1258418176
calibration-20260902-f,S1-100-r01,2026-09-01T15:46:53.456810678Z,12320.722318,34437866,1270571008,1262133248
calibration-20260902-f,S1-100-r01,2026-09-01T15:46:53.467038737Z,12330.950379,34442521,1270571008,1262133248
calibration-20260902-f,S1-100-r01,2026-09-01T15:46:53.477242837Z,12341.154478,34442739,1270571008,1262133248
calibration-20260902-f,S1-100-r01,2026-09-01T15:46:53.48643375Z,12350.345392,34442916,1270571008,1262161920
calibration-20260902-f,S1-100-r01,2026-09-01T15:46:53.496626695Z,12360.538335,34443151,1270571008,1262161920
calibration-20260902-f,S1-100-r01,2026-09-01T15:46:53.529457086Z,12393.368753,34443524,1270800384,1262424064
calibration-20260902-f,S1-100-r01,2026-09-01T15:46:53.536614849Z,12400.526512,34462736,1277911040,1269764096
calibration-20260902-f,S1-100-r01,2026-09-01T15:46:53.546776818Z,12410.688458,34515289,1277911040,1269497856
calibration-20260902-f,S1-100-r01,2026-09-01T15:46:53.557033892Z,12420.945533,34542264,1277911040,1269760000
calibration-20260902-f,S1-100-r01,2026-09-01T15:46:53.567132774Z,12431.044415,34542550,1277911040,1269760000
calibration-20260902-f,S1-100-r01,2026-09-01T15:46:53.577296143Z,12441.207784,34542802,1277911040,1269760000
calibration-20260902-f,S1-100-r01,2026-09-01T15:46:53.586535567Z,12450.447207,34543023,1277911040,1269760000
calibration-20260902-f,S1-100-r01,2026-09-01T15:46:53.629437966Z,12493.349605,34543281,1278140416,1269760000
calibration-20260902-f,S1-100-r01,2026-09-01T15:46:53.636686756Z,12500.598396,34560682,1278140416,1269760000
calibration-20260902-f,S1-100-r01,2026-09-01T15:46:53.646949862Z,12510.861502,34614636,1278140416,1269760000
calibration-20260902-f,S1-100-r01,2026-09-01T15:46:53.657086838Z,12520.998473,34638707,1278140416,1269760000
calibration-20260902-f,S1-100-r01,2026-09-01T15:46:53.666274713Z,12530.186354,34638857,1278140416,1269760000
calibration-20260902-f,S1-100-r01,2026-09-01T15:46:53.676485187Z,12540.396827,34639090,1278140416,1269760000
calibration-20260902-f,S1-100-r01,2026-09-01T15:46:53.686614381Z,12550.526021,34639258,1278140416,1269760000
calibration-20260902-f,S1-100-r01,2026-09-01T15:46:53.696849058Z,12560.760738,34639546,1278140416,1269760000
calibration-20260902-f,S1-100-r01,2026-09-01T15:46:53.707243991Z,12571.155632,34639991,1278140416,1269760000
calibration-20260902-f,S1-100-r01,2026-09-01T15:46:53.729418403Z,12593.330044,34640412,1278140416,1269497856
calibration-20260902-f,S1-100-r01,2026-09-01T15:46:53.73663824Z,12600.549880,34657980,1278140416,1269497856
calibration-20260902-f,S1-100-r01,2026-09-01T15:46:53.746817245Z,12610.728887,34711640,1278369792,1269497856
calibration-20260902-f,S1-100-r01,2026-09-01T15:46:53.757073548Z,12620.985183,34733155,1222090752,1221410816
calibration-20260902-f,S1-100-r01,2026-09-01T15:46:53.829839117Z,12693.750759,34733596,1205313536,1221410816
calibration-20260902-f,S1-100-r01,2026-09-01T15:46:53.836762299Z,12700.673940,34751145,1142464512,1133641728
calibration-20260902-f,S1-100-r01,2026-09-01T15:46:53.846884244Z,12710.795884,34804889,1142464512,1133641728
calibration-20260902-f,S1-100-r01,2026-09-01T15:46:53.85714165Z,12721.053285,34836552,1142464512,1133461504
calibration-20260902-f,S1-100-r01,2026-09-01T15:46:53.866368829Z,12730.280469,34841176,1142464512,1133461504
calibration-20260902-f,S1-100-r01,2026-09-01T15:46:53.876580884Z,12740.492525,34841397,1142464512,1133457408
calibration-20260902-f,S1-100-r01,2026-09-01T15:46:53.886792222Z,12750.703863,34841563,1142464512,1133719552
calibration-20260902-f,S1-100-r01,2026-09-01T15:46:53.896938985Z,12760.850621,34841829,1142693888,1133719552
calibration-20260902-f,S1-100-r01,2026-09-01T15:46:53.907096157Z,12771.007793,34841911,1142693888,1133719552
calibration-20260902-f,S1-100-r01,2026-09-01T15:46:53.917232736Z,12781.144377,34842026,1142693888,1133719552
calibration-20260902-f,S1-100-r01,2026-09-01T15:46:53.926392273Z,12790.303913,34842121,1142693888,1133719552
calibration-20260902-f,S1-100-r01,2026-09-01T15:46:53.936548134Z,12800.459774,34859224,1142693888,1133719552
calibration-20260902-f,S1-100-r01,2026-09-01T15:46:53.946788408Z,12810.700048,34912769,1142693888,1133719552
calibration-20260902-f,S1-100-r01,2026-09-01T15:46:53.956347375Z,12820.259011,34939874,1094848512,1085997056
calibration-20260902-f,S1-100-r01,2026-09-01T15:46:53.966673801Z,12830.585442,34940092,1094848512,1085898752
calibration-20260902-f,S1-100-r01,2026-09-01T15:46:53.976873012Z,12840.784652,34940319,1094848512,1085898752
calibration-20260902-f,S1-100-r01,2026-09-01T15:46:53.98699251Z,12850.904150,34940474,1094848512,1085898752
calibration-20260902-f,S1-100-r01,2026-09-01T15:46:53.997167741Z,12861.079382,34940657,1094848512,1085984768
calibration-20260902-f,S1-100-r01,2026-09-01T15:46:54.006261048Z,12870.172689,34940845,1094848512,1085984768
calibration-20260902-f,S1-100-r01,2026-09-01T15:46:54.016452212Z,12880.363852,34941041,1094848512,1086001152
calibration-20260902-f,S1-100-r01,2026-09-01T15:46:54.026608453Z,12890.520088,34941352,1094848512,1085890560
calibration-20260902-f,S1-100-r01,2026-09-01T15:46:54.036776413Z,12900.688053,34959201,1095077888,1086083072
calibration-20260902-f,S1-100-r01,2026-09-01T15:46:54.046968253Z,12910.879893,35012879,1095077888,1086164992
calibration-20260902-f,S1-100-r01,2026-09-01T15:46:54.057222824Z,12921.134464,35039843,1095077888,1086164992
calibration-20260902-f,S1-100-r01,2026-09-01T15:46:54.066457201Z,12930.368841,35040026,1095077888,1086164992
calibration-20260902-f,S1-100-r01,2026-09-01T15:46:54.076658586Z,12940.570226,35040212,1095077888,1086164992
calibration-20260902-f,S1-100-r01,2026-09-01T15:46:54.086801708Z,12950.713348,35040449,1095077888,1086164992
calibration-20260902-f,S1-100-r01,2026-09-01T15:46:54.097059975Z,12960.971616,35040712,1095077888,1086164992
calibration-20260902-f,S1-100-r01,2026-09-01T15:46:54.10624998Z,12970.161621,35040898,1095077888,1086164992
calibration-20260902-f,S1-100-r01,2026-09-01T15:46:54.116458321Z,12980.369962,35041252,1095077888,1086164992
calibration-20260902-f,S1-100-r01,2026-09-01T15:46:54.126666353Z,12990.577988,35041417,1095077888,1086091264
calibration-20260902-f,S1-100-r01,2026-09-01T15:46:54.136864185Z,13000.775821,35062555,1095077888,1086091264
calibration-20260902-f,S1-100-r01,2026-09-01T15:46:54.147031792Z,13010.943432,35112456,1095077888,1086353408
calibration-20260902-f,S1-100-r01,2026-09-01T15:46:54.157239152Z,13021.150793,35139385,1095077888,1086353408
calibration-20260902-f,S1-100-r01,2026-09-01T15:46:54.166347356Z,13030.258997,35139555,1095077888,1086353408
calibration-20260902-f,S1-100-r01,2026-09-01T15:46:54.176508768Z,13040.420409,35139908,1095077888,1086353408
calibration-20260902-f,S1-100-r01,2026-09-01T15:46:54.186640444Z,13050.552079,35139979,1095077888,1086353408
calibration-20260902-f,S1-100-r01,2026-09-01T15:46:54.196772925Z,13060.684566,35140054,1095077888,1086353408
calibration-20260902-f,S1-100-r01,2026-09-01T15:46:54.206953286Z,13070.864921,35140155,1095077888,1086353408
calibration-20260902-f,S1-100-r01,2026-09-01T15:46:54.217127666Z,13081.039307,35140248,1095077888,1086353408
calibration-20260902-f,S1-100-r01,2026-09-01T15:46:54.226265055Z,13090.176689,35140352,1095077888,1086451712
calibration-20260902-f,S1-100-r01,2026-09-01T15:46:54.236449863Z,13100.361505,35159245,1051504640,1042644992
calibration-20260902-f,S1-100-r01,2026-09-01T15:46:54.247150519Z,13111.062155,35212240,1082241024,1073762304
calibration-20260902-f,S1-100-r01,2026-09-01T15:46:54.2563929Z,13120.304541,35235109,1102196736,1093685248
calibration-20260902-f,S1-100-r01,2026-09-01T15:46:54.266543366Z,13130.455008,35239878,1103572992,1094897664
calibration-20260902-f,S1-100-r01,2026-09-01T15:46:54.276727295Z,13140.638935,35240048,1103572992,1094897664
calibration-20260902-f,S1-100-r01,2026-09-01T15:46:54.286898561Z,13150.810201,35240181,1103572992,1094897664
calibration-20260902-f,S1-100-r01,2026-09-01T15:46:54.2970473Z,13160.958935,35240444,1103572992,1094897664
calibration-20260902-f,S1-100-r01,2026-09-01T15:46:54.307204706Z,13171.116341,35240516,1103572992,1094897664
calibration-20260902-f,S1-100-r01,2026-09-01T15:46:54.316364598Z,13180.276239,35240614,1103802368,1094897664
calibration-20260902-f,S1-100-r01,2026-09-01T15:46:54.326508115Z,13190.419750,35240691,1103802368,1094656000
calibration-20260902-f,S1-100-r01,2026-09-01T15:46:54.336717523Z,13200.629163,35258320,1130409984,1121394688
calibration-20260902-f,S1-100-r01,2026-09-01T15:46:54.34632596Z,13210.237600,35312137,1144631296,1135280128
calibration-20260902-f,S1-100-r01,2026-09-01T15:46:54.35653431Z,13220.445951,35339383,1148301312,1139011584
calibration-20260902-f,S1-100-r01,2026-09-01T15:46:54.366737271Z,13230.648913,35339623,1148301312,1139011584
calibration-20260902-f,S1-100-r01,2026-09-01T15:46:54.37686799Z,13240.779631,35339876,1148301312,1139011584
calibration-20260902-f,S1-100-r01,2026-09-01T15:46:54.42943473Z,13293.346370,35340220,1148301312,1139011584
calibration-20260902-f,S1-100-r01,2026-09-01T15:46:54.436642603Z,13300.554244,35357747,1161605120,1152118784
calibration-20260902-f,S1-100-r01,2026-09-01T15:46:54.446869032Z,13310.780672,35411795,1178349568,1169158144
calibration-20260902-f,S1-100-r01,2026-09-01T15:46:54.45701582Z,13320.927460,35434363,1181102080,1171779584
calibration-20260902-f,S1-100-r01,2026-09-01T15:46:54.46716953Z,13331.081171,35439012,1181102080,1171779584
calibration-20260902-f,S1-100-r01,2026-09-01T15:46:54.476477053Z,13340.388693,35439210,1181102080,1171779584
calibration-20260902-f,S1-100-r01,2026-09-01T15:46:54.48666942Z,13350.581061,35439393,1181102080,1171779584
calibration-20260902-f,S1-100-r01,2026-09-01T15:46:54.496855467Z,13360.767108,35439539,1181102080,1171779584
calibration-20260902-f,S1-100-r01,2026-09-01T15:46:54.507078499Z,13370.990139,35439740,1181102080,1172037632
calibration-20260902-f,S1-100-r01,2026-09-01T15:46:54.517312966Z,13381.224606,35439937,1181102080,1172037632
calibration-20260902-f,S1-100-r01,2026-09-01T15:46:54.526533372Z,13390.445012,35440159,1181102080,1172037632
calibration-20260902-f,S1-100-r01,2026-09-01T15:46:54.536797721Z,13400.709362,35460943,1192800256,1183834112
calibration-20260902-f,S1-100-r01,2026-09-01T15:46:54.546980617Z,13410.892258,35511479,1193259008,1184083968
calibration-20260902-f,S1-100-r01,2026-09-01T15:46:54.556278877Z,13420.190517,35538505,1193259008,1184083968
calibration-20260902-f,S1-100-r01,2026-09-01T15:46:54.566523611Z,13430.435251,35538722,1193259008,1184083968
calibration-20260902-f,S1-100-r01,2026-09-01T15:46:54.576742935Z,13440.654576,35538953,1193259008,1184342016
calibration-20260902-f,S1-100-r01,2026-09-01T15:46:54.586912607Z,13450.824248,35539146,1193259008,1184342016
calibration-20260902-f,S1-100-r01,2026-09-01T15:46:54.59704039Z,13460.952030,35539338,1193259008,1184342016
calibration-20260902-f,S1-100-r01,2026-09-01T15:46:54.607254495Z,13471.166136,35539545,1193259008,1184342016
calibration-20260902-f,S1-100-r01,2026-09-01T15:46:54.61646403Z,13480.375670,35539743,1193259008,1184342016
calibration-20260902-f,S1-100-r01,2026-09-01T15:46:54.626629329Z,13490.540969,35539954,1193488384,1184342016
calibration-20260902-f,S1-100-r01,2026-09-01T15:46:54.636813837Z,13500.725478,35557232,1193488384,1184342016
calibration-20260902-f,S1-100-r01,2026-09-01T15:46:54.647074817Z,13510.986457,35610932,1193947136,1184866304
calibration-20260902-f,S1-100-r01,2026-09-01T15:46:54.656259898Z,13520.171539,35633406,1193947136,1184866304
calibration-20260902-f,S1-100-r01,2026-09-01T15:46:54.666520662Z,13530.432302,35638097,1193947136,1184866304
calibration-20260902-f,S1-100-r01,2026-09-01T15:46:54.67666214Z,13540.573780,35638298,1193947136,1184866304
calibration-20260902-f,S1-100-r01,2026-09-01T15:46:54.686825275Z,13550.736915,35638484,1193947136,1184866304
calibration-20260902-f,S1-100-r01,2026-09-01T15:46:54.696960038Z,13560.871678,35638674,1193947136,1184866304
calibration-20260902-f,S1-100-r01,2026-09-01T15:46:54.707129014Z,13571.040654,35638859,1193947136,1184866304
calibration-20260902-f,S1-100-r01,2026-09-01T15:46:54.717248327Z,13581.159967,35638978,1193947136,1184866304
calibration-20260902-f,S1-100-r01,2026-09-01T15:46:54.726382509Z,13590.294151,35639083,1194176512,1184866304
calibration-20260902-f,S1-100-r01,2026-09-01T15:46:54.736557979Z,13600.469620,35656806,1198993408,1189789696
calibration-20260902-f,S1-100-r01,2026-09-01T15:46:54.746793478Z,13610.705118,35710565,1217572864,1208139776
calibration-20260902-f,S1-100-r01,2026-09-01T15:46:54.757026543Z,13620.938183,35737694,1228812288,1219674112
calibration-20260902-f,S1-100-r01,2026-09-01T15:46:54.767174505Z,13631.086145,35738001,1228812288,1219674112
calibration-20260902-f,S1-100-r01,2026-09-01T15:46:54.776395024Z,13640.306664,35738170,1228812288,1219674112
calibration-20260902-f,S1-100-r01,2026-09-01T15:46:54.82946138Z,13693.373053,35738624,1229041664,1219936256
calibration-20260902-f,S1-100-r01,2026-09-01T15:46:54.836643786Z,13700.555426,35756314,1242345472,1233268736
calibration-20260902-f,S1-100-r01,2026-09-01T15:46:54.846821211Z,13710.732847,35809977,1243262976,1233793024
calibration-20260902-f,S1-100-r01,2026-09-01T15:46:54.85635262Z,13720.264255,35838877,1243721728,1234579456
calibration-20260902-f,S1-100-r01,2026-09-01T15:46:54.866591309Z,13730.502950,35839116,1243721728,1234579456
calibration-20260902-f,S1-100-r01,2026-09-01T15:46:54.876807392Z,13740.719033,35839328,1243721728,1234579456
calibration-20260902-f,S1-100-r01,2026-09-01T15:46:54.88701976Z,13750.931401,35839521,1243721728,1234579456
calibration-20260902-f,S1-100-r01,2026-09-01T15:46:54.897197329Z,13761.108964,35839898,1243721728,1234579456
calibration-20260902-f,S1-100-r01,2026-09-01T15:46:54.906408638Z,13770.320279,35840000,1243721728,1234579456
calibration-20260902-f,S1-100-r01,2026-09-01T15:46:54.916589333Z,13780.500973,35840131,1243721728,1234579456
calibration-20260902-f,S1-100-r01,2026-09-01T15:46:54.926750439Z,13790.662074,35840255,1243721728,1234579456
calibration-20260902-f,S1-100-r01,2026-09-01T15:46:54.9368062Z,13800.717836,35861623,1243721728,1234579456
calibration-20260902-f,S1-100-r01,2026-09-01T15:46:54.947005005Z,13810.916641,35911809,1243721728,1234579456
calibration-20260902-f,S1-100-r01,2026-09-01T15:46:54.957228804Z,13821.140444,35938788,1243721728,1234579456
calibration-20260902-f,S1-100-r01,2026-09-01T15:46:54.966466577Z,13830.378218,35939016,1243721728,1234579456
calibration-20260902-f,S1-100-r01,2026-09-01T15:46:54.976604095Z,13840.515735,35939174,1243721728,1234837504
calibration-20260902-f,S1-100-r01,2026-09-01T15:46:54.986706808Z,13850.618448,35939337,1243721728,1234837504
calibration-20260902-f,S1-100-r01,2026-09-01T15:46:54.996861558Z,13860.773198,35939528,1243721728,1234837504
calibration-20260902-f,S1-100-r01,2026-09-01T15:46:55.007057754Z,13870.969394,35939755,1243721728,1234690048
calibration-20260902-f,S1-100-r01,2026-09-01T15:46:55.017201098Z,13881.112739,35940056,1243721728,1234952192
calibration-20260902-f,S1-100-r01,2026-09-01T15:46:55.026447726Z,13890.359367,35940232,1243721728,1234952192
calibration-20260902-f,S1-100-r01,2026-09-01T15:46:55.03666725Z,13900.578886,35959459,1202737152,1194123264
calibration-20260902-f,S1-100-r01,2026-09-01T15:46:55.046801247Z,13910.712887,36013152,1188331520,1179332608
calibration-20260902-f,S1-100-r01,2026-09-01T15:46:55.057006391Z,13920.918031,36040039,1196359680,1187459072
calibration-20260902-f,S1-100-r01,2026-09-01T15:46:55.067195667Z,13931.107307,36040269,1196359680,1187528704
calibration-20260902-f,S1-100-r01,2026-09-01T15:46:55.076397961Z,13940.309602,36040438,1196359680,1187528704
calibration-20260902-f,S1-100-r01,2026-09-01T15:46:55.086554599Z,13950.466239,36040615,1196359680,1187528704
calibration-20260902-f,S1-100-r01,2026-09-01T15:46:55.096715638Z,13960.627278,36040894,1196359680,1187528704
calibration-20260902-f,S1-100-r01,2026-09-01T15:46:55.106808042Z,13970.719678,36040951,1196359680,1187528704
calibration-20260902-f,S1-100-r01,2026-09-01T15:46:55.11699575Z,13980.907385,36041073,1196359680,1187528704
calibration-20260902-f,S1-100-r01,2026-09-01T15:46:55.127158906Z,13991.070546,36041160,1196359680,1187528704
calibration-20260902-f,S1-100-r01,2026-09-01T15:46:55.13624519Z,14000.156825,36061777,1197735936,1189101568
calibration-20260902-f,S1-100-r01,2026-09-01T15:46:55.146458189Z,14010.369830,36112376,1197735936,1189359616
calibration-20260902-f,S1-100-r01,2026-09-01T15:46:55.156652635Z,14020.564275,36139323,1197735936,1189359616
calibration-20260902-f,S1-100-r01,2026-09-01T15:46:55.166837263Z,14030.748903,36139557,1197735936,1189359616
calibration-20260902-f,S1-100-r01,2026-09-01T15:46:55.177049137Z,14040.960777,36139763,1197735936,1189359616
calibration-20260902-f,S1-100-r01,2026-09-01T15:46:55.187215862Z,14051.127502,36139921,1197735936,1189359616
calibration-20260902-f,S1-100-r01,2026-09-01T15:46:55.196362951Z,14060.274592,36140059,1197735936,1189359616
calibration-20260902-f,S1-100-r01,2026-09-01T15:46:55.206539822Z,14070.451462,36140209,1197735936,1189359616
calibration-20260902-f,S1-100-r01,2026-09-01T15:46:55.21672095Z,14080.632590,36140337,1197735936,1189359616
calibration-20260902-f,S1-100-r01,2026-09-01T15:46:55.229418548Z,14093.330183,36140451,1197735936,1189359616
calibration-20260902-f,S1-100-r01,2026-09-01T15:46:55.236406455Z,14100.318090,36159702,1149714432,1141125120
calibration-20260902-f,S1-100-r01,2026-09-01T15:46:55.246537541Z,14110.449181,36212083,1149943808,1141317632
calibration-20260902-f,S1-100-r01,2026-09-01T15:46:55.256726904Z,14120.638544,36234588,1149943808,1141317632
calibration-20260902-f,S1-100-r01,2026-09-01T15:46:55.266892559Z,14130.804199,36239252,1149943808,1141219328
calibration-20260902-f,S1-100-r01,2026-09-01T15:46:55.277090852Z,14141.002493,36239449,1149943808,1141219328
calibration-20260902-f,S1-100-r01,2026-09-01T15:46:55.287281789Z,14151.193429,36239740,1149943808,1141219328
calibration-20260902-f,S1-100-r01,2026-09-01T15:46:55.296384905Z,14160.296545,36239927,1149943808,1141219328
calibration-20260902-f,S1-100-r01,2026-09-01T15:46:55.306535169Z,14170.446809,36240069,1149943808,1141219328
calibration-20260902-f,S1-100-r01,2026-09-01T15:46:55.316755118Z,14180.666758,36240266,1149943808,1141219328
calibration-20260902-f,S1-100-r01,2026-09-01T15:46:55.326990726Z,14190.902366,36240495,1149943808,1140789248
calibration-20260902-f,S1-100-r01,2026-09-01T15:46:55.337200499Z,14201.112134,36275512,1149943808,1140789248
calibration-20260902-f,S1-100-r01,2026-09-01T15:46:55.346468732Z,14210.380373,36311280,1149943808,1140789248
calibration-20260902-f,S1-100-r01,2026-09-01T15:46:55.356696792Z,14220.608433,36333707,1149943808,1140789248
calibration-20260902-f,S1-100-r01,2026-09-01T15:46:55.366829372Z,14230.741012,36338330,1149943808,1140789248
calibration-20260902-f,S1-100-r01,2026-09-01T15:46:55.377049733Z,14240.961373,36338524,1149943808,1140789248
calibration-20260902-f,S1-100-r01,2026-09-01T15:46:55.387241928Z,14251.153569,36338702,1149943808,1140789248
calibration-20260902-f,S1-100-r01,2026-09-01T15:46:55.396466564Z,14260.378204,36338866,1149943808,1140789248
calibration-20260902-f,S1-100-r01,2026-09-01T15:46:55.406675521Z,14270.587161,36339048,1150173184,1140789248
calibration-20260902-f,S1-100-r01,2026-09-01T15:46:55.41688919Z,14280.800831,36339236,1150173184,1140789248
calibration-20260902-f,S1-100-r01,2026-09-01T15:46:55.427031166Z,14290.942806,36339456,1150173184,1140785152
calibration-20260902-f,S1-100-r01,2026-09-01T15:46:55.437142662Z,14301.054297,36357116,1161641984,1152843776
calibration-20260902-f,S1-100-r01,2026-09-01T15:46:55.446494026Z,14310.405667,36410909,1171734528,1162805248
calibration-20260902-f,S1-100-r01,2026-09-01T15:46:55.456755514Z,14320.667154,36438237,1189167104,1180368896
calibration-20260902-f,S1-100-r01,2026-09-01T15:46:55.529442331Z,14393.353972,36443148,1189855232,1180893184
calibration-20260902-f,S1-100-r01,2026-09-01T15:46:55.536350071Z,14400.261711,36465232,1151995904,1143517184
calibration-20260902-f,S1-100-r01,2026-09-01T15:46:55.54651223Z,14410.423871,36515524,1170575360,1162129408
calibration-20260902-f,S1-100-r01,2026-09-01T15:46:55.556762517Z,14420.674158,36538197,1182732288,1174450176
calibration-20260902-f,S1-100-r01,2026-09-01T15:46:55.566976767Z,14430.888407,36538423,1182732288,1174351872
calibration-20260902-f,S1-100-r01,2026-09-01T15:46:55.577194137Z,14441.105777,36538675,1182732288,1174351872
calibration-20260902-f,S1-100-r01,2026-09-01T15:46:55.586360551Z,14450.272193,36538817,1182732288,1174351872
calibration-20260902-f,S1-100-r01,2026-09-01T15:46:55.596493798Z,14460.405438,36538936,1182732288,1174351872
calibration-20260902-f,S1-100-r01,2026-09-01T15:46:55.60660667Z,14470.518310,36539066,1182732288,1174351872
calibration-20260902-f,S1-100-r01,2026-09-01T15:46:55.61674611Z,14480.657750,36539201,1182961664,1174351872
calibration-20260902-f,S1-100-r01,2026-09-01T15:46:55.62696762Z,14490.879261,36539346,1182961664,1174351872
calibration-20260902-f,S1-100-r01,2026-09-01T15:46:55.637185045Z,14501.096687,36574706,1197182976,1188315136
calibration-20260902-f,S1-100-r01,2026-09-01T15:46:55.6464775Z,14510.389139,36610589,1198788608,1189888000
calibration-20260902-f,S1-100-r01,2026-09-01T15:46:55.656746182Z,14520.657822,36633126,1198788608,1189888000
calibration-20260902-f,S1-100-r01,2026-09-01T15:46:55.66688271Z,14530.794351,36637836,1198788608,1189888000
calibration-20260902-f,S1-100-r01,2026-09-01T15:46:55.677079263Z,14540.990904,36638019,1198788608,1189888000
calibration-20260902-f,S1-100-r01,2026-09-01T15:46:55.687239093Z,14551.150735,36638336,1198788608,1189888000
calibration-20260902-f,S1-100-r01,2026-09-01T15:46:55.696454553Z,14560.366221,36638675,1198788608,1189888000
calibration-20260902-f,S1-100-r01,2026-09-01T15:46:55.706796623Z,14570.708264,36639123,1198788608,1189888000
calibration-20260902-f,S1-100-r01,2026-09-01T15:46:55.729417238Z,14593.328878,36639535,1198788608,1189888000
calibration-20260902-f,S1-100-r01,2026-09-01T15:46:55.736597992Z,14600.509632,36656987,1210028032,1201160192
calibration-20260902-f,S1-100-r01,2026-09-01T15:46:55.746801632Z,14610.713273,36710873,1229295616,1220296704
calibration-20260902-f,S1-100-r01,2026-09-01T15:46:55.757042465Z,14620.954106,36733763,1246957568,1238122496
calibration-20260902-f,S1-100-r01,2026-09-01T15:46:55.767282702Z,14631.194343,36738424,1247186944,1238122496
calibration-20260902-f,S1-100-r01,2026-09-01T15:46:55.776440867Z,14640.352507,36738577,1247186944,1238122496
calibration-20260902-f,S1-100-r01,2026-09-01T15:46:55.786574361Z,14650.486011,36738751,1247186944,1238122496
calibration-20260902-f,S1-100-r01,2026-09-01T15:46:55.796724844Z,14660.636485,36738883,1247186944,1238122496
calibration-20260902-f,S1-100-r01,2026-09-01T15:46:55.806856382Z,14670.768022,36739059,1247186944,1238122496
calibration-20260902-f,S1-100-r01,2026-09-01T15:46:55.817083734Z,14680.995375,36739228,1247186944,1238122496
calibration-20260902-f,S1-100-r01,2026-09-01T15:46:55.827215356Z,14691.126995,36739408,1247186944,1238122496
calibration-20260902-f,S1-100-r01,2026-09-01T15:46:55.836358693Z,14700.270328,36756654,1247416320,1238384640
calibration-20260902-f,S1-100-r01,2026-09-01T15:46:55.846573405Z,14710.485045,36810236,1247416320,1238642688
calibration-20260902-f,S1-100-r01,2026-09-01T15:46:55.856804769Z,14720.716432,36837318,1247416320,1238642688
calibration-20260902-f,S1-100-r01,2026-09-01T15:46:55.929427106Z,14793.338746,36842110,1247416320,1238450176
calibration-20260902-f,S1-100-r01,2026-09-01T15:46:55.936619232Z,14800.530873,36859470,1247416320,1238450176
calibration-20260902-f,S1-100-r01,2026-09-01T15:46:55.946825344Z,14810.736985,36913353,1249251328,1240285184
calibration-20260902-f,S1-100-r01,2026-09-01T15:46:55.957123058Z,14821.034698,36935822,1252462592,1243430912
calibration-20260902-f,S1-100-r01,2026-09-01T15:46:55.96624917Z,14830.160810,36940494,1252462592,1243430912
calibration-20260902-f,S1-100-r01,2026-09-01T15:46:55.976431395Z,14840.343034,36940689,1252462592,1243430912
calibration-20260902-f,S1-100-r01,2026-09-01T15:46:55.986584958Z,14850.496599,36940897,1252462592,1243430912
calibration-20260902-f,S1-100-r01,2026-09-01T15:46:55.996723028Z,14860.634668,36941057,1252462592,1243430912
calibration-20260902-f,S1-100-r01,2026-09-01T15:46:56.0068692Z,14870.780840,36941210,1252462592,1243430912
calibration-20260902-f,S1-100-r01,2026-09-01T15:46:56.017006839Z,14880.918479,36941409,1252462592,1243430912
calibration-20260902-f,S1-100-r01,2026-09-01T15:46:56.027182025Z,14891.093665,36941630,1252691968,1243430912
calibration-20260902-f,S1-100-r01,2026-09-01T15:46:56.036264062Z,14900.175701,36959033,1262325760,1253130240
calibration-20260902-f,S1-100-r01,2026-09-01T15:46:56.046514766Z,14910.426407,37012973,1277235200,1268592640
calibration-20260902-f,S1-100-r01,2026-09-01T15:46:56.05676481Z,14920.676445,37038534,1281363968,1272524800
calibration-20260902-f,S1-100-r01,2026-09-01T15:46:56.129425834Z,14993.337474,37038924,1281363968,1272524800
calibration-20260902-f,S1-100-r01,2026-09-01T15:46:56.136623682Z,15000.535322,37056601,1291915264,1283272704
calibration-20260902-f,S1-100-r01,2026-09-01T15:46:56.146816539Z,15010.728180,37110708,1296044032,1287204864
calibration-20260902-f,S1-100-r01,2026-09-01T15:46:56.157038815Z,15020.950456,37136291,1296273408,1287204864
calibration-20260902-f,S1-100-r01,2026-09-01T15:46:56.167149318Z,15031.060959,37140948,1296273408,1287204864
calibration-20260902-f,S1-100-r01,2026-09-01T15:46:56.17636669Z,15040.278331,37141155,1296273408,1287204864
calibration-20260902-f,S1-100-r01,2026-09-01T15:46:56.186497524Z,15050.409165,37141309,1296273408,1287204864
calibration-20260902-f,S1-100-r01,2026-09-01T15:46:56.196675572Z,15060.587212,37141515,1296273408,1287204864
calibration-20260902-f,S1-100-r01,2026-09-01T15:46:56.20681466Z,15070.726302,37141733,1296273408,1287204864
calibration-20260902-f,S1-100-r01,2026-09-01T15:46:56.217062265Z,15080.973905,37142039,1296273408,1287204864
calibration-20260902-f,S1-100-r01,2026-09-01T15:46:56.2272894Z,15091.201040,37142354,1296273408,1287204864
calibration-20260902-f,S1-100-r01,2026-09-01T15:46:56.236716344Z,15100.627979,37161699,1152163840,1143164928
calibration-20260902-f,S1-100-r01,2026-09-01T15:46:56.247228642Z,15111.140283,37215058,1152393216,1143357440
calibration-20260902-f,S1-100-r01,2026-09-01T15:46:56.256540524Z,15120.452165,37237568,1152393216,1143263232
calibration-20260902-f,S1-100-r01,2026-09-01T15:46:56.266806195Z,15130.717836,37237826,1152393216,1143066624
calibration-20260902-f,S1-100-r01,2026-09-01T15:46:56.276964156Z,15140.875796,37238076,1152393216,1143066624
calibration-20260902-f,S1-100-r01,2026-09-01T15:46:56.287171749Z,15151.083390,37238281,1152622592,1143066624
calibration-20260902-f,S1-100-r01,2026-09-01T15:46:56.297306505Z,15161.218147,37238513,1152622592,1143066624
calibration-20260902-f,S1-100-r01,2026-09-01T15:46:56.30647756Z,15170.389202,37238658,1152622592,1143066624
calibration-20260902-f,S1-100-r01,2026-09-01T15:46:56.316612694Z,15180.524334,37238793,1152622592,1142861824
calibration-20260902-f,S1-100-r01,2026-09-01T15:46:56.32676761Z,15190.679250,37238968,1152622592,1142861824
calibration-20260902-f,S1-100-r01,2026-09-01T15:46:56.336532326Z,15200.443967,37256327,1152622592,1142861824
calibration-20260902-f,S1-100-r01,2026-09-01T15:46:56.346724322Z,15210.635962,37309932,1152622592,1142861824
calibration-20260902-f,S1-100-r01,2026-09-01T15:46:56.356975331Z,15220.886971,37332462,1152622592,1142861824
calibration-20260902-f,S1-100-r01,2026-09-01T15:46:56.367228452Z,15231.140093,37337167,1152622592,1142861824
calibration-20260902-f,S1-100-r01,2026-09-01T15:46:56.376451479Z,15240.363119,37337393,1152622592,1142861824
calibration-20260902-f,S1-100-r01,2026-09-01T15:46:56.386625864Z,15250.537506,37337562,1152622592,1142861824
calibration-20260902-f,S1-100-r01,2026-09-01T15:46:56.396759378Z,15260.671018,37337739,1152622592,1142861824
calibration-20260902-f,S1-100-r01,2026-09-01T15:46:56.406993693Z,15270.905333,37337965,1152622592,1142861824
calibration-20260902-f,S1-100-r01,2026-09-01T15:46:56.417126424Z,15281.038064,37338160,1152622592,1142861824
calibration-20260902-f,S1-100-r01,2026-09-01T15:46:56.426289954Z,15290.201595,37338324,1152851968,1142861824
calibration-20260902-f,S1-100-r01,2026-09-01T15:46:56.436478771Z,15300.390410,37357888,1152851968,1142861824
calibration-20260902-f,S1-100-r01,2026-09-01T15:46:56.446680893Z,15310.592533,37409736,1152851968,1142861824
calibration-20260902-f,S1-100-r01,2026-09-01T15:46:56.456945584Z,15320.857224,37436663,1152851968,1143119872
calibration-20260902-f,S1-100-r01,2026-09-01T15:46:56.483916731Z,15393.331687,37437044,1152851968,1142857728
calibration-20260902-f,S1-100-r01,2026-09-01T15:46:56.491814217Z,15401.229172,37472498,1104789504,1095114752
calibration-20260902-f,S1-100-r01,2026-09-01T15:46:56.50124236Z,15410.657311,37508430,1105018880,1095114752
calibration-20260902-f,S1-100-r01,2026-09-01T15:46:56.511472908Z,15420.887866,37535375,1105018880,1095016448
calibration-20260902-f,S1-100-r01,2026-09-01T15:46:56.521741042Z,15431.155999,37540069,1105018880,1095016448
calibration-20260902-f,S1-100-r01,2026-09-01T15:46:56.530922452Z,15440.337408,37540208,1105018880,1095016448
calibration-20260902-f,S1-100-r01,2026-09-01T15:46:56.541077044Z,15450.492000,37540364,1105018880,1095016448
calibration-20260902-f,S1-100-r01,2026-09-01T15:46:56.551221236Z,15460.636187,37540453,1105018880,1095016448
calibration-20260902-f,S1-100-r01,2026-09-01T15:46:56.5613806Z,15470.795551,37540522,1105018880,1095016448
calibration-20260902-f,S1-100-r01,2026-09-01T15:46:56.571560154Z,15480.975105,37540640,1105018880,1095016448
calibration-20260902-f,S1-100-r01,2026-09-01T15:46:56.583936514Z,15493.351470,37540752,1105018880,1095016448
calibration-20260902-f,S1-100-r01,2026-09-01T15:46:56.591090999Z,15500.505955,37558442,1109606400,1099735040
calibration-20260902-f,S1-100-r01,2026-09-01T15:46:56.601312758Z,15510.727714,37612155,1140342784,1130373120
calibration-20260902-f,S1-100-r01,2026-09-01T15:46:56.611542472Z,15520.957428,37639381,1156169728,1146363904
calibration-20260902-f,S1-100-r01,2026-09-01T15:46:56.621710551Z,15531.125508,37639666,1156169728,1146363904
calibration-20260902-f,S1-100-r01,2026-09-01T15:46:56.630923326Z,15540.338282,37639827,1156169728,1146363904
calibration-20260902-f,S1-100-r01,2026-09-01T15:46:56.641085772Z,15550.500729,37639988,1156169728,1146363904
calibration-20260902-f,S1-100-r01,2026-09-01T15:46:56.651308272Z,15560.723228,37640190,1156169728,1146363904
calibration-20260902-f,S1-100-r01,2026-09-01T15:46:56.661492052Z,15570.907008,37640370,1156169728,1146363904
calibration-20260902-f,S1-100-r01,2026-09-01T15:46:56.671694816Z,15581.109772,37640576,1156169728,1146363904
calibration-20260902-f,S1-100-r01,2026-09-01T15:47:00.059798646Z,15590.363858,37640743,1156169728,1146109952
calibration-20260902-f,S1-100-r01,2026-09-01T15:47:00.070023491Z,15600.588703,37658490,1182089216,1172582400
calibration-20260902-f,S1-100-r01,2026-09-01T15:47:00.080148092Z,15610.713299,37712756,1200668672,1190932480
calibration-20260902-f,S1-100-r01,2026-09-01T15:47:00.090336227Z,15620.901435,37735173,1201586176,1191981056
calibration-20260902-f,S1-100-r01,2026-09-01T15:47:00.100575603Z,15631.140821,37735324,1201586176,1191714816
calibration-20260902-f,S1-100-r01,2026-09-01T15:47:00.109727615Z,15640.292827,37735560,1201586176,1191976960
calibration-20260902-f,S1-100-r01,2026-09-01T15:47:00.119903566Z,15650.468779,37735749,1201586176,1192239104
calibration-20260902-f,S1-100-r01,2026-09-01T15:47:00.130037283Z,15660.602496,37735938,1201586176,1192239104
calibration-20260902-f,S1-100-r01,2026-09-01T15:47:00.140203257Z,15670.768469,37736130,1201586176,1192239104
calibration-20260902-f,S1-100-r01,2026-09-01T15:47:00.150423101Z,15680.988314,37736303,1201586176,1192239104
calibration-20260902-f,S1-100-r01,2026-09-01T15:47:00.15960154Z,15690.166752,37736466,1201586176,1192239104
calibration-20260902-f,S1-100-r01,2026-09-01T15:47:00.169822383Z,15700.387596,37753728,1201586176,1192239104
calibration-20260902-f,S1-100-r01,2026-09-01T15:47:00.180164503Z,15710.729716,37808313,1153683456,1144487936
calibration-20260902-f,S1-100-r01,2026-09-01T15:47:00.190393211Z,15720.958423,37835259,1153683456,1144045568
calibration-20260902-f,S1-100-r01,2026-09-01T15:47:00.200621592Z,15731.186805,37839930,1153683456,1144209408
calibration-20260902-f,S1-100-r01,2026-09-01T15:47:00.209830415Z,15740.395628,37840107,1153683456,1143959552
calibration-20260902-f,S1-100-r01,2026-09-01T15:47:00.219937309Z,15750.502520,37840264,1153683456,1144221696
calibration-20260902-f,S1-100-r01,2026-09-01T15:47:00.230105691Z,15760.670904,37840597,1153683456,1144221696
calibration-20260902-f,S1-100-r01,2026-09-01T15:47:00.24027498Z,15770.840192,37840678,1153683456,1144221696
calibration-20260902-f,S1-100-r01,2026-09-01T15:47:00.250410718Z,15780.975926,37840756,1153912832,1144221696
calibration-20260902-f,S1-100-r01,2026-09-01T15:47:00.260575546Z,15791.140753,37840844,1153912832,1144221696
calibration-20260902-f,S1-100-r01,2026-09-01T15:47:00.269751347Z,15800.316559,37858095,1153912832,1144061952
calibration-20260902-f,S1-100-r01,2026-09-01T15:47:00.279965784Z,15810.531002,37911791,1161711616,1152188416
calibration-20260902-f,S1-100-r01,2026-09-01T15:47:00.290100426Z,15820.665639,37939031,1174097920,1164509184
calibration-20260902-f,S1-100-r01,2026-09-01T15:47:00.300333823Z,15830.899036,37939210,1174097920,1164509184
calibration-20260902-f,S1-100-r01,2026-09-01T15:47:00.31053057Z,15841.095783,37939523,1174097920,1164509184
calibration-20260902-f,S1-100-r01,2026-09-01T15:47:00.362909786Z,15893.474997,37939580,1174327296,1165033472
calibration-20260902-f,S1-100-r01,2026-09-01T15:47:00.370122524Z,15900.687737,37957304,1185796096,1176305664
calibration-20260902-f,S1-100-r01,2026-09-01T15:47:00.380373315Z,15910.938527,38011123,1202311168,1192820736
calibration-20260902-f,S1-100-r01,2026-09-01T15:47:00.390581736Z,15921.146948,38038123,1202311168,1192820736
calibration-20260902-f,S1-100-r01,2026-09-01T15:47:00.39976678Z,15930.331993,38038322,1202311168,1192820736
calibration-20260902-f,S1-100-r01,2026-09-01T15:47:00.409987914Z,15940.553126,38038507,1202311168,1192820736
calibration-20260902-f,S1-100-r01,2026-09-01T15:47:00.420112317Z,15950.677529,38038657,1202311168,1192820736
calibration-20260902-f,S1-100-r01,2026-09-01T15:47:00.462882533Z,15993.447769,38038839,1202311168,1192820736
calibration-20260902-f,S1-100-r01,2026-09-01T15:47:00.470087674Z,16000.652913,38056348,1202311168,1193054208
calibration-20260902-f,S1-100-r01,2026-09-01T15:47:00.480265411Z,16010.830623,38110129,1202311168,1193054208
calibration-20260902-f,S1-100-r01,2026-09-01T15:47:00.490525456Z,16021.090663,38137165,1202311168,1193054208
calibration-20260902-f,S1-100-r01,2026-09-01T15:47:00.499709981Z,16030.275193,38137359,1202311168,1193054208
calibration-20260902-f,S1-100-r01,2026-09-01T15:47:00.509959727Z,16040.524939,38137620,1202311168,1193054208
calibration-20260902-f,S1-100-r01,2026-09-01T15:47:00.520150642Z,16050.715854,38137818,1202311168,1192955904
calibration-20260902-f,S1-100-r01,2026-09-01T15:47:00.530316758Z,16060.881965,38138097,1202311168,1192951808
calibration-20260902-f,S1-100-r01,2026-09-01T15:47:00.540508743Z,16071.073950,38138201,1202311168,1192951808
calibration-20260902-f,S1-100-r01,2026-09-01T15:47:00.549605952Z,16080.171165,38138291,1202311168,1192951808
calibration-20260902-f,S1-100-r01,2026-09-01T15:47:00.559759527Z,16090.324735,38138372,1202311168,1192951808
calibration-20260902-f,S1-100-r01,2026-09-01T15:47:00.569968695Z,16100.533913,38155659,1202311168,1192730624
calibration-20260902-f,S1-100-r01,2026-09-01T15:47:00.580302462Z,16110.867675,38209471,1208274944,1199022080
calibration-20260902-f,S1-100-r01,2026-09-01T15:47:00.590571317Z,16121.136529,38236706,1219743744,1210556416
calibration-20260902-f,S1-100-r01,2026-09-01T15:47:00.599798001Z,16130.363213,38236876,1219743744,1210556416
calibration-20260902-f,S1-100-r01,2026-09-01T15:47:00.610004326Z,16140.569540,38237044,1219743744,1210556416
calibration-20260902-f,S1-100-r01,2026-09-01T15:47:00.620143936Z,16150.709149,38237190,1219743744,1210556416
calibration-20260902-f,S1-100-r01,2026-09-01T15:47:00.630323281Z,16160.888493,38237328,1219743744,1210556416
calibration-20260902-f,S1-100-r01,2026-09-01T15:47:00.640520839Z,16171.086051,38237474,1219743744,1210556416
calibration-20260902-f,S1-100-r01,2026-09-01T15:47:00.64969013Z,16180.255343,38237589,1219743744,1210556416
calibration-20260902-f,S1-100-r01,2026-09-01T15:47:00.659818659Z,16190.383872,38237716,1219743744,1210556416
calibration-20260902-f,S1-100-r01,2026-09-01T15:47:00.669748075Z,16200.313297,38262152,1230983168,1222168576
calibration-20260902-f,S1-100-r01,2026-09-01T15:47:00.680050721Z,16210.615929,38309983,1250021376,1241518080
calibration-20260902-f,S1-100-r01,2026-09-01T15:47:00.690253992Z,16220.819206,38336937,1251397632,1242828800
calibration-20260902-f,S1-100-r01,2026-09-01T15:47:00.700442686Z,16231.007898,38341502,1251397632,1242828800
calibration-20260902-f,S1-100-r01,2026-09-01T15:47:00.710618383Z,16241.183595,38341613,1251397632,1242828800
calibration-20260902-f,S1-100-r01,2026-09-01T15:47:00.762766368Z,16293.331580,38341741,1251397632,1242828800
calibration-20260902-f,S1-100-r01,2026-09-01T15:47:00.769787654Z,16300.352861,38363749,1155309568,1145958400
calibration-20260902-f,S1-100-r01,2026-09-01T15:47:00.780272073Z,16310.837280,38414343,1155538944,1146159104
calibration-20260902-f,S1-100-r01,2026-09-01T15:47:00.790473377Z,16321.038589,38436817,1155538944,1145966592
calibration-20260902-f,S1-100-r01,2026-09-01T15:47:00.800626902Z,16331.192114,38437038,1155768320,1145966592
calibration-20260902-f,S1-100-r01,2026-09-01T15:47:00.809765593Z,16340.330805,38437192,1155768320,1146228736
calibration-20260902-f,S1-100-r01,2026-09-01T15:47:00.819908178Z,16350.473391,38437344,1155768320,1146486784
calibration-20260902-f,S1-100-r01,2026-09-01T15:47:00.830082603Z,16360.647816,38437512,1155768320,1146486784
calibration-20260902-f,S1-100-r01,2026-09-01T15:47:00.840187902Z,16370.753114,38437697,1155768320,1146486784
calibration-20260902-f,S1-100-r01,2026-09-01T15:47:00.850318956Z,16380.884169,38437874,1155768320,1146486784
calibration-20260902-f,S1-100-r01,2026-09-01T15:47:00.860458652Z,16391.023865,38438036,1155768320,1146486784
calibration-20260902-f,S1-100-r01,2026-09-01T15:47:00.869618668Z,16400.183906,38455367,1155768320,1146245120
calibration-20260902-f,S1-100-r01,2026-09-01T15:47:00.87990778Z,16410.473020,38509225,1155768320,1146507264
calibration-20260902-f,S1-100-r01,2026-09-01T15:47:00.890158182Z,16420.723394,38536253,1155768320,1146507264
calibration-20260902-f,S1-100-r01,2026-09-01T15:47:00.900364081Z,16430.929293,38540936,1155768320,1146507264
calibration-20260902-f,S1-100-r01,2026-09-01T15:47:00.962770487Z,16493.335699,38541261,1155768320,1146507264
calibration-20260902-f,S1-100-r01,2026-09-01T15:47:00.970004335Z,16500.569548,38558542,1155768320,1146527744
calibration-20260902-f,S1-100-r01,2026-09-01T15:47:00.98024344Z,16510.808652,38612136,1155768320,1146527744
calibration-20260902-f,S1-100-r01,2026-09-01T15:47:00.990411702Z,16520.976914,38634561,1155768320,1146527744
calibration-20260902-f,S1-100-r01,2026-09-01T15:47:01.000596943Z,16531.162162,38639228,1155768320,1146527744
calibration-20260902-f,S1-100-r01,2026-09-01T15:47:01.009773845Z,16540.339057,38639346,1155768320,1146527744
calibration-20260902-f,S1-100-r01,2026-09-01T15:47:01.01988883Z,16550.454043,38639466,1155768320,1146527744
calibration-20260902-f,S1-100-r01,2026-09-01T15:47:01.030014947Z,16560.580161,38639576,1155768320,1146527744
calibration-20260902-f,S1-100-r01,2026-09-01T15:47:01.040164008Z,16570.729221,38639708,1155768320,1146527744
calibration-20260902-f,S1-100-r01,2026-09-01T15:47:01.050319211Z,16580.884418,38639807,1155768320,1146527744
calibration-20260902-f,S1-100-r01,2026-09-01T15:47:01.06051401Z,16591.079217,38639904,1155768320,1146261504
calibration-20260902-f,S1-100-r01,2026-09-01T15:47:01.06970236Z,16600.267567,38657897,1155768320,1146040320
calibration-20260902-f,S1-100-r01,2026-09-01T15:47:01.079897903Z,16610.463116,38711564,1156456448,1147068416
calibration-20260902-f,S1-100-r01,2026-09-01T15:47:01.090080689Z,16620.645902,38737908,1160126464,1151000576
calibration-20260902-f,S1-100-r01,2026-09-01T15:47:01.100201376Z,16630.766589,38738105,1160126464,1150746624
calibration-20260902-f,S1-100-r01,2026-09-01T15:47:01.110427982Z,16640.993195,38738373,1160126464,1151008768
calibration-20260902-f,S1-100-r01,2026-09-01T15:47:01.120590041Z,16651.155253,38738555,1160126464,1151008768
calibration-20260902-f,S1-100-r01,2026-09-01T15:47:01.129800218Z,16660.365431,38738786,1160126464,1151008768
calibration-20260902-f,S1-100-r01,2026-09-01T15:47:01.13995967Z,16670.524883,38738956,1160126464,1151008768
calibration-20260902-f,S1-100-r01,2026-09-01T15:47:01.150094494Z,16680.659707,38739145,1160126464,1151238144
calibration-20260902-f,S1-100-r01,2026-09-01T15:47:01.160251621Z,16690.816834,38739304,1160126464,1151238144
calibration-20260902-f,S1-100-r01,2026-09-01T15:47:01.169772134Z,16700.337341,38758188,1124716544,1115230208
calibration-20260902-f,S1-100-r01,2026-09-01T15:47:01.180096972Z,16710.662184,38811781,1145819136,1136439296
calibration-20260902-f,S1-100-r01,2026-09-01T15:47:01.190397478Z,16720.962689,38838618,1153847296,1144565760
calibration-20260902-f,S1-100-r01,2026-09-01T15:47:01.20063273Z,16731.197943,38838893,1153847296,1144565760
calibration-20260902-f,S1-100-r01,2026-09-01T15:47:01.209835517Z,16740.400729,38839077,1153847296,1144467456
calibration-20260902-f,S1-100-r01,2026-09-01T15:47:01.219995599Z,16750.560812,38839270,1153847296,1144467456
calibration-20260902-f,S1-100-r01,2026-09-01T15:47:01.230209703Z,16760.774915,38839504,1153847296,1144467456
calibration-20260902-f,S1-100-r01,2026-09-01T15:47:01.240373098Z,16770.938311,38839702,1153847296,1144467456
calibration-20260902-f,S1-100-r01,2026-09-01T15:47:01.250589176Z,16781.154388,38839933,1154076672,1144467456
calibration-20260902-f,S1-100-r01,2026-09-01T15:47:01.259778712Z,16790.343925,38840084,1154076672,1144467456
calibration-20260902-f,S1-100-r01,2026-09-01T15:47:01.269885502Z,16800.450714,38858652,1175408640,1165963264
calibration-20260902-f,S1-100-r01,2026-09-01T15:47:01.280019646Z,16810.584853,38913289,1193988096,1184837632
calibration-20260902-f,S1-100-r01,2026-09-01T15:47:01.290185967Z,16820.751180,38939289,1203621888,1194274816
calibration-20260902-f,S1-100-r01,2026-09-01T15:47:01.300398875Z,16830.964089,38939500,1203621888,1194274816
calibration-20260902-f,S1-100-r01,2026-09-01T15:47:01.310581098Z,16841.146310,38939672,1203621888,1194274816
calibration-20260902-f,S1-100-r01,2026-09-01T15:47:01.31977011Z,16850.335322,38939809,1203621888,1194274816
calibration-20260902-f,S1-100-r01,2026-09-01T15:47:01.329951843Z,16860.517055,38939936,1203621888,1194135552
calibration-20260902-f,S1-100-r01,2026-09-01T15:47:01.340062564Z,16870.627776,38940050,1203851264,1194135552
calibration-20260902-f,S1-100-r01,2026-09-01T15:47:01.350224954Z,16880.790161,38940146,1203851264,1194135552
calibration-20260902-f,S1-100-r01,2026-09-01T15:47:01.360459338Z,16891.024545,38940298,1203851264,1194135552
calibration-20260902-f,S1-100-r01,2026-09-01T15:47:01.369632925Z,16900.198165,38957601,1204998144,1195184128
calibration-20260902-f,S1-100-r01,2026-09-01T15:47:01.379993221Z,16910.558434,39011462,1204998144,1195184128
calibration-20260902-f,S1-100-r01,2026-09-01T15:47:01.39020378Z,16920.768987,39038836,1156841472,1147473920
calibration-20260902-f,S1-100-r01,2026-09-01T15:47:01.400426545Z,16930.991757,39039052,1156841472,1147473920
calibration-20260902-f,S1-100-r01,2026-09-01T15:47:01.41062708Z,16941.192316,39039321,1156841472,1147473920
calibration-20260902-f,S1-100-r01,2026-09-01T15:47:01.419878602Z,16950.443815,39039610,1156841472,1147375616
calibration-20260902-f,S1-100-r01,2026-09-01T15:47:01.430022039Z,16960.587254,39039775,1156841472,1147375616
calibration-20260902-f,S1-100-r01,2026-09-01T15:47:01.440249991Z,16970.815204,39040019,1156841472,1147375616
calibration-20260902-f,S1-100-r01,2026-09-01T15:47:01.450377265Z,16980.942477,39040171,1156841472,1147375616
calibration-20260902-f,S1-100-r01,2026-09-01T15:47:01.460502626Z,16991.067838,39040268,1156841472,1147375616
calibration-20260902-f,S1-100-r01,2026-09-01T15:47:01.470216288Z,17000.781501,39058131,1157070848,1147387904
calibration-20260902-f,S1-100-r01,2026-09-01T15:47:01.480455142Z,17011.020354,39111767,1157070848,1147650048
calibration-20260902-f,S1-100-r01,2026-09-01T15:47:01.489643503Z,17020.208716,39134192,1157070848,1147650048
calibration-20260902-f,S1-100-r01,2026-09-01T15:47:01.499823985Z,17030.389199,39138890,1157070848,1147650048
calibration-20260902-f,S1-100-r01,2026-09-01T15:47:01.509952951Z,17040.518164,39139065,1157070848,1147650048
calibration-20260902-f,S1-100-r01,2026-09-01T15:47:01.520107561Z,17050.672774,39139191,1157070848,1147650048
calibration-20260902-f,S1-100-r01,2026-09-01T15:47:01.530265356Z,17060.830568,39139299,1157070848,1147650048
calibration-20260902-f,S1-100-r01,2026-09-01T15:47:01.54046154Z,17071.026753,39139432,1157070848,1147650048
calibration-20260902-f,S1-100-r01,2026-09-01T15:47:01.550594259Z,17081.159471,39139542,1157070848,1147650048
calibration-20260902-f,S1-100-r01,2026-09-01T15:47:01.55976962Z,17090.334832,39139675,1157070848,1147650048
calibration-20260902-f,S1-100-r01,2026-09-01T15:47:01.569891298Z,17100.456511,39156896,1157070848,1147691008
calibration-20260902-f,S1-100-r01,2026-09-01T15:47:01.580171014Z,17110.736226,39211728,1164869632,1155817472
calibration-20260902-f,S1-100-r01,2026-09-01T15:47:01.590360373Z,17120.925586,39233608,1182531584,1173643264
calibration-20260902-f,S1-100-r01,2026-09-01T15:47:01.600597035Z,17131.162247,39238311,1182760960,1173905408
calibration-20260902-f,S1-100-r01,2026-09-01T15:47:01.609753268Z,17140.318480,39238529,1182760960,1173905408
calibration-20260902-f,S1-100-r01,2026-09-01T15:47:01.662787786Z,17193.353000,39238811,1182760960,1173905408
calibration-20260902-f,S1-100-r01,2026-09-01T15:47:01.670057147Z,17200.622358,39256416,1192165376,1183125504
calibration-20260902-f,S1-100-r01,2026-09-01T15:47:01.680310902Z,17210.876110,39310950,1205239808,1196494848
calibration-20260902-f,S1-100-r01,2026-09-01T15:47:01.690588751Z,17221.153963,39337415,1205239808,1196494848
calibration-20260902-f,S1-100-r01,2026-09-01T15:47:01.699798722Z,17230.363934,39337621,1205239808,1196494848
calibration-20260902-f,S1-100-r01,2026-09-01T15:47:01.709984086Z,17240.549299,39337807,1205239808,1196494848
calibration-20260902-f,S1-100-r01,2026-09-01T15:47:01.72015631Z,17250.721523,39338001,1205239808,1196494848
calibration-20260902-f,S1-100-r01,2026-09-01T15:47:01.73033188Z,17260.897092,39338187,1205239808,1196494848
calibration-20260902-f,S1-100-r01,2026-09-01T15:47:01.740459221Z,17271.024433,39338344,1205239808,1196494848
calibration-20260902-f,S1-100-r01,2026-09-01T15:47:01.750636411Z,17281.201619,39338488,1205239808,1196494848
calibration-20260902-f,S1-100-r01,2026-09-01T15:47:01.75982332Z,17290.388527,39338618,1205239808,1196494848
calibration-20260902-f,S1-100-r01,2026-09-01T15:47:01.770033569Z,17300.598781,39355848,1205927936,1196556288
calibration-20260902-f,S1-100-r01,2026-09-01T15:47:01.780082478Z,17310.647684,39410949,1205927936,1196556288
calibration-20260902-f,S1-100-r01,2026-09-01T15:47:01.790342886Z,17320.908099,39432165,1206157312,1196556288
calibration-20260902-f,S1-100-r01,2026-09-01T15:47:01.800581762Z,17331.146974,39436804,1206157312,1196556288
calibration-20260902-f,S1-100-r01,2026-09-01T15:47:01.809774186Z,17340.339399,39436938,1206157312,1196556288
calibration-20260902-f,S1-100-r01,2026-09-01T15:47:01.819890492Z,17350.455705,39437060,1206157312,1196556288
calibration-20260902-f,S1-100-r01,2026-09-01T15:47:01.830058256Z,17360.623472,39437175,1206157312,1196556288
calibration-20260902-f,S1-100-r01,2026-09-01T15:47:01.840221514Z,17370.786727,39437320,1206157312,1196556288
calibration-20260902-f,S1-100-r01,2026-09-01T15:47:01.850450583Z,17381.015795,39437516,1206157312,1196556288
calibration-20260902-f,S1-100-r01,2026-09-01T15:47:01.859710851Z,17390.276063,39437727,1206157312,1196556288
calibration-20260902-f,S1-100-r01,2026-09-01T15:47:01.86993343Z,17400.498643,39455138,1213956096,1204256768
calibration-20260902-f,S1-100-r01,2026-09-01T15:47:01.880105461Z,17410.670674,39509215,1230241792,1220771840
calibration-20260902-f,S1-100-r01,2026-09-01T15:47:01.890313058Z,17420.878265,39536647,1234829312,1225228288
calibration-20260902-f,S1-100-r01,2026-09-01T15:47:01.962794608Z,17493.359821,39541565,1235058688,1225490432
calibration-20260902-f,S1-100-r01,2026-09-01T15:47:01.970017896Z,17500.583108,39560250,1209577472,1200463872
calibration-20260902-f,S1-100-r01,2026-09-01T15:47:01.980152829Z,17510.718036,39614292,1246736384,1237426176
calibration-20260902-f,S1-100-r01,2026-09-01T15:47:01.990382768Z,17520.947981,39639143,1246736384,1237331968
calibration-20260902-f,S1-100-r01,2026-09-01T15:47:02.000627552Z,17531.192771,39639426,1246736384,1237331968
calibration-20260902-f,S1-100-r01,2026-09-01T15:47:02.009858215Z,17540.423427,39639861,1246736384,1237331968
calibration-20260902-f,S1-100-r01,2026-09-01T15:47:02.020061432Z,17550.626640,39640230,1246736384,1237331968
calibration-20260902-f,S1-100-r01,2026-09-01T15:47:02.030285958Z,17560.851170,39640401,1246736384,1237331968
calibration-20260902-f,S1-100-r01,2026-09-01T15:47:02.062769735Z,17593.334948,39640723,1246736384,1237037056
calibration-20260902-f,S1-100-r01,2026-09-01T15:47:02.070084244Z,17600.649457,39659097,1199165440,1189376000
calibration-20260902-f,S1-100-r01,2026-09-01T15:47:02.080362485Z,17610.927697,39712787,1199165440,1189900288
calibration-20260902-f,S1-100-r01,2026-09-01T15:47:02.090585321Z,17621.150534,39739804,1199165440,1189642240
calibration-20260902-f,S1-100-r01,2026-09-01T15:47:02.099779609Z,17630.344822,39740000,1199165440,1189638144
calibration-20260902-f,S1-100-r01,2026-09-01T15:47:02.110041853Z,17640.607065,39740268,1199165440,1189289984
calibration-20260902-f,S1-100-r01,2026-09-01T15:47:02.120199075Z,17650.764287,39740575,1199165440,1189289984
calibration-20260902-f,S1-100-r01,2026-09-01T15:47:02.130469868Z,17661.035080,39740904,1199165440,1189289984
calibration-20260902-f,S1-100-r01,2026-09-01T15:47:02.139774516Z,17670.339728,39741193,1199165440,1189289984
calibration-20260902-f,S1-100-r01,2026-09-01T15:47:02.150004694Z,17680.569906,39741433,1199165440,1189289984
calibration-20260902-f,S1-100-r01,2026-09-01T15:47:02.160231976Z,17690.797189,39741697,1199165440,1189289984
calibration-20260902-f,S1-100-r01,2026-09-01T15:47:02.170474333Z,17701.039546,39759097,1199165440,1189076992
calibration-20260902-f,S1-100-r01,2026-09-01T15:47:02.179753694Z,17710.318906,39812764,1199165440,1189339136
calibration-20260902-f,S1-100-r01,2026-09-01T15:47:02.190018684Z,17720.583896,39835283,1199165440,1189339136
calibration-20260902-f,S1-100-r01,2026-09-01T15:47:02.200268425Z,17730.833637,39839972,1199165440,1189339136
calibration-20260902-f,S1-100-r01,2026-09-01T15:47:02.262805204Z,17793.370440,39840259,1199165440,1189339136
calibration-20260902-f,S1-100-r01,2026-09-01T15:47:02.270070766Z,17800.636002,39857760,1199165440,1189359616
calibration-20260902-f,S1-100-r01,2026-09-01T15:47:02.280305204Z,17810.870418,39911968,1199165440,1189359616
calibration-20260902-f,S1-100-r01,2026-09-01T15:47:02.29063702Z,17821.202232,39939041,1199165440,1189359616
calibration-20260902-f,S1-100-r01,2026-09-01T15:47:02.299901511Z,17830.466723,39939293,1199165440,1189359616
calibration-20260902-f,S1-100-r01,2026-09-01T15:47:02.310044348Z,17840.609560,39939503,1199165440,1189359616
calibration-20260902-f,S1-100-r01,2026-09-01T15:47:02.320225485Z,17850.790697,39939795,1199165440,1189359616
calibration-20260902-f,S1-100-r01,2026-09-01T15:47:02.330378708Z,17860.943920,39939875,1199165440,1189359616
calibration-20260902-f,S1-100-r01,2026-09-01T15:47:02.340543986Z,17871.109193,39939962,1199165440,1189359616
calibration-20260902-f,S1-100-r01,2026-09-01T15:47:02.349707491Z,17880.272704,39940065,1199165440,1189621760
calibration-20260902-f,S1-100-r01,2026-09-01T15:47:02.359873312Z,17890.438518,39940178,1199165440,1189621760
calibration-20260902-f,S1-100-r01,2026-09-01T15:47:02.370045599Z,17900.610812,39957303,1199165440,1189384192
calibration-20260902-f,S1-100-r01,2026-09-01T15:47:02.379665936Z,17910.231150,40011600,1164816384,1154797568
calibration-20260902-f,S1-100-r01,2026-09-01T15:47:02.389874594Z,17920.439806,40038749,1175597056,1165799424
calibration-20260902-f,S1-100-r01,2026-09-01T15:47:02.400072397Z,17930.637609,40038991,1175597056,1165799424
calibration-20260902-f,S1-100-r01,2026-09-01T15:47:02.410253915Z,17940.819128,40039223,1175597056,1165701120
calibration-20260902-f,S1-100-r01,2026-09-01T15:47:02.420399364Z,17950.964576,40039477,1175597056,1165963264
calibration-20260902-f,S1-100-r01,2026-09-01T15:47:02.430583885Z,17961.149098,40039672,1175826432,1165963264
calibration-20260902-f,S1-100-r01,2026-09-01T15:47:02.4397289Z,17970.294113,40039816,1175826432,1166225408
calibration-20260902-f,S1-100-r01,2026-09-01T15:47:02.449876158Z,17980.441365,40039903,1175826432,1166225408
calibration-20260902-f,S1-100-r01,2026-09-01T15:47:02.460014008Z,17990.579220,40039973,1175826432,1166483456
calibration-20260902-f,S1-100-r01,2026-09-01T15:47:02.470232411Z,18000.797624,40057427,1189818368,1180639232
calibration-20260902-f,S1-100-r01,2026-09-01T15:47:02.48050056Z,18011.065767,40111618,1215508480,1206329344
calibration-20260902-f,S1-100-r01,2026-09-01T15:47:02.489727571Z,18020.292778,40138560,1218949120,1209737216
calibration-20260902-f,S1-100-r01,2026-09-01T15:47:02.499923594Z,18030.488807,40138749,1218949120,1209737216
calibration-20260902-f,S1-100-r01,2026-09-01T15:47:02.510146105Z,18040.711317,40138955,1218949120,1209737216
calibration-20260902-f,S1-100-r01,2026-09-01T15:47:02.520337757Z,18050.902969,40139132,1218949120,1209737216
calibration-20260902-f,S1-100-r01,2026-09-01T15:47:02.530494082Z,18061.059295,40139304,1218949120,1209999360
calibration-20260902-f,S1-100-r01,2026-09-01T15:47:02.539628995Z,18070.194207,40139460,1218949120,1209999360
calibration-20260902-f,S1-100-r01,2026-09-01T15:47:02.549791366Z,18080.356578,40139700,1219178496,1209999360
calibration-20260902-f,S1-100-r01,2026-09-01T15:47:02.559901537Z,18090.466749,40139861,1219178496,1209999360
calibration-20260902-f,S1-100-r01,2026-09-01T15:47:02.570045068Z,18100.610280,40157350,1232711680,1223630848
calibration-20260902-f,S1-100-r01,2026-09-01T15:47:02.580326454Z,18110.891756,40213307,1248309248,1239359488
calibration-20260902-f,S1-100-r01,2026-09-01T15:47:02.589682736Z,18120.247948,40234275,1248309248,1239359488
calibration-20260902-f,S1-100-r01,2026-09-01T15:47:02.599994723Z,18130.559941,40239075,1248309248,1239359488
calibration-20260902-f,S1-100-r01,2026-09-01T15:47:02.662786747Z,18193.351959,40239460,1248309248,1239359488
calibration-20260902-f,S1-100-r01,2026-09-01T15:47:02.670005934Z,18200.571147,40256830,1248309248,1239359488
calibration-20260902-f,S1-100-r01,2026-09-01T15:47:02.680277501Z,18210.842713,40310536,1248309248,1239359488
calibration-20260902-f,S1-100-r01,2026-09-01T15:47:02.690453607Z,18221.018820,40333856,1200128000,1191292928
calibration-20260902-f,S1-100-r01,2026-09-01T15:47:02.700569803Z,18231.135016,40338539,1200357376,1191292928
calibration-20260902-f,S1-100-r01,2026-09-01T15:47:02.709686516Z,18240.251727,40338652,1200357376,1191292928
calibration-20260902-f,S1-100-r01,2026-09-01T15:47:02.719834264Z,18250.399476,40338869,1200357376,1191194624
calibration-20260902-f,S1-100-r01,2026-09-01T15:47:02.729979292Z,18260.544504,40339032,1200357376,1191194624
calibration-20260902-f,S1-100-r01,2026-09-01T15:47:02.740083906Z,18270.649118,40339188,1200357376,1191194624
calibration-20260902-f,S1-100-r01,2026-09-01T15:47:02.750243601Z,18280.808813,40339413,1200357376,1191194624
calibration-20260902-f,S1-100-r01,2026-09-01T15:47:02.760432561Z,18290.997773,40339652,1200357376,1191194624
calibration-20260902-f,S1-100-r01,2026-09-01T15:47:02.770636235Z,18301.201449,40374770,1200357376,1191194624
calibration-20260902-f,S1-100-r01,2026-09-01T15:47:02.779876174Z,18310.441387,40410599,1200357376,1191194624
calibration-20260902-f,S1-100-r01,2026-09-01T15:47:02.790033221Z,18320.598433,40433162,1204027392,1194864640
calibration-20260902-f,S1-100-r01,2026-09-01T15:47:02.862790899Z,18393.356112,40437930,1204027392,1194795008
calibration-20260902-f,S1-100-r01,2026-09-01T15:47:02.870038849Z,18400.604062,40455445,1216643072,1207640064
calibration-20260902-f,S1-100-r01,2026-09-01T15:47:02.880297658Z,18410.862871,40509519,1235451904,1226252288
calibration-20260902-f,S1-100-r01,2026-09-01T15:47:02.89053448Z,18421.099693,40537934,1248755712,1239621632
calibration-20260902-f,S1-100-r01,2026-09-01T15:47:02.899774111Z,18430.339322,40538087,1248755712,1239621632
calibration-20260902-f,S1-100-r01,2026-09-01T15:47:02.909960979Z,18440.526191,40538224,1248755712,1239621632
calibration-20260902-f,S1-100-r01,2026-09-01T15:47:02.920077829Z,18450.643041,40538387,1248755712,1239621632
calibration-20260902-f,S1-100-r01,2026-09-01T15:47:02.930235939Z,18460.801152,40538514,1248755712,1239166976
calibration-20260902-f,S1-100-r01,2026-09-01T15:47:02.940453056Z,18471.018269,40538662,1248755712,1239166976
calibration-20260902-f,S1-100-r01,2026-09-01T15:47:02.950580781Z,18481.145993,40538785,1248755712,1239166976
calibration-20260902-f,S1-100-r01,2026-09-01T15:47:02.959734602Z,18490.299815,40538888,1248755712,1239166976
calibration-20260902-f,S1-100-r01,2026-09-01T15:47:02.970192798Z,18500.758005,40556176,1248985088,1239166976
calibration-20260902-f,S1-100-r01,2026-09-01T15:47:02.98040585Z,18510.971063,40609802,1248985088,1239166976
calibration-20260902-f,S1-100-r01,2026-09-01T15:47:02.989655373Z,18520.220585,40636745,1248985088,1239166976
calibration-20260902-f,S1-100-r01,2026-09-01T15:47:02.999901011Z,18530.466223,40641447,1248985088,1239162880
calibration-20260902-f,S1-100-r01,2026-09-01T15:47:03.010169327Z,18540.734539,40641732,1248985088,1239425024
calibration-20260902-f,S1-100-r01,2026-09-01T15:47:03.020308417Z,18550.873629,40641917,1248985088,1239683072
calibration-20260902-f,S1-100-r01,2026-09-01T15:47:03.030489634Z,18561.054846,40642105,1249214464,1239683072
calibration-20260902-f,S1-100-r01,2026-09-01T15:47:03.039768744Z,18570.333957,40642390,1249214464,1239683072
calibration-20260902-f,S1-100-r01,2026-09-01T15:47:03.050013994Z,18580.579206,40642681,1249214464,1239683072
calibration-20260902-f,S1-100-r01,2026-09-01T15:47:03.060229022Z,18590.794235,40642945,1249214464,1239683072
calibration-20260902-f,S1-100-r01,2026-09-01T15:47:03.070455389Z,18601.020597,40660643,1249214464,1239941120
calibration-20260902-f,S1-100-r01,2026-09-01T15:47:03.079637189Z,18610.202401,40714210,1249214464,1239941120
calibration-20260902-f,S1-100-r01,2026-09-01T15:47:03.089852749Z,18620.417962,40737419,1249214464,1239941120
calibration-20260902-f,S1-100-r01,2026-09-01T15:47:03.100028249Z,18630.593461,40737608,1249214464,1239941120
calibration-20260902-f,S1-100-r01,2026-09-01T15:47:03.11016519Z,18640.730403,40737764,1249214464,1239941120
calibration-20260902-f,S1-100-r01,2026-09-01T15:47:03.120345965Z,18650.911177,40737979,1249214464,1239941120
calibration-20260902-f,S1-100-r01,2026-09-01T15:47:03.130528521Z,18661.093733,40738180,1249214464,1239941120
calibration-20260902-f,S1-100-r01,2026-09-01T15:47:03.162824709Z,18693.389945,40738498,1249214464,1239941120
calibration-20260902-f,S1-100-r01,2026-09-01T15:47:03.170509032Z,18701.074239,40762198,1161506816,1152499712
calibration-20260902-f,S1-100-r01,2026-09-01T15:47:03.179653867Z,18710.219079,40810975,1176645632,1167704064
calibration-20260902-f,S1-100-r01,2026-09-01T15:47:03.189882545Z,18720.447758,40842427,1188573184,1179762688
calibration-20260902-f,S1-100-r01,2026-09-01T15:47:03.200068927Z,18730.634140,40842639,1188573184,1179586560
calibration-20260902-f,S1-100-r01,2026-09-01T15:47:03.210261381Z,18740.826594,40842855,1188573184,1179586560
calibration-20260902-f,S1-100-r01,2026-09-01T15:47:03.220434507Z,18750.999720,40843055,1188573184,1179586560
calibration-20260902-f,S1-100-r01,2026-09-01T15:47:03.229630997Z,18760.196209,40843247,1188573184,1179586560
calibration-20260902-f,S1-100-r01,2026-09-01T15:47:03.239842086Z,18770.407298,40843496,1188573184,1179586560
calibration-20260902-f,S1-100-r01,2026-09-01T15:47:03.262819739Z,18793.384976,40843677,1188802560,1179848704
calibration-20260902-f,S1-100-r01,2026-09-01T15:47:03.26996075Z,18800.525957,40864449,1154265088,1145499648
calibration-20260902-f,S1-100-r01,2026-09-01T15:47:03.280717663Z,18811.282870,40916384,1161375744,1152507904
calibration-20260902-f,S1-100-r01,2026-09-01T15:47:03.289950381Z,18820.515595,40938942,1161375744,1152507904
calibration-20260902-f,S1-100-r01,2026-09-01T15:47:03.362756306Z,18893.321519,40939369,1161375744,1152385024
calibration-20260902-f,S1-100-r01,2026-09-01T15:47:03.369944363Z,18900.509575,40956651,1161375744,1152385024
calibration-20260902-f,S1-100-r01,2026-09-01T15:47:03.380168456Z,18910.733669,41010328,1161375744,1152385024
calibration-20260902-f,S1-100-r01,2026-09-01T15:47:03.390335937Z,18920.901150,41032741,1161375744,1152385024
calibration-20260902-f,S1-100-r01,2026-09-01T15:47:03.400576093Z,18931.141305,41037377,1161375744,1152385024
calibration-20260902-f,S1-100-r01,2026-09-01T15:47:03.4097577Z,18940.322913,41037505,1161375744,1152385024
calibration-20260902-f,S1-100-r01,2026-09-01T15:47:03.419967536Z,18950.532743,41037602,1161375744,1152385024
calibration-20260902-f,S1-100-r01,2026-09-01T15:47:03.430113171Z,18960.678384,41037685,1161375744,1152385024
calibration-20260902-f,S1-100-r01,2026-09-01T15:47:03.440256019Z,18970.821226,41037734,1161375744,1152385024
calibration-20260902-f,S1-100-r01,2026-09-01T15:47:03.45041672Z,18980.981932,41037822,1161375744,1152385024
calibration-20260902-f,S1-100-r01,2026-09-01T15:47:03.460576348Z,18991.141555,41037905,1161375744,1152385024
calibration-20260902-f,S1-100-r01,2026-09-01T15:47:03.469764261Z,19000.329475,41055029,1161375744,1152643072
calibration-20260902-f,S1-100-r01,2026-09-01T15:47:03.479949335Z,19010.514542,41108965,1161375744,1152376832
calibration-20260902-f,S1-100-r01,2026-09-01T15:47:03.490142172Z,19020.707385,41135840,1161375744,1152376832
calibration-20260902-f,S1-100-r01,2026-09-01T15:47:03.562772458Z,19093.337670,41136237,1161375744,1152638976
calibration-20260902-f,S1-100-r01,2026-09-01T15:47:03.569926222Z,19100.491434,41153485,1161375744,1152638976
calibration-20260902-f,S1-100-r01,2026-09-01T15:47:03.579811345Z,19110.376555,41207417,1120985088,1112268800
calibration-20260902-f,S1-100-r01,2026-09-01T15:47:03.589608529Z,19120.173741,41235257,1139105792,1130549248
calibration-20260902-f,S1-100-r01,2026-09-01T15:47:03.599827956Z,19130.393168,41239953,1140711424,1132122112
calibration-20260902-f,S1-100-r01,2026-09-01T15:47:03.609964244Z,19140.529455,41240171,1140940800,1132023808
calibration-20260902-f,S1-100-r01,2026-09-01T15:47:03.620080101Z,19150.645313,41240334,1140940800,1132023808
calibration-20260902-f,S1-100-r01,2026-09-01T15:47:03.630215973Z,19160.781185,41240513,1140940800,1132023808
calibration-20260902-f,S1-100-r01,2026-09-01T15:47:03.640454045Z,19171.019257,41240775,1140940800,1132023808
calibration-20260902-f,S1-100-r01,2026-09-01T15:47:03.649670992Z,19180.236204,41240938,1140940800,1132023808
calibration-20260902-f,S1-100-r01,2026-09-01T15:47:03.659858752Z,19190.423965,41241143,1140940800,1132023808
calibration-20260902-f,S1-100-r01,2026-09-01T15:47:03.670087497Z,19200.652715,41258732,1150803968,1141985280
calibration-20260902-f,S1-100-r01,2026-09-01T15:47:03.680414736Z,19210.979972,41313695,1170300928,1161347072
calibration-20260902-f,S1-100-r01,2026-09-01T15:47:03.689762927Z,19220.328141,41336733,1181769728,1172619264
calibration-20260902-f,S1-100-r01,2026-09-01T15:47:03.69989007Z,19230.455282,41336948,1181769728,1172619264
calibration-20260902-f,S1-100-r01,2026-09-01T15:47:03.710105643Z,19240.670855,41337132,1181769728,1172619264
calibration-20260902-f,S1-100-r01,2026-09-01T15:47:03.762757413Z,19293.322619,41337445,1181999104,1172881408
calibration-20260902-f,S1-100-r01,2026-09-01T15:47:03.769892794Z,19300.458006,41355063,1194385408,1185464320
calibration-20260902-f,S1-100-r01,2026-09-01T15:47:03.780117615Z,19310.682827,41408935,1209065472,1200144384
calibration-20260902-f,S1-100-r01,2026-09-01T15:47:03.790290942Z,19320.856154,41431445,1210212352,1200930816
calibration-20260902-f,S1-100-r01,2026-09-01T15:47:03.800508491Z,19331.073703,41436108,1210212352,1200930816
calibration-20260902-f,S1-100-r01,2026-09-01T15:47:03.809702995Z,19340.268207,41436268,1210212352,1200930816
calibration-20260902-f,S1-100-r01,2026-09-01T15:47:03.81988496Z,19350.450173,41436424,1210212352,1200930816
calibration-20260902-f,S1-100-r01,2026-09-01T15:47:03.83001817Z,19360.583382,41436585,1210212352,1200930816
calibration-20260902-f,S1-100-r01,2026-09-01T15:47:03.840171458Z,19370.736671,41436750,1210212352,1200930816
calibration-20260902-f,S1-100-r01,2026-09-01T15:47:03.850309376Z,19380.874588,41436891,1210212352,1200930816
calibration-20260902-f,S1-100-r01,2026-09-01T15:47:03.860466767Z,19391.031980,41437107,1210212352,1200930816
calibration-20260902-f,S1-100-r01,2026-09-01T15:47:03.869660488Z,19400.225710,41454366,1210212352,1200930816
calibration-20260902-f,S1-100-r01,2026-09-01T15:47:03.879838112Z,19410.403319,41509043,1210441728,1201192960
calibration-20260902-f,S1-100-r01,2026-09-01T15:47:03.890081829Z,19420.647041,41535535,1210441728,1201192960
calibration-20260902-f,S1-100-r01,2026-09-01T15:47:03.900319631Z,19430.884843,41540218,1210441728,1201192960
calibration-20260902-f,S1-100-r01,2026-09-01T15:47:03.91057088Z,19441.136093,41540427,1210441728,1201065984
calibration-20260902-f,S1-100-r01,2026-09-01T15:47:03.962770963Z,19493.336175,41540548,1210441728,1201065984
calibration-20260902-f,S1-100-r01,2026-09-01T15:47:03.970039879Z,19500.605091,41557855,1210441728,1201328128
calibration-20260902-f,S1-100-r01,2026-09-01T15:47:03.980429281Z,19510.994517,41612832,1162489856,1153228800
calibration-20260902-f,S1-100-r01,2026-09-01T15:47:03.990603717Z,19521.168929,41639935,1162489856,1153490944
calibration-20260902-f,S1-100-r01,2026-09-01T15:47:03.999888044Z,19530.453257,41640246,1162489856,1153396736
calibration-20260902-f,S1-100-r01,2026-09-01T15:47:04.010093585Z,19540.658798,41640471,1162489856,1153396736
calibration-20260902-f,S1-100-r01,2026-09-01T15:47:04.020392009Z,19550.957222,41640767,1162719232,1153396736
calibration-20260902-f,S1-100-r01,2026-09-01T15:47:04.029598105Z,19560.163317,41640971,1162719232,1153396736
calibration-20260902-f,S1-100-r01,2026-09-01T15:47:04.039790607Z,19570.355821,41641218,1162719232,1153396736
calibration-20260902-f,S1-100-r01,2026-09-01T15:47:04.050015777Z,19580.580984,41641601,1162719232,1153396736
calibration-20260902-f,S1-100-r01,2026-09-01T15:47:04.06278237Z,19593.347582,41641771,1162719232,1153396736
calibration-20260902-f,S1-100-r01,2026-09-01T15:47:04.070010452Z,19600.575665,41661199,1164783616,1155997696
calibration-20260902-f,S1-100-r01,2026-09-01T15:47:04.080227341Z,19610.792555,41713045,1182216192,1173299200
calibration-20260902-f,S1-100-r01,2026-09-01T15:47:04.090484859Z,19621.050071,41735692,1193455616,1184571392
calibration-20260902-f,S1-100-r01,2026-09-01T15:47:04.099613038Z,19630.178249,41735874,1193455616,1184571392
calibration-20260902-f,S1-100-r01,2026-09-01T15:47:04.109858382Z,19640.423595,41736115,1193455616,1184571392
calibration-20260902-f,S1-100-r01,2026-09-01T15:47:04.120065754Z,19650.630966,41736320,1193455616,1184571392
calibration-20260902-f,S1-100-r01,2026-09-01T15:47:04.16278598Z,19693.351192,41736601,1193684992,1184833536
calibration-20260902-f,S1-100-r01,2026-09-01T15:47:04.170046089Z,19700.611302,41754130,1207218176,1198465024
calibration-20260902-f,S1-100-r01,2026-09-01T15:47:04.180281312Z,19710.846519,41807778,1210888192,1202135040
calibration-20260902-f,S1-100-r01,2026-09-01T15:47:04.190530965Z,19721.096177,41839228,1210888192,1202135040
calibration-20260902-f,S1-100-r01,2026-09-01T15:47:04.19976138Z,19730.326592,41839390,1210888192,1202135040
calibration-20260902-f,S1-100-r01,2026-09-01T15:47:04.209975943Z,19740.541156,41839711,1210888192,1202135040
calibration-20260902-f,S1-100-r01,2026-09-01T15:47:04.220235852Z,19750.801065,41839909,1210888192,1202130944
calibration-20260902-f,S1-100-r01,2026-09-01T15:47:04.230415904Z,19760.981116,41840083,1210888192,1201979392
calibration-20260902-f,S1-100-r01,2026-09-01T15:47:04.240573419Z,19771.138633,41840276,1210888192,1201979392
calibration-20260902-f,S1-100-r01,2026-09-01T15:47:04.249778956Z,19780.344169,41840426,1210888192,1201979392
calibration-20260902-f,S1-100-r01,2026-09-01T15:47:04.259899903Z,19790.465115,41840586,1210888192,1201975296
calibration-20260902-f,S1-100-r01,2026-09-01T15:47:04.270185014Z,19800.750250,41858220,1210888192,1201975296
calibration-20260902-f,S1-100-r01,2026-09-01T15:47:04.280386356Z,19810.951563,41912423,1210888192,1202237440
calibration-20260902-f,S1-100-r01,2026-09-01T15:47:04.290593752Z,19821.158964,41934980,1210888192,1202237440
calibration-20260902-f,S1-100-r01,2026-09-01T15:47:04.299869013Z,19830.434225,41935249,1210888192,1202237440
calibration-20260902-f,S1-100-r01,2026-09-01T15:47:04.310107464Z,19840.672678,41935501,1211117568,1202237440
calibration-20260902-f,S1-100-r01,2026-09-01T15:47:04.320337492Z,19850.902705,41935741,1211117568,1202237440
calibration-20260902-f,S1-100-r01,2026-09-01T15:47:04.330548197Z,19861.113410,41935996,1211346944,1202237440
calibration-20260902-f,S1-100-r01,2026-09-01T15:47:04.339772396Z,19870.337609,41936220,1211346944,1202237440
calibration-20260902-f,S1-100-r01,2026-09-01T15:47:04.349980601Z,19880.545814,41936421,1211346944,1202237440
calibration-20260902-f,S1-100-r01,2026-09-01T15:47:04.36012877Z,19890.693982,41936582,1211346944,1202237440
calibration-20260902-f,S1-100-r01,2026-09-01T15:47:04.370386349Z,19900.951585,41953966,1211346944,1202237440
calibration-20260902-f,S1-100-r01,2026-09-01T15:47:04.380066569Z,19910.631782,42008845,1163362304,1154224128
calibration-20260902-f,S1-100-r01,2026-09-01T15:47:04.390192133Z,19920.757346,42035799,1163362304,1154224128
calibration-20260902-f,S1-100-r01,2026-09-01T15:47:04.400382227Z,19930.947439,42040431,1163362304,1154125824
calibration-20260902-f,S1-100-r01,2026-09-01T15:47:04.462784008Z,19993.349220,42040618,1163362304,1154125824
calibration-20260902-f,S1-100-r01,2026-09-01T15:47:04.470038582Z,20000.603789,42058530,1170472960,1161162752
calibration-20260902-f,S1-100-r01,2026-09-01T15:47:04.480273491Z,20010.838703,42112356,1189740544,1180299264
calibration-20260902-f,S1-100-r01,2026-09-01T15:47:04.490525951Z,20021.091159,42139905,1145634816,1136500736
calibration-20260902-f,S1-100-r01,2026-09-01T15:47:04.499751552Z,20030.316763,42140043,1145634816,1136762880
calibration-20260902-f,S1-100-r01,2026-09-01T15:47:04.509997477Z,20040.562691,42140386,1145634816,1136664576
calibration-20260902-f,S1-100-r01,2026-09-01T15:47:04.562793919Z,20093.359132,42140813,1145864192,1136926720
calibration-20260902-f,S1-100-r01,2026-09-01T15:47:04.570236114Z,20100.801344,42158925,1159626752,1150226432
calibration-20260902-f,S1-100-r01,2026-09-01T15:47:04.580409356Z,20110.974562,42212781,1163755520,1154420736
calibration-20260902-f,S1-100-r01,2026-09-01T15:47:04.590588191Z,20121.153405,42239734,1163755520,1154420736
calibration-20260902-f,S1-100-r01,2026-09-01T15:47:04.599818292Z,20130.383504,42239904,1163755520,1154420736
calibration-20260902-f,S1-100-r01,2026-09-01T15:47:04.610053249Z,20140.618464,42240146,1163755520,1154420736
calibration-20260902-f,S1-100-r01,2026-09-01T15:47:04.620311445Z,20150.876684,42240569,1163755520,1154420736
calibration-20260902-f,S1-100-r01,2026-09-01T15:47:04.629620072Z,20160.185284,42240958,1163755520,1154420736
calibration-20260902-f,S1-100-r01,2026-09-01T15:47:04.639758159Z,20170.323371,42241207,1163755520,1154420736
calibration-20260902-f,S1-100-r01,2026-09-01T15:47:04.64993171Z,20180.496922,42241383,1163755520,1154420736
calibration-20260902-f,S1-100-r01,2026-09-01T15:47:04.660038059Z,20190.603272,42241537,1163755520,1154420736
calibration-20260902-f,S1-100-r01,2026-09-01T15:47:04.670180279Z,20200.745492,42258805,1163755520,1154682880
calibration-20260902-f,S1-100-r01,2026-09-01T15:47:04.680431314Z,20210.996526,42312431,1163755520,1154682880
calibration-20260902-f,S1-100-r01,2026-09-01T15:47:04.689659623Z,20220.224830,42335194,1163755520,1154682880
calibration-20260902-f,S1-100-r01,2026-09-01T15:47:04.699846863Z,20230.412070,42335308,1163755520,1154682880
calibration-20260902-f,S1-100-r01,2026-09-01T15:47:04.71000178Z,20240.566993,42335394,1163984896,1154682880
calibration-20260902-f,S1-100-r01,2026-09-01T15:47:04.720125187Z,20250.690394,42335472,1163984896,1154682880
calibration-20260902-f,S1-100-r01,2026-09-01T15:47:04.762757154Z,20293.322367,42335553,1163984896,1154682880
calibration-20260902-f,S1-100-r01,2026-09-01T15:47:04.769914203Z,20300.479416,42352824,1163984896,1154682880
calibration-20260902-f,S1-100-r01,2026-09-01T15:47:04.780068857Z,20310.634070,42406428,1163984896,1154682880
calibration-20260902-f,S1-100-r01,2026-09-01T15:47:04.789598894Z,20320.164107,42434387,1116143616,1106931712
calibration-20260902-f,S1-100-r01,2026-09-01T15:47:04.799764741Z,20330.329953,42439072,1116143616,1106624512
calibration-20260902-f,S1-100-r01,2026-09-01T15:47:04.809981916Z,20340.547128,42439262,1116143616,1106542592
calibration-20260902-f,S1-100-r01,2026-09-01T15:47:04.820145189Z,20350.710402,42439461,1116143616,1106804736
calibration-20260902-f,S1-100-r01,2026-09-01T15:47:04.830282294Z,20360.847506,42439637,1116143616,1106804736
calibration-20260902-f,S1-100-r01,2026-09-01T15:47:04.840482998Z,20371.048210,42439951,1116143616,1106804736
calibration-20260902-f,S1-100-r01,2026-09-01T15:47:04.849746944Z,20380.312157,42440301,1116143616,1107066880
calibration-20260902-f,S1-100-r01,2026-09-01T15:47:04.859916573Z,20390.481785,42440561,1116143616,1107066880
calibration-20260902-f,S1-100-r01,2026-09-01T15:47:04.870199749Z,20400.764961,42457866,1125777408,1116762112
calibration-20260902-f,S1-100-r01,2026-09-01T15:47:04.880374923Z,20410.940137,42513378,1144586240,1135312896
calibration-20260902-f,S1-100-r01,2026-09-01T15:47:04.890594145Z,20421.159358,42539082,1167523840,1158643712
calibration-20260902-f,S1-100-r01,2026-09-01T15:47:04.899749687Z,20430.314900,42539294,1167523840,1158643712
calibration-20260902-f,S1-100-r01,2026-09-01T15:47:04.909876883Z,20440.442095,42539425,1167523840,1158643712
calibration-20260902-f,S1-100-r01,2026-09-01T15:47:04.920023521Z,20450.588733,42539558,1167523840,1158643712
calibration-20260902-f,S1-100-r01,2026-09-01T15:47:04.93020881Z,20460.774023,42539735,1167523840,1158643712
calibration-20260902-f,S1-100-r01,2026-09-01T15:47:04.940337266Z,20470.902478,42539921,1167523840,1158643712
calibration-20260902-f,S1-100-r01,2026-09-01T15:47:04.950490287Z,20481.055501,42540150,1167523840,1158643712
calibration-20260902-f,S1-100-r01,2026-09-01T15:47:04.959772016Z,20490.337228,42540424,1167523840,1158643712
calibration-20260902-f,S1-100-r01,2026-09-01T15:47:04.97001331Z,20500.578548,42558181,1181515776,1172537344
calibration-20260902-f,S1-100-r01,2026-09-01T15:47:04.980120776Z,20510.685990,42612343,1200553984,1191985152
calibration-20260902-f,S1-100-r01,2026-09-01T15:47:04.990345871Z,20520.911083,42635015,1204453376,1195655168
calibration-20260902-f,S1-100-r01,2026-09-01T15:47:05.000627892Z,20531.193110,42639798,1204453376,1195655168
calibration-20260902-f,S1-100-r01,2026-09-01T15:47:05.009856062Z,20540.421274,42640035,1204453376,1195655168
calibration-20260902-f,S1-100-r01,2026-09-01T15:47:05.020039285Z,20550.604498,42640225,1204453376,1195655168
calibration-20260902-f,S1-100-r01,2026-09-01T15:47:05.030184044Z,20560.749257,42640356,1204453376,1195655168
calibration-20260902-f,S1-100-r01,2026-09-01T15:47:05.040335763Z,20570.900975,42640478,1204682752,1195655168
calibration-20260902-f,S1-100-r01,2026-09-01T15:47:05.050481767Z,20581.046979,42640615,1204682752,1195655168
calibration-20260902-f,S1-100-r01,2026-09-01T15:47:05.059631722Z,20590.196934,42640770,1204682752,1195655168
calibration-20260902-f,S1-100-r01,2026-09-01T15:47:05.069786434Z,20600.351646,42659201,1212710912,1203781632
calibration-20260902-f,S1-100-r01,2026-09-01T15:47:05.079983877Z,20610.549093,42711954,1212710912,1203822592
calibration-20260902-f,S1-100-r01,2026-09-01T15:47:05.090229517Z,20620.794729,42738971,1212710912,1203822592
calibration-20260902-f,S1-100-r01,2026-09-01T15:47:05.162776066Z,20693.341278,42739426,1212710912,1203789824
calibration-20260902-f,S1-100-r01,2026-09-01T15:47:05.169993064Z,20700.558277,42756768,1212710912,1203789824
calibration-20260902-f,S1-100-r01,2026-09-01T15:47:05.180239116Z,20710.804323,42810569,1212940288,1203818496
calibration-20260902-f,S1-100-r01,2026-09-01T15:47:05.190462292Z,20721.027504,42837448,1212940288,1203818496
calibration-20260902-f,S1-100-r01,2026-09-01T15:47:05.200600541Z,20731.165753,42842132,1212940288,1203818496
calibration-20260902-f,S1-100-r01,2026-09-01T15:47:05.209784485Z,20740.349697,42842289,1212940288,1203818496
calibration-20260902-f,S1-100-r01,2026-09-01T15:47:05.219939527Z,20750.504739,42842438,1212940288,1203818496
calibration-20260902-f,S1-100-r01,2026-09-01T15:47:05.23008506Z,20760.650273,42842586,1212940288,1203818496
calibration-20260902-f,S1-100-r01,2026-09-01T15:47:05.240268283Z,20770.833497,42842813,1212940288,1203818496
calibration-20260902-f,S1-100-r01,2026-09-01T15:47:05.250439118Z,20781.004330,42843007,1212940288,1203818496
calibration-20260902-f,S1-100-r01,2026-09-01T15:47:05.260600056Z,20791.165268,42843210,1212940288,1203818496
calibration-20260902-f,S1-100-r01,2026-09-01T15:47:05.269821326Z,20800.386538,42860523,1212940288,1203818496
calibration-20260902-f,S1-100-r01,2026-09-01T15:47:05.280003626Z,20810.568838,42915429,1177210880,1168596992
calibration-20260902-f,S1-100-r01,2026-09-01T15:47:05.290231038Z,20820.796252,42942447,1181798400,1173053440
calibration-20260902-f,S1-100-r01,2026-09-01T15:47:05.300410662Z,20830.975875,42942665,1181798400,1173315584
calibration-20260902-f,S1-100-r01,2026-09-01T15:47:05.310552901Z,20841.118113,42942892,1181798400,1173217280
calibration-20260902-f,S1-100-r01,2026-09-01T15:47:05.319744849Z,20850.310061,42943056,1181798400,1173217280
calibration-20260902-f,S1-100-r01,2026-09-01T15:47:05.329890959Z,20860.456171,42943202,1181798400,1173217280
calibration-20260902-f,S1-100-r01,2026-09-01T15:47:05.362826704Z,20893.391916,42943501,1182027776,1173073920
calibration-20260902-f,S1-100-r01,2026-09-01T15:47:05.370069226Z,20900.634440,42961098,1195331584,1186443264
calibration-20260902-f,S1-100-r01,2026-09-01T15:47:05.380223621Z,20910.788833,43015062,1212993536,1204035584
calibration-20260902-f,S1-100-r01,2026-09-01T15:47:05.390454444Z,20921.019657,43037611,1213222912,1204297728
calibration-20260902-f,S1-100-r01,2026-09-01T15:47:05.39972666Z,20930.291873,43037856,1213222912,1204297728
calibration-20260902-f,S1-100-r01,2026-09-01T15:47:05.409933734Z,20940.498948,43038043,1213222912,1204297728
calibration-20260902-f,S1-100-r01,2026-09-01T15:47:05.420173383Z,20950.738596,43038231,1213222912,1204297728
calibration-20260902-f,S1-100-r01,2026-09-01T15:47:05.430334832Z,20960.900039,43038513,1213222912,1204297728
calibration-20260902-f,S1-100-r01,2026-09-01T15:47:05.440505625Z,20971.070835,43038602,1213222912,1204297728
calibration-20260902-f,S1-100-r01,2026-09-01T15:47:05.449596824Z,20980.162036,43038657,1213222912,1204297728
calibration-20260902-f,S1-100-r01,2026-09-01T15:47:05.459791075Z,20990.356287,43038795,1213222912,1204297728
calibration-20260902-f,S1-100-r01,2026-09-01T15:47:05.46997503Z,21000.540238,43056371,1213222912,1204297728
calibration-20260902-f,S1-100-r01,2026-09-01T15:47:05.480220405Z,21010.785617,43109968,1213452288,1204408320
calibration-20260902-f,S1-100-r01,2026-09-01T15:47:05.490479584Z,21021.044796,43133618,1213452288,1204408320
calibration-20260902-f,S1-100-r01,2026-09-01T15:47:05.499726464Z,21030.291676,43133838,1213452288,1204408320
calibration-20260902-f,S1-100-r01,2026-09-01T15:47:05.50982586Z,21040.391074,43133982,1213452288,1204408320
calibration-20260902-f,S1-100-r01,2026-09-01T15:47:05.520040229Z,21050.605442,43134210,1213452288,1204408320
calibration-20260902-f,S1-100-r01,2026-09-01T15:47:05.530249045Z,21060.814257,43134416,1213452288,1204408320
calibration-20260902-f,S1-100-r01,2026-09-01T15:47:05.540396002Z,21070.961214,43134629,1213452288,1204408320
calibration-20260902-f,S1-100-r01,2026-09-01T15:47:05.550547133Z,21081.112345,43134943,1213452288,1204408320
calibration-20260902-f,S1-100-r01,2026-09-01T15:47:05.559726637Z,21090.291850,43135137,1213452288,1204408320
calibration-20260902-f,S1-100-r01,2026-09-01T15:47:05.57051503Z,21101.080242,43171136,1165590528,1156603904
calibration-20260902-f,S1-100-r01,2026-09-01T15:47:05.579755323Z,21110.320535,43206902,1165590528,1156399104
calibration-20260902-f,S1-100-r01,2026-09-01T15:47:05.589998606Z,21120.563818,43233806,1165590528,1156304896
calibration-20260902-f,S1-100-r01,2026-09-01T15:47:05.600216159Z,21130.781371,43238413,1165590528,1156304896
calibration-20260902-f,S1-100-r01,2026-09-01T15:47:05.610399747Z,21140.964959,43238554,1165590528,1156304896
calibration-20260902-f,S1-100-r01,2026-09-01T15:47:05.620503531Z,21151.068744,43238674,1165590528,1156304896
calibration-20260902-f,S1-100-r01,2026-09-01T15:47:05.62960832Z,21160.173533,43238786,1165590528,1156304896
calibration-20260902-f,S1-100-r01,2026-09-01T15:47:05.639776374Z,21170.341587,43238933,1165590528,1156304896
calibration-20260902-f,S1-100-r01,2026-09-01T15:47:05.649930034Z,21180.495246,43239059,1165590528,1156304896
calibration-20260902-f,S1-100-r01,2026-09-01T15:47:05.660038869Z,21190.604082,43239173,1165590528,1156304896
calibration-20260902-f,S1-100-r01,2026-09-01T15:47:05.669690564Z,21200.255778,43259989,1165590528,1156304896
calibration-20260902-f,S1-100-r01,2026-09-01T15:47:05.679953293Z,21210.518505,43311068,1167425536,1158266880
calibration-20260902-f,S1-100-r01,2026-09-01T15:47:05.690113284Z,21220.678496,43332997,1185316864,1176354816
calibration-20260902-f,S1-100-r01,2026-09-01T15:47:05.700363974Z,21230.929187,43337713,1186004992,1176879104
calibration-20260902-f,S1-100-r01,2026-09-01T15:47:05.710582996Z,21241.148210,43337946,1186004992,1176879104
calibration-20260902-f,S1-100-r01,2026-09-01T15:47:05.719772695Z,21250.337907,43338091,1186004992,1176879104
calibration-20260902-f,S1-100-r01,2026-09-01T15:47:05.729974701Z,21260.539914,43338255,1186004992,1176879104
calibration-20260902-f,S1-100-r01,2026-09-01T15:47:05.740190494Z,21270.755706,43338477,1186004992,1176879104
calibration-20260902-f,S1-100-r01,2026-09-01T15:47:05.750332093Z,21280.897300,43338593,1186004992,1176879104
calibration-20260902-f,S1-100-r01,2026-09-01T15:47:05.760528952Z,21291.094159,43338699,1186004992,1176879104
calibration-20260902-f,S1-100-r01,2026-09-01T15:47:05.769723593Z,21300.288805,43355947,1197473792,1188413440
calibration-20260902-f,S1-100-r01,2026-09-01T15:47:05.78031196Z,21310.877172,43413061,1166749696,1157619712
calibration-20260902-f,S1-100-r01,2026-09-01T15:47:05.790498642Z,21321.063849,43438048,1166749696,1157619712
calibration-20260902-f,S1-100-r01,2026-09-01T15:47:05.79975358Z,21330.318792,43438240,1166749696,1157521408
calibration-20260902-f,S1-100-r01,2026-09-01T15:47:05.80997453Z,21340.539742,43438440,1166749696,1157521408
calibration-20260902-f,S1-100-r01,2026-09-01T15:47:05.820082923Z,21350.648136,43438613,1166749696,1157521408
calibration-20260902-f,S1-100-r01,2026-09-01T15:47:05.830244879Z,21360.810091,43438777,1166979072,1157517312
calibration-20260902-f,S1-100-r01,2026-09-01T15:47:05.840470588Z,21371.035801,43439008,1166979072,1157517312
calibration-20260902-f,S1-100-r01,2026-09-01T15:47:05.850649662Z,21381.214875,43439224,1166979072,1157775360
calibration-20260902-f,S1-100-r01,2026-09-01T15:47:05.859885327Z,21390.450538,43439421,1166979072,1157775360
calibration-20260902-f,S1-100-r01,2026-09-01T15:47:05.870188213Z,21400.753425,43456703,1166979072,1157775360
calibration-20260902-f,S1-100-r01,2026-09-01T15:47:05.880354193Z,21410.919406,43510350,1166979072,1157775360
calibration-20260902-f,S1-100-r01,2026-09-01T15:47:05.890710614Z,21421.275826,43541875,1166979072,1157775360
calibration-20260902-f,S1-100-r01,2026-09-01T15:47:05.899953703Z,21430.518915,43542118,1166979072,1157775360
calibration-20260902-f,S1-100-r01,2026-09-01T15:47:05.910129647Z,21440.694855,43542394,1166979072,1157890048
calibration-20260902-f,S1-100-r01,2026-09-01T15:47:05.920309304Z,21450.874511,43542503,1166979072,1157890048
calibration-20260902-f,S1-100-r01,2026-09-01T15:47:05.962833311Z,21493.398524,43542606,1166979072,1157648384
calibration-20260902-f,S1-100-r01,2026-09-01T15:47:05.969887556Z,21500.452763,43567019,1168355328,1158651904
calibration-20260902-f,S1-100-r01,2026-09-01T15:47:05.980106962Z,21510.672175,43614321,1185099776,1175429120
calibration-20260902-f,S1-100-r01,2026-09-01T15:47:05.990370137Z,21520.935349,43641477,1196339200,1186963456
calibration-20260902-f,S1-100-r01,2026-09-01T15:47:06.000537401Z,21531.102620,43641709,1196339200,1187225600
calibration-20260902-f,S1-100-r01,2026-09-01T15:47:06.009781864Z,21540.347082,43641929,1196339200,1187225600
calibration-20260902-f,S1-100-r01,2026-09-01T15:47:06.019972761Z,21550.537973,43642077,1196339200,1187483648
calibration-20260902-f,S1-100-r01,2026-09-01T15:47:06.062788951Z,21593.354163,43642264,1196339200,1187479552
calibration-20260902-f,S1-100-r01,2026-09-01T15:47:06.069946242Z,21600.511449,43662451,1168846848,1178619904
calibration-20260902-f,S1-100-r01,2026-09-01T15:47:06.080088798Z,21610.654004,43714768,1167650816,1158828032
calibration-20260902-f,S1-100-r01,2026-09-01T15:47:06.090333712Z,21620.898924,43741794,1167650816,1158336512
calibration-20260902-f,S1-100-r01,2026-09-01T15:47:06.100523946Z,21631.089158,43742076,1167650816,1158332416
calibration-20260902-f,S1-100-r01,2026-09-01T15:47:06.109781977Z,21640.347190,43742312,1167880192,1158496256
calibration-20260902-f,S1-100-r01,2026-09-01T15:47:06.119986643Z,21650.551855,43742525,1167880192,1158758400
calibration-20260902-f,S1-100-r01,2026-09-01T15:47:06.1302349Z,21660.800112,43742764,1167880192,1158758400
calibration-20260902-f,S1-100-r01,2026-09-01T15:47:06.140478667Z,21671.043879,43743017,1167880192,1158758400
calibration-20260902-f,S1-100-r01,2026-09-01T15:47:06.150603892Z,21681.169105,43743191,1167880192,1158758400
calibration-20260902-f,S1-100-r01,2026-09-01T15:47:06.159748728Z,21690.313940,43743299,1167880192,1158758400
calibration-20260902-f,S1-100-r01,2026-09-01T15:47:06.169894403Z,21700.459640,43760595,1167880192,1158758400
calibration-20260902-f,S1-100-r01,2026-09-01T15:47:06.180198043Z,21710.763276,43814282,1167880192,1158758400
calibration-20260902-f,S1-100-r01,2026-09-01T15:47:06.19044205Z,21721.007263,43841341,1167880192,1158758400
calibration-20260902-f,S1-100-r01,2026-09-01T15:47:06.200632819Z,21731.198034,43841629,1167880192,1158758400
calibration-20260902-f,S1-100-r01,2026-09-01T15:47:06.209859368Z,21740.424580,43841836,1167880192,1158758400
calibration-20260902-f,S1-100-r01,2026-09-01T15:47:06.219982189Z,21750.547401,43841968,1167880192,1158758400
calibration-20260902-f,S1-100-r01,2026-09-01T15:47:06.23022251Z,21760.787722,43842101,1167880192,1158758400
calibration-20260902-f,S1-100-r01,2026-09-01T15:47:06.240360593Z,21770.925805,43842245,1167880192,1158758400
calibration-20260902-f,S1-100-r01,2026-09-01T15:47:06.25053655Z,21781.101763,43842403,1167880192,1158758400
calibration-20260902-f,S1-100-r01,2026-09-01T15:47:06.259647096Z,21790.212309,43842475,1167880192,1158758400
calibration-20260902-f,S1-100-r01,2026-09-01T15:47:06.269905957Z,21800.471175,43860799,1172238336,1162952704
calibration-20260902-f,S1-100-r01,2026-09-01T15:47:06.28005694Z,21810.622153,43913683,1191047168,1181827072
calibration-20260902-f,S1-100-r01,2026-09-01T15:47:06.290215497Z,21820.780709,43940834,1202286592,1192837120
calibration-20260902-f,S1-100-r01,2026-09-01T15:47:06.300443926Z,21831.009139,43941001,1202286592,1192837120
calibration-20260902-f,S1-100-r01,2026-09-01T15:47:06.309583998Z,21840.149205,43941134,1202286592,1192837120
calibration-20260902-f,S1-100-r01,2026-09-01T15:47:06.319741002Z,21850.306214,43941225,1202286592,1193095168
calibration-20260902-f,S1-100-r01,2026-09-01T15:47:06.329872102Z,21860.437309,43941286,1202286592,1193095168
calibration-20260902-f,S1-100-r01,2026-09-01T15:47:06.33999755Z,21870.562757,43941401,1202286592,1193095168
calibration-20260902-f,S1-100-r01,2026-09-01T15:47:06.350163325Z,21880.728531,43941753,1202286592,1193095168
calibration-20260902-f,S1-100-r01,2026-09-01T15:47:06.36034081Z,21890.906023,43941853,1202286592,1193095168
calibration-20260902-f,S1-100-r01,2026-09-01T15:47:06.370585625Z,21901.150839,43976924,1216049152,1206988800
calibration-20260902-f,S1-100-r01,2026-09-01T15:47:06.379701808Z,21910.267015,44014079,1216507904,1207513088
calibration-20260902-f,S1-100-r01,2026-09-01T15:47:06.39002615Z,21920.591362,44035683,1216507904,1207513088
calibration-20260902-f,S1-100-r01,2026-09-01T15:47:06.400292744Z,21930.857956,44040427,1216507904,1207513088
calibration-20260902-f,S1-100-r01,2026-09-01T15:47:06.410486237Z,21941.051449,44040652,1216507904,1207513088
calibration-20260902-f,S1-100-r01,2026-09-01T15:47:06.41972521Z,21950.290423,44040851,1216507904,1207513088
calibration-20260902-f,S1-100-r01,2026-09-01T15:47:06.429946925Z,21960.512136,44041075,1216507904,1207513088
calibration-20260902-f,S1-100-r01,2026-09-01T15:47:06.440077635Z,21970.642847,44041253,1216507904,1207513088
calibration-20260902-f,S1-100-r01,2026-09-01T15:47:06.462764387Z,21993.329601,44041608,1216507904,1207513088
calibration-20260902-f,S1-100-r01,2026-09-01T15:47:06.469903738Z,22000.468951,44058867,1216507904,1207513088
calibration-20260902-f,S1-100-r01,2026-09-01T15:47:06.480115087Z,22010.680301,44112639,1224765440,1215901696
calibration-20260902-f,S1-100-r01,2026-09-01T15:47:06.490307678Z,22020.872891,44135104,1227976704,1219309568
calibration-20260902-f,S1-100-r01,2026-09-01T15:47:06.500456869Z,22031.022082,44139711,1227976704,1219309568
calibration-20260902-f,S1-100-r01,2026-09-01T15:47:06.510649218Z,22041.214431,44139861,1227976704,1219309568
calibration-20260902-f,S1-100-r01,2026-09-01T15:47:06.51983176Z,22050.396972,44140017,1227976704,1219309568
calibration-20260902-f,S1-100-r01,2026-09-01T15:47:06.530001769Z,22060.566982,44140374,1227976704,1219309568
calibration-20260902-f,S1-100-r01,2026-09-01T15:47:06.540121154Z,22070.686361,44140458,1227976704,1219309568
calibration-20260902-f,S1-100-r01,2026-09-01T15:47:06.550262533Z,22080.827745,44140530,1227976704,1219309568
calibration-20260902-f,S1-100-r01,2026-09-01T15:47:06.560426958Z,22090.992165,44140622,1227976704,1219309568
calibration-20260902-f,S1-100-r01,2026-09-01T15:47:06.574581226Z,22105.146434,44193880,1200988160,1191956480
calibration-20260902-f,S1-100-r01,2026-09-01T15:47:06.580069388Z,22110.634601,44212622,1210392576,1201393664
calibration-20260902-f,S1-100-r01,2026-09-01T15:47:06.590230126Z,22120.795333,44239562,1216815104,1207853056
calibration-20260902-f,S1-100-r01,2026-09-01T15:47:06.600437781Z,22131.002988,44239698,1216815104,1207853056
calibration-20260902-f,S1-100-r01,2026-09-01T15:47:06.610572273Z,22141.137486,44239793,1216815104,1207853056
calibration-20260902-f,S1-100-r01,2026-09-01T15:47:06.619728023Z,22150.293230,44239869,1216815104,1207853056
calibration-20260902-f,S1-100-r01,2026-09-01T15:47:06.62989532Z,22160.460527,44239956,1216815104,1207853056
calibration-20260902-f,S1-100-r01,2026-09-01T15:47:06.64002695Z,22170.592163,44240046,1216815104,1207853056
calibration-20260902-f,S1-100-r01,2026-09-01T15:47:06.650202531Z,22180.767739,44240139,1216815104,1207853056
calibration-20260902-f,S1-100-r01,2026-09-01T15:47:06.660442312Z,22191.007524,44240293,1216815104,1207521280
calibration-20260902-f,S1-100-r01,2026-09-01T15:47:06.670595906Z,22201.161119,44275449,1216815104,1207517184
calibration-20260902-f,S1-100-r01,2026-09-01T15:47:06.679795653Z,22210.360860,44312369,1217044480,1207517184
calibration-20260902-f,S1-100-r01,2026-09-01T15:47:06.690024707Z,22220.589919,44333995,1217044480,1207517184
calibration-20260902-f,S1-100-r01,2026-09-01T15:47:06.700253112Z,22230.818326,44338662,1217044480,1207775232
calibration-20260902-f,S1-100-r01,2026-09-01T15:47:06.710388158Z,22240.953370,44338861,1217044480,1207775232
calibration-20260902-f,S1-100-r01,2026-09-01T15:47:06.720542142Z,22251.107355,44339083,1217044480,1208037376
calibration-20260902-f,S1-100-r01,2026-09-01T15:47:06.729772884Z,22260.338096,44339288,1217044480,1208037376
calibration-20260902-f,S1-100-r01,2026-09-01T15:47:06.739924359Z,22270.489572,44339500,1217044480,1208037376
calibration-20260902-f,S1-100-r01,2026-09-01T15:47:06.750155371Z,22280.720584,44339736,1217044480,1208037376
calibration-20260902-f,S1-100-r01,2026-09-01T15:47:06.760394975Z,22290.960187,44339992,1217044480,1208037376
calibration-20260902-f,S1-100-r01,2026-09-01T15:47:06.770570693Z,22301.135906,44375119,1217044480,1208037376
calibration-20260902-f,S1-100-r01,2026-09-01T15:47:06.780207588Z,22310.772801,44412102,1169145856,1160245248
calibration-20260902-f,S1-100-r01,2026-09-01T15:47:06.790390457Z,22320.955669,44439082,1169145856,1160245248
calibration-20260902-f,S1-100-r01,2026-09-01T15:47:06.800576913Z,22331.142125,44439320,1169145856,1160245248
calibration-20260902-f,S1-100-r01,2026-09-01T15:47:06.809737061Z,22340.302273,44439500,1169145856,1160245248
calibration-20260902-f,S1-100-r01,2026-09-01T15:47:06.819926618Z,22350.491830,44439648,1169145856,1160146944
calibration-20260902-f,S1-100-r01,2026-09-01T15:47:06.83012696Z,22360.692173,44439801,1169145856,1160146944
calibration-20260902-f,S1-100-r01,2026-09-01T15:47:06.840277164Z,22370.842376,44439935,1169145856,1160146944
calibration-20260902-f,S1-100-r01,2026-09-01T15:47:06.85040708Z,22380.972293,44440054,1169145856,1160146944
calibration-20260902-f,S1-100-r01,2026-09-01T15:47:06.862772337Z,22393.337549,44440165,1169145856,1160146944
calibration-20260902-f,S1-100-r01,2026-09-01T15:47:06.870015221Z,22400.580433,44457482,1169145856,1160146944
calibration-20260902-f,S1-100-r01,2026-09-01T15:47:06.880146506Z,22410.711718,44511081,1169145856,1160146944
calibration-20260902-f,S1-100-r01,2026-09-01T15:47:06.890421235Z,22420.986447,44533617,1169145856,1160146944
calibration-20260902-f,S1-100-r01,2026-09-01T15:47:06.899611512Z,22430.176725,44538273,1169145856,1160146944
calibration-20260902-f,S1-100-r01,2026-09-01T15:47:06.909809749Z,22440.374963,44538444,1169145856,1160146944
calibration-20260902-f,S1-100-r01,2026-09-01T15:47:06.919929198Z,22450.494410,44538587,1169145856,1160146944
calibration-20260902-f,S1-100-r01,2026-09-01T15:47:06.930048419Z,22460.613632,44538751,1169145856,1160146944
calibration-20260902-f,S1-100-r01,2026-09-01T15:47:06.940217454Z,22470.782666,44538951,1169145856,1160409088
calibration-20260902-f,S1-100-r01,2026-09-01T15:47:06.950378191Z,22480.943403,44539111,1169145856,1160409088
calibration-20260902-f,S1-100-r01,2026-09-01T15:47:06.960559384Z,22491.124595,44539290,1169145856,1160409088
calibration-20260902-f,S1-100-r01,2026-09-01T15:47:06.969726711Z,22500.291918,44557031,1169145856,1160409088
calibration-20260902-f,S1-100-r01,2026-09-01T15:47:06.979958778Z,22510.523990,44611362,1170063360,1161457664
calibration-20260902-f,S1-100-r01,2026-09-01T15:47:06.990150153Z,22520.715365,44633342,1173962752,1164877824
calibration-20260902-f,S1-100-r01,2026-09-01T15:47:07.000312973Z,22530.878192,44638046,1174192128,1165139968
calibration-20260902-f,S1-100-r01,2026-09-01T15:47:07.010469345Z,22541.034557,44638264,1174192128,1165139968
calibration-20260902-f,S1-100-r01,2026-09-01T15:47:07.06279802Z,22593.363227,44638438,1174421504,1165402112
calibration-20260902-f,S1-100-r01,2026-09-01T15:47:07.07001483Z,22600.580042,44656127,1187266560,1178509312
calibration-20260902-f,S1-100-r01,2026-09-01T15:47:07.07989004Z,22610.455252,44711127,1156390912,1146961920
calibration-20260902-f,S1-100-r01,2026-09-01T15:47:07.090106857Z,22620.672069,44733661,1160978432,1151463424
calibration-20260902-f,S1-100-r01,2026-09-01T15:47:07.100321858Z,22630.887070,44738334,1160978432,1151438848
calibration-20260902-f,S1-100-r01,2026-09-01T15:47:07.162786633Z,22693.351845,44738730,1161207808,1151864832
calibration-20260902-f,S1-100-r01,2026-09-01T15:47:07.169907469Z,22700.472681,44757436,1169924096,1160511488
calibration-20260902-f,S1-100-r01,2026-09-01T15:47:07.180121827Z,22710.687033,44810529,1178640384,1169162240
calibration-20260902-f,S1-100-r01,2026-09-01T15:47:07.262842935Z,22793.408147,44837506,1183227904,1173614592
calibration-20260902-f,S1-100-r01,2026-09-01T15:47:07.270080007Z,22800.645220,44855078,1196761088,1187504128
calibration-20260902-f,S1-100-r01,2026-09-01T15:47:07.279870624Z,22810.435836,44910363,1163829248,1155215360
calibration-20260902-f,S1-100-r01,2026-09-01T15:47:07.290031929Z,22820.597136,44937371,1170251776,1161506816
calibration-20260902-f,S1-100-r01,2026-09-01T15:47:07.300293187Z,22830.858399,44942064,1170251776,1161506816
calibration-20260902-f,S1-100-r01,2026-09-01T15:47:07.310464782Z,22841.029994,44942328,1170251776,1161408512
calibration-20260902-f,S1-100-r01,2026-09-01T15:47:07.320640599Z,22851.205812,44942532,1170251776,1161408512
calibration-20260902-f,S1-100-r01,2026-09-01T15:47:07.329848952Z,22860.414164,44942728,1170251776,1161408512
calibration-20260902-f,S1-100-r01,2026-09-01T15:47:07.340008028Z,22870.573241,44942879,1170251776,1161236480
calibration-20260902-f,S1-100-r01,2026-09-01T15:47:07.36280329Z,22893.368526,44943061,1170251776,1161236480
calibration-20260902-f,S1-100-r01,2026-09-01T15:47:07.370112884Z,22900.678096,44960433,1170251776,1161236480
calibration-20260902-f,S1-100-r01,2026-09-01T15:47:07.380272879Z,22910.838092,45013984,1170251776,1161236480
calibration-20260902-f,S1-100-r01,2026-09-01T15:47:07.390516974Z,22921.082186,45040973,1170251776,1161236480
calibration-20260902-f,S1-100-r01,2026-09-01T15:47:07.399769208Z,22930.334421,45041107,1170251776,1161236480
calibration-20260902-f,S1-100-r01,2026-09-01T15:47:07.409956171Z,22940.521383,45041259,1170251776,1161236480
calibration-20260902-f,S1-100-r01,2026-09-01T15:47:07.462771679Z,22993.336892,45041429,1170481152,1161236480
calibration-20260902-f,S1-100-r01,2026-09-01T15:47:07.470011297Z,23000.576509,45058711,1170481152,1161236480
calibration-20260902-f,S1-100-r01,2026-09-01T15:47:07.480218683Z,23010.783897,45112352,1173692416,1164382208
calibration-20260902-f,S1-100-r01,2026-09-01T15:47:07.490429586Z,23020.994798,45134867,1177821184,1168052224
calibration-20260902-f,S1-100-r01,2026-09-01T15:47:07.500543525Z,23031.108737,45139464,1177821184,1168052224
calibration-20260902-f,S1-100-r01,2026-09-01T15:47:07.509728Z,23040.293212,45139575,1177821184,1168052224
calibration-20260902-f,S1-100-r01,2026-09-01T15:47:07.519947977Z,23050.513190,45139798,1177821184,1168052224
calibration-20260902-f,S1-100-r01,2026-09-01T15:47:07.530181645Z,23060.746858,45140030,1177821184,1168052224
calibration-20260902-f,S1-100-r01,2026-09-01T15:47:07.540356102Z,23070.921315,45140253,1177821184,1168052224
calibration-20260902-f,S1-100-r01,2026-09-01T15:47:07.550485774Z,23081.050988,45140431,1177821184,1168052224
calibration-20260902-f,S1-100-r01,2026-09-01T15:47:07.559636201Z,23090.201414,45140622,1177821184,1168052224
calibration-20260902-f,S1-100-r01,2026-09-01T15:47:07.569884337Z,23100.449575,45158086,1185161216,1175654400
calibration-20260902-f,S1-100-r01,2026-09-01T15:47:07.580134339Z,23110.699551,45212346,1201676288,1192169472
calibration-20260902-f,S1-100-r01,2026-09-01T15:47:07.590374015Z,23120.939227,45234889,1205116928,1195577344
calibration-20260902-f,S1-100-r01,2026-09-01T15:47:07.600615955Z,23131.181168,45239627,1205116928,1195577344
calibration-20260902-f,S1-100-r01,2026-09-01T15:47:07.609827679Z,23140.392892,45239824,1205116928,1195577344
calibration-20260902-f,S1-100-r01,2026-09-01T15:47:07.62000242Z,23150.567632,45239995,1205116928,1195577344
calibration-20260902-f,S1-100-r01,2026-09-01T15:47:07.63014796Z,23160.713172,45240170,1205116928,1195839488
calibration-20260902-f,S1-100-r01,2026-09-01T15:47:07.640336862Z,23170.902074,45240415,1205116928,1195839488
calibration-20260902-f,S1-100-r01,2026-09-01T15:47:07.662786508Z,23193.351720,45240980,1205116928,1195577344
calibration-20260902-f,S1-100-r01,2026-09-01T15:47:07.670024114Z,23200.589322,45261755,1214062592,1204490240
calibration-20260902-f,S1-100-r01,2026-09-01T15:47:07.680188911Z,23210.754118,45312480,1219108864,1209470976
calibration-20260902-f,S1-100-r01,2026-09-01T15:47:07.690395563Z,23220.960775,45339441,1219108864,1209470976
calibration-20260902-f,S1-100-r01,2026-09-01T15:47:07.699608418Z,23230.173630,45339666,1219108864,1209470976
calibration-20260902-f,S1-100-r01,2026-09-01T15:47:07.709820417Z,23240.385631,45339926,1219108864,1209470976
calibration-20260902-f,S1-100-r01,2026-09-01T15:47:07.719964949Z,23250.530161,45340086,1219108864,1209470976
calibration-20260902-f,S1-100-r01,2026-09-01T15:47:07.730116953Z,23260.682165,45340274,1219108864,1209470976
calibration-20260902-f,S1-100-r01,2026-09-01T15:47:07.762786191Z,23293.351404,45340741,1219108864,1209470976
calibration-20260902-f,S1-100-r01,2026-09-01T15:47:07.769703008Z,23300.268223,45359817,1171136512,1161478144
calibration-20260902-f,S1-100-r01,2026-09-01T15:47:07.780396611Z,23310.961824,45412755,1186734080,1177284608
calibration-20260902-f,S1-100-r01,2026-09-01T15:47:07.79067372Z,23321.238932,45439824,1190404096,1180954624
calibration-20260902-f,S1-100-r01,2026-09-01T15:47:07.799805855Z,23330.371068,45440005,1190404096,1180860416
calibration-20260902-f,S1-100-r01,2026-09-01T15:47:07.809999373Z,23340.564586,45440194,1190404096,1180860416
calibration-20260902-f,S1-100-r01,2026-09-01T15:47:07.820135676Z,23350.700888,45440351,1190404096,1180860416
calibration-20260902-f,S1-100-r01,2026-09-01T15:47:07.862832355Z,23393.397567,45440794,1190633472,1181122560
calibration-20260902-f,S1-100-r01,2026-09-01T15:47:07.870140087Z,23400.705323,45458592,1203937280,1194754048
calibration-20260902-f,S1-100-r01,2026-09-01T15:47:07.880540874Z,23411.106081,45513075,1219534848,1210220544
calibration-20260902-f,S1-100-r01,2026-09-01T15:47:07.889730168Z,23420.295381,45535216,1219534848,1210220544
calibration-20260902-f,S1-100-r01,2026-09-01T15:47:07.899951296Z,23430.516509,45539869,1219534848,1210220544
calibration-20260902-f,S1-100-r01,2026-09-01T15:47:07.910171647Z,23440.736859,45540075,1219534848,1210220544
calibration-20260902-f,S1-100-r01,2026-09-01T15:47:07.920358855Z,23450.924067,45540211,1219534848,1210220544
calibration-20260902-f,S1-100-r01,2026-09-01T15:47:07.930475611Z,23461.040824,45540305,1219534848,1210220544
calibration-20260902-f,S1-100-r01,2026-09-01T15:47:07.940656333Z,23471.221546,45540431,1219534848,1210220544
calibration-20260902-f,S1-100-r01,2026-09-01T15:47:07.949805507Z,23480.370719,45540614,1219534848,1210220544
calibration-20260902-f,S1-100-r01,2026-09-01T15:47:07.959923291Z,23490.488503,45540743,1219534848,1210220544
calibration-20260902-f,S1-100-r01,2026-09-01T15:47:07.970215297Z,23500.780505,45561465,1171406848,1162227712
calibration-20260902-f,S1-100-r01,2026-09-01T15:47:07.9799759Z,23510.541112,45612537,1171636224,1162420224
calibration-20260902-f,S1-100-r01,2026-09-01T15:47:07.990161926Z,23520.727139,45639481,1171636224,1162420224
calibration-20260902-f,S1-100-r01,2026-09-01T15:47:08.000403705Z,23530.968924,45639743,1171636224,1162321920
calibration-20260902-f,S1-100-r01,2026-09-01T15:47:08.01059355Z,23541.158763,45639939,1171636224,1162321920
calibration-20260902-f,S1-100-r01,2026-09-01T15:47:08.019825823Z,23550.391036,45640174,1171636224,1162321920
calibration-20260902-f,S1-100-r01,2026-09-01T15:47:08.029967955Z,23560.533168,45640352,1171636224,1162321920
calibration-20260902-f,S1-100-r01,2026-09-01T15:47:08.040113969Z,23570.679182,45640486,1171636224,1162321920
calibration-20260902-f,S1-100-r01,2026-09-01T15:47:08.050292257Z,23580.857469,45640624,1171636224,1162321920
calibration-20260902-f,S1-100-r01,2026-09-01T15:47:08.060382563Z,23590.947775,45640732,1171636224,1162321920
calibration-20260902-f,S1-100-r01,2026-09-01T15:47:08.070594227Z,23601.159464,45675764,1171636224,1162321920
calibration-20260902-f,S1-100-r01,2026-09-01T15:47:08.080002617Z,23610.567829,45711686,1171636224,1162321920
calibration-20260902-f,S1-100-r01,2026-09-01T15:47:08.090170296Z,23620.735508,45734148,1171636224,1162321920
calibration-20260902-f,S1-100-r01,2026-09-01T15:47:08.100390608Z,23630.955820,45738776,1171636224,1162321920
calibration-20260902-f,S1-100-r01,2026-09-01T15:47:08.110581865Z,23641.147072,45738943,1171636224,1162321920
calibration-20260902-f,S1-100-r01,2026-09-01T15:47:08.11978292Z,23650.348133,45739100,1171636224,1162321920
calibration-20260902-f,S1-100-r01,2026-09-01T15:47:08.12995415Z,23660.519363,45739254,1171636224,1162321920
calibration-20260902-f,S1-100-r01,2026-09-01T15:47:08.140047306Z,23670.612518,45739383,1171636224,1162321920
calibration-20260902-f,S1-100-r01,2026-09-01T15:47:08.150285075Z,23680.850288,45739675,1171636224,1162321920
calibration-20260902-f,S1-100-r01,2026-09-01T15:47:08.160469488Z,23691.034700,45739925,1171636224,1162321920
calibration-20260902-f,S1-100-r01,2026-09-01T15:47:08.170584255Z,23701.149468,45775047,1171636224,1162321920
calibration-20260902-f,S1-100-r01,2026-09-01T15:47:08.179850176Z,23710.415389,45810931,1171636224,1162321920
calibration-20260902-f,S1-100-r01,2026-09-01T15:47:08.190042535Z,23720.607749,45837932,1176453120,1167540224
calibration-20260902-f,S1-100-r01,2026-09-01T15:47:08.200175817Z,23730.741029,45838158,1176453120,1167540224
calibration-20260902-f,S1-100-r01,2026-09-01T15:47:08.262777092Z,23793.342305,45838544,1176453120,1167540224
calibration-20260902-f,S1-100-r01,2026-09-01T15:47:08.270030355Z,23800.595567,45855999,1189756928,1180647424
calibration-20260902-f,S1-100-r01,2026-09-01T15:47:08.280242977Z,23810.808190,45910050,1209483264,1200308224
calibration-20260902-f,S1-100-r01,2026-09-01T15:47:08.290479954Z,23821.045167,45937123,1220263936,1211056128
calibration-20260902-f,S1-100-r01,2026-09-01T15:47:08.3006656Z,23831.230840,45941952,1220263936,1211056128
calibration-20260902-f,S1-100-r01,2026-09-01T15:47:08.309825491Z,23840.390703,45942122,1220263936,1211056128
calibration-20260902-f,S1-100-r01,2026-09-01T15:47:08.319965531Z,23850.530743,45942333,1220263936,1211056128
calibration-20260902-f,S1-100-r01,2026-09-01T15:47:08.330172171Z,23860.737383,45942590,1220263936,1211056128
calibration-20260902-f,S1-100-r01,2026-09-01T15:47:08.3629556Z,23893.520836,45942880,1220263936,1211056128
calibration-20260902-f,S1-100-r01,2026-09-01T15:47:08.371233141Z,23901.798355,45977959,1174605824,1165967360
calibration-20260902-f,S1-100-r01,2026-09-01T15:47:08.380038854Z,23910.604067,46014836,1190203392,1181888512
calibration-20260902-f,S1-100-r01,2026-09-01T15:47:08.390189617Z,23920.754830,46042024,1202130944,1193472000
calibration-20260902-f,S1-100-r01,2026-09-01T15:47:08.462769726Z,23993.334934,46042272,1202130944,1193635840
calibration-20260902-f,S1-100-r01,2026-09-01T15:47:08.470009271Z,24000.574510,46059904,1215434752,1206743040
calibration-20260902-f,S1-100-r01,2026-09-01T15:47:08.480295725Z,24010.860932,46114124,1220481024,1211723776
calibration-20260902-f,S1-100-r01,2026-09-01T15:47:08.490513469Z,24021.078682,46136752,1220481024,1211715584
calibration-20260902-f,S1-100-r01,2026-09-01T15:47:08.499760173Z,24030.325385,46136906,1220481024,1211977728
calibration-20260902-f,S1-100-r01,2026-09-01T15:47:08.509961573Z,24040.526785,46137087,1220481024,1211977728
calibration-20260902-f,S1-100-r01,2026-09-01T15:47:08.520128867Z,24050.694080,46137264,1220481024,1211977728
calibration-20260902-f,S1-100-r01,2026-09-01T15:47:08.530292721Z,24060.857935,46137427,1220481024,1211801600
calibration-20260902-f,S1-100-r01,2026-09-01T15:47:08.540457317Z,24071.022530,46137621,1220481024,1212063744
calibration-20260902-f,S1-100-r01,2026-09-01T15:47:08.549614135Z,24080.179348,46137786,1220481024,1212063744
calibration-20260902-f,S1-100-r01,2026-09-01T15:47:08.559814356Z,24090.379568,46138176,1220481024,1211809792
calibration-20260902-f,S1-100-r01,2026-09-01T15:47:08.570011235Z,24100.576447,46155462,1220481024,1211809792
calibration-20260902-f,S1-100-r01,2026-09-01T15:47:08.580054663Z,24110.619870,46209872,1172537344,1164021760
calibration-20260902-f,S1-100-r01,2026-09-01T15:47:08.590318555Z,24120.883768,46236823,1172537344,1164021760
calibration-20260902-f,S1-100-r01,2026-09-01T15:47:08.600575186Z,24131.140398,46237026,1172537344,1164021760
calibration-20260902-f,S1-100-r01,2026-09-01T15:47:08.609746903Z,24140.312110,46237133,1172537344,1163927552
calibration-20260902-f,S1-100-r01,2026-09-01T15:47:08.619903776Z,24150.468983,46237223,1172537344,1163927552
calibration-20260902-f,S1-100-r01,2026-09-01T15:47:08.630051034Z,24160.616246,46237306,1172537344,1163927552
calibration-20260902-f,S1-100-r01,2026-09-01T15:47:08.640214089Z,24170.779295,46237381,1172537344,1163927552
calibration-20260902-f,S1-100-r01,2026-09-01T15:47:08.650364798Z,24180.930011,46237468,1172537344,1163927552
calibration-20260902-f,S1-100-r01,2026-09-01T15:47:08.660504327Z,24191.069534,46237518,1172537344,1163927552
calibration-20260902-f,S1-100-r01,2026-09-01T15:47:08.669620927Z,24200.186140,46254733,1172537344,1163927552
calibration-20260902-f,S1-100-r01,2026-09-01T15:47:08.679844374Z,24210.409586,46308366,1172537344,1163927552
calibration-20260902-f,S1-100-r01,2026-09-01T15:47:08.690028416Z,24220.593629,46330907,1172537344,1164185600
calibration-20260902-f,S1-100-r01,2026-09-01T15:47:08.700153852Z,24230.719064,46335582,1172537344,1164185600
calibration-20260902-f,S1-100-r01,2026-09-01T15:47:08.710314764Z,24240.879976,46335829,1172537344,1164185600
calibration-20260902-f,S1-100-r01,2026-09-01T15:47:08.720478953Z,24251.044165,46336060,1172537344,1164185600
calibration-20260902-f,S1-100-r01,2026-09-01T15:47:08.730613526Z,24261.178739,46336301,1172537344,1164185600
calibration-20260902-f,S1-100-r01,2026-09-01T15:47:08.73977513Z,24270.340343,46336461,1172537344,1164447744
calibration-20260902-f,S1-100-r01,2026-09-01T15:47:08.749980176Z,24280.545396,46336681,1172537344,1164447744
calibration-20260902-f,S1-100-r01,2026-09-01T15:47:08.760123166Z,24290.688379,46336868,1172537344,1164447744
calibration-20260902-f,S1-100-r01,2026-09-01T15:47:08.770352463Z,24300.917676,46354077,1172537344,1164447744
calibration-20260902-f,S1-100-r01,2026-09-01T15:47:08.780608036Z,24311.173249,46408027,1184694272,1177030656
calibration-20260902-f,S1-100-r01,2026-09-01T15:47:08.7897735Z,24320.338713,46435172,1200291840,1192271872
calibration-20260902-f,S1-100-r01,2026-09-01T15:47:08.799968288Z,24330.533500,46439843,1201438720,1193582592
calibration-20260902-f,S1-100-r01,2026-09-01T15:47:08.810299971Z,24340.865208,46440159,1201438720,1193582592
calibration-20260902-f,S1-100-r01,2026-09-01T15:47:08.819629558Z,24350.194770,46440498,1201438720,1193582592
calibration-20260902-f,S1-100-r01,2026-09-01T15:47:08.829839017Z,24360.404230,46440861,1201438720,1193582592
calibration-20260902-f,S1-100-r01,2026-09-01T15:47:08.862789406Z,24393.354620,46441031,1201438720,1193844736
calibration-20260902-f,S1-100-r01,2026-09-01T15:47:08.87001366Z,24400.578872,46458578,1214742528,1206951936
calibration-20260902-f,S1-100-r01,2026-09-01T15:47:08.880248392Z,24410.813605,46512327,1220935680,1213243392
calibration-20260902-f,S1-100-r01,2026-09-01T15:47:08.890477043Z,24421.042256,46534826,1220935680,1213022208
calibration-20260902-f,S1-100-r01,2026-09-01T15:47:08.900617242Z,24431.182455,46539522,1220935680,1213546496
calibration-20260902-f,S1-100-r01,2026-09-01T15:47:08.96278461Z,24493.349823,46539946,1220935680,1213014016
calibration-20260902-f,S1-100-r01,2026-09-01T15:47:08.970048197Z,24500.613404,46560510,1220935680,1213276160
calibration-20260902-f,S1-100-r01,2026-09-01T15:47:08.980288169Z,24510.853382,46611127,1220935680,1213276160
calibration-20260902-f,S1-100-r01,2026-09-01T15:47:08.990529228Z,24521.094440,46638336,1226211328,1218277376
calibration-20260902-f,S1-100-r01,2026-09-01T15:47:08.999759162Z,24530.324376,46638492,1226211328,1218539520
calibration-20260902-f,S1-100-r01,2026-09-01T15:47:09.009902095Z,24540.467308,46638760,1226440704,1218539520
calibration-20260902-f,S1-100-r01,2026-09-01T15:47:09.020016805Z,24550.582018,46638874,1226440704,1218539520
calibration-20260902-f,S1-100-r01,2026-09-01T15:47:09.030252842Z,24560.818054,46639085,1226440704,1218539520
calibration-20260902-f,S1-100-r01,2026-09-01T15:47:09.040382114Z,24570.947327,46639264,1226440704,1218539520
calibration-20260902-f,S1-100-r01,2026-09-01T15:47:09.050593143Z,24581.158356,46639462,1226440704,1218539520
calibration-20260902-f,S1-100-r01,2026-09-01T15:47:09.059825937Z,24590.391151,46639666,1226440704,1218801664
calibration-20260902-f,S1-100-r01,2026-09-01T15:47:09.070636691Z,24601.201905,46675594,1189916672,1182584832
calibration-20260902-f,S1-100-r01,2026-09-01T15:47:09.080178681Z,24610.743893,46712495,1207349248,1199554560
calibration-20260902-f,S1-100-r01,2026-09-01T15:47:09.090461943Z,24621.027155,46739514,1211478016,1203806208
calibration-20260902-f,S1-100-r01,2026-09-01T15:47:09.099715947Z,24630.281159,46739733,1211478016,1203695616
calibration-20260902-f,S1-100-r01,2026-09-01T15:47:09.109905827Z,24640.471040,46739902,1211478016,1203695616
calibration-20260902-f,S1-100-r01,2026-09-01T15:47:09.120090613Z,24650.655827,46740064,1211478016,1203695616
calibration-20260902-f,S1-100-r01,2026-09-01T15:47:09.130297937Z,24660.863150,46740271,1211478016,1203695616
calibration-20260902-f,S1-100-r01,2026-09-01T15:47:09.140513439Z,24671.078652,46740471,1211478016,1203695616
calibration-20260902-f,S1-100-r01,2026-09-01T15:47:09.149694053Z,24680.259265,46740697,1211478016,1203695616
calibration-20260902-f,S1-100-r01,2026-09-01T15:47:09.15986833Z,24690.433542,46740829,1211478016,1203695616
calibration-20260902-f,S1-100-r01,2026-09-01T15:47:09.170467755Z,24701.032968,46761497,1173696512,1165836288
calibration-20260902-f,S1-100-r01,2026-09-01T15:47:09.180613364Z,24711.178577,46813012,1173696512,1165836288
calibration-20260902-f,S1-100-r01,2026-09-01T15:47:09.189840637Z,24720.405849,46839970,1173696512,1165615104
calibration-20260902-f,S1-100-r01,2026-09-01T15:47:09.200045221Z,24730.610435,46840188,1173696512,1165516800
calibration-20260902-f,S1-100-r01,2026-09-01T15:47:09.210161527Z,24740.726739,46840313,1173696512,1165516800
calibration-20260902-f,S1-100-r01,2026-09-01T15:47:09.220300119Z,24750.865332,46840462,1173696512,1165516800
calibration-20260902-f,S1-100-r01,2026-09-01T15:47:09.2304825Z,24761.047712,46840642,1173696512,1165512704
calibration-20260902-f,S1-100-r01,2026-09-01T15:47:09.239643417Z,24770.208628,46840830,1173696512,1165774848
calibration-20260902-f,S1-100-r01,2026-09-01T15:47:09.249771966Z,24780.337179,46841016,1173696512,1165774848
calibration-20260902-f,S1-100-r01,2026-09-01T15:47:09.259872001Z,24790.437214,46841132,1173696512,1165774848
calibration-20260902-f,S1-100-r01,2026-09-01T15:47:09.270100722Z,24800.665935,46858487,1173696512,1165774848
calibration-20260902-f,S1-100-r01,2026-09-01T15:47:09.280309333Z,24810.874546,46912143,1173696512,1165774848
calibration-20260902-f,S1-100-r01,2026-09-01T15:47:09.290468099Z,24821.033311,46934669,1173696512,1165774848
calibration-20260902-f,S1-100-r01,2026-09-01T15:47:09.299709681Z,24830.274894,46939318,1173696512,1165774848
calibration-20260902-f,S1-100-r01,2026-09-01T15:47:09.309863901Z,24840.429113,46939515,1173696512,1165774848
calibration-20260902-f,S1-100-r01,2026-09-01T15:47:09.320037233Z,24850.602445,46939697,1173696512,1165774848
calibration-20260902-f,S1-100-r01,2026-09-01T15:47:09.330240559Z,24860.805773,46939912,1173696512,1165774848
calibration-20260902-f,S1-100-r01,2026-09-01T15:47:09.340456693Z,24871.021906,46940127,1173696512,1165803520
calibration-20260902-f,S1-100-r01,2026-09-01T15:47:09.350568716Z,24881.133927,46940365,1173696512,1165803520
calibration-20260902-f,S1-100-r01,2026-09-01T15:47:09.359749485Z,24890.314692,46940467,1173696512,1165803520
calibration-20260902-f,S1-100-r01,2026-09-01T15:47:09.370085478Z,24900.650714,46957766,1173696512,1165803520
calibration-20260902-f,S1-100-r01,2026-09-01T15:47:09.380295699Z,24910.860911,47011525,1173696512,1165803520
calibration-20260902-f,S1-100-r01,2026-09-01T15:47:09.390515444Z,24921.080656,47038484,1173696512,1165803520
calibration-20260902-f,S1-100-r01,2026-09-01T15:47:09.399618476Z,24930.183688,47038585,1173696512,1165803520
calibration-20260902-f,S1-100-r01,2026-09-01T15:47:09.4098986Z,24940.463836,47038869,1173925888,1165803520
calibration-20260902-f,S1-100-r01,2026-09-01T15:47:09.42007487Z,24950.640083,47039210,1173925888,1165803520
calibration-20260902-f,S1-100-r01,2026-09-01T15:47:09.430282249Z,24960.847462,47039382,1173925888,1165803520
calibration-20260902-f,S1-100-r01,2026-09-01T15:47:09.440451918Z,24971.017130,47039522,1173925888,1165803520
calibration-20260902-f,S1-100-r01,2026-09-01T15:47:09.450641207Z,24981.206418,47039711,1173925888,1165803520
calibration-20260902-f,S1-100-r01,2026-09-01T15:47:09.459839418Z,24990.404630,47039893,1173925888,1165803520
calibration-20260902-f,S1-100-r01,2026-09-01T15:47:09.469961838Z,25000.527046,47059002,1173925888,1165803520
calibration-20260902-f,S1-100-r01,2026-09-01T15:47:09.480158732Z,25010.723945,47111538,1173925888,1165803520
calibration-20260902-f,S1-100-r01,2026-09-01T15:47:09.490385591Z,25020.950802,47138657,1173925888,1165803520
calibration-20260902-f,S1-100-r01,2026-09-01T15:47:09.500609273Z,25031.174485,47138903,1174155264,1165803520
calibration-20260902-f,S1-100-r01,2026-09-01T15:47:09.509872295Z,25040.437507,47139135,1174155264,1165340672
calibration-20260902-f,S1-100-r01,2026-09-01T15:47:09.520108872Z,25050.674085,47139312,1174155264,1165340672
calibration-20260902-f,S1-100-r01,2026-09-01T15:47:09.562747632Z,25093.312844,47139607,1174155264,1165340672
calibration-20260902-f,S1-100-r01,2026-09-01T15:47:09.570615981Z,25101.181197,47175276,1125994496,1117491200
calibration-20260902-f,S1-100-r01,2026-09-01T15:47:09.579916268Z,25110.481475,47211344,1136545792,1127702528
calibration-20260902-f,S1-100-r01,2026-09-01T15:47:09.590120398Z,25120.685610,47238312,1141362688,1132421120
calibration-20260902-f,S1-100-r01,2026-09-01T15:47:09.600371476Z,25130.936689,47238566,1141362688,1132326912
calibration-20260902-f,S1-100-r01,2026-09-01T15:47:09.610604681Z,25141.169893,47238789,1141362688,1132326912
calibration-20260902-f,S1-100-r01,2026-09-01T15:47:09.619835378Z,25150.400592,47239015,1141362688,1132326912
calibration-20260902-f,S1-100-r01,2026-09-01T15:47:09.62996492Z,25160.530127,47239201,1141362688,1132326912
calibration-20260902-f,S1-100-r01,2026-09-01T15:47:09.640074948Z,25170.640160,47239310,1141362688,1132326912
calibration-20260902-f,S1-100-r01,2026-09-01T15:47:09.650206973Z,25180.772180,47239369,1141362688,1132326912
calibration-20260902-f,S1-100-r01,2026-09-01T15:47:09.66035813Z,25190.923337,47239435,1141362688,1132437504
calibration-20260902-f,S1-100-r01,2026-09-01T15:47:09.670510193Z,25201.075406,47274775,1155813376,1147117568
calibration-20260902-f,S1-100-r01,2026-09-01T15:47:09.679747799Z,25210.313012,47310852,1171181568,1162321920
calibration-20260902-f,S1-100-r01,2026-09-01T15:47:09.689914757Z,25220.479964,47333638,1174392832,1165729792
calibration-20260902-f,S1-100-r01,2026-09-01T15:47:09.700078584Z,25230.643796,47338284,1174392832,1165729792
calibration-20260902-f,S1-100-r01,2026-09-01T15:47:09.710265947Z,25240.831160,47338511,1174392832,1165729792
calibration-20260902-f,S1-100-r01,2026-09-01T15:47:09.720471788Z,25251.037001,47338832,1174622208,1165991936
calibration-20260902-f,S1-100-r01,2026-09-01T15:47:09.729588646Z,25260.153859,47339002,1174622208,1165991936
calibration-20260902-f,S1-100-r01,2026-09-01T15:47:09.739779951Z,25270.345163,47339145,1174622208,1165991936
calibration-20260902-f,S1-100-r01,2026-09-01T15:47:09.750018971Z,25280.584183,47339377,1174622208,1165991936
calibration-20260902-f,S1-100-r01,2026-09-01T15:47:09.760124064Z,25290.689276,47339543,1174622208,1165991936
calibration-20260902-f,S1-100-r01,2026-09-01T15:47:09.770351126Z,25300.916359,47357217,1174622208,1165991936
calibration-20260902-f,S1-100-r01,2026-09-01T15:47:09.779629833Z,25310.195050,47410956,1174622208,1165991936
calibration-20260902-f,S1-100-r01,2026-09-01T15:47:09.789869973Z,25320.435209,47433739,1174622208,1165991936
calibration-20260902-f,S1-100-r01,2026-09-01T15:47:09.800294112Z,25330.859325,47438537,1174622208,1165991936
calibration-20260902-f,S1-100-r01,2026-09-01T15:47:09.810535098Z,25341.100305,47438778,1174622208,1165991936
calibration-20260902-f,S1-100-r01,2026-09-01T15:47:09.81984218Z,25350.407394,47438932,1174622208,1165991936
calibration-20260902-f,S1-100-r01,2026-09-01T15:47:09.830026231Z,25360.591438,47439047,1174622208,1165991936
calibration-20260902-f,S1-100-r01,2026-09-01T15:47:09.840199138Z,25370.764351,47439142,1174622208,1165991936
calibration-20260902-f,S1-100-r01,2026-09-01T15:47:09.850331095Z,25380.896307,47439208,1174622208,1165991936
calibration-20260902-f,S1-100-r01,2026-09-01T15:47:09.860479464Z,25391.044671,47439267,1174622208,1165991936
calibration-20260902-f,S1-100-r01,2026-09-01T15:47:09.869658719Z,25400.223927,47458097,1126563840,1118019584
calibration-20260902-f,S1-100-r01,2026-09-01T15:47:09.880424956Z,25410.990168,47510982,1126793216,1118212096
calibration-20260902-f,S1-100-r01,2026-09-01T15:47:09.889612283Z,25420.177495,47533420,1126793216,1118212096
calibration-20260902-f,S1-100-r01,2026-09-01T15:47:09.899834003Z,25430.399216,47538122,1126793216,1118113792
calibration-20260902-f,S1-100-r01,2026-09-01T15:47:09.909975061Z,25440.540272,47538330,1126793216,1118113792
calibration-20260902-f,S1-100-r01,2026-09-01T15:47:09.920134661Z,25450.699874,47538519,1126793216,1118113792
calibration-20260902-f,S1-100-r01,2026-09-01T15:47:09.930269028Z,25460.834242,47538700,1126793216,1118113792
calibration-20260902-f,S1-100-r01,2026-09-01T15:47:09.940462787Z,25471.028000,47538874,1126793216,1118113792
calibration-20260902-f,S1-100-r01,2026-09-01T15:47:09.949681157Z,25480.246393,47539079,1126793216,1118113792
calibration-20260902-f,S1-100-r01,2026-09-01T15:47:09.96008678Z,25490.652016,47539641,1126793216,1118113792
calibration-20260902-f,S1-100-r01,2026-09-01T15:47:09.970410632Z,25500.975844,47560494,1128169472,1119404032
calibration-20260902-f,S1-100-r01,2026-09-01T15:47:09.979620571Z,25510.185785,47611216,1143996416,1135394816
calibration-20260902-f,S1-100-r01,2026-09-01T15:47:09.989768668Z,25520.333880,47638392,1156612096,1147977728
calibration-20260902-f,S1-100-r01,2026-09-01T15:47:09.999920631Z,25530.485843,47638606,1156612096,1147977728
calibration-20260902-f,S1-100-r01,2026-09-01T15:47:10.010152245Z,25540.717458,47638867,1156612096,1147977728
calibration-20260902-f,S1-100-r01,2026-09-01T15:47:10.020375428Z,25550.940640,47639084,1156612096,1147977728
calibration-20260902-f,S1-100-r01,2026-09-01T15:47:10.030548039Z,25561.113251,47639366,1156612096,1147977728
calibration-20260902-f,S1-100-r01,2026-09-01T15:47:10.039719235Z,25570.284448,47639540,1156612096,1147977728
calibration-20260902-f,S1-100-r01,2026-09-01T15:47:10.049914017Z,25580.479229,47639757,1156612096,1147977728
calibration-20260902-f,S1-100-r01,2026-09-01T15:47:10.060038508Z,25590.603720,47639932,1156612096,1148235776
calibration-20260902-f,S1-100-r01,2026-09-01T15:47:10.070218963Z,25600.784175,47657492,1168998400,1160556544
calibration-20260902-f,S1-100-r01,2026-09-01T15:47:10.080401035Z,25610.966243,47711502,1174962176,1166827520
calibration-20260902-f,S1-100-r01,2026-09-01T15:47:10.090589258Z,25621.154474,47738447,1174962176,1166827520
calibration-20260902-f,S1-100-r01,2026-09-01T15:47:10.099746746Z,25630.311959,47738632,1174962176,1166827520
calibration-20260902-f,S1-100-r01,2026-09-01T15:47:10.109943965Z,25640.509177,47738847,1175191552,1166827520
calibration-20260902-f,S1-100-r01,2026-09-01T15:47:10.120097482Z,25650.662694,47739026,1175191552,1166827520
calibration-20260902-f,S1-100-r01,2026-09-01T15:47:10.130279963Z,25660.845176,47739250,1175191552,1166827520
calibration-20260902-f,S1-100-r01,2026-09-01T15:47:10.140461527Z,25671.026740,47739410,1175191552,1166827520
calibration-20260902-f,S1-100-r01,2026-09-01T15:47:10.150644529Z,25681.209742,47739538,1175191552,1166827520
calibration-20260902-f,S1-100-r01,2026-09-01T15:47:10.159755653Z,25690.320866,47739688,1175191552,1166827520
calibration-20260902-f,S1-100-r01,2026-09-01T15:47:10.169915459Z,25700.480672,47757309,1175191552,1166827520
calibration-20260902-f,S1-100-r01,2026-09-01T15:47:10.18005261Z,25710.617822,47810904,1175191552,1166827520
calibration-20260902-f,S1-100-r01,2026-09-01T15:47:10.190317883Z,25720.883090,47834206,1175191552,1166827520
calibration-20260902-f,S1-100-r01,2026-09-01T15:47:10.200495926Z,25731.061138,47838379,1175191552,1166827520
calibration-20260902-f,S1-100-r01,2026-09-01T15:47:10.209701269Z,25740.266481,47838571,1175191552,1166827520
calibration-20260902-f,S1-100-r01,2026-09-01T15:47:10.219931561Z,25750.496774,47838787,1175420928,1166827520
calibration-20260902-f,S1-100-r01,2026-09-01T15:47:10.230103594Z,25760.668806,47838951,1175650304,1166827520
calibration-20260902-f,S1-100-r01,2026-09-01T15:47:10.240208935Z,25770.774148,47839113,1175650304,1166827520
calibration-20260902-f,S1-100-r01,2026-09-01T15:47:10.250419982Z,25780.985195,47839351,1175650304,1166827520
calibration-20260902-f,S1-100-r01,2026-09-01T15:47:10.260618347Z,25791.183560,47839555,1175650304,1166827520
calibration-20260902-f,S1-100-r01,2026-09-01T15:47:10.270208257Z,25800.773495,47858160,1175879680,1167020032
calibration-20260902-f,S1-100-r01,2026-09-01T15:47:10.28044465Z,25811.009863,47912387,1175879680,1167020032
calibration-20260902-f,S1-100-r01,2026-09-01T15:47:10.289695393Z,25820.260605,47939419,1182990336,1174618112
calibration-20260902-f,S1-100-r01,2026-09-01T15:47:10.299887009Z,25830.452221,47939589,1182990336,1174618112
calibration-20260902-f,S1-100-r01,2026-09-01T15:47:10.3100153Z,25840.580513,47939742,1182990336,1174618112
calibration-20260902-f,S1-100-r01,2026-09-01T15:47:10.320143449Z,25850.708662,47939958,1182990336,1174618112
calibration-20260902-f,S1-100-r01,2026-09-01T15:47:10.362784641Z,25893.349853,47940281,1182990336,1174618112
calibration-20260902-f,S1-100-r01,2026-09-01T15:47:10.369948801Z,25900.514015,47957770,1197211648,1189031936
calibration-20260902-f,S1-100-r01,2026-09-01T15:47:10.380189971Z,25910.755183,48012807,1167233024,1159094272
calibration-20260902-f,S1-100-r01,2026-09-01T15:47:10.390353838Z,25920.919050,48039754,1171361792,1163051008
calibration-20260902-f,S1-100-r01,2026-09-01T15:47:10.462780744Z,25993.345956,48040291,1171591168,1163472896
calibration-20260902-f,S1-100-r01,2026-09-01T15:47:10.470042613Z,26000.607824,48057743,1176408064,1168191488
calibration-20260902-f,S1-100-r01,2026-09-01T15:47:10.480173045Z,26010.738258,48111372,1176408064,1168191488
calibration-20260902-f,S1-100-r01,2026-09-01T15:47:10.49043822Z,26021.003434,48133968,1176408064,1168191488
calibration-20260902-f,S1-100-r01,2026-09-01T15:47:10.50061945Z,26031.184663,48138590,1176408064,1168191488
calibration-20260902-f,S1-100-r01,2026-09-01T15:47:10.509833828Z,26040.399040,48138770,1176408064,1168191488
calibration-20260902-f,S1-100-r01,2026-09-01T15:47:10.520013212Z,26050.578425,48138919,1176408064,1168191488
calibration-20260902-f,S1-100-r01,2026-09-01T15:47:10.530149938Z,26060.715150,48139047,1176637440,1168191488
calibration-20260902-f,S1-100-r01,2026-09-01T15:47:10.540327415Z,26070.892628,48139197,1176637440,1168191488
calibration-20260902-f,S1-100-r01,2026-09-01T15:47:10.550481596Z,26081.046809,48139356,1176637440,1168191488
calibration-20260902-f,S1-100-r01,2026-09-01T15:47:10.559717658Z,26090.282870,48139544,1176637440,1168003072
calibration-20260902-f,S1-100-r01,2026-09-01T15:47:10.569941822Z,26100.507035,48156860,1176637440,1168003072
calibration-20260902-f,S1-100-r01,2026-09-01T15:47:10.580221639Z,26110.786852,48212373,1177325568,1168744448
calibration-20260902-f,S1-100-r01,2026-09-01T15:47:10.590457232Z,26121.022444,48233303,1177325568,1168744448
calibration-20260902-f,S1-100-r01,2026-09-01T15:47:10.600614215Z,26131.179427,48237981,1177325568,1168744448
calibration-20260902-f,S1-100-r01,2026-09-01T15:47:10.609780577Z,26140.345789,48238139,1177325568,1168744448
calibration-20260902-f,S1-100-r01,2026-09-01T15:47:10.662795115Z,26193.360328,48238386,1177325568,1168744448
calibration-20260902-f,S1-100-r01,2026-09-01T15:47:10.670057476Z,26200.622689,48255811,1187188736,1178705920
calibration-20260902-f,S1-100-r01,2026-09-01T15:47:10.680242299Z,26210.807512,48309646,1205080064,1196793856
calibration-20260902-f,S1-100-r01,2026-09-01T15:47:10.690470951Z,26221.036164,48332349,1221136384,1212522496
calibration-20260902-f,S1-100-r01,2026-09-01T15:47:10.699597142Z,26230.162355,48336975,1221136384,1212522496
calibration-20260902-f,S1-100-r01,2026-09-01T15:47:10.709808902Z,26240.374114,48337159,1221136384,1212522496
calibration-20260902-f,S1-100-r01,2026-09-01T15:47:10.719955269Z,26250.520481,48337309,1221136384,1212522496
calibration-20260902-f,S1-100-r01,2026-09-01T15:47:10.730094324Z,26260.659537,48337461,1221136384,1212522496
calibration-20260902-f,S1-100-r01,2026-09-01T15:47:10.740287899Z,26270.853111,48337584,1221136384,1212522496
calibration-20260902-f,S1-100-r01,2026-09-01T15:47:10.750453253Z,26281.018465,48337735,1221136384,1212522496
calibration-20260902-f,S1-100-r01,2026-09-01T15:47:10.760604474Z,26291.169685,48337877,1221136384,1212522496
calibration-20260902-f,S1-100-r01,2026-09-01T15:47:10.770331306Z,26300.896513,48356046,1177739264,1168957440
calibration-20260902-f,S1-100-r01,2026-09-01T15:47:10.780544683Z,26311.109896,48409609,1177739264,1168957440
calibration-20260902-f,S1-100-r01,2026-09-01T15:47:10.78981881Z,26320.384022,48432106,1177739264,1168859136
calibration-20260902-f,S1-100-r01,2026-09-01T15:47:10.800026563Z,26330.591775,48436740,1177739264,1168859136
calibration-20260902-f,S1-100-r01,2026-09-01T15:47:10.81018452Z,26340.749733,48436925,1177739264,1168859136
calibration-20260902-f,S1-100-r01,2026-09-01T15:47:10.820383695Z,26350.948908,48437163,1177739264,1168859136
calibration-20260902-f,S1-100-r01,2026-09-01T15:47:10.86287883Z,26393.444043,48437444,1177739264,1168859136
calibration-20260902-f,S1-100-r01,2026-09-01T15:47:10.870094306Z,26400.659518,48454744,1184620544,1175937024
calibration-20260902-f,S1-100-r01,2026-09-01T15:47:10.880352958Z,26410.918171,48508662,1202970624,1194287104
calibration-20260902-f,S1-100-r01,2026-09-01T15:47:10.890605549Z,26421.170761,48540137,1206411264,1197953024
calibration-20260902-f,S1-100-r01,2026-09-01T15:47:10.899848522Z,26430.413735,48540347,1206411264,1197953024
calibration-20260902-f,S1-100-r01,2026-09-01T15:47:10.910076994Z,26440.642207,48540549,1206411264,1197953024
calibration-20260902-f,S1-100-r01,2026-09-01T15:47:10.920241189Z,26450.806401,48540707,1206411264,1198211072
calibration-20260902-f,S1-100-r01,2026-09-01T15:47:10.930429656Z,26460.994868,48540861,1206411264,1198211072
calibration-20260902-f,S1-100-r01,2026-09-01T15:47:10.940624461Z,26471.189674,48541000,1206411264,1198211072
calibration-20260902-f,S1-100-r01,2026-09-01T15:47:10.949820746Z,26480.385959,48541151,1206411264,1198211072
calibration-20260902-f,S1-100-r01,2026-09-01T15:47:10.959987553Z,26490.552765,48541297,1206411264,1198211072
calibration-20260902-f,S1-100-r01,2026-09-01T15:47:10.970270343Z,26500.835620,48558931,1221091328,1212891136
calibration-20260902-f,S1-100-r01,2026-09-01T15:47:10.980456982Z,26511.022189,48612842,1226137600,1217871872
calibration-20260902-f,S1-100-r01,2026-09-01T15:47:10.989611491Z,26520.176698,48635247,1226137600,1217871872
calibration-20260902-f,S1-100-r01,2026-09-01T15:47:10.999801443Z,26530.366656,48639858,1226137600,1217871872
calibration-20260902-f,S1-100-r01,2026-09-01T15:47:11.010055794Z,26540.621007,48640015,1226137600,1217871872
calibration-20260902-f,S1-100-r01,2026-09-01T15:47:11.020258057Z,26550.823270,48640154,1226366976,1217871872
calibration-20260902-f,S1-100-r01,2026-09-01T15:47:11.030461593Z,26561.026805,48640290,1226366976,1217871872
calibration-20260902-f,S1-100-r01,2026-09-01T15:47:11.039599532Z,26570.164744,48640450,1226366976,1217871872
calibration-20260902-f,S1-100-r01,2026-09-01T15:47:11.049791105Z,26580.356317,48640582,1226366976,1217871872
calibration-20260902-f,S1-100-r01,2026-09-01T15:47:11.05996785Z,26590.533063,48640691,1226366976,1217871872
calibration-20260902-f,S1-100-r01,2026-09-01T15:47:11.070144463Z,26600.709743,48660778,1226366976,1217871872
calibration-20260902-f,S1-100-r01,2026-09-01T15:47:11.080449931Z,26611.015143,48712413,1226366976,1217871872
calibration-20260902-f,S1-100-r01,2026-09-01T15:47:11.090608766Z,26621.173978,48739372,1226366976,1217871872
calibration-20260902-f,S1-100-r01,2026-09-01T15:47:11.099831281Z,26630.396493,48739579,1226366976,1217871872
calibration-20260902-f,S1-100-r01,2026-09-01T15:47:11.109986251Z,26640.551464,48739697,1226366976,1217871872
calibration-20260902-f,S1-100-r01,2026-09-01T15:47:11.162781317Z,26693.346531,48740116,1226366976,1217871872
calibration-20260902-f,S1-100-r01,2026-09-01T15:47:11.170310823Z,26700.876030,48761341,1178308608,1169879040
calibration-20260902-f,S1-100-r01,2026-09-01T15:47:11.180116148Z,26710.681361,48812328,1180372992,1171558400
calibration-20260902-f,S1-100-r01,2026-09-01T15:47:11.190344622Z,26720.909829,48834876,1183813632,1175228416
calibration-20260902-f,S1-100-r01,2026-09-01T15:47:11.200612853Z,26731.178066,48835171,1183813632,1174863872
calibration-20260902-f,S1-100-r01,2026-09-01T15:47:11.209899813Z,26740.465025,48835441,1183813632,1174863872
calibration-20260902-f,S1-100-r01,2026-09-01T15:47:11.220021779Z,26750.586990,48835586,1183813632,1174863872
calibration-20260902-f,S1-100-r01,2026-09-01T15:47:11.230223947Z,26760.789159,48835778,1183813632,1174863872
calibration-20260902-f,S1-100-r01,2026-09-01T15:47:11.240462227Z,26771.027439,48835999,1183813632,1174863872
calibration-20260902-f,S1-100-r01,2026-09-01T15:47:11.249654283Z,26780.219497,48836183,1183813632,1174863872
calibration-20260902-f,S1-100-r01,2026-09-01T15:47:11.259848474Z,26790.413681,48836546,1183813632,1174863872
calibration-20260902-f,S1-100-r01,2026-09-01T15:47:11.270085237Z,26800.650449,48854056,1196888064,1188229120
calibration-20260902-f,S1-100-r01,2026-09-01T15:47:11.280397854Z,26810.963070,48908025,1215467520,1206841344
calibration-20260902-f,S1-100-r01,2026-09-01T15:47:11.290554926Z,26821.120133,48939873,1227165696,1218113536
calibration-20260902-f,S1-100-r01,2026-09-01T15:47:11.299788585Z,26830.353792,48940077,1227165696,1218113536
calibration-20260902-f,S1-100-r01,2026-09-01T15:47:11.310007656Z,26840.572868,48940278,1227165696,1218113536
calibration-20260902-f,S1-100-r01,2026-09-01T15:47:11.320212194Z,26850.777407,48940535,1227165696,1218113536
calibration-20260902-f,S1-100-r01,2026-09-01T15:47:11.33046105Z,26861.026262,48940926,1227165696,1218371584
calibration-20260902-f,S1-100-r01,2026-09-01T15:47:11.339784099Z,26870.349312,48941142,1227165696,1218224128
calibration-20260902-f,S1-100-r01,2026-09-01T15:47:11.350011024Z,26880.576236,48941377,1227165696,1218224128
calibration-20260902-f,S1-100-r01,2026-09-01T15:47:11.360205055Z,26890.770267,48941609,1227165696,1218224128
calibration-20260902-f,S1-100-r01,2026-09-01T15:47:11.369851666Z,26900.416879,48960065,1179385856,1170145280
calibration-20260902-f,S1-100-r01,2026-09-01T15:47:11.380063186Z,26910.628399,49013742,1179385856,1169985536
calibration-20260902-f,S1-100-r01,2026-09-01T15:47:11.390249339Z,26920.814552,49040651,1179385856,1169985536
calibration-20260902-f,S1-100-r01,2026-09-01T15:47:11.400535392Z,26931.100604,49040878,1179385856,1169985536
calibration-20260902-f,S1-100-r01,2026-09-01T15:47:11.409792279Z,26940.357492,49041113,1179385856,1169891328
calibration-20260902-f,S1-100-r01,2026-09-01T15:47:11.420047004Z,26950.612217,49041338,1179385856,1169891328
calibration-20260902-f,S1-100-r01,2026-09-01T15:47:11.462854724Z,26993.419936,49041540,1179385856,1169891328
calibration-20260902-f,S1-100-r01,2026-09-01T15:47:11.47016442Z,27000.729632,49058852,1179385856,1169891328
calibration-20260902-f,S1-100-r01,2026-09-01T15:47:11.480312703Z,27010.877914,49112555,1179385856,1169891328
calibration-20260902-f,S1-100-r01,2026-09-01T15:47:11.490495577Z,27021.060790,49140090,1179385856,1169891328
calibration-20260902-f,S1-100-r01,2026-09-01T15:47:11.562926631Z,27093.491838,49140090,1179385856,1169891328
calibration-20260902-f,S1-100-r01,2026-09-01T15:47:11.570083042Z,27100.648254,49157436,1179385856,1169858560
calibration-20260902-f,S1-100-r01,2026-09-01T15:47:11.580337667Z,27110.902875,49211359,1189937152,1180606464
calibration-20260902-f,S1-100-r01,2026-09-01T15:47:11.590600819Z,27121.166031,49238450,1199800320,1190305792
calibration-20260902-f,S1-100-r01,2026-09-01T15:47:11.599881542Z,27130.446754,49238714,1199800320,1190567936
calibration-20260902-f,S1-100-r01,2026-09-01T15:47:11.610081713Z,27140.646926,49238908,1199800320,1190567936
calibration-20260902-f,S1-100-r01,2026-09-01T15:47:11.620231677Z,27150.796890,49239088,1199800320,1190567936
calibration-20260902-f,S1-100-r01,2026-09-01T15:47:11.630432955Z,27160.998168,49239329,1199800320,1190567936
calibration-20260902-f,S1-100-r01,2026-09-01T15:47:11.640639789Z,27171.205001,49239562,1199800320,1190567936
calibration-20260902-f,S1-100-r01,2026-09-01T15:47:11.649781593Z,27180.346805,49239744,1200029696,1190567936
calibration-20260902-f,S1-100-r01,2026-09-01T15:47:11.659918266Z,27190.483480,49239857,1200029696,1190567936
calibration-20260902-f,S1-100-r01,2026-09-01T15:47:11.670181839Z,27200.747052,49257408,1213562880,1204695040
calibration-20260902-f,S1-100-r01,2026-09-01T15:47:11.679940236Z,27210.505449,49312348,1180102656,1171116032
calibration-20260902-f,S1-100-r01,2026-09-01T15:47:11.690244594Z,27220.809807,49339287,1180102656,1171378176
calibration-20260902-f,S1-100-r01,2026-09-01T15:47:11.700549243Z,27231.114456,49339629,1180102656,1171378176
calibration-20260902-f,S1-100-r01,2026-09-01T15:47:11.709627736Z,27240.192948,49339754,1180102656,1171169280
calibration-20260902-f,S1-100-r01,2026-09-01T15:47:11.71976897Z,27250.334183,49339923,1180102656,1171070976
calibration-20260902-f,S1-100-r01,2026-09-01T15:47:11.729910743Z,27260.475955,49340108,1180102656,1171087360
calibration-20260902-f,S1-100-r01,2026-09-01T15:47:11.74005065Z,27270.615863,49340348,1180102656,1171087360
calibration-20260902-f,S1-100-r01,2026-09-01T15:47:11.750226142Z,27280.791354,49340561,1180102656,1171349504
calibration-20260902-f,S1-100-r01,2026-09-01T15:47:11.7604435Z,27291.008712,49340758,1180102656,1171349504
calibration-20260902-f,S1-100-r01,2026-09-01T15:47:11.769614774Z,27300.179987,49358051,1180102656,1171349504
calibration-20260902-f,S1-100-r01,2026-09-01T15:47:11.779804594Z,27310.369806,49411856,1187901440,1179213824
calibration-20260902-f,S1-100-r01,2026-09-01T15:47:11.78998246Z,27320.547672,49439086,1200287744,1191796736
calibration-20260902-f,S1-100-r01,2026-09-01T15:47:11.800207531Z,27330.772745,49439305,1200287744,1191796736
calibration-20260902-f,S1-100-r01,2026-09-01T15:47:11.862800482Z,27393.365694,49439564,1200746496,1192058880
calibration-20260902-f,S1-100-r01,2026-09-01T15:47:11.86999364Z,27400.558852,49457203,1213820928,1205428224
calibration-20260902-f,S1-100-r01,2026-09-01T15:47:11.880244365Z,27410.809646,49511389,1228959744,1220894720
calibration-20260902-f,S1-100-r01,2026-09-01T15:47:11.890507609Z,27421.072822,49538364,1228959744,1220894720
calibration-20260902-f,S1-100-r01,2026-09-01T15:47:11.899740146Z,27430.305359,49538580,1228959744,1220640768
calibration-20260902-f,S1-100-r01,2026-09-01T15:47:11.909938957Z,27440.504169,49538771,1228959744,1220640768
calibration-20260902-f,S1-100-r01,2026-09-01T15:47:11.920044052Z,27450.609264,49538964,1228959744,1220640768
calibration-20260902-f,S1-100-r01,2026-09-01T15:47:11.930188877Z,27460.754089,49539123,1228959744,1220640768
calibration-20260902-f,S1-100-r01,2026-09-01T15:47:11.940374492Z,27470.939705,49539292,1228959744,1220640768
calibration-20260902-f,S1-100-r01,2026-09-01T15:47:11.950527067Z,27481.092279,49539556,1228959744,1220640768
calibration-20260902-f,S1-100-r01,2026-09-01T15:47:11.959693072Z,27490.258286,49539665,1228959744,1220640768
calibration-20260902-f,S1-100-r01,2026-09-01T15:47:11.969960606Z,27500.525841,49556878,1228959744,1220640768
calibration-20260902-f,S1-100-r01,2026-09-01T15:47:11.980455318Z,27511.020626,49612226,1181089792,1173073920
calibration-20260902-f,S1-100-r01,2026-09-01T15:47:11.989643808Z,27520.209020,49638985,1181089792,1173073920
calibration-20260902-f,S1-100-r01,2026-09-01T15:47:11.999776873Z,27530.342086,49639150,1181089792,1173020672
calibration-20260902-f,S1-100-r01,2026-09-01T15:47:12.062780788Z,27593.346000,49639517,1181089792,1173020672
calibration-20260902-f,S1-100-r01,2026-09-01T15:47:12.070000761Z,27600.566030,49656851,1181089792,1173020672
calibration-20260902-f,S1-100-r01,2026-09-01T15:47:12.07962813Z,27610.193370,49710531,1181089792,1173020672
calibration-20260902-f,S1-100-r01,2026-09-01T15:47:12.089930796Z,27620.496008,49733221,1181548544,1173544960
calibration-20260902-f,S1-100-r01,2026-09-01T15:47:12.100069713Z,27630.634926,49737902,1181548544,1173315584
calibration-20260902-f,S1-100-r01,2026-09-01T15:47:12.162796561Z,27693.361773,49738358,1181777920,1173839872
calibration-20260902-f,S1-100-r01,2026-09-01T15:47:12.169976272Z,27700.541484,49755853,1193476096,1185374208
calibration-20260902-f,S1-100-r01,2026-09-01T15:47:12.180164309Z,27710.729521,49809584,1206550528,1198481408
calibration-20260902-f,S1-100-r01,2026-09-01T15:47:12.190395797Z,27720.961009,49836554,1209761792,1201627136
calibration-20260902-f,S1-100-r01,2026-09-01T15:47:12.200579839Z,27731.145050,49841230,1209761792,1201643520
calibration-20260902-f,S1-100-r01,2026-09-01T15:47:12.209738735Z,27740.303947,49841412,1209761792,1201643520
calibration-20260902-f,S1-100-r01,2026-09-01T15:47:12.262764374Z,27793.329586,49841615,1209991168,1201180672
calibration-20260902-f,S1-100-r01,2026-09-01T15:47:12.27003931Z,27800.604518,49861661,1223524352,1214812160
calibration-20260902-f,S1-100-r01,2026-09-01T15:47:12.280289257Z,27810.854470,49913113,1229488128,1220841472
calibration-20260902-f,S1-100-r01,2026-09-01T15:47:12.290460892Z,27821.026104,49940050,1229488128,1221099520
calibration-20260902-f,S1-100-r01,2026-09-01T15:47:12.299743492Z,27830.308706,49940265,1229488128,1221099520
calibration-20260902-f,S1-100-r01,2026-09-01T15:47:12.309954625Z,27840.519838,49940421,1229488128,1221099520
calibration-20260902-f,S1-100-r01,2026-09-01T15:47:12.320128128Z,27850.693341,49940591,1229717504,1221099520
calibration-20260902-f,S1-100-r01,2026-09-01T15:47:12.330304418Z,27860.869625,49940701,1229946880,1221099520
calibration-20260902-f,S1-100-r01,2026-09-01T15:47:12.340467768Z,27871.032980,49940784,1229946880,1220841472
calibration-20260902-f,S1-100-r01,2026-09-01T15:47:12.350570263Z,27881.135470,49940859,1229946880,1220841472
calibration-20260902-f,S1-100-r01,2026-09-01T15:47:12.35972726Z,27890.292473,49940929,1229946880,1221099520
calibration-20260902-f,S1-100-r01,2026-09-01T15:47:12.369953045Z,27900.518252,49961280,1181814784,1173106688
calibration-20260902-f,S1-100-r01,2026-09-01T15:47:12.38059313Z,27911.158342,50013174,1197412352,1189027840
calibration-20260902-f,S1-100-r01,2026-09-01T15:47:12.389803542Z,27920.368755,50040253,1208193024,1199775744
calibration-20260902-f,S1-100-r01,2026-09-01T15:47:12.399979908Z,27930.545120,50040442,1208193024,1199681536
calibration-20260902-f,S1-100-r01,2026-09-01T15:47:12.410111521Z,27940.676734,50040619,1208422400,1199681536
calibration-20260902-f,S1-100-r01,2026-09-01T15:47:12.42025871Z,27950.823922,50040819,1208422400,1199681536
calibration-20260902-f,S1-100-r01,2026-09-01T15:47:12.430394281Z,27960.959494,50040982,1208422400,1199681536
calibration-20260902-f,S1-100-r01,2026-09-01T15:47:12.440513433Z,27971.078645,50041187,1208422400,1199681536
calibration-20260902-f,S1-100-r01,2026-09-01T15:47:12.44962541Z,27980.190623,50041337,1208422400,1199681536
calibration-20260902-f,S1-100-r01,2026-09-01T15:47:12.459743813Z,27990.309025,50041485,1208422400,1199681536
calibration-20260902-f,S1-100-r01,2026-09-01T15:47:12.46990744Z,28000.472653,50059023,1221496832,1212788736
calibration-20260902-f,S1-100-r01,2026-09-01T15:47:12.480157331Z,28010.722539,50113135,1230442496,1221963776
calibration-20260902-f,S1-100-r01,2026-09-01T15:47:12.490377402Z,28020.942614,50140127,1230442496,1221963776
calibration-20260902-f,S1-100-r01,2026-09-01T15:47:12.500625315Z,28031.190528,50140307,1230442496,1221976064
calibration-20260902-f,S1-100-r01,2026-09-01T15:47:12.509861925Z,28040.427137,50140515,1230442496,1221976064
calibration-20260902-f,S1-100-r01,2026-09-01T15:47:12.520012124Z,28050.577336,50140640,1230442496,1221976064
calibration-20260902-f,S1-100-r01,2026-09-01T15:47:12.53013065Z,28060.695862,50140803,1230442496,1221976064
calibration-20260902-f,S1-100-r01,2026-09-01T15:47:12.540328599Z,28070.893811,50140992,1230442496,1221976064
calibration-20260902-f,S1-100-r01,2026-09-01T15:47:12.550601828Z,28081.167040,50141258,1230442496,1221976064
calibration-20260902-f,S1-100-r01,2026-09-01T15:47:12.559814894Z,28090.380101,50141620,1230442496,1221976064
calibration-20260902-f,S1-100-r01,2026-09-01T15:47:12.570009856Z,28100.575069,50158940,1230442496,1221976064
calibration-20260902-f,S1-100-r01,2026-09-01T15:47:12.580180923Z,28110.746136,50212584,1230442496,1221976064
calibration-20260902-f,S1-100-r01,2026-09-01T15:47:12.590410475Z,28120.975682,50237847,1182334976,1173749760
calibration-20260902-f,S1-100-r01,2026-09-01T15:47:12.600636314Z,28131.201526,50240092,1182334976,1173807104
calibration-20260902-f,S1-100-r01,2026-09-01T15:47:12.609830195Z,28140.395407,50240247,1182334976,1173807104
calibration-20260902-f,S1-100-r01,2026-09-01T15:47:12.619995691Z,28150.560904,50240369,1182564352,1173708800
calibration-20260902-f,S1-100-r01,2026-09-01T15:47:12.630143036Z,28160.708243,50240460,1182564352,1173708800
calibration-20260902-f,S1-100-r01,2026-09-01T15:47:12.640293272Z,28170.858480,50240522,1182564352,1173708800
calibration-20260902-f,S1-100-r01,2026-09-01T15:47:12.650476864Z,28181.042076,50240616,1182564352,1173708800
calibration-20260902-f,S1-100-r01,2026-09-01T15:47:12.659719522Z,28190.284729,50240790,1182564352,1173708800
calibration-20260902-f,S1-100-r01,2026-09-01T15:47:12.670369624Z,28200.934837,50258856,1182564352,1173901312
calibration-20260902-f,S1-100-r01,2026-09-01T15:47:12.680678625Z,28211.243837,50312483,1182564352,1173901312
calibration-20260902-f,S1-100-r01,2026-09-01T15:47:12.690002913Z,28220.568125,50335017,1182564352,1173901312
calibration-20260902-f,S1-100-r01,2026-09-01T15:47:12.700261557Z,28230.826769,50339742,1182564352,1173794816
calibration-20260902-f,S1-100-r01,2026-09-01T15:47:12.710391241Z,28240.956453,50339930,1182793728,1173794816
calibration-20260902-f,S1-100-r01,2026-09-01T15:47:12.720527017Z,28251.092230,50340081,1182793728,1173794816
calibration-20260902-f,S1-100-r01,2026-09-01T15:47:12.7306321Z,28261.197312,50340273,1182793728,1173794816
calibration-20260902-f,S1-100-r01,2026-09-01T15:47:12.739810407Z,28270.375618,50340421,1182793728,1173794816
calibration-20260902-f,S1-100-r01,2026-09-01T15:47:12.76278046Z,28293.345673,50340717,1182793728,1173794816
calibration-20260902-f,S1-100-r01,2026-09-01T15:47:12.769989735Z,28300.554948,50358094,1182793728,1173794816
calibration-20260902-f,S1-100-r01,2026-09-01T15:47:12.780132456Z,28310.697669,50411770,1187151872,1178460160
calibration-20260902-f,S1-100-r01,2026-09-01T15:47:12.790361069Z,28320.926281,50438861,1198620672,1189994496
calibration-20260902-f,S1-100-r01,2026-09-01T15:47:12.800517331Z,28331.082544,50439030,1198620672,1189994496
calibration-20260902-f,S1-100-r01,2026-09-01T15:47:12.809694844Z,28340.260057,50439156,1198620672,1189994496
calibration-20260902-f,S1-100-r01,2026-09-01T15:47:12.819834099Z,28350.399311,50439277,1198620672,1189994496
calibration-20260902-f,S1-100-r01,2026-09-01T15:47:12.862761385Z,28393.326597,50439444,1198620672,1189994496
calibration-20260902-f,S1-100-r01,2026-09-01T15:47:12.869891589Z,28400.456796,50459225,1211924480,1203363840
calibration-20260902-f,S1-100-r01,2026-09-01T15:47:12.880106484Z,28410.671696,50510960,1230733312,1222234112
calibration-20260902-f,S1-100-r01,2026-09-01T15:47:12.890267523Z,28420.832730,50537953,1231421440,1223020544
calibration-20260902-f,S1-100-r01,2026-09-01T15:47:12.900486978Z,28431.052185,50538098,1231421440,1223061504
calibration-20260902-f,S1-100-r01,2026-09-01T15:47:12.90958479Z,28440.150003,50538176,1231421440,1223061504
calibration-20260902-f,S1-100-r01,2026-09-01T15:47:12.919746047Z,28450.311255,50538256,1231421440,1223061504
calibration-20260902-f,S1-100-r01,2026-09-01T15:47:12.92989797Z,28460.463177,50538329,1231421440,1223061504
calibration-20260902-f,S1-100-r01,2026-09-01T15:47:12.940016624Z,28470.581836,50538399,1231421440,1223061504
calibration-20260902-f,S1-100-r01,2026-09-01T15:47:12.950140617Z,28480.705831,50538447,1231421440,1223061504
calibration-20260902-f,S1-100-r01,2026-09-01T15:47:12.96032646Z,28490.891672,50538550,1231421440,1223061504
calibration-20260902-f,S1-100-r01,2026-09-01T15:47:12.970535532Z,28501.100746,50573889,1183268864,1174839296
calibration-20260902-f,S1-100-r01,2026-09-01T15:47:12.980551584Z,28511.116797,50610292,1183498240,1175281664
calibration-20260902-f,S1-100-r01,2026-09-01T15:47:12.989752736Z,28520.317949,50637224,1183498240,1175281664
calibration-20260902-f,S1-100-r01,2026-09-01T15:47:12.999913779Z,28530.478991,50641922,1183498240,1175265280
calibration-20260902-f,S1-100-r01,2026-09-01T15:47:13.010044067Z,28540.609279,50642160,1183498240,1175265280
calibration-20260902-f,S1-100-r01,2026-09-01T15:47:13.02022324Z,28550.788453,50642296,1183498240,1175265280
calibration-20260902-f,S1-100-r01,2026-09-01T15:47:13.030392588Z,28560.957795,50642606,1183498240,1175265280
calibration-20260902-f,S1-100-r01,2026-09-01T15:47:13.040554903Z,28571.120115,50642692,1183498240,1175265280
calibration-20260902-f,S1-100-r01,2026-09-01T15:47:13.049731355Z,28580.296562,50642806,1183498240,1175265280
calibration-20260902-f,S1-100-r01,2026-09-01T15:47:13.05992304Z,28590.488247,50642957,1183498240,1175265280
calibration-20260902-f,S1-100-r01,2026-09-01T15:47:13.070109405Z,28600.674619,50663399,1184415744,1176018944
calibration-20260902-f,S1-100-r01,2026-09-01T15:47:13.080451306Z,28611.016526,50714719,1201848320,1193844736
calibration-20260902-f,S1-100-r01,2026-09-01T15:47:13.089599319Z,28620.164531,50741796,1205747712,1197514752
calibration-20260902-f,S1-100-r01,2026-09-01T15:47:13.09977847Z,28630.343684,50742009,1205747712,1197338624
calibration-20260902-f,S1-100-r01,2026-09-01T15:47:13.16277445Z,28693.339662,50742346,1205977088,1197473792
calibration-20260902-f,S1-100-r01,2026-09-01T15:47:13.169972939Z,28700.538151,50759816,1219510272,1211367424
calibration-20260902-f,S1-100-r01,2026-09-01T15:47:13.179749972Z,28710.315183,50814299,1183780864,1175642112
calibration-20260902-f,S1-100-r01,2026-09-01T15:47:13.190021383Z,28720.586596,50841818,1183780864,1175642112
calibration-20260902-f,S1-100-r01,2026-09-01T15:47:13.200188427Z,28730.753640,50842037,1183780864,1175396352
calibration-20260902-f,S1-100-r01,2026-09-01T15:47:13.210423672Z,28740.988885,50842284,1183780864,1175396352
calibration-20260902-f,S1-100-r01,2026-09-01T15:47:13.262767613Z,28793.332825,50842626,1183780864,1175261184
calibration-20260902-f,S1-100-r01,2026-09-01T15:47:13.26997444Z,28800.539653,50859952,1183780864,1175261184
calibration-20260902-f,S1-100-r01,2026-09-01T15:47:13.280176296Z,28810.741509,50913551,1183780864,1175261184
calibration-20260902-f,S1-100-r01,2026-09-01T15:47:13.290420497Z,28820.985710,50936038,1183780864,1175261184
calibration-20260902-f,S1-100-r01,2026-09-01T15:47:13.300602811Z,28831.168023,50940682,1183780864,1175261184
calibration-20260902-f,S1-100-r01,2026-09-01T15:47:13.309828019Z,28840.393231,50940871,1183780864,1175261184
calibration-20260902-f,S1-100-r01,2026-09-01T15:47:13.32002035Z,28850.585562,50941042,1183780864,1175261184
calibration-20260902-f,S1-100-r01,2026-09-01T15:47:13.330284537Z,28860.849774,50941218,1183780864,1175261184
calibration-20260902-f,S1-100-r01,2026-09-01T15:47:13.340637967Z,28871.203180,50941584,1183780864,1175261184
calibration-20260902-f,S1-100-r01,2026-09-01T15:47:13.349815405Z,28880.380617,50941766,1183780864,1175261184
calibration-20260902-f,S1-100-r01,2026-09-01T15:47:13.360030106Z,28890.595319,50941965,1183780864,1175261184
calibration-20260902-f,S1-100-r01,2026-09-01T15:47:13.370221359Z,28900.786571,50959210,1183780864,1175261184
calibration-20260902-f,S1-100-r01,2026-09-01T15:47:13.380487291Z,28911.052503,51013691,1185386496,1177067520
calibration-20260902-f,S1-100-r01,2026-09-01T15:47:13.389717805Z,28920.283018,51035345,1188827136,1180475392
calibration-20260902-f,S1-100-r01,2026-09-01T15:47:13.399926491Z,28930.491704,51039978,1188827136,1180475392
calibration-20260902-f,S1-100-r01,2026-09-01T15:47:13.410086292Z,28940.651505,51040204,1188827136,1180475392
calibration-20260902-f,S1-100-r01,2026-09-01T15:47:13.420246225Z,28950.811438,51040397,1188827136,1180475392
calibration-20260902-f,S1-100-r01,2026-09-01T15:47:13.430438273Z,28961.003485,51040582,1188827136,1180475392
calibration-20260902-f,S1-100-r01,2026-09-01T15:47:13.440583285Z,28971.148498,51040754,1188827136,1180475392
calibration-20260902-f,S1-100-r01,2026-09-01T15:47:13.449852982Z,28980.418200,51040939,1188827136,1180475392
calibration-20260902-f,S1-100-r01,2026-09-01T15:47:13.46013514Z,28990.700352,51041271,1188827136,1180475392
calibration-20260902-f,S1-100-r01,2026-09-01T15:47:13.470424269Z,29000.989476,51059442,1200295936,1192009728
calibration-20260902-f,S1-100-r01,2026-09-01T15:47:13.480575819Z,29011.141031,51112944,1219563520,1211146240
calibration-20260902-f,S1-100-r01,2026-09-01T15:47:13.489791453Z,29020.356666,51139921,1222545408,1213767680
calibration-20260902-f,S1-100-r01,2026-09-01T15:47:13.499940337Z,29030.505549,51140111,1222545408,1213767680
calibration-20260902-f,S1-100-r01,2026-09-01T15:47:13.510085424Z,29040.650637,51140296,1222545408,1213767680
calibration-20260902-f,S1-100-r01,2026-09-01T15:47:13.520285367Z,29050.850579,51140470,1222545408,1213767680
calibration-20260902-f,S1-100-r01,2026-09-01T15:47:13.56277211Z,29093.337323,51140887,1222545408,1214029824
calibration-20260902-f,S1-100-r01,2026-09-01T15:47:13.570320593Z,29100.885807,51162689,1184604160,1176166400
calibration-20260902-f,S1-100-r01,2026-09-01T15:47:13.580523153Z,29111.088365,51213137,1184604160,1176068096
calibration-20260902-f,S1-100-r01,2026-09-01T15:47:13.589686081Z,29120.251294,51240115,1184604160,1176068096
calibration-20260902-f,S1-100-r01,2026-09-01T15:47:13.599829587Z,29130.394800,51240302,1184604160,1175863296
calibration-20260902-f,S1-100-r01,2026-09-01T15:47:13.609975075Z,29140.540283,51240645,1184604160,1175863296
calibration-20260902-f,S1-100-r01,2026-09-01T15:47:13.620089584Z,29150.654791,51240716,1184604160,1175863296
calibration-20260902-f,S1-100-r01,2026-09-01T15:47:13.630248058Z,29160.813270,51240820,1184833536,1175863296
calibration-20260902-f,S1-100-r01,2026-09-01T15:47:13.662776544Z,29193.341757,51240961,1184833536,1175863296
calibration-20260902-f,S1-100-r01,2026-09-01T15:47:13.670050569Z,29200.615781,51258279,1191714816,1183203328
calibration-20260902-f,S1-100-r01,2026-09-01T15:47:13.680283049Z,29210.848260,51312136,1210294272,1201815552
calibration-20260902-f,S1-100-r01,2026-09-01T15:47:13.690508095Z,29221.073307,51339501,1222221824,1213612032
calibration-20260902-f,S1-100-r01,2026-09-01T15:47:13.699650676Z,29230.215888,51344155,1222221824,1213370368
calibration-20260902-f,S1-100-r01,2026-09-01T15:47:13.709843797Z,29240.409009,51344349,1222221824,1213632512
calibration-20260902-f,S1-100-r01,2026-09-01T15:47:13.720031398Z,29250.596610,51344559,1222221824,1213632512
calibration-20260902-f,S1-100-r01,2026-09-01T15:47:13.730190079Z,29260.755292,51344743,1222221824,1213632512
calibration-20260902-f,S1-100-r01,2026-09-01T15:47:13.740355795Z,29270.921007,51344950,1222221824,1213632512
calibration-20260902-f,S1-100-r01,2026-09-01T15:47:13.762805346Z,29293.370582,51345307,1222221824,1213894656
calibration-20260902-f,S1-100-r01,2026-09-01T15:47:13.770057221Z,29300.622428,51366333,1233002496,1224642560
calibration-20260902-f,S1-100-r01,2026-09-01T15:47:13.78038727Z,29310.952481,51416483,1233002496,1224642560
calibration-20260902-f,S1-100-r01,2026-09-01T15:47:13.790638608Z,29321.203821,51437094,1233002496,1224642560
calibration-20260902-f,S1-100-r01,2026-09-01T15:47:13.799869133Z,29330.434346,51437326,1233002496,1224433664
calibration-20260902-f,S1-100-r01,2026-09-01T15:47:13.810064181Z,29340.629393,51437511,1233002496,1224695808
calibration-20260902-f,S1-100-r01,2026-09-01T15:47:13.820251916Z,29350.817128,51437675,1233002496,1224695808
calibration-20260902-f,S1-100-r01,2026-09-01T15:47:13.830425092Z,29360.990305,51437851,1233002496,1224695808
calibration-20260902-f,S1-100-r01,2026-09-01T15:47:13.839611453Z,29370.176665,51438068,1233002496,1224695808
calibration-20260902-f,S1-100-r01,2026-09-01T15:47:13.849795194Z,29380.360406,51438272,1233002496,1224695808
calibration-20260902-f,S1-100-r01,2026-09-01T15:47:13.859942151Z,29390.507364,51438457,1233002496,1224695808
calibration-20260902-f,S1-100-r01,2026-09-01T15:47:13.869789445Z,29400.354657,51456817,1185112064,1176903680
calibration-20260902-f,S1-100-r01,2026-09-01T15:47:13.879975066Z,29410.540279,51510497,1185112064,1176805376
calibration-20260902-f,S1-100-r01,2026-09-01T15:47:13.890155835Z,29420.721048,51532916,1185112064,1176539136
calibration-20260902-f,S1-100-r01,2026-09-01T15:47:13.900325692Z,29430.890904,51537620,1185112064,1176670208
calibration-20260902-f,S1-100-r01,2026-09-01T15:47:13.910497663Z,29441.062876,51537829,1185112064,1176670208
calibration-20260902-f,S1-100-r01,2026-09-01T15:47:13.919725635Z,29450.290848,51538019,1185112064,1176670208
calibration-20260902-f,S1-100-r01,2026-09-01T15:47:13.929919146Z,29460.484359,51538199,1185112064,1176670208
calibration-20260902-f,S1-100-r01,2026-09-01T15:47:13.940068683Z,29470.633896,51538378,1185112064,1176670208
calibration-20260902-f,S1-100-r01,2026-09-01T15:47:13.950316493Z,29480.881706,51538606,1185112064,1176670208
calibration-20260902-f,S1-100-r01,2026-09-01T15:47:13.960516589Z,29491.081802,51538831,1185112064,1176670208
calibration-20260902-f,S1-100-r01,2026-09-01T15:47:13.969751827Z,29500.317065,51556211,1191305216,1182683136
calibration-20260902-f,S1-100-r01,2026-09-01T15:47:13.979907338Z,29510.472551,51610306,1209884672,1201295360
calibration-20260902-f,S1-100-r01,2026-09-01T15:47:13.99014318Z,29520.708392,51637485,1222729728,1213878272
calibration-20260902-f,S1-100-r01,2026-09-01T15:47:14.000355616Z,29530.920836,51637755,1222729728,1213706240
calibration-20260902-f,S1-100-r01,2026-09-01T15:47:14.010608314Z,29541.173527,51638006,1222729728,1213968384
calibration-20260902-f,S1-100-r01,2026-09-01T15:47:14.019821321Z,29550.386533,51638209,1222729728,1213968384
calibration-20260902-f,S1-100-r01,2026-09-01T15:47:14.029996658Z,29560.561870,51638364,1222729728,1213968384
calibration-20260902-f,S1-100-r01,2026-09-01T15:47:14.040105177Z,29570.670389,51638513,1222729728,1213968384
calibration-20260902-f,S1-100-r01,2026-09-01T15:47:14.05031333Z,29580.878542,51638703,1222729728,1213968384
calibration-20260902-f,S1-100-r01,2026-09-01T15:47:14.060520549Z,29591.085762,51638856,1222729728,1213968384
calibration-20260902-f,S1-100-r01,2026-09-01T15:47:14.069765939Z,29600.331175,51658463,1233510400,1224974336
calibration-20260902-f,S1-100-r01,2026-09-01T15:47:14.080020605Z,29610.585818,51710005,1233510400,1225236480
calibration-20260902-f,S1-100-r01,2026-09-01T15:47:14.090165205Z,29620.730418,51736946,1233510400,1225236480
calibration-20260902-f,S1-100-r01,2026-09-01T15:47:14.162782707Z,29693.347919,51737387,1233510400,1225232384
calibration-20260902-f,S1-100-r01,2026-09-01T15:47:14.170025427Z,29700.590639,51754691,1233510400,1225232384
calibration-20260902-f,S1-100-r01,2026-09-01T15:47:14.180194749Z,29710.759962,51808446,1233510400,1225232384
calibration-20260902-f,S1-100-r01,2026-09-01T15:47:14.190422605Z,29720.987818,51835443,1233510400,1225232384
calibration-20260902-f,S1-100-r01,2026-09-01T15:47:14.199602353Z,29730.167565,51840131,1233510400,1225232384
calibration-20260902-f,S1-100-r01,2026-09-01T15:47:14.209797546Z,29740.362758,51840300,1233510400,1225232384
calibration-20260902-f,S1-100-r01,2026-09-01T15:47:14.219960018Z,29750.525231,51840456,1233510400,1225232384
calibration-20260902-f,S1-100-r01,2026-09-01T15:47:14.230101642Z,29760.666855,51840619,1233510400,1225232384
calibration-20260902-f,S1-100-r01,2026-09-01T15:47:14.240252693Z,29770.817905,51840836,1233510400,1225232384
calibration-20260902-f,S1-100-r01,2026-09-01T15:47:14.262779278Z,29793.344491,51841216,1233510400,1225494528
calibration-20260902-f,S1-100-r01,2026-09-01T15:47:14.26993999Z,29800.505196,51862454,1191362560,1183322112
calibration-20260902-f,S1-100-r01,2026-09-01T15:47:14.279858497Z,29810.423709,51913271,1208107008,1200029696
calibration-20260902-f,S1-100-r01,2026-09-01T15:47:14.290076111Z,29820.641323,51940549,1219805184,1211564032
calibration-20260902-f,S1-100-r01,2026-09-01T15:47:14.300321121Z,29830.886333,51940787,1219805184,1211219968
calibration-20260902-f,S1-100-r01,2026-09-01T15:47:14.310491755Z,29841.056967,51940993,1219805184,1211219968
calibration-20260902-f,S1-100-r01,2026-09-01T15:47:14.319728456Z,29850.293669,51941190,1219805184,1211219968
calibration-20260902-f,S1-100-r01,2026-09-01T15:47:14.329929736Z,29860.494948,51941418,1219805184,1211219968
calibration-20260902-f,S1-100-r01,2026-09-01T15:47:14.340119399Z,29870.684612,51941634,1219805184,1210974208
calibration-20260902-f,S1-100-r01,2026-09-01T15:47:14.350273902Z,29880.839109,51941786,1220034560,1210974208
calibration-20260902-f,S1-100-r01,2026-09-01T15:47:14.360429647Z,29890.994860,51941857,1220034560,1210974208
calibration-20260902-f,S1-100-r01,2026-09-01T15:47:14.370101462Z,29900.666681,51959437,1229897728,1220935680
calibration-20260902-f,S1-100-r01,2026-09-01T15:47:14.380502412Z,29911.067624,52013514,1234026496,1225129984
calibration-20260902-f,S1-100-r01,2026-09-01T15:47:14.389763749Z,29920.328961,52035968,1234026496,1225129984
calibration-20260902-f,S1-100-r01,2026-09-01T15:47:14.39988558Z,29930.450793,52040576,1234026496,1225129984
calibration-20260902-f,S1-100-r01,2026-09-01T15:47:14.410077065Z,29940.642272,52040867,1234026496,1225129984
calibration-20260902-f,S1-100-r01,2026-09-01T15:47:14.420260607Z,29950.825819,52040983,1234026496,1225129984
calibration-20260902-f,S1-100-r01,2026-09-01T15:47:14.430398853Z,29960.964060,52041062,1234026496,1225129984
calibration-20260902-f,S1-100-r01,2026-09-01T15:47:14.440563398Z,29971.128605,52041146,1234026496,1225129984
calibration-20260902-f,S1-100-r01,2026-09-01T15:47:14.449704312Z,29980.269523,52041221,1234026496,1225129984
calibration-20260902-f,S1-100-r01,2026-09-01T15:47:14.459848759Z,29990.413972,52041296,1234026496,1225129984
calibration-20260902-f,S1-100-r01,2026-09-01T15:47:14.470059425Z,30000.624637,52058549,1234026496,1225129984
calibration-20260902-f,S1-100-r01,2026-09-01T15:47:14.479741168Z,30010.306376,52112437,1186029568,1177161728
calibration-20260902-f,S1-100-r01,2026-09-01T15:47:14.490479692Z,30021.044904,52140021,1186029568,1177354240
calibration-20260902-f,S1-100-r01,2026-09-01T15:47:14.499812063Z,30030.377276,52140281,1186029568,1177354240
calibration-20260902-f,S1-100-r01,2026-09-01T15:47:14.509954728Z,30040.519941,52140444,1186029568,1177354240
calibration-20260902-f,S1-100-r01,2026-09-01T15:47:14.52007718Z,30050.642392,52140700,1186029568,1177255936
calibration-20260902-f,S1-100-r01,2026-09-01T15:47:14.530216083Z,30060.781290,52140779,1186029568,1177255936
calibration-20260902-f,S1-100-r01,2026-09-01T15:47:14.54038167Z,30070.946882,52140856,1186029568,1177255936
calibration-20260902-f,S1-100-r01,2026-09-01T15:47:14.550582132Z,30081.147339,52140957,1186029568,1177255936
calibration-20260902-f,S1-100-r01,2026-09-01T15:47:14.559745453Z,30090.310661,52141066,1186029568,1177513984
calibration-20260902-f,S1-100-r01,2026-09-01T15:47:14.569917901Z,30100.483113,52158261,1186029568,1177513984
calibration-20260902-f,S1-100-r01,2026-09-01T15:47:14.580181108Z,30110.746320,52211830,1186029568,1177513984
calibration-20260902-f,S1-100-r01,2026-09-01T15:47:14.590373798Z,30120.939011,52234289,1186029568,1177513984
calibration-20260902-f,S1-100-r01,2026-09-01T15:47:14.600596112Z,30131.161325,52238918,1186029568,1177513984
calibration-20260902-f,S1-100-r01,2026-09-01T15:47:14.609780862Z,30140.346074,52239052,1186029568,1177513984
calibration-20260902-f,S1-100-r01,2026-09-01T15:47:14.619974203Z,30150.539416,52239244,1186029568,1177513984
calibration-20260902-f,S1-100-r01,2026-09-01T15:47:14.630243847Z,30160.809059,52239555,1186029568,1177513984
calibration-20260902-f,S1-100-r01,2026-09-01T15:47:14.640467817Z,30171.033030,52239809,1186029568,1177513984
calibration-20260902-f,S1-100-r01,2026-09-01T15:47:14.65063227Z,30181.197482,52240006,1186029568,1177513984
calibration-20260902-f,S1-100-r01,2026-09-01T15:47:14.662753464Z,30193.318676,52240204,1186029568,1177513984
calibration-20260902-f,S1-100-r01,2026-09-01T15:47:14.669895788Z,30200.461001,52257429,1186029568,1177513984
calibration-20260902-f,S1-100-r01,2026-09-01T15:47:14.680071218Z,30210.636431,52311529,1201856512,1192955904
calibration-20260902-f,S1-100-r01,2026-09-01T15:47:14.69032385Z,30220.889062,52334131,1206444032,1197412352
calibration-20260902-f,S1-100-r01,2026-09-01T15:47:14.700486044Z,30231.051257,52338773,1206444032,1197412352
calibration-20260902-f,S1-100-r01,2026-09-01T15:47:14.709690365Z,30240.255577,52338969,1206673408,1197412352
calibration-20260902-f,S1-100-r01,2026-09-01T15:47:14.719903575Z,30250.468788,52339169,1206673408,1197412352
calibration-20260902-f,S1-100-r01,2026-09-01T15:47:14.7300796Z,30260.644812,52339342,1206673408,1197412352
calibration-20260902-f,S1-100-r01,2026-09-01T15:47:14.740288245Z,30270.853458,52339480,1206673408,1197412352
calibration-20260902-f,S1-100-r01,2026-09-01T15:47:14.762797834Z,30293.363046,52339591,1206902784,1197674496
calibration-20260902-f,S1-100-r01,2026-09-01T15:47:14.770006986Z,30300.572198,52357409,1220206592,1211043840
calibration-20260902-f,S1-100-r01,2026-09-01T15:47:14.780095539Z,30310.660751,52412643,1186734080,1177915392
calibration-20260902-f,S1-100-r01,2026-09-01T15:47:14.790284364Z,30320.849577,52439546,1186734080,1177915392
calibration-20260902-f,S1-100-r01,2026-09-01T15:47:14.800483867Z,30331.049080,52439853,1186734080,1177817088
calibration-20260902-f,S1-100-r01,2026-09-01T15:47:14.809646265Z,30340.211478,52440002,1186734080,1177817088
calibration-20260902-f,S1-100-r01,2026-09-01T15:47:14.819796578Z,30350.361793,52440161,1186734080,1177817088
calibration-20260902-f,S1-100-r01,2026-09-01T15:47:14.829994554Z,30360.559767,52440392,1186734080,1177817088
calibration-20260902-f,S1-100-r01,2026-09-01T15:47:14.840162777Z,30370.727990,52440604,1186734080,1177817088
calibration-20260902-f,S1-100-r01,2026-09-01T15:47:14.85040571Z,30380.970922,52440850,1186734080,1177817088
calibration-20260902-f,S1-100-r01,2026-09-01T15:47:14.862761838Z,30393.327051,52441177,1186734080,1177817088
calibration-20260902-f,S1-100-r01,2026-09-01T15:47:14.869921323Z,30400.486530,52462216,1186963456,1177780224
calibration-20260902-f,S1-100-r01,2026-09-01T15:47:14.880078271Z,30410.643483,52512424,1186963456,1177780224
calibration-20260902-f,S1-100-r01,2026-09-01T15:47:14.890365221Z,30420.930434,52539350,1186963456,1177780224
calibration-20260902-f,S1-100-r01,2026-09-01T15:47:14.900582268Z,30431.147480,52539621,1186963456,1177780224
calibration-20260902-f,S1-100-r01,2026-09-01T15:47:14.909760024Z,30440.325236,52539853,1186963456,1177780224
calibration-20260902-f,S1-100-r01,2026-09-01T15:47:14.919914106Z,30450.479319,52540033,1186963456,1177780224
calibration-20260902-f,S1-100-r01,2026-09-01T15:47:14.930103881Z,30460.669093,52540222,1186963456,1177780224
calibration-20260902-f,S1-100-r01,2026-09-01T15:47:14.940276018Z,30470.841230,52540427,1187192832,1177780224
calibration-20260902-f,S1-100-r01,2026-09-01T15:47:14.950425296Z,30480.990509,52540634,1187422208,1177780224
calibration-20260902-f,S1-100-r01,2026-09-01T15:47:14.960543915Z,30491.109126,52540860,1187422208,1177780224
calibration-20260902-f,S1-100-r01,2026-09-01T15:47:14.969719686Z,30500.284897,52561728,1139380224,1129529344
calibration-20260902-f,S1-100-r01,2026-09-01T15:47:14.979771898Z,30510.337110,52613024,1154748416,1145425920
calibration-20260902-f,S1-100-r01,2026-09-01T15:47:14.9899831Z,30520.548312,52635542,1159565312,1150144512
calibration-20260902-f,S1-100-r01,2026-09-01T15:47:15.000074738Z,30530.639958,52640148,1159565312,1150046208
calibration-20260902-f,S1-100-r01,2026-09-01T15:47:15.010263121Z,30540.828333,52640325,1159565312,1150046208
calibration-20260902-f,S1-100-r01,2026-09-01T15:47:15.020484362Z,30551.049575,52640542,1159565312,1150046208
calibration-20260902-f,S1-100-r01,2026-09-01T15:47:15.030643293Z,30561.208506,52640707,1159565312,1150046208
calibration-20260902-f,S1-100-r01,2026-09-01T15:47:15.039792265Z,30570.357478,52640844,1159565312,1150046208
calibration-20260902-f,S1-100-r01,2026-09-01T15:47:15.049985392Z,30580.550605,52641060,1159565312,1150046208
calibration-20260902-f,S1-100-r01,2026-09-01T15:47:15.060104477Z,30590.669689,52641234,1159565312,1150046208
calibration-20260902-f,S1-100-r01,2026-09-01T15:47:15.070311099Z,30600.876312,52658809,1172869120,1163415552
calibration-20260902-f,S1-100-r01,2026-09-01T15:47:15.080576236Z,30611.141442,52712791,1187549184,1178095616
calibration-20260902-f,S1-100-r01,2026-09-01T15:47:15.089789336Z,30620.354544,52739792,1187549184,1178095616
calibration-20260902-f,S1-100-r01,2026-09-01T15:47:15.099999507Z,30630.564720,52739990,1187549184,1177952256
calibration-20260902-f,S1-100-r01,2026-09-01T15:47:15.110202893Z,30640.768105,52740161,1187549184,1177952256
calibration-20260902-f,S1-100-r01,2026-09-01T15:47:15.12039174Z,30650.956948,52740459,1187549184,1178210304
calibration-20260902-f,S1-100-r01,2026-09-01T15:47:15.130544176Z,30661.109383,52740575,1187549184,1178206208
calibration-20260902-f,S1-100-r01,2026-09-01T15:47:15.139748018Z,30670.313231,52740673,1187549184,1178206208
calibration-20260902-f,S1-100-r01,2026-09-01T15:47:15.14988717Z,30680.452383,52740752,1187549184,1178206208
calibration-20260902-f,S1-100-r01,2026-09-01T15:47:15.160006887Z,30690.572094,52740828,1187549184,1178206208
calibration-20260902-f,S1-100-r01,2026-09-01T15:47:15.170207571Z,30700.772783,52758098,1187778560,1178206208
calibration-20260902-f,S1-100-r01,2026-09-01T15:47:15.180437185Z,30711.002399,52812090,1200623616,1191256064
calibration-20260902-f,S1-100-r01,2026-09-01T15:47:15.189618845Z,30720.184057,52834790,1217826816,1208557568
calibration-20260902-f,S1-100-r01,2026-09-01T15:47:15.199843705Z,30730.408918,52839491,1219432448,1210392576
calibration-20260902-f,S1-100-r01,2026-09-01T15:47:15.262812599Z,30793.377811,52839697,1219661824,1210654720
calibration-20260902-f,S1-100-r01,2026-09-01T15:47:15.270007636Z,30800.572849,52857213,1232965632,1223761920
calibration-20260902-f,S1-100-r01,2026-09-01T15:47:15.280228238Z,30810.793451,52910959,1236176896,1226907648
calibration-20260902-f,S1-100-r01,2026-09-01T15:47:15.290438471Z,30821.003683,52933420,1236176896,1226907648
calibration-20260902-f,S1-100-r01,2026-09-01T15:47:15.300625084Z,30831.190297,52938087,1236176896,1226907648
calibration-20260902-f,S1-100-r01,2026-09-01T15:47:15.309830556Z,30840.395768,52938258,1236176896,1226907648
calibration-20260902-f,S1-100-r01,2026-09-01T15:47:15.319944493Z,30850.509705,52938440,1236176896,1226907648
calibration-20260902-f,S1-100-r01,2026-09-01T15:47:15.330048201Z,30860.613414,52938540,1236176896,1226907648
calibration-20260902-f,S1-100-r01,2026-09-01T15:47:15.340202997Z,30870.768210,52938733,1236176896,1226907648
calibration-20260902-f,S1-100-r01,2026-09-01T15:47:15.350405716Z,30880.970929,52939020,1236176896,1226907648
calibration-20260902-f,S1-100-r01,2026-09-01T15:47:15.360561791Z,30891.127005,52939218,1236176896,1226907648
calibration-20260902-f,S1-100-r01,2026-09-01T15:47:15.369909192Z,30900.474406,52956633,1236176896,1226907648
calibration-20260902-f,S1-100-r01,2026-09-01T15:47:15.380090075Z,30910.655284,53011671,1236176896,1227169792
calibration-20260902-f,S1-100-r01,2026-09-01T15:47:15.390283104Z,30920.848317,53033100,1236176896,1227169792
calibration-20260902-f,S1-100-r01,2026-09-01T15:47:15.400515481Z,30931.080695,53037774,1236176896,1226915840
calibration-20260902-f,S1-100-r01,2026-09-01T15:47:15.463359095Z,30993.924307,53038721,1236176896,1226768384
calibration-20260902-f,S1-100-r01,2026-09-01T15:47:15.470583239Z,31001.148474,53073530,1240305664,1231224832
calibration-20260902-f,S1-100-r01,2026-09-01T15:47:15.480037335Z,31010.602554,53107932,1204531200,1195732992
calibration-20260902-f,S1-100-r01,2026-09-01T15:47:15.490311234Z,31020.876447,53130636,1208889344,1200189440
calibration-20260902-f,S1-100-r01,2026-09-01T15:47:15.500490365Z,31031.055577,53135254,1209118720,1200148480
calibration-20260902-f,S1-100-r01,2026-09-01T15:47:15.509619416Z,31040.184628,53135397,1209118720,1200148480
calibration-20260902-f,S1-100-r01,2026-09-01T15:47:15.519830342Z,31050.395555,53135565,1209118720,1200148480
calibration-20260902-f,S1-100-r01,2026-09-01T15:47:15.53005069Z,31060.615903,53135719,1209118720,1200148480
calibration-20260902-f,S1-100-r01,2026-09-01T15:47:15.54020215Z,31070.767362,53135840,1209118720,1200148480
calibration-20260902-f,S1-100-r01,2026-09-01T15:47:15.550358235Z,31080.923443,53135946,1209118720,1200148480
calibration-20260902-f,S1-100-r01,2026-09-01T15:47:15.562753379Z,31093.318592,53136078,1209118720,1200148480
calibration-20260902-f,S1-100-r01,2026-09-01T15:47:15.569876106Z,31100.441319,53149234,1220816896,1211944960
calibration-20260902-f,S1-100-r01,2026-09-01T15:47:15.580113752Z,31110.678958,53191112,1236643840,1227673600
calibration-20260902-f,S1-100-r01,2026-09-01T15:47:15.590355473Z,31120.920685,53216765,1236873216,1227649024
calibration-20260902-f,S1-100-r01,2026-09-01T15:47:15.600635856Z,31131.201068,53234968,1236873216,1227456512
calibration-20260902-f,S1-100-r01,2026-09-01T15:47:15.609854255Z,31140.419468,53235166,1236873216,1227718656
calibration-20260902-f,S1-100-r01,2026-09-01T15:47:15.619967532Z,31150.532744,53235314,1236873216,1227718656
calibration-20260902-f,S1-100-r01,2026-09-01T15:47:15.630143251Z,31160.708464,53235481,1236873216,1227718656
calibration-20260902-f,S1-100-r01,2026-09-01T15:47:15.640295523Z,31170.860735,53235664,1236873216,1227718656
calibration-20260902-f,S1-100-r01,2026-09-01T15:47:15.650423132Z,31180.988344,53235833,1236873216,1227718656
calibration-20260902-f,S1-100-r01,2026-09-01T15:47:15.660579093Z,31191.144306,53236038,1236873216,1227718656
calibration-20260902-f,S1-100-r01,2026-09-01T15:47:15.669676338Z,31200.241546,53251704,1236873216,1227718656
calibration-20260902-f,S1-100-r01,2026-09-01T15:47:15.679836018Z,31210.401230,53289589,1236873216,1227718656
calibration-20260902-f,S1-100-r01,2026-09-01T15:47:15.690009971Z,31220.575184,53316580,1236873216,1227718656
calibration-20260902-f,S1-100-r01,2026-09-01T15:47:15.700234552Z,31230.799759,53332609,1189130240,1179549696
calibration-20260902-f,S1-100-r01,2026-09-01T15:47:15.71039729Z,31240.962503,53332760,1189130240,1179549696
calibration-20260902-f,S1-100-r01,2026-09-01T15:47:15.762772835Z,31293.338048,53333215,1189130240,1179697152
calibration-20260902-f,S1-100-r01,2026-09-01T15:47:15.770203927Z,31300.769134,53342991,1189359616,1180147712
calibration-20260902-f,S1-100-r01,2026-09-01T15:47:15.780396529Z,31310.961742,53369902,1189359616,1180147712
calibration-20260902-f,S1-100-r01,2026-09-01T15:47:15.789684094Z,31320.249307,53390324,1141616640,1132085248
calibration-20260902-f,S1-100-r01,2026-09-01T15:47:15.799826839Z,31330.392051,53403890,1141616640,1132085248
calibration-20260902-f,S1-100-r01,2026-09-01T15:47:15.810070322Z,31340.635562,53413063,1141616640,1131851776
calibration-20260902-f,S1-100-r01,2026-09-01T15:47:15.820329434Z,31350.894646,53426702,1141616640,1131753472
calibration-20260902-f,S1-100-r01,2026-09-01T15:47:15.830585562Z,31361.150775,53427002,1141616640,1132015616
calibration-20260902-f,S1-100-r01,2026-09-01T15:47:15.839812849Z,31370.378060,53427228,1141616640,1132015616
calibration-20260902-f,S1-100-r01,2026-09-01T15:47:15.850063203Z,31380.628415,53427478,1141616640,1132015616
calibration-20260902-f,S1-100-r01,2026-09-01T15:47:15.860215756Z,31390.780968,53427660,1141616640,1132015616
calibration-20260902-f,S1-100-r01,2026-09-01T15:47:15.870382774Z,31400.947987,53432246,1141616640,1132015616
calibration-20260902-f,S1-100-r01,2026-09-01T15:47:15.88054641Z,31411.111624,53445742,1141616640,1132273664
calibration-20260902-f,S1-100-r01,2026-09-01T15:47:15.889721309Z,31420.286517,53455178,1141616640,1132273664
calibration-20260902-f,S1-100-r01,2026-09-01T15:47:15.899900639Z,31430.465852,53468681,1141616640,1132273664
calibration-20260902-f,S1-100-r01,2026-09-01T15:47:15.910073795Z,31440.639007,53481153,1093525504,1084067840
calibration-20260902-f,S1-100-r01,2026-09-01T15:47:15.911570449Z,31442.135661,53481597,1093754880,1083928576
calibration-20260902-f,S0-r02,2026-09-01T15:47:16.270225167Z,0.044073,53741670,59875328,45416448
calibration-20260902-f,S0-r02,2026-09-01T15:47:16.280565723Z,10.384614,53751994,92905472,78708736
calibration-20260902-f,S0-r02,2026-09-01T15:47:16.290760275Z,20.579170,53765508,114925568,100626432
calibration-20260902-f,S0-r02,2026-09-01T15:47:16.300959023Z,30.777919,53774600,114925568,100626432
calibration-20260902-f,S0-r02,2026-09-01T15:47:16.31106318Z,40.882076,53788207,114925568,100556800
calibration-20260902-f,S0-r02,2026-09-01T15:47:16.321303575Z,51.122470,53797360,114925568,100556800
calibration-20260902-f,S0-r02,2026-09-01T15:47:16.330517891Z,60.336787,53810962,114925568,100556800
calibration-20260902-f,S0-r02,2026-09-01T15:47:16.34079313Z,70.612026,53820232,114925568,100622336
calibration-20260902-f,S0-r02,2026-09-01T15:47:16.350997189Z,80.816085,53833800,114925568,100573184
calibration-20260902-f,S0-r02,2026-09-01T15:47:16.361115672Z,90.934567,53833998,114925568,100573184
calibration-20260902-f,S0-r02,2026-09-01T15:47:16.371239929Z,101.058826,53842935,114925568,100573184
calibration-20260902-f,S0-r02,2026-09-01T15:47:16.38031915Z,110.138046,53851953,114925568,100573184
calibration-20260902-f,S0-r02,2026-09-01T15:47:16.390491081Z,120.309977,53861166,126623744,112369664
calibration-20260902-f,S0-r02,2026-09-01T15:47:16.400696478Z,130.515374,53875007,145891328,131768320
calibration-20260902-f,S0-r02,2026-09-01T15:47:16.410820266Z,140.639161,53889072,164929536,150413312
calibration-20260902-f,S0-r02,2026-09-01T15:47:16.420948239Z,150.767134,53898030,173875200,159584256
calibration-20260902-f,S0-r02,2026-09-01T15:47:16.43110129Z,160.920186,53911590,173875200,159584256
calibration-20260902-f,S0-r02,2026-09-01T15:47:16.441310677Z,171.129573,53920747,174333952,160108544
calibration-20260902-f,S0-r02,2026-09-01T15:47:16.450544229Z,180.363125,53934406,174333952,160108544
calibration-20260902-f,S0-r02,2026-09-01T15:47:16.46080221Z,190.621105,53934571,174333952,160108544
calibration-20260902-f,S0-r02,2026-09-01T15:47:16.471028168Z,200.847063,53943601,174333952,160108544
calibration-20260902-f,S0-r02,2026-09-01T15:47:16.481231256Z,211.050152,53952760,174792704,160370688
calibration-20260902-f,S0-r02,2026-09-01T15:47:16.49048597Z,220.304866,53961917,174792704,160370688
calibration-20260902-f,S0-r02,2026-09-01T15:47:16.50070933Z,230.528225,53975498,175022080,160894976
calibration-20260902-f,S0-r02,2026-09-01T15:47:16.510861069Z,240.679965,53989007,175022080,160931840
calibration-20260902-f,S0-r02,2026-09-01T15:47:16.52105704Z,250.875936,53998094,175022080,160931840
calibration-20260902-f,S0-r02,2026-09-01T15:47:16.531249178Z,261.068073,54011697,175480832,161193984
calibration-20260902-f,S0-r02,2026-09-01T15:47:16.540466807Z,270.285702,54020787,175480832,161193984
calibration-20260902-f,S0-r02,2026-09-01T15:47:16.550674569Z,280.493460,54034790,176857088,163028992
calibration-20260902-f,S0-r02,2026-09-01T15:47:16.560870352Z,290.689248,54034954,176857088,163028992
calibration-20260902-f,S0-r02,2026-09-01T15:47:16.571085387Z,300.904283,54043882,176857088,163028992
calibration-20260902-f,S0-r02,2026-09-01T15:47:16.581270961Z,311.089851,54055544,128790528,114769920
calibration-20260902-f,S0-r02,2026-09-01T15:47:16.583591114Z,313.410008,54055999,128790528,114769920
calibration-20260902-f,S1-10-r02,2026-09-01T15:47:16.889862531Z,0.022382,54286975,59084800,45948928
calibration-20260902-f,S1-10-r02,2026-09-01T15:47:16.907663399Z,17.823244,54340073,210014208,197365760
calibration-20260902-f,S1-10-r02,2026-09-01T15:47:16.910475782Z,20.635635,54348849,234786816,223256576
calibration-20260902-f,S1-10-r02,2026-09-01T15:47:16.9207913Z,30.951152,54374797,253825024,242294784
calibration-20260902-f,S1-10-r02,2026-09-01T15:47:16.962939224Z,73.099076,54375220,254283776,243081216
calibration-20260902-f,S1-10-r02,2026-09-01T15:47:16.970087761Z,80.247612,54396429,288002048,276738048
calibration-20260902-f,S1-10-r02,2026-09-01T15:47:16.980213506Z,90.373357,54449948,294424576,283029504
calibration-20260902-f,S1-10-r02,2026-09-01T15:47:16.990420468Z,100.580320,54467922,294424576,283029504
calibration-20260902-f,S1-10-r02,2026-09-01T15:47:17.000630025Z,110.789883,54468111,294424576,283029504
calibration-20260902-f,S1-10-r02,2026-09-01T15:47:17.010809991Z,120.969843,54468345,294424576,282968064
calibration-20260902-f,S1-10-r02,2026-09-01T15:47:17.019952084Z,130.111936,54468486,294424576,283230208
calibration-20260902-f,S1-10-r02,2026-09-01T15:47:17.030086911Z,140.246764,54468626,294653952,283230208
calibration-20260902-f,S1-10-r02,2026-09-01T15:47:17.040286534Z,150.446385,54468802,294653952,283230208
calibration-20260902-f,S1-10-r02,2026-09-01T15:47:17.050431185Z,160.591037,54468969,294653952,283230208
calibration-20260902-f,S1-10-r02,2026-09-01T15:47:17.060625084Z,170.784935,54469192,294653952,283230208
calibration-20260902-f,S1-10-r02,2026-09-01T15:47:17.070844323Z,181.004175,54504244,294653952,283230208
calibration-20260902-f,S1-10-r02,2026-09-01T15:47:17.079987562Z,190.147413,54540018,294653952,283230208
calibration-20260902-f,S1-10-r02,2026-09-01T15:47:17.09022652Z,200.386371,54567004,294653952,283131904
calibration-20260902-f,S1-10-r02,2026-09-01T15:47:17.162783352Z,272.943202,54571841,294653952,282857472
calibration-20260902-f,S1-10-r02,2026-09-01T15:47:17.170984871Z,281.144722,54606904,294653952,283119616
calibration-20260902-f,S1-10-r02,2026-09-01T15:47:17.180229554Z,290.389406,54642635,294653952,283119616
calibration-20260902-f,S1-10-r02,2026-09-01T15:47:17.190415335Z,300.575186,54665008,294653952,283119616
calibration-20260902-f,S1-10-r02,2026-09-01T15:47:17.200535209Z,310.695060,54669623,294653952,283119616
calibration-20260902-f,S1-10-r02,2026-09-01T15:47:17.210686527Z,320.846378,54669824,294653952,283140096
calibration-20260902-f,S1-10-r02,2026-09-01T15:47:17.220870965Z,331.030817,54669952,294653952,283140096
calibration-20260902-f,S1-10-r02,2026-09-01T15:47:17.230135369Z,340.295223,54670093,294653952,283140096
calibration-20260902-f,S1-10-r02,2026-09-01T15:47:17.240437478Z,350.597330,54670397,294653952,283140096
calibration-20260902-f,S1-10-r02,2026-09-01T15:47:17.250651626Z,360.811477,54670672,294653952,283140096
calibration-20260902-f,S1-10-r02,2026-09-01T15:47:17.260956934Z,371.116789,54670927,294653952,283123712
calibration-20260902-f,S1-10-r02,2026-09-01T15:47:17.270368136Z,380.528007,54688409,294653952,283123712
calibration-20260902-f,S1-10-r02,2026-09-01T15:47:17.280695655Z,390.855528,54742991,298094592,286793728
calibration-20260902-f,S1-10-r02,2026-09-01T15:47:17.289980797Z,400.140647,54765211,309792768,298536960
calibration-20260902-f,S1-10-r02,2026-09-01T15:47:17.300185365Z,410.345217,54769780,310939648,299585536
calibration-20260902-f,S1-10-r02,2026-09-01T15:47:17.310418389Z,420.578240,54769971,310939648,299642880
calibration-20260902-f,S1-10-r02,2026-09-01T15:47:17.320623327Z,430.783179,54770122,310939648,299642880
calibration-20260902-f,S1-10-r02,2026-09-01T15:47:17.330804892Z,440.964743,54770258,310939648,299642880
calibration-20260902-f,S1-10-r02,2026-09-01T15:47:17.339971913Z,450.131766,54770438,310939648,299642880
calibration-20260902-f,S1-10-r02,2026-09-01T15:47:17.350163452Z,460.323303,54770598,311169024,299483136
calibration-20260902-f,S1-10-r02,2026-09-01T15:47:17.360372335Z,470.532186,54770728,311169024,299483136
calibration-20260902-f,S1-10-r02,2026-09-01T15:47:17.370591184Z,480.751035,54806477,351309824,339853312
calibration-20260902-f,S1-10-r02,2026-09-01T15:47:17.380848413Z,491.008264,54843739,427921408,416137216
calibration-20260902-f,S1-10-r02,2026-09-01T15:47:17.390068536Z,500.228388,54866410,447188992,435535872
calibration-20260902-f,S1-10-r02,2026-09-01T15:47:17.400258212Z,510.418063,54866551,447188992,435535872
calibration-20260902-f,S1-10-r02,2026-09-01T15:47:17.41039762Z,520.557471,54866677,447188992,435302400
calibration-20260902-f,S1-10-r02,2026-09-01T15:47:17.42060431Z,530.764163,54866828,447188992,435564544
calibration-20260902-f,S1-10-r02,2026-09-01T15:47:17.430716716Z,540.876567,54866946,447188992,435564544
calibration-20260902-f,S1-10-r02,2026-09-01T15:47:17.440852579Z,551.012430,54867057,447188992,435564544
calibration-20260902-f,S1-10-r02,2026-09-01T15:47:17.449962375Z,560.122226,54867171,447188992,435564544
calibration-20260902-f,S1-10-r02,2026-09-01T15:47:17.460064863Z,570.224715,54867299,447188992,435564544
calibration-20260902-f,S1-10-r02,2026-09-01T15:47:17.470284615Z,580.444466,54892707,499716096,488255488
calibration-20260902-f,S1-10-r02,2026-09-01T15:47:17.48047318Z,590.633031,54940600,536416256,525221888
calibration-20260902-f,S1-10-r02,2026-09-01T15:47:17.49067343Z,600.833281,54972155,547196928,535969792
calibration-20260902-f,S1-10-r02,2026-09-01T15:47:17.500812087Z,610.971938,54972394,547426304,535969792
calibration-20260902-f,S1-10-r02,2026-09-01T15:47:17.509935483Z,620.095329,54972666,547426304,535777280
calibration-20260902-f,S1-10-r02,2026-09-01T15:47:17.520086085Z,630.245931,54972764,547426304,535777280
calibration-20260902-f,S1-10-r02,2026-09-01T15:47:17.562820777Z,672.980629,54972950,547426304,536039424
calibration-20260902-f,S1-10-r02,2026-09-01T15:47:17.569949833Z,680.109685,54990167,548802560,537088000
calibration-20260902-f,S1-10-r02,2026-09-01T15:47:17.580165946Z,690.325797,55043805,549490688,538136576
calibration-20260902-f,S1-10-r02,2026-09-01T15:47:17.590395038Z,700.554889,55061822,549720064,538398720
calibration-20260902-f,S1-10-r02,2026-09-01T15:47:17.600582931Z,710.742783,55071612,549720064,538398720
calibration-20260902-f,S1-10-r02,2026-09-01T15:47:17.610799492Z,720.959344,55071804,549720064,538165248
calibration-20260902-f,S1-10-r02,2026-09-01T15:47:17.619977739Z,730.137591,55071976,549720064,538427392
calibration-20260902-f,S1-10-r02,2026-09-01T15:47:17.630160969Z,740.320820,55072138,549720064,538427392
calibration-20260902-f,S1-10-r02,2026-09-01T15:47:17.640356763Z,750.516614,55072263,549720064,538427392
calibration-20260902-f,S1-10-r02,2026-09-01T15:47:17.650526664Z,760.686515,55072448,549720064,538427392
calibration-20260902-f,S1-10-r02,2026-09-01T15:47:17.660668722Z,770.828573,55072529,549720064,538427392
calibration-20260902-f,S1-10-r02,2026-09-01T15:47:17.670805733Z,780.965584,55107630,550178816,538689536
calibration-20260902-f,S1-10-r02,2026-09-01T15:47:17.679953199Z,790.113050,55143439,550178816,538689536
calibration-20260902-f,S1-10-r02,2026-09-01T15:47:17.762843177Z,873.003053,55166099,551096320,538996736
calibration-20260902-f,S1-10-r02,2026-09-01T15:47:17.770187825Z,880.347677,55183522,551784448,540307456
calibration-20260902-f,S1-10-r02,2026-09-01T15:47:17.780448337Z,890.608188,55237262,551784448,540307456
calibration-20260902-f,S1-10-r02,2026-09-01T15:47:17.790692652Z,900.852504,55268713,552243200,540569600
calibration-20260902-f,S1-10-r02,2026-09-01T15:47:17.800884713Z,911.044565,55268918,552243200,540569600
calibration-20260902-f,S1-10-r02,2026-09-01T15:47:17.810094034Z,920.253885,55269073,552243200,540610560
calibration-20260902-f,S1-10-r02,2026-09-01T15:47:17.82023919Z,930.399041,55269201,552243200,540610560
calibration-20260902-f,S1-10-r02,2026-09-01T15:47:17.830440556Z,940.600411,55269347,552243200,540610560
calibration-20260902-f,S1-10-r02,2026-09-01T15:47:17.840853297Z,951.013178,55269730,552243200,540610560
calibration-20260902-f,S1-10-r02,2026-09-01T15:47:17.850068832Z,960.228683,55270100,552243200,540520448
calibration-20260902-f,S1-10-r02,2026-09-01T15:47:17.860247964Z,970.407816,55270294,552243200,540520448
calibration-20260902-f,S1-10-r02,2026-09-01T15:47:17.870864166Z,981.024018,55305367,552472576,540864512
calibration-20260902-f,S1-10-r02,2026-09-01T15:47:17.880066676Z,990.226528,55341219,553390080,541388800
calibration-20260902-f,S1-10-r02,2026-09-01T15:47:17.890295715Z,1000.455566,55363698,553390080,541388800
calibration-20260902-f,S1-10-r02,2026-09-01T15:47:17.90052418Z,1010.684032,55368319,553390080,541388800
calibration-20260902-f,S1-10-r02,2026-09-01T15:47:17.910710694Z,1020.870546,55368468,553390080,541184000
calibration-20260902-f,S1-10-r02,2026-09-01T15:47:17.920911113Z,1031.070964,55368621,553390080,541446144
calibration-20260902-f,S1-10-r02,2026-09-01T15:47:17.930106808Z,1040.266659,55368768,553390080,541704192
calibration-20260902-f,S1-10-r02,2026-09-01T15:47:17.940273062Z,1050.432913,55368916,553390080,541704192
calibration-20260902-f,S1-10-r02,2026-09-01T15:47:17.950404959Z,1060.564811,55369022,553390080,541704192
calibration-20260902-f,S1-10-r02,2026-09-01T15:47:17.960516934Z,1070.676785,55369136,553390080,541704192
calibration-20260902-f,S1-10-r02,2026-09-01T15:47:17.970775019Z,1080.934898,55404430,554078208,542752768
calibration-20260902-f,S1-10-r02,2026-09-01T15:47:17.980114033Z,1090.273884,55440497,554995712,543539200
calibration-20260902-f,S1-10-r02,2026-09-01T15:47:17.990277637Z,1100.437489,55463892,555225088,543801344
calibration-20260902-f,S1-10-r02,2026-09-01T15:47:18.062776096Z,1172.935949,55464549,555225088,543842304
calibration-20260902-f,S1-10-r02,2026-09-01T15:47:18.070241103Z,1180.400949,55485870,556601344,545415168
calibration-20260902-f,S1-10-r02,2026-09-01T15:47:18.08050967Z,1190.669524,55536438,559353856,548560896
calibration-20260902-f,S1-10-r02,2026-09-01T15:47:18.090778737Z,1200.938589,55568193,560959488,550133760
calibration-20260902-f,S1-10-r02,2026-09-01T15:47:18.162838586Z,1272.998437,55568654,560959488,550150144
calibration-20260902-f,S1-10-r02,2026-09-01T15:47:18.170825928Z,1280.985781,55603595,471232512,460447744
calibration-20260902-f,S1-10-r02,2026-09-01T15:47:18.180421312Z,1290.581186,55640957,470630400,460021760
calibration-20260902-f,S1-10-r02,2026-09-01T15:47:18.262777Z,1372.936846,55663774,448495616,437256192
calibration-20260902-f,S1-10-r02,2026-09-01T15:47:18.270273137Z,1380.432983,55681151,465928192,454295552
calibration-20260902-f,S1-10-r02,2026-09-01T15:47:18.280510675Z,1390.670521,55734632,465928192,454295552
calibration-20260902-f,S1-10-r02,2026-09-01T15:47:18.29078842Z,1400.948271,55765991,465928192,454295552
calibration-20260902-f,S1-10-r02,2026-09-01T15:47:18.300950127Z,1411.109978,55766265,465928192,454295552
calibration-20260902-f,S1-10-r02,2026-09-01T15:47:18.310162792Z,1420.322644,55766458,465928192,454295552
calibration-20260902-f,S1-10-r02,2026-09-01T15:47:18.320299999Z,1430.459850,55766591,466157568,454557696
calibration-20260902-f,S1-10-r02,2026-09-01T15:47:18.330442675Z,1440.602527,55766727,466157568,454291456
calibration-20260902-f,S1-10-r02,2026-09-01T15:47:18.340644008Z,1450.803859,55766923,466157568,454553600
calibration-20260902-f,S1-10-r02,2026-09-01T15:47:18.350765627Z,1460.925479,55767039,466157568,454410240
calibration-20260902-f,S1-10-r02,2026-09-01T15:47:18.360888057Z,1471.047908,55767142,466157568,454410240
calibration-20260902-f,S1-10-r02,2026-09-01T15:47:18.370045781Z,1480.205633,55784311,466157568,454410240
calibration-20260902-f,S1-10-r02,2026-09-01T15:47:18.380285719Z,1490.445571,55837852,466157568,454410240
calibration-20260902-f,S1-10-r02,2026-09-01T15:47:18.390471878Z,1500.631729,55860348,466157568,454410240
calibration-20260902-f,S1-10-r02,2026-09-01T15:47:18.400771989Z,1510.931840,55865145,466157568,454672384
calibration-20260902-f,S1-10-r02,2026-09-01T15:47:18.410957859Z,1521.117710,55865463,466157568,454672384
calibration-20260902-f,S1-10-r02,2026-09-01T15:47:18.420161638Z,1530.321489,55865607,466157568,454672384
calibration-20260902-f,S1-10-r02,2026-09-01T15:47:18.430354006Z,1540.513857,55865803,466157568,454672384
calibration-20260902-f,S1-10-r02,2026-09-01T15:47:18.440569056Z,1550.728908,55866002,466157568,454672384
calibration-20260902-f,S1-10-r02,2026-09-01T15:47:18.450808729Z,1560.968581,55866302,466386944,454930432
calibration-20260902-f,S1-10-r02,2026-09-01T15:47:18.45998141Z,1570.141262,55866540,466386944,454930432
calibration-20260902-f,S1-10-r02,2026-09-01T15:47:18.470191156Z,1580.351008,55883720,466386944,454930432
calibration-20260902-f,S1-10-r02,2026-09-01T15:47:18.480463606Z,1590.623474,55937275,466386944,454930432
calibration-20260902-f,S1-10-r02,2026-09-01T15:47:18.490761918Z,1600.921770,55968739,466386944,454930432
calibration-20260902-f,S1-10-r02,2026-09-01T15:47:18.500946542Z,1611.106395,55968974,466386944,454930432
calibration-20260902-f,S1-10-r02,2026-09-01T15:47:18.510140263Z,1620.300114,55969161,466386944,454930432
calibration-20260902-f,S1-10-r02,2026-09-01T15:47:18.520372232Z,1630.532083,55969356,466386944,454930432
calibration-20260902-f,S1-10-r02,2026-09-01T15:47:18.562791612Z,1672.951462,55969749,466386944,454930432
calibration-20260902-f,S1-10-r02,2026-09-01T15:47:18.569946809Z,1680.106661,55986918,466386944,454930432
calibration-20260902-f,S1-10-r02,2026-09-01T15:47:18.580155405Z,1690.315256,56042121,470974464,459911168
calibration-20260902-f,S1-10-r02,2026-09-01T15:47:18.590367662Z,1700.527514,56067607,488407040,477212672
calibration-20260902-f,S1-10-r02,2026-09-01T15:47:18.600569379Z,1710.729230,56067759,488407040,477212672
calibration-20260902-f,S1-10-r02,2026-09-01T15:47:18.610732381Z,1720.892232,56067887,488407040,477212672
calibration-20260902-f,S1-10-r02,2026-09-01T15:47:18.620928782Z,1731.088633,56068026,488407040,477212672
calibration-20260902-f,S1-10-r02,2026-09-01T15:47:18.662820984Z,1772.980860,56068332,488865792,477999104
calibration-20260902-f,S1-10-r02,2026-09-01T15:47:18.670133175Z,1780.293027,56086279,527171584,516009984
calibration-20260902-f,S1-10-r02,2026-09-01T15:47:18.680343166Z,1790.503037,56141588,575569920,564244480
calibration-20260902-f,S1-10-r02,2026-09-01T15:47:18.690684561Z,1800.844413,56169115,585662464,574205952
calibration-20260902-f,S1-10-r02,2026-09-01T15:47:18.700853691Z,1811.013542,56169292,585662464,574205952
calibration-20260902-f,S1-10-r02,2026-09-01T15:47:18.710044783Z,1820.204634,56169432,585662464,574205952
calibration-20260902-f,S1-10-r02,2026-09-01T15:47:18.720145602Z,1830.305455,56169573,585662464,574205952
calibration-20260902-f,S1-10-r02,2026-09-01T15:47:18.730323385Z,1840.483237,56169713,585662464,574205952
calibration-20260902-f,S1-10-r02,2026-09-01T15:47:18.740460313Z,1850.620165,56169797,585662464,574205952
calibration-20260902-f,S1-10-r02,2026-09-01T15:47:18.75064252Z,1860.802366,56169937,585662464,574205952
calibration-20260902-f,S1-10-r02,2026-09-01T15:47:18.760873022Z,1871.032869,56170079,585662464,574205952
calibration-20260902-f,S1-10-r02,2026-09-01T15:47:18.770093123Z,1880.252969,56191330,613187584,601731072
calibration-20260902-f,S1-10-r02,2026-09-01T15:47:18.780335069Z,1890.494914,56241550,616857600,605663232
calibration-20260902-f,S1-10-r02,2026-09-01T15:47:18.790601243Z,1900.761095,56268564,616857600,605663232
calibration-20260902-f,S1-10-r02,2026-09-01T15:47:18.80067394Z,1910.833792,56268795,616857600,605663232
calibration-20260902-f,S1-10-r02,2026-09-01T15:47:18.810906563Z,1921.066414,56269040,616857600,605663232
calibration-20260902-f,S1-10-r02,2026-09-01T15:47:18.820022466Z,1930.182317,56269204,616857600,605663232
calibration-20260902-f,S1-10-r02,2026-09-01T15:47:18.830165933Z,1940.325783,56269337,616857600,605663232
calibration-20260902-f,S1-10-r02,2026-09-01T15:47:18.840344314Z,1950.504166,56269489,616857600,605642752
calibration-20260902-f,S1-10-r02,2026-09-01T15:47:18.850528803Z,1960.688655,56269797,616857600,605642752
calibration-20260902-f,S1-10-r02,2026-09-01T15:47:18.860708615Z,1970.868466,56269970,616857600,605642752
calibration-20260902-f,S1-10-r02,2026-09-01T15:47:18.870865044Z,1981.024895,56305103,617316352,605904896
calibration-20260902-f,S1-10-r02,2026-09-01T15:47:18.880111005Z,1990.270857,56341008,618004480,606691328
calibration-20260902-f,S1-10-r02,2026-09-01T15:47:18.890276433Z,2000.436283,56363498,618233856,607215616
calibration-20260902-f,S1-10-r02,2026-09-01T15:47:18.90045777Z,2010.617622,56368248,618233856,607215616
calibration-20260902-f,S1-10-r02,2026-09-01T15:47:18.962796081Z,2072.955933,56368431,618233856,607215616
calibration-20260902-f,S1-10-r02,2026-09-01T15:47:18.970068187Z,2080.228038,56385656,618233856,607215616
calibration-20260902-f,S1-10-r02,2026-09-01T15:47:18.980311201Z,2090.471053,56439277,618692608,607477760
calibration-20260902-f,S1-10-r02,2026-09-01T15:47:18.990524807Z,2100.684658,56466284,619380736,607739904
calibration-20260902-f,S1-10-r02,2026-09-01T15:47:19.000691095Z,2110.850953,56466505,619380736,607739904
calibration-20260902-f,S1-10-r02,2026-09-01T15:47:19.062790899Z,2172.950752,56467035,619380736,607739904
calibration-20260902-f,S1-10-r02,2026-09-01T15:47:19.070020157Z,2180.180009,56484342,619839488,608002048
calibration-20260902-f,S1-10-r02,2026-09-01T15:47:19.080202803Z,2190.362654,56537920,620068864,608522240
calibration-20260902-f,S1-10-r02,2026-09-01T15:47:19.090580024Z,2200.739875,56569345,620986368,609570816
calibration-20260902-f,S1-10-r02,2026-09-01T15:47:19.100812969Z,2210.972821,56569543,621215744,609570816
calibration-20260902-f,S1-10-r02,2026-09-01T15:47:19.110922491Z,2221.082343,56569647,621215744,609570816
calibration-20260902-f,S1-10-r02,2026-09-01T15:47:19.120115689Z,2230.275541,56569755,621215744,609570816
calibration-20260902-f,S1-10-r02,2026-09-01T15:47:19.130326432Z,2240.486285,56569943,621215744,609566720
calibration-20260902-f,S1-10-r02,2026-09-01T15:47:19.140550786Z,2250.710637,56570094,621215744,609566720
calibration-20260902-f,S1-10-r02,2026-09-01T15:47:19.150707103Z,2260.866950,56570213,621215744,609566720
calibration-20260902-f,S1-10-r02,2026-09-01T15:47:19.160859152Z,2271.018998,56570287,621215744,609566720
calibration-20260902-f,S1-10-r02,2026-09-01T15:47:19.170085221Z,2280.245072,56587565,621215744,609566720
calibration-20260902-f,S1-10-r02,2026-09-01T15:47:19.180255956Z,2290.415807,56641207,621215744,609824768
calibration-20260902-f,S1-10-r02,2026-09-01T15:47:19.190404588Z,2300.564433,56659984,621903872,610873344
calibration-20260902-f,S1-10-r02,2026-09-01T15:47:19.262839685Z,2372.999536,56660478,622133248,610914304
calibration-20260902-f,S1-10-r02,2026-09-01T15:47:19.269984353Z,2380.144204,56677792,623509504,612225024
calibration-20260902-f,S1-10-r02,2026-09-01T15:47:19.280210508Z,2390.370360,56731420,623509504,612204544
calibration-20260902-f,S1-10-r02,2026-09-01T15:47:19.290388314Z,2400.548160,56762778,577282048,566063104
calibration-20260902-f,S1-10-r02,2026-09-01T15:47:19.363363371Z,2473.523217,56764342,577282048,566063104
calibration-20260902-f,S1-10-r02,2026-09-01T15:47:19.370699728Z,2480.859579,56798879,600907776,589254656
calibration-20260902-f,S1-10-r02,2026-09-01T15:47:19.380869174Z,2491.029021,56837534,625680384,614158336
calibration-20260902-f,S1-10-r02,2026-09-01T15:47:19.462818288Z,2572.978139,56867280,590495744,578899968
calibration-20260902-f,S1-10-r02,2026-09-01T15:47:19.470460134Z,2580.619985,56880850,616415232,605036544
calibration-20260902-f,S1-10-r02,2026-09-01T15:47:19.480726688Z,2590.886540,56917636,577945600,566448128
calibration-20260902-f,S1-10-r02,2026-09-01T15:47:19.490946232Z,2601.106084,56944459,577945600,566353920
calibration-20260902-f,S1-10-r02,2026-09-01T15:47:19.50016997Z,2610.329821,56957972,577945600,566353920
calibration-20260902-f,S1-10-r02,2026-09-01T15:47:19.510345044Z,2620.504895,56958128,577945600,566501376
calibration-20260902-f,S1-10-r02,2026-09-01T15:47:19.520564131Z,2630.723982,56958273,577945600,566501376
calibration-20260902-f,S1-10-r02,2026-09-01T15:47:19.530745361Z,2640.905214,56958430,578174976,566501376
calibration-20260902-f,S1-10-r02,2026-09-01T15:47:19.540940235Z,2651.100086,56958567,578174976,566501376
calibration-20260902-f,S1-10-r02,2026-09-01T15:47:19.550116714Z,2660.276565,56958685,578174976,566501376
calibration-20260902-f,S1-10-r02,2026-09-01T15:47:19.560292021Z,2670.451873,56958791,578174976,566501376
calibration-20260902-f,S1-10-r02,2026-09-01T15:47:19.570431094Z,2680.590945,56967415,578174976,566501376
calibration-20260902-f,S1-10-r02,2026-09-01T15:47:19.580694159Z,2690.854014,56994308,578174976,566501376
calibration-20260902-f,S1-10-r02,2026-09-01T15:47:19.589974735Z,2700.134587,57012343,578174976,566501376
calibration-20260902-f,S1-10-r02,2026-09-01T15:47:19.600220182Z,2710.380034,57039311,578174976,566501376
calibration-20260902-f,S1-10-r02,2026-09-01T15:47:19.610462621Z,2720.622473,57057292,578174976,566337536
calibration-20260902-f,S1-10-r02,2026-09-01T15:47:19.662857306Z,2773.017152,57057552,578174976,566337536
calibration-20260902-f,S1-10-r02,2026-09-01T15:47:19.67000416Z,2780.164011,57066432,578174976,566337536
calibration-20260902-f,S1-10-r02,2026-09-01T15:47:19.680209005Z,2790.368857,57093764,578174976,566337536
calibration-20260902-f,S1-10-r02,2026-09-01T15:47:19.690440323Z,2800.600169,57112160,578633728,566861824
calibration-20260902-f,S1-10-r02,2026-09-01T15:47:19.700656796Z,2810.816647,57139450,578633728,566861824
calibration-20260902-f,S1-10-r02,2026-09-01T15:47:19.71086256Z,2821.022411,57157604,579092480,567451648
calibration-20260902-f,S1-10-r02,2026-09-01T15:47:19.720071081Z,2830.230932,57157816,579092480,567648256
calibration-20260902-f,S1-10-r02,2026-09-01T15:47:19.730276221Z,2840.436071,57158051,579092480,567648256
calibration-20260902-f,S1-10-r02,2026-09-01T15:47:19.740460822Z,2850.620675,57158267,579092480,567648256
calibration-20260902-f,S1-10-r02,2026-09-01T15:47:19.750678193Z,2860.838044,57158516,579092480,567648256
calibration-20260902-f,S1-10-r02,2026-09-01T15:47:19.760879546Z,2871.039392,57158788,579092480,567648256
calibration-20260902-f,S1-10-r02,2026-09-01T15:47:19.770066884Z,2880.226735,57167529,579092480,567648256
calibration-20260902-f,S1-10-r02,2026-09-01T15:47:19.780236446Z,2890.396297,57194418,579321856,567910400
calibration-20260902-f,S1-10-r02,2026-09-01T15:47:19.790511742Z,2900.671594,57221390,579321856,567910400
calibration-20260902-f,S1-10-r02,2026-09-01T15:47:19.800806249Z,2910.966100,57239325,579780608,568434688
calibration-20260902-f,S1-10-r02,2026-09-01T15:47:19.809985767Z,2920.145620,57257313,580009984,568508416
calibration-20260902-f,S1-10-r02,2026-09-01T15:47:19.820127948Z,2930.287798,57257491,580009984,568508416
calibration-20260902-f,S1-10-r02,2026-09-01T15:47:19.830369251Z,2940.529103,57257679,580009984,568508416
calibration-20260902-f,S1-10-r02,2026-09-01T15:47:19.840537234Z,2950.697085,57257829,580009984,568508416
calibration-20260902-f,S1-10-r02,2026-09-01T15:47:19.850778112Z,2960.937964,57258017,580009984,568508416
calibration-20260902-f,S1-10-r02,2026-09-01T15:47:19.859980743Z,2970.140595,57258215,580009984,568508416
calibration-20260902-f,S1-10-r02,2026-09-01T15:47:19.870209183Z,2980.369034,57267005,580009984,568508416
calibration-20260902-f,S1-10-r02,2026-09-01T15:47:19.88044777Z,2990.607621,57293891,580239360,568770560
calibration-20260902-f,S1-10-r02,2026-09-01T15:47:19.890657346Z,3000.817198,57320872,580239360,568770560
calibration-20260902-f,S1-10-r02,2026-09-01T15:47:19.900897721Z,3011.057572,57338875,580698112,568770560
calibration-20260902-f,S1-10-r02,2026-09-01T15:47:19.910060087Z,3020.219938,57356827,580927488,569090048
calibration-20260902-f,S1-10-r02,2026-09-01T15:47:19.920186848Z,3030.346699,57357007,580927488,569090048
calibration-20260902-f,S1-10-r02,2026-09-01T15:47:19.962766193Z,3072.926044,57357292,580927488,569090048
calibration-20260902-f,S1-10-r02,2026-09-01T15:47:19.969970092Z,3080.129943,57366134,580927488,569090048
calibration-20260902-f,S1-10-r02,2026-09-01T15:47:19.980143301Z,3090.303147,57393510,580927488,569090048
calibration-20260902-f,S1-10-r02,2026-09-01T15:47:19.990346197Z,3100.506043,57412317,580927488,569352192
calibration-20260902-f,S1-10-r02,2026-09-01T15:47:20.00059069Z,3110.750549,57440704,580927488,569352192
calibration-20260902-f,S1-10-r02,2026-09-01T15:47:20.010619635Z,3120.779509,57454943,548904960,537243648
calibration-20260902-f,S1-10-r02,2026-09-01T15:47:20.01995991Z,3130.119761,57455406,548904960,537440256
calibration-20260902-f,S1-10-r02,2026-09-01T15:47:20.030198885Z,3140.358736,57455643,548904960,537440256
calibration-20260902-f,S1-10-r02,2026-09-01T15:47:20.040393557Z,3150.553408,57455814,549134336,537440256
calibration-20260902-f,S1-10-r02,2026-09-01T15:47:20.050604008Z,3160.763859,57456018,549134336,537440256
calibration-20260902-f,S1-10-r02,2026-09-01T15:47:20.060776473Z,3170.936324,57456201,549134336,537440256
calibration-20260902-f,S1-10-r02,2026-09-01T15:47:20.064974118Z,3175.133968,57457632,549363712,537890816
calibration-20260902-f,S2-10-r02,2026-09-01T15:47:20.410660234Z,0.079052,57702057,59904000,45391872
calibration-20260902-f,S2-10-r02,2026-09-01T15:47:20.420921818Z,10.340632,57712378,91787264,77565952
calibration-20260902-f,S2-10-r02,2026-09-01T15:47:20.431177516Z,20.596335,57726101,113119232,98799616
calibration-20260902-f,S2-10-r02,2026-09-01T15:47:20.441400847Z,30.819665,57735156,113119232,98705408
calibration-20260902-f,S2-10-r02,2026-09-01T15:47:20.451536661Z,40.955479,57748701,113119232,98705408
calibration-20260902-f,S2-10-r02,2026-09-01T15:47:20.461749933Z,51.168751,57748907,113119232,98705408
calibration-20260902-f,S2-10-r02,2026-09-01T15:47:20.470781859Z,60.200677,57757829,113119232,98705408
calibration-20260902-f,S2-10-r02,2026-09-01T15:47:20.480907723Z,70.326542,57766903,113348608,98705408
calibration-20260902-f,S2-10-r02,2026-09-01T15:47:20.491160274Z,80.579092,57780494,113348608,98705408
calibration-20260902-f,S2-10-r02,2026-09-01T15:47:20.501566149Z,90.984967,57789903,113348608,98705408
calibration-20260902-f,S2-10-r02,2026-09-01T15:47:20.511789943Z,101.208762,57803479,113348608,98705408
calibration-20260902-f,S2-10-r02,2026-09-01T15:47:20.52105134Z,110.470159,57812632,113348608,98705408
calibration-20260902-f,S2-10-r02,2026-09-01T15:47:20.531301639Z,120.720458,57826312,119312384,104734720
calibration-20260902-f,S2-10-r02,2026-09-01T15:47:20.541541228Z,130.960047,57835690,138121216,123871232
calibration-20260902-f,S2-10-r02,2026-09-01T15:47:20.551800674Z,141.219492,57849546,154865664,140386304
calibration-20260902-f,S2-10-r02,2026-09-01T15:47:20.561025945Z,150.444763,57849778,154865664,140386304
calibration-20260902-f,S2-10-r02,2026-09-01T15:47:20.571239071Z,160.657884,57859108,166334464,151920640
calibration-20260902-f,S2-10-r02,2026-09-01T15:47:20.581476981Z,170.895794,57868290,167481344,152969216
calibration-20260902-f,S2-10-r02,2026-09-01T15:47:20.591736931Z,181.155750,57881934,167481344,152969216
calibration-20260902-f,S2-10-r02,2026-09-01T15:47:20.600998762Z,190.417580,57891144,167940096,153268224
calibration-20260902-f,S2-10-r02,2026-09-01T15:47:20.611241014Z,200.659832,57904777,167940096,153268224
calibration-20260902-f,S2-10-r02,2026-09-01T15:47:20.621467626Z,210.886444,57913993,168169472,153530368
calibration-20260902-f,S2-10-r02,2026-09-01T15:47:20.631703668Z,221.122486,57927630,168169472,153530368
calibration-20260902-f,S2-10-r02,2026-09-01T15:47:20.640862215Z,230.281038,57936797,168169472,153792512
calibration-20260902-f,S2-10-r02,2026-09-01T15:47:20.651114366Z,240.533185,57950495,168628224,154316800
calibration-20260902-f,S2-10-r02,2026-09-01T15:47:20.661305394Z,250.724212,57950764,168628224,154316800
calibration-20260902-f,S2-10-r02,2026-09-01T15:47:20.671548557Z,260.967376,57959833,168628224,154316800
calibration-20260902-f,S2-10-r02,2026-09-01T15:47:20.681782032Z,271.200850,57969072,168628224,154316800
calibration-20260902-f,S2-10-r02,2026-09-01T15:47:20.69101438Z,280.433199,57982708,169086976,154578944
calibration-20260902-f,S2-10-r02,2026-09-01T15:47:20.701264801Z,290.683619,57991901,169086976,154271744
calibration-20260902-f,S2-10-r02,2026-09-01T15:47:20.711486188Z,300.905001,58005976,170463232,156106752
calibration-20260902-f,S2-10-r02,2026-09-01T15:47:20.721711591Z,311.130410,58015121,170463232,156106752
calibration-20260902-f,S2-10-r02,2026-09-01T15:47:20.729673468Z,319.092286,58026632,122662912,108290048
calibration-20260902-f,S2-50-r02,2026-09-01T15:47:20.973335593Z,0.050888,58252437,59707392,45887488
calibration-20260902-f,S2-50-r02,2026-09-01T15:47:21.006694998Z,33.410294,58256320,62001152,48377856
calibration-20260902-f,S2-50-r02,2026-09-01T15:47:21.014434703Z,41.149993,58262756,84480000,70922240
calibration-20260902-f,S2-50-r02,2026-09-01T15:47:21.023684117Z,50.399407,58276246,114757632,101310464
calibration-20260902-f,S2-50-r02,2026-09-01T15:47:21.033852366Z,60.567661,58285266,114987008,101310464
calibration-20260902-f,S2-50-r02,2026-09-01T15:47:21.044027448Z,70.742743,58298784,114987008,101310464
calibration-20260902-f,S2-50-r02,2026-09-01T15:47:21.05422434Z,80.939636,58307891,114987008,101216256
calibration-20260902-f,S2-50-r02,2026-09-01T15:47:21.064451207Z,91.166502,58321473,114987008,101216256
calibration-20260902-f,S2-50-r02,2026-09-01T15:47:21.073606402Z,100.321698,58330543,114987008,101216256
calibration-20260902-f,S2-50-r02,2026-09-01T15:47:21.083732929Z,110.448225,58344046,114987008,101216256
calibration-20260902-f,S2-50-r02,2026-09-01T15:47:21.093983368Z,120.698664,58353168,114987008,101216256
calibration-20260902-f,S2-50-r02,2026-09-01T15:47:21.104181247Z,130.896543,58366755,114987008,101216256
calibration-20260902-f,S2-50-r02,2026-09-01T15:47:21.11438108Z,141.096375,58375931,125079552,111964160
calibration-20260902-f,S2-50-r02,2026-09-01T15:47:21.123554123Z,150.269418,58389651,142282752,129265664
calibration-20260902-f,S2-50-r02,2026-09-01T15:47:21.133798666Z,160.513961,58398998,161550336,148664320
calibration-20260902-f,S2-50-r02,2026-09-01T15:47:21.143980518Z,170.695817,58412765,169119744,155742208
calibration-20260902-f,S2-50-r02,2026-09-01T15:47:21.154209501Z,180.924796,58421938,169119744,155656192
calibration-20260902-f,S2-50-r02,2026-09-01T15:47:21.164441495Z,191.156790,58422204,169349120,155656192
calibration-20260902-f,S2-50-r02,2026-09-01T15:47:21.173671445Z,200.386740,58431143,169349120,155656192
calibration-20260902-f,S2-50-r02,2026-09-01T15:47:21.183853942Z,210.569238,58444642,169807872,155918336
calibration-20260902-f,S2-50-r02,2026-09-01T15:47:21.193989273Z,220.704570,58453716,169807872,155918336
calibration-20260902-f,S2-50-r02,2026-09-01T15:47:21.204156815Z,230.872110,58467380,170037248,156442624
calibration-20260902-f,S2-50-r02,2026-09-01T15:47:21.214428115Z,241.143411,58476595,170037248,156442624
calibration-20260902-f,S2-50-r02,2026-09-01T15:47:21.223713208Z,250.428503,58490261,170037248,156442624
calibration-20260902-f,S2-50-r02,2026-09-01T15:47:21.233966814Z,260.682109,58499426,170496000,156704768
calibration-20260902-f,S2-50-r02,2026-09-01T15:47:21.244169535Z,270.884830,58513038,170496000,156704768
calibration-20260902-f,S2-50-r02,2026-09-01T15:47:21.254330111Z,281.045406,58522155,170954752,157229056
calibration-20260902-f,S2-50-r02,2026-09-01T15:47:21.26355184Z,290.267135,58522327,170954752,157229056
calibration-20260902-f,S2-50-r02,2026-09-01T15:47:21.273770273Z,300.485569,58531326,170954752,157229056
calibration-20260902-f,S2-50-r02,2026-09-01T15:47:21.283952166Z,310.667457,58545260,172560384,159064064
calibration-20260902-f,S2-50-r02,2026-09-01T15:47:21.294124349Z,320.839645,58554346,172560384,159064064
calibration-20260902-f,S2-50-r02,2026-09-01T15:47:21.30370755Z,330.422848,58568889,172560384,159064064
calibration-20260902-f,S2-50-r02,2026-09-01T15:47:21.312605899Z,339.321197,58579391,126406656,113078272
calibration-20260902-f,S1-50-r02,2026-09-01T15:47:21.540539802Z,0.063375,58802065,59453440,45936640
calibration-20260902-f,S1-50-r02,2026-09-01T15:47:21.578758536Z,38.282108,58805786,61976576,47673344
calibration-20260902-f,S1-50-r02,2026-09-01T15:47:21.580609928Z,40.133495,58984383,402829312,392441856
calibration-20260902-f,S1-50-r02,2026-09-01T15:47:21.670941149Z,130.464722,58984527,403288064,392441856
calibration-20260902-f,S1-50-r02,2026-09-01T15:47:21.680702071Z,140.225643,59013786,443199488,433074176
calibration-20260902-f,S1-50-r02,2026-09-01T15:47:21.690895618Z,150.419191,59018437,449392640,439103488
calibration-20260902-f,S1-50-r02,2026-09-01T15:47:21.701109987Z,160.633559,59018602,449392640,439103488
calibration-20260902-f,S1-50-r02,2026-09-01T15:47:21.711229732Z,170.753304,59018711,449622016,439103488
calibration-20260902-f,S1-50-r02,2026-09-01T15:47:21.72141362Z,180.937193,59018842,449622016,439103488
calibration-20260902-f,S1-50-r02,2026-09-01T15:47:21.731584833Z,191.108406,59018990,449851392,439103488
calibration-20260902-f,S1-50-r02,2026-09-01T15:47:21.740749Z,200.272572,59019142,449851392,439103488
calibration-20260902-f,S1-50-r02,2026-09-01T15:47:21.75093904Z,210.462613,59019341,449851392,439103488
calibration-20260902-f,S1-50-r02,2026-09-01T15:47:21.761141721Z,220.665293,59019506,449851392,439103488
calibration-20260902-f,S1-50-r02,2026-09-01T15:47:21.771261838Z,230.785410,59054483,460173312,449589248
calibration-20260902-f,S1-50-r02,2026-09-01T15:47:21.781482174Z,241.005747,59090215,460173312,449589248
calibration-20260902-f,S1-50-r02,2026-09-01T15:47:21.790653354Z,250.176927,59121521,460173312,449589248
calibration-20260902-f,S1-50-r02,2026-09-01T15:47:21.800772884Z,260.296457,59121697,460173312,449589248
calibration-20260902-f,S1-50-r02,2026-09-01T15:47:21.810924002Z,270.447574,59121827,460173312,449204224
calibration-20260902-f,S1-50-r02,2026-09-01T15:47:21.863045116Z,322.568715,59121975,460173312,449204224
calibration-20260902-f,S1-50-r02,2026-09-01T15:47:21.871369449Z,330.893022,59157167,460173312,449204224
calibration-20260902-f,S1-50-r02,2026-09-01T15:47:21.881588127Z,341.111700,59193007,460173312,449204224
calibration-20260902-f,S1-50-r02,2026-09-01T15:47:21.890869078Z,350.392650,59219893,460173312,449204224
calibration-20260902-f,S1-50-r02,2026-09-01T15:47:21.901060435Z,360.584008,59220071,460173312,449204224
calibration-20260902-f,S1-50-r02,2026-09-01T15:47:21.911194245Z,370.717819,59220243,460173312,449204224
calibration-20260902-f,S1-50-r02,2026-09-01T15:47:21.921377715Z,380.901287,59220382,460173312,449204224
calibration-20260902-f,S1-50-r02,2026-09-01T15:47:21.931496775Z,391.020348,59220506,460173312,449204224
calibration-20260902-f,S1-50-r02,2026-09-01T15:47:21.94170657Z,401.230145,59220626,460173312,449204224
calibration-20260902-f,S1-50-r02,2026-09-01T15:47:21.950817199Z,410.340771,59220740,460173312,449204224
calibration-20260902-f,S1-50-r02,2026-09-01T15:47:21.960946462Z,420.470034,59220876,460402688,449204224
calibration-20260902-f,S1-50-r02,2026-09-01T15:47:21.971033813Z,430.557387,59255732,460402688,449466368
calibration-20260902-f,S1-50-r02,2026-09-01T15:47:21.981239364Z,440.762937,59291445,460402688,449466368
calibration-20260902-f,S1-50-r02,2026-09-01T15:47:21.991446836Z,450.970409,59320995,460402688,449466368
calibration-20260902-f,S1-50-r02,2026-09-01T15:47:22.001665751Z,461.189329,59321184,460402688,449466368
calibration-20260902-f,S1-50-r02,2026-09-01T15:47:22.010858076Z,470.381649,59321357,460402688,449466368
calibration-20260902-f,S1-50-r02,2026-09-01T15:47:22.062804653Z,522.328225,59321516,460402688,449626112
calibration-20260902-f,S1-50-r02,2026-09-01T15:47:22.070959092Z,530.482666,59357033,491827200,481607680
calibration-20260902-f,S1-50-r02,2026-09-01T15:47:22.08120206Z,540.725633,59393018,544124928,534298624
calibration-20260902-f,S1-50-r02,2026-09-01T15:47:22.091463758Z,550.987331,59420322,563163136,552812544
calibration-20260902-f,S1-50-r02,2026-09-01T15:47:22.100633201Z,560.156774,59420495,563163136,552812544
calibration-20260902-f,S1-50-r02,2026-09-01T15:47:22.110815505Z,570.339078,59420689,563163136,552812544
calibration-20260902-f,S1-50-r02,2026-09-01T15:47:22.121024094Z,580.547666,59420849,563163136,552812544
calibration-20260902-f,S1-50-r02,2026-09-01T15:47:22.131226633Z,590.750206,59421016,563163136,552812544
calibration-20260902-f,S1-50-r02,2026-09-01T15:47:22.141422506Z,600.946079,59421143,563163136,552812544
calibration-20260902-f,S1-50-r02,2026-09-01T15:47:22.151576481Z,611.100048,59421247,563163136,552812544
calibration-20260902-f,S1-50-r02,2026-09-01T15:47:22.160738298Z,620.261870,59421333,563163136,552812544
calibration-20260902-f,S1-50-r02,2026-09-01T15:47:22.170935653Z,630.459225,59457007,607891456,597114880
calibration-20260902-f,S1-50-r02,2026-09-01T15:47:22.181099828Z,640.623396,59493416,653537280,642990080
calibration-20260902-f,S1-50-r02,2026-09-01T15:47:22.191360215Z,650.883783,59520686,662482944,651902976
calibration-20260902-f,S1-50-r02,2026-09-01T15:47:22.201546506Z,661.070078,59520868,662482944,651902976
calibration-20260902-f,S1-50-r02,2026-09-01T15:47:22.210773409Z,670.296982,59521064,662482944,651902976
calibration-20260902-f,S1-50-r02,2026-09-01T15:47:22.220936915Z,680.460487,59521269,662482944,651902976
calibration-20260902-f,S1-50-r02,2026-09-01T15:47:22.231140015Z,690.663587,59521444,662482944,651902976
calibration-20260902-f,S1-50-r02,2026-09-01T15:47:22.241281733Z,700.805305,59521644,662482944,651902976
calibration-20260902-f,S1-50-r02,2026-09-01T15:47:22.251450262Z,710.973829,59521974,662482944,651902976
calibration-20260902-f,S1-50-r02,2026-09-01T15:47:22.261605972Z,721.129539,59522066,662482944,651902976
calibration-20260902-f,S1-50-r02,2026-09-01T15:47:22.270741464Z,730.265036,59557197,679227392,668680192
calibration-20260902-f,S1-50-r02,2026-09-01T15:47:22.281001975Z,740.525547,59593390,692760576,682311680
calibration-20260902-f,S1-50-r02,2026-09-01T15:47:22.291265015Z,750.788587,59620345,694824960,684146688
calibration-20260902-f,S1-50-r02,2026-09-01T15:47:22.301481853Z,761.005426,59620514,694824960,684146688
calibration-20260902-f,S1-50-r02,2026-09-01T15:47:22.311641771Z,771.165344,59620635,694824960,684146688
calibration-20260902-f,S1-50-r02,2026-09-01T15:47:22.320820314Z,780.343887,59620760,694824960,684146688
calibration-20260902-f,S1-50-r02,2026-09-01T15:47:22.330918498Z,790.442070,59620930,694824960,684146688
calibration-20260902-f,S1-50-r02,2026-09-01T15:47:22.341090124Z,800.613696,59621140,694824960,684146688
calibration-20260902-f,S1-50-r02,2026-09-01T15:47:22.351256825Z,810.780396,59621261,694824960,683995136
calibration-20260902-f,S1-50-r02,2026-09-01T15:47:22.361405688Z,820.929261,59621397,694824960,683995136
calibration-20260902-f,S1-50-r02,2026-09-01T15:47:22.371598047Z,831.121613,59656576,707440640,696840192
calibration-20260902-f,S1-50-r02,2026-09-01T15:47:22.380829409Z,840.352977,59692378,707899392,697364480
calibration-20260902-f,S1-50-r02,2026-09-01T15:47:22.391032711Z,850.556284,59719331,708128768,697626624
calibration-20260902-f,S1-50-r02,2026-09-01T15:47:22.40135065Z,860.874222,59719723,708128768,697626624
calibration-20260902-f,S1-50-r02,2026-09-01T15:47:22.411613474Z,871.137047,59720065,708128768,697626624
calibration-20260902-f,S1-50-r02,2026-09-01T15:47:22.420904082Z,880.427655,59720354,708128768,697626624
calibration-20260902-f,S1-50-r02,2026-09-01T15:47:22.431111925Z,890.635498,59720656,708128768,697626624
calibration-20260902-f,S1-50-r02,2026-09-01T15:47:22.441346344Z,900.869915,59721018,708128768,697626624
calibration-20260902-f,S1-50-r02,2026-09-01T15:47:22.451602555Z,911.126127,59721317,708128768,697626624
calibration-20260902-f,S1-50-r02,2026-09-01T15:47:22.460809346Z,920.332918,59721553,708128768,697626624
calibration-20260902-f,S1-50-r02,2026-09-01T15:47:22.470961989Z,930.485561,59756698,708816896,698150912
calibration-20260902-f,S1-50-r02,2026-09-01T15:47:22.481170304Z,940.693876,59792581,709275648,698413056
calibration-20260902-f,S1-50-r02,2026-09-01T15:47:22.491328861Z,950.852434,59819545,709734400,698937344
calibration-20260902-f,S1-50-r02,2026-09-01T15:47:22.501553442Z,961.077014,59819757,709734400,698937344
calibration-20260902-f,S1-50-r02,2026-09-01T15:47:22.510747364Z,970.270937,59819947,709734400,698937344
calibration-20260902-f,S1-50-r02,2026-09-01T15:47:22.520894537Z,980.418110,59820177,709734400,699195392
calibration-20260902-f,S1-50-r02,2026-09-01T15:47:22.53113306Z,990.656632,59820395,709734400,698929152
calibration-20260902-f,S1-50-r02,2026-09-01T15:47:22.541349125Z,1000.872698,59820599,709734400,699191296
calibration-20260902-f,S1-50-r02,2026-09-01T15:47:22.551529102Z,1011.052674,59820813,709734400,699449344
calibration-20260902-f,S1-50-r02,2026-09-01T15:47:22.560640997Z,1020.164569,59820983,709734400,699105280
calibration-20260902-f,S1-50-r02,2026-09-01T15:47:22.570848885Z,1030.372458,59856167,710193152,699629568
calibration-20260902-f,S1-50-r02,2026-09-01T15:47:22.581014519Z,1040.538091,59892034,710881280,699969536
calibration-20260902-f,S1-50-r02,2026-09-01T15:47:22.59120077Z,1050.724343,59918987,711340032,700231680
calibration-20260902-f,S1-50-r02,2026-09-01T15:47:22.601352519Z,1060.876091,59919192,711340032,700231680
calibration-20260902-f,S1-50-r02,2026-09-01T15:47:22.611538688Z,1071.062260,59919387,711569408,700231680
calibration-20260902-f,S1-50-r02,2026-09-01T15:47:22.620626101Z,1080.149673,59919517,711798784,700231680
calibration-20260902-f,S1-50-r02,2026-09-01T15:47:22.63074196Z,1090.265533,59919643,711798784,700231680
calibration-20260902-f,S1-50-r02,2026-09-01T15:47:22.640903797Z,1100.427370,59919825,711798784,700231680
calibration-20260902-f,S1-50-r02,2026-09-01T15:47:22.651049114Z,1110.572686,59920010,711798784,700231680
calibration-20260902-f,S1-50-r02,2026-09-01T15:47:22.661279924Z,1120.803497,59920252,711798784,700231680
calibration-20260902-f,S1-50-r02,2026-09-01T15:47:22.671633367Z,1131.156968,59955392,711798784,700231680
calibration-20260902-f,S1-50-r02,2026-09-01T15:47:22.681013161Z,1140.536735,59991980,714092544,703115264
calibration-20260902-f,S1-50-r02,2026-09-01T15:47:22.691196573Z,1150.720145,60018892,714092544,703377408
calibration-20260902-f,S1-50-r02,2026-09-01T15:47:22.70137418Z,1160.897752,60019092,714092544,703377408
calibration-20260902-f,S1-50-r02,2026-09-01T15:47:22.711566163Z,1171.089736,60019325,714092544,703377408
calibration-20260902-f,S1-50-r02,2026-09-01T15:47:22.720665476Z,1180.189048,60019470,714092544,703377408
calibration-20260902-f,S1-50-r02,2026-09-01T15:47:22.762803151Z,1222.326723,60019765,714092544,703377408
calibration-20260902-f,S1-50-r02,2026-09-01T15:47:22.770986157Z,1230.509730,60054762,714551296,703901696
calibration-20260902-f,S1-50-r02,2026-09-01T15:47:22.781290641Z,1240.814214,60092318,670363648,660045824
calibration-20260902-f,S1-50-r02,2026-09-01T15:47:22.791612252Z,1251.135825,60123759,670363648,660045824
calibration-20260902-f,S1-50-r02,2026-09-01T15:47:22.800817545Z,1260.341117,60123906,670363648,659947520
calibration-20260902-f,S1-50-r02,2026-09-01T15:47:22.810945988Z,1270.469561,60124024,670363648,659947520
calibration-20260902-f,S1-50-r02,2026-09-01T15:47:22.821223329Z,1280.746929,60124154,670363648,659890176
calibration-20260902-f,S1-50-r02,2026-09-01T15:47:22.831586564Z,1291.110136,60124472,670363648,659890176
calibration-20260902-f,S1-50-r02,2026-09-01T15:47:22.840830225Z,1300.353792,60124669,670363648,659890176
calibration-20260902-f,S1-50-r02,2026-09-01T15:47:22.862763132Z,1322.286704,60124844,670363648,659857408
calibration-20260902-f,S1-50-r02,2026-09-01T15:47:22.870985775Z,1330.509348,60160057,670593024,659857408
calibration-20260902-f,S1-50-r02,2026-09-01T15:47:22.881361519Z,1340.885091,60197172,583061504,572637184
calibration-20260902-f,S1-50-r02,2026-09-01T15:47:22.891551357Z,1351.074930,60217988,600952832,590725120
calibration-20260902-f,S1-50-r02,2026-09-01T15:47:22.900642276Z,1360.165848,60218128,600952832,590626816
calibration-20260902-f,S1-50-r02,2026-09-01T15:47:22.910840302Z,1370.363875,60218302,600952832,590532608
calibration-20260902-f,S1-50-r02,2026-09-01T15:47:22.921011928Z,1380.535502,60218502,600952832,590422016
calibration-20260902-f,S1-50-r02,2026-09-01T15:47:22.931100543Z,1390.624115,60218677,600952832,590422016
calibration-20260902-f,S1-50-r02,2026-09-01T15:47:22.962783368Z,1422.306940,60219061,601182208,590684160
calibration-20260902-f,S1-50-r02,2026-09-01T15:47:22.970990216Z,1430.513789,60254177,624807936,614539264
calibration-20260902-f,S1-50-r02,2026-09-01T15:47:22.981150557Z,1440.674125,60290227,626642944,616112128
calibration-20260902-f,S1-50-r02,2026-09-01T15:47:22.991362835Z,1450.886407,60321573,626642944,616108032
calibration-20260902-f,S1-50-r02,2026-09-01T15:47:23.001528575Z,1461.052154,60321857,626642944,616108032
calibration-20260902-f,S1-50-r02,2026-09-01T15:47:23.010655827Z,1470.179399,60322025,626642944,616108032
calibration-20260902-f,S1-50-r02,2026-09-01T15:47:23.020809177Z,1480.332750,60322152,626642944,615907328
calibration-20260902-f,S1-50-r02,2026-09-01T15:47:23.030917699Z,1490.441266,60322239,626642944,615907328
calibration-20260902-f,S1-50-r02,2026-09-01T15:47:23.062803607Z,1522.327263,60322355,626642944,615907328
calibration-20260902-f,S1-50-r02,2026-09-01T15:47:23.070959543Z,1530.483116,60357843,581189632,570269696
calibration-20260902-f,S1-50-r02,2026-09-01T15:47:23.08065993Z,1540.183502,60394134,614907904,604016640
calibration-20260902-f,S1-50-r02,2026-09-01T15:47:23.0908247Z,1550.348273,60421063,626835456,615714816
calibration-20260902-f,S1-50-r02,2026-09-01T15:47:23.101031863Z,1560.555435,60421263,626835456,615714816
calibration-20260902-f,S1-50-r02,2026-09-01T15:47:23.111220773Z,1570.744345,60421412,626835456,615714816
calibration-20260902-f,S1-50-r02,2026-09-01T15:47:23.12133829Z,1580.861863,60421544,626835456,615714816
calibration-20260902-f,S1-50-r02,2026-09-01T15:47:23.131448887Z,1590.972460,60421706,626835456,615714816
calibration-20260902-f,S1-50-r02,2026-09-01T15:47:23.141588246Z,1601.111818,60421871,626835456,615714816
calibration-20260902-f,S1-50-r02,2026-09-01T15:47:23.150754489Z,1610.278062,60422054,626835456,615714816
calibration-20260902-f,S1-50-r02,2026-09-01T15:47:23.160965117Z,1620.488691,60422233,626835456,615714816
calibration-20260902-f,S1-50-r02,2026-09-01T15:47:23.171109322Z,1630.632895,60457207,626835456,615714816
calibration-20260902-f,S1-50-r02,2026-09-01T15:47:23.181371006Z,1640.894579,60493115,626835456,615976960
calibration-20260902-f,S1-50-r02,2026-09-01T15:47:23.191520547Z,1651.044119,60520090,634175488,623316992
calibration-20260902-f,S1-50-r02,2026-09-01T15:47:23.201662204Z,1661.185776,60520293,634175488,623316992
calibration-20260902-f,S1-50-r02,2026-09-01T15:47:23.21075797Z,1670.281543,60520519,634175488,623316992
calibration-20260902-f,S1-50-r02,2026-09-01T15:47:23.220955063Z,1680.478636,60520673,634175488,623316992
calibration-20260902-f,S1-50-r02,2026-09-01T15:47:23.231132496Z,1690.656069,60520823,634175488,623316992
calibration-20260902-f,S1-50-r02,2026-09-01T15:47:23.241324219Z,1700.847792,60520999,634175488,623316992
calibration-20260902-f,S1-50-r02,2026-09-01T15:47:23.251450394Z,1710.973966,60521172,634175488,623316992
calibration-20260902-f,S1-50-r02,2026-09-01T15:47:23.261651543Z,1721.175114,60521331,634175488,623316992
calibration-20260902-f,S1-50-r02,2026-09-01T15:47:23.27084453Z,1730.368102,60556653,647708672,637210624
calibration-20260902-f,S1-50-r02,2026-09-01T15:47:23.281070704Z,1740.594276,60592706,666976256,656347136
calibration-20260902-f,S1-50-r02,2026-09-01T15:47:23.291319865Z,1750.843437,60619690,669499392,658968576
calibration-20260902-f,S1-50-r02,2026-09-01T15:47:23.301459419Z,1760.982992,60619854,669499392,658968576
calibration-20260902-f,S1-50-r02,2026-09-01T15:47:23.362794947Z,1822.318542,60620063,669728768,659021824
calibration-20260902-f,S1-50-r02,2026-09-01T15:47:23.371145794Z,1830.669367,60655710,684867584,675008512
calibration-20260902-f,S1-50-r02,2026-09-01T15:47:23.381387249Z,1840.910822,60692101,716980224,706727936
calibration-20260902-f,S1-50-r02,2026-09-01T15:47:23.391596814Z,1851.120387,60719283,731430912,721145856
calibration-20260902-f,S1-50-r02,2026-09-01T15:47:23.400801968Z,1860.325541,60719445,731430912,721145856
calibration-20260902-f,S1-50-r02,2026-09-01T15:47:23.410943472Z,1870.467044,60719595,731430912,721145856
calibration-20260902-f,S1-50-r02,2026-09-01T15:47:23.421066877Z,1880.590449,60719739,731430912,720904192
calibration-20260902-f,S1-50-r02,2026-09-01T15:47:23.431248285Z,1890.771858,60719949,731430912,720904192
calibration-20260902-f,S1-50-r02,2026-09-01T15:47:23.441452557Z,1900.976129,60720167,731430912,720904192
calibration-20260902-f,S1-50-r02,2026-09-01T15:47:23.451643516Z,1911.167088,60720430,731430912,720904192
calibration-20260902-f,S1-50-r02,2026-09-01T15:47:23.462953277Z,1922.476851,60720821,731889664,721166336
calibration-20260902-f,S1-50-r02,2026-09-01T15:47:23.47112625Z,1930.649822,60756124,755515392,745017344
calibration-20260902-f,S1-50-r02,2026-09-01T15:47:23.481252228Z,1940.775795,60792916,781664256,771493888
calibration-20260902-f,S1-50-r02,2026-09-01T15:47:23.562768157Z,2022.291729,60820116,782352384,772120576
calibration-20260902-f,S1-50-r02,2026-09-01T15:47:23.570918973Z,2030.442546,60855233,785334272,775004160
calibration-20260902-f,S1-50-r02,2026-09-01T15:47:23.581123815Z,2040.647388,60891327,803454976,793092096
calibration-20260902-f,S1-50-r02,2026-09-01T15:47:23.591358743Z,2050.882316,60922931,813547520,803315712
calibration-20260902-f,S1-50-r02,2026-09-01T15:47:23.60157239Z,2061.095963,60923093,813547520,803315712
calibration-20260902-f,S1-50-r02,2026-09-01T15:47:23.662817568Z,2122.341140,60923295,813776896,803577856
calibration-20260902-f,S1-50-r02,2026-09-01T15:47:23.67102376Z,2130.547332,60958661,824557568,814587904
calibration-20260902-f,S1-50-r02,2026-09-01T15:47:23.681284015Z,2140.807582,60994789,834191360,824287232
calibration-20260902-f,S1-50-r02,2026-09-01T15:47:23.691489265Z,2151.012837,61021707,834191360,824287232
calibration-20260902-f,S1-50-r02,2026-09-01T15:47:23.700641441Z,2160.165014,61021831,834191360,824287232
calibration-20260902-f,S1-50-r02,2026-09-01T15:47:23.710761379Z,2170.284951,61021948,834191360,824287232
calibration-20260902-f,S1-50-r02,2026-09-01T15:47:23.720904298Z,2180.427870,61022060,834191360,824287232
calibration-20260902-f,S1-50-r02,2026-09-01T15:47:23.731031112Z,2190.554685,61022188,834191360,824287232
calibration-20260902-f,S1-50-r02,2026-09-01T15:47:23.741171854Z,2200.695426,61022304,834191360,824287232
calibration-20260902-f,S1-50-r02,2026-09-01T15:47:23.75131123Z,2210.834802,61022414,834191360,824287232
calibration-20260902-f,S1-50-r02,2026-09-01T15:47:23.761480981Z,2221.004548,61022517,834191360,824287232
calibration-20260902-f,S1-50-r02,2026-09-01T15:47:23.771671785Z,2231.195360,61057717,834191360,824287232
calibration-20260902-f,S1-50-r02,2026-09-01T15:47:23.780886259Z,2240.409833,61093711,834191360,824287232
calibration-20260902-f,S1-50-r02,2026-09-01T15:47:23.790958543Z,2250.482115,61120654,834420736,824549376
calibration-20260902-f,S1-50-r02,2026-09-01T15:47:23.801181865Z,2260.705438,61120838,834420736,824549376
calibration-20260902-f,S1-50-r02,2026-09-01T15:47:23.862808428Z,2322.332024,61121178,834420736,824549376
calibration-20260902-f,S1-50-r02,2026-09-01T15:47:23.871054269Z,2330.577842,61156404,835108864,825073664
calibration-20260902-f,S1-50-r02,2026-09-01T15:47:23.881314807Z,2340.838379,61192271,835338240,825597952
calibration-20260902-f,S1-50-r02,2026-09-01T15:47:23.891550913Z,2351.074485,61219167,835338240,825597952
calibration-20260902-f,S1-50-r02,2026-09-01T15:47:23.900668481Z,2360.192053,61219341,835338240,825597952
calibration-20260902-f,S1-50-r02,2026-09-01T15:47:23.91078258Z,2370.306153,61219490,835338240,825597952
calibration-20260902-f,S1-50-r02,2026-09-01T15:47:23.920999453Z,2380.523024,61219637,835338240,825348096
calibration-20260902-f,S1-50-r02,2026-09-01T15:47:23.931117773Z,2390.641346,61219780,835338240,825348096
calibration-20260902-f,S1-50-r02,2026-09-01T15:47:23.941263712Z,2400.787284,61219906,835338240,825348096
calibration-20260902-f,S1-50-r02,2026-09-01T15:47:23.951381953Z,2410.905525,61220035,835338240,825348096
calibration-20260902-f,S1-50-r02,2026-09-01T15:47:23.961563823Z,2421.087422,61220143,835338240,825348096
calibration-20260902-f,S1-50-r02,2026-09-01T15:47:23.970786301Z,2430.309868,61255499,837632000,827707392
calibration-20260902-f,S1-50-r02,2026-09-01T15:47:23.981003027Z,2440.526600,61291303,837632000,827707392
calibration-20260902-f,S1-50-r02,2026-09-01T15:47:23.991243326Z,2450.766899,61323097,837632000,827965440
calibration-20260902-f,S1-50-r02,2026-09-01T15:47:24.001452107Z,2460.975686,61323288,837861376,827965440
calibration-20260902-f,S1-50-r02,2026-09-01T15:47:24.011587768Z,2471.111341,61323501,837861376,827965440
calibration-20260902-f,S1-50-r02,2026-09-01T15:47:24.020793499Z,2480.317071,61323710,837861376,827809792
calibration-20260902-f,S1-50-r02,2026-09-01T15:47:24.030943725Z,2490.467297,61323839,837861376,827809792
calibration-20260902-f,S1-50-r02,2026-09-01T15:47:24.062799284Z,2522.322858,61324067,837861376,827252736
calibration-20260902-f,S1-50-r02,2026-09-01T15:47:24.070986795Z,2530.510367,61360111,801697792,791244800
calibration-20260902-f,S1-50-r02,2026-09-01T15:47:24.081175264Z,2540.698831,61398384,837251072,826634240
calibration-20260902-f,S1-50-r02,2026-09-01T15:47:24.091424137Z,2550.947709,61417800,838168576,827682816
calibration-20260902-f,S1-50-r02,2026-09-01T15:47:24.101659826Z,2561.183399,61418061,838397952,827588608
calibration-20260902-f,S1-50-r02,2026-09-01T15:47:24.110872692Z,2570.396264,61418294,838397952,827588608
calibration-20260902-f,S1-50-r02,2026-09-01T15:47:24.121024311Z,2580.547883,61418460,838397952,827375616
calibration-20260902-f,S1-50-r02,2026-09-01T15:47:24.131241148Z,2590.764720,61418680,838397952,827375616
calibration-20260902-f,S1-50-r02,2026-09-01T15:47:24.141441974Z,2600.965547,61418893,838397952,827375616
calibration-20260902-f,S1-50-r02,2026-09-01T15:47:24.151555975Z,2611.079547,61419062,838397952,827375616
calibration-20260902-f,S1-50-r02,2026-09-01T15:47:24.160650163Z,2620.173735,61419310,838397952,827375616
calibration-20260902-f,S1-50-r02,2026-09-01T15:47:24.170889019Z,2630.412591,61455018,810545152,800006144
calibration-20260902-f,S1-50-r02,2026-09-01T15:47:24.181129853Z,2640.653426,61490794,838758400,828317696
calibration-20260902-f,S1-50-r02,2026-09-01T15:47:24.191364267Z,2650.887839,61522186,838758400,828317696
calibration-20260902-f,S1-50-r02,2026-09-01T15:47:24.20161493Z,2661.138502,61522455,838758400,828207104
calibration-20260902-f,S1-50-r02,2026-09-01T15:47:24.210743554Z,2670.267126,61522603,838758400,828207104
calibration-20260902-f,S1-50-r02,2026-09-01T15:47:24.26278067Z,2722.304243,61522912,838758400,828207104
calibration-20260902-f,S1-50-r02,2026-09-01T15:47:24.270913048Z,2730.436621,61559429,792473600,781975552
calibration-20260902-f,S1-50-r02,2026-09-01T15:47:24.281108457Z,2740.632029,61595209,792473600,781975552
calibration-20260902-f,S1-50-r02,2026-09-01T15:47:24.291321578Z,2750.845150,61622160,792473600,781975552
calibration-20260902-f,S1-50-r02,2026-09-01T15:47:24.301533138Z,2761.056710,61622346,792473600,781877248
calibration-20260902-f,S1-50-r02,2026-09-01T15:47:24.310699985Z,2770.223552,61622486,792473600,781877248
calibration-20260902-f,S1-50-r02,2026-09-01T15:47:24.320849379Z,2780.372946,61622562,792473600,781877248
calibration-20260902-f,S1-50-r02,2026-09-01T15:47:24.330950296Z,2790.473863,61622629,792473600,781877248
calibration-20260902-f,S1-50-r02,2026-09-01T15:47:24.341117505Z,2800.641072,61622709,792473600,781877248
calibration-20260902-f,S1-50-r02,2026-09-01T15:47:24.351297773Z,2810.821342,61622849,792473600,782049280
calibration-20260902-f,S1-50-r02,2026-09-01T15:47:24.361464184Z,2820.987756,61622949,792473600,782049280
calibration-20260902-f,S1-50-r02,2026-09-01T15:47:24.370874703Z,2830.398276,61658583,744759296,734244864
calibration-20260902-f,S1-50-r02,2026-09-01T15:47:24.381027192Z,2840.550759,61694253,744759296,734244864
calibration-20260902-f,S1-50-r02,2026-09-01T15:47:24.391276454Z,2850.800027,61721170,744759296,734244864
calibration-20260902-f,S1-50-r02,2026-09-01T15:47:24.401496165Z,2861.019738,61721373,744759296,734146560
calibration-20260902-f,S1-50-r02,2026-09-01T15:47:24.410657146Z,2870.180718,61721506,744759296,734146560
calibration-20260902-f,S1-50-r02,2026-09-01T15:47:24.420782683Z,2880.306256,61721639,744759296,734146560
calibration-20260902-f,S1-50-r02,2026-09-01T15:47:24.462776684Z,2922.300257,61721818,744759296,733884416
calibration-20260902-f,S1-50-r02,2026-09-01T15:47:24.471051439Z,2930.575011,61756951,744759296,733884416
calibration-20260902-f,S1-50-r02,2026-09-01T15:47:24.481297512Z,2940.821084,61792939,744759296,733884416
calibration-20260902-f,S1-50-r02,2026-09-01T15:47:24.491564712Z,2951.088284,61820006,744759296,733888512
calibration-20260902-f,S1-50-r02,2026-09-01T15:47:24.500744503Z,2960.268075,61820224,744759296,733888512
calibration-20260902-f,S1-50-r02,2026-09-01T15:47:24.510924818Z,2970.448391,61820388,744759296,733888512
calibration-20260902-f,S1-50-r02,2026-09-01T15:47:24.52110855Z,2980.632123,61820541,744759296,733888512
calibration-20260902-f,S1-50-r02,2026-09-01T15:47:24.531281726Z,2990.805299,61820744,744759296,733888512
calibration-20260902-f,S1-50-r02,2026-09-01T15:47:24.541475388Z,3000.998961,61820941,744759296,734150656
calibration-20260902-f,S1-50-r02,2026-09-01T15:47:24.551652496Z,3011.176067,61821154,744759296,734150656
calibration-20260902-f,S1-50-r02,2026-09-01T15:47:24.560862168Z,3020.385740,61821333,744759296,734150656
calibration-20260902-f,S1-50-r02,2026-09-01T15:47:24.571004591Z,3030.528189,61856846,744759296,734150656
calibration-20260902-f,S1-50-r02,2026-09-01T15:47:24.581226604Z,3040.750171,61892980,745447424,734674944
calibration-20260902-f,S1-50-r02,2026-09-01T15:47:24.591450913Z,3050.974486,61919930,745676800,735199232
calibration-20260902-f,S1-50-r02,2026-09-01T15:47:24.601638238Z,3061.161810,61920160,745676800,735199232
calibration-20260902-f,S1-50-r02,2026-09-01T15:47:24.610852472Z,3070.376044,61920402,745676800,735199232
calibration-20260902-f,S1-50-r02,2026-09-01T15:47:24.621041694Z,3080.565267,61920620,745676800,734990336
calibration-20260902-f,S1-50-r02,2026-09-01T15:47:24.63126043Z,3090.784003,61920832,745676800,734990336
calibration-20260902-f,S1-50-r02,2026-09-01T15:47:24.662776782Z,3122.300354,61921023,745676800,734990336
calibration-20260902-f,S1-50-r02,2026-09-01T15:47:24.670973465Z,3130.497038,61956315,746594304,736038912
calibration-20260902-f,S1-50-r02,2026-09-01T15:47:24.681192248Z,3140.715892,61992924,764715008,754126848
calibration-20260902-f,S1-50-r02,2026-09-01T15:47:24.691503168Z,3151.026740,62020294,767008768,756224000
calibration-20260902-f,S1-50-r02,2026-09-01T15:47:24.700758082Z,3160.281655,62020529,767008768,756482048
calibration-20260902-f,S1-50-r02,2026-09-01T15:47:24.710957131Z,3170.480705,62020726,767008768,756482048
calibration-20260902-f,S1-50-r02,2026-09-01T15:47:24.721083757Z,3180.607329,62020962,767008768,756436992
calibration-20260902-f,S1-50-r02,2026-09-01T15:47:24.731285313Z,3190.808886,62021155,767008768,756240384
calibration-20260902-f,S1-50-r02,2026-09-01T15:47:24.74149153Z,3201.015103,62021366,767008768,756240384
calibration-20260902-f,S1-50-r02,2026-09-01T15:47:24.762770053Z,3222.293625,62021692,767238144,756502528
calibration-20260902-f,S1-50-r02,2026-09-01T15:47:24.770987228Z,3230.510796,62057724,794992640,784289792
calibration-20260902-f,S1-50-r02,2026-09-01T15:47:24.781212879Z,3240.736452,62095360,822288384,812077056
calibration-20260902-f,S1-50-r02,2026-09-01T15:47:24.791467745Z,3250.991318,62121000,830316544,819941376
calibration-20260902-f,S1-50-r02,2026-09-01T15:47:24.800620966Z,3260.144538,62121158,830316544,819941376
calibration-20260902-f,S1-50-r02,2026-09-01T15:47:24.810849117Z,3270.372690,62121340,830316544,819941376
calibration-20260902-f,S1-50-r02,2026-09-01T15:47:24.862785661Z,3322.309233,62121577,830545920,820203520
calibration-20260902-f,S1-50-r02,2026-09-01T15:47:24.871650074Z,3331.173646,62157094,839262208,829378560
calibration-20260902-f,S1-50-r02,2026-09-01T15:47:24.880806975Z,3340.330542,62193218,843849728,833572864
calibration-20260902-f,S1-50-r02,2026-09-01T15:47:24.891003076Z,3350.526648,62220115,843849728,833572864
calibration-20260902-f,S1-50-r02,2026-09-01T15:47:24.901244319Z,3360.767892,62220369,843849728,833572864
calibration-20260902-f,S1-50-r02,2026-09-01T15:47:24.911498949Z,3371.022522,62220620,843849728,833572864
calibration-20260902-f,S1-50-r02,2026-09-01T15:47:24.920633972Z,3380.157544,62220827,843849728,833572864
calibration-20260902-f,S1-50-r02,2026-09-01T15:47:24.930777613Z,3390.301185,62220972,843849728,833572864
calibration-20260902-f,S1-50-r02,2026-09-01T15:47:24.940988435Z,3400.512008,62221140,843849728,833572864
calibration-20260902-f,S1-50-r02,2026-09-01T15:47:24.962757645Z,3422.281218,62221441,843849728,833572864
calibration-20260902-f,S1-50-r02,2026-09-01T15:47:24.970983275Z,3430.506871,62256543,844308480,833835008
calibration-20260902-f,S1-50-r02,2026-09-01T15:47:24.981198441Z,3440.722013,62292526,844308480,833835008
calibration-20260902-f,S1-50-r02,2026-09-01T15:47:24.991424463Z,3450.948035,62323898,844308480,833835008
calibration-20260902-f,S1-50-r02,2026-09-01T15:47:25.001648937Z,3461.172515,62324107,844308480,833835008
calibration-20260902-f,S1-50-r02,2026-09-01T15:47:25.010794186Z,3470.317759,62324221,844537856,833835008
calibration-20260902-f,S1-50-r02,2026-09-01T15:47:25.020993757Z,3480.517324,62324546,844537856,833835008
calibration-20260902-f,S1-50-r02,2026-09-01T15:47:25.031108006Z,3490.631578,62324644,844537856,833835008
calibration-20260902-f,S1-50-r02,2026-09-01T15:47:25.041346733Z,3500.870300,62324769,844537856,833835008
calibration-20260902-f,S1-50-r02,2026-09-01T15:47:25.051530735Z,3511.054308,62324913,844537856,833835008
calibration-20260902-f,S1-50-r02,2026-09-01T15:47:25.060730338Z,3520.253905,62325035,844537856,833835008
calibration-20260902-f,S1-50-r02,2026-09-01T15:47:25.070909788Z,3530.433359,62360150,844996608,834097152
calibration-20260902-f,S1-50-r02,2026-09-01T15:47:25.081097492Z,3540.621065,62396019,844996608,834097152
calibration-20260902-f,S1-50-r02,2026-09-01T15:47:25.091330635Z,3550.854207,62422965,844996608,834097152
calibration-20260902-f,S1-50-r02,2026-09-01T15:47:25.101504591Z,3561.028163,62423179,845225984,834097152
calibration-20260902-f,S1-50-r02,2026-09-01T15:47:25.110708629Z,3570.232201,62423364,845225984,834097152
calibration-20260902-f,S1-50-r02,2026-09-01T15:47:25.120864951Z,3580.388523,62423536,845225984,834097152
calibration-20260902-f,S1-50-r02,2026-09-01T15:47:25.131022799Z,3590.546372,62423758,845225984,834097152
calibration-20260902-f,S1-50-r02,2026-09-01T15:47:25.141214307Z,3600.737880,62423985,845225984,834359296
calibration-20260902-f,S1-50-r02,2026-09-01T15:47:25.15140599Z,3610.929562,62424214,845225984,834035712
calibration-20260902-f,S1-50-r02,2026-09-01T15:47:25.161537067Z,3621.060639,62424375,845225984,834297856
calibration-20260902-f,S1-50-r02,2026-09-01T15:47:25.170660255Z,3630.183834,62459804,845225984,834297856
calibration-20260902-f,S1-50-r02,2026-09-01T15:47:25.180906508Z,3640.430081,62495875,845455360,834822144
calibration-20260902-f,S1-50-r02,2026-09-01T15:47:25.191093037Z,3650.616610,62518385,845455360,834822144
calibration-20260902-f,S1-50-r02,2026-09-01T15:47:25.201252342Z,3660.775914,62518600,845455360,834822144
calibration-20260902-f,S1-50-r02,2026-09-01T15:47:25.262790778Z,3722.314351,62518911,845455360,834822144
calibration-20260902-f,S1-50-r02,2026-09-01T15:47:25.271065964Z,3730.589537,62555029,845684736,835276800
calibration-20260902-f,S1-50-r02,2026-09-01T15:47:25.281246485Z,3740.770057,62590901,846143488,835538944
calibration-20260902-f,S1-50-r02,2026-09-01T15:47:25.291500285Z,3751.023857,62622349,846143488,835538944
calibration-20260902-f,S1-50-r02,2026-09-01T15:47:25.300660168Z,3760.183740,62622544,846143488,835538944
calibration-20260902-f,S1-50-r02,2026-09-01T15:47:25.310838136Z,3770.361709,62622721,846143488,835657728
calibration-20260902-f,S1-50-r02,2026-09-01T15:47:25.321058573Z,3780.582145,62622951,846143488,835657728
calibration-20260902-f,S1-50-r02,2026-09-01T15:47:25.331181459Z,3790.705032,62623123,846143488,835657728
calibration-20260902-f,S1-50-r02,2026-09-01T15:47:25.341324484Z,3800.848056,62623285,846143488,835657728
calibration-20260902-f,S1-50-r02,2026-09-01T15:47:25.351518822Z,3811.042394,62623482,846372864,835850240
calibration-20260902-f,S1-50-r02,2026-09-01T15:47:25.360716837Z,3820.240410,62623664,846372864,835850240
calibration-20260902-f,S1-50-r02,2026-09-01T15:47:25.370826602Z,3830.350169,62659061,846372864,835850240
calibration-20260902-f,S1-50-r02,2026-09-01T15:47:25.381060874Z,3840.584441,62695324,847749120,837423104
calibration-20260902-f,S1-50-r02,2026-09-01T15:47:25.391260109Z,3850.783682,62722227,847749120,837423104
calibration-20260902-f,S1-50-r02,2026-09-01T15:47:25.401444364Z,3860.967937,62722466,847749120,837423104
calibration-20260902-f,S1-50-r02,2026-09-01T15:47:25.411657265Z,3871.180837,62722715,847749120,837423104
calibration-20260902-f,S1-50-r02,2026-09-01T15:47:25.420907629Z,3880.431202,62722952,847749120,837423104
calibration-20260902-f,S1-50-r02,2026-09-01T15:47:25.462766774Z,3922.290346,62723288,847749120,837423104
calibration-20260902-f,S1-50-r02,2026-09-01T15:47:25.470981221Z,3930.504789,62759039,847978496,837685248
calibration-20260902-f,S1-50-r02,2026-09-01T15:47:25.480746168Z,3940.269741,62796420,805486592,795316224
calibration-20260902-f,S1-50-r02,2026-09-01T15:47:25.49085786Z,3950.381432,62818556,811450368,801083392
calibration-20260902-f,S1-50-r02,2026-09-01T15:47:25.501060952Z,3960.584524,62818737,811679744,800989184
calibration-20260902-f,S1-50-r02,2026-09-01T15:47:25.511198554Z,3970.722126,62818941,811679744,800989184
calibration-20260902-f,S1-50-r02,2026-09-01T15:47:25.521391335Z,3980.914907,62819210,811679744,800989184
calibration-20260902-f,S1-50-r02,2026-09-01T15:47:25.531518357Z,3991.041930,62819405,811679744,800989184
calibration-20260902-f,S1-50-r02,2026-09-01T15:47:25.541666229Z,4001.189802,62819583,811679744,800989184
calibration-20260902-f,S1-50-r02,2026-09-01T15:47:25.550846518Z,4010.370090,62819778,811679744,800989184
calibration-20260902-f,S1-50-r02,2026-09-01T15:47:25.560987944Z,4020.511517,62819948,811679744,800989184
calibration-20260902-f,S1-50-r02,2026-09-01T15:47:25.571391837Z,4030.915410,62855924,793300992,782766080
calibration-20260902-f,S1-50-r02,2026-09-01T15:47:25.581620784Z,4041.144356,62891762,799264768,788795392
calibration-20260902-f,S1-50-r02,2026-09-01T15:47:25.590814629Z,4050.338201,62918673,799264768,788795392
calibration-20260902-f,S1-50-r02,2026-09-01T15:47:25.601012584Z,4060.536157,62918836,799264768,788692992
calibration-20260902-f,S1-50-r02,2026-09-01T15:47:25.611198614Z,4070.722187,62919026,799264768,788692992
calibration-20260902-f,S1-50-r02,2026-09-01T15:47:25.621365805Z,4080.889377,62919193,799264768,788692992
calibration-20260902-f,S1-50-r02,2026-09-01T15:47:25.631483561Z,4091.007132,62919380,799494144,788692992
calibration-20260902-f,S1-50-r02,2026-09-01T15:47:25.640625035Z,4100.148608,62919531,799494144,788692992
calibration-20260902-f,S1-50-r02,2026-09-01T15:47:25.650810309Z,4110.333882,62919720,799494144,788692992
calibration-20260902-f,S1-50-r02,2026-09-01T15:47:25.661042421Z,4120.565994,62919932,799494144,788692992
calibration-20260902-f,S1-50-r02,2026-09-01T15:47:25.671248893Z,4130.772465,62954980,799494144,788692992
calibration-20260902-f,S1-50-r02,2026-09-01T15:47:25.681472817Z,4140.996389,62991153,799494144,788692992
calibration-20260902-f,S1-50-r02,2026-09-01T15:47:25.690734868Z,4150.258441,63022558,799494144,788692992
calibration-20260902-f,S1-50-r02,2026-09-01T15:47:25.700956504Z,4160.480076,63022756,799494144,788692992
calibration-20260902-f,S1-50-r02,2026-09-01T15:47:25.711187608Z,4170.711180,63022985,799494144,788692992
calibration-20260902-f,S1-50-r02,2026-09-01T15:47:25.721436207Z,4180.959781,63023254,799494144,788692992
calibration-20260902-f,S1-50-r02,2026-09-01T15:47:25.762795608Z,4222.319180,63023587,799494144,788692992
calibration-20260902-f,S1-50-r02,2026-09-01T15:47:25.771048993Z,4230.572565,63058955,799494144,788692992
calibration-20260902-f,S1-50-r02,2026-09-01T15:47:25.781266884Z,4240.790451,63094925,799952896,789217280
calibration-20260902-f,S1-50-r02,2026-09-01T15:47:25.791468671Z,4250.992245,63117376,799952896,789217280
calibration-20260902-f,S1-50-r02,2026-09-01T15:47:25.801667236Z,4261.190808,63117608,799952896,789217280
calibration-20260902-f,S1-50-r02,2026-09-01T15:47:25.810834265Z,4270.357837,63117769,799952896,789217280
calibration-20260902-f,S1-50-r02,2026-09-01T15:47:25.820978597Z,4280.502170,63117926,799952896,789475328
calibration-20260902-f,S1-50-r02,2026-09-01T15:47:25.831188017Z,4290.711589,63118113,800182272,789315584
calibration-20260902-f,S1-50-r02,2026-09-01T15:47:25.84137808Z,4300.901653,63118308,800182272,789315584
calibration-20260902-f,S1-50-r02,2026-09-01T15:47:25.851555006Z,4311.078578,63118536,800182272,789315584
calibration-20260902-f,S1-50-r02,2026-09-01T15:47:25.862765235Z,4322.288808,63118724,800182272,789315584
calibration-20260902-f,S1-50-r02,2026-09-01T15:47:25.871132682Z,4330.656278,63153674,800182272,789315584
calibration-20260902-f,S1-50-r02,2026-09-01T15:47:25.881398416Z,4340.921989,63189701,804999168,794034176
calibration-20260902-f,S1-50-r02,2026-09-01T15:47:25.891667926Z,4351.191498,63221189,812797952,801898496
calibration-20260902-f,S1-50-r02,2026-09-01T15:47:25.900848957Z,4360.372529,63221360,812797952,801898496
calibration-20260902-f,S1-50-r02,2026-09-01T15:47:25.910951199Z,4370.474765,63221449,812797952,801898496
calibration-20260902-f,S1-50-r02,2026-09-01T15:47:25.921096949Z,4380.620516,63221522,812797952,801898496
calibration-20260902-f,S1-50-r02,2026-09-01T15:47:25.93124416Z,4390.767733,63221607,812797952,801898496
calibration-20260902-f,S1-50-r02,2026-09-01T15:47:25.941421725Z,4400.945292,63221707,812797952,801898496
calibration-20260902-f,S1-50-r02,2026-09-01T15:47:25.951556283Z,4411.079856,63221802,812797952,801898496
calibration-20260902-f,S1-50-r02,2026-09-01T15:47:25.96073941Z,4420.262978,63221887,812797952,801898496
calibration-20260902-f,S1-50-r02,2026-09-01T15:47:25.97089388Z,4430.417453,63257070,826789888,816054272
calibration-20260902-f,S1-50-r02,2026-09-01T15:47:25.981073782Z,4440.597353,63293607,861425664,850915328
calibration-20260902-f,S1-50-r02,2026-09-01T15:47:25.991246686Z,4450.770258,63320931,877252608,866906112
calibration-20260902-f,S1-50-r02,2026-09-01T15:47:26.062786622Z,4522.310194,63321210,877711360,867430400
calibration-20260902-f,S1-50-r02,2026-09-01T15:47:26.071032255Z,4530.555822,63356817,905465856,895217664
calibration-20260902-f,S1-50-r02,2026-09-01T15:47:26.081313782Z,4540.837355,63393298,933220352,923529216
calibration-20260902-f,S1-50-r02,2026-09-01T15:47:26.091667148Z,4551.190721,63420369,936202240,926412800
calibration-20260902-f,S1-50-r02,2026-09-01T15:47:26.100850592Z,4560.374165,63420569,936202240,926670848
calibration-20260902-f,S1-50-r02,2026-09-01T15:47:26.110999958Z,4570.523532,63420782,936202240,926670848
calibration-20260902-f,S1-50-r02,2026-09-01T15:47:26.121162462Z,4580.686035,63420954,936202240,926670848
calibration-20260902-f,S1-50-r02,2026-09-01T15:47:26.162866619Z,4622.390192,63421347,936660992,926932992
calibration-20260902-f,S1-50-r02,2026-09-01T15:47:26.171026285Z,4630.549852,63456820,947900416,938205184
calibration-20260902-f,S1-50-r02,2026-09-01T15:47:26.181250356Z,4640.773928,63492694,948129792,938467328
calibration-20260902-f,S1-50-r02,2026-09-01T15:47:26.191499688Z,4651.023260,63519712,948359168,938467328
calibration-20260902-f,S1-50-r02,2026-09-01T15:47:26.201654109Z,4661.177681,63519879,948359168,938467328
calibration-20260902-f,S1-50-r02,2026-09-01T15:47:26.210836668Z,4670.360240,63520023,948359168,938467328
calibration-20260902-f,S1-50-r02,2026-09-01T15:47:26.221042776Z,4680.566344,63520169,948359168,938467328
calibration-20260902-f,S1-50-r02,2026-09-01T15:47:26.231206438Z,4690.730005,63520268,948359168,938467328
calibration-20260902-f,S1-50-r02,2026-09-01T15:47:26.241399064Z,4700.922637,63520394,948359168,938467328
calibration-20260902-f,S1-50-r02,2026-09-01T15:47:26.251531162Z,4711.054729,63520468,948359168,938467328
calibration-20260902-f,S1-50-r02,2026-09-01T15:47:26.260646101Z,4720.169674,63520547,948359168,938467328
calibration-20260902-f,S1-50-r02,2026-09-01T15:47:26.270804298Z,4730.327870,63555596,948359168,938467328
calibration-20260902-f,S1-50-r02,2026-09-01T15:47:26.281031689Z,4740.555256,63591957,948359168,938467328
calibration-20260902-f,S1-50-r02,2026-09-01T15:47:26.291299915Z,4750.823486,63618911,948359168,938463232
calibration-20260902-f,S1-50-r02,2026-09-01T15:47:26.301503499Z,4761.027071,63619110,948359168,938463232
calibration-20260902-f,S1-50-r02,2026-09-01T15:47:26.311645709Z,4771.169282,63619314,948359168,938463232
calibration-20260902-f,S1-50-r02,2026-09-01T15:47:26.320805732Z,4780.329304,63619483,948359168,938463232
calibration-20260902-f,S1-50-r02,2026-09-01T15:47:26.330940917Z,4790.464489,63619645,948359168,938463232
calibration-20260902-f,S1-50-r02,2026-09-01T15:47:26.341061034Z,4800.584606,63619865,948359168,938463232
calibration-20260902-f,S1-50-r02,2026-09-01T15:47:26.351277096Z,4810.800668,63620074,948359168,938639360
calibration-20260902-f,S1-50-r02,2026-09-01T15:47:26.361453347Z,4820.976915,63620397,948359168,938639360
calibration-20260902-f,S1-50-r02,2026-09-01T15:47:26.371612589Z,4831.136162,63655431,948359168,938639360
calibration-20260902-f,S1-50-r02,2026-09-01T15:47:26.381205077Z,4840.728649,63692005,948817920,938831872
calibration-20260902-f,S1-50-r02,2026-09-01T15:47:26.391387753Z,4850.911326,63718898,948817920,938831872
calibration-20260902-f,S1-50-r02,2026-09-01T15:47:26.401588509Z,4861.112081,63719174,948817920,938831872
calibration-20260902-f,S1-50-r02,2026-09-01T15:47:26.41076445Z,4870.288022,63719315,948817920,939094016
calibration-20260902-f,S1-50-r02,2026-09-01T15:47:26.420913563Z,4880.437135,63719568,948817920,939094016
calibration-20260902-f,S1-50-r02,2026-09-01T15:47:26.431080722Z,4890.604290,63719685,948817920,939094016
calibration-20260902-f,S1-50-r02,2026-09-01T15:47:26.441249111Z,4900.772678,63719791,948817920,939094016
calibration-20260902-f,S1-50-r02,2026-09-01T15:47:26.451411395Z,4910.934962,63719912,948817920,939094016
calibration-20260902-f,S1-50-r02,2026-09-01T15:47:26.461602155Z,4921.125729,63720020,948817920,939094016
calibration-20260902-f,S1-50-r02,2026-09-01T15:47:26.470768746Z,4930.292318,63755024,948817920,939094016
calibration-20260902-f,S1-50-r02,2026-09-01T15:47:26.481054175Z,4940.577748,63790874,948817920,939094016
calibration-20260902-f,S1-50-r02,2026-09-01T15:47:26.491288687Z,4950.812259,63817759,948817920,939094016
calibration-20260902-f,S1-50-r02,2026-09-01T15:47:26.501562651Z,4961.086223,63817948,948817920,939094016
calibration-20260902-f,S1-50-r02,2026-09-01T15:47:26.510745957Z,4970.269529,63818141,948817920,939094016
calibration-20260902-f,S1-50-r02,2026-09-01T15:47:26.520845526Z,4980.369100,63818287,948817920,939098112
calibration-20260902-f,S1-50-r02,2026-09-01T15:47:26.531013158Z,4990.536731,63818431,948817920,939098112
calibration-20260902-f,S1-50-r02,2026-09-01T15:47:26.541234706Z,5000.758302,63818568,948817920,939098112
calibration-20260902-f,S1-50-r02,2026-09-01T15:47:26.551491216Z,5011.014788,63818849,948817920,939098112
calibration-20260902-f,S1-50-r02,2026-09-01T15:47:26.560660762Z,5020.184334,63819005,948817920,939356160
calibration-20260902-f,S1-50-r02,2026-09-01T15:47:26.570849053Z,5030.372626,63854106,948817920,939356160
calibration-20260902-f,S1-50-r02,2026-09-01T15:47:26.581083543Z,5040.607116,63889919,948817920,939220992
calibration-20260902-f,S1-50-r02,2026-09-01T15:47:26.591334985Z,5050.858558,63921296,948817920,938807296
calibration-20260902-f,S1-50-r02,2026-09-01T15:47:26.601513717Z,5061.037290,63921492,948817920,938807296
calibration-20260902-f,S1-50-r02,2026-09-01T15:47:26.610724645Z,5070.248217,63921668,949047296,938807296
calibration-20260902-f,S1-50-r02,2026-09-01T15:47:26.620923824Z,5080.447396,63921824,949047296,938807296
calibration-20260902-f,S1-50-r02,2026-09-01T15:47:26.631016411Z,5090.539984,63921948,949047296,938807296
calibration-20260902-f,S1-50-r02,2026-09-01T15:47:26.641218372Z,5100.741944,63922095,949047296,938807296
calibration-20260902-f,S1-50-r02,2026-09-01T15:47:26.662750546Z,5122.274120,63922208,949276672,938807296
calibration-20260902-f,S1-50-r02,2026-09-01T15:47:26.670911134Z,5130.434701,63957896,949276672,938807296
calibration-20260902-f,S1-50-r02,2026-09-01T15:47:26.681158108Z,5140.681676,63993750,949276672,938807296
calibration-20260902-f,S1-50-r02,2026-09-01T15:47:26.691343823Z,5150.867395,64020669,949276672,938807296
calibration-20260902-f,S1-50-r02,2026-09-01T15:47:26.701579817Z,5161.103390,64020911,949276672,938807296
calibration-20260902-f,S1-50-r02,2026-09-01T15:47:26.710734712Z,5170.258284,64021075,949276672,938807296
calibration-20260902-f,S1-50-r02,2026-09-01T15:47:26.720844827Z,5180.368399,64021268,949276672,938807296
calibration-20260902-f,S1-50-r02,2026-09-01T15:47:26.731013151Z,5190.536724,64021405,949276672,938807296
calibration-20260902-f,S1-50-r02,2026-09-01T15:47:26.76277587Z,5222.299442,64021488,949276672,938807296
calibration-20260902-f,S1-50-r02,2026-09-01T15:47:26.770958874Z,5230.482448,64057995,901275648,891109376
calibration-20260902-f,S1-50-r02,2026-09-01T15:47:26.780865699Z,5240.389271,64095405,853463040,843509760
calibration-20260902-f,S1-50-r02,2026-09-01T15:47:26.791044931Z,5250.568503,64122262,853463040,843509760
calibration-20260902-f,S1-50-r02,2026-09-01T15:47:26.801242465Z,5260.766037,64122403,853692416,843509760
calibration-20260902-f,S1-50-r02,2026-09-01T15:47:26.811419111Z,5270.942683,64122540,853692416,843575296
calibration-20260902-f,S1-50-r02,2026-09-01T15:47:26.821564129Z,5281.087702,64122678,853692416,843575296
calibration-20260902-f,S1-50-r02,2026-09-01T15:47:26.830624311Z,5290.147883,64122792,853692416,843575296
calibration-20260902-f,S1-50-r02,2026-09-01T15:47:26.840733505Z,5300.257078,64122921,853692416,843575296
calibration-20260902-f,S1-50-r02,2026-09-01T15:47:26.850918071Z,5310.441643,64123085,853692416,843575296
calibration-20260902-f,S1-50-r02,2026-09-01T15:47:26.861116224Z,5320.639796,64123235,853692416,843575296
calibration-20260902-f,S1-50-r02,2026-09-01T15:47:26.871255768Z,5330.779341,64158402,853692416,843575296
calibration-20260902-f,S1-50-r02,2026-09-01T15:47:26.880940865Z,5340.464438,64195194,805679104,795525120
calibration-20260902-f,S1-50-r02,2026-09-01T15:47:26.891176946Z,5350.700519,64222105,805679104,795525120
calibration-20260902-f,S1-50-r02,2026-09-01T15:47:26.901370614Z,5360.894187,64222346,805679104,795426816
calibration-20260902-f,S1-50-r02,2026-09-01T15:47:26.911511676Z,5371.035250,64222508,805679104,795426816
calibration-20260902-f,S1-50-r02,2026-09-01T15:47:26.92165959Z,5381.183163,64222686,805679104,795426816
calibration-20260902-f,S1-50-r02,2026-09-01T15:47:26.930828299Z,5390.351871,64222841,805679104,795426816
calibration-20260902-f,S1-50-r02,2026-09-01T15:47:26.941028314Z,5400.551887,64223025,805679104,795426816
calibration-20260902-f,S1-50-r02,2026-09-01T15:47:26.951172102Z,5410.695672,64223197,805908480,795426816
calibration-20260902-f,S1-50-r02,2026-09-01T15:47:26.961369168Z,5420.892741,64223388,805908480,795426816
calibration-20260902-f,S1-50-r02,2026-09-01T15:47:26.970878573Z,5430.402145,64258469,805908480,795426816
calibration-20260902-f,S1-50-r02,2026-09-01T15:47:26.981028007Z,5440.551579,64294324,806137856,795426816
calibration-20260902-f,S1-50-r02,2026-09-01T15:47:26.991250291Z,5450.773864,64321236,806137856,795426816
calibration-20260902-f,S1-50-r02,2026-09-01T15:47:27.001436084Z,5460.959662,64321443,806137856,795426816
calibration-20260902-f,S1-50-r02,2026-09-01T15:47:27.011627206Z,5471.150773,64321604,806137856,795426816
calibration-20260902-f,S1-50-r02,2026-09-01T15:47:27.020782542Z,5480.306113,64321679,806137856,795426816
calibration-20260902-f,S1-50-r02,2026-09-01T15:47:27.030880034Z,5490.403606,64321738,806137856,795426816
calibration-20260902-f,S1-50-r02,2026-09-01T15:47:27.041040154Z,5500.563728,64321815,806137856,795426816
calibration-20260902-f,S1-50-r02,2026-09-01T15:47:27.051345009Z,5510.868577,64322078,806137856,795426816
calibration-20260902-f,S1-50-r02,2026-09-01T15:47:27.062764645Z,5522.288212,64322278,806137856,795426816
calibration-20260902-f,S1-50-r02,2026-09-01T15:47:27.07097301Z,5530.496582,64357362,806137856,795426816
calibration-20260902-f,S1-50-r02,2026-09-01T15:47:27.081162976Z,5540.686549,64393197,806137856,795426816
calibration-20260902-f,S1-50-r02,2026-09-01T15:47:27.09132579Z,5550.849363,64420123,806137856,795426816
calibration-20260902-f,S1-50-r02,2026-09-01T15:47:27.101500024Z,5561.023596,64420327,806137856,795426816
calibration-20260902-f,S1-50-r02,2026-09-01T15:47:27.110654022Z,5570.177594,64420479,806137856,795426816
calibration-20260902-f,S1-50-r02,2026-09-01T15:47:27.120801905Z,5580.325477,64420630,806137856,795426816
calibration-20260902-f,S1-50-r02,2026-09-01T15:47:27.130997934Z,5590.521507,64420819,806137856,795426816
calibration-20260902-f,S1-50-r02,2026-09-01T15:47:27.141139836Z,5600.663409,64420999,806137856,795426816
calibration-20260902-f,S1-50-r02,2026-09-01T15:47:27.15131387Z,5610.837443,64421182,806137856,795684864
calibration-20260902-f,S1-50-r02,2026-09-01T15:47:27.161511819Z,5621.035391,64421400,806137856,795684864
calibration-20260902-f,S1-50-r02,2026-09-01T15:47:27.170630535Z,5630.154108,64456446,807514112,797466624
calibration-20260902-f,S1-50-r02,2026-09-01T15:47:27.180861448Z,5640.385020,64493543,827469824,817221632
calibration-20260902-f,S1-50-r02,2026-09-01T15:47:27.191035021Z,5650.558594,64519458,839626752,829800448
calibration-20260902-f,S1-50-r02,2026-09-01T15:47:27.201231704Z,5660.755278,64519643,839626752,829587456
calibration-20260902-f,S1-50-r02,2026-09-01T15:47:27.26277443Z,5722.298002,64520030,839626752,829587456
calibration-20260902-f,S1-50-r02,2026-09-01T15:47:27.271096116Z,5730.619688,64555522,860270592,850296832
calibration-20260902-f,S1-50-r02,2026-09-01T15:47:27.281343174Z,5740.866746,64595506,883437568,873590784
calibration-20260902-f,S1-50-r02,2026-09-01T15:47:27.291491371Z,5751.014943,64619956,900640768,890892288
calibration-20260902-f,S1-50-r02,2026-09-01T15:47:27.300625941Z,5760.149514,64620136,900640768,890892288
calibration-20260902-f,S1-50-r02,2026-09-01T15:47:27.310850912Z,5770.374484,64620358,900640768,890892288
calibration-20260902-f,S1-50-r02,2026-09-01T15:47:27.320988263Z,5780.511836,64620475,900640768,890892288
calibration-20260902-f,S1-50-r02,2026-09-01T15:47:27.331148332Z,5790.671904,64620592,900640768,890892288
calibration-20260902-f,S1-50-r02,2026-09-01T15:47:27.341337171Z,5800.860743,64620720,900640768,890892288
calibration-20260902-f,S1-50-r02,2026-09-01T15:47:27.362752003Z,5822.275576,64620840,900870144,890863616
calibration-20260902-f,S1-50-r02,2026-09-01T15:47:27.370938368Z,5830.461945,64656411,929771520,919699456
calibration-20260902-f,S1-50-r02,2026-09-01T15:47:27.381155944Z,5840.679519,64692860,949497856,939884544
calibration-20260902-f,S1-50-r02,2026-09-01T15:47:27.391424493Z,5850.948065,64719973,951103488,941195264
calibration-20260902-f,S1-50-r02,2026-09-01T15:47:27.401651153Z,5861.174725,64720208,951103488,941195264
calibration-20260902-f,S1-50-r02,2026-09-01T15:47:27.410777771Z,5870.301343,64720411,951103488,941195264
calibration-20260902-f,S1-50-r02,2026-09-01T15:47:27.420922745Z,5880.446317,64720568,951103488,941457408
calibration-20260902-f,S1-50-r02,2026-09-01T15:47:27.462766607Z,5922.290180,64720918,951103488,941719552
calibration-20260902-f,S1-50-r02,2026-09-01T15:47:27.470897398Z,5930.420965,64756201,952250368,942243840
calibration-20260902-f,S1-50-r02,2026-09-01T15:47:27.481126623Z,5940.650195,64792061,952250368,942243840
calibration-20260902-f,S1-50-r02,2026-09-01T15:47:27.491428564Z,5950.952137,64819055,952479744,942505984
calibration-20260902-f,S1-50-r02,2026-09-01T15:47:27.501653967Z,5961.177539,64819333,952479744,942505984
calibration-20260902-f,S1-50-r02,2026-09-01T15:47:27.510858266Z,5970.381838,64819558,952479744,942505984
calibration-20260902-f,S1-50-r02,2026-09-01T15:47:27.521025363Z,5980.548937,64819749,952479744,942505984
calibration-20260902-f,S1-50-r02,2026-09-01T15:47:27.531150418Z,5990.673990,64819915,952479744,942505984
calibration-20260902-f,S1-50-r02,2026-09-01T15:47:27.541337045Z,6000.860617,64820060,952709120,942505984
calibration-20260902-f,S1-50-r02,2026-09-01T15:47:27.551437646Z,6010.961219,64820169,952709120,942505984
calibration-20260902-f,S1-50-r02,2026-09-01T15:47:27.561565654Z,6021.089227,64820271,952709120,942505984
calibration-20260902-f,S1-50-r02,2026-09-01T15:47:27.571129044Z,6030.652617,64856968,952938496,942907392
calibration-20260902-f,S1-50-r02,2026-09-01T15:47:27.58125257Z,6040.776143,64892816,952938496,942907392
calibration-20260902-f,S1-50-r02,2026-09-01T15:47:27.591485209Z,6051.008781,64919811,953397248,943169536
calibration-20260902-f,S1-50-r02,2026-09-01T15:47:27.601665761Z,6061.189333,64920117,953397248,943169536
calibration-20260902-f,S1-50-r02,2026-09-01T15:47:27.610845738Z,6070.369311,64920310,953397248,943169536
calibration-20260902-f,S1-50-r02,2026-09-01T15:47:27.621026047Z,6080.549620,64920459,953397248,943169536
calibration-20260902-f,S1-50-r02,2026-09-01T15:47:27.631221321Z,6090.744893,64920678,953397248,943169536
calibration-20260902-f,S1-50-r02,2026-09-01T15:47:27.641368972Z,6100.892544,64920861,953397248,943169536
calibration-20260902-f,S1-50-r02,2026-09-01T15:47:27.651579559Z,6111.103132,64921035,953397248,943169536
calibration-20260902-f,S1-50-r02,2026-09-01T15:47:27.660654932Z,6120.178505,64921169,953397248,943169536
calibration-20260902-f,S1-50-r02,2026-09-01T15:47:27.670842217Z,6130.365790,64956306,953397248,943431680
calibration-20260902-f,S1-50-r02,2026-09-01T15:47:27.681012871Z,6140.536443,64992175,953626624,943431680
calibration-20260902-f,S1-50-r02,2026-09-01T15:47:27.691227607Z,6150.751180,65019161,953626624,943431680
calibration-20260902-f,S1-50-r02,2026-09-01T15:47:27.701492071Z,6161.015644,65019463,953626624,943431680
calibration-20260902-f,S1-50-r02,2026-09-01T15:47:27.762775967Z,6222.299539,65019666,953626624,943431680
calibration-20260902-f,S1-50-r02,2026-09-01T15:47:27.770926506Z,6230.450080,65054860,954085376,943693824
calibration-20260902-f,S1-50-r02,2026-09-01T15:47:27.781166052Z,6240.689626,65090722,954085376,943693824
calibration-20260902-f,S1-50-r02,2026-09-01T15:47:27.79138366Z,6250.907233,65122179,954085376,943693824
calibration-20260902-f,S1-50-r02,2026-09-01T15:47:27.801599835Z,6261.123408,65122427,954314752,943693824
calibration-20260902-f,S1-50-r02,2026-09-01T15:47:27.810741456Z,6270.265028,65122555,954314752,943693824
calibration-20260902-f,S1-50-r02,2026-09-01T15:47:27.820940695Z,6280.464267,65122722,954314752,943951872
calibration-20260902-f,S1-50-r02,2026-09-01T15:47:27.83110375Z,6290.627322,65122898,954314752,943951872
calibration-20260902-f,S1-50-r02,2026-09-01T15:47:27.862792861Z,6322.316457,65123230,954314752,943722496
calibration-20260902-f,S1-50-r02,2026-09-01T15:47:27.871200919Z,6330.724486,65157974,954314752,943722496
calibration-20260902-f,S1-50-r02,2026-09-01T15:47:27.881500345Z,6341.023917,65193818,954544128,943984640
calibration-20260902-f,S1-50-r02,2026-09-01T15:47:27.89066331Z,6350.186877,65221140,906534912,896008192
calibration-20260902-f,S1-50-r02,2026-09-01T15:47:27.90084086Z,6360.364433,65221360,906534912,896008192
calibration-20260902-f,S1-50-r02,2026-09-01T15:47:27.911014126Z,6370.537698,65221556,906534912,895913984
calibration-20260902-f,S1-50-r02,2026-09-01T15:47:27.921152517Z,6380.676090,65221696,906534912,895913984
calibration-20260902-f,S1-50-r02,2026-09-01T15:47:27.931430519Z,6390.954092,65221858,906534912,895913984
calibration-20260902-f,S1-50-r02,2026-09-01T15:47:27.941600091Z,6401.123663,65222011,906534912,895913984
calibration-20260902-f,S1-50-r02,2026-09-01T15:47:27.950733989Z,6410.257562,65222095,906534912,895913984
calibration-20260902-f,S1-50-r02,2026-09-01T15:47:27.9628277Z,6422.351272,65222376,906534912,895913984
calibration-20260902-f,S1-50-r02,2026-09-01T15:47:27.971418162Z,6430.941734,65258364,906764288,896348160
calibration-20260902-f,S1-50-r02,2026-09-01T15:47:27.981623852Z,6441.147419,65294971,908369920,898166784
calibration-20260902-f,S1-50-r02,2026-09-01T15:47:27.990810614Z,6450.334187,65317394,908369920,898166784
calibration-20260902-f,S1-50-r02,2026-09-01T15:47:28.000964511Z,6460.488090,65317570,908369920,898166784
calibration-20260902-f,S1-50-r02,2026-09-01T15:47:28.011058734Z,6470.582306,65317768,908369920,898166784
calibration-20260902-f,S1-50-r02,2026-09-01T15:47:28.02119467Z,6480.718243,65317917,908369920,898166784
calibration-20260902-f,S1-50-r02,2026-09-01T15:47:28.031334574Z,6490.858141,65318223,908369920,898166784
calibration-20260902-f,S1-50-r02,2026-09-01T15:47:28.041493544Z,6501.017116,65318311,908369920,898166784
calibration-20260902-f,S1-50-r02,2026-09-01T15:47:28.051648651Z,6511.172218,65318401,908369920,898166784
calibration-20260902-f,S1-50-r02,2026-09-01T15:47:28.062778391Z,6522.301963,65318600,908369920,898166784
calibration-20260902-f,S1-50-r02,2026-09-01T15:47:28.071008041Z,6530.531613,65353981,908369920,898166784
calibration-20260902-f,S1-50-r02,2026-09-01T15:47:28.090785656Z,6550.309224,65417816,812539904,802271232
calibration-20260902-f,S1-50-r02,2026-09-01T15:47:28.101015407Z,6560.538980,65418340,812998656,802271232
calibration-20260902-f,S1-50-r02,2026-09-01T15:47:28.111183711Z,6570.707284,65418456,812998656,802070528
calibration-20260902-f,S1-50-r02,2026-09-01T15:47:28.121312745Z,6580.836318,65418565,812998656,802070528
calibration-20260902-f,S1-50-r02,2026-09-01T15:47:28.131435423Z,6590.958996,65418675,812998656,802070528
calibration-20260902-f,S1-50-r02,2026-09-01T15:47:28.141620495Z,6601.144067,65418802,812998656,802070528
calibration-20260902-f,S1-50-r02,2026-09-01T15:47:28.150746555Z,6610.270127,65418931,812998656,802070528
calibration-20260902-f,S1-50-r02,2026-09-01T15:47:28.160908143Z,6620.431716,65419059,812998656,801857536
calibration-20260902-f,S1-50-r02,2026-09-01T15:47:28.171152382Z,6630.675980,65454143,812998656,801857536
calibration-20260902-f,S1-50-r02,2026-09-01T15:47:28.181530123Z,6641.053696,65490149,812998656,802381824
calibration-20260902-f,S1-50-r02,2026-09-01T15:47:28.190691662Z,6650.215236,65521446,812998656,802381824
calibration-20260902-f,S1-50-r02,2026-09-01T15:47:28.20086353Z,6660.387102,65521616,812998656,802115584
calibration-20260902-f,S1-50-r02,2026-09-01T15:47:28.211067274Z,6670.590846,65521822,812998656,802377728
calibration-20260902-f,S1-50-r02,2026-09-01T15:47:28.221265374Z,6680.788947,65522000,812998656,802377728
calibration-20260902-f,S1-50-r02,2026-09-01T15:47:28.263376255Z,6722.899828,65522287,812998656,802377728
calibration-20260902-f,S1-50-r02,2026-09-01T15:47:28.2716618Z,6731.185372,65557093,812998656,802635776
calibration-20260902-f,S1-50-r02,2026-09-01T15:47:28.280905782Z,6740.429354,65592787,812998656,802635776
calibration-20260902-f,S1-50-r02,2026-09-01T15:47:28.29114091Z,6750.664482,65619834,819191808,808927232
calibration-20260902-f,S1-50-r02,2026-09-01T15:47:28.301345583Z,6760.869156,65619972,819191808,808927232
calibration-20260902-f,S1-50-r02,2026-09-01T15:47:28.311510998Z,6771.034570,65620137,819191808,808927232
calibration-20260902-f,S1-50-r02,2026-09-01T15:47:28.321648704Z,6781.172277,65620271,819191808,808927232
calibration-20260902-f,S1-50-r02,2026-09-01T15:47:28.330763542Z,6790.287114,65620392,819191808,808927232
calibration-20260902-f,S1-50-r02,2026-09-01T15:47:28.340843485Z,6800.367058,65620523,819191808,808927232
calibration-20260902-f,S1-50-r02,2026-09-01T15:47:28.351014235Z,6810.537807,65620701,819191808,808701952
calibration-20260902-f,S1-50-r02,2026-09-01T15:47:28.361208264Z,6820.731831,65620847,819191808,808701952
calibration-20260902-f,S1-50-r02,2026-09-01T15:47:28.371384926Z,6830.908498,65656072,835248128,824954880
calibration-20260902-f,S1-50-r02,2026-09-01T15:47:28.3817295Z,6841.253073,65692144,854974464,844877824
calibration-20260902-f,S1-50-r02,2026-09-01T15:47:28.390983016Z,6850.506588,65719090,856350720,846188544
calibration-20260902-f,S1-50-r02,2026-09-01T15:47:28.401150172Z,6860.673744,65719267,856350720,846188544
calibration-20260902-f,S1-50-r02,2026-09-01T15:47:28.411356194Z,6870.879765,65719450,856350720,846188544
calibration-20260902-f,S1-50-r02,2026-09-01T15:47:28.421563428Z,6881.087000,65719596,856350720,846188544
calibration-20260902-f,S1-50-r02,2026-09-01T15:47:28.430741546Z,6890.265118,65719737,856350720,846188544
calibration-20260902-f,S1-50-r02,2026-09-01T15:47:28.440921266Z,6900.444838,65719894,856350720,846188544
calibration-20260902-f,S1-50-r02,2026-09-01T15:47:28.451050491Z,6910.574063,65720031,856580096,846188544
calibration-20260902-f,S1-50-r02,2026-09-01T15:47:28.461185573Z,6920.709145,65720150,856580096,845897728
calibration-20260902-f,S1-50-r02,2026-09-01T15:47:28.471357772Z,6930.881345,65755319,862085120,851140608
calibration-20260902-f,S1-50-r02,2026-09-01T15:47:28.481624359Z,6941.147930,65791412,866902016,856096768
calibration-20260902-f,S1-50-r02,2026-09-01T15:47:28.490835454Z,6950.359026,65822620,868966400,858456064
calibration-20260902-f,S1-50-r02,2026-09-01T15:47:28.501060057Z,6960.583630,65822827,868966400,858456064
calibration-20260902-f,S1-50-r02,2026-09-01T15:47:28.511233964Z,6970.757536,65823025,868966400,858456064
calibration-20260902-f,S1-50-r02,2026-09-01T15:47:28.52137973Z,6980.903303,65823187,868966400,858456064
calibration-20260902-f,S1-50-r02,2026-09-01T15:47:28.531544427Z,6991.068000,65823385,868966400,858456064
calibration-20260902-f,S1-50-r02,2026-09-01T15:47:28.540647589Z,7000.171162,65823523,868966400,858456064
calibration-20260902-f,S1-50-r02,2026-09-01T15:47:28.550823417Z,7010.346990,65823670,868966400,858456064
calibration-20260902-f,S1-50-r02,2026-09-01T15:47:28.562779912Z,7022.303484,65823855,869195776,858456064
calibration-20260902-f,S1-50-r02,2026-09-01T15:47:28.57095438Z,7030.477952,65859420,890527744,880214016
calibration-20260902-f,S1-50-r02,2026-09-01T15:47:28.58115053Z,7040.674102,65895815,918052864,907739136
calibration-20260902-f,S1-50-r02,2026-09-01T15:47:28.59135349Z,7050.877063,65923004,932274176,921632768
calibration-20260902-f,S1-50-r02,2026-09-01T15:47:28.601522495Z,7061.046067,65923272,932274176,921890816
calibration-20260902-f,S1-50-r02,2026-09-01T15:47:28.610771973Z,7070.295546,65923491,932274176,921890816
calibration-20260902-f,S1-50-r02,2026-09-01T15:47:28.620950565Z,7080.474138,65923683,932274176,921890816
calibration-20260902-f,S1-50-r02,2026-09-01T15:47:28.631078745Z,7090.602318,65923815,932274176,921890816
calibration-20260902-f,S1-50-r02,2026-09-01T15:47:28.662841841Z,7122.365414,65923937,932503552,922415104
calibration-20260902-f,S1-50-r02,2026-09-01T15:47:28.671060902Z,7130.584475,65959455,953376768,943124480
calibration-20260902-f,S1-50-r02,2026-09-01T15:47:28.681323567Z,7140.847139,65995939,958652416,948367360
calibration-20260902-f,S1-50-r02,2026-09-01T15:47:28.69155857Z,7151.082142,66022942,958881792,948367360
calibration-20260902-f,S1-50-r02,2026-09-01T15:47:28.700742533Z,7160.266105,66023119,958881792,948367360
calibration-20260902-f,S1-50-r02,2026-09-01T15:47:28.710899261Z,7170.422833,66023322,958881792,948367360
calibration-20260902-f,S1-50-r02,2026-09-01T15:47:28.721223564Z,7180.747136,66023662,958881792,948367360
calibration-20260902-f,S1-50-r02,2026-09-01T15:47:28.731456592Z,7190.980164,66023958,958881792,948367360
calibration-20260902-f,S1-50-r02,2026-09-01T15:47:28.740663274Z,7200.186847,66024160,958881792,948367360
calibration-20260902-f,S1-50-r02,2026-09-01T15:47:28.75083856Z,7210.362132,66024328,958881792,948625408
calibration-20260902-f,S1-50-r02,2026-09-01T15:47:28.761095948Z,7220.619520,66024475,958881792,948625408
calibration-20260902-f,S1-50-r02,2026-09-01T15:47:28.770861164Z,7230.384736,66059541,958881792,948625408
calibration-20260902-f,S1-50-r02,2026-09-01T15:47:28.781134241Z,7240.657808,66096068,958881792,948625408
calibration-20260902-f,S1-50-r02,2026-09-01T15:47:28.791352321Z,7250.875894,66123404,959340544,948817920
calibration-20260902-f,S1-50-r02,2026-09-01T15:47:28.801559695Z,7261.083267,66123621,959340544,948817920
calibration-20260902-f,S1-50-r02,2026-09-01T15:47:28.810646193Z,7270.169765,66123758,959340544,948817920
calibration-20260902-f,S1-50-r02,2026-09-01T15:47:28.820809344Z,7280.332916,66123926,959340544,948817920
calibration-20260902-f,S1-50-r02,2026-09-01T15:47:28.830950957Z,7290.474529,66124142,959340544,948817920
calibration-20260902-f,S1-50-r02,2026-09-01T15:47:28.841110406Z,7300.633978,66124339,959340544,948817920
calibration-20260902-f,S1-50-r02,2026-09-01T15:47:28.851300327Z,7310.823900,66124576,959340544,948817920
calibration-20260902-f,S1-50-r02,2026-09-01T15:47:28.861586002Z,7321.109575,66124882,959340544,948817920
calibration-20260902-f,S1-50-r02,2026-09-01T15:47:28.870850119Z,7330.373691,66160069,959340544,948817920
calibration-20260902-f,S1-50-r02,2026-09-01T15:47:28.881119946Z,7340.643519,66196004,959340544,948817920
calibration-20260902-f,S1-50-r02,2026-09-01T15:47:28.89137138Z,7350.894953,66222982,959340544,948817920
calibration-20260902-f,S1-50-r02,2026-09-01T15:47:28.901599899Z,7361.123471,66223211,959340544,948817920
calibration-20260902-f,S1-50-r02,2026-09-01T15:47:28.962791849Z,7422.315421,66223363,959340544,948817920
calibration-20260902-f,S1-50-r02,2026-09-01T15:47:28.971000568Z,7430.524140,66258569,959340544,948817920
calibration-20260902-f,S1-50-r02,2026-09-01T15:47:28.981241362Z,7440.764930,66294742,959340544,948817920
calibration-20260902-f,S1-50-r02,2026-09-01T15:47:28.991452792Z,7450.976363,66321750,959340544,948817920
calibration-20260902-f,S1-50-r02,2026-09-01T15:47:29.000651923Z,7460.175502,66321968,959340544,948817920
calibration-20260902-f,S1-50-r02,2026-09-01T15:47:29.010846746Z,7470.370319,66322169,959340544,948817920
calibration-20260902-f,S1-50-r02,2026-09-01T15:47:29.021053504Z,7480.577076,66322399,959340544,948817920
calibration-20260902-f,S1-50-r02,2026-09-01T15:47:29.031290937Z,7490.814511,66322610,959340544,948817920
calibration-20260902-f,S1-50-r02,2026-09-01T15:47:29.062808646Z,7522.332218,66322915,959340544,948670464
calibration-20260902-f,S1-50-r02,2026-09-01T15:47:29.071031357Z,7530.554930,66357999,959340544,948932608
calibration-20260902-f,S1-50-r02,2026-09-01T15:47:29.081227763Z,7540.751330,66395839,919904256,948903936
calibration-20260902-f,S1-50-r02,2026-09-01T15:47:29.091420158Z,7550.943726,66416640,911597568,900792320
calibration-20260902-f,S1-50-r02,2026-09-01T15:47:29.101581167Z,7561.104740,66416780,911597568,900792320
calibration-20260902-f,S1-50-r02,2026-09-01T15:47:29.11063522Z,7570.158792,66416910,911597568,900792320
calibration-20260902-f,S1-50-r02,2026-09-01T15:47:29.120835388Z,7580.358960,66417075,911826944,900792320
calibration-20260902-f,S1-50-r02,2026-09-01T15:47:29.130932794Z,7590.456367,66417235,911826944,900792320
calibration-20260902-f,S1-50-r02,2026-09-01T15:47:29.141101157Z,7600.624731,66417411,911826944,900792320
calibration-20260902-f,S1-50-r02,2026-09-01T15:47:29.151273851Z,7610.797423,66417589,911826944,901050368
calibration-20260902-f,S1-50-r02,2026-09-01T15:47:29.161467119Z,7620.990691,66417760,911826944,901050368
calibration-20260902-f,S1-50-r02,2026-09-01T15:47:29.170643618Z,7630.167190,66452788,911826944,901050368
calibration-20260902-f,S1-50-r02,2026-09-01T15:47:29.180869471Z,7640.393044,66489072,911826944,901050368
calibration-20260902-f,S1-50-r02,2026-09-01T15:47:29.191099063Z,7650.622636,66521094,911826944,901050368
calibration-20260902-f,S1-50-r02,2026-09-01T15:47:29.262817648Z,7722.341221,66521451,911826944,901046272
calibration-20260902-f,S1-50-r02,2026-09-01T15:47:29.270958463Z,7730.482035,66556951,911826944,901308416
calibration-20260902-f,S1-50-r02,2026-09-01T15:47:29.281210871Z,7740.734439,66593330,911826944,901308416
calibration-20260902-f,S1-50-r02,2026-09-01T15:47:29.291393533Z,7750.917105,66620218,911826944,901308416
calibration-20260902-f,S1-50-r02,2026-09-01T15:47:29.301569068Z,7761.092641,66620445,911826944,901308416
calibration-20260902-f,S1-50-r02,2026-09-01T15:47:29.310773207Z,7770.296779,66620645,911826944,901308416
calibration-20260902-f,S1-50-r02,2026-09-01T15:47:29.362828411Z,7822.351984,66620988,911826944,901353472
calibration-20260902-f,S1-50-r02,2026-09-01T15:47:29.371022978Z,7830.546554,66656591,863703040,853118976
calibration-20260902-f,S1-50-r02,2026-09-01T15:47:29.381532667Z,7841.056240,66693622,843456512,833314816
calibration-20260902-f,S1-50-r02,2026-09-01T15:47:29.391233557Z,7850.757130,66720956,846667776,836608000
calibration-20260902-f,S1-50-r02,2026-09-01T15:47:29.401463732Z,7860.987305,66721173,846667776,836407296
calibration-20260902-f,S1-50-r02,2026-09-01T15:47:29.411630639Z,7871.154211,66721357,846667776,836403200
calibration-20260902-f,S1-50-r02,2026-09-01T15:47:29.420769014Z,7880.292588,66721485,846667776,836403200
calibration-20260902-f,S1-50-r02,2026-09-01T15:47:29.430860914Z,7890.384486,66721593,846667776,836403200
calibration-20260902-f,S1-50-r02,2026-09-01T15:47:29.441009936Z,7900.533509,66721773,846667776,836403200
calibration-20260902-f,S1-50-r02,2026-09-01T15:47:29.451203254Z,7910.726827,66721987,846667776,836403200
calibration-20260902-f,S1-50-r02,2026-09-01T15:47:29.461342941Z,7920.866514,66722165,846667776,836403200
calibration-20260902-f,S1-50-r02,2026-09-01T15:47:29.471482678Z,7931.006251,66757242,876716032,866549760
calibration-20260902-f,S1-50-r02,2026-09-01T15:47:29.480647493Z,7940.171065,66793021,879697920,869433344
calibration-20260902-f,S1-50-r02,2026-09-01T15:47:29.490906653Z,7950.430226,66819939,879697920,869433344
calibration-20260902-f,S1-50-r02,2026-09-01T15:47:29.501085506Z,7960.609078,66820129,879697920,869433344
calibration-20260902-f,S1-50-r02,2026-09-01T15:47:29.511228901Z,7970.752474,66820232,879697920,869433344
calibration-20260902-f,S1-50-r02,2026-09-01T15:47:29.521373986Z,7980.897555,66820299,879697920,869433344
calibration-20260902-f,S1-50-r02,2026-09-01T15:47:29.531514518Z,7991.038086,66820382,879697920,869433344
calibration-20260902-f,S1-50-r02,2026-09-01T15:47:29.541648866Z,8001.172438,66820443,879697920,869433344
calibration-20260902-f,S1-50-r02,2026-09-01T15:47:29.550770162Z,8010.293729,66820508,879697920,869433344
calibration-20260902-f,S1-50-r02,2026-09-01T15:47:29.560952086Z,8020.475658,66820601,879697920,869691392
calibration-20260902-f,S1-50-r02,2026-09-01T15:47:29.571108008Z,8030.631606,66855733,884973568,875175936
calibration-20260902-f,S1-50-r02,2026-09-01T15:47:29.58148366Z,8041.007233,66892123,903323648,893526016
calibration-20260902-f,S1-50-r02,2026-09-01T15:47:29.591639218Z,8051.162790,66919266,911351808,901652480
calibration-20260902-f,S1-50-r02,2026-09-01T15:47:29.600901351Z,8060.424923,66919491,911351808,901652480
calibration-20260902-f,S1-50-r02,2026-09-01T15:47:29.662817903Z,8122.341476,66919784,911581184,901451776
calibration-20260902-f,S1-50-r02,2026-09-01T15:47:29.670997177Z,8130.520749,66955125,925343744,915083264
calibration-20260902-f,S1-50-r02,2026-09-01T15:47:29.681182297Z,8140.705868,66991008,928096256,917704704
calibration-20260902-f,S1-50-r02,2026-09-01T15:47:29.691406087Z,8150.929659,67018031,928096256,917704704
calibration-20260902-f,S1-50-r02,2026-09-01T15:47:29.701674007Z,8161.197579,67018306,928096256,917704704
calibration-20260902-f,S1-50-r02,2026-09-01T15:47:29.710897179Z,8170.420776,67018521,928096256,917704704
calibration-20260902-f,S1-50-r02,2026-09-01T15:47:29.721158417Z,8180.681989,67018834,928096256,917704704
calibration-20260902-f,S1-50-r02,2026-09-01T15:47:29.731325052Z,8190.848624,67019038,928096256,917704704
calibration-20260902-f,S1-50-r02,2026-09-01T15:47:29.741540179Z,8201.063752,67019236,928096256,917704704
calibration-20260902-f,S1-50-r02,2026-09-01T15:47:29.750644966Z,8210.168538,67019427,928096256,917704704
calibration-20260902-f,S1-50-r02,2026-09-01T15:47:29.760864827Z,8220.388400,67019619,928096256,917704704
calibration-20260902-f,S1-50-r02,2026-09-01T15:47:29.771095486Z,8230.619058,67054949,928096256,917704704
calibration-20260902-f,S1-50-r02,2026-09-01T15:47:29.781302465Z,8240.826037,67093338,928784384,918491136
calibration-20260902-f,S1-50-r02,2026-09-01T15:47:29.791559092Z,8251.082660,67113838,930619392,920326144
calibration-20260902-f,S1-50-r02,2026-09-01T15:47:29.80077506Z,8260.298632,67114033,930619392,920326144
calibration-20260902-f,S1-50-r02,2026-09-01T15:47:29.810940176Z,8270.463748,67114247,930619392,920326144
calibration-20260902-f,S1-50-r02,2026-09-01T15:47:29.821215246Z,8280.738819,67114523,930619392,920326144
calibration-20260902-f,S1-50-r02,2026-09-01T15:47:29.831347606Z,8290.871179,67114770,930619392,920326144
calibration-20260902-f,S1-50-r02,2026-09-01T15:47:29.796290687Z,8301.106353,67114999,930619392,920121344
calibration-20260902-f,S1-50-r02,2026-09-01T15:47:29.817471274Z,8322.286939,67115401,930848768,920121344
calibration-20260902-f,S1-50-r02,2026-09-01T15:47:29.825689742Z,8330.505407,67150866,945528832,934801408
calibration-20260902-f,S1-50-r02,2026-09-01T15:47:29.835950757Z,8340.766422,67189473,968695808,958394368
calibration-20260902-f,S1-50-r02,2026-09-01T15:47:29.846350776Z,8351.166436,67223895,983375872,973004800
calibration-20260902-f,S1-50-r02,2026-09-01T15:47:29.85557785Z,8360.393516,67224075,983375872,973266944
calibration-20260902-f,S1-50-r02,2026-09-01T15:47:29.865797196Z,8370.612862,67224378,983375872,973266944
calibration-20260902-f,S1-50-r02,2026-09-01T15:47:29.876039513Z,8380.855178,67224609,983605248,973266944
calibration-20260902-f,S1-50-r02,2026-09-01T15:47:29.886263252Z,8391.078918,67224893,983605248,973266944
calibration-20260902-f,S1-50-r02,2026-09-01T15:47:29.895400895Z,8400.216560,67225116,983605248,973266944
calibration-20260902-f,S1-50-r02,2026-09-01T15:47:29.905589117Z,8410.404783,67225441,983605248,973266944
calibration-20260902-f,S1-50-r02,2026-09-01T15:47:29.917477416Z,8422.293083,67225641,983605248,973529088
calibration-20260902-f,S1-50-r02,2026-09-01T15:47:29.925742244Z,8430.557910,67261199,1005854720,995811328
calibration-20260902-f,S1-50-r02,2026-09-01T15:47:29.936031312Z,8440.846978,67297457,1022599168,1012588544
calibration-20260902-f,S1-50-r02,2026-09-01T15:47:29.946282698Z,8451.098372,67320062,1024434176,1014161408
calibration-20260902-f,S1-50-r02,2026-09-01T15:47:29.955484156Z,8460.299821,67320290,1024434176,1014161408
calibration-20260902-f,S1-50-r02,2026-09-01T15:47:29.965703371Z,8470.519037,67320589,1024434176,1014161408
calibration-20260902-f,S1-50-r02,2026-09-01T15:47:29.975966101Z,8480.781766,67320886,1024434176,1013846016
calibration-20260902-f,S1-50-r02,2026-09-01T15:47:29.986185387Z,8491.001052,67321149,1024663552,1013846016
calibration-20260902-f,S1-50-r02,2026-09-01T15:47:33.39836595Z,8500.157896,67321291,1024663552,1013780480
calibration-20260902-f,S1-50-r02,2026-09-01T15:47:33.408554389Z,8510.346335,67321469,1024663552,1013780480
calibration-20260902-f,S1-50-r02,2026-09-01T15:47:33.41881965Z,8520.611596,67321649,1024663552,1013780480
calibration-20260902-f,S1-50-r02,2026-09-01T15:47:33.429012521Z,8530.804462,67357018,1027874816,1017188352
calibration-20260902-f,S1-50-r02,2026-09-01T15:47:33.439249357Z,8541.041304,67392912,1027874816,1017188352
calibration-20260902-f,S1-50-r02,2026-09-01T15:47:33.448403708Z,8550.195655,67419904,1027874816,1017188352
calibration-20260902-f,S1-50-r02,2026-09-01T15:47:33.458648748Z,8560.440694,67420195,1027874816,1017188352
calibration-20260902-f,S1-50-r02,2026-09-01T15:47:33.46885396Z,8570.645906,67420396,1027874816,1017188352
calibration-20260902-f,S1-50-r02,2026-09-01T15:47:33.47907789Z,8580.869837,67420680,1027874816,1017188352
calibration-20260902-f,S1-50-r02,2026-09-01T15:47:33.489293712Z,8591.085658,67420914,1027874816,1017188352
calibration-20260902-f,S1-50-r02,2026-09-01T15:47:33.498483888Z,8600.275834,67421098,1027874816,1017188352
calibration-20260902-f,S1-50-r02,2026-09-01T15:47:33.50866119Z,8610.453136,67421299,1027874816,1017446400
calibration-20260902-f,S1-50-r02,2026-09-01T15:47:33.518927288Z,8620.719236,67421573,1027874816,1017446400
calibration-20260902-f,S1-50-r02,2026-09-01T15:47:33.529193182Z,8630.985129,67456778,1027874816,1017446400
calibration-20260902-f,S1-50-r02,2026-09-01T15:47:33.539366985Z,8641.158932,67495909,1027874816,1017446400
calibration-20260902-f,S1-50-r02,2026-09-01T15:47:33.548625609Z,8650.417551,67519894,1028104192,1017446400
calibration-20260902-f,S1-50-r02,2026-09-01T15:47:33.558855088Z,8660.647029,67520041,1028104192,1017446400
calibration-20260902-f,S1-50-r02,2026-09-01T15:47:33.569061861Z,8670.853807,67520200,1028104192,1017446400
calibration-20260902-f,S1-50-r02,2026-09-01T15:47:33.579257994Z,8681.049935,67520322,1028104192,1017446400
calibration-20260902-f,S1-50-r02,2026-09-01T15:47:33.588394765Z,8690.186706,67520412,1028104192,1017446400
calibration-20260902-f,S1-50-r02,2026-09-01T15:47:33.598575129Z,8700.367070,67520521,1028104192,1017704448
calibration-20260902-f,S1-50-r02,2026-09-01T15:47:33.608696396Z,8710.488338,67520618,1028104192,1017704448
calibration-20260902-f,S1-50-r02,2026-09-01T15:47:33.618856646Z,8720.648587,67520698,1028104192,1017704448
calibration-20260902-f,S1-50-r02,2026-09-01T15:47:33.629052426Z,8730.844372,67555796,1028104192,1017704448
calibration-20260902-f,S1-50-r02,2026-09-01T15:47:33.639254901Z,8741.046842,67596135,989896704,986062848
calibration-20260902-f,S1-50-r02,2026-09-01T15:47:33.720669039Z,8822.460980,67615677,983425024,972451840
calibration-20260902-f,S1-50-r02,2026-09-01T15:47:33.728961058Z,8830.753004,67650803,997646336,986607616
calibration-20260902-f,S1-50-r02,2026-09-01T15:47:33.739266519Z,8841.058466,67687321,1014849536,1004429312
calibration-20260902-f,S1-50-r02,2026-09-01T15:47:33.748386952Z,8850.178893,67723154,1028612096,1018060800
calibration-20260902-f,S1-50-r02,2026-09-01T15:47:33.758530067Z,8860.322013,67723331,1028612096,1018060800
calibration-20260902-f,S1-50-r02,2026-09-01T15:47:33.768639681Z,8870.431628,67723485,1028612096,1018060800
calibration-20260902-f,S1-50-r02,2026-09-01T15:47:33.778845814Z,8880.637759,67723668,1028612096,1018060800
calibration-20260902-f,S1-50-r02,2026-09-01T15:47:33.789015481Z,8890.807428,67723839,1028612096,1018060800
calibration-20260902-f,S1-50-r02,2026-09-01T15:47:33.799113361Z,8900.905308,67723984,1028612096,1018060800
calibration-20260902-f,S1-50-r02,2026-09-01T15:47:33.809318897Z,8911.110845,67724140,1028612096,1018060800
calibration-20260902-f,S1-50-r02,2026-09-01T15:47:33.818407772Z,8920.199718,67724231,1028612096,1018060800
calibration-20260902-f,S1-50-r02,2026-09-01T15:47:33.828622263Z,8930.414210,67759394,1028612096,1018322944
calibration-20260902-f,S1-50-r02,2026-09-01T15:47:33.838845092Z,8940.637038,67795231,1028612096,1018322944
calibration-20260902-f,S1-50-r02,2026-09-01T15:47:33.920504105Z,9022.296051,67822365,1028612096,1018322944
calibration-20260902-f,S1-50-r02,2026-09-01T15:47:33.92866229Z,9030.454237,67857615,1028612096,1018322944
calibration-20260902-f,S1-50-r02,2026-09-01T15:47:33.938966253Z,9040.758199,67896116,1028612096,1018322944
calibration-20260902-f,S1-50-r02,2026-09-01T15:47:33.949181808Z,9050.973748,67921229,1028612096,1018322944
calibration-20260902-f,S1-50-r02,2026-09-01T15:47:33.958449819Z,9060.241766,67921471,1028612096,1018322944
calibration-20260902-f,S1-50-r02,2026-09-01T15:47:34.020702958Z,9122.494904,67921998,1028612096,1018585088
calibration-20260902-f,S1-50-r02,2026-09-01T15:47:34.028949733Z,9130.741680,67956856,1028612096,1018585088
calibration-20260902-f,S1-50-r02,2026-09-01T15:47:34.039142096Z,9140.934037,67993581,925147136,952307712
calibration-20260902-f,S1-50-r02,2026-09-01T15:47:34.049256162Z,9151.048108,68020584,927621120,917110784
calibration-20260902-f,S1-50-r02,2026-09-01T15:47:34.058352124Z,9160.144070,68020731,927621120,917110784
calibration-20260902-f,S1-50-r02,2026-09-01T15:47:34.068516961Z,9170.308907,68020876,927621120,916885504
calibration-20260902-f,S1-50-r02,2026-09-01T15:47:34.078655265Z,9180.447211,68021047,927621120,916885504
calibration-20260902-f,S1-50-r02,2026-09-01T15:47:34.088821114Z,9190.613060,68021225,927621120,916885504
calibration-20260902-f,S1-50-r02,2026-09-01T15:47:34.099010842Z,9200.802788,68021390,927621120,916885504
calibration-20260902-f,S1-50-r02,2026-09-01T15:47:34.109188891Z,9210.980837,68021577,927621120,916885504
calibration-20260902-f,S1-50-r02,2026-09-01T15:47:34.119354339Z,9221.146286,68021878,927621120,917143552
calibration-20260902-f,S1-50-r02,2026-09-01T15:47:34.128546907Z,9230.338849,68057395,904859648,894328832
calibration-20260902-f,S1-50-r02,2026-09-01T15:47:34.139308837Z,9241.100784,68094318,914952192,904220672
calibration-20260902-f,S1-50-r02,2026-09-01T15:47:34.148536178Z,9250.328119,68121633,914952192,904220672
calibration-20260902-f,S1-50-r02,2026-09-01T15:47:34.158773283Z,9260.565229,68121891,914952192,904122368
calibration-20260902-f,S1-50-r02,2026-09-01T15:47:34.168938398Z,9270.730345,68122138,914952192,904122368
calibration-20260902-f,S1-50-r02,2026-09-01T15:47:34.179082381Z,9280.874328,68122333,914952192,904122368
calibration-20260902-f,S1-50-r02,2026-09-01T15:47:34.189283939Z,9291.075885,68122557,914952192,904122368
calibration-20260902-f,S1-50-r02,2026-09-01T15:47:34.198392752Z,9300.184698,68122759,914952192,904122368
calibration-20260902-f,S1-50-r02,2026-09-01T15:47:34.208501558Z,9310.293504,68122885,914952192,904122368
calibration-20260902-f,S1-50-r02,2026-09-01T15:47:34.220508287Z,9322.300234,68123048,914952192,904122368
calibration-20260902-f,S1-50-r02,2026-09-01T15:47:34.22870932Z,9330.501266,68158112,914952192,904122368
calibration-20260902-f,S1-50-r02,2026-09-01T15:47:34.238931504Z,9340.723450,68193921,914952192,904122368
calibration-20260902-f,S1-50-r02,2026-09-01T15:47:34.249073923Z,9350.865869,68220821,914952192,904122368
calibration-20260902-f,S1-50-r02,2026-09-01T15:47:34.259254992Z,9361.046938,68221073,914952192,904208384
calibration-20260902-f,S1-50-r02,2026-09-01T15:47:34.269383383Z,9371.175329,68221297,914952192,904208384
calibration-20260902-f,S1-50-r02,2026-09-01T15:47:34.278591098Z,9380.383045,68221505,914952192,904208384
calibration-20260902-f,S1-50-r02,2026-09-01T15:47:34.288765498Z,9390.557445,68221720,914952192,904208384
calibration-20260902-f,S1-50-r02,2026-09-01T15:47:34.298960473Z,9400.752419,68221926,914952192,904237056
calibration-20260902-f,S1-50-r02,2026-09-01T15:47:34.309074491Z,9410.866438,68222093,914952192,904237056
calibration-20260902-f,S1-50-r02,2026-09-01T15:47:34.319271834Z,9421.063780,68222299,914952192,904237056
calibration-20260902-f,S1-50-r02,2026-09-01T15:47:34.329404816Z,9431.196765,68257468,914952192,904237056
calibration-20260902-f,S1-50-r02,2026-09-01T15:47:34.338736153Z,9440.528126,68293420,914952192,904237056
calibration-20260902-f,S1-50-r02,2026-09-01T15:47:34.348948125Z,9450.740072,68320462,914952192,904237056
calibration-20260902-f,S1-50-r02,2026-09-01T15:47:34.359187229Z,9460.979177,68320706,914952192,904237056
calibration-20260902-f,S1-50-r02,2026-09-01T15:47:34.420520378Z,9522.312323,68321051,914952192,904237056
calibration-20260902-f,S1-50-r02,2026-09-01T15:47:34.428736285Z,9530.528226,68356637,914952192,904237056
calibration-20260902-f,S1-50-r02,2026-09-01T15:47:34.438971801Z,9540.763747,68392510,915181568,904237056
calibration-20260902-f,S1-50-r02,2026-09-01T15:47:34.449137596Z,9550.929542,68419430,915181568,904495104
calibration-20260902-f,S1-50-r02,2026-09-01T15:47:34.459380684Z,9561.172631,68419725,915181568,904495104
calibration-20260902-f,S1-50-r02,2026-09-01T15:47:34.468622216Z,9570.414163,68419960,915181568,904495104
calibration-20260902-f,S1-50-r02,2026-09-01T15:47:34.478781016Z,9580.572963,68420147,915181568,904495104
calibration-20260902-f,S1-50-r02,2026-09-01T15:47:34.488974386Z,9590.766332,68420354,915181568,904495104
calibration-20260902-f,S1-50-r02,2026-09-01T15:47:34.499213507Z,9601.005454,68420581,915181568,904495104
calibration-20260902-f,S1-50-r02,2026-09-01T15:47:34.50837568Z,9610.167626,68420762,915181568,904495104
calibration-20260902-f,S1-50-r02,2026-09-01T15:47:34.518556699Z,9620.348646,68420901,915181568,904495104
calibration-20260902-f,S1-50-r02,2026-09-01T15:47:34.52868312Z,9630.475066,68456291,868012032,857546752
calibration-20260902-f,S1-50-r02,2026-09-01T15:47:34.539239644Z,9641.031590,68493264,885215232,874516480
calibration-20260902-f,S1-50-r02,2026-09-01T15:47:34.548505807Z,9650.297754,68520369,886591488,875728896
calibration-20260902-f,S1-50-r02,2026-09-01T15:47:34.558677446Z,9660.469392,68520552,886591488,875728896
calibration-20260902-f,S1-50-r02,2026-09-01T15:47:34.5688284Z,9670.620342,68520792,886591488,875728896
calibration-20260902-f,S1-50-r02,2026-09-01T15:47:34.579004506Z,9680.796453,68520904,886591488,875728896
calibration-20260902-f,S1-50-r02,2026-09-01T15:47:34.620515168Z,9722.307114,68521066,886820864,875991040
calibration-20260902-f,S1-50-r02,2026-09-01T15:47:34.628708562Z,9730.500509,68556785,901500928,890933248
calibration-20260902-f,S1-50-r02,2026-09-01T15:47:34.63898026Z,9740.772207,68592872,918474752,907710464
calibration-20260902-f,S1-50-r02,2026-09-01T15:47:34.649129433Z,9750.921379,68619830,918474752,907710464
calibration-20260902-f,S1-50-r02,2026-09-01T15:47:34.659337008Z,9761.128955,68620046,918474752,907972608
calibration-20260902-f,S1-50-r02,2026-09-01T15:47:34.668496842Z,9770.288788,68620191,918474752,907972608
calibration-20260902-f,S1-50-r02,2026-09-01T15:47:34.678705397Z,9780.497344,68620391,918474752,907972608
calibration-20260902-f,S1-50-r02,2026-09-01T15:47:34.688905668Z,9790.697615,68620582,918474752,907972608
calibration-20260902-f,S1-50-r02,2026-09-01T15:47:34.699108417Z,9800.900363,68620771,918474752,907972608
calibration-20260902-f,S1-50-r02,2026-09-01T15:47:34.709295976Z,9811.087922,68620969,918474752,907972608
calibration-20260902-f,S1-50-r02,2026-09-01T15:47:34.718506082Z,9820.298028,68621191,918474752,907972608
calibration-20260902-f,S1-50-r02,2026-09-01T15:47:34.72864827Z,9830.440217,68656195,918474752,907972608
calibration-20260902-f,S1-50-r02,2026-09-01T15:47:34.738904481Z,9840.696427,68692093,918704128,907972608
calibration-20260902-f,S1-50-r02,2026-09-01T15:47:34.749137648Z,9850.929589,68719350,918704128,907972608
calibration-20260902-f,S1-50-r02,2026-09-01T15:47:34.759331073Z,9861.123020,68719480,918704128,907972608
calibration-20260902-f,S1-50-r02,2026-09-01T15:47:34.768488068Z,9870.280009,68719575,918704128,907972608
calibration-20260902-f,S1-50-r02,2026-09-01T15:47:34.778659725Z,9880.451672,68719672,918704128,907972608
calibration-20260902-f,S1-50-r02,2026-09-01T15:47:34.788758178Z,9890.550119,68719745,918704128,907972608
calibration-20260902-f,S1-50-r02,2026-09-01T15:47:34.798904842Z,9900.696783,68719814,918704128,908230656
calibration-20260902-f,S1-50-r02,2026-09-01T15:47:34.809049067Z,9910.841013,68719888,918704128,908230656
calibration-20260902-f,S1-50-r02,2026-09-01T15:47:34.819198493Z,9920.990435,68719961,918704128,908230656
calibration-20260902-f,S1-50-r02,2026-09-01T15:47:34.82937896Z,9931.170907,68754998,918704128,908230656
calibration-20260902-f,S1-50-r02,2026-09-01T15:47:34.838536011Z,9940.327957,68791897,918933504,908627968
calibration-20260902-f,S1-50-r02,2026-09-01T15:47:34.848737858Z,9950.529804,68818778,918933504,908627968
calibration-20260902-f,S1-50-r02,2026-09-01T15:47:34.858895527Z,9960.687474,68818985,918933504,908627968
calibration-20260902-f,S1-50-r02,2026-09-01T15:47:34.869089209Z,9970.881155,68819239,919162880,908627968
calibration-20260902-f,S1-50-r02,2026-09-01T15:47:34.879296807Z,9981.088754,68819445,919162880,908627968
calibration-20260902-f,S1-50-r02,2026-09-01T15:47:34.920517958Z,10022.309904,68819782,919162880,908627968
calibration-20260902-f,S1-50-r02,2026-09-01T15:47:34.928775983Z,10030.567930,68854801,919162880,908627968
calibration-20260902-f,S1-50-r02,2026-09-01T15:47:34.938962074Z,10040.754020,68890860,931549184,921214976
calibration-20260902-f,S1-50-r02,2026-09-01T15:47:34.94919887Z,10050.990817,68922546,949669888,938778624
calibration-20260902-f,S1-50-r02,2026-09-01T15:47:34.959387919Z,10061.179865,68922687,949669888,938778624
calibration-20260902-f,S1-50-r02,2026-09-01T15:47:34.968518365Z,10070.310311,68922759,949669888,938778624
calibration-20260902-f,S1-50-r02,2026-09-01T15:47:34.978724599Z,10080.516540,68922900,949669888,938778624
calibration-20260902-f,S1-50-r02,2026-09-01T15:47:34.988900391Z,10090.692333,68923032,949669888,938778624
calibration-20260902-f,S1-50-r02,2026-09-01T15:47:34.999056839Z,10100.848780,68923123,949669888,938778624
calibration-20260902-f,S1-50-r02,2026-09-01T15:47:35.009180804Z,10110.972752,68923194,949669888,938778624
calibration-20260902-f,S1-50-r02,2026-09-01T15:47:35.01934449Z,10121.136431,68923276,949669888,938778624
calibration-20260902-f,S1-50-r02,2026-09-01T15:47:35.028511614Z,10130.303560,68958590,964579328,953982976
calibration-20260902-f,S1-50-r02,2026-09-01T15:47:35.038775954Z,10140.567901,68994572,968019968,957128704
calibration-20260902-f,S1-50-r02,2026-09-01T15:47:35.049050439Z,10150.842386,69017094,968019968,957128704
calibration-20260902-f,S1-50-r02,2026-09-01T15:47:35.059285111Z,10161.077058,69017324,968019968,957128704
calibration-20260902-f,S1-50-r02,2026-09-01T15:47:35.06836254Z,10170.154487,69017503,968019968,957128704
calibration-20260902-f,S1-50-r02,2026-09-01T15:47:35.078527429Z,10180.319375,69017650,968019968,957128704
calibration-20260902-f,S1-50-r02,2026-09-01T15:47:35.088707949Z,10190.499896,69017791,968019968,957128704
calibration-20260902-f,S1-50-r02,2026-09-01T15:47:35.098857165Z,10200.649112,69017926,968019968,957128704
calibration-20260902-f,S1-50-r02,2026-09-01T15:47:35.109106655Z,10210.898601,69018097,968019968,957128704
calibration-20260902-f,S1-50-r02,2026-09-01T15:47:35.119416339Z,10221.208286,69018340,968019968,957128704
calibration-20260902-f,S1-50-r02,2026-09-01T15:47:35.128666339Z,10230.458285,69053471,968249344,957652992
calibration-20260902-f,S1-50-r02,2026-09-01T15:47:35.138918209Z,10240.710156,69089357,968249344,957652992
calibration-20260902-f,S1-50-r02,2026-09-01T15:47:35.149140285Z,10250.932231,69116307,968249344,957652992
calibration-20260902-f,S1-50-r02,2026-09-01T15:47:35.159272363Z,10261.064310,69116516,968249344,957652992
calibration-20260902-f,S1-50-r02,2026-09-01T15:47:35.22055702Z,10322.348967,69116896,968249344,957911040
calibration-20260902-f,S1-50-r02,2026-09-01T15:47:35.229021534Z,10330.813572,69152374,968249344,957911040
calibration-20260902-f,S1-50-r02,2026-09-01T15:47:35.239216152Z,10341.008099,69188315,968249344,957911040
calibration-20260902-f,S1-50-r02,2026-09-01T15:47:35.248425882Z,10350.217823,69215721,968249344,957923328
calibration-20260902-f,S1-50-r02,2026-09-01T15:47:35.258633502Z,10360.425449,69215907,968249344,957923328
calibration-20260902-f,S1-50-r02,2026-09-01T15:47:35.268800256Z,10370.592204,69216116,968249344,957923328
calibration-20260902-f,S1-50-r02,2026-09-01T15:47:35.279006536Z,10380.798483,69216256,968478720,957923328
calibration-20260902-f,S1-50-r02,2026-09-01T15:47:35.289133479Z,10390.925425,69216394,968478720,957923328
calibration-20260902-f,S1-50-r02,2026-09-01T15:47:35.299285217Z,10401.077163,69216533,968478720,957923328
calibration-20260902-f,S1-50-r02,2026-09-01T15:47:35.308472849Z,10410.264795,69216698,968478720,957923328
calibration-20260902-f,S1-50-r02,2026-09-01T15:47:35.318674489Z,10420.466436,69216832,968478720,957923328
calibration-20260902-f,S1-50-r02,2026-09-01T15:47:35.328608196Z,10430.400137,69252599,968478720,957923328
calibration-20260902-f,S1-50-r02,2026-09-01T15:47:35.338941956Z,10440.733902,69289462,968708096,958115840
calibration-20260902-f,S1-50-r02,2026-09-01T15:47:35.349153089Z,10450.945035,69318227,920743936,909860864
calibration-20260902-f,S1-50-r02,2026-09-01T15:47:35.359340023Z,10461.131964,69318386,920973312,909860864
calibration-20260902-f,S1-50-r02,2026-09-01T15:47:35.36851599Z,10470.307931,69318543,920973312,909860864
calibration-20260902-f,S1-50-r02,2026-09-01T15:47:35.378677672Z,10480.469619,69318634,920973312,909766656
calibration-20260902-f,S1-50-r02,2026-09-01T15:47:35.388779335Z,10490.571276,69318728,920973312,909672448
calibration-20260902-f,S1-50-r02,2026-09-01T15:47:35.398943262Z,10500.735203,69318822,920973312,909934592
calibration-20260902-f,S1-50-r02,2026-09-01T15:47:35.409087963Z,10510.879904,69318921,920973312,909934592
calibration-20260902-f,S1-50-r02,2026-09-01T15:47:35.419234844Z,10521.026790,69319004,920973312,909934592
calibration-20260902-f,S1-50-r02,2026-09-01T15:47:35.436386677Z,10538.178625,69390265,953085952,942051328
calibration-20260902-f,S1-50-r02,2026-09-01T15:47:35.438608503Z,10540.400449,69390543,953085952,942051328
calibration-20260902-f,S1-50-r02,2026-09-01T15:47:35.44876854Z,10550.560486,69417425,953085952,942047232
calibration-20260902-f,S1-50-r02,2026-09-01T15:47:35.458922544Z,10560.714491,69417646,953085952,942043136
calibration-20260902-f,S1-50-r02,2026-09-01T15:47:35.469087405Z,10570.879352,69417835,953085952,942305280
calibration-20260902-f,S1-50-r02,2026-09-01T15:47:35.479249528Z,10581.041476,69418022,953085952,942305280
calibration-20260902-f,S1-50-r02,2026-09-01T15:47:35.489389937Z,10591.181884,69418201,953085952,942305280
calibration-20260902-f,S1-50-r02,2026-09-01T15:47:35.498591723Z,10600.383669,69418335,953085952,942305280
calibration-20260902-f,S1-50-r02,2026-09-01T15:47:35.520509067Z,10622.301014,69418528,953085952,942305280
calibration-20260902-f,S1-50-r02,2026-09-01T15:47:35.528761554Z,10630.553501,69453552,953085952,942305280
calibration-20260902-f,S1-50-r02,2026-09-01T15:47:35.538969559Z,10640.761500,69492093,953085952,942563328
calibration-20260902-f,S1-50-r02,2026-09-01T15:47:35.549182923Z,10650.974870,69520919,953085952,942518272
calibration-20260902-f,S1-50-r02,2026-09-01T15:47:35.559347264Z,10661.139211,69521128,953085952,942518272
calibration-20260902-f,S1-50-r02,2026-09-01T15:47:35.568515953Z,10670.307899,69521493,953085952,942518272
calibration-20260902-f,S1-50-r02,2026-09-01T15:47:35.578679949Z,10680.471897,69521577,953085952,942518272
calibration-20260902-f,S1-50-r02,2026-09-01T15:47:35.588762887Z,10690.554834,69521657,953085952,942518272
calibration-20260902-f,S1-50-r02,2026-09-01T15:47:35.598933887Z,10700.725829,69521733,953085952,942518272
calibration-20260902-f,S1-50-r02,2026-09-01T15:47:35.609099246Z,10710.891193,69521849,953085952,942518272
calibration-20260902-f,S1-50-r02,2026-09-01T15:47:35.619274714Z,10721.066656,69521971,953085952,942518272
calibration-20260902-f,S1-50-r02,2026-09-01T15:47:35.62840175Z,10730.193696,69556917,953085952,942518272
calibration-20260902-f,S1-50-r02,2026-09-01T15:47:35.638741631Z,10740.533577,69594707,913485824,934129664
calibration-20260902-f,S1-50-r02,2026-09-01T15:47:35.649085758Z,10750.877706,69620600,905408512,894509056
calibration-20260902-f,S1-50-r02,2026-09-01T15:47:35.659229241Z,10761.021188,69620771,905408512,894509056
calibration-20260902-f,S1-50-r02,2026-09-01T15:47:35.669367504Z,10771.159450,69620881,905408512,894410752
calibration-20260902-f,S1-50-r02,2026-09-01T15:47:35.678499242Z,10780.291188,69620980,905408512,894410752
calibration-20260902-f,S1-50-r02,2026-09-01T15:47:35.688608931Z,10790.400877,69621079,905408512,894410752
calibration-20260902-f,S1-50-r02,2026-09-01T15:47:35.698749455Z,10800.541401,69621234,905408512,894410752
calibration-20260902-f,S1-50-r02,2026-09-01T15:47:35.708866652Z,10810.658599,69621345,905408512,894410752
calibration-20260902-f,S1-50-r02,2026-09-01T15:47:35.718998509Z,10820.790455,69621447,905408512,894410752
calibration-20260902-f,S1-50-r02,2026-09-01T15:47:35.729148471Z,10830.940418,69656491,914124800,903532544
calibration-20260902-f,S1-50-r02,2026-09-01T15:47:35.739389559Z,10841.181506,69692717,932016128,921358336
calibration-20260902-f,S1-50-r02,2026-09-01T15:47:35.748619536Z,10850.411482,69719720,933392384,922669056
calibration-20260902-f,S1-50-r02,2026-09-01T15:47:35.758775391Z,10860.567338,69719904,933392384,922669056
calibration-20260902-f,S1-50-r02,2026-09-01T15:47:35.768937867Z,10870.729813,69720091,933392384,922669056
calibration-20260902-f,S1-50-r02,2026-09-01T15:47:35.77914198Z,10880.933926,69720297,933392384,922669056
calibration-20260902-f,S1-50-r02,2026-09-01T15:47:35.78930495Z,10891.096897,69720486,933392384,922669056
calibration-20260902-f,S1-50-r02,2026-09-01T15:47:35.798451627Z,10900.243574,69720644,933392384,922669056
calibration-20260902-f,S1-50-r02,2026-09-01T15:47:35.808663043Z,10910.454990,69720866,933392384,922669056
calibration-20260902-f,S1-50-r02,2026-09-01T15:47:35.818842104Z,10920.634050,69721090,933392384,922669056
calibration-20260902-f,S1-50-r02,2026-09-01T15:47:35.829094905Z,10930.886851,69756448,949678080,938921984
calibration-20260902-f,S1-50-r02,2026-09-01T15:47:35.839301107Z,10941.093048,69792811,967110656,956444672
calibration-20260902-f,S1-50-r02,2026-09-01T15:47:35.848518091Z,10950.310037,69819705,968486912,957493248
calibration-20260902-f,S1-50-r02,2026-09-01T15:47:35.858744873Z,10960.536820,69819960,968716288,957493248
calibration-20260902-f,S1-50-r02,2026-09-01T15:47:35.868916649Z,10970.708596,69820148,968716288,957493248
calibration-20260902-f,S1-50-r02,2026-09-01T15:47:35.920540238Z,11022.332184,69820322,968716288,957755392
calibration-20260902-f,S1-50-r02,2026-09-01T15:47:35.928728632Z,11030.520578,69855550,980414464,969289728
calibration-20260902-f,S1-50-r02,2026-09-01T15:47:35.938964235Z,11040.756181,69891598,994865152,983707648
calibration-20260902-f,S1-50-r02,2026-09-01T15:47:35.949159969Z,11050.951910,69919054,996700160,985542656
calibration-20260902-f,S1-50-r02,2026-09-01T15:47:35.959362188Z,11061.154134,69919249,996700160,985542656
calibration-20260902-f,S1-50-r02,2026-09-01T15:47:35.968539364Z,11070.331311,69919414,996700160,985542656
calibration-20260902-f,S1-50-r02,2026-09-01T15:47:35.978654793Z,11080.446739,69919621,996700160,985542656
calibration-20260902-f,S1-50-r02,2026-09-01T15:47:35.98884505Z,11090.636996,69919847,996700160,985542656
calibration-20260902-f,S1-50-r02,2026-09-01T15:47:35.999029419Z,11100.821360,69920201,996929536,985804800
calibration-20260902-f,S1-50-r02,2026-09-01T15:47:36.009170633Z,11110.962580,69920290,996929536,985804800
calibration-20260902-f,S1-50-r02,2026-09-01T15:47:36.019322346Z,11121.114287,69920379,996929536,985804800
calibration-20260902-f,S1-50-r02,2026-09-01T15:47:36.028495297Z,11130.287244,69955507,1002663936,991571968
calibration-20260902-f,S1-50-r02,2026-09-01T15:47:36.038689062Z,11140.481008,69991419,1005416448,994717696
calibration-20260902-f,S1-50-r02,2026-09-01T15:47:36.049027582Z,11150.819528,70019490,1007480832,997007360
calibration-20260902-f,S1-50-r02,2026-09-01T15:47:36.059186988Z,11160.978935,70019701,1007480832,997007360
calibration-20260902-f,S1-50-r02,2026-09-01T15:47:36.069321345Z,11171.113291,70019902,1007480832,997007360
calibration-20260902-f,S1-50-r02,2026-09-01T15:47:36.078488575Z,11180.280521,70020091,1007480832,997007360
calibration-20260902-f,S1-50-r02,2026-09-01T15:47:36.088613927Z,11190.405868,70020390,1007480832,997007360
calibration-20260902-f,S1-50-r02,2026-09-01T15:47:36.098833811Z,11200.625751,70020522,1007480832,997007360
calibration-20260902-f,S1-50-r02,2026-09-01T15:47:36.109022546Z,11210.814488,70020664,1007710208,997007360
calibration-20260902-f,S1-50-r02,2026-09-01T15:47:36.120506807Z,11222.298754,70020767,1007710208,997007360
calibration-20260902-f,S1-50-r02,2026-09-01T15:47:36.128628585Z,11230.420531,70056011,1017573376,1006612480
calibration-20260902-f,S1-50-r02,2026-09-01T15:47:36.13888111Z,11240.673056,70092009,1030877184,1019981824
calibration-20260902-f,S1-50-r02,2026-09-01T15:47:36.149041903Z,11250.833849,70119039,1032482816,1021816832
calibration-20260902-f,S1-50-r02,2026-09-01T15:47:36.159253319Z,11261.045266,70119212,1032482816,1021816832
calibration-20260902-f,S1-50-r02,2026-09-01T15:47:36.16840132Z,11270.193268,70119330,1032482816,1021816832
calibration-20260902-f,S1-50-r02,2026-09-01T15:47:36.17853612Z,11280.328066,70119454,1032482816,1021816832
calibration-20260902-f,S1-50-r02,2026-09-01T15:47:36.188661336Z,11290.453282,70119570,1032482816,1021816832
calibration-20260902-f,S1-50-r02,2026-09-01T15:47:36.198801826Z,11300.593773,70119693,1032482816,1021816832
calibration-20260902-f,S1-50-r02,2026-09-01T15:47:36.209013165Z,11310.805111,70119873,1032482816,1021816832
calibration-20260902-f,S1-50-r02,2026-09-01T15:47:36.219171904Z,11320.963849,70120058,1032482816,1021816832
calibration-20260902-f,S1-50-r02,2026-09-01T15:47:36.229408697Z,11331.200644,70155537,1042345984,1031626752
calibration-20260902-f,S1-50-r02,2026-09-01T15:47:36.238588238Z,11340.380179,70191429,1051521024,1040539648
calibration-20260902-f,S1-50-r02,2026-09-01T15:47:36.248742302Z,11350.534249,70222780,1051521024,1040539648
calibration-20260902-f,S1-50-r02,2026-09-01T15:47:36.258944874Z,11360.736820,70223010,1051521024,1040539648
calibration-20260902-f,S1-50-r02,2026-09-01T15:47:36.32056187Z,11422.353816,70223346,1051521024,1040539648
calibration-20260902-f,S1-50-r02,2026-09-01T15:47:36.329260941Z,11431.052888,70258536,1051521024,1040539648
calibration-20260902-f,S1-50-r02,2026-09-01T15:47:36.338414911Z,11440.206895,70294292,1051521024,1040539648
calibration-20260902-f,S1-50-r02,2026-09-01T15:47:36.348758099Z,11450.550045,70316865,1051521024,1040539648
calibration-20260902-f,S1-50-r02,2026-09-01T15:47:36.358978073Z,11460.770020,70317050,1051521024,1040539648
calibration-20260902-f,S1-50-r02,2026-09-01T15:47:36.369194838Z,11470.986784,70317204,1051521024,1040539648
calibration-20260902-f,S1-50-r02,2026-09-01T15:47:36.379307717Z,11481.099663,70317366,1051750400,1040539648
calibration-20260902-f,S1-50-r02,2026-09-01T15:47:36.388466943Z,11490.258888,70317478,1051750400,1040539648
calibration-20260902-f,S1-50-r02,2026-09-01T15:47:36.398628439Z,11500.420386,70317607,1051979776,1040539648
calibration-20260902-f,S1-50-r02,2026-09-01T15:47:36.408733758Z,11510.525704,70317803,1051979776,1040539648
calibration-20260902-f,S1-50-r02,2026-09-01T15:47:36.418919157Z,11520.711104,70317926,1051979776,1040539648
calibration-20260902-f,S1-50-r02,2026-09-01T15:47:36.429049072Z,11530.841019,70352856,1051979776,1040539648
calibration-20260902-f,S1-50-r02,2026-09-01T15:47:36.439209448Z,11541.001395,70388874,1051979776,1040797696
calibration-20260902-f,S1-50-r02,2026-09-01T15:47:36.448398835Z,11550.190781,70420243,1051979776,1040797696
calibration-20260902-f,S1-50-r02,2026-09-01T15:47:36.458635501Z,11560.427448,70420496,1051979776,1040797696
calibration-20260902-f,S1-50-r02,2026-09-01T15:47:36.520513714Z,11622.305661,70420875,1051979776,1040625664
calibration-20260902-f,S1-50-r02,2026-09-01T15:47:36.528742522Z,11630.534463,70456625,1013710848,1002606592
calibration-20260902-f,S1-50-r02,2026-09-01T15:47:36.539042901Z,11640.834846,70493209,1033437184,1022197760
calibration-20260902-f,S1-50-r02,2026-09-01T15:47:36.549275266Z,11651.067213,70520251,1042612224,1031634944
calibration-20260902-f,S1-50-r02,2026-09-01T15:47:36.558522249Z,11660.314196,70520471,1042612224,1031634944
calibration-20260902-f,S1-50-r02,2026-09-01T15:47:36.568674425Z,11670.466371,70520638,1042612224,1031540736
calibration-20260902-f,S1-50-r02,2026-09-01T15:47:36.578838353Z,11680.630300,70520740,1042612224,1031540736
calibration-20260902-f,S1-50-r02,2026-09-01T15:47:36.589041786Z,11690.833732,70520879,1042612224,1031540736
calibration-20260902-f,S1-50-r02,2026-09-01T15:47:36.620517597Z,11722.309544,70521028,1042841600,1031540736
calibration-20260902-f,S1-50-r02,2026-09-01T15:47:36.629030688Z,11730.822635,70556411,1052934144,1042231296
calibration-20260902-f,S1-50-r02,2026-09-01T15:47:36.639227888Z,11741.019834,70592446,1052934144,1042231296
calibration-20260902-f,S1-50-r02,2026-09-01T15:47:36.648503172Z,11750.295119,70619392,1052934144,1042231296
calibration-20260902-f,S1-50-r02,2026-09-01T15:47:36.658729787Z,11760.521734,70619570,1052934144,1042231296
calibration-20260902-f,S1-50-r02,2026-09-01T15:47:36.668943407Z,11770.735348,70619939,1052934144,1042231296
calibration-20260902-f,S1-50-r02,2026-09-01T15:47:36.679103677Z,11780.895618,70620020,1052934144,1042231296
calibration-20260902-f,S1-50-r02,2026-09-01T15:47:36.689271293Z,11791.063234,70620151,1052934144,1042231296
calibration-20260902-f,S1-50-r02,2026-09-01T15:47:36.698459523Z,11800.251469,70620269,1052934144,1042231296
calibration-20260902-f,S1-50-r02,2026-09-01T15:47:36.708554862Z,11810.346804,70620327,1052934144,1042231296
calibration-20260902-f,S1-50-r02,2026-09-01T15:47:36.718722845Z,11820.514792,70620428,1052934144,1042157568
calibration-20260902-f,S1-50-r02,2026-09-01T15:47:36.728870335Z,11830.662282,70656166,1052934144,1042157568
calibration-20260902-f,S1-50-r02,2026-09-01T15:47:36.739141222Z,11840.933163,70692091,1004748800,994140160
calibration-20260902-f,S1-50-r02,2026-09-01T15:47:36.749396324Z,11851.188271,70718992,1004748800,994140160
calibration-20260902-f,S1-50-r02,2026-09-01T15:47:36.758585502Z,11860.377448,70719257,1004978176,994033664
calibration-20260902-f,S1-50-r02,2026-09-01T15:47:36.768694689Z,11870.486636,70719449,1004978176,994033664
calibration-20260902-f,S1-50-r02,2026-09-01T15:47:36.778840215Z,11880.632162,70719618,1004978176,994033664
calibration-20260902-f,S1-50-r02,2026-09-01T15:47:36.789014852Z,11890.806797,70719809,1004978176,994033664
calibration-20260902-f,S1-50-r02,2026-09-01T15:47:36.799206451Z,11900.998397,70720037,1004978176,994033664
calibration-20260902-f,S1-50-r02,2026-09-01T15:47:36.820490955Z,11922.282902,70720286,1004978176,994033664
calibration-20260902-f,S1-50-r02,2026-09-01T15:47:36.828728485Z,11930.520433,70755493,1004978176,994033664
calibration-20260902-f,S1-50-r02,2026-09-01T15:47:36.838864202Z,11940.656143,70791638,1004978176,994033664
calibration-20260902-f,S1-50-r02,2026-09-01T15:47:36.849044239Z,11950.836185,70818541,1004978176,994033664
calibration-20260902-f,S1-50-r02,2026-09-01T15:47:36.859317626Z,11961.109573,70818858,1004978176,994291712
calibration-20260902-f,S1-50-r02,2026-09-01T15:47:36.868495754Z,11970.287701,70819029,1004978176,994291712
calibration-20260902-f,S1-50-r02,2026-09-01T15:47:36.878648245Z,11980.440191,70819185,1004978176,994291712
calibration-20260902-f,S1-50-r02,2026-09-01T15:47:36.888822002Z,11990.613949,70819374,1004978176,994291712
calibration-20260902-f,S1-50-r02,2026-09-01T15:47:36.899002281Z,12000.794227,70819580,1004978176,994291712
calibration-20260902-f,S1-50-r02,2026-09-01T15:47:36.920531156Z,12022.323102,70819900,1004978176,994291712
calibration-20260902-f,S1-50-r02,2026-09-01T15:47:36.928918304Z,12030.710245,70855624,956788736,946298880
calibration-20260902-f,S1-50-r02,2026-09-01T15:47:36.93895386Z,12040.745807,70894846,957018112,946753536
calibration-20260902-f,S1-50-r02,2026-09-01T15:47:36.949240016Z,12051.031962,70914560,958853120,948588544
calibration-20260902-f,S1-50-r02,2026-09-01T15:47:36.959381566Z,12061.173513,70914775,958853120,948490240
calibration-20260902-f,S1-50-r02,2026-09-01T15:47:36.968556992Z,12070.348939,70914936,958853120,948490240
calibration-20260902-f,S1-50-r02,2026-09-01T15:47:36.978704062Z,12080.496009,70915099,958853120,948490240
calibration-20260902-f,S1-50-r02,2026-09-01T15:47:36.988790906Z,12090.582852,70915262,958853120,948748288
calibration-20260902-f,S1-50-r02,2026-09-01T15:47:36.99893683Z,12100.728776,70915420,958853120,948748288
calibration-20260902-f,S1-50-r02,2026-09-01T15:47:37.0090185Z,12110.810447,70915576,958853120,948748288
calibration-20260902-f,S1-50-r02,2026-09-01T15:47:37.019167007Z,12120.958954,70915823,958853120,948748288
calibration-20260902-f,S1-50-r02,2026-09-01T15:47:37.028628889Z,12130.420834,70951140,971927552,961593344
calibration-20260902-f,S1-50-r02,2026-09-01T15:47:37.038824394Z,12140.616341,70987299,988442624,978370560
calibration-20260902-f,S1-50-r02,2026-09-01T15:47:37.049036036Z,12150.827983,71019003,1005187072,995147776
calibration-20260902-f,S1-50-r02,2026-09-01T15:47:37.05925015Z,12161.042096,71019227,1005187072,995147776
calibration-20260902-f,S1-50-r02,2026-09-01T15:47:37.06836Z,12170.151947,71019382,1005187072,995147776
calibration-20260902-f,S1-50-r02,2026-09-01T15:47:37.078539631Z,12180.331577,71019566,1005187072,995147776
calibration-20260902-f,S1-50-r02,2026-09-01T15:47:37.088726399Z,12190.518346,71019761,1005187072,995147776
calibration-20260902-f,S1-50-r02,2026-09-01T15:47:37.098944243Z,12200.736189,71019957,1005187072,995147776
calibration-20260902-f,S1-50-r02,2026-09-01T15:47:37.109168275Z,12210.960221,71020134,1005187072,995143680
calibration-20260902-f,S1-50-r02,2026-09-01T15:47:37.119291947Z,12221.083894,71020288,1005187072,995143680
calibration-20260902-f,S1-50-r02,2026-09-01T15:47:37.128483967Z,12230.275914,71055306,1005416448,995143680
calibration-20260902-f,S1-50-r02,2026-09-01T15:47:37.138736659Z,12240.528606,71091219,1005416448,995143680
calibration-20260902-f,S1-50-r02,2026-09-01T15:47:37.148957798Z,12250.749739,71118502,1005416448,995143680
calibration-20260902-f,S1-50-r02,2026-09-01T15:47:37.159165187Z,12260.957133,71118713,1005416448,995143680
calibration-20260902-f,S1-50-r02,2026-09-01T15:47:37.220617551Z,12322.409498,71119123,1005416448,995405824
calibration-20260902-f,S1-50-r02,2026-09-01T15:47:37.228823647Z,12330.615593,71154383,1018261504,1008488448
calibration-20260902-f,S1-50-r02,2026-09-01T15:47:37.241369827Z,12343.161768,71208513,989356032,979566592
calibration-20260902-f,S1-50-r02,2026-09-01T15:47:37.248538506Z,12350.330452,71217893,989356032,979566592
calibration-20260902-f,S1-50-r02,2026-09-01T15:47:37.25868727Z,12360.479217,71218054,989356032,979566592
calibration-20260902-f,S1-50-r02,2026-09-01T15:47:37.268901278Z,12370.693224,71218273,989356032,979468288
calibration-20260902-f,S1-50-r02,2026-09-01T15:47:37.279103155Z,12380.895101,71218468,989356032,979468288
calibration-20260902-f,S1-50-r02,2026-09-01T15:47:37.289300729Z,12391.092676,71218725,989356032,979468288
calibration-20260902-f,S1-50-r02,2026-09-01T15:47:37.298381137Z,12400.173084,71218843,989356032,979468288
calibration-20260902-f,S1-50-r02,2026-09-01T15:47:37.308551934Z,12410.343881,71219033,989356032,979468288
calibration-20260902-f,S1-50-r02,2026-09-01T15:47:37.318764743Z,12420.556690,71219246,989356032,979468288
calibration-20260902-f,S1-50-r02,2026-09-01T15:47:37.328890376Z,12430.682323,71254929,1004953600,995459072
calibration-20260902-f,S1-50-r02,2026-09-01T15:47:37.339078254Z,12440.870195,71290916,1023762432,1014333440
calibration-20260902-f,S1-50-r02,2026-09-01T15:47:37.349305476Z,12451.097422,71317901,1026056192,1016692736
calibration-20260902-f,S1-50-r02,2026-09-01T15:47:37.358515456Z,12460.307403,71318108,1026056192,1016692736
calibration-20260902-f,S1-50-r02,2026-09-01T15:47:37.368697664Z,12470.489610,71318314,1026056192,1016692736
calibration-20260902-f,S1-50-r02,2026-09-01T15:47:37.378847145Z,12480.639091,71318472,1026056192,1016692736
calibration-20260902-f,S1-50-r02,2026-09-01T15:47:37.389017599Z,12490.809545,71318662,1026056192,1016692736
calibration-20260902-f,S1-50-r02,2026-09-01T15:47:37.399189433Z,12500.981379,71318871,1026056192,1016692736
calibration-20260902-f,S1-50-r02,2026-09-01T15:47:37.409294522Z,12511.086468,71319045,1026056192,1016598528
calibration-20260902-f,S1-50-r02,2026-09-01T15:47:37.420485107Z,12522.277053,71319346,1026056192,1016598528
calibration-20260902-f,S1-50-r02,2026-09-01T15:47:37.428677226Z,12530.469173,71354587,1039589376,1030230016
calibration-20260902-f,S1-50-r02,2026-09-01T15:47:37.438920038Z,12540.711985,71391059,1053810688,1044148224
calibration-20260902-f,S1-50-r02,2026-09-01T15:47:37.449083606Z,12550.875552,71417587,1053810688,1044148224
calibration-20260902-f,S1-50-r02,2026-09-01T15:47:37.459337914Z,12561.129861,71417829,1053810688,1043931136
calibration-20260902-f,S1-50-r02,2026-09-01T15:47:37.468526308Z,12570.318254,71417992,1054040064,1044193280
calibration-20260902-f,S1-50-r02,2026-09-01T15:47:37.478708465Z,12580.500412,71418110,1054040064,1044193280
calibration-20260902-f,S1-50-r02,2026-09-01T15:47:37.488837739Z,12590.629685,71418231,1054040064,1044193280
calibration-20260902-f,S1-50-r02,2026-09-01T15:47:37.49892806Z,12600.720007,71418338,1054040064,1044193280
calibration-20260902-f,S1-50-r02,2026-09-01T15:47:37.50908364Z,12610.875587,71418461,1054269440,1044209664
calibration-20260902-f,S1-50-r02,2026-09-01T15:47:37.519296974Z,12621.088920,71418594,1054269440,1044209664
calibration-20260902-f,S1-50-r02,2026-09-01T15:47:37.528513489Z,12630.305435,71453572,1054498816,1044471808
calibration-20260902-f,S1-50-r02,2026-09-01T15:47:37.538762449Z,12640.554396,71489463,1054498816,1044471808
calibration-20260902-f,S1-50-r02,2026-09-01T15:47:37.548982966Z,12650.774913,71520851,1054498816,1044471808
calibration-20260902-f,S1-50-r02,2026-09-01T15:47:37.559227095Z,12661.019041,71521123,1054498816,1044471808
calibration-20260902-f,S1-50-r02,2026-09-01T15:47:37.620514288Z,12722.306235,71521516,1054498816,1044471808
calibration-20260902-f,S1-50-r02,2026-09-01T15:47:37.62872245Z,12730.514396,71556691,1054498816,1044471808
calibration-20260902-f,S1-50-r02,2026-09-01T15:47:37.638988491Z,12740.780437,71592936,1060003840,1049960448
calibration-20260902-f,S1-50-r02,2026-09-01T15:47:37.649156112Z,12750.948059,71620154,1066885120,1056776192
calibration-20260902-f,S1-50-r02,2026-09-01T15:47:37.659342507Z,12761.134453,71620367,1066885120,1056776192
calibration-20260902-f,S1-50-r02,2026-09-01T15:47:37.668505555Z,12770.297501,71620552,1066885120,1056776192
calibration-20260902-f,S1-50-r02,2026-09-01T15:47:37.678654991Z,12780.446937,71620692,1066885120,1056776192
calibration-20260902-f,S1-50-r02,2026-09-01T15:47:37.688769262Z,12790.561209,71621032,1066885120,1056776192
calibration-20260902-f,S1-50-r02,2026-09-01T15:47:37.699002706Z,12800.794647,71621215,1066885120,1056776192
calibration-20260902-f,S1-50-r02,2026-09-01T15:47:37.709136985Z,12810.928930,71621299,1066885120,1056776192
calibration-20260902-f,S1-50-r02,2026-09-01T15:47:37.719268054Z,12821.060001,71621355,1066885120,1056776192
calibration-20260902-f,S1-50-r02,2026-09-01T15:47:37.729417479Z,12831.209426,71656621,1080418304,1070407680
calibration-20260902-f,S1-50-r02,2026-09-01T15:47:37.739098088Z,12840.890029,71693521,1048313856,1038843904
calibration-20260902-f,S1-50-r02,2026-09-01T15:47:37.749268702Z,12851.060648,71716014,1050378240,1040416768
calibration-20260902-f,S1-50-r02,2026-09-01T15:47:37.758407055Z,12860.199002,71716201,1050378240,1040416768
calibration-20260902-f,S1-50-r02,2026-09-01T15:47:37.768554837Z,12870.346784,71716374,1050378240,1040322560
calibration-20260902-f,S1-50-r02,2026-09-01T15:47:37.778772792Z,12880.564739,71716555,1050378240,1040322560
calibration-20260902-f,S1-50-r02,2026-09-01T15:47:37.788956107Z,12890.748048,71716872,1050378240,1040584704
calibration-20260902-f,S1-50-r02,2026-09-01T15:47:37.799121403Z,12900.913351,71716974,1050378240,1040584704
calibration-20260902-f,S1-50-r02,2026-09-01T15:47:37.809287381Z,12911.079322,71717085,1050378240,1040584704
calibration-20260902-f,S1-50-r02,2026-09-01T15:47:37.818478869Z,12920.270810,71717197,1050378240,1040584704
calibration-20260902-f,S1-50-r02,2026-09-01T15:47:37.828616342Z,12930.408283,71752470,1054736384,1045041152
calibration-20260902-f,S1-50-r02,2026-09-01T15:47:37.838838772Z,12940.630718,71788316,1054965760,1045041152
calibration-20260902-f,S1-50-r02,2026-09-01T15:47:37.849068838Z,12950.860785,71815290,1054965760,1045041152
calibration-20260902-f,S1-50-r02,2026-09-01T15:47:37.920528775Z,13022.320721,71815916,1054965760,1045041152
calibration-20260902-f,S1-50-r02,2026-09-01T15:47:37.928792958Z,13030.584900,71851248,1054965760,1045041152
calibration-20260902-f,S1-50-r02,2026-09-01T15:47:37.939059014Z,13040.850961,71887160,1054965760,1045041152
calibration-20260902-f,S1-50-r02,2026-09-01T15:47:37.949319796Z,13051.111742,71918588,1054965760,1045041152
calibration-20260902-f,S1-50-r02,2026-09-01T15:47:37.958503022Z,13060.294970,71918786,1054965760,1045303296
calibration-20260902-f,S1-50-r02,2026-09-01T15:47:37.968657937Z,13070.449883,71918930,1054965760,1045303296
calibration-20260902-f,S1-50-r02,2026-09-01T15:47:37.97879749Z,13080.589437,71919085,1054965760,1045303296
calibration-20260902-f,S1-50-r02,2026-09-01T15:47:37.988941446Z,13090.733392,71919261,1054965760,1045303296
calibration-20260902-f,S1-50-r02,2026-09-01T15:47:37.9991683Z,13100.960247,71919528,1054965760,1045143552
calibration-20260902-f,S1-50-r02,2026-09-01T15:47:38.009340224Z,13111.132170,71919769,1054965760,1045143552
calibration-20260902-f,S1-50-r02,2026-09-01T15:47:38.018593305Z,13120.385251,71919996,1054965760,1045143552
calibration-20260902-f,S1-50-r02,2026-09-01T15:47:38.028364405Z,13130.156351,71955870,1007001600,997347328
calibration-20260902-f,S1-50-r02,2026-09-01T15:47:38.038568403Z,13140.360349,71991883,1007230976,997347328
calibration-20260902-f,S1-50-r02,2026-09-01T15:47:38.048814342Z,13150.606289,72018820,1007230976,997240832
calibration-20260902-f,S1-50-r02,2026-09-01T15:47:38.059065027Z,13160.856973,72019102,1007230976,997240832
calibration-20260902-f,S1-50-r02,2026-09-01T15:47:38.069201358Z,13170.993305,72019339,1007230976,997240832
calibration-20260902-f,S1-50-r02,2026-09-01T15:47:38.078367524Z,13180.159470,72019534,1007230976,997240832
calibration-20260902-f,S1-50-r02,2026-09-01T15:47:38.088536514Z,13190.328460,72019739,1007230976,997240832
calibration-20260902-f,S1-50-r02,2026-09-01T15:47:38.098921291Z,13200.713261,72020071,1007230976,997240832
calibration-20260902-f,S1-50-r02,2026-09-01T15:47:38.120544064Z,13222.336009,72021002,1007230976,997240832
calibration-20260902-f,S1-50-r02,2026-09-01T15:47:38.12877618Z,13230.568121,72056225,1007230976,997240832
calibration-20260902-f,S1-50-r02,2026-09-01T15:47:38.139054291Z,13240.846237,72093219,1007230976,997240832
calibration-20260902-f,S1-50-r02,2026-09-01T15:47:38.149224939Z,13251.016886,72114833,1007230976,997236736
calibration-20260902-f,S1-50-r02,2026-09-01T15:47:38.158395685Z,13260.187631,72115000,1007230976,997498880
calibration-20260902-f,S1-50-r02,2026-09-01T15:47:38.168557368Z,13270.349314,72115168,1007230976,997498880
calibration-20260902-f,S1-50-r02,2026-09-01T15:47:38.17875284Z,13280.544786,72115322,1007230976,997498880
calibration-20260902-f,S1-50-r02,2026-09-01T15:47:38.188994545Z,13290.786492,72115575,1007230976,997498880
calibration-20260902-f,S1-50-r02,2026-09-01T15:47:38.199183246Z,13300.975192,72115780,1007230976,997498880
calibration-20260902-f,S1-50-r02,2026-09-01T15:47:38.209373074Z,13311.165021,72116006,1007230976,997498880
calibration-20260902-f,S1-50-r02,2026-09-01T15:47:38.218523516Z,13320.315462,72116163,1007230976,997498880
calibration-20260902-f,S1-50-r02,2026-09-01T15:47:38.228743485Z,13330.535438,72152384,916156416,906481664
calibration-20260902-f,S1-50-r02,2026-09-01T15:47:38.239079008Z,13340.870985,72189746,916385792,906674176
calibration-20260902-f,S1-50-r02,2026-09-01T15:47:38.24856104Z,13350.352987,72217045,916385792,906674176
calibration-20260902-f,S1-50-r02,2026-09-01T15:47:38.320499196Z,13422.291142,72217452,916385792,906489856
calibration-20260902-f,S1-50-r02,2026-09-01T15:47:38.328689197Z,13430.481143,72252581,916385792,906489856
calibration-20260902-f,S1-50-r02,2026-09-01T15:47:38.338972555Z,13440.764526,72288623,916385792,906489856
calibration-20260902-f,S1-50-r02,2026-09-01T15:47:38.349284445Z,13451.076391,72315516,916385792,906489856
calibration-20260902-f,S1-50-r02,2026-09-01T15:47:38.358406203Z,13460.198150,72315679,916385792,906489856
calibration-20260902-f,S1-50-r02,2026-09-01T15:47:38.368595671Z,13470.387617,72315956,916385792,906489856
calibration-20260902-f,S1-50-r02,2026-09-01T15:47:38.378809441Z,13480.601387,72316114,916385792,906489856
calibration-20260902-f,S1-50-r02,2026-09-01T15:47:38.388942299Z,13490.734245,72316279,916385792,906489856
calibration-20260902-f,S1-50-r02,2026-09-01T15:47:38.399044211Z,13500.836158,72316515,916385792,906489856
calibration-20260902-f,S1-50-r02,2026-09-01T15:47:38.409209315Z,13511.001261,72316645,916615168,906489856
calibration-20260902-f,S1-50-r02,2026-09-01T15:47:38.419367065Z,13521.159010,72316806,916615168,906489856
calibration-20260902-f,S1-50-r02,2026-09-01T15:47:38.428534411Z,13530.326353,72352232,916615168,906489856
calibration-20260902-f,S1-50-r02,2026-09-01T15:47:38.438812967Z,13540.604914,72388275,929001472,918790144
calibration-20260902-f,S1-50-r02,2026-09-01T15:47:38.449072239Z,13550.864185,72419760,931065856,920887296
calibration-20260902-f,S1-50-r02,2026-09-01T15:47:38.459302839Z,13561.094787,72420012,931065856,920887296
calibration-20260902-f,S1-50-r02,2026-09-01T15:47:38.468436858Z,13570.228804,72420170,931065856,920887296
calibration-20260902-f,S1-50-r02,2026-09-01T15:47:38.478578454Z,13580.370402,72420307,931065856,920887296
calibration-20260902-f,S1-50-r02,2026-09-01T15:47:38.488742734Z,13590.534681,72420496,931065856,920887296
calibration-20260902-f,S1-50-r02,2026-09-01T15:47:38.498975634Z,13600.767582,72420738,931065856,920887296
calibration-20260902-f,S1-50-r02,2026-09-01T15:47:38.509192305Z,13610.984251,72420995,931065856,920887296
calibration-20260902-f,S1-50-r02,2026-09-01T15:47:38.519392039Z,13621.183985,72421222,931065856,920887296
calibration-20260902-f,S1-50-r02,2026-09-01T15:47:38.528371018Z,13630.162960,72456983,897531904,887283712
calibration-20260902-f,S1-50-r02,2026-09-01T15:47:38.538735004Z,13640.526951,72493675,916570112,906158080
calibration-20260902-f,S1-50-r02,2026-09-01T15:47:38.548958995Z,13650.750936,72516342,917258240,906584064
calibration-20260902-f,S1-50-r02,2026-09-01T15:47:38.559161255Z,13660.953201,72516552,917258240,906842112
calibration-20260902-f,S1-50-r02,2026-09-01T15:47:38.569415309Z,13671.207256,72516799,917258240,906842112
calibration-20260902-f,S1-50-r02,2026-09-01T15:47:38.578676824Z,13680.468772,72517060,917258240,906842112
calibration-20260902-f,S1-50-r02,2026-09-01T15:47:38.588770353Z,13690.562301,72517250,917258240,906842112
calibration-20260902-f,S1-50-r02,2026-09-01T15:47:38.598949138Z,13700.741084,72517414,917258240,906842112
calibration-20260902-f,S1-50-r02,2026-09-01T15:47:38.60908438Z,13710.876327,72517629,917258240,906842112
calibration-20260902-f,S1-50-r02,2026-09-01T15:47:38.619265398Z,13721.057344,72517863,917258240,906842112
calibration-20260902-f,S1-50-r02,2026-09-01T15:47:38.62857373Z,13730.365677,72552917,917258240,906842112
calibration-20260902-f,S1-50-r02,2026-09-01T15:47:38.638791538Z,13740.583485,72588862,923910144,913387520
calibration-20260902-f,S1-50-r02,2026-09-01T15:47:38.649007767Z,13750.799713,72615993,934002688,923611136
calibration-20260902-f,S1-50-r02,2026-09-01T15:47:38.65923274Z,13761.024686,72616236,934002688,923611136
calibration-20260902-f,S1-50-r02,2026-09-01T15:47:38.669389298Z,13771.181244,72616394,934002688,923271168
calibration-20260902-f,S1-50-r02,2026-09-01T15:47:38.721248266Z,13823.040212,72616623,935608320,924880896
calibration-20260902-f,S1-50-r02,2026-09-01T15:47:38.728414862Z,13830.206807,72651939,948224000,937725952
calibration-20260902-f,S1-50-r02,2026-09-01T15:47:38.738578255Z,13840.370202,72690657,965656576,955027456
calibration-20260902-f,S1-50-r02,2026-09-01T15:47:38.748780026Z,13850.571972,72715073,965656576,955289600
calibration-20260902-f,S1-50-r02,2026-09-01T15:47:38.758994719Z,13860.786665,72715333,965656576,955289600
calibration-20260902-f,S1-50-r02,2026-09-01T15:47:38.769129665Z,13870.921613,72715548,965656576,955289600
calibration-20260902-f,S1-50-r02,2026-09-01T15:47:38.779292638Z,13881.084584,72715787,965656576,955289600
calibration-20260902-f,S1-50-r02,2026-09-01T15:47:38.78837077Z,13890.162717,72715952,965656576,955289600
calibration-20260902-f,S1-50-r02,2026-09-01T15:47:38.79849208Z,13900.284026,72716098,965656576,955289600
calibration-20260902-f,S1-50-r02,2026-09-01T15:47:38.808631962Z,13910.423909,72716253,965885952,955289600
calibration-20260902-f,S1-50-r02,2026-09-01T15:47:38.818843227Z,13920.635173,72716437,965885952,955289600
calibration-20260902-f,S1-50-r02,2026-09-01T15:47:38.829041119Z,13930.833065,72751434,965885952,955289600
calibration-20260902-f,S1-50-r02,2026-09-01T15:47:38.838699583Z,13940.491524,72789857,965885952,955289600
calibration-20260902-f,S1-50-r02,2026-09-01T15:47:38.848848826Z,13950.640767,72814709,965885952,955289600
calibration-20260902-f,S1-50-r02,2026-09-01T15:47:38.859058631Z,13960.850577,72814918,965885952,955289600
calibration-20260902-f,S1-50-r02,2026-09-01T15:47:38.869265224Z,13971.057170,72815123,965885952,955289600
calibration-20260902-f,S1-50-r02,2026-09-01T15:47:38.878405098Z,13980.197044,72815254,965885952,955289600
calibration-20260902-f,S1-50-r02,2026-09-01T15:47:38.888582004Z,13990.373949,72815496,965885952,955289600
calibration-20260902-f,S1-50-r02,2026-09-01T15:47:38.89872843Z,14000.520376,72815694,965885952,955289600
calibration-20260902-f,S1-50-r02,2026-09-01T15:47:38.908957035Z,14010.748981,72815878,965885952,955289600
calibration-20260902-f,S1-50-r02,2026-09-01T15:47:38.920505501Z,14022.297447,72816028,965885952,955289600
calibration-20260902-f,S1-50-r02,2026-09-01T15:47:38.928641089Z,14030.433035,72851240,975749120,965468160
calibration-20260902-f,S1-50-r02,2026-09-01T15:47:38.938878797Z,14040.670743,72887347,995016704,984604672
calibration-20260902-f,S1-50-r02,2026-09-01T15:47:38.949089919Z,14050.881866,72918776,997310464,987226112
calibration-20260902-f,S1-50-r02,2026-09-01T15:47:38.959336313Z,14061.128259,72919066,997539840,987226112
calibration-20260902-f,S1-50-r02,2026-09-01T15:47:38.968532102Z,14070.324048,72919259,997539840,987484160
calibration-20260902-f,S1-50-r02,2026-09-01T15:47:38.978786234Z,14080.578180,72919523,997539840,986800128
calibration-20260902-f,S1-50-r02,2026-09-01T15:47:38.988986505Z,14090.778452,72919729,997539840,987062272
calibration-20260902-f,S1-50-r02,2026-09-01T15:47:38.999187112Z,14100.979060,72919930,997539840,987062272
calibration-20260902-f,S1-50-r02,2026-09-01T15:47:39.009299125Z,14111.091071,72920090,997539840,987062272
calibration-20260902-f,S1-50-r02,2026-09-01T15:47:39.01839036Z,14120.182307,72920248,997539840,987062272
calibration-20260902-f,S1-50-r02,2026-09-01T15:47:39.028568099Z,14130.360046,72956667,1011531776,1001148416
calibration-20260902-f,S1-50-r02,2026-09-01T15:47:39.038743138Z,14140.535087,72992860,1014743040,1004294144
calibration-20260902-f,S1-50-r02,2026-09-01T15:47:39.049026121Z,14150.818067,73015477,1014972416,1004294144
calibration-20260902-f,S1-50-r02,2026-09-01T15:47:39.059253088Z,14161.045034,73015715,1014972416,1004294144
calibration-20260902-f,S1-50-r02,2026-09-01T15:47:39.068468885Z,14170.260831,73015931,1014972416,1004294144
calibration-20260902-f,S1-50-r02,2026-09-01T15:47:39.078661878Z,14180.453825,73016107,1014972416,1004294144
calibration-20260902-f,S1-50-r02,2026-09-01T15:47:39.088894781Z,14190.686728,73016330,1014972416,1004556288
calibration-20260902-f,S1-50-r02,2026-09-01T15:47:39.099137098Z,14200.929047,73016586,1014972416,1004556288
calibration-20260902-f,S1-50-r02,2026-09-01T15:47:39.109345315Z,14211.137261,73016826,1015201792,1004556288
calibration-20260902-f,S1-50-r02,2026-09-01T15:47:39.118542442Z,14220.334388,73016984,1015201792,1004556288
calibration-20260902-f,S1-50-r02,2026-09-01T15:47:39.128714498Z,14230.506444,73052078,1015201792,1004556288
calibration-20260902-f,S1-50-r02,2026-09-01T15:47:39.138954654Z,14240.746600,73088275,1015201792,1004556288
calibration-20260902-f,S1-50-r02,2026-09-01T15:47:39.149138945Z,14250.930891,73119717,1015201792,1004556288
calibration-20260902-f,S1-50-r02,2026-09-01T15:47:39.159302693Z,14261.094639,73119964,1015201792,1004556288
calibration-20260902-f,S1-50-r02,2026-09-01T15:47:39.168472914Z,14270.264860,73120136,1015201792,1004556288
calibration-20260902-f,S1-50-r02,2026-09-01T15:47:39.178624065Z,14280.416012,73120307,1015201792,1004556288
calibration-20260902-f,S1-50-r02,2026-09-01T15:47:39.188796376Z,14290.588323,73120487,1015201792,1004556288
calibration-20260902-f,S1-50-r02,2026-09-01T15:47:39.198934213Z,14300.726160,73120613,1015201792,1004556288
calibration-20260902-f,S1-50-r02,2026-09-01T15:47:39.209110111Z,14310.902058,73120731,1015201792,1004556288
calibration-20260902-f,S1-50-r02,2026-09-01T15:47:39.219292655Z,14321.084602,73120867,1015431168,1004556288
calibration-20260902-f,S1-50-r02,2026-09-01T15:47:39.228998613Z,14330.790560,73156935,967294976,956796928
calibration-20260902-f,S1-50-r02,2026-09-01T15:47:39.239210523Z,14341.002469,73192743,967294976,956796928
calibration-20260902-f,S1-50-r02,2026-09-01T15:47:39.248374058Z,14350.166004,73219580,967294976,956702720
calibration-20260902-f,S1-50-r02,2026-09-01T15:47:39.258535197Z,14360.327143,73219742,967294976,956698624
calibration-20260902-f,S1-50-r02,2026-09-01T15:47:39.268669911Z,14370.461859,73219910,967294976,956547072
calibration-20260902-f,S1-50-r02,2026-09-01T15:47:39.278896926Z,14380.688874,73220143,967524352,956805120
calibration-20260902-f,S1-50-r02,2026-09-01T15:47:39.289085432Z,14390.877378,73220353,967524352,956805120
calibration-20260902-f,S1-50-r02,2026-09-01T15:47:39.29928908Z,14401.081026,73220567,967524352,956813312
calibration-20260902-f,S1-50-r02,2026-09-01T15:47:39.320482202Z,14422.274144,73220947,967524352,956813312
calibration-20260902-f,S1-50-r02,2026-09-01T15:47:39.328685263Z,14430.477209,73256076,967524352,956813312
calibration-20260902-f,S1-50-r02,2026-09-01T15:47:39.338919994Z,14440.711942,73292117,967524352,956813312
calibration-20260902-f,S1-50-r02,2026-09-01T15:47:39.349138331Z,14450.930278,73319041,967524352,956813312
calibration-20260902-f,S1-50-r02,2026-09-01T15:47:39.359358923Z,14461.150869,73319230,967524352,956813312
calibration-20260902-f,S1-50-r02,2026-09-01T15:47:39.368582838Z,14470.374808,73319378,967524352,956813312
calibration-20260902-f,S1-50-r02,2026-09-01T15:47:39.378771429Z,14480.563375,73319588,967524352,956813312
calibration-20260902-f,S1-50-r02,2026-09-01T15:47:39.388953167Z,14490.745113,73319728,967524352,956813312
calibration-20260902-f,S1-50-r02,2026-09-01T15:47:39.399070432Z,14500.862379,73319859,967524352,956813312
calibration-20260902-f,S1-50-r02,2026-09-01T15:47:39.409206046Z,14510.997993,73320027,967524352,956813312
calibration-20260902-f,S1-50-r02,2026-09-01T15:47:39.419410786Z,14521.202732,73320168,967524352,956813312
calibration-20260902-f,S1-50-r02,2026-09-01T15:47:39.428621432Z,14530.413379,73355305,974635008,964100096
calibration-20260902-f,S1-50-r02,2026-09-01T15:47:39.43835203Z,14540.143978,73392263,944447488,933883904
calibration-20260902-f,S1-50-r02,2026-09-01T15:47:39.448525338Z,14550.317284,73419715,954769408,944369664
calibration-20260902-f,S1-50-r02,2026-09-01T15:47:39.458790624Z,14560.582571,73419897,954769408,944369664
calibration-20260902-f,S1-50-r02,2026-09-01T15:47:39.469008586Z,14570.800533,73420131,954769408,944271360
calibration-20260902-f,S1-50-r02,2026-09-01T15:47:39.479215304Z,14581.007250,73420323,954769408,944271360
calibration-20260902-f,S1-50-r02,2026-09-01T15:47:39.489330832Z,14591.122778,73420500,954769408,944271360
calibration-20260902-f,S1-50-r02,2026-09-01T15:47:39.498500692Z,14600.292638,73420651,954769408,944271360
calibration-20260902-f,S1-50-r02,2026-09-01T15:47:39.508628211Z,14610.420157,73420862,954769408,944271360
calibration-20260902-f,S1-50-r02,2026-09-01T15:47:39.518827992Z,14620.619940,73421010,954769408,944271360
calibration-20260902-f,S1-50-r02,2026-09-01T15:47:39.528952141Z,14630.744088,73456345,968073216,957378560
calibration-20260902-f,S1-50-r02,2026-09-01T15:47:39.539263039Z,14641.054987,73492260,968073216,957374464
calibration-20260902-f,S1-50-r02,2026-09-01T15:47:39.548565902Z,14650.357848,73514837,968073216,957374464
calibration-20260902-f,S1-50-r02,2026-09-01T15:47:39.558743779Z,14660.535725,73515053,968073216,957374464
calibration-20260902-f,S1-50-r02,2026-09-01T15:47:39.568951264Z,14670.743211,73515284,968073216,957374464
calibration-20260902-f,S1-50-r02,2026-09-01T15:47:39.579162119Z,14680.954067,73515460,968073216,957636608
calibration-20260902-f,S1-50-r02,2026-09-01T15:47:39.589284595Z,14691.076542,73515562,968073216,957636608
calibration-20260902-f,S1-50-r02,2026-09-01T15:47:39.598425065Z,14700.217012,73515681,968073216,957636608
calibration-20260902-f,S1-50-r02,2026-09-01T15:47:39.608603017Z,14710.394964,73515810,968073216,957636608
calibration-20260902-f,S1-50-r02,2026-09-01T15:47:39.618701604Z,14720.493551,73515938,968073216,957636608
calibration-20260902-f,S1-50-r02,2026-09-01T15:47:39.628820642Z,14730.612589,73550886,968073216,957636608
calibration-20260902-f,S1-50-r02,2026-09-01T15:47:39.639046503Z,14740.838444,73587234,976330752,966025216
calibration-20260902-f,S1-50-r02,2026-09-01T15:47:39.64924085Z,14751.032796,73618771,985735168,975462400
calibration-20260902-f,S1-50-r02,2026-09-01T15:47:39.658393673Z,14760.185619,73618938,985735168,975462400
calibration-20260902-f,S1-50-r02,2026-09-01T15:47:39.668609867Z,14770.401813,73619226,985735168,975462400
calibration-20260902-f,S1-50-r02,2026-09-01T15:47:39.678870707Z,14780.662653,73619388,985735168,975462400
calibration-20260902-f,S1-50-r02,2026-09-01T15:47:39.689016944Z,14790.808891,73619656,985735168,975462400
calibration-20260902-f,S1-50-r02,2026-09-01T15:47:39.699152899Z,14800.944846,73619723,985735168,975462400
calibration-20260902-f,S1-50-r02,2026-09-01T15:47:39.720508724Z,14822.300670,73619832,985964544,975462400
calibration-20260902-f,S1-50-r02,2026-09-01T15:47:39.728655075Z,14830.447022,73655106,1001103360,990666752
calibration-20260902-f,S1-50-r02,2026-09-01T15:47:39.738360195Z,14840.152360,73693311,968581120,958320640
calibration-20260902-f,S1-50-r02,2026-09-01T15:47:39.748612435Z,14850.404381,73714374,968581120,958320640
calibration-20260902-f,S1-50-r02,2026-09-01T15:47:39.75881951Z,14860.611456,73714629,968581120,958320640
calibration-20260902-f,S1-50-r02,2026-09-01T15:47:39.769031653Z,14870.823599,73714885,968581120,958222336
calibration-20260902-f,S1-50-r02,2026-09-01T15:47:39.779242019Z,14881.033966,73715106,968581120,958222336
calibration-20260902-f,S1-50-r02,2026-09-01T15:47:39.789368211Z,14891.160158,73715276,968581120,958222336
calibration-20260902-f,S1-50-r02,2026-09-01T15:47:39.79854229Z,14900.334231,73715526,968581120,958222336
calibration-20260902-f,S1-50-r02,2026-09-01T15:47:39.808716415Z,14910.508356,73715676,968581120,958222336
calibration-20260902-f,S1-50-r02,2026-09-01T15:47:39.818912092Z,14920.704039,73715794,968581120,958222336
calibration-20260902-f,S1-50-r02,2026-09-01T15:47:39.829148792Z,14930.940739,73750845,968581120,958222336
calibration-20260902-f,S1-50-r02,2026-09-01T15:47:39.839386375Z,14941.178322,73786707,968581120,958222336
calibration-20260902-f,S1-50-r02,2026-09-01T15:47:39.848570541Z,14950.362488,73818128,968581120,957906944
calibration-20260902-f,S1-50-r02,2026-09-01T15:47:39.85883124Z,14960.623187,73818390,968581120,957829120
calibration-20260902-f,S1-50-r02,2026-09-01T15:47:39.869062106Z,14970.854053,73818607,968581120,957829120
calibration-20260902-f,S1-50-r02,2026-09-01T15:47:39.879242538Z,14981.034485,73818822,968581120,957829120
calibration-20260902-f,S1-50-r02,2026-09-01T15:47:39.88838445Z,14990.176391,73818933,968581120,957829120
calibration-20260902-f,S1-50-r02,2026-09-01T15:47:39.898553172Z,15000.345113,73819030,968581120,957829120
calibration-20260902-f,S1-50-r02,2026-09-01T15:47:39.908678305Z,15010.470251,73819126,968581120,957829120
calibration-20260902-f,S1-50-r02,2026-09-01T15:47:39.918887881Z,15020.679828,73819253,968581120,957829120
calibration-20260902-f,S1-50-r02,2026-09-01T15:47:39.929075421Z,15030.867368,73854655,968581120,957829120
calibration-20260902-f,S1-50-r02,2026-09-01T15:47:39.939254365Z,15041.046312,73890559,968581120,957829120
calibration-20260902-f,S1-50-r02,2026-09-01T15:47:39.94843467Z,15050.226616,73917470,968581120,957829120
calibration-20260902-f,S1-50-r02,2026-09-01T15:47:39.958639365Z,15060.431313,73917687,968581120,957829120
calibration-20260902-f,S1-50-r02,2026-09-01T15:47:39.968796251Z,15070.588198,73917910,968581120,957829120
calibration-20260902-f,S1-50-r02,2026-09-01T15:47:39.978918226Z,15080.710172,73918060,968581120,957829120
calibration-20260902-f,S1-50-r02,2026-09-01T15:47:39.989051235Z,15090.843181,73918260,968581120,957829120
calibration-20260902-f,S1-50-r02,2026-09-01T15:47:39.999231232Z,15101.023178,73918452,968581120,957829120
calibration-20260902-f,S1-50-r02,2026-09-01T15:47:40.008392296Z,15110.184243,73918633,968810496,958091264
calibration-20260902-f,S1-50-r02,2026-09-01T15:47:40.018581716Z,15120.373663,73918795,968810496,958091264
calibration-20260902-f,S1-50-r02,2026-09-01T15:47:40.028738169Z,15130.530115,73954219,968810496,958091264
calibration-20260902-f,S1-50-r02,2026-09-01T15:47:40.038970088Z,15140.762029,73990159,968810496,958091264
calibration-20260902-f,S1-50-r02,2026-09-01T15:47:40.049179339Z,15150.971281,74021591,969498624,958832640
calibration-20260902-f,S1-50-r02,2026-09-01T15:47:40.059380731Z,15161.172677,74021730,969498624,958832640
calibration-20260902-f,S1-50-r02,2026-09-01T15:47:40.068569162Z,15170.361104,74021843,969498624,958832640
calibration-20260902-f,S1-50-r02,2026-09-01T15:47:40.120515435Z,15222.307381,74022033,969498624,958832640
calibration-20260902-f,S1-50-r02,2026-09-01T15:47:40.128763443Z,15230.555389,74057146,969498624,959094784
calibration-20260902-f,S1-50-r02,2026-09-01T15:47:40.138961018Z,15240.752966,74093244,978903040,968531968
calibration-20260902-f,S1-50-r02,2026-09-01T15:47:40.1491668Z,15250.958741,74117652,939290624,929206272
calibration-20260902-f,S1-50-r02,2026-09-01T15:47:40.159349361Z,15261.141306,74117841,939290624,929206272
calibration-20260902-f,S1-50-r02,2026-09-01T15:47:40.168514333Z,15270.306279,74118003,939290624,929112064
calibration-20260902-f,S1-50-r02,2026-09-01T15:47:40.178694187Z,15280.486134,74118154,939290624,929374208
calibration-20260902-f,S1-50-r02,2026-09-01T15:47:40.188833399Z,15290.625345,74118295,939290624,929374208
calibration-20260902-f,S1-50-r02,2026-09-01T15:47:40.220492241Z,15322.284187,74118604,939520000,929374208
calibration-20260902-f,S1-50-r02,2026-09-01T15:47:40.228998597Z,15330.790543,74145810,955346944,944766976
calibration-20260902-f,S1-50-r02,2026-09-01T15:47:40.239227894Z,15341.019835,74173962,970027008,959447040
calibration-20260902-f,S1-50-r02,2026-09-01T15:47:40.248443592Z,15350.235534,74213184,970256384,959709184
calibration-20260902-f,S1-50-r02,2026-09-01T15:47:40.258655523Z,15360.447470,74213452,970256384,959709184
calibration-20260902-f,S1-50-r02,2026-09-01T15:47:40.268897846Z,15370.689793,74213675,970256384,959709184
calibration-20260902-f,S1-50-r02,2026-09-01T15:47:40.279086342Z,15380.878289,74213851,970256384,959709184
calibration-20260902-f,S1-50-r02,2026-09-01T15:47:40.289206589Z,15390.998536,74214040,970256384,959709184
calibration-20260902-f,S1-50-r02,2026-09-01T15:47:40.299341491Z,15401.133437,74214236,970256384,959709184
calibration-20260902-f,S1-50-r02,2026-09-01T15:47:40.30853203Z,15410.323977,74214404,970256384,959709184
calibration-20260902-f,S1-50-r02,2026-09-01T15:47:40.318741271Z,15420.533217,74214560,970256384,959709184
calibration-20260902-f,S1-50-r02,2026-09-01T15:47:40.328923374Z,15430.715315,74241358,970256384,959709184
calibration-20260902-f,S1-50-r02,2026-09-01T15:47:40.339133618Z,15440.925563,74268293,970256384,959709184
calibration-20260902-f,S1-50-r02,2026-09-01T15:47:40.34928232Z,15451.074267,74306612,922193920,912158720
calibration-20260902-f,S1-50-r02,2026-09-01T15:47:40.358508011Z,15460.299957,74311260,922193920,912158720
calibration-20260902-f,S1-50-r02,2026-09-01T15:47:40.368641045Z,15470.432991,74311411,922193920,912060416
calibration-20260902-f,S1-50-r02,2026-09-01T15:47:40.378813315Z,15480.605262,74311560,922193920,912060416
calibration-20260902-f,S1-50-r02,2026-09-01T15:47:40.389008699Z,15490.800647,74311752,922193920,912060416
calibration-20260902-f,S1-50-r02,2026-09-01T15:47:40.399163055Z,15500.954997,74311854,922193920,912060416
calibration-20260902-f,S1-50-r02,2026-09-01T15:47:40.40928985Z,15511.081797,74311930,922193920,912060416
calibration-20260902-f,S1-50-r02,2026-09-01T15:47:40.418489366Z,15520.281307,74312042,922193920,912060416
calibration-20260902-f,S1-50-r02,2026-09-01T15:47:40.428636856Z,15530.428803,74329667,922193920,912060416
calibration-20260902-f,S1-50-r02,2026-09-01T15:47:40.438899819Z,15540.691766,74347710,922193920,912060416
calibration-20260902-f,S1-50-r02,2026-09-01T15:47:40.449121351Z,15550.913298,74374619,922193920,912060416
calibration-20260902-f,S1-50-r02,2026-09-01T15:47:40.459338509Z,15561.130455,74392869,922423296,912322560
calibration-20260902-f,S1-50-r02,2026-09-01T15:47:40.468630279Z,15570.422226,74410910,922423296,912322560
calibration-20260902-f,S1-50-r02,2026-09-01T15:47:40.478853045Z,15580.644991,74411128,922423296,912322560
calibration-20260902-f,S1-50-r02,2026-09-01T15:47:40.48905431Z,15590.846256,74411349,922423296,912322560
calibration-20260902-f,S1-50-r02,2026-09-01T15:47:40.499247864Z,15601.039811,74411518,922423296,912322560
calibration-20260902-f,S1-50-r02,2026-09-01T15:47:40.509378563Z,15611.170509,74411786,922423296,912322560
calibration-20260902-f,S1-50-r02,2026-09-01T15:47:40.518619905Z,15620.411852,74411926,922423296,912322560
calibration-20260902-f,S1-50-r02,2026-09-01T15:47:40.528740321Z,15630.532268,74429709,922423296,912322560
calibration-20260902-f,S1-50-r02,2026-09-01T15:47:40.53851814Z,15640.310086,74440024,922652672,912515072
calibration-20260902-f,S1-50-r02,2026-09-01T15:47:40.548627821Z,15650.419770,74453536,922652672,912515072
calibration-20260902-f,S1-50-r02,2026-09-01T15:47:40.558770978Z,15660.562924,74465385,922652672,912515072
calibration-20260902-f,S1-50-r02,2026-09-01T15:47:40.568926666Z,15670.718607,74476493,922652672,912355328
calibration-20260902-f,S1-50-r02,2026-09-01T15:47:40.579108638Z,15680.900584,74485543,922882048,912613376
calibration-20260902-f,S1-50-r02,2026-09-01T15:47:40.584955805Z,15686.747750,74493849,875016192,864509952
calibration-20260902-f,S1-100-r02,2026-09-01T15:47:41.030997483Z,0.059624,74752247,59592704,48078848
calibration-20260902-f,S1-100-r02,2026-09-01T15:47:41.076429608Z,45.491740,74806401,113725440,102612992
calibration-20260902-f,S1-100-r02,2026-09-01T15:47:41.093732992Z,62.795118,74845108,167628800,157138944
calibration-20260902-f,S1-100-r02,2026-09-01T15:47:41.120578794Z,89.640920,74851218,185061376,174620672
calibration-20260902-f,S1-100-r02,2026-09-01T15:47:41.121320611Z,90.382740,74852343,191254528,181960704
calibration-20260902-f,S1-100-r02,2026-09-01T15:47:41.131275492Z,100.337618,74916126,628215808,625647616
calibration-20260902-f,S1-100-r02,2026-09-01T15:47:41.432790549Z,401.852674,75235927,633491456,626696192
calibration-20260902-f,S1-100-r02,2026-09-01T15:47:41.441904548Z,410.966678,75276869,686936064,681222144
calibration-20260902-f,S1-100-r02,2026-09-01T15:47:41.452097233Z,421.159358,75276985,686936064,681222144
calibration-20260902-f,S1-100-r02,2026-09-01T15:47:41.461250008Z,430.312138,75277086,686936064,681222144
calibration-20260902-f,S1-100-r02,2026-09-01T15:47:41.47144339Z,440.505515,75277203,686936064,681222144
calibration-20260902-f,S1-100-r02,2026-09-01T15:47:41.481582219Z,450.644351,75277278,686936064,681222144
calibration-20260902-f,S1-100-r02,2026-09-01T15:47:41.491719834Z,460.781959,75277346,686936064,681222144
calibration-20260902-f,S1-100-r02,2026-09-01T15:47:41.501824913Z,470.887052,75277409,686936064,681222144
calibration-20260902-f,S1-100-r02,2026-09-01T15:47:41.511964313Z,481.026443,75277478,686936064,681385984
calibration-20260902-f,S1-100-r02,2026-09-01T15:47:41.521104358Z,490.166483,75277562,687853568,682172416
calibration-20260902-f,S1-100-r02,2026-09-01T15:47:41.531303532Z,500.365663,75312620,705286144,699994112
calibration-20260902-f,S1-100-r02,2026-09-01T15:47:41.54147118Z,510.533310,75362282,721571840,716509184
calibration-20260902-f,S1-100-r02,2026-09-01T15:47:41.551726184Z,520.788314,75366946,725700608,720699392
calibration-20260902-f,S1-100-r02,2026-09-01T15:47:41.56193797Z,531.000101,75367130,725700608,720699392
calibration-20260902-f,S1-100-r02,2026-09-01T15:47:41.572110226Z,541.172356,75367307,725700608,720699392
calibration-20260902-f,S1-100-r02,2026-09-01T15:47:41.581242641Z,550.304771,75367452,725700608,720699392
calibration-20260902-f,S1-100-r02,2026-09-01T15:47:41.59143525Z,560.497381,75367726,725929984,720699392
calibration-20260902-f,S1-100-r02,2026-09-01T15:47:41.601592866Z,570.654997,75367901,725929984,720699392
calibration-20260902-f,S1-100-r02,2026-09-01T15:47:41.611837041Z,580.899172,75368158,726159360,720773120
calibration-20260902-f,S1-100-r02,2026-09-01T15:47:41.622084351Z,591.146482,75368436,727306240,721817600
calibration-20260902-f,S1-100-r02,2026-09-01T15:47:41.631296581Z,600.358711,75403489,727306240,722079744
calibration-20260902-f,S1-100-r02,2026-09-01T15:47:41.641519268Z,610.581399,75457107,736940032,731516928
calibration-20260902-f,S1-100-r02,2026-09-01T15:47:41.651710786Z,620.772916,75461793,741986304,736759808
calibration-20260902-f,S1-100-r02,2026-09-01T15:47:41.661914271Z,630.976402,75461983,741986304,736759808
calibration-20260902-f,S1-100-r02,2026-09-01T15:47:41.672055044Z,641.117174,75462159,741986304,736759808
calibration-20260902-f,S1-100-r02,2026-09-01T15:47:41.720500082Z,689.562212,75462346,742215680,736206848
calibration-20260902-f,S1-100-r02,2026-09-01T15:47:41.721664018Z,690.726148,75462577,744280064,738299904
calibration-20260902-f,S1-100-r02,2026-09-01T15:47:41.731807189Z,700.869319,75502820,775704576,770543616
calibration-20260902-f,S1-100-r02,2026-09-01T15:47:41.820499385Z,789.561515,75561449,839700480,834252800
calibration-20260902-f,S1-100-r02,2026-09-01T15:47:41.821721599Z,790.783731,75562507,844517376,839495680
calibration-20260902-f,S1-100-r02,2026-09-01T15:47:41.831924114Z,800.986239,75597525,880300032,874885120
calibration-20260902-f,S1-100-r02,2026-09-01T15:47:41.84217869Z,811.240820,75652593,900026368,894021632
calibration-20260902-f,S1-100-r02,2026-09-01T15:47:41.851565475Z,820.627605,75652956,900026368,894021632
calibration-20260902-f,S1-100-r02,2026-09-01T15:47:41.861820083Z,830.882213,75653258,900026368,894021632
calibration-20260902-f,S1-100-r02,2026-09-01T15:47:41.872069747Z,841.131878,75653587,900026368,894021632
calibration-20260902-f,S1-100-r02,2026-09-01T15:47:41.881315077Z,850.377207,75653866,900026368,894021632
calibration-20260902-f,S1-100-r02,2026-09-01T15:47:41.891570178Z,860.632309,75654135,900026368,894021632
calibration-20260902-f,S1-100-r02,2026-09-01T15:47:41.901837299Z,870.899430,75654409,900026368,894021632
calibration-20260902-f,S1-100-r02,2026-09-01T15:47:41.92051334Z,889.575470,75654625,900255744,894091264
calibration-20260902-f,S1-100-r02,2026-09-01T15:47:41.921697161Z,890.759291,75656179,903237632,897499136
calibration-20260902-f,S1-100-r02,2026-09-01T15:47:41.931899855Z,900.961986,75690135,913330176,907460608
calibration-20260902-f,S1-100-r02,2026-09-01T15:47:41.941117584Z,910.179715,75743800,913788928,908247040
calibration-20260902-f,S1-100-r02,2026-09-01T15:47:41.951407129Z,920.469259,75752952,913788928,908247040
calibration-20260902-f,S1-100-r02,2026-09-01T15:47:41.961599097Z,930.661227,75753217,913788928,908247040
calibration-20260902-f,S1-100-r02,2026-09-01T15:47:41.971755831Z,940.817961,75753418,913788928,908247040
calibration-20260902-f,S1-100-r02,2026-09-01T15:47:41.981863647Z,950.925777,75753578,913788928,908247040
calibration-20260902-f,S1-100-r02,2026-09-01T15:47:41.992002219Z,961.064350,75753724,913788928,908505088
calibration-20260902-f,S1-100-r02,2026-09-01T15:47:42.001159064Z,970.221202,75753869,913788928,908505088
calibration-20260902-f,S1-100-r02,2026-09-01T15:47:42.011298205Z,980.360335,75754112,913788928,908296192
calibration-20260902-f,S1-100-r02,2026-09-01T15:47:42.02153638Z,990.598533,75754371,914018304,908558336
calibration-20260902-f,S1-100-r02,2026-09-01T15:47:42.03173853Z,1000.800661,75789549,914935808,909344768
calibration-20260902-f,S1-100-r02,2026-09-01T15:47:42.041926765Z,1010.988896,75843300,915394560,909606912
calibration-20260902-f,S1-100-r02,2026-09-01T15:47:42.051135364Z,1020.197494,75856910,915394560,909606912
calibration-20260902-f,S1-100-r02,2026-09-01T15:47:42.061360673Z,1030.422798,75857249,915394560,909606912
calibration-20260902-f,S1-100-r02,2026-09-01T15:47:42.071532739Z,1040.594870,75857366,915394560,909606912
calibration-20260902-f,S1-100-r02,2026-09-01T15:47:42.081655114Z,1050.717239,75857429,915394560,909438976
calibration-20260902-f,S1-100-r02,2026-09-01T15:47:42.091794552Z,1060.856677,75857499,915394560,909438976
calibration-20260902-f,S1-100-r02,2026-09-01T15:47:42.101968415Z,1071.030546,75857605,915394560,909438976
calibration-20260902-f,S1-100-r02,2026-09-01T15:47:42.11107646Z,1080.138592,75857702,915394560,909533184
calibration-20260902-f,S1-100-r02,2026-09-01T15:47:42.121260356Z,1090.322487,75857855,915394560,909533184
calibration-20260902-f,S1-100-r02,2026-09-01T15:47:42.131449141Z,1100.511272,75892984,916082688,910319616
calibration-20260902-f,S1-100-r02,2026-09-01T15:47:42.141699558Z,1110.761689,75946893,917917696,912416768
calibration-20260902-f,S1-100-r02,2026-09-01T15:47:42.151821989Z,1120.884119,75955998,918147072,912416768
calibration-20260902-f,S1-100-r02,2026-09-01T15:47:42.220507163Z,1189.569294,75956205,918147072,912441344
calibration-20260902-f,S1-100-r02,2026-09-01T15:47:42.22163095Z,1190.693081,75956478,918147072,912441344
calibration-20260902-f,S1-100-r02,2026-09-01T15:47:42.231831812Z,1200.893937,75993933,870666240,864444416
calibration-20260902-f,S1-100-r02,2026-09-01T15:47:42.242097549Z,1211.159680,76046269,871583744,865751040
calibration-20260902-f,S1-100-r02,2026-09-01T15:47:42.251331093Z,1220.393224,76055371,871583744,865751040
calibration-20260902-f,S1-100-r02,2026-09-01T15:47:42.261488309Z,1230.550439,76055588,871583744,865656832
calibration-20260902-f,S1-100-r02,2026-09-01T15:47:42.320501894Z,1289.564025,76055856,871583744,865648640
calibration-20260902-f,S1-100-r02,2026-09-01T15:47:42.322964971Z,1292.027101,76056129,871813120,865648640
calibration-20260902-f,S1-100-r02,2026-09-01T15:47:42.332104199Z,1301.166329,76091092,871813120,865648640
calibration-20260902-f,S1-100-r02,2026-09-01T15:47:42.341349155Z,1310.411284,76144646,872501248,866172928
calibration-20260902-f,S1-100-r02,2026-09-01T15:47:42.351531523Z,1320.593654,76158217,872960000,866435072
calibration-20260902-f,S1-100-r02,2026-09-01T15:47:42.361701659Z,1330.763789,76158423,872960000,866435072
calibration-20260902-f,S1-100-r02,2026-09-01T15:47:42.371922517Z,1340.984647,76158584,872960000,866435072
calibration-20260902-f,S1-100-r02,2026-09-01T15:47:42.381103377Z,1350.165507,76158753,872960000,866435072
calibration-20260902-f,S1-100-r02,2026-09-01T15:47:42.391320277Z,1360.382407,76158943,872960000,866435072
calibration-20260902-f,S1-100-r02,2026-09-01T15:47:42.401467642Z,1370.529772,76159099,872960000,866435072
calibration-20260902-f,S1-100-r02,2026-09-01T15:47:42.41165474Z,1380.716870,76159230,872960000,866697216
calibration-20260902-f,S1-100-r02,2026-09-01T15:47:42.421632804Z,1390.694936,76159374,872960000,866955264
calibration-20260902-f,S1-100-r02,2026-09-01T15:47:42.431854795Z,1400.916930,76194560,872960000,866955264
calibration-20260902-f,S1-100-r02,2026-09-01T15:47:42.441478648Z,1410.540778,76248990,878006272,872722432
calibration-20260902-f,S1-100-r02,2026-09-01T15:47:42.451741239Z,1420.803370,76258218,878006272,872722432
calibration-20260902-f,S1-100-r02,2026-09-01T15:47:42.461959117Z,1431.021247,76258385,878006272,872722432
calibration-20260902-f,S1-100-r02,2026-09-01T15:47:42.471220371Z,1440.282502,76258579,878006272,872722432
calibration-20260902-f,S1-100-r02,2026-09-01T15:47:42.481457075Z,1450.519206,76258766,878006272,872722432
calibration-20260902-f,S1-100-r02,2026-09-01T15:47:42.491672294Z,1460.734425,76258933,878006272,872722432
calibration-20260902-f,S1-100-r02,2026-09-01T15:47:42.501917244Z,1470.979383,76259128,878006272,872722432
calibration-20260902-f,S1-100-r02,2026-09-01T15:47:42.512102739Z,1481.164870,76259380,878006272,872722432
calibration-20260902-f,S1-100-r02,2026-09-01T15:47:42.521622099Z,1490.684229,76259642,878006272,872722432
calibration-20260902-f,S1-100-r02,2026-09-01T15:47:42.531888085Z,1500.950215,76294707,878006272,872722432
calibration-20260902-f,S1-100-r02,2026-09-01T15:47:42.541896585Z,1510.958716,76349965,812896256,807256064
calibration-20260902-f,S1-100-r02,2026-09-01T15:47:42.551115453Z,1520.177584,76354626,820695040,815120384
calibration-20260902-f,S1-100-r02,2026-09-01T15:47:42.56142016Z,1530.482291,76354897,820695040,814927872
calibration-20260902-f,S1-100-r02,2026-09-01T15:47:42.571685228Z,1540.747358,76355172,820695040,814927872
calibration-20260902-f,S1-100-r02,2026-09-01T15:47:42.581919453Z,1550.981585,76355460,820695040,814927872
calibration-20260902-f,S1-100-r02,2026-09-01T15:47:42.592110815Z,1561.172945,76355750,820695040,814927872
calibration-20260902-f,S1-100-r02,2026-09-01T15:47:42.601362323Z,1570.424453,76356000,820695040,814927872
calibration-20260902-f,S1-100-r02,2026-09-01T15:47:42.611627781Z,1580.689911,76356290,820695040,814927872
calibration-20260902-f,S1-100-r02,2026-09-01T15:47:42.621834257Z,1590.896388,76358203,830328832,824627200
calibration-20260902-f,S1-100-r02,2026-09-01T15:47:42.631792876Z,1600.855006,76392842,854945792,849395712
calibration-20260902-f,S1-100-r02,2026-09-01T15:47:42.641946046Z,1611.008177,76446504,880406528,874299392
calibration-20260902-f,S1-100-r02,2026-09-01T15:47:42.651295707Z,1620.357838,76455720,880406528,874463232
calibration-20260902-f,S1-100-r02,2026-09-01T15:47:42.661562399Z,1630.624530,76455983,880635904,874721280
calibration-20260902-f,S1-100-r02,2026-09-01T15:47:42.671856992Z,1640.919146,76456329,880635904,874721280
calibration-20260902-f,S1-100-r02,2026-09-01T15:47:42.682114144Z,1651.176273,76456855,880635904,873963520
calibration-20260902-f,S1-100-r02,2026-09-01T15:47:42.720515825Z,1689.577956,76457137,880635904,873910272
calibration-20260902-f,S1-100-r02,2026-09-01T15:47:42.721635521Z,1690.697652,76457412,880635904,873910272
calibration-20260902-f,S1-100-r02,2026-09-01T15:47:42.731854495Z,1700.916626,76492585,897150976,890683392
calibration-20260902-f,S1-100-r02,2026-09-01T15:47:42.742042723Z,1711.104853,76546418,912060416,905887744
calibration-20260902-f,S1-100-r02,2026-09-01T15:47:42.751334512Z,1720.396642,76560074,912060416,905887744
calibration-20260902-f,S1-100-r02,2026-09-01T15:47:42.761552284Z,1730.614410,76560285,912060416,905887744
calibration-20260902-f,S1-100-r02,2026-09-01T15:47:42.771758563Z,1740.820693,76560428,912060416,905887744
calibration-20260902-f,S1-100-r02,2026-09-01T15:47:42.781972628Z,1751.034759,76560562,912060416,905887744
calibration-20260902-f,S1-100-r02,2026-09-01T15:47:42.791092167Z,1760.154292,76560660,912060416,905887744
calibration-20260902-f,S1-100-r02,2026-09-01T15:47:42.801233918Z,1770.296044,76560746,912060416,905887744
calibration-20260902-f,S1-100-r02,2026-09-01T15:47:42.820495647Z,1789.557777,76560897,912289792,906149888
calibration-20260902-f,S1-100-r02,2026-09-01T15:47:42.821667743Z,1790.729874,76561168,914354176,908247040
calibration-20260902-f,S1-100-r02,2026-09-01T15:47:42.831848979Z,1800.911108,76598170,929263616,923189248
calibration-20260902-f,S1-100-r02,2026-09-01T15:47:42.84208537Z,1811.147500,76650029,929722368,923451392
calibration-20260902-f,S1-100-r02,2026-09-01T15:47:42.851321641Z,1820.383771,76654701,929722368,923713536
calibration-20260902-f,S1-100-r02,2026-09-01T15:47:42.861475182Z,1830.537312,76654915,929722368,923713536
calibration-20260902-f,S1-100-r02,2026-09-01T15:47:42.871657252Z,1840.719382,76655058,929722368,923713536
calibration-20260902-f,S1-100-r02,2026-09-01T15:47:42.881788026Z,1850.850156,76655245,929722368,923713536
calibration-20260902-f,S1-100-r02,2026-09-01T15:47:42.892014517Z,1861.076647,76655514,929722368,923713536
calibration-20260902-f,S1-100-r02,2026-09-01T15:47:42.901229042Z,1870.291172,76655681,929722368,923713536
calibration-20260902-f,S1-100-r02,2026-09-01T15:47:42.911380743Z,1880.442873,76655859,929722368,923713536
calibration-20260902-f,S1-100-r02,2026-09-01T15:47:42.92158284Z,1890.644971,76656055,929722368,923713536
calibration-20260902-f,S1-100-r02,2026-09-01T15:47:42.931815932Z,1900.878063,76691040,929722368,923713536
calibration-20260902-f,S1-100-r02,2026-09-01T15:47:42.94204324Z,1911.105371,76744680,935915520,929742848
calibration-20260902-f,S1-100-r02,2026-09-01T15:47:42.951249153Z,1920.311283,76758214,935915520,929742848
calibration-20260902-f,S1-100-r02,2026-09-01T15:47:42.961425632Z,1930.487762,76758380,935915520,929742848
calibration-20260902-f,S1-100-r02,2026-09-01T15:47:42.971557638Z,1940.619768,76758534,935915520,929742848
calibration-20260902-f,S1-100-r02,2026-09-01T15:47:42.981712971Z,1950.775102,76758690,936144896,929644544
calibration-20260902-f,S1-100-r02,2026-09-01T15:47:42.991851889Z,1960.914019,76758913,936144896,929644544
calibration-20260902-f,S1-100-r02,2026-09-01T15:47:43.001949859Z,1971.011996,76759108,936144896,929644544
calibration-20260902-f,S1-100-r02,2026-09-01T15:47:43.011098997Z,1980.161128,76759268,936144896,929345536
calibration-20260902-f,S1-100-r02,2026-09-01T15:47:43.021335229Z,1990.397381,76759533,937062400,930918400
calibration-20260902-f,S1-100-r02,2026-09-01T15:47:43.031526253Z,2000.588383,76795084,956329984,950054912
calibration-20260902-f,S1-100-r02,2026-09-01T15:47:43.041747759Z,2010.809889,76849372,983396352,977580032
calibration-20260902-f,S1-100-r02,2026-09-01T15:47:43.051948039Z,2021.010171,76858471,989818880,983871488
calibration-20260902-f,S1-100-r02,2026-09-01T15:47:43.061126341Z,2030.188472,76858652,989818880,983871488
calibration-20260902-f,S1-100-r02,2026-09-01T15:47:43.071325197Z,2040.387329,76858850,989818880,983871488
calibration-20260902-f,S1-100-r02,2026-09-01T15:47:43.081490653Z,2050.552784,76859026,989818880,983871488
calibration-20260902-f,S1-100-r02,2026-09-01T15:47:43.091683876Z,2060.746008,76859206,989818880,983871488
calibration-20260902-f,S1-100-r02,2026-09-01T15:47:43.101863298Z,2070.925428,76859451,990048256,983871488
calibration-20260902-f,S1-100-r02,2026-09-01T15:47:43.112018475Z,2081.080605,76859630,990048256,983871488
calibration-20260902-f,S1-100-r02,2026-09-01T15:47:43.121149412Z,2090.211543,76859880,991653888,985706496
calibration-20260902-f,S1-100-r02,2026-09-01T15:47:43.131394799Z,2100.456953,76896048,1031794688,1026072576
calibration-20260902-f,S1-100-r02,2026-09-01T15:47:43.142526534Z,2111.588664,76950997,1066201088,1060937728
calibration-20260902-f,S1-100-r02,2026-09-01T15:47:43.22048917Z,2189.551295,76960219,1068265472,1063034880
calibration-20260902-f,S1-100-r02,2026-09-01T15:47:43.221592039Z,2190.654169,76961707,1070100480,1064869888
calibration-20260902-f,S1-100-r02,2026-09-01T15:47:43.231717877Z,2200.780007,76995746,1085239296,1080074240
calibration-20260902-f,S1-100-r02,2026-09-01T15:47:43.241942706Z,2211.004831,77049637,1090285568,1085317120
calibration-20260902-f,S1-100-r02,2026-09-01T15:47:43.251107862Z,2220.169992,77054274,1090514944,1085317120
calibration-20260902-f,S1-100-r02,2026-09-01T15:47:43.261290633Z,2230.352763,77054410,1090514944,1085317120
calibration-20260902-f,S1-100-r02,2026-09-01T15:47:43.271496276Z,2240.558407,77054598,1090514944,1085317120
calibration-20260902-f,S1-100-r02,2026-09-01T15:47:43.281695955Z,2250.758085,77054805,1090514944,1085317120
calibration-20260902-f,S1-100-r02,2026-09-01T15:47:43.291896196Z,2260.958327,77055077,1090514944,1085317120
calibration-20260902-f,S1-100-r02,2026-09-01T15:47:43.302117569Z,2271.179699,77055249,1090514944,1085317120
calibration-20260902-f,S1-100-r02,2026-09-01T15:47:43.311267504Z,2280.329634,77055407,1090514944,1085317120
calibration-20260902-f,S1-100-r02,2026-09-01T15:47:43.321458944Z,2290.521074,77055598,1090514944,1085317120
calibration-20260902-f,S1-100-r02,2026-09-01T15:47:43.331649833Z,2300.711964,77090732,1090973696,1085841408
calibration-20260902-f,S1-100-r02,2026-09-01T15:47:43.341877531Z,2310.939661,77144409,1091432448,1086365696
calibration-20260902-f,S1-100-r02,2026-09-01T15:47:43.352112447Z,2321.174577,77153500,1091432448,1086627840
calibration-20260902-f,S1-100-r02,2026-09-01T15:47:43.361302137Z,2330.364262,77153681,1091432448,1086627840
calibration-20260902-f,S1-100-r02,2026-09-01T15:47:43.371500633Z,2340.562764,77153803,1091432448,1086627840
calibration-20260902-f,S1-100-r02,2026-09-01T15:47:43.381667049Z,2350.729174,77153908,1091432448,1086627840
calibration-20260902-f,S1-100-r02,2026-09-01T15:47:43.391855999Z,2360.918131,77154048,1091432448,1086627840
calibration-20260902-f,S1-100-r02,2026-09-01T15:47:43.40204165Z,2371.103776,77154144,1091432448,1086627840
calibration-20260902-f,S1-100-r02,2026-09-01T15:47:43.4205012Z,2389.563325,77154285,1091432448,1086627840
calibration-20260902-f,S1-100-r02,2026-09-01T15:47:43.421593164Z,2390.655294,77154427,1091432448,1086627840
calibration-20260902-f,S1-100-r02,2026-09-01T15:47:43.431769076Z,2400.831207,77189372,1091432448,1086627840
calibration-20260902-f,S1-100-r02,2026-09-01T15:47:43.441978772Z,2411.040902,77243200,1093038080,1088200704
calibration-20260902-f,S1-100-r02,2026-09-01T15:47:43.451272172Z,2420.334302,77256763,1093038080,1088200704
calibration-20260902-f,S1-100-r02,2026-09-01T15:47:43.461521891Z,2430.584021,77256960,1093038080,1088200704
calibration-20260902-f,S1-100-r02,2026-09-01T15:47:43.471763016Z,2440.825147,77257212,1093038080,1088200704
calibration-20260902-f,S1-100-r02,2026-09-01T15:47:43.481947228Z,2451.009358,77257448,1093038080,1088200704
calibration-20260902-f,S1-100-r02,2026-09-01T15:47:43.492117997Z,2461.180128,77257573,1093038080,1088200704
calibration-20260902-f,S1-100-r02,2026-09-01T15:47:43.501237529Z,2470.299668,77257675,1093038080,1088458752
calibration-20260902-f,S1-100-r02,2026-09-01T15:47:43.511582337Z,2480.644472,77257887,1093038080,1088241664
calibration-20260902-f,S1-100-r02,2026-09-01T15:47:43.521867556Z,2490.929710,77258342,1093726208,1088503808
calibration-20260902-f,S1-100-r02,2026-09-01T15:47:43.531475724Z,2500.537878,77293688,1093726208,1088503808
calibration-20260902-f,S1-100-r02,2026-09-01T15:47:43.541169357Z,2510.231488,77348457,1045893120,1040732160
calibration-20260902-f,S1-100-r02,2026-09-01T15:47:43.551391263Z,2520.453394,77353130,1045893120,1040637952
calibration-20260902-f,S1-100-r02,2026-09-01T15:47:43.561598659Z,2530.660790,77353377,1045893120,1040637952
calibration-20260902-f,S1-100-r02,2026-09-01T15:47:43.571720147Z,2540.782277,77353569,1045893120,1040228352
calibration-20260902-f,S1-100-r02,2026-09-01T15:47:43.581875082Z,2550.937212,77353731,1045893120,1040228352
calibration-20260902-f,S1-100-r02,2026-09-01T15:47:43.592005453Z,2561.067583,77353926,1045893120,1040490496
calibration-20260902-f,S1-100-r02,2026-09-01T15:47:43.601174536Z,2570.236666,77354068,1045893120,1040490496
calibration-20260902-f,S1-100-r02,2026-09-01T15:47:43.611324027Z,2580.386157,77354200,1045893120,1040322560
calibration-20260902-f,S1-100-r02,2026-09-01T15:47:43.621523093Z,2590.585223,77354403,1045893120,1040584704
calibration-20260902-f,S1-100-r02,2026-09-01T15:47:43.631696867Z,2600.758998,77389446,1046122496,1041108992
calibration-20260902-f,S1-100-r02,2026-09-01T15:47:43.641935169Z,2610.997300,77443161,1046122496,1041108992
calibration-20260902-f,S1-100-r02,2026-09-01T15:47:43.651201487Z,2620.263618,77456761,1046122496,1041108992
calibration-20260902-f,S1-100-r02,2026-09-01T15:47:43.720523506Z,2689.585637,77456928,1046122496,1040883712
calibration-20260902-f,S1-100-r02,2026-09-01T15:47:43.721695478Z,2690.757608,77457168,1046122496,1041145856
calibration-20260902-f,S1-100-r02,2026-09-01T15:47:43.731821043Z,2700.883174,77492436,1046581248,1041408000
calibration-20260902-f,S1-100-r02,2026-09-01T15:47:43.742076Z,2711.138129,77546431,1046581248,1041670144
calibration-20260902-f,S1-100-r02,2026-09-01T15:47:43.751302661Z,2720.364791,77555510,1046581248,1041670144
calibration-20260902-f,S1-100-r02,2026-09-01T15:47:43.761457945Z,2730.520075,77555704,1046581248,1041670144
calibration-20260902-f,S1-100-r02,2026-09-01T15:47:43.771638032Z,2740.700162,77555938,1046581248,1041670144
calibration-20260902-f,S1-100-r02,2026-09-01T15:47:43.781758051Z,2750.820182,77556100,1046581248,1041670144
calibration-20260902-f,S1-100-r02,2026-09-01T15:47:43.791904791Z,2760.966921,77556299,1046581248,1041670144
calibration-20260902-f,S1-100-r02,2026-09-01T15:47:43.80206039Z,2771.122520,77556468,1046581248,1041670144
calibration-20260902-f,S1-100-r02,2026-09-01T15:47:43.8112195Z,2780.281630,77556619,1046581248,1041428480
calibration-20260902-f,S1-100-r02,2026-09-01T15:47:43.82143609Z,2790.498220,77556795,1046581248,1041428480
calibration-20260902-f,S1-100-r02,2026-09-01T15:47:43.831090969Z,2800.153094,77592334,998813696,993886208
calibration-20260902-f,S1-100-r02,2026-09-01T15:47:43.841560154Z,2810.622284,77643036,973139968,968331264
calibration-20260902-f,S1-100-r02,2026-09-01T15:47:43.85172073Z,2820.782862,77652202,982315008,978030592
calibration-20260902-f,S1-100-r02,2026-09-01T15:47:43.861963634Z,2831.025765,77652439,982315008,977838080
calibration-20260902-f,S1-100-r02,2026-09-01T15:47:43.871079787Z,2840.141917,77652562,982315008,977838080
calibration-20260902-f,S1-100-r02,2026-09-01T15:47:43.881246217Z,2850.308347,77652717,982315008,977838080
calibration-20260902-f,S1-100-r02,2026-09-01T15:47:43.891414218Z,2860.476349,77652886,982315008,977838080
calibration-20260902-f,S1-100-r02,2026-09-01T15:47:43.901558959Z,2870.621089,77653058,982315008,977838080
calibration-20260902-f,S1-100-r02,2026-09-01T15:47:43.911766629Z,2880.828759,77653264,982315008,977608704
calibration-20260902-f,S1-100-r02,2026-09-01T15:47:43.921560978Z,2890.623109,77653642,986443776,981540864
calibration-20260902-f,S1-100-r02,2026-09-01T15:47:43.931792824Z,2900.854949,77692299,1000206336,994910208
calibration-20260902-f,S1-100-r02,2026-09-01T15:47:43.941672016Z,2910.734147,77742824,952033280,946843648
calibration-20260902-f,S1-100-r02,2026-09-01T15:47:43.951837981Z,2920.900111,77756454,959373312,954183680
calibration-20260902-f,S1-100-r02,2026-09-01T15:47:43.961990709Z,2931.052839,77756630,959373312,954085376
calibration-20260902-f,S1-100-r02,2026-09-01T15:47:43.971196849Z,2940.258980,77756807,959373312,954085376
calibration-20260902-f,S1-100-r02,2026-09-01T15:47:43.981379074Z,2950.441205,77757008,959373312,954343424
calibration-20260902-f,S1-100-r02,2026-09-01T15:47:43.991580538Z,2960.642668,77757176,959602688,954605568
calibration-20260902-f,S1-100-r02,2026-09-01T15:47:44.001681686Z,2970.743824,77757308,959602688,954605568
calibration-20260902-f,S1-100-r02,2026-09-01T15:47:44.011859473Z,2980.921603,77757463,959602688,954359808
calibration-20260902-f,S1-100-r02,2026-09-01T15:47:44.021575621Z,2990.637751,77757644,961667072,956194816
calibration-20260902-f,S1-100-r02,2026-09-01T15:47:44.031705819Z,3000.767950,77793046,980017152,975069184
calibration-20260902-f,S1-100-r02,2026-09-01T15:47:44.041942054Z,3011.004185,77847049,996532224,991322112
calibration-20260902-f,S1-100-r02,2026-09-01T15:47:44.051159193Z,3020.221325,77856213,1000660992,995516416
calibration-20260902-f,S1-100-r02,2026-09-01T15:47:44.061391935Z,3030.454065,77856433,1000660992,995516416
calibration-20260902-f,S1-100-r02,2026-09-01T15:47:44.07163357Z,3040.695700,77856679,1000660992,995516416
calibration-20260902-f,S1-100-r02,2026-09-01T15:47:44.081805828Z,3050.867959,77856883,1000660992,995516416
calibration-20260902-f,S1-100-r02,2026-09-01T15:47:44.091935803Z,3060.997933,77857047,1000660992,995516416
calibration-20260902-f,S1-100-r02,2026-09-01T15:47:44.101084049Z,3070.146179,77857204,1000660992,995516416
calibration-20260902-f,S1-100-r02,2026-09-01T15:47:44.111328269Z,3080.390398,77857439,1000660992,995295232
calibration-20260902-f,S1-100-r02,2026-09-01T15:47:44.121482569Z,3090.544699,77857570,1000890368,995553280
calibration-20260902-f,S1-100-r02,2026-09-01T15:47:44.131673297Z,3100.735428,77892627,1001119744,995553280
calibration-20260902-f,S1-100-r02,2026-09-01T15:47:44.141839562Z,3110.901692,77946230,1001119744,995553280
calibration-20260902-f,S1-100-r02,2026-09-01T15:47:44.152030071Z,3121.092201,77955397,1001119744,995553280
calibration-20260902-f,S1-100-r02,2026-09-01T15:47:44.161212233Z,3130.274363,77955593,1001119744,995815424
calibration-20260902-f,S1-100-r02,2026-09-01T15:47:44.1713823Z,3140.444431,77955732,1001119744,995815424
calibration-20260902-f,S1-100-r02,2026-09-01T15:47:44.181633321Z,3150.695452,77955979,1001119744,995815424
calibration-20260902-f,S1-100-r02,2026-09-01T15:47:44.220503106Z,3189.565237,77956284,1001119744,995561472
calibration-20260902-f,S1-100-r02,2026-09-01T15:47:44.221707061Z,3190.769191,77956494,1001119744,995561472
calibration-20260902-f,S1-100-r02,2026-09-01T15:47:44.231840448Z,3200.902577,77991507,1001119744,995561472
calibration-20260902-f,S1-100-r02,2026-09-01T15:47:44.241953245Z,3211.015375,78044996,1001119744,995561472
calibration-20260902-f,S1-100-r02,2026-09-01T15:47:44.251109114Z,3220.171244,78058476,1001119744,995561472
calibration-20260902-f,S1-100-r02,2026-09-01T15:47:44.261264282Z,3230.326413,78058652,1001119744,995561472
calibration-20260902-f,S1-100-r02,2026-09-01T15:47:44.27144509Z,3240.507221,78058788,1001119744,995561472
calibration-20260902-f,S1-100-r02,2026-09-01T15:47:44.281626606Z,3250.688737,78058923,1001119744,995561472
calibration-20260902-f,S1-100-r02,2026-09-01T15:47:44.29176313Z,3260.825261,78059049,1001119744,995561472
calibration-20260902-f,S1-100-r02,2026-09-01T15:47:44.301880413Z,3270.942544,78059201,1001119744,995561472
calibration-20260902-f,S1-100-r02,2026-09-01T15:47:44.3120957Z,3281.157830,78059372,1001119744,995561472
calibration-20260902-f,S1-100-r02,2026-09-01T15:47:44.321266694Z,3290.328824,78059516,1001119744,995561472
calibration-20260902-f,S1-100-r02,2026-09-01T15:47:44.331442694Z,3300.504825,78095029,1015570432,1009979392
calibration-20260902-f,S1-100-r02,2026-09-01T15:47:44.341668632Z,3310.730762,78149160,1032773632,1027280896
calibration-20260902-f,S1-100-r02,2026-09-01T15:47:44.351896169Z,3320.958299,78158307,1036443648,1030688768
calibration-20260902-f,S1-100-r02,2026-09-01T15:47:44.420575847Z,3389.637978,78158494,1036673024,1030946816
calibration-20260902-f,S1-100-r02,2026-09-01T15:47:44.421704141Z,3390.766284,78158801,1038278656,1033043968
calibration-20260902-f,S1-100-r02,2026-09-01T15:47:44.432023024Z,3401.085154,78196598,1062592512,1057947648
calibration-20260902-f,S1-100-r02,2026-09-01T15:47:44.442142675Z,3411.204806,78248588,1074061312,1069219840
calibration-20260902-f,S1-100-r02,2026-09-01T15:47:44.451255324Z,3420.317455,78257744,1074061312,1069477888
calibration-20260902-f,S1-100-r02,2026-09-01T15:47:44.461406536Z,3430.468666,78258018,1074061312,1069740032
calibration-20260902-f,S1-100-r02,2026-09-01T15:47:44.471575193Z,3440.637323,78258181,1074061312,1069740032
calibration-20260902-f,S1-100-r02,2026-09-01T15:47:44.520519245Z,3489.581376,78258448,1074061312,1069142016
calibration-20260902-f,S1-100-r02,2026-09-01T15:47:44.521644967Z,3490.707098,78258708,1075896320,1071239168
calibration-20260902-f,S1-100-r02,2026-09-01T15:47:44.531813796Z,3500.875926,78293930,1093558272,1088802816
calibration-20260902-f,S1-100-r02,2026-09-01T15:47:44.541981697Z,3511.043823,78347653,1099522048,1094569984
calibration-20260902-f,S1-100-r02,2026-09-01T15:47:44.551198532Z,3520.260658,78356867,1099522048,1094041600
calibration-20260902-f,S1-100-r02,2026-09-01T15:47:44.561415396Z,3530.477527,78357057,1099522048,1094041600
calibration-20260902-f,S1-100-r02,2026-09-01T15:47:44.571552607Z,3540.614737,78357233,1099522048,1094041600
calibration-20260902-f,S1-100-r02,2026-09-01T15:47:44.581681852Z,3550.743982,78357406,1099522048,1094041600
calibration-20260902-f,S1-100-r02,2026-09-01T15:47:44.591802878Z,3560.865008,78357544,1099522048,1094033408
calibration-20260902-f,S1-100-r02,2026-09-01T15:47:44.601978441Z,3571.040566,78357839,1099522048,1094033408
calibration-20260902-f,S1-100-r02,2026-09-01T15:47:44.611078486Z,3580.140615,78357920,1099522048,1094033408
calibration-20260902-f,S1-100-r02,2026-09-01T15:47:44.62122974Z,3590.291870,78358040,1099522048,1094033408
calibration-20260902-f,S1-100-r02,2026-09-01T15:47:44.631381034Z,3600.443166,78393394,1099522048,1094033408
calibration-20260902-f,S1-100-r02,2026-09-01T15:47:44.641651689Z,3610.713820,78447033,1099522048,1094033408
calibration-20260902-f,S1-100-r02,2026-09-01T15:47:44.651896355Z,3620.958485,78456188,1099980800,1094557696
calibration-20260902-f,S1-100-r02,2026-09-01T15:47:44.662069796Z,3631.131927,78456391,1099980800,1094557696
calibration-20260902-f,S1-100-r02,2026-09-01T15:47:44.7205484Z,3689.610530,78456900,1099980800,1094156288
calibration-20260902-f,S1-100-r02,2026-09-01T15:47:44.721736817Z,3690.798950,78457034,1099980800,1094156288
calibration-20260902-f,S1-100-r02,2026-09-01T15:47:44.731296991Z,3700.359120,78492828,1052123136,1046093824
calibration-20260902-f,S1-100-r02,2026-09-01T15:47:44.741501623Z,3710.563748,78546355,1052123136,1046093824
calibration-20260902-f,S1-100-r02,2026-09-01T15:47:44.751711244Z,3720.773374,78555464,1052123136,1046093824
calibration-20260902-f,S1-100-r02,2026-09-01T15:47:44.761950163Z,3731.012293,78555727,1052123136,1046261760
calibration-20260902-f,S1-100-r02,2026-09-01T15:47:44.771134669Z,3740.196799,78555899,1052123136,1046261760
calibration-20260902-f,S1-100-r02,2026-09-01T15:47:44.781247597Z,3750.309727,78556062,1052123136,1046261760
calibration-20260902-f,S1-100-r02,2026-09-01T15:47:44.791460344Z,3760.522475,78556228,1052123136,1046261760
calibration-20260902-f,S1-100-r02,2026-09-01T15:47:44.801587613Z,3770.649743,78556390,1052123136,1046261760
calibration-20260902-f,S1-100-r02,2026-09-01T15:47:44.811744773Z,3780.806903,78556614,1052123136,1046073344
calibration-20260902-f,S1-100-r02,2026-09-01T15:47:44.821946183Z,3791.008319,78556929,1052123136,1046073344
calibration-20260902-f,S1-100-r02,2026-09-01T15:47:44.83109518Z,3800.157317,78592113,1052352512,1046597632
calibration-20260902-f,S1-100-r02,2026-09-01T15:47:44.841455938Z,3810.518069,78645859,1052352512,1046597632
calibration-20260902-f,S1-100-r02,2026-09-01T15:47:44.851662997Z,3820.725128,78654978,1052352512,1046855680
calibration-20260902-f,S1-100-r02,2026-09-01T15:47:44.861848104Z,3830.910236,78655156,1052352512,1046855680
calibration-20260902-f,S1-100-r02,2026-09-01T15:47:44.872024229Z,3841.086359,78655287,1052352512,1046855680
calibration-20260902-f,S1-100-r02,2026-09-01T15:47:44.881192456Z,3850.254587,78655418,1052352512,1046855680
calibration-20260902-f,S1-100-r02,2026-09-01T15:47:44.891361052Z,3860.423182,78655517,1052352512,1046855680
calibration-20260902-f,S1-100-r02,2026-09-01T15:47:44.901543304Z,3870.605429,78655616,1052352512,1046855680
calibration-20260902-f,S1-100-r02,2026-09-01T15:47:44.911746723Z,3880.808848,78655744,1052352512,1046855680
calibration-20260902-f,S1-100-r02,2026-09-01T15:47:44.921941429Z,3891.003559,78655979,1052352512,1046704128
calibration-20260902-f,S1-100-r02,2026-09-01T15:47:44.931118473Z,3900.180599,78692359,1052581888,1046884352
calibration-20260902-f,S1-100-r02,2026-09-01T15:47:44.941327643Z,3910.389773,78745014,1053040640,1047408640
calibration-20260902-f,S1-100-r02,2026-09-01T15:47:44.951558939Z,3920.621069,78758560,1053040640,1047408640
calibration-20260902-f,S1-100-r02,2026-09-01T15:47:44.961719078Z,3930.781209,78758866,1053040640,1047408640
calibration-20260902-f,S1-100-r02,2026-09-01T15:47:44.971855657Z,3940.917788,78758936,1053040640,1047408640
calibration-20260902-f,S1-100-r02,2026-09-01T15:47:44.982011752Z,3951.073882,78759015,1053040640,1047408640
calibration-20260902-f,S1-100-r02,2026-09-01T15:47:44.991165792Z,3960.227916,78759096,1053040640,1047408640
calibration-20260902-f,S1-100-r02,2026-09-01T15:47:45.00129078Z,3970.352912,78759172,1053040640,1047408640
calibration-20260902-f,S1-100-r02,2026-09-01T15:47:45.011431711Z,3980.493836,78759250,1053040640,1047408640
calibration-20260902-f,S1-100-r02,2026-09-01T15:47:45.021653798Z,3990.715928,78759362,1053040640,1047252992
calibration-20260902-f,S1-100-r02,2026-09-01T15:47:45.031185124Z,4000.247255,78795166,1053499392,1047703552
calibration-20260902-f,S1-100-r02,2026-09-01T15:47:45.04133245Z,4010.394576,78849191,1054875648,1049276416
calibration-20260902-f,S1-100-r02,2026-09-01T15:47:45.051524808Z,4020.586940,78853837,1054875648,1049272320
calibration-20260902-f,S1-100-r02,2026-09-01T15:47:45.061773505Z,4030.835636,78854078,1054875648,1049272320
calibration-20260902-f,S1-100-r02,2026-09-01T15:47:45.07192163Z,4040.983761,78854299,1054875648,1049272320
calibration-20260902-f,S1-100-r02,2026-09-01T15:47:45.082082878Z,4051.145009,78854441,1054875648,1049272320
calibration-20260902-f,S1-100-r02,2026-09-01T15:47:45.091214734Z,4060.276864,78854559,1054875648,1049272320
calibration-20260902-f,S1-100-r02,2026-09-01T15:47:45.101335853Z,4070.397982,78854663,1054875648,1049272320
calibration-20260902-f,S1-100-r02,2026-09-01T15:47:45.11148142Z,4080.543551,78854804,1054875648,1049272320
calibration-20260902-f,S1-100-r02,2026-09-01T15:47:45.121605644Z,4090.667774,78854967,1054875648,1049272320
calibration-20260902-f,S1-100-r02,2026-09-01T15:47:45.131725773Z,4100.787904,78892082,1054875648,1049272320
calibration-20260902-f,S1-100-r02,2026-09-01T15:47:45.142043763Z,4111.105893,78944646,1011179520,1005117440
calibration-20260902-f,S1-100-r02,2026-09-01T15:47:45.151261832Z,4120.323963,78953730,1011179520,1005117440
calibration-20260902-f,S1-100-r02,2026-09-01T15:47:45.161560894Z,4130.623024,78954045,1011179520,1005117440
calibration-20260902-f,S1-100-r02,2026-09-01T15:47:45.171776035Z,4140.838165,78954354,1011179520,1005023232
calibration-20260902-f,S1-100-r02,2026-09-01T15:47:45.182043364Z,4151.105494,78954700,1011179520,1005023232
calibration-20260902-f,S1-100-r02,2026-09-01T15:47:45.191258831Z,4160.320956,78955004,1011179520,1005023232
calibration-20260902-f,S1-100-r02,2026-09-01T15:47:45.201475066Z,4170.537198,78955149,1011179520,1005023232
calibration-20260902-f,S1-100-r02,2026-09-01T15:47:45.220491207Z,4189.553332,78955330,1011408896,1005285376
calibration-20260902-f,S1-100-r02,2026-09-01T15:47:45.221658219Z,4190.720349,78955568,1013014528,1007120384
calibration-20260902-f,S1-100-r02,2026-09-01T15:47:45.231899809Z,4200.961941,78991000,1028841472,1023111168
calibration-20260902-f,S1-100-r02,2026-09-01T15:47:45.241836173Z,4210.898306,79046299,994422784,988680192
calibration-20260902-f,S1-100-r02,2026-09-01T15:47:45.251086824Z,4220.148949,79055970,1005662208,999690240
calibration-20260902-f,S1-100-r02,2026-09-01T15:47:45.261338191Z,4230.400321,79056246,1005662208,999591936
calibration-20260902-f,S1-100-r02,2026-09-01T15:47:45.320498757Z,4289.560888,79056518,1005891584,1000116224
calibration-20260902-f,S1-100-r02,2026-09-01T15:47:45.32156771Z,4290.629841,79056797,1007497216,1001689088
calibration-20260902-f,S1-100-r02,2026-09-01T15:47:45.331723809Z,4300.785934,79091975,1007726592,1001689088
calibration-20260902-f,S1-100-r02,2026-09-01T15:47:45.342008746Z,4311.070876,79145593,1007726592,1001689088
calibration-20260902-f,S1-100-r02,2026-09-01T15:47:45.351244302Z,4320.306433,79154733,1007726592,1001689088
calibration-20260902-f,S1-100-r02,2026-09-01T15:47:45.361498088Z,4330.560219,79154975,1007726592,1001689088
calibration-20260902-f,S1-100-r02,2026-09-01T15:47:45.371698527Z,4340.760658,79155176,1007726592,1001689088
calibration-20260902-f,S1-100-r02,2026-09-01T15:47:45.381807256Z,4350.869387,79155360,1007726592,1001689088
calibration-20260902-f,S1-100-r02,2026-09-01T15:47:45.391940037Z,4361.002169,79155542,1007726592,1001689088
calibration-20260902-f,S1-100-r02,2026-09-01T15:47:45.402048465Z,4371.110596,79155754,1007726592,1001689088
calibration-20260902-f,S1-100-r02,2026-09-01T15:47:45.411273647Z,4380.335778,79155948,1007726592,1001689088
calibration-20260902-f,S1-100-r02,2026-09-01T15:47:45.421373985Z,4390.436116,79156094,1007726592,1001689088
calibration-20260902-f,S1-100-r02,2026-09-01T15:47:45.431539969Z,4400.602181,79191215,1007726592,1001689088
calibration-20260902-f,S1-100-r02,2026-09-01T15:47:45.441870637Z,4410.932767,79245273,1020112896,1014534144
calibration-20260902-f,S1-100-r02,2026-09-01T15:47:45.452127928Z,4421.190059,79254563,1024241664,1018208256
calibration-20260902-f,S1-100-r02,2026-09-01T15:47:45.520536461Z,4489.598592,79254831,1024471040,1018470400
calibration-20260902-f,S1-100-r02,2026-09-01T15:47:45.521733825Z,4490.795956,79255148,1026306048,1020305408
calibration-20260902-f,S1-100-r02,2026-09-01T15:47:45.531902836Z,4500.964967,79290575,1044656128,1039179776
calibration-20260902-f,S1-100-r02,2026-09-01T15:47:45.541119631Z,4510.181762,79344461,1056354304,1050451968
calibration-20260902-f,S1-100-r02,2026-09-01T15:47:45.551302843Z,4520.364974,79353610,1056354304,1050451968
calibration-20260902-f,S1-100-r02,2026-09-01T15:47:45.561512655Z,4530.574786,79353799,1056354304,1050451968
calibration-20260902-f,S1-100-r02,2026-09-01T15:47:45.571701439Z,4540.763570,79353980,1056354304,1050714112
calibration-20260902-f,S1-100-r02,2026-09-01T15:47:45.581853294Z,4550.915424,79354203,1056354304,1050714112
calibration-20260902-f,S1-100-r02,2026-09-01T15:47:45.592020085Z,4561.082215,79354398,1056354304,1050714112
calibration-20260902-f,S1-100-r02,2026-09-01T15:47:45.620560454Z,4589.622585,79354605,1056354304,1050714112
calibration-20260902-f,S1-100-r02,2026-09-01T15:47:45.621767654Z,4590.829808,79354833,1056354304,1050714112
calibration-20260902-f,S1-100-r02,2026-09-01T15:47:45.631900982Z,4600.963113,79390200,1063464960,1058050048
calibration-20260902-f,S1-100-r02,2026-09-01T15:47:45.642038541Z,4611.100672,79443995,1079062528,1073516544
calibration-20260902-f,S1-100-r02,2026-09-01T15:47:45.65126756Z,4620.329691,79453063,1085026304,1079545856
calibration-20260902-f,S1-100-r02,2026-09-01T15:47:45.661474015Z,4630.536145,79453214,1085026304,1079545856
calibration-20260902-f,S1-100-r02,2026-09-01T15:47:45.671604403Z,4640.666534,79453346,1085026304,1079545856
calibration-20260902-f,S1-100-r02,2026-09-01T15:47:45.681780936Z,4650.843066,79453494,1085026304,1079545856
calibration-20260902-f,S1-100-r02,2026-09-01T15:47:45.720650969Z,4689.713150,79453742,1085485056,1079816192
calibration-20260902-f,S1-100-r02,2026-09-01T15:47:45.721865132Z,4690.927309,79454251,1088008192,1082175488
calibration-20260902-f,S1-100-r02,2026-09-01T15:47:45.731139033Z,4700.201163,79489874,1110257664,1104457728
calibration-20260902-f,S1-100-r02,2026-09-01T15:47:45.741334891Z,4710.397022,79544224,1129295872,1123594240
calibration-20260902-f,S1-100-r02,2026-09-01T15:47:45.751548187Z,4720.610312,79553369,1129754624,1123856384
calibration-20260902-f,S1-100-r02,2026-09-01T15:47:45.761742031Z,4730.804161,79553551,1129754624,1123856384
calibration-20260902-f,S1-100-r02,2026-09-01T15:47:45.771885768Z,4740.947898,79553764,1129754624,1123856384
calibration-20260902-f,S1-100-r02,2026-09-01T15:47:45.782047858Z,4751.109988,79553974,1129754624,1123856384
calibration-20260902-f,S1-100-r02,2026-09-01T15:47:45.791218124Z,4760.280255,79554150,1129754624,1124114432
calibration-20260902-f,S1-100-r02,2026-09-01T15:47:45.80144151Z,4770.503640,79554404,1129754624,1124114432
calibration-20260902-f,S1-100-r02,2026-09-01T15:47:45.811600025Z,4780.662156,79554718,1129754624,1124114432
calibration-20260902-f,S1-100-r02,2026-09-01T15:47:45.821802194Z,4790.864324,79555049,1131589632,1125949440
calibration-20260902-f,S1-100-r02,2026-09-01T15:47:45.832045855Z,4801.107986,79590457,1146499072,1141153792
calibration-20260902-f,S1-100-r02,2026-09-01T15:47:45.841259958Z,4810.322083,79644367,1153150976,1147969536
calibration-20260902-f,S1-100-r02,2026-09-01T15:47:45.85147521Z,4820.537341,79657948,1153150976,1147969536
calibration-20260902-f,S1-100-r02,2026-09-01T15:47:45.861621105Z,4830.683236,79658172,1153150976,1147969536
calibration-20260902-f,S1-100-r02,2026-09-01T15:47:45.87183703Z,4840.899161,79658393,1153150976,1147969536
calibration-20260902-f,S1-100-r02,2026-09-01T15:47:45.920509863Z,4889.571994,79658654,1153150976,1147969536
calibration-20260902-f,S1-100-r02,2026-09-01T15:47:45.921657917Z,4890.720047,79658871,1153150976,1147969536
calibration-20260902-f,S1-100-r02,2026-09-01T15:47:45.93182243Z,4900.884560,79694079,1153150976,1147969536
calibration-20260902-f,S1-100-r02,2026-09-01T15:47:45.942092004Z,4911.154134,79747758,1153150976,1147969536
calibration-20260902-f,S1-100-r02,2026-09-01T15:47:45.95135471Z,4920.416841,79756923,1153150976,1147969536
calibration-20260902-f,S1-100-r02,2026-09-01T15:47:45.961579948Z,4930.642079,79757161,1153380352,1147969536
calibration-20260902-f,S1-100-r02,2026-09-01T15:47:45.971794578Z,4940.856709,79757394,1153380352,1147969536
calibration-20260902-f,S1-100-r02,2026-09-01T15:47:45.981937234Z,4950.999364,79757559,1153380352,1147969536
calibration-20260902-f,S1-100-r02,2026-09-01T15:47:45.991088892Z,4960.151022,79757737,1153380352,1147969536
calibration-20260902-f,S1-100-r02,2026-09-01T15:47:46.001303643Z,4970.365780,79757949,1153380352,1147969536
calibration-20260902-f,S1-100-r02,2026-09-01T15:47:46.011481515Z,4980.543646,79758071,1153380352,1147969536
calibration-20260902-f,S1-100-r02,2026-09-01T15:47:46.021531644Z,4990.593774,79758236,1153380352,1147969536
calibration-20260902-f,S1-100-r02,2026-09-01T15:47:46.03192426Z,5000.986390,79794649,1105629184,1099907072
calibration-20260902-f,S1-100-r02,2026-09-01T15:47:46.04111114Z,5010.173270,79848263,1105629184,1099907072
calibration-20260902-f,S1-100-r02,2026-09-01T15:47:46.051262843Z,5020.324973,79852933,1105629184,1099907072
calibration-20260902-f,S1-100-r02,2026-09-01T15:47:46.06145475Z,5030.516880,79853108,1105629184,1099812864
calibration-20260902-f,S1-100-r02,2026-09-01T15:47:46.071680445Z,5040.742577,79853327,1105629184,1099812864
calibration-20260902-f,S1-100-r02,2026-09-01T15:47:46.081899364Z,5050.961494,79853538,1105629184,1099812864
calibration-20260902-f,S1-100-r02,2026-09-01T15:47:46.092037246Z,5061.099376,79853734,1105629184,1099812864
calibration-20260902-f,S1-100-r02,2026-09-01T15:47:46.101203612Z,5070.265742,79853878,1105629184,1099812864
calibration-20260902-f,S1-100-r02,2026-09-01T15:47:46.111418337Z,5080.480467,79854100,1105629184,1099812864
calibration-20260902-f,S1-100-r02,2026-09-01T15:47:46.121642857Z,5090.704989,79854352,1105629184,1099812864
calibration-20260902-f,S1-100-r02,2026-09-01T15:47:46.131783668Z,5100.845793,79893254,1106317312,1100599296
calibration-20260902-f,S1-100-r02,2026-09-01T15:47:46.141996266Z,5111.058396,79943401,1106317312,1100599296
calibration-20260902-f,S1-100-r02,2026-09-01T15:47:46.151239065Z,5120.301195,79956909,1106317312,1100599296
calibration-20260902-f,S1-100-r02,2026-09-01T15:47:46.220518129Z,5189.580259,79957076,1106317312,1100599296
calibration-20260902-f,S1-100-r02,2026-09-01T15:47:46.221689725Z,5190.751855,79957311,1106317312,1100599296
calibration-20260902-f,S1-100-r02,2026-09-01T15:47:46.231949926Z,5201.012056,79993335,1058492416,1052786688
calibration-20260902-f,S1-100-r02,2026-09-01T15:47:46.242133392Z,5211.195522,80046983,1058492416,1052786688
calibration-20260902-f,S1-100-r02,2026-09-01T15:47:46.251383004Z,5220.445135,80056154,1058492416,1052786688
calibration-20260902-f,S1-100-r02,2026-09-01T15:47:46.261614245Z,5230.676375,80056389,1058492416,1052692480
calibration-20260902-f,S1-100-r02,2026-09-01T15:47:46.271825208Z,5240.887339,80056635,1058492416,1052553216
calibration-20260902-f,S1-100-r02,2026-09-01T15:47:46.282017991Z,5251.080120,80056821,1058492416,1052553216
calibration-20260902-f,S1-100-r02,2026-09-01T15:47:46.291199996Z,5260.262128,80057008,1058492416,1052553216
calibration-20260902-f,S1-100-r02,2026-09-01T15:47:46.301412367Z,5270.474497,80057190,1058492416,1052553216
calibration-20260902-f,S1-100-r02,2026-09-01T15:47:46.311554855Z,5280.616986,80057345,1058492416,1052553216
calibration-20260902-f,S1-100-r02,2026-09-01T15:47:46.321763532Z,5290.825663,80057586,1058492416,1052553216
calibration-20260902-f,S1-100-r02,2026-09-01T15:47:46.331971439Z,5301.033570,80092619,1058492416,1052553216
calibration-20260902-f,S1-100-r02,2026-09-01T15:47:46.341146803Z,5310.208933,80146485,1058492416,1052811264
calibration-20260902-f,S1-100-r02,2026-09-01T15:47:46.351289056Z,5320.351187,80155673,1058492416,1052545024
calibration-20260902-f,S1-100-r02,2026-09-01T15:47:46.361363882Z,5330.426014,80155851,1058492416,1052807168
calibration-20260902-f,S1-100-r02,2026-09-01T15:47:46.371555213Z,5340.617344,80155980,1058492416,1052807168
calibration-20260902-f,S1-100-r02,2026-09-01T15:47:46.38167399Z,5350.736121,80156100,1058492416,1052807168
calibration-20260902-f,S1-100-r02,2026-09-01T15:47:46.420515701Z,5389.577832,80156210,1058492416,1052545024
calibration-20260902-f,S1-100-r02,2026-09-01T15:47:46.421686887Z,5390.749017,80156423,1058492416,1052540928
calibration-20260902-f,S1-100-r02,2026-09-01T15:47:46.431816548Z,5400.878678,80192950,1063079936,1057255424
calibration-20260902-f,S1-100-r02,2026-09-01T15:47:46.441527122Z,5410.589252,80246768,1029857280,1023664128
calibration-20260902-f,S1-100-r02,2026-09-01T15:47:46.451673147Z,5420.735277,80255859,1029857280,1023926272
calibration-20260902-f,S1-100-r02,2026-09-01T15:47:46.461865401Z,5430.927532,80256115,1029857280,1023827968
calibration-20260902-f,S1-100-r02,2026-09-01T15:47:46.472042627Z,5441.104758,80256320,1029857280,1023827968
calibration-20260902-f,S1-100-r02,2026-09-01T15:47:46.481161669Z,5450.223800,80256444,1029857280,1023827968
calibration-20260902-f,S1-100-r02,2026-09-01T15:47:46.491356215Z,5460.418345,80256609,1029857280,1023827968
calibration-20260902-f,S1-100-r02,2026-09-01T15:47:46.501512601Z,5470.574740,80256809,1029857280,1023827968
calibration-20260902-f,S1-100-r02,2026-09-01T15:47:46.511658791Z,5480.720922,80257016,1029857280,1023827968
calibration-20260902-f,S1-100-r02,2026-09-01T15:47:46.521783666Z,5490.845796,80257249,1032151040,1026187264
calibration-20260902-f,S1-100-r02,2026-09-01T15:47:46.531554694Z,5500.616824,80293714,1017397248,1011408896
calibration-20260902-f,S1-100-r02,2026-09-01T15:47:46.541702249Z,5510.764375,80347632,1043546112,1037623296
calibration-20260902-f,S1-100-r02,2026-09-01T15:47:46.551904535Z,5520.966665,80352292,1043546112,1037623296
calibration-20260902-f,S1-100-r02,2026-09-01T15:47:46.562089678Z,5531.151808,80352537,1043546112,1037520896
calibration-20260902-f,S1-100-r02,2026-09-01T15:47:46.571278525Z,5540.340655,80352705,1043546112,1037520896
calibration-20260902-f,S1-100-r02,2026-09-01T15:47:46.581389533Z,5550.451663,80352853,1043546112,1037520896
calibration-20260902-f,S1-100-r02,2026-09-01T15:47:46.59154705Z,5560.609180,80353070,1043546112,1037520896
calibration-20260902-f,S1-100-r02,2026-09-01T15:47:46.601711566Z,5570.773697,80353257,1043546112,1037520896
calibration-20260902-f,S1-100-r02,2026-09-01T15:47:46.611856431Z,5580.918561,80353486,1043546112,1037520896
calibration-20260902-f,S1-100-r02,2026-09-01T15:47:46.621987535Z,5591.049665,80353705,1043546112,1037520896
calibration-20260902-f,S1-100-r02,2026-09-01T15:47:46.631083528Z,5600.145659,80388825,1043546112,1037520896
calibration-20260902-f,S1-100-r02,2026-09-01T15:47:46.641287974Z,5610.350106,80442386,1043546112,1037520896
calibration-20260902-f,S1-100-r02,2026-09-01T15:47:46.651495587Z,5620.557717,80455920,1043546112,1037520896
calibration-20260902-f,S1-100-r02,2026-09-01T15:47:46.720514508Z,5689.576639,80456136,1043546112,1037258752
calibration-20260902-f,S1-100-r02,2026-09-01T15:47:46.721684297Z,5690.746427,80456326,1043546112,1037516800
calibration-20260902-f,S1-100-r02,2026-09-01T15:47:46.731839371Z,5700.901502,80491562,1058684928,1053241344
calibration-20260902-f,S1-100-r02,2026-09-01T15:47:46.741988845Z,5711.050975,80545461,1074511872,1068969984
calibration-20260902-f,S1-100-r02,2026-09-01T15:47:46.751217956Z,5720.280086,80554577,1074511872,1068969984
calibration-20260902-f,S1-100-r02,2026-09-01T15:47:46.761416352Z,5730.478482,80554722,1074511872,1068969984
calibration-20260902-f,S1-100-r02,2026-09-01T15:47:46.771541688Z,5740.603817,80554877,1074511872,1068969984
calibration-20260902-f,S1-100-r02,2026-09-01T15:47:46.781712419Z,5750.774550,80555027,1074511872,1068969984
calibration-20260902-f,S1-100-r02,2026-09-01T15:47:46.791851898Z,5760.914029,80555179,1074511872,1068969984
calibration-20260902-f,S1-100-r02,2026-09-01T15:47:46.802001962Z,5771.064092,80555309,1074511872,1068969984
calibration-20260902-f,S1-100-r02,2026-09-01T15:47:46.811201983Z,5780.264114,80555451,1074511872,1068969984
calibration-20260902-f,S1-100-r02,2026-09-01T15:47:46.821370757Z,5790.432909,80555651,1076346880,1070804992
calibration-20260902-f,S1-100-r02,2026-09-01T15:47:46.831656952Z,5800.719082,80593510,1091715072,1086271488
calibration-20260902-f,S1-100-r02,2026-09-01T15:47:46.841884445Z,5810.946575,80644958,1093550080,1088368640
calibration-20260902-f,S1-100-r02,2026-09-01T15:47:46.852105968Z,5821.168099,80654138,1093550080,1088368640
calibration-20260902-f,S1-100-r02,2026-09-01T15:47:46.861313445Z,5830.375576,80654342,1093550080,1088368640
calibration-20260902-f,S1-100-r02,2026-09-01T15:47:46.87149731Z,5840.559441,80654532,1093550080,1088368640
calibration-20260902-f,S1-100-r02,2026-09-01T15:47:46.881666505Z,5850.728630,80654658,1093550080,1088368640
calibration-20260902-f,S1-100-r02,2026-09-01T15:47:46.92048396Z,5889.546091,80654776,1093550080,1088167936
calibration-20260902-f,S1-100-r02,2026-09-01T15:47:46.921676153Z,5890.738284,80655022,1095385088,1090265088
calibration-20260902-f,S1-100-r02,2026-09-01T15:47:46.931872246Z,5900.934376,80690320,1114652672,1109401600
calibration-20260902-f,S1-100-r02,2026-09-01T15:47:46.942112961Z,5911.175092,80744608,1142636544,1137713152
calibration-20260902-f,S1-100-r02,2026-09-01T15:47:46.951283219Z,5920.345349,80758260,1146765312,1141383168
calibration-20260902-f,S1-100-r02,2026-09-01T15:47:46.961501861Z,5930.563992,80758424,1146765312,1141383168
calibration-20260902-f,S1-100-r02,2026-09-01T15:47:46.971695406Z,5940.757536,80758581,1146765312,1141383168
calibration-20260902-f,S1-100-r02,2026-09-01T15:47:46.981807343Z,5950.869473,80758710,1146765312,1141383168
calibration-20260902-f,S1-100-r02,2026-09-01T15:47:46.991991858Z,5961.053989,80758864,1146765312,1141383168
calibration-20260902-f,S1-100-r02,2026-09-01T15:47:47.001193363Z,5970.255500,80759015,1146765312,1141383168
calibration-20260902-f,S1-100-r02,2026-09-01T15:47:47.0113955Z,5980.457630,80759278,1146765312,1141383168
calibration-20260902-f,S1-100-r02,2026-09-01T15:47:47.021675238Z,5990.737389,80759661,1149976576,1144590336
calibration-20260902-f,S1-100-r02,2026-09-01T15:47:47.032021299Z,6001.083430,80797169,1173143552,1167659008
calibration-20260902-f,S1-100-r02,2026-09-01T15:47:47.041191636Z,6010.253767,80850038,1183924224,1178345472
calibration-20260902-f,S1-100-r02,2026-09-01T15:47:47.051440028Z,6020.502158,80854752,1183924224,1178345472
calibration-20260902-f,S1-100-r02,2026-09-01T15:47:47.061598751Z,6030.660881,80855031,1183924224,1178345472
calibration-20260902-f,S1-100-r02,2026-09-01T15:47:47.07178992Z,6040.852050,80855246,1183924224,1178345472
calibration-20260902-f,S1-100-r02,2026-09-01T15:47:47.082022908Z,6051.085039,80855525,1183924224,1178345472
calibration-20260902-f,S1-100-r02,2026-09-01T15:47:47.091203222Z,6060.265352,80855746,1183924224,1178345472
calibration-20260902-f,S1-100-r02,2026-09-01T15:47:47.101320512Z,6070.382642,80855910,1183924224,1178345472
calibration-20260902-f,S1-100-r02,2026-09-01T15:47:47.120493898Z,6089.556029,80856238,1183924224,1178337280
calibration-20260902-f,S1-100-r02,2026-09-01T15:47:47.121593792Z,6090.655922,80856416,1185071104,1179385856
calibration-20260902-f,S1-100-r02,2026-09-01T15:47:47.131757759Z,6100.819883,80891513,1188741120,1183055872
calibration-20260902-f,S1-100-r02,2026-09-01T15:47:47.14184078Z,6110.902910,80946168,1140850688,1134989312
calibration-20260902-f,S1-100-r02,2026-09-01T15:47:47.151993254Z,6121.055385,80955311,1140850688,1134989312
calibration-20260902-f,S1-100-r02,2026-09-01T15:47:47.161172528Z,6130.234658,80955506,1140850688,1134989312
calibration-20260902-f,S1-100-r02,2026-09-01T15:47:47.220511778Z,6189.573909,80955778,1140850688,1135157248
calibration-20260902-f,S1-100-r02,2026-09-01T15:47:47.221703188Z,6190.765341,80955954,1140850688,1135157248
calibration-20260902-f,S1-100-r02,2026-09-01T15:47:47.231915378Z,6200.977508,80991147,1140850688,1135157248
calibration-20260902-f,S1-100-r02,2026-09-01T15:47:47.242141787Z,6211.203918,81044952,1140850688,1135157248
calibration-20260902-f,S1-100-r02,2026-09-01T15:47:47.251397601Z,6220.459730,81054121,1140850688,1135419392
calibration-20260902-f,S1-100-r02,2026-09-01T15:47:47.261621447Z,6230.683578,81054324,1140850688,1135419392
calibration-20260902-f,S1-100-r02,2026-09-01T15:47:47.271810205Z,6240.872336,81054472,1140850688,1135419392
calibration-20260902-f,S1-100-r02,2026-09-01T15:47:47.281960946Z,6251.023076,81054613,1140850688,1135419392
calibration-20260902-f,S1-100-r02,2026-09-01T15:47:47.291085176Z,6260.147306,81054732,1140850688,1134968832
calibration-20260902-f,S1-100-r02,2026-09-01T15:47:47.301197842Z,6270.259972,81054864,1140850688,1134968832
calibration-20260902-f,S1-100-r02,2026-09-01T15:47:47.311346569Z,6280.408699,81054994,1140850688,1134968832
calibration-20260902-f,S1-100-r02,2026-09-01T15:47:47.321445354Z,6290.507485,81055138,1140850688,1134968832
calibration-20260902-f,S1-100-r02,2026-09-01T15:47:47.331647291Z,6300.709422,81090228,1140850688,1134968832
calibration-20260902-f,S1-100-r02,2026-09-01T15:47:47.341935889Z,6310.998020,81143895,1140850688,1134968832
calibration-20260902-f,S1-100-r02,2026-09-01T15:47:47.351117786Z,6320.179917,81157439,1140850688,1134968832
calibration-20260902-f,S1-100-r02,2026-09-01T15:47:47.420522242Z,6389.584372,81157666,1140850688,1134968832
calibration-20260902-f,S1-100-r02,2026-09-01T15:47:47.42176661Z,6390.828756,81157905,1140850688,1134968832
calibration-20260902-f,S1-100-r02,2026-09-01T15:47:47.431589851Z,6400.651984,81193003,1140850688,1134968832
calibration-20260902-f,S1-100-r02,2026-09-01T15:47:47.441791515Z,6410.853645,81246928,1140850688,1134968832
calibration-20260902-f,S1-100-r02,2026-09-01T15:47:47.452083704Z,6421.145834,81256084,1140850688,1134968832
calibration-20260902-f,S1-100-r02,2026-09-01T15:47:47.461299464Z,6430.361595,81256286,1141080064,1134940160
calibration-20260902-f,S1-100-r02,2026-09-01T15:47:47.471505396Z,6440.567527,81256475,1141080064,1134940160
calibration-20260902-f,S1-100-r02,2026-09-01T15:47:47.481676944Z,6450.739075,81256652,1141080064,1134936064
calibration-20260902-f,S1-100-r02,2026-09-01T15:47:47.491929201Z,6460.991331,81256924,1141080064,1134936064
calibration-20260902-f,S1-100-r02,2026-09-01T15:47:47.501090581Z,6470.152719,81257066,1141080064,1134936064
calibration-20260902-f,S1-100-r02,2026-09-01T15:47:47.511320348Z,6480.382479,81257403,1141080064,1134936064
calibration-20260902-f,S1-100-r02,2026-09-01T15:47:47.52149588Z,6490.558011,81257564,1141080064,1134936064
calibration-20260902-f,S1-100-r02,2026-09-01T15:47:47.531169714Z,6500.231839,81295630,1141309440,1135198208
calibration-20260902-f,S1-100-r02,2026-09-01T15:47:47.541466959Z,6510.529089,81347505,1052311552,1046417408
calibration-20260902-f,S1-100-r02,2026-09-01T15:47:47.551681699Z,6520.743829,81356637,1052311552,1046335488
calibration-20260902-f,S1-100-r02,2026-09-01T15:47:47.561880333Z,6530.942463,81356835,1052311552,1046241280
calibration-20260902-f,S1-100-r02,2026-09-01T15:47:47.572118293Z,6541.180423,81357101,1052311552,1046503424
calibration-20260902-f,S1-100-r02,2026-09-01T15:47:47.58124989Z,6550.312021,81357337,1052311552,1046503424
calibration-20260902-f,S1-100-r02,2026-09-01T15:47:47.59141906Z,6560.481191,81357484,1052311552,1046503424
calibration-20260902-f,S1-100-r02,2026-09-01T15:47:47.60164748Z,6570.709610,81357705,1052311552,1046503424
calibration-20260902-f,S1-100-r02,2026-09-01T15:47:47.611869898Z,6580.932029,81357891,1052311552,1046503424
calibration-20260902-f,S1-100-r02,2026-09-01T15:47:47.622037347Z,6591.099477,81358062,1052311552,1046503424
calibration-20260902-f,S1-100-r02,2026-09-01T15:47:47.631230707Z,6600.292837,81395676,1053229056,1047552000
calibration-20260902-f,S1-100-r02,2026-09-01T15:47:47.642047077Z,6611.109207,81447536,1024065536,1018114048
calibration-20260902-f,S1-100-r02,2026-09-01T15:47:47.651237887Z,6620.300018,81456603,1028194304,1022046208
calibration-20260902-f,S1-100-r02,2026-09-01T15:47:47.661460897Z,6630.523027,81456822,1028194304,1022046208
calibration-20260902-f,S1-100-r02,2026-09-01T15:47:47.671664665Z,6640.726796,81457051,1028194304,1021947904
calibration-20260902-f,S1-100-r02,2026-09-01T15:47:47.681807921Z,6650.870051,81457260,1028194304,1021947904
calibration-20260902-f,S1-100-r02,2026-09-01T15:47:47.691950938Z,6661.013068,81457478,1028194304,1021947904
calibration-20260902-f,S1-100-r02,2026-09-01T15:47:47.702116245Z,6671.178375,81457668,1028194304,1021947904
calibration-20260902-f,S1-100-r02,2026-09-01T15:47:47.711325161Z,6680.387292,81457833,1028194304,1021947904
calibration-20260902-f,S1-100-r02,2026-09-01T15:47:47.721463085Z,6690.525215,81458063,1029799936,1023774720
calibration-20260902-f,S1-100-r02,2026-09-01T15:47:47.731591089Z,6700.653215,81493830,1048150016,1042124800
calibration-20260902-f,S1-100-r02,2026-09-01T15:47:47.741747385Z,6710.809510,81547623,1053196288,1047105536
calibration-20260902-f,S1-100-r02,2026-09-01T15:47:47.751965361Z,6721.027491,81556904,1053196288,1047105536
calibration-20260902-f,S1-100-r02,2026-09-01T15:47:47.761161588Z,6730.223719,81557085,1053196288,1047105536
calibration-20260902-f,S1-100-r02,2026-09-01T15:47:47.77135554Z,6740.417670,81557263,1053196288,1047105536
calibration-20260902-f,S1-100-r02,2026-09-01T15:47:47.781514443Z,6750.576575,81557415,1053196288,1047105536
calibration-20260902-f,S1-100-r02,2026-09-01T15:47:47.791712247Z,6760.774377,81557742,1053196288,1047105536
calibration-20260902-f,S1-100-r02,2026-09-01T15:47:47.801927779Z,6770.989910,81557885,1053196288,1047105536
calibration-20260902-f,S1-100-r02,2026-09-01T15:47:47.812060816Z,6781.122947,81557951,1053196288,1047105536
calibration-20260902-f,S1-100-r02,2026-09-01T15:47:47.821685705Z,6790.747836,81558077,1053196288,1047105536
calibration-20260902-f,S1-100-r02,2026-09-01T15:47:47.831171079Z,6800.233210,81593034,1005408256,999313408
calibration-20260902-f,S1-100-r02,2026-09-01T15:47:47.841409749Z,6810.471879,81646541,1005408256,999313408
calibration-20260902-f,S1-100-r02,2026-09-01T15:47:47.851567777Z,6820.629908,81655671,1005637632,999211008
calibration-20260902-f,S1-100-r02,2026-09-01T15:47:47.861815797Z,6830.877926,81655871,1005637632,999211008
calibration-20260902-f,S1-100-r02,2026-09-01T15:47:47.871949468Z,6841.011599,81656067,1005637632,999211008
calibration-20260902-f,S1-100-r02,2026-09-01T15:47:47.882107929Z,6851.170060,81656273,1005637632,999211008
calibration-20260902-f,S1-100-r02,2026-09-01T15:47:47.891293507Z,6860.355637,81656441,1005637632,999211008
calibration-20260902-f,S1-100-r02,2026-09-01T15:47:47.901532747Z,6870.594907,81656692,1005637632,999211008
calibration-20260902-f,S1-100-r02,2026-09-01T15:47:47.911849841Z,6880.911973,81657083,1005637632,999211008
calibration-20260902-f,S1-100-r02,2026-09-01T15:47:47.922039563Z,6891.101693,81657337,1005637632,999211008
calibration-20260902-f,S1-100-r02,2026-09-01T15:47:47.93124798Z,6900.310110,81692425,1005637632,999211008
calibration-20260902-f,S1-100-r02,2026-09-01T15:47:47.941437497Z,6910.499627,81746024,1009307648,1003143168
calibration-20260902-f,S1-100-r02,2026-09-01T15:47:47.951643549Z,6920.705679,81755152,1009307648,1003143168
calibration-20260902-f,S1-100-r02,2026-09-01T15:47:47.961842371Z,6930.904501,81755371,1009307648,1003143168
calibration-20260902-f,S1-100-r02,2026-09-01T15:47:48.020527323Z,6989.589456,81755595,1009537024,1003405312
calibration-20260902-f,S1-100-r02,2026-09-01T15:47:48.021669231Z,6990.731362,81755894,1011142656,1005240320
calibration-20260902-f,S1-100-r02,2026-09-01T15:47:48.031821516Z,7000.883646,81791164,1028804608,1022803968
calibration-20260902-f,S1-100-r02,2026-09-01T15:47:48.042051116Z,7011.113246,81845233,1047613440,1041678336
calibration-20260902-f,S1-100-r02,2026-09-01T15:47:48.0513009Z,7020.363030,81854685,1053806592,1047707648
calibration-20260902-f,S1-100-r02,2026-09-01T15:47:48.06148874Z,7030.550871,81854835,1053806592,1047707648
calibration-20260902-f,S1-100-r02,2026-09-01T15:47:48.071707861Z,7040.769991,81855047,1053806592,1047707648
calibration-20260902-f,S1-100-r02,2026-09-01T15:47:48.081853821Z,7050.915952,81855241,1054035968,1047707648
calibration-20260902-f,S1-100-r02,2026-09-01T15:47:48.092054593Z,7061.116724,81855445,1054035968,1047707648
calibration-20260902-f,S1-100-r02,2026-09-01T15:47:48.101188209Z,7070.250339,81855566,1054035968,1047707648
calibration-20260902-f,S1-100-r02,2026-09-01T15:47:48.111348757Z,7080.410887,81855726,1054035968,1047953408
calibration-20260902-f,S1-100-r02,2026-09-01T15:47:48.121518578Z,7090.580708,81856880,1054265344,1048190976
calibration-20260902-f,S1-100-r02,2026-09-01T15:47:48.131668498Z,7100.730631,81891299,1072615424,1066541056
calibration-20260902-f,S1-100-r02,2026-09-01T15:47:48.141923866Z,7110.985996,81945229,1085231104,1079386112
calibration-20260902-f,S1-100-r02,2026-09-01T15:47:48.152083087Z,7121.145217,81958850,1085231104,1079386112
calibration-20260902-f,S1-100-r02,2026-09-01T15:47:48.161292352Z,7130.354483,81959059,1085231104,1079386112
calibration-20260902-f,S1-100-r02,2026-09-01T15:47:48.171499976Z,7140.562107,81959212,1085231104,1079386112
calibration-20260902-f,S1-100-r02,2026-09-01T15:47:48.220511265Z,7189.573396,81959376,1085231104,1079427072
calibration-20260902-f,S1-100-r02,2026-09-01T15:47:48.221640652Z,7190.702782,81959660,1087524864,1081524224
calibration-20260902-f,S1-100-r02,2026-09-01T15:47:48.2318817Z,7200.943830,81996659,1102434304,1096466432
calibration-20260902-f,S1-100-r02,2026-09-01T15:47:48.241098693Z,7210.160823,82048747,1108168704,1102389248
calibration-20260902-f,S1-100-r02,2026-09-01T15:47:48.251292058Z,7220.354188,82057890,1108168704,1102389248
calibration-20260902-f,S1-100-r02,2026-09-01T15:47:48.261499621Z,7230.561751,82058090,1108168704,1102651392
calibration-20260902-f,S1-100-r02,2026-09-01T15:47:48.271644285Z,7240.706415,82058316,1108168704,1102094336
calibration-20260902-f,S1-100-r02,2026-09-01T15:47:48.281859326Z,7250.921457,82058490,1108168704,1102356480
calibration-20260902-f,S1-100-r02,2026-09-01T15:47:48.320501951Z,7289.564082,82058795,1108168704,1102168064
calibration-20260902-f,S1-100-r02,2026-09-01T15:47:48.321675634Z,7290.737765,82059013,1109544960,1103478784
calibration-20260902-f,S1-100-r02,2026-09-01T15:47:48.331834308Z,7300.896433,82095575,1123995648,1118158848
calibration-20260902-f,S1-100-r02,2026-09-01T15:47:48.342093027Z,7311.155157,82148658,1138446336,1132576768
calibration-20260902-f,S1-100-r02,2026-09-01T15:47:48.351306854Z,7320.368985,82157741,1138446336,1132576768
calibration-20260902-f,S1-100-r02,2026-09-01T15:47:48.420507344Z,7389.569475,82158165,1138446336,1132576768
calibration-20260902-f,S1-100-r02,2026-09-01T15:47:48.421645541Z,7390.707671,82158396,1140051968,1134149632
calibration-20260902-f,S1-100-r02,2026-09-01T15:47:48.431770348Z,7400.832473,82201031,1151291392,1145159680
calibration-20260902-f,S1-100-r02,2026-09-01T15:47:48.441368909Z,7410.431041,82247713,1103433728,1097342976
calibration-20260902-f,S1-100-r02,2026-09-01T15:47:48.451574747Z,7420.636877,82256786,1103433728,1097101312
calibration-20260902-f,S1-100-r02,2026-09-01T15:47:48.461769998Z,7430.832128,82257039,1103433728,1097101312
calibration-20260902-f,S1-100-r02,2026-09-01T15:47:48.471968127Z,7441.030257,82257291,1103433728,1097007104
calibration-20260902-f,S1-100-r02,2026-09-01T15:47:48.481090235Z,7450.152365,82257452,1103433728,1097007104
calibration-20260902-f,S1-100-r02,2026-09-01T15:47:48.491302674Z,7460.364805,82257664,1103433728,1096785920
calibration-20260902-f,S1-100-r02,2026-09-01T15:47:48.501457792Z,7470.519931,82257881,1103433728,1096785920
calibration-20260902-f,S1-100-r02,2026-09-01T15:47:48.511631398Z,7480.693529,82258072,1103433728,1096634368
calibration-20260902-f,S1-100-r02,2026-09-01T15:47:48.52177434Z,7490.836471,82258247,1103433728,1096892416
calibration-20260902-f,S1-100-r02,2026-09-01T15:47:48.531957511Z,7501.019663,82293436,1103433728,1096892416
calibration-20260902-f,S1-100-r02,2026-09-01T15:47:48.541304161Z,7510.366291,82347235,1103433728,1096892416
calibration-20260902-f,S1-100-r02,2026-09-01T15:47:48.551522567Z,7520.584700,82356327,1103433728,1096892416
calibration-20260902-f,S1-100-r02,2026-09-01T15:47:48.561698112Z,7530.760243,82356490,1103433728,1096892416
calibration-20260902-f,S1-100-r02,2026-09-01T15:47:48.571905905Z,7540.968035,82356665,1103433728,1096630272
calibration-20260902-f,S1-100-r02,2026-09-01T15:47:48.582121417Z,7551.183547,82356846,1103433728,1096630272
calibration-20260902-f,S1-100-r02,2026-09-01T15:47:48.591313295Z,7560.375426,82356996,1103433728,1096630272
calibration-20260902-f,S1-100-r02,2026-09-01T15:47:48.601505146Z,7570.567276,82357135,1103433728,1096630272
calibration-20260902-f,S1-100-r02,2026-09-01T15:47:48.611682023Z,7580.744153,82357265,1103433728,1096630272
calibration-20260902-f,S1-100-r02,2026-09-01T15:47:48.621816203Z,7590.878333,82357426,1103433728,1096630272
calibration-20260902-f,S1-100-r02,2026-09-01T15:47:48.632019239Z,7601.081375,82392636,1103433728,1096626176
calibration-20260902-f,S1-100-r02,2026-09-01T15:47:48.641291704Z,7610.353834,82446303,1103433728,1096626176
calibration-20260902-f,S1-100-r02,2026-09-01T15:47:48.651517011Z,7620.579141,82455411,1103433728,1096626176
calibration-20260902-f,S1-100-r02,2026-09-01T15:47:48.661711356Z,7630.773486,82455630,1103433728,1096626176
calibration-20260902-f,S1-100-r02,2026-09-01T15:47:48.671902355Z,7640.964480,82455826,1103433728,1096626176
calibration-20260902-f,S1-100-r02,2026-09-01T15:47:48.720590951Z,7689.653084,82456224,1103433728,1096626176
calibration-20260902-f,S1-100-r02,2026-09-01T15:47:48.721774294Z,7690.836431,82456511,1103433728,1096626176
calibration-20260902-f,S1-100-r02,2026-09-01T15:47:48.732832534Z,7701.894658,82509635,1055244288,1048842240
calibration-20260902-f,S1-100-r02,2026-09-01T15:47:48.741121529Z,7710.183659,82545835,1055473664,1049100288
calibration-20260902-f,S1-100-r02,2026-09-01T15:47:48.751286195Z,7720.348320,82555142,1055473664,1049100288
calibration-20260902-f,S1-100-r02,2026-09-01T15:47:48.761474384Z,7730.536514,82555254,1055473664,1048739840
calibration-20260902-f,S1-100-r02,2026-09-01T15:47:48.771622458Z,7740.684589,82555333,1055473664,1048739840
calibration-20260902-f,S1-100-r02,2026-09-01T15:47:48.78174502Z,7750.807150,82555388,1055473664,1048739840
calibration-20260902-f,S1-100-r02,2026-09-01T15:47:48.791934122Z,7760.996252,82555517,1055703040,1048739840
calibration-20260902-f,S1-100-r02,2026-09-01T15:47:48.802125262Z,7771.187387,82555619,1055703040,1048739840
calibration-20260902-f,S1-100-r02,2026-09-01T15:47:48.811295292Z,7780.357423,82555721,1055703040,1048739840
calibration-20260902-f,S1-100-r02,2026-09-01T15:47:48.821491955Z,7790.554087,82557041,1055703040,1049001984
calibration-20260902-f,S1-100-r02,2026-09-01T15:47:48.831767546Z,7800.829676,82591388,1055703040,1049264128
calibration-20260902-f,S1-100-r02,2026-09-01T15:47:48.842027626Z,7811.089756,82645099,1060061184,1053720576
calibration-20260902-f,S1-100-r02,2026-09-01T15:47:48.920523504Z,7889.585636,82654469,1060061184,1053720576
calibration-20260902-f,S1-100-r02,2026-09-01T15:47:48.9216671Z,7890.729231,82654762,1061666816,1055293440
calibration-20260902-f,S1-100-r02,2026-09-01T15:47:48.931249085Z,7900.311211,82690618,1029726208,1023483904
calibration-20260902-f,S1-100-r02,2026-09-01T15:47:48.941467364Z,7910.529494,82744477,1046011904,1039736832
calibration-20260902-f,S1-100-r02,2026-09-01T15:47:48.951821151Z,7920.883306,82758303,1046011904,1039736832
calibration-20260902-f,S1-100-r02,2026-09-01T15:47:48.96215205Z,7931.214180,82758933,1046011904,1039638528
calibration-20260902-f,S1-100-r02,2026-09-01T15:47:48.971475191Z,7940.537321,82759226,1046011904,1039638528
calibration-20260902-f,S1-100-r02,2026-09-01T15:47:48.981685987Z,7950.748117,82759447,1046011904,1039638528
calibration-20260902-f,S1-100-r02,2026-09-01T15:47:49.020519042Z,7989.581172,82759595,1046011904,1039638528
calibration-20260902-f,S1-100-r02,2026-09-01T15:47:49.021675544Z,7990.737675,82759876,1047846912,1041473536
calibration-20260902-f,S1-100-r02,2026-09-01T15:47:49.031898854Z,8000.960984,82794958,1056333824,1049862144
calibration-20260902-f,S1-100-r02,2026-09-01T15:47:49.041108891Z,8010.171016,82848949,1058398208,1052483584
calibration-20260902-f,S1-100-r02,2026-09-01T15:47:49.12052048Z,8089.582611,82862749,1064361984,1058250752
calibration-20260902-f,S1-100-r02,2026-09-01T15:47:49.12174115Z,8090.803490,82863036,1066426368,1060347904
calibration-20260902-f,S1-100-r02,2026-09-01T15:47:49.131887759Z,8100.949890,82898554,1083629568,1077649408
calibration-20260902-f,S1-100-r02,2026-09-01T15:47:49.141192628Z,8110.254753,82952816,1048371200,1042448384
calibration-20260902-f,S1-100-r02,2026-09-01T15:47:49.151905933Z,8120.968063,82958308,1048600576,1042448384
calibration-20260902-f,S1-100-r02,2026-09-01T15:47:49.161114595Z,8130.176726,82958566,1048600576,1042059264
calibration-20260902-f,S1-100-r02,2026-09-01T15:47:49.171348669Z,8140.410800,82958790,1048600576,1042059264
calibration-20260902-f,S1-100-r02,2026-09-01T15:47:49.18157794Z,8150.640071,82958988,1048600576,1042059264
calibration-20260902-f,S1-100-r02,2026-09-01T15:47:49.191760334Z,8160.822465,82959145,1048600576,1042059264
calibration-20260902-f,S1-100-r02,2026-09-01T15:47:49.220524176Z,8189.586307,82959281,1048829952,1042321408
calibration-20260902-f,S1-100-r02,2026-09-01T15:47:49.22169595Z,8190.758080,82959559,1050894336,1044418560
calibration-20260902-f,S1-100-r02,2026-09-01T15:47:49.231831319Z,8200.893450,82994686,1057087488,1050439680
calibration-20260902-f,S1-100-r02,2026-09-01T15:47:49.242043413Z,8211.105543,83048377,1057087488,1050439680
calibration-20260902-f,S1-100-r02,2026-09-01T15:47:49.251277672Z,8220.339803,83057512,1057087488,1050439680
calibration-20260902-f,S1-100-r02,2026-09-01T15:47:49.261447809Z,8230.509940,83057647,1057087488,1050439680
calibration-20260902-f,S1-100-r02,2026-09-01T15:47:49.271628557Z,8240.690687,83057813,1057087488,1050402816
calibration-20260902-f,S1-100-r02,2026-09-01T15:47:49.281840594Z,8250.902725,83058023,1057087488,1050402816
calibration-20260902-f,S1-100-r02,2026-09-01T15:47:49.291964528Z,8261.026659,83058212,1057087488,1050402816
calibration-20260902-f,S1-100-r02,2026-09-01T15:47:49.302133221Z,8271.195351,83058424,1057087488,1050402816
calibration-20260902-f,S1-100-r02,2026-09-01T15:47:49.311360423Z,8280.422554,83058620,1057087488,1050402816
calibration-20260902-f,S1-100-r02,2026-09-01T15:47:49.321547656Z,8290.609786,83058782,1057087488,1050402816
calibration-20260902-f,S1-100-r02,2026-09-01T15:47:49.331773043Z,8300.835174,83096743,1058463744,1052213248
calibration-20260902-f,S1-100-r02,2026-09-01T15:47:49.34198502Z,8311.047150,83147766,1072455680,1066102784
calibration-20260902-f,S1-100-r02,2026-09-01T15:47:49.351107077Z,8320.169208,83156891,1072455680,1066098688
calibration-20260902-f,S1-100-r02,2026-09-01T15:47:49.361251188Z,8330.313319,83157058,1072455680,1066360832
calibration-20260902-f,S1-100-r02,2026-09-01T15:47:49.371477011Z,8340.539141,83157281,1072455680,1066360832
calibration-20260902-f,S1-100-r02,2026-09-01T15:47:49.420540131Z,8389.602262,83157652,1072455680,1066622976
calibration-20260902-f,S1-100-r02,2026-09-01T15:47:49.421806327Z,8390.868524,83157978,1074749440,1068720128
calibration-20260902-f,S1-100-r02,2026-09-01T15:47:49.432084132Z,8401.146263,83193302,1094246400,1088380928
calibration-20260902-f,S1-100-r02,2026-09-01T15:47:49.441312124Z,8410.374254,83247059,1105256448,1099390976
calibration-20260902-f,S1-100-r02,2026-09-01T15:47:49.451555454Z,8420.617584,83256243,1105485824,1099649024
calibration-20260902-f,S1-100-r02,2026-09-01T15:47:49.461801243Z,8430.863373,83256538,1105485824,1099649024
calibration-20260902-f,S1-100-r02,2026-09-01T15:47:49.471968879Z,8441.031009,83256660,1105485824,1099649024
calibration-20260902-f,S1-100-r02,2026-09-01T15:47:49.482106152Z,8451.168282,83256761,1105485824,1099649024
calibration-20260902-f,S1-100-r02,2026-09-01T15:47:49.491287107Z,8460.349237,83256877,1105485824,1099649024
calibration-20260902-f,S1-100-r02,2026-09-01T15:47:49.501438841Z,8470.500980,83257010,1105485824,1099649024
calibration-20260902-f,S1-100-r02,2026-09-01T15:47:49.511618558Z,8480.680688,83257134,1105485824,1099649024
calibration-20260902-f,S1-100-r02,2026-09-01T15:47:49.52332523Z,8492.387382,83257345,1105485824,1099649024
calibration-20260902-f,S1-100-r02,2026-09-01T15:47:49.53153814Z,8500.600270,83292487,1105485824,1099649024
calibration-20260902-f,S1-100-r02,2026-09-01T15:47:49.5417081Z,8510.770231,83346159,1105485824,1099649024
calibration-20260902-f,S1-100-r02,2026-09-01T15:47:49.551934177Z,8520.996307,83350881,1106632704,1100910592
calibration-20260902-f,S1-100-r02,2026-09-01T15:47:49.561103169Z,8530.165299,83351040,1106632704,1100910592
calibration-20260902-f,S1-100-r02,2026-09-01T15:47:49.571302977Z,8540.365107,83351229,1106632704,1100910592
calibration-20260902-f,S1-100-r02,2026-09-01T15:47:49.581452897Z,8550.515028,83351402,1106632704,1100910592
calibration-20260902-f,S1-100-r02,2026-09-01T15:47:49.59163808Z,8560.700211,83351607,1106632704,1100910592
calibration-20260902-f,S1-100-r02,2026-09-01T15:47:49.620516038Z,8589.578169,83351965,1106632704,1101172736
calibration-20260902-f,S1-100-r02,2026-09-01T15:47:49.621642558Z,8590.704688,83353455,1108238336,1102483456
calibration-20260902-f,S1-100-r02,2026-09-01T15:47:49.631773407Z,8600.835532,83388063,1125212160,1119522816
calibration-20260902-f,S1-100-r02,2026-09-01T15:47:49.642015483Z,8611.077614,83441682,1138057216,1132367872
calibration-20260902-f,S1-100-r02,2026-09-01T15:47:49.65122914Z,8620.291271,83455269,1138286592,1132367872
calibration-20260902-f,S1-100-r02,2026-09-01T15:47:49.661371122Z,8630.433252,83455471,1138286592,1132367872
calibration-20260902-f,S1-100-r02,2026-09-01T15:47:49.671559151Z,8640.621275,83455653,1138286592,1132367872
calibration-20260902-f,S1-100-r02,2026-09-01T15:47:49.72055011Z,8689.612241,83455926,1138515968,1133154304
calibration-20260902-f,S1-100-r02,2026-09-01T15:47:49.721760276Z,8690.822407,83456293,1140580352,1134989312
calibration-20260902-f,S1-100-r02,2026-09-01T15:47:49.731907029Z,8700.969160,83497781,1110028288,1109164032
calibration-20260902-f,S1-100-r02,2026-09-01T15:47:49.742053282Z,8711.115412,83546394,1136578560,1131753472
calibration-20260902-f,S1-100-r02,2026-09-01T15:47:49.751300041Z,8720.362171,83555542,1143689216,1138585600
calibration-20260902-f,S1-100-r02,2026-09-01T15:47:49.761546851Z,8730.608982,83555785,1143689216,1138585600
calibration-20260902-f,S1-100-r02,2026-09-01T15:47:49.771749913Z,8740.812044,83555973,1143689216,1138491392
calibration-20260902-f,S1-100-r02,2026-09-01T15:47:49.781976116Z,8751.038247,83556177,1143689216,1138491392
calibration-20260902-f,S1-100-r02,2026-09-01T15:47:49.791178833Z,8760.240964,83556364,1143689216,1138491392
calibration-20260902-f,S1-100-r02,2026-09-01T15:47:49.801375506Z,8770.437637,83556541,1143918592,1138491392
calibration-20260902-f,S1-100-r02,2026-09-01T15:47:49.811556131Z,8780.618256,83556836,1143918592,1138491392
calibration-20260902-f,S1-100-r02,2026-09-01T15:47:49.821710492Z,8790.772638,83556973,1148506112,1143205888
calibration-20260902-f,S1-100-r02,2026-09-01T15:47:49.831963804Z,8801.025936,83599609,1105559552,1100189696
calibration-20260902-f,S1-100-r02,2026-09-01T15:47:49.841138304Z,8810.200435,83646977,1105788928,1100382208
calibration-20260902-f,S1-100-r02,2026-09-01T15:47:49.851356588Z,8820.418719,83656100,1105788928,1100382208
calibration-20260902-f,S1-100-r02,2026-09-01T15:47:49.861546456Z,8830.608587,83656255,1105788928,1100382208
calibration-20260902-f,S1-100-r02,2026-09-01T15:47:49.920540866Z,8889.602997,83656437,1105788928,1100288000
calibration-20260902-f,S1-100-r02,2026-09-01T15:47:49.921690888Z,8890.753018,83656709,1105788928,1100288000
calibration-20260902-f,S1-100-r02,2026-09-01T15:47:49.931871351Z,8900.933488,83691770,1105788928,1100537856
calibration-20260902-f,S1-100-r02,2026-09-01T15:47:49.942127995Z,8911.190125,83745528,1105788928,1100279808
calibration-20260902-f,S1-100-r02,2026-09-01T15:47:49.951353681Z,8920.415811,83754700,1105788928,1100279808
calibration-20260902-f,S1-100-r02,2026-09-01T15:47:49.96156668Z,8930.628804,83755019,1105788928,1100025856
calibration-20260902-f,S1-100-r02,2026-09-01T15:47:49.971749108Z,8940.811239,83755142,1105788928,1100025856
calibration-20260902-f,S1-100-r02,2026-09-01T15:47:49.982026369Z,8951.088513,83755290,1105788928,1100283904
calibration-20260902-f,S1-100-r02,2026-09-01T15:47:50.020509114Z,8989.571244,83755721,1105788928,1100283904
calibration-20260902-f,S1-100-r02,2026-09-01T15:47:50.021638182Z,8990.700312,83755958,1105788928,1100546048
calibration-20260902-f,S1-100-r02,2026-09-01T15:47:50.031762496Z,9000.824621,83791251,1105788928,1100292096
calibration-20260902-f,S1-100-r02,2026-09-01T15:47:50.041939238Z,9011.001368,83844838,1105788928,1100292096
calibration-20260902-f,S1-100-r02,2026-09-01T15:47:50.051135737Z,9020.197868,83853945,1105788928,1100292096
calibration-20260902-f,S1-100-r02,2026-09-01T15:47:50.061324368Z,9030.386499,83854126,1105788928,1100292096
calibration-20260902-f,S1-100-r02,2026-09-01T15:47:50.071526609Z,9040.588739,83854311,1105788928,1100292096
calibration-20260902-f,S1-100-r02,2026-09-01T15:47:50.081706628Z,9050.768758,83854518,1105788928,1100554240
calibration-20260902-f,S1-100-r02,2026-09-01T15:47:50.091867066Z,9060.929197,83854717,1105788928,1100554240
calibration-20260902-f,S1-100-r02,2026-09-01T15:47:50.102084637Z,9071.146768,83854936,1105788928,1100554240
calibration-20260902-f,S1-100-r02,2026-09-01T15:47:50.111265622Z,9080.327752,83855068,1105788928,1100812288
calibration-20260902-f,S1-100-r02,2026-09-01T15:47:50.121418114Z,9090.480244,83855221,1105788928,1100812288
calibration-20260902-f,S1-100-r02,2026-09-01T15:47:50.131640107Z,9100.702232,83891310,1057693696,1052860416
calibration-20260902-f,S1-100-r02,2026-09-01T15:47:50.141831496Z,9110.893625,83945179,1057923072,1052590080
calibration-20260902-f,S1-100-r02,2026-09-01T15:47:50.152036774Z,9121.098905,83954277,1057923072,1052590080
calibration-20260902-f,S1-100-r02,2026-09-01T15:47:50.161225063Z,9130.287193,83954426,1057923072,1052590080
calibration-20260902-f,S1-100-r02,2026-09-01T15:47:50.171367158Z,9140.429289,83954597,1057923072,1052377088
calibration-20260902-f,S1-100-r02,2026-09-01T15:47:50.181501686Z,9150.563817,83954703,1057923072,1052377088
calibration-20260902-f,S1-100-r02,2026-09-01T15:47:50.191685522Z,9160.747653,83954838,1057923072,1052377088
calibration-20260902-f,S1-100-r02,2026-09-01T15:47:50.201831674Z,9170.893805,83954959,1057923072,1052377088
calibration-20260902-f,S1-100-r02,2026-09-01T15:47:50.211972205Z,9181.034336,83955080,1057923072,1052377088
calibration-20260902-f,S1-100-r02,2026-09-01T15:47:50.221178235Z,9190.240366,83955268,1057923072,1052639232
calibration-20260902-f,S1-100-r02,2026-09-01T15:47:50.231457332Z,9200.519462,83990681,1076502528,1070964736
calibration-20260902-f,S1-100-r02,2026-09-01T15:47:50.241705682Z,9210.767812,84044801,1110679552,1105567744
calibration-20260902-f,S1-100-r02,2026-09-01T15:47:50.251937182Z,9220.999307,84054085,1120083968,1114742784
calibration-20260902-f,S1-100-r02,2026-09-01T15:47:50.320512109Z,9289.574240,84054457,1120313344,1115009024
calibration-20260902-f,S1-100-r02,2026-09-01T15:47:50.321714809Z,9290.776938,84054761,1124212736,1118941184
calibration-20260902-f,S1-100-r02,2026-09-01T15:47:50.33184412Z,9300.906246,84090119,1151049728,1145942016
calibration-20260902-f,S1-100-r02,2026-09-01T15:47:50.342063174Z,9311.125299,84144200,1157931008,1152757760
calibration-20260902-f,S1-100-r02,2026-09-01T15:47:50.351279377Z,9320.341508,84148852,1157931008,1152757760
calibration-20260902-f,S1-100-r02,2026-09-01T15:47:50.361499825Z,9330.561956,84149042,1157931008,1152757760
calibration-20260902-f,S1-100-r02,2026-09-01T15:47:50.371657389Z,9340.719521,84149238,1157931008,1152757760
calibration-20260902-f,S1-100-r02,2026-09-01T15:47:50.381822656Z,9350.884787,84149426,1157931008,1152757760
calibration-20260902-f,S1-100-r02,2026-09-01T15:47:50.392027708Z,9361.089838,84149629,1157931008,1152757760
calibration-20260902-f,S1-100-r02,2026-09-01T15:47:50.401158358Z,9370.220488,84149777,1157931008,1153019904
calibration-20260902-f,S1-100-r02,2026-09-01T15:47:50.420512086Z,9389.574217,84150089,1157931008,1153019904
calibration-20260902-f,S1-100-r02,2026-09-01T15:47:50.421720339Z,9390.782488,84150273,1158160384,1153019904
calibration-20260902-f,S1-100-r02,2026-09-01T15:47:50.431904714Z,9400.966845,84185343,1158160384,1152704512
calibration-20260902-f,S1-100-r02,2026-09-01T15:47:50.442034691Z,9411.096821,84240332,1133236224,1152704512
calibration-20260902-f,S1-100-r02,2026-09-01T15:47:50.46138225Z,9430.444380,84248298,1110167552,1104457728
calibration-20260902-f,S1-100-r02,2026-09-01T15:47:50.471635341Z,9440.697472,84248528,1110167552,1104457728
calibration-20260902-f,S1-100-r02,2026-09-01T15:47:50.481822476Z,9450.884606,84248756,1110396928,1104719872
calibration-20260902-f,S1-100-r02,2026-09-01T15:47:50.491944714Z,9461.006845,84248919,1110396928,1104719872
calibration-20260902-f,S1-100-r02,2026-09-01T15:47:50.502128047Z,9471.190186,84249102,1110396928,1104719872
calibration-20260902-f,S1-100-r02,2026-09-01T15:47:50.51129752Z,9480.359650,84249317,1110396928,1104719872
calibration-20260902-f,S1-100-r02,2026-09-01T15:47:50.521958709Z,9491.020841,84249402,1110396928,1104719872
calibration-20260902-f,S1-100-r02,2026-09-01T15:47:50.532006414Z,9501.068544,84285177,1110626304,1104650240
calibration-20260902-f,S1-100-r02,2026-09-01T15:47:50.542172251Z,9511.234410,84338825,1110626304,1104916480
calibration-20260902-f,S1-100-r02,2026-09-01T15:47:50.620475233Z,9589.537364,84357154,1110626304,1104785408
calibration-20260902-f,S1-100-r02,2026-09-01T15:47:50.621767824Z,9590.829954,84357459,1110626304,1104785408
calibration-20260902-f,S1-100-r02,2026-09-01T15:47:50.631922107Z,9600.984238,84392670,1124847616,1118937088
calibration-20260902-f,S1-100-r02,2026-09-01T15:47:50.642122267Z,9611.184398,84446575,1143427072,1137811456
calibration-20260902-f,S1-100-r02,2026-09-01T15:47:50.651372621Z,9620.434752,84455737,1147555840,1141743616
calibration-20260902-f,S1-100-r02,2026-09-01T15:47:50.661593462Z,9630.655592,84455914,1147555840,1141743616
calibration-20260902-f,S1-100-r02,2026-09-01T15:47:50.671809187Z,9640.871317,84456103,1147555840,1141743616
calibration-20260902-f,S1-100-r02,2026-09-01T15:47:50.681915505Z,9650.977635,84456236,1147555840,1141743616
calibration-20260902-f,S1-100-r02,2026-09-01T15:47:50.692058384Z,9661.120515,84456347,1147555840,1141743616
calibration-20260902-f,S1-100-r02,2026-09-01T15:47:50.701171717Z,9670.233848,84456455,1147555840,1141743616
calibration-20260902-f,S1-100-r02,2026-09-01T15:47:50.711343195Z,9680.405325,84456564,1147555840,1141743616
calibration-20260902-f,S1-100-r02,2026-09-01T15:47:50.72147958Z,9690.541710,84456828,1149161472,1143316480
calibration-20260902-f,S1-100-r02,2026-09-01T15:47:50.731764255Z,9700.826519,84495450,1158795264,1153015808
calibration-20260902-f,S1-100-r02,2026-09-01T15:47:50.74205898Z,9711.121111,84545960,1158795264,1153015808
calibration-20260902-f,S1-100-r02,2026-09-01T15:47:50.751277885Z,9720.340015,84555146,1158795264,1153015808
calibration-20260902-f,S1-100-r02,2026-09-01T15:47:50.8205418Z,9789.603930,84555547,1158795264,1153015808
calibration-20260902-f,S1-100-r02,2026-09-01T15:47:50.82174607Z,9790.808201,84555818,1158795264,1153015808
calibration-20260902-f,S1-100-r02,2026-09-01T15:47:50.832038961Z,9801.101116,84590956,1159024640,1153015808
calibration-20260902-f,S1-100-r02,2026-09-01T15:47:50.841317739Z,9810.379877,84645110,1159024640,1153540096
calibration-20260902-f,S1-100-r02,2026-09-01T15:47:50.851755223Z,9820.817353,84654487,1159024640,1153540096
calibration-20260902-f,S1-100-r02,2026-09-01T15:47:50.861983392Z,9831.045522,84654846,1159024640,1153802240
calibration-20260902-f,S1-100-r02,2026-09-01T15:47:50.871205214Z,9840.267346,84655047,1159024640,1153802240
calibration-20260902-f,S1-100-r02,2026-09-01T15:47:50.881322941Z,9850.385072,84655183,1159024640,1153802240
calibration-20260902-f,S1-100-r02,2026-09-01T15:47:50.891482448Z,9860.544573,84655476,1159024640,1153802240
calibration-20260902-f,S1-100-r02,2026-09-01T15:47:50.901630482Z,9870.692613,84655558,1159024640,1153802240
calibration-20260902-f,S1-100-r02,2026-09-01T15:47:50.911769283Z,9880.831409,84655632,1159024640,1153802240
calibration-20260902-f,S1-100-r02,2026-09-01T15:47:50.921942618Z,9891.004748,84655753,1159024640,1153802240
calibration-20260902-f,S1-100-r02,2026-09-01T15:47:50.93213083Z,9901.192961,84690788,1163841536,1158533120
calibration-20260902-f,S1-100-r02,2026-09-01T15:47:50.951182167Z,9920.244298,84754600,1129074688,1123889152
calibration-20260902-f,S1-100-r02,2026-09-01T15:47:50.96137895Z,9930.441081,84754843,1129074688,1123278848
calibration-20260902-f,S1-100-r02,2026-09-01T15:47:50.971608245Z,9940.670375,84754994,1129074688,1123278848
calibration-20260902-f,S1-100-r02,2026-09-01T15:47:50.98176332Z,9950.825451,84755133,1129074688,1123278848
calibration-20260902-f,S1-100-r02,2026-09-01T15:47:50.991972017Z,9961.034149,84755273,1129074688,1123278848
calibration-20260902-f,S1-100-r02,2026-09-01T15:47:51.002111699Z,9971.173836,84755391,1129074688,1123278848
calibration-20260902-f,S1-100-r02,2026-09-01T15:47:51.011280606Z,9980.342737,84755538,1129074688,1123278848
calibration-20260902-f,S1-100-r02,2026-09-01T15:47:51.021498744Z,9990.560875,84755767,1131139072,1125023744
calibration-20260902-f,S1-100-r02,2026-09-01T15:47:51.031701003Z,10000.763134,84791139,1149947904,1144422400
calibration-20260902-f,S1-100-r02,2026-09-01T15:47:51.041100256Z,10010.162382,84845881,1111605248,1106071552
calibration-20260902-f,S1-100-r02,2026-09-01T15:47:51.120513081Z,10089.575212,84850951,1111605248,1105977344
calibration-20260902-f,S1-100-r02,2026-09-01T15:47:51.121676119Z,10090.738250,84851204,1111834624,1105977344
calibration-20260902-f,S1-100-r02,2026-09-01T15:47:51.131810518Z,10100.872648,84886195,1111834624,1105973248
calibration-20260902-f,S1-100-r02,2026-09-01T15:47:51.142022603Z,10111.084734,84939782,1111834624,1105973248
calibration-20260902-f,S1-100-r02,2026-09-01T15:47:51.151192206Z,10120.254335,84953355,1111834624,1105973248
calibration-20260902-f,S1-100-r02,2026-09-01T15:47:51.161364111Z,10130.426242,84953515,1111834624,1105973248
calibration-20260902-f,S1-100-r02,2026-09-01T15:47:51.171619977Z,10140.682108,84953763,1111834624,1105973248
calibration-20260902-f,S1-100-r02,2026-09-01T15:47:51.181843986Z,10150.906117,84953980,1111834624,1105973248
calibration-20260902-f,S1-100-r02,2026-09-01T15:47:51.192049375Z,10161.111506,84954156,1111834624,1105973248
calibration-20260902-f,S1-100-r02,2026-09-01T15:47:51.201173125Z,10170.235256,84954288,1111834624,1105973248
calibration-20260902-f,S1-100-r02,2026-09-01T15:47:51.211328839Z,10180.390969,84954464,1111834624,1105973248
calibration-20260902-f,S1-100-r02,2026-09-01T15:47:51.221554466Z,10190.616597,84954620,1111834624,1105973248
calibration-20260902-f,S1-100-r02,2026-09-01T15:47:51.231677875Z,10200.740005,84989663,1111834624,1105973248
calibration-20260902-f,S1-100-r02,2026-09-01T15:47:51.241814911Z,10210.877041,85043243,1111834624,1105973248
calibration-20260902-f,S1-100-r02,2026-09-01T15:47:51.252116023Z,10221.178153,85056794,1111834624,1105973248
calibration-20260902-f,S1-100-r02,2026-09-01T15:47:51.261305531Z,10230.367662,85056948,1111834624,1105973248
calibration-20260902-f,S1-100-r02,2026-09-01T15:47:51.3205337Z,10289.595830,85057081,1111834624,1105973248
calibration-20260902-f,S1-100-r02,2026-09-01T15:47:51.321652834Z,10290.714965,85057359,1111834624,1105973248
calibration-20260902-f,S1-100-r02,2026-09-01T15:47:51.331903979Z,10300.966109,85092300,1111834624,1105973248
calibration-20260902-f,S1-100-r02,2026-09-01T15:47:51.342131218Z,10311.193348,85146202,1118027776,1111949312
calibration-20260902-f,S1-100-r02,2026-09-01T15:47:51.351301265Z,10320.363396,85155321,1118027776,1111949312
calibration-20260902-f,S1-100-r02,2026-09-01T15:47:51.36151737Z,10330.579501,85155507,1118027776,1111949312
calibration-20260902-f,S1-100-r02,2026-09-01T15:47:51.371729441Z,10340.791572,85155701,1118027776,1112211456
calibration-20260902-f,S1-100-r02,2026-09-01T15:47:51.420538296Z,10389.600427,85155859,1118027776,1112211456
calibration-20260902-f,S1-100-r02,2026-09-01T15:47:51.421774757Z,10390.836887,85156357,1119862784,1114046464
calibration-20260902-f,S1-100-r02,2026-09-01T15:47:51.431956472Z,10401.018597,85194441,1089642496,1083879424
calibration-20260902-f,S1-100-r02,2026-09-01T15:47:51.441852531Z,10410.914662,85246786,1107533824,1101897728
calibration-20260902-f,S1-100-r02,2026-09-01T15:47:51.452062698Z,10421.124829,85255993,1112121344,1106354176
calibration-20260902-f,S1-100-r02,2026-09-01T15:47:51.461290335Z,10430.352466,85256231,1112121344,1106255872
calibration-20260902-f,S1-100-r02,2026-09-01T15:47:51.47140906Z,10440.471191,85256349,1112121344,1106255872
calibration-20260902-f,S1-100-r02,2026-09-01T15:47:51.481575892Z,10450.638023,85256503,1112350720,1106255872
calibration-20260902-f,S1-100-r02,2026-09-01T15:47:51.491782185Z,10460.844316,85256701,1112350720,1106255872
calibration-20260902-f,S1-100-r02,2026-09-01T15:47:51.502024102Z,10471.086242,85256906,1112350720,1106255872
calibration-20260902-f,S1-100-r02,2026-09-01T15:47:51.511247429Z,10480.309560,85257082,1112350720,1106255872
calibration-20260902-f,S1-100-r02,2026-09-01T15:47:51.521420121Z,10490.482246,85257524,1112580096,1106518016
calibration-20260902-f,S1-100-r02,2026-09-01T15:47:51.531650999Z,10500.713130,85293061,1127948288,1121415168
calibration-20260902-f,S1-100-r02,2026-09-01T15:47:51.541911769Z,10510.973900,85346985,1147674624,1141075968
calibration-20260902-f,S1-100-r02,2026-09-01T15:47:51.552144521Z,10521.206652,85356366,1151803392,1145270272
calibration-20260902-f,S1-100-r02,2026-09-01T15:47:51.561385063Z,10530.447193,85356637,1151803392,1145270272
calibration-20260902-f,S1-100-r02,2026-09-01T15:47:51.571603219Z,10540.665345,85356981,1151803392,1145270272
calibration-20260902-f,S1-100-r02,2026-09-01T15:47:51.581746703Z,10550.808828,85357099,1151803392,1145270272
calibration-20260902-f,S1-100-r02,2026-09-01T15:47:51.591941873Z,10561.004006,85357237,1151803392,1145270272
calibration-20260902-f,S1-100-r02,2026-09-01T15:47:51.601075468Z,10570.137594,85357332,1151803392,1145270272
calibration-20260902-f,S1-100-r02,2026-09-01T15:47:51.611263429Z,10580.325555,85357469,1151803392,1145270272
calibration-20260902-f,S1-100-r02,2026-09-01T15:47:51.621469843Z,10590.531974,85357640,1153179648,1146843136
calibration-20260902-f,S1-100-r02,2026-09-01T15:47:51.631673252Z,10600.735382,85392808,1162354688,1155756032
calibration-20260902-f,S1-100-r02,2026-09-01T15:47:51.641913832Z,10610.975962,85447393,1162354688,1155756032
calibration-20260902-f,S1-100-r02,2026-09-01T15:47:51.6511038Z,10620.165931,85455895,1162354688,1155756032
calibration-20260902-f,S1-100-r02,2026-09-01T15:47:51.661236654Z,10630.298784,85456074,1162584064,1155756032
calibration-20260902-f,S1-100-r02,2026-09-01T15:47:51.720553501Z,10689.615655,85456435,1162584064,1155756032
calibration-20260902-f,S1-100-r02,2026-09-01T15:47:51.721306634Z,10690.368765,85456741,1162584064,1155756032
calibration-20260902-f,S1-100-r02,2026-09-01T15:47:51.731539405Z,10700.601559,85491787,1162584064,1155756032
calibration-20260902-f,S1-100-r02,2026-09-01T15:47:51.741256669Z,10710.318795,85546498,1114791936,1108340736
calibration-20260902-f,S1-100-r02,2026-09-01T15:47:51.752002336Z,10721.064468,85555492,1115021312,1108742144
calibration-20260902-f,S1-100-r02,2026-09-01T15:47:51.761244097Z,10730.306227,85555699,1115021312,1108639744
calibration-20260902-f,S1-100-r02,2026-09-01T15:47:51.771459986Z,10740.522117,85555899,1115021312,1108639744
calibration-20260902-f,S1-100-r02,2026-09-01T15:47:51.781681146Z,10750.743276,85556159,1115021312,1108639744
calibration-20260902-f,S1-100-r02,2026-09-01T15:47:51.791870172Z,10760.932303,85556423,1115021312,1108901888
calibration-20260902-f,S1-100-r02,2026-09-01T15:47:51.801092922Z,10770.155052,85556652,1115021312,1108901888
calibration-20260902-f,S1-100-r02,2026-09-01T15:47:51.811366301Z,10780.428432,85556923,1115021312,1108901888
calibration-20260902-f,S1-100-r02,2026-09-01T15:47:51.821585353Z,10790.647484,85557166,1115021312,1108901888
calibration-20260902-f,S1-100-r02,2026-09-01T15:47:51.831793739Z,10800.855870,85592354,1115021312,1108901888
calibration-20260902-f,S1-100-r02,2026-09-01T15:47:51.842130458Z,10811.192588,85646145,1120526336,1114402816
calibration-20260902-f,S1-100-r02,2026-09-01T15:47:51.851402347Z,10820.464478,85650909,1120526336,1114402816
calibration-20260902-f,S1-100-r02,2026-09-01T15:47:51.861647192Z,10830.709323,85651163,1120526336,1114402816
calibration-20260902-f,S1-100-r02,2026-09-01T15:47:51.871917819Z,10840.979949,85651450,1120526336,1114660864
calibration-20260902-f,S1-100-r02,2026-09-01T15:47:51.882116383Z,10851.178513,85651758,1120526336,1114660864
calibration-20260902-f,S1-100-r02,2026-09-01T15:47:51.891372786Z,10860.434917,85651974,1120526336,1114660864
calibration-20260902-f,S1-100-r02,2026-09-01T15:47:51.901623996Z,10870.686127,85652188,1120526336,1114660864
calibration-20260902-f,S1-100-r02,2026-09-01T15:47:51.911875057Z,10880.937187,85652398,1120526336,1114660864
calibration-20260902-f,S1-100-r02,2026-09-01T15:47:51.922094212Z,10891.156342,85652753,1123049472,1117282304
calibration-20260902-f,S1-100-r02,2026-09-01T15:47:51.931355462Z,10900.417592,85688127,1140023296,1134321664
calibration-20260902-f,S1-100-r02,2026-09-01T15:47:51.941690755Z,10910.752885,85742140,1159061504,1153458176
calibration-20260902-f,S1-100-r02,2026-09-01T15:47:51.951927775Z,10920.989906,85751519,1163649024,1157914624
calibration-20260902-f,S1-100-r02,2026-09-01T15:47:51.961115143Z,10930.177274,85751709,1163649024,1157914624
calibration-20260902-f,S1-100-r02,2026-09-01T15:47:51.971367423Z,10940.429554,85751956,1163649024,1157914624
calibration-20260902-f,S1-100-r02,2026-09-01T15:47:51.981583154Z,10950.645284,85752210,1163649024,1157914624
calibration-20260902-f,S1-100-r02,2026-09-01T15:47:51.991826018Z,10960.888148,85752496,1163649024,1157914624
calibration-20260902-f,S1-100-r02,2026-09-01T15:47:52.002121289Z,10971.183426,85752818,1163649024,1157775360
calibration-20260902-f,S1-100-r02,2026-09-01T15:47:52.011381252Z,10980.443383,85753111,1163649024,1157775360
calibration-20260902-f,S1-100-r02,2026-09-01T15:47:52.021586748Z,10990.648878,85753448,1163649024,1157775360
calibration-20260902-f,S1-100-r02,2026-09-01T15:47:52.031837062Z,11000.899194,85788636,1163878400,1158299648
calibration-20260902-f,S1-100-r02,2026-09-01T15:47:52.042108414Z,11011.170544,85842366,1163878400,1158299648
calibration-20260902-f,S1-100-r02,2026-09-01T15:47:52.051388064Z,11020.450195,85856034,1163878400,1158299648
calibration-20260902-f,S1-100-r02,2026-09-01T15:47:52.061658054Z,11030.720184,85856306,1163878400,1158299648
calibration-20260902-f,S1-100-r02,2026-09-01T15:47:52.071826306Z,11040.888436,85856478,1163878400,1158299648
calibration-20260902-f,S1-100-r02,2026-09-01T15:47:52.082071618Z,11051.133748,85856684,1163878400,1158299648
calibration-20260902-f,S1-100-r02,2026-09-01T15:47:52.091276815Z,11060.338947,85856826,1163878400,1158299648
calibration-20260902-f,S1-100-r02,2026-09-01T15:47:52.101442866Z,11070.504991,85856913,1163878400,1158299648
calibration-20260902-f,S1-100-r02,2026-09-01T15:47:52.111634432Z,11080.696562,85857036,1164107776,1158299648
calibration-20260902-f,S1-100-r02,2026-09-01T15:47:52.121883353Z,11090.945483,85857275,1164107776,1158299648
calibration-20260902-f,S1-100-r02,2026-09-01T15:47:52.132067735Z,11101.129865,85892936,1165942784,1160081408
calibration-20260902-f,S1-100-r02,2026-09-01T15:47:52.141291782Z,11110.353913,85946713,1176264704,1170567168
calibration-20260902-f,S1-100-r02,2026-09-01T15:47:52.151484162Z,11120.546291,85955940,1180622848,1174761472
calibration-20260902-f,S1-100-r02,2026-09-01T15:47:52.161678402Z,11130.740532,85956149,1180622848,1174761472
calibration-20260902-f,S1-100-r02,2026-09-01T15:47:52.171877656Z,11140.939787,85956355,1180622848,1174691840
calibration-20260902-f,S1-100-r02,2026-09-01T15:47:52.18206217Z,11151.124301,85956592,1180622848,1174691840
calibration-20260902-f,S1-100-r02,2026-09-01T15:47:52.191238584Z,11160.300715,85956749,1180622848,1174691840
calibration-20260902-f,S1-100-r02,2026-09-01T15:47:52.201419652Z,11170.481786,85956877,1180852224,1174691840
calibration-20260902-f,S1-100-r02,2026-09-01T15:47:52.211562215Z,11180.624345,85956989,1180852224,1174687744
calibration-20260902-f,S1-100-r02,2026-09-01T15:47:52.221792888Z,11190.855039,85957272,1182687232,1176522752
calibration-20260902-f,S1-100-r02,2026-09-01T15:47:52.231474276Z,11200.536408,85994433,1149894656,1144139776
calibration-20260902-f,S1-100-r02,2026-09-01T15:47:52.241706441Z,11210.768566,86048444,1165033472,1159081984
calibration-20260902-f,S1-100-r02,2026-09-01T15:47:52.251926308Z,11220.988438,86053187,1165033472,1159081984
calibration-20260902-f,S1-100-r02,2026-09-01T15:47:52.261190195Z,11230.252325,86053441,1165033472,1158987776
calibration-20260902-f,S1-100-r02,2026-09-01T15:47:52.271360774Z,11240.422905,86053612,1165033472,1158987776
calibration-20260902-f,S1-100-r02,2026-09-01T15:47:52.281539372Z,11250.601502,86053811,1165033472,1158987776
calibration-20260902-f,S1-100-r02,2026-09-01T15:47:52.291708138Z,11260.770269,86053990,1165033472,1158754304
calibration-20260902-f,S1-100-r02,2026-09-01T15:47:52.301830917Z,11270.893048,86054192,1165033472,1158754304
calibration-20260902-f,S1-100-r02,2026-09-01T15:47:52.311965304Z,11281.027434,86054431,1165033472,1158754304
calibration-20260902-f,S1-100-r02,2026-09-01T15:47:52.322116785Z,11291.178915,86055629,1166409728,1160327168
calibration-20260902-f,S1-100-r02,2026-09-01T15:47:52.331867126Z,11300.929256,86091103,1118257152,1112477696
calibration-20260902-f,S1-100-r02,2026-09-01T15:47:52.342024878Z,11311.087009,86144443,1118257152,1112477696
calibration-20260902-f,S1-100-r02,2026-09-01T15:47:52.351235186Z,11320.297317,86153581,1118257152,1112739840
calibration-20260902-f,S1-100-r02,2026-09-01T15:47:52.36138652Z,11330.448651,86153783,1118257152,1112645632
calibration-20260902-f,S1-100-r02,2026-09-01T15:47:52.371529846Z,11340.591976,86153943,1118257152,1112645632
calibration-20260902-f,S1-100-r02,2026-09-01T15:47:52.381639288Z,11350.701418,86154115,1118257152,1112645632
calibration-20260902-f,S1-100-r02,2026-09-01T15:47:52.391915828Z,11360.977959,86154450,1118257152,1112645632
calibration-20260902-f,S1-100-r02,2026-09-01T15:47:52.402119539Z,11371.181669,86154708,1118486528,1112645632
calibration-20260902-f,S1-100-r02,2026-09-01T15:47:52.411297629Z,11380.359754,86154914,1118486528,1112645632
calibration-20260902-f,S1-100-r02,2026-09-01T15:47:52.421556999Z,11390.619130,86155056,1118486528,1112645632
calibration-20260902-f,S1-100-r02,2026-09-01T15:47:52.431770004Z,11400.832134,86190031,1118486528,1112903680
calibration-20260902-f,S1-100-r02,2026-09-01T15:47:52.441973033Z,11411.035163,86243602,1118486528,1112637440
calibration-20260902-f,S1-100-r02,2026-09-01T15:47:52.451185539Z,11420.247670,86252681,1118486528,1112899584
calibration-20260902-f,S1-100-r02,2026-09-01T15:47:52.461355403Z,11430.417534,86252809,1118486528,1112899584
calibration-20260902-f,S1-100-r02,2026-09-01T15:47:52.471582213Z,11440.644344,86253006,1118486528,1112899584
calibration-20260902-f,S1-100-r02,2026-09-01T15:47:52.481758844Z,11450.820975,86253155,1118486528,1112899584
calibration-20260902-f,S1-100-r02,2026-09-01T15:47:52.491933017Z,11460.995148,86253284,1118486528,1112899584
calibration-20260902-f,S1-100-r02,2026-09-01T15:47:52.502085975Z,11471.148114,86253408,1118486528,1112899584
calibration-20260902-f,S1-100-r02,2026-09-01T15:47:52.51127597Z,11480.338100,86253558,1118486528,1112899584
calibration-20260902-f,S1-100-r02,2026-09-01T15:47:52.521463742Z,11490.525873,86253699,1118486528,1112899584
calibration-20260902-f,S1-100-r02,2026-09-01T15:47:52.532130703Z,11501.192833,86288732,1118715904,1112899584
calibration-20260902-f,S1-100-r02,2026-09-01T15:47:52.541416418Z,11510.478577,86342452,1118715904,1112899584
calibration-20260902-f,S1-100-r02,2026-09-01T15:47:52.561727083Z,11530.789216,86361195,1118715904,1113161728
calibration-20260902-f,S1-100-r02,2026-09-01T15:47:52.620534057Z,11589.596188,86361605,1118715904,1113161728
calibration-20260902-f,S1-100-r02,2026-09-01T15:47:52.62165204Z,11590.714171,86361861,1118715904,1113161728
calibration-20260902-f,S1-100-r02,2026-09-01T15:47:52.631854466Z,11600.916597,86396800,1118715904,1113161728
calibration-20260902-f,S1-100-r02,2026-09-01T15:47:52.64208468Z,11611.146811,86451781,1074745344,1068847104
calibration-20260902-f,S1-100-r02,2026-09-01T15:47:52.651314091Z,11620.376222,86455457,1074745344,1068847104
calibration-20260902-f,S1-100-r02,2026-09-01T15:47:52.661461671Z,11630.523802,86455626,1074745344,1068847104
calibration-20260902-f,S1-100-r02,2026-09-01T15:47:52.671638418Z,11640.700548,86455766,1074745344,1068748800
calibration-20260902-f,S1-100-r02,2026-09-01T15:47:52.681804362Z,11650.866493,86455943,1074745344,1069010944
calibration-20260902-f,S1-100-r02,2026-09-01T15:47:52.691939718Z,11661.001848,86456148,1074745344,1069010944
calibration-20260902-f,S1-100-r02,2026-09-01T15:47:52.702074325Z,11671.136456,86456301,1074745344,1069010944
calibration-20260902-f,S1-100-r02,2026-09-01T15:47:52.711243241Z,11680.305372,86456530,1074745344,1069010944
calibration-20260902-f,S1-100-r02,2026-09-01T15:47:52.721410499Z,11690.472630,86456777,1076121600,1070321664
calibration-20260902-f,S1-100-r02,2026-09-01T15:47:52.73140587Z,11700.468001,86492901,1093324800,1087295488
calibration-20260902-f,S1-100-r02,2026-09-01T15:47:52.741594144Z,11710.656275,86547032,1123143680,1117442048
calibration-20260902-f,S1-100-r02,2026-09-01T15:47:52.75184403Z,11720.906160,86556240,1128189952,1122422784
calibration-20260902-f,S1-100-r02,2026-09-01T15:47:52.762050506Z,11731.112636,86556418,1128189952,1122422784
calibration-20260902-f,S1-100-r02,2026-09-01T15:47:52.771211333Z,11740.273459,86556518,1128189952,1122422784
calibration-20260902-f,S1-100-r02,2026-09-01T15:47:52.78135166Z,11750.413791,86556575,1128189952,1122422784
calibration-20260902-f,S1-100-r02,2026-09-01T15:47:52.79154368Z,11760.605811,86556646,1128189952,1122422784
calibration-20260902-f,S1-100-r02,2026-09-01T15:47:52.8016813Z,11770.743426,86556738,1128189952,1122422784
calibration-20260902-f,S1-100-r02,2026-09-01T15:47:52.811810009Z,11780.872140,86556786,1128189952,1122422784
calibration-20260902-f,S1-100-r02,2026-09-01T15:47:52.821956313Z,11791.018478,86557215,1133236224,1128189952
calibration-20260902-f,S1-100-r02,2026-09-01T15:47:52.831207413Z,11800.269537,86593201,1158008832,1152307200
calibration-20260902-f,S1-100-r02,2026-09-01T15:47:52.841428325Z,11810.490450,86646994,1167413248,1161744384
calibration-20260902-f,S1-100-r02,2026-09-01T15:47:52.851621292Z,11820.683418,86656046,1167413248,1161744384
calibration-20260902-f,S1-100-r02,2026-09-01T15:47:52.861772882Z,11830.835014,86656206,1167413248,1161744384
calibration-20260902-f,S1-100-r02,2026-09-01T15:47:52.871913214Z,11840.975345,86656378,1167413248,1161744384
calibration-20260902-f,S1-100-r02,2026-09-01T15:47:52.882106054Z,11851.168184,86656565,1167413248,1161490432
calibration-20260902-f,S1-100-r02,2026-09-01T15:47:52.891246813Z,11860.308944,86656883,1167413248,1161490432
calibration-20260902-f,S1-100-r02,2026-09-01T15:47:52.901442106Z,11870.504231,86657008,1167413248,1161490432
calibration-20260902-f,S1-100-r02,2026-09-01T15:47:52.911611075Z,11880.673199,86657117,1167413248,1161490432
calibration-20260902-f,S1-100-r02,2026-09-01T15:47:52.921781018Z,11890.843148,86657267,1167413248,1161490432
calibration-20260902-f,S1-100-r02,2026-09-01T15:47:52.931110828Z,11900.172959,86693440,1119617024,1113894912
calibration-20260902-f,S1-100-r02,2026-09-01T15:47:52.941266167Z,11910.328298,86747066,1119617024,1113890816
calibration-20260902-f,S1-100-r02,2026-09-01T15:47:52.951516972Z,11920.579102,86756232,1119617024,1113792512
calibration-20260902-f,S1-100-r02,2026-09-01T15:47:53.020498322Z,11989.560453,86756514,1119617024,1113755648
calibration-20260902-f,S1-100-r02,2026-09-01T15:47:53.021683892Z,11990.746023,86756731,1119617024,1113755648
calibration-20260902-f,S1-100-r02,2026-09-01T15:47:53.03188507Z,12000.947200,86791674,1119617024,1113755648
calibration-20260902-f,S1-100-r02,2026-09-01T15:47:53.041121486Z,12010.183616,86845231,1119617024,1113755648
calibration-20260902-f,S1-100-r02,2026-09-01T15:47:53.0512688Z,12020.330931,86854323,1119617024,1113755648
calibration-20260902-f,S1-100-r02,2026-09-01T15:47:53.061443091Z,12030.505221,86854471,1119617024,1113755648
calibration-20260902-f,S1-100-r02,2026-09-01T15:47:53.071660515Z,12040.722646,86854627,1119617024,1113755648
calibration-20260902-f,S1-100-r02,2026-09-01T15:47:53.08178994Z,12050.852065,86854733,1119617024,1113755648
calibration-20260902-f,S1-100-r02,2026-09-01T15:47:53.091939741Z,12061.001870,86854824,1119617024,1113755648
calibration-20260902-f,S1-100-r02,2026-09-01T15:47:53.101076384Z,12070.138515,86854917,1119617024,1113755648
calibration-20260902-f,S1-100-r02,2026-09-01T15:47:53.1112302Z,12080.292330,86855005,1119617024,1113755648
calibration-20260902-f,S1-100-r02,2026-09-01T15:47:53.121369011Z,12090.431142,86855117,1119617024,1113755648
calibration-20260902-f,S1-100-r02,2026-09-01T15:47:53.131503445Z,12100.565575,86891656,1122140160,1116635136
calibration-20260902-f,S1-100-r02,2026-09-01T15:47:53.141832743Z,12110.894874,86944145,1136361472,1130790912
calibration-20260902-f,S1-100-r02,2026-09-01T15:47:53.152097282Z,12121.159412,86953312,1136361472,1130790912
calibration-20260902-f,S1-100-r02,2026-09-01T15:47:53.220492159Z,12189.554289,86953581,1136590848,1131053056
calibration-20260902-f,S1-100-r02,2026-09-01T15:47:53.221614833Z,12190.676963,86953836,1138425856,1132888064
calibration-20260902-f,S1-100-r02,2026-09-01T15:47:53.231764371Z,12200.826501,86989283,1157005312,1151238144
calibration-20260902-f,S1-100-r02,2026-09-01T15:47:53.242003729Z,12211.065861,87043109,1167785984,1162248192
calibration-20260902-f,S1-100-r02,2026-09-01T15:47:53.251190938Z,12220.253068,87052196,1167785984,1162248192
calibration-20260902-f,S1-100-r02,2026-09-01T15:47:53.261400731Z,12230.462861,87052431,1168244736,1162248192
calibration-20260902-f,S1-100-r02,2026-09-01T15:47:53.271545655Z,12240.607786,87052639,1168244736,1162248192
calibration-20260902-f,S1-100-r02,2026-09-01T15:47:53.281740822Z,12250.802951,87052826,1168244736,1162248192
calibration-20260902-f,S1-100-r02,2026-09-01T15:47:53.29195539Z,12261.017521,87053018,1168244736,1162248192
calibration-20260902-f,S1-100-r02,2026-09-01T15:47:53.301110237Z,12270.172367,87053170,1168244736,1162506240
calibration-20260902-f,S1-100-r02,2026-09-01T15:47:53.311354454Z,12280.416584,87053375,1168244736,1162506240
calibration-20260902-f,S1-100-r02,2026-09-01T15:47:53.321586108Z,12290.648239,87053625,1168244736,1162506240
calibration-20260902-f,S1-100-r02,2026-09-01T15:47:53.331812763Z,12300.874898,87088752,1168244736,1162506240
calibration-20260902-f,S1-100-r02,2026-09-01T15:47:53.341999678Z,12311.061812,87142939,1174896640,1169321984
calibration-20260902-f,S1-100-r02,2026-09-01T15:47:53.35121929Z,12320.281422,87156493,1174896640,1169321984
calibration-20260902-f,S1-100-r02,2026-09-01T15:47:53.361463848Z,12330.525979,87156703,1174896640,1169321984
calibration-20260902-f,S1-100-r02,2026-09-01T15:47:53.371610911Z,12340.673041,87156999,1174896640,1169321984
calibration-20260902-f,S1-100-r02,2026-09-01T15:47:53.381757132Z,12350.819263,87157191,1174896640,1169321984
calibration-20260902-f,S1-100-r02,2026-09-01T15:47:53.420504796Z,12389.566926,87157550,1175126016,1169321984
calibration-20260902-f,S1-100-r02,2026-09-01T15:47:53.421643998Z,12390.706128,87157765,1176731648,1171156992
calibration-20260902-f,S1-100-r02,2026-09-01T15:47:53.431401725Z,12400.463850,87195442,1144557568,1139195904
calibration-20260902-f,S1-100-r02,2026-09-01T15:47:53.441221924Z,12410.284055,87247839,1185157120,1180270592
calibration-20260902-f,S1-100-r02,2026-09-01T15:47:53.451442846Z,12420.504977,87256955,1191350272,1186299904
calibration-20260902-f,S1-100-r02,2026-09-01T15:47:53.461708322Z,12430.770452,87257231,1191350272,1186082816
calibration-20260902-f,S1-100-r02,2026-09-01T15:47:53.471876121Z,12440.938252,87257433,1191350272,1186082816
calibration-20260902-f,S1-100-r02,2026-09-01T15:47:53.481991679Z,12451.053809,87257578,1191350272,1186082816
calibration-20260902-f,S1-100-r02,2026-09-01T15:47:53.492147181Z,12461.209312,87257696,1191350272,1186082816
calibration-20260902-f,S1-100-r02,2026-09-01T15:47:53.501284931Z,12470.347061,87257863,1191350272,1186082816
calibration-20260902-f,S1-100-r02,2026-09-01T15:47:53.520532091Z,12489.594248,87258032,1191579648,1186344960
calibration-20260902-f,S1-100-r02,2026-09-01T15:47:53.521773533Z,12490.835665,87258407,1193185280,1188179968
calibration-20260902-f,S1-100-r02,2026-09-01T15:47:53.531843196Z,12500.905327,87294678,1165398016,1160048640
calibration-20260902-f,S1-100-r02,2026-09-01T15:47:53.542119941Z,12511.182072,87348352,1184894976,1179185152
calibration-20260902-f,S1-100-r02,2026-09-01T15:47:53.551359621Z,12520.421751,87353048,1184894976,1179185152
calibration-20260902-f,S1-100-r02,2026-09-01T15:47:53.561562144Z,12530.624275,87353230,1184894976,1179086848
calibration-20260902-f,S1-100-r02,2026-09-01T15:47:53.57177062Z,12540.832751,87353462,1184894976,1179086848
calibration-20260902-f,S1-100-r02,2026-09-01T15:47:53.581885084Z,12550.947214,87353682,1184894976,1179086848
calibration-20260902-f,S1-100-r02,2026-09-01T15:47:53.59203069Z,12561.092821,87353894,1184894976,1179086848
calibration-20260902-f,S1-100-r02,2026-09-01T15:47:53.601196238Z,12570.258369,87354045,1184894976,1179086848
calibration-20260902-f,S1-100-r02,2026-09-01T15:47:53.611385171Z,12580.447301,87354228,1184894976,1179086848
calibration-20260902-f,S1-100-r02,2026-09-01T15:47:53.621623913Z,12590.686043,87354465,1184894976,1179086848
calibration-20260902-f,S1-100-r02,2026-09-01T15:47:53.631860402Z,12600.922532,87389555,1184894976,1179086848
calibration-20260902-f,S1-100-r02,2026-09-01T15:47:53.642093717Z,12611.155847,87443147,1184894976,1179086848
calibration-20260902-f,S1-100-r02,2026-09-01T15:47:53.651282606Z,12620.344736,87452243,1184894976,1179086848
calibration-20260902-f,S1-100-r02,2026-09-01T15:47:53.661461717Z,12630.523848,87452470,1184894976,1179086848
calibration-20260902-f,S1-100-r02,2026-09-01T15:47:53.671603331Z,12640.665461,87452604,1184894976,1179086848
calibration-20260902-f,S1-100-r02,2026-09-01T15:47:53.681714062Z,12650.776193,87452717,1184894976,1179086848
calibration-20260902-f,S1-100-r02,2026-09-01T15:47:53.691891056Z,12660.953186,87452852,1184894976,1179086848
calibration-20260902-f,S1-100-r02,2026-09-01T15:47:53.702055965Z,12671.118095,87453010,1184894976,1179086848
calibration-20260902-f,S1-100-r02,2026-09-01T15:47:53.711277895Z,12680.340026,87453165,1184894976,1179344896
calibration-20260902-f,S1-100-r02,2026-09-01T15:47:53.721518112Z,12690.580243,87453363,1184894976,1179344896
calibration-20260902-f,S1-100-r02,2026-09-01T15:47:53.731688705Z,12700.750835,87488311,1184894976,1179344896
calibration-20260902-f,S1-100-r02,2026-09-01T15:47:53.741912493Z,12710.974624,87541910,1184894976,1179607040
calibration-20260902-f,S1-100-r02,2026-09-01T15:47:53.751147747Z,12720.209877,87555440,1184894976,1179607040
calibration-20260902-f,S1-100-r02,2026-09-01T15:47:53.761374199Z,12730.436329,87555618,1184894976,1179607040
calibration-20260902-f,S1-100-r02,2026-09-01T15:47:53.820523514Z,12789.585644,87555811,1184894976,1179607040
calibration-20260902-f,S1-100-r02,2026-09-01T15:47:53.82163427Z,12790.696401,87556015,1185124352,1179607040
calibration-20260902-f,S1-100-r02,2026-09-01T15:47:53.831818207Z,12800.880337,87590967,1185124352,1179607040
calibration-20260902-f,S1-100-r02,2026-09-01T15:47:53.842068538Z,12811.130669,87644788,1185124352,1179869184
calibration-20260902-f,S1-100-r02,2026-09-01T15:47:53.851307274Z,12820.369404,87653896,1185124352,1179656192
calibration-20260902-f,S1-100-r02,2026-09-01T15:47:53.920542297Z,12889.604427,87654191,1185124352,1179697152
calibration-20260902-f,S1-100-r02,2026-09-01T15:47:53.921704069Z,12890.766199,87654442,1185124352,1179697152
calibration-20260902-f,S1-100-r02,2026-09-01T15:47:53.93189263Z,12900.954760,87690273,1185124352,1179697152
calibration-20260902-f,S1-100-r02,2026-09-01T15:47:53.941090023Z,12910.152149,87744581,1153093632,1154646016
calibration-20260902-f,S1-100-r02,2026-09-01T15:47:53.951342546Z,12920.404676,87753853,1158139904,1159884800
calibration-20260902-f,S1-100-r02,2026-09-01T15:47:53.961587709Z,12930.649839,87754125,1158139904,1159884800
calibration-20260902-f,S1-100-r02,2026-09-01T15:47:53.971786947Z,12940.849078,87754311,1158139904,1159880704
calibration-20260902-f,S1-100-r02,2026-09-01T15:47:53.981930953Z,12950.993083,87754484,1158139904,1159880704
calibration-20260902-f,S1-100-r02,2026-09-01T15:47:54.020512862Z,12989.574993,87754820,1156792320,1151344640
calibration-20260902-f,S1-100-r02,2026-09-01T15:47:54.023732306Z,12992.794438,87756416,1161838592,1156517888
calibration-20260902-f,S1-100-r02,2026-09-01T15:47:54.032026667Z,13001.088792,87790927,1176748032,1171460096
calibration-20260902-f,S1-100-r02,2026-09-01T15:47:54.041254556Z,13010.316686,87844724,1185464320,1180012544
calibration-20260902-f,S1-100-r02,2026-09-01T15:47:54.051427391Z,13020.489522,87858295,1185464320,1180012544
calibration-20260902-f,S1-100-r02,2026-09-01T15:47:54.061580596Z,13030.642727,87858539,1185464320,1180012544
calibration-20260902-f,S1-100-r02,2026-09-01T15:47:54.071779148Z,13040.841279,87858750,1185464320,1180012544
calibration-20260902-f,S1-100-r02,2026-09-01T15:47:54.081978481Z,13051.040611,87858938,1185464320,1180012544
calibration-20260902-f,S1-100-r02,2026-09-01T15:47:54.091203572Z,13060.265703,87859149,1185464320,1180012544
calibration-20260902-f,S1-100-r02,2026-09-01T15:47:54.101350953Z,13070.413078,87859249,1185464320,1180012544
calibration-20260902-f,S1-100-r02,2026-09-01T15:47:54.111494841Z,13080.556966,87859319,1185464320,1180012544
calibration-20260902-f,S1-100-r02,2026-09-01T15:47:54.121233581Z,13090.295706,87860049,1185464320,1180012544
calibration-20260902-f,S1-100-r02,2026-09-01T15:47:54.131438692Z,13100.500817,87894829,1185693696,1180012544
calibration-20260902-f,S1-100-r02,2026-09-01T15:47:54.141647241Z,13110.709371,87948420,1185693696,1180012544
calibration-20260902-f,S1-100-r02,2026-09-01T15:47:54.151877143Z,13120.939275,87953150,1185693696,1180012544
calibration-20260902-f,S1-100-r02,2026-09-01T15:47:54.162057269Z,13131.119400,87953420,1185693696,1180012544
calibration-20260902-f,S1-100-r02,2026-09-01T15:47:54.171304408Z,13140.366539,87953640,1185693696,1180012544
calibration-20260902-f,S1-100-r02,2026-09-01T15:47:54.181527215Z,13150.589346,87953849,1185693696,1180012544
calibration-20260902-f,S1-100-r02,2026-09-01T15:47:54.19171617Z,13160.778300,87954017,1185693696,1180270592
calibration-20260902-f,S1-100-r02,2026-09-01T15:47:54.20195471Z,13171.016841,87954274,1185693696,1180270592
calibration-20260902-f,S1-100-r02,2026-09-01T15:47:54.211089437Z,13180.151568,87954477,1185693696,1180270592
calibration-20260902-f,S1-100-r02,2026-09-01T15:47:54.221564688Z,13190.626818,87954908,1185693696,1180270592
calibration-20260902-f,S1-100-r02,2026-09-01T15:47:54.231254123Z,13200.316248,87990621,1137741824,1132523520
calibration-20260902-f,S1-100-r02,2026-09-01T15:47:54.241477766Z,13210.539891,88044135,1137741824,1132523520
calibration-20260902-f,S1-100-r02,2026-09-01T15:47:54.251706842Z,13220.768972,88053256,1137741824,1132425216
calibration-20260902-f,S1-100-r02,2026-09-01T15:47:54.261938656Z,13231.000785,88053438,1137741824,1132687360
calibration-20260902-f,S1-100-r02,2026-09-01T15:47:54.271084549Z,13240.146679,88053581,1137741824,1132687360
calibration-20260902-f,S1-100-r02,2026-09-01T15:47:54.281267626Z,13250.329757,88053701,1137741824,1132687360
calibration-20260902-f,S1-100-r02,2026-09-01T15:47:54.320547517Z,13289.609651,88053844,1137741824,1132687360
calibration-20260902-f,S1-100-r02,2026-09-01T15:47:54.32179441Z,13290.856540,88054251,1137741824,1132687360
calibration-20260902-f,S1-100-r02,2026-09-01T15:47:54.332026612Z,13301.088743,88089508,1137741824,1132687360
calibration-20260902-f,S1-100-r02,2026-09-01T15:47:54.341313217Z,13310.375348,88143149,1137741824,1132687360
calibration-20260902-f,S1-100-r02,2026-09-01T15:47:54.351567912Z,13320.630042,88152289,1137741824,1132687360
calibration-20260902-f,S1-100-r02,2026-09-01T15:47:54.361782997Z,13330.845129,88152547,1137741824,1132687360
calibration-20260902-f,S1-100-r02,2026-09-01T15:47:54.371993767Z,13341.055898,88152798,1137741824,1132687360
calibration-20260902-f,S1-100-r02,2026-09-01T15:47:54.381181369Z,13350.243500,88152968,1137741824,1132687360
calibration-20260902-f,S1-100-r02,2026-09-01T15:47:54.420511707Z,13389.573838,88153392,1137741824,1132687360
calibration-20260902-f,S1-100-r02,2026-09-01T15:47:54.421665429Z,13390.727560,88153617,1137741824,1132285952
calibration-20260902-f,S1-100-r02,2026-09-01T15:47:54.431825029Z,13400.887160,88190183,1140953088,1134866432
calibration-20260902-f,S1-100-r02,2026-09-01T15:47:54.442085466Z,13411.147597,88242482,1157468160,1151643648
calibration-20260902-f,S1-100-r02,2026-09-01T15:47:54.451246306Z,13420.308431,88256454,1160450048,1154789376
calibration-20260902-f,S1-100-r02,2026-09-01T15:47:54.461470264Z,13430.532395,88261090,1160450048,1154789376
calibration-20260902-f,S1-100-r02,2026-09-01T15:47:54.471629592Z,13440.691722,88261187,1160450048,1154789376
calibration-20260902-f,S1-100-r02,2026-09-01T15:47:54.481751469Z,13450.813594,88261261,1160450048,1154789376
calibration-20260902-f,S1-100-r02,2026-09-01T15:47:54.491902668Z,13460.964799,88261356,1160450048,1154789376
calibration-20260902-f,S1-100-r02,2026-09-01T15:47:54.502065543Z,13471.127668,88261441,1160450048,1154789376
calibration-20260902-f,S1-100-r02,2026-09-01T15:47:54.520518753Z,13489.581068,88261527,1160679424,1154789376
calibration-20260902-f,S1-100-r02,2026-09-01T15:47:54.52268593Z,13491.748087,88261881,1163661312,1157672960
calibration-20260902-f,S1-100-r02,2026-09-01T15:47:54.532000164Z,13501.062294,88297423,1175818240,1169993728
calibration-20260902-f,S1-100-r02,2026-09-01T15:47:54.5472282Z,13516.290324,88355877,1186369536,1180672000
calibration-20260902-f,S1-100-r02,2026-09-01T15:47:54.551448344Z,13520.510475,88356487,1186369536,1180672000
calibration-20260902-f,S1-100-r02,2026-09-01T15:47:54.561616173Z,13530.678303,88356711,1186598912,1180672000
calibration-20260902-f,S1-100-r02,2026-09-01T15:47:54.571803353Z,13540.865483,88356869,1186598912,1180672000
calibration-20260902-f,S1-100-r02,2026-09-01T15:47:54.581969801Z,13551.031931,88357062,1186598912,1180672000
calibration-20260902-f,S1-100-r02,2026-09-01T15:47:54.592105527Z,13561.167657,88357272,1186598912,1180934144
calibration-20260902-f,S1-100-r02,2026-09-01T15:47:54.601289455Z,13570.351585,88357489,1186598912,1181196288
calibration-20260902-f,S1-100-r02,2026-09-01T15:47:54.611472809Z,13580.534934,88357747,1186828288,1181196288
calibration-20260902-f,S1-100-r02,2026-09-01T15:47:54.621676374Z,13590.738505,88357920,1187057664,1181196288
calibration-20260902-f,S1-100-r02,2026-09-01T15:47:54.631851841Z,13600.913971,88393083,1192562688,1186963456
calibration-20260902-f,S1-100-r02,2026-09-01T15:47:54.64208052Z,13611.142651,88447535,1206554624,1201082368
calibration-20260902-f,S1-100-r02,2026-09-01T15:47:54.651282684Z,13620.344810,88452224,1209077760,1203441664
calibration-20260902-f,S1-100-r02,2026-09-01T15:47:54.66150037Z,13630.562501,88452399,1209077760,1203441664
calibration-20260902-f,S1-100-r02,2026-09-01T15:47:54.671700649Z,13640.762779,88452613,1209077760,1203703808
calibration-20260902-f,S1-100-r02,2026-09-01T15:47:54.681917448Z,13650.979579,88452820,1209077760,1203703808
calibration-20260902-f,S1-100-r02,2026-09-01T15:47:54.692141131Z,13661.203262,88453069,1209077760,1203703808
calibration-20260902-f,S1-100-r02,2026-09-01T15:47:54.720516168Z,13689.578298,88453369,1209307136,1203965952
calibration-20260902-f,S1-100-r02,2026-09-01T15:47:54.721621092Z,13690.683222,88453664,1210683392,1205538816
calibration-20260902-f,S1-100-r02,2026-09-01T15:47:54.731904763Z,13700.966927,88489106,1223757824,1218134016
calibration-20260902-f,S1-100-r02,2026-09-01T15:47:54.741999962Z,13711.062092,88543443,1234767872,1228881920
calibration-20260902-f,S1-100-r02,2026-09-01T15:47:54.75127104Z,13720.333169,88548137,1235226624,1229406208
calibration-20260902-f,S1-100-r02,2026-09-01T15:47:54.761510203Z,13730.572334,88548424,1235226624,1229402112
calibration-20260902-f,S1-100-r02,2026-09-01T15:47:54.771733458Z,13740.795589,88548712,1235226624,1229926400
calibration-20260902-f,S1-100-r02,2026-09-01T15:47:54.781878457Z,13750.940587,88548962,1235226624,1229926400
calibration-20260902-f,S1-100-r02,2026-09-01T15:47:54.792075963Z,13761.138093,88549179,1235226624,1229926400
calibration-20260902-f,S1-100-r02,2026-09-01T15:47:54.801201816Z,13770.263947,88549318,1235226624,1229926400
calibration-20260902-f,S1-100-r02,2026-09-01T15:47:54.811375027Z,13780.437163,88549494,1235226624,1229926400
calibration-20260902-f,S1-100-r02,2026-09-01T15:47:54.821642918Z,13790.705048,88549688,1235226624,1229926400
calibration-20260902-f,S1-100-r02,2026-09-01T15:47:54.83151773Z,13800.579863,88585320,1118560256,1113427968
calibration-20260902-f,S1-100-r02,2026-09-01T15:47:54.841857418Z,13810.919549,88639742,1139204096,1133916160
calibration-20260902-f,S1-100-r02,2026-09-01T15:47:54.852100137Z,13821.162267,88653404,1139204096,1133662208
calibration-20260902-f,S1-100-r02,2026-09-01T15:47:54.861271541Z,13830.333672,88653578,1139204096,1133920256
calibration-20260902-f,S1-100-r02,2026-09-01T15:47:54.871461965Z,13840.524096,88653775,1139204096,1133920256
calibration-20260902-f,S1-100-r02,2026-09-01T15:47:54.881667972Z,13850.730102,88653959,1139204096,1133920256
calibration-20260902-f,S1-100-r02,2026-09-01T15:47:54.89179787Z,13860.860001,88654089,1139204096,1133920256
calibration-20260902-f,S1-100-r02,2026-09-01T15:47:54.901895124Z,13870.957254,88654198,1139204096,1133920256
calibration-20260902-f,S1-100-r02,2026-09-01T15:47:54.92051535Z,13889.577480,88654321,1139204096,1133920256
calibration-20260902-f,S1-100-r02,2026-09-01T15:47:54.921643164Z,13890.705310,88654487,1139204096,1133920256
calibration-20260902-f,S1-100-r02,2026-09-01T15:47:54.931791513Z,13900.853644,88689643,1139204096,1133920256
calibration-20260902-f,S1-100-r02,2026-09-01T15:47:54.942055311Z,13911.117441,88743318,1139204096,1133920256
calibration-20260902-f,S1-100-r02,2026-09-01T15:47:54.951238076Z,13920.300206,88756906,1139204096,1133920256
calibration-20260902-f,S1-100-r02,2026-09-01T15:47:54.961417962Z,13930.480093,88757099,1139204096,1133920256
calibration-20260902-f,S1-100-r02,2026-09-01T15:47:54.971592816Z,13940.654947,88757245,1139204096,1133920256
calibration-20260902-f,S1-100-r02,2026-09-01T15:47:55.020526106Z,13989.588236,88757620,1139204096,1133920256
calibration-20260902-f,S1-100-r02,2026-09-01T15:47:55.021659878Z,13990.722008,88757854,1139204096,1133920256
calibration-20260902-f,S1-100-r02,2026-09-01T15:47:55.031878899Z,14000.941029,88796395,1139433472,1134444544
calibration-20260902-f,S1-100-r02,2026-09-01T15:47:55.042019802Z,14011.081932,88846529,1155948544,1150959616
calibration-20260902-f,S1-100-r02,2026-09-01T15:47:55.0511194Z,14020.181530,88855657,1159618560,1154891776
calibration-20260902-f,S1-100-r02,2026-09-01T15:47:55.061304754Z,14030.366885,88855831,1159618560,1154891776
calibration-20260902-f,S1-100-r02,2026-09-01T15:47:55.071474399Z,14040.536529,88855966,1159618560,1154891776
calibration-20260902-f,S1-100-r02,2026-09-01T15:47:55.120519785Z,14089.581915,88856190,1159847936,1155411968
calibration-20260902-f,S1-100-r02,2026-09-01T15:47:55.121711652Z,14090.773781,88856456,1162141696,1157509120
calibration-20260902-f,S1-100-r02,2026-09-01T15:47:55.131887919Z,14100.950049,88891751,1181179904,1176645632
calibration-20260902-f,S1-100-r02,2026-09-01T15:47:55.141611243Z,14110.673368,88945677,1187602432,1182937088
calibration-20260902-f,S1-100-r02,2026-09-01T15:47:55.151808609Z,14120.870740,88954817,1187831808,1182937088
calibration-20260902-f,S1-100-r02,2026-09-01T15:47:55.162035515Z,14131.097646,88955192,1187831808,1182937088
calibration-20260902-f,S1-100-r02,2026-09-01T15:47:55.171200706Z,14140.262837,88955292,1187831808,1182937088
calibration-20260902-f,S1-100-r02,2026-09-01T15:47:55.181362145Z,14150.424270,88955393,1187831808,1182937088
calibration-20260902-f,S1-100-r02,2026-09-01T15:47:55.191527123Z,14160.589254,88955490,1187831808,1182937088
calibration-20260902-f,S1-100-r02,2026-09-01T15:47:55.201667818Z,14170.729942,88955576,1187831808,1182937088
calibration-20260902-f,S1-100-r02,2026-09-01T15:47:55.211815145Z,14180.877276,88955661,1187831808,1182937088
calibration-20260902-f,S1-100-r02,2026-09-01T15:47:55.221959291Z,14191.021444,88955753,1187831808,1182937088
calibration-20260902-f,S1-100-r02,2026-09-01T15:47:55.231154485Z,14200.216615,88990868,1187831808,1182937088
calibration-20260902-f,S1-100-r02,2026-09-01T15:47:55.241197513Z,14210.259638,89044755,1139781632,1134940160
calibration-20260902-f,S1-100-r02,2026-09-01T15:47:55.251657876Z,14220.720001,89050084,1140011008,1135128576
calibration-20260902-f,S1-100-r02,2026-09-01T15:47:55.261829449Z,14230.891574,89050200,1140011008,1135034368
calibration-20260902-f,S1-100-r02,2026-09-01T15:47:55.272014994Z,14241.077120,89050317,1140011008,1135034368
calibration-20260902-f,S1-100-r02,2026-09-01T15:47:55.281203697Z,14250.265822,89050438,1140011008,1135034368
calibration-20260902-f,S1-100-r02,2026-09-01T15:47:55.291346004Z,14260.408129,89050513,1140011008,1135034368
calibration-20260902-f,S1-100-r02,2026-09-01T15:47:55.301497354Z,14270.559479,89050595,1140011008,1135034368
calibration-20260902-f,S1-100-r02,2026-09-01T15:47:55.311643543Z,14280.705674,89050677,1140011008,1135034368
calibration-20260902-f,S1-100-r02,2026-09-01T15:47:55.3217839Z,14290.846031,89050799,1140011008,1135034368
calibration-20260902-f,S1-100-r02,2026-09-01T15:47:55.332012889Z,14301.075020,89086061,1156067328,1151025152
calibration-20260902-f,S1-100-r02,2026-09-01T15:47:55.341098266Z,14310.160390,89140085,1171664896,1166508032
calibration-20260902-f,S1-100-r02,2026-09-01T15:47:55.351307826Z,14320.369956,89153683,1171664896,1166770176
calibration-20260902-f,S1-100-r02,2026-09-01T15:47:55.361452294Z,14330.514424,89153884,1171664896,1166737408
calibration-20260902-f,S1-100-r02,2026-09-01T15:47:55.371622562Z,14340.684692,89154078,1171664896,1166737408
calibration-20260902-f,S1-100-r02,2026-09-01T15:47:55.381735423Z,14350.797554,89154236,1171664896,1166737408
calibration-20260902-f,S1-100-r02,2026-09-01T15:47:55.391904781Z,14360.966911,89154426,1171664896,1166737408
calibration-20260902-f,S1-100-r02,2026-09-01T15:47:55.402057616Z,14371.119748,89154620,1171664896,1166737408
calibration-20260902-f,S1-100-r02,2026-09-01T15:47:55.411254892Z,14380.317022,89154774,1171664896,1166737408
calibration-20260902-f,S1-100-r02,2026-09-01T15:47:55.421436967Z,14390.499099,89155027,1173270528,1168572416
calibration-20260902-f,S1-100-r02,2026-09-01T15:47:55.431650548Z,14400.712678,89197401,1188409344,1183514624
calibration-20260902-f,S1-100-r02,2026-09-01T15:47:55.441724671Z,14410.786802,89244929,1140740096,1135579136
calibration-20260902-f,S1-100-r02,2026-09-01T15:47:55.451985245Z,14421.047376,89254114,1140740096,1135480832
calibration-20260902-f,S1-100-r02,2026-09-01T15:47:55.461175656Z,14430.237786,89254308,1140740096,1135480832
calibration-20260902-f,S1-100-r02,2026-09-01T15:47:55.471336676Z,14440.398807,89254495,1140740096,1135480832
calibration-20260902-f,S1-100-r02,2026-09-01T15:47:55.481508714Z,14450.570845,89254684,1140740096,1135738880
calibration-20260902-f,S1-100-r02,2026-09-01T15:47:55.491664339Z,14460.726469,89254872,1140740096,1135738880
calibration-20260902-f,S1-100-r02,2026-09-01T15:47:55.501807031Z,14470.869170,89255014,1140740096,1135738880
calibration-20260902-f,S1-100-r02,2026-09-01T15:47:55.511928403Z,14480.990534,89255124,1140740096,1135738880
calibration-20260902-f,S1-100-r02,2026-09-01T15:47:55.522087574Z,14491.149704,89255242,1140740096,1135738880
calibration-20260902-f,S1-100-r02,2026-09-01T15:47:55.531343646Z,14500.405777,89290346,1140740096,1135738880
calibration-20260902-f,S1-100-r02,2026-09-01T15:47:55.541545823Z,14510.607953,89344002,1140740096,1135738880
calibration-20260902-f,S1-100-r02,2026-09-01T15:47:55.551767262Z,14520.829392,89353167,1140740096,1135738880
calibration-20260902-f,S1-100-r02,2026-09-01T15:47:55.561981768Z,14531.043899,89353355,1140740096,1135738880
calibration-20260902-f,S1-100-r02,2026-09-01T15:47:55.571189844Z,14540.251974,89353532,1140740096,1135738880
calibration-20260902-f,S1-100-r02,2026-09-01T15:47:55.581309331Z,14550.371461,89353692,1140740096,1135738880
calibration-20260902-f,S1-100-r02,2026-09-01T15:47:55.591521871Z,14560.584001,89353868,1140740096,1135738880
calibration-20260902-f,S1-100-r02,2026-09-01T15:47:55.601648784Z,14570.710914,89353998,1140740096,1135738880
calibration-20260902-f,S1-100-r02,2026-09-01T15:47:55.611810351Z,14580.872475,89354097,1140740096,1135738880
calibration-20260902-f,S1-100-r02,2026-09-01T15:47:55.622012191Z,14591.074322,89354356,1140969472,1135738880
calibration-20260902-f,S1-100-r02,2026-09-01T15:47:55.631270245Z,14600.332374,89389418,1140969472,1135738880
calibration-20260902-f,S1-100-r02,2026-09-01T15:47:55.641505808Z,14610.567938,89443059,1140969472,1135738880
calibration-20260902-f,S1-100-r02,2026-09-01T15:47:55.651729123Z,14620.791249,89453201,1140969472,1135738880
calibration-20260902-f,S1-100-r02,2026-09-01T15:47:55.661967248Z,14631.029378,89457209,1140969472,1135738880
calibration-20260902-f,S1-100-r02,2026-09-01T15:47:55.671102898Z,14640.165028,89457397,1140969472,1135738880
calibration-20260902-f,S1-100-r02,2026-09-01T15:47:55.681244933Z,14650.307063,89457618,1140969472,1135738880
calibration-20260902-f,S1-100-r02,2026-09-01T15:47:55.691386417Z,14660.448548,89457841,1140969472,1135738880
calibration-20260902-f,S1-100-r02,2026-09-01T15:47:55.701529691Z,14670.591822,89458046,1141198848,1135738880
calibration-20260902-f,S1-100-r02,2026-09-01T15:47:55.711694444Z,14680.756575,89458254,1141198848,1135108096
calibration-20260902-f,S1-100-r02,2026-09-01T15:47:55.721877652Z,14690.939783,89458485,1141198848,1135370240
calibration-20260902-f,S1-100-r02,2026-09-01T15:47:55.732082272Z,14701.144402,89493789,1157713920,1152122880
calibration-20260902-f,S1-100-r02,2026-09-01T15:47:55.741272333Z,14710.334464,89547662,1132437504,1143537664
calibration-20260902-f,S1-100-r02,2026-09-01T15:47:55.751576287Z,14720.638418,89552472,1132437504,1143537664
calibration-20260902-f,S1-100-r02,2026-09-01T15:47:55.761745346Z,14730.807476,89552615,1132437504,1143549952
calibration-20260902-f,S1-100-r02,2026-09-01T15:47:55.771946462Z,14741.008592,89552746,1132437504,1143549952
calibration-20260902-f,S1-100-r02,2026-09-01T15:47:55.782103666Z,14751.165796,89552871,1132437504,1143549952
calibration-20260902-f,S1-100-r02,2026-09-01T15:47:55.791309799Z,14760.371929,89553013,1132437504,1143549952
calibration-20260902-f,S1-100-r02,2026-09-01T15:47:55.801491939Z,14770.554070,89553137,1132437504,1143549952
calibration-20260902-f,S1-100-r02,2026-09-01T15:47:55.811641543Z,14780.703674,89553247,1132437504,1143549952
calibration-20260902-f,S1-100-r02,2026-09-01T15:47:55.821324169Z,14790.386294,89554648,1125507072,1119719424
calibration-20260902-f,S1-100-r02,2026-09-01T15:47:55.83209143Z,14801.153555,89591810,1141563392,1135902720
calibration-20260902-f,S1-100-r02,2026-09-01T15:47:55.841281348Z,14810.343478,89643615,1146839040,1141166080
calibration-20260902-f,S1-100-r02,2026-09-01T15:47:55.85151933Z,14820.581461,89652793,1146839040,1141071872
calibration-20260902-f,S1-100-r02,2026-09-01T15:47:55.861671129Z,14830.733259,89653040,1146839040,1141071872
calibration-20260902-f,S1-100-r02,2026-09-01T15:47:55.871893665Z,14840.955795,89653294,1146839040,1141338112
calibration-20260902-f,S1-100-r02,2026-09-01T15:47:55.882033742Z,14851.095873,89653481,1146839040,1141600256
calibration-20260902-f,S1-100-r02,2026-09-01T15:47:55.891108274Z,14860.170404,89653603,1146839040,1141600256
calibration-20260902-f,S1-100-r02,2026-09-01T15:47:55.901263193Z,14870.325324,89653736,1146839040,1141600256
calibration-20260902-f,S1-100-r02,2026-09-01T15:47:55.911380268Z,14880.442398,89653895,1146839040,1141600256
calibration-20260902-f,S1-100-r02,2026-09-01T15:47:55.921891334Z,14890.953465,89654216,1148903424,1143697408
calibration-20260902-f,S1-100-r02,2026-09-01T15:47:55.932161309Z,14901.223462,89689989,1166794752,1161785344
calibration-20260902-f,S1-100-r02,2026-09-01T15:47:55.941545703Z,14910.607834,89743998,1182162944,1177288704
calibration-20260902-f,S1-100-r02,2026-09-01T15:47:55.951814517Z,14920.876663,89753239,1182162944,1177288704
calibration-20260902-f,S1-100-r02,2026-09-01T15:47:55.961267575Z,14930.329735,89753769,1182162944,1177288704
calibration-20260902-f,S1-100-r02,2026-09-01T15:47:55.971666812Z,14940.728967,89754132,1182162944,1177047040
calibration-20260902-f,S1-100-r02,2026-09-01T15:47:56.020511307Z,14989.573437,89754544,1182392320,1177047040
calibration-20260902-f,S1-100-r02,2026-09-01T15:47:56.021626736Z,14990.688866,89754810,1184227328,1179144192
calibration-20260902-f,S1-100-r02,2026-09-01T15:47:56.031768888Z,15000.831014,89790557,1189961728,1184649216
calibration-20260902-f,S1-100-r02,2026-09-01T15:47:56.042048757Z,15011.110888,89844175,1189961728,1184415744
calibration-20260902-f,S1-100-r02,2026-09-01T15:47:56.05129838Z,15020.360510,89853323,1189961728,1184415744
calibration-20260902-f,S1-100-r02,2026-09-01T15:47:56.061523694Z,15030.585824,89853541,1189961728,1184415744
calibration-20260902-f,S1-100-r02,2026-09-01T15:47:56.071678655Z,15040.740785,89853740,1189961728,1184415744
calibration-20260902-f,S1-100-r02,2026-09-01T15:47:56.081848846Z,15050.910976,89853982,1189961728,1184415744
calibration-20260902-f,S1-100-r02,2026-09-01T15:47:56.092006609Z,15061.068740,89854181,1189961728,1184681984
calibration-20260902-f,S1-100-r02,2026-09-01T15:47:56.101118757Z,15070.180893,89854337,1189961728,1184681984
calibration-20260902-f,S1-100-r02,2026-09-01T15:47:56.111319447Z,15080.381578,89854484,1189961728,1184681984
calibration-20260902-f,S1-100-r02,2026-09-01T15:47:56.121547913Z,15090.610038,89855153,1150509056,1178386432
calibration-20260902-f,S1-100-r02,2026-09-01T15:47:56.131927366Z,15100.989496,89890664,1141972992,1136611328
calibration-20260902-f,S1-100-r02,2026-09-01T15:47:56.14209948Z,15111.161611,89944288,1141972992,1136607232
calibration-20260902-f,S1-100-r02,2026-09-01T15:47:56.15131659Z,15120.378720,89953409,1141972992,1136508928
calibration-20260902-f,S1-100-r02,2026-09-01T15:47:56.161450609Z,15130.512739,89953611,1142202368,1136508928
calibration-20260902-f,S1-100-r02,2026-09-01T15:47:56.17162565Z,15140.687780,89953793,1142202368,1136508928
calibration-20260902-f,S1-100-r02,2026-09-01T15:47:56.18179671Z,15150.858840,89954007,1142202368,1136508928
calibration-20260902-f,S1-100-r02,2026-09-01T15:47:56.191961469Z,15161.023600,89954193,1142202368,1136508928
calibration-20260902-f,S1-100-r02,2026-09-01T15:47:56.220508676Z,15189.570806,89954356,1142202368,1136508928
calibration-20260902-f,S1-100-r02,2026-09-01T15:47:56.22220535Z,15191.267501,89954513,1142202368,1136508928
calibration-20260902-f,S1-100-r02,2026-09-01T15:47:56.231392694Z,15200.454825,89989690,1142202368,1136508928
calibration-20260902-f,S1-100-r02,2026-09-01T15:47:56.241640727Z,15210.702857,90043605,1155047424,1149612032
calibration-20260902-f,S1-100-r02,2026-09-01T15:47:56.25187235Z,15220.934481,90052871,1167663104,1162194944
calibration-20260902-f,S1-100-r02,2026-09-01T15:47:56.262057709Z,15231.119839,90053027,1167663104,1162194944
calibration-20260902-f,S1-100-r02,2026-09-01T15:47:56.32050999Z,15289.572120,90053213,1167892480,1162457088
calibration-20260902-f,S1-100-r02,2026-09-01T15:47:56.321709958Z,15290.772088,90053527,1169956864,1164554240
calibration-20260902-f,S1-100-r02,2026-09-01T15:47:56.331857924Z,15300.920055,90088835,1188765696,1183686656
calibration-20260902-f,S1-100-r02,2026-09-01T15:47:56.342136361Z,15311.198492,90142536,1190600704,1185259520
calibration-20260902-f,S1-100-r02,2026-09-01T15:47:56.351381385Z,15320.443516,90151676,1190600704,1185259520
calibration-20260902-f,S1-100-r02,2026-09-01T15:47:56.361571437Z,15330.633567,90151857,1190600704,1185259520
calibration-20260902-f,S1-100-r02,2026-09-01T15:47:56.371764648Z,15340.826778,90152039,1190600704,1185259520
calibration-20260902-f,S1-100-r02,2026-09-01T15:47:56.381954192Z,15351.016317,90152333,1190600704,1185259520
calibration-20260902-f,S1-100-r02,2026-09-01T15:47:56.392095527Z,15361.157657,90152406,1190600704,1185259520
calibration-20260902-f,S1-100-r02,2026-09-01T15:47:56.401217168Z,15370.279299,90152477,1190830080,1185259520
calibration-20260902-f,S1-100-r02,2026-09-01T15:47:56.411341675Z,15380.403800,90152530,1190830080,1185259520
calibration-20260902-f,S1-100-r02,2026-09-01T15:47:56.421514939Z,15390.577069,90152659,1190830080,1185259520
calibration-20260902-f,S1-100-r02,2026-09-01T15:47:56.431691469Z,15400.753594,90187827,1190830080,1185259520
calibration-20260902-f,S1-100-r02,2026-09-01T15:47:56.441920035Z,15410.982166,90241439,1190830080,1185259520
calibration-20260902-f,S1-100-r02,2026-09-01T15:47:56.451111974Z,15420.174105,90254971,1190830080,1185259520
calibration-20260902-f,S1-100-r02,2026-09-01T15:47:56.46130532Z,15430.367451,90255209,1190830080,1185259520
calibration-20260902-f,S1-100-r02,2026-09-01T15:47:56.471456281Z,15440.518412,90255375,1190830080,1185259520
calibration-20260902-f,S1-100-r02,2026-09-01T15:47:56.481615605Z,15450.677736,90255625,1191059456,1185259520
calibration-20260902-f,S1-100-r02,2026-09-01T15:47:56.491762929Z,15460.825059,90255695,1191059456,1185259520
calibration-20260902-f,S1-100-r02,2026-09-01T15:47:56.501944287Z,15471.006421,90255801,1191059456,1185259520
calibration-20260902-f,S1-100-r02,2026-09-01T15:47:56.512095903Z,15481.158028,90255902,1191059456,1185112064
calibration-20260902-f,S1-100-r02,2026-09-01T15:47:56.52128756Z,15490.349691,90256017,1191059456,1185251328
calibration-20260902-f,S1-100-r02,2026-09-01T15:47:56.53197063Z,15501.032760,90295404,1143369728,1137938432
calibration-20260902-f,S1-100-r02,2026-09-01T15:47:56.541141607Z,15510.203737,90345439,1159884800,1154453504
calibration-20260902-f,S1-100-r02,2026-09-01T15:47:56.551365228Z,15520.427357,90354612,1165619200,1159860224
calibration-20260902-f,S1-100-r02,2026-09-01T15:47:56.561588332Z,15530.650463,90354833,1165619200,1159860224
calibration-20260902-f,S1-100-r02,2026-09-01T15:47:56.571739521Z,15540.801652,90355077,1165619200,1159860224
calibration-20260902-f,S1-100-r02,2026-09-01T15:47:56.581876319Z,15550.938450,90355350,1165619200,1159860224
calibration-20260902-f,S1-100-r02,2026-09-01T15:47:56.592103162Z,15561.165292,90355600,1165619200,1159860224
calibration-20260902-f,S1-100-r02,2026-09-01T15:47:56.601268132Z,15570.330257,90355853,1165619200,1159860224
calibration-20260902-f,S1-100-r02,2026-09-01T15:47:56.61142782Z,15580.489950,90355948,1165619200,1159860224
calibration-20260902-f,S1-100-r02,2026-09-01T15:47:56.621606296Z,15590.668421,90357534,1167454208,1161957376
calibration-20260902-f,S1-100-r02,2026-09-01T15:47:56.631799474Z,15600.861605,90391675,1186721792,1181093888
calibration-20260902-f,S1-100-r02,2026-09-01T15:47:56.642007997Z,15611.070122,90445482,1191309312,1185808384
calibration-20260902-f,S1-100-r02,2026-09-01T15:47:56.651255019Z,15620.317151,90454001,1191309312,1185808384
calibration-20260902-f,S1-100-r02,2026-09-01T15:47:56.661397246Z,15630.459376,90454194,1191309312,1185808384
calibration-20260902-f,S1-100-r02,2026-09-01T15:47:56.671629542Z,15640.691673,90454456,1191309312,1185808384
calibration-20260902-f,S1-100-r02,2026-09-01T15:47:56.681807369Z,15650.869499,90454661,1191309312,1185808384
calibration-20260902-f,S1-100-r02,2026-09-01T15:47:56.691959225Z,15661.021356,90454889,1191309312,1185808384
calibration-20260902-f,S1-100-r02,2026-09-01T15:47:56.701082736Z,15670.144867,90455041,1191309312,1185808384
calibration-20260902-f,S1-100-r02,2026-09-01T15:47:56.711236975Z,15680.299106,90455190,1191309312,1185808384
calibration-20260902-f,S1-100-r02,2026-09-01T15:47:56.721368277Z,15690.430402,90455454,1151827968,1167261696
calibration-20260902-f,S1-100-r02,2026-09-01T15:47:56.731659297Z,15700.721427,90491607,1143521280,1138237440
calibration-20260902-f,S1-100-r02,2026-09-01T15:47:56.741863622Z,15710.925752,90545299,1143521280,1138016256
calibration-20260902-f,S1-100-r02,2026-09-01T15:47:56.752048006Z,15721.110137,90554454,1143521280,1137922048
calibration-20260902-f,S1-100-r02,2026-09-01T15:47:56.761219627Z,15730.281758,90554585,1143521280,1137922048
calibration-20260902-f,S1-100-r02,2026-09-01T15:47:56.771348766Z,15740.410897,90554701,1143750656,1137922048
calibration-20260902-f,S1-100-r02,2026-09-01T15:47:56.781539018Z,15750.601149,90554816,1143750656,1137922048
calibration-20260902-f,S1-100-r02,2026-09-01T15:47:56.791656352Z,15760.718482,90554933,1143750656,1137922048
calibration-20260902-f,S1-100-r02,2026-09-01T15:47:56.801774495Z,15770.836626,90555052,1143750656,1137922048
calibration-20260902-f,S1-100-r02,2026-09-01T15:47:56.811958303Z,15781.020433,90555188,1143750656,1137922048
calibration-20260902-f,S1-100-r02,2026-09-01T15:47:56.821102417Z,15790.164547,90555342,1143750656,1137922048
calibration-20260902-f,S1-100-r02,2026-09-01T15:47:56.831296362Z,15800.358492,90590440,1143750656,1137922048
calibration-20260902-f,S1-100-r02,2026-09-01T15:47:56.841706708Z,15810.768839,90644146,1143750656,1137913856
calibration-20260902-f,S1-100-r02,2026-09-01T15:47:56.851846655Z,15820.908786,90653285,1143750656,1138171904
calibration-20260902-f,S1-100-r02,2026-09-01T15:47:56.862037241Z,15831.099366,90653538,1143750656,1138171904
calibration-20260902-f,S1-100-r02,2026-09-01T15:47:56.87120733Z,15840.269461,90653641,1143750656,1138171904
calibration-20260902-f,S1-100-r02,2026-09-01T15:47:56.881371551Z,15850.433682,90653759,1143750656,1138171904
calibration-20260902-f,S1-100-r02,2026-09-01T15:47:56.891553434Z,15860.615559,90653883,1143750656,1138171904
calibration-20260902-f,S1-100-r02,2026-09-01T15:47:56.9017224Z,15870.784531,90654005,1143750656,1138171904
calibration-20260902-f,S1-100-r02,2026-09-01T15:47:56.911916899Z,15880.979025,90654149,1143750656,1138171904
calibration-20260902-f,S1-100-r02,2026-09-01T15:47:56.922152683Z,15891.214813,90654325,1143750656,1138171904
calibration-20260902-f,S1-100-r02,2026-09-01T15:47:56.931439806Z,15900.501936,90689543,1143750656,1138171904
calibration-20260902-f,S1-100-r02,2026-09-01T15:47:56.941660366Z,15910.722496,90743590,1157513216,1152012288
calibration-20260902-f,S1-100-r02,2026-09-01T15:47:56.951918019Z,15920.980149,90752786,1162330112,1156730880
calibration-20260902-f,S1-100-r02,2026-09-01T15:47:56.962131511Z,15931.193644,90753060,1162330112,1156730880
calibration-20260902-f,S1-100-r02,2026-09-01T15:47:56.971345861Z,15940.407992,90753255,1162330112,1156730880
calibration-20260902-f,S1-100-r02,2026-09-01T15:47:56.981553391Z,15950.615521,90753457,1162330112,1156997120
calibration-20260902-f,S1-100-r02,2026-09-01T15:47:56.991721443Z,15960.783572,90753613,1162330112,1156997120
calibration-20260902-f,S1-100-r02,2026-09-01T15:47:57.002022496Z,15971.084653,90753881,1162330112,1156997120
calibration-20260902-f,S1-100-r02,2026-09-01T15:47:57.011287178Z,15980.349328,90754341,1162330112,1156997120
calibration-20260902-f,S1-100-r02,2026-09-01T15:47:57.021597248Z,15990.659379,90754781,1164394496,1159094272
calibration-20260902-f,S1-100-r02,2026-09-01T15:47:57.031811612Z,16000.873742,90789902,1179074560,1173774336
calibration-20260902-f,S1-100-r02,2026-09-01T15:47:57.041425606Z,16010.487731,90845092,1144250368,1138802688
calibration-20260902-f,S1-100-r02,2026-09-01T15:47:57.051648314Z,16020.710444,90854096,1144250368,1138802688
calibration-20260902-f,S1-100-r02,2026-09-01T15:47:57.061819962Z,16030.882092,90854294,1144250368,1138970624
calibration-20260902-f,S1-100-r02,2026-09-01T15:47:57.071941078Z,16041.003209,90854460,1144250368,1138970624
calibration-20260902-f,S1-100-r02,2026-09-01T15:47:57.082093175Z,16051.155306,90854637,1144250368,1138970624
calibration-20260902-f,S1-100-r02,2026-09-01T15:47:57.091287772Z,16060.349903,90854797,1144250368,1138970624
calibration-20260902-f,S1-100-r02,2026-09-01T15:47:57.101462906Z,16070.525036,90854950,1144250368,1138970624
calibration-20260902-f,S1-100-r02,2026-09-01T15:47:57.111597455Z,16080.659586,90855130,1144250368,1138970624
calibration-20260902-f,S1-100-r02,2026-09-01T15:47:57.12181979Z,16090.881920,90855308,1144250368,1138970624
calibration-20260902-f,S1-100-r02,2026-09-01T15:47:57.131116362Z,16100.178493,90890566,1150443520,1145249792
calibration-20260902-f,S1-100-r02,2026-09-01T15:47:57.141268815Z,16110.330946,90944559,1166041088,1160974336
calibration-20260902-f,S1-100-r02,2026-09-01T15:47:57.151486283Z,16120.548413,90958166,1171775488,1166479360
calibration-20260902-f,S1-100-r02,2026-09-01T15:47:57.161621957Z,16130.684087,90958346,1171775488,1166479360
calibration-20260902-f,S1-100-r02,2026-09-01T15:47:57.171768271Z,16140.830401,90958498,1171775488,1166479360
calibration-20260902-f,S1-100-r02,2026-09-01T15:47:57.181936904Z,16150.999029,90958759,1171775488,1166479360
calibration-20260902-f,S1-100-r02,2026-09-01T15:47:57.192071302Z,16161.133427,90958826,1171775488,1166479360
calibration-20260902-f,S1-100-r02,2026-09-01T15:47:57.201193053Z,16170.255184,90958889,1171775488,1166479360
calibration-20260902-f,S1-100-r02,2026-09-01T15:47:57.211323688Z,16180.385813,90958941,1172004864,1166479360
calibration-20260902-f,S1-100-r02,2026-09-01T15:47:57.221521319Z,16190.583449,90959177,1173610496,1168314368
calibration-20260902-f,S1-100-r02,2026-09-01T15:47:57.231778112Z,16200.840238,90994832,1189666816,1184305152
calibration-20260902-f,S1-100-r02,2026-09-01T15:47:57.242005669Z,16211.067802,91048664,1192878080,1187188736
calibration-20260902-f,S1-100-r02,2026-09-01T15:47:57.251228932Z,16220.291062,91053307,1192878080,1187188736
calibration-20260902-f,S1-100-r02,2026-09-01T15:47:57.261458272Z,16230.520402,91053524,1192878080,1187188736
calibration-20260902-f,S1-100-r02,2026-09-01T15:47:57.271626848Z,16240.688978,91053721,1192878080,1187188736
calibration-20260902-f,S1-100-r02,2026-09-01T15:47:57.281733208Z,16250.795339,91053876,1192878080,1187188736
calibration-20260902-f,S1-100-r02,2026-09-01T15:47:57.291888997Z,16260.951128,91054057,1192878080,1187188736
calibration-20260902-f,S1-100-r02,2026-09-01T15:47:57.30206768Z,16271.129805,91054349,1192878080,1187188736
calibration-20260902-f,S1-100-r02,2026-09-01T15:47:57.311228468Z,16280.290597,91054439,1192878080,1187188736
calibration-20260902-f,S1-100-r02,2026-09-01T15:47:57.321469912Z,16290.532043,91054521,1192878080,1187450880
calibration-20260902-f,S1-100-r02,2026-09-01T15:47:57.331618103Z,16300.680228,91091706,1144856576,1139453952
calibration-20260902-f,S1-100-r02,2026-09-01T15:47:57.342022749Z,16311.084880,91144087,1145085952,1139638272
calibration-20260902-f,S1-100-r02,2026-09-01T15:47:57.351223943Z,16320.286074,91153171,1145085952,1139638272
calibration-20260902-f,S1-100-r02,2026-09-01T15:47:57.361447738Z,16330.509868,91153355,1145085952,1139535872
calibration-20260902-f,S1-100-r02,2026-09-01T15:47:57.371618961Z,16340.681091,91153523,1145085952,1139535872
calibration-20260902-f,S1-100-r02,2026-09-01T15:47:57.38176767Z,16350.829801,91153669,1145085952,1139535872
calibration-20260902-f,S1-100-r02,2026-09-01T15:47:57.392038049Z,16361.100180,91153974,1145085952,1139535872
calibration-20260902-f,S1-100-r02,2026-09-01T15:47:57.40120428Z,16370.266410,91154129,1145085952,1139535872
calibration-20260902-f,S1-100-r02,2026-09-01T15:47:57.411382981Z,16380.445112,91154306,1145085952,1139535872
calibration-20260902-f,S1-100-r02,2026-09-01T15:47:57.421581347Z,16390.643501,91154555,1145085952,1139535872
calibration-20260902-f,S1-100-r02,2026-09-01T15:47:57.431981773Z,16401.043904,91189897,1145085952,1139535872
calibration-20260902-f,S1-100-r02,2026-09-01T15:47:57.441223958Z,16410.286089,91243746,1160912896,1155264512
calibration-20260902-f,S1-100-r02,2026-09-01T15:47:57.451538861Z,16420.600993,91257417,1166647296,1161031680
calibration-20260902-f,S1-100-r02,2026-09-01T15:47:57.461732724Z,16430.794854,91257621,1166647296,1161031680
calibration-20260902-f,S1-100-r02,2026-09-01T15:47:57.47190459Z,16440.966727,91257912,1166647296,1161031680
calibration-20260902-f,S1-100-r02,2026-09-01T15:47:57.520522966Z,16489.585098,91258137,1166647296,1161035776
calibration-20260902-f,S1-100-r02,2026-09-01T15:47:57.52170442Z,16490.766551,91258352,1168711680,1162870784
calibration-20260902-f,S1-100-r02,2026-09-01T15:47:57.531898714Z,16500.960844,91293680,1187749888,1182269440
calibration-20260902-f,S1-100-r02,2026-09-01T15:47:57.541087151Z,16510.149276,91347376,1193254912,1187512320
calibration-20260902-f,S1-100-r02,2026-09-01T15:47:57.55140415Z,16520.466282,91352172,1193254912,1187512320
calibration-20260902-f,S1-100-r02,2026-09-01T15:47:57.561613808Z,16530.675938,91352427,1193254912,1187512320
calibration-20260902-f,S1-100-r02,2026-09-01T15:47:57.571788777Z,16540.850907,91352636,1193254912,1187512320
calibration-20260902-f,S1-100-r02,2026-09-01T15:47:57.581989287Z,16551.051418,91352813,1193484288,1187672064
calibration-20260902-f,S1-100-r02,2026-09-01T15:47:57.591193545Z,16560.255680,91352977,1193484288,1187672064
calibration-20260902-f,S1-100-r02,2026-09-01T15:47:57.601434532Z,16570.496662,91353168,1193484288,1187672064
calibration-20260902-f,S1-100-r02,2026-09-01T15:47:57.611619887Z,16580.682018,91353335,1193484288,1187434496
calibration-20260902-f,S1-100-r02,2026-09-01T15:47:57.621771441Z,16590.833571,91353451,1193484288,1187696640
calibration-20260902-f,S1-100-r02,2026-09-01T15:47:57.632020049Z,16601.082179,91388625,1193484288,1187696640
calibration-20260902-f,S1-100-r02,2026-09-01T15:47:57.641252054Z,16610.314185,91442226,1193484288,1187696640
calibration-20260902-f,S1-100-r02,2026-09-01T15:47:57.651444709Z,16620.506839,91456129,1193484288,1187958784
calibration-20260902-f,S1-100-r02,2026-09-01T15:47:57.661649407Z,16630.711537,91456354,1193484288,1188220928
calibration-20260902-f,S1-100-r02,2026-09-01T15:47:57.671794879Z,16640.857009,91456552,1193484288,1188216832
calibration-20260902-f,S1-100-r02,2026-09-01T15:47:57.720513998Z,16689.576128,91456875,1193484288,1188478976
calibration-20260902-f,S1-100-r02,2026-09-01T15:47:57.721724777Z,16690.786907,91457095,1193484288,1188478976
calibration-20260902-f,S1-100-r02,2026-09-01T15:47:57.731928798Z,16700.990928,91492020,1193713664,1188225024
calibration-20260902-f,S1-100-r02,2026-09-01T15:47:57.742106249Z,16711.168380,91545851,1207017472,1201856512
calibration-20260902-f,S1-100-r02,2026-09-01T15:47:57.751313695Z,16720.375826,91554955,1209999360,1204740096
calibration-20260902-f,S1-100-r02,2026-09-01T15:47:57.761481999Z,16730.544128,91555067,1209999360,1204740096
calibration-20260902-f,S1-100-r02,2026-09-01T15:47:57.771631954Z,16740.694084,91555211,1209999360,1204740096
calibration-20260902-f,S1-100-r02,2026-09-01T15:47:57.781794544Z,16750.856674,91555354,1209999360,1204740096
calibration-20260902-f,S1-100-r02,2026-09-01T15:47:57.791974702Z,16761.036832,91555504,1209999360,1204740096
calibration-20260902-f,S1-100-r02,2026-09-01T15:47:57.802142786Z,16771.204917,91555646,1209999360,1204740096
calibration-20260902-f,S1-100-r02,2026-09-01T15:47:57.811370304Z,16780.432435,91555836,1209999360,1204740096
calibration-20260902-f,S1-100-r02,2026-09-01T15:47:57.822087015Z,16791.149145,91557895,1212522496,1207099392
calibration-20260902-f,S1-100-r02,2026-09-01T15:47:57.831264901Z,16800.327026,91589132,1179975680,1174503424
calibration-20260902-f,S1-100-r02,2026-09-01T15:47:57.84153994Z,16810.602070,91643388,1193738240,1188564992
calibration-20260902-f,S1-100-r02,2026-09-01T15:47:57.851784491Z,16820.846621,91653867,1193738240,1188564992
calibration-20260902-f,S1-100-r02,2026-09-01T15:47:57.861960607Z,16831.022737,91654089,1193738240,1188564992
calibration-20260902-f,S1-100-r02,2026-09-01T15:47:57.872118147Z,16841.180277,91654329,1193967616,1188454400
calibration-20260902-f,S1-100-r02,2026-09-01T15:47:57.881242196Z,16850.304325,91654471,1193967616,1188454400
calibration-20260902-f,S1-100-r02,2026-09-01T15:47:57.891376703Z,16860.438833,91654588,1193967616,1188454400
calibration-20260902-f,S1-100-r02,2026-09-01T15:47:57.901515331Z,16870.577461,91654710,1193967616,1188229120
calibration-20260902-f,S1-100-r02,2026-09-01T15:47:57.911667264Z,16880.729394,91654835,1193967616,1188491264
calibration-20260902-f,S1-100-r02,2026-09-01T15:47:57.921827633Z,16890.889759,91655190,1146048512,1140805632
calibration-20260902-f,S1-100-r02,2026-09-01T15:47:57.932041001Z,16901.103131,91691129,1146048512,1140998144
calibration-20260902-f,S1-100-r02,2026-09-01T15:47:57.941311295Z,16910.373426,91744747,1146048512,1140903936
calibration-20260902-f,S1-100-r02,2026-09-01T15:47:57.951524843Z,16920.586974,91753865,1146048512,1141166080
calibration-20260902-f,S1-100-r02,2026-09-01T15:47:57.961689087Z,16930.751212,91754167,1146048512,1141166080
calibration-20260902-f,S1-100-r02,2026-09-01T15:47:57.971866447Z,16940.928572,91754273,1146048512,1141166080
calibration-20260902-f,S1-100-r02,2026-09-01T15:47:57.982039839Z,16951.101964,91754373,1146048512,1141166080
calibration-20260902-f,S1-100-r02,2026-09-01T15:47:57.991202689Z,16960.264820,91754455,1146048512,1141166080
calibration-20260902-f,S1-100-r02,2026-09-01T15:47:58.001347131Z,16970.409266,91754543,1146048512,1141166080
calibration-20260902-f,S1-100-r02,2026-09-01T15:47:58.020520117Z,16989.582248,91754631,1146048512,1141166080
calibration-20260902-f,S1-100-r02,2026-09-01T15:47:58.02172151Z,16990.783641,91754813,1146048512,1141424128
calibration-20260902-f,S1-100-r02,2026-09-01T15:47:58.03189815Z,17000.960281,91789841,1146048512,1141424128
calibration-20260902-f,S1-100-r02,2026-09-01T15:47:58.041129565Z,17010.191695,91843380,1146048512,1141424128
calibration-20260902-f,S1-100-r02,2026-09-01T15:47:58.05131429Z,17020.376420,91852516,1146048512,1141424128
calibration-20260902-f,S1-100-r02,2026-09-01T15:47:58.061453863Z,17030.515993,91852678,1146277888,1141424128
calibration-20260902-f,S1-100-r02,2026-09-01T15:47:58.071635133Z,17040.697259,91852813,1146277888,1141424128
calibration-20260902-f,S1-100-r02,2026-09-01T15:47:58.081783165Z,17050.845291,91852916,1146277888,1141424128
calibration-20260902-f,S1-100-r02,2026-09-01T15:47:58.091953593Z,17061.015724,91853027,1146277888,1141424128
calibration-20260902-f,S1-100-r02,2026-09-01T15:47:58.101083071Z,17070.145196,91853112,1146277888,1141424128
calibration-20260902-f,S1-100-r02,2026-09-01T15:47:58.111234173Z,17080.296298,91853200,1146277888,1141424128
calibration-20260902-f,S1-100-r02,2026-09-01T15:47:58.12138746Z,17090.449590,91853289,1146277888,1141424128
calibration-20260902-f,S1-100-r02,2026-09-01T15:47:58.131592239Z,17100.654368,91888345,1146277888,1141424128
calibration-20260902-f,S1-100-r02,2026-09-01T15:47:58.1417806Z,17110.842730,91942130,1146507264,1141686272
calibration-20260902-f,S1-100-r02,2026-09-01T15:47:58.1520176Z,17121.079730,91955769,1146507264,1141596160
calibration-20260902-f,S1-100-r02,2026-09-01T15:47:58.161223368Z,17130.285498,91955958,1146736640,1141596160
calibration-20260902-f,S1-100-r02,2026-09-01T15:47:58.171371086Z,17140.433216,91956136,1146736640,1141596160
calibration-20260902-f,S1-100-r02,2026-09-01T15:47:58.181482341Z,17150.544472,91956279,1146736640,1141596160
calibration-20260902-f,S1-100-r02,2026-09-01T15:47:58.191721606Z,17160.783736,91956532,1146736640,1141596160
calibration-20260902-f,S1-100-r02,2026-09-01T15:47:58.20184843Z,17170.910561,91956736,1146736640,1141428224
calibration-20260902-f,S1-100-r02,2026-09-01T15:47:58.212038419Z,17181.100549,91956906,1146736640,1141428224
calibration-20260902-f,S1-100-r02,2026-09-01T15:47:58.221097628Z,17190.159759,91957012,1146736640,1141428224
calibration-20260902-f,S1-100-r02,2026-09-01T15:47:58.231356824Z,17200.418954,91992046,1146736640,1141428224
calibration-20260902-f,S1-100-r02,2026-09-01T15:47:58.241086577Z,17210.148707,92046347,1111007232,1106210816
calibration-20260902-f,S1-100-r02,2026-09-01T15:47:58.251475611Z,17220.537743,92051550,1116971008,1111617536
calibration-20260902-f,S1-100-r02,2026-09-01T15:47:58.261681043Z,17230.743173,92051763,1116971008,1111879680
calibration-20260902-f,S1-100-r02,2026-09-01T15:47:58.271821517Z,17240.883648,92051929,1116971008,1111879680
calibration-20260902-f,S1-100-r02,2026-09-01T15:47:58.281976423Z,17251.038554,92052099,1116971008,1111781376
calibration-20260902-f,S1-100-r02,2026-09-01T15:47:58.291199426Z,17260.261556,92052290,1116971008,1111781376
calibration-20260902-f,S1-100-r02,2026-09-01T15:47:58.301316805Z,17270.378936,92052455,1116971008,1111781376
calibration-20260902-f,S1-100-r02,2026-09-01T15:47:58.31148778Z,17280.549910,92052676,1116971008,1111781376
calibration-20260902-f,S1-100-r02,2026-09-01T15:47:58.321682171Z,17290.744301,92052936,1118806016,1113878528
calibration-20260902-f,S1-100-r02,2026-09-01T15:47:58.331874745Z,17300.936876,92091232,1141743616,1136930816
calibration-20260902-f,S1-100-r02,2026-09-01T15:47:58.420504493Z,17389.566624,92156040,1168809984,1163665408
calibration-20260902-f,S1-100-r02,2026-09-01T15:47:58.421706146Z,17390.768276,92156330,1170874368,1165762560
calibration-20260902-f,S1-100-r02,2026-09-01T15:47:58.43189863Z,17400.960760,92191633,1189912576,1184899072
calibration-20260902-f,S1-100-r02,2026-09-01T15:47:58.442113582Z,17411.175713,92245578,1195417600,1190404096
calibration-20260902-f,S1-100-r02,2026-09-01T15:47:58.451345206Z,17420.407336,92254704,1195417600,1190404096
calibration-20260902-f,S1-100-r02,2026-09-01T15:47:58.46155155Z,17430.613681,92254899,1195417600,1189814272
calibration-20260902-f,S1-100-r02,2026-09-01T15:47:58.471722017Z,17440.784148,92255099,1195417600,1189814272
calibration-20260902-f,S1-100-r02,2026-09-01T15:47:58.481903939Z,17450.966070,92255322,1195417600,1190072320
calibration-20260902-f,S1-100-r02,2026-09-01T15:47:58.492086846Z,17461.148977,92255513,1195417600,1190072320
calibration-20260902-f,S1-100-r02,2026-09-01T15:47:58.501208933Z,17470.271063,92255667,1195417600,1190072320
calibration-20260902-f,S1-100-r02,2026-09-01T15:47:58.511340033Z,17480.402164,92255793,1195646976,1190072320
calibration-20260902-f,S1-100-r02,2026-09-01T15:47:58.521487137Z,17490.549268,92255941,1195646976,1190072320
calibration-20260902-f,S1-100-r02,2026-09-01T15:47:58.531649745Z,17500.711875,92294687,1195646976,1190334464
calibration-20260902-f,S1-100-r02,2026-09-01T15:47:58.541532981Z,17510.595112,92345670,1147752448,1142267904
calibration-20260902-f,S1-100-r02,2026-09-01T15:47:58.551781741Z,17520.843871,92354832,1147752448,1142525952
calibration-20260902-f,S1-100-r02,2026-09-01T15:47:58.562013701Z,17531.075832,92355051,1147752448,1142427648
calibration-20260902-f,S1-100-r02,2026-09-01T15:47:58.62051425Z,17589.576381,92355330,1147752448,1142427648
calibration-20260902-f,S1-100-r02,2026-09-01T15:47:58.621647673Z,17590.709804,92355607,1147752448,1142427648
calibration-20260902-f,S1-100-r02,2026-09-01T15:47:58.631804617Z,17600.866748,92390756,1147752448,1142427648
calibration-20260902-f,S1-100-r02,2026-09-01T15:47:58.642072669Z,17611.134799,92446387,1147752448,1142427648
calibration-20260902-f,S1-100-r02,2026-09-01T15:47:58.651353041Z,17620.415171,92449150,1150734336,1145573376
calibration-20260902-f,S1-100-r02,2026-09-01T15:47:58.661580737Z,17630.642868,92449365,1150734336,1145573376
calibration-20260902-f,S1-100-r02,2026-09-01T15:47:58.671742972Z,17640.805103,92449594,1150734336,1145573376
calibration-20260902-f,S1-100-r02,2026-09-01T15:47:58.68186278Z,17650.924910,92449776,1150734336,1145573376
calibration-20260902-f,S1-100-r02,2026-09-01T15:47:58.692105718Z,17661.167848,92450006,1150734336,1145573376
calibration-20260902-f,S1-100-r02,2026-09-01T15:47:58.701305971Z,17670.368101,92450243,1150734336,1145573376
calibration-20260902-f,S1-100-r02,2026-09-01T15:47:58.711478512Z,17680.540643,92450444,1150734336,1145573376
calibration-20260902-f,S1-100-r02,2026-09-01T15:47:58.721661152Z,17690.723282,92450713,1152798720,1147408384
calibration-20260902-f,S1-100-r02,2026-09-01T15:47:58.731821967Z,17700.884098,92486028,1170001920,1164709888
calibration-20260902-f,S1-100-r02,2026-09-01T15:47:58.742112412Z,17711.174543,92540069,1186058240,1181224960
calibration-20260902-f,S1-100-r02,2026-09-01T15:47:58.82052717Z,17789.589301,92553998,1195233280,1190395904
calibration-20260902-f,S1-100-r02,2026-09-01T15:47:58.822002619Z,17791.064752,92554994,1195921408,1191182336
calibration-20260902-f,S1-100-r02,2026-09-01T15:47:58.831865082Z,17800.927212,92589373,1195921408,1191182336
calibration-20260902-f,S1-100-r02,2026-09-01T15:47:58.8420764Z,17811.138531,92643045,1195921408,1191182336
calibration-20260902-f,S1-100-r02,2026-09-01T15:47:58.851360628Z,17820.422758,92652137,1195921408,1191182336
calibration-20260902-f,S1-100-r02,2026-09-01T15:47:58.861550428Z,17830.612558,92652306,1195921408,1191182336
calibration-20260902-f,S1-100-r02,2026-09-01T15:47:58.920545756Z,17889.607887,92652425,1195921408,1191182336
calibration-20260902-f,S1-100-r02,2026-09-01T15:47:58.921708947Z,17890.771077,92652685,1196150784,1191182336
calibration-20260902-f,S1-100-r02,2026-09-01T15:47:58.931889109Z,17900.951240,92687868,1196150784,1191182336
calibration-20260902-f,S1-100-r02,2026-09-01T15:47:58.942114233Z,17911.176363,92741883,1207848960,1202716672
calibration-20260902-f,S1-100-r02,2026-09-01T15:47:58.951386969Z,17920.449099,92751115,1210372096,1205338112
calibration-20260902-f,S1-100-r02,2026-09-01T15:47:58.961597264Z,17930.659395,92751346,1210601472,1205338112
calibration-20260902-f,S1-100-r02,2026-09-01T15:47:58.971786368Z,17940.848498,92751541,1210601472,1205338112
calibration-20260902-f,S1-100-r02,2026-09-01T15:47:58.981897253Z,17950.959384,92751704,1210601472,1205338112
calibration-20260902-f,S1-100-r02,2026-09-01T15:47:58.992070313Z,17961.132444,92751869,1210601472,1205338112
calibration-20260902-f,S1-100-r02,2026-09-01T15:47:59.001189724Z,17970.251861,92752002,1210601472,1205338112
calibration-20260902-f,S1-100-r02,2026-09-01T15:47:59.011357924Z,17980.420054,92752171,1210601472,1205338112
calibration-20260902-f,S1-100-r02,2026-09-01T15:47:59.021525615Z,17990.587746,92753814,1212207104,1206910976
calibration-20260902-f,S1-100-r02,2026-09-01T15:47:59.031767007Z,18000.829138,92788133,1226199040,1221324800
calibration-20260902-f,S1-100-r02,2026-09-01T15:47:59.041997809Z,18011.059940,92842333,1238355968,1233645568
calibration-20260902-f,S1-100-r02,2026-09-01T15:47:59.051192414Z,18020.254539,92851494,1198780416,1231527936
calibration-20260902-f,S1-100-r02,2026-09-01T15:47:59.120514993Z,18089.577124,92851658,1199009792,1218994176
calibration-20260902-f,S1-100-r02,2026-09-01T15:47:59.121334875Z,18090.397000,92851918,1191849984,1186701312
calibration-20260902-f,S1-100-r02,2026-09-01T15:47:59.13212043Z,18101.182556,92891772,1190998016,1224093696
calibration-20260902-f,S1-100-r02,2026-09-01T15:47:59.141633216Z,18110.695347,92942461,1196224512,1191755776
calibration-20260902-f,S1-100-r02,2026-09-01T15:47:59.151761728Z,18120.823858,92951620,1196453888,1191661568
calibration-20260902-f,S1-100-r02,2026-09-01T15:47:59.161977055Z,18131.039186,92951835,1196453888,1191567360
calibration-20260902-f,S1-100-r02,2026-09-01T15:47:59.17111731Z,18140.179440,92952033,1196453888,1191825408
calibration-20260902-f,S1-100-r02,2026-09-01T15:47:59.181245434Z,18150.307566,92952178,1196453888,1191825408
calibration-20260902-f,S1-100-r02,2026-09-01T15:47:59.191404657Z,18160.466788,92952340,1196453888,1191825408
calibration-20260902-f,S1-100-r02,2026-09-01T15:47:59.201564037Z,18170.626168,92952497,1196453888,1191825408
calibration-20260902-f,S1-100-r02,2026-09-01T15:47:59.211763567Z,18180.825698,92952762,1196453888,1191825408
calibration-20260902-f,S1-100-r02,2026-09-01T15:47:59.221980101Z,18191.042231,92953021,1196453888,1191825408
calibration-20260902-f,S1-100-r02,2026-09-01T15:47:59.231181388Z,18200.243518,92988187,1196453888,1191825408
calibration-20260902-f,S1-100-r02,2026-09-01T15:47:59.241460532Z,18210.522662,93041778,1196453888,1191825408
calibration-20260902-f,S1-100-r02,2026-09-01T15:47:59.251773017Z,18220.835146,93055456,1196453888,1191825408
calibration-20260902-f,S1-100-r02,2026-09-01T15:47:59.261946941Z,18231.009071,93055628,1196453888,1191563264
calibration-20260902-f,S1-100-r02,2026-09-01T15:47:59.271089112Z,18240.151242,93055769,1196453888,1191661568
calibration-20260902-f,S1-100-r02,2026-09-01T15:47:59.281210119Z,18250.272249,93055875,1196453888,1191923712
calibration-20260902-f,S1-100-r02,2026-09-01T15:47:59.320525712Z,18289.587842,93056007,1196683264,1192185856
calibration-20260902-f,S1-100-r02,2026-09-01T15:47:59.321695889Z,18290.758019,93056257,1196683264,1192185856
calibration-20260902-f,S1-100-r02,2026-09-01T15:47:59.331905104Z,18300.967236,93091378,1196683264,1192185856
calibration-20260902-f,S1-100-r02,2026-09-01T15:47:59.341135088Z,18310.197219,93145950,1196683264,1192185856
calibration-20260902-f,S1-100-r02,2026-09-01T15:47:59.351403597Z,18320.465725,93154383,1196683264,1192185856
calibration-20260902-f,S1-100-r02,2026-09-01T15:47:59.361588294Z,18330.650424,93154539,1196683264,1192185856
calibration-20260902-f,S1-100-r02,2026-09-01T15:47:59.371804181Z,18340.866312,93154727,1196912640,1192185856
calibration-20260902-f,S1-100-r02,2026-09-01T15:47:59.382026355Z,18351.088486,93154966,1196912640,1192185856
calibration-20260902-f,S1-100-r02,2026-09-01T15:47:59.420500859Z,18389.562990,93155385,1196912640,1192185856
calibration-20260902-f,S1-100-r02,2026-09-01T15:47:59.421638603Z,18390.700735,93155577,1196912640,1192185856
calibration-20260902-f,S1-100-r02,2026-09-01T15:47:59.43181961Z,18400.881740,93190604,1196912640,1192185856
calibration-20260902-f,S1-100-r02,2026-09-01T15:47:59.44176247Z,18410.824595,93244879,1148952576,1143857152
calibration-20260902-f,S1-100-r02,2026-09-01T15:47:59.451932032Z,18420.994163,93249494,1148952576,1144127488
calibration-20260902-f,S1-100-r02,2026-09-01T15:47:59.462089417Z,18431.151548,93249685,1148952576,1144127488
calibration-20260902-f,S1-100-r02,2026-09-01T15:47:59.471209665Z,18440.271795,93249803,1148952576,1143767040
calibration-20260902-f,S1-100-r02,2026-09-01T15:47:59.481379528Z,18450.441658,93249996,1148952576,1144029184
calibration-20260902-f,S1-100-r02,2026-09-01T15:47:59.491552628Z,18460.614758,93250183,1148952576,1144295424
calibration-20260902-f,S1-100-r02,2026-09-01T15:47:59.501718494Z,18470.780633,93250362,1148952576,1144295424
calibration-20260902-f,S1-100-r02,2026-09-01T15:47:59.511937487Z,18480.999621,93250546,1148952576,1144295424
calibration-20260902-f,S1-100-r02,2026-09-01T15:47:59.522308429Z,18491.370561,93251010,1148952576,1144295424
calibration-20260902-f,S1-100-r02,2026-09-01T15:47:59.531641773Z,18500.703904,93286038,1148952576,1144295424
calibration-20260902-f,S1-100-r02,2026-09-01T15:47:59.541810692Z,18510.872822,93340169,1148952576,1144295424
calibration-20260902-f,S1-100-r02,2026-09-01T15:47:59.552045152Z,18521.107283,93353769,1148952576,1144336384
calibration-20260902-f,S1-100-r02,2026-09-01T15:47:59.561217055Z,18530.279186,93353924,1148952576,1144336384
calibration-20260902-f,S1-100-r02,2026-09-01T15:47:59.571376702Z,18540.438827,93354019,1148952576,1144336384
calibration-20260902-f,S1-100-r02,2026-09-01T15:47:59.581515972Z,18550.578097,93354087,1148952576,1144336384
calibration-20260902-f,S1-100-r02,2026-09-01T15:47:59.591652034Z,18560.714166,93354159,1148952576,1144336384
calibration-20260902-f,S1-100-r02,2026-09-01T15:47:59.601762382Z,18570.824507,93354220,1148952576,1144336384
calibration-20260902-f,S1-100-r02,2026-09-01T15:47:59.611947497Z,18581.009622,93354355,1148952576,1144086528
calibration-20260902-f,S1-100-r02,2026-09-01T15:47:59.622158739Z,18591.220892,93354568,1148952576,1144086528
calibration-20260902-f,S1-100-r02,2026-09-01T15:47:59.631754961Z,18600.817092,93390330,1157210112,1152434176
calibration-20260902-f,S1-100-r02,2026-09-01T15:47:59.641957132Z,18611.019262,93444146,1174872064,1170526208
calibration-20260902-f,S1-100-r02,2026-09-01T15:47:59.65123305Z,18620.295180,93453293,1178771456,1174315008
calibration-20260902-f,S1-100-r02,2026-09-01T15:47:59.661433211Z,18630.495341,93453627,1178771456,1174315008
calibration-20260902-f,S1-100-r02,2026-09-01T15:47:59.671591612Z,18640.653744,93453725,1178771456,1174315008
calibration-20260902-f,S1-100-r02,2026-09-01T15:47:59.681745095Z,18650.807226,93453823,1178771456,1174315008
calibration-20260902-f,S1-100-r02,2026-09-01T15:47:59.691926319Z,18660.988450,93453946,1179000832,1174315008
calibration-20260902-f,S1-100-r02,2026-09-01T15:47:59.702086882Z,18671.149013,93454027,1179000832,1174315008
calibration-20260902-f,S1-100-r02,2026-09-01T15:47:59.711240663Z,18680.302794,93454116,1179000832,1174315008
calibration-20260902-f,S1-100-r02,2026-09-01T15:47:59.721487926Z,18690.550056,93454324,1180606464,1176150016
calibration-20260902-f,S1-100-r02,2026-09-01T15:47:59.731702951Z,18700.765082,93493630,1197350912,1192927232
calibration-20260902-f,S1-100-r02,2026-09-01T15:47:59.741855072Z,18710.917198,93543876,1197809664,1192955904
calibration-20260902-f,S1-100-r02,2026-09-01T15:47:59.7520433Z,18721.105429,93552985,1197809664,1192964096
calibration-20260902-f,S1-100-r02,2026-09-01T15:47:59.761232845Z,18730.294975,93553159,1197809664,1192980480
calibration-20260902-f,S1-100-r02,2026-09-01T15:47:59.771373929Z,18740.436059,93553367,1197809664,1193242624
calibration-20260902-f,S1-100-r02,2026-09-01T15:47:59.781543261Z,18750.605392,93553527,1197809664,1193259008
calibration-20260902-f,S1-100-r02,2026-09-01T15:47:59.791668145Z,18760.730275,93553747,1197809664,1193259008
calibration-20260902-f,S1-100-r02,2026-09-01T15:47:59.801822121Z,18770.884251,93553914,1197809664,1193259008
calibration-20260902-f,S1-100-r02,2026-09-01T15:47:59.812023858Z,18781.085988,93554101,1197809664,1193259008
calibration-20260902-f,S1-100-r02,2026-09-01T15:47:59.821215445Z,18790.277576,93554269,1197809664,1193259008
calibration-20260902-f,S1-100-r02,2026-09-01T15:47:59.831327643Z,18800.389773,93589305,1198039040,1193259008
calibration-20260902-f,S1-100-r02,2026-09-01T15:47:59.841260245Z,18810.322372,93643512,1149857792,1145188352
calibration-20260902-f,S1-100-r02,2026-09-01T15:47:59.851571811Z,18820.633941,93653007,1150087168,1144967168
calibration-20260902-f,S1-100-r02,2026-09-01T15:47:59.86179547Z,18830.857601,93653218,1150087168,1144864768
calibration-20260902-f,S1-100-r02,2026-09-01T15:47:59.871984661Z,18841.046792,93653399,1150087168,1144864768
calibration-20260902-f,S1-100-r02,2026-09-01T15:47:59.881165Z,18850.227130,93653558,1150087168,1144864768
calibration-20260902-f,S1-100-r02,2026-09-01T15:47:59.891316504Z,18860.378636,93653690,1150087168,1144864768
calibration-20260902-f,S1-100-r02,2026-09-01T15:47:59.901510565Z,18870.572696,93653817,1150087168,1144864768
calibration-20260902-f,S1-100-r02,2026-09-01T15:47:59.911637649Z,18880.699780,93653938,1150087168,1144864768
calibration-20260902-f,S1-100-r02,2026-09-01T15:47:59.921808927Z,18890.871057,93654081,1150087168,1144864768
calibration-20260902-f,S1-100-r02,2026-09-01T15:47:59.931991284Z,18901.053414,93689446,1161555968,1156390912
calibration-20260902-f,S1-100-r02,2026-09-01T15:47:59.941102562Z,18910.164692,93743373,1178529792,1173430272
calibration-20260902-f,S1-100-r02,2026-09-01T15:47:59.951355857Z,18920.417987,93752586,1184493568,1179197440
calibration-20260902-f,S1-100-r02,2026-09-01T15:47:59.961552792Z,18930.614923,93752759,1184493568,1179197440
calibration-20260902-f,S1-100-r02,2026-09-01T15:47:59.971740848Z,18940.802979,93752955,1184493568,1179197440
calibration-20260902-f,S1-100-r02,2026-09-01T15:47:59.981937891Z,18951.000021,93753179,1184493568,1179197440
calibration-20260902-f,S1-100-r02,2026-09-01T15:47:59.991083242Z,18960.145372,93753317,1184493568,1179197440
calibration-20260902-f,S1-100-r02,2026-09-01T15:48:00.001220043Z,18970.282181,93753457,1184493568,1179197440
calibration-20260902-f,S1-100-r02,2026-09-01T15:48:00.011412868Z,18980.475007,93753634,1184493568,1179197440
calibration-20260902-f,S1-100-r02,2026-09-01T15:48:00.021577899Z,18990.640030,93753804,1186557952,1181294592
calibration-20260902-f,S1-100-r02,2026-09-01T15:48:00.031775753Z,19000.837879,93789233,1198485504,1193091072
calibration-20260902-f,S1-100-r02,2026-09-01T15:48:00.042031954Z,19011.094135,93842904,1198485504,1193091072
calibration-20260902-f,S1-100-r02,2026-09-01T15:48:00.051327669Z,19020.389800,93856669,1198485504,1193091072
calibration-20260902-f,S1-100-r02,2026-09-01T15:48:00.120503201Z,19089.565332,93857053,1198485504,1193086976
calibration-20260902-f,S1-100-r02,2026-09-01T15:48:00.121704735Z,19090.766865,93857280,1198485504,1193086976
calibration-20260902-f,S1-100-r02,2026-09-01T15:48:00.131850893Z,19100.913024,93892338,1198485504,1193086976
calibration-20260902-f,S1-100-r02,2026-09-01T15:48:00.142064498Z,19111.126628,93946097,1199173632,1193873408
calibration-20260902-f,S1-100-r02,2026-09-01T15:48:00.151310393Z,19120.372523,93950773,1199173632,1193873408
calibration-20260902-f,S1-100-r02,2026-09-01T15:48:00.161469386Z,19130.531516,93950984,1199173632,1193873408
calibration-20260902-f,S1-100-r02,2026-09-01T15:48:00.171631368Z,19140.693499,93951191,1199173632,1193873408
calibration-20260902-f,S1-100-r02,2026-09-01T15:48:00.181800508Z,19150.862638,93951375,1199173632,1193873408
calibration-20260902-f,S1-100-r02,2026-09-01T15:48:00.191943644Z,19161.005775,93951609,1199173632,1193873408
calibration-20260902-f,S1-100-r02,2026-09-01T15:48:00.220506169Z,19189.568301,93951867,1199173632,1193873408
calibration-20260902-f,S1-100-r02,2026-09-01T15:48:00.221710455Z,19190.772610,93952049,1199173632,1193873408
calibration-20260902-f,S1-100-r02,2026-09-01T15:48:00.231855807Z,19200.917938,93987064,1199173632,1193873408
calibration-20260902-f,S1-100-r02,2026-09-01T15:48:00.241498898Z,19210.561023,94041353,1199403008,1194065920
calibration-20260902-f,S1-100-r02,2026-09-01T15:48:00.25170664Z,19220.768770,94050428,1199403008,1194065920
calibration-20260902-f,S1-100-r02,2026-09-01T15:48:00.26187259Z,19230.934722,94050625,1199403008,1194065920
calibration-20260902-f,S1-100-r02,2026-09-01T15:48:00.272084317Z,19241.146448,94050830,1199403008,1194065920
calibration-20260902-f,S1-100-r02,2026-09-01T15:48:00.281266459Z,19250.328590,94051000,1199403008,1194065920
calibration-20260902-f,S1-100-r02,2026-09-01T15:48:00.291455608Z,19260.517739,94051215,1199632384,1194065920
calibration-20260902-f,S1-100-r02,2026-09-01T15:48:00.301618309Z,19270.680439,94051416,1199861760,1194328064
calibration-20260902-f,S1-100-r02,2026-09-01T15:48:00.311784461Z,19280.846591,94051667,1199861760,1194328064
calibration-20260902-f,S1-100-r02,2026-09-01T15:48:00.322108925Z,19291.171058,94051823,1199861760,1194328064
calibration-20260902-f,S1-100-r02,2026-09-01T15:48:00.331296262Z,19300.358386,94087554,1211559936,1205657600
calibration-20260902-f,S1-100-r02,2026-09-01T15:48:00.341577192Z,19310.639323,94141484,1230598144,1224794112
calibration-20260902-f,S1-100-r02,2026-09-01T15:48:00.351820273Z,19320.882405,94155096,1234268160,1228464128
calibration-20260902-f,S1-100-r02,2026-09-01T15:48:00.420542777Z,19389.604908,94155643,1234268160,1228726272
calibration-20260902-f,S1-100-r02,2026-09-01T15:48:00.421743428Z,19390.805558,94155952,1236332544,1230561280
calibration-20260902-f,S1-100-r02,2026-09-01T15:48:00.446678786Z,19415.740916,94254222,1200164864,1194557440
calibration-20260902-f,S1-100-r02,2026-09-01T15:48:00.451838808Z,19420.900938,94254518,1200164864,1194819584
calibration-20260902-f,S1-100-r02,2026-09-01T15:48:00.462018002Z,19431.080133,94254766,1200164864,1194725376
calibration-20260902-f,S1-100-r02,2026-09-01T15:48:00.471106663Z,19440.168794,94254939,1200164864,1194987520
calibration-20260902-f,S1-100-r02,2026-09-01T15:48:00.48123739Z,19450.299522,94255109,1200164864,1194987520
calibration-20260902-f,S1-100-r02,2026-09-01T15:48:00.491400495Z,19460.462625,94255322,1200164864,1194987520
calibration-20260902-f,S1-100-r02,2026-09-01T15:48:00.501608294Z,19470.670432,94255497,1200164864,1194987520
calibration-20260902-f,S1-100-r02,2026-09-01T15:48:00.511878912Z,19480.941042,94255794,1200164864,1194987520
calibration-20260902-f,S1-100-r02,2026-09-01T15:48:00.521121943Z,19490.184073,94255939,1200164864,1194987520
calibration-20260902-f,S1-100-r02,2026-09-01T15:48:00.531371283Z,19500.433413,94291094,1200164864,1194987520
calibration-20260902-f,S1-100-r02,2026-09-01T15:48:00.541639235Z,19510.701367,94344688,1200164864,1194987520
calibration-20260902-f,S1-100-r02,2026-09-01T15:48:00.551887448Z,19520.949579,94353827,1200164864,1194987520
calibration-20260902-f,S1-100-r02,2026-09-01T15:48:00.620521776Z,19589.583907,94354303,1200394240,1194987520
calibration-20260902-f,S1-100-r02,2026-09-01T15:48:00.621842833Z,19590.904963,94354536,1200394240,1194987520
calibration-20260902-f,S1-100-r02,2026-09-01T15:48:00.631137667Z,19600.199798,94389543,1200394240,1194987520
calibration-20260902-f,S1-100-r02,2026-09-01T15:48:00.641370716Z,19610.432847,94443127,1200394240,1194987520
calibration-20260902-f,S1-100-r02,2026-09-01T15:48:00.651599373Z,19620.661503,94456751,1205899264,1201016832
calibration-20260902-f,S1-100-r02,2026-09-01T15:48:00.661779747Z,19630.841878,94456978,1205899264,1201016832
calibration-20260902-f,S1-100-r02,2026-09-01T15:48:00.671955857Z,19641.017988,94457169,1205899264,1201016832
calibration-20260902-f,S1-100-r02,2026-09-01T15:48:00.682106239Z,19651.168369,94457336,1205899264,1201016832
calibration-20260902-f,S1-100-r02,2026-09-01T15:48:00.691277889Z,19660.340026,94457473,1205899264,1201016832
calibration-20260902-f,S1-100-r02,2026-09-01T15:48:00.701489178Z,19670.551309,94457672,1205899264,1201016832
calibration-20260902-f,S1-100-r02,2026-09-01T15:48:00.711643211Z,19680.705342,94457840,1205899264,1201016832
calibration-20260902-f,S1-100-r02,2026-09-01T15:48:00.72180071Z,19690.862840,94458096,1208422400,1203376128
calibration-20260902-f,S1-100-r02,2026-09-01T15:48:00.732021899Z,19701.084029,94494566,1178152960,1173938176
calibration-20260902-f,S1-100-r02,2026-09-01T15:48:00.741239292Z,19710.301422,94548514,1191915520,1187569664
calibration-20260902-f,S1-100-r02,2026-09-01T15:48:00.751489372Z,19720.551503,94557646,1191915520,1187569664
calibration-20260902-f,S1-100-r02,2026-09-01T15:48:00.761646591Z,19730.708722,94557938,1191915520,1187569664
calibration-20260902-f,S1-100-r02,2026-09-01T15:48:00.771779175Z,19740.841305,94558004,1191915520,1187475456
calibration-20260902-f,S1-100-r02,2026-09-01T15:48:00.781938277Z,19751.000402,94558078,1191915520,1187475456
calibration-20260902-f,S1-100-r02,2026-09-01T15:48:00.792095385Z,19761.157515,94558176,1191915520,1187475456
calibration-20260902-f,S1-100-r02,2026-09-01T15:48:00.801218729Z,19770.280865,94558249,1191915520,1187475456
calibration-20260902-f,S1-100-r02,2026-09-01T15:48:00.811344375Z,19780.406500,94558303,1191915520,1187475456
calibration-20260902-f,S1-100-r02,2026-09-01T15:48:00.821546604Z,19790.608735,94558496,1193979904,1189572608
calibration-20260902-f,S1-100-r02,2026-09-01T15:48:00.831687455Z,19800.749586,94593897,1211871232,1207398400
calibration-20260902-f,S1-100-r02,2026-09-01T15:48:00.841882336Z,19810.944468,94647730,1227927552,1223389184
calibration-20260902-f,S1-100-r02,2026-09-01T15:48:00.852061125Z,19821.123255,94652389,1227927552,1223389184
calibration-20260902-f,S1-100-r02,2026-09-01T15:48:00.920526706Z,19889.588837,94652767,1228156928,1223389184
calibration-20260902-f,S1-100-r02,2026-09-01T15:48:00.921870896Z,19890.933026,94653046,1230450688,1225748480
calibration-20260902-f,S1-100-r02,2026-09-01T15:48:00.932057877Z,19901.120007,94688538,1246507008,1242001408
calibration-20260902-f,S1-100-r02,2026-09-01T15:48:00.941248356Z,19910.310487,94742172,1249030144,1244360704
calibration-20260902-f,S1-100-r02,2026-09-01T15:48:00.951409116Z,19920.471246,94751340,1249259520,1244360704
calibration-20260902-f,S1-100-r02,2026-09-01T15:48:00.961568081Z,19930.630212,94751575,1249259520,1244360704
calibration-20260902-f,S1-100-r02,2026-09-01T15:48:00.971781704Z,19940.843836,94751808,1249259520,1243959296
calibration-20260902-f,S1-100-r02,2026-09-01T15:48:00.982013569Z,19951.075699,94752035,1249259520,1243959296
calibration-20260902-f,S1-100-r02,2026-09-01T15:48:00.991212118Z,19960.274248,94752207,1249259520,1243959296
calibration-20260902-f,S1-100-r02,2026-09-01T15:48:01.001463467Z,19970.525604,94752467,1249259520,1243959296
calibration-20260902-f,S1-100-r02,2026-09-01T15:48:01.011628816Z,19980.690946,94752659,1249259520,1243959296
calibration-20260902-f,S1-100-r02,2026-09-01T15:48:01.021813215Z,19990.875346,94752880,1249259520,1243959296
calibration-20260902-f,S1-100-r02,2026-09-01T15:48:01.032058346Z,20001.120478,94792434,1249259520,1243959296
calibration-20260902-f,S1-100-r02,2026-09-01T15:48:01.041396397Z,20010.458522,94842255,1249259520,1243959296
calibration-20260902-f,S1-100-r02,2026-09-01T15:48:01.051623573Z,20020.685702,94855836,1249259520,1243959296
calibration-20260902-f,S1-100-r02,2026-09-01T15:48:01.061863589Z,20030.925719,94856049,1249259520,1243959296
calibration-20260902-f,S1-100-r02,2026-09-01T15:48:01.072094718Z,20041.156843,94856304,1249259520,1243959296
calibration-20260902-f,S1-100-r02,2026-09-01T15:48:01.081288951Z,20050.351076,94856448,1249259520,1243959296
calibration-20260902-f,S1-100-r02,2026-09-01T15:48:01.091506283Z,20060.568413,94856588,1249259520,1243959296
calibration-20260902-f,S1-100-r02,2026-09-01T15:48:01.101702335Z,20070.764467,94856737,1249259520,1243959296
calibration-20260902-f,S1-100-r02,2026-09-01T15:48:01.11197853Z,20081.040662,94856879,1249259520,1243959296
calibration-20260902-f,S1-100-r02,2026-09-01T15:48:01.121608892Z,20090.671022,94857262,1249259520,1243959296
calibration-20260902-f,S1-100-r02,2026-09-01T15:48:01.131098324Z,20100.160449,94895243,1255452672,1250512896
calibration-20260902-f,S1-100-r02,2026-09-01T15:48:01.141154493Z,20110.216623,94947242,1224110080,1219481600
calibration-20260902-f,S1-100-r02,2026-09-01T15:48:01.151412608Z,20120.474739,94956519,1229615104,1225035776
calibration-20260902-f,S1-100-r02,2026-09-01T15:48:01.161649505Z,20130.711636,94956788,1229615104,1224933376
calibration-20260902-f,S1-100-r02,2026-09-01T15:48:01.171940389Z,20141.002520,94957068,1229615104,1224933376
calibration-20260902-f,S1-100-r02,2026-09-01T15:48:01.181196816Z,20150.258946,94957344,1229615104,1225195520
calibration-20260902-f,S1-100-r02,2026-09-01T15:48:01.191464469Z,20160.526600,94957648,1229844480,1224929280
calibration-20260902-f,S1-100-r02,2026-09-01T15:48:01.201710563Z,20170.772694,94957931,1229844480,1225191424
calibration-20260902-f,S1-100-r02,2026-09-01T15:48:01.211959102Z,20181.021232,94958221,1229844480,1225191424
calibration-20260902-f,S1-100-r02,2026-09-01T15:48:01.221213953Z,20190.276084,94958527,1231220736,1226502144
calibration-20260902-f,S1-100-r02,2026-09-01T15:48:01.231481279Z,20200.543410,94993952,1249341440,1244590080
calibration-20260902-f,S1-100-r02,2026-09-01T15:48:01.241755212Z,20210.817343,95047707,1249800192,1244798976
calibration-20260902-f,S1-100-r02,2026-09-01T15:48:01.320497805Z,20289.559935,95057165,1249800192,1244532736
calibration-20260902-f,S1-100-r02,2026-09-01T15:48:01.321691128Z,20290.753259,95057373,1249800192,1244532736
calibration-20260902-f,S1-100-r02,2026-09-01T15:48:01.331842654Z,20300.904784,95092370,1249800192,1244790784
calibration-20260902-f,S1-100-r02,2026-09-01T15:48:01.342077579Z,20311.139710,95146030,1249800192,1244790784
calibration-20260902-f,S1-100-r02,2026-09-01T15:48:01.351335971Z,20320.398102,95155384,1209036800,1203937280
calibration-20260902-f,S1-100-r02,2026-09-01T15:48:01.361573881Z,20330.636011,95160065,1209036800,1203937280
calibration-20260902-f,S1-100-r02,2026-09-01T15:48:01.371796853Z,20340.858984,95160297,1209036800,1203937280
calibration-20260902-f,S1-100-r02,2026-09-01T15:48:01.381974042Z,20351.036172,95160541,1209036800,1203855360
calibration-20260902-f,S1-100-r02,2026-09-01T15:48:01.391097482Z,20360.159613,95160657,1209036800,1203855360
calibration-20260902-f,S1-100-r02,2026-09-01T15:48:01.401294446Z,20370.356576,95160826,1209036800,1203855360
calibration-20260902-f,S1-100-r02,2026-09-01T15:48:01.411530962Z,20380.593092,95161008,1209036800,1203855360
calibration-20260902-f,S1-100-r02,2026-09-01T15:48:01.421589866Z,20390.651996,95161233,1209036800,1203855360
calibration-20260902-f,S1-100-r02,2026-09-01T15:48:01.431790055Z,20400.852185,95196304,1209266176,1203855360
calibration-20260902-f,S1-100-r02,2026-09-01T15:48:01.441203248Z,20410.265372,95250286,1161187328,1156059136
calibration-20260902-f,S1-100-r02,2026-09-01T15:48:01.451408006Z,20420.470136,95255355,1161187328,1156059136
calibration-20260902-f,S1-100-r02,2026-09-01T15:48:01.461635923Z,20430.698053,95255601,1161187328,1156321280
calibration-20260902-f,S1-100-r02,2026-09-01T15:48:01.471782454Z,20440.844584,95255806,1161187328,1156227072
calibration-20260902-f,S1-100-r02,2026-09-01T15:48:01.481947134Z,20451.009264,95256006,1161187328,1156227072
calibration-20260902-f,S1-100-r02,2026-09-01T15:48:01.492142765Z,20461.204896,95256237,1161187328,1156227072
calibration-20260902-f,S1-100-r02,2026-09-01T15:48:01.50130154Z,20470.363670,95256393,1161187328,1156227072
calibration-20260902-f,S1-100-r02,2026-09-01T15:48:01.511487156Z,20480.549287,95256574,1161187328,1156227072
calibration-20260902-f,S1-100-r02,2026-09-01T15:48:01.521296991Z,20490.359121,95256821,1161187328,1156227072
calibration-20260902-f,S1-100-r02,2026-09-01T15:48:01.53150847Z,20500.570600,95292039,1161187328,1156227072
calibration-20260902-f,S1-100-r02,2026-09-01T15:48:01.541726924Z,20510.789050,95346131,1161187328,1156227072
calibration-20260902-f,S1-100-r02,2026-09-01T15:48:01.551950977Z,20521.013107,95355261,1161187328,1156022272
calibration-20260902-f,S1-100-r02,2026-09-01T15:48:01.62050439Z,20589.566520,95355767,1161187328,1156100096
calibration-20260902-f,S1-100-r02,2026-09-01T15:48:01.621640541Z,20590.702671,95356631,1162104832,1157410816
calibration-20260902-f,S1-100-r02,2026-09-01T15:48:01.63167296Z,20600.735091,95393532,1131696128,1126223872
calibration-20260902-f,S1-100-r02,2026-09-01T15:48:01.642042405Z,20611.104535,95446301,1146605568,1141358592
calibration-20260902-f,S1-100-r02,2026-09-01T15:48:01.651298391Z,20620.360521,95455424,1146605568,1141202944
calibration-20260902-f,S1-100-r02,2026-09-01T15:48:01.661592659Z,20630.654807,95455624,1146605568,1141108736
calibration-20260902-f,S1-100-r02,2026-09-01T15:48:01.671868407Z,20640.930563,95455983,1146605568,1141108736
calibration-20260902-f,S1-100-r02,2026-09-01T15:48:01.682069352Z,20651.131483,95456324,1146605568,1141108736
calibration-20260902-f,S1-100-r02,2026-09-01T15:48:01.720525402Z,20689.587533,95456532,1147064320,1141108736
calibration-20260902-f,S1-100-r02,2026-09-01T15:48:01.721716722Z,20690.778853,95456847,1149128704,1143205888
calibration-20260902-f,S1-100-r02,2026-09-01T15:48:01.73191842Z,20700.980550,95493076,1162203136,1156313088
calibration-20260902-f,S1-100-r02,2026-09-01T15:48:01.741124779Z,20710.186910,95546139,1162203136,1156313088
calibration-20260902-f,S1-100-r02,2026-09-01T15:48:01.751334907Z,20720.397038,95555291,1162203136,1156575232
calibration-20260902-f,S1-100-r02,2026-09-01T15:48:01.761474788Z,20730.536918,95555458,1162203136,1156575232
calibration-20260902-f,S1-100-r02,2026-09-01T15:48:01.771601941Z,20740.664071,95555599,1162203136,1156575232
calibration-20260902-f,S1-100-r02,2026-09-01T15:48:01.781714079Z,20750.776211,95555752,1162203136,1156575232
calibration-20260902-f,S1-100-r02,2026-09-01T15:48:01.791833494Z,20760.895625,95555905,1162203136,1156575232
calibration-20260902-f,S1-100-r02,2026-09-01T15:48:01.801932061Z,20770.994191,95556055,1162203136,1156575232
calibration-20260902-f,S1-100-r02,2026-09-01T15:48:01.811141896Z,20780.204027,95556279,1162203136,1156575232
calibration-20260902-f,S1-100-r02,2026-09-01T15:48:01.821342267Z,20790.404425,95556624,1162203136,1156575232
calibration-20260902-f,S1-100-r02,2026-09-01T15:48:01.831510883Z,20800.573009,95592157,1162203136,1156575232
calibration-20260902-f,S1-100-r02,2026-09-01T15:48:01.841721458Z,20810.783588,95645729,1162203136,1156575232
calibration-20260902-f,S1-100-r02,2026-09-01T15:48:01.851938337Z,20821.000467,95654859,1162203136,1156624384
calibration-20260902-f,S1-100-r02,2026-09-01T15:48:01.862135888Z,20831.198018,95655029,1162203136,1156624384
calibration-20260902-f,S1-100-r02,2026-09-01T15:48:01.871315599Z,20840.377729,95655385,1162203136,1156624384
calibration-20260902-f,S1-100-r02,2026-09-01T15:48:01.881641516Z,20850.703648,95655613,1162432512,1156882432
calibration-20260902-f,S1-100-r02,2026-09-01T15:48:01.892021322Z,20861.083453,95655941,1162432512,1156882432
calibration-20260902-f,S1-100-r02,2026-09-01T15:48:01.920518565Z,20889.580697,95656327,1162432512,1156882432
calibration-20260902-f,S1-100-r02,2026-09-01T15:48:01.921718056Z,20890.780186,95656541,1162432512,1156882432
calibration-20260902-f,S1-100-r02,2026-09-01T15:48:01.931778456Z,20900.840582,95693844,1117421568,1112010752
calibration-20260902-f,S1-100-r02,2026-09-01T15:48:01.94188238Z,20910.944505,95745884,1132331008,1126948864
calibration-20260902-f,S1-100-r02,2026-09-01T15:48:01.952085542Z,20921.147672,95754987,1133936640,1128144896
calibration-20260902-f,S1-100-r02,2026-09-01T15:48:01.961253473Z,20930.315604,95755164,1133936640,1128407040
calibration-20260902-f,S1-100-r02,2026-09-01T15:48:01.971453306Z,20940.515437,95755325,1134166016,1128407040
calibration-20260902-f,S1-100-r02,2026-09-01T15:48:01.981577666Z,20950.639796,95755477,1134166016,1128407040
calibration-20260902-f,S1-100-r02,2026-09-01T15:48:01.991821099Z,20960.883229,95755719,1134166016,1128407040
calibration-20260902-f,S1-100-r02,2026-09-01T15:48:02.001966976Z,20971.029114,95755969,1134166016,1128407040
calibration-20260902-f,S1-100-r02,2026-09-01T15:48:02.011092555Z,20980.154680,95756148,1134166016,1128407040
calibration-20260902-f,S1-100-r02,2026-09-01T15:48:02.021252285Z,20990.314415,95756354,1136689152,1131028480
calibration-20260902-f,S1-100-r02,2026-09-01T15:48:02.031379697Z,21000.441827,95792005,1172471808,1166942208
calibration-20260902-f,S1-100-r02,2026-09-01T15:48:02.04157524Z,21010.637365,95846210,1203208192,1197613056
calibration-20260902-f,S1-100-r02,2026-09-01T15:48:02.05178316Z,21020.845290,95855707,1211236352,1205534720
calibration-20260902-f,S1-100-r02,2026-09-01T15:48:02.061993816Z,21031.055946,95855920,1211236352,1205796864
calibration-20260902-f,S1-100-r02,2026-09-01T15:48:02.071230098Z,21040.292228,95856137,1211236352,1205796864
calibration-20260902-f,S1-100-r02,2026-09-01T15:48:02.081509779Z,21050.571972,95856387,1211236352,1205796864
calibration-20260902-f,S1-100-r02,2026-09-01T15:48:02.091891892Z,21060.954023,95856856,1211236352,1205796864
calibration-20260902-f,S1-100-r02,2026-09-01T15:48:02.120536315Z,21089.598447,95857246,1211236352,1205796864
calibration-20260902-f,S1-100-r02,2026-09-01T15:48:02.121643704Z,21090.705834,95857800,1211236352,1206059008
calibration-20260902-f,S1-100-r02,2026-09-01T15:48:02.13183506Z,21100.897190,95892574,1211236352,1206059008
calibration-20260902-f,S1-100-r02,2026-09-01T15:48:02.142108589Z,21111.170720,95946258,1211236352,1206059008
calibration-20260902-f,S1-100-r02,2026-09-01T15:48:02.151352775Z,21120.414905,95955415,1211236352,1205891072
calibration-20260902-f,S1-100-r02,2026-09-01T15:48:02.220521934Z,21189.584065,95955734,1211236352,1205694464
calibration-20260902-f,S1-100-r02,2026-09-01T15:48:02.221656672Z,21190.718802,95955934,1211236352,1205956608
calibration-20260902-f,S1-100-r02,2026-09-01T15:48:02.231852582Z,21200.914713,95990891,1211236352,1205956608
calibration-20260902-f,S1-100-r02,2026-09-01T15:48:02.242149583Z,21211.211714,96044550,1211236352,1205956608
calibration-20260902-f,S1-100-r02,2026-09-01T15:48:02.251412518Z,21220.474649,96058144,1211236352,1205956608
calibration-20260902-f,S1-100-r02,2026-09-01T15:48:02.261614122Z,21230.676252,96058319,1211236352,1205956608
calibration-20260902-f,S1-100-r02,2026-09-01T15:48:02.271744893Z,21240.807024,96058447,1211236352,1205956608
calibration-20260902-f,S1-100-r02,2026-09-01T15:48:02.281885727Z,21250.947858,96058562,1211236352,1205956608
calibration-20260902-f,S1-100-r02,2026-09-01T15:48:02.292081204Z,21261.143335,96058685,1211236352,1205956608
calibration-20260902-f,S1-100-r02,2026-09-01T15:48:02.301237603Z,21270.299728,96058796,1211236352,1205956608
calibration-20260902-f,S1-100-r02,2026-09-01T15:48:02.311447544Z,21280.509670,96058921,1211236352,1205956608
calibration-20260902-f,S1-100-r02,2026-09-01T15:48:02.321668544Z,21290.730675,96059133,1211236352,1205956608
calibration-20260902-f,S1-100-r02,2026-09-01T15:48:02.331894708Z,21300.956838,96094225,1211236352,1205956608
calibration-20260902-f,S1-100-r02,2026-09-01T15:48:02.342069523Z,21311.131648,96148358,1211236352,1205956608
calibration-20260902-f,S1-100-r02,2026-09-01T15:48:02.420547384Z,21389.609515,96157532,1211236352,1205956608
calibration-20260902-f,S1-100-r02,2026-09-01T15:48:02.421640192Z,21390.702323,96158246,1212383232,1207529472
calibration-20260902-f,S1-100-r02,2026-09-01T15:48:02.431790674Z,21400.852805,96193138,1230503936,1225879552
calibration-20260902-f,S1-100-r02,2026-09-01T15:48:02.442102057Z,21411.164188,96248136,1196929024,1192251392
calibration-20260902-f,S1-100-r02,2026-09-01T15:48:02.451334702Z,21420.396832,96257299,1196929024,1191899136
calibration-20260902-f,S1-100-r02,2026-09-01T15:48:02.461572476Z,21430.634606,96257518,1196929024,1191899136
calibration-20260902-f,S1-100-r02,2026-09-01T15:48:02.471781591Z,21440.843722,96257734,1196929024,1191899136
calibration-20260902-f,S1-100-r02,2026-09-01T15:48:02.481990781Z,21451.052911,96257956,1196929024,1191899136
calibration-20260902-f,S1-100-r02,2026-09-01T15:48:02.491181904Z,21460.244035,96258109,1196929024,1191899136
calibration-20260902-f,S1-100-r02,2026-09-01T15:48:02.520540604Z,21489.602735,96258354,1197158400,1192161280
calibration-20260902-f,S1-100-r02,2026-09-01T15:48:02.52164901Z,21490.711141,96258624,1198993408,1193996288
calibration-20260902-f,S1-100-r02,2026-09-01T15:48:02.531796119Z,21500.858244,96294372,1211609088,1206579200
calibration-20260902-f,S1-100-r02,2026-09-01T15:48:02.62051504Z,21589.577170,96356723,1211609088,1206579200
calibration-20260902-f,S1-100-r02,2026-09-01T15:48:02.62173518Z,21590.797310,96356954,1211609088,1206579200
calibration-20260902-f,S1-100-r02,2026-09-01T15:48:02.631353634Z,21600.415760,96395882,1211609088,1206579200
calibration-20260902-f,S1-100-r02,2026-09-01T15:48:02.641591813Z,21610.653943,96446153,1211609088,1206579200
calibration-20260902-f,S1-100-r02,2026-09-01T15:48:02.651785798Z,21620.847929,96455246,1211609088,1206579200
calibration-20260902-f,S1-100-r02,2026-09-01T15:48:02.661989388Z,21631.051518,96455447,1211609088,1206579200
calibration-20260902-f,S1-100-r02,2026-09-01T15:48:02.671121613Z,21640.183743,96455566,1211609088,1206579200
calibration-20260902-f,S1-100-r02,2026-09-01T15:48:02.681235741Z,21650.297871,96455690,1211838464,1206579200
calibration-20260902-f,S1-100-r02,2026-09-01T15:48:02.691404822Z,21660.466953,96455921,1211838464,1206837248
calibration-20260902-f,S1-100-r02,2026-09-01T15:48:02.701588051Z,21670.650181,96456088,1211838464,1206837248
calibration-20260902-f,S1-100-r02,2026-09-01T15:48:02.711736071Z,21680.798202,96456286,1211838464,1206837248
calibration-20260902-f,S1-100-r02,2026-09-01T15:48:02.721923188Z,21690.985318,96456502,1211838464,1206837248
calibration-20260902-f,S1-100-r02,2026-09-01T15:48:02.731790834Z,21700.852966,96494910,1126567936,1123958784
calibration-20260902-f,S1-100-r02,2026-09-01T15:48:02.74167554Z,21710.737671,96547190,1146982400,1142108160
calibration-20260902-f,S1-100-r02,2026-09-01T15:48:02.75183732Z,21720.899451,96556288,1146982400,1142108160
calibration-20260902-f,S1-100-r02,2026-09-01T15:48:02.76209544Z,21731.157571,96556571,1146982400,1141903360
calibration-20260902-f,S1-100-r02,2026-09-01T15:48:02.771251963Z,21740.314094,96556743,1146982400,1141903360
calibration-20260902-f,S1-100-r02,2026-09-01T15:48:02.781426717Z,21750.488847,96556922,1146982400,1141903360
calibration-20260902-f,S1-100-r02,2026-09-01T15:48:02.791635269Z,21760.697404,96557101,1146982400,1141903360
calibration-20260902-f,S1-100-r02,2026-09-01T15:48:02.801784023Z,21770.846154,96557320,1146982400,1141903360
calibration-20260902-f,S1-100-r02,2026-09-01T15:48:02.811928285Z,21780.990417,96557566,1146982400,1141903360
calibration-20260902-f,S1-100-r02,2026-09-01T15:48:02.822133123Z,21791.195254,96557819,1146982400,1141903360
calibration-20260902-f,S1-100-r02,2026-09-01T15:48:02.831284208Z,21800.346339,96595728,1147670528,1142681600
calibration-20260902-f,S1-100-r02,2026-09-01T15:48:02.841463831Z,21810.525961,96646758,1163268096,1158410240
calibration-20260902-f,S1-100-r02,2026-09-01T15:48:02.851703664Z,21820.765796,96655905,1163268096,1158410240
calibration-20260902-f,S1-100-r02,2026-09-01T15:48:02.861843006Z,21830.905131,96656235,1163268096,1158410240
calibration-20260902-f,S1-100-r02,2026-09-01T15:48:02.871976978Z,21841.039108,96656304,1163268096,1158410240
calibration-20260902-f,S1-100-r02,2026-09-01T15:48:02.88107976Z,21850.141885,96656368,1163497472,1158410240
calibration-20260902-f,S1-100-r02,2026-09-01T15:48:02.920515524Z,21889.577654,96656533,1163726848,1158672384
calibration-20260902-f,S1-100-r02,2026-09-01T15:48:02.921700014Z,21890.762144,96656783,1165791232,1160507392
calibration-20260902-f,S1-100-r02,2026-09-01T15:48:02.931862751Z,21900.924882,96692110,1184141312,1179119616
calibration-20260902-f,S1-100-r02,2026-09-01T15:48:02.942122376Z,21911.184507,96745818,1195380736,1190391808
calibration-20260902-f,S1-100-r02,2026-09-01T15:48:02.951328118Z,21920.390243,96750422,1195380736,1190391808
calibration-20260902-f,S1-100-r02,2026-09-01T15:48:02.961512452Z,21930.574578,96750526,1195380736,1190391808
calibration-20260902-f,S1-100-r02,2026-09-01T15:48:02.971697168Z,21940.759300,96750646,1195380736,1190391808
calibration-20260902-f,S1-100-r02,2026-09-01T15:48:02.981822398Z,21950.884529,96750726,1195380736,1190391808
calibration-20260902-f,S1-100-r02,2026-09-01T15:48:02.99196095Z,21961.023076,96750795,1195380736,1190391808
calibration-20260902-f,S1-100-r02,2026-09-01T15:48:03.002120129Z,21971.182261,96750867,1195380736,1190391808
calibration-20260902-f,S1-100-r02,2026-09-01T15:48:03.011295787Z,21980.357912,96750971,1195380736,1190391808
calibration-20260902-f,S1-100-r02,2026-09-01T15:48:03.021490691Z,21990.552816,96751688,1195380736,1190240256
calibration-20260902-f,S1-100-r02,2026-09-01T15:48:03.031689148Z,22000.751278,96786159,1195380736,1190244352
calibration-20260902-f,S1-100-r02,2026-09-01T15:48:03.041956587Z,22011.018717,96839813,1195380736,1190240256
calibration-20260902-f,S1-100-r02,2026-09-01T15:48:03.051104641Z,22020.166775,96853342,1195380736,1190502400
calibration-20260902-f,S1-100-r02,2026-09-01T15:48:03.061255264Z,22030.317395,96853528,1195380736,1190502400
calibration-20260902-f,S1-100-r02,2026-09-01T15:48:03.071492532Z,22040.554663,96853776,1195380736,1190502400
calibration-20260902-f,S1-100-r02,2026-09-01T15:48:03.081624659Z,22050.686790,96853967,1195380736,1190502400
calibration-20260902-f,S1-100-r02,2026-09-01T15:48:03.091804266Z,22060.866396,96854174,1195380736,1190502400
calibration-20260902-f,S1-100-r02,2026-09-01T15:48:03.102107737Z,22071.169867,96854522,1195610112,1190502400
calibration-20260902-f,S1-100-r02,2026-09-01T15:48:03.11130336Z,22080.365490,96854908,1195610112,1190502400
calibration-20260902-f,S1-100-r02,2026-09-01T15:48:03.12149435Z,22090.556481,96855172,1195610112,1190502400
calibration-20260902-f,S1-100-r02,2026-09-01T15:48:03.13169649Z,22100.758615,96891129,1202491392,1197572096
calibration-20260902-f,S1-100-r02,2026-09-01T15:48:03.141928518Z,22110.990648,96944603,1218088960,1213300736
calibration-20260902-f,S1-100-r02,2026-09-01T15:48:03.151116108Z,22120.178239,96949931,1218088960,1213300736
calibration-20260902-f,S1-100-r02,2026-09-01T15:48:03.161260216Z,22130.322347,96950140,1218318336,1213300736
calibration-20260902-f,S1-100-r02,2026-09-01T15:48:03.151194158Z,22189.571342,96950640,1218547712,1212731392
calibration-20260902-f,S1-100-r02,2026-09-01T15:48:03.152292249Z,22190.669429,96951147,1180602368,1195737088
calibration-20260902-f,S1-100-r02,2026-09-01T15:48:03.162441914Z,22200.819098,96987179,1189498880,1184067584
calibration-20260902-f,S1-100-r02,2026-09-01T15:48:03.172624921Z,22211.002106,97041559,1197756416,1192095744
calibration-20260902-f,S1-100-r02,2026-09-01T15:48:03.18184853Z,22220.225714,97055190,1197756416,1192095744
calibration-20260902-f,S1-100-r02,2026-09-01T15:48:03.251194407Z,22289.571590,97055642,1197756416,1192095744
calibration-20260902-f,S1-100-r02,2026-09-01T15:48:03.252326114Z,22290.703297,97056227,1197756416,1192095744
calibration-20260902-f,S1-100-r02,2026-09-01T15:48:03.262593544Z,22300.970728,97090926,1197756416,1192095744
calibration-20260902-f,S1-100-r02,2026-09-01T15:48:03.272760016Z,22311.137200,97144687,1197756416,1192095744
calibration-20260902-f,S1-100-r02,2026-09-01T15:48:03.28209196Z,22320.469144,97153843,1197756416,1192095744
calibration-20260902-f,S1-100-r02,2026-09-01T15:48:03.292254272Z,22330.631457,97154063,1197756416,1192095744
calibration-20260902-f,S1-100-r02,2026-09-01T15:48:03.302417531Z,22340.794713,97154420,1197985792,1192095744
calibration-20260902-f,S1-100-r02,2026-09-01T15:48:03.312588965Z,22350.966149,97154506,1197985792,1192095744
calibration-20260902-f,S1-100-r02,2026-09-01T15:48:03.322738747Z,22361.115926,97154597,1197985792,1192095744
calibration-20260902-f,S1-100-r02,2026-09-01T15:48:03.331867632Z,22370.244817,97154674,1197985792,1192095744
calibration-20260902-f,S1-100-r02,2026-09-01T15:48:03.34199261Z,22380.369795,97154732,1197985792,1192095744
calibration-20260902-f,S1-100-r02,2026-09-01T15:48:06.735741587Z,22390.553107,97154856,1197985792,1192124416
calibration-20260902-f,S1-100-r02,2026-09-01T15:48:06.74596618Z,22400.777701,97189904,1197985792,1192386560
calibration-20260902-f,S1-100-r02,2026-09-01T15:48:06.756171107Z,22410.982628,97243522,1197985792,1192386560
calibration-20260902-f,S1-100-r02,2026-09-01T15:48:06.765341735Z,22420.153256,97252608,1197985792,1192394752
calibration-20260902-f,S1-100-r02,2026-09-01T15:48:06.834752815Z,22489.564335,97253070,1197985792,1192394752
calibration-20260902-f,S1-100-r02,2026-09-01T15:48:06.835939649Z,22490.751169,97253254,1197985792,1192394752
calibration-20260902-f,S1-100-r02,2026-09-01T15:48:06.846117128Z,22500.928648,97288247,1197985792,1192394752
calibration-20260902-f,S1-100-r02,2026-09-01T15:48:06.856293724Z,22511.105244,97342138,1198903296,1193443328
calibration-20260902-f,S1-100-r02,2026-09-01T15:48:06.865474043Z,22520.285564,97355660,1204408320,1199202304
calibration-20260902-f,S1-100-r02,2026-09-01T15:48:06.875703421Z,22530.514942,97360316,1205784576,1200259072
calibration-20260902-f,S1-100-r02,2026-09-01T15:48:06.885915832Z,22540.727352,97360456,1205784576,1200259072
calibration-20260902-f,S1-100-r02,2026-09-01T15:48:06.896069446Z,22550.880966,97360595,1205784576,1200259072
calibration-20260902-f,S1-100-r02,2026-09-01T15:48:06.906251722Z,22561.063242,97360720,1205784576,1200259072
calibration-20260902-f,S1-100-r02,2026-09-01T15:48:06.915437604Z,22570.249125,97360866,1205784576,1200259072
calibration-20260902-f,S1-100-r02,2026-09-01T15:48:06.925609639Z,22580.421159,97360979,1205784576,1200259072
calibration-20260902-f,S1-100-r02,2026-09-01T15:48:06.936159327Z,22590.970848,97361206,1207390208,1201831936
calibration-20260902-f,S1-100-r02,2026-09-01T15:48:06.945349461Z,22600.160982,97396700,1220005888,1214414848
calibration-20260902-f,S1-100-r02,2026-09-01T15:48:06.955367722Z,22610.179237,97450987,1186668544,1181548544
calibration-20260902-f,S1-100-r02,2026-09-01T15:48:06.96562958Z,22620.441101,97451632,1186668544,1181548544
calibration-20260902-f,S1-100-r02,2026-09-01T15:48:06.975742112Z,22630.553632,97451804,1186668544,1181450240
calibration-20260902-f,S1-100-r02,2026-09-01T15:48:06.985879269Z,22640.690790,97451946,1186668544,1181450240
calibration-20260902-f,S1-100-r02,2026-09-01T15:48:06.996004148Z,22650.815669,97452122,1186668544,1181450240
calibration-20260902-f,S1-100-r02,2026-09-01T15:48:07.006136454Z,22660.947974,97452284,1186668544,1181450240
calibration-20260902-f,S1-100-r02,2026-09-01T15:48:07.016289033Z,22671.100554,97452509,1186668544,1181450240
calibration-20260902-f,S1-100-r02,2026-09-01T15:48:07.02549431Z,22680.305832,97452672,1186668544,1181450240
calibration-20260902-f,S1-100-r02,2026-09-01T15:48:07.035669638Z,22690.481158,97452902,1188274176,1183285248
calibration-20260902-f,S1-100-r02,2026-09-01T15:48:07.04582891Z,22700.640426,97488577,1199284224,1194033152
calibration-20260902-f,S1-100-r02,2026-09-01T15:48:07.05608026Z,22710.891781,97542463,1199284224,1193775104
calibration-20260902-f,S1-100-r02,2026-09-01T15:48:07.066355429Z,22721.166949,97556134,1199284224,1193775104
calibration-20260902-f,S1-100-r02,2026-09-01T15:48:07.075500326Z,22730.311847,97556344,1199513600,1193775104
calibration-20260902-f,S1-100-r02,2026-09-01T15:48:07.134771301Z,22789.582821,97556696,1199513600,1193775104
calibration-20260902-f,S1-100-r02,2026-09-01T15:48:07.136010408Z,22790.821928,97556967,1199513600,1193775104
calibration-20260902-f,S1-100-r02,2026-09-01T15:48:07.146134491Z,22800.946012,97592371,1199513600,1194033152
calibration-20260902-f,S1-100-r02,2026-09-01T15:48:07.155335318Z,22810.146833,97645939,1199513600,1194033152
calibration-20260902-f,S1-100-r02,2026-09-01T15:48:07.165549574Z,22820.361094,97655039,1199513600,1194033152
calibration-20260902-f,S1-100-r02,2026-09-01T15:48:07.175681371Z,22830.492892,97655237,1199513600,1194033152
calibration-20260902-f,S1-100-r02,2026-09-01T15:48:07.185886177Z,22840.697698,97655416,1199513600,1194033152
calibration-20260902-f,S1-100-r02,2026-09-01T15:48:07.196065265Z,22850.876786,97655626,1199513600,1194037248
calibration-20260902-f,S1-100-r02,2026-09-01T15:48:07.2062619Z,22861.073415,97656048,1199513600,1194037248
calibration-20260902-f,S1-100-r02,2026-09-01T15:48:07.215412098Z,22870.223619,97656147,1199513600,1194037248
calibration-20260902-f,S1-100-r02,2026-09-01T15:48:07.234764892Z,22889.576413,97656251,1199513600,1194037248
calibration-20260902-f,S1-100-r02,2026-09-01T15:48:07.235877192Z,22890.688712,97656420,1199742976,1194037248
calibration-20260902-f,S1-100-r02,2026-09-01T15:48:07.245561403Z,22900.372918,97695284,1151610880,1146294272
calibration-20260902-f,S1-100-r02,2026-09-01T15:48:07.255758598Z,22910.570118,97746070,1151610880,1146294272
calibration-20260902-f,S1-100-r02,2026-09-01T15:48:07.265966919Z,22920.778439,97755164,1151610880,1146294272
calibration-20260902-f,S1-100-r02,2026-09-01T15:48:07.276111281Z,22930.922801,97755337,1151610880,1146200064
calibration-20260902-f,S1-100-r02,2026-09-01T15:48:07.286301949Z,22941.113469,97755544,1151610880,1146200064
calibration-20260902-f,S1-100-r02,2026-09-01T15:48:07.295442897Z,22950.254418,97755693,1151610880,1146200064
calibration-20260902-f,S1-100-r02,2026-09-01T15:48:07.305613704Z,22960.425220,97755917,1151610880,1146200064
calibration-20260902-f,S1-100-r02,2026-09-01T15:48:07.315805204Z,22970.616725,97756058,1151610880,1146200064
calibration-20260902-f,S1-100-r02,2026-09-01T15:48:07.334760581Z,22989.572102,97756165,1151610880,1146200064
calibration-20260902-f,S1-100-r02,2026-09-01T15:48:07.335916447Z,22990.727967,97756356,1151610880,1146200064
calibration-20260902-f,S1-100-r02,2026-09-01T15:48:07.345560389Z,23000.371910,97792352,1151610880,1146392576
calibration-20260902-f,S1-100-r02,2026-09-01T15:48:07.355689153Z,23010.500674,97845928,1151840256,1146392576
calibration-20260902-f,S1-100-r02,2026-09-01T15:48:07.365943471Z,23020.754992,97855083,1151840256,1146105856
calibration-20260902-f,S1-100-r02,2026-09-01T15:48:07.376120557Z,23030.932078,97855306,1151840256,1146105856
calibration-20260902-f,S1-100-r02,2026-09-01T15:48:07.386303111Z,23041.114632,97855478,1151840256,1146105856
calibration-20260902-f,S1-100-r02,2026-09-01T15:48:07.395417725Z,23050.229245,97855571,1151840256,1146105856
calibration-20260902-f,S1-100-r02,2026-09-01T15:48:07.405584476Z,23060.395996,97855681,1151840256,1146105856
calibration-20260902-f,S1-100-r02,2026-09-01T15:48:07.415737638Z,23070.549159,97855803,1151840256,1146105856
calibration-20260902-f,S1-100-r02,2026-09-01T15:48:07.425957293Z,23080.768813,97855989,1151840256,1146105856
calibration-20260902-f,S1-100-r02,2026-09-01T15:48:07.436184452Z,23090.995972,97856231,1151840256,1146105856
calibration-20260902-f,S1-100-r02,2026-09-01T15:48:07.445342661Z,23100.154181,97891318,1156198400,1151086592
calibration-20260902-f,S1-100-r02,2026-09-01T15:48:07.455500592Z,23110.312113,97945273,1174548480,1169436672
calibration-20260902-f,S1-100-r02,2026-09-01T15:48:07.465747052Z,23120.558573,97954567,1187852288,1182543872
calibration-20260902-f,S1-100-r02,2026-09-01T15:48:07.475970371Z,23130.781891,97954829,1188081664,1182543872
calibration-20260902-f,S1-100-r02,2026-09-01T15:48:07.486114735Z,23140.926255,97955002,1188081664,1182543872
calibration-20260902-f,S1-100-r02,2026-09-01T15:48:07.496343227Z,23151.154748,97955249,1188081664,1182543872
calibration-20260902-f,S1-100-r02,2026-09-01T15:48:07.505537335Z,23160.348856,97955417,1188081664,1182543872
calibration-20260902-f,S1-100-r02,2026-09-01T15:48:07.515655957Z,23170.467479,97955596,1188081664,1182801920
calibration-20260902-f,S1-100-r02,2026-09-01T15:48:07.52578684Z,23180.598362,97955765,1188081664,1182801920
calibration-20260902-f,S1-100-r02,2026-09-01T15:48:07.535920892Z,23190.732414,97955989,1190375424,1185161216
calibration-20260902-f,S1-100-r02,2026-09-01T15:48:07.546055161Z,23200.866677,97991306,1200238592,1195122688
calibration-20260902-f,S1-100-r02,2026-09-01T15:48:07.556272367Z,23211.083887,98044876,1200238592,1195122688
calibration-20260902-f,S1-100-r02,2026-09-01T15:48:07.565545867Z,23220.357387,98054004,1200238592,1195122688
calibration-20260902-f,S1-100-r02,2026-09-01T15:48:07.575778102Z,23230.589624,98054254,1200238592,1195122688
calibration-20260902-f,S1-100-r02,2026-09-01T15:48:07.585973542Z,23240.785063,98054414,1200238592,1195122688
calibration-20260902-f,S1-100-r02,2026-09-01T15:48:07.634766378Z,23289.577893,98054729,1200238592,1195122688
calibration-20260902-f,S1-100-r02,2026-09-01T15:48:07.635970278Z,23290.781799,98054928,1200238592,1195380736
calibration-20260902-f,S1-100-r02,2026-09-01T15:48:07.646179942Z,23300.991462,98090243,1200238592,1195380736
calibration-20260902-f,S1-100-r02,2026-09-01T15:48:07.656388527Z,23311.200048,98143879,1202991104,1198264320
calibration-20260902-f,S1-100-r02,2026-09-01T15:48:07.665615904Z,23320.427424,98148550,1202991104,1198264320
calibration-20260902-f,S1-100-r02,2026-09-01T15:48:07.675830828Z,23330.642348,98148745,1202991104,1198264320
calibration-20260902-f,S1-100-r02,2026-09-01T15:48:07.686027548Z,23340.839069,98148936,1202991104,1198264320
calibration-20260902-f,S1-100-r02,2026-09-01T15:48:07.696225Z,23351.036521,98149137,1202991104,1198264320
calibration-20260902-f,S1-100-r02,2026-09-01T15:48:07.706366105Z,23361.177626,98149345,1202991104,1198264320
calibration-20260902-f,S1-100-r02,2026-09-01T15:48:07.715480492Z,23370.292012,98149482,1202991104,1198264320
calibration-20260902-f,S1-100-r02,2026-09-01T15:48:07.725619885Z,23380.431406,98149629,1202991104,1198264320
calibration-20260902-f,S1-100-r02,2026-09-01T15:48:07.735797236Z,23390.608757,98149864,1204826112,1199837184
calibration-20260902-f,S1-100-r02,2026-09-01T15:48:07.745962811Z,23400.774332,98186227,1175035904,1169895424
calibration-20260902-f,S1-100-r02,2026-09-01T15:48:07.756092925Z,23410.904445,98240424,1206919168,1202343936
calibration-20260902-f,S1-100-r02,2026-09-01T15:48:07.766379635Z,23421.191155,98254089,1215635456,1210732544
calibration-20260902-f,S1-100-r02,2026-09-01T15:48:07.775571491Z,23430.383011,98254309,1215635456,1210511360
calibration-20260902-f,S1-100-r02,2026-09-01T15:48:07.785783794Z,23440.595314,98254518,1215635456,1210511360
calibration-20260902-f,S1-100-r02,2026-09-01T15:48:07.7959707Z,23450.782220,98254675,1215635456,1210511360
calibration-20260902-f,S1-100-r02,2026-09-01T15:48:07.806093848Z,23460.905369,98254825,1215635456,1210511360
calibration-20260902-f,S1-100-r02,2026-09-01T15:48:07.81630343Z,23471.114958,98255038,1215635456,1210511360
calibration-20260902-f,S1-100-r02,2026-09-01T15:48:07.825450334Z,23480.261849,98255247,1215635456,1210257408
calibration-20260902-f,S1-100-r02,2026-09-01T15:48:07.8356299Z,23490.441420,98255413,1218846720,1213927424
calibration-20260902-f,S1-100-r02,2026-09-01T15:48:07.845851787Z,23500.663307,98290765,1237426176,1232277504
calibration-20260902-f,S1-100-r02,2026-09-01T15:48:07.856080092Z,23510.891612,98344612,1249124352,1244073984
calibration-20260902-f,S1-100-r02,2026-09-01T15:48:07.866335222Z,23521.146743,98349341,1249124352,1244073984
calibration-20260902-f,S1-100-r02,2026-09-01T15:48:07.875552063Z,23530.363584,98349576,1249124352,1244073984
calibration-20260902-f,S1-100-r02,2026-09-01T15:48:07.885727643Z,23540.539157,98349880,1249124352,1244073984
calibration-20260902-f,S1-100-r02,2026-09-01T15:48:07.895862316Z,23550.673837,98349955,1249124352,1244073984
calibration-20260902-f,S1-100-r02,2026-09-01T15:48:07.906008185Z,23560.819701,98350031,1249124352,1244073984
calibration-20260902-f,S1-100-r02,2026-09-01T15:48:07.916168275Z,23570.979795,98350151,1249353728,1244073984
calibration-20260902-f,S1-100-r02,2026-09-01T15:48:07.926328749Z,23581.140264,98350261,1249353728,1244073984
calibration-20260902-f,S1-100-r02,2026-09-01T15:48:07.935485787Z,23590.297307,98350376,1249353728,1244073984
calibration-20260902-f,S1-100-r02,2026-09-01T15:48:07.945674672Z,23600.486198,98385481,1249353728,1244073984
calibration-20260902-f,S1-100-r02,2026-09-01T15:48:07.955900628Z,23610.712149,98439059,1249353728,1244073984
calibration-20260902-f,S1-100-r02,2026-09-01T15:48:07.966138044Z,23620.949564,98452647,1249353728,1244073984
calibration-20260902-f,S1-100-r02,2026-09-01T15:48:07.976350212Z,23631.161732,98452825,1249353728,1244073984
calibration-20260902-f,S1-100-r02,2026-09-01T15:48:07.985511745Z,23640.323265,98452968,1249353728,1244073984
calibration-20260902-f,S1-100-r02,2026-09-01T15:48:07.995683266Z,23650.494787,98453204,1249353728,1244073984
calibration-20260902-f,S1-100-r02,2026-09-01T15:48:08.034750408Z,23689.561928,98453612,1249353728,1244073984
calibration-20260902-f,S1-100-r02,2026-09-01T15:48:08.036039214Z,23690.850734,98453820,1249353728,1244073984
calibration-20260902-f,S1-100-r02,2026-09-01T15:48:08.046290043Z,23701.101564,98488993,1249353728,1244073984
calibration-20260902-f,S1-100-r02,2026-09-01T15:48:08.055548181Z,23710.359701,98542592,1249353728,1244073984
calibration-20260902-f,S1-100-r02,2026-09-01T15:48:08.065706659Z,23720.518179,98551913,1249353728,1244073984
calibration-20260902-f,S1-100-r02,2026-09-01T15:48:08.075928815Z,23730.740335,98552165,1249353728,1244073984
calibration-20260902-f,S1-100-r02,2026-09-01T15:48:08.086140469Z,23740.951989,98552377,1249353728,1244073984
calibration-20260902-f,S1-100-r02,2026-09-01T15:48:08.096356886Z,23751.168406,98552624,1249353728,1244073984
calibration-20260902-f,S1-100-r02,2026-09-01T15:48:08.105570417Z,23760.381937,98552802,1249353728,1244073984
calibration-20260902-f,S1-100-r02,2026-09-01T15:48:08.115754768Z,23770.566284,98553072,1249353728,1244073984
calibration-20260902-f,S1-100-r02,2026-09-01T15:48:08.125910927Z,23780.722449,98553163,1249353728,1244073984
calibration-20260902-f,S1-100-r02,2026-09-01T15:48:08.136071549Z,23790.883070,98553293,1249353728,1244073984
calibration-20260902-f,S1-100-r02,2026-09-01T15:48:08.146195587Z,23801.007108,98591033,1250729984,1245646848
calibration-20260902-f,S1-100-r02,2026-09-01T15:48:08.155389672Z,23810.201192,98641972,1220468736,1215102976
calibration-20260902-f,S1-100-r02,2026-09-01T15:48:08.234802258Z,23889.613773,98652979,1212162048,1206480896
calibration-20260902-f,S1-100-r02,2026-09-01T15:48:08.236005203Z,23890.816724,98654017,1213767680,1208500224
calibration-20260902-f,S1-100-r02,2026-09-01T15:48:08.246285434Z,23901.096955,98688956,1232347136,1227075584
calibration-20260902-f,S1-100-r02,2026-09-01T15:48:08.255549462Z,23910.360982,98742853,1247256576,1241772032
calibration-20260902-f,S1-100-r02,2026-09-01T15:48:08.265700475Z,23920.511995,98756449,1247256576,1242025984
calibration-20260902-f,S1-100-r02,2026-09-01T15:48:08.275852602Z,23930.664124,98756640,1247256576,1242025984
calibration-20260902-f,S1-100-r02,2026-09-01T15:48:08.285992664Z,23940.804184,98756862,1247256576,1242025984
calibration-20260902-f,S1-100-r02,2026-09-01T15:48:08.296117762Z,23950.929283,98757082,1247256576,1242025984
calibration-20260902-f,S1-100-r02,2026-09-01T15:48:08.306300227Z,23961.111747,98757277,1247256576,1242025984
calibration-20260902-f,S1-100-r02,2026-09-01T15:48:08.315493205Z,23970.304726,98757467,1247256576,1242025984
calibration-20260902-f,S1-100-r02,2026-09-01T15:48:08.325653165Z,23980.464685,98757697,1247256576,1242025984
calibration-20260902-f,S1-100-r02,2026-09-01T15:48:08.336087878Z,23990.899399,98758072,1250009088,1244647424
calibration-20260902-f,S1-100-r02,2026-09-01T15:48:08.346267842Z,24001.079357,98793901,1250697216,1245691904
calibration-20260902-f,S1-100-r02,2026-09-01T15:48:08.355496012Z,24010.307533,98847569,1250697216,1245442048
calibration-20260902-f,S1-100-r02,2026-09-01T15:48:08.365737072Z,24020.548592,98854634,1250697216,1245442048
calibration-20260902-f,S1-100-r02,2026-09-01T15:48:08.375952733Z,24030.764259,98854862,1250697216,1245700096
calibration-20260902-f,S1-100-r02,2026-09-01T15:48:08.386151967Z,24040.963488,98855210,1250697216,1245700096
calibration-20260902-f,S1-100-r02,2026-09-01T15:48:08.39632265Z,24051.134166,98855309,1250697216,1245700096
calibration-20260902-f,S1-100-r02,2026-09-01T15:48:08.405463589Z,24060.275110,98855379,1250697216,1245700096
calibration-20260902-f,S1-100-r02,2026-09-01T15:48:08.415613308Z,24070.424824,98855447,1250697216,1245700096
calibration-20260902-f,S1-100-r02,2026-09-01T15:48:08.425811662Z,24080.623177,98855579,1250926592,1245700096
calibration-20260902-f,S1-100-r02,2026-09-01T15:48:08.436015791Z,24090.827306,98855880,1204920320,1206210560
calibration-20260902-f,S1-100-r02,2026-09-01T15:48:08.446254245Z,24101.065767,98891514,1203052544,1197895680
calibration-20260902-f,S1-100-r02,2026-09-01T15:48:08.455470716Z,24110.282237,98945106,1203052544,1197895680
calibration-20260902-f,S1-100-r02,2026-09-01T15:48:08.465724977Z,24120.536497,98954253,1203052544,1197797376
calibration-20260902-f,S1-100-r02,2026-09-01T15:48:08.475869302Z,24130.680824,98954498,1203052544,1197797376
calibration-20260902-f,S1-100-r02,2026-09-01T15:48:08.485994048Z,24140.805569,98954657,1203052544,1197797376
calibration-20260902-f,S1-100-r02,2026-09-01T15:48:08.496101325Z,24150.912845,98954825,1203052544,1197797376
calibration-20260902-f,S1-100-r02,2026-09-01T15:48:08.506327164Z,24161.138684,98955005,1203052544,1197797376
calibration-20260902-f,S1-100-r02,2026-09-01T15:48:08.51545613Z,24170.267651,98955156,1203052544,1197797376
calibration-20260902-f,S1-100-r02,2026-09-01T15:48:08.52560151Z,24180.413030,98955230,1203052544,1197797376
calibration-20260902-f,S1-100-r02,2026-09-01T15:48:08.535845357Z,24190.656879,98955369,1203052544,1197797376
calibration-20260902-f,S1-100-r02,2026-09-01T15:48:08.546018639Z,24200.830159,98990703,1203052544,1197797376
calibration-20260902-f,S1-100-r02,2026-09-01T15:48:08.556263834Z,24211.075354,99044250,1203052544,1197797376
calibration-20260902-f,S1-100-r02,2026-09-01T15:48:08.565429257Z,24220.240778,99053368,1203052544,1197797376
calibration-20260902-f,S1-100-r02,2026-09-01T15:48:08.57560883Z,24230.420350,99053510,1203052544,1197797376
calibration-20260902-f,S1-100-r02,2026-09-01T15:48:08.634767816Z,24289.579337,99053869,1203052544,1197797376
calibration-20260902-f,S1-100-r02,2026-09-01T15:48:08.635963018Z,24290.774539,99054116,1203052544,1197797376
calibration-20260902-f,S1-100-r02,2026-09-01T15:48:08.645790921Z,24300.602441,99092116,1156640768,1151795200
calibration-20260902-f,S1-100-r02,2026-09-01T15:48:08.655973011Z,24310.784527,99143550,1174761472,1169375232
calibration-20260902-f,S1-100-r02,2026-09-01T15:48:08.666188256Z,24320.999776,99152733,1179578368,1174618112
calibration-20260902-f,S1-100-r02,2026-09-01T15:48:08.67537165Z,24330.183170,99152913,1179578368,1174519808
calibration-20260902-f,S1-100-r02,2026-09-01T15:48:08.685508452Z,24340.319973,99153077,1179578368,1174519808
calibration-20260902-f,S1-100-r02,2026-09-01T15:48:08.695704279Z,24350.515799,99153230,1179578368,1174290432
calibration-20260902-f,S1-100-r02,2026-09-01T15:48:08.705864357Z,24360.675876,99153425,1179578368,1174552576
calibration-20260902-f,S1-100-r02,2026-09-01T15:48:08.716016885Z,24370.828405,99153624,1179578368,1174552576
calibration-20260902-f,S1-100-r02,2026-09-01T15:48:08.734736594Z,24389.548115,99153792,1179578368,1174552576
calibration-20260902-f,S1-100-r02,2026-09-01T15:48:08.735840178Z,24390.651698,99153981,1181413376,1176387584
calibration-20260902-f,S1-100-r02,2026-09-01T15:48:08.746011347Z,24400.822871,99189377,1200680960,1195524096
calibration-20260902-f,S1-100-r02,2026-09-01T15:48:08.756228279Z,24411.039796,99243140,1203433472,1198407680
calibration-20260902-f,S1-100-r02,2026-09-01T15:48:08.765449032Z,24420.260553,99256661,1206185984,1201029120
calibration-20260902-f,S1-100-r02,2026-09-01T15:48:08.77564944Z,24430.460961,99256902,1206185984,1200771072
calibration-20260902-f,S1-100-r02,2026-09-01T15:48:08.785811505Z,24440.623025,99257109,1206185984,1200771072
calibration-20260902-f,S1-100-r02,2026-09-01T15:48:08.795980647Z,24450.792172,99257235,1206185984,1200771072
calibration-20260902-f,S1-100-r02,2026-09-01T15:48:08.806140297Z,24460.951818,99257408,1206185984,1201029120
calibration-20260902-f,S1-100-r02,2026-09-01T15:48:08.816334041Z,24471.145572,99257567,1206185984,1201029120
calibration-20260902-f,S1-100-r02,2026-09-01T15:48:08.834849613Z,24489.661132,99257810,1206185984,1201291264
calibration-20260902-f,S1-100-r02,2026-09-01T15:48:08.835970485Z,24490.782006,99258133,1207791616,1202601984
calibration-20260902-f,S1-100-r02,2026-09-01T15:48:08.846108411Z,24500.919931,99293299,1224765440,1219903488
calibration-20260902-f,S1-100-r02,2026-09-01T15:48:08.856300072Z,24511.111593,99347092,1239674880,1234583552
calibration-20260902-f,S1-100-r02,2026-09-01T15:48:08.865459314Z,24520.270834,99351742,1239674880,1234583552
calibration-20260902-f,S1-100-r02,2026-09-01T15:48:08.87561722Z,24530.428735,99352039,1239904256,1234583552
calibration-20260902-f,S1-100-r02,2026-09-01T15:48:08.885785808Z,24540.597329,99352149,1239904256,1234583552
calibration-20260902-f,S1-100-r02,2026-09-01T15:48:08.895934927Z,24550.746448,99352253,1239904256,1234583552
calibration-20260902-f,S1-100-r02,2026-09-01T15:48:08.906081342Z,24560.892862,99352334,1239904256,1234583552
calibration-20260902-f,S1-100-r02,2026-09-01T15:48:08.916268184Z,24571.079700,99352418,1239904256,1234583552
calibration-20260902-f,S1-100-r02,2026-09-01T15:48:08.925435106Z,24580.246622,99352530,1239904256,1234583552
calibration-20260902-f,S1-100-r02,2026-09-01T15:48:08.935583949Z,24590.395470,99352672,1241280512,1236156416
calibration-20260902-f,S1-100-r02,2026-09-01T15:48:08.945746634Z,24600.558155,99388113,1252061184,1246642176
calibration-20260902-f,S1-100-r02,2026-09-01T15:48:08.955979491Z,24610.791012,99441733,1252061184,1246642176
calibration-20260902-f,S1-100-r02,2026-09-01T15:48:08.966181228Z,24620.992749,99450876,1252061184,1246642176
calibration-20260902-f,S1-100-r02,2026-09-01T15:48:08.975352482Z,24630.164002,99451053,1252061184,1246642176
calibration-20260902-f,S1-100-r02,2026-09-01T15:48:08.985546275Z,24640.357796,99451202,1252061184,1246642176
calibration-20260902-f,S1-100-r02,2026-09-01T15:48:08.995724848Z,24650.536369,99451349,1252061184,1246642176
calibration-20260902-f,S1-100-r02,2026-09-01T15:48:09.005868813Z,24660.680334,99451537,1252061184,1246642176
calibration-20260902-f,S1-100-r02,2026-09-01T15:48:09.016065841Z,24670.877361,99451793,1252061184,1246642176
calibration-20260902-f,S1-100-r02,2026-09-01T15:48:09.026220093Z,24681.031613,99452014,1252061184,1246642176
calibration-20260902-f,S1-100-r02,2026-09-01T15:48:09.035471365Z,24690.282886,99452231,1252061184,1246642176
calibration-20260902-f,S1-100-r02,2026-09-01T15:48:09.045716906Z,24700.528422,99490702,1204785152,1199435776
calibration-20260902-f,S1-100-r02,2026-09-01T15:48:09.055335573Z,24710.147094,99542275,1219235840,1213734912
calibration-20260902-f,S1-100-r02,2026-09-01T15:48:09.065627666Z,24720.439186,99551390,1219235840,1213636608
calibration-20260902-f,S1-100-r02,2026-09-01T15:48:09.075838519Z,24730.650040,99551582,1219465216,1213636608
calibration-20260902-f,S1-100-r02,2026-09-01T15:48:09.086004512Z,24740.816027,99551875,1219465216,1213636608
calibration-20260902-f,S1-100-r02,2026-09-01T15:48:09.096175903Z,24750.987423,99551971,1219465216,1213636608
calibration-20260902-f,S1-100-r02,2026-09-01T15:48:09.106324272Z,24761.135788,99552058,1219465216,1213636608
calibration-20260902-f,S1-100-r02,2026-09-01T15:48:09.134787322Z,24789.598842,99552187,1219694592,1213898752
calibration-20260902-f,S1-100-r02,2026-09-01T15:48:09.135880632Z,24790.692152,99552470,1221300224,1215471616
calibration-20260902-f,S1-100-r02,2026-09-01T15:48:09.146059232Z,24800.870752,99587664,1240338432,1234608128
calibration-20260902-f,S1-100-r02,2026-09-01T15:48:09.156340932Z,24811.152448,99641578,1252954112,1246928896
calibration-20260902-f,S1-100-r02,2026-09-01T15:48:09.165546272Z,24820.357793,99650635,1252954112,1246928896
calibration-20260902-f,S1-100-r02,2026-09-01T15:48:09.175773119Z,24830.584641,99650837,1252954112,1246928896
calibration-20260902-f,S1-100-r02,2026-09-01T15:48:09.234782037Z,24889.593558,99651176,1252954112,1246928896
calibration-20260902-f,S1-100-r02,2026-09-01T15:48:09.236528429Z,24891.339956,99651466,1252954112,1246928896
calibration-20260902-f,S1-100-r02,2026-09-01T15:48:09.245716227Z,24900.527747,99686558,1252954112,1246760960
calibration-20260902-f,S1-100-r02,2026-09-01T15:48:09.25597546Z,24910.786981,99740202,1252954112,1246760960
calibration-20260902-f,S1-100-r02,2026-09-01T15:48:09.266206313Z,24921.017834,99753849,1252954112,1247023104
calibration-20260902-f,S1-100-r02,2026-09-01T15:48:09.275510327Z,24930.321847,99754104,1253183488,1247023104
calibration-20260902-f,S1-100-r02,2026-09-01T15:48:09.285736468Z,24940.547988,99754303,1253183488,1247023104
calibration-20260902-f,S1-100-r02,2026-09-01T15:48:09.295979831Z,24950.791353,99754461,1253183488,1247023104
calibration-20260902-f,S1-100-r02,2026-09-01T15:48:09.30612407Z,24960.935590,99754585,1253183488,1247023104
calibration-20260902-f,S1-100-r02,2026-09-01T15:48:09.316262261Z,24971.073782,99754697,1253183488,1247023104
calibration-20260902-f,S1-100-r02,2026-09-01T15:48:09.325440558Z,24980.252078,99754816,1253183488,1247023104
calibration-20260902-f,S1-100-r02,2026-09-01T15:48:09.335693616Z,24990.505137,99755014,1253183488,1247023104
calibration-20260902-f,S1-100-r02,2026-09-01T15:48:09.345909898Z,25000.721419,99789974,1253183488,1247023104
calibration-20260902-f,S1-100-r02,2026-09-01T15:48:09.356164692Z,25010.976213,99843790,1253183488,1247023104
calibration-20260902-f,S1-100-r02,2026-09-01T15:48:09.365388416Z,25020.199936,99852860,1253183488,1247023104
calibration-20260902-f,S1-100-r02,2026-09-01T15:48:09.375502017Z,25030.313538,99852993,1253183488,1247023104
calibration-20260902-f,S1-100-r02,2026-09-01T15:48:09.385623618Z,25040.435139,99853088,1253183488,1247023104
calibration-20260902-f,S1-100-r02,2026-09-01T15:48:09.395888305Z,25050.699824,99853253,1253183488,1247023104
calibration-20260902-f,S1-100-r02,2026-09-01T15:48:09.406022317Z,25060.833838,99853378,1253183488,1247023104
calibration-20260902-f,S1-100-r02,2026-09-01T15:48:09.416173382Z,25070.984902,99853503,1253183488,1247023104
calibration-20260902-f,S1-100-r02,2026-09-01T15:48:09.426354187Z,25081.165707,99853631,1253183488,1247023104
calibration-20260902-f,S1-100-r02,2026-09-01T15:48:09.435614318Z,25090.425839,99853829,1253183488,1247023104
calibration-20260902-f,S1-100-r02,2026-09-01T15:48:09.445335903Z,25100.147426,99891881,1263276032,1258033152
calibration-20260902-f,S1-100-r02,2026-09-01T15:48:09.455363197Z,25110.174717,99943826,1233313792,1228005376
calibration-20260902-f,S1-100-r02,2026-09-01T15:48:09.46556239Z,25120.373911,99953035,1239048192,1233772544
calibration-20260902-f,S1-100-r02,2026-09-01T15:48:09.475734149Z,25130.545670,99953241,1239048192,1233420288
calibration-20260902-f,S1-100-r02,2026-09-01T15:48:09.485879757Z,25140.691278,99953482,1239048192,1233420288
calibration-20260902-f,S1-100-r02,2026-09-01T15:48:09.495993458Z,25150.804979,99953546,1239048192,1233420288
calibration-20260902-f,S1-100-r02,2026-09-01T15:48:09.506126369Z,25160.937884,99953608,1239048192,1233420288
calibration-20260902-f,S1-100-r02,2026-09-01T15:48:09.516291169Z,25171.102685,99953689,1239048192,1233420288
calibration-20260902-f,S1-100-r02,2026-09-01T15:48:09.525437639Z,25180.249159,99953769,1239048192,1233420288
calibration-20260902-f,S1-100-r02,2026-09-01T15:48:09.535575067Z,25190.386587,99953897,1240653824,1234993152
calibration-20260902-f,S1-100-r02,2026-09-01T15:48:09.54583596Z,25200.647475,99989650,1253498880,1247838208
calibration-20260902-f,S1-100-r02,2026-09-01T15:48:09.556054175Z,25210.865696,100043244,1253498880,1247838208
calibration-20260902-f,S1-100-r02,2026-09-01T15:48:09.566288295Z,25221.099815,100052397,1253498880,1247838208
calibration-20260902-f,S1-100-r02,2026-09-01T15:48:09.57541035Z,25230.221872,100052571,1253498880,1247838208
calibration-20260902-f,S1-100-r02,2026-09-01T15:48:09.585593523Z,25240.405044,100052706,1253498880,1247838208
calibration-20260902-f,S1-100-r02,2026-09-01T15:48:09.595736431Z,25250.547951,100052866,1253498880,1247838208
calibration-20260902-f,S1-100-r02,2026-09-01T15:48:09.605905326Z,25260.716846,100052981,1253498880,1247838208
calibration-20260902-f,S1-100-r02,2026-09-01T15:48:09.616019214Z,25270.830735,100053096,1253498880,1247838208
calibration-20260902-f,S1-100-r02,2026-09-01T15:48:09.62617579Z,25280.987310,100053259,1253728256,1248100352
calibration-20260902-f,S1-100-r02,2026-09-01T15:48:09.636365756Z,25291.177299,100053457,1253728256,1248100352
calibration-20260902-f,S1-100-r02,2026-09-01T15:48:09.645558221Z,25300.369737,100089803,1205702656,1199837184
calibration-20260902-f,S1-100-r02,2026-09-01T15:48:09.655388108Z,25310.199627,100142672,1205932032,1200029696
calibration-20260902-f,S1-100-r02,2026-09-01T15:48:09.665622679Z,25320.434200,100151825,1205932032,1200029696
calibration-20260902-f,S1-100-r02,2026-09-01T15:48:09.675848677Z,25330.660198,100152046,1205932032,1199931392
calibration-20260902-f,S1-100-r02,2026-09-01T15:48:09.686111915Z,25340.923464,100152477,1205932032,1199931392
calibration-20260902-f,S1-100-r02,2026-09-01T15:48:09.695492732Z,25350.304253,100152926,1205932032,1200193536
calibration-20260902-f,S1-100-r02,2026-09-01T15:48:09.705640224Z,25360.451744,100153092,1205932032,1200193536
calibration-20260902-f,S1-100-r02,2026-09-01T15:48:09.715817508Z,25370.629029,100153325,1205932032,1200193536
calibration-20260902-f,S1-100-r02,2026-09-01T15:48:09.726027718Z,25380.839239,100153530,1205932032,1200193536
calibration-20260902-f,S1-100-r02,2026-09-01T15:48:09.735408443Z,25390.219966,100153679,1205932032,1200193536
calibration-20260902-f,S1-100-r02,2026-09-01T15:48:09.745653747Z,25400.465263,100189305,1205932032,1200193536
calibration-20260902-f,S1-100-r02,2026-09-01T15:48:09.75585047Z,25410.661985,100242835,1205932032,1200193536
calibration-20260902-f,S1-100-r02,2026-09-01T15:48:09.766062136Z,25420.873656,100256418,1205932032,1200455680
calibration-20260902-f,S1-100-r02,2026-09-01T15:48:09.776188874Z,25431.000394,100256620,1205932032,1200713728
calibration-20260902-f,S1-100-r02,2026-09-01T15:48:09.786322084Z,25441.133604,100256799,1205932032,1200713728
calibration-20260902-f,S1-100-r02,2026-09-01T15:48:09.795528812Z,25450.340334,100256978,1205932032,1200713728
calibration-20260902-f,S1-100-r02,2026-09-01T15:48:09.805660527Z,25460.472048,100257146,1205932032,1200713728
calibration-20260902-f,S1-100-r02,2026-09-01T15:48:09.815840924Z,25470.652456,100257361,1205932032,1200713728
calibration-20260902-f,S1-100-r02,2026-09-01T15:48:09.825980754Z,25480.792274,100257572,1205932032,1200713728
calibration-20260902-f,S1-100-r02,2026-09-01T15:48:09.83616744Z,25490.978961,100257763,1205932032,1200713728
calibration-20260902-f,S1-100-r02,2026-09-01T15:48:09.846321266Z,25501.132781,100295520,1157750784,1152720896
calibration-20260902-f,S1-100-r02,2026-09-01T15:48:09.856038761Z,25510.850276,100347284,1157980160,1152905216
calibration-20260902-f,S1-100-r02,2026-09-01T15:48:09.866214779Z,25521.026302,100351847,1157980160,1152806912
calibration-20260902-f,S1-100-r02,2026-09-01T15:48:09.875358385Z,25530.169910,100351968,1157980160,1152806912
calibration-20260902-f,S1-100-r02,2026-09-01T15:48:09.885502702Z,25540.314217,100352039,1157980160,1152806912
calibration-20260902-f,S1-100-r02,2026-09-01T15:48:09.895700745Z,25550.512260,100352142,1157980160,1152806912
calibration-20260902-f,S1-100-r02,2026-09-01T15:48:09.905880151Z,25560.691666,100352245,1157980160,1152806912
calibration-20260902-f,S1-100-r02,2026-09-01T15:48:09.916009977Z,25570.821501,100352331,1157980160,1152806912
calibration-20260902-f,S1-100-r02,2026-09-01T15:48:09.9261512Z,25580.962715,100352404,1157980160,1152806912
calibration-20260902-f,S1-100-r02,2026-09-01T15:48:09.935419455Z,25590.231001,100352538,1157980160,1152806912
calibration-20260902-f,S1-100-r02,2026-09-01T15:48:09.945712836Z,25600.524356,100389145,1168990208,1163812864
calibration-20260902-f,S1-100-r02,2026-09-01T15:48:09.956025665Z,25610.837185,100442151,1182982144,1177968640
calibration-20260902-f,S1-100-r02,2026-09-01T15:48:09.96621943Z,25621.030953,100455818,1182982144,1177968640
calibration-20260902-f,S1-100-r02,2026-09-01T15:48:09.975651678Z,25630.463198,100456258,1182982144,1177968640
calibration-20260902-f,S1-100-r02,2026-09-01T15:48:09.985859998Z,25640.671518,100456520,1182982144,1177968640
calibration-20260902-f,S1-100-r02,2026-09-01T15:48:09.996075017Z,25650.886532,100457022,1182982144,1177968640
calibration-20260902-f,S1-100-r02,2026-09-01T15:48:10.005581223Z,25660.392738,100457167,1182982144,1177968640
calibration-20260902-f,S1-100-r02,2026-09-01T15:48:10.034756616Z,25689.568131,100457308,1183211520,1178230784
calibration-20260902-f,S1-100-r02,2026-09-01T15:48:10.035845138Z,25690.656658,100457575,1185046528,1179803648
calibration-20260902-f,S1-100-r02,2026-09-01T15:48:10.046039971Z,25700.851492,100494904,1203396608,1198415872
calibration-20260902-f,S1-100-r02,2026-09-01T15:48:10.056332329Z,25711.143849,100546850,1226792960,1222008832
calibration-20260902-f,S1-100-r02,2026-09-01T15:48:10.065481074Z,25720.292596,100551577,1230692352,1225940992
calibration-20260902-f,S1-100-r02,2026-09-01T15:48:10.075626332Z,25730.437852,100551764,1230692352,1225936896
calibration-20260902-f,S1-100-r02,2026-09-01T15:48:10.085772739Z,25740.584259,100551934,1230921728,1225936896
calibration-20260902-f,S1-100-r02,2026-09-01T15:48:10.095954427Z,25750.765947,100552119,1230921728,1225678848
calibration-20260902-f,S1-100-r02,2026-09-01T15:48:10.106121769Z,25760.933290,100552289,1230921728,1225678848
calibration-20260902-f,S1-100-r02,2026-09-01T15:48:10.11631735Z,25771.128871,100552387,1230921728,1225678848
calibration-20260902-f,S1-100-r02,2026-09-01T15:48:10.125512168Z,25780.323684,100552513,1230921728,1225678848
calibration-20260902-f,S1-100-r02,2026-09-01T15:48:10.135710425Z,25790.521946,100552740,1232527360,1227251712
calibration-20260902-f,S1-100-r02,2026-09-01T15:48:10.145915423Z,25800.726944,100588028,1249959936,1244553216
calibration-20260902-f,S1-100-r02,2026-09-01T15:48:10.156124677Z,25810.936193,100642276,1254776832,1249533952
calibration-20260902-f,S1-100-r02,2026-09-01T15:48:10.166332331Z,25821.143851,100651432,1254776832,1249533952
calibration-20260902-f,S1-100-r02,2026-09-01T15:48:10.175582805Z,25830.394325,100651676,1254776832,1249533952
calibration-20260902-f,S1-100-r02,2026-09-01T15:48:10.185770006Z,25840.581528,100651852,1254776832,1249533952
calibration-20260902-f,S1-100-r02,2026-09-01T15:48:10.195901979Z,25850.713499,100652033,1254776832,1249533952
calibration-20260902-f,S1-100-r02,2026-09-01T15:48:10.206095042Z,25860.906563,100652231,1254776832,1249533952
calibration-20260902-f,S1-100-r02,2026-09-01T15:48:10.216324277Z,25871.135798,100652472,1254776832,1249533952
calibration-20260902-f,S1-100-r02,2026-09-01T15:48:10.225486836Z,25880.298356,100652649,1254776832,1249316864
calibration-20260902-f,S1-100-r02,2026-09-01T15:48:10.235707592Z,25890.519113,100652857,1254776832,1249316864
calibration-20260902-f,S1-100-r02,2026-09-01T15:48:10.245868151Z,25900.679671,100691334,1242439680,1249316864
calibration-20260902-f,S1-100-r02,2026-09-01T15:48:10.25612893Z,25910.940451,100742782,1220780032,1215107072
calibration-20260902-f,S1-100-r02,2026-09-01T15:48:10.266376761Z,25921.188283,100752034,1224450048,1218777088
calibration-20260902-f,S1-100-r02,2026-09-01T15:48:10.275634974Z,25930.446494,100752303,1224450048,1218764800
calibration-20260902-f,S1-100-r02,2026-09-01T15:48:10.285793927Z,25940.605442,100752618,1224450048,1218764800
calibration-20260902-f,S1-100-r02,2026-09-01T15:48:10.295921985Z,25950.733506,100752695,1224450048,1218666496
calibration-20260902-f,S1-100-r02,2026-09-01T15:48:10.306057355Z,25960.868871,100752765,1224450048,1218666496
calibration-20260902-f,S1-100-r02,2026-09-01T15:48:10.31621326Z,25971.024781,100752837,1224450048,1218928640
calibration-20260902-f,S1-100-r02,2026-09-01T15:48:10.32635083Z,25981.162351,100752920,1224450048,1218924544
calibration-20260902-f,S1-100-r02,2026-09-01T15:48:10.335812352Z,25990.623872,100753111,1226743808,1221283840
calibration-20260902-f,S1-100-r02,2026-09-01T15:48:10.34602634Z,26000.837861,100788396,1245782016,1240420352
calibration-20260902-f,S1-100-r02,2026-09-01T15:48:10.356205381Z,26011.016902,100842196,1255186432,1249857536
calibration-20260902-f,S1-100-r02,2026-09-01T15:48:10.365435582Z,26020.247102,100851297,1255186432,1249857536
calibration-20260902-f,S1-100-r02,2026-09-01T15:48:10.37558007Z,26030.391592,100851495,1255186432,1249722368
calibration-20260902-f,S1-100-r02,2026-09-01T15:48:10.38581596Z,26040.627479,100851737,1255186432,1249722368
calibration-20260902-f,S1-100-r02,2026-09-01T15:48:10.395983506Z,26050.795026,100851953,1255186432,1249722368
calibration-20260902-f,S1-100-r02,2026-09-01T15:48:10.406126927Z,26060.938447,100852114,1255415808,1249722368
calibration-20260902-f,S1-100-r02,2026-09-01T15:48:10.416257648Z,26071.069169,100852263,1255415808,1249722368
calibration-20260902-f,S1-100-r02,2026-09-01T15:48:10.425459045Z,26080.270565,100852388,1255645184,1249722368
calibration-20260902-f,S1-100-r02,2026-09-01T15:48:10.435634081Z,26090.445601,100852566,1255645184,1249722368
calibration-20260902-f,S1-100-r02,2026-09-01T15:48:10.445816653Z,26100.628174,100887663,1255645184,1249722368
calibration-20260902-f,S1-100-r02,2026-09-01T15:48:10.4560056Z,26110.817120,100941337,1255645184,1249984512
calibration-20260902-f,S1-100-r02,2026-09-01T15:48:10.466210331Z,26121.021851,100950485,1255645184,1249984512
calibration-20260902-f,S1-100-r02,2026-09-01T15:48:10.476373728Z,26131.185249,100950690,1255645184,1249984512
calibration-20260902-f,S1-100-r02,2026-09-01T15:48:10.485576325Z,26140.387846,100950878,1255645184,1249984512
calibration-20260902-f,S1-100-r02,2026-09-01T15:48:10.495720045Z,26150.531566,100951012,1255645184,1249984512
calibration-20260902-f,S1-100-r02,2026-09-01T15:48:10.505874502Z,26160.686023,100951167,1255645184,1249984512
calibration-20260902-f,S1-100-r02,2026-09-01T15:48:10.516089875Z,26170.901396,100951416,1255645184,1249853440
calibration-20260902-f,S1-100-r02,2026-09-01T15:48:10.526344803Z,26181.156323,100951762,1255645184,1250115584
calibration-20260902-f,S1-100-r02,2026-09-01T15:48:10.535835611Z,26190.647132,100952067,1255645184,1250115584
calibration-20260902-f,S1-100-r02,2026-09-01T15:48:10.546077137Z,26200.888657,100987174,1255645184,1250115584
calibration-20260902-f,S1-100-r02,2026-09-01T15:48:10.556369411Z,26211.180932,101040883,1255645184,1250115584
calibration-20260902-f,S1-100-r02,2026-09-01T15:48:10.565611603Z,26220.423124,101054464,1255645184,1250131968
calibration-20260902-f,S1-100-r02,2026-09-01T15:48:10.575790554Z,26230.602074,101054678,1255645184,1250394112
calibration-20260902-f,S1-100-r02,2026-09-01T15:48:10.5859506Z,26240.762120,101054846,1255645184,1250394112
calibration-20260902-f,S1-100-r02,2026-09-01T15:48:10.596054899Z,26250.866419,101054989,1255645184,1250394112
calibration-20260902-f,S1-100-r02,2026-09-01T15:48:10.606189526Z,26261.001048,101055090,1255645184,1250394112
calibration-20260902-f,S1-100-r02,2026-09-01T15:48:10.61638476Z,26271.196280,101055204,1255645184,1250394112
calibration-20260902-f,S1-100-r02,2026-09-01T15:48:10.625575502Z,26280.387022,101055326,1255645184,1250394112
calibration-20260902-f,S1-100-r02,2026-09-01T15:48:10.635839313Z,26290.650834,101055535,1255645184,1250394112
calibration-20260902-f,S1-100-r02,2026-09-01T15:48:10.646087718Z,26300.899239,101092146,1264132096,1259044864
calibration-20260902-f,S1-100-r02,2026-09-01T15:48:10.656297353Z,26311.108873,101145052,1276289024,1271103488
calibration-20260902-f,S1-100-r02,2026-09-01T15:48:10.665541955Z,26320.353477,101154152,1276289024,1271103488
calibration-20260902-f,S1-100-r02,2026-09-01T15:48:10.675732051Z,26330.543571,101154309,1276289024,1271103488
calibration-20260902-f,S1-100-r02,2026-09-01T15:48:10.685888763Z,26340.700283,101154491,1276289024,1271103488
calibration-20260902-f,S1-100-r02,2026-09-01T15:48:10.696078872Z,26350.890394,101154770,1276289024,1271103488
calibration-20260902-f,S1-100-r02,2026-09-01T15:48:10.706245417Z,26361.056938,101154973,1276289024,1271103488
calibration-20260902-f,S1-100-r02,2026-09-01T15:48:10.716357676Z,26371.169197,101155151,1276289024,1271103488
calibration-20260902-f,S1-100-r02,2026-09-01T15:48:10.725569913Z,26380.381433,101155356,1276289024,1271103488
calibration-20260902-f,S1-100-r02,2026-09-01T15:48:10.735672611Z,26390.484132,101155658,1277435904,1272414208
calibration-20260902-f,S1-100-r02,2026-09-01T15:48:10.745816947Z,26400.628468,101194640,1288445952,1283162112
calibration-20260902-f,S1-100-r02,2026-09-01T15:48:10.755851832Z,26410.663352,101245994,1252823040,1247453184
calibration-20260902-f,S1-100-r02,2026-09-01T15:48:10.766168768Z,26420.980289,101255138,1252823040,1247625216
calibration-20260902-f,S1-100-r02,2026-09-01T15:48:10.776345066Z,26431.156587,101255411,1252823040,1247625216
calibration-20260902-f,S1-100-r02,2026-09-01T15:48:10.785550642Z,26440.362163,101255632,1252823040,1247625216
calibration-20260902-f,S1-100-r02,2026-09-01T15:48:10.795740528Z,26450.552048,101255787,1252823040,1247625216
calibration-20260902-f,S1-100-r02,2026-09-01T15:48:10.805925012Z,26460.736533,101255948,1252823040,1247625216
calibration-20260902-f,S1-100-r02,2026-09-01T15:48:10.816089558Z,26470.901087,101256093,1252823040,1247625216
calibration-20260902-f,S1-100-r02,2026-09-01T15:48:10.826262414Z,26481.073929,101256243,1252823040,1247625216
calibration-20260902-f,S1-100-r02,2026-09-01T15:48:10.835445715Z,26490.257235,101256395,1253969920,1248673792
calibration-20260902-f,S1-100-r02,2026-09-01T15:48:10.845495843Z,26500.307358,101294518,1256263680,1251033088
calibration-20260902-f,S1-100-r02,2026-09-01T15:48:10.855759124Z,26510.570645,101345691,1144721408,1139781632
calibration-20260902-f,S1-100-r02,2026-09-01T15:48:10.865962806Z,26520.774327,101354786,1152520192,1147645952
calibration-20260902-f,S1-100-r02,2026-09-01T15:48:10.876186891Z,26530.998412,101355046,1152520192,1147387904
calibration-20260902-f,S1-100-r02,2026-09-01T15:48:10.886364503Z,26541.176024,101355179,1152520192,1147387904
calibration-20260902-f,S1-100-r02,2026-09-01T15:48:10.895545391Z,26550.356911,101355302,1152520192,1147387904
calibration-20260902-f,S1-100-r02,2026-09-01T15:48:10.905727963Z,26560.539483,101355452,1152520192,1147387904
calibration-20260902-f,S1-100-r02,2026-09-01T15:48:10.915920555Z,26570.732076,101355603,1152520192,1147387904
calibration-20260902-f,S1-100-r02,2026-09-01T15:48:10.926097179Z,26580.908700,101355725,1152520192,1147645952
calibration-20260902-f,S1-100-r02,2026-09-01T15:48:10.936235356Z,26591.046877,101355935,1156648960,1151840256
calibration-20260902-f,S1-100-r02,2026-09-01T15:48:10.945426009Z,26600.237530,101390800,1158483968,1153675264
calibration-20260902-f,S1-100-r02,2026-09-01T15:48:10.955667887Z,26610.479404,101444801,1158483968,1153675264
calibration-20260902-f,S1-100-r02,2026-09-01T15:48:10.965885737Z,26620.697257,101453877,1158483968,1153675264
calibration-20260902-f,S1-100-r02,2026-09-01T15:48:10.976061006Z,26630.872526,101454085,1158713344,1153675264
calibration-20260902-f,S1-100-r02,2026-09-01T15:48:10.986220038Z,26641.031559,101454287,1158713344,1153675264
calibration-20260902-f,S1-100-r02,2026-09-01T15:48:10.996347655Z,26651.159175,101454482,1158713344,1153675264
calibration-20260902-f,S1-100-r02,2026-09-01T15:48:11.034780682Z,26689.592203,101454813,1158713344,1153675264
calibration-20260902-f,S1-100-r02,2026-09-01T15:48:11.035913237Z,26690.724757,101455046,1158713344,1153675264
calibration-20260902-f,S1-100-r02,2026-09-01T15:48:11.046086187Z,26700.897702,101492493,1110638592,1105686528
calibration-20260902-f,S1-100-r02,2026-09-01T15:48:11.056010798Z,26710.822317,101544447,1110638592,1105879040
calibration-20260902-f,S1-100-r02,2026-09-01T15:48:11.066233304Z,26721.044825,101553602,1110638592,1105879040
calibration-20260902-f,S1-100-r02,2026-09-01T15:48:11.075350427Z,26730.161948,101553825,1110638592,1105780736
calibration-20260902-f,S1-100-r02,2026-09-01T15:48:11.085583123Z,26740.394643,101554049,1110638592,1105780736
calibration-20260902-f,S1-100-r02,2026-09-01T15:48:11.09574694Z,26750.558462,101554213,1110638592,1105780736
calibration-20260902-f,S1-100-r02,2026-09-01T15:48:11.10587629Z,26760.687811,101554373,1110638592,1105780736
calibration-20260902-f,S1-100-r02,2026-09-01T15:48:11.115991218Z,26770.802739,101554566,1110638592,1105612800
calibration-20260902-f,S1-100-r02,2026-09-01T15:48:11.12616981Z,26780.981331,101554748,1110638592,1105874944
calibration-20260902-f,S1-100-r02,2026-09-01T15:48:11.136384805Z,26791.196325,101554956,1110638592,1105874944
calibration-20260902-f,S1-100-r02,2026-09-01T15:48:11.145619436Z,26800.430957,101590029,1110638592,1105887232
calibration-20260902-f,S1-100-r02,2026-09-01T15:48:11.155839746Z,26810.651267,101643667,1110638592,1105887232
calibration-20260902-f,S1-100-r02,2026-09-01T15:48:11.166086599Z,26820.898119,101652843,1110638592,1105887232
calibration-20260902-f,S1-100-r02,2026-09-01T15:48:11.176317711Z,26831.129232,101653100,1110867968,1105887232
calibration-20260902-f,S1-100-r02,2026-09-01T15:48:11.185522514Z,26840.334034,101653266,1110867968,1105887232
calibration-20260902-f,S1-100-r02,2026-09-01T15:48:11.195631371Z,26850.442892,101653432,1110867968,1105887232
calibration-20260902-f,S1-100-r02,2026-09-01T15:48:11.20579941Z,26860.610930,101653633,1111097344,1105887232
calibration-20260902-f,S1-100-r02,2026-09-01T15:48:11.21594712Z,26870.758642,101653754,1111097344,1105887232
calibration-20260902-f,S1-100-r02,2026-09-01T15:48:11.226116594Z,26880.928109,101653858,1111097344,1105887232
calibration-20260902-f,S1-100-r02,2026-09-01T15:48:11.236296615Z,26891.108136,101653966,1111097344,1105887232
calibration-20260902-f,S1-100-r02,2026-09-01T15:48:11.245468294Z,26900.279815,101689159,1124859904,1120038912
calibration-20260902-f,S1-100-r02,2026-09-01T15:48:11.255708201Z,26910.519722,101743067,1147797504,1142636544
calibration-20260902-f,S1-100-r02,2026-09-01T15:48:11.265934036Z,26920.745556,101752247,1153073152,1147879424
calibration-20260902-f,S1-100-r02,2026-09-01T15:48:11.276172859Z,26930.984380,101752420,1153073152,1147879424
calibration-20260902-f,S1-100-r02,2026-09-01T15:48:11.286357194Z,26941.168715,101752565,1153073152,1147879424
calibration-20260902-f,S1-100-r02,2026-09-01T15:48:11.334776541Z,26989.588062,101752696,1153302528,1147908096
calibration-20260902-f,S1-100-r02,2026-09-01T15:48:11.335919475Z,26990.730995,101752976,1156972544,1151840256
calibration-20260902-f,S1-100-r02,2026-09-01T15:48:11.346147046Z,27000.958566,101788430,1184497664,1179369472
calibration-20260902-f,S1-100-r02,2026-09-01T15:48:11.355343811Z,27010.155331,101842668,1198718976,1193787392
calibration-20260902-f,S1-100-r02,2026-09-01T15:48:11.365626402Z,27020.437922,101856176,1198718976,1193787392
calibration-20260902-f,S1-100-r02,2026-09-01T15:48:11.375785591Z,27030.597112,101856350,1198718976,1194045440
calibration-20260902-f,S1-100-r02,2026-09-01T15:48:11.385942145Z,27040.753666,101856443,1198718976,1194045440
calibration-20260902-f,S1-100-r02,2026-09-01T15:48:11.396048182Z,27050.859704,101856508,1198718976,1194045440
calibration-20260902-f,S1-100-r02,2026-09-01T15:48:11.406193239Z,27061.004759,101856572,1198718976,1194045440
calibration-20260902-f,S1-100-r02,2026-09-01T15:48:11.416363911Z,27071.175426,101856661,1198718976,1194045440
calibration-20260902-f,S1-100-r02,2026-09-01T15:48:11.425524285Z,27080.335806,101856749,1198718976,1194045440
calibration-20260902-f,S1-100-r02,2026-09-01T15:48:11.435701512Z,27090.513032,101856944,1200324608,1195618304
calibration-20260902-f,S1-100-r02,2026-09-01T15:48:11.445945974Z,27100.757496,101896031,1211334656,1206886400
calibration-20260902-f,S1-100-r02,2026-09-01T15:48:11.456216267Z,27111.027788,101946778,1227390976,1222877184
calibration-20260902-f,S1-100-r02,2026-09-01T15:48:11.46542994Z,27120.241461,101955869,1227390976,1222877184
calibration-20260902-f,S1-100-r02,2026-09-01T15:48:11.475560611Z,27130.372131,101956086,1227390976,1222877184
calibration-20260902-f,S1-100-r02,2026-09-01T15:48:11.485679746Z,27140.491266,101956253,1227390976,1222627328
calibration-20260902-f,S1-100-r02,2026-09-01T15:48:11.495798157Z,27150.609679,101956419,1227390976,1222627328
calibration-20260902-f,S1-100-r02,2026-09-01T15:48:11.505943623Z,27160.755144,101956571,1227390976,1222627328
calibration-20260902-f,S1-100-r02,2026-09-01T15:48:11.516064005Z,27170.875525,101956737,1227390976,1222627328
calibration-20260902-f,S1-100-r02,2026-09-01T15:48:11.52619416Z,27181.005681,101956918,1227390976,1222627328
calibration-20260902-f,S1-100-r02,2026-09-01T15:48:11.535833084Z,27190.644606,101957211,1229455360,1224986624
calibration-20260902-f,S1-100-r02,2026-09-01T15:48:11.546059514Z,27200.871029,101995934,1200259072,1195147264
calibration-20260902-f,S1-100-r02,2026-09-01T15:48:11.555514612Z,27210.326127,102047419,1208287232,1203200000
calibration-20260902-f,S1-100-r02,2026-09-01T15:48:11.565717384Z,27220.528905,102056533,1208287232,1203200000
calibration-20260902-f,S1-100-r02,2026-09-01T15:48:11.57589731Z,27230.708831,102056753,1208287232,1203101696
calibration-20260902-f,S1-100-r02,2026-09-01T15:48:11.586097366Z,27240.908887,102056950,1208287232,1202941952
calibration-20260902-f,S1-100-r02,2026-09-01T15:48:11.596303345Z,27251.114867,102057164,1208287232,1202941952
calibration-20260902-f,S1-100-r02,2026-09-01T15:48:11.605443632Z,27260.255152,102057305,1208287232,1202941952
calibration-20260902-f,S1-100-r02,2026-09-01T15:48:11.615629177Z,27270.440698,102057461,1208287232,1202941952
calibration-20260902-f,S1-100-r02,2026-09-01T15:48:11.625832791Z,27280.644312,102057671,1208287232,1202941952
calibration-20260902-f,S1-100-r02,2026-09-01T15:48:11.635970297Z,27290.781817,102057869,1208287232,1202941952
calibration-20260902-f,S1-100-r02,2026-09-01T15:48:11.646243115Z,27301.054636,102092936,1208287232,1202941952
calibration-20260902-f,S1-100-r02,2026-09-01T15:48:11.655534054Z,27310.345574,102146538,1208287232,1202941952
calibration-20260902-f,S1-100-r02,2026-09-01T15:48:11.665769646Z,27320.581166,102155639,1208287232,1202941952
calibration-20260902-f,S1-100-r02,2026-09-01T15:48:11.675954491Z,27330.766011,102155823,1208287232,1202941952
calibration-20260902-f,S1-100-r02,2026-09-01T15:48:11.686137136Z,27340.948656,102155954,1208287232,1202941952
calibration-20260902-f,S1-100-r02,2026-09-01T15:48:11.696268474Z,27351.079994,102156059,1208287232,1202941952
calibration-20260902-f,S1-100-r02,2026-09-01T15:48:11.705448612Z,27360.260137,102156167,1208287232,1202941952
calibration-20260902-f,S1-100-r02,2026-09-01T15:48:11.734763566Z,27389.575088,102156371,1208287232,1202941952
calibration-20260902-f,S1-100-r02,2026-09-01T15:48:11.735948144Z,27390.759689,102156594,1208287232,1202941952
calibration-20260902-f,S1-100-r02,2026-09-01T15:48:11.746156349Z,27400.967869,102191828,1208516608,1202941952
calibration-20260902-f,S1-100-r02,2026-09-01T15:48:11.755394573Z,27410.206094,102245488,1208516608,1202941952
calibration-20260902-f,S1-100-r02,2026-09-01T15:48:11.765627014Z,27420.438534,102254619,1208516608,1202941952
calibration-20260902-f,S1-100-r02,2026-09-01T15:48:11.834770845Z,27489.582366,102255056,1208516608,1202712576
calibration-20260902-f,S1-100-r02,2026-09-01T15:48:11.83596332Z,27490.774840,102255260,1208516608,1202712576
calibration-20260902-f,S1-100-r02,2026-09-01T15:48:11.846145929Z,27500.957450,102290144,1208516608,1202712576
calibration-20260902-f,S1-100-r02,2026-09-01T15:48:11.856345353Z,27511.156873,102343740,1208516608,1202712576
calibration-20260902-f,S1-100-r02,2026-09-01T15:48:11.86552208Z,27520.333600,102352819,1208516608,1202712576
calibration-20260902-f,S1-100-r02,2026-09-01T15:48:11.875736779Z,27530.548299,102353005,1208516608,1202712576
calibration-20260902-f,S1-100-r02,2026-09-01T15:48:11.885933495Z,27540.745016,102353156,1208516608,1202712576
calibration-20260902-f,S1-100-r02,2026-09-01T15:48:11.896112632Z,27550.924152,102353330,1208516608,1202974720
calibration-20260902-f,S1-100-r02,2026-09-01T15:48:11.906240552Z,27561.052073,102353466,1208516608,1203232768
calibration-20260902-f,S1-100-r02,2026-09-01T15:48:11.934768965Z,27589.580485,102353606,1208516608,1202962432
calibration-20260902-f,S1-100-r02,2026-09-01T15:48:11.935929372Z,27590.740898,102353850,1208516608,1203224576
calibration-20260902-f,S1-100-r02,2026-09-01T15:48:11.946155911Z,27600.967431,102396874,1216774144,1211871232
calibration-20260902-f,S1-100-r02,2026-09-01T15:48:11.956347146Z,27611.158667,102443799,1232371712,1227337728
calibration-20260902-f,S1-100-r02,2026-09-01T15:48:11.965597144Z,27620.408665,102452970,1232371712,1227337728
calibration-20260902-f,S1-100-r02,2026-09-01T15:48:11.975828731Z,27630.640251,102453165,1232371712,1227337728
calibration-20260902-f,S1-100-r02,2026-09-01T15:48:11.985997506Z,27640.809026,102453397,1232371712,1227337728
calibration-20260902-f,S1-100-r02,2026-09-01T15:48:11.996186537Z,27650.998058,102453607,1232371712,1227595776
calibration-20260902-f,S1-100-r02,2026-09-01T15:48:12.005346014Z,27660.157534,102453824,1232601088,1227595776
calibration-20260902-f,S1-100-r02,2026-09-01T15:48:12.015524259Z,27670.335779,102453987,1232601088,1227595776
calibration-20260902-f,S1-100-r02,2026-09-01T15:48:12.025661793Z,27680.473314,102454146,1232601088,1227595776
calibration-20260902-f,S1-100-r02,2026-09-01T15:48:12.036489102Z,27691.300622,102454453,1236041728,1231003648
calibration-20260902-f,S1-100-r02,2026-09-01T15:48:12.045629163Z,27700.440684,102491113,1203838976,1198923776
calibration-20260902-f,S1-100-r02,2026-09-01T15:48:12.055457842Z,27710.269363,102545617,1162473472,1157668864
calibration-20260902-f,S1-100-r02,2026-09-01T15:48:12.06560333Z,27720.414850,102554684,1162473472,1157668864
calibration-20260902-f,S1-100-r02,2026-09-01T15:48:12.075791547Z,27730.603067,102554869,1162473472,1157570560
calibration-20260902-f,S1-100-r02,2026-09-01T15:48:12.085991029Z,27740.802550,102555041,1162473472,1157476352
calibration-20260902-f,S1-100-r02,2026-09-01T15:48:12.09611063Z,27750.922151,102555212,1162702848,1157672960
calibration-20260902-f,S1-100-r02,2026-09-01T15:48:12.106349284Z,27761.160807,102555500,1162702848,1157672960
calibration-20260902-f,S1-100-r02,2026-09-01T15:48:12.11552321Z,27770.334730,102555662,1162702848,1157419008
calibration-20260902-f,S1-100-r02,2026-09-01T15:48:12.125663766Z,27780.475286,102555793,1162702848,1157419008
calibration-20260902-f,S1-100-r02,2026-09-01T15:48:12.135823869Z,27790.635389,102556138,1162702848,1157419008
calibration-20260902-f,S1-100-r02,2026-09-01T15:48:12.146034689Z,27800.846209,102591228,1162702848,1157419008
calibration-20260902-f,S1-100-r02,2026-09-01T15:48:12.156326147Z,27811.137667,102644862,1162702848,1157419008
calibration-20260902-f,S1-100-r02,2026-09-01T15:48:12.165502619Z,27820.314139,102653995,1162702848,1157414912
calibration-20260902-f,S1-100-r02,2026-09-01T15:48:12.175696619Z,27830.508140,102654169,1162702848,1157677056
calibration-20260902-f,S1-100-r02,2026-09-01T15:48:12.185917502Z,27840.729023,102654334,1162702848,1157677056
calibration-20260902-f,S1-100-r02,2026-09-01T15:48:12.196070773Z,27850.882293,102654461,1162702848,1157677056
calibration-20260902-f,S1-100-r02,2026-09-01T15:48:12.206200671Z,27861.012191,102654584,1162702848,1157677056
calibration-20260902-f,S1-100-r02,2026-09-01T15:48:12.216378118Z,27871.189638,102654699,1162702848,1157677056
calibration-20260902-f,S1-100-r02,2026-09-01T15:48:12.225505608Z,27880.317128,102654808,1162702848,1157677056
calibration-20260902-f,S1-100-r02,2026-09-01T15:48:12.235620355Z,27890.431875,102654922,1162702848,1157677056
calibration-20260902-f,S1-100-r02,2026-09-01T15:48:12.245856086Z,27900.667606,102690151,1162702848,1157677056
calibration-20260902-f,S1-100-r02,2026-09-01T15:48:12.256054849Z,27910.866370,102743724,1162702848,1157677056
calibration-20260902-f,S1-100-r02,2026-09-01T15:48:12.266257389Z,27921.068909,102754191,1162702848,1157677056
calibration-20260902-f,S1-100-r02,2026-09-01T15:48:12.275362215Z,27930.173735,102754364,1162702848,1157677056
calibration-20260902-f,S1-100-r02,2026-09-01T15:48:12.334782494Z,27989.594014,102754634,1162702848,1157677056
calibration-20260902-f,S1-100-r02,2026-09-01T15:48:12.335783353Z,27990.594867,102754890,1123188736,1128402944
calibration-20260902-f,S1-100-r02,2026-09-01T15:48:12.346187851Z,28000.999372,102790840,1114882048,1109876736
calibration-20260902-f,S1-100-r02,2026-09-01T15:48:12.356317651Z,28011.129170,102844476,1114882048,1109876736
calibration-20260902-f,S1-100-r02,2026-09-01T15:48:12.365499723Z,28020.311243,102853584,1114882048,1109778432
calibration-20260902-f,S1-100-r02,2026-09-01T15:48:12.375707614Z,28030.519134,102853755,1114882048,1109778432
calibration-20260902-f,S1-100-r02,2026-09-01T15:48:12.385889406Z,28040.700926,102853923,1114882048,1109622784
calibration-20260902-f,S1-100-r02,2026-09-01T15:48:12.395994091Z,28050.805612,102854082,1114882048,1109618688
calibration-20260902-f,S1-100-r02,2026-09-01T15:48:12.406173688Z,28060.985209,102854258,1114882048,1109614592
calibration-20260902-f,S1-100-r02,2026-09-01T15:48:12.416329849Z,28071.141369,102854502,1114882048,1109876736
calibration-20260902-f,S1-100-r02,2026-09-01T15:48:12.425499992Z,28080.311513,102854695,1114882048,1109876736
calibration-20260902-f,S1-100-r02,2026-09-01T15:48:12.435800644Z,28090.612165,102854929,1114882048,1109880832
calibration-20260902-f,S1-100-r02,2026-09-01T15:48:12.44609902Z,28100.910540,102890206,1114882048,1109880832
calibration-20260902-f,S1-100-r02,2026-09-01T15:48:12.456276755Z,28111.088275,102943963,1120845824,1115869184
calibration-20260902-f,S1-100-r02,2026-09-01T15:48:12.465487493Z,28120.299015,102953128,1124515840,1119277056
calibration-20260902-f,S1-100-r02,2026-09-01T15:48:12.475680807Z,28130.492328,102953269,1124515840,1119277056
calibration-20260902-f,S1-100-r02,2026-09-01T15:48:12.485799448Z,28140.610969,102953382,1124515840,1119277056
calibration-20260902-f,S1-100-r02,2026-09-01T15:48:12.495995735Z,28150.807258,102953493,1124515840,1119277056
calibration-20260902-f,S1-100-r02,2026-09-01T15:48:12.506216668Z,28161.028188,102953710,1124515840,1119277056
calibration-20260902-f,S1-100-r02,2026-09-01T15:48:12.516371811Z,28171.183332,102953806,1124515840,1119277056
calibration-20260902-f,S1-100-r02,2026-09-01T15:48:12.525568956Z,28180.380471,102953933,1124515840,1119277056
calibration-20260902-f,S1-100-r02,2026-09-01T15:48:12.535791744Z,28190.603265,102954196,1127956480,1122947072
calibration-20260902-f,S1-100-r02,2026-09-01T15:48:12.546037519Z,28200.849039,102989979,1164427264,1159643136
calibration-20260902-f,S1-100-r02,2026-09-01T15:48:12.556168762Z,28210.980282,103044041,1194704896,1189789696
calibration-20260902-f,S1-100-r02,2026-09-01T15:48:12.634761836Z,28289.573357,103053781,1195163648,1190051840
calibration-20260902-f,S1-100-r02,2026-09-01T15:48:12.635901607Z,28290.713128,103054073,1198604288,1193984000
calibration-20260902-f,S1-100-r02,2026-09-01T15:48:12.646048669Z,28300.860189,103089516,1211908096,1206829056
calibration-20260902-f,S1-100-r02,2026-09-01T15:48:12.656220656Z,28311.032171,103143232,1163849728,1158885376
calibration-20260902-f,S1-100-r02,2026-09-01T15:48:12.666384978Z,28321.196498,103152433,1163849728,1158885376
calibration-20260902-f,S1-100-r02,2026-09-01T15:48:12.675625198Z,28330.436718,103152645,1163849728,1158787072
calibration-20260902-f,S1-100-r02,2026-09-01T15:48:12.685819178Z,28340.630698,103152830,1163849728,1158787072
calibration-20260902-f,S1-100-r02,2026-09-01T15:48:12.695980821Z,28350.792342,103152972,1163849728,1158787072
calibration-20260902-f,S1-100-r02,2026-09-01T15:48:12.706135654Z,28360.947174,103153074,1163849728,1158787072
calibration-20260902-f,S1-100-r02,2026-09-01T15:48:12.71631698Z,28371.128500,103153181,1163849728,1158787072
calibration-20260902-f,S1-100-r02,2026-09-01T15:48:12.725546138Z,28380.357659,103153341,1163849728,1158787072
calibration-20260902-f,S1-100-r02,2026-09-01T15:48:12.735375424Z,28390.186947,103154245,1163849728,1159049216
calibration-20260902-f,S1-100-r02,2026-09-01T15:48:12.745653641Z,28400.465185,103189920,1164079104,1158979584
calibration-20260902-f,S1-100-r02,2026-09-01T15:48:12.755965629Z,28410.777150,103244072,1181511680,1176543232
calibration-20260902-f,S1-100-r02,2026-09-01T15:48:12.766140283Z,28420.951805,103253344,1185869824,1180999680
calibration-20260902-f,S1-100-r02,2026-09-01T15:48:12.776297385Z,28431.108905,103253550,1185869824,1180999680
calibration-20260902-f,S1-100-r02,2026-09-01T15:48:12.785510561Z,28440.322081,103253750,1185869824,1180999680
calibration-20260902-f,S1-100-r02,2026-09-01T15:48:12.834784295Z,28489.595816,103253986,1185869824,1180999680
calibration-20260902-f,S1-100-r02,2026-09-01T15:48:12.835945726Z,28490.757247,103254268,1187475456,1182572544
calibration-20260902-f,S1-100-r02,2026-09-01T15:48:12.846127388Z,28500.938908,103289395,1204219904,1199349760
calibration-20260902-f,S1-100-r02,2026-09-01T15:48:12.856248924Z,28511.060440,103343197,1212248064,1207472128
calibration-20260902-f,S1-100-r02,2026-09-01T15:48:12.865487341Z,28520.298861,103352258,1212248064,1207472128
calibration-20260902-f,S1-100-r02,2026-09-01T15:48:12.875716761Z,28530.528281,103352522,1212248064,1207472128
calibration-20260902-f,S1-100-r02,2026-09-01T15:48:12.885864994Z,28540.676515,103352753,1212248064,1207472128
calibration-20260902-f,S1-100-r02,2026-09-01T15:48:12.896031115Z,28550.842635,103352936,1212248064,1207472128
calibration-20260902-f,S1-100-r02,2026-09-01T15:48:12.906187768Z,28560.999288,103353130,1212248064,1207472128
calibration-20260902-f,S1-100-r02,2026-09-01T15:48:12.916362406Z,28571.173926,103353385,1212248064,1207472128
calibration-20260902-f,S1-100-r02,2026-09-01T15:48:12.9255112Z,28580.322716,103353467,1212248064,1207472128
calibration-20260902-f,S1-100-r02,2026-09-01T15:48:12.935695012Z,28590.506533,103353588,1212248064,1207472128
calibration-20260902-f,S1-100-r02,2026-09-01T15:48:12.945883528Z,28600.695048,103388635,1212248064,1207472128
calibration-20260902-f,S1-100-r02,2026-09-01T15:48:12.956089987Z,28610.901508,103442249,1212248064,1207472128
calibration-20260902-f,S1-100-r02,2026-09-01T15:48:12.966326374Z,28621.137894,103455815,1212248064,1207730176
calibration-20260902-f,S1-100-r02,2026-09-01T15:48:13.034756708Z,28689.568230,103456034,1212477440,1207508992
calibration-20260902-f,S1-100-r02,2026-09-01T15:48:13.036006755Z,28690.818275,103456373,1212477440,1207508992
calibration-20260902-f,S1-100-r02,2026-09-01T15:48:13.0462194Z,28701.030924,103491301,1212477440,1207771136
calibration-20260902-f,S1-100-r02,2026-09-01T15:48:13.055368402Z,28710.179922,103545038,1212477440,1207771136
calibration-20260902-f,S1-100-r02,2026-09-01T15:48:13.065527127Z,28720.338647,103554702,1212477440,1207775232
calibration-20260902-f,S1-100-r02,2026-09-01T15:48:13.075704048Z,28730.515569,103559185,1212477440,1207775232
calibration-20260902-f,S1-100-r02,2026-09-01T15:48:13.134770341Z,28789.581862,103559638,1212477440,1207775232
calibration-20260902-f,S1-100-r02,2026-09-01T15:48:13.135887514Z,28790.699034,103559839,1212477440,1207775232
calibration-20260902-f,S1-100-r02,2026-09-01T15:48:13.146018657Z,28800.830178,103594755,1212477440,1207775232
calibration-20260902-f,S1-100-r02,2026-09-01T15:48:13.156272868Z,28811.084388,103647347,1164374016,1159692288
calibration-20260902-f,S1-100-r02,2026-09-01T15:48:13.234934806Z,28889.746329,103647590,1164374016,1159692288
calibration-20260902-f,S1-100-r02,2026-09-01T15:48:13.236140333Z,28890.951854,103650074,1165979648,1161527296
calibration-20260902-f,S1-100-r02,2026-09-01T15:48:13.245786864Z,28900.598379,103685942,1182724096,1178234880
calibration-20260902-f,S1-100-r02,2026-09-01T15:48:13.256034097Z,28910.845618,103738077,1199009792,1194487808
calibration-20260902-f,S1-100-r02,2026-09-01T15:48:13.266286961Z,28921.098481,103756181,1199009792,1194487808
calibration-20260902-f,S1-100-r02,2026-09-01T15:48:13.275473745Z,28930.285266,103756366,1199009792,1194487808
calibration-20260902-f,S1-100-r02,2026-09-01T15:48:13.285664215Z,28940.475737,103756527,1199009792,1194237952
calibration-20260902-f,S1-100-r02,2026-09-01T15:48:13.295851285Z,28950.662806,103756759,1199009792,1194237952
calibration-20260902-f,S1-100-r02,2026-09-01T15:48:13.306013293Z,28960.824814,103756927,1199009792,1194237952
calibration-20260902-f,S1-100-r02,2026-09-01T15:48:13.316117939Z,28970.929460,103757076,1199009792,1194237952
calibration-20260902-f,S1-100-r02,2026-09-01T15:48:13.326327669Z,28981.139189,103757306,1199009792,1194237952
calibration-20260902-f,S1-100-r02,2026-09-01T15:48:13.335873338Z,28990.684887,103757664,1201074176,1196072960
calibration-20260902-f,S1-100-r02,2026-09-01T15:48:13.346003806Z,29000.815321,103794311,1165201408,1160060928
calibration-20260902-f,S1-100-r02,2026-09-01T15:48:13.356142081Z,29010.953603,103847836,1165201408,1160060928
calibration-20260902-f,S1-100-r02,2026-09-01T15:48:13.366385479Z,29021.197000,103856945,1165201408,1159962624
calibration-20260902-f,S1-100-r02,2026-09-01T15:48:13.375524726Z,29030.336246,103857118,1165201408,1159962624
calibration-20260902-f,S1-100-r02,2026-09-01T15:48:13.385709076Z,29040.520597,103857254,1165201408,1159962624
calibration-20260902-f,S1-100-r02,2026-09-01T15:48:13.395809412Z,29050.620932,103857354,1165201408,1159962624
calibration-20260902-f,S1-100-r02,2026-09-01T15:48:13.406003509Z,29060.815030,103857461,1165201408,1159962624
calibration-20260902-f,S1-100-r02,2026-09-01T15:48:13.416119403Z,29070.930924,103857591,1165201408,1159962624
calibration-20260902-f,S1-100-r02,2026-09-01T15:48:13.434774942Z,29089.586462,103857773,1165201408,1159962624
calibration-20260902-f,S1-100-r02,2026-09-01T15:48:13.435953201Z,29090.764722,103858017,1165201408,1159962624
calibration-20260902-f,S1-100-r02,2026-09-01T15:48:13.446108059Z,29100.919579,103893051,1165201408,1159962624
calibration-20260902-f,S1-100-r02,2026-09-01T15:48:13.456343588Z,29111.155103,103947611,1165201408,1159962624
calibration-20260902-f,S1-100-r02,2026-09-01T15:48:13.465545184Z,29120.356699,103956448,1165201408,1159962624
calibration-20260902-f,S1-100-r02,2026-09-01T15:48:13.47575441Z,29130.565931,103956611,1165201408,1159962624
calibration-20260902-f,S1-100-r02,2026-09-01T15:48:13.485915234Z,29140.726755,103956856,1165201408,1159962624
calibration-20260902-f,S1-100-r02,2026-09-01T15:48:13.496096671Z,29150.908197,103957142,1165201408,1159962624
calibration-20260902-f,S1-100-r02,2026-09-01T15:48:13.534787477Z,29189.599002,103957831,1165201408,1159962624
calibration-20260902-f,S1-100-r02,2026-09-01T15:48:13.535978494Z,29190.790014,103958063,1165201408,1159962624
calibration-20260902-f,S1-100-r02,2026-09-01T15:48:13.546187914Z,29200.999434,103993046,1165201408,1159962624
calibration-20260902-f,S1-100-r02,2026-09-01T15:48:13.555338326Z,29210.149841,104046466,1117134848,1111969792
calibration-20260902-f,S1-100-r02,2026-09-01T15:48:13.565564011Z,29220.375531,104051311,1117134848,1111969792
calibration-20260902-f,S1-100-r02,2026-09-01T15:48:13.575761079Z,29230.572599,104051455,1117134848,1112129536
calibration-20260902-f,S1-100-r02,2026-09-01T15:48:13.585948242Z,29240.759757,104051720,1117134848,1112129536
calibration-20260902-f,S1-100-r02,2026-09-01T15:48:13.596085859Z,29250.897379,104051836,1117134848,1112129536
calibration-20260902-f,S1-100-r02,2026-09-01T15:48:13.606251793Z,29261.063308,104051931,1117134848,1112129536
calibration-20260902-f,S1-100-r02,2026-09-01T15:48:13.61537469Z,29270.186205,104052026,1117134848,1112129536
calibration-20260902-f,S1-100-r02,2026-09-01T15:48:13.625535459Z,29280.346974,104052129,1117134848,1112129536
calibration-20260902-f,S1-100-r02,2026-09-01T15:48:13.644866259Z,29299.677774,104087503,1159340032,1154260992
calibration-20260902-f,S1-100-r02,2026-09-01T15:48:13.645972872Z,29300.784387,104088122,1164615680,1159503872
calibration-20260902-f,S1-100-r02,2026-09-01T15:48:13.656136667Z,29310.948188,104141924,1183424512,1178112000
calibration-20260902-f,S1-100-r02,2026-09-01T15:48:13.665341404Z,29320.152925,104155493,1183424512,1178112000
calibration-20260902-f,S1-100-r02,2026-09-01T15:48:13.675569505Z,29330.381025,104155752,1183424512,1178112000
calibration-20260902-f,S1-100-r02,2026-09-01T15:48:13.734770782Z,29389.582297,104156203,1183653888,1178374144
calibration-20260902-f,S1-100-r02,2026-09-01T15:48:13.735893242Z,29390.704763,104156502,1185259520,1180209152
calibration-20260902-f,S1-100-r02,2026-09-01T15:48:13.746124139Z,29400.935660,104192867,1204297728,1198768128
calibration-20260902-f,S1-100-r02,2026-09-01T15:48:13.755452055Z,29410.263575,104246847,1216225280,1210564608
calibration-20260902-f,S1-100-r02,2026-09-01T15:48:13.765736478Z,29420.547998,104256259,1220354048,1214586880
calibration-20260902-f,S1-100-r02,2026-09-01T15:48:13.776040617Z,29430.852137,104256515,1220354048,1214586880
calibration-20260902-f,S1-100-r02,2026-09-01T15:48:13.786319487Z,29441.131007,104256832,1220354048,1214586880
calibration-20260902-f,S1-100-r02,2026-09-01T15:48:13.795623043Z,29450.434563,104257124,1220354048,1214849024
calibration-20260902-f,S1-100-r02,2026-09-01T15:48:13.834784131Z,29489.595652,104257555,1220583424,1215111168
calibration-20260902-f,S1-100-r02,2026-09-01T15:48:13.8359731Z,29490.784621,104257786,1222189056,1216684032
calibration-20260902-f,S1-100-r02,2026-09-01T15:48:13.846132636Z,29500.944156,104293067,1234116608,1228738560
calibration-20260902-f,S1-100-r02,2026-09-01T15:48:13.856348512Z,29511.160033,104346994,1244897280,1239748608
calibration-20260902-f,S1-100-r02,2026-09-01T15:48:13.865485074Z,29520.296590,104356285,1244897280,1239748608
calibration-20260902-f,S1-100-r02,2026-09-01T15:48:13.875779433Z,29530.590953,104361172,1244897280,1239748608
calibration-20260902-f,S1-100-r02,2026-09-01T15:48:13.885977114Z,29540.788629,104361316,1244897280,1239511040
calibration-20260902-f,S1-100-r02,2026-09-01T15:48:13.89615113Z,29550.962645,104361476,1244897280,1239511040
calibration-20260902-f,S1-100-r02,2026-09-01T15:48:13.934788086Z,29589.599607,104361730,1245126656,1239773184
calibration-20260902-f,S1-100-r02,2026-09-01T15:48:13.935972504Z,29590.784025,104363094,1246273536,1241083904
calibration-20260902-f,S1-100-r02,2026-09-01T15:48:13.946155696Z,29600.967217,104396827,1246273536,1241083904
calibration-20260902-f,S1-100-r02,2026-09-01T15:48:13.956334378Z,29611.145899,104451670,1198084096,1193140224
calibration-20260902-f,S1-100-r02,2026-09-01T15:48:13.965520605Z,29620.332125,104456083,1198313472,1193070592
calibration-20260902-f,S1-100-r02,2026-09-01T15:48:13.975791073Z,29630.602593,104456337,1198313472,1192509440
calibration-20260902-f,S1-100-r02,2026-09-01T15:48:13.985992375Z,29640.803891,104456678,1198313472,1192509440
calibration-20260902-f,S1-100-r02,2026-09-01T15:48:13.996201934Z,29651.013449,104456812,1198313472,1192509440
calibration-20260902-f,S1-100-r02,2026-09-01T15:48:14.034762749Z,29689.574270,104456999,1198313472,1192771584
calibration-20260902-f,S1-100-r02,2026-09-01T15:48:14.035953884Z,29690.765404,104457206,1198313472,1193033728
calibration-20260902-f,S1-100-r02,2026-09-01T15:48:14.046112675Z,29700.924195,104492231,1198313472,1193033728
calibration-20260902-f,S1-100-r02,2026-09-01T15:48:14.056362016Z,29711.173537,104545787,1198313472,1193033728
calibration-20260902-f,S1-100-r02,2026-09-01T15:48:14.065543092Z,29720.354612,104554950,1207259136,1201946624
calibration-20260902-f,S1-100-r02,2026-09-01T15:48:14.075758259Z,29730.569778,104555118,1207259136,1201946624
calibration-20260902-f,S1-100-r02,2026-09-01T15:48:14.0859678Z,29740.779320,104555281,1207259136,1201946624
calibration-20260902-f,S1-100-r02,2026-09-01T15:48:14.096119581Z,29750.931102,104555469,1207259136,1201946624
calibration-20260902-f,S1-100-r02,2026-09-01T15:48:14.106293255Z,29761.104776,104555597,1207259136,1201946624
calibration-20260902-f,S1-100-r02,2026-09-01T15:48:14.115475773Z,29770.287294,104555725,1207259136,1201946624
calibration-20260902-f,S1-100-r02,2026-09-01T15:48:14.125671056Z,29780.482576,104555865,1207259136,1201946624
calibration-20260902-f,S1-100-r02,2026-09-01T15:48:14.135823655Z,29790.635175,104556089,1209094144,1203781632
calibration-20260902-f,S1-100-r02,2026-09-01T15:48:14.146005988Z,29800.817509,104591567,1227444224,1222393856
calibration-20260902-f,S1-100-r02,2026-09-01T15:48:14.156261715Z,29811.073236,104645285,1243729920,1238122496
calibration-20260902-f,S1-100-r02,2026-09-01T15:48:14.165480982Z,29820.292502,104654375,1243729920,1238122496
calibration-20260902-f,S1-100-r02,2026-09-01T15:48:14.175687363Z,29830.498883,104654529,1243729920,1238122496
calibration-20260902-f,S1-100-r02,2026-09-01T15:48:14.185894097Z,29840.705619,104654694,1243729920,1238122496
calibration-20260902-f,S1-100-r02,2026-09-01T15:48:14.196058007Z,29850.869527,104654835,1243729920,1238122496
calibration-20260902-f,S1-100-r02,2026-09-01T15:48:14.206209078Z,29861.020603,104654974,1243729920,1238122496
calibration-20260902-f,S1-100-r02,2026-09-01T15:48:14.216368626Z,29871.180146,104655136,1243729920,1238122496
calibration-20260902-f,S1-100-r02,2026-09-01T15:48:14.225575938Z,29880.387458,104655273,1243729920,1238122496
calibration-20260902-f,S1-100-r02,2026-09-01T15:48:14.235745757Z,29890.557277,104655554,1245335552,1239957504
calibration-20260902-f,S1-100-r02,2026-09-01T15:48:14.245887351Z,29900.698867,104690668,1246941184,1241542656
calibration-20260902-f,S1-100-r02,2026-09-01T15:48:14.256092755Z,29910.904275,104744284,1246941184,1241542656
calibration-20260902-f,S1-100-r02,2026-09-01T15:48:14.266325955Z,29921.137474,104753414,1246941184,1241800704
calibration-20260902-f,S1-100-r02,2026-09-01T15:48:14.275445859Z,29930.257379,104753551,1246941184,1241800704
calibration-20260902-f,S1-100-r02,2026-09-01T15:48:14.28560047Z,29940.411991,104753698,1246941184,1241595904
calibration-20260902-f,S1-100-r02,2026-09-01T15:48:14.334788332Z,29989.599852,104753930,1246941184,1241862144
calibration-20260902-f,S1-100-r02,2026-09-01T15:48:14.336299677Z,29991.111198,104754146,1246941184,1241862144
calibration-20260902-f,S1-100-r02,2026-09-01T15:48:14.34547143Z,30000.282945,104792336,1246941184,1241636864
calibration-20260902-f,S1-100-r02,2026-09-01T15:48:14.355704937Z,30010.516452,104843280,1246941184,1241636864
calibration-20260902-f,S1-100-r02,2026-09-01T15:48:14.365989954Z,30020.801474,104852401,1246941184,1241636864
calibration-20260902-f,S1-100-r02,2026-09-01T15:48:14.376138722Z,30030.950243,104852643,1246941184,1241899008
calibration-20260902-f,S1-100-r02,2026-09-01T15:48:14.386361635Z,30041.173156,104852871,1246941184,1241899008
calibration-20260902-f,S1-100-r02,2026-09-01T15:48:14.395481937Z,30050.293458,104852994,1246941184,1241899008
calibration-20260902-f,S1-100-r02,2026-09-01T15:48:14.405621479Z,30060.432999,104853206,1246941184,1241899008
calibration-20260902-f,S1-100-r02,2026-09-01T15:48:14.415773532Z,30070.585053,104853385,1246941184,1241899008
calibration-20260902-f,S1-100-r02,2026-09-01T15:48:14.42602311Z,30080.834631,104853632,1246941184,1241899008
calibration-20260902-f,S1-100-r02,2026-09-01T15:48:14.436397365Z,30091.208906,104853777,1246941184,1241899008
calibration-20260902-f,S1-100-r02,2026-09-01T15:48:14.445818942Z,30100.630463,104890658,1247858688,1242947584
calibration-20260902-f,S1-100-r02,2026-09-01T15:48:14.455488953Z,30110.300476,104943526,1211785216,1206943744
calibration-20260902-f,S1-100-r02,2026-09-01T15:48:14.465746114Z,30120.557634,104953129,1212014592,1206943744
calibration-20260902-f,S1-100-r02,2026-09-01T15:48:14.475884388Z,30130.695908,104953377,1212014592,1206849536
calibration-20260902-f,S1-100-r02,2026-09-01T15:48:14.486079493Z,30140.891014,104953552,1212014592,1206595584
calibration-20260902-f,S1-100-r02,2026-09-01T15:48:14.534782205Z,30189.593726,104953819,1212243968,1206857728
calibration-20260902-f,S1-100-r02,2026-09-01T15:48:14.535905981Z,30190.717501,104954091,1213849600,1208430592
calibration-20260902-f,S1-100-r02,2026-09-01T15:48:14.546043615Z,30200.855130,104992738,1217712128,1227042816
calibration-20260902-f,S1-100-r02,2026-09-01T15:48:14.55592679Z,30210.738306,105043607,1197690880,1192095744
calibration-20260902-f,S1-100-r02,2026-09-01T15:48:14.634753186Z,30289.564707,105057087,1197690880,1192255488
calibration-20260902-f,S1-100-r02,2026-09-01T15:48:14.635953898Z,30290.765419,105057426,1199525888,1194614784
calibration-20260902-f,S1-100-r02,2026-09-01T15:48:14.646117276Z,30300.928797,105092534,1199755264,1194614784
calibration-20260902-f,S1-100-r02,2026-09-01T15:48:14.656350022Z,30311.161542,105146111,1199755264,1194614784
calibration-20260902-f,S1-100-r02,2026-09-01T15:48:14.665521524Z,30320.333044,105155209,1199755264,1194614784
calibration-20260902-f,S1-100-r02,2026-09-01T15:48:14.675735569Z,30330.547089,105155361,1199755264,1194614784
calibration-20260902-f,S1-100-r02,2026-09-01T15:48:14.685964783Z,30340.776304,105155522,1199984640,1194360832
calibration-20260902-f,S1-100-r02,2026-09-01T15:48:14.696074627Z,30350.886147,105155647,1199984640,1194360832
calibration-20260902-f,S1-100-r02,2026-09-01T15:48:14.70624311Z,30361.054631,105155765,1199984640,1194618880
calibration-20260902-f,S1-100-r02,2026-09-01T15:48:14.715350462Z,30370.161982,105155895,1199984640,1194618880
calibration-20260902-f,S1-100-r02,2026-09-01T15:48:14.734774622Z,30389.586171,105156043,1199984640,1194618880
calibration-20260902-f,S1-100-r02,2026-09-01T15:48:14.735982496Z,30390.794017,105156320,1199984640,1194618880
calibration-20260902-f,S1-100-r02,2026-09-01T15:48:14.746152691Z,30400.964212,105191389,1199984640,1194622976
calibration-20260902-f,S1-100-r02,2026-09-01T15:48:14.756392446Z,30411.203966,105245046,1199984640,1194622976
calibration-20260902-f,S1-100-r02,2026-09-01T15:48:14.765654278Z,30420.465798,105254186,1199984640,1194622976
calibration-20260902-f,S1-100-r02,2026-09-01T15:48:14.775834937Z,30430.646458,105254367,1199984640,1194622976
calibration-20260902-f,S1-100-r02,2026-09-01T15:48:14.786022437Z,30440.833957,105254538,1199984640,1194622976
calibration-20260902-f,S1-100-r02,2026-09-01T15:48:14.796211191Z,30451.022706,105254828,1199984640,1194622976
calibration-20260902-f,S1-100-r02,2026-09-01T15:48:14.806365907Z,30461.177422,105254927,1199984640,1194622976
calibration-20260902-f,S1-100-r02,2026-09-01T15:48:14.815522686Z,30470.334201,105255034,1199984640,1194622976
calibration-20260902-f,S1-100-r02,2026-09-01T15:48:14.825701596Z,30480.513115,105255141,1199984640,1194622976
calibration-20260902-f,S1-100-r02,2026-09-01T15:48:14.835869549Z,30490.681070,105255277,1199984640,1194229760
calibration-20260902-f,S1-100-r02,2026-09-01T15:48:14.846094645Z,30500.906165,105290624,1199984640,1194229760
calibration-20260902-f,S1-100-r02,2026-09-01T15:48:14.856283077Z,30511.094597,105344372,1203425280,1197637632
calibration-20260902-f,S1-100-r02,2026-09-01T15:48:14.865491323Z,30520.302844,105353494,1207095296,1201307648
calibration-20260902-f,S1-100-r02,2026-09-01T15:48:14.875697562Z,30530.509082,105353658,1207095296,1201307648
calibration-20260902-f,S1-100-r02,2026-09-01T15:48:14.885831069Z,30540.642589,105353858,1207095296,1201307648
calibration-20260902-f,S1-100-r02,2026-09-01T15:48:14.896004615Z,30550.816135,105354067,1207095296,1201307648
calibration-20260902-f,S1-100-r02,2026-09-01T15:48:14.906131974Z,30560.943494,105354233,1207095296,1201307648
calibration-20260902-f,S1-100-r02,2026-09-01T15:48:14.916278275Z,30571.089795,105354393,1207095296,1201307648
calibration-20260902-f,S1-100-r02,2026-09-01T15:48:14.925446392Z,30580.257907,105354492,1207095296,1201565696
calibration-20260902-f,S1-100-r02,2026-09-01T15:48:14.93562406Z,30590.435580,105354676,1208930304,1203138560
calibration-20260902-f,S1-100-r02,2026-09-01T15:48:14.945543393Z,30600.354914,105391075,1178181632,1172631552
calibration-20260902-f,S1-100-r02,2026-09-01T15:48:14.955723603Z,30610.535123,105445084,1205936128,1200934912
calibration-20260902-f,S1-100-r02,2026-09-01T15:48:14.965999998Z,30620.811518,105454355,1210523648,1205293056
calibration-20260902-f,S1-100-r02,2026-09-01T15:48:14.976108427Z,30630.919948,105454531,1210523648,1205293056
calibration-20260902-f,S1-100-r02,2026-09-01T15:48:14.986232746Z,30641.044267,105454697,1210523648,1205293056
calibration-20260902-f,S1-100-r02,2026-09-01T15:48:14.995394673Z,30650.206195,105454844,1210753024,1205293056
calibration-20260902-f,S1-100-r02,2026-09-01T15:48:15.005593076Z,30660.404596,105455004,1210753024,1205293056
calibration-20260902-f,S1-100-r02,2026-09-01T15:48:15.015778425Z,30670.589945,105455142,1210753024,1205293056
calibration-20260902-f,S1-100-r02,2026-09-01T15:48:15.025914438Z,30680.725959,105455275,1210753024,1205288960
calibration-20260902-f,S1-100-r02,2026-09-01T15:48:15.036031552Z,30690.843073,105455485,1214193664,1208696832
calibration-20260902-f,S1-100-r02,2026-09-01T15:48:15.046260929Z,30701.072449,105490969,1234149376,1228619776
calibration-20260902-f,S1-100-r02,2026-09-01T15:48:15.05548508Z,30710.296599,105544831,1246765056,1241464832
calibration-20260902-f,S1-100-r02,2026-09-01T15:48:15.065717674Z,30720.529195,105554145,1248829440,1243824128
calibration-20260902-f,S1-100-r02,2026-09-01T15:48:15.134765506Z,30789.577027,105554530,1248829440,1243820032
calibration-20260902-f,S1-100-r02,2026-09-01T15:48:15.135951946Z,30790.763466,105554708,1248829440,1243820032
calibration-20260902-f,S1-100-r02,2026-09-01T15:48:15.146163415Z,30800.974935,105589774,1248829440,1243820032
calibration-20260902-f,S1-100-r02,2026-09-01T15:48:15.156360566Z,30811.172086,105643406,1248829440,1243820032
calibration-20260902-f,S1-100-r02,2026-09-01T15:48:15.165623407Z,30820.434927,105652510,1248829440,1243820032
calibration-20260902-f,S1-100-r02,2026-09-01T15:48:15.175790398Z,30830.601919,105652649,1248829440,1243820032
calibration-20260902-f,S1-100-r02,2026-09-01T15:48:15.185934292Z,30840.745813,105652760,1248829440,1243820032
calibration-20260902-f,S1-100-r02,2026-09-01T15:48:15.196034033Z,30850.845554,105652867,1248829440,1243820032
calibration-20260902-f,S1-100-r02,2026-09-01T15:48:15.206157093Z,30860.968613,105652970,1248829440,1243820032
calibration-20260902-f,S1-100-r02,2026-09-01T15:48:15.216311638Z,30871.123158,105653103,1248829440,1243820032
calibration-20260902-f,S1-100-r02,2026-09-01T15:48:15.225470652Z,30880.282173,105653230,1248829440,1243820032
calibration-20260902-f,S1-100-r02,2026-09-01T15:48:15.235692433Z,30890.503953,105653424,1248829440,1243820032
calibration-20260902-f,S1-100-r02,2026-09-01T15:48:15.245839565Z,30900.651085,105688649,1248829440,1243820032
calibration-20260902-f,S1-100-r02,2026-09-01T15:48:15.256078326Z,30910.889846,105742330,1248829440,1243820032
calibration-20260902-f,S1-100-r02,2026-09-01T15:48:15.266297249Z,30921.108769,105753968,1252270080,1247227904
calibration-20260902-f,S1-100-r02,2026-09-01T15:48:15.275490022Z,30930.301543,105754154,1252270080,1247227904
calibration-20260902-f,S1-100-r02,2026-09-01T15:48:15.285692869Z,30940.504393,105754315,1252270080,1247227904
calibration-20260902-f,S1-100-r02,2026-09-01T15:48:15.295876547Z,30950.688062,105754533,1252270080,1247227904
calibration-20260902-f,S1-100-r02,2026-09-01T15:48:15.306026006Z,30960.837526,105754625,1252270080,1247227904
calibration-20260902-f,S1-100-r02,2026-09-01T15:48:15.316210726Z,30971.022247,105754730,1252270080,1247227904
calibration-20260902-f,S1-100-r02,2026-09-01T15:48:15.32636004Z,30981.171560,105754795,1252499456,1247227904
calibration-20260902-f,S1-100-r02,2026-09-01T15:48:15.336140979Z,30990.952499,105755304,1254334464,1248800768
calibration-20260902-f,S1-100-r02,2026-09-01T15:48:15.345947656Z,31000.759199,105790219,1219678208,1214894080
calibration-20260902-f,S1-100-r02,2026-09-01T15:48:15.356171117Z,31010.982638,105830917,1235046400,1230360576
calibration-20260902-f,S1-100-r02,2026-09-01T15:48:15.366372981Z,31021.184502,105849094,1245368320,1240322048
calibration-20260902-f,S1-100-r02,2026-09-01T15:48:15.375510745Z,31030.322265,105849318,1245368320,1240223744
calibration-20260902-f,S1-100-r02,2026-09-01T15:48:15.38570936Z,31040.520880,105849462,1245368320,1240223744
calibration-20260902-f,S1-100-r02,2026-09-01T15:48:15.39584603Z,31050.657551,105849595,1245368320,1240223744
calibration-20260902-f,S1-100-r02,2026-09-01T15:48:15.405971707Z,31060.783228,105849712,1245597696,1240223744
calibration-20260902-f,S1-100-r02,2026-09-01T15:48:15.434737968Z,31089.549488,105849795,1245597696,1240223744
calibration-20260902-f,S1-100-r02,2026-09-01T15:48:15.435947188Z,31090.758708,105850040,1247432704,1242320896
calibration-20260902-f,S1-100-r02,2026-09-01T15:48:15.44615307Z,31100.964590,105876494,1249267712,1244413952
calibration-20260902-f,S1-100-r02,2026-09-01T15:48:15.455337638Z,31110.149158,105916768,1249267712,1244413952
calibration-20260902-f,S1-100-r02,2026-09-01T15:48:15.465603734Z,31120.415254,105943762,1249267712,1244413952
calibration-20260902-f,S1-100-r02,2026-09-01T15:48:15.475839544Z,31130.651064,105948444,1249267712,1244413952
calibration-20260902-f,S1-100-r02,2026-09-01T15:48:15.486066445Z,31140.877965,105948684,1249267712,1244413952
calibration-20260902-f,S1-100-r02,2026-09-01T15:48:15.496295468Z,31151.106988,105948862,1249267712,1244676096
calibration-20260902-f,S1-100-r02,2026-09-01T15:48:15.505495887Z,31160.307407,105948987,1249267712,1244676096
calibration-20260902-f,S1-100-r02,2026-09-01T15:48:15.53476352Z,31189.575040,105949157,1249267712,1244676096
calibration-20260902-f,S1-100-r02,2026-09-01T15:48:15.535901723Z,31190.713244,105949547,1249267712,1244676096
calibration-20260902-f,S1-100-r02,2026-09-01T15:48:15.546139285Z,31200.950806,105976072,1249267712,1244676096
calibration-20260902-f,S1-100-r02,2026-09-01T15:48:15.555326407Z,31210.137922,106016652,1249267712,1244938240
calibration-20260902-f,S1-100-r02,2026-09-01T15:48:15.565520548Z,31220.332069,106043896,1249267712,1244938240
calibration-20260902-f,S1-100-r02,2026-09-01T15:48:15.575749785Z,31230.561305,106048585,1249267712,1244938240
calibration-20260902-f,S1-100-r02,2026-09-01T15:48:15.585942596Z,31240.754117,106048827,1249267712,1244938240
calibration-20260902-f,S1-100-r02,2026-09-01T15:48:15.596131752Z,31250.943272,106049096,1249267712,1244938240
calibration-20260902-f,S1-100-r02,2026-09-01T15:48:15.606349715Z,31261.161236,106049320,1249267712,1244938240
calibration-20260902-f,S1-100-r02,2026-09-01T15:48:15.615468772Z,31270.280292,106049454,1249267712,1244938240
calibration-20260902-f,S1-100-r02,2026-09-01T15:48:15.625609903Z,31280.421424,106049605,1249267712,1244938240
calibration-20260902-f,S1-100-r02,2026-09-01T15:48:15.635798456Z,31290.609976,106049777,1249267712,1244938240
calibration-20260902-f,S1-100-r02,2026-09-01T15:48:15.64598133Z,31300.792850,106076118,1249267712,1244938240
calibration-20260902-f,S1-100-r02,2026-09-01T15:48:15.655625199Z,31310.436720,106105580,1153748992,1149091840
calibration-20260902-f,S1-100-r02,2026-09-01T15:48:15.665856626Z,31320.668147,106114722,1153748992,1148997632
calibration-20260902-f,S1-100-r02,2026-09-01T15:48:15.676088736Z,31330.900256,106128343,1153748992,1148903424
calibration-20260902-f,S1-100-r02,2026-09-01T15:48:15.686295446Z,31341.106967,106137473,1153748992,1148903424
calibration-20260902-f,S1-100-r02,2026-09-01T15:48:15.695489471Z,31350.300992,106142116,1153748992,1148903424
calibration-20260902-f,S1-100-r02,2026-09-01T15:48:15.705720194Z,31360.531714,106142328,1153748992,1148903424
calibration-20260902-f,S1-100-r02,2026-09-01T15:48:15.715861437Z,31370.672957,106142491,1153748992,1148903424
calibration-20260902-f,S1-100-r02,2026-09-01T15:48:15.726020444Z,31380.831959,106142721,1153748992,1148903424
calibration-20260902-f,S1-100-r02,2026-09-01T15:48:15.736140036Z,31390.951556,106142846,1153748992,1148903424
calibration-20260902-f,S1-100-r02,2026-09-01T15:48:15.746380855Z,31401.192376,106151760,1153748992,1148903424
calibration-20260902-f,S1-100-r02,2026-09-01T15:48:15.755580244Z,31410.391764,106165405,1153748992,1148903424
calibration-20260902-f,S1-100-r02,2026-09-01T15:48:15.765802504Z,31420.614024,106174525,1153748992,1148903424
calibration-20260902-f,S1-100-r02,2026-09-01T15:48:15.776005733Z,31430.817248,106188903,1105780736,1100931072
calibration-20260902-f,S1-100-r02,2026-09-01T15:48:15.777154388Z,31431.965908,106189354,1106010112,1101107200
calibration-20260902-f,S2-100-r02,2026-09-01T15:48:16.169025316Z,0.008760,106457228,59297792,49090560
calibration-20260902-f,S2-100-r02,2026-09-01T15:48:16.194641382Z,25.624819,106488810,115953664,105771008
calibration-20260902-f,S2-100-r02,2026-09-01T15:48:16.211971964Z,42.955407,106522123,116641792,106557440
calibration-20260902-f,S2-100-r02,2026-09-01T15:48:16.223387493Z,54.370936,106522123,116641792,106557440
calibration-20260902-f,S2-100-r02,2026-09-01T15:48:16.234703006Z,65.686449,106525335,117100544,107081728
calibration-20260902-f,S2-100-r02,2026-09-01T15:48:16.239840539Z,70.823982,106529784,117100544,107081728
calibration-20260902-f,S2-100-r02,2026-09-01T15:48:16.250035059Z,81.018502,106538832,117100544,107081728
calibration-20260902-f,S2-100-r02,2026-09-01T15:48:16.259236415Z,90.219857,106552311,117100544,107081728
calibration-20260902-f,S2-100-r02,2026-09-01T15:48:16.269406474Z,100.389918,106561326,117100544,107081728
calibration-20260902-f,S2-100-r02,2026-09-01T15:48:16.279539862Z,110.523305,106574777,117100544,107081728
calibration-20260902-f,S2-100-r02,2026-09-01T15:48:16.289668924Z,120.652367,106583946,128339968,118616064
calibration-20260902-f,S2-100-r02,2026-09-01T15:48:16.299853889Z,130.837331,106597754,147607552,137752576
calibration-20260902-f,S2-100-r02,2026-09-01T15:48:16.310003803Z,140.987245,106610573,166645760,157151232
calibration-20260902-f,S2-100-r02,2026-09-01T15:48:16.319152507Z,150.135944,106620572,175591424,166064128
calibration-20260902-f,S2-100-r02,2026-09-01T15:48:16.32932921Z,160.312654,106620714,175591424,165953536
calibration-20260902-f,S2-100-r02,2026-09-01T15:48:16.339599262Z,170.582705,106625267,175591424,165953536
calibration-20260902-f,S2-100-r02,2026-09-01T15:48:16.349814965Z,180.798408,106634386,175591424,165953536
calibration-20260902-f,S2-100-r02,2026-09-01T15:48:16.359917388Z,190.900831,106647921,175820800,166215680
calibration-20260902-f,S2-100-r02,2026-09-01T15:48:16.370121568Z,201.105011,106657067,175820800,166215680
calibration-20260902-f,S2-100-r02,2026-09-01T15:48:16.379364995Z,210.348437,106670678,176279552,166739968
calibration-20260902-f,S2-100-r02,2026-09-01T15:48:16.3895151Z,220.498542,106679752,176279552,166739968
calibration-20260902-f,S2-100-r02,2026-09-01T15:48:16.399639094Z,230.622536,106693269,176279552,166739968
calibration-20260902-f,S2-100-r02,2026-09-01T15:48:16.409827725Z,240.811167,106702413,176508928,167002112
calibration-20260902-f,S2-100-r02,2026-09-01T15:48:16.420047568Z,251.031010,106716039,176508928,167002112
calibration-20260902-f,S2-100-r02,2026-09-01T15:48:16.429267361Z,260.250804,106716233,176508928,167002112
calibration-20260902-f,S2-100-r02,2026-09-01T15:48:16.43939188Z,270.375322,106720651,176508928,166977536
calibration-20260902-f,S2-100-r02,2026-09-01T15:48:16.449627217Z,280.610660,106729842,176967680,167239680
calibration-20260902-f,S2-100-r02,2026-09-01T15:48:16.459791361Z,290.774804,106743465,176967680,167239680
calibration-20260902-f,S2-100-r02,2026-09-01T15:48:16.469999392Z,300.982829,106753054,178343936,168550400
calibration-20260902-f,S2-100-r02,2026-09-01T15:48:16.480156182Z,311.139625,106766584,178343936,168550400
calibration-20260902-f,S2-100-r02,2026-09-01T15:48:16.489314345Z,320.297788,106778345,130199552,120553472
calibration-20260902-f,S2-100-r02,2026-09-01T15:48:16.499133933Z,330.117374,106794695,131645440,121729024
calibration-20260902-f,S2-100-r02,2026-09-01T15:48:16.499761329Z,330.744770,106795135,131645440,121974784
calibration-20260902-f,F1-r01,2026-09-01T15:48:16.843438852Z,0.028394,107029425,59248640,51601408
calibration-20260902-f,F1-r01,2026-09-01T15:48:16.853594516Z,10.184058,107033147,65212416,57094144
calibration-20260902-f,F1-r01,2026-09-01T15:48:16.863772556Z,20.362098,107033284,65212416,57020416
calibration-20260902-f,F1-r01,2026-09-01T15:48:16.873902449Z,30.491991,107033407,65212416,56889344
calibration-20260902-f,F1-r01,2026-09-01T15:48:16.884070804Z,40.660346,107033561,65212416,56889344
calibration-20260902-f,F1-r01,2026-09-01T15:48:16.894242812Z,50.832354,107033692,65212416,56639488
calibration-20260902-f,F1-r01,2026-09-01T15:48:16.904413766Z,61.003308,107033806,65212416,56639488
calibration-20260902-f,F1-r01,2026-09-01T15:48:16.914577107Z,71.166650,107033928,65441792,56897536
calibration-20260902-f,F1-r01,2026-09-01T15:48:16.923800974Z,80.390517,107034090,65441792,56897536
calibration-20260902-f,F1-r01,2026-09-01T15:48:16.933983009Z,90.572551,107034245,65441792,56897536
calibration-20260902-f,F1-r01,2026-09-01T15:48:16.944190251Z,100.779814,107034408,65441792,56897536
calibration-20260902-f,F1-r01,2026-09-01T15:48:16.954494449Z,111.084017,107034889,65441792,56897536
calibration-20260902-f,F1-r01,2026-09-01T15:48:16.96369899Z,120.288559,107035214,65441792,56897536
calibration-20260902-f,F1-r01,2026-09-01T15:48:16.974025367Z,130.614910,107035525,65441792,56897536
calibration-20260902-f,F1-r01,2026-09-01T15:48:16.984295915Z,140.885487,107035821,65441792,57159680
calibration-20260902-f,F1-r01,2026-09-01T15:48:16.993594744Z,150.184287,107036150,65441792,57159680
calibration-20260902-f,F1-r01,2026-09-01T15:48:17.003852462Z,160.442011,107036429,65441792,57159680
calibration-20260902-f,F1-r01,2026-09-01T15:48:17.01408375Z,170.673294,107036615,65441792,57159680
calibration-20260902-f,F1-r01,2026-09-01T15:48:17.024240124Z,180.829666,107036758,65441792,57159680
calibration-20260902-f,F1-r01,2026-09-01T15:48:17.034428716Z,191.018258,107036890,65441792,57159680
calibration-20260902-f,F1-r01,2026-09-01T15:48:17.043565802Z,200.155344,107036997,65441792,57159680
calibration-20260902-f,F1-r01,2026-09-01T15:48:17.054342109Z,210.931652,107040256,69570560,61341696
calibration-20260902-f,F1-r01,2026-09-01T15:48:17.063629849Z,220.219418,107040419,69046272,60493824
calibration-20260902-f,F1-r01,2026-09-01T15:48:17.073932843Z,230.522386,107041158,66441216,57888768
calibration-20260902-f,F1-r01,2026-09-01T15:48:17.084126863Z,240.716406,107041300,66441216,57888768
calibration-20260902-f,F1-r01,2026-09-01T15:48:17.094291908Z,250.881451,107041425,66441216,57733120
calibration-20260902-f,F1-r01,2026-09-01T15:48:17.10438918Z,260.978722,107041529,66441216,57733120
calibration-20260902-f,F1-r01,2026-09-01T15:48:17.114510052Z,271.099594,107041692,66441216,57733120
calibration-20260902-f,F1-r01,2026-09-01T15:48:17.123624723Z,280.214266,107041774,66441216,57733120
calibration-20260902-f,F1-r01,2026-09-01T15:48:17.133765898Z,290.355440,107041891,66441216,57733120
calibration-20260902-f,F1-r01,2026-09-01T15:48:17.143879119Z,300.468661,107042001,66441216,57733120
calibration-20260902-f,F1-r01,2026-09-01T15:48:17.15405935Z,310.648892,107042116,66441216,57733120
calibration-20260902-f,F1-r01,2026-09-01T15:48:17.1641916Z,320.781142,107042233,66441216,57733120
calibration-20260902-f,F1-r01,2026-09-01T15:48:17.174414025Z,331.003567,107042414,66441216,57733120
calibration-20260902-f,F1-r01,2026-09-01T15:48:17.183592438Z,340.181980,107042615,66441216,57733120
calibration-20260902-f,F1-r01,2026-09-01T15:48:17.193722786Z,350.312328,107042740,66441216,57733120
calibration-20260902-f,F1-r01,2026-09-01T15:48:17.203820347Z,360.409890,107042849,66441216,57733120
calibration-20260902-f,F1-r01,2026-09-01T15:48:17.213969439Z,370.558981,107042986,66441216,57733120
calibration-20260902-f,F1-r01,2026-09-01T15:48:17.224079366Z,380.668908,107043103,66441216,57733120
calibration-20260902-f,F1-r01,2026-09-01T15:48:17.23423975Z,390.829293,107043227,66441216,57733120
calibration-20260902-f,F1-r01,2026-09-01T15:48:17.244379303Z,400.968845,107043339,66441216,57733120
calibration-20260902-f,F1-r01,2026-09-01T15:48:17.251603109Z,408.192652,107043834,66441216,57995264
